ISO-10303-21;
HEADER;
FILE_DESCRIPTION(('FreeCAD Model'),'2;1');
FILE_NAME('Open CASCADE Shape Model','2026-01-28T14:34:10',(''),(''),
  'Open CASCADE STEP processor 7.8','FreeCAD','Unknown');
FILE_SCHEMA(('AUTOMOTIVE_DESIGN { 1 0 10303 214 1 1 1 1 }'));
ENDSEC;
DATA;
#1 = APPLICATION_PROTOCOL_DEFINITION('international standard',
  'automotive_design',2000,#2);
#2 = APPLICATION_CONTEXT(
  'core data for automotive mechanical design processes');
#3 = SHAPE_DEFINITION_REPRESENTATION(#4,#10);
#4 = PRODUCT_DEFINITION_SHAPE('','',#5);
#5 = PRODUCT_DEFINITION('design','',#6,#9);
#6 = PRODUCT_DEFINITION_FORMATION('','',#7);
#7 = PRODUCT('Body','Body','',(#8));
#8 = PRODUCT_CONTEXT('',#2,'mechanical');
#9 = PRODUCT_DEFINITION_CONTEXT('part definition',#2,'design');
#10 = ADVANCED_BREP_SHAPE_REPRESENTATION('',(#11,#15),#2731);
#11 = AXIS2_PLACEMENT_3D('',#12,#13,#14);
#12 = CARTESIAN_POINT('',(0.,0.,0.));
#13 = DIRECTION('',(0.,0.,1.));
#14 = DIRECTION('',(1.,0.,-0.));
#15 = MANIFOLD_SOLID_BREP('',#16);
#16 = CLOSED_SHELL('',(#17,#633,#717,#867,#933,#1031,#1104,#1228,#1282,
    #1365,#1419,#1473,#1527,#1598,#1651,#1732,#1780,#1813,#1879,#1976,
    #2023,#2055,#2108,#2313,#2361,#2393,#2439,#2485,#2512,#2562,#2612,
    #2662,#2712));
#17 = ADVANCED_FACE('',(#18,#432,#467,#528,#563,#598),#32,.T.);
#18 = FACE_BOUND('',#19,.T.);
#19 = EDGE_LOOP('',(#20,#55,#191,#219,#247,#270,#298));
#20 = ORIENTED_EDGE('',*,*,#21,.F.);
#21 = EDGE_CURVE('',#22,#24,#26,.T.);
#22 = VERTEX_POINT('',#23);
#23 = CARTESIAN_POINT('',(54.,1.000000000001E-02,70.));
#24 = VERTEX_POINT('',#25);
#25 = CARTESIAN_POINT('',(54.,-9.999999999984E-03,70.));
#26 = SURFACE_CURVE('',#27,(#31,#43),.PCURVE_S1.);
#27 = LINE('',#28,#29);
#28 = CARTESIAN_POINT('',(54.,35.,70.));
#29 = VECTOR('',#30,1.);
#30 = DIRECTION('',(0.,-1.,2.2E-16));
#31 = PCURVE('',#32,#37);
#32 = PLANE('',#33);
#33 = AXIS2_PLACEMENT_3D('',#34,#35,#36);
#34 = CARTESIAN_POINT('',(54.,35.,12.));
#35 = DIRECTION('',(-1.,0.,0.));
#36 = DIRECTION('',(0.,2.2E-16,1.));
#37 = DEFINITIONAL_REPRESENTATION('',(#38),#42);
#38 = LINE('',#39,#40);
#39 = CARTESIAN_POINT('',(58.,1.450854715202E-15));
#40 = VECTOR('',#41,1.);
#41 = DIRECTION('',(0.,-1.));
#42 = ( GEOMETRIC_REPRESENTATION_CONTEXT(2) 
PARAMETRIC_REPRESENTATION_CONTEXT() REPRESENTATION_CONTEXT('2D SPACE',''
  ) );
#43 = PCURVE('',#44,#49);
#44 = PLANE('',#45);
#45 = AXIS2_PLACEMENT_3D('',#46,#47,#48);
#46 = CARTESIAN_POINT('',(60.,35.,70.));
#47 = DIRECTION('',(0.,2.2E-16,1.));
#48 = DIRECTION('',(0.,-1.,2.2E-16));
#49 = DEFINITIONAL_REPRESENTATION('',(#50),#54);
#50 = LINE('',#51,#52);
#51 = CARTESIAN_POINT('',(0.,-6.));
#52 = VECTOR('',#53,1.);
#53 = DIRECTION('',(1.,0.));
#54 = ( GEOMETRIC_REPRESENTATION_CONTEXT(2) 
PARAMETRIC_REPRESENTATION_CONTEXT() REPRESENTATION_CONTEXT('2D SPACE',''
  ) );
#55 = ORIENTED_EDGE('',*,*,#56,.T.);
#56 = EDGE_CURVE('',#22,#57,#59,.T.);
#57 = VERTEX_POINT('',#58);
#58 = CARTESIAN_POINT('',(54.,35.,35.01));
#59 = SURFACE_CURVE('',#60,(#83,#109),.PCURVE_S1.);
#60 = B_SPLINE_CURVE_WITH_KNOTS('',6,(#61,#62,#63,#64,#65,#66,#67,#68,
    #69,#70,#71,#72,#73,#74,#75,#76,#77,#78,#79,#80,#81,#82),
  .UNSPECIFIED.,.F.,.F.,(7,5,5,5,7),(0.,0.240099101213,0.5,
    0.759900898787,1.),.UNSPECIFIED.);
#61 = CARTESIAN_POINT('',(54.,1.000000000001E-02,70.));
#62 = CARTESIAN_POINT('',(54.,2.206367437861,70.));
#63 = CARTESIAN_POINT('',(54.,4.4038404831,69.834557289321));
#64 = CARTESIAN_POINT('',(54.,6.586382827301,69.503360698899));
#65 = CARTESIAN_POINT('',(54.,8.738344063361,69.008278097388));
#66 = CARTESIAN_POINT('',(54.,10.844400691488,68.352981825825));
#67 = CARTESIAN_POINT('',(54.,15.103544490338,66.666825635402));
#68 = CARTESIAN_POINT('',(54.,17.246469202886,65.60933642288));
#69 = CARTESIAN_POINT('',(54.,19.299408235589,64.378140789378));
#70 = CARTESIAN_POINT('',(54.,21.244994331299,62.983100786721));
#71 = CARTESIAN_POINT('',(54.,23.067199675696,61.436132871738));
#72 = CARTESIAN_POINT('',(54.,26.436132871738,58.067199675696));
#73 = CARTESIAN_POINT('',(54.,27.98310078672,56.2449943313));
#74 = CARTESIAN_POINT('',(54.,29.378140789378,54.29940823559));
#75 = CARTESIAN_POINT('',(54.,30.60933642288,52.246469202887));
#76 = CARTESIAN_POINT('',(54.,31.666825635402,50.103544490338));
#77 = CARTESIAN_POINT('',(54.,33.352981825825,45.844400691488));
#78 = CARTESIAN_POINT('',(54.,34.008278097388,43.738344063362));
#79 = CARTESIAN_POINT('',(54.,34.503360698899,41.586382827301));
#80 = CARTESIAN_POINT('',(54.,34.83455728932,39.403840483101));
#81 = CARTESIAN_POINT('',(54.,35.,37.206367437862));
#82 = CARTESIAN_POINT('',(54.,35.,35.01));
#83 = PCURVE('',#32,#84);
#84 = DEFINITIONAL_REPRESENTATION('',(#85),#108);
#85 = B_SPLINE_CURVE_WITH_KNOTS('',6,(#86,#87,#88,#89,#90,#91,#92,#93,
    #94,#95,#96,#97,#98,#99,#100,#101,#102,#103,#104,#105,#106,#107),
  .UNSPECIFIED.,.F.,.F.,(7,5,5,5,7),(0.,0.240099101213,0.5,
    0.759900898787,1.),.UNSPECIFIED.);
#86 = CARTESIAN_POINT('',(58.,-34.99));
#87 = CARTESIAN_POINT('',(58.,-32.79363256213));
#88 = CARTESIAN_POINT('',(57.834557289321,-30.5961595169));
#89 = CARTESIAN_POINT('',(57.503360698899,-28.41361717269));
#90 = CARTESIAN_POINT('',(57.008278097388,-26.26165593663));
#91 = CARTESIAN_POINT('',(56.352981825825,-24.15559930851));
#92 = CARTESIAN_POINT('',(54.666825635402,-19.89645550966));
#93 = CARTESIAN_POINT('',(53.60933642288,-17.75353079711));
#94 = CARTESIAN_POINT('',(52.378140789378,-15.70059176441));
#95 = CARTESIAN_POINT('',(50.983100786721,-13.7550056687));
#96 = CARTESIAN_POINT('',(49.436132871738,-11.9328003243));
#97 = CARTESIAN_POINT('',(46.067199675696,-8.563867128262));
#98 = CARTESIAN_POINT('',(44.2449943313,-7.01689921328));
#99 = CARTESIAN_POINT('',(42.29940823559,-5.621859210622));
#100 = CARTESIAN_POINT('',(40.246469202887,-4.39066357712));
#101 = CARTESIAN_POINT('',(38.103544490338,-3.333174364598));
#102 = CARTESIAN_POINT('',(33.844400691488,-1.647018174175));
#103 = CARTESIAN_POINT('',(31.738344063362,-0.991721902612));
#104 = CARTESIAN_POINT('',(29.586382827301,-0.496639301101));
#105 = CARTESIAN_POINT('',(27.403840483101,-0.16544271068));
#106 = CARTESIAN_POINT('',(25.206367437862,0.));
#107 = CARTESIAN_POINT('',(23.01,0.));
#108 = ( GEOMETRIC_REPRESENTATION_CONTEXT(2) 
PARAMETRIC_REPRESENTATION_CONTEXT() REPRESENTATION_CONTEXT('2D SPACE',''
  ) );
#109 = PCURVE('',#110,#126);
#110 = ( BOUNDED_SURFACE() B_SPLINE_SURFACE(2,2,(
    (#111,#112,#113,#114,#115)
    ,(#116,#117,#118,#119,#120)
    ,(#121,#122,#123,#124,#125
)),.UNSPECIFIED.,.F.,.F.,.F.) B_SPLINE_SURFACE_WITH_KNOTS((3,3),(3,1,1,3
    ),(0.,6.),(-0.3672,2.538E-14,6.,6.3672),.UNSPECIFIED.) 
GEOMETRIC_REPRESENTATION_ITEM() RATIONAL_B_SPLINE_SURFACE((
    (1.,1.,1.,1.,1.)
    ,(0.707106781187,0.707106781187,0.707106781187,0.707106781187
      ,0.707106781187)
,(1.,1.,1.,1.,1.))) REPRESENTATION_ITEM('') SURFACE() );
#111 = CARTESIAN_POINT('',(53.6328,1.000000000001E-02,70.));
#112 = CARTESIAN_POINT('',(53.8164,1.000000000001E-02,70.));
#113 = CARTESIAN_POINT('',(57.,1.000000000001E-02,70.));
#114 = CARTESIAN_POINT('',(60.1836,1.000000000001E-02,70.));
#115 = CARTESIAN_POINT('',(60.3672,1.000000000001E-02,70.));
#116 = CARTESIAN_POINT('',(53.6328,35.,70.));
#117 = CARTESIAN_POINT('',(53.8164,35.,70.));
#118 = CARTESIAN_POINT('',(57.,35.,70.));
#119 = CARTESIAN_POINT('',(60.1836,35.,70.));
#120 = CARTESIAN_POINT('',(60.3672,35.,70.));
#121 = CARTESIAN_POINT('',(53.6328,35.,35.01));
#122 = CARTESIAN_POINT('',(53.8164,35.,35.01));
#123 = CARTESIAN_POINT('',(57.,35.,35.01));
#124 = CARTESIAN_POINT('',(60.1836,35.,35.01));
#125 = CARTESIAN_POINT('',(60.3672,35.,35.01));
#126 = DEFINITIONAL_REPRESENTATION('',(#127),#190);
#127 = B_SPLINE_CURVE_WITH_KNOTS('',6,(#128,#129,#130,#131,#132,#133,
    #134,#135,#136,#137,#138,#139,#140,#141,#142,#143,#144,#145,#146,
    #147,#148,#149,#150,#151,#152,#153,#154,#155,#156,#157,#158,#159,
    #160,#161,#162,#163,#164,#165,#166,#167,#168,#169,#170,#171,#172,
    #173,#174,#175,#176,#177,#178,#179,#180,#181,#182,#183,#184,#185,
    #186,#187,#188,#189),.UNSPECIFIED.,.F.,.F.,(7,5,5,5,5,5,5,5,5,5,5,5,
    7),(0.,0.125,0.1875,0.21875,0.234375,0.25,0.5,0.75,0.765625,0.78125,
    0.8125,0.875,1.),.UNSPECIFIED.);
#128 = CARTESIAN_POINT('',(0.,3.046E-14));
#129 = CARTESIAN_POINT('',(0.13864901393,3.292E-14));
#130 = CARTESIAN_POINT('',(0.275082148724,3.633E-14));
#131 = CARTESIAN_POINT('',(0.409491329772,3.964E-14));
#132 = CARTESIAN_POINT('',(0.542055553953,4.213E-14));
#133 = CARTESIAN_POINT('',(0.672941998098,4.365E-14));
#134 = CARTESIAN_POINT('',(0.866989692109,4.558E-14));
#135 = CARTESIAN_POINT('',(0.931291932484,4.614E-14));
#136 = CARTESIAN_POINT('',(0.995233386796,4.672E-14));
#137 = CARTESIAN_POINT('',(1.058832947552,4.738E-14));
#138 = CARTESIAN_POINT('',(1.12210886153,4.816E-14));
#139 = CARTESIAN_POINT('',(1.216563663906,4.955E-14));
#140 = CARTESIAN_POINT('',(1.247972088173,5.004E-14));
#141 = CARTESIAN_POINT('',(1.279306204414,5.056E-14));
#142 = CARTESIAN_POINT('',(1.310568176475,5.11E-14));
#143 = CARTESIAN_POINT('',(1.341760130205,5.165E-14));
#144 = CARTESIAN_POINT('',(1.388446165094,5.243E-14));
#145 = CARTESIAN_POINT('',(1.403991196479,5.269E-14));
#146 = CARTESIAN_POINT('',(1.419519505156,5.294E-14));
#147 = CARTESIAN_POINT('',(1.435031348665,5.317E-14));
#148 = CARTESIAN_POINT('',(1.450526984544,5.338E-14));
#149 = CARTESIAN_POINT('',(1.48148635612,5.377E-14));
#150 = CARTESIAN_POINT('',(1.496950127954,5.393E-14));
#151 = CARTESIAN_POINT('',(1.512397987728,5.408E-14));
#152 = CARTESIAN_POINT('',(1.527830816594,5.415E-14));
#153 = CARTESIAN_POINT('',(1.543248438357,5.422E-14));
#154 = CARTESIAN_POINT('',(1.805096247561,5.501E-14));
#155 = CARTESIAN_POINT('',(2.04774412003,5.173E-14));
#156 = CARTESIAN_POINT('',(2.287613772025,8.113E-14));
#157 = CARTESIAN_POINT('',(2.525673563495,2.437E-14));
#158 = CARTESIAN_POINT('',(2.762844793708,5.867E-14));
#159 = CARTESIAN_POINT('',(3.237155206292,5.683E-14));
#160 = CARTESIAN_POINT('',(3.474326436506,5.744E-14));
#161 = CARTESIAN_POINT('',(3.712386227976,3.477E-14));
#162 = CARTESIAN_POINT('',(3.952255879971,6.696E-14));
#163 = CARTESIAN_POINT('',(4.194903752439,4.467E-14));
#164 = CARTESIAN_POINT('',(4.456751561644,3.655E-14));
#165 = CARTESIAN_POINT('',(4.472169183406,3.614E-14));
#166 = CARTESIAN_POINT('',(4.487602012272,3.577E-14));
#167 = CARTESIAN_POINT('',(4.503049872047,3.554E-14));
#168 = CARTESIAN_POINT('',(4.518513643881,3.541E-14));
#169 = CARTESIAN_POINT('',(4.549473015457,3.529E-14));
#170 = CARTESIAN_POINT('',(4.564968651336,3.53E-14));
#171 = CARTESIAN_POINT('',(4.580480494845,3.536E-14));
#172 = CARTESIAN_POINT('',(4.596008803522,3.545E-14));
#173 = CARTESIAN_POINT('',(4.611553834906,3.557E-14));
#174 = CARTESIAN_POINT('',(4.658239869796,3.591E-14));
#175 = CARTESIAN_POINT('',(4.689431823526,3.615E-14));
#176 = CARTESIAN_POINT('',(4.720693795586,3.633E-14));
#177 = CARTESIAN_POINT('',(4.752027911828,3.639E-14));
#178 = CARTESIAN_POINT('',(4.783436336094,3.631E-14));
#179 = CARTESIAN_POINT('',(4.87789113847,3.569E-14));
#180 = CARTESIAN_POINT('',(4.941167052448,3.469E-14));
#181 = CARTESIAN_POINT('',(5.004766613204,3.33E-14));
#182 = CARTESIAN_POINT('',(5.068708067516,3.169E-14));
#183 = CARTESIAN_POINT('',(5.133010307891,3.006E-14));
#184 = CARTESIAN_POINT('',(5.327058001902,2.579E-14));
#185 = CARTESIAN_POINT('',(5.457944446047,2.333E-14));
#186 = CARTESIAN_POINT('',(5.590508670229,2.354E-14));
#187 = CARTESIAN_POINT('',(5.724917851276,2.243E-14));
#188 = CARTESIAN_POINT('',(5.86135098607,1.728E-14));
#189 = CARTESIAN_POINT('',(6.,1.432E-14));
#190 = ( GEOMETRIC_REPRESENTATION_CONTEXT(2) 
PARAMETRIC_REPRESENTATION_CONTEXT() REPRESENTATION_CONTEXT('2D SPACE',''
  ) );
#191 = ORIENTED_EDGE('',*,*,#192,.F.);
#192 = EDGE_CURVE('',#193,#57,#195,.T.);
#193 = VERTEX_POINT('',#194);
#194 = CARTESIAN_POINT('',(54.,35.,12.));
#195 = SURFACE_CURVE('',#196,(#200,#207),.PCURVE_S1.);
#196 = LINE('',#197,#198);
#197 = CARTESIAN_POINT('',(54.,35.,-8.E-15));
#198 = VECTOR('',#199,1.);
#199 = DIRECTION('',(0.,2.2E-16,1.));
#200 = PCURVE('',#32,#201);
#201 = DEFINITIONAL_REPRESENTATION('',(#202),#206);
#202 = LINE('',#203,#204);
#203 = CARTESIAN_POINT('',(-12.,2.64E-15));
#204 = VECTOR('',#205,1.);
#205 = DIRECTION('',(1.,0.));
#206 = ( GEOMETRIC_REPRESENTATION_CONTEXT(2) 
PARAMETRIC_REPRESENTATION_CONTEXT() REPRESENTATION_CONTEXT('2D SPACE',''
  ) );
#207 = PCURVE('',#208,#213);
#208 = PLANE('',#209);
#209 = AXIS2_PLACEMENT_3D('',#210,#211,#212);
#210 = CARTESIAN_POINT('',(60.,35.,-7.11E-15));
#211 = DIRECTION('',(0.,1.,-2.2E-16));
#212 = DIRECTION('',(0.,2.2E-16,1.));
#213 = DEFINITIONAL_REPRESENTATION('',(#214),#218);
#214 = LINE('',#215,#216);
#215 = CARTESIAN_POINT('',(-8.9E-16,-6.));
#216 = VECTOR('',#217,1.);
#217 = DIRECTION('',(1.,0.));
#218 = ( GEOMETRIC_REPRESENTATION_CONTEXT(2) 
PARAMETRIC_REPRESENTATION_CONTEXT() REPRESENTATION_CONTEXT('2D SPACE',''
  ) );
#219 = ORIENTED_EDGE('',*,*,#220,.T.);
#220 = EDGE_CURVE('',#193,#221,#223,.T.);
#221 = VERTEX_POINT('',#222);
#222 = CARTESIAN_POINT('',(54.,-4.282192E-09,12.));
#223 = SURFACE_CURVE('',#224,(#228,#235),.PCURVE_S1.);
#224 = LINE('',#225,#226);
#225 = CARTESIAN_POINT('',(54.,35.,12.));
#226 = VECTOR('',#227,1.);
#227 = DIRECTION('',(0.,-1.,2.2E-16));
#228 = PCURVE('',#32,#229);
#229 = DEFINITIONAL_REPRESENTATION('',(#230),#234);
#230 = LINE('',#231,#232);
#231 = CARTESIAN_POINT('',(0.,0.));
#232 = VECTOR('',#233,1.);
#233 = DIRECTION('',(0.,-1.));
#234 = ( GEOMETRIC_REPRESENTATION_CONTEXT(2) 
PARAMETRIC_REPRESENTATION_CONTEXT() REPRESENTATION_CONTEXT('2D SPACE',''
  ) );
#235 = PCURVE('',#236,#241);
#236 = CYLINDRICAL_SURFACE('',#237,6.);
#237 = AXIS2_PLACEMENT_3D('',#238,#239,#240);
#238 = CARTESIAN_POINT('',(48.,35.,12.));
#239 = DIRECTION('',(0.,1.,-2.2E-16));
#240 = DIRECTION('',(0.,-2.2E-16,-1.));
#241 = DEFINITIONAL_REPRESENTATION('',(#242),#246);
#242 = LINE('',#243,#244);
#243 = CARTESIAN_POINT('',(-1.570796326795,0.));
#244 = VECTOR('',#245,1.);
#245 = DIRECTION('',(-0.,-1.));
#246 = ( GEOMETRIC_REPRESENTATION_CONTEXT(2) 
PARAMETRIC_REPRESENTATION_CONTEXT() REPRESENTATION_CONTEXT('2D SPACE',''
  ) );
#247 = ORIENTED_EDGE('',*,*,#248,.T.);
#248 = EDGE_CURVE('',#221,#249,#251,.T.);
#249 = VERTEX_POINT('',#250);
#250 = CARTESIAN_POINT('',(54.,-35.,12.));
#251 = SURFACE_CURVE('',#252,(#256,#263),.PCURVE_S1.);
#252 = LINE('',#253,#254);
#253 = CARTESIAN_POINT('',(54.,35.,12.));
#254 = VECTOR('',#255,1.);
#255 = DIRECTION('',(0.,-1.,2.2E-16));
#256 = PCURVE('',#32,#257);
#257 = DEFINITIONAL_REPRESENTATION('',(#258),#262);
#258 = LINE('',#259,#260);
#259 = CARTESIAN_POINT('',(0.,0.));
#260 = VECTOR('',#261,1.);
#261 = DIRECTION('',(0.,-1.));
#262 = ( GEOMETRIC_REPRESENTATION_CONTEXT(2) 
PARAMETRIC_REPRESENTATION_CONTEXT() REPRESENTATION_CONTEXT('2D SPACE',''
  ) );
#263 = PCURVE('',#236,#264);
#264 = DEFINITIONAL_REPRESENTATION('',(#265),#269);
#265 = LINE('',#266,#267);
#266 = CARTESIAN_POINT('',(-1.570796326795,0.));
#267 = VECTOR('',#268,1.);
#268 = DIRECTION('',(-0.,-1.));
#269 = ( GEOMETRIC_REPRESENTATION_CONTEXT(2) 
PARAMETRIC_REPRESENTATION_CONTEXT() REPRESENTATION_CONTEXT('2D SPACE',''
  ) );
#270 = ORIENTED_EDGE('',*,*,#271,.T.);
#271 = EDGE_CURVE('',#249,#272,#274,.T.);
#272 = VERTEX_POINT('',#273);
#273 = CARTESIAN_POINT('',(54.,-35.,35.01));
#274 = SURFACE_CURVE('',#275,(#279,#286),.PCURVE_S1.);
#275 = LINE('',#276,#277);
#276 = CARTESIAN_POINT('',(54.,-35.,8.E-15));
#277 = VECTOR('',#278,1.);
#278 = DIRECTION('',(0.,2.2E-16,1.));
#279 = PCURVE('',#32,#280);
#280 = DEFINITIONAL_REPRESENTATION('',(#281),#285);
#281 = LINE('',#282,#283);
#282 = CARTESIAN_POINT('',(-12.,-70.));
#283 = VECTOR('',#284,1.);
#284 = DIRECTION('',(1.,0.));
#285 = ( GEOMETRIC_REPRESENTATION_CONTEXT(2) 
PARAMETRIC_REPRESENTATION_CONTEXT() REPRESENTATION_CONTEXT('2D SPACE',''
  ) );
#286 = PCURVE('',#287,#292);
#287 = PLANE('',#288);
#288 = AXIS2_PLACEMENT_3D('',#289,#290,#291);
#289 = CARTESIAN_POINT('',(60.,-35.,7.11E-15));
#290 = DIRECTION('',(0.,-1.,2.2E-16));
#291 = DIRECTION('',(0.,-2.2E-16,-1.));
#292 = DEFINITIONAL_REPRESENTATION('',(#293),#297);
#293 = LINE('',#294,#295);
#294 = CARTESIAN_POINT('',(-8.9E-16,-6.));
#295 = VECTOR('',#296,1.);
#296 = DIRECTION('',(-1.,0.));
#297 = ( GEOMETRIC_REPRESENTATION_CONTEXT(2) 
PARAMETRIC_REPRESENTATION_CONTEXT() REPRESENTATION_CONTEXT('2D SPACE',''
  ) );
#298 = ORIENTED_EDGE('',*,*,#299,.F.);
#299 = EDGE_CURVE('',#24,#272,#300,.T.);
#300 = SURFACE_CURVE('',#301,(#324,#350),.PCURVE_S1.);
#301 = B_SPLINE_CURVE_WITH_KNOTS('',6,(#302,#303,#304,#305,#306,#307,
    #308,#309,#310,#311,#312,#313,#314,#315,#316,#317,#318,#319,#320,
    #321,#322,#323),.UNSPECIFIED.,.F.,.F.,(7,5,5,5,7),(0.,0.240099101213
    ,0.5,0.759900898787,1.),.UNSPECIFIED.);
#302 = CARTESIAN_POINT('',(54.,-9.999999999984E-03,70.));
#303 = CARTESIAN_POINT('',(54.,-2.206367437861,70.));
#304 = CARTESIAN_POINT('',(54.,-4.403840483103,69.834557289321));
#305 = CARTESIAN_POINT('',(54.,-6.586382827295,69.503360698899));
#306 = CARTESIAN_POINT('',(54.,-8.738344063365,69.008278097387));
#307 = CARTESIAN_POINT('',(54.,-10.84440069148,68.352981825826));
#308 = CARTESIAN_POINT('',(54.,-15.10354449034,66.6668256354));
#309 = CARTESIAN_POINT('',(54.,-17.24646920287,65.609336422888));
#310 = CARTESIAN_POINT('',(54.,-19.2994082356,64.378140789366));
#311 = CARTESIAN_POINT('',(54.,-21.24499433128,62.98310078673));
#312 = CARTESIAN_POINT('',(54.,-23.06719967569,61.436132871736));
#313 = CARTESIAN_POINT('',(54.,-26.43613287173,58.067199675698));
#314 = CARTESIAN_POINT('',(54.,-27.98310078672,56.244994331297));
#315 = CARTESIAN_POINT('',(54.,-29.37814078937,54.299408235595));
#316 = CARTESIAN_POINT('',(54.,-30.60933642288,52.246469202883));
#317 = CARTESIAN_POINT('',(54.,-31.6668256354,50.10354449034));
#318 = CARTESIAN_POINT('',(54.,-33.35298182582,45.844400691488));
#319 = CARTESIAN_POINT('',(54.,-34.00827809738,43.738344063362));
#320 = CARTESIAN_POINT('',(54.,-34.50336069889,41.5863828273));
#321 = CARTESIAN_POINT('',(54.,-34.83455728932,39.403840483101));
#322 = CARTESIAN_POINT('',(54.,-35.,37.206367437861));
#323 = CARTESIAN_POINT('',(54.,-35.,35.01));
#324 = PCURVE('',#32,#325);
#325 = DEFINITIONAL_REPRESENTATION('',(#326),#349);
#326 = B_SPLINE_CURVE_WITH_KNOTS('',6,(#327,#328,#329,#330,#331,#332,
    #333,#334,#335,#336,#337,#338,#339,#340,#341,#342,#343,#344,#345,
    #346,#347,#348),.UNSPECIFIED.,.F.,.F.,(7,5,5,5,7),(0.,0.240099101213
    ,0.5,0.759900898787,1.),.UNSPECIFIED.);
#327 = CARTESIAN_POINT('',(58.,-35.01));
#328 = CARTESIAN_POINT('',(58.,-37.20636743786));
#329 = CARTESIAN_POINT('',(57.834557289321,-39.4038404831));
#330 = CARTESIAN_POINT('',(57.503360698899,-41.58638282729));
#331 = CARTESIAN_POINT('',(57.008278097387,-43.73834406336));
#332 = CARTESIAN_POINT('',(56.352981825826,-45.84440069148));
#333 = CARTESIAN_POINT('',(54.6668256354,-50.10354449034));
#334 = CARTESIAN_POINT('',(53.609336422888,-52.24646920287));
#335 = CARTESIAN_POINT('',(52.378140789366,-54.2994082356));
#336 = CARTESIAN_POINT('',(50.98310078673,-56.24499433128));
#337 = CARTESIAN_POINT('',(49.436132871736,-58.06719967569));
#338 = CARTESIAN_POINT('',(46.067199675698,-61.43613287173));
#339 = CARTESIAN_POINT('',(44.244994331297,-62.98310078672));
#340 = CARTESIAN_POINT('',(42.299408235595,-64.37814078937));
#341 = CARTESIAN_POINT('',(40.246469202883,-65.60933642288));
#342 = CARTESIAN_POINT('',(38.10354449034,-66.6668256354));
#343 = CARTESIAN_POINT('',(33.844400691488,-68.35298182582));
#344 = CARTESIAN_POINT('',(31.738344063362,-69.00827809738));
#345 = CARTESIAN_POINT('',(29.5863828273,-69.50336069889));
#346 = CARTESIAN_POINT('',(27.403840483101,-69.83455728932));
#347 = CARTESIAN_POINT('',(25.206367437861,-70.));
#348 = CARTESIAN_POINT('',(23.01,-70.));
#349 = ( GEOMETRIC_REPRESENTATION_CONTEXT(2) 
PARAMETRIC_REPRESENTATION_CONTEXT() REPRESENTATION_CONTEXT('2D SPACE',''
  ) );
#350 = PCURVE('',#351,#367);
#351 = ( BOUNDED_SURFACE() B_SPLINE_SURFACE(2,2,(
    (#352,#353,#354,#355,#356)
    ,(#357,#358,#359,#360,#361)
    ,(#362,#363,#364,#365,#366
)),.UNSPECIFIED.,.F.,.F.,.F.) B_SPLINE_SURFACE_WITH_KNOTS((3,3),(3,1,1,3
    ),(0.,6.),(-0.3672,8.344E-14,6.,6.3672),.UNSPECIFIED.) 
GEOMETRIC_REPRESENTATION_ITEM() RATIONAL_B_SPLINE_SURFACE((
    (1.,1.,1.,1.,1.)
    ,(0.707106781187,0.707106781187,0.707106781187,0.707106781187
      ,0.707106781187)
,(1.,1.,1.,1.,1.))) REPRESENTATION_ITEM('') SURFACE() );
#352 = CARTESIAN_POINT('',(53.6328,-9.999999999984E-03,70.));
#353 = CARTESIAN_POINT('',(53.8164,-9.999999999984E-03,70.));
#354 = CARTESIAN_POINT('',(57.,-9.999999999984E-03,70.));
#355 = CARTESIAN_POINT('',(60.1836,-9.999999999984E-03,70.));
#356 = CARTESIAN_POINT('',(60.3672,-9.999999999984E-03,70.));
#357 = CARTESIAN_POINT('',(53.6328,-35.,70.));
#358 = CARTESIAN_POINT('',(53.8164,-35.,70.));
#359 = CARTESIAN_POINT('',(57.,-35.,70.));
#360 = CARTESIAN_POINT('',(60.1836,-35.,70.));
#361 = CARTESIAN_POINT('',(60.3672,-35.,70.));
#362 = CARTESIAN_POINT('',(53.6328,-35.,35.01));
#363 = CARTESIAN_POINT('',(53.8164,-35.,35.01));
#364 = CARTESIAN_POINT('',(57.,-35.,35.01));
#365 = CARTESIAN_POINT('',(60.1836,-35.,35.01));
#366 = CARTESIAN_POINT('',(60.3672,-35.,35.01));
#367 = DEFINITIONAL_REPRESENTATION('',(#368),#431);
#368 = B_SPLINE_CURVE_WITH_KNOTS('',6,(#369,#370,#371,#372,#373,#374,
    #375,#376,#377,#378,#379,#380,#381,#382,#383,#384,#385,#386,#387,
    #388,#389,#390,#391,#392,#393,#394,#395,#396,#397,#398,#399,#400,
    #401,#402,#403,#404,#405,#406,#407,#408,#409,#410,#411,#412,#413,
    #414,#415,#416,#417,#418,#419,#420,#421,#422,#423,#424,#425,#426,
    #427,#428,#429,#430),.UNSPECIFIED.,.F.,.F.,(7,5,5,5,5,5,5,5,5,5,5,5,
    7),(0.,0.125,0.1875,0.21875,0.234375,0.25,0.5,0.75,0.765625,0.78125,
    0.8125,0.875,1.),.UNSPECIFIED.);
#369 = CARTESIAN_POINT('',(-6.E-17,1.0193E-13));
#370 = CARTESIAN_POINT('',(0.13864901393,1.0181E-13));
#371 = CARTESIAN_POINT('',(0.275082148725,9.601E-14));
#372 = CARTESIAN_POINT('',(0.409491329772,9.595E-14));
#373 = CARTESIAN_POINT('',(0.542055553954,9.917E-14));
#374 = CARTESIAN_POINT('',(0.672941998099,9.988E-14));
#375 = CARTESIAN_POINT('',(0.86698969211,9.929E-14));
#376 = CARTESIAN_POINT('',(0.931291932485,9.871E-14));
#377 = CARTESIAN_POINT('',(0.995233386798,9.781E-14));
#378 = CARTESIAN_POINT('',(1.058832947554,9.673E-14));
#379 = CARTESIAN_POINT('',(1.122108861532,9.566E-14));
#380 = CARTESIAN_POINT('',(1.216563663908,9.453E-14));
#381 = CARTESIAN_POINT('',(1.247972088174,9.421E-14));
#382 = CARTESIAN_POINT('',(1.279306204416,9.399E-14));
#383 = CARTESIAN_POINT('',(1.310568176476,9.386E-14));
#384 = CARTESIAN_POINT('',(1.341760130207,9.382E-14));
#385 = CARTESIAN_POINT('',(1.388446165096,9.382E-14));
#386 = CARTESIAN_POINT('',(1.403991196481,9.383E-14));
#387 = CARTESIAN_POINT('',(1.419519505158,9.384E-14));
#388 = CARTESIAN_POINT('',(1.435031348667,9.385E-14));
#389 = CARTESIAN_POINT('',(1.450526984546,9.384E-14));
#390 = CARTESIAN_POINT('',(1.481486356122,9.377E-14));
#391 = CARTESIAN_POINT('',(1.496950127956,9.376E-14));
#392 = CARTESIAN_POINT('',(1.51239798773,9.343E-14));
#393 = CARTESIAN_POINT('',(1.527830816596,9.357E-14));
#394 = CARTESIAN_POINT('',(1.543248438359,9.361E-14));
#395 = CARTESIAN_POINT('',(1.805096247564,9.549E-14));
#396 = CARTESIAN_POINT('',(2.047744120031,1.081E-13));
#397 = CARTESIAN_POINT('',(2.287613772028,5.509E-14));
#398 = CARTESIAN_POINT('',(2.525673563495,1.015E-13));
#399 = CARTESIAN_POINT('',(2.762844793711,8.244E-14));
#400 = CARTESIAN_POINT('',(3.237155206294,7.686E-14));
#401 = CARTESIAN_POINT('',(3.474326436508,9.1E-14));
#402 = CARTESIAN_POINT('',(3.712386227977,5.05E-14));
#403 = CARTESIAN_POINT('',(3.952255879972,9.224E-14));
#404 = CARTESIAN_POINT('',(4.19490375244,6.307E-14));
#405 = CARTESIAN_POINT('',(4.456751561644,5.355E-14));
#406 = CARTESIAN_POINT('',(4.472169183407,5.308E-14));
#407 = CARTESIAN_POINT('',(4.487602012273,5.268E-14));
#408 = CARTESIAN_POINT('',(4.503049872047,5.245E-14));
#409 = CARTESIAN_POINT('',(4.518513643881,5.236E-14));
#410 = CARTESIAN_POINT('',(4.549473015457,5.24E-14));
#411 = CARTESIAN_POINT('',(4.564968651336,5.252E-14));
#412 = CARTESIAN_POINT('',(4.580480494845,5.272E-14));
#413 = CARTESIAN_POINT('',(4.596008803522,5.298E-14));
#414 = CARTESIAN_POINT('',(4.611553834906,5.328E-14));
#415 = CARTESIAN_POINT('',(4.658239869796,5.426E-14));
#416 = CARTESIAN_POINT('',(4.689431823526,5.502E-14));
#417 = CARTESIAN_POINT('',(4.720693795587,5.576E-14));
#418 = CARTESIAN_POINT('',(4.752027911828,5.641E-14));
#419 = CARTESIAN_POINT('',(4.783436336094,5.692E-14));
#420 = CARTESIAN_POINT('',(4.87789113847,5.8E-14));
#421 = CARTESIAN_POINT('',(4.941167052448,5.806E-14));
#422 = CARTESIAN_POINT('',(5.004766613204,5.746E-14));
#423 = CARTESIAN_POINT('',(5.068708067517,5.631E-14));
#424 = CARTESIAN_POINT('',(5.133010307891,5.485E-14));
#425 = CARTESIAN_POINT('',(5.327058001902,5.054E-14));
#426 = CARTESIAN_POINT('',(5.457944446047,4.741E-14));
#427 = CARTESIAN_POINT('',(5.590508670229,4.675E-14));
#428 = CARTESIAN_POINT('',(5.724917851276,4.761E-14));
#429 = CARTESIAN_POINT('',(5.86135098607,4.773E-14));
#430 = CARTESIAN_POINT('',(6.,4.576E-14));
#431 = ( GEOMETRIC_REPRESENTATION_CONTEXT(2) 
PARAMETRIC_REPRESENTATION_CONTEXT() REPRESENTATION_CONTEXT('2D SPACE',''
  ) );
#432 = FACE_BOUND('',#433,.T.);
#433 = EDGE_LOOP('',(#434));
#434 = ORIENTED_EDGE('',*,*,#435,.T.);
#435 = EDGE_CURVE('',#436,#436,#438,.T.);
#436 = VERTEX_POINT('',#437);
#437 = CARTESIAN_POINT('',(54.,-20.,38.));
#438 = SURFACE_CURVE('',#439,(#444,#455),.PCURVE_S1.);
#439 = CIRCLE('',#440,3.);
#440 = AXIS2_PLACEMENT_3D('',#441,#442,#443);
#441 = CARTESIAN_POINT('',(54.,-20.,35.));
#442 = DIRECTION('',(1.,0.,-0.));
#443 = DIRECTION('',(0.,0.,1.));
#444 = PCURVE('',#32,#445);
#445 = DEFINITIONAL_REPRESENTATION('',(#446),#454);
#446 = ( BOUNDED_CURVE() B_SPLINE_CURVE(2,(#447,#448,#449,#450,#451,#452
,#453),.UNSPECIFIED.,.T.,.F.) B_SPLINE_CURVE_WITH_KNOTS((1,2,2,2,2,1),(
    -2.094395102393,0.,2.094395102393,4.188790204786,6.28318530718,
8.377580409573),.UNSPECIFIED.) CURVE() GEOMETRIC_REPRESENTATION_ITEM() 
RATIONAL_B_SPLINE_CURVE((1.,0.5,1.,0.5,1.,0.5,1.)) REPRESENTATION_ITEM(
  '') );
#447 = CARTESIAN_POINT('',(26.,-55.));
#448 = CARTESIAN_POINT('',(26.,-60.1961524227));
#449 = CARTESIAN_POINT('',(21.5,-57.59807621135));
#450 = CARTESIAN_POINT('',(17.,-55.));
#451 = CARTESIAN_POINT('',(21.5,-52.40192378864));
#452 = CARTESIAN_POINT('',(26.,-49.80384757729));
#453 = CARTESIAN_POINT('',(26.,-55.));
#454 = ( GEOMETRIC_REPRESENTATION_CONTEXT(2) 
PARAMETRIC_REPRESENTATION_CONTEXT() REPRESENTATION_CONTEXT('2D SPACE',''
  ) );
#455 = PCURVE('',#456,#461);
#456 = CYLINDRICAL_SURFACE('',#457,3.);
#457 = AXIS2_PLACEMENT_3D('',#458,#459,#460);
#458 = CARTESIAN_POINT('',(60.,-20.,35.));
#459 = DIRECTION('',(1.,0.,0.));
#460 = DIRECTION('',(0.,0.,1.));
#461 = DEFINITIONAL_REPRESENTATION('',(#462),#466);
#462 = LINE('',#463,#464);
#463 = CARTESIAN_POINT('',(0.,-6.));
#464 = VECTOR('',#465,1.);
#465 = DIRECTION('',(1.,0.));
#466 = ( GEOMETRIC_REPRESENTATION_CONTEXT(2) 
PARAMETRIC_REPRESENTATION_CONTEXT() REPRESENTATION_CONTEXT('2D SPACE',''
  ) );
#467 = FACE_BOUND('',#468,.T.);
#468 = EDGE_LOOP('',(#469,#502));
#469 = ORIENTED_EDGE('',*,*,#470,.T.);
#470 = EDGE_CURVE('',#471,#221,#473,.T.);
#471 = VERTEX_POINT('',#472);
#472 = CARTESIAN_POINT('',(54.,-3.,15.));
#473 = SURFACE_CURVE('',#474,(#479,#490),.PCURVE_S1.);
#474 = CIRCLE('',#475,3.);
#475 = AXIS2_PLACEMENT_3D('',#476,#477,#478);
#476 = CARTESIAN_POINT('',(54.,4.E-15,15.));
#477 = DIRECTION('',(1.,0.,0.));
#478 = DIRECTION('',(0.,-1.,0.));
#479 = PCURVE('',#32,#480);
#480 = DEFINITIONAL_REPRESENTATION('',(#481),#489);
#481 = ( BOUNDED_CURVE() B_SPLINE_CURVE(2,(#482,#483,#484,#485,#486,#487
,#488),.UNSPECIFIED.,.T.,.F.) B_SPLINE_CURVE_WITH_KNOTS((1,2,2,2,2,1),(
    -2.094395102393,0.,2.094395102393,4.188790204786,6.28318530718,
8.377580409573),.UNSPECIFIED.) CURVE() GEOMETRIC_REPRESENTATION_ITEM() 
RATIONAL_B_SPLINE_CURVE((1.,0.5,1.,0.5,1.,0.5,1.)) REPRESENTATION_ITEM(
  '') );
#482 = CARTESIAN_POINT('',(3.,-38.));
#483 = CARTESIAN_POINT('',(-2.196152422707,-38.));
#484 = CARTESIAN_POINT('',(0.401923788647,-33.5));
#485 = CARTESIAN_POINT('',(3.,-29.));
#486 = CARTESIAN_POINT('',(5.598076211353,-33.5));
#487 = CARTESIAN_POINT('',(8.196152422707,-38.));
#488 = CARTESIAN_POINT('',(3.,-38.));
#489 = ( GEOMETRIC_REPRESENTATION_CONTEXT(2) 
PARAMETRIC_REPRESENTATION_CONTEXT() REPRESENTATION_CONTEXT('2D SPACE',''
  ) );
#490 = PCURVE('',#491,#496);
#491 = CYLINDRICAL_SURFACE('',#492,3.);
#492 = AXIS2_PLACEMENT_3D('',#493,#494,#495);
#493 = CARTESIAN_POINT('',(60.,4.E-15,15.));
#494 = DIRECTION('',(1.,0.,0.));
#495 = DIRECTION('',(0.,-1.,0.));
#496 = DEFINITIONAL_REPRESENTATION('',(#497),#501);
#497 = LINE('',#498,#499);
#498 = CARTESIAN_POINT('',(0.,-6.));
#499 = VECTOR('',#500,1.);
#500 = DIRECTION('',(1.,0.));
#501 = ( GEOMETRIC_REPRESENTATION_CONTEXT(2) 
PARAMETRIC_REPRESENTATION_CONTEXT() REPRESENTATION_CONTEXT('2D SPACE',''
  ) );
#502 = ORIENTED_EDGE('',*,*,#503,.T.);
#503 = EDGE_CURVE('',#221,#471,#504,.T.);
#504 = SURFACE_CURVE('',#505,(#510,#521),.PCURVE_S1.);
#505 = CIRCLE('',#506,3.);
#506 = AXIS2_PLACEMENT_3D('',#507,#508,#509);
#507 = CARTESIAN_POINT('',(54.,4.E-15,15.));
#508 = DIRECTION('',(1.,0.,0.));
#509 = DIRECTION('',(0.,-1.,0.));
#510 = PCURVE('',#32,#511);
#511 = DEFINITIONAL_REPRESENTATION('',(#512),#520);
#512 = ( BOUNDED_CURVE() B_SPLINE_CURVE(2,(#513,#514,#515,#516,#517,#518
,#519),.UNSPECIFIED.,.T.,.F.) B_SPLINE_CURVE_WITH_KNOTS((1,2,2,2,2,1),(
    -2.094395102393,0.,2.094395102393,4.188790204786,6.28318530718,
8.377580409573),.UNSPECIFIED.) CURVE() GEOMETRIC_REPRESENTATION_ITEM() 
RATIONAL_B_SPLINE_CURVE((1.,0.5,1.,0.5,1.,0.5,1.)) REPRESENTATION_ITEM(
  '') );
#513 = CARTESIAN_POINT('',(3.,-38.));
#514 = CARTESIAN_POINT('',(-2.196152422707,-38.));
#515 = CARTESIAN_POINT('',(0.401923788647,-33.5));
#516 = CARTESIAN_POINT('',(3.,-29.));
#517 = CARTESIAN_POINT('',(5.598076211353,-33.5));
#518 = CARTESIAN_POINT('',(8.196152422707,-38.));
#519 = CARTESIAN_POINT('',(3.,-38.));
#520 = ( GEOMETRIC_REPRESENTATION_CONTEXT(2) 
PARAMETRIC_REPRESENTATION_CONTEXT() REPRESENTATION_CONTEXT('2D SPACE',''
  ) );
#521 = PCURVE('',#491,#522);
#522 = DEFINITIONAL_REPRESENTATION('',(#523),#527);
#523 = LINE('',#524,#525);
#524 = CARTESIAN_POINT('',(0.,-6.));
#525 = VECTOR('',#526,1.);
#526 = DIRECTION('',(1.,0.));
#527 = ( GEOMETRIC_REPRESENTATION_CONTEXT(2) 
PARAMETRIC_REPRESENTATION_CONTEXT() REPRESENTATION_CONTEXT('2D SPACE',''
  ) );
#528 = FACE_BOUND('',#529,.T.);
#529 = EDGE_LOOP('',(#530));
#530 = ORIENTED_EDGE('',*,*,#531,.T.);
#531 = EDGE_CURVE('',#532,#532,#534,.T.);
#532 = VERTEX_POINT('',#533);
#533 = CARTESIAN_POINT('',(54.,20.,32.));
#534 = SURFACE_CURVE('',#535,(#540,#551),.PCURVE_S1.);
#535 = CIRCLE('',#536,3.);
#536 = AXIS2_PLACEMENT_3D('',#537,#538,#539);
#537 = CARTESIAN_POINT('',(54.,20.,35.));
#538 = DIRECTION('',(1.,-0.,0.));
#539 = DIRECTION('',(0.,0.,-1.));
#540 = PCURVE('',#32,#541);
#541 = DEFINITIONAL_REPRESENTATION('',(#542),#550);
#542 = ( BOUNDED_CURVE() B_SPLINE_CURVE(2,(#543,#544,#545,#546,#547,#548
,#549),.UNSPECIFIED.,.T.,.F.) B_SPLINE_CURVE_WITH_KNOTS((1,2,2,2,2,1),(
    -2.094395102393,0.,2.094395102393,4.188790204786,6.28318530718,
8.377580409573),.UNSPECIFIED.) CURVE() GEOMETRIC_REPRESENTATION_ITEM() 
RATIONAL_B_SPLINE_CURVE((1.,0.5,1.,0.5,1.,0.5,1.)) REPRESENTATION_ITEM(
  '') );
#543 = CARTESIAN_POINT('',(20.,-15.));
#544 = CARTESIAN_POINT('',(20.,-9.803847577293));
#545 = CARTESIAN_POINT('',(24.5,-12.40192378864));
#546 = CARTESIAN_POINT('',(29.,-15.));
#547 = CARTESIAN_POINT('',(24.5,-17.59807621135));
#548 = CARTESIAN_POINT('',(20.,-20.1961524227));
#549 = CARTESIAN_POINT('',(20.,-15.));
#550 = ( GEOMETRIC_REPRESENTATION_CONTEXT(2) 
PARAMETRIC_REPRESENTATION_CONTEXT() REPRESENTATION_CONTEXT('2D SPACE',''
  ) );
#551 = PCURVE('',#552,#557);
#552 = CYLINDRICAL_SURFACE('',#553,3.);
#553 = AXIS2_PLACEMENT_3D('',#554,#555,#556);
#554 = CARTESIAN_POINT('',(60.,20.,35.));
#555 = DIRECTION('',(1.,0.,0.));
#556 = DIRECTION('',(0.,0.,-1.));
#557 = DEFINITIONAL_REPRESENTATION('',(#558),#562);
#558 = LINE('',#559,#560);
#559 = CARTESIAN_POINT('',(0.,-6.));
#560 = VECTOR('',#561,1.);
#561 = DIRECTION('',(1.,0.));
#562 = ( GEOMETRIC_REPRESENTATION_CONTEXT(2) 
PARAMETRIC_REPRESENTATION_CONTEXT() REPRESENTATION_CONTEXT('2D SPACE',''
  ) );
#563 = FACE_BOUND('',#564,.T.);
#564 = EDGE_LOOP('',(#565));
#565 = ORIENTED_EDGE('',*,*,#566,.T.);
#566 = EDGE_CURVE('',#567,#567,#569,.T.);
#567 = VERTEX_POINT('',#568);
#568 = CARTESIAN_POINT('',(54.,12.5,35.));
#569 = SURFACE_CURVE('',#570,(#575,#586),.PCURVE_S1.);
#570 = CIRCLE('',#571,12.5);
#571 = AXIS2_PLACEMENT_3D('',#572,#573,#574);
#572 = CARTESIAN_POINT('',(54.,0.,35.));
#573 = DIRECTION('',(1.,0.,0.));
#574 = DIRECTION('',(0.,1.,0.));
#575 = PCURVE('',#32,#576);
#576 = DEFINITIONAL_REPRESENTATION('',(#577),#585);
#577 = ( BOUNDED_CURVE() B_SPLINE_CURVE(2,(#578,#579,#580,#581,#582,#583
,#584),.UNSPECIFIED.,.T.,.F.) B_SPLINE_CURVE_WITH_KNOTS((1,2,2,2,2,1),(
    -2.094395102393,0.,2.094395102393,4.188790204786,6.28318530718,
8.377580409573),.UNSPECIFIED.) CURVE() GEOMETRIC_REPRESENTATION_ITEM() 
RATIONAL_B_SPLINE_CURVE((1.,0.5,1.,0.5,1.,0.5,1.)) REPRESENTATION_ITEM(
  '') );
#578 = CARTESIAN_POINT('',(23.,-22.5));
#579 = CARTESIAN_POINT('',(44.650635094611,-22.5));
#580 = CARTESIAN_POINT('',(33.825317547305,-41.25));
#581 = CARTESIAN_POINT('',(23.,-60.));
#582 = CARTESIAN_POINT('',(12.174682452695,-41.25));
#583 = CARTESIAN_POINT('',(1.349364905389,-22.5));
#584 = CARTESIAN_POINT('',(23.,-22.5));
#585 = ( GEOMETRIC_REPRESENTATION_CONTEXT(2) 
PARAMETRIC_REPRESENTATION_CONTEXT() REPRESENTATION_CONTEXT('2D SPACE',''
  ) );
#586 = PCURVE('',#587,#592);
#587 = CYLINDRICAL_SURFACE('',#588,12.5);
#588 = AXIS2_PLACEMENT_3D('',#589,#590,#591);
#589 = CARTESIAN_POINT('',(60.,0.,35.));
#590 = DIRECTION('',(1.,0.,0.));
#591 = DIRECTION('',(0.,1.,0.));
#592 = DEFINITIONAL_REPRESENTATION('',(#593),#597);
#593 = LINE('',#594,#595);
#594 = CARTESIAN_POINT('',(0.,-6.));
#595 = VECTOR('',#596,1.);
#596 = DIRECTION('',(1.,0.));
#597 = ( GEOMETRIC_REPRESENTATION_CONTEXT(2) 
PARAMETRIC_REPRESENTATION_CONTEXT() REPRESENTATION_CONTEXT('2D SPACE',''
  ) );
#598 = FACE_BOUND('',#599,.T.);
#599 = EDGE_LOOP('',(#600));
#600 = ORIENTED_EDGE('',*,*,#601,.T.);
#601 = EDGE_CURVE('',#602,#602,#604,.T.);
#602 = VERTEX_POINT('',#603);
#603 = CARTESIAN_POINT('',(54.,3.,55.));
#604 = SURFACE_CURVE('',#605,(#610,#621),.PCURVE_S1.);
#605 = CIRCLE('',#606,3.);
#606 = AXIS2_PLACEMENT_3D('',#607,#608,#609);
#607 = CARTESIAN_POINT('',(54.,0.,55.));
#608 = DIRECTION('',(1.,0.,0.));
#609 = DIRECTION('',(0.,1.,0.));
#610 = PCURVE('',#32,#611);
#611 = DEFINITIONAL_REPRESENTATION('',(#612),#620);
#612 = ( BOUNDED_CURVE() B_SPLINE_CURVE(2,(#613,#614,#615,#616,#617,#618
,#619),.UNSPECIFIED.,.T.,.F.) B_SPLINE_CURVE_WITH_KNOTS((1,2,2,2,2,1),(
    -2.094395102393,0.,2.094395102393,4.188790204786,6.28318530718,
8.377580409573),.UNSPECIFIED.) CURVE() GEOMETRIC_REPRESENTATION_ITEM() 
RATIONAL_B_SPLINE_CURVE((1.,0.5,1.,0.5,1.,0.5,1.)) REPRESENTATION_ITEM(
  '') );
#613 = CARTESIAN_POINT('',(43.,-32.));
#614 = CARTESIAN_POINT('',(48.196152422707,-32.));
#615 = CARTESIAN_POINT('',(45.598076211353,-36.5));
#616 = CARTESIAN_POINT('',(43.,-41.));
#617 = CARTESIAN_POINT('',(40.401923788647,-36.5));
#618 = CARTESIAN_POINT('',(37.803847577293,-32.));
#619 = CARTESIAN_POINT('',(43.,-32.));
#620 = ( GEOMETRIC_REPRESENTATION_CONTEXT(2) 
PARAMETRIC_REPRESENTATION_CONTEXT() REPRESENTATION_CONTEXT('2D SPACE',''
  ) );
#621 = PCURVE('',#622,#627);
#622 = CYLINDRICAL_SURFACE('',#623,3.);
#623 = AXIS2_PLACEMENT_3D('',#624,#625,#626);
#624 = CARTESIAN_POINT('',(60.,0.,55.));
#625 = DIRECTION('',(1.,0.,0.));
#626 = DIRECTION('',(0.,1.,0.));
#627 = DEFINITIONAL_REPRESENTATION('',(#628),#632);
#628 = LINE('',#629,#630);
#629 = CARTESIAN_POINT('',(0.,-6.));
#630 = VECTOR('',#631,1.);
#631 = DIRECTION('',(1.,0.));
#632 = ( GEOMETRIC_REPRESENTATION_CONTEXT(2) 
PARAMETRIC_REPRESENTATION_CONTEXT() REPRESENTATION_CONTEXT('2D SPACE',''
  ) );
#633 = ADVANCED_FACE('',(#634),#44,.T.);
#634 = FACE_BOUND('',#635,.T.);
#635 = EDGE_LOOP('',(#636,#637,#664,#692));
#636 = ORIENTED_EDGE('',*,*,#21,.T.);
#637 = ORIENTED_EDGE('',*,*,#638,.T.);
#638 = EDGE_CURVE('',#24,#639,#641,.T.);
#639 = VERTEX_POINT('',#640);
#640 = CARTESIAN_POINT('',(60.,-9.999999999984E-03,70.));
#641 = SURFACE_CURVE('',#642,(#648,#657),.PCURVE_S1.);
#642 = B_SPLINE_CURVE_WITH_KNOTS('',2,(#643,#644,#645,#646,#647),
  .UNSPECIFIED.,.F.,.F.,(3,1,1,3),(-0.3672,8.344E-14,6.,6.3672),
  .UNSPECIFIED.);
#643 = CARTESIAN_POINT('',(53.6328,-9.999999999984E-03,70.));
#644 = CARTESIAN_POINT('',(53.8164,-9.999999999984E-03,70.));
#645 = CARTESIAN_POINT('',(57.,-9.999999999984E-03,70.));
#646 = CARTESIAN_POINT('',(60.1836,-9.999999999984E-03,70.));
#647 = CARTESIAN_POINT('',(60.3672,-9.999999999984E-03,70.));
#648 = PCURVE('',#44,#649);
#649 = DEFINITIONAL_REPRESENTATION('',(#650),#656);
#650 = B_SPLINE_CURVE_WITH_KNOTS('',2,(#651,#652,#653,#654,#655),
  .UNSPECIFIED.,.F.,.F.,(3,1,1,3),(-0.3672,8.344E-14,6.,6.3672),
  .UNSPECIFIED.);
#651 = CARTESIAN_POINT('',(35.01,-6.3672));
#652 = CARTESIAN_POINT('',(35.01,-6.1836));
#653 = CARTESIAN_POINT('',(35.01,-3.));
#654 = CARTESIAN_POINT('',(35.01,0.1836));
#655 = CARTESIAN_POINT('',(35.01,0.3672));
#656 = ( GEOMETRIC_REPRESENTATION_CONTEXT(2) 
PARAMETRIC_REPRESENTATION_CONTEXT() REPRESENTATION_CONTEXT('2D SPACE',''
  ) );
#657 = PCURVE('',#351,#658);
#658 = DEFINITIONAL_REPRESENTATION('',(#659),#663);
#659 = LINE('',#660,#661);
#660 = CARTESIAN_POINT('',(0.,0.));
#661 = VECTOR('',#662,1.);
#662 = DIRECTION('',(0.,1.));
#663 = ( GEOMETRIC_REPRESENTATION_CONTEXT(2) 
PARAMETRIC_REPRESENTATION_CONTEXT() REPRESENTATION_CONTEXT('2D SPACE',''
  ) );
#664 = ORIENTED_EDGE('',*,*,#665,.F.);
#665 = EDGE_CURVE('',#666,#639,#668,.T.);
#666 = VERTEX_POINT('',#667);
#667 = CARTESIAN_POINT('',(60.,1.000000000001E-02,70.));
#668 = SURFACE_CURVE('',#669,(#673,#680),.PCURVE_S1.);
#669 = LINE('',#670,#671);
#670 = CARTESIAN_POINT('',(60.,35.,70.));
#671 = VECTOR('',#672,1.);
#672 = DIRECTION('',(0.,-1.,2.2E-16));
#673 = PCURVE('',#44,#674);
#674 = DEFINITIONAL_REPRESENTATION('',(#675),#679);
#675 = LINE('',#676,#677);
#676 = CARTESIAN_POINT('',(0.,0.));
#677 = VECTOR('',#678,1.);
#678 = DIRECTION('',(1.,0.));
#679 = ( GEOMETRIC_REPRESENTATION_CONTEXT(2) 
PARAMETRIC_REPRESENTATION_CONTEXT() REPRESENTATION_CONTEXT('2D SPACE',''
  ) );
#680 = PCURVE('',#681,#686);
#681 = PLANE('',#682);
#682 = AXIS2_PLACEMENT_3D('',#683,#684,#685);
#683 = CARTESIAN_POINT('',(60.,35.,12.));
#684 = DIRECTION('',(-1.,0.,0.));
#685 = DIRECTION('',(0.,2.2E-16,1.));
#686 = DEFINITIONAL_REPRESENTATION('',(#687),#691);
#687 = LINE('',#688,#689);
#688 = CARTESIAN_POINT('',(58.,1.450854715202E-15));
#689 = VECTOR('',#690,1.);
#690 = DIRECTION('',(0.,-1.));
#691 = ( GEOMETRIC_REPRESENTATION_CONTEXT(2) 
PARAMETRIC_REPRESENTATION_CONTEXT() REPRESENTATION_CONTEXT('2D SPACE',''
  ) );
#692 = ORIENTED_EDGE('',*,*,#693,.F.);
#693 = EDGE_CURVE('',#22,#666,#694,.T.);
#694 = SURFACE_CURVE('',#695,(#701,#710),.PCURVE_S1.);
#695 = B_SPLINE_CURVE_WITH_KNOTS('',2,(#696,#697,#698,#699,#700),
  .UNSPECIFIED.,.F.,.F.,(3,1,1,3),(-0.3672,2.538E-14,6.,6.3672),
  .UNSPECIFIED.);
#696 = CARTESIAN_POINT('',(53.6328,1.000000000001E-02,70.));
#697 = CARTESIAN_POINT('',(53.8164,1.000000000001E-02,70.));
#698 = CARTESIAN_POINT('',(57.,1.000000000001E-02,70.));
#699 = CARTESIAN_POINT('',(60.1836,1.000000000001E-02,70.));
#700 = CARTESIAN_POINT('',(60.3672,1.000000000001E-02,70.));
#701 = PCURVE('',#44,#702);
#702 = DEFINITIONAL_REPRESENTATION('',(#703),#709);
#703 = B_SPLINE_CURVE_WITH_KNOTS('',2,(#704,#705,#706,#707,#708),
  .UNSPECIFIED.,.F.,.F.,(3,1,1,3),(-0.3672,2.538E-14,6.,6.3672),
  .UNSPECIFIED.);
#704 = CARTESIAN_POINT('',(34.99,-6.3672));
#705 = CARTESIAN_POINT('',(34.99,-6.1836));
#706 = CARTESIAN_POINT('',(34.99,-3.));
#707 = CARTESIAN_POINT('',(34.99,0.1836));
#708 = CARTESIAN_POINT('',(34.99,0.3672));
#709 = ( GEOMETRIC_REPRESENTATION_CONTEXT(2) 
PARAMETRIC_REPRESENTATION_CONTEXT() REPRESENTATION_CONTEXT('2D SPACE',''
  ) );
#710 = PCURVE('',#110,#711);
#711 = DEFINITIONAL_REPRESENTATION('',(#712),#716);
#712 = LINE('',#713,#714);
#713 = CARTESIAN_POINT('',(0.,0.));
#714 = VECTOR('',#715,1.);
#715 = DIRECTION('',(0.,1.));
#716 = ( GEOMETRIC_REPRESENTATION_CONTEXT(2) 
PARAMETRIC_REPRESENTATION_CONTEXT() REPRESENTATION_CONTEXT('2D SPACE',''
  ) );
#717 = ADVANCED_FACE('',(#718),#351,.T.);
#718 = FACE_BOUND('',#719,.T.);
#719 = EDGE_LOOP('',(#720,#721,#748,#866));
#720 = ORIENTED_EDGE('',*,*,#299,.T.);
#721 = ORIENTED_EDGE('',*,*,#722,.T.);
#722 = EDGE_CURVE('',#272,#723,#725,.T.);
#723 = VERTEX_POINT('',#724);
#724 = CARTESIAN_POINT('',(60.,-35.,35.01));
#725 = SURFACE_CURVE('',#726,(#732,#739),.PCURVE_S1.);
#726 = B_SPLINE_CURVE_WITH_KNOTS('',2,(#727,#728,#729,#730,#731),
  .UNSPECIFIED.,.F.,.F.,(3,1,1,3),(-0.3672,8.344E-14,6.,6.3672),
  .UNSPECIFIED.);
#727 = CARTESIAN_POINT('',(53.6328,-35.,35.01));
#728 = CARTESIAN_POINT('',(53.8164,-35.,35.01));
#729 = CARTESIAN_POINT('',(57.,-35.,35.01));
#730 = CARTESIAN_POINT('',(60.1836,-35.,35.01));
#731 = CARTESIAN_POINT('',(60.3672,-35.,35.01));
#732 = PCURVE('',#351,#733);
#733 = DEFINITIONAL_REPRESENTATION('',(#734),#738);
#734 = LINE('',#735,#736);
#735 = CARTESIAN_POINT('',(6.,0.));
#736 = VECTOR('',#737,1.);
#737 = DIRECTION('',(0.,1.));
#738 = ( GEOMETRIC_REPRESENTATION_CONTEXT(2) 
PARAMETRIC_REPRESENTATION_CONTEXT() REPRESENTATION_CONTEXT('2D SPACE',''
  ) );
#739 = PCURVE('',#287,#740);
#740 = DEFINITIONAL_REPRESENTATION('',(#741),#747);
#741 = B_SPLINE_CURVE_WITH_KNOTS('',2,(#742,#743,#744,#745,#746),
  .UNSPECIFIED.,.F.,.F.,(3,1,1,3),(-0.3672,8.344E-14,6.,6.3672),
  .UNSPECIFIED.);
#742 = CARTESIAN_POINT('',(-35.01,-6.3672));
#743 = CARTESIAN_POINT('',(-35.01,-6.1836));
#744 = CARTESIAN_POINT('',(-35.01,-3.));
#745 = CARTESIAN_POINT('',(-35.01,0.1836));
#746 = CARTESIAN_POINT('',(-35.01,0.3672));
#747 = ( GEOMETRIC_REPRESENTATION_CONTEXT(2) 
PARAMETRIC_REPRESENTATION_CONTEXT() REPRESENTATION_CONTEXT('2D SPACE',''
  ) );
#748 = ORIENTED_EDGE('',*,*,#749,.F.);
#749 = EDGE_CURVE('',#639,#723,#750,.T.);
#750 = SURFACE_CURVE('',#751,(#774,#840),.PCURVE_S1.);
#751 = B_SPLINE_CURVE_WITH_KNOTS('',6,(#752,#753,#754,#755,#756,#757,
    #758,#759,#760,#761,#762,#763,#764,#765,#766,#767,#768,#769,#770,
    #771,#772,#773),.UNSPECIFIED.,.F.,.F.,(7,5,5,5,7),(0.,0.240099101213
    ,0.5,0.759900898787,1.),.UNSPECIFIED.);
#752 = CARTESIAN_POINT('',(60.,-9.999999999984E-03,70.));
#753 = CARTESIAN_POINT('',(60.,-2.206367437863,70.));
#754 = CARTESIAN_POINT('',(60.,-4.403840483096,69.834557289321));
#755 = CARTESIAN_POINT('',(60.,-6.586382827304,69.503360698897));
#756 = CARTESIAN_POINT('',(60.,-8.73834406336,69.008278097389));
#757 = CARTESIAN_POINT('',(60.,-10.84440069148,68.352981825826));
#758 = CARTESIAN_POINT('',(60.,-15.10354449034,66.666825635401));
#759 = CARTESIAN_POINT('',(60.,-17.24646920287,65.609336422886));
#760 = CARTESIAN_POINT('',(60.,-19.2994082356,64.378140789369));
#761 = CARTESIAN_POINT('',(60.,-21.24499433129,62.983100786728));
#762 = CARTESIAN_POINT('',(60.,-23.06719967569,61.436132871736));
#763 = CARTESIAN_POINT('',(60.,-26.43613287173,58.067199675698));
#764 = CARTESIAN_POINT('',(60.,-27.98310078672,56.244994331297));
#765 = CARTESIAN_POINT('',(60.,-29.37814078937,54.299408235596));
#766 = CARTESIAN_POINT('',(60.,-30.60933642288,52.246469202882));
#767 = CARTESIAN_POINT('',(60.,-31.6668256354,50.10354449034));
#768 = CARTESIAN_POINT('',(60.,-33.35298182582,45.844400691489));
#769 = CARTESIAN_POINT('',(60.,-34.00827809738,43.738344063362));
#770 = CARTESIAN_POINT('',(60.,-34.50336069889,41.586382827301));
#771 = CARTESIAN_POINT('',(60.,-34.83455728932,39.4038404831));
#772 = CARTESIAN_POINT('',(60.,-35.,37.206367437862));
#773 = CARTESIAN_POINT('',(60.,-35.,35.01));
#774 = PCURVE('',#351,#775);
#775 = DEFINITIONAL_REPRESENTATION('',(#776),#839);
#776 = B_SPLINE_CURVE_WITH_KNOTS('',6,(#777,#778,#779,#780,#781,#782,
    #783,#784,#785,#786,#787,#788,#789,#790,#791,#792,#793,#794,#795,
    #796,#797,#798,#799,#800,#801,#802,#803,#804,#805,#806,#807,#808,
    #809,#810,#811,#812,#813,#814,#815,#816,#817,#818,#819,#820,#821,
    #822,#823,#824,#825,#826,#827,#828,#829,#830,#831,#832,#833,#834,
    #835,#836,#837,#838),.UNSPECIFIED.,.F.,.F.,(7,5,5,5,5,5,5,5,5,5,5,5,
    7),(0.,0.125,0.1875,0.21875,0.234375,0.25,0.5,0.75,0.765625,0.78125,
    0.8125,0.875,1.),.UNSPECIFIED.);
#777 = CARTESIAN_POINT('',(-1.1E-16,6.));
#778 = CARTESIAN_POINT('',(0.13864901393,6.));
#779 = CARTESIAN_POINT('',(0.275082148725,6.));
#780 = CARTESIAN_POINT('',(0.409491329772,6.));
#781 = CARTESIAN_POINT('',(0.542055553954,6.));
#782 = CARTESIAN_POINT('',(0.672941998099,6.));
#783 = CARTESIAN_POINT('',(0.86698969211,6.));
#784 = CARTESIAN_POINT('',(0.931291932485,6.));
#785 = CARTESIAN_POINT('',(0.995233386797,6.));
#786 = CARTESIAN_POINT('',(1.058832947554,6.));
#787 = CARTESIAN_POINT('',(1.122108861532,6.));
#788 = CARTESIAN_POINT('',(1.216563663908,6.));
#789 = CARTESIAN_POINT('',(1.247972088174,6.));
#790 = CARTESIAN_POINT('',(1.279306204416,6.));
#791 = CARTESIAN_POINT('',(1.310568176476,6.));
#792 = CARTESIAN_POINT('',(1.341760130206,6.));
#793 = CARTESIAN_POINT('',(1.388446165096,6.));
#794 = CARTESIAN_POINT('',(1.40399119648,6.));
#795 = CARTESIAN_POINT('',(1.419519505158,6.));
#796 = CARTESIAN_POINT('',(1.435031348666,6.));
#797 = CARTESIAN_POINT('',(1.450526984546,6.));
#798 = CARTESIAN_POINT('',(1.481486356122,6.));
#799 = CARTESIAN_POINT('',(1.496950127956,6.));
#800 = CARTESIAN_POINT('',(1.51239798773,6.));
#801 = CARTESIAN_POINT('',(1.527830816596,6.));
#802 = CARTESIAN_POINT('',(1.543248438359,6.));
#803 = CARTESIAN_POINT('',(1.805096247563,6.));
#804 = CARTESIAN_POINT('',(2.04774412003,6.));
#805 = CARTESIAN_POINT('',(2.287613772027,6.));
#806 = CARTESIAN_POINT('',(2.525673563495,6.));
#807 = CARTESIAN_POINT('',(2.76284479371,6.));
#808 = CARTESIAN_POINT('',(3.237155206293,6.));
#809 = CARTESIAN_POINT('',(3.474326436507,6.));
#810 = CARTESIAN_POINT('',(3.712386227976,6.));
#811 = CARTESIAN_POINT('',(3.952255879972,6.));
#812 = CARTESIAN_POINT('',(4.194903752439,6.));
#813 = CARTESIAN_POINT('',(4.456751561644,6.));
#814 = CARTESIAN_POINT('',(4.472169183406,6.));
#815 = CARTESIAN_POINT('',(4.487602012272,6.));
#816 = CARTESIAN_POINT('',(4.503049872046,6.));
#817 = CARTESIAN_POINT('',(4.51851364388,6.));
#818 = CARTESIAN_POINT('',(4.549473015456,6.));
#819 = CARTESIAN_POINT('',(4.564968651336,6.));
#820 = CARTESIAN_POINT('',(4.580480494844,6.));
#821 = CARTESIAN_POINT('',(4.596008803522,6.));
#822 = CARTESIAN_POINT('',(4.611553834906,6.));
#823 = CARTESIAN_POINT('',(4.658239869795,6.));
#824 = CARTESIAN_POINT('',(4.689431823526,6.));
#825 = CARTESIAN_POINT('',(4.720693795586,6.));
#826 = CARTESIAN_POINT('',(4.752027911828,6.));
#827 = CARTESIAN_POINT('',(4.783436336094,6.));
#828 = CARTESIAN_POINT('',(4.87789113847,6.));
#829 = CARTESIAN_POINT('',(4.941167052448,6.));
#830 = CARTESIAN_POINT('',(5.004766613204,6.));
#831 = CARTESIAN_POINT('',(5.068708067516,6.));
#832 = CARTESIAN_POINT('',(5.133010307891,6.));
#833 = CARTESIAN_POINT('',(5.327058001902,6.));
#834 = CARTESIAN_POINT('',(5.457944446047,6.));
#835 = CARTESIAN_POINT('',(5.590508670228,6.));
#836 = CARTESIAN_POINT('',(5.724917851276,6.));
#837 = CARTESIAN_POINT('',(5.86135098607,6.));
#838 = CARTESIAN_POINT('',(6.,6.));
#839 = ( GEOMETRIC_REPRESENTATION_CONTEXT(2) 
PARAMETRIC_REPRESENTATION_CONTEXT() REPRESENTATION_CONTEXT('2D SPACE',''
  ) );
#840 = PCURVE('',#681,#841);
#841 = DEFINITIONAL_REPRESENTATION('',(#842),#865);
#842 = B_SPLINE_CURVE_WITH_KNOTS('',6,(#843,#844,#845,#846,#847,#848,
    #849,#850,#851,#852,#853,#854,#855,#856,#857,#858,#859,#860,#861,
    #862,#863,#864),.UNSPECIFIED.,.F.,.F.,(7,5,5,5,7),(0.,0.240099101213
    ,0.5,0.759900898787,1.),.UNSPECIFIED.);
#843 = CARTESIAN_POINT('',(58.,-35.01));
#844 = CARTESIAN_POINT('',(58.,-37.20636743786));
#845 = CARTESIAN_POINT('',(57.834557289321,-39.40384048309));
#846 = CARTESIAN_POINT('',(57.503360698897,-41.5863828273));
#847 = CARTESIAN_POINT('',(57.008278097389,-43.73834406336));
#848 = CARTESIAN_POINT('',(56.352981825826,-45.84440069148));
#849 = CARTESIAN_POINT('',(54.666825635401,-50.10354449034));
#850 = CARTESIAN_POINT('',(53.609336422886,-52.24646920287));
#851 = CARTESIAN_POINT('',(52.378140789369,-54.2994082356));
#852 = CARTESIAN_POINT('',(50.983100786728,-56.24499433129));
#853 = CARTESIAN_POINT('',(49.436132871736,-58.06719967569));
#854 = CARTESIAN_POINT('',(46.067199675698,-61.43613287173));
#855 = CARTESIAN_POINT('',(44.244994331297,-62.98310078672));
#856 = CARTESIAN_POINT('',(42.299408235596,-64.37814078937));
#857 = CARTESIAN_POINT('',(40.246469202882,-65.60933642288));
#858 = CARTESIAN_POINT('',(38.10354449034,-66.6668256354));
#859 = CARTESIAN_POINT('',(33.844400691489,-68.35298182582));
#860 = CARTESIAN_POINT('',(31.738344063362,-69.00827809738));
#861 = CARTESIAN_POINT('',(29.586382827301,-69.50336069889));
#862 = CARTESIAN_POINT('',(27.4038404831,-69.83455728932));
#863 = CARTESIAN_POINT('',(25.206367437862,-70.));
#864 = CARTESIAN_POINT('',(23.01,-70.));
#865 = ( GEOMETRIC_REPRESENTATION_CONTEXT(2) 
PARAMETRIC_REPRESENTATION_CONTEXT() REPRESENTATION_CONTEXT('2D SPACE',''
  ) );
#866 = ORIENTED_EDGE('',*,*,#638,.F.);
#867 = ADVANCED_FACE('',(#868),#287,.T.);
#868 = FACE_BOUND('',#869,.T.);
#869 = EDGE_LOOP('',(#870,#871,#911,#932));
#870 = ORIENTED_EDGE('',*,*,#271,.F.);
#871 = ORIENTED_EDGE('',*,*,#872,.T.);
#872 = EDGE_CURVE('',#249,#873,#875,.T.);
#873 = VERTEX_POINT('',#874);
#874 = CARTESIAN_POINT('',(60.,-35.,12.));
#875 = SURFACE_CURVE('',#876,(#879,#885),.PCURVE_S1.);
#876 = B_SPLINE_CURVE_WITH_KNOTS('',1,(#877,#878),.UNSPECIFIED.,.F.,.F.,
  (2,2),(0.,1.),.PIECEWISE_BEZIER_KNOTS.);
#877 = CARTESIAN_POINT('',(54.,-35.,12.));
#878 = CARTESIAN_POINT('',(60.,-35.,12.));
#879 = PCURVE('',#287,#880);
#880 = DEFINITIONAL_REPRESENTATION('',(#881),#884);
#881 = B_SPLINE_CURVE_WITH_KNOTS('',1,(#882,#883),.UNSPECIFIED.,.F.,.F.,
  (2,2),(0.,1.),.PIECEWISE_BEZIER_KNOTS.);
#882 = CARTESIAN_POINT('',(-12.,-6.));
#883 = CARTESIAN_POINT('',(-12.,0.));
#884 = ( GEOMETRIC_REPRESENTATION_CONTEXT(2) 
PARAMETRIC_REPRESENTATION_CONTEXT() REPRESENTATION_CONTEXT('2D SPACE',''
  ) );
#885 = PCURVE('',#886,#905);
#886 = B_SPLINE_SURFACE_WITH_KNOTS('',8,1,(
    (#887,#888)
    ,(#889,#890)
    ,(#891,#892)
    ,(#893,#894)
    ,(#895,#896)
    ,(#897,#898)
    ,(#899,#900)
    ,(#901,#902)
    ,(#903,#904
    )),.UNSPECIFIED.,.F.,.F.,.F.,(9,9),(2,2),(4.712388980385,
    6.28318530718),(0.,1.),.PIECEWISE_BEZIER_KNOTS.);
#887 = CARTESIAN_POINT('',(54.,-35.,12.));
#888 = CARTESIAN_POINT('',(60.,-35.,12.));
#889 = CARTESIAN_POINT('',(53.999999999999,-35.,10.821902754904));
#890 = CARTESIAN_POINT('',(60.,-35.,9.643805509808));
#891 = CARTESIAN_POINT('',(53.735635266235,-35.,9.643805138975));
#892 = CARTESIAN_POINT('',(59.471270532467,-35.,7.28761027795));
#893 = CARTESIAN_POINT('',(53.206908395224,-34.99999999999,
    8.534920593989));
#894 = CARTESIAN_POINT('',(58.413816790455,-34.99999999999,
    5.069841187979));
#895 = CARTESIAN_POINT('',(52.435552534684,-35.,7.564447465321));
#896 = CARTESIAN_POINT('',(56.871105069361,-35.,3.128894930642));
#897 = CARTESIAN_POINT('',(51.465079406007,-34.99999999999,
    6.793091604771));
#898 = CARTESIAN_POINT('',(54.930158812019,-34.99999999999,
    1.586183209542));
#899 = CARTESIAN_POINT('',(50.356194861027,-35.,6.264364733767));
#900 = CARTESIAN_POINT('',(52.712389722052,-35.,0.528729467535));
#901 = CARTESIAN_POINT('',(49.178097245096,-35.,6.));
#902 = CARTESIAN_POINT('',(50.356194490192,-35.,-3.417E-14));
#903 = CARTESIAN_POINT('',(48.,-35.,6.));
#904 = CARTESIAN_POINT('',(48.,-35.,7.55E-15));
#905 = DEFINITIONAL_REPRESENTATION('',(#906),#910);
#906 = LINE('',#907,#908);
#907 = CARTESIAN_POINT('',(4.712388980385,0.));
#908 = VECTOR('',#909,1.);
#909 = DIRECTION('',(0.,1.));
#910 = ( GEOMETRIC_REPRESENTATION_CONTEXT(2) 
PARAMETRIC_REPRESENTATION_CONTEXT() REPRESENTATION_CONTEXT('2D SPACE',''
  ) );
#911 = ORIENTED_EDGE('',*,*,#912,.T.);
#912 = EDGE_CURVE('',#873,#723,#913,.T.);
#913 = SURFACE_CURVE('',#914,(#918,#925),.PCURVE_S1.);
#914 = LINE('',#915,#916);
#915 = CARTESIAN_POINT('',(60.,-35.,7.11E-15));
#916 = VECTOR('',#917,1.);
#917 = DIRECTION('',(0.,2.2E-16,1.));
#918 = PCURVE('',#287,#919);
#919 = DEFINITIONAL_REPRESENTATION('',(#920),#924);
#920 = LINE('',#921,#922);
#921 = CARTESIAN_POINT('',(0.,0.));
#922 = VECTOR('',#923,1.);
#923 = DIRECTION('',(-1.,0.));
#924 = ( GEOMETRIC_REPRESENTATION_CONTEXT(2) 
PARAMETRIC_REPRESENTATION_CONTEXT() REPRESENTATION_CONTEXT('2D SPACE',''
  ) );
#925 = PCURVE('',#681,#926);
#926 = DEFINITIONAL_REPRESENTATION('',(#927),#931);
#927 = LINE('',#928,#929);
#928 = CARTESIAN_POINT('',(-12.,-70.));
#929 = VECTOR('',#930,1.);
#930 = DIRECTION('',(1.,0.));
#931 = ( GEOMETRIC_REPRESENTATION_CONTEXT(2) 
PARAMETRIC_REPRESENTATION_CONTEXT() REPRESENTATION_CONTEXT('2D SPACE',''
  ) );
#932 = ORIENTED_EDGE('',*,*,#722,.F.);
#933 = ADVANCED_FACE('',(#934),#236,.F.);
#934 = FACE_BOUND('',#935,.T.);
#935 = EDGE_LOOP('',(#936,#966,#988,#989,#990));
#936 = ORIENTED_EDGE('',*,*,#937,.T.);
#937 = EDGE_CURVE('',#938,#940,#942,.T.);
#938 = VERTEX_POINT('',#939);
#939 = CARTESIAN_POINT('',(48.,35.,6.));
#940 = VERTEX_POINT('',#941);
#941 = CARTESIAN_POINT('',(48.,-35.,6.));
#942 = SURFACE_CURVE('',#943,(#947,#954),.PCURVE_S1.);
#943 = LINE('',#944,#945);
#944 = CARTESIAN_POINT('',(48.,35.,6.));
#945 = VECTOR('',#946,1.);
#946 = DIRECTION('',(0.,-1.,2.2E-16));
#947 = PCURVE('',#236,#948);
#948 = DEFINITIONAL_REPRESENTATION('',(#949),#953);
#949 = LINE('',#950,#951);
#950 = CARTESIAN_POINT('',(-0.,0.));
#951 = VECTOR('',#952,1.);
#952 = DIRECTION('',(-0.,-1.));
#953 = ( GEOMETRIC_REPRESENTATION_CONTEXT(2) 
PARAMETRIC_REPRESENTATION_CONTEXT() REPRESENTATION_CONTEXT('2D SPACE',''
  ) );
#954 = PCURVE('',#955,#960);
#955 = PLANE('',#956);
#956 = AXIS2_PLACEMENT_3D('',#957,#958,#959);
#957 = CARTESIAN_POINT('',(-48.,35.,6.));
#958 = DIRECTION('',(0.,2.2E-16,1.));
#959 = DIRECTION('',(1.,0.,0.));
#960 = DEFINITIONAL_REPRESENTATION('',(#961),#965);
#961 = LINE('',#962,#963);
#962 = CARTESIAN_POINT('',(96.,0.));
#963 = VECTOR('',#964,1.);
#964 = DIRECTION('',(0.,-1.));
#965 = ( GEOMETRIC_REPRESENTATION_CONTEXT(2) 
PARAMETRIC_REPRESENTATION_CONTEXT() REPRESENTATION_CONTEXT('2D SPACE',''
  ) );
#966 = ORIENTED_EDGE('',*,*,#967,.T.);
#967 = EDGE_CURVE('',#940,#249,#968,.T.);
#968 = SURFACE_CURVE('',#969,(#974,#981),.PCURVE_S1.);
#969 = CIRCLE('',#970,6.);
#970 = AXIS2_PLACEMENT_3D('',#971,#972,#973);
#971 = CARTESIAN_POINT('',(48.,-35.,12.));
#972 = DIRECTION('',(0.,-1.,2.2E-16));
#973 = DIRECTION('',(0.,-2.2E-16,-1.));
#974 = PCURVE('',#236,#975);
#975 = DEFINITIONAL_REPRESENTATION('',(#976),#980);
#976 = LINE('',#977,#978);
#977 = CARTESIAN_POINT('',(-0.,-70.));
#978 = VECTOR('',#979,1.);
#979 = DIRECTION('',(-1.,0.));
#980 = ( GEOMETRIC_REPRESENTATION_CONTEXT(2) 
PARAMETRIC_REPRESENTATION_CONTEXT() REPRESENTATION_CONTEXT('2D SPACE',''
  ) );
#981 = PCURVE('',#886,#982);
#982 = DEFINITIONAL_REPRESENTATION('',(#983),#987);
#983 = LINE('',#984,#985);
#984 = CARTESIAN_POINT('',(6.28318530718,0.));
#985 = VECTOR('',#986,1.);
#986 = DIRECTION('',(-1.,0.));
#987 = ( GEOMETRIC_REPRESENTATION_CONTEXT(2) 
PARAMETRIC_REPRESENTATION_CONTEXT() REPRESENTATION_CONTEXT('2D SPACE',''
  ) );
#988 = ORIENTED_EDGE('',*,*,#248,.F.);
#989 = ORIENTED_EDGE('',*,*,#220,.F.);
#990 = ORIENTED_EDGE('',*,*,#991,.F.);
#991 = EDGE_CURVE('',#938,#193,#992,.T.);
#992 = SURFACE_CURVE('',#993,(#998,#1005),.PCURVE_S1.);
#993 = CIRCLE('',#994,6.);
#994 = AXIS2_PLACEMENT_3D('',#995,#996,#997);
#995 = CARTESIAN_POINT('',(48.,35.,12.));
#996 = DIRECTION('',(0.,-1.,2.2E-16));
#997 = DIRECTION('',(0.,-2.2E-16,-1.));
#998 = PCURVE('',#236,#999);
#999 = DEFINITIONAL_REPRESENTATION('',(#1000),#1004);
#1000 = LINE('',#1001,#1002);
#1001 = CARTESIAN_POINT('',(-0.,0.));
#1002 = VECTOR('',#1003,1.);
#1003 = DIRECTION('',(-1.,0.));
#1004 = ( GEOMETRIC_REPRESENTATION_CONTEXT(2) 
PARAMETRIC_REPRESENTATION_CONTEXT() REPRESENTATION_CONTEXT('2D SPACE',''
  ) );
#1005 = PCURVE('',#1006,#1025);
#1006 = B_SPLINE_SURFACE_WITH_KNOTS('',8,1,(
    (#1007,#1008)
    ,(#1009,#1010)
    ,(#1011,#1012)
    ,(#1013,#1014)
    ,(#1015,#1016)
    ,(#1017,#1018)
    ,(#1019,#1020)
    ,(#1021,#1022)
    ,(#1023,#1024
    )),.UNSPECIFIED.,.F.,.F.,.F.,(9,9),(2,2),(0.,1.570796326795),(0.,1.)
  ,.PIECEWISE_BEZIER_KNOTS.);
#1007 = CARTESIAN_POINT('',(48.,35.,6.));
#1008 = CARTESIAN_POINT('',(48.,35.,-9.33E-15));
#1009 = CARTESIAN_POINT('',(49.178097245096,35.,6.));
#1010 = CARTESIAN_POINT('',(50.356194490192,35.,-1.34E-15));
#1011 = CARTESIAN_POINT('',(50.356194861025,35.,6.264364733767));
#1012 = CARTESIAN_POINT('',(52.712389722051,35.,0.528729467534));
#1013 = CARTESIAN_POINT('',(51.465079406012,35.000000000001,
    6.793091604772));
#1014 = CARTESIAN_POINT('',(54.930158812021,35.000000000001,
    1.586183209543));
#1015 = CARTESIAN_POINT('',(52.435552534678,34.999999999999,
    7.56444746532));
#1016 = CARTESIAN_POINT('',(56.871105069359,34.999999999999,
    3.128894930641));
#1017 = CARTESIAN_POINT('',(53.20690839523,35.000000000001,8.53492059399
    ));
#1018 = CARTESIAN_POINT('',(58.413816790457,35.000000000001,
    5.069841187979));
#1019 = CARTESIAN_POINT('',(53.735635266232,35.,9.643805138975));
#1020 = CARTESIAN_POINT('',(59.471270532466,35.,7.287610277949));
#1021 = CARTESIAN_POINT('',(54.,35.,10.821902754904));
#1022 = CARTESIAN_POINT('',(60.,35.,9.643805509808));
#1023 = CARTESIAN_POINT('',(54.,35.,12.));
#1024 = CARTESIAN_POINT('',(60.,35.,12.));
#1025 = DEFINITIONAL_REPRESENTATION('',(#1026),#1030);
#1026 = LINE('',#1027,#1028);
#1027 = CARTESIAN_POINT('',(0.,0.));
#1028 = VECTOR('',#1029,1.);
#1029 = DIRECTION('',(1.,0.));
#1030 = ( GEOMETRIC_REPRESENTATION_CONTEXT(2) 
PARAMETRIC_REPRESENTATION_CONTEXT() REPRESENTATION_CONTEXT('2D SPACE',''
  ) );
#1031 = ADVANCED_FACE('',(#1032),#208,.T.);
#1032 = FACE_BOUND('',#1033,.T.);
#1033 = EDGE_LOOP('',(#1034,#1035,#1062,#1085));
#1034 = ORIENTED_EDGE('',*,*,#192,.T.);
#1035 = ORIENTED_EDGE('',*,*,#1036,.T.);
#1036 = EDGE_CURVE('',#57,#1037,#1039,.T.);
#1037 = VERTEX_POINT('',#1038);
#1038 = CARTESIAN_POINT('',(60.,35.,35.01));
#1039 = SURFACE_CURVE('',#1040,(#1046,#1055),.PCURVE_S1.);
#1040 = B_SPLINE_CURVE_WITH_KNOTS('',2,(#1041,#1042,#1043,#1044,#1045),
  .UNSPECIFIED.,.F.,.F.,(3,1,1,3),(-0.3672,2.538E-14,6.,6.3672),
  .UNSPECIFIED.);
#1041 = CARTESIAN_POINT('',(53.6328,35.,35.01));
#1042 = CARTESIAN_POINT('',(53.8164,35.,35.01));
#1043 = CARTESIAN_POINT('',(57.,35.,35.01));
#1044 = CARTESIAN_POINT('',(60.1836,35.,35.01));
#1045 = CARTESIAN_POINT('',(60.3672,35.,35.01));
#1046 = PCURVE('',#208,#1047);
#1047 = DEFINITIONAL_REPRESENTATION('',(#1048),#1054);
#1048 = B_SPLINE_CURVE_WITH_KNOTS('',2,(#1049,#1050,#1051,#1052,#1053),
  .UNSPECIFIED.,.F.,.F.,(3,1,1,3),(-0.3672,2.538E-14,6.,6.3672),
  .UNSPECIFIED.);
#1049 = CARTESIAN_POINT('',(35.01,-6.3672));
#1050 = CARTESIAN_POINT('',(35.01,-6.1836));
#1051 = CARTESIAN_POINT('',(35.01,-3.));
#1052 = CARTESIAN_POINT('',(35.01,0.1836));
#1053 = CARTESIAN_POINT('',(35.01,0.3672));
#1054 = ( GEOMETRIC_REPRESENTATION_CONTEXT(2) 
PARAMETRIC_REPRESENTATION_CONTEXT() REPRESENTATION_CONTEXT('2D SPACE',''
  ) );
#1055 = PCURVE('',#110,#1056);
#1056 = DEFINITIONAL_REPRESENTATION('',(#1057),#1061);
#1057 = LINE('',#1058,#1059);
#1058 = CARTESIAN_POINT('',(6.,0.));
#1059 = VECTOR('',#1060,1.);
#1060 = DIRECTION('',(0.,1.));
#1061 = ( GEOMETRIC_REPRESENTATION_CONTEXT(2) 
PARAMETRIC_REPRESENTATION_CONTEXT() REPRESENTATION_CONTEXT('2D SPACE',''
  ) );
#1062 = ORIENTED_EDGE('',*,*,#1063,.F.);
#1063 = EDGE_CURVE('',#1064,#1037,#1066,.T.);
#1064 = VERTEX_POINT('',#1065);
#1065 = CARTESIAN_POINT('',(60.,35.,12.));
#1066 = SURFACE_CURVE('',#1067,(#1071,#1078),.PCURVE_S1.);
#1067 = LINE('',#1068,#1069);
#1068 = CARTESIAN_POINT('',(60.,35.,-7.11E-15));
#1069 = VECTOR('',#1070,1.);
#1070 = DIRECTION('',(0.,2.2E-16,1.));
#1071 = PCURVE('',#208,#1072);
#1072 = DEFINITIONAL_REPRESENTATION('',(#1073),#1077);
#1073 = LINE('',#1074,#1075);
#1074 = CARTESIAN_POINT('',(0.,0.));
#1075 = VECTOR('',#1076,1.);
#1076 = DIRECTION('',(1.,0.));
#1077 = ( GEOMETRIC_REPRESENTATION_CONTEXT(2) 
PARAMETRIC_REPRESENTATION_CONTEXT() REPRESENTATION_CONTEXT('2D SPACE',''
  ) );
#1078 = PCURVE('',#681,#1079);
#1079 = DEFINITIONAL_REPRESENTATION('',(#1080),#1084);
#1080 = LINE('',#1081,#1082);
#1081 = CARTESIAN_POINT('',(-12.,2.64E-15));
#1082 = VECTOR('',#1083,1.);
#1083 = DIRECTION('',(1.,0.));
#1084 = ( GEOMETRIC_REPRESENTATION_CONTEXT(2) 
PARAMETRIC_REPRESENTATION_CONTEXT() REPRESENTATION_CONTEXT('2D SPACE',''
  ) );
#1085 = ORIENTED_EDGE('',*,*,#1086,.F.);
#1086 = EDGE_CURVE('',#193,#1064,#1087,.T.);
#1087 = SURFACE_CURVE('',#1088,(#1091,#1097),.PCURVE_S1.);
#1088 = B_SPLINE_CURVE_WITH_KNOTS('',1,(#1089,#1090),.UNSPECIFIED.,.F.,
  .F.,(2,2),(0.,1.),.PIECEWISE_BEZIER_KNOTS.);
#1089 = CARTESIAN_POINT('',(54.,35.,12.));
#1090 = CARTESIAN_POINT('',(60.,35.,12.));
#1091 = PCURVE('',#208,#1092);
#1092 = DEFINITIONAL_REPRESENTATION('',(#1093),#1096);
#1093 = B_SPLINE_CURVE_WITH_KNOTS('',1,(#1094,#1095),.UNSPECIFIED.,.F.,
  .F.,(2,2),(0.,1.),.PIECEWISE_BEZIER_KNOTS.);
#1094 = CARTESIAN_POINT('',(12.,-6.));
#1095 = CARTESIAN_POINT('',(12.,0.));
#1096 = ( GEOMETRIC_REPRESENTATION_CONTEXT(2) 
PARAMETRIC_REPRESENTATION_CONTEXT() REPRESENTATION_CONTEXT('2D SPACE',''
  ) );
#1097 = PCURVE('',#1006,#1098);
#1098 = DEFINITIONAL_REPRESENTATION('',(#1099),#1103);
#1099 = LINE('',#1100,#1101);
#1100 = CARTESIAN_POINT('',(1.570796326795,0.));
#1101 = VECTOR('',#1102,1.);
#1102 = DIRECTION('',(0.,1.));
#1103 = ( GEOMETRIC_REPRESENTATION_CONTEXT(2) 
PARAMETRIC_REPRESENTATION_CONTEXT() REPRESENTATION_CONTEXT('2D SPACE',''
  ) );
#1104 = ADVANCED_FACE('',(#1105),#110,.F.);
#1105 = FACE_BOUND('',#1106,.F.);
#1106 = EDGE_LOOP('',(#1107,#1108,#1109,#1227));
#1107 = ORIENTED_EDGE('',*,*,#56,.T.);
#1108 = ORIENTED_EDGE('',*,*,#1036,.T.);
#1109 = ORIENTED_EDGE('',*,*,#1110,.F.);
#1110 = EDGE_CURVE('',#666,#1037,#1111,.T.);
#1111 = SURFACE_CURVE('',#1112,(#1135,#1201),.PCURVE_S1.);
#1112 = B_SPLINE_CURVE_WITH_KNOTS('',6,(#1113,#1114,#1115,#1116,#1117,
    #1118,#1119,#1120,#1121,#1122,#1123,#1124,#1125,#1126,#1127,#1128,
    #1129,#1130,#1131,#1132,#1133,#1134),.UNSPECIFIED.,.F.,.F.,(7,5,5,5,
    7),(0.,0.240099101213,0.5,0.759900898787,1.),.UNSPECIFIED.);
#1113 = CARTESIAN_POINT('',(60.,1.000000000001E-02,70.));
#1114 = CARTESIAN_POINT('',(60.,2.206367437862,70.));
#1115 = CARTESIAN_POINT('',(60.,4.403840483099,69.834557289321));
#1116 = CARTESIAN_POINT('',(60.,6.586382827303,69.503360698897));
#1117 = CARTESIAN_POINT('',(60.,8.738344063359,69.008278097389));
#1118 = CARTESIAN_POINT('',(60.,10.844400691489,68.352981825825));
#1119 = CARTESIAN_POINT('',(60.,15.103544490338,66.666825635402));
#1120 = CARTESIAN_POINT('',(60.,17.246469202886,65.60933642288));
#1121 = CARTESIAN_POINT('',(60.,19.299408235589,64.378140789378));
#1122 = CARTESIAN_POINT('',(60.,21.244994331299,62.983100786721));
#1123 = CARTESIAN_POINT('',(60.,23.067199675696,61.436132871738));
#1124 = CARTESIAN_POINT('',(60.,26.436132871738,58.067199675697));
#1125 = CARTESIAN_POINT('',(60.,27.98310078672,56.244994331299));
#1126 = CARTESIAN_POINT('',(60.,29.378140789378,54.299408235591));
#1127 = CARTESIAN_POINT('',(60.,30.609336422879,52.246469202886));
#1128 = CARTESIAN_POINT('',(60.,31.666825635402,50.103544490338));
#1129 = CARTESIAN_POINT('',(60.,33.352981825825,45.844400691488));
#1130 = CARTESIAN_POINT('',(60.,34.008278097388,43.738344063363));
#1131 = CARTESIAN_POINT('',(60.,34.503360698899,41.5863828273));
#1132 = CARTESIAN_POINT('',(60.,34.83455728932,39.403840483101));
#1133 = CARTESIAN_POINT('',(60.,35.,37.206367437861));
#1134 = CARTESIAN_POINT('',(60.,35.,35.01));
#1135 = PCURVE('',#110,#1136);
#1136 = DEFINITIONAL_REPRESENTATION('',(#1137),#1200);
#1137 = B_SPLINE_CURVE_WITH_KNOTS('',6,(#1138,#1139,#1140,#1141,#1142,
    #1143,#1144,#1145,#1146,#1147,#1148,#1149,#1150,#1151,#1152,#1153,
    #1154,#1155,#1156,#1157,#1158,#1159,#1160,#1161,#1162,#1163,#1164,
    #1165,#1166,#1167,#1168,#1169,#1170,#1171,#1172,#1173,#1174,#1175,
    #1176,#1177,#1178,#1179,#1180,#1181,#1182,#1183,#1184,#1185,#1186,
    #1187,#1188,#1189,#1190,#1191,#1192,#1193,#1194,#1195,#1196,#1197,
    #1198,#1199),.UNSPECIFIED.,.F.,.F.,(7,5,5,5,5,5,5,5,5,5,5,5,7),(0.,
    0.125,0.1875,0.21875,0.234375,0.25,0.5,0.75,0.765625,0.78125,0.8125,
    0.875,1.),.UNSPECIFIED.);
#1138 = CARTESIAN_POINT('',(-6.E-17,6.));
#1139 = CARTESIAN_POINT('',(0.13864901393,6.));
#1140 = CARTESIAN_POINT('',(0.275082148724,6.));
#1141 = CARTESIAN_POINT('',(0.409491329772,6.));
#1142 = CARTESIAN_POINT('',(0.542055553953,6.));
#1143 = CARTESIAN_POINT('',(0.672941998098,6.));
#1144 = CARTESIAN_POINT('',(0.866989692109,6.));
#1145 = CARTESIAN_POINT('',(0.931291932484,6.));
#1146 = CARTESIAN_POINT('',(0.995233386796,6.));
#1147 = CARTESIAN_POINT('',(1.058832947552,6.));
#1148 = CARTESIAN_POINT('',(1.122108861531,6.));
#1149 = CARTESIAN_POINT('',(1.216563663907,6.));
#1150 = CARTESIAN_POINT('',(1.247972088173,6.));
#1151 = CARTESIAN_POINT('',(1.279306204415,6.));
#1152 = CARTESIAN_POINT('',(1.310568176475,6.));
#1153 = CARTESIAN_POINT('',(1.341760130205,6.));
#1154 = CARTESIAN_POINT('',(1.388446165095,6.));
#1155 = CARTESIAN_POINT('',(1.403991196479,6.));
#1156 = CARTESIAN_POINT('',(1.419519505156,6.));
#1157 = CARTESIAN_POINT('',(1.435031348665,6.));
#1158 = CARTESIAN_POINT('',(1.450526984544,6.));
#1159 = CARTESIAN_POINT('',(1.48148635612,6.));
#1160 = CARTESIAN_POINT('',(1.496950127954,6.));
#1161 = CARTESIAN_POINT('',(1.512397987728,6.));
#1162 = CARTESIAN_POINT('',(1.527830816595,6.));
#1163 = CARTESIAN_POINT('',(1.543248438357,6.));
#1164 = CARTESIAN_POINT('',(1.805096247562,6.));
#1165 = CARTESIAN_POINT('',(2.04774412003,6.));
#1166 = CARTESIAN_POINT('',(2.287613772025,6.));
#1167 = CARTESIAN_POINT('',(2.525673563495,6.));
#1168 = CARTESIAN_POINT('',(2.762844793709,6.));
#1169 = CARTESIAN_POINT('',(3.237155206292,6.));
#1170 = CARTESIAN_POINT('',(3.474326436506,6.));
#1171 = CARTESIAN_POINT('',(3.712386227976,6.));
#1172 = CARTESIAN_POINT('',(3.952255879971,6.));
#1173 = CARTESIAN_POINT('',(4.194903752439,6.));
#1174 = CARTESIAN_POINT('',(4.456751561644,6.));
#1175 = CARTESIAN_POINT('',(4.472169183406,6.));
#1176 = CARTESIAN_POINT('',(4.487602012272,6.));
#1177 = CARTESIAN_POINT('',(4.503049872047,6.));
#1178 = CARTESIAN_POINT('',(4.518513643881,6.));
#1179 = CARTESIAN_POINT('',(4.549473015457,6.));
#1180 = CARTESIAN_POINT('',(4.564968651336,6.));
#1181 = CARTESIAN_POINT('',(4.580480494845,6.));
#1182 = CARTESIAN_POINT('',(4.596008803522,6.));
#1183 = CARTESIAN_POINT('',(4.611553834906,6.));
#1184 = CARTESIAN_POINT('',(4.658239869796,6.));
#1185 = CARTESIAN_POINT('',(4.689431823526,6.));
#1186 = CARTESIAN_POINT('',(4.720693795586,6.));
#1187 = CARTESIAN_POINT('',(4.752027911828,6.));
#1188 = CARTESIAN_POINT('',(4.783436336094,6.));
#1189 = CARTESIAN_POINT('',(4.87789113847,6.));
#1190 = CARTESIAN_POINT('',(4.941167052448,6.));
#1191 = CARTESIAN_POINT('',(5.004766613204,6.));
#1192 = CARTESIAN_POINT('',(5.068708067516,6.));
#1193 = CARTESIAN_POINT('',(5.133010307891,6.));
#1194 = CARTESIAN_POINT('',(5.327058001902,6.));
#1195 = CARTESIAN_POINT('',(5.457944446047,6.));
#1196 = CARTESIAN_POINT('',(5.590508670229,6.));
#1197 = CARTESIAN_POINT('',(5.724917851276,6.));
#1198 = CARTESIAN_POINT('',(5.86135098607,6.));
#1199 = CARTESIAN_POINT('',(6.,6.));
#1200 = ( GEOMETRIC_REPRESENTATION_CONTEXT(2) 
PARAMETRIC_REPRESENTATION_CONTEXT() REPRESENTATION_CONTEXT('2D SPACE',''
  ) );
#1201 = PCURVE('',#681,#1202);
#1202 = DEFINITIONAL_REPRESENTATION('',(#1203),#1226);
#1203 = B_SPLINE_CURVE_WITH_KNOTS('',6,(#1204,#1205,#1206,#1207,#1208,
    #1209,#1210,#1211,#1212,#1213,#1214,#1215,#1216,#1217,#1218,#1219,
    #1220,#1221,#1222,#1223,#1224,#1225),.UNSPECIFIED.,.F.,.F.,(7,5,5,5,
    7),(0.,0.240099101213,0.5,0.759900898787,1.),.UNSPECIFIED.);
#1204 = CARTESIAN_POINT('',(58.,-34.99));
#1205 = CARTESIAN_POINT('',(58.,-32.79363256213));
#1206 = CARTESIAN_POINT('',(57.834557289321,-30.5961595169));
#1207 = CARTESIAN_POINT('',(57.503360698897,-28.41361717269));
#1208 = CARTESIAN_POINT('',(57.008278097389,-26.26165593664));
#1209 = CARTESIAN_POINT('',(56.352981825825,-24.15559930851));
#1210 = CARTESIAN_POINT('',(54.666825635402,-19.89645550966));
#1211 = CARTESIAN_POINT('',(53.60933642288,-17.75353079711));
#1212 = CARTESIAN_POINT('',(52.378140789378,-15.70059176441));
#1213 = CARTESIAN_POINT('',(50.983100786721,-13.7550056687));
#1214 = CARTESIAN_POINT('',(49.436132871738,-11.9328003243));
#1215 = CARTESIAN_POINT('',(46.067199675697,-8.563867128262));
#1216 = CARTESIAN_POINT('',(44.244994331299,-7.01689921328));
#1217 = CARTESIAN_POINT('',(42.299408235591,-5.621859210622));
#1218 = CARTESIAN_POINT('',(40.246469202886,-4.390663577121));
#1219 = CARTESIAN_POINT('',(38.103544490338,-3.333174364598));
#1220 = CARTESIAN_POINT('',(33.844400691488,-1.647018174175));
#1221 = CARTESIAN_POINT('',(31.738344063363,-0.991721902612));
#1222 = CARTESIAN_POINT('',(29.5863828273,-0.496639301101));
#1223 = CARTESIAN_POINT('',(27.403840483101,-0.16544271068));
#1224 = CARTESIAN_POINT('',(25.206367437861,0.));
#1225 = CARTESIAN_POINT('',(23.01,0.));
#1226 = ( GEOMETRIC_REPRESENTATION_CONTEXT(2) 
PARAMETRIC_REPRESENTATION_CONTEXT() REPRESENTATION_CONTEXT('2D SPACE',''
  ) );
#1227 = ORIENTED_EDGE('',*,*,#693,.F.);
#1228 = ADVANCED_FACE('',(#1229),#456,.F.);
#1229 = FACE_BOUND('',#1230,.F.);
#1230 = EDGE_LOOP('',(#1231,#1254,#1280,#1281));
#1231 = ORIENTED_EDGE('',*,*,#1232,.F.);
#1232 = EDGE_CURVE('',#1233,#436,#1235,.T.);
#1233 = VERTEX_POINT('',#1234);
#1234 = CARTESIAN_POINT('',(60.,-20.,38.));
#1235 = SEAM_CURVE('',#1236,(#1240,#1247),.PCURVE_S1.);
#1236 = LINE('',#1237,#1238);
#1237 = CARTESIAN_POINT('',(60.,-20.,38.));
#1238 = VECTOR('',#1239,1.);
#1239 = DIRECTION('',(-1.,0.,-0.));
#1240 = PCURVE('',#456,#1241);
#1241 = DEFINITIONAL_REPRESENTATION('',(#1242),#1246);
#1242 = LINE('',#1243,#1244);
#1243 = CARTESIAN_POINT('',(6.28318530718,0.));
#1244 = VECTOR('',#1245,1.);
#1245 = DIRECTION('',(0.,-1.));
#1246 = ( GEOMETRIC_REPRESENTATION_CONTEXT(2) 
PARAMETRIC_REPRESENTATION_CONTEXT() REPRESENTATION_CONTEXT('2D SPACE',''
  ) );
#1247 = PCURVE('',#456,#1248);
#1248 = DEFINITIONAL_REPRESENTATION('',(#1249),#1253);
#1249 = LINE('',#1250,#1251);
#1250 = CARTESIAN_POINT('',(0.,0.));
#1251 = VECTOR('',#1252,1.);
#1252 = DIRECTION('',(0.,-1.));
#1253 = ( GEOMETRIC_REPRESENTATION_CONTEXT(2) 
PARAMETRIC_REPRESENTATION_CONTEXT() REPRESENTATION_CONTEXT('2D SPACE',''
  ) );
#1254 = ORIENTED_EDGE('',*,*,#1255,.F.);
#1255 = EDGE_CURVE('',#1233,#1233,#1256,.T.);
#1256 = SURFACE_CURVE('',#1257,(#1262,#1269),.PCURVE_S1.);
#1257 = CIRCLE('',#1258,3.);
#1258 = AXIS2_PLACEMENT_3D('',#1259,#1260,#1261);
#1259 = CARTESIAN_POINT('',(60.,-20.,35.));
#1260 = DIRECTION('',(1.,0.,-0.));
#1261 = DIRECTION('',(0.,0.,1.));
#1262 = PCURVE('',#456,#1263);
#1263 = DEFINITIONAL_REPRESENTATION('',(#1264),#1268);
#1264 = LINE('',#1265,#1266);
#1265 = CARTESIAN_POINT('',(0.,0.));
#1266 = VECTOR('',#1267,1.);
#1267 = DIRECTION('',(1.,0.));
#1268 = ( GEOMETRIC_REPRESENTATION_CONTEXT(2) 
PARAMETRIC_REPRESENTATION_CONTEXT() REPRESENTATION_CONTEXT('2D SPACE',''
  ) );
#1269 = PCURVE('',#681,#1270);
#1270 = DEFINITIONAL_REPRESENTATION('',(#1271),#1279);
#1271 = ( BOUNDED_CURVE() B_SPLINE_CURVE(2,(#1272,#1273,#1274,#1275,
#1276,#1277,#1278),.UNSPECIFIED.,.T.,.F.) B_SPLINE_CURVE_WITH_KNOTS((1,2
    ,2,2,2,1),(-2.094395102393,0.,2.094395102393,4.188790204786,
6.28318530718,8.377580409573),.UNSPECIFIED.) CURVE() 
GEOMETRIC_REPRESENTATION_ITEM() RATIONAL_B_SPLINE_CURVE((1.,0.5,1.,0.5,
1.,0.5,1.)) REPRESENTATION_ITEM('') );
#1272 = CARTESIAN_POINT('',(26.,-55.));
#1273 = CARTESIAN_POINT('',(26.,-60.1961524227));
#1274 = CARTESIAN_POINT('',(21.5,-57.59807621135));
#1275 = CARTESIAN_POINT('',(17.,-55.));
#1276 = CARTESIAN_POINT('',(21.5,-52.40192378864));
#1277 = CARTESIAN_POINT('',(26.,-49.80384757729));
#1278 = CARTESIAN_POINT('',(26.,-55.));
#1279 = ( GEOMETRIC_REPRESENTATION_CONTEXT(2) 
PARAMETRIC_REPRESENTATION_CONTEXT() REPRESENTATION_CONTEXT('2D SPACE',''
  ) );
#1280 = ORIENTED_EDGE('',*,*,#1232,.T.);
#1281 = ORIENTED_EDGE('',*,*,#435,.T.);
#1282 = ADVANCED_FACE('',(#1283),#491,.F.);
#1283 = FACE_BOUND('',#1284,.F.);
#1284 = EDGE_LOOP('',(#1285,#1308,#1336,#1362,#1363,#1364));
#1285 = ORIENTED_EDGE('',*,*,#1286,.F.);
#1286 = EDGE_CURVE('',#1287,#471,#1289,.T.);
#1287 = VERTEX_POINT('',#1288);
#1288 = CARTESIAN_POINT('',(60.,-3.,15.));
#1289 = SEAM_CURVE('',#1290,(#1294,#1301),.PCURVE_S1.);
#1290 = LINE('',#1291,#1292);
#1291 = CARTESIAN_POINT('',(60.,-3.,15.));
#1292 = VECTOR('',#1293,1.);
#1293 = DIRECTION('',(-1.,0.,0.));
#1294 = PCURVE('',#491,#1295);
#1295 = DEFINITIONAL_REPRESENTATION('',(#1296),#1300);
#1296 = LINE('',#1297,#1298);
#1297 = CARTESIAN_POINT('',(6.28318530718,0.));
#1298 = VECTOR('',#1299,1.);
#1299 = DIRECTION('',(0.,-1.));
#1300 = ( GEOMETRIC_REPRESENTATION_CONTEXT(2) 
PARAMETRIC_REPRESENTATION_CONTEXT() REPRESENTATION_CONTEXT('2D SPACE',''
  ) );
#1301 = PCURVE('',#491,#1302);
#1302 = DEFINITIONAL_REPRESENTATION('',(#1303),#1307);
#1303 = LINE('',#1304,#1305);
#1304 = CARTESIAN_POINT('',(0.,0.));
#1305 = VECTOR('',#1306,1.);
#1306 = DIRECTION('',(0.,-1.));
#1307 = ( GEOMETRIC_REPRESENTATION_CONTEXT(2) 
PARAMETRIC_REPRESENTATION_CONTEXT() REPRESENTATION_CONTEXT('2D SPACE',''
  ) );
#1308 = ORIENTED_EDGE('',*,*,#1309,.F.);
#1309 = EDGE_CURVE('',#1310,#1287,#1312,.T.);
#1310 = VERTEX_POINT('',#1311);
#1311 = CARTESIAN_POINT('',(60.,-4.282192E-09,12.));
#1312 = SURFACE_CURVE('',#1313,(#1318,#1325),.PCURVE_S1.);
#1313 = CIRCLE('',#1314,3.);
#1314 = AXIS2_PLACEMENT_3D('',#1315,#1316,#1317);
#1315 = CARTESIAN_POINT('',(60.,4.E-15,15.));
#1316 = DIRECTION('',(1.,0.,0.));
#1317 = DIRECTION('',(0.,-1.,0.));
#1318 = PCURVE('',#491,#1319);
#1319 = DEFINITIONAL_REPRESENTATION('',(#1320),#1324);
#1320 = LINE('',#1321,#1322);
#1321 = CARTESIAN_POINT('',(0.,0.));
#1322 = VECTOR('',#1323,1.);
#1323 = DIRECTION('',(1.,0.));
#1324 = ( GEOMETRIC_REPRESENTATION_CONTEXT(2) 
PARAMETRIC_REPRESENTATION_CONTEXT() REPRESENTATION_CONTEXT('2D SPACE',''
  ) );
#1325 = PCURVE('',#681,#1326);
#1326 = DEFINITIONAL_REPRESENTATION('',(#1327),#1335);
#1327 = ( BOUNDED_CURVE() B_SPLINE_CURVE(2,(#1328,#1329,#1330,#1331,
#1332,#1333,#1334),.UNSPECIFIED.,.T.,.F.) B_SPLINE_CURVE_WITH_KNOTS((1,2
    ,2,2,2,1),(-2.094395102393,0.,2.094395102393,4.188790204786,
6.28318530718,8.377580409573),.UNSPECIFIED.) CURVE() 
GEOMETRIC_REPRESENTATION_ITEM() RATIONAL_B_SPLINE_CURVE((1.,0.5,1.,0.5,
1.,0.5,1.)) REPRESENTATION_ITEM('') );
#1328 = CARTESIAN_POINT('',(3.,-38.));
#1329 = CARTESIAN_POINT('',(-2.196152422707,-38.));
#1330 = CARTESIAN_POINT('',(0.401923788647,-33.5));
#1331 = CARTESIAN_POINT('',(3.,-29.));
#1332 = CARTESIAN_POINT('',(5.598076211353,-33.5));
#1333 = CARTESIAN_POINT('',(8.196152422707,-38.));
#1334 = CARTESIAN_POINT('',(3.,-38.));
#1335 = ( GEOMETRIC_REPRESENTATION_CONTEXT(2) 
PARAMETRIC_REPRESENTATION_CONTEXT() REPRESENTATION_CONTEXT('2D SPACE',''
  ) );
#1336 = ORIENTED_EDGE('',*,*,#1337,.F.);
#1337 = EDGE_CURVE('',#1287,#1310,#1338,.T.);
#1338 = SURFACE_CURVE('',#1339,(#1344,#1351),.PCURVE_S1.);
#1339 = CIRCLE('',#1340,3.);
#1340 = AXIS2_PLACEMENT_3D('',#1341,#1342,#1343);
#1341 = CARTESIAN_POINT('',(60.,4.E-15,15.));
#1342 = DIRECTION('',(1.,0.,0.));
#1343 = DIRECTION('',(0.,-1.,0.));
#1344 = PCURVE('',#491,#1345);
#1345 = DEFINITIONAL_REPRESENTATION('',(#1346),#1350);
#1346 = LINE('',#1347,#1348);
#1347 = CARTESIAN_POINT('',(0.,0.));
#1348 = VECTOR('',#1349,1.);
#1349 = DIRECTION('',(1.,0.));
#1350 = ( GEOMETRIC_REPRESENTATION_CONTEXT(2) 
PARAMETRIC_REPRESENTATION_CONTEXT() REPRESENTATION_CONTEXT('2D SPACE',''
  ) );
#1351 = PCURVE('',#681,#1352);
#1352 = DEFINITIONAL_REPRESENTATION('',(#1353),#1361);
#1353 = ( BOUNDED_CURVE() B_SPLINE_CURVE(2,(#1354,#1355,#1356,#1357,
#1358,#1359,#1360),.UNSPECIFIED.,.T.,.F.) B_SPLINE_CURVE_WITH_KNOTS((1,2
    ,2,2,2,1),(-2.094395102393,0.,2.094395102393,4.188790204786,
6.28318530718,8.377580409573),.UNSPECIFIED.) CURVE() 
GEOMETRIC_REPRESENTATION_ITEM() RATIONAL_B_SPLINE_CURVE((1.,0.5,1.,0.5,
1.,0.5,1.)) REPRESENTATION_ITEM('') );
#1354 = CARTESIAN_POINT('',(3.,-38.));
#1355 = CARTESIAN_POINT('',(-2.196152422707,-38.));
#1356 = CARTESIAN_POINT('',(0.401923788647,-33.5));
#1357 = CARTESIAN_POINT('',(3.,-29.));
#1358 = CARTESIAN_POINT('',(5.598076211353,-33.5));
#1359 = CARTESIAN_POINT('',(8.196152422707,-38.));
#1360 = CARTESIAN_POINT('',(3.,-38.));
#1361 = ( GEOMETRIC_REPRESENTATION_CONTEXT(2) 
PARAMETRIC_REPRESENTATION_CONTEXT() REPRESENTATION_CONTEXT('2D SPACE',''
  ) );
#1362 = ORIENTED_EDGE('',*,*,#1286,.T.);
#1363 = ORIENTED_EDGE('',*,*,#470,.T.);
#1364 = ORIENTED_EDGE('',*,*,#503,.T.);
#1365 = ADVANCED_FACE('',(#1366),#552,.F.);
#1366 = FACE_BOUND('',#1367,.F.);
#1367 = EDGE_LOOP('',(#1368,#1391,#1417,#1418));
#1368 = ORIENTED_EDGE('',*,*,#1369,.F.);
#1369 = EDGE_CURVE('',#1370,#532,#1372,.T.);
#1370 = VERTEX_POINT('',#1371);
#1371 = CARTESIAN_POINT('',(60.,20.,32.));
#1372 = SEAM_CURVE('',#1373,(#1377,#1384),.PCURVE_S1.);
#1373 = LINE('',#1374,#1375);
#1374 = CARTESIAN_POINT('',(60.,20.,32.));
#1375 = VECTOR('',#1376,1.);
#1376 = DIRECTION('',(-1.,-0.,0.));
#1377 = PCURVE('',#552,#1378);
#1378 = DEFINITIONAL_REPRESENTATION('',(#1379),#1383);
#1379 = LINE('',#1380,#1381);
#1380 = CARTESIAN_POINT('',(6.28318530718,0.));
#1381 = VECTOR('',#1382,1.);
#1382 = DIRECTION('',(0.,-1.));
#1383 = ( GEOMETRIC_REPRESENTATION_CONTEXT(2) 
PARAMETRIC_REPRESENTATION_CONTEXT() REPRESENTATION_CONTEXT('2D SPACE',''
  ) );
#1384 = PCURVE('',#552,#1385);
#1385 = DEFINITIONAL_REPRESENTATION('',(#1386),#1390);
#1386 = LINE('',#1387,#1388);
#1387 = CARTESIAN_POINT('',(0.,0.));
#1388 = VECTOR('',#1389,1.);
#1389 = DIRECTION('',(0.,-1.));
#1390 = ( GEOMETRIC_REPRESENTATION_CONTEXT(2) 
PARAMETRIC_REPRESENTATION_CONTEXT() REPRESENTATION_CONTEXT('2D SPACE',''
  ) );
#1391 = ORIENTED_EDGE('',*,*,#1392,.F.);
#1392 = EDGE_CURVE('',#1370,#1370,#1393,.T.);
#1393 = SURFACE_CURVE('',#1394,(#1399,#1406),.PCURVE_S1.);
#1394 = CIRCLE('',#1395,3.);
#1395 = AXIS2_PLACEMENT_3D('',#1396,#1397,#1398);
#1396 = CARTESIAN_POINT('',(60.,20.,35.));
#1397 = DIRECTION('',(1.,-0.,0.));
#1398 = DIRECTION('',(0.,0.,-1.));
#1399 = PCURVE('',#552,#1400);
#1400 = DEFINITIONAL_REPRESENTATION('',(#1401),#1405);
#1401 = LINE('',#1402,#1403);
#1402 = CARTESIAN_POINT('',(0.,0.));
#1403 = VECTOR('',#1404,1.);
#1404 = DIRECTION('',(1.,0.));
#1405 = ( GEOMETRIC_REPRESENTATION_CONTEXT(2) 
PARAMETRIC_REPRESENTATION_CONTEXT() REPRESENTATION_CONTEXT('2D SPACE',''
  ) );
#1406 = PCURVE('',#681,#1407);
#1407 = DEFINITIONAL_REPRESENTATION('',(#1408),#1416);
#1408 = ( BOUNDED_CURVE() B_SPLINE_CURVE(2,(#1409,#1410,#1411,#1412,
#1413,#1414,#1415),.UNSPECIFIED.,.T.,.F.) B_SPLINE_CURVE_WITH_KNOTS((1,2
    ,2,2,2,1),(-2.094395102393,0.,2.094395102393,4.188790204786,
6.28318530718,8.377580409573),.UNSPECIFIED.) CURVE() 
GEOMETRIC_REPRESENTATION_ITEM() RATIONAL_B_SPLINE_CURVE((1.,0.5,1.,0.5,
1.,0.5,1.)) REPRESENTATION_ITEM('') );
#1409 = CARTESIAN_POINT('',(20.,-15.));
#1410 = CARTESIAN_POINT('',(20.,-9.803847577293));
#1411 = CARTESIAN_POINT('',(24.5,-12.40192378864));
#1412 = CARTESIAN_POINT('',(29.,-15.));
#1413 = CARTESIAN_POINT('',(24.5,-17.59807621135));
#1414 = CARTESIAN_POINT('',(20.,-20.1961524227));
#1415 = CARTESIAN_POINT('',(20.,-15.));
#1416 = ( GEOMETRIC_REPRESENTATION_CONTEXT(2) 
PARAMETRIC_REPRESENTATION_CONTEXT() REPRESENTATION_CONTEXT('2D SPACE',''
  ) );
#1417 = ORIENTED_EDGE('',*,*,#1369,.T.);
#1418 = ORIENTED_EDGE('',*,*,#531,.T.);
#1419 = ADVANCED_FACE('',(#1420),#587,.F.);
#1420 = FACE_BOUND('',#1421,.F.);
#1421 = EDGE_LOOP('',(#1422,#1445,#1471,#1472));
#1422 = ORIENTED_EDGE('',*,*,#1423,.F.);
#1423 = EDGE_CURVE('',#1424,#567,#1426,.T.);
#1424 = VERTEX_POINT('',#1425);
#1425 = CARTESIAN_POINT('',(60.,12.5,35.));
#1426 = SEAM_CURVE('',#1427,(#1431,#1438),.PCURVE_S1.);
#1427 = LINE('',#1428,#1429);
#1428 = CARTESIAN_POINT('',(60.,12.5,35.));
#1429 = VECTOR('',#1430,1.);
#1430 = DIRECTION('',(-1.,-0.,-0.));
#1431 = PCURVE('',#587,#1432);
#1432 = DEFINITIONAL_REPRESENTATION('',(#1433),#1437);
#1433 = LINE('',#1434,#1435);
#1434 = CARTESIAN_POINT('',(6.28318530718,0.));
#1435 = VECTOR('',#1436,1.);
#1436 = DIRECTION('',(0.,-1.));
#1437 = ( GEOMETRIC_REPRESENTATION_CONTEXT(2) 
PARAMETRIC_REPRESENTATION_CONTEXT() REPRESENTATION_CONTEXT('2D SPACE',''
  ) );
#1438 = PCURVE('',#587,#1439);
#1439 = DEFINITIONAL_REPRESENTATION('',(#1440),#1444);
#1440 = LINE('',#1441,#1442);
#1441 = CARTESIAN_POINT('',(0.,0.));
#1442 = VECTOR('',#1443,1.);
#1443 = DIRECTION('',(0.,-1.));
#1444 = ( GEOMETRIC_REPRESENTATION_CONTEXT(2) 
PARAMETRIC_REPRESENTATION_CONTEXT() REPRESENTATION_CONTEXT('2D SPACE',''
  ) );
#1445 = ORIENTED_EDGE('',*,*,#1446,.F.);
#1446 = EDGE_CURVE('',#1424,#1424,#1447,.T.);
#1447 = SURFACE_CURVE('',#1448,(#1453,#1460),.PCURVE_S1.);
#1448 = CIRCLE('',#1449,12.5);
#1449 = AXIS2_PLACEMENT_3D('',#1450,#1451,#1452);
#1450 = CARTESIAN_POINT('',(60.,0.,35.));
#1451 = DIRECTION('',(1.,0.,0.));
#1452 = DIRECTION('',(0.,1.,0.));
#1453 = PCURVE('',#587,#1454);
#1454 = DEFINITIONAL_REPRESENTATION('',(#1455),#1459);
#1455 = LINE('',#1456,#1457);
#1456 = CARTESIAN_POINT('',(0.,0.));
#1457 = VECTOR('',#1458,1.);
#1458 = DIRECTION('',(1.,0.));
#1459 = ( GEOMETRIC_REPRESENTATION_CONTEXT(2) 
PARAMETRIC_REPRESENTATION_CONTEXT() REPRESENTATION_CONTEXT('2D SPACE',''
  ) );
#1460 = PCURVE('',#681,#1461);
#1461 = DEFINITIONAL_REPRESENTATION('',(#1462),#1470);
#1462 = ( BOUNDED_CURVE() B_SPLINE_CURVE(2,(#1463,#1464,#1465,#1466,
#1467,#1468,#1469),.UNSPECIFIED.,.T.,.F.) B_SPLINE_CURVE_WITH_KNOTS((1,2
    ,2,2,2,1),(-2.094395102393,0.,2.094395102393,4.188790204786,
6.28318530718,8.377580409573),.UNSPECIFIED.) CURVE() 
GEOMETRIC_REPRESENTATION_ITEM() RATIONAL_B_SPLINE_CURVE((1.,0.5,1.,0.5,
1.,0.5,1.)) REPRESENTATION_ITEM('') );
#1463 = CARTESIAN_POINT('',(23.,-22.5));
#1464 = CARTESIAN_POINT('',(44.650635094611,-22.5));
#1465 = CARTESIAN_POINT('',(33.825317547305,-41.25));
#1466 = CARTESIAN_POINT('',(23.,-60.));
#1467 = CARTESIAN_POINT('',(12.174682452695,-41.25));
#1468 = CARTESIAN_POINT('',(1.349364905389,-22.5));
#1469 = CARTESIAN_POINT('',(23.,-22.5));
#1470 = ( GEOMETRIC_REPRESENTATION_CONTEXT(2) 
PARAMETRIC_REPRESENTATION_CONTEXT() REPRESENTATION_CONTEXT('2D SPACE',''
  ) );
#1471 = ORIENTED_EDGE('',*,*,#1423,.T.);
#1472 = ORIENTED_EDGE('',*,*,#566,.T.);
#1473 = ADVANCED_FACE('',(#1474),#622,.F.);
#1474 = FACE_BOUND('',#1475,.F.);
#1475 = EDGE_LOOP('',(#1476,#1499,#1525,#1526));
#1476 = ORIENTED_EDGE('',*,*,#1477,.F.);
#1477 = EDGE_CURVE('',#1478,#602,#1480,.T.);
#1478 = VERTEX_POINT('',#1479);
#1479 = CARTESIAN_POINT('',(60.,3.,55.));
#1480 = SEAM_CURVE('',#1481,(#1485,#1492),.PCURVE_S1.);
#1481 = LINE('',#1482,#1483);
#1482 = CARTESIAN_POINT('',(60.,3.,55.));
#1483 = VECTOR('',#1484,1.);
#1484 = DIRECTION('',(-1.,-0.,-0.));
#1485 = PCURVE('',#622,#1486);
#1486 = DEFINITIONAL_REPRESENTATION('',(#1487),#1491);
#1487 = LINE('',#1488,#1489);
#1488 = CARTESIAN_POINT('',(6.28318530718,0.));
#1489 = VECTOR('',#1490,1.);
#1490 = DIRECTION('',(0.,-1.));
#1491 = ( GEOMETRIC_REPRESENTATION_CONTEXT(2) 
PARAMETRIC_REPRESENTATION_CONTEXT() REPRESENTATION_CONTEXT('2D SPACE',''
  ) );
#1492 = PCURVE('',#622,#1493);
#1493 = DEFINITIONAL_REPRESENTATION('',(#1494),#1498);
#1494 = LINE('',#1495,#1496);
#1495 = CARTESIAN_POINT('',(0.,0.));
#1496 = VECTOR('',#1497,1.);
#1497 = DIRECTION('',(0.,-1.));
#1498 = ( GEOMETRIC_REPRESENTATION_CONTEXT(2) 
PARAMETRIC_REPRESENTATION_CONTEXT() REPRESENTATION_CONTEXT('2D SPACE',''
  ) );
#1499 = ORIENTED_EDGE('',*,*,#1500,.F.);
#1500 = EDGE_CURVE('',#1478,#1478,#1501,.T.);
#1501 = SURFACE_CURVE('',#1502,(#1507,#1514),.PCURVE_S1.);
#1502 = CIRCLE('',#1503,3.);
#1503 = AXIS2_PLACEMENT_3D('',#1504,#1505,#1506);
#1504 = CARTESIAN_POINT('',(60.,0.,55.));
#1505 = DIRECTION('',(1.,0.,0.));
#1506 = DIRECTION('',(0.,1.,0.));
#1507 = PCURVE('',#622,#1508);
#1508 = DEFINITIONAL_REPRESENTATION('',(#1509),#1513);
#1509 = LINE('',#1510,#1511);
#1510 = CARTESIAN_POINT('',(0.,0.));
#1511 = VECTOR('',#1512,1.);
#1512 = DIRECTION('',(1.,0.));
#1513 = ( GEOMETRIC_REPRESENTATION_CONTEXT(2) 
PARAMETRIC_REPRESENTATION_CONTEXT() REPRESENTATION_CONTEXT('2D SPACE',''
  ) );
#1514 = PCURVE('',#681,#1515);
#1515 = DEFINITIONAL_REPRESENTATION('',(#1516),#1524);
#1516 = ( BOUNDED_CURVE() B_SPLINE_CURVE(2,(#1517,#1518,#1519,#1520,
#1521,#1522,#1523),.UNSPECIFIED.,.T.,.F.) B_SPLINE_CURVE_WITH_KNOTS((1,2
    ,2,2,2,1),(-2.094395102393,0.,2.094395102393,4.188790204786,
6.28318530718,8.377580409573),.UNSPECIFIED.) CURVE() 
GEOMETRIC_REPRESENTATION_ITEM() RATIONAL_B_SPLINE_CURVE((1.,0.5,1.,0.5,
1.,0.5,1.)) REPRESENTATION_ITEM('') );
#1517 = CARTESIAN_POINT('',(43.,-32.));
#1518 = CARTESIAN_POINT('',(48.196152422707,-32.));
#1519 = CARTESIAN_POINT('',(45.598076211353,-36.5));
#1520 = CARTESIAN_POINT('',(43.,-41.));
#1521 = CARTESIAN_POINT('',(40.401923788647,-36.5));
#1522 = CARTESIAN_POINT('',(37.803847577293,-32.));
#1523 = CARTESIAN_POINT('',(43.,-32.));
#1524 = ( GEOMETRIC_REPRESENTATION_CONTEXT(2) 
PARAMETRIC_REPRESENTATION_CONTEXT() REPRESENTATION_CONTEXT('2D SPACE',''
  ) );
#1525 = ORIENTED_EDGE('',*,*,#1477,.T.);
#1526 = ORIENTED_EDGE('',*,*,#601,.T.);
#1527 = ADVANCED_FACE('',(#1528,#1582,#1585,#1589,#1592,#1595),#681,.F.
  );
#1528 = FACE_BOUND('',#1529,.F.);
#1529 = EDGE_LOOP('',(#1530,#1531,#1532,#1533,#1559,#1580,#1581));
#1530 = ORIENTED_EDGE('',*,*,#665,.F.);
#1531 = ORIENTED_EDGE('',*,*,#1110,.T.);
#1532 = ORIENTED_EDGE('',*,*,#1063,.F.);
#1533 = ORIENTED_EDGE('',*,*,#1534,.T.);
#1534 = EDGE_CURVE('',#1064,#1310,#1535,.T.);
#1535 = SURFACE_CURVE('',#1536,(#1540,#1547),.PCURVE_S1.);
#1536 = LINE('',#1537,#1538);
#1537 = CARTESIAN_POINT('',(60.,35.,12.));
#1538 = VECTOR('',#1539,1.);
#1539 = DIRECTION('',(0.,-1.,2.2E-16));
#1540 = PCURVE('',#681,#1541);
#1541 = DEFINITIONAL_REPRESENTATION('',(#1542),#1546);
#1542 = LINE('',#1543,#1544);
#1543 = CARTESIAN_POINT('',(0.,0.));
#1544 = VECTOR('',#1545,1.);
#1545 = DIRECTION('',(0.,-1.));
#1546 = ( GEOMETRIC_REPRESENTATION_CONTEXT(2) 
PARAMETRIC_REPRESENTATION_CONTEXT() REPRESENTATION_CONTEXT('2D SPACE',''
  ) );
#1547 = PCURVE('',#1548,#1553);
#1548 = CYLINDRICAL_SURFACE('',#1549,12.);
#1549 = AXIS2_PLACEMENT_3D('',#1550,#1551,#1552);
#1550 = CARTESIAN_POINT('',(48.,35.,12.));
#1551 = DIRECTION('',(0.,1.,-2.2E-16));
#1552 = DIRECTION('',(0.,-2.2E-16,-1.));
#1553 = DEFINITIONAL_REPRESENTATION('',(#1554),#1558);
#1554 = LINE('',#1555,#1556);
#1555 = CARTESIAN_POINT('',(-1.570796326795,0.));
#1556 = VECTOR('',#1557,1.);
#1557 = DIRECTION('',(-0.,-1.));
#1558 = ( GEOMETRIC_REPRESENTATION_CONTEXT(2) 
PARAMETRIC_REPRESENTATION_CONTEXT() REPRESENTATION_CONTEXT('2D SPACE',''
  ) );
#1559 = ORIENTED_EDGE('',*,*,#1560,.T.);
#1560 = EDGE_CURVE('',#1310,#873,#1561,.T.);
#1561 = SURFACE_CURVE('',#1562,(#1566,#1573),.PCURVE_S1.);
#1562 = LINE('',#1563,#1564);
#1563 = CARTESIAN_POINT('',(60.,35.,12.));
#1564 = VECTOR('',#1565,1.);
#1565 = DIRECTION('',(0.,-1.,2.2E-16));
#1566 = PCURVE('',#681,#1567);
#1567 = DEFINITIONAL_REPRESENTATION('',(#1568),#1572);
#1568 = LINE('',#1569,#1570);
#1569 = CARTESIAN_POINT('',(0.,0.));
#1570 = VECTOR('',#1571,1.);
#1571 = DIRECTION('',(0.,-1.));
#1572 = ( GEOMETRIC_REPRESENTATION_CONTEXT(2) 
PARAMETRIC_REPRESENTATION_CONTEXT() REPRESENTATION_CONTEXT('2D SPACE',''
  ) );
#1573 = PCURVE('',#1548,#1574);
#1574 = DEFINITIONAL_REPRESENTATION('',(#1575),#1579);
#1575 = LINE('',#1576,#1577);
#1576 = CARTESIAN_POINT('',(-1.570796326795,0.));
#1577 = VECTOR('',#1578,1.);
#1578 = DIRECTION('',(-0.,-1.));
#1579 = ( GEOMETRIC_REPRESENTATION_CONTEXT(2) 
PARAMETRIC_REPRESENTATION_CONTEXT() REPRESENTATION_CONTEXT('2D SPACE',''
  ) );
#1580 = ORIENTED_EDGE('',*,*,#912,.T.);
#1581 = ORIENTED_EDGE('',*,*,#749,.F.);
#1582 = FACE_BOUND('',#1583,.F.);
#1583 = EDGE_LOOP('',(#1584));
#1584 = ORIENTED_EDGE('',*,*,#1255,.T.);
#1585 = FACE_BOUND('',#1586,.F.);
#1586 = EDGE_LOOP('',(#1587,#1588));
#1587 = ORIENTED_EDGE('',*,*,#1337,.T.);
#1588 = ORIENTED_EDGE('',*,*,#1309,.T.);
#1589 = FACE_BOUND('',#1590,.F.);
#1590 = EDGE_LOOP('',(#1591));
#1591 = ORIENTED_EDGE('',*,*,#1392,.T.);
#1592 = FACE_BOUND('',#1593,.F.);
#1593 = EDGE_LOOP('',(#1594));
#1594 = ORIENTED_EDGE('',*,*,#1446,.T.);
#1595 = FACE_BOUND('',#1596,.F.);
#1596 = EDGE_LOOP('',(#1597));
#1597 = ORIENTED_EDGE('',*,*,#1500,.T.);
#1598 = ADVANCED_FACE('',(#1599),#886,.T.);
#1599 = FACE_BOUND('',#1600,.T.);
#1600 = EDGE_LOOP('',(#1601,#1602,#1628,#1650));
#1601 = ORIENTED_EDGE('',*,*,#967,.F.);
#1602 = ORIENTED_EDGE('',*,*,#1603,.T.);
#1603 = EDGE_CURVE('',#940,#1604,#1606,.T.);
#1604 = VERTEX_POINT('',#1605);
#1605 = CARTESIAN_POINT('',(48.,-35.,7.E-15));
#1606 = SURFACE_CURVE('',#1607,(#1610,#1617),.PCURVE_S1.);
#1607 = B_SPLINE_CURVE_WITH_KNOTS('',1,(#1608,#1609),.UNSPECIFIED.,.F.,
  .F.,(2,2),(0.,1.),.PIECEWISE_BEZIER_KNOTS.);
#1608 = CARTESIAN_POINT('',(48.,-35.,6.));
#1609 = CARTESIAN_POINT('',(48.,-35.,7.55E-15));
#1610 = PCURVE('',#886,#1611);
#1611 = DEFINITIONAL_REPRESENTATION('',(#1612),#1616);
#1612 = LINE('',#1613,#1614);
#1613 = CARTESIAN_POINT('',(6.28318530718,0.));
#1614 = VECTOR('',#1615,1.);
#1615 = DIRECTION('',(0.,1.));
#1616 = ( GEOMETRIC_REPRESENTATION_CONTEXT(2) 
PARAMETRIC_REPRESENTATION_CONTEXT() REPRESENTATION_CONTEXT('2D SPACE',''
  ) );
#1617 = PCURVE('',#1618,#1623);
#1618 = PLANE('',#1619);
#1619 = AXIS2_PLACEMENT_3D('',#1620,#1621,#1622);
#1620 = CARTESIAN_POINT('',(-60.,-35.,7.55E-15));
#1621 = DIRECTION('',(0.,-1.,0.));
#1622 = DIRECTION('',(-1.,0.,0.));
#1623 = DEFINITIONAL_REPRESENTATION('',(#1624),#1627);
#1624 = B_SPLINE_CURVE_WITH_KNOTS('',1,(#1625,#1626),.UNSPECIFIED.,.F.,
  .F.,(2,2),(0.,1.),.PIECEWISE_BEZIER_KNOTS.);
#1625 = CARTESIAN_POINT('',(-108.,-6.));
#1626 = CARTESIAN_POINT('',(-108.,0.));
#1627 = ( GEOMETRIC_REPRESENTATION_CONTEXT(2) 
PARAMETRIC_REPRESENTATION_CONTEXT() REPRESENTATION_CONTEXT('2D SPACE',''
  ) );
#1628 = ORIENTED_EDGE('',*,*,#1629,.T.);
#1629 = EDGE_CURVE('',#1604,#873,#1630,.T.);
#1630 = SURFACE_CURVE('',#1631,(#1636,#1643),.PCURVE_S1.);
#1631 = CIRCLE('',#1632,12.);
#1632 = AXIS2_PLACEMENT_3D('',#1633,#1634,#1635);
#1633 = CARTESIAN_POINT('',(48.,-35.,12.));
#1634 = DIRECTION('',(0.,-1.,2.2E-16));
#1635 = DIRECTION('',(0.,-2.2E-16,-1.));
#1636 = PCURVE('',#886,#1637);
#1637 = DEFINITIONAL_REPRESENTATION('',(#1638),#1642);
#1638 = LINE('',#1639,#1640);
#1639 = CARTESIAN_POINT('',(6.28318530718,1.));
#1640 = VECTOR('',#1641,1.);
#1641 = DIRECTION('',(-1.,0.));
#1642 = ( GEOMETRIC_REPRESENTATION_CONTEXT(2) 
PARAMETRIC_REPRESENTATION_CONTEXT() REPRESENTATION_CONTEXT('2D SPACE',''
  ) );
#1643 = PCURVE('',#1548,#1644);
#1644 = DEFINITIONAL_REPRESENTATION('',(#1645),#1649);
#1645 = LINE('',#1646,#1647);
#1646 = CARTESIAN_POINT('',(-0.,-70.));
#1647 = VECTOR('',#1648,1.);
#1648 = DIRECTION('',(-1.,0.));
#1649 = ( GEOMETRIC_REPRESENTATION_CONTEXT(2) 
PARAMETRIC_REPRESENTATION_CONTEXT() REPRESENTATION_CONTEXT('2D SPACE',''
  ) );
#1650 = ORIENTED_EDGE('',*,*,#872,.F.);
#1651 = ADVANCED_FACE('',(#1652),#955,.T.);
#1652 = FACE_BOUND('',#1653,.T.);
#1653 = EDGE_LOOP('',(#1654,#1684,#1705,#1706));
#1654 = ORIENTED_EDGE('',*,*,#1655,.T.);
#1655 = EDGE_CURVE('',#1656,#1658,#1660,.T.);
#1656 = VERTEX_POINT('',#1657);
#1657 = CARTESIAN_POINT('',(-48.,35.,6.));
#1658 = VERTEX_POINT('',#1659);
#1659 = CARTESIAN_POINT('',(-48.,-35.,6.));
#1660 = SURFACE_CURVE('',#1661,(#1665,#1672),.PCURVE_S1.);
#1661 = LINE('',#1662,#1663);
#1662 = CARTESIAN_POINT('',(-48.,35.,6.));
#1663 = VECTOR('',#1664,1.);
#1664 = DIRECTION('',(0.,-1.,2.2E-16));
#1665 = PCURVE('',#955,#1666);
#1666 = DEFINITIONAL_REPRESENTATION('',(#1667),#1671);
#1667 = LINE('',#1668,#1669);
#1668 = CARTESIAN_POINT('',(0.,0.));
#1669 = VECTOR('',#1670,1.);
#1670 = DIRECTION('',(0.,-1.));
#1671 = ( GEOMETRIC_REPRESENTATION_CONTEXT(2) 
PARAMETRIC_REPRESENTATION_CONTEXT() REPRESENTATION_CONTEXT('2D SPACE',''
  ) );
#1672 = PCURVE('',#1673,#1678);
#1673 = CYLINDRICAL_SURFACE('',#1674,6.);
#1674 = AXIS2_PLACEMENT_3D('',#1675,#1676,#1677);
#1675 = CARTESIAN_POINT('',(-48.,35.,12.));
#1676 = DIRECTION('',(0.,1.,-2.2E-16));
#1677 = DIRECTION('',(2.2E-16,-2.2E-16,-1.));
#1678 = DEFINITIONAL_REPRESENTATION('',(#1679),#1683);
#1679 = LINE('',#1680,#1681);
#1680 = CARTESIAN_POINT('',(-6.28318530718,0.));
#1681 = VECTOR('',#1682,1.);
#1682 = DIRECTION('',(-0.,-1.));
#1683 = ( GEOMETRIC_REPRESENTATION_CONTEXT(2) 
PARAMETRIC_REPRESENTATION_CONTEXT() REPRESENTATION_CONTEXT('2D SPACE',''
  ) );
#1684 = ORIENTED_EDGE('',*,*,#1685,.T.);
#1685 = EDGE_CURVE('',#1658,#940,#1686,.T.);
#1686 = SURFACE_CURVE('',#1687,(#1691,#1698),.PCURVE_S1.);
#1687 = LINE('',#1688,#1689);
#1688 = CARTESIAN_POINT('',(-60.,-35.,6.));
#1689 = VECTOR('',#1690,1.);
#1690 = DIRECTION('',(1.,0.,0.));
#1691 = PCURVE('',#955,#1692);
#1692 = DEFINITIONAL_REPRESENTATION('',(#1693),#1697);
#1693 = LINE('',#1694,#1695);
#1694 = CARTESIAN_POINT('',(-12.,-70.));
#1695 = VECTOR('',#1696,1.);
#1696 = DIRECTION('',(1.,0.));
#1697 = ( GEOMETRIC_REPRESENTATION_CONTEXT(2) 
PARAMETRIC_REPRESENTATION_CONTEXT() REPRESENTATION_CONTEXT('2D SPACE',''
  ) );
#1698 = PCURVE('',#1618,#1699);
#1699 = DEFINITIONAL_REPRESENTATION('',(#1700),#1704);
#1700 = LINE('',#1701,#1702);
#1701 = CARTESIAN_POINT('',(0.,-6.));
#1702 = VECTOR('',#1703,1.);
#1703 = DIRECTION('',(-1.,-0.));
#1704 = ( GEOMETRIC_REPRESENTATION_CONTEXT(2) 
PARAMETRIC_REPRESENTATION_CONTEXT() REPRESENTATION_CONTEXT('2D SPACE',''
  ) );
#1705 = ORIENTED_EDGE('',*,*,#937,.F.);
#1706 = ORIENTED_EDGE('',*,*,#1707,.F.);
#1707 = EDGE_CURVE('',#1656,#938,#1708,.T.);
#1708 = SURFACE_CURVE('',#1709,(#1713,#1720),.PCURVE_S1.);
#1709 = LINE('',#1710,#1711);
#1710 = CARTESIAN_POINT('',(-60.,35.,6.));
#1711 = VECTOR('',#1712,1.);
#1712 = DIRECTION('',(1.,0.,0.));
#1713 = PCURVE('',#955,#1714);
#1714 = DEFINITIONAL_REPRESENTATION('',(#1715),#1719);
#1715 = LINE('',#1716,#1717);
#1716 = CARTESIAN_POINT('',(-12.,0.));
#1717 = VECTOR('',#1718,1.);
#1718 = DIRECTION('',(1.,0.));
#1719 = ( GEOMETRIC_REPRESENTATION_CONTEXT(2) 
PARAMETRIC_REPRESENTATION_CONTEXT() REPRESENTATION_CONTEXT('2D SPACE',''
  ) );
#1720 = PCURVE('',#1721,#1726);
#1721 = PLANE('',#1722);
#1722 = AXIS2_PLACEMENT_3D('',#1723,#1724,#1725);
#1723 = CARTESIAN_POINT('',(-60.,35.,-7.99E-15));
#1724 = DIRECTION('',(0.,1.,0.));
#1725 = DIRECTION('',(1.,0.,0.));
#1726 = DEFINITIONAL_REPRESENTATION('',(#1727),#1731);
#1727 = LINE('',#1728,#1729);
#1728 = CARTESIAN_POINT('',(0.,-6.));
#1729 = VECTOR('',#1730,1.);
#1730 = DIRECTION('',(1.,0.));
#1731 = ( GEOMETRIC_REPRESENTATION_CONTEXT(2) 
PARAMETRIC_REPRESENTATION_CONTEXT() REPRESENTATION_CONTEXT('2D SPACE',''
  ) );
#1732 = ADVANCED_FACE('',(#1733),#1006,.T.);
#1733 = FACE_BOUND('',#1734,.T.);
#1734 = EDGE_LOOP('',(#1735,#1736,#1737,#1761));
#1735 = ORIENTED_EDGE('',*,*,#991,.T.);
#1736 = ORIENTED_EDGE('',*,*,#1086,.T.);
#1737 = ORIENTED_EDGE('',*,*,#1738,.F.);
#1738 = EDGE_CURVE('',#1739,#1064,#1741,.T.);
#1739 = VERTEX_POINT('',#1740);
#1740 = CARTESIAN_POINT('',(48.,35.,-8.E-15));
#1741 = SURFACE_CURVE('',#1742,(#1747,#1754),.PCURVE_S1.);
#1742 = CIRCLE('',#1743,12.);
#1743 = AXIS2_PLACEMENT_3D('',#1744,#1745,#1746);
#1744 = CARTESIAN_POINT('',(48.,35.,12.));
#1745 = DIRECTION('',(0.,-1.,2.2E-16));
#1746 = DIRECTION('',(0.,-2.2E-16,-1.));
#1747 = PCURVE('',#1006,#1748);
#1748 = DEFINITIONAL_REPRESENTATION('',(#1749),#1753);
#1749 = LINE('',#1750,#1751);
#1750 = CARTESIAN_POINT('',(0.,1.));
#1751 = VECTOR('',#1752,1.);
#1752 = DIRECTION('',(1.,0.));
#1753 = ( GEOMETRIC_REPRESENTATION_CONTEXT(2) 
PARAMETRIC_REPRESENTATION_CONTEXT() REPRESENTATION_CONTEXT('2D SPACE',''
  ) );
#1754 = PCURVE('',#1548,#1755);
#1755 = DEFINITIONAL_REPRESENTATION('',(#1756),#1760);
#1756 = LINE('',#1757,#1758);
#1757 = CARTESIAN_POINT('',(-0.,0.));
#1758 = VECTOR('',#1759,1.);
#1759 = DIRECTION('',(-1.,0.));
#1760 = ( GEOMETRIC_REPRESENTATION_CONTEXT(2) 
PARAMETRIC_REPRESENTATION_CONTEXT() REPRESENTATION_CONTEXT('2D SPACE',''
  ) );
#1761 = ORIENTED_EDGE('',*,*,#1762,.F.);
#1762 = EDGE_CURVE('',#938,#1739,#1763,.T.);
#1763 = SURFACE_CURVE('',#1764,(#1767,#1774),.PCURVE_S1.);
#1764 = B_SPLINE_CURVE_WITH_KNOTS('',1,(#1765,#1766),.UNSPECIFIED.,.F.,
  .F.,(2,2),(0.,1.),.PIECEWISE_BEZIER_KNOTS.);
#1765 = CARTESIAN_POINT('',(48.,35.,6.));
#1766 = CARTESIAN_POINT('',(48.,35.,-8.88E-15));
#1767 = PCURVE('',#1006,#1768);
#1768 = DEFINITIONAL_REPRESENTATION('',(#1769),#1773);
#1769 = LINE('',#1770,#1771);
#1770 = CARTESIAN_POINT('',(0.,0.));
#1771 = VECTOR('',#1772,1.);
#1772 = DIRECTION('',(0.,1.));
#1773 = ( GEOMETRIC_REPRESENTATION_CONTEXT(2) 
PARAMETRIC_REPRESENTATION_CONTEXT() REPRESENTATION_CONTEXT('2D SPACE',''
  ) );
#1774 = PCURVE('',#1721,#1775);
#1775 = DEFINITIONAL_REPRESENTATION('',(#1776),#1779);
#1776 = B_SPLINE_CURVE_WITH_KNOTS('',1,(#1777,#1778),.UNSPECIFIED.,.F.,
  .F.,(2,2),(0.,1.),.PIECEWISE_BEZIER_KNOTS.);
#1777 = CARTESIAN_POINT('',(108.,-6.));
#1778 = CARTESIAN_POINT('',(108.,8.9E-16));
#1779 = ( GEOMETRIC_REPRESENTATION_CONTEXT(2) 
PARAMETRIC_REPRESENTATION_CONTEXT() REPRESENTATION_CONTEXT('2D SPACE',''
  ) );
#1780 = ADVANCED_FACE('',(#1781),#1548,.T.);
#1781 = FACE_BOUND('',#1782,.F.);
#1782 = EDGE_LOOP('',(#1783,#1809,#1810,#1811,#1812));
#1783 = ORIENTED_EDGE('',*,*,#1784,.T.);
#1784 = EDGE_CURVE('',#1739,#1604,#1785,.T.);
#1785 = SURFACE_CURVE('',#1786,(#1790,#1797),.PCURVE_S1.);
#1786 = LINE('',#1787,#1788);
#1787 = CARTESIAN_POINT('',(48.,35.,-8.88E-15));
#1788 = VECTOR('',#1789,1.);
#1789 = DIRECTION('',(0.,-1.,2.2E-16));
#1790 = PCURVE('',#1548,#1791);
#1791 = DEFINITIONAL_REPRESENTATION('',(#1792),#1796);
#1792 = LINE('',#1793,#1794);
#1793 = CARTESIAN_POINT('',(-0.,0.));
#1794 = VECTOR('',#1795,1.);
#1795 = DIRECTION('',(-0.,-1.));
#1796 = ( GEOMETRIC_REPRESENTATION_CONTEXT(2) 
PARAMETRIC_REPRESENTATION_CONTEXT() REPRESENTATION_CONTEXT('2D SPACE',''
  ) );
#1797 = PCURVE('',#1798,#1803);
#1798 = PLANE('',#1799);
#1799 = AXIS2_PLACEMENT_3D('',#1800,#1801,#1802);
#1800 = CARTESIAN_POINT('',(-48.,35.,-7.99E-15));
#1801 = DIRECTION('',(0.,2.2E-16,1.));
#1802 = DIRECTION('',(1.,0.,0.));
#1803 = DEFINITIONAL_REPRESENTATION('',(#1804),#1808);
#1804 = LINE('',#1805,#1806);
#1805 = CARTESIAN_POINT('',(96.,0.));
#1806 = VECTOR('',#1807,1.);
#1807 = DIRECTION('',(0.,-1.));
#1808 = ( GEOMETRIC_REPRESENTATION_CONTEXT(2) 
PARAMETRIC_REPRESENTATION_CONTEXT() REPRESENTATION_CONTEXT('2D SPACE',''
  ) );
#1809 = ORIENTED_EDGE('',*,*,#1629,.T.);
#1810 = ORIENTED_EDGE('',*,*,#1560,.F.);
#1811 = ORIENTED_EDGE('',*,*,#1534,.F.);
#1812 = ORIENTED_EDGE('',*,*,#1738,.F.);
#1813 = ADVANCED_FACE('',(#1814),#1618,.T.);
#1814 = FACE_BOUND('',#1815,.T.);
#1815 = EDGE_LOOP('',(#1816,#1817,#1857,#1878));
#1816 = ORIENTED_EDGE('',*,*,#1685,.F.);
#1817 = ORIENTED_EDGE('',*,*,#1818,.T.);
#1818 = EDGE_CURVE('',#1658,#1819,#1821,.T.);
#1819 = VERTEX_POINT('',#1820);
#1820 = CARTESIAN_POINT('',(-48.,-35.,8.E-15));
#1821 = SURFACE_CURVE('',#1822,(#1825,#1831),.PCURVE_S1.);
#1822 = B_SPLINE_CURVE_WITH_KNOTS('',1,(#1823,#1824),.UNSPECIFIED.,.F.,
  .F.,(2,2),(0.,1.),.PIECEWISE_BEZIER_KNOTS.);
#1823 = CARTESIAN_POINT('',(-48.,-35.,6.));
#1824 = CARTESIAN_POINT('',(-48.,-35.,7.55E-15));
#1825 = PCURVE('',#1618,#1826);
#1826 = DEFINITIONAL_REPRESENTATION('',(#1827),#1830);
#1827 = B_SPLINE_CURVE_WITH_KNOTS('',1,(#1828,#1829),.UNSPECIFIED.,.F.,
  .F.,(2,2),(0.,1.),.PIECEWISE_BEZIER_KNOTS.);
#1828 = CARTESIAN_POINT('',(-12.,-6.));
#1829 = CARTESIAN_POINT('',(-12.,0.));
#1830 = ( GEOMETRIC_REPRESENTATION_CONTEXT(2) 
PARAMETRIC_REPRESENTATION_CONTEXT() REPRESENTATION_CONTEXT('2D SPACE',''
  ) );
#1831 = PCURVE('',#1832,#1851);
#1832 = B_SPLINE_SURFACE_WITH_KNOTS('',8,1,(
    (#1833,#1834)
    ,(#1835,#1836)
    ,(#1837,#1838)
    ,(#1839,#1840)
    ,(#1841,#1842)
    ,(#1843,#1844)
    ,(#1845,#1846)
    ,(#1847,#1848)
    ,(#1849,#1850
    )),.UNSPECIFIED.,.F.,.F.,.F.,(9,9),(2,2),(0.,1.570796326795),(0.,1.)
  ,.PIECEWISE_BEZIER_KNOTS.);
#1833 = CARTESIAN_POINT('',(-48.,-35.,6.));
#1834 = CARTESIAN_POINT('',(-48.,-35.,9.33E-15));
#1835 = CARTESIAN_POINT('',(-49.17809724509,-35.,6.));
#1836 = CARTESIAN_POINT('',(-50.35619449019,-35.,3.82E-15));
#1837 = CARTESIAN_POINT('',(-50.35619486102,-35.,6.264364733767));
#1838 = CARTESIAN_POINT('',(-52.71238972205,-35.,0.528729467534));
#1839 = CARTESIAN_POINT('',(-51.46507940601,-35.,6.793091604772));
#1840 = CARTESIAN_POINT('',(-54.93015881202,-35.,1.586183209543));
#1841 = CARTESIAN_POINT('',(-52.43555253467,-34.99999999999,
    7.564447465321));
#1842 = CARTESIAN_POINT('',(-56.87110506935,-34.99999999999,
    3.128894930641));
#1843 = CARTESIAN_POINT('',(-53.20690839522,-35.,8.53492059399));
#1844 = CARTESIAN_POINT('',(-58.41381679045,-35.,5.069841187979));
#1845 = CARTESIAN_POINT('',(-53.73563526623,-35.,9.643805138975));
#1846 = CARTESIAN_POINT('',(-59.47127053246,-35.,7.287610277949));
#1847 = CARTESIAN_POINT('',(-54.,-35.,10.821902754904));
#1848 = CARTESIAN_POINT('',(-60.,-35.,9.643805509808));
#1849 = CARTESIAN_POINT('',(-54.,-35.,12.));
#1850 = CARTESIAN_POINT('',(-60.,-35.,12.));
#1851 = DEFINITIONAL_REPRESENTATION('',(#1852),#1856);
#1852 = LINE('',#1853,#1854);
#1853 = CARTESIAN_POINT('',(0.,0.));
#1854 = VECTOR('',#1855,1.);
#1855 = DIRECTION('',(0.,1.));
#1856 = ( GEOMETRIC_REPRESENTATION_CONTEXT(2) 
PARAMETRIC_REPRESENTATION_CONTEXT() REPRESENTATION_CONTEXT('2D SPACE',''
  ) );
#1857 = ORIENTED_EDGE('',*,*,#1858,.T.);
#1858 = EDGE_CURVE('',#1819,#1604,#1859,.T.);
#1859 = SURFACE_CURVE('',#1860,(#1864,#1871),.PCURVE_S1.);
#1860 = LINE('',#1861,#1862);
#1861 = CARTESIAN_POINT('',(-60.,-35.,7.55E-15));
#1862 = VECTOR('',#1863,1.);
#1863 = DIRECTION('',(1.,0.,0.));
#1864 = PCURVE('',#1618,#1865);
#1865 = DEFINITIONAL_REPRESENTATION('',(#1866),#1870);
#1866 = LINE('',#1867,#1868);
#1867 = CARTESIAN_POINT('',(0.,-0.));
#1868 = VECTOR('',#1869,1.);
#1869 = DIRECTION('',(-1.,-0.));
#1870 = ( GEOMETRIC_REPRESENTATION_CONTEXT(2) 
PARAMETRIC_REPRESENTATION_CONTEXT() REPRESENTATION_CONTEXT('2D SPACE',''
  ) );
#1871 = PCURVE('',#1798,#1872);
#1872 = DEFINITIONAL_REPRESENTATION('',(#1873),#1877);
#1873 = LINE('',#1874,#1875);
#1874 = CARTESIAN_POINT('',(-12.,-70.));
#1875 = VECTOR('',#1876,1.);
#1876 = DIRECTION('',(1.,0.));
#1877 = ( GEOMETRIC_REPRESENTATION_CONTEXT(2) 
PARAMETRIC_REPRESENTATION_CONTEXT() REPRESENTATION_CONTEXT('2D SPACE',''
  ) );
#1878 = ORIENTED_EDGE('',*,*,#1603,.F.);
#1879 = ADVANCED_FACE('',(#1880),#1673,.F.);
#1880 = FACE_BOUND('',#1881,.T.);
#1881 = EDGE_LOOP('',(#1882,#1912,#1934,#1935));
#1882 = ORIENTED_EDGE('',*,*,#1883,.T.);
#1883 = EDGE_CURVE('',#1884,#1886,#1888,.T.);
#1884 = VERTEX_POINT('',#1885);
#1885 = CARTESIAN_POINT('',(-54.,35.,12.));
#1886 = VERTEX_POINT('',#1887);
#1887 = CARTESIAN_POINT('',(-54.,-35.,12.));
#1888 = SURFACE_CURVE('',#1889,(#1893,#1900),.PCURVE_S1.);
#1889 = LINE('',#1890,#1891);
#1890 = CARTESIAN_POINT('',(-54.,35.,12.));
#1891 = VECTOR('',#1892,1.);
#1892 = DIRECTION('',(0.,-1.,2.2E-16));
#1893 = PCURVE('',#1673,#1894);
#1894 = DEFINITIONAL_REPRESENTATION('',(#1895),#1899);
#1895 = LINE('',#1896,#1897);
#1896 = CARTESIAN_POINT('',(-4.712388980385,0.));
#1897 = VECTOR('',#1898,1.);
#1898 = DIRECTION('',(-0.,-1.));
#1899 = ( GEOMETRIC_REPRESENTATION_CONTEXT(2) 
PARAMETRIC_REPRESENTATION_CONTEXT() REPRESENTATION_CONTEXT('2D SPACE',''
  ) );
#1900 = PCURVE('',#1901,#1906);
#1901 = PLANE('',#1902);
#1902 = AXIS2_PLACEMENT_3D('',#1903,#1904,#1905);
#1903 = CARTESIAN_POINT('',(-54.,35.,60.));
#1904 = DIRECTION('',(1.,0.,0.));
#1905 = DIRECTION('',(0.,-2.2E-16,-1.));
#1906 = DEFINITIONAL_REPRESENTATION('',(#1907),#1911);
#1907 = LINE('',#1908,#1909);
#1908 = CARTESIAN_POINT('',(48.,-3.650854715202E-15));
#1909 = VECTOR('',#1910,1.);
#1910 = DIRECTION('',(0.,-1.));
#1911 = ( GEOMETRIC_REPRESENTATION_CONTEXT(2) 
PARAMETRIC_REPRESENTATION_CONTEXT() REPRESENTATION_CONTEXT('2D SPACE',''
  ) );
#1912 = ORIENTED_EDGE('',*,*,#1913,.T.);
#1913 = EDGE_CURVE('',#1886,#1658,#1914,.T.);
#1914 = SURFACE_CURVE('',#1915,(#1920,#1927),.PCURVE_S1.);
#1915 = CIRCLE('',#1916,6.);
#1916 = AXIS2_PLACEMENT_3D('',#1917,#1918,#1919);
#1917 = CARTESIAN_POINT('',(-48.,-35.,12.));
#1918 = DIRECTION('',(0.,-1.,2.2E-16));
#1919 = DIRECTION('',(2.2E-16,-2.2E-16,-1.));
#1920 = PCURVE('',#1673,#1921);
#1921 = DEFINITIONAL_REPRESENTATION('',(#1922),#1926);
#1922 = LINE('',#1923,#1924);
#1923 = CARTESIAN_POINT('',(-0.,-70.));
#1924 = VECTOR('',#1925,1.);
#1925 = DIRECTION('',(-1.,0.));
#1926 = ( GEOMETRIC_REPRESENTATION_CONTEXT(2) 
PARAMETRIC_REPRESENTATION_CONTEXT() REPRESENTATION_CONTEXT('2D SPACE',''
  ) );
#1927 = PCURVE('',#1832,#1928);
#1928 = DEFINITIONAL_REPRESENTATION('',(#1929),#1933);
#1929 = LINE('',#1930,#1931);
#1930 = CARTESIAN_POINT('',(6.28318530718,0.));
#1931 = VECTOR('',#1932,1.);
#1932 = DIRECTION('',(-1.,0.));
#1933 = ( GEOMETRIC_REPRESENTATION_CONTEXT(2) 
PARAMETRIC_REPRESENTATION_CONTEXT() REPRESENTATION_CONTEXT('2D SPACE',''
  ) );
#1934 = ORIENTED_EDGE('',*,*,#1655,.F.);
#1935 = ORIENTED_EDGE('',*,*,#1936,.F.);
#1936 = EDGE_CURVE('',#1884,#1656,#1937,.T.);
#1937 = SURFACE_CURVE('',#1938,(#1943,#1950),.PCURVE_S1.);
#1938 = CIRCLE('',#1939,6.);
#1939 = AXIS2_PLACEMENT_3D('',#1940,#1941,#1942);
#1940 = CARTESIAN_POINT('',(-48.,35.,12.));
#1941 = DIRECTION('',(0.,-1.,2.2E-16));
#1942 = DIRECTION('',(2.2E-16,-2.2E-16,-1.));
#1943 = PCURVE('',#1673,#1944);
#1944 = DEFINITIONAL_REPRESENTATION('',(#1945),#1949);
#1945 = LINE('',#1946,#1947);
#1946 = CARTESIAN_POINT('',(-0.,0.));
#1947 = VECTOR('',#1948,1.);
#1948 = DIRECTION('',(-1.,0.));
#1949 = ( GEOMETRIC_REPRESENTATION_CONTEXT(2) 
PARAMETRIC_REPRESENTATION_CONTEXT() REPRESENTATION_CONTEXT('2D SPACE',''
  ) );
#1950 = PCURVE('',#1951,#1970);
#1951 = B_SPLINE_SURFACE_WITH_KNOTS('',8,1,(
    (#1952,#1953)
    ,(#1954,#1955)
    ,(#1956,#1957)
    ,(#1958,#1959)
    ,(#1960,#1961)
    ,(#1962,#1963)
    ,(#1964,#1965)
    ,(#1966,#1967)
    ,(#1968,#1969
    )),.UNSPECIFIED.,.F.,.F.,.F.,(9,9),(2,2),(4.712388980385,
    6.28318530718),(0.,1.),.PIECEWISE_BEZIER_KNOTS.);
#1952 = CARTESIAN_POINT('',(-54.,35.,12.));
#1953 = CARTESIAN_POINT('',(-60.,35.,12.));
#1954 = CARTESIAN_POINT('',(-54.,35.,10.821902754904));
#1955 = CARTESIAN_POINT('',(-60.,35.,9.643805509808));
#1956 = CARTESIAN_POINT('',(-53.73563526623,35.000000000001,
    9.643805138975));
#1957 = CARTESIAN_POINT('',(-59.47127053246,35.000000000001,
    7.28761027795));
#1958 = CARTESIAN_POINT('',(-53.20690839522,34.999999999998,
    8.534920593989));
#1959 = CARTESIAN_POINT('',(-58.41381679045,34.999999999998,
    5.069841187979));
#1960 = CARTESIAN_POINT('',(-52.43555253468,35.000000000002,
    7.564447465321));
#1961 = CARTESIAN_POINT('',(-56.87110506936,35.000000000002,
    3.128894930642));
#1962 = CARTESIAN_POINT('',(-51.465079406,34.999999999999,6.793091604771
    ));
#1963 = CARTESIAN_POINT('',(-54.93015881201,34.999999999999,
    1.586183209543));
#1964 = CARTESIAN_POINT('',(-50.35619486102,35.000000000001,
    6.264364733767));
#1965 = CARTESIAN_POINT('',(-52.71238972205,35.000000000001,
    0.528729467535));
#1966 = CARTESIAN_POINT('',(-49.17809724509,35.,6.));
#1967 = CARTESIAN_POINT('',(-50.35619449019,35.,-3.62E-14));
#1968 = CARTESIAN_POINT('',(-48.,35.,6.));
#1969 = CARTESIAN_POINT('',(-48.,35.,-7.11E-15));
#1970 = DEFINITIONAL_REPRESENTATION('',(#1971),#1975);
#1971 = LINE('',#1972,#1973);
#1972 = CARTESIAN_POINT('',(0.,0.));
#1973 = VECTOR('',#1974,1.);
#1974 = DIRECTION('',(1.,0.));
#1975 = ( GEOMETRIC_REPRESENTATION_CONTEXT(2) 
PARAMETRIC_REPRESENTATION_CONTEXT() REPRESENTATION_CONTEXT('2D SPACE',''
  ) );
#1976 = ADVANCED_FACE('',(#1977),#1721,.T.);
#1977 = FACE_BOUND('',#1978,.T.);
#1978 = EDGE_LOOP('',(#1979,#1980,#1981,#2004));
#1979 = ORIENTED_EDGE('',*,*,#1707,.T.);
#1980 = ORIENTED_EDGE('',*,*,#1762,.T.);
#1981 = ORIENTED_EDGE('',*,*,#1982,.F.);
#1982 = EDGE_CURVE('',#1983,#1739,#1985,.T.);
#1983 = VERTEX_POINT('',#1984);
#1984 = CARTESIAN_POINT('',(-48.,35.,-8.E-15));
#1985 = SURFACE_CURVE('',#1986,(#1990,#1997),.PCURVE_S1.);
#1986 = LINE('',#1987,#1988);
#1987 = CARTESIAN_POINT('',(-60.,35.,-7.99E-15));
#1988 = VECTOR('',#1989,1.);
#1989 = DIRECTION('',(1.,0.,0.));
#1990 = PCURVE('',#1721,#1991);
#1991 = DEFINITIONAL_REPRESENTATION('',(#1992),#1996);
#1992 = LINE('',#1993,#1994);
#1993 = CARTESIAN_POINT('',(0.,0.));
#1994 = VECTOR('',#1995,1.);
#1995 = DIRECTION('',(1.,0.));
#1996 = ( GEOMETRIC_REPRESENTATION_CONTEXT(2) 
PARAMETRIC_REPRESENTATION_CONTEXT() REPRESENTATION_CONTEXT('2D SPACE',''
  ) );
#1997 = PCURVE('',#1798,#1998);
#1998 = DEFINITIONAL_REPRESENTATION('',(#1999),#2003);
#1999 = LINE('',#2000,#2001);
#2000 = CARTESIAN_POINT('',(-12.,0.));
#2001 = VECTOR('',#2002,1.);
#2002 = DIRECTION('',(1.,0.));
#2003 = ( GEOMETRIC_REPRESENTATION_CONTEXT(2) 
PARAMETRIC_REPRESENTATION_CONTEXT() REPRESENTATION_CONTEXT('2D SPACE',''
  ) );
#2004 = ORIENTED_EDGE('',*,*,#2005,.F.);
#2005 = EDGE_CURVE('',#1656,#1983,#2006,.T.);
#2006 = SURFACE_CURVE('',#2007,(#2010,#2016),.PCURVE_S1.);
#2007 = B_SPLINE_CURVE_WITH_KNOTS('',1,(#2008,#2009),.UNSPECIFIED.,.F.,
  .F.,(2,2),(0.,1.),.PIECEWISE_BEZIER_KNOTS.);
#2008 = CARTESIAN_POINT('',(-48.,35.,6.));
#2009 = CARTESIAN_POINT('',(-48.,35.,-7.99E-15));
#2010 = PCURVE('',#1721,#2011);
#2011 = DEFINITIONAL_REPRESENTATION('',(#2012),#2015);
#2012 = B_SPLINE_CURVE_WITH_KNOTS('',1,(#2013,#2014),.UNSPECIFIED.,.F.,
  .F.,(2,2),(0.,1.),.PIECEWISE_BEZIER_KNOTS.);
#2013 = CARTESIAN_POINT('',(12.,-6.));
#2014 = CARTESIAN_POINT('',(12.,0.));
#2015 = ( GEOMETRIC_REPRESENTATION_CONTEXT(2) 
PARAMETRIC_REPRESENTATION_CONTEXT() REPRESENTATION_CONTEXT('2D SPACE',''
  ) );
#2016 = PCURVE('',#1951,#2017);
#2017 = DEFINITIONAL_REPRESENTATION('',(#2018),#2022);
#2018 = LINE('',#2019,#2020);
#2019 = CARTESIAN_POINT('',(6.28318530718,0.));
#2020 = VECTOR('',#2021,1.);
#2021 = DIRECTION('',(0.,1.));
#2022 = ( GEOMETRIC_REPRESENTATION_CONTEXT(2) 
PARAMETRIC_REPRESENTATION_CONTEXT() REPRESENTATION_CONTEXT('2D SPACE',''
  ) );
#2023 = ADVANCED_FACE('',(#2024),#1798,.F.);
#2024 = FACE_BOUND('',#2025,.F.);
#2025 = EDGE_LOOP('',(#2026,#2052,#2053,#2054));
#2026 = ORIENTED_EDGE('',*,*,#2027,.T.);
#2027 = EDGE_CURVE('',#1983,#1819,#2028,.T.);
#2028 = SURFACE_CURVE('',#2029,(#2033,#2040),.PCURVE_S1.);
#2029 = LINE('',#2030,#2031);
#2030 = CARTESIAN_POINT('',(-48.,35.,-7.99E-15));
#2031 = VECTOR('',#2032,1.);
#2032 = DIRECTION('',(0.,-1.,2.2E-16));
#2033 = PCURVE('',#1798,#2034);
#2034 = DEFINITIONAL_REPRESENTATION('',(#2035),#2039);
#2035 = LINE('',#2036,#2037);
#2036 = CARTESIAN_POINT('',(0.,0.));
#2037 = VECTOR('',#2038,1.);
#2038 = DIRECTION('',(0.,-1.));
#2039 = ( GEOMETRIC_REPRESENTATION_CONTEXT(2) 
PARAMETRIC_REPRESENTATION_CONTEXT() REPRESENTATION_CONTEXT('2D SPACE',''
  ) );
#2040 = PCURVE('',#2041,#2046);
#2041 = CYLINDRICAL_SURFACE('',#2042,12.);
#2042 = AXIS2_PLACEMENT_3D('',#2043,#2044,#2045);
#2043 = CARTESIAN_POINT('',(-48.,35.,12.));
#2044 = DIRECTION('',(0.,1.,-2.2E-16));
#2045 = DIRECTION('',(2.2E-16,-2.2E-16,-1.));
#2046 = DEFINITIONAL_REPRESENTATION('',(#2047),#2051);
#2047 = LINE('',#2048,#2049);
#2048 = CARTESIAN_POINT('',(-6.28318530718,0.));
#2049 = VECTOR('',#2050,1.);
#2050 = DIRECTION('',(-0.,-1.));
#2051 = ( GEOMETRIC_REPRESENTATION_CONTEXT(2) 
PARAMETRIC_REPRESENTATION_CONTEXT() REPRESENTATION_CONTEXT('2D SPACE',''
  ) );
#2052 = ORIENTED_EDGE('',*,*,#1858,.T.);
#2053 = ORIENTED_EDGE('',*,*,#1784,.F.);
#2054 = ORIENTED_EDGE('',*,*,#1982,.F.);
#2055 = ADVANCED_FACE('',(#2056),#1832,.T.);
#2056 = FACE_BOUND('',#2057,.T.);
#2057 = EDGE_LOOP('',(#2058,#2059,#2085,#2107));
#2058 = ORIENTED_EDGE('',*,*,#1913,.F.);
#2059 = ORIENTED_EDGE('',*,*,#2060,.T.);
#2060 = EDGE_CURVE('',#1886,#2061,#2063,.T.);
#2061 = VERTEX_POINT('',#2062);
#2062 = CARTESIAN_POINT('',(-60.,-35.,12.));
#2063 = SURFACE_CURVE('',#2064,(#2067,#2074),.PCURVE_S1.);
#2064 = B_SPLINE_CURVE_WITH_KNOTS('',1,(#2065,#2066),.UNSPECIFIED.,.F.,
  .F.,(2,2),(0.,1.),.PIECEWISE_BEZIER_KNOTS.);
#2065 = CARTESIAN_POINT('',(-54.,-35.,12.));
#2066 = CARTESIAN_POINT('',(-60.,-35.,12.));
#2067 = PCURVE('',#1832,#2068);
#2068 = DEFINITIONAL_REPRESENTATION('',(#2069),#2073);
#2069 = LINE('',#2070,#2071);
#2070 = CARTESIAN_POINT('',(1.570796326795,0.));
#2071 = VECTOR('',#2072,1.);
#2072 = DIRECTION('',(0.,1.));
#2073 = ( GEOMETRIC_REPRESENTATION_CONTEXT(2) 
PARAMETRIC_REPRESENTATION_CONTEXT() REPRESENTATION_CONTEXT('2D SPACE',''
  ) );
#2074 = PCURVE('',#2075,#2080);
#2075 = PLANE('',#2076);
#2076 = AXIS2_PLACEMENT_3D('',#2077,#2078,#2079);
#2077 = CARTESIAN_POINT('',(-60.,-35.,60.));
#2078 = DIRECTION('',(0.,-1.,2.2E-16));
#2079 = DIRECTION('',(0.,2.2E-16,1.));
#2080 = DEFINITIONAL_REPRESENTATION('',(#2081),#2084);
#2081 = B_SPLINE_CURVE_WITH_KNOTS('',1,(#2082,#2083),.UNSPECIFIED.,.F.,
  .F.,(2,2),(0.,1.),.PIECEWISE_BEZIER_KNOTS.);
#2082 = CARTESIAN_POINT('',(-48.,-6.));
#2083 = CARTESIAN_POINT('',(-48.,0.));
#2084 = ( GEOMETRIC_REPRESENTATION_CONTEXT(2) 
PARAMETRIC_REPRESENTATION_CONTEXT() REPRESENTATION_CONTEXT('2D SPACE',''
  ) );
#2085 = ORIENTED_EDGE('',*,*,#2086,.T.);
#2086 = EDGE_CURVE('',#2061,#1819,#2087,.T.);
#2087 = SURFACE_CURVE('',#2088,(#2093,#2100),.PCURVE_S1.);
#2088 = CIRCLE('',#2089,12.);
#2089 = AXIS2_PLACEMENT_3D('',#2090,#2091,#2092);
#2090 = CARTESIAN_POINT('',(-48.,-35.,12.));
#2091 = DIRECTION('',(0.,-1.,2.2E-16));
#2092 = DIRECTION('',(2.2E-16,-2.2E-16,-1.));
#2093 = PCURVE('',#1832,#2094);
#2094 = DEFINITIONAL_REPRESENTATION('',(#2095),#2099);
#2095 = LINE('',#2096,#2097);
#2096 = CARTESIAN_POINT('',(6.28318530718,1.));
#2097 = VECTOR('',#2098,1.);
#2098 = DIRECTION('',(-1.,0.));
#2099 = ( GEOMETRIC_REPRESENTATION_CONTEXT(2) 
PARAMETRIC_REPRESENTATION_CONTEXT() REPRESENTATION_CONTEXT('2D SPACE',''
  ) );
#2100 = PCURVE('',#2041,#2101);
#2101 = DEFINITIONAL_REPRESENTATION('',(#2102),#2106);
#2102 = LINE('',#2103,#2104);
#2103 = CARTESIAN_POINT('',(-0.,-70.));
#2104 = VECTOR('',#2105,1.);
#2105 = DIRECTION('',(-1.,0.));
#2106 = ( GEOMETRIC_REPRESENTATION_CONTEXT(2) 
PARAMETRIC_REPRESENTATION_CONTEXT() REPRESENTATION_CONTEXT('2D SPACE',''
  ) );
#2107 = ORIENTED_EDGE('',*,*,#1818,.F.);
#2108 = ADVANCED_FACE('',(#2109,#2189,#2220,#2251,#2282),#1901,.T.);
#2109 = FACE_BOUND('',#2110,.T.);
#2110 = EDGE_LOOP('',(#2111,#2141,#2162,#2163));
#2111 = ORIENTED_EDGE('',*,*,#2112,.T.);
#2112 = EDGE_CURVE('',#2113,#2115,#2117,.T.);
#2113 = VERTEX_POINT('',#2114);
#2114 = CARTESIAN_POINT('',(-54.,35.,60.));
#2115 = VERTEX_POINT('',#2116);
#2116 = CARTESIAN_POINT('',(-54.,-35.,60.));
#2117 = SURFACE_CURVE('',#2118,(#2122,#2129),.PCURVE_S1.);
#2118 = LINE('',#2119,#2120);
#2119 = CARTESIAN_POINT('',(-54.,35.,60.));
#2120 = VECTOR('',#2121,1.);
#2121 = DIRECTION('',(0.,-1.,2.2E-16));
#2122 = PCURVE('',#1901,#2123);
#2123 = DEFINITIONAL_REPRESENTATION('',(#2124),#2128);
#2124 = LINE('',#2125,#2126);
#2125 = CARTESIAN_POINT('',(0.,0.));
#2126 = VECTOR('',#2127,1.);
#2127 = DIRECTION('',(0.,-1.));
#2128 = ( GEOMETRIC_REPRESENTATION_CONTEXT(2) 
PARAMETRIC_REPRESENTATION_CONTEXT() REPRESENTATION_CONTEXT('2D SPACE',''
  ) );
#2129 = PCURVE('',#2130,#2135);
#2130 = PLANE('',#2131);
#2131 = AXIS2_PLACEMENT_3D('',#2132,#2133,#2134);
#2132 = CARTESIAN_POINT('',(-60.,35.,60.));
#2133 = DIRECTION('',(0.,2.2E-16,1.));
#2134 = DIRECTION('',(0.,1.,-2.2E-16));
#2135 = DEFINITIONAL_REPRESENTATION('',(#2136),#2140);
#2136 = LINE('',#2137,#2138);
#2137 = CARTESIAN_POINT('',(0.,-6.));
#2138 = VECTOR('',#2139,1.);
#2139 = DIRECTION('',(-1.,0.));
#2140 = ( GEOMETRIC_REPRESENTATION_CONTEXT(2) 
PARAMETRIC_REPRESENTATION_CONTEXT() REPRESENTATION_CONTEXT('2D SPACE',''
  ) );
#2141 = ORIENTED_EDGE('',*,*,#2142,.T.);
#2142 = EDGE_CURVE('',#2115,#1886,#2143,.T.);
#2143 = SURFACE_CURVE('',#2144,(#2148,#2155),.PCURVE_S1.);
#2144 = LINE('',#2145,#2146);
#2145 = CARTESIAN_POINT('',(-54.,-35.,60.));
#2146 = VECTOR('',#2147,1.);
#2147 = DIRECTION('',(0.,-2.2E-16,-1.));
#2148 = PCURVE('',#1901,#2149);
#2149 = DEFINITIONAL_REPRESENTATION('',(#2150),#2154);
#2150 = LINE('',#2151,#2152);
#2151 = CARTESIAN_POINT('',(1.189145284798E-15,-70.));
#2152 = VECTOR('',#2153,1.);
#2153 = DIRECTION('',(1.,0.));
#2154 = ( GEOMETRIC_REPRESENTATION_CONTEXT(2) 
PARAMETRIC_REPRESENTATION_CONTEXT() REPRESENTATION_CONTEXT('2D SPACE',''
  ) );
#2155 = PCURVE('',#2075,#2156);
#2156 = DEFINITIONAL_REPRESENTATION('',(#2157),#2161);
#2157 = LINE('',#2158,#2159);
#2158 = CARTESIAN_POINT('',(0.,-6.));
#2159 = VECTOR('',#2160,1.);
#2160 = DIRECTION('',(-1.,-0.));
#2161 = ( GEOMETRIC_REPRESENTATION_CONTEXT(2) 
PARAMETRIC_REPRESENTATION_CONTEXT() REPRESENTATION_CONTEXT('2D SPACE',''
  ) );
#2162 = ORIENTED_EDGE('',*,*,#1883,.F.);
#2163 = ORIENTED_EDGE('',*,*,#2164,.F.);
#2164 = EDGE_CURVE('',#2113,#1884,#2165,.T.);
#2165 = SURFACE_CURVE('',#2166,(#2170,#2177),.PCURVE_S1.);
#2166 = LINE('',#2167,#2168);
#2167 = CARTESIAN_POINT('',(-54.,35.,60.));
#2168 = VECTOR('',#2169,1.);
#2169 = DIRECTION('',(0.,-2.2E-16,-1.));
#2170 = PCURVE('',#1901,#2171);
#2171 = DEFINITIONAL_REPRESENTATION('',(#2172),#2176);
#2172 = LINE('',#2173,#2174);
#2173 = CARTESIAN_POINT('',(0.,0.));
#2174 = VECTOR('',#2175,1.);
#2175 = DIRECTION('',(1.,0.));
#2176 = ( GEOMETRIC_REPRESENTATION_CONTEXT(2) 
PARAMETRIC_REPRESENTATION_CONTEXT() REPRESENTATION_CONTEXT('2D SPACE',''
  ) );
#2177 = PCURVE('',#2178,#2183);
#2178 = PLANE('',#2179);
#2179 = AXIS2_PLACEMENT_3D('',#2180,#2181,#2182);
#2180 = CARTESIAN_POINT('',(-60.,35.,60.));
#2181 = DIRECTION('',(0.,1.,-2.2E-16));
#2182 = DIRECTION('',(0.,-2.2E-16,-1.));
#2183 = DEFINITIONAL_REPRESENTATION('',(#2184),#2188);
#2184 = LINE('',#2185,#2186);
#2185 = CARTESIAN_POINT('',(0.,-6.));
#2186 = VECTOR('',#2187,1.);
#2187 = DIRECTION('',(1.,0.));
#2188 = ( GEOMETRIC_REPRESENTATION_CONTEXT(2) 
PARAMETRIC_REPRESENTATION_CONTEXT() REPRESENTATION_CONTEXT('2D SPACE',''
  ) );
#2189 = FACE_BOUND('',#2190,.T.);
#2190 = EDGE_LOOP('',(#2191));
#2191 = ORIENTED_EDGE('',*,*,#2192,.F.);
#2192 = EDGE_CURVE('',#2193,#2193,#2195,.T.);
#2193 = VERTEX_POINT('',#2194);
#2194 = CARTESIAN_POINT('',(-54.,-22.,50.));
#2195 = SURFACE_CURVE('',#2196,(#2201,#2208),.PCURVE_S1.);
#2196 = CIRCLE('',#2197,3.);
#2197 = AXIS2_PLACEMENT_3D('',#2198,#2199,#2200);
#2198 = CARTESIAN_POINT('',(-54.,-25.,50.));
#2199 = DIRECTION('',(1.,0.,0.));
#2200 = DIRECTION('',(0.,1.,0.));
#2201 = PCURVE('',#1901,#2202);
#2202 = DEFINITIONAL_REPRESENTATION('',(#2203),#2207);
#2203 = CIRCLE('',#2204,3.);
#2204 = AXIS2_PLACEMENT_2D('',#2205,#2206);
#2205 = CARTESIAN_POINT('',(10.,-60.));
#2206 = DIRECTION('',(-2.2E-16,1.));
#2207 = ( GEOMETRIC_REPRESENTATION_CONTEXT(2) 
PARAMETRIC_REPRESENTATION_CONTEXT() REPRESENTATION_CONTEXT('2D SPACE',''
  ) );
#2208 = PCURVE('',#2209,#2214);
#2209 = CYLINDRICAL_SURFACE('',#2210,3.);
#2210 = AXIS2_PLACEMENT_3D('',#2211,#2212,#2213);
#2211 = CARTESIAN_POINT('',(-54.,-25.,50.));
#2212 = DIRECTION('',(1.,0.,0.));
#2213 = DIRECTION('',(0.,1.,0.));
#2214 = DEFINITIONAL_REPRESENTATION('',(#2215),#2219);
#2215 = LINE('',#2216,#2217);
#2216 = CARTESIAN_POINT('',(0.,0.));
#2217 = VECTOR('',#2218,1.);
#2218 = DIRECTION('',(1.,0.));
#2219 = ( GEOMETRIC_REPRESENTATION_CONTEXT(2) 
PARAMETRIC_REPRESENTATION_CONTEXT() REPRESENTATION_CONTEXT('2D SPACE',''
  ) );
#2220 = FACE_BOUND('',#2221,.T.);
#2221 = EDGE_LOOP('',(#2222));
#2222 = ORIENTED_EDGE('',*,*,#2223,.F.);
#2223 = EDGE_CURVE('',#2224,#2224,#2226,.T.);
#2224 = VERTEX_POINT('',#2225);
#2225 = CARTESIAN_POINT('',(-54.,-22.,25.));
#2226 = SURFACE_CURVE('',#2227,(#2232,#2239),.PCURVE_S1.);
#2227 = CIRCLE('',#2228,3.);
#2228 = AXIS2_PLACEMENT_3D('',#2229,#2230,#2231);
#2229 = CARTESIAN_POINT('',(-54.,-25.,25.));
#2230 = DIRECTION('',(1.,0.,0.));
#2231 = DIRECTION('',(0.,1.,0.));
#2232 = PCURVE('',#1901,#2233);
#2233 = DEFINITIONAL_REPRESENTATION('',(#2234),#2238);
#2234 = CIRCLE('',#2235,3.);
#2235 = AXIS2_PLACEMENT_2D('',#2236,#2237);
#2236 = CARTESIAN_POINT('',(35.,-60.));
#2237 = DIRECTION('',(-2.2E-16,1.));
#2238 = ( GEOMETRIC_REPRESENTATION_CONTEXT(2) 
PARAMETRIC_REPRESENTATION_CONTEXT() REPRESENTATION_CONTEXT('2D SPACE',''
  ) );
#2239 = PCURVE('',#2240,#2245);
#2240 = CYLINDRICAL_SURFACE('',#2241,3.);
#2241 = AXIS2_PLACEMENT_3D('',#2242,#2243,#2244);
#2242 = CARTESIAN_POINT('',(-54.,-25.,25.));
#2243 = DIRECTION('',(1.,0.,0.));
#2244 = DIRECTION('',(0.,1.,0.));
#2245 = DEFINITIONAL_REPRESENTATION('',(#2246),#2250);
#2246 = LINE('',#2247,#2248);
#2247 = CARTESIAN_POINT('',(0.,0.));
#2248 = VECTOR('',#2249,1.);
#2249 = DIRECTION('',(1.,0.));
#2250 = ( GEOMETRIC_REPRESENTATION_CONTEXT(2) 
PARAMETRIC_REPRESENTATION_CONTEXT() REPRESENTATION_CONTEXT('2D SPACE',''
  ) );
#2251 = FACE_BOUND('',#2252,.T.);
#2252 = EDGE_LOOP('',(#2253));
#2253 = ORIENTED_EDGE('',*,*,#2254,.F.);
#2254 = EDGE_CURVE('',#2255,#2255,#2257,.T.);
#2255 = VERTEX_POINT('',#2256);
#2256 = CARTESIAN_POINT('',(-54.,28.,50.));
#2257 = SURFACE_CURVE('',#2258,(#2263,#2270),.PCURVE_S1.);
#2258 = CIRCLE('',#2259,3.);
#2259 = AXIS2_PLACEMENT_3D('',#2260,#2261,#2262);
#2260 = CARTESIAN_POINT('',(-54.,25.,50.));
#2261 = DIRECTION('',(1.,0.,0.));
#2262 = DIRECTION('',(0.,1.,0.));
#2263 = PCURVE('',#1901,#2264);
#2264 = DEFINITIONAL_REPRESENTATION('',(#2265),#2269);
#2265 = CIRCLE('',#2266,3.);
#2266 = AXIS2_PLACEMENT_2D('',#2267,#2268);
#2267 = CARTESIAN_POINT('',(10.,-10.));
#2268 = DIRECTION('',(-2.2E-16,1.));
#2269 = ( GEOMETRIC_REPRESENTATION_CONTEXT(2) 
PARAMETRIC_REPRESENTATION_CONTEXT() REPRESENTATION_CONTEXT('2D SPACE',''
  ) );
#2270 = PCURVE('',#2271,#2276);
#2271 = CYLINDRICAL_SURFACE('',#2272,3.);
#2272 = AXIS2_PLACEMENT_3D('',#2273,#2274,#2275);
#2273 = CARTESIAN_POINT('',(-54.,25.,50.));
#2274 = DIRECTION('',(1.,0.,0.));
#2275 = DIRECTION('',(0.,1.,0.));
#2276 = DEFINITIONAL_REPRESENTATION('',(#2277),#2281);
#2277 = LINE('',#2278,#2279);
#2278 = CARTESIAN_POINT('',(0.,0.));
#2279 = VECTOR('',#2280,1.);
#2280 = DIRECTION('',(1.,0.));
#2281 = ( GEOMETRIC_REPRESENTATION_CONTEXT(2) 
PARAMETRIC_REPRESENTATION_CONTEXT() REPRESENTATION_CONTEXT('2D SPACE',''
  ) );
#2282 = FACE_BOUND('',#2283,.T.);
#2283 = EDGE_LOOP('',(#2284));
#2284 = ORIENTED_EDGE('',*,*,#2285,.F.);
#2285 = EDGE_CURVE('',#2286,#2286,#2288,.T.);
#2286 = VERTEX_POINT('',#2287);
#2287 = CARTESIAN_POINT('',(-54.,28.,25.));
#2288 = SURFACE_CURVE('',#2289,(#2294,#2301),.PCURVE_S1.);
#2289 = CIRCLE('',#2290,3.);
#2290 = AXIS2_PLACEMENT_3D('',#2291,#2292,#2293);
#2291 = CARTESIAN_POINT('',(-54.,25.,25.));
#2292 = DIRECTION('',(1.,0.,0.));
#2293 = DIRECTION('',(0.,1.,0.));
#2294 = PCURVE('',#1901,#2295);
#2295 = DEFINITIONAL_REPRESENTATION('',(#2296),#2300);
#2296 = CIRCLE('',#2297,3.);
#2297 = AXIS2_PLACEMENT_2D('',#2298,#2299);
#2298 = CARTESIAN_POINT('',(35.,-10.));
#2299 = DIRECTION('',(-2.2E-16,1.));
#2300 = ( GEOMETRIC_REPRESENTATION_CONTEXT(2) 
PARAMETRIC_REPRESENTATION_CONTEXT() REPRESENTATION_CONTEXT('2D SPACE',''
  ) );
#2301 = PCURVE('',#2302,#2307);
#2302 = CYLINDRICAL_SURFACE('',#2303,3.);
#2303 = AXIS2_PLACEMENT_3D('',#2304,#2305,#2306);
#2304 = CARTESIAN_POINT('',(-54.,25.,25.));
#2305 = DIRECTION('',(1.,0.,0.));
#2306 = DIRECTION('',(0.,1.,0.));
#2307 = DEFINITIONAL_REPRESENTATION('',(#2308),#2312);
#2308 = LINE('',#2309,#2310);
#2309 = CARTESIAN_POINT('',(0.,0.));
#2310 = VECTOR('',#2311,1.);
#2311 = DIRECTION('',(1.,0.));
#2312 = ( GEOMETRIC_REPRESENTATION_CONTEXT(2) 
PARAMETRIC_REPRESENTATION_CONTEXT() REPRESENTATION_CONTEXT('2D SPACE',''
  ) );
#2313 = ADVANCED_FACE('',(#2314),#1951,.T.);
#2314 = FACE_BOUND('',#2315,.T.);
#2315 = EDGE_LOOP('',(#2316,#2317,#2318,#2342));
#2316 = ORIENTED_EDGE('',*,*,#1936,.T.);
#2317 = ORIENTED_EDGE('',*,*,#2005,.T.);
#2318 = ORIENTED_EDGE('',*,*,#2319,.F.);
#2319 = EDGE_CURVE('',#2320,#1983,#2322,.T.);
#2320 = VERTEX_POINT('',#2321);
#2321 = CARTESIAN_POINT('',(-60.,35.,12.));
#2322 = SURFACE_CURVE('',#2323,(#2328,#2335),.PCURVE_S1.);
#2323 = CIRCLE('',#2324,12.);
#2324 = AXIS2_PLACEMENT_3D('',#2325,#2326,#2327);
#2325 = CARTESIAN_POINT('',(-48.,35.,12.));
#2326 = DIRECTION('',(0.,-1.,2.2E-16));
#2327 = DIRECTION('',(2.2E-16,-2.2E-16,-1.));
#2328 = PCURVE('',#1951,#2329);
#2329 = DEFINITIONAL_REPRESENTATION('',(#2330),#2334);
#2330 = LINE('',#2331,#2332);
#2331 = CARTESIAN_POINT('',(0.,1.));
#2332 = VECTOR('',#2333,1.);
#2333 = DIRECTION('',(1.,0.));
#2334 = ( GEOMETRIC_REPRESENTATION_CONTEXT(2) 
PARAMETRIC_REPRESENTATION_CONTEXT() REPRESENTATION_CONTEXT('2D SPACE',''
  ) );
#2335 = PCURVE('',#2041,#2336);
#2336 = DEFINITIONAL_REPRESENTATION('',(#2337),#2341);
#2337 = LINE('',#2338,#2339);
#2338 = CARTESIAN_POINT('',(-0.,0.));
#2339 = VECTOR('',#2340,1.);
#2340 = DIRECTION('',(-1.,0.));
#2341 = ( GEOMETRIC_REPRESENTATION_CONTEXT(2) 
PARAMETRIC_REPRESENTATION_CONTEXT() REPRESENTATION_CONTEXT('2D SPACE',''
  ) );
#2342 = ORIENTED_EDGE('',*,*,#2343,.F.);
#2343 = EDGE_CURVE('',#1884,#2320,#2344,.T.);
#2344 = SURFACE_CURVE('',#2345,(#2348,#2355),.PCURVE_S1.);
#2345 = B_SPLINE_CURVE_WITH_KNOTS('',1,(#2346,#2347),.UNSPECIFIED.,.F.,
  .F.,(2,2),(0.,1.),.PIECEWISE_BEZIER_KNOTS.);
#2346 = CARTESIAN_POINT('',(-54.,35.,12.));
#2347 = CARTESIAN_POINT('',(-60.,35.,12.));
#2348 = PCURVE('',#1951,#2349);
#2349 = DEFINITIONAL_REPRESENTATION('',(#2350),#2354);
#2350 = LINE('',#2351,#2352);
#2351 = CARTESIAN_POINT('',(4.712388980385,0.));
#2352 = VECTOR('',#2353,1.);
#2353 = DIRECTION('',(0.,1.));
#2354 = ( GEOMETRIC_REPRESENTATION_CONTEXT(2) 
PARAMETRIC_REPRESENTATION_CONTEXT() REPRESENTATION_CONTEXT('2D SPACE',''
  ) );
#2355 = PCURVE('',#2178,#2356);
#2356 = DEFINITIONAL_REPRESENTATION('',(#2357),#2360);
#2357 = B_SPLINE_CURVE_WITH_KNOTS('',1,(#2358,#2359),.UNSPECIFIED.,.F.,
  .F.,(2,2),(0.,1.),.PIECEWISE_BEZIER_KNOTS.);
#2358 = CARTESIAN_POINT('',(48.,-6.));
#2359 = CARTESIAN_POINT('',(48.,0.));
#2360 = ( GEOMETRIC_REPRESENTATION_CONTEXT(2) 
PARAMETRIC_REPRESENTATION_CONTEXT() REPRESENTATION_CONTEXT('2D SPACE',''
  ) );
#2361 = ADVANCED_FACE('',(#2362),#2041,.T.);
#2362 = FACE_BOUND('',#2363,.F.);
#2363 = EDGE_LOOP('',(#2364,#2390,#2391,#2392));
#2364 = ORIENTED_EDGE('',*,*,#2365,.T.);
#2365 = EDGE_CURVE('',#2320,#2061,#2366,.T.);
#2366 = SURFACE_CURVE('',#2367,(#2371,#2378),.PCURVE_S1.);
#2367 = LINE('',#2368,#2369);
#2368 = CARTESIAN_POINT('',(-60.,35.,12.));
#2369 = VECTOR('',#2370,1.);
#2370 = DIRECTION('',(0.,-1.,2.2E-16));
#2371 = PCURVE('',#2041,#2372);
#2372 = DEFINITIONAL_REPRESENTATION('',(#2373),#2377);
#2373 = LINE('',#2374,#2375);
#2374 = CARTESIAN_POINT('',(-4.712388980385,0.));
#2375 = VECTOR('',#2376,1.);
#2376 = DIRECTION('',(-0.,-1.));
#2377 = ( GEOMETRIC_REPRESENTATION_CONTEXT(2) 
PARAMETRIC_REPRESENTATION_CONTEXT() REPRESENTATION_CONTEXT('2D SPACE',''
  ) );
#2378 = PCURVE('',#2379,#2384);
#2379 = PLANE('',#2380);
#2380 = AXIS2_PLACEMENT_3D('',#2381,#2382,#2383);
#2381 = CARTESIAN_POINT('',(-60.,35.,60.));
#2382 = DIRECTION('',(1.,0.,0.));
#2383 = DIRECTION('',(0.,-2.2E-16,-1.));
#2384 = DEFINITIONAL_REPRESENTATION('',(#2385),#2389);
#2385 = LINE('',#2386,#2387);
#2386 = CARTESIAN_POINT('',(48.,-3.650854715202E-15));
#2387 = VECTOR('',#2388,1.);
#2388 = DIRECTION('',(0.,-1.));
#2389 = ( GEOMETRIC_REPRESENTATION_CONTEXT(2) 
PARAMETRIC_REPRESENTATION_CONTEXT() REPRESENTATION_CONTEXT('2D SPACE',''
  ) );
#2390 = ORIENTED_EDGE('',*,*,#2086,.T.);
#2391 = ORIENTED_EDGE('',*,*,#2027,.F.);
#2392 = ORIENTED_EDGE('',*,*,#2319,.F.);
#2393 = ADVANCED_FACE('',(#2394),#2075,.T.);
#2394 = FACE_BOUND('',#2395,.T.);
#2395 = EDGE_LOOP('',(#2396,#2397,#2417,#2438));
#2396 = ORIENTED_EDGE('',*,*,#2142,.F.);
#2397 = ORIENTED_EDGE('',*,*,#2398,.T.);
#2398 = EDGE_CURVE('',#2115,#2399,#2401,.T.);
#2399 = VERTEX_POINT('',#2400);
#2400 = CARTESIAN_POINT('',(-60.,-35.,60.));
#2401 = SURFACE_CURVE('',#2402,(#2405,#2411),.PCURVE_S1.);
#2402 = B_SPLINE_CURVE_WITH_KNOTS('',1,(#2403,#2404),.UNSPECIFIED.,.F.,
  .F.,(2,2),(0.,1.),.PIECEWISE_BEZIER_KNOTS.);
#2403 = CARTESIAN_POINT('',(-54.,-35.,60.));
#2404 = CARTESIAN_POINT('',(-60.,-35.,60.));
#2405 = PCURVE('',#2075,#2406);
#2406 = DEFINITIONAL_REPRESENTATION('',(#2407),#2410);
#2407 = B_SPLINE_CURVE_WITH_KNOTS('',1,(#2408,#2409),.UNSPECIFIED.,.F.,
  .F.,(2,2),(0.,1.),.PIECEWISE_BEZIER_KNOTS.);
#2408 = CARTESIAN_POINT('',(0.,-6.));
#2409 = CARTESIAN_POINT('',(0.,0.));
#2410 = ( GEOMETRIC_REPRESENTATION_CONTEXT(2) 
PARAMETRIC_REPRESENTATION_CONTEXT() REPRESENTATION_CONTEXT('2D SPACE',''
  ) );
#2411 = PCURVE('',#2130,#2412);
#2412 = DEFINITIONAL_REPRESENTATION('',(#2413),#2416);
#2413 = B_SPLINE_CURVE_WITH_KNOTS('',1,(#2414,#2415),.UNSPECIFIED.,.F.,
  .F.,(2,2),(0.,1.),.PIECEWISE_BEZIER_KNOTS.);
#2414 = CARTESIAN_POINT('',(-70.,-6.));
#2415 = CARTESIAN_POINT('',(-70.,0.));
#2416 = ( GEOMETRIC_REPRESENTATION_CONTEXT(2) 
PARAMETRIC_REPRESENTATION_CONTEXT() REPRESENTATION_CONTEXT('2D SPACE',''
  ) );
#2417 = ORIENTED_EDGE('',*,*,#2418,.T.);
#2418 = EDGE_CURVE('',#2399,#2061,#2419,.T.);
#2419 = SURFACE_CURVE('',#2420,(#2424,#2431),.PCURVE_S1.);
#2420 = LINE('',#2421,#2422);
#2421 = CARTESIAN_POINT('',(-60.,-35.,60.));
#2422 = VECTOR('',#2423,1.);
#2423 = DIRECTION('',(0.,-2.2E-16,-1.));
#2424 = PCURVE('',#2075,#2425);
#2425 = DEFINITIONAL_REPRESENTATION('',(#2426),#2430);
#2426 = LINE('',#2427,#2428);
#2427 = CARTESIAN_POINT('',(0.,0.));
#2428 = VECTOR('',#2429,1.);
#2429 = DIRECTION('',(-1.,-0.));
#2430 = ( GEOMETRIC_REPRESENTATION_CONTEXT(2) 
PARAMETRIC_REPRESENTATION_CONTEXT() REPRESENTATION_CONTEXT('2D SPACE',''
  ) );
#2431 = PCURVE('',#2379,#2432);
#2432 = DEFINITIONAL_REPRESENTATION('',(#2433),#2437);
#2433 = LINE('',#2434,#2435);
#2434 = CARTESIAN_POINT('',(1.189145284798E-15,-70.));
#2435 = VECTOR('',#2436,1.);
#2436 = DIRECTION('',(1.,0.));
#2437 = ( GEOMETRIC_REPRESENTATION_CONTEXT(2) 
PARAMETRIC_REPRESENTATION_CONTEXT() REPRESENTATION_CONTEXT('2D SPACE',''
  ) );
#2438 = ORIENTED_EDGE('',*,*,#2060,.F.);
#2439 = ADVANCED_FACE('',(#2440),#2130,.T.);
#2440 = FACE_BOUND('',#2441,.T.);
#2441 = EDGE_LOOP('',(#2442,#2443,#2463,#2484));
#2442 = ORIENTED_EDGE('',*,*,#2112,.F.);
#2443 = ORIENTED_EDGE('',*,*,#2444,.T.);
#2444 = EDGE_CURVE('',#2113,#2445,#2447,.T.);
#2445 = VERTEX_POINT('',#2446);
#2446 = CARTESIAN_POINT('',(-60.,35.,60.));
#2447 = SURFACE_CURVE('',#2448,(#2451,#2457),.PCURVE_S1.);
#2448 = B_SPLINE_CURVE_WITH_KNOTS('',1,(#2449,#2450),.UNSPECIFIED.,.F.,
  .F.,(2,2),(0.,1.),.PIECEWISE_BEZIER_KNOTS.);
#2449 = CARTESIAN_POINT('',(-54.,35.,60.));
#2450 = CARTESIAN_POINT('',(-60.,35.,60.));
#2451 = PCURVE('',#2130,#2452);
#2452 = DEFINITIONAL_REPRESENTATION('',(#2453),#2456);
#2453 = B_SPLINE_CURVE_WITH_KNOTS('',1,(#2454,#2455),.UNSPECIFIED.,.F.,
  .F.,(2,2),(0.,1.),.PIECEWISE_BEZIER_KNOTS.);
#2454 = CARTESIAN_POINT('',(0.,-6.));
#2455 = CARTESIAN_POINT('',(0.,0.));
#2456 = ( GEOMETRIC_REPRESENTATION_CONTEXT(2) 
PARAMETRIC_REPRESENTATION_CONTEXT() REPRESENTATION_CONTEXT('2D SPACE',''
  ) );
#2457 = PCURVE('',#2178,#2458);
#2458 = DEFINITIONAL_REPRESENTATION('',(#2459),#2462);
#2459 = B_SPLINE_CURVE_WITH_KNOTS('',1,(#2460,#2461),.UNSPECIFIED.,.F.,
  .F.,(2,2),(0.,1.),.PIECEWISE_BEZIER_KNOTS.);
#2460 = CARTESIAN_POINT('',(0.,-6.));
#2461 = CARTESIAN_POINT('',(0.,0.));
#2462 = ( GEOMETRIC_REPRESENTATION_CONTEXT(2) 
PARAMETRIC_REPRESENTATION_CONTEXT() REPRESENTATION_CONTEXT('2D SPACE',''
  ) );
#2463 = ORIENTED_EDGE('',*,*,#2464,.T.);
#2464 = EDGE_CURVE('',#2445,#2399,#2465,.T.);
#2465 = SURFACE_CURVE('',#2466,(#2470,#2477),.PCURVE_S1.);
#2466 = LINE('',#2467,#2468);
#2467 = CARTESIAN_POINT('',(-60.,35.,60.));
#2468 = VECTOR('',#2469,1.);
#2469 = DIRECTION('',(0.,-1.,2.2E-16));
#2470 = PCURVE('',#2130,#2471);
#2471 = DEFINITIONAL_REPRESENTATION('',(#2472),#2476);
#2472 = LINE('',#2473,#2474);
#2473 = CARTESIAN_POINT('',(0.,0.));
#2474 = VECTOR('',#2475,1.);
#2475 = DIRECTION('',(-1.,0.));
#2476 = ( GEOMETRIC_REPRESENTATION_CONTEXT(2) 
PARAMETRIC_REPRESENTATION_CONTEXT() REPRESENTATION_CONTEXT('2D SPACE',''
  ) );
#2477 = PCURVE('',#2379,#2478);
#2478 = DEFINITIONAL_REPRESENTATION('',(#2479),#2483);
#2479 = LINE('',#2480,#2481);
#2480 = CARTESIAN_POINT('',(0.,0.));
#2481 = VECTOR('',#2482,1.);
#2482 = DIRECTION('',(0.,-1.));
#2483 = ( GEOMETRIC_REPRESENTATION_CONTEXT(2) 
PARAMETRIC_REPRESENTATION_CONTEXT() REPRESENTATION_CONTEXT('2D SPACE',''
  ) );
#2484 = ORIENTED_EDGE('',*,*,#2398,.F.);
#2485 = ADVANCED_FACE('',(#2486),#2178,.T.);
#2486 = FACE_BOUND('',#2487,.T.);
#2487 = EDGE_LOOP('',(#2488,#2489,#2490,#2511));
#2488 = ORIENTED_EDGE('',*,*,#2164,.T.);
#2489 = ORIENTED_EDGE('',*,*,#2343,.T.);
#2490 = ORIENTED_EDGE('',*,*,#2491,.F.);
#2491 = EDGE_CURVE('',#2445,#2320,#2492,.T.);
#2492 = SURFACE_CURVE('',#2493,(#2497,#2504),.PCURVE_S1.);
#2493 = LINE('',#2494,#2495);
#2494 = CARTESIAN_POINT('',(-60.,35.,60.));
#2495 = VECTOR('',#2496,1.);
#2496 = DIRECTION('',(0.,-2.2E-16,-1.));
#2497 = PCURVE('',#2178,#2498);
#2498 = DEFINITIONAL_REPRESENTATION('',(#2499),#2503);
#2499 = LINE('',#2500,#2501);
#2500 = CARTESIAN_POINT('',(0.,0.));
#2501 = VECTOR('',#2502,1.);
#2502 = DIRECTION('',(1.,0.));
#2503 = ( GEOMETRIC_REPRESENTATION_CONTEXT(2) 
PARAMETRIC_REPRESENTATION_CONTEXT() REPRESENTATION_CONTEXT('2D SPACE',''
  ) );
#2504 = PCURVE('',#2379,#2505);
#2505 = DEFINITIONAL_REPRESENTATION('',(#2506),#2510);
#2506 = LINE('',#2507,#2508);
#2507 = CARTESIAN_POINT('',(0.,0.));
#2508 = VECTOR('',#2509,1.);
#2509 = DIRECTION('',(1.,0.));
#2510 = ( GEOMETRIC_REPRESENTATION_CONTEXT(2) 
PARAMETRIC_REPRESENTATION_CONTEXT() REPRESENTATION_CONTEXT('2D SPACE',''
  ) );
#2511 = ORIENTED_EDGE('',*,*,#2444,.F.);
#2512 = ADVANCED_FACE('',(#2513),#2209,.F.);
#2513 = FACE_BOUND('',#2514,.F.);
#2514 = EDGE_LOOP('',(#2515,#2516,#2539,#2561));
#2515 = ORIENTED_EDGE('',*,*,#2192,.F.);
#2516 = ORIENTED_EDGE('',*,*,#2517,.T.);
#2517 = EDGE_CURVE('',#2193,#2518,#2520,.T.);
#2518 = VERTEX_POINT('',#2519);
#2519 = CARTESIAN_POINT('',(-60.,-22.,50.));
#2520 = SEAM_CURVE('',#2521,(#2525,#2532),.PCURVE_S1.);
#2521 = LINE('',#2522,#2523);
#2522 = CARTESIAN_POINT('',(-54.,-22.,50.));
#2523 = VECTOR('',#2524,1.);
#2524 = DIRECTION('',(-1.,-0.,-0.));
#2525 = PCURVE('',#2209,#2526);
#2526 = DEFINITIONAL_REPRESENTATION('',(#2527),#2531);
#2527 = LINE('',#2528,#2529);
#2528 = CARTESIAN_POINT('',(6.28318530718,0.));
#2529 = VECTOR('',#2530,1.);
#2530 = DIRECTION('',(0.,-1.));
#2531 = ( GEOMETRIC_REPRESENTATION_CONTEXT(2) 
PARAMETRIC_REPRESENTATION_CONTEXT() REPRESENTATION_CONTEXT('2D SPACE',''
  ) );
#2532 = PCURVE('',#2209,#2533);
#2533 = DEFINITIONAL_REPRESENTATION('',(#2534),#2538);
#2534 = LINE('',#2535,#2536);
#2535 = CARTESIAN_POINT('',(0.,0.));
#2536 = VECTOR('',#2537,1.);
#2537 = DIRECTION('',(0.,-1.));
#2538 = ( GEOMETRIC_REPRESENTATION_CONTEXT(2) 
PARAMETRIC_REPRESENTATION_CONTEXT() REPRESENTATION_CONTEXT('2D SPACE',''
  ) );
#2539 = ORIENTED_EDGE('',*,*,#2540,.T.);
#2540 = EDGE_CURVE('',#2518,#2518,#2541,.T.);
#2541 = SURFACE_CURVE('',#2542,(#2547,#2554),.PCURVE_S1.);
#2542 = CIRCLE('',#2543,3.);
#2543 = AXIS2_PLACEMENT_3D('',#2544,#2545,#2546);
#2544 = CARTESIAN_POINT('',(-60.,-25.,50.));
#2545 = DIRECTION('',(1.,0.,0.));
#2546 = DIRECTION('',(0.,1.,0.));
#2547 = PCURVE('',#2209,#2548);
#2548 = DEFINITIONAL_REPRESENTATION('',(#2549),#2553);
#2549 = LINE('',#2550,#2551);
#2550 = CARTESIAN_POINT('',(0.,-6.));
#2551 = VECTOR('',#2552,1.);
#2552 = DIRECTION('',(1.,0.));
#2553 = ( GEOMETRIC_REPRESENTATION_CONTEXT(2) 
PARAMETRIC_REPRESENTATION_CONTEXT() REPRESENTATION_CONTEXT('2D SPACE',''
  ) );
#2554 = PCURVE('',#2379,#2555);
#2555 = DEFINITIONAL_REPRESENTATION('',(#2556),#2560);
#2556 = CIRCLE('',#2557,3.);
#2557 = AXIS2_PLACEMENT_2D('',#2558,#2559);
#2558 = CARTESIAN_POINT('',(10.,-60.));
#2559 = DIRECTION('',(-2.2E-16,1.));
#2560 = ( GEOMETRIC_REPRESENTATION_CONTEXT(2) 
PARAMETRIC_REPRESENTATION_CONTEXT() REPRESENTATION_CONTEXT('2D SPACE',''
  ) );
#2561 = ORIENTED_EDGE('',*,*,#2517,.F.);
#2562 = ADVANCED_FACE('',(#2563),#2240,.F.);
#2563 = FACE_BOUND('',#2564,.F.);
#2564 = EDGE_LOOP('',(#2565,#2566,#2589,#2611));
#2565 = ORIENTED_EDGE('',*,*,#2223,.F.);
#2566 = ORIENTED_EDGE('',*,*,#2567,.T.);
#2567 = EDGE_CURVE('',#2224,#2568,#2570,.T.);
#2568 = VERTEX_POINT('',#2569);
#2569 = CARTESIAN_POINT('',(-60.,-22.,25.));
#2570 = SEAM_CURVE('',#2571,(#2575,#2582),.PCURVE_S1.);
#2571 = LINE('',#2572,#2573);
#2572 = CARTESIAN_POINT('',(-54.,-22.,25.));
#2573 = VECTOR('',#2574,1.);
#2574 = DIRECTION('',(-1.,-0.,-0.));
#2575 = PCURVE('',#2240,#2576);
#2576 = DEFINITIONAL_REPRESENTATION('',(#2577),#2581);
#2577 = LINE('',#2578,#2579);
#2578 = CARTESIAN_POINT('',(6.28318530718,0.));
#2579 = VECTOR('',#2580,1.);
#2580 = DIRECTION('',(0.,-1.));
#2581 = ( GEOMETRIC_REPRESENTATION_CONTEXT(2) 
PARAMETRIC_REPRESENTATION_CONTEXT() REPRESENTATION_CONTEXT('2D SPACE',''
  ) );
#2582 = PCURVE('',#2240,#2583);
#2583 = DEFINITIONAL_REPRESENTATION('',(#2584),#2588);
#2584 = LINE('',#2585,#2586);
#2585 = CARTESIAN_POINT('',(0.,0.));
#2586 = VECTOR('',#2587,1.);
#2587 = DIRECTION('',(0.,-1.));
#2588 = ( GEOMETRIC_REPRESENTATION_CONTEXT(2) 
PARAMETRIC_REPRESENTATION_CONTEXT() REPRESENTATION_CONTEXT('2D SPACE',''
  ) );
#2589 = ORIENTED_EDGE('',*,*,#2590,.T.);
#2590 = EDGE_CURVE('',#2568,#2568,#2591,.T.);
#2591 = SURFACE_CURVE('',#2592,(#2597,#2604),.PCURVE_S1.);
#2592 = CIRCLE('',#2593,3.);
#2593 = AXIS2_PLACEMENT_3D('',#2594,#2595,#2596);
#2594 = CARTESIAN_POINT('',(-60.,-25.,25.));
#2595 = DIRECTION('',(1.,0.,0.));
#2596 = DIRECTION('',(0.,1.,0.));
#2597 = PCURVE('',#2240,#2598);
#2598 = DEFINITIONAL_REPRESENTATION('',(#2599),#2603);
#2599 = LINE('',#2600,#2601);
#2600 = CARTESIAN_POINT('',(0.,-6.));
#2601 = VECTOR('',#2602,1.);
#2602 = DIRECTION('',(1.,0.));
#2603 = ( GEOMETRIC_REPRESENTATION_CONTEXT(2) 
PARAMETRIC_REPRESENTATION_CONTEXT() REPRESENTATION_CONTEXT('2D SPACE',''
  ) );
#2604 = PCURVE('',#2379,#2605);
#2605 = DEFINITIONAL_REPRESENTATION('',(#2606),#2610);
#2606 = CIRCLE('',#2607,3.);
#2607 = AXIS2_PLACEMENT_2D('',#2608,#2609);
#2608 = CARTESIAN_POINT('',(35.,-60.));
#2609 = DIRECTION('',(-2.2E-16,1.));
#2610 = ( GEOMETRIC_REPRESENTATION_CONTEXT(2) 
PARAMETRIC_REPRESENTATION_CONTEXT() REPRESENTATION_CONTEXT('2D SPACE',''
  ) );
#2611 = ORIENTED_EDGE('',*,*,#2567,.F.);
#2612 = ADVANCED_FACE('',(#2613),#2271,.F.);
#2613 = FACE_BOUND('',#2614,.F.);
#2614 = EDGE_LOOP('',(#2615,#2616,#2639,#2661));
#2615 = ORIENTED_EDGE('',*,*,#2254,.F.);
#2616 = ORIENTED_EDGE('',*,*,#2617,.T.);
#2617 = EDGE_CURVE('',#2255,#2618,#2620,.T.);
#2618 = VERTEX_POINT('',#2619);
#2619 = CARTESIAN_POINT('',(-60.,28.,50.));
#2620 = SEAM_CURVE('',#2621,(#2625,#2632),.PCURVE_S1.);
#2621 = LINE('',#2622,#2623);
#2622 = CARTESIAN_POINT('',(-54.,28.,50.));
#2623 = VECTOR('',#2624,1.);
#2624 = DIRECTION('',(-1.,-0.,-0.));
#2625 = PCURVE('',#2271,#2626);
#2626 = DEFINITIONAL_REPRESENTATION('',(#2627),#2631);
#2627 = LINE('',#2628,#2629);
#2628 = CARTESIAN_POINT('',(6.28318530718,0.));
#2629 = VECTOR('',#2630,1.);
#2630 = DIRECTION('',(0.,-1.));
#2631 = ( GEOMETRIC_REPRESENTATION_CONTEXT(2) 
PARAMETRIC_REPRESENTATION_CONTEXT() REPRESENTATION_CONTEXT('2D SPACE',''
  ) );
#2632 = PCURVE('',#2271,#2633);
#2633 = DEFINITIONAL_REPRESENTATION('',(#2634),#2638);
#2634 = LINE('',#2635,#2636);
#2635 = CARTESIAN_POINT('',(0.,0.));
#2636 = VECTOR('',#2637,1.);
#2637 = DIRECTION('',(0.,-1.));
#2638 = ( GEOMETRIC_REPRESENTATION_CONTEXT(2) 
PARAMETRIC_REPRESENTATION_CONTEXT() REPRESENTATION_CONTEXT('2D SPACE',''
  ) );
#2639 = ORIENTED_EDGE('',*,*,#2640,.T.);
#2640 = EDGE_CURVE('',#2618,#2618,#2641,.T.);
#2641 = SURFACE_CURVE('',#2642,(#2647,#2654),.PCURVE_S1.);
#2642 = CIRCLE('',#2643,3.);
#2643 = AXIS2_PLACEMENT_3D('',#2644,#2645,#2646);
#2644 = CARTESIAN_POINT('',(-60.,25.,50.));
#2645 = DIRECTION('',(1.,0.,0.));
#2646 = DIRECTION('',(0.,1.,0.));
#2647 = PCURVE('',#2271,#2648);
#2648 = DEFINITIONAL_REPRESENTATION('',(#2649),#2653);
#2649 = LINE('',#2650,#2651);
#2650 = CARTESIAN_POINT('',(0.,-6.));
#2651 = VECTOR('',#2652,1.);
#2652 = DIRECTION('',(1.,0.));
#2653 = ( GEOMETRIC_REPRESENTATION_CONTEXT(2) 
PARAMETRIC_REPRESENTATION_CONTEXT() REPRESENTATION_CONTEXT('2D SPACE',''
  ) );
#2654 = PCURVE('',#2379,#2655);
#2655 = DEFINITIONAL_REPRESENTATION('',(#2656),#2660);
#2656 = CIRCLE('',#2657,3.);
#2657 = AXIS2_PLACEMENT_2D('',#2658,#2659);
#2658 = CARTESIAN_POINT('',(10.,-10.));
#2659 = DIRECTION('',(-2.2E-16,1.));
#2660 = ( GEOMETRIC_REPRESENTATION_CONTEXT(2) 
PARAMETRIC_REPRESENTATION_CONTEXT() REPRESENTATION_CONTEXT('2D SPACE',''
  ) );
#2661 = ORIENTED_EDGE('',*,*,#2617,.F.);
#2662 = ADVANCED_FACE('',(#2663),#2302,.F.);
#2663 = FACE_BOUND('',#2664,.F.);
#2664 = EDGE_LOOP('',(#2665,#2666,#2689,#2711));
#2665 = ORIENTED_EDGE('',*,*,#2285,.F.);
#2666 = ORIENTED_EDGE('',*,*,#2667,.T.);
#2667 = EDGE_CURVE('',#2286,#2668,#2670,.T.);
#2668 = VERTEX_POINT('',#2669);
#2669 = CARTESIAN_POINT('',(-60.,28.,25.));
#2670 = SEAM_CURVE('',#2671,(#2675,#2682),.PCURVE_S1.);
#2671 = LINE('',#2672,#2673);
#2672 = CARTESIAN_POINT('',(-54.,28.,25.));
#2673 = VECTOR('',#2674,1.);
#2674 = DIRECTION('',(-1.,-0.,-0.));
#2675 = PCURVE('',#2302,#2676);
#2676 = DEFINITIONAL_REPRESENTATION('',(#2677),#2681);
#2677 = LINE('',#2678,#2679);
#2678 = CARTESIAN_POINT('',(6.28318530718,0.));
#2679 = VECTOR('',#2680,1.);
#2680 = DIRECTION('',(0.,-1.));
#2681 = ( GEOMETRIC_REPRESENTATION_CONTEXT(2) 
PARAMETRIC_REPRESENTATION_CONTEXT() REPRESENTATION_CONTEXT('2D SPACE',''
  ) );
#2682 = PCURVE('',#2302,#2683);
#2683 = DEFINITIONAL_REPRESENTATION('',(#2684),#2688);
#2684 = LINE('',#2685,#2686);
#2685 = CARTESIAN_POINT('',(0.,0.));
#2686 = VECTOR('',#2687,1.);
#2687 = DIRECTION('',(0.,-1.));
#2688 = ( GEOMETRIC_REPRESENTATION_CONTEXT(2) 
PARAMETRIC_REPRESENTATION_CONTEXT() REPRESENTATION_CONTEXT('2D SPACE',''
  ) );
#2689 = ORIENTED_EDGE('',*,*,#2690,.T.);
#2690 = EDGE_CURVE('',#2668,#2668,#2691,.T.);
#2691 = SURFACE_CURVE('',#2692,(#2697,#2704),.PCURVE_S1.);
#2692 = CIRCLE('',#2693,3.);
#2693 = AXIS2_PLACEMENT_3D('',#2694,#2695,#2696);
#2694 = CARTESIAN_POINT('',(-60.,25.,25.));
#2695 = DIRECTION('',(1.,0.,0.));
#2696 = DIRECTION('',(0.,1.,0.));
#2697 = PCURVE('',#2302,#2698);
#2698 = DEFINITIONAL_REPRESENTATION('',(#2699),#2703);
#2699 = LINE('',#2700,#2701);
#2700 = CARTESIAN_POINT('',(0.,-6.));
#2701 = VECTOR('',#2702,1.);
#2702 = DIRECTION('',(1.,0.));
#2703 = ( GEOMETRIC_REPRESENTATION_CONTEXT(2) 
PARAMETRIC_REPRESENTATION_CONTEXT() REPRESENTATION_CONTEXT('2D SPACE',''
  ) );
#2704 = PCURVE('',#2379,#2705);
#2705 = DEFINITIONAL_REPRESENTATION('',(#2706),#2710);
#2706 = CIRCLE('',#2707,3.);
#2707 = AXIS2_PLACEMENT_2D('',#2708,#2709);
#2708 = CARTESIAN_POINT('',(35.,-10.));
#2709 = DIRECTION('',(-2.2E-16,1.));
#2710 = ( GEOMETRIC_REPRESENTATION_CONTEXT(2) 
PARAMETRIC_REPRESENTATION_CONTEXT() REPRESENTATION_CONTEXT('2D SPACE',''
  ) );
#2711 = ORIENTED_EDGE('',*,*,#2667,.F.);
#2712 = ADVANCED_FACE('',(#2713,#2719,#2722,#2725,#2728),#2379,.F.);
#2713 = FACE_BOUND('',#2714,.F.);
#2714 = EDGE_LOOP('',(#2715,#2716,#2717,#2718));
#2715 = ORIENTED_EDGE('',*,*,#2464,.T.);
#2716 = ORIENTED_EDGE('',*,*,#2418,.T.);
#2717 = ORIENTED_EDGE('',*,*,#2365,.F.);
#2718 = ORIENTED_EDGE('',*,*,#2491,.F.);
#2719 = FACE_BOUND('',#2720,.F.);
#2720 = EDGE_LOOP('',(#2721));
#2721 = ORIENTED_EDGE('',*,*,#2540,.F.);
#2722 = FACE_BOUND('',#2723,.F.);
#2723 = EDGE_LOOP('',(#2724));
#2724 = ORIENTED_EDGE('',*,*,#2590,.F.);
#2725 = FACE_BOUND('',#2726,.F.);
#2726 = EDGE_LOOP('',(#2727));
#2727 = ORIENTED_EDGE('',*,*,#2640,.F.);
#2728 = FACE_BOUND('',#2729,.F.);
#2729 = EDGE_LOOP('',(#2730));
#2730 = ORIENTED_EDGE('',*,*,#2690,.F.);
#2731 = ( GEOMETRIC_REPRESENTATION_CONTEXT(3) 
GLOBAL_UNCERTAINTY_ASSIGNED_CONTEXT((#2735)) 
GLOBAL_UNIT_ASSIGNED_CONTEXT((#2732,#2733,#2734)) REPRESENTATION_CONTEXT
('Context #1','3D Context with UNIT and UNCERTAINTY') );
#2732 = ( LENGTH_UNIT() NAMED_UNIT(*) SI_UNIT(.MILLI.,.METRE.) );
#2733 = ( NAMED_UNIT(*) PLANE_ANGLE_UNIT() SI_UNIT($,.RADIAN.) );
#2734 = ( NAMED_UNIT(*) SI_UNIT($,.STERADIAN.) SOLID_ANGLE_UNIT() );
#2735 = UNCERTAINTY_MEASURE_WITH_UNIT(LENGTH_MEASURE(1.E-07),#2732,
  'distance_accuracy_value','confusion accuracy');
#2736 = PRODUCT_RELATED_PRODUCT_CATEGORY('part',$,(#7));
#2737 = MECHANICAL_DESIGN_GEOMETRIC_PRESENTATION_REPRESENTATION('',(
    #2738),#2731);
#2738 = STYLED_ITEM('color',(#2739),#15);
#2739 = PRESENTATION_STYLE_ASSIGNMENT((#2740,#2746));
#2740 = SURFACE_STYLE_USAGE(.BOTH.,#2741);
#2741 = SURFACE_SIDE_STYLE('',(#2742));
#2742 = SURFACE_STYLE_FILL_AREA(#2743);
#2743 = FILL_AREA_STYLE('',(#2744));
#2744 = FILL_AREA_STYLE_COLOUR('',#2745);
#2745 = COLOUR_RGB('',0.800000010877,0.800000010877,0.800000010877);
#2746 = CURVE_STYLE('',#2747,POSITIVE_LENGTH_MEASURE(0.1),#2745);
#2747 = DRAUGHTING_PRE_DEFINED_CURVE_FONT('continuous');
ENDSEC;
END-ISO-10303-21;
