ISO-10303-21;
HEADER;
FILE_DESCRIPTION(('Open CASCADE Model'),'2;1');
FILE_NAME('Open CASCADE Shape Model','2026-03-03T12:34:24',('Author'),(
    'Open CASCADE'),'Open CASCADE STEP processor 7.8','Open CASCADE 7.8'
  ,'Unknown');
FILE_SCHEMA(('AUTOMOTIVE_DESIGN { 1 0 10303 214 1 1 1 1 }'));
ENDSEC;
DATA;
#1 = APPLICATION_PROTOCOL_DEFINITION('international standard',
  'automotive_design',2000,#2);
#2 = APPLICATION_CONTEXT(
  'core data for automotive mechanical design processes');
#3 = SHAPE_DEFINITION_REPRESENTATION(#4,#10);
#4 = PRODUCT_DEFINITION_SHAPE('','',#5);
#5 = PRODUCT_DEFINITION('design','',#6,#9);
#6 = PRODUCT_DEFINITION_FORMATION('','',#7);
#7 = PRODUCT('Open CASCADE STEP translator 7.8 4',
  'Open CASCADE STEP translator 7.8 4','',(#8));
#8 = PRODUCT_CONTEXT('',#2,'mechanical');
#9 = PRODUCT_DEFINITION_CONTEXT('part definition',#2,'design');
#10 = ADVANCED_BREP_SHAPE_REPRESENTATION('',(#11,#15),#4249);
#11 = AXIS2_PLACEMENT_3D('',#12,#13,#14);
#12 = CARTESIAN_POINT('',(0.,0.,0.));
#13 = DIRECTION('',(0.,0.,1.));
#14 = DIRECTION('',(1.,0.,-0.));
#15 = MANIFOLD_SOLID_BREP('',#16);
#16 = CLOSED_SHELL('',(#17,#137,#931,#981,#1035,#1445,#1472,#1499,#1526,
    #1553,#1580,#1607,#1640,#1739,#1793,#1845,#2161,#2208,#2519,#2568,
    #2621,#2697,#2751,#2805,#2837,#2913,#2967,#3021,#3053,#3124,#3174,
    #3228,#3277,#3326,#3376,#3430,#3457,#3463,#3563,#3623,#3688,#3705,
    #3732,#3831,#3892,#3952,#3979,#4079,#4140,#4201,#4228,#4235,#4242));
#17 = ADVANCED_FACE('',(#18),#32,.F.);
#18 = FACE_BOUND('',#19,.F.);
#19 = EDGE_LOOP('',(#20,#55,#83,#111));
#20 = ORIENTED_EDGE('',*,*,#21,.F.);
#21 = EDGE_CURVE('',#22,#24,#26,.T.);
#22 = VERTEX_POINT('',#23);
#23 = CARTESIAN_POINT('',(-60.,-18.3431457505,4.));
#24 = VERTEX_POINT('',#25);
#25 = CARTESIAN_POINT('',(-60.,36.,4.));
#26 = SURFACE_CURVE('',#27,(#31,#43),.PCURVE_S1.);
#27 = LINE('',#28,#29);
#28 = CARTESIAN_POINT('',(-60.,-40.,4.));
#29 = VECTOR('',#30,1.);
#30 = DIRECTION('',(0.,1.,0.));
#31 = PCURVE('',#32,#37);
#32 = PLANE('',#33);
#33 = AXIS2_PLACEMENT_3D('',#34,#35,#36);
#34 = CARTESIAN_POINT('',(-60.,-40.,0.));
#35 = DIRECTION('',(1.,0.,0.));
#36 = DIRECTION('',(0.,0.,1.));
#37 = DEFINITIONAL_REPRESENTATION('',(#38),#42);
#38 = LINE('',#39,#40);
#39 = CARTESIAN_POINT('',(4.,0.));
#40 = VECTOR('',#41,1.);
#41 = DIRECTION('',(0.,-1.));
#42 = ( GEOMETRIC_REPRESENTATION_CONTEXT(2) 
PARAMETRIC_REPRESENTATION_CONTEXT() REPRESENTATION_CONTEXT('2D SPACE',''
  ) );
#43 = PCURVE('',#44,#49);
#44 = PLANE('',#45);
#45 = AXIS2_PLACEMENT_3D('',#46,#47,#48);
#46 = CARTESIAN_POINT('',(-60.,-40.,4.));
#47 = DIRECTION('',(0.,0.,1.));
#48 = DIRECTION('',(1.,0.,0.));
#49 = DEFINITIONAL_REPRESENTATION('',(#50),#54);
#50 = LINE('',#51,#52);
#51 = CARTESIAN_POINT('',(0.,0.));
#52 = VECTOR('',#53,1.);
#53 = DIRECTION('',(0.,1.));
#54 = ( GEOMETRIC_REPRESENTATION_CONTEXT(2) 
PARAMETRIC_REPRESENTATION_CONTEXT() REPRESENTATION_CONTEXT('2D SPACE',''
  ) );
#55 = ORIENTED_EDGE('',*,*,#56,.F.);
#56 = EDGE_CURVE('',#57,#22,#59,.T.);
#57 = VERTEX_POINT('',#58);
#58 = CARTESIAN_POINT('',(-60.,-18.3431457505,0.));
#59 = SURFACE_CURVE('',#60,(#64,#71),.PCURVE_S1.);
#60 = LINE('',#61,#62);
#61 = CARTESIAN_POINT('',(-60.,-18.3431457505,0.));
#62 = VECTOR('',#63,1.);
#63 = DIRECTION('',(0.,0.,1.));
#64 = PCURVE('',#32,#65);
#65 = DEFINITIONAL_REPRESENTATION('',(#66),#70);
#66 = LINE('',#67,#68);
#67 = CARTESIAN_POINT('',(0.,-21.65685424949));
#68 = VECTOR('',#69,1.);
#69 = DIRECTION('',(1.,0.));
#70 = ( GEOMETRIC_REPRESENTATION_CONTEXT(2) 
PARAMETRIC_REPRESENTATION_CONTEXT() REPRESENTATION_CONTEXT('2D SPACE',''
  ) );
#71 = PCURVE('',#72,#77);
#72 = CYLINDRICAL_SURFACE('',#73,4.);
#73 = AXIS2_PLACEMENT_3D('',#74,#75,#76);
#74 = CARTESIAN_POINT('',(-56.,-18.3431457505,0.));
#75 = DIRECTION('',(0.,0.,1.));
#76 = DIRECTION('',(-1.,-0.,0.));
#77 = DEFINITIONAL_REPRESENTATION('',(#78),#82);
#78 = LINE('',#79,#80);
#79 = CARTESIAN_POINT('',(0.,0.));
#80 = VECTOR('',#81,1.);
#81 = DIRECTION('',(0.,1.));
#82 = ( GEOMETRIC_REPRESENTATION_CONTEXT(2) 
PARAMETRIC_REPRESENTATION_CONTEXT() REPRESENTATION_CONTEXT('2D SPACE',''
  ) );
#83 = ORIENTED_EDGE('',*,*,#84,.T.);
#84 = EDGE_CURVE('',#57,#85,#87,.T.);
#85 = VERTEX_POINT('',#86);
#86 = CARTESIAN_POINT('',(-60.,36.,0.));
#87 = SURFACE_CURVE('',#88,(#92,#99),.PCURVE_S1.);
#88 = LINE('',#89,#90);
#89 = CARTESIAN_POINT('',(-60.,-40.,0.));
#90 = VECTOR('',#91,1.);
#91 = DIRECTION('',(0.,1.,0.));
#92 = PCURVE('',#32,#93);
#93 = DEFINITIONAL_REPRESENTATION('',(#94),#98);
#94 = LINE('',#95,#96);
#95 = CARTESIAN_POINT('',(0.,0.));
#96 = VECTOR('',#97,1.);
#97 = DIRECTION('',(0.,-1.));
#98 = ( GEOMETRIC_REPRESENTATION_CONTEXT(2) 
PARAMETRIC_REPRESENTATION_CONTEXT() REPRESENTATION_CONTEXT('2D SPACE',''
  ) );
#99 = PCURVE('',#100,#105);
#100 = PLANE('',#101);
#101 = AXIS2_PLACEMENT_3D('',#102,#103,#104);
#102 = CARTESIAN_POINT('',(-60.,-40.,0.));
#103 = DIRECTION('',(0.,0.,1.));
#104 = DIRECTION('',(1.,0.,0.));
#105 = DEFINITIONAL_REPRESENTATION('',(#106),#110);
#106 = LINE('',#107,#108);
#107 = CARTESIAN_POINT('',(0.,0.));
#108 = VECTOR('',#109,1.);
#109 = DIRECTION('',(0.,1.));
#110 = ( GEOMETRIC_REPRESENTATION_CONTEXT(2) 
PARAMETRIC_REPRESENTATION_CONTEXT() REPRESENTATION_CONTEXT('2D SPACE',''
  ) );
#111 = ORIENTED_EDGE('',*,*,#112,.T.);
#112 = EDGE_CURVE('',#85,#24,#113,.T.);
#113 = SURFACE_CURVE('',#114,(#118,#125),.PCURVE_S1.);
#114 = LINE('',#115,#116);
#115 = CARTESIAN_POINT('',(-60.,36.,0.));
#116 = VECTOR('',#117,1.);
#117 = DIRECTION('',(0.,0.,1.));
#118 = PCURVE('',#32,#119);
#119 = DEFINITIONAL_REPRESENTATION('',(#120),#124);
#120 = LINE('',#121,#122);
#121 = CARTESIAN_POINT('',(0.,-76.));
#122 = VECTOR('',#123,1.);
#123 = DIRECTION('',(1.,0.));
#124 = ( GEOMETRIC_REPRESENTATION_CONTEXT(2) 
PARAMETRIC_REPRESENTATION_CONTEXT() REPRESENTATION_CONTEXT('2D SPACE',''
  ) );
#125 = PCURVE('',#126,#131);
#126 = CYLINDRICAL_SURFACE('',#127,4.);
#127 = AXIS2_PLACEMENT_3D('',#128,#129,#130);
#128 = CARTESIAN_POINT('',(-56.,36.,0.));
#129 = DIRECTION('',(0.,0.,1.));
#130 = DIRECTION('',(-1.,-0.,0.));
#131 = DEFINITIONAL_REPRESENTATION('',(#132),#136);
#132 = LINE('',#133,#134);
#133 = CARTESIAN_POINT('',(-0.,0.));
#134 = VECTOR('',#135,1.);
#135 = DIRECTION('',(-0.,1.));
#136 = ( GEOMETRIC_REPRESENTATION_CONTEXT(2) 
PARAMETRIC_REPRESENTATION_CONTEXT() REPRESENTATION_CONTEXT('2D SPACE',''
  ) );
#137 = ADVANCED_FACE('',(#138,#703,#817),#44,.T.);
#138 = FACE_BOUND('',#139,.T.);
#139 = EDGE_LOOP('',(#140,#141,#165,#191,#219,#247,#280,#308,#336,#369,
    #397,#425,#453,#481,#502,#531,#559,#588,#616,#649,#677));
#140 = ORIENTED_EDGE('',*,*,#21,.F.);
#141 = ORIENTED_EDGE('',*,*,#142,.T.);
#142 = EDGE_CURVE('',#22,#143,#145,.T.);
#143 = VERTEX_POINT('',#144);
#144 = CARTESIAN_POINT('',(-58.82842712474,-21.17157287525,4.));
#145 = SURFACE_CURVE('',#146,(#151,#158),.PCURVE_S1.);
#146 = CIRCLE('',#147,4.);
#147 = AXIS2_PLACEMENT_3D('',#148,#149,#150);
#148 = CARTESIAN_POINT('',(-56.,-18.3431457505,4.));
#149 = DIRECTION('',(0.,0.,1.));
#150 = DIRECTION('',(0.,-1.,0.));
#151 = PCURVE('',#44,#152);
#152 = DEFINITIONAL_REPRESENTATION('',(#153),#157);
#153 = CIRCLE('',#154,4.);
#154 = AXIS2_PLACEMENT_2D('',#155,#156);
#155 = CARTESIAN_POINT('',(4.,21.656854249492));
#156 = DIRECTION('',(0.,-1.));
#157 = ( GEOMETRIC_REPRESENTATION_CONTEXT(2) 
PARAMETRIC_REPRESENTATION_CONTEXT() REPRESENTATION_CONTEXT('2D SPACE',''
  ) );
#158 = PCURVE('',#72,#159);
#159 = DEFINITIONAL_REPRESENTATION('',(#160),#164);
#160 = LINE('',#161,#162);
#161 = CARTESIAN_POINT('',(-4.712388980385,4.));
#162 = VECTOR('',#163,1.);
#163 = DIRECTION('',(1.,0.));
#164 = ( GEOMETRIC_REPRESENTATION_CONTEXT(2) 
PARAMETRIC_REPRESENTATION_CONTEXT() REPRESENTATION_CONTEXT('2D SPACE',''
  ) );
#165 = ORIENTED_EDGE('',*,*,#166,.T.);
#166 = EDGE_CURVE('',#143,#167,#169,.T.);
#167 = VERTEX_POINT('',#168);
#168 = CARTESIAN_POINT('',(-52.2,-27.8,4.));
#169 = SURFACE_CURVE('',#170,(#174,#180),.PCURVE_S1.);
#170 = LINE('',#171,#172);
#171 = CARTESIAN_POINT('',(-45.,-35.,4.));
#172 = VECTOR('',#173,1.);
#173 = DIRECTION('',(0.707106781187,-0.707106781187,0.));
#174 = PCURVE('',#44,#175);
#175 = DEFINITIONAL_REPRESENTATION('',(#176),#179);
#176 = B_SPLINE_CURVE_WITH_KNOTS('',1,(#177,#178),.UNSPECIFIED.,.F.,.F.,
  (2,2),(-21.21320343559,7.071067811865),.PIECEWISE_BEZIER_KNOTS.);
#177 = CARTESIAN_POINT('',(-1.7763568394E-15,20.));
#178 = CARTESIAN_POINT('',(20.,-8.881784197001E-16));
#179 = ( GEOMETRIC_REPRESENTATION_CONTEXT(2) 
PARAMETRIC_REPRESENTATION_CONTEXT() REPRESENTATION_CONTEXT('2D SPACE',''
  ) );
#180 = PCURVE('',#181,#186);
#181 = PLANE('',#182);
#182 = AXIS2_PLACEMENT_3D('',#183,#184,#185);
#183 = CARTESIAN_POINT('',(-40.,-40.,0.));
#184 = DIRECTION('',(-0.707106781187,-0.707106781187,0.));
#185 = DIRECTION('',(-0.707106781187,0.707106781187,0.));
#186 = DEFINITIONAL_REPRESENTATION('',(#187),#190);
#187 = B_SPLINE_CURVE_WITH_KNOTS('',1,(#188,#189),.UNSPECIFIED.,.F.,.F.,
  (2,2),(-21.21320343559,7.071067811865),.PIECEWISE_BEZIER_KNOTS.);
#188 = CARTESIAN_POINT('',(28.284271247462,-4.));
#189 = CARTESIAN_POINT('',(0.,-4.));
#190 = ( GEOMETRIC_REPRESENTATION_CONTEXT(2) 
PARAMETRIC_REPRESENTATION_CONTEXT() REPRESENTATION_CONTEXT('2D SPACE',''
  ) );
#191 = ORIENTED_EDGE('',*,*,#192,.F.);
#192 = EDGE_CURVE('',#193,#167,#195,.T.);
#193 = VERTEX_POINT('',#194);
#194 = CARTESIAN_POINT('',(-52.2,-20.1,4.));
#195 = SURFACE_CURVE('',#196,(#200,#207),.PCURVE_S1.);
#196 = LINE('',#197,#198);
#197 = CARTESIAN_POINT('',(-52.2,-20.1,4.));
#198 = VECTOR('',#199,1.);
#199 = DIRECTION('',(0.,-1.,0.));
#200 = PCURVE('',#44,#201);
#201 = DEFINITIONAL_REPRESENTATION('',(#202),#206);
#202 = LINE('',#203,#204);
#203 = CARTESIAN_POINT('',(7.8,19.9));
#204 = VECTOR('',#205,1.);
#205 = DIRECTION('',(0.,-1.));
#206 = ( GEOMETRIC_REPRESENTATION_CONTEXT(2) 
PARAMETRIC_REPRESENTATION_CONTEXT() REPRESENTATION_CONTEXT('2D SPACE',''
  ) );
#207 = PCURVE('',#208,#213);
#208 = PLANE('',#209);
#209 = AXIS2_PLACEMENT_3D('',#210,#211,#212);
#210 = CARTESIAN_POINT('',(-52.2,-20.1,4.));
#211 = DIRECTION('',(1.,0.,-0.));
#212 = DIRECTION('',(0.,-1.,0.));
#213 = DEFINITIONAL_REPRESENTATION('',(#214),#218);
#214 = LINE('',#215,#216);
#215 = CARTESIAN_POINT('',(0.,0.));
#216 = VECTOR('',#217,1.);
#217 = DIRECTION('',(1.,0.));
#218 = ( GEOMETRIC_REPRESENTATION_CONTEXT(2) 
PARAMETRIC_REPRESENTATION_CONTEXT() REPRESENTATION_CONTEXT('2D SPACE',''
  ) );
#219 = ORIENTED_EDGE('',*,*,#220,.F.);
#220 = EDGE_CURVE('',#221,#193,#223,.T.);
#221 = VERTEX_POINT('',#222);
#222 = CARTESIAN_POINT('',(-41.40440890611,-20.1,4.));
#223 = SURFACE_CURVE('',#224,(#228,#235),.PCURVE_S1.);
#224 = LINE('',#225,#226);
#225 = CARTESIAN_POINT('',(46.2,-20.1,4.));
#226 = VECTOR('',#227,1.);
#227 = DIRECTION('',(-1.,0.,0.));
#228 = PCURVE('',#44,#229);
#229 = DEFINITIONAL_REPRESENTATION('',(#230),#234);
#230 = LINE('',#231,#232);
#231 = CARTESIAN_POINT('',(106.2,19.9));
#232 = VECTOR('',#233,1.);
#233 = DIRECTION('',(-1.,0.));
#234 = ( GEOMETRIC_REPRESENTATION_CONTEXT(2) 
PARAMETRIC_REPRESENTATION_CONTEXT() REPRESENTATION_CONTEXT('2D SPACE',''
  ) );
#235 = PCURVE('',#236,#241);
#236 = PLANE('',#237);
#237 = AXIS2_PLACEMENT_3D('',#238,#239,#240);
#238 = CARTESIAN_POINT('',(46.2,-20.1,4.));
#239 = DIRECTION('',(0.,-1.,0.));
#240 = DIRECTION('',(-1.,0.,0.));
#241 = DEFINITIONAL_REPRESENTATION('',(#242),#246);
#242 = LINE('',#243,#244);
#243 = CARTESIAN_POINT('',(0.,-0.));
#244 = VECTOR('',#245,1.);
#245 = DIRECTION('',(1.,0.));
#246 = ( GEOMETRIC_REPRESENTATION_CONTEXT(2) 
PARAMETRIC_REPRESENTATION_CONTEXT() REPRESENTATION_CONTEXT('2D SPACE',''
  ) );
#247 = ORIENTED_EDGE('',*,*,#248,.T.);
#248 = EDGE_CURVE('',#221,#249,#251,.T.);
#249 = VERTEX_POINT('',#250);
#250 = CARTESIAN_POINT('',(-34.,-18.,4.));
#251 = SURFACE_CURVE('',#252,(#257,#268),.PCURVE_S1.);
#252 = CIRCLE('',#253,4.);
#253 = AXIS2_PLACEMENT_3D('',#254,#255,#256);
#254 = CARTESIAN_POINT('',(-38.,-18.,4.));
#255 = DIRECTION('',(0.,0.,-1.));
#256 = DIRECTION('',(1.,0.,0.));
#257 = PCURVE('',#44,#258);
#258 = DEFINITIONAL_REPRESENTATION('',(#259),#267);
#259 = ( BOUNDED_CURVE() B_SPLINE_CURVE(2,(#260,#261,#262,#263,#264,#265
,#266),.UNSPECIFIED.,.T.,.F.) B_SPLINE_CURVE_WITH_KNOTS((1,2,2,2,2,1),(
    -2.094395102393,0.,2.094395102393,4.188790204786,6.28318530718,
8.377580409573),.UNSPECIFIED.) CURVE() GEOMETRIC_REPRESENTATION_ITEM() 
RATIONAL_B_SPLINE_CURVE((1.,0.5,1.,0.5,1.,0.5,1.)) REPRESENTATION_ITEM(
  '') );
#260 = CARTESIAN_POINT('',(26.,22.));
#261 = CARTESIAN_POINT('',(26.,15.071796769724));
#262 = CARTESIAN_POINT('',(20.,18.535898384862));
#263 = CARTESIAN_POINT('',(14.,22.));
#264 = CARTESIAN_POINT('',(20.,25.464101615138));
#265 = CARTESIAN_POINT('',(26.,28.928203230276));
#266 = CARTESIAN_POINT('',(26.,22.));
#267 = ( GEOMETRIC_REPRESENTATION_CONTEXT(2) 
PARAMETRIC_REPRESENTATION_CONTEXT() REPRESENTATION_CONTEXT('2D SPACE',''
  ) );
#268 = PCURVE('',#269,#274);
#269 = CYLINDRICAL_SURFACE('',#270,4.);
#270 = AXIS2_PLACEMENT_3D('',#271,#272,#273);
#271 = CARTESIAN_POINT('',(-38.,-18.,-100.));
#272 = DIRECTION('',(-0.,-0.,-1.));
#273 = DIRECTION('',(1.,0.,0.));
#274 = DEFINITIONAL_REPRESENTATION('',(#275),#279);
#275 = LINE('',#276,#277);
#276 = CARTESIAN_POINT('',(-6.28318530718,-104.));
#277 = VECTOR('',#278,1.);
#278 = DIRECTION('',(1.,-0.));
#279 = ( GEOMETRIC_REPRESENTATION_CONTEXT(2) 
PARAMETRIC_REPRESENTATION_CONTEXT() REPRESENTATION_CONTEXT('2D SPACE',''
  ) );
#280 = ORIENTED_EDGE('',*,*,#281,.T.);
#281 = EDGE_CURVE('',#249,#282,#284,.T.);
#282 = VERTEX_POINT('',#283);
#283 = CARTESIAN_POINT('',(-34.59559109389,-20.1,4.));
#284 = SURFACE_CURVE('',#285,(#290,#301),.PCURVE_S1.);
#285 = CIRCLE('',#286,4.);
#286 = AXIS2_PLACEMENT_3D('',#287,#288,#289);
#287 = CARTESIAN_POINT('',(-38.,-18.,4.));
#288 = DIRECTION('',(0.,0.,-1.));
#289 = DIRECTION('',(1.,0.,0.));
#290 = PCURVE('',#44,#291);
#291 = DEFINITIONAL_REPRESENTATION('',(#292),#300);
#292 = ( BOUNDED_CURVE() B_SPLINE_CURVE(2,(#293,#294,#295,#296,#297,#298
,#299),.UNSPECIFIED.,.T.,.F.) B_SPLINE_CURVE_WITH_KNOTS((1,2,2,2,2,1),(
    -2.094395102393,0.,2.094395102393,4.188790204786,6.28318530718,
8.377580409573),.UNSPECIFIED.) CURVE() GEOMETRIC_REPRESENTATION_ITEM() 
RATIONAL_B_SPLINE_CURVE((1.,0.5,1.,0.5,1.,0.5,1.)) REPRESENTATION_ITEM(
  '') );
#293 = CARTESIAN_POINT('',(26.,22.));
#294 = CARTESIAN_POINT('',(26.,15.071796769724));
#295 = CARTESIAN_POINT('',(20.,18.535898384862));
#296 = CARTESIAN_POINT('',(14.,22.));
#297 = CARTESIAN_POINT('',(20.,25.464101615138));
#298 = CARTESIAN_POINT('',(26.,28.928203230276));
#299 = CARTESIAN_POINT('',(26.,22.));
#300 = ( GEOMETRIC_REPRESENTATION_CONTEXT(2) 
PARAMETRIC_REPRESENTATION_CONTEXT() REPRESENTATION_CONTEXT('2D SPACE',''
  ) );
#301 = PCURVE('',#269,#302);
#302 = DEFINITIONAL_REPRESENTATION('',(#303),#307);
#303 = LINE('',#304,#305);
#304 = CARTESIAN_POINT('',(-6.28318530718,-104.));
#305 = VECTOR('',#306,1.);
#306 = DIRECTION('',(1.,-0.));
#307 = ( GEOMETRIC_REPRESENTATION_CONTEXT(2) 
PARAMETRIC_REPRESENTATION_CONTEXT() REPRESENTATION_CONTEXT('2D SPACE',''
  ) );
#308 = ORIENTED_EDGE('',*,*,#309,.F.);
#309 = EDGE_CURVE('',#310,#282,#312,.T.);
#310 = VERTEX_POINT('',#311);
#311 = CARTESIAN_POINT('',(34.59559109389,-20.1,4.));
#312 = SURFACE_CURVE('',#313,(#317,#324),.PCURVE_S1.);
#313 = LINE('',#314,#315);
#314 = CARTESIAN_POINT('',(46.2,-20.1,4.));
#315 = VECTOR('',#316,1.);
#316 = DIRECTION('',(-1.,0.,0.));
#317 = PCURVE('',#44,#318);
#318 = DEFINITIONAL_REPRESENTATION('',(#319),#323);
#319 = LINE('',#320,#321);
#320 = CARTESIAN_POINT('',(106.2,19.9));
#321 = VECTOR('',#322,1.);
#322 = DIRECTION('',(-1.,0.));
#323 = ( GEOMETRIC_REPRESENTATION_CONTEXT(2) 
PARAMETRIC_REPRESENTATION_CONTEXT() REPRESENTATION_CONTEXT('2D SPACE',''
  ) );
#324 = PCURVE('',#325,#330);
#325 = PLANE('',#326);
#326 = AXIS2_PLACEMENT_3D('',#327,#328,#329);
#327 = CARTESIAN_POINT('',(46.2,-20.1,4.));
#328 = DIRECTION('',(0.,-1.,0.));
#329 = DIRECTION('',(-1.,0.,0.));
#330 = DEFINITIONAL_REPRESENTATION('',(#331),#335);
#331 = LINE('',#332,#333);
#332 = CARTESIAN_POINT('',(0.,-0.));
#333 = VECTOR('',#334,1.);
#334 = DIRECTION('',(1.,0.));
#335 = ( GEOMETRIC_REPRESENTATION_CONTEXT(2) 
PARAMETRIC_REPRESENTATION_CONTEXT() REPRESENTATION_CONTEXT('2D SPACE',''
  ) );
#336 = ORIENTED_EDGE('',*,*,#337,.T.);
#337 = EDGE_CURVE('',#310,#338,#340,.T.);
#338 = VERTEX_POINT('',#339);
#339 = CARTESIAN_POINT('',(42.,-18.,4.));
#340 = SURFACE_CURVE('',#341,(#346,#357),.PCURVE_S1.);
#341 = CIRCLE('',#342,4.);
#342 = AXIS2_PLACEMENT_3D('',#343,#344,#345);
#343 = CARTESIAN_POINT('',(38.,-18.,4.));
#344 = DIRECTION('',(0.,0.,-1.));
#345 = DIRECTION('',(1.,0.,0.));
#346 = PCURVE('',#44,#347);
#347 = DEFINITIONAL_REPRESENTATION('',(#348),#356);
#348 = ( BOUNDED_CURVE() B_SPLINE_CURVE(2,(#349,#350,#351,#352,#353,#354
,#355),.UNSPECIFIED.,.T.,.F.) B_SPLINE_CURVE_WITH_KNOTS((1,2,2,2,2,1),(
    -2.094395102393,0.,2.094395102393,4.188790204786,6.28318530718,
8.377580409573),.UNSPECIFIED.) CURVE() GEOMETRIC_REPRESENTATION_ITEM() 
RATIONAL_B_SPLINE_CURVE((1.,0.5,1.,0.5,1.,0.5,1.)) REPRESENTATION_ITEM(
  '') );
#349 = CARTESIAN_POINT('',(102.,22.));
#350 = CARTESIAN_POINT('',(102.,15.071796769724));
#351 = CARTESIAN_POINT('',(96.,18.535898384862));
#352 = CARTESIAN_POINT('',(90.,22.));
#353 = CARTESIAN_POINT('',(96.,25.464101615138));
#354 = CARTESIAN_POINT('',(102.,28.928203230276));
#355 = CARTESIAN_POINT('',(102.,22.));
#356 = ( GEOMETRIC_REPRESENTATION_CONTEXT(2) 
PARAMETRIC_REPRESENTATION_CONTEXT() REPRESENTATION_CONTEXT('2D SPACE',''
  ) );
#357 = PCURVE('',#358,#363);
#358 = CYLINDRICAL_SURFACE('',#359,4.);
#359 = AXIS2_PLACEMENT_3D('',#360,#361,#362);
#360 = CARTESIAN_POINT('',(38.,-18.,-100.));
#361 = DIRECTION('',(-0.,-0.,-1.));
#362 = DIRECTION('',(1.,0.,0.));
#363 = DEFINITIONAL_REPRESENTATION('',(#364),#368);
#364 = LINE('',#365,#366);
#365 = CARTESIAN_POINT('',(-6.28318530718,-104.));
#366 = VECTOR('',#367,1.);
#367 = DIRECTION('',(1.,-0.));
#368 = ( GEOMETRIC_REPRESENTATION_CONTEXT(2) 
PARAMETRIC_REPRESENTATION_CONTEXT() REPRESENTATION_CONTEXT('2D SPACE',''
  ) );
#369 = ORIENTED_EDGE('',*,*,#370,.T.);
#370 = EDGE_CURVE('',#338,#371,#373,.T.);
#371 = VERTEX_POINT('',#372);
#372 = CARTESIAN_POINT('',(41.40440890611,-20.1,4.));
#373 = SURFACE_CURVE('',#374,(#379,#390),.PCURVE_S1.);
#374 = CIRCLE('',#375,4.);
#375 = AXIS2_PLACEMENT_3D('',#376,#377,#378);
#376 = CARTESIAN_POINT('',(38.,-18.,4.));
#377 = DIRECTION('',(0.,0.,-1.));
#378 = DIRECTION('',(1.,0.,0.));
#379 = PCURVE('',#44,#380);
#380 = DEFINITIONAL_REPRESENTATION('',(#381),#389);
#381 = ( BOUNDED_CURVE() B_SPLINE_CURVE(2,(#382,#383,#384,#385,#386,#387
,#388),.UNSPECIFIED.,.T.,.F.) B_SPLINE_CURVE_WITH_KNOTS((1,2,2,2,2,1),(
    -2.094395102393,0.,2.094395102393,4.188790204786,6.28318530718,
8.377580409573),.UNSPECIFIED.) CURVE() GEOMETRIC_REPRESENTATION_ITEM() 
RATIONAL_B_SPLINE_CURVE((1.,0.5,1.,0.5,1.,0.5,1.)) REPRESENTATION_ITEM(
  '') );
#382 = CARTESIAN_POINT('',(102.,22.));
#383 = CARTESIAN_POINT('',(102.,15.071796769724));
#384 = CARTESIAN_POINT('',(96.,18.535898384862));
#385 = CARTESIAN_POINT('',(90.,22.));
#386 = CARTESIAN_POINT('',(96.,25.464101615138));
#387 = CARTESIAN_POINT('',(102.,28.928203230276));
#388 = CARTESIAN_POINT('',(102.,22.));
#389 = ( GEOMETRIC_REPRESENTATION_CONTEXT(2) 
PARAMETRIC_REPRESENTATION_CONTEXT() REPRESENTATION_CONTEXT('2D SPACE',''
  ) );
#390 = PCURVE('',#358,#391);
#391 = DEFINITIONAL_REPRESENTATION('',(#392),#396);
#392 = LINE('',#393,#394);
#393 = CARTESIAN_POINT('',(-6.28318530718,-104.));
#394 = VECTOR('',#395,1.);
#395 = DIRECTION('',(1.,-0.));
#396 = ( GEOMETRIC_REPRESENTATION_CONTEXT(2) 
PARAMETRIC_REPRESENTATION_CONTEXT() REPRESENTATION_CONTEXT('2D SPACE',''
  ) );
#397 = ORIENTED_EDGE('',*,*,#398,.F.);
#398 = EDGE_CURVE('',#399,#371,#401,.T.);
#399 = VERTEX_POINT('',#400);
#400 = CARTESIAN_POINT('',(46.2,-20.1,4.));
#401 = SURFACE_CURVE('',#402,(#406,#413),.PCURVE_S1.);
#402 = LINE('',#403,#404);
#403 = CARTESIAN_POINT('',(46.2,-20.1,4.));
#404 = VECTOR('',#405,1.);
#405 = DIRECTION('',(-1.,0.,0.));
#406 = PCURVE('',#44,#407);
#407 = DEFINITIONAL_REPRESENTATION('',(#408),#412);
#408 = LINE('',#409,#410);
#409 = CARTESIAN_POINT('',(106.2,19.9));
#410 = VECTOR('',#411,1.);
#411 = DIRECTION('',(-1.,0.));
#412 = ( GEOMETRIC_REPRESENTATION_CONTEXT(2) 
PARAMETRIC_REPRESENTATION_CONTEXT() REPRESENTATION_CONTEXT('2D SPACE',''
  ) );
#413 = PCURVE('',#414,#419);
#414 = PLANE('',#415);
#415 = AXIS2_PLACEMENT_3D('',#416,#417,#418);
#416 = CARTESIAN_POINT('',(46.2,-20.1,4.));
#417 = DIRECTION('',(0.,-1.,0.));
#418 = DIRECTION('',(-1.,0.,0.));
#419 = DEFINITIONAL_REPRESENTATION('',(#420),#424);
#420 = LINE('',#421,#422);
#421 = CARTESIAN_POINT('',(0.,-0.));
#422 = VECTOR('',#423,1.);
#423 = DIRECTION('',(1.,0.));
#424 = ( GEOMETRIC_REPRESENTATION_CONTEXT(2) 
PARAMETRIC_REPRESENTATION_CONTEXT() REPRESENTATION_CONTEXT('2D SPACE',''
  ) );
#425 = ORIENTED_EDGE('',*,*,#426,.F.);
#426 = EDGE_CURVE('',#427,#399,#429,.T.);
#427 = VERTEX_POINT('',#428);
#428 = CARTESIAN_POINT('',(46.2,-31.1,4.));
#429 = SURFACE_CURVE('',#430,(#434,#441),.PCURVE_S1.);
#430 = LINE('',#431,#432);
#431 = CARTESIAN_POINT('',(46.2,-31.1,4.));
#432 = VECTOR('',#433,1.);
#433 = DIRECTION('',(0.,1.,0.));
#434 = PCURVE('',#44,#435);
#435 = DEFINITIONAL_REPRESENTATION('',(#436),#440);
#436 = LINE('',#437,#438);
#437 = CARTESIAN_POINT('',(106.2,8.9));
#438 = VECTOR('',#439,1.);
#439 = DIRECTION('',(0.,1.));
#440 = ( GEOMETRIC_REPRESENTATION_CONTEXT(2) 
PARAMETRIC_REPRESENTATION_CONTEXT() REPRESENTATION_CONTEXT('2D SPACE',''
  ) );
#441 = PCURVE('',#442,#447);
#442 = PLANE('',#443);
#443 = AXIS2_PLACEMENT_3D('',#444,#445,#446);
#444 = CARTESIAN_POINT('',(46.2,-31.1,4.));
#445 = DIRECTION('',(-1.,0.,0.));
#446 = DIRECTION('',(0.,1.,0.));
#447 = DEFINITIONAL_REPRESENTATION('',(#448),#452);
#448 = LINE('',#449,#450);
#449 = CARTESIAN_POINT('',(0.,0.));
#450 = VECTOR('',#451,1.);
#451 = DIRECTION('',(1.,0.));
#452 = ( GEOMETRIC_REPRESENTATION_CONTEXT(2) 
PARAMETRIC_REPRESENTATION_CONTEXT() REPRESENTATION_CONTEXT('2D SPACE',''
  ) );
#453 = ORIENTED_EDGE('',*,*,#454,.F.);
#454 = EDGE_CURVE('',#455,#427,#457,.T.);
#455 = VERTEX_POINT('',#456);
#456 = CARTESIAN_POINT('',(-48.9,-31.1,4.));
#457 = SURFACE_CURVE('',#458,(#462,#469),.PCURVE_S1.);
#458 = LINE('',#459,#460);
#459 = CARTESIAN_POINT('',(-52.2,-31.1,4.));
#460 = VECTOR('',#461,1.);
#461 = DIRECTION('',(1.,0.,0.));
#462 = PCURVE('',#44,#463);
#463 = DEFINITIONAL_REPRESENTATION('',(#464),#468);
#464 = LINE('',#465,#466);
#465 = CARTESIAN_POINT('',(7.8,8.9));
#466 = VECTOR('',#467,1.);
#467 = DIRECTION('',(1.,0.));
#468 = ( GEOMETRIC_REPRESENTATION_CONTEXT(2) 
PARAMETRIC_REPRESENTATION_CONTEXT() REPRESENTATION_CONTEXT('2D SPACE',''
  ) );
#469 = PCURVE('',#470,#475);
#470 = PLANE('',#471);
#471 = AXIS2_PLACEMENT_3D('',#472,#473,#474);
#472 = CARTESIAN_POINT('',(-52.2,-31.1,4.));
#473 = DIRECTION('',(0.,1.,0.));
#474 = DIRECTION('',(1.,0.,0.));
#475 = DEFINITIONAL_REPRESENTATION('',(#476),#480);
#476 = LINE('',#477,#478);
#477 = CARTESIAN_POINT('',(0.,0.));
#478 = VECTOR('',#479,1.);
#479 = DIRECTION('',(1.,0.));
#480 = ( GEOMETRIC_REPRESENTATION_CONTEXT(2) 
PARAMETRIC_REPRESENTATION_CONTEXT() REPRESENTATION_CONTEXT('2D SPACE',''
  ) );
#481 = ORIENTED_EDGE('',*,*,#482,.T.);
#482 = EDGE_CURVE('',#455,#483,#485,.T.);
#483 = VERTEX_POINT('',#484);
#484 = CARTESIAN_POINT('',(-41.17157287525,-38.82842712474,4.));
#485 = SURFACE_CURVE('',#486,(#490,#496),.PCURVE_S1.);
#486 = LINE('',#487,#488);
#487 = CARTESIAN_POINT('',(-45.,-35.,4.));
#488 = VECTOR('',#489,1.);
#489 = DIRECTION('',(0.707106781187,-0.707106781187,0.));
#490 = PCURVE('',#44,#491);
#491 = DEFINITIONAL_REPRESENTATION('',(#492),#495);
#492 = B_SPLINE_CURVE_WITH_KNOTS('',1,(#493,#494),.UNSPECIFIED.,.F.,.F.,
  (2,2),(-21.21320343559,7.071067811865),.PIECEWISE_BEZIER_KNOTS.);
#493 = CARTESIAN_POINT('',(-1.7763568394E-15,20.));
#494 = CARTESIAN_POINT('',(20.,-8.881784197001E-16));
#495 = ( GEOMETRIC_REPRESENTATION_CONTEXT(2) 
PARAMETRIC_REPRESENTATION_CONTEXT() REPRESENTATION_CONTEXT('2D SPACE',''
  ) );
#496 = PCURVE('',#181,#497);
#497 = DEFINITIONAL_REPRESENTATION('',(#498),#501);
#498 = B_SPLINE_CURVE_WITH_KNOTS('',1,(#499,#500),.UNSPECIFIED.,.F.,.F.,
  (2,2),(-21.21320343559,7.071067811865),.PIECEWISE_BEZIER_KNOTS.);
#499 = CARTESIAN_POINT('',(28.284271247462,-4.));
#500 = CARTESIAN_POINT('',(0.,-4.));
#501 = ( GEOMETRIC_REPRESENTATION_CONTEXT(2) 
PARAMETRIC_REPRESENTATION_CONTEXT() REPRESENTATION_CONTEXT('2D SPACE',''
  ) );
#502 = ORIENTED_EDGE('',*,*,#503,.T.);
#503 = EDGE_CURVE('',#483,#504,#506,.T.);
#504 = VERTEX_POINT('',#505);
#505 = CARTESIAN_POINT('',(-38.3431457505,-40.,4.));
#506 = SURFACE_CURVE('',#507,(#512,#519),.PCURVE_S1.);
#507 = CIRCLE('',#508,4.);
#508 = AXIS2_PLACEMENT_3D('',#509,#510,#511);
#509 = CARTESIAN_POINT('',(-38.3431457505,-36.,4.));
#510 = DIRECTION('',(0.,0.,1.));
#511 = DIRECTION('',(0.,-1.,0.));
#512 = PCURVE('',#44,#513);
#513 = DEFINITIONAL_REPRESENTATION('',(#514),#518);
#514 = CIRCLE('',#515,4.);
#515 = AXIS2_PLACEMENT_2D('',#516,#517);
#516 = CARTESIAN_POINT('',(21.656854249492,4.));
#517 = DIRECTION('',(0.,-1.));
#518 = ( GEOMETRIC_REPRESENTATION_CONTEXT(2) 
PARAMETRIC_REPRESENTATION_CONTEXT() REPRESENTATION_CONTEXT('2D SPACE',''
  ) );
#519 = PCURVE('',#520,#525);
#520 = CYLINDRICAL_SURFACE('',#521,4.);
#521 = AXIS2_PLACEMENT_3D('',#522,#523,#524);
#522 = CARTESIAN_POINT('',(-38.3431457505,-36.,0.));
#523 = DIRECTION('',(0.,0.,1.));
#524 = DIRECTION('',(-0.707106781187,-0.707106781187,0.));
#525 = DEFINITIONAL_REPRESENTATION('',(#526),#530);
#526 = LINE('',#527,#528);
#527 = CARTESIAN_POINT('',(-5.497787143782,4.));
#528 = VECTOR('',#529,1.);
#529 = DIRECTION('',(1.,0.));
#530 = ( GEOMETRIC_REPRESENTATION_CONTEXT(2) 
PARAMETRIC_REPRESENTATION_CONTEXT() REPRESENTATION_CONTEXT('2D SPACE',''
  ) );
#531 = ORIENTED_EDGE('',*,*,#532,.T.);
#532 = EDGE_CURVE('',#504,#533,#535,.T.);
#533 = VERTEX_POINT('',#534);
#534 = CARTESIAN_POINT('',(56.,-40.,4.));
#535 = SURFACE_CURVE('',#536,(#540,#547),.PCURVE_S1.);
#536 = LINE('',#537,#538);
#537 = CARTESIAN_POINT('',(-60.,-40.,4.));
#538 = VECTOR('',#539,1.);
#539 = DIRECTION('',(1.,0.,0.));
#540 = PCURVE('',#44,#541);
#541 = DEFINITIONAL_REPRESENTATION('',(#542),#546);
#542 = LINE('',#543,#544);
#543 = CARTESIAN_POINT('',(0.,0.));
#544 = VECTOR('',#545,1.);
#545 = DIRECTION('',(1.,0.));
#546 = ( GEOMETRIC_REPRESENTATION_CONTEXT(2) 
PARAMETRIC_REPRESENTATION_CONTEXT() REPRESENTATION_CONTEXT('2D SPACE',''
  ) );
#547 = PCURVE('',#548,#553);
#548 = PLANE('',#549);
#549 = AXIS2_PLACEMENT_3D('',#550,#551,#552);
#550 = CARTESIAN_POINT('',(-60.,-40.,0.));
#551 = DIRECTION('',(0.,1.,0.));
#552 = DIRECTION('',(0.,0.,1.));
#553 = DEFINITIONAL_REPRESENTATION('',(#554),#558);
#554 = LINE('',#555,#556);
#555 = CARTESIAN_POINT('',(4.,0.));
#556 = VECTOR('',#557,1.);
#557 = DIRECTION('',(0.,1.));
#558 = ( GEOMETRIC_REPRESENTATION_CONTEXT(2) 
PARAMETRIC_REPRESENTATION_CONTEXT() REPRESENTATION_CONTEXT('2D SPACE',''
  ) );
#559 = ORIENTED_EDGE('',*,*,#560,.T.);
#560 = EDGE_CURVE('',#533,#561,#563,.T.);
#561 = VERTEX_POINT('',#562);
#562 = CARTESIAN_POINT('',(60.,-36.,4.));
#563 = SURFACE_CURVE('',#564,(#569,#576),.PCURVE_S1.);
#564 = CIRCLE('',#565,4.);
#565 = AXIS2_PLACEMENT_3D('',#566,#567,#568);
#566 = CARTESIAN_POINT('',(56.,-36.,4.));
#567 = DIRECTION('',(0.,0.,1.));
#568 = DIRECTION('',(0.,-1.,0.));
#569 = PCURVE('',#44,#570);
#570 = DEFINITIONAL_REPRESENTATION('',(#571),#575);
#571 = CIRCLE('',#572,4.);
#572 = AXIS2_PLACEMENT_2D('',#573,#574);
#573 = CARTESIAN_POINT('',(116.,4.));
#574 = DIRECTION('',(0.,-1.));
#575 = ( GEOMETRIC_REPRESENTATION_CONTEXT(2) 
PARAMETRIC_REPRESENTATION_CONTEXT() REPRESENTATION_CONTEXT('2D SPACE',''
  ) );
#576 = PCURVE('',#577,#582);
#577 = CYLINDRICAL_SURFACE('',#578,4.);
#578 = AXIS2_PLACEMENT_3D('',#579,#580,#581);
#579 = CARTESIAN_POINT('',(56.,-36.,0.));
#580 = DIRECTION('',(0.,0.,1.));
#581 = DIRECTION('',(0.,-1.,0.));
#582 = DEFINITIONAL_REPRESENTATION('',(#583),#587);
#583 = LINE('',#584,#585);
#584 = CARTESIAN_POINT('',(0.,4.));
#585 = VECTOR('',#586,1.);
#586 = DIRECTION('',(1.,0.));
#587 = ( GEOMETRIC_REPRESENTATION_CONTEXT(2) 
PARAMETRIC_REPRESENTATION_CONTEXT() REPRESENTATION_CONTEXT('2D SPACE',''
  ) );
#588 = ORIENTED_EDGE('',*,*,#589,.T.);
#589 = EDGE_CURVE('',#561,#590,#592,.T.);
#590 = VERTEX_POINT('',#591);
#591 = CARTESIAN_POINT('',(60.,36.,4.));
#592 = SURFACE_CURVE('',#593,(#597,#604),.PCURVE_S1.);
#593 = LINE('',#594,#595);
#594 = CARTESIAN_POINT('',(60.,-40.,4.));
#595 = VECTOR('',#596,1.);
#596 = DIRECTION('',(0.,1.,0.));
#597 = PCURVE('',#44,#598);
#598 = DEFINITIONAL_REPRESENTATION('',(#599),#603);
#599 = LINE('',#600,#601);
#600 = CARTESIAN_POINT('',(120.,0.));
#601 = VECTOR('',#602,1.);
#602 = DIRECTION('',(0.,1.));
#603 = ( GEOMETRIC_REPRESENTATION_CONTEXT(2) 
PARAMETRIC_REPRESENTATION_CONTEXT() REPRESENTATION_CONTEXT('2D SPACE',''
  ) );
#604 = PCURVE('',#605,#610);
#605 = PLANE('',#606);
#606 = AXIS2_PLACEMENT_3D('',#607,#608,#609);
#607 = CARTESIAN_POINT('',(60.,-40.,0.));
#608 = DIRECTION('',(1.,0.,0.));
#609 = DIRECTION('',(0.,0.,1.));
#610 = DEFINITIONAL_REPRESENTATION('',(#611),#615);
#611 = LINE('',#612,#613);
#612 = CARTESIAN_POINT('',(4.,0.));
#613 = VECTOR('',#614,1.);
#614 = DIRECTION('',(0.,-1.));
#615 = ( GEOMETRIC_REPRESENTATION_CONTEXT(2) 
PARAMETRIC_REPRESENTATION_CONTEXT() REPRESENTATION_CONTEXT('2D SPACE',''
  ) );
#616 = ORIENTED_EDGE('',*,*,#617,.F.);
#617 = EDGE_CURVE('',#618,#590,#620,.T.);
#618 = VERTEX_POINT('',#619);
#619 = CARTESIAN_POINT('',(56.,40.,4.));
#620 = SURFACE_CURVE('',#621,(#626,#637),.PCURVE_S1.);
#621 = CIRCLE('',#622,4.);
#622 = AXIS2_PLACEMENT_3D('',#623,#624,#625);
#623 = CARTESIAN_POINT('',(56.,36.,4.));
#624 = DIRECTION('',(-0.,-0.,-1.));
#625 = DIRECTION('',(0.,-1.,0.));
#626 = PCURVE('',#44,#627);
#627 = DEFINITIONAL_REPRESENTATION('',(#628),#636);
#628 = ( BOUNDED_CURVE() B_SPLINE_CURVE(2,(#629,#630,#631,#632,#633,#634
,#635),.UNSPECIFIED.,.T.,.F.) B_SPLINE_CURVE_WITH_KNOTS((1,2,2,2,2,1),(
    -2.094395102393,0.,2.094395102393,4.188790204786,6.28318530718,
8.377580409573),.UNSPECIFIED.) CURVE() GEOMETRIC_REPRESENTATION_ITEM() 
RATIONAL_B_SPLINE_CURVE((1.,0.5,1.,0.5,1.,0.5,1.)) REPRESENTATION_ITEM(
  '') );
#629 = CARTESIAN_POINT('',(116.,72.));
#630 = CARTESIAN_POINT('',(109.07179676972,72.));
#631 = CARTESIAN_POINT('',(112.53589838486,78.));
#632 = CARTESIAN_POINT('',(116.,84.));
#633 = CARTESIAN_POINT('',(119.46410161513,78.));
#634 = CARTESIAN_POINT('',(122.92820323027,72.));
#635 = CARTESIAN_POINT('',(116.,72.));
#636 = ( GEOMETRIC_REPRESENTATION_CONTEXT(2) 
PARAMETRIC_REPRESENTATION_CONTEXT() REPRESENTATION_CONTEXT('2D SPACE',''
  ) );
#637 = PCURVE('',#638,#643);
#638 = CYLINDRICAL_SURFACE('',#639,4.);
#639 = AXIS2_PLACEMENT_3D('',#640,#641,#642);
#640 = CARTESIAN_POINT('',(56.,36.,0.));
#641 = DIRECTION('',(0.,0.,1.));
#642 = DIRECTION('',(0.,1.,0.));
#643 = DEFINITIONAL_REPRESENTATION('',(#644),#648);
#644 = LINE('',#645,#646);
#645 = CARTESIAN_POINT('',(3.14159265359,4.));
#646 = VECTOR('',#647,1.);
#647 = DIRECTION('',(-1.,0.));
#648 = ( GEOMETRIC_REPRESENTATION_CONTEXT(2) 
PARAMETRIC_REPRESENTATION_CONTEXT() REPRESENTATION_CONTEXT('2D SPACE',''
  ) );
#649 = ORIENTED_EDGE('',*,*,#650,.F.);
#650 = EDGE_CURVE('',#651,#618,#653,.T.);
#651 = VERTEX_POINT('',#652);
#652 = CARTESIAN_POINT('',(-56.,40.,4.));
#653 = SURFACE_CURVE('',#654,(#658,#665),.PCURVE_S1.);
#654 = LINE('',#655,#656);
#655 = CARTESIAN_POINT('',(-60.,40.,4.));
#656 = VECTOR('',#657,1.);
#657 = DIRECTION('',(1.,0.,0.));
#658 = PCURVE('',#44,#659);
#659 = DEFINITIONAL_REPRESENTATION('',(#660),#664);
#660 = LINE('',#661,#662);
#661 = CARTESIAN_POINT('',(0.,80.));
#662 = VECTOR('',#663,1.);
#663 = DIRECTION('',(1.,0.));
#664 = ( GEOMETRIC_REPRESENTATION_CONTEXT(2) 
PARAMETRIC_REPRESENTATION_CONTEXT() REPRESENTATION_CONTEXT('2D SPACE',''
  ) );
#665 = PCURVE('',#666,#671);
#666 = PLANE('',#667);
#667 = AXIS2_PLACEMENT_3D('',#668,#669,#670);
#668 = CARTESIAN_POINT('',(-60.,40.,0.));
#669 = DIRECTION('',(0.,1.,0.));
#670 = DIRECTION('',(0.,0.,1.));
#671 = DEFINITIONAL_REPRESENTATION('',(#672),#676);
#672 = LINE('',#673,#674);
#673 = CARTESIAN_POINT('',(4.,0.));
#674 = VECTOR('',#675,1.);
#675 = DIRECTION('',(0.,1.));
#676 = ( GEOMETRIC_REPRESENTATION_CONTEXT(2) 
PARAMETRIC_REPRESENTATION_CONTEXT() REPRESENTATION_CONTEXT('2D SPACE',''
  ) );
#677 = ORIENTED_EDGE('',*,*,#678,.F.);
#678 = EDGE_CURVE('',#24,#651,#679,.T.);
#679 = SURFACE_CURVE('',#680,(#685,#696),.PCURVE_S1.);
#680 = CIRCLE('',#681,4.);
#681 = AXIS2_PLACEMENT_3D('',#682,#683,#684);
#682 = CARTESIAN_POINT('',(-56.,36.,4.));
#683 = DIRECTION('',(-0.,-0.,-1.));
#684 = DIRECTION('',(0.,-1.,0.));
#685 = PCURVE('',#44,#686);
#686 = DEFINITIONAL_REPRESENTATION('',(#687),#695);
#687 = ( BOUNDED_CURVE() B_SPLINE_CURVE(2,(#688,#689,#690,#691,#692,#693
,#694),.UNSPECIFIED.,.T.,.F.) B_SPLINE_CURVE_WITH_KNOTS((1,2,2,2,2,1),(
    -2.094395102393,0.,2.094395102393,4.188790204786,6.28318530718,
8.377580409573),.UNSPECIFIED.) CURVE() GEOMETRIC_REPRESENTATION_ITEM() 
RATIONAL_B_SPLINE_CURVE((1.,0.5,1.,0.5,1.,0.5,1.)) REPRESENTATION_ITEM(
  '') );
#688 = CARTESIAN_POINT('',(4.,72.));
#689 = CARTESIAN_POINT('',(-2.928203230276,72.));
#690 = CARTESIAN_POINT('',(0.535898384862,78.));
#691 = CARTESIAN_POINT('',(4.,84.));
#692 = CARTESIAN_POINT('',(7.464101615138,78.));
#693 = CARTESIAN_POINT('',(10.928203230276,72.));
#694 = CARTESIAN_POINT('',(4.,72.));
#695 = ( GEOMETRIC_REPRESENTATION_CONTEXT(2) 
PARAMETRIC_REPRESENTATION_CONTEXT() REPRESENTATION_CONTEXT('2D SPACE',''
  ) );
#696 = PCURVE('',#126,#697);
#697 = DEFINITIONAL_REPRESENTATION('',(#698),#702);
#698 = LINE('',#699,#700);
#699 = CARTESIAN_POINT('',(1.570796326795,4.));
#700 = VECTOR('',#701,1.);
#701 = DIRECTION('',(-1.,0.));
#702 = ( GEOMETRIC_REPRESENTATION_CONTEXT(2) 
PARAMETRIC_REPRESENTATION_CONTEXT() REPRESENTATION_CONTEXT('2D SPACE',''
  ) );
#703 = FACE_BOUND('',#704,.T.);
#704 = EDGE_LOOP('',(#705,#735,#763,#791));
#705 = ORIENTED_EDGE('',*,*,#706,.F.);
#706 = EDGE_CURVE('',#707,#709,#711,.T.);
#707 = VERTEX_POINT('',#708);
#708 = CARTESIAN_POINT('',(-49.2,-5.5,4.));
#709 = VERTEX_POINT('',#710);
#710 = CARTESIAN_POINT('',(49.2,-5.5,4.));
#711 = SURFACE_CURVE('',#712,(#716,#723),.PCURVE_S1.);
#712 = LINE('',#713,#714);
#713 = CARTESIAN_POINT('',(-49.2,-5.5,4.));
#714 = VECTOR('',#715,1.);
#715 = DIRECTION('',(1.,0.,0.));
#716 = PCURVE('',#44,#717);
#717 = DEFINITIONAL_REPRESENTATION('',(#718),#722);
#718 = LINE('',#719,#720);
#719 = CARTESIAN_POINT('',(10.8,34.5));
#720 = VECTOR('',#721,1.);
#721 = DIRECTION('',(1.,0.));
#722 = ( GEOMETRIC_REPRESENTATION_CONTEXT(2) 
PARAMETRIC_REPRESENTATION_CONTEXT() REPRESENTATION_CONTEXT('2D SPACE',''
  ) );
#723 = PCURVE('',#724,#729);
#724 = PLANE('',#725);
#725 = AXIS2_PLACEMENT_3D('',#726,#727,#728);
#726 = CARTESIAN_POINT('',(-49.2,-5.5,4.));
#727 = DIRECTION('',(0.,1.,0.));
#728 = DIRECTION('',(1.,0.,0.));
#729 = DEFINITIONAL_REPRESENTATION('',(#730),#734);
#730 = LINE('',#731,#732);
#731 = CARTESIAN_POINT('',(0.,0.));
#732 = VECTOR('',#733,1.);
#733 = DIRECTION('',(1.,0.));
#734 = ( GEOMETRIC_REPRESENTATION_CONTEXT(2) 
PARAMETRIC_REPRESENTATION_CONTEXT() REPRESENTATION_CONTEXT('2D SPACE',''
  ) );
#735 = ORIENTED_EDGE('',*,*,#736,.F.);
#736 = EDGE_CURVE('',#737,#707,#739,.T.);
#737 = VERTEX_POINT('',#738);
#738 = CARTESIAN_POINT('',(-49.2,5.5,4.));
#739 = SURFACE_CURVE('',#740,(#744,#751),.PCURVE_S1.);
#740 = LINE('',#741,#742);
#741 = CARTESIAN_POINT('',(-49.2,5.5,4.));
#742 = VECTOR('',#743,1.);
#743 = DIRECTION('',(0.,-1.,0.));
#744 = PCURVE('',#44,#745);
#745 = DEFINITIONAL_REPRESENTATION('',(#746),#750);
#746 = LINE('',#747,#748);
#747 = CARTESIAN_POINT('',(10.8,45.5));
#748 = VECTOR('',#749,1.);
#749 = DIRECTION('',(0.,-1.));
#750 = ( GEOMETRIC_REPRESENTATION_CONTEXT(2) 
PARAMETRIC_REPRESENTATION_CONTEXT() REPRESENTATION_CONTEXT('2D SPACE',''
  ) );
#751 = PCURVE('',#752,#757);
#752 = PLANE('',#753);
#753 = AXIS2_PLACEMENT_3D('',#754,#755,#756);
#754 = CARTESIAN_POINT('',(-49.2,5.5,4.));
#755 = DIRECTION('',(1.,0.,-0.));
#756 = DIRECTION('',(0.,-1.,0.));
#757 = DEFINITIONAL_REPRESENTATION('',(#758),#762);
#758 = LINE('',#759,#760);
#759 = CARTESIAN_POINT('',(0.,0.));
#760 = VECTOR('',#761,1.);
#761 = DIRECTION('',(1.,0.));
#762 = ( GEOMETRIC_REPRESENTATION_CONTEXT(2) 
PARAMETRIC_REPRESENTATION_CONTEXT() REPRESENTATION_CONTEXT('2D SPACE',''
  ) );
#763 = ORIENTED_EDGE('',*,*,#764,.F.);
#764 = EDGE_CURVE('',#765,#737,#767,.T.);
#765 = VERTEX_POINT('',#766);
#766 = CARTESIAN_POINT('',(49.2,5.5,4.));
#767 = SURFACE_CURVE('',#768,(#772,#779),.PCURVE_S1.);
#768 = LINE('',#769,#770);
#769 = CARTESIAN_POINT('',(49.2,5.5,4.));
#770 = VECTOR('',#771,1.);
#771 = DIRECTION('',(-1.,0.,0.));
#772 = PCURVE('',#44,#773);
#773 = DEFINITIONAL_REPRESENTATION('',(#774),#778);
#774 = LINE('',#775,#776);
#775 = CARTESIAN_POINT('',(109.2,45.5));
#776 = VECTOR('',#777,1.);
#777 = DIRECTION('',(-1.,0.));
#778 = ( GEOMETRIC_REPRESENTATION_CONTEXT(2) 
PARAMETRIC_REPRESENTATION_CONTEXT() REPRESENTATION_CONTEXT('2D SPACE',''
  ) );
#779 = PCURVE('',#780,#785);
#780 = PLANE('',#781);
#781 = AXIS2_PLACEMENT_3D('',#782,#783,#784);
#782 = CARTESIAN_POINT('',(49.2,5.5,4.));
#783 = DIRECTION('',(0.,-1.,0.));
#784 = DIRECTION('',(-1.,0.,0.));
#785 = DEFINITIONAL_REPRESENTATION('',(#786),#790);
#786 = LINE('',#787,#788);
#787 = CARTESIAN_POINT('',(0.,-0.));
#788 = VECTOR('',#789,1.);
#789 = DIRECTION('',(1.,0.));
#790 = ( GEOMETRIC_REPRESENTATION_CONTEXT(2) 
PARAMETRIC_REPRESENTATION_CONTEXT() REPRESENTATION_CONTEXT('2D SPACE',''
  ) );
#791 = ORIENTED_EDGE('',*,*,#792,.F.);
#792 = EDGE_CURVE('',#709,#765,#793,.T.);
#793 = SURFACE_CURVE('',#794,(#798,#805),.PCURVE_S1.);
#794 = LINE('',#795,#796);
#795 = CARTESIAN_POINT('',(49.2,-5.5,4.));
#796 = VECTOR('',#797,1.);
#797 = DIRECTION('',(0.,1.,0.));
#798 = PCURVE('',#44,#799);
#799 = DEFINITIONAL_REPRESENTATION('',(#800),#804);
#800 = LINE('',#801,#802);
#801 = CARTESIAN_POINT('',(109.2,34.5));
#802 = VECTOR('',#803,1.);
#803 = DIRECTION('',(0.,1.));
#804 = ( GEOMETRIC_REPRESENTATION_CONTEXT(2) 
PARAMETRIC_REPRESENTATION_CONTEXT() REPRESENTATION_CONTEXT('2D SPACE',''
  ) );
#805 = PCURVE('',#806,#811);
#806 = PLANE('',#807);
#807 = AXIS2_PLACEMENT_3D('',#808,#809,#810);
#808 = CARTESIAN_POINT('',(49.2,-5.5,4.));
#809 = DIRECTION('',(-1.,0.,0.));
#810 = DIRECTION('',(0.,1.,0.));
#811 = DEFINITIONAL_REPRESENTATION('',(#812),#816);
#812 = LINE('',#813,#814);
#813 = CARTESIAN_POINT('',(0.,0.));
#814 = VECTOR('',#815,1.);
#815 = DIRECTION('',(1.,0.));
#816 = ( GEOMETRIC_REPRESENTATION_CONTEXT(2) 
PARAMETRIC_REPRESENTATION_CONTEXT() REPRESENTATION_CONTEXT('2D SPACE',''
  ) );
#817 = FACE_BOUND('',#818,.T.);
#818 = EDGE_LOOP('',(#819,#849,#877,#905));
#819 = ORIENTED_EDGE('',*,*,#820,.F.);
#820 = EDGE_CURVE('',#821,#823,#825,.T.);
#821 = VERTEX_POINT('',#822);
#822 = CARTESIAN_POINT('',(-46.2,20.1,4.));
#823 = VERTEX_POINT('',#824);
#824 = CARTESIAN_POINT('',(52.2,20.1,4.));
#825 = SURFACE_CURVE('',#826,(#830,#837),.PCURVE_S1.);
#826 = LINE('',#827,#828);
#827 = CARTESIAN_POINT('',(-46.2,20.1,4.));
#828 = VECTOR('',#829,1.);
#829 = DIRECTION('',(1.,0.,0.));
#830 = PCURVE('',#44,#831);
#831 = DEFINITIONAL_REPRESENTATION('',(#832),#836);
#832 = LINE('',#833,#834);
#833 = CARTESIAN_POINT('',(13.8,60.1));
#834 = VECTOR('',#835,1.);
#835 = DIRECTION('',(1.,0.));
#836 = ( GEOMETRIC_REPRESENTATION_CONTEXT(2) 
PARAMETRIC_REPRESENTATION_CONTEXT() REPRESENTATION_CONTEXT('2D SPACE',''
  ) );
#837 = PCURVE('',#838,#843);
#838 = PLANE('',#839);
#839 = AXIS2_PLACEMENT_3D('',#840,#841,#842);
#840 = CARTESIAN_POINT('',(-46.2,20.1,4.));
#841 = DIRECTION('',(0.,1.,0.));
#842 = DIRECTION('',(1.,0.,0.));
#843 = DEFINITIONAL_REPRESENTATION('',(#844),#848);
#844 = LINE('',#845,#846);
#845 = CARTESIAN_POINT('',(0.,0.));
#846 = VECTOR('',#847,1.);
#847 = DIRECTION('',(1.,0.));
#848 = ( GEOMETRIC_REPRESENTATION_CONTEXT(2) 
PARAMETRIC_REPRESENTATION_CONTEXT() REPRESENTATION_CONTEXT('2D SPACE',''
  ) );
#849 = ORIENTED_EDGE('',*,*,#850,.F.);
#850 = EDGE_CURVE('',#851,#821,#853,.T.);
#851 = VERTEX_POINT('',#852);
#852 = CARTESIAN_POINT('',(-46.2,31.1,4.));
#853 = SURFACE_CURVE('',#854,(#858,#865),.PCURVE_S1.);
#854 = LINE('',#855,#856);
#855 = CARTESIAN_POINT('',(-46.2,31.1,4.));
#856 = VECTOR('',#857,1.);
#857 = DIRECTION('',(0.,-1.,0.));
#858 = PCURVE('',#44,#859);
#859 = DEFINITIONAL_REPRESENTATION('',(#860),#864);
#860 = LINE('',#861,#862);
#861 = CARTESIAN_POINT('',(13.8,71.1));
#862 = VECTOR('',#863,1.);
#863 = DIRECTION('',(0.,-1.));
#864 = ( GEOMETRIC_REPRESENTATION_CONTEXT(2) 
PARAMETRIC_REPRESENTATION_CONTEXT() REPRESENTATION_CONTEXT('2D SPACE',''
  ) );
#865 = PCURVE('',#866,#871);
#866 = PLANE('',#867);
#867 = AXIS2_PLACEMENT_3D('',#868,#869,#870);
#868 = CARTESIAN_POINT('',(-46.2,31.1,4.));
#869 = DIRECTION('',(1.,0.,-0.));
#870 = DIRECTION('',(0.,-1.,0.));
#871 = DEFINITIONAL_REPRESENTATION('',(#872),#876);
#872 = LINE('',#873,#874);
#873 = CARTESIAN_POINT('',(0.,0.));
#874 = VECTOR('',#875,1.);
#875 = DIRECTION('',(1.,0.));
#876 = ( GEOMETRIC_REPRESENTATION_CONTEXT(2) 
PARAMETRIC_REPRESENTATION_CONTEXT() REPRESENTATION_CONTEXT('2D SPACE',''
  ) );
#877 = ORIENTED_EDGE('',*,*,#878,.F.);
#878 = EDGE_CURVE('',#879,#851,#881,.T.);
#879 = VERTEX_POINT('',#880);
#880 = CARTESIAN_POINT('',(52.2,31.1,4.));
#881 = SURFACE_CURVE('',#882,(#886,#893),.PCURVE_S1.);
#882 = LINE('',#883,#884);
#883 = CARTESIAN_POINT('',(52.2,31.1,4.));
#884 = VECTOR('',#885,1.);
#885 = DIRECTION('',(-1.,0.,0.));
#886 = PCURVE('',#44,#887);
#887 = DEFINITIONAL_REPRESENTATION('',(#888),#892);
#888 = LINE('',#889,#890);
#889 = CARTESIAN_POINT('',(112.2,71.1));
#890 = VECTOR('',#891,1.);
#891 = DIRECTION('',(-1.,0.));
#892 = ( GEOMETRIC_REPRESENTATION_CONTEXT(2) 
PARAMETRIC_REPRESENTATION_CONTEXT() REPRESENTATION_CONTEXT('2D SPACE',''
  ) );
#893 = PCURVE('',#894,#899);
#894 = PLANE('',#895);
#895 = AXIS2_PLACEMENT_3D('',#896,#897,#898);
#896 = CARTESIAN_POINT('',(52.2,31.1,4.));
#897 = DIRECTION('',(0.,-1.,0.));
#898 = DIRECTION('',(-1.,0.,0.));
#899 = DEFINITIONAL_REPRESENTATION('',(#900),#904);
#900 = LINE('',#901,#902);
#901 = CARTESIAN_POINT('',(0.,-0.));
#902 = VECTOR('',#903,1.);
#903 = DIRECTION('',(1.,0.));
#904 = ( GEOMETRIC_REPRESENTATION_CONTEXT(2) 
PARAMETRIC_REPRESENTATION_CONTEXT() REPRESENTATION_CONTEXT('2D SPACE',''
  ) );
#905 = ORIENTED_EDGE('',*,*,#906,.F.);
#906 = EDGE_CURVE('',#823,#879,#907,.T.);
#907 = SURFACE_CURVE('',#908,(#912,#919),.PCURVE_S1.);
#908 = LINE('',#909,#910);
#909 = CARTESIAN_POINT('',(52.2,20.1,4.));
#910 = VECTOR('',#911,1.);
#911 = DIRECTION('',(0.,1.,0.));
#912 = PCURVE('',#44,#913);
#913 = DEFINITIONAL_REPRESENTATION('',(#914),#918);
#914 = LINE('',#915,#916);
#915 = CARTESIAN_POINT('',(112.2,60.1));
#916 = VECTOR('',#917,1.);
#917 = DIRECTION('',(0.,1.));
#918 = ( GEOMETRIC_REPRESENTATION_CONTEXT(2) 
PARAMETRIC_REPRESENTATION_CONTEXT() REPRESENTATION_CONTEXT('2D SPACE',''
  ) );
#919 = PCURVE('',#920,#925);
#920 = PLANE('',#921);
#921 = AXIS2_PLACEMENT_3D('',#922,#923,#924);
#922 = CARTESIAN_POINT('',(52.2,20.1,4.));
#923 = DIRECTION('',(-1.,0.,0.));
#924 = DIRECTION('',(0.,1.,0.));
#925 = DEFINITIONAL_REPRESENTATION('',(#926),#930);
#926 = LINE('',#927,#928);
#927 = CARTESIAN_POINT('',(0.,0.));
#928 = VECTOR('',#929,1.);
#929 = DIRECTION('',(1.,0.));
#930 = ( GEOMETRIC_REPRESENTATION_CONTEXT(2) 
PARAMETRIC_REPRESENTATION_CONTEXT() REPRESENTATION_CONTEXT('2D SPACE',''
  ) );
#931 = ADVANCED_FACE('',(#932),#72,.T.);
#932 = FACE_BOUND('',#933,.T.);
#933 = EDGE_LOOP('',(#934,#958,#979,#980));
#934 = ORIENTED_EDGE('',*,*,#935,.T.);
#935 = EDGE_CURVE('',#57,#936,#938,.T.);
#936 = VERTEX_POINT('',#937);
#937 = CARTESIAN_POINT('',(-58.82842712474,-21.17157287525,0.));
#938 = SURFACE_CURVE('',#939,(#944,#951),.PCURVE_S1.);
#939 = CIRCLE('',#940,4.);
#940 = AXIS2_PLACEMENT_3D('',#941,#942,#943);
#941 = CARTESIAN_POINT('',(-56.,-18.3431457505,0.));
#942 = DIRECTION('',(0.,0.,1.));
#943 = DIRECTION('',(0.,-1.,0.));
#944 = PCURVE('',#72,#945);
#945 = DEFINITIONAL_REPRESENTATION('',(#946),#950);
#946 = LINE('',#947,#948);
#947 = CARTESIAN_POINT('',(-4.712388980385,0.));
#948 = VECTOR('',#949,1.);
#949 = DIRECTION('',(1.,0.));
#950 = ( GEOMETRIC_REPRESENTATION_CONTEXT(2) 
PARAMETRIC_REPRESENTATION_CONTEXT() REPRESENTATION_CONTEXT('2D SPACE',''
  ) );
#951 = PCURVE('',#100,#952);
#952 = DEFINITIONAL_REPRESENTATION('',(#953),#957);
#953 = CIRCLE('',#954,4.);
#954 = AXIS2_PLACEMENT_2D('',#955,#956);
#955 = CARTESIAN_POINT('',(4.,21.656854249492));
#956 = DIRECTION('',(0.,-1.));
#957 = ( GEOMETRIC_REPRESENTATION_CONTEXT(2) 
PARAMETRIC_REPRESENTATION_CONTEXT() REPRESENTATION_CONTEXT('2D SPACE',''
  ) );
#958 = ORIENTED_EDGE('',*,*,#959,.T.);
#959 = EDGE_CURVE('',#936,#143,#960,.T.);
#960 = SURFACE_CURVE('',#961,(#965,#972),.PCURVE_S1.);
#961 = LINE('',#962,#963);
#962 = CARTESIAN_POINT('',(-58.82842712474,-21.17157287525,0.));
#963 = VECTOR('',#964,1.);
#964 = DIRECTION('',(0.,0.,1.));
#965 = PCURVE('',#72,#966);
#966 = DEFINITIONAL_REPRESENTATION('',(#967),#971);
#967 = LINE('',#968,#969);
#968 = CARTESIAN_POINT('',(0.785398163397,0.));
#969 = VECTOR('',#970,1.);
#970 = DIRECTION('',(0.,1.));
#971 = ( GEOMETRIC_REPRESENTATION_CONTEXT(2) 
PARAMETRIC_REPRESENTATION_CONTEXT() REPRESENTATION_CONTEXT('2D SPACE',''
  ) );
#972 = PCURVE('',#181,#973);
#973 = DEFINITIONAL_REPRESENTATION('',(#974),#978);
#974 = LINE('',#975,#976);
#975 = CARTESIAN_POINT('',(26.62741699797,0.));
#976 = VECTOR('',#977,1.);
#977 = DIRECTION('',(0.,-1.));
#978 = ( GEOMETRIC_REPRESENTATION_CONTEXT(2) 
PARAMETRIC_REPRESENTATION_CONTEXT() REPRESENTATION_CONTEXT('2D SPACE',''
  ) );
#979 = ORIENTED_EDGE('',*,*,#142,.F.);
#980 = ORIENTED_EDGE('',*,*,#56,.F.);
#981 = ADVANCED_FACE('',(#982),#126,.T.);
#982 = FACE_BOUND('',#983,.F.);
#983 = EDGE_LOOP('',(#984,#1012,#1033,#1034));
#984 = ORIENTED_EDGE('',*,*,#985,.T.);
#985 = EDGE_CURVE('',#85,#986,#988,.T.);
#986 = VERTEX_POINT('',#987);
#987 = CARTESIAN_POINT('',(-56.,40.,0.));
#988 = SURFACE_CURVE('',#989,(#994,#1001),.PCURVE_S1.);
#989 = CIRCLE('',#990,4.);
#990 = AXIS2_PLACEMENT_3D('',#991,#992,#993);
#991 = CARTESIAN_POINT('',(-56.,36.,0.));
#992 = DIRECTION('',(-0.,-0.,-1.));
#993 = DIRECTION('',(0.,-1.,0.));
#994 = PCURVE('',#126,#995);
#995 = DEFINITIONAL_REPRESENTATION('',(#996),#1000);
#996 = LINE('',#997,#998);
#997 = CARTESIAN_POINT('',(1.570796326795,-0.));
#998 = VECTOR('',#999,1.);
#999 = DIRECTION('',(-1.,0.));
#1000 = ( GEOMETRIC_REPRESENTATION_CONTEXT(2) 
PARAMETRIC_REPRESENTATION_CONTEXT() REPRESENTATION_CONTEXT('2D SPACE',''
  ) );
#1001 = PCURVE('',#100,#1002);
#1002 = DEFINITIONAL_REPRESENTATION('',(#1003),#1011);
#1003 = ( BOUNDED_CURVE() B_SPLINE_CURVE(2,(#1004,#1005,#1006,#1007,
#1008,#1009,#1010),.UNSPECIFIED.,.T.,.F.) B_SPLINE_CURVE_WITH_KNOTS((1,2
    ,2,2,2,1),(-2.094395102393,0.,2.094395102393,4.188790204786,
6.28318530718,8.377580409573),.UNSPECIFIED.) CURVE() 
GEOMETRIC_REPRESENTATION_ITEM() RATIONAL_B_SPLINE_CURVE((1.,0.5,1.,0.5,
1.,0.5,1.)) REPRESENTATION_ITEM('') );
#1004 = CARTESIAN_POINT('',(4.,72.));
#1005 = CARTESIAN_POINT('',(-2.928203230276,72.));
#1006 = CARTESIAN_POINT('',(0.535898384862,78.));
#1007 = CARTESIAN_POINT('',(4.,84.));
#1008 = CARTESIAN_POINT('',(7.464101615138,78.));
#1009 = CARTESIAN_POINT('',(10.928203230276,72.));
#1010 = CARTESIAN_POINT('',(4.,72.));
#1011 = ( GEOMETRIC_REPRESENTATION_CONTEXT(2) 
PARAMETRIC_REPRESENTATION_CONTEXT() REPRESENTATION_CONTEXT('2D SPACE',''
  ) );
#1012 = ORIENTED_EDGE('',*,*,#1013,.T.);
#1013 = EDGE_CURVE('',#986,#651,#1014,.T.);
#1014 = SURFACE_CURVE('',#1015,(#1019,#1026),.PCURVE_S1.);
#1015 = LINE('',#1016,#1017);
#1016 = CARTESIAN_POINT('',(-56.,40.,0.));
#1017 = VECTOR('',#1018,1.);
#1018 = DIRECTION('',(0.,0.,1.));
#1019 = PCURVE('',#126,#1020);
#1020 = DEFINITIONAL_REPRESENTATION('',(#1021),#1025);
#1021 = LINE('',#1022,#1023);
#1022 = CARTESIAN_POINT('',(-1.570796326795,0.));
#1023 = VECTOR('',#1024,1.);
#1024 = DIRECTION('',(-0.,1.));
#1025 = ( GEOMETRIC_REPRESENTATION_CONTEXT(2) 
PARAMETRIC_REPRESENTATION_CONTEXT() REPRESENTATION_CONTEXT('2D SPACE',''
  ) );
#1026 = PCURVE('',#666,#1027);
#1027 = DEFINITIONAL_REPRESENTATION('',(#1028),#1032);
#1028 = LINE('',#1029,#1030);
#1029 = CARTESIAN_POINT('',(0.,4.));
#1030 = VECTOR('',#1031,1.);
#1031 = DIRECTION('',(1.,0.));
#1032 = ( GEOMETRIC_REPRESENTATION_CONTEXT(2) 
PARAMETRIC_REPRESENTATION_CONTEXT() REPRESENTATION_CONTEXT('2D SPACE',''
  ) );
#1033 = ORIENTED_EDGE('',*,*,#678,.F.);
#1034 = ORIENTED_EDGE('',*,*,#112,.F.);
#1035 = ADVANCED_FACE('',(#1036,#1207),#100,.F.);
#1036 = FACE_BOUND('',#1037,.F.);
#1037 = EDGE_LOOP('',(#1038,#1039,#1040,#1063,#1087,#1110,#1134,#1157,
    #1185,#1206));
#1038 = ORIENTED_EDGE('',*,*,#84,.F.);
#1039 = ORIENTED_EDGE('',*,*,#935,.T.);
#1040 = ORIENTED_EDGE('',*,*,#1041,.F.);
#1041 = EDGE_CURVE('',#1042,#936,#1044,.T.);
#1042 = VERTEX_POINT('',#1043);
#1043 = CARTESIAN_POINT('',(-41.17157287525,-38.82842712474,0.));
#1044 = SURFACE_CURVE('',#1045,(#1049,#1056),.PCURVE_S1.);
#1045 = LINE('',#1046,#1047);
#1046 = CARTESIAN_POINT('',(-40.,-40.,0.));
#1047 = VECTOR('',#1048,1.);
#1048 = DIRECTION('',(-0.707106781187,0.707106781187,0.));
#1049 = PCURVE('',#100,#1050);
#1050 = DEFINITIONAL_REPRESENTATION('',(#1051),#1055);
#1051 = LINE('',#1052,#1053);
#1052 = CARTESIAN_POINT('',(20.,0.));
#1053 = VECTOR('',#1054,1.);
#1054 = DIRECTION('',(-0.707106781187,0.707106781187));
#1055 = ( GEOMETRIC_REPRESENTATION_CONTEXT(2) 
PARAMETRIC_REPRESENTATION_CONTEXT() REPRESENTATION_CONTEXT('2D SPACE',''
  ) );
#1056 = PCURVE('',#181,#1057);
#1057 = DEFINITIONAL_REPRESENTATION('',(#1058),#1062);
#1058 = LINE('',#1059,#1060);
#1059 = CARTESIAN_POINT('',(0.,0.));
#1060 = VECTOR('',#1061,1.);
#1061 = DIRECTION('',(1.,0.));
#1062 = ( GEOMETRIC_REPRESENTATION_CONTEXT(2) 
PARAMETRIC_REPRESENTATION_CONTEXT() REPRESENTATION_CONTEXT('2D SPACE',''
  ) );
#1063 = ORIENTED_EDGE('',*,*,#1064,.T.);
#1064 = EDGE_CURVE('',#1042,#1065,#1067,.T.);
#1065 = VERTEX_POINT('',#1066);
#1066 = CARTESIAN_POINT('',(-38.3431457505,-40.,0.));
#1067 = SURFACE_CURVE('',#1068,(#1073,#1080),.PCURVE_S1.);
#1068 = CIRCLE('',#1069,4.);
#1069 = AXIS2_PLACEMENT_3D('',#1070,#1071,#1072);
#1070 = CARTESIAN_POINT('',(-38.3431457505,-36.,0.));
#1071 = DIRECTION('',(0.,0.,1.));
#1072 = DIRECTION('',(0.,-1.,0.));
#1073 = PCURVE('',#100,#1074);
#1074 = DEFINITIONAL_REPRESENTATION('',(#1075),#1079);
#1075 = CIRCLE('',#1076,4.);
#1076 = AXIS2_PLACEMENT_2D('',#1077,#1078);
#1077 = CARTESIAN_POINT('',(21.656854249492,4.));
#1078 = DIRECTION('',(0.,-1.));
#1079 = ( GEOMETRIC_REPRESENTATION_CONTEXT(2) 
PARAMETRIC_REPRESENTATION_CONTEXT() REPRESENTATION_CONTEXT('2D SPACE',''
  ) );
#1080 = PCURVE('',#520,#1081);
#1081 = DEFINITIONAL_REPRESENTATION('',(#1082),#1086);
#1082 = LINE('',#1083,#1084);
#1083 = CARTESIAN_POINT('',(-5.497787143782,0.));
#1084 = VECTOR('',#1085,1.);
#1085 = DIRECTION('',(1.,0.));
#1086 = ( GEOMETRIC_REPRESENTATION_CONTEXT(2) 
PARAMETRIC_REPRESENTATION_CONTEXT() REPRESENTATION_CONTEXT('2D SPACE',''
  ) );
#1087 = ORIENTED_EDGE('',*,*,#1088,.T.);
#1088 = EDGE_CURVE('',#1065,#1089,#1091,.T.);
#1089 = VERTEX_POINT('',#1090);
#1090 = CARTESIAN_POINT('',(56.,-40.,0.));
#1091 = SURFACE_CURVE('',#1092,(#1096,#1103),.PCURVE_S1.);
#1092 = LINE('',#1093,#1094);
#1093 = CARTESIAN_POINT('',(-60.,-40.,0.));
#1094 = VECTOR('',#1095,1.);
#1095 = DIRECTION('',(1.,0.,0.));
#1096 = PCURVE('',#100,#1097);
#1097 = DEFINITIONAL_REPRESENTATION('',(#1098),#1102);
#1098 = LINE('',#1099,#1100);
#1099 = CARTESIAN_POINT('',(0.,0.));
#1100 = VECTOR('',#1101,1.);
#1101 = DIRECTION('',(1.,0.));
#1102 = ( GEOMETRIC_REPRESENTATION_CONTEXT(2) 
PARAMETRIC_REPRESENTATION_CONTEXT() REPRESENTATION_CONTEXT('2D SPACE',''
  ) );
#1103 = PCURVE('',#548,#1104);
#1104 = DEFINITIONAL_REPRESENTATION('',(#1105),#1109);
#1105 = LINE('',#1106,#1107);
#1106 = CARTESIAN_POINT('',(0.,0.));
#1107 = VECTOR('',#1108,1.);
#1108 = DIRECTION('',(0.,1.));
#1109 = ( GEOMETRIC_REPRESENTATION_CONTEXT(2) 
PARAMETRIC_REPRESENTATION_CONTEXT() REPRESENTATION_CONTEXT('2D SPACE',''
  ) );
#1110 = ORIENTED_EDGE('',*,*,#1111,.T.);
#1111 = EDGE_CURVE('',#1089,#1112,#1114,.T.);
#1112 = VERTEX_POINT('',#1113);
#1113 = CARTESIAN_POINT('',(60.,-36.,0.));
#1114 = SURFACE_CURVE('',#1115,(#1120,#1127),.PCURVE_S1.);
#1115 = CIRCLE('',#1116,4.);
#1116 = AXIS2_PLACEMENT_3D('',#1117,#1118,#1119);
#1117 = CARTESIAN_POINT('',(56.,-36.,0.));
#1118 = DIRECTION('',(0.,0.,1.));
#1119 = DIRECTION('',(0.,-1.,0.));
#1120 = PCURVE('',#100,#1121);
#1121 = DEFINITIONAL_REPRESENTATION('',(#1122),#1126);
#1122 = CIRCLE('',#1123,4.);
#1123 = AXIS2_PLACEMENT_2D('',#1124,#1125);
#1124 = CARTESIAN_POINT('',(116.,4.));
#1125 = DIRECTION('',(0.,-1.));
#1126 = ( GEOMETRIC_REPRESENTATION_CONTEXT(2) 
PARAMETRIC_REPRESENTATION_CONTEXT() REPRESENTATION_CONTEXT('2D SPACE',''
  ) );
#1127 = PCURVE('',#577,#1128);
#1128 = DEFINITIONAL_REPRESENTATION('',(#1129),#1133);
#1129 = LINE('',#1130,#1131);
#1130 = CARTESIAN_POINT('',(0.,0.));
#1131 = VECTOR('',#1132,1.);
#1132 = DIRECTION('',(1.,0.));
#1133 = ( GEOMETRIC_REPRESENTATION_CONTEXT(2) 
PARAMETRIC_REPRESENTATION_CONTEXT() REPRESENTATION_CONTEXT('2D SPACE',''
  ) );
#1134 = ORIENTED_EDGE('',*,*,#1135,.T.);
#1135 = EDGE_CURVE('',#1112,#1136,#1138,.T.);
#1136 = VERTEX_POINT('',#1137);
#1137 = CARTESIAN_POINT('',(60.,36.,0.));
#1138 = SURFACE_CURVE('',#1139,(#1143,#1150),.PCURVE_S1.);
#1139 = LINE('',#1140,#1141);
#1140 = CARTESIAN_POINT('',(60.,-40.,0.));
#1141 = VECTOR('',#1142,1.);
#1142 = DIRECTION('',(0.,1.,0.));
#1143 = PCURVE('',#100,#1144);
#1144 = DEFINITIONAL_REPRESENTATION('',(#1145),#1149);
#1145 = LINE('',#1146,#1147);
#1146 = CARTESIAN_POINT('',(120.,0.));
#1147 = VECTOR('',#1148,1.);
#1148 = DIRECTION('',(0.,1.));
#1149 = ( GEOMETRIC_REPRESENTATION_CONTEXT(2) 
PARAMETRIC_REPRESENTATION_CONTEXT() REPRESENTATION_CONTEXT('2D SPACE',''
  ) );
#1150 = PCURVE('',#605,#1151);
#1151 = DEFINITIONAL_REPRESENTATION('',(#1152),#1156);
#1152 = LINE('',#1153,#1154);
#1153 = CARTESIAN_POINT('',(0.,0.));
#1154 = VECTOR('',#1155,1.);
#1155 = DIRECTION('',(0.,-1.));
#1156 = ( GEOMETRIC_REPRESENTATION_CONTEXT(2) 
PARAMETRIC_REPRESENTATION_CONTEXT() REPRESENTATION_CONTEXT('2D SPACE',''
  ) );
#1157 = ORIENTED_EDGE('',*,*,#1158,.F.);
#1158 = EDGE_CURVE('',#1159,#1136,#1161,.T.);
#1159 = VERTEX_POINT('',#1160);
#1160 = CARTESIAN_POINT('',(56.,40.,0.));
#1161 = SURFACE_CURVE('',#1162,(#1167,#1178),.PCURVE_S1.);
#1162 = CIRCLE('',#1163,4.);
#1163 = AXIS2_PLACEMENT_3D('',#1164,#1165,#1166);
#1164 = CARTESIAN_POINT('',(56.,36.,0.));
#1165 = DIRECTION('',(-0.,-0.,-1.));
#1166 = DIRECTION('',(0.,-1.,0.));
#1167 = PCURVE('',#100,#1168);
#1168 = DEFINITIONAL_REPRESENTATION('',(#1169),#1177);
#1169 = ( BOUNDED_CURVE() B_SPLINE_CURVE(2,(#1170,#1171,#1172,#1173,
#1174,#1175,#1176),.UNSPECIFIED.,.T.,.F.) B_SPLINE_CURVE_WITH_KNOTS((1,2
    ,2,2,2,1),(-2.094395102393,0.,2.094395102393,4.188790204786,
6.28318530718,8.377580409573),.UNSPECIFIED.) CURVE() 
GEOMETRIC_REPRESENTATION_ITEM() RATIONAL_B_SPLINE_CURVE((1.,0.5,1.,0.5,
1.,0.5,1.)) REPRESENTATION_ITEM('') );
#1170 = CARTESIAN_POINT('',(116.,72.));
#1171 = CARTESIAN_POINT('',(109.07179676972,72.));
#1172 = CARTESIAN_POINT('',(112.53589838486,78.));
#1173 = CARTESIAN_POINT('',(116.,84.));
#1174 = CARTESIAN_POINT('',(119.46410161513,78.));
#1175 = CARTESIAN_POINT('',(122.92820323027,72.));
#1176 = CARTESIAN_POINT('',(116.,72.));
#1177 = ( GEOMETRIC_REPRESENTATION_CONTEXT(2) 
PARAMETRIC_REPRESENTATION_CONTEXT() REPRESENTATION_CONTEXT('2D SPACE',''
  ) );
#1178 = PCURVE('',#638,#1179);
#1179 = DEFINITIONAL_REPRESENTATION('',(#1180),#1184);
#1180 = LINE('',#1181,#1182);
#1181 = CARTESIAN_POINT('',(3.14159265359,-0.));
#1182 = VECTOR('',#1183,1.);
#1183 = DIRECTION('',(-1.,0.));
#1184 = ( GEOMETRIC_REPRESENTATION_CONTEXT(2) 
PARAMETRIC_REPRESENTATION_CONTEXT() REPRESENTATION_CONTEXT('2D SPACE',''
  ) );
#1185 = ORIENTED_EDGE('',*,*,#1186,.F.);
#1186 = EDGE_CURVE('',#986,#1159,#1187,.T.);
#1187 = SURFACE_CURVE('',#1188,(#1192,#1199),.PCURVE_S1.);
#1188 = LINE('',#1189,#1190);
#1189 = CARTESIAN_POINT('',(-60.,40.,0.));
#1190 = VECTOR('',#1191,1.);
#1191 = DIRECTION('',(1.,0.,0.));
#1192 = PCURVE('',#100,#1193);
#1193 = DEFINITIONAL_REPRESENTATION('',(#1194),#1198);
#1194 = LINE('',#1195,#1196);
#1195 = CARTESIAN_POINT('',(0.,80.));
#1196 = VECTOR('',#1197,1.);
#1197 = DIRECTION('',(1.,0.));
#1198 = ( GEOMETRIC_REPRESENTATION_CONTEXT(2) 
PARAMETRIC_REPRESENTATION_CONTEXT() REPRESENTATION_CONTEXT('2D SPACE',''
  ) );
#1199 = PCURVE('',#666,#1200);
#1200 = DEFINITIONAL_REPRESENTATION('',(#1201),#1205);
#1201 = LINE('',#1202,#1203);
#1202 = CARTESIAN_POINT('',(0.,0.));
#1203 = VECTOR('',#1204,1.);
#1204 = DIRECTION('',(0.,1.));
#1205 = ( GEOMETRIC_REPRESENTATION_CONTEXT(2) 
PARAMETRIC_REPRESENTATION_CONTEXT() REPRESENTATION_CONTEXT('2D SPACE',''
  ) );
#1206 = ORIENTED_EDGE('',*,*,#985,.F.);
#1207 = FACE_BOUND('',#1208,.F.);
#1208 = EDGE_LOOP('',(#1209,#1239,#1272,#1300,#1333,#1361,#1390,#1418));
#1209 = ORIENTED_EDGE('',*,*,#1210,.T.);
#1210 = EDGE_CURVE('',#1211,#1213,#1215,.T.);
#1211 = VERTEX_POINT('',#1212);
#1212 = CARTESIAN_POINT('',(-47.8,-27.2,0.));
#1213 = VERTEX_POINT('',#1214);
#1214 = CARTESIAN_POINT('',(-47.8,35.2,0.));
#1215 = SURFACE_CURVE('',#1216,(#1220,#1227),.PCURVE_S1.);
#1216 = LINE('',#1217,#1218);
#1217 = CARTESIAN_POINT('',(-47.8,-31.2,0.));
#1218 = VECTOR('',#1219,1.);
#1219 = DIRECTION('',(0.,1.,0.));
#1220 = PCURVE('',#100,#1221);
#1221 = DEFINITIONAL_REPRESENTATION('',(#1222),#1226);
#1222 = LINE('',#1223,#1224);
#1223 = CARTESIAN_POINT('',(12.2,8.8));
#1224 = VECTOR('',#1225,1.);
#1225 = DIRECTION('',(0.,1.));
#1226 = ( GEOMETRIC_REPRESENTATION_CONTEXT(2) 
PARAMETRIC_REPRESENTATION_CONTEXT() REPRESENTATION_CONTEXT('2D SPACE',''
  ) );
#1227 = PCURVE('',#1228,#1233);
#1228 = PLANE('',#1229);
#1229 = AXIS2_PLACEMENT_3D('',#1230,#1231,#1232);
#1230 = CARTESIAN_POINT('',(-47.8,-31.2,0.));
#1231 = DIRECTION('',(1.,0.,0.));
#1232 = DIRECTION('',(0.,0.,1.));
#1233 = DEFINITIONAL_REPRESENTATION('',(#1234),#1238);
#1234 = LINE('',#1235,#1236);
#1235 = CARTESIAN_POINT('',(0.,0.));
#1236 = VECTOR('',#1237,1.);
#1237 = DIRECTION('',(0.,-1.));
#1238 = ( GEOMETRIC_REPRESENTATION_CONTEXT(2) 
PARAMETRIC_REPRESENTATION_CONTEXT() REPRESENTATION_CONTEXT('2D SPACE',''
  ) );
#1239 = ORIENTED_EDGE('',*,*,#1240,.T.);
#1240 = EDGE_CURVE('',#1213,#1241,#1243,.T.);
#1241 = VERTEX_POINT('',#1242);
#1242 = CARTESIAN_POINT('',(-43.8,39.2,0.));
#1243 = SURFACE_CURVE('',#1244,(#1249,#1260),.PCURVE_S1.);
#1244 = CIRCLE('',#1245,4.);
#1245 = AXIS2_PLACEMENT_3D('',#1246,#1247,#1248);
#1246 = CARTESIAN_POINT('',(-43.8,35.2,0.));
#1247 = DIRECTION('',(-0.,-0.,-1.));
#1248 = DIRECTION('',(0.,-1.,0.));
#1249 = PCURVE('',#100,#1250);
#1250 = DEFINITIONAL_REPRESENTATION('',(#1251),#1259);
#1251 = ( BOUNDED_CURVE() B_SPLINE_CURVE(2,(#1252,#1253,#1254,#1255,
#1256,#1257,#1258),.UNSPECIFIED.,.T.,.F.) B_SPLINE_CURVE_WITH_KNOTS((1,2
    ,2,2,2,1),(-2.094395102393,0.,2.094395102393,4.188790204786,
6.28318530718,8.377580409573),.UNSPECIFIED.) CURVE() 
GEOMETRIC_REPRESENTATION_ITEM() RATIONAL_B_SPLINE_CURVE((1.,0.5,1.,0.5,
1.,0.5,1.)) REPRESENTATION_ITEM('') );
#1252 = CARTESIAN_POINT('',(16.2,71.2));
#1253 = CARTESIAN_POINT('',(9.271796769724,71.2));
#1254 = CARTESIAN_POINT('',(12.735898384862,77.2));
#1255 = CARTESIAN_POINT('',(16.2,83.2));
#1256 = CARTESIAN_POINT('',(19.664101615138,77.2));
#1257 = CARTESIAN_POINT('',(23.128203230276,71.2));
#1258 = CARTESIAN_POINT('',(16.2,71.2));
#1259 = ( GEOMETRIC_REPRESENTATION_CONTEXT(2) 
PARAMETRIC_REPRESENTATION_CONTEXT() REPRESENTATION_CONTEXT('2D SPACE',''
  ) );
#1260 = PCURVE('',#1261,#1266);
#1261 = CYLINDRICAL_SURFACE('',#1262,4.);
#1262 = AXIS2_PLACEMENT_3D('',#1263,#1264,#1265);
#1263 = CARTESIAN_POINT('',(-43.8,35.2,0.));
#1264 = DIRECTION('',(0.,0.,1.));
#1265 = DIRECTION('',(-1.,-0.,0.));
#1266 = DEFINITIONAL_REPRESENTATION('',(#1267),#1271);
#1267 = LINE('',#1268,#1269);
#1268 = CARTESIAN_POINT('',(1.570796326795,-0.));
#1269 = VECTOR('',#1270,1.);
#1270 = DIRECTION('',(-1.,0.));
#1271 = ( GEOMETRIC_REPRESENTATION_CONTEXT(2) 
PARAMETRIC_REPRESENTATION_CONTEXT() REPRESENTATION_CONTEXT('2D SPACE',''
  ) );
#1272 = ORIENTED_EDGE('',*,*,#1273,.T.);
#1273 = EDGE_CURVE('',#1241,#1274,#1276,.T.);
#1274 = VERTEX_POINT('',#1275);
#1275 = CARTESIAN_POINT('',(53.8,39.2,0.));
#1276 = SURFACE_CURVE('',#1277,(#1281,#1288),.PCURVE_S1.);
#1277 = LINE('',#1278,#1279);
#1278 = CARTESIAN_POINT('',(-47.8,39.2,0.));
#1279 = VECTOR('',#1280,1.);
#1280 = DIRECTION('',(1.,0.,0.));
#1281 = PCURVE('',#100,#1282);
#1282 = DEFINITIONAL_REPRESENTATION('',(#1283),#1287);
#1283 = LINE('',#1284,#1285);
#1284 = CARTESIAN_POINT('',(12.2,79.2));
#1285 = VECTOR('',#1286,1.);
#1286 = DIRECTION('',(1.,0.));
#1287 = ( GEOMETRIC_REPRESENTATION_CONTEXT(2) 
PARAMETRIC_REPRESENTATION_CONTEXT() REPRESENTATION_CONTEXT('2D SPACE',''
  ) );
#1288 = PCURVE('',#1289,#1294);
#1289 = PLANE('',#1290);
#1290 = AXIS2_PLACEMENT_3D('',#1291,#1292,#1293);
#1291 = CARTESIAN_POINT('',(-47.8,39.2,0.));
#1292 = DIRECTION('',(0.,1.,0.));
#1293 = DIRECTION('',(0.,0.,1.));
#1294 = DEFINITIONAL_REPRESENTATION('',(#1295),#1299);
#1295 = LINE('',#1296,#1297);
#1296 = CARTESIAN_POINT('',(0.,0.));
#1297 = VECTOR('',#1298,1.);
#1298 = DIRECTION('',(0.,1.));
#1299 = ( GEOMETRIC_REPRESENTATION_CONTEXT(2) 
PARAMETRIC_REPRESENTATION_CONTEXT() REPRESENTATION_CONTEXT('2D SPACE',''
  ) );
#1300 = ORIENTED_EDGE('',*,*,#1301,.T.);
#1301 = EDGE_CURVE('',#1274,#1302,#1304,.T.);
#1302 = VERTEX_POINT('',#1303);
#1303 = CARTESIAN_POINT('',(57.8,35.2,0.));
#1304 = SURFACE_CURVE('',#1305,(#1310,#1321),.PCURVE_S1.);
#1305 = CIRCLE('',#1306,4.);
#1306 = AXIS2_PLACEMENT_3D('',#1307,#1308,#1309);
#1307 = CARTESIAN_POINT('',(53.8,35.2,0.));
#1308 = DIRECTION('',(-0.,-0.,-1.));
#1309 = DIRECTION('',(0.,-1.,0.));
#1310 = PCURVE('',#100,#1311);
#1311 = DEFINITIONAL_REPRESENTATION('',(#1312),#1320);
#1312 = ( BOUNDED_CURVE() B_SPLINE_CURVE(2,(#1313,#1314,#1315,#1316,
#1317,#1318,#1319),.UNSPECIFIED.,.T.,.F.) B_SPLINE_CURVE_WITH_KNOTS((1,2
    ,2,2,2,1),(-2.094395102393,0.,2.094395102393,4.188790204786,
6.28318530718,8.377580409573),.UNSPECIFIED.) CURVE() 
GEOMETRIC_REPRESENTATION_ITEM() RATIONAL_B_SPLINE_CURVE((1.,0.5,1.,0.5,
1.,0.5,1.)) REPRESENTATION_ITEM('') );
#1313 = CARTESIAN_POINT('',(113.8,71.2));
#1314 = CARTESIAN_POINT('',(106.87179676972,71.2));
#1315 = CARTESIAN_POINT('',(110.33589838486,77.2));
#1316 = CARTESIAN_POINT('',(113.8,83.2));
#1317 = CARTESIAN_POINT('',(117.26410161513,77.2));
#1318 = CARTESIAN_POINT('',(120.72820323027,71.2));
#1319 = CARTESIAN_POINT('',(113.8,71.2));
#1320 = ( GEOMETRIC_REPRESENTATION_CONTEXT(2) 
PARAMETRIC_REPRESENTATION_CONTEXT() REPRESENTATION_CONTEXT('2D SPACE',''
  ) );
#1321 = PCURVE('',#1322,#1327);
#1322 = CYLINDRICAL_SURFACE('',#1323,4.);
#1323 = AXIS2_PLACEMENT_3D('',#1324,#1325,#1326);
#1324 = CARTESIAN_POINT('',(53.8,35.2,0.));
#1325 = DIRECTION('',(0.,0.,1.));
#1326 = DIRECTION('',(0.,1.,0.));
#1327 = DEFINITIONAL_REPRESENTATION('',(#1328),#1332);
#1328 = LINE('',#1329,#1330);
#1329 = CARTESIAN_POINT('',(3.14159265359,-0.));
#1330 = VECTOR('',#1331,1.);
#1331 = DIRECTION('',(-1.,0.));
#1332 = ( GEOMETRIC_REPRESENTATION_CONTEXT(2) 
PARAMETRIC_REPRESENTATION_CONTEXT() REPRESENTATION_CONTEXT('2D SPACE',''
  ) );
#1333 = ORIENTED_EDGE('',*,*,#1334,.F.);
#1334 = EDGE_CURVE('',#1335,#1302,#1337,.T.);
#1335 = VERTEX_POINT('',#1336);
#1336 = CARTESIAN_POINT('',(57.8,-27.2,0.));
#1337 = SURFACE_CURVE('',#1338,(#1342,#1349),.PCURVE_S1.);
#1338 = LINE('',#1339,#1340);
#1339 = CARTESIAN_POINT('',(57.8,-31.2,0.));
#1340 = VECTOR('',#1341,1.);
#1341 = DIRECTION('',(0.,1.,0.));
#1342 = PCURVE('',#100,#1343);
#1343 = DEFINITIONAL_REPRESENTATION('',(#1344),#1348);
#1344 = LINE('',#1345,#1346);
#1345 = CARTESIAN_POINT('',(117.8,8.8));
#1346 = VECTOR('',#1347,1.);
#1347 = DIRECTION('',(0.,1.));
#1348 = ( GEOMETRIC_REPRESENTATION_CONTEXT(2) 
PARAMETRIC_REPRESENTATION_CONTEXT() REPRESENTATION_CONTEXT('2D SPACE',''
  ) );
#1349 = PCURVE('',#1350,#1355);
#1350 = PLANE('',#1351);
#1351 = AXIS2_PLACEMENT_3D('',#1352,#1353,#1354);
#1352 = CARTESIAN_POINT('',(57.8,-31.2,0.));
#1353 = DIRECTION('',(1.,0.,0.));
#1354 = DIRECTION('',(0.,0.,1.));
#1355 = DEFINITIONAL_REPRESENTATION('',(#1356),#1360);
#1356 = LINE('',#1357,#1358);
#1357 = CARTESIAN_POINT('',(0.,0.));
#1358 = VECTOR('',#1359,1.);
#1359 = DIRECTION('',(0.,-1.));
#1360 = ( GEOMETRIC_REPRESENTATION_CONTEXT(2) 
PARAMETRIC_REPRESENTATION_CONTEXT() REPRESENTATION_CONTEXT('2D SPACE',''
  ) );
#1361 = ORIENTED_EDGE('',*,*,#1362,.F.);
#1362 = EDGE_CURVE('',#1363,#1335,#1365,.T.);
#1363 = VERTEX_POINT('',#1364);
#1364 = CARTESIAN_POINT('',(53.8,-31.2,0.));
#1365 = SURFACE_CURVE('',#1366,(#1371,#1378),.PCURVE_S1.);
#1366 = CIRCLE('',#1367,4.);
#1367 = AXIS2_PLACEMENT_3D('',#1368,#1369,#1370);
#1368 = CARTESIAN_POINT('',(53.8,-27.2,0.));
#1369 = DIRECTION('',(0.,0.,1.));
#1370 = DIRECTION('',(0.,-1.,0.));
#1371 = PCURVE('',#100,#1372);
#1372 = DEFINITIONAL_REPRESENTATION('',(#1373),#1377);
#1373 = CIRCLE('',#1374,4.);
#1374 = AXIS2_PLACEMENT_2D('',#1375,#1376);
#1375 = CARTESIAN_POINT('',(113.8,12.8));
#1376 = DIRECTION('',(0.,-1.));
#1377 = ( GEOMETRIC_REPRESENTATION_CONTEXT(2) 
PARAMETRIC_REPRESENTATION_CONTEXT() REPRESENTATION_CONTEXT('2D SPACE',''
  ) );
#1378 = PCURVE('',#1379,#1384);
#1379 = CYLINDRICAL_SURFACE('',#1380,4.);
#1380 = AXIS2_PLACEMENT_3D('',#1381,#1382,#1383);
#1381 = CARTESIAN_POINT('',(53.8,-27.2,0.));
#1382 = DIRECTION('',(0.,0.,1.));
#1383 = DIRECTION('',(0.,-1.,0.));
#1384 = DEFINITIONAL_REPRESENTATION('',(#1385),#1389);
#1385 = LINE('',#1386,#1387);
#1386 = CARTESIAN_POINT('',(0.,0.));
#1387 = VECTOR('',#1388,1.);
#1388 = DIRECTION('',(1.,0.));
#1389 = ( GEOMETRIC_REPRESENTATION_CONTEXT(2) 
PARAMETRIC_REPRESENTATION_CONTEXT() REPRESENTATION_CONTEXT('2D SPACE',''
  ) );
#1390 = ORIENTED_EDGE('',*,*,#1391,.F.);
#1391 = EDGE_CURVE('',#1392,#1363,#1394,.T.);
#1392 = VERTEX_POINT('',#1393);
#1393 = CARTESIAN_POINT('',(-43.8,-31.2,0.));
#1394 = SURFACE_CURVE('',#1395,(#1399,#1406),.PCURVE_S1.);
#1395 = LINE('',#1396,#1397);
#1396 = CARTESIAN_POINT('',(-47.8,-31.2,0.));
#1397 = VECTOR('',#1398,1.);
#1398 = DIRECTION('',(1.,0.,0.));
#1399 = PCURVE('',#100,#1400);
#1400 = DEFINITIONAL_REPRESENTATION('',(#1401),#1405);
#1401 = LINE('',#1402,#1403);
#1402 = CARTESIAN_POINT('',(12.2,8.8));
#1403 = VECTOR('',#1404,1.);
#1404 = DIRECTION('',(1.,0.));
#1405 = ( GEOMETRIC_REPRESENTATION_CONTEXT(2) 
PARAMETRIC_REPRESENTATION_CONTEXT() REPRESENTATION_CONTEXT('2D SPACE',''
  ) );
#1406 = PCURVE('',#1407,#1412);
#1407 = PLANE('',#1408);
#1408 = AXIS2_PLACEMENT_3D('',#1409,#1410,#1411);
#1409 = CARTESIAN_POINT('',(-47.8,-31.2,0.));
#1410 = DIRECTION('',(0.,1.,0.));
#1411 = DIRECTION('',(0.,0.,1.));
#1412 = DEFINITIONAL_REPRESENTATION('',(#1413),#1417);
#1413 = LINE('',#1414,#1415);
#1414 = CARTESIAN_POINT('',(0.,0.));
#1415 = VECTOR('',#1416,1.);
#1416 = DIRECTION('',(0.,1.));
#1417 = ( GEOMETRIC_REPRESENTATION_CONTEXT(2) 
PARAMETRIC_REPRESENTATION_CONTEXT() REPRESENTATION_CONTEXT('2D SPACE',''
  ) );
#1418 = ORIENTED_EDGE('',*,*,#1419,.F.);
#1419 = EDGE_CURVE('',#1211,#1392,#1420,.T.);
#1420 = SURFACE_CURVE('',#1421,(#1426,#1433),.PCURVE_S1.);
#1421 = CIRCLE('',#1422,4.);
#1422 = AXIS2_PLACEMENT_3D('',#1423,#1424,#1425);
#1423 = CARTESIAN_POINT('',(-43.8,-27.2,0.));
#1424 = DIRECTION('',(0.,0.,1.));
#1425 = DIRECTION('',(0.,-1.,0.));
#1426 = PCURVE('',#100,#1427);
#1427 = DEFINITIONAL_REPRESENTATION('',(#1428),#1432);
#1428 = CIRCLE('',#1429,4.);
#1429 = AXIS2_PLACEMENT_2D('',#1430,#1431);
#1430 = CARTESIAN_POINT('',(16.2,12.8));
#1431 = DIRECTION('',(0.,-1.));
#1432 = ( GEOMETRIC_REPRESENTATION_CONTEXT(2) 
PARAMETRIC_REPRESENTATION_CONTEXT() REPRESENTATION_CONTEXT('2D SPACE',''
  ) );
#1433 = PCURVE('',#1434,#1439);
#1434 = CYLINDRICAL_SURFACE('',#1435,4.);
#1435 = AXIS2_PLACEMENT_3D('',#1436,#1437,#1438);
#1436 = CARTESIAN_POINT('',(-43.8,-27.2,0.));
#1437 = DIRECTION('',(0.,0.,1.));
#1438 = DIRECTION('',(-1.,-0.,0.));
#1439 = DEFINITIONAL_REPRESENTATION('',(#1440),#1444);
#1440 = LINE('',#1441,#1442);
#1441 = CARTESIAN_POINT('',(-4.712388980385,0.));
#1442 = VECTOR('',#1443,1.);
#1443 = DIRECTION('',(1.,0.));
#1444 = ( GEOMETRIC_REPRESENTATION_CONTEXT(2) 
PARAMETRIC_REPRESENTATION_CONTEXT() REPRESENTATION_CONTEXT('2D SPACE',''
  ) );
#1445 = ADVANCED_FACE('',(#1446),#666,.T.);
#1446 = FACE_BOUND('',#1447,.T.);
#1447 = EDGE_LOOP('',(#1448,#1449,#1450,#1451));
#1448 = ORIENTED_EDGE('',*,*,#1186,.F.);
#1449 = ORIENTED_EDGE('',*,*,#1013,.T.);
#1450 = ORIENTED_EDGE('',*,*,#650,.T.);
#1451 = ORIENTED_EDGE('',*,*,#1452,.F.);
#1452 = EDGE_CURVE('',#1159,#618,#1453,.T.);
#1453 = SURFACE_CURVE('',#1454,(#1458,#1465),.PCURVE_S1.);
#1454 = LINE('',#1455,#1456);
#1455 = CARTESIAN_POINT('',(56.,40.,0.));
#1456 = VECTOR('',#1457,1.);
#1457 = DIRECTION('',(0.,0.,1.));
#1458 = PCURVE('',#666,#1459);
#1459 = DEFINITIONAL_REPRESENTATION('',(#1460),#1464);
#1460 = LINE('',#1461,#1462);
#1461 = CARTESIAN_POINT('',(0.,116.));
#1462 = VECTOR('',#1463,1.);
#1463 = DIRECTION('',(1.,0.));
#1464 = ( GEOMETRIC_REPRESENTATION_CONTEXT(2) 
PARAMETRIC_REPRESENTATION_CONTEXT() REPRESENTATION_CONTEXT('2D SPACE',''
  ) );
#1465 = PCURVE('',#638,#1466);
#1466 = DEFINITIONAL_REPRESENTATION('',(#1467),#1471);
#1467 = LINE('',#1468,#1469);
#1468 = CARTESIAN_POINT('',(-0.,0.));
#1469 = VECTOR('',#1470,1.);
#1470 = DIRECTION('',(-0.,1.));
#1471 = ( GEOMETRIC_REPRESENTATION_CONTEXT(2) 
PARAMETRIC_REPRESENTATION_CONTEXT() REPRESENTATION_CONTEXT('2D SPACE',''
  ) );
#1472 = ADVANCED_FACE('',(#1473),#638,.T.);
#1473 = FACE_BOUND('',#1474,.F.);
#1474 = EDGE_LOOP('',(#1475,#1476,#1497,#1498));
#1475 = ORIENTED_EDGE('',*,*,#1158,.T.);
#1476 = ORIENTED_EDGE('',*,*,#1477,.T.);
#1477 = EDGE_CURVE('',#1136,#590,#1478,.T.);
#1478 = SURFACE_CURVE('',#1479,(#1483,#1490),.PCURVE_S1.);
#1479 = LINE('',#1480,#1481);
#1480 = CARTESIAN_POINT('',(60.,36.,0.));
#1481 = VECTOR('',#1482,1.);
#1482 = DIRECTION('',(0.,0.,1.));
#1483 = PCURVE('',#638,#1484);
#1484 = DEFINITIONAL_REPRESENTATION('',(#1485),#1489);
#1485 = LINE('',#1486,#1487);
#1486 = CARTESIAN_POINT('',(-1.570796326795,0.));
#1487 = VECTOR('',#1488,1.);
#1488 = DIRECTION('',(-0.,1.));
#1489 = ( GEOMETRIC_REPRESENTATION_CONTEXT(2) 
PARAMETRIC_REPRESENTATION_CONTEXT() REPRESENTATION_CONTEXT('2D SPACE',''
  ) );
#1490 = PCURVE('',#605,#1491);
#1491 = DEFINITIONAL_REPRESENTATION('',(#1492),#1496);
#1492 = LINE('',#1493,#1494);
#1493 = CARTESIAN_POINT('',(0.,-76.));
#1494 = VECTOR('',#1495,1.);
#1495 = DIRECTION('',(1.,0.));
#1496 = ( GEOMETRIC_REPRESENTATION_CONTEXT(2) 
PARAMETRIC_REPRESENTATION_CONTEXT() REPRESENTATION_CONTEXT('2D SPACE',''
  ) );
#1497 = ORIENTED_EDGE('',*,*,#617,.F.);
#1498 = ORIENTED_EDGE('',*,*,#1452,.F.);
#1499 = ADVANCED_FACE('',(#1500),#605,.T.);
#1500 = FACE_BOUND('',#1501,.T.);
#1501 = EDGE_LOOP('',(#1502,#1503,#1524,#1525));
#1502 = ORIENTED_EDGE('',*,*,#589,.F.);
#1503 = ORIENTED_EDGE('',*,*,#1504,.F.);
#1504 = EDGE_CURVE('',#1112,#561,#1505,.T.);
#1505 = SURFACE_CURVE('',#1506,(#1510,#1517),.PCURVE_S1.);
#1506 = LINE('',#1507,#1508);
#1507 = CARTESIAN_POINT('',(60.,-36.,0.));
#1508 = VECTOR('',#1509,1.);
#1509 = DIRECTION('',(0.,0.,1.));
#1510 = PCURVE('',#605,#1511);
#1511 = DEFINITIONAL_REPRESENTATION('',(#1512),#1516);
#1512 = LINE('',#1513,#1514);
#1513 = CARTESIAN_POINT('',(0.,-4.));
#1514 = VECTOR('',#1515,1.);
#1515 = DIRECTION('',(1.,0.));
#1516 = ( GEOMETRIC_REPRESENTATION_CONTEXT(2) 
PARAMETRIC_REPRESENTATION_CONTEXT() REPRESENTATION_CONTEXT('2D SPACE',''
  ) );
#1517 = PCURVE('',#577,#1518);
#1518 = DEFINITIONAL_REPRESENTATION('',(#1519),#1523);
#1519 = LINE('',#1520,#1521);
#1520 = CARTESIAN_POINT('',(1.570796326795,0.));
#1521 = VECTOR('',#1522,1.);
#1522 = DIRECTION('',(0.,1.));
#1523 = ( GEOMETRIC_REPRESENTATION_CONTEXT(2) 
PARAMETRIC_REPRESENTATION_CONTEXT() REPRESENTATION_CONTEXT('2D SPACE',''
  ) );
#1524 = ORIENTED_EDGE('',*,*,#1135,.T.);
#1525 = ORIENTED_EDGE('',*,*,#1477,.T.);
#1526 = ADVANCED_FACE('',(#1527),#577,.T.);
#1527 = FACE_BOUND('',#1528,.T.);
#1528 = EDGE_LOOP('',(#1529,#1530,#1531,#1532));
#1529 = ORIENTED_EDGE('',*,*,#1111,.T.);
#1530 = ORIENTED_EDGE('',*,*,#1504,.T.);
#1531 = ORIENTED_EDGE('',*,*,#560,.F.);
#1532 = ORIENTED_EDGE('',*,*,#1533,.F.);
#1533 = EDGE_CURVE('',#1089,#533,#1534,.T.);
#1534 = SURFACE_CURVE('',#1535,(#1539,#1546),.PCURVE_S1.);
#1535 = LINE('',#1536,#1537);
#1536 = CARTESIAN_POINT('',(56.,-40.,0.));
#1537 = VECTOR('',#1538,1.);
#1538 = DIRECTION('',(0.,0.,1.));
#1539 = PCURVE('',#577,#1540);
#1540 = DEFINITIONAL_REPRESENTATION('',(#1541),#1545);
#1541 = LINE('',#1542,#1543);
#1542 = CARTESIAN_POINT('',(0.,0.));
#1543 = VECTOR('',#1544,1.);
#1544 = DIRECTION('',(0.,1.));
#1545 = ( GEOMETRIC_REPRESENTATION_CONTEXT(2) 
PARAMETRIC_REPRESENTATION_CONTEXT() REPRESENTATION_CONTEXT('2D SPACE',''
  ) );
#1546 = PCURVE('',#548,#1547);
#1547 = DEFINITIONAL_REPRESENTATION('',(#1548),#1552);
#1548 = LINE('',#1549,#1550);
#1549 = CARTESIAN_POINT('',(0.,116.));
#1550 = VECTOR('',#1551,1.);
#1551 = DIRECTION('',(1.,0.));
#1552 = ( GEOMETRIC_REPRESENTATION_CONTEXT(2) 
PARAMETRIC_REPRESENTATION_CONTEXT() REPRESENTATION_CONTEXT('2D SPACE',''
  ) );
#1553 = ADVANCED_FACE('',(#1554),#548,.F.);
#1554 = FACE_BOUND('',#1555,.F.);
#1555 = EDGE_LOOP('',(#1556,#1557,#1578,#1579));
#1556 = ORIENTED_EDGE('',*,*,#1088,.F.);
#1557 = ORIENTED_EDGE('',*,*,#1558,.T.);
#1558 = EDGE_CURVE('',#1065,#504,#1559,.T.);
#1559 = SURFACE_CURVE('',#1560,(#1564,#1571),.PCURVE_S1.);
#1560 = LINE('',#1561,#1562);
#1561 = CARTESIAN_POINT('',(-38.3431457505,-40.,0.));
#1562 = VECTOR('',#1563,1.);
#1563 = DIRECTION('',(0.,0.,1.));
#1564 = PCURVE('',#548,#1565);
#1565 = DEFINITIONAL_REPRESENTATION('',(#1566),#1570);
#1566 = LINE('',#1567,#1568);
#1567 = CARTESIAN_POINT('',(0.,21.656854249492));
#1568 = VECTOR('',#1569,1.);
#1569 = DIRECTION('',(1.,0.));
#1570 = ( GEOMETRIC_REPRESENTATION_CONTEXT(2) 
PARAMETRIC_REPRESENTATION_CONTEXT() REPRESENTATION_CONTEXT('2D SPACE',''
  ) );
#1571 = PCURVE('',#520,#1572);
#1572 = DEFINITIONAL_REPRESENTATION('',(#1573),#1577);
#1573 = LINE('',#1574,#1575);
#1574 = CARTESIAN_POINT('',(0.785398163397,0.));
#1575 = VECTOR('',#1576,1.);
#1576 = DIRECTION('',(0.,1.));
#1577 = ( GEOMETRIC_REPRESENTATION_CONTEXT(2) 
PARAMETRIC_REPRESENTATION_CONTEXT() REPRESENTATION_CONTEXT('2D SPACE',''
  ) );
#1578 = ORIENTED_EDGE('',*,*,#532,.T.);
#1579 = ORIENTED_EDGE('',*,*,#1533,.F.);
#1580 = ADVANCED_FACE('',(#1581),#520,.T.);
#1581 = FACE_BOUND('',#1582,.T.);
#1582 = EDGE_LOOP('',(#1583,#1584,#1585,#1586));
#1583 = ORIENTED_EDGE('',*,*,#1064,.T.);
#1584 = ORIENTED_EDGE('',*,*,#1558,.T.);
#1585 = ORIENTED_EDGE('',*,*,#503,.F.);
#1586 = ORIENTED_EDGE('',*,*,#1587,.F.);
#1587 = EDGE_CURVE('',#1042,#483,#1588,.T.);
#1588 = SURFACE_CURVE('',#1589,(#1593,#1600),.PCURVE_S1.);
#1589 = LINE('',#1590,#1591);
#1590 = CARTESIAN_POINT('',(-41.17157287525,-38.82842712474,0.));
#1591 = VECTOR('',#1592,1.);
#1592 = DIRECTION('',(0.,0.,1.));
#1593 = PCURVE('',#520,#1594);
#1594 = DEFINITIONAL_REPRESENTATION('',(#1595),#1599);
#1595 = LINE('',#1596,#1597);
#1596 = CARTESIAN_POINT('',(0.,0.));
#1597 = VECTOR('',#1598,1.);
#1598 = DIRECTION('',(0.,1.));
#1599 = ( GEOMETRIC_REPRESENTATION_CONTEXT(2) 
PARAMETRIC_REPRESENTATION_CONTEXT() REPRESENTATION_CONTEXT('2D SPACE',''
  ) );
#1600 = PCURVE('',#181,#1601);
#1601 = DEFINITIONAL_REPRESENTATION('',(#1602),#1606);
#1602 = LINE('',#1603,#1604);
#1603 = CARTESIAN_POINT('',(1.656854249492,0.));
#1604 = VECTOR('',#1605,1.);
#1605 = DIRECTION('',(0.,-1.));
#1606 = ( GEOMETRIC_REPRESENTATION_CONTEXT(2) 
PARAMETRIC_REPRESENTATION_CONTEXT() REPRESENTATION_CONTEXT('2D SPACE',''
  ) );
#1607 = ADVANCED_FACE('',(#1608),#181,.T.);
#1608 = FACE_BOUND('',#1609,.T.);
#1609 = EDGE_LOOP('',(#1610,#1611,#1612,#1613,#1638,#1639));
#1610 = ORIENTED_EDGE('',*,*,#1041,.F.);
#1611 = ORIENTED_EDGE('',*,*,#1587,.T.);
#1612 = ORIENTED_EDGE('',*,*,#482,.F.);
#1613 = ORIENTED_EDGE('',*,*,#1614,.F.);
#1614 = EDGE_CURVE('',#167,#455,#1615,.T.);
#1615 = SURFACE_CURVE('',#1616,(#1620,#1626),.PCURVE_S1.);
#1616 = LINE('',#1617,#1618);
#1617 = CARTESIAN_POINT('',(-45.,-35.,4.));
#1618 = VECTOR('',#1619,1.);
#1619 = DIRECTION('',(0.707106781187,-0.707106781187,0.));
#1620 = PCURVE('',#181,#1621);
#1621 = DEFINITIONAL_REPRESENTATION('',(#1622),#1625);
#1622 = B_SPLINE_CURVE_WITH_KNOTS('',1,(#1623,#1624),.UNSPECIFIED.,.F.,
  .F.,(2,2),(-21.21320343559,7.071067811865),.PIECEWISE_BEZIER_KNOTS.);
#1623 = CARTESIAN_POINT('',(28.284271247462,-4.));
#1624 = CARTESIAN_POINT('',(0.,-4.));
#1625 = ( GEOMETRIC_REPRESENTATION_CONTEXT(2) 
PARAMETRIC_REPRESENTATION_CONTEXT() REPRESENTATION_CONTEXT('2D SPACE',''
  ) );
#1626 = PCURVE('',#1627,#1632);
#1627 = PLANE('',#1628);
#1628 = AXIS2_PLACEMENT_3D('',#1629,#1630,#1631);
#1629 = CARTESIAN_POINT('',(-3.,-25.6,4.));
#1630 = DIRECTION('',(0.,0.,1.));
#1631 = DIRECTION('',(1.,0.,-0.));
#1632 = DEFINITIONAL_REPRESENTATION('',(#1633),#1637);
#1633 = LINE('',#1634,#1635);
#1634 = CARTESIAN_POINT('',(-42.,-9.4));
#1635 = VECTOR('',#1636,1.);
#1636 = DIRECTION('',(0.707106781187,-0.707106781187));
#1637 = ( GEOMETRIC_REPRESENTATION_CONTEXT(2) 
PARAMETRIC_REPRESENTATION_CONTEXT() REPRESENTATION_CONTEXT('2D SPACE',''
  ) );
#1638 = ORIENTED_EDGE('',*,*,#166,.F.);
#1639 = ORIENTED_EDGE('',*,*,#959,.F.);
#1640 = ADVANCED_FACE('',(#1641),#470,.F.);
#1641 = FACE_BOUND('',#1642,.F.);
#1642 = EDGE_LOOP('',(#1643,#1668,#1696,#1717,#1718));
#1643 = ORIENTED_EDGE('',*,*,#1644,.T.);
#1644 = EDGE_CURVE('',#1645,#1647,#1649,.T.);
#1645 = VERTEX_POINT('',#1646);
#1646 = CARTESIAN_POINT('',(-52.2,-31.1,4.));
#1647 = VERTEX_POINT('',#1648);
#1648 = CARTESIAN_POINT('',(-52.2,-31.1,6.));
#1649 = SURFACE_CURVE('',#1650,(#1654,#1661),.PCURVE_S1.);
#1650 = LINE('',#1651,#1652);
#1651 = CARTESIAN_POINT('',(-52.2,-31.1,4.));
#1652 = VECTOR('',#1653,1.);
#1653 = DIRECTION('',(0.,0.,1.));
#1654 = PCURVE('',#470,#1655);
#1655 = DEFINITIONAL_REPRESENTATION('',(#1656),#1660);
#1656 = LINE('',#1657,#1658);
#1657 = CARTESIAN_POINT('',(0.,0.));
#1658 = VECTOR('',#1659,1.);
#1659 = DIRECTION('',(0.,-1.));
#1660 = ( GEOMETRIC_REPRESENTATION_CONTEXT(2) 
PARAMETRIC_REPRESENTATION_CONTEXT() REPRESENTATION_CONTEXT('2D SPACE',''
  ) );
#1661 = PCURVE('',#208,#1662);
#1662 = DEFINITIONAL_REPRESENTATION('',(#1663),#1667);
#1663 = LINE('',#1664,#1665);
#1664 = CARTESIAN_POINT('',(11.,0.));
#1665 = VECTOR('',#1666,1.);
#1666 = DIRECTION('',(0.,-1.));
#1667 = ( GEOMETRIC_REPRESENTATION_CONTEXT(2) 
PARAMETRIC_REPRESENTATION_CONTEXT() REPRESENTATION_CONTEXT('2D SPACE',''
  ) );
#1668 = ORIENTED_EDGE('',*,*,#1669,.T.);
#1669 = EDGE_CURVE('',#1647,#1670,#1672,.T.);
#1670 = VERTEX_POINT('',#1671);
#1671 = CARTESIAN_POINT('',(46.2,-31.1,6.));
#1672 = SURFACE_CURVE('',#1673,(#1677,#1684),.PCURVE_S1.);
#1673 = LINE('',#1674,#1675);
#1674 = CARTESIAN_POINT('',(-52.2,-31.1,6.));
#1675 = VECTOR('',#1676,1.);
#1676 = DIRECTION('',(1.,0.,0.));
#1677 = PCURVE('',#470,#1678);
#1678 = DEFINITIONAL_REPRESENTATION('',(#1679),#1683);
#1679 = LINE('',#1680,#1681);
#1680 = CARTESIAN_POINT('',(0.,-2.));
#1681 = VECTOR('',#1682,1.);
#1682 = DIRECTION('',(1.,0.));
#1683 = ( GEOMETRIC_REPRESENTATION_CONTEXT(2) 
PARAMETRIC_REPRESENTATION_CONTEXT() REPRESENTATION_CONTEXT('2D SPACE',''
  ) );
#1684 = PCURVE('',#1685,#1690);
#1685 = CYLINDRICAL_SURFACE('',#1686,3.);
#1686 = AXIS2_PLACEMENT_3D('',#1687,#1688,#1689);
#1687 = CARTESIAN_POINT('',(-52.2,-28.1,6.));
#1688 = DIRECTION('',(1.,0.,0.));
#1689 = DIRECTION('',(0.,-1.,-0.));
#1690 = DEFINITIONAL_REPRESENTATION('',(#1691),#1695);
#1691 = LINE('',#1692,#1693);
#1692 = CARTESIAN_POINT('',(-0.,0.));
#1693 = VECTOR('',#1694,1.);
#1694 = DIRECTION('',(-0.,1.));
#1695 = ( GEOMETRIC_REPRESENTATION_CONTEXT(2) 
PARAMETRIC_REPRESENTATION_CONTEXT() REPRESENTATION_CONTEXT('2D SPACE',''
  ) );
#1696 = ORIENTED_EDGE('',*,*,#1697,.F.);
#1697 = EDGE_CURVE('',#427,#1670,#1698,.T.);
#1698 = SURFACE_CURVE('',#1699,(#1703,#1710),.PCURVE_S1.);
#1699 = LINE('',#1700,#1701);
#1700 = CARTESIAN_POINT('',(46.2,-31.1,4.));
#1701 = VECTOR('',#1702,1.);
#1702 = DIRECTION('',(0.,0.,1.));
#1703 = PCURVE('',#470,#1704);
#1704 = DEFINITIONAL_REPRESENTATION('',(#1705),#1709);
#1705 = LINE('',#1706,#1707);
#1706 = CARTESIAN_POINT('',(98.4,0.));
#1707 = VECTOR('',#1708,1.);
#1708 = DIRECTION('',(0.,-1.));
#1709 = ( GEOMETRIC_REPRESENTATION_CONTEXT(2) 
PARAMETRIC_REPRESENTATION_CONTEXT() REPRESENTATION_CONTEXT('2D SPACE',''
  ) );
#1710 = PCURVE('',#442,#1711);
#1711 = DEFINITIONAL_REPRESENTATION('',(#1712),#1716);
#1712 = LINE('',#1713,#1714);
#1713 = CARTESIAN_POINT('',(0.,0.));
#1714 = VECTOR('',#1715,1.);
#1715 = DIRECTION('',(0.,-1.));
#1716 = ( GEOMETRIC_REPRESENTATION_CONTEXT(2) 
PARAMETRIC_REPRESENTATION_CONTEXT() REPRESENTATION_CONTEXT('2D SPACE',''
  ) );
#1717 = ORIENTED_EDGE('',*,*,#454,.F.);
#1718 = ORIENTED_EDGE('',*,*,#1719,.F.);
#1719 = EDGE_CURVE('',#1645,#455,#1720,.T.);
#1720 = SURFACE_CURVE('',#1721,(#1725,#1732),.PCURVE_S1.);
#1721 = LINE('',#1722,#1723);
#1722 = CARTESIAN_POINT('',(-52.2,-31.1,4.));
#1723 = VECTOR('',#1724,1.);
#1724 = DIRECTION('',(1.,0.,0.));
#1725 = PCURVE('',#470,#1726);
#1726 = DEFINITIONAL_REPRESENTATION('',(#1727),#1731);
#1727 = LINE('',#1728,#1729);
#1728 = CARTESIAN_POINT('',(0.,0.));
#1729 = VECTOR('',#1730,1.);
#1730 = DIRECTION('',(1.,0.));
#1731 = ( GEOMETRIC_REPRESENTATION_CONTEXT(2) 
PARAMETRIC_REPRESENTATION_CONTEXT() REPRESENTATION_CONTEXT('2D SPACE',''
  ) );
#1732 = PCURVE('',#1627,#1733);
#1733 = DEFINITIONAL_REPRESENTATION('',(#1734),#1738);
#1734 = LINE('',#1735,#1736);
#1735 = CARTESIAN_POINT('',(-49.2,-5.5));
#1736 = VECTOR('',#1737,1.);
#1737 = DIRECTION('',(1.,0.));
#1738 = ( GEOMETRIC_REPRESENTATION_CONTEXT(2) 
PARAMETRIC_REPRESENTATION_CONTEXT() REPRESENTATION_CONTEXT('2D SPACE',''
  ) );
#1739 = ADVANCED_FACE('',(#1740),#442,.F.);
#1740 = FACE_BOUND('',#1741,.F.);
#1741 = EDGE_LOOP('',(#1742,#1743,#1771,#1792));
#1742 = ORIENTED_EDGE('',*,*,#1697,.T.);
#1743 = ORIENTED_EDGE('',*,*,#1744,.T.);
#1744 = EDGE_CURVE('',#1670,#1745,#1747,.T.);
#1745 = VERTEX_POINT('',#1746);
#1746 = CARTESIAN_POINT('',(46.2,-20.1,6.));
#1747 = SURFACE_CURVE('',#1748,(#1752,#1759),.PCURVE_S1.);
#1748 = LINE('',#1749,#1750);
#1749 = CARTESIAN_POINT('',(46.2,-31.1,6.));
#1750 = VECTOR('',#1751,1.);
#1751 = DIRECTION('',(0.,1.,0.));
#1752 = PCURVE('',#442,#1753);
#1753 = DEFINITIONAL_REPRESENTATION('',(#1754),#1758);
#1754 = LINE('',#1755,#1756);
#1755 = CARTESIAN_POINT('',(0.,-2.));
#1756 = VECTOR('',#1757,1.);
#1757 = DIRECTION('',(1.,0.));
#1758 = ( GEOMETRIC_REPRESENTATION_CONTEXT(2) 
PARAMETRIC_REPRESENTATION_CONTEXT() REPRESENTATION_CONTEXT('2D SPACE',''
  ) );
#1759 = PCURVE('',#1760,#1765);
#1760 = CYLINDRICAL_SURFACE('',#1761,3.);
#1761 = AXIS2_PLACEMENT_3D('',#1762,#1763,#1764);
#1762 = CARTESIAN_POINT('',(43.2,-31.1,6.));
#1763 = DIRECTION('',(0.,1.,0.));
#1764 = DIRECTION('',(1.,0.,-0.));
#1765 = DEFINITIONAL_REPRESENTATION('',(#1766),#1770);
#1766 = LINE('',#1767,#1768);
#1767 = CARTESIAN_POINT('',(-0.,0.));
#1768 = VECTOR('',#1769,1.);
#1769 = DIRECTION('',(-0.,1.));
#1770 = ( GEOMETRIC_REPRESENTATION_CONTEXT(2) 
PARAMETRIC_REPRESENTATION_CONTEXT() REPRESENTATION_CONTEXT('2D SPACE',''
  ) );
#1771 = ORIENTED_EDGE('',*,*,#1772,.F.);
#1772 = EDGE_CURVE('',#399,#1745,#1773,.T.);
#1773 = SURFACE_CURVE('',#1774,(#1778,#1785),.PCURVE_S1.);
#1774 = LINE('',#1775,#1776);
#1775 = CARTESIAN_POINT('',(46.2,-20.1,4.));
#1776 = VECTOR('',#1777,1.);
#1777 = DIRECTION('',(0.,0.,1.));
#1778 = PCURVE('',#442,#1779);
#1779 = DEFINITIONAL_REPRESENTATION('',(#1780),#1784);
#1780 = LINE('',#1781,#1782);
#1781 = CARTESIAN_POINT('',(11.,0.));
#1782 = VECTOR('',#1783,1.);
#1783 = DIRECTION('',(0.,-1.));
#1784 = ( GEOMETRIC_REPRESENTATION_CONTEXT(2) 
PARAMETRIC_REPRESENTATION_CONTEXT() REPRESENTATION_CONTEXT('2D SPACE',''
  ) );
#1785 = PCURVE('',#414,#1786);
#1786 = DEFINITIONAL_REPRESENTATION('',(#1787),#1791);
#1787 = LINE('',#1788,#1789);
#1788 = CARTESIAN_POINT('',(0.,-0.));
#1789 = VECTOR('',#1790,1.);
#1790 = DIRECTION('',(0.,-1.));
#1791 = ( GEOMETRIC_REPRESENTATION_CONTEXT(2) 
PARAMETRIC_REPRESENTATION_CONTEXT() REPRESENTATION_CONTEXT('2D SPACE',''
  ) );
#1792 = ORIENTED_EDGE('',*,*,#426,.F.);
#1793 = ADVANCED_FACE('',(#1794),#414,.F.);
#1794 = FACE_BOUND('',#1795,.F.);
#1795 = EDGE_LOOP('',(#1796,#1797,#1825,#1844));
#1796 = ORIENTED_EDGE('',*,*,#1772,.T.);
#1797 = ORIENTED_EDGE('',*,*,#1798,.T.);
#1798 = EDGE_CURVE('',#1745,#1799,#1801,.T.);
#1799 = VERTEX_POINT('',#1800);
#1800 = CARTESIAN_POINT('',(41.40440890611,-20.1,6.));
#1801 = SURFACE_CURVE('',#1802,(#1806,#1813),.PCURVE_S1.);
#1802 = LINE('',#1803,#1804);
#1803 = CARTESIAN_POINT('',(46.2,-20.1,6.));
#1804 = VECTOR('',#1805,1.);
#1805 = DIRECTION('',(-1.,0.,0.));
#1806 = PCURVE('',#414,#1807);
#1807 = DEFINITIONAL_REPRESENTATION('',(#1808),#1812);
#1808 = LINE('',#1809,#1810);
#1809 = CARTESIAN_POINT('',(0.,-2.));
#1810 = VECTOR('',#1811,1.);
#1811 = DIRECTION('',(1.,0.));
#1812 = ( GEOMETRIC_REPRESENTATION_CONTEXT(2) 
PARAMETRIC_REPRESENTATION_CONTEXT() REPRESENTATION_CONTEXT('2D SPACE',''
  ) );
#1813 = PCURVE('',#1814,#1819);
#1814 = CYLINDRICAL_SURFACE('',#1815,3.);
#1815 = AXIS2_PLACEMENT_3D('',#1816,#1817,#1818);
#1816 = CARTESIAN_POINT('',(46.2,-23.1,6.));
#1817 = DIRECTION('',(-1.,0.,0.));
#1818 = DIRECTION('',(0.,1.,-0.));
#1819 = DEFINITIONAL_REPRESENTATION('',(#1820),#1824);
#1820 = LINE('',#1821,#1822);
#1821 = CARTESIAN_POINT('',(-0.,0.));
#1822 = VECTOR('',#1823,1.);
#1823 = DIRECTION('',(-0.,1.));
#1824 = ( GEOMETRIC_REPRESENTATION_CONTEXT(2) 
PARAMETRIC_REPRESENTATION_CONTEXT() REPRESENTATION_CONTEXT('2D SPACE',''
  ) );
#1825 = ORIENTED_EDGE('',*,*,#1826,.T.);
#1826 = EDGE_CURVE('',#1799,#371,#1827,.T.);
#1827 = SURFACE_CURVE('',#1828,(#1832,#1838),.PCURVE_S1.);
#1828 = LINE('',#1829,#1830);
#1829 = CARTESIAN_POINT('',(41.40440890611,-20.1,-100.));
#1830 = VECTOR('',#1831,1.);
#1831 = DIRECTION('',(-0.,-0.,-1.));
#1832 = PCURVE('',#414,#1833);
#1833 = DEFINITIONAL_REPRESENTATION('',(#1834),#1837);
#1834 = B_SPLINE_CURVE_WITH_KNOTS('',1,(#1835,#1836),.UNSPECIFIED.,.F.,
  .F.,(2,2),(-106.2,-103.8),.PIECEWISE_BEZIER_KNOTS.);
#1835 = CARTESIAN_POINT('',(4.79559109389,-2.2));
#1836 = CARTESIAN_POINT('',(4.79559109389,0.2));
#1837 = ( GEOMETRIC_REPRESENTATION_CONTEXT(2) 
PARAMETRIC_REPRESENTATION_CONTEXT() REPRESENTATION_CONTEXT('2D SPACE',''
  ) );
#1838 = PCURVE('',#358,#1839);
#1839 = DEFINITIONAL_REPRESENTATION('',(#1840),#1843);
#1840 = B_SPLINE_CURVE_WITH_KNOTS('',1,(#1841,#1842),.UNSPECIFIED.,.F.,
  .F.,(2,2),(-106.2,-103.8),.PIECEWISE_BEZIER_KNOTS.);
#1841 = CARTESIAN_POINT('',(-5.730470194083,-106.2));
#1842 = CARTESIAN_POINT('',(-5.730470194083,-103.8));
#1843 = ( GEOMETRIC_REPRESENTATION_CONTEXT(2) 
PARAMETRIC_REPRESENTATION_CONTEXT() REPRESENTATION_CONTEXT('2D SPACE',''
  ) );
#1844 = ORIENTED_EDGE('',*,*,#398,.F.);
#1845 = ADVANCED_FACE('',(#1846),#358,.F.);
#1846 = FACE_BOUND('',#1847,.T.);
#1847 = EDGE_LOOP('',(#1848,#1881,#1902,#1903,#1924,#2158,#2159,#2160));
#1848 = ORIENTED_EDGE('',*,*,#1849,.T.);
#1849 = EDGE_CURVE('',#1850,#1850,#1852,.T.);
#1850 = VERTEX_POINT('',#1851);
#1851 = CARTESIAN_POINT('',(42.,-18.,1.52));
#1852 = SURFACE_CURVE('',#1853,(#1858,#1865),.PCURVE_S1.);
#1853 = CIRCLE('',#1854,4.);
#1854 = AXIS2_PLACEMENT_3D('',#1855,#1856,#1857);
#1855 = CARTESIAN_POINT('',(38.,-18.,1.52));
#1856 = DIRECTION('',(0.,0.,-1.));
#1857 = DIRECTION('',(1.,0.,0.));
#1858 = PCURVE('',#358,#1859);
#1859 = DEFINITIONAL_REPRESENTATION('',(#1860),#1864);
#1860 = LINE('',#1861,#1862);
#1861 = CARTESIAN_POINT('',(-6.28318530718,-101.52));
#1862 = VECTOR('',#1863,1.);
#1863 = DIRECTION('',(1.,-0.));
#1864 = ( GEOMETRIC_REPRESENTATION_CONTEXT(2) 
PARAMETRIC_REPRESENTATION_CONTEXT() REPRESENTATION_CONTEXT('2D SPACE',''
  ) );
#1865 = PCURVE('',#1866,#1871);
#1866 = PLANE('',#1867);
#1867 = AXIS2_PLACEMENT_3D('',#1868,#1869,#1870);
#1868 = CARTESIAN_POINT('',(-47.8,-31.2,1.52));
#1869 = DIRECTION('',(0.,0.,1.));
#1870 = DIRECTION('',(1.,0.,0.));
#1871 = DEFINITIONAL_REPRESENTATION('',(#1872),#1880);
#1872 = ( BOUNDED_CURVE() B_SPLINE_CURVE(2,(#1873,#1874,#1875,#1876,
#1877,#1878,#1879),.UNSPECIFIED.,.T.,.F.) B_SPLINE_CURVE_WITH_KNOTS((1,2
    ,2,2,2,1),(-2.094395102393,0.,2.094395102393,4.188790204786,
6.28318530718,8.377580409573),.UNSPECIFIED.) CURVE() 
GEOMETRIC_REPRESENTATION_ITEM() RATIONAL_B_SPLINE_CURVE((1.,0.5,1.,0.5,
1.,0.5,1.)) REPRESENTATION_ITEM('') );
#1873 = CARTESIAN_POINT('',(89.8,13.2));
#1874 = CARTESIAN_POINT('',(89.8,6.271796769724));
#1875 = CARTESIAN_POINT('',(83.8,9.735898384862));
#1876 = CARTESIAN_POINT('',(77.8,13.2));
#1877 = CARTESIAN_POINT('',(83.8,16.664101615138));
#1878 = CARTESIAN_POINT('',(89.8,20.128203230276));
#1879 = CARTESIAN_POINT('',(89.8,13.2));
#1880 = ( GEOMETRIC_REPRESENTATION_CONTEXT(2) 
PARAMETRIC_REPRESENTATION_CONTEXT() REPRESENTATION_CONTEXT('2D SPACE',''
  ) );
#1881 = ORIENTED_EDGE('',*,*,#1882,.T.);
#1882 = EDGE_CURVE('',#1850,#338,#1883,.T.);
#1883 = SEAM_CURVE('',#1884,(#1888,#1895),.PCURVE_S1.);
#1884 = LINE('',#1885,#1886);
#1885 = CARTESIAN_POINT('',(42.,-18.,-100.));
#1886 = VECTOR('',#1887,1.);
#1887 = DIRECTION('',(0.,0.,1.));
#1888 = PCURVE('',#358,#1889);
#1889 = DEFINITIONAL_REPRESENTATION('',(#1890),#1894);
#1890 = LINE('',#1891,#1892);
#1891 = CARTESIAN_POINT('',(-6.28318530718,0.));
#1892 = VECTOR('',#1893,1.);
#1893 = DIRECTION('',(-0.,-1.));
#1894 = ( GEOMETRIC_REPRESENTATION_CONTEXT(2) 
PARAMETRIC_REPRESENTATION_CONTEXT() REPRESENTATION_CONTEXT('2D SPACE',''
  ) );
#1895 = PCURVE('',#358,#1896);
#1896 = DEFINITIONAL_REPRESENTATION('',(#1897),#1901);
#1897 = LINE('',#1898,#1899);
#1898 = CARTESIAN_POINT('',(-0.,0.));
#1899 = VECTOR('',#1900,1.);
#1900 = DIRECTION('',(-0.,-1.));
#1901 = ( GEOMETRIC_REPRESENTATION_CONTEXT(2) 
PARAMETRIC_REPRESENTATION_CONTEXT() REPRESENTATION_CONTEXT('2D SPACE',''
  ) );
#1902 = ORIENTED_EDGE('',*,*,#337,.F.);
#1903 = ORIENTED_EDGE('',*,*,#1904,.F.);
#1904 = EDGE_CURVE('',#1905,#310,#1907,.T.);
#1905 = VERTEX_POINT('',#1906);
#1906 = CARTESIAN_POINT('',(34.59559109389,-20.1,6.));
#1907 = SURFACE_CURVE('',#1908,(#1912,#1918),.PCURVE_S1.);
#1908 = LINE('',#1909,#1910);
#1909 = CARTESIAN_POINT('',(34.59559109389,-20.1,-100.));
#1910 = VECTOR('',#1911,1.);
#1911 = DIRECTION('',(-0.,-0.,-1.));
#1912 = PCURVE('',#358,#1913);
#1913 = DEFINITIONAL_REPRESENTATION('',(#1914),#1917);
#1914 = B_SPLINE_CURVE_WITH_KNOTS('',1,(#1915,#1916),.UNSPECIFIED.,.F.,
  .F.,(2,2),(-106.2,-103.8),.PIECEWISE_BEZIER_KNOTS.);
#1915 = CARTESIAN_POINT('',(-3.694307766687,-106.2));
#1916 = CARTESIAN_POINT('',(-3.694307766687,-103.8));
#1917 = ( GEOMETRIC_REPRESENTATION_CONTEXT(2) 
PARAMETRIC_REPRESENTATION_CONTEXT() REPRESENTATION_CONTEXT('2D SPACE',''
  ) );
#1918 = PCURVE('',#325,#1919);
#1919 = DEFINITIONAL_REPRESENTATION('',(#1920),#1923);
#1920 = B_SPLINE_CURVE_WITH_KNOTS('',1,(#1921,#1922),.UNSPECIFIED.,.F.,
  .F.,(2,2),(-106.2,-103.8),.PIECEWISE_BEZIER_KNOTS.);
#1921 = CARTESIAN_POINT('',(11.60440890611,-2.2));
#1922 = CARTESIAN_POINT('',(11.60440890611,0.2));
#1923 = ( GEOMETRIC_REPRESENTATION_CONTEXT(2) 
PARAMETRIC_REPRESENTATION_CONTEXT() REPRESENTATION_CONTEXT('2D SPACE',''
  ) );
#1924 = ORIENTED_EDGE('',*,*,#1925,.T.);
#1925 = EDGE_CURVE('',#1905,#1799,#1926,.T.);
#1926 = SURFACE_CURVE('',#1927,(#2002,#2080),.PCURVE_S1.);
#1927 = B_SPLINE_CURVE_WITH_KNOTS('',7,(#1928,#1929,#1930,#1931,#1932,
    #1933,#1934,#1935,#1936,#1937,#1938,#1939,#1940,#1941,#1942,#1943,
    #1944,#1945,#1946,#1947,#1948,#1949,#1950,#1951,#1952,#1953,#1954,
    #1955,#1956,#1957,#1958,#1959,#1960,#1961,#1962,#1963,#1964,#1965,
    #1966,#1967,#1968,#1969,#1970,#1971,#1972,#1973,#1974,#1975,#1976,
    #1977,#1978,#1979,#1980,#1981,#1982,#1983,#1984,#1985,#1986,#1987,
    #1988,#1989,#1990,#1991,#1992,#1993,#1994,#1995,#1996,#1997,#1998,
    #1999,#2000,#2001),.UNSPECIFIED.,.F.,.F.,(8,6,6,6,6,6,6,6,6,6,6,6,8)
  ,(0.,0.118426510397,0.206075722559,0.276288088916,0.31801071064,
    0.366546449475,0.499975872143,0.633641554686,0.681941637642,
    0.723340122074,0.794715328061,0.850579253978,1.),.UNSPECIFIED.);
#1928 = CARTESIAN_POINT('',(34.59559109389,-20.1,6.));
#1929 = CARTESIAN_POINT('',(34.59559109389,-20.1,6.180020057854));
#1930 = CARTESIAN_POINT('',(34.603365322033,-20.11260266372,
    6.360346430757));
#1931 = CARTESIAN_POINT('',(34.618960210839,-20.13788595517,
    6.539768900675));
#1932 = CARTESIAN_POINT('',(34.642724052398,-20.17575083551,
    6.717063952121));
#1933 = CARTESIAN_POINT('',(34.675310333688,-20.22592449849,
    6.891012243764));
#1934 = CARTESIAN_POINT('',(34.717693471611,-20.28794224132,
    7.060416564919));
#1935 = CARTESIAN_POINT('',(34.810795661888,-20.41525900948,
    7.345279815769));
#1936 = CARTESIAN_POINT('',(34.8565334425,-20.4755811482,7.463461196295)
  );
#1937 = CARTESIAN_POINT('',(34.908749620401,-20.54151326922,
    7.577501717886));
#1938 = CARTESIAN_POINT('',(34.967737195109,-20.61227313581,
    7.686477559734));
#1939 = CARTESIAN_POINT('',(35.033713299985,-20.68692159868,
    7.78969513028));
#1940 = CARTESIAN_POINT('',(35.106789228493,-20.76442435064,
    7.886679487192));
#1941 = CARTESIAN_POINT('',(35.251145696791,-20.90722485702,
    8.049640100895));
#1942 = CARTESIAN_POINT('',(35.319708272581,-20.97170214335,
    8.117739933144));
#1943 = CARTESIAN_POINT('',(35.392522262034,-21.03653531314,
    8.181309959373));
#1944 = CARTESIAN_POINT('',(35.469403099853,-21.10110576071,
    8.240299560906));
#1945 = CARTESIAN_POINT('',(35.55007120833,-21.16480479564,
    8.294741752581));
#1946 = CARTESIAN_POINT('',(35.63413606331,-21.2270543882,8.344738069702
    ));
#1947 = CARTESIAN_POINT('',(35.772745515491,-21.32314453342,
    8.417603179118));
#1948 = CARTESIAN_POINT('',(35.82545668707,-21.35828362388,
    8.443263042645));
#1949 = CARTESIAN_POINT('',(35.879157273938,-21.39266798023,
    8.467478656694));
#1950 = CARTESIAN_POINT('',(35.933784650406,-21.4262252821,
    8.490305996295));
#1951 = CARTESIAN_POINT('',(35.98926999458,-21.45888860896,
    8.511801135008));
#1952 = CARTESIAN_POINT('',(36.045538216905,-21.49059695429,
    8.532019979556));
#1953 = CARTESIAN_POINT('',(36.168780452548,-21.5570074995,8.57311832165
    ));
#1954 = CARTESIAN_POINT('',(36.236007664629,-21.59135596386,
    8.59356835262));
#1955 = CARTESIAN_POINT('',(36.304113248931,-21.62428270118,
    8.612472072601));
#1956 = CARTESIAN_POINT('',(36.373018952363,-21.6557373178,
    8.629926697836));
#1957 = CARTESIAN_POINT('',(36.4426445977,-21.68567711411,8.646022813942
    ));
#1958 = CARTESIAN_POINT('',(36.51290813653,-21.71406674051,
    8.660844504275));
#1959 = CARTESIAN_POINT('',(36.778410013771,-21.81458418574,
    8.711925844727));
#1960 = CARTESIAN_POINT('',(36.977193935431,-21.87632746291,
    8.740321276991));
#1961 = CARTESIAN_POINT('',(37.179022468704,-21.92580437222,
    8.76141725826));
#1962 = CARTESIAN_POINT('',(37.382985805155,-21.96291564152,
    8.776442055828));
#1963 = CARTESIAN_POINT('',(37.588283820451,-21.98764569999,
    8.786187913393));
#1964 = CARTESIAN_POINT('',(37.79418788626,-22.,8.791057147391));
#1965 = CARTESIAN_POINT('',(38.206176539691,-22.,8.791057147391));
#1966 = CARTESIAN_POINT('',(38.412446062725,-21.98760191368,
    8.786170653265));
#1967 = CARTESIAN_POINT('',(38.618106552692,-21.96278400139,
    8.776390181156));
#1968 = CARTESIAN_POINT('',(38.822425055349,-21.92554078674,
    8.761310545861));
#1969 = CARTESIAN_POINT('',(39.024596514226,-21.87588810198,
    8.740133913583));
#1970 = CARTESIAN_POINT('',(39.223705326237,-21.81392642899,
    8.711623245432));
#1971 = CARTESIAN_POINT('',(39.489147174188,-21.71323568942,
    8.66041046813));
#1972 = CARTESIAN_POINT('',(39.559054357053,-21.68494618865,
    8.645629745783));
#1973 = CARTESIAN_POINT('',(39.628328421192,-21.65512212344,
    8.629585263231));
#1974 = CARTESIAN_POINT('',(39.696888421471,-21.62379846999,
    8.61219407302));
#1975 = CARTESIAN_POINT('',(39.764655263889,-21.59101742491,
    8.593366857557));
#1976 = CARTESIAN_POINT('',(39.831551757137,-21.55682873937,
    8.573007805024));
#1977 = CARTESIAN_POINT('',(39.954029846549,-21.49082948983,
    8.532163790873));
#1978 = CARTESIAN_POINT('',(40.009866106422,-21.45937516072,
    8.512111259996));
#1979 = CARTESIAN_POINT('',(40.064932081454,-21.42698031188,
    8.490802668891));
#1980 = CARTESIAN_POINT('',(40.119154529037,-21.39370440804,
    8.468183359888));
#1981 = CARTESIAN_POINT('',(40.172466258358,-21.35961264182,
    8.444198495285));
#1982 = CARTESIAN_POINT('',(40.224806062463,-21.32477544287,
    8.418793311211));
#1983 = CARTESIAN_POINT('',(40.364586780929,-21.22804951433,
    8.345569616159));
#1984 = CARTESIAN_POINT('',(40.450091682733,-21.16477620003,
    8.294794887615));
#1985 = CARTESIAN_POINT('',(40.532086861339,-21.10000060034,
    8.239425544577));
#1986 = CARTESIAN_POINT('',(40.610161692168,-21.03433053423,
    8.179354888578));
#1987 = CARTESIAN_POINT('',(40.684024121529,-20.96840650089,
    8.11454957049));
#1988 = CARTESIAN_POINT('',(40.753483367696,-20.90287909719,
    8.045065997058));
#1989 = CARTESIAN_POINT('',(40.869267085853,-20.7879093368,
    7.913149017936));
#1990 = CARTESIAN_POINT('',(40.917272901809,-20.73813162977,
    7.852540285994));
#1991 = CARTESIAN_POINT('',(40.96241740361,-20.68935045422,
    7.789324173526));
#1992 = CARTESIAN_POINT('',(41.00469619147,-20.64185785755,
    7.723625224047));
#1993 = CARTESIAN_POINT('',(41.044129793794,-20.59593215772,
    7.655610107037));
#1994 = CARTESIAN_POINT('',(41.080760328934,-20.55182930636,
    7.585488832318));
#1995 = CARTESIAN_POINT('',(41.205288879204,-20.39728846648,
    7.321008197833));
#1996 = CARTESIAN_POINT('',(41.275716415513,-20.30018672592,
    7.116508483097));
#1997 = CARTESIAN_POINT('',(41.328942422033,-20.22069206242,
    6.902219667598));
#1998 = CARTESIAN_POINT('',(41.367208579968,-20.1603059526,
    6.680631720786));
#1999 = CARTESIAN_POINT('',(41.392083020374,-20.11998234131,
    6.454489420605));
#2000 = CARTESIAN_POINT('',(41.40440890611,-20.1,6.226677844032));
#2001 = CARTESIAN_POINT('',(41.40440890611,-20.1,6.));
#2002 = PCURVE('',#358,#2003);
#2003 = DEFINITIONAL_REPRESENTATION('',(#2004),#2079);
#2004 = B_SPLINE_CURVE_WITH_KNOTS('',7,(#2005,#2006,#2007,#2008,#2009,
    #2010,#2011,#2012,#2013,#2014,#2015,#2016,#2017,#2018,#2019,#2020,
    #2021,#2022,#2023,#2024,#2025,#2026,#2027,#2028,#2029,#2030,#2031,
    #2032,#2033,#2034,#2035,#2036,#2037,#2038,#2039,#2040,#2041,#2042,
    #2043,#2044,#2045,#2046,#2047,#2048,#2049,#2050,#2051,#2052,#2053,
    #2054,#2055,#2056,#2057,#2058,#2059,#2060,#2061,#2062,#2063,#2064,
    #2065,#2066,#2067,#2068,#2069,#2070,#2071,#2072,#2073,#2074,#2075,
    #2076,#2077,#2078),.UNSPECIFIED.,.F.,.F.,(8,6,6,6,6,6,6,6,6,6,6,6,8)
  ,(0.,0.118426510397,0.206075722559,0.276288088916,0.31801071064,
    0.366546449475,0.499975872143,0.633641554686,0.681941637642,
    0.723340122074,0.794715328061,0.850579253978,1.),.UNSPECIFIED.);
#2005 = CARTESIAN_POINT('',(-3.694307766687,-106.));
#2006 = CARTESIAN_POINT('',(-3.694307766687,-106.1800200578));
#2007 = CARTESIAN_POINT('',(-3.698009701099,-106.3603464307));
#2008 = CARTESIAN_POINT('',(-3.705436103371,-106.5397689006));
#2009 = CARTESIAN_POINT('',(-3.716611938575,-106.7170639521));
#2010 = CARTESIAN_POINT('',(-3.731564604512,-106.8910122437));
#2011 = CARTESIAN_POINT('',(-3.750334277594,-107.0604165649));
#2012 = CARTESIAN_POINT('',(-3.789765845921,-107.3452798157));
#2013 = CARTESIAN_POINT('',(-3.808688330237,-107.4634611962));
#2014 = CARTESIAN_POINT('',(-3.82970673767,-107.5775017178));
#2015 = CARTESIAN_POINT('',(-3.852722721531,-107.6864775597));
#2016 = CARTESIAN_POINT('',(-3.877609844041,-107.7896951302));
#2017 = CARTESIAN_POINT('',(-3.904223991869,-107.8866794871));
#2018 = CARTESIAN_POINT('',(-3.954987398079,-108.0496401008));
#2019 = CARTESIAN_POINT('',(-3.978509485552,-108.1177399331));
#2020 = CARTESIAN_POINT('',(-4.002868062791,-108.1813099593));
#2021 = CARTESIAN_POINT('',(-4.027948241745,-108.2402995609));
#2022 = CARTESIAN_POINT('',(-4.053625503868,-108.2947417525));
#2023 = CARTESIAN_POINT('',(-4.079763487636,-108.3447380697));
#2024 = CARTESIAN_POINT('',(-4.12192826577,-108.4176031791));
#2025 = CARTESIAN_POINT('',(-4.137763147308,-108.4432630426));
#2026 = CARTESIAN_POINT('',(-4.153700148555,-108.4674786566));
#2027 = CARTESIAN_POINT('',(-4.169722881867,-108.4903059962));
#2028 = CARTESIAN_POINT('',(-4.185814721542,-108.511801135));
#2029 = CARTESIAN_POINT('',(-4.201958681282,-108.5320199795));
#2030 = CARTESIAN_POINT('',(-4.236957796593,-108.5731183216));
#2031 = CARTESIAN_POINT('',(-4.255826722753,-108.5935683526));
#2032 = CARTESIAN_POINT('',(-4.274731246399,-108.6124720726));
#2033 = CARTESIAN_POINT('',(-4.293659304024,-108.6299266978));
#2034 = CARTESIAN_POINT('',(-4.312599382606,-108.6460228139));
#2035 = CARTESIAN_POINT('',(-4.331540309842,-108.6608445042));
#2036 = CARTESIAN_POINT('',(-4.402513457765,-108.7119258447));
#2037 = CARTESIAN_POINT('',(-4.454455368243,-108.7403212769));
#2038 = CARTESIAN_POINT('',(-4.506253919797,-108.7614172582));
#2039 = CARTESIAN_POINT('',(-4.557912728144,-108.7764420558));
#2040 = CARTESIAN_POINT('',(-4.609460026122,-108.7861879133));
#2041 = CARTESIAN_POINT('',(-4.66093595195,-108.7910571473));
#2042 = CARTESIAN_POINT('',(-4.763933115307,-108.7910571473));
#2043 = CARTESIAN_POINT('',(-4.815500404196,-108.7861706532));
#2044 = CARTESIAN_POINT('',(-4.867139508905,-108.7763901811));
#2045 = CARTESIAN_POINT('',(-4.918890668951,-108.7613105458));
#2046 = CARTESIAN_POINT('',(-4.970782126373,-108.7401339135));
#2047 = CARTESIAN_POINT('',(-5.022817291716,-108.7116232454));
#2048 = CARTESIAN_POINT('',(-5.093791758814,-108.6604104681));
#2049 = CARTESIAN_POINT('',(-5.112640776721,-108.6456297457));
#2050 = CARTESIAN_POINT('',(-5.131488788857,-108.6295852632));
#2051 = CARTESIAN_POINT('',(-5.150324750982,-108.612194073));
#2052 = CARTESIAN_POINT('',(-5.169137285603,-108.5933668575));
#2053 = CARTESIAN_POINT('',(-5.187914476956,-108.573007805));
#2054 = CARTESIAN_POINT('',(-5.222696641322,-108.5321637908));
#2055 = CARTESIAN_POINT('',(-5.238715410731,-108.5121112599));
#2056 = CARTESIAN_POINT('',(-5.254682957272,-108.4908026688));
#2057 = CARTESIAN_POINT('',(-5.270582728285,-108.4681833598));
#2058 = CARTESIAN_POINT('',(-5.286398517455,-108.4441984952));
#2059 = CARTESIAN_POINT('',(-5.302114346869,-108.4187933112));
#2060 = CARTESIAN_POINT('',(-5.344610342642,-108.3455696161));
#2061 = CARTESIAN_POINT('',(-5.37118928003,-108.2947948876));
#2062 = CARTESIAN_POINT('',(-5.397292733735,-108.2394255445));
#2063 = CARTESIAN_POINT('',(-5.422777320253,-108.1793548885));
#2064 = CARTESIAN_POINT('',(-5.447512322255,-108.1145495704));
#2065 = CARTESIAN_POINT('',(-5.47137731076,-108.045065997));
#2066 = CARTESIAN_POINT('',(-5.512169401901,-107.9131490179));
#2067 = CARTESIAN_POINT('',(-5.52945400391,-107.8525402859));
#2068 = CARTESIAN_POINT('',(-5.546064948977,-107.7893241735));
#2069 = CARTESIAN_POINT('',(-5.561956286778,-107.723625224));
#2070 = CARTESIAN_POINT('',(-5.577085993738,-107.655610107));
#2071 = CARTESIAN_POINT('',(-5.591417225736,-107.5854888323));
#2072 = CARTESIAN_POINT('',(-5.641034656534,-107.3210081978));
#2073 = CARTESIAN_POINT('',(-5.670984377058,-107.116508483));
#2074 = CARTESIAN_POINT('',(-5.694885053386,-106.9022196675));
#2075 = CARTESIAN_POINT('',(-5.712755928146,-106.6806317207));
#2076 = CARTESIAN_POINT('',(-5.724600691773,-106.4544894206));
#2077 = CARTESIAN_POINT('',(-5.730470194083,-106.226677844));
#2078 = CARTESIAN_POINT('',(-5.730470194083,-106.));
#2079 = ( GEOMETRIC_REPRESENTATION_CONTEXT(2) 
PARAMETRIC_REPRESENTATION_CONTEXT() REPRESENTATION_CONTEXT('2D SPACE',''
  ) );
#2080 = PCURVE('',#1814,#2081);
#2081 = DEFINITIONAL_REPRESENTATION('',(#2082),#2157);
#2082 = B_SPLINE_CURVE_WITH_KNOTS('',7,(#2083,#2084,#2085,#2086,#2087,
    #2088,#2089,#2090,#2091,#2092,#2093,#2094,#2095,#2096,#2097,#2098,
    #2099,#2100,#2101,#2102,#2103,#2104,#2105,#2106,#2107,#2108,#2109,
    #2110,#2111,#2112,#2113,#2114,#2115,#2116,#2117,#2118,#2119,#2120,
    #2121,#2122,#2123,#2124,#2125,#2126,#2127,#2128,#2129,#2130,#2131,
    #2132,#2133,#2134,#2135,#2136,#2137,#2138,#2139,#2140,#2141,#2142,
    #2143,#2144,#2145,#2146,#2147,#2148,#2149,#2150,#2151,#2152,#2153,
    #2154,#2155,#2156),.UNSPECIFIED.,.F.,.F.,(8,6,6,6,6,6,6,6,6,6,6,6,8)
  ,(0.,0.118426510397,0.206075722559,0.276288088916,0.31801071064,
    0.366546449475,0.499975872143,0.633641554686,0.681941637642,
    0.723340122074,0.794715328061,0.850579253978,1.),.UNSPECIFIED.);
#2083 = CARTESIAN_POINT('',(0.,11.60440890611));
#2084 = CARTESIAN_POINT('',(-6.000668595148E-02,11.60440890611));
#2085 = CARTESIAN_POINT('',(-0.120115409417,11.596634677967));
#2086 = CARTESIAN_POINT('',(-0.180276047372,11.581039789161));
#2087 = CARTESIAN_POINT('',(-0.240438260298,11.557275947602));
#2088 = CARTESIAN_POINT('',(-0.300547693617,11.524689666312));
#2089 = CARTESIAN_POINT('',(-0.360536227816,11.482306528389));
#2090 = CARTESIAN_POINT('',(-0.464542975001,11.389204338112));
#2091 = CARTESIAN_POINT('',(-0.50871270995,11.3434665575));
#2092 = CARTESIAN_POINT('',(-0.552526709658,11.291250379599));
#2093 = CARTESIAN_POINT('',(-0.59573691835,11.232262804891));
#2094 = CARTESIAN_POINT('',(-0.638117884249,11.166286700015));
#2095 = CARTESIAN_POINT('',(-0.679457884129,11.093210771507));
#2096 = CARTESIAN_POINT('',(-0.75168295383,10.948854303209));
#2097 = CARTESIAN_POINT('',(-0.782919907023,10.880291727419));
#2098 = CARTESIAN_POINT('',(-0.813154278787,10.807477737966));
#2099 = CARTESIAN_POINT('',(-0.842276981997,10.730596900147));
#2100 = CARTESIAN_POINT('',(-0.870186602153,10.64992879167));
#2101 = CARTESIAN_POINT('',(-0.896790291242,10.56586393669));
#2102 = CARTESIAN_POINT('',(-0.936987914414,10.427254484509));
#2103 = CARTESIAN_POINT('',(-0.951489128255,10.37454331293));
#2104 = CARTESIAN_POINT('',(-0.965504492453,10.320842726062));
#2105 = CARTESIAN_POINT('',(-0.979029974536,10.266215349594));
#2106 = CARTESIAN_POINT('',(-0.992061621054,10.21073000542));
#2107 = CARTESIAN_POINT('',(-1.00459585841,10.154461783095));
#2108 = CARTESIAN_POINT('',(-1.03062881666,10.031219547452));
#2109 = CARTESIAN_POINT('',(-1.043951946362,9.963992335371));
#2110 = CARTESIAN_POINT('',(-1.056605311721,9.895886751069));
#2111 = CARTESIAN_POINT('',(-1.068594251307,9.826981047637));
#2112 = CARTESIAN_POINT('',(-1.079923649598,9.7573554023));
#2113 = CARTESIAN_POINT('',(-1.090598273243,9.68709186347));
#2114 = CARTESIAN_POINT('',(-1.128182342178,9.421589986229));
#2115 = CARTESIAN_POINT('',(-1.150818432979,9.222806064569));
#2116 = CARTESIAN_POINT('',(-1.168740515091,9.020977531296));
#2117 = CARTESIAN_POINT('',(-1.18208621781,8.817014194845));
#2118 = CARTESIAN_POINT('',(-1.190946176796,8.611716179549));
#2119 = CARTESIAN_POINT('',(-1.195372718814,8.40581211374));
#2120 = CARTESIAN_POINT('',(-1.195372718814,7.993823460309));
#2121 = CARTESIAN_POINT('',(-1.190930486437,7.787553937275));
#2122 = CARTESIAN_POINT('',(-1.182039057881,7.581893447308));
#2123 = CARTESIAN_POINT('',(-1.168645727391,7.377574944651));
#2124 = CARTESIAN_POINT('',(-1.15065927631,7.175403485774));
#2125 = CARTESIAN_POINT('',(-1.127941186039,6.976294673763));
#2126 = CARTESIAN_POINT('',(-1.090285769441,6.710852825812));
#2127 = CARTESIAN_POINT('',(-1.079647045452,6.640945642947));
#2128 = CARTESIAN_POINT('',(-1.068359760858,6.571671578808));
#2129 = CARTESIAN_POINT('',(-1.056419227713,6.503111578529));
#2130 = CARTESIAN_POINT('',(-1.043820643411,6.435344736111));
#2131 = CARTESIAN_POINT('',(-1.030558761842,6.368448242863));
#2132 = CARTESIAN_POINT('',(-1.004686995951,6.245970153451));
#2133 = CARTESIAN_POINT('',(-0.992253931585,6.190133893578));
#2134 = CARTESIAN_POINT('',(-0.979331171723,6.135067918546));
#2135 = CARTESIAN_POINT('',(-0.965922170654,6.080845470963));
#2136 = CARTESIAN_POINT('',(-0.952030747822,6.027533741642));
#2137 = CARTESIAN_POINT('',(-0.93766079895,5.975193937537));
#2138 = CARTESIAN_POINT('',(-0.897222073328,5.835413219071));
#2139 = CARTESIAN_POINT('',(-0.870190287831,5.749908317267));
#2140 = CARTESIAN_POINT('',(-0.841808192054,5.667913138661));
#2141 = CARTESIAN_POINT('',(-0.812173455295,5.589838307832));
#2142 = CARTESIAN_POINT('',(-0.781392920783,5.515975878471));
#2143 = CARTESIAN_POINT('',(-0.749581651708,5.446516632304));
#2144 = CARTESIAN_POINT('',(-0.691252951716,5.330732914147));
#2145 = CARTESIAN_POINT('',(-0.665120804642,5.282727098191));
#2146 = CARTESIAN_POINT('',(-0.638524455997,5.23758259639));
#2147 = CARTESIAN_POINT('',(-0.611526370385,5.19530380853));
#2148 = CARTESIAN_POINT('',(-0.584193005861,5.155870206206));
#2149 = CARTESIAN_POINT('',(-0.556595262772,5.119239671066));
#2150 = CARTESIAN_POINT('',(-0.454488087483,4.994711120796));
#2151 = CARTESIAN_POINT('',(-0.379303098476,4.924283584487));
#2152 = CARTESIAN_POINT('',(-0.303590807208,4.871057577967));
#2153 = CARTESIAN_POINT('',(-0.227581483382,4.832791420031));
#2154 = CARTESIAN_POINT('',(-0.151496555245,4.807916979626));
#2155 = CARTESIAN_POINT('',(-7.555928134386E-02,4.79559109389));
#2156 = CARTESIAN_POINT('',(0.,4.79559109389));
#2157 = ( GEOMETRIC_REPRESENTATION_CONTEXT(2) 
PARAMETRIC_REPRESENTATION_CONTEXT() REPRESENTATION_CONTEXT('2D SPACE',''
  ) );
#2158 = ORIENTED_EDGE('',*,*,#1826,.T.);
#2159 = ORIENTED_EDGE('',*,*,#370,.F.);
#2160 = ORIENTED_EDGE('',*,*,#1882,.F.);
#2161 = ADVANCED_FACE('',(#2162),#325,.F.);
#2162 = FACE_BOUND('',#2163,.F.);
#2163 = EDGE_LOOP('',(#2164,#2165,#2188,#2207));
#2164 = ORIENTED_EDGE('',*,*,#1904,.F.);
#2165 = ORIENTED_EDGE('',*,*,#2166,.T.);
#2166 = EDGE_CURVE('',#1905,#2167,#2169,.T.);
#2167 = VERTEX_POINT('',#2168);
#2168 = CARTESIAN_POINT('',(-34.59559109389,-20.1,6.));
#2169 = SURFACE_CURVE('',#2170,(#2174,#2181),.PCURVE_S1.);
#2170 = LINE('',#2171,#2172);
#2171 = CARTESIAN_POINT('',(46.2,-20.1,6.));
#2172 = VECTOR('',#2173,1.);
#2173 = DIRECTION('',(-1.,0.,0.));
#2174 = PCURVE('',#325,#2175);
#2175 = DEFINITIONAL_REPRESENTATION('',(#2176),#2180);
#2176 = LINE('',#2177,#2178);
#2177 = CARTESIAN_POINT('',(0.,-2.));
#2178 = VECTOR('',#2179,1.);
#2179 = DIRECTION('',(1.,0.));
#2180 = ( GEOMETRIC_REPRESENTATION_CONTEXT(2) 
PARAMETRIC_REPRESENTATION_CONTEXT() REPRESENTATION_CONTEXT('2D SPACE',''
  ) );
#2181 = PCURVE('',#1814,#2182);
#2182 = DEFINITIONAL_REPRESENTATION('',(#2183),#2187);
#2183 = LINE('',#2184,#2185);
#2184 = CARTESIAN_POINT('',(-0.,0.));
#2185 = VECTOR('',#2186,1.);
#2186 = DIRECTION('',(-0.,1.));
#2187 = ( GEOMETRIC_REPRESENTATION_CONTEXT(2) 
PARAMETRIC_REPRESENTATION_CONTEXT() REPRESENTATION_CONTEXT('2D SPACE',''
  ) );
#2188 = ORIENTED_EDGE('',*,*,#2189,.T.);
#2189 = EDGE_CURVE('',#2167,#282,#2190,.T.);
#2190 = SURFACE_CURVE('',#2191,(#2195,#2201),.PCURVE_S1.);
#2191 = LINE('',#2192,#2193);
#2192 = CARTESIAN_POINT('',(-34.59559109389,-20.1,-100.));
#2193 = VECTOR('',#2194,1.);
#2194 = DIRECTION('',(-0.,-0.,-1.));
#2195 = PCURVE('',#325,#2196);
#2196 = DEFINITIONAL_REPRESENTATION('',(#2197),#2200);
#2197 = B_SPLINE_CURVE_WITH_KNOTS('',1,(#2198,#2199),.UNSPECIFIED.,.F.,
  .F.,(2,2),(-106.2,-103.8),.PIECEWISE_BEZIER_KNOTS.);
#2198 = CARTESIAN_POINT('',(80.79559109389,-2.2));
#2199 = CARTESIAN_POINT('',(80.79559109389,0.2));
#2200 = ( GEOMETRIC_REPRESENTATION_CONTEXT(2) 
PARAMETRIC_REPRESENTATION_CONTEXT() REPRESENTATION_CONTEXT('2D SPACE',''
  ) );
#2201 = PCURVE('',#269,#2202);
#2202 = DEFINITIONAL_REPRESENTATION('',(#2203),#2206);
#2203 = B_SPLINE_CURVE_WITH_KNOTS('',1,(#2204,#2205),.UNSPECIFIED.,.F.,
  .F.,(2,2),(-106.2,-103.8),.PIECEWISE_BEZIER_KNOTS.);
#2204 = CARTESIAN_POINT('',(-5.730470194083,-106.2));
#2205 = CARTESIAN_POINT('',(-5.730470194083,-103.8));
#2206 = ( GEOMETRIC_REPRESENTATION_CONTEXT(2) 
PARAMETRIC_REPRESENTATION_CONTEXT() REPRESENTATION_CONTEXT('2D SPACE',''
  ) );
#2207 = ORIENTED_EDGE('',*,*,#309,.F.);
#2208 = ADVANCED_FACE('',(#2209),#269,.F.);
#2209 = FACE_BOUND('',#2210,.T.);
#2210 = EDGE_LOOP('',(#2211,#2239,#2260,#2261,#2282,#2516,#2517,#2518));
#2211 = ORIENTED_EDGE('',*,*,#2212,.T.);
#2212 = EDGE_CURVE('',#2213,#2213,#2215,.T.);
#2213 = VERTEX_POINT('',#2214);
#2214 = CARTESIAN_POINT('',(-34.,-18.,1.52));
#2215 = SURFACE_CURVE('',#2216,(#2221,#2228),.PCURVE_S1.);
#2216 = CIRCLE('',#2217,4.);
#2217 = AXIS2_PLACEMENT_3D('',#2218,#2219,#2220);
#2218 = CARTESIAN_POINT('',(-38.,-18.,1.52));
#2219 = DIRECTION('',(0.,0.,-1.));
#2220 = DIRECTION('',(1.,0.,0.));
#2221 = PCURVE('',#269,#2222);
#2222 = DEFINITIONAL_REPRESENTATION('',(#2223),#2227);
#2223 = LINE('',#2224,#2225);
#2224 = CARTESIAN_POINT('',(-6.28318530718,-101.52));
#2225 = VECTOR('',#2226,1.);
#2226 = DIRECTION('',(1.,-0.));
#2227 = ( GEOMETRIC_REPRESENTATION_CONTEXT(2) 
PARAMETRIC_REPRESENTATION_CONTEXT() REPRESENTATION_CONTEXT('2D SPACE',''
  ) );
#2228 = PCURVE('',#1866,#2229);
#2229 = DEFINITIONAL_REPRESENTATION('',(#2230),#2238);
#2230 = ( BOUNDED_CURVE() B_SPLINE_CURVE(2,(#2231,#2232,#2233,#2234,
#2235,#2236,#2237),.UNSPECIFIED.,.T.,.F.) B_SPLINE_CURVE_WITH_KNOTS((1,2
    ,2,2,2,1),(-2.094395102393,0.,2.094395102393,4.188790204786,
6.28318530718,8.377580409573),.UNSPECIFIED.) CURVE() 
GEOMETRIC_REPRESENTATION_ITEM() RATIONAL_B_SPLINE_CURVE((1.,0.5,1.,0.5,
1.,0.5,1.)) REPRESENTATION_ITEM('') );
#2231 = CARTESIAN_POINT('',(13.8,13.2));
#2232 = CARTESIAN_POINT('',(13.8,6.271796769724));
#2233 = CARTESIAN_POINT('',(7.8,9.735898384862));
#2234 = CARTESIAN_POINT('',(1.8,13.2));
#2235 = CARTESIAN_POINT('',(7.8,16.664101615138));
#2236 = CARTESIAN_POINT('',(13.8,20.128203230276));
#2237 = CARTESIAN_POINT('',(13.8,13.2));
#2238 = ( GEOMETRIC_REPRESENTATION_CONTEXT(2) 
PARAMETRIC_REPRESENTATION_CONTEXT() REPRESENTATION_CONTEXT('2D SPACE',''
  ) );
#2239 = ORIENTED_EDGE('',*,*,#2240,.T.);
#2240 = EDGE_CURVE('',#2213,#249,#2241,.T.);
#2241 = SEAM_CURVE('',#2242,(#2246,#2253),.PCURVE_S1.);
#2242 = LINE('',#2243,#2244);
#2243 = CARTESIAN_POINT('',(-34.,-18.,-100.));
#2244 = VECTOR('',#2245,1.);
#2245 = DIRECTION('',(0.,0.,1.));
#2246 = PCURVE('',#269,#2247);
#2247 = DEFINITIONAL_REPRESENTATION('',(#2248),#2252);
#2248 = LINE('',#2249,#2250);
#2249 = CARTESIAN_POINT('',(-6.28318530718,0.));
#2250 = VECTOR('',#2251,1.);
#2251 = DIRECTION('',(-0.,-1.));
#2252 = ( GEOMETRIC_REPRESENTATION_CONTEXT(2) 
PARAMETRIC_REPRESENTATION_CONTEXT() REPRESENTATION_CONTEXT('2D SPACE',''
  ) );
#2253 = PCURVE('',#269,#2254);
#2254 = DEFINITIONAL_REPRESENTATION('',(#2255),#2259);
#2255 = LINE('',#2256,#2257);
#2256 = CARTESIAN_POINT('',(-0.,0.));
#2257 = VECTOR('',#2258,1.);
#2258 = DIRECTION('',(-0.,-1.));
#2259 = ( GEOMETRIC_REPRESENTATION_CONTEXT(2) 
PARAMETRIC_REPRESENTATION_CONTEXT() REPRESENTATION_CONTEXT('2D SPACE',''
  ) );
#2260 = ORIENTED_EDGE('',*,*,#248,.F.);
#2261 = ORIENTED_EDGE('',*,*,#2262,.F.);
#2262 = EDGE_CURVE('',#2263,#221,#2265,.T.);
#2263 = VERTEX_POINT('',#2264);
#2264 = CARTESIAN_POINT('',(-41.40440890611,-20.1,6.));
#2265 = SURFACE_CURVE('',#2266,(#2270,#2276),.PCURVE_S1.);
#2266 = LINE('',#2267,#2268);
#2267 = CARTESIAN_POINT('',(-41.40440890611,-20.1,-100.));
#2268 = VECTOR('',#2269,1.);
#2269 = DIRECTION('',(-0.,-0.,-1.));
#2270 = PCURVE('',#269,#2271);
#2271 = DEFINITIONAL_REPRESENTATION('',(#2272),#2275);
#2272 = B_SPLINE_CURVE_WITH_KNOTS('',1,(#2273,#2274),.UNSPECIFIED.,.F.,
  .F.,(2,2),(-106.2,-103.8),.PIECEWISE_BEZIER_KNOTS.);
#2273 = CARTESIAN_POINT('',(-3.694307766687,-106.2));
#2274 = CARTESIAN_POINT('',(-3.694307766687,-103.8));
#2275 = ( GEOMETRIC_REPRESENTATION_CONTEXT(2) 
PARAMETRIC_REPRESENTATION_CONTEXT() REPRESENTATION_CONTEXT('2D SPACE',''
  ) );
#2276 = PCURVE('',#236,#2277);
#2277 = DEFINITIONAL_REPRESENTATION('',(#2278),#2281);
#2278 = B_SPLINE_CURVE_WITH_KNOTS('',1,(#2279,#2280),.UNSPECIFIED.,.F.,
  .F.,(2,2),(-106.2,-103.8),.PIECEWISE_BEZIER_KNOTS.);
#2279 = CARTESIAN_POINT('',(87.60440890611,-2.2));
#2280 = CARTESIAN_POINT('',(87.60440890611,0.2));
#2281 = ( GEOMETRIC_REPRESENTATION_CONTEXT(2) 
PARAMETRIC_REPRESENTATION_CONTEXT() REPRESENTATION_CONTEXT('2D SPACE',''
  ) );
#2282 = ORIENTED_EDGE('',*,*,#2283,.T.);
#2283 = EDGE_CURVE('',#2263,#2167,#2284,.T.);
#2284 = SURFACE_CURVE('',#2285,(#2360,#2438),.PCURVE_S1.);
#2285 = B_SPLINE_CURVE_WITH_KNOTS('',7,(#2286,#2287,#2288,#2289,#2290,
    #2291,#2292,#2293,#2294,#2295,#2296,#2297,#2298,#2299,#2300,#2301,
    #2302,#2303,#2304,#2305,#2306,#2307,#2308,#2309,#2310,#2311,#2312,
    #2313,#2314,#2315,#2316,#2317,#2318,#2319,#2320,#2321,#2322,#2323,
    #2324,#2325,#2326,#2327,#2328,#2329,#2330,#2331,#2332,#2333,#2334,
    #2335,#2336,#2337,#2338,#2339,#2340,#2341,#2342,#2343,#2344,#2345,
    #2346,#2347,#2348,#2349,#2350,#2351,#2352,#2353,#2354,#2355,#2356,
    #2357,#2358,#2359),.UNSPECIFIED.,.F.,.F.,(8,6,6,6,6,6,6,6,6,6,6,6,8)
  ,(0.,0.118426510526,0.206075722783,0.276288093012,0.318010714739,
    0.366546453577,0.499975876255,0.633641558807,0.681941641766,
    0.723340126203,0.794715328048,0.850579253969,1.),.UNSPECIFIED.);
#2286 = CARTESIAN_POINT('',(-41.40440890611,-20.1,6.));
#2287 = CARTESIAN_POINT('',(-41.40440890611,-20.1,6.180020057854));
#2288 = CARTESIAN_POINT('',(-41.39663467796,-20.11260266372,
    6.360346430757));
#2289 = CARTESIAN_POINT('',(-41.38103978916,-20.13788595517,
    6.539768900675));
#2290 = CARTESIAN_POINT('',(-41.3572759476,-20.17575083551,
    6.717063952121));
#2291 = CARTESIAN_POINT('',(-41.32468966631,-20.22592449849,
    6.891012243764));
#2292 = CARTESIAN_POINT('',(-41.28230652838,-20.28794224132,
    7.060416564919));
#2293 = CARTESIAN_POINT('',(-41.18920433811,-20.41525900948,
    7.345279815769));
#2294 = CARTESIAN_POINT('',(-41.1434665575,-20.4755811482,7.463461196295
    ));
#2295 = CARTESIAN_POINT('',(-41.09125037959,-20.54151326922,
    7.577501717886));
#2296 = CARTESIAN_POINT('',(-41.03226280489,-20.61227313581,
    7.686477559734));
#2297 = CARTESIAN_POINT('',(-40.96628670001,-20.68692159868,
    7.78969513028));
#2298 = CARTESIAN_POINT('',(-40.8932107715,-20.76442435064,
    7.886679487192));
#2299 = CARTESIAN_POINT('',(-40.74885429973,-20.90722486046,
    8.049640104813));
#2300 = CARTESIAN_POINT('',(-40.68029173175,-20.97170213986,
    8.117739929924));
#2301 = CARTESIAN_POINT('',(-40.60747774083,-21.03653531033,
    8.181309956225));
#2302 = CARTESIAN_POINT('',(-40.53059689627,-21.10110576346,
    8.240299563037));
#2303 = CARTESIAN_POINT('',(-40.44992878751,-21.16480479916,
    8.294741756014));
#2304 = CARTESIAN_POINT('',(-40.36586394147,-21.22705438488,
    8.344738067185));
#2305 = CARTESIAN_POINT('',(-40.2272544845,-21.32314453342,
    8.417603179118));
#2306 = CARTESIAN_POINT('',(-40.17454331293,-21.35828362388,
    8.443263042645));
#2307 = CARTESIAN_POINT('',(-40.12084272606,-21.39266798023,
    8.467478656694));
#2308 = CARTESIAN_POINT('',(-40.06621534959,-21.4262252821,
    8.490305996295));
#2309 = CARTESIAN_POINT('',(-40.01073000542,-21.45888860896,
    8.511801135008));
#2310 = CARTESIAN_POINT('',(-39.95446178309,-21.49059695429,
    8.532019979556));
#2311 = CARTESIAN_POINT('',(-39.83121954745,-21.5570074995,8.57311832165
    ));
#2312 = CARTESIAN_POINT('',(-39.76399233537,-21.59135596386,
    8.59356835262));
#2313 = CARTESIAN_POINT('',(-39.69588675106,-21.62428270118,
    8.612472072601));
#2314 = CARTESIAN_POINT('',(-39.62698104763,-21.6557373178,
    8.629926697836));
#2315 = CARTESIAN_POINT('',(-39.5573554023,-21.68567711411,
    8.646022813942));
#2316 = CARTESIAN_POINT('',(-39.48709186347,-21.71406674051,
    8.660844504275));
#2317 = CARTESIAN_POINT('',(-39.22158998622,-21.81458418574,
    8.711925844727));
#2318 = CARTESIAN_POINT('',(-39.02280606456,-21.87632746291,
    8.740321276991));
#2319 = CARTESIAN_POINT('',(-38.82097753129,-21.92580437222,
    8.76141725826));
#2320 = CARTESIAN_POINT('',(-38.61701419484,-21.96291564152,
    8.776442055828));
#2321 = CARTESIAN_POINT('',(-38.41171617954,-21.98764569999,
    8.786187913393));
#2322 = CARTESIAN_POINT('',(-38.20581211374,-22.,8.791057147391));
#2323 = CARTESIAN_POINT('',(-37.7938234603,-22.,8.791057147391));
#2324 = CARTESIAN_POINT('',(-37.58755393727,-21.98760191368,
    8.786170653265));
#2325 = CARTESIAN_POINT('',(-37.3818934473,-21.96278400139,
    8.776390181156));
#2326 = CARTESIAN_POINT('',(-37.17757494465,-21.92554078674,
    8.761310545861));
#2327 = CARTESIAN_POINT('',(-36.97540348577,-21.87588810198,
    8.740133913583));
#2328 = CARTESIAN_POINT('',(-36.77629467376,-21.81392642899,
    8.711623245432));
#2329 = CARTESIAN_POINT('',(-36.51085282581,-21.71323568943,
    8.66041046813));
#2330 = CARTESIAN_POINT('',(-36.44094564294,-21.68494618865,
    8.645629745783));
#2331 = CARTESIAN_POINT('',(-36.3716715788,-21.65512212344,
    8.629585263231));
#2332 = CARTESIAN_POINT('',(-36.30311157852,-21.62379846999,
    8.61219407302));
#2333 = CARTESIAN_POINT('',(-36.23534473611,-21.59101742491,
    8.593366857557));
#2334 = CARTESIAN_POINT('',(-36.16844824286,-21.55682873938,
    8.573007805024));
#2335 = CARTESIAN_POINT('',(-36.04597015344,-21.49082948982,
    8.532163790872));
#2336 = CARTESIAN_POINT('',(-35.99013389357,-21.45937516072,
    8.512111259995));
#2337 = CARTESIAN_POINT('',(-35.93506791854,-21.42698031188,
    8.490802668892));
#2338 = CARTESIAN_POINT('',(-35.88084547096,-21.39370440804,
    8.468183359889));
#2339 = CARTESIAN_POINT('',(-35.82753374164,-21.35961264182,
    8.444198495285));
#2340 = CARTESIAN_POINT('',(-35.77519393753,-21.32477544287,
    8.41879331121));
#2341 = CARTESIAN_POINT('',(-35.63541322422,-21.22804951789,
    8.345569618856));
#2342 = CARTESIAN_POINT('',(-35.54990831276,-21.16477619623,
    8.29479488389));
#2343 = CARTESIAN_POINT('',(-35.46791313449,-21.1000005974,
    8.239425542308));
#2344 = CARTESIAN_POINT('',(-35.38983831097,-21.03433053731,
    8.179354892041));
#2345 = CARTESIAN_POINT('',(-35.31597588316,-20.96840650468,
    8.114549573988));
#2346 = CARTESIAN_POINT('',(-35.24651662853,-20.90287909344,
    8.04506599276));
#2347 = CARTESIAN_POINT('',(-35.13073291414,-20.7879093368,
    7.913149017937));
#2348 = CARTESIAN_POINT('',(-35.08272709819,-20.73813162977,
    7.852540285994));
#2349 = CARTESIAN_POINT('',(-35.03758259639,-20.68935045422,
    7.789324173526));
#2350 = CARTESIAN_POINT('',(-34.99530380853,-20.64185785755,
    7.723625224048));
#2351 = CARTESIAN_POINT('',(-34.9558702062,-20.59593215772,
    7.655610107038));
#2352 = CARTESIAN_POINT('',(-34.91923967106,-20.55182930636,
    7.585488832318));
#2353 = CARTESIAN_POINT('',(-34.79471112079,-20.39728846648,
    7.321008197833));
#2354 = CARTESIAN_POINT('',(-34.72428358448,-20.30018672592,
    7.116508483098));
#2355 = CARTESIAN_POINT('',(-34.67105757796,-20.22069206242,
    6.902219667596));
#2356 = CARTESIAN_POINT('',(-34.63279142003,-20.1603059526,
    6.680631720788));
#2357 = CARTESIAN_POINT('',(-34.60791697962,-20.11998234131,
    6.454489420604));
#2358 = CARTESIAN_POINT('',(-34.59559109389,-20.1,6.226677844032));
#2359 = CARTESIAN_POINT('',(-34.59559109389,-20.1,6.));
#2360 = PCURVE('',#269,#2361);
#2361 = DEFINITIONAL_REPRESENTATION('',(#2362),#2437);
#2362 = B_SPLINE_CURVE_WITH_KNOTS('',7,(#2363,#2364,#2365,#2366,#2367,
    #2368,#2369,#2370,#2371,#2372,#2373,#2374,#2375,#2376,#2377,#2378,
    #2379,#2380,#2381,#2382,#2383,#2384,#2385,#2386,#2387,#2388,#2389,
    #2390,#2391,#2392,#2393,#2394,#2395,#2396,#2397,#2398,#2399,#2400,
    #2401,#2402,#2403,#2404,#2405,#2406,#2407,#2408,#2409,#2410,#2411,
    #2412,#2413,#2414,#2415,#2416,#2417,#2418,#2419,#2420,#2421,#2422,
    #2423,#2424,#2425,#2426,#2427,#2428,#2429,#2430,#2431,#2432,#2433,
    #2434,#2435,#2436),.UNSPECIFIED.,.F.,.F.,(8,6,6,6,6,6,6,6,6,6,6,6,8)
  ,(0.,0.118426510526,0.206075722783,0.276288093012,0.318010714739,
    0.366546453577,0.499975876255,0.633641558807,0.681941641766,
    0.723340126203,0.794715328048,0.850579253969,1.),.UNSPECIFIED.);
#2363 = CARTESIAN_POINT('',(-3.694307766687,-106.));
#2364 = CARTESIAN_POINT('',(-3.694307766687,-106.1800200578));
#2365 = CARTESIAN_POINT('',(-3.698009701099,-106.3603464307));
#2366 = CARTESIAN_POINT('',(-3.705436103371,-106.5397689006));
#2367 = CARTESIAN_POINT('',(-3.716611938575,-106.7170639521));
#2368 = CARTESIAN_POINT('',(-3.731564604512,-106.8910122437));
#2369 = CARTESIAN_POINT('',(-3.750334277594,-107.0604165649));
#2370 = CARTESIAN_POINT('',(-3.789765845921,-107.3452798157));
#2371 = CARTESIAN_POINT('',(-3.808688330237,-107.4634611962));
#2372 = CARTESIAN_POINT('',(-3.82970673767,-107.5775017178));
#2373 = CARTESIAN_POINT('',(-3.852722721531,-107.6864775597));
#2374 = CARTESIAN_POINT('',(-3.877609844041,-107.7896951302));
#2375 = CARTESIAN_POINT('',(-3.904223991869,-107.8866794871));
#2376 = CARTESIAN_POINT('',(-3.9549873993,-108.0496401048));
#2377 = CARTESIAN_POINT('',(-3.978509484158,-108.1177399299));
#2378 = CARTESIAN_POINT('',(-4.002868061787,-108.1813099562));
#2379 = CARTESIAN_POINT('',(-4.027948242933,-108.240299563));
#2380 = CARTESIAN_POINT('',(-4.053625505234,-108.294741756));
#2381 = CARTESIAN_POINT('',(-4.079763486179,-108.3447380671));
#2382 = CARTESIAN_POINT('',(-4.12192826577,-108.4176031791));
#2383 = CARTESIAN_POINT('',(-4.137763147308,-108.4432630426));
#2384 = CARTESIAN_POINT('',(-4.153700148555,-108.4674786566));
#2385 = CARTESIAN_POINT('',(-4.169722881867,-108.4903059962));
#2386 = CARTESIAN_POINT('',(-4.185814721542,-108.511801135));
#2387 = CARTESIAN_POINT('',(-4.201958681282,-108.5320199795));
#2388 = CARTESIAN_POINT('',(-4.236957796593,-108.5731183216));
#2389 = CARTESIAN_POINT('',(-4.255826722753,-108.5935683526));
#2390 = CARTESIAN_POINT('',(-4.274731246399,-108.6124720726));
#2391 = CARTESIAN_POINT('',(-4.293659304024,-108.6299266978));
#2392 = CARTESIAN_POINT('',(-4.312599382606,-108.6460228139));
#2393 = CARTESIAN_POINT('',(-4.331540309842,-108.6608445042));
#2394 = CARTESIAN_POINT('',(-4.402513457765,-108.7119258447));
#2395 = CARTESIAN_POINT('',(-4.454455368243,-108.7403212769));
#2396 = CARTESIAN_POINT('',(-4.506253919797,-108.7614172582));
#2397 = CARTESIAN_POINT('',(-4.557912728144,-108.7764420558));
#2398 = CARTESIAN_POINT('',(-4.609460026122,-108.7861879133));
#2399 = CARTESIAN_POINT('',(-4.66093595195,-108.7910571473));
#2400 = CARTESIAN_POINT('',(-4.763933115307,-108.7910571473));
#2401 = CARTESIAN_POINT('',(-4.815500404196,-108.7861706532));
#2402 = CARTESIAN_POINT('',(-4.867139508905,-108.7763901811));
#2403 = CARTESIAN_POINT('',(-4.918890668951,-108.7613105458));
#2404 = CARTESIAN_POINT('',(-4.970782126373,-108.7401339135));
#2405 = CARTESIAN_POINT('',(-5.022817291716,-108.7116232454));
#2406 = CARTESIAN_POINT('',(-5.093791758814,-108.6604104681));
#2407 = CARTESIAN_POINT('',(-5.112640776721,-108.6456297457));
#2408 = CARTESIAN_POINT('',(-5.131488788857,-108.6295852632));
#2409 = CARTESIAN_POINT('',(-5.150324750982,-108.612194073));
#2410 = CARTESIAN_POINT('',(-5.169137285603,-108.5933668575));
#2411 = CARTESIAN_POINT('',(-5.187914476956,-108.573007805));
#2412 = CARTESIAN_POINT('',(-5.222696641323,-108.5321637908));
#2413 = CARTESIAN_POINT('',(-5.238715410731,-108.5121112599));
#2414 = CARTESIAN_POINT('',(-5.254682957271,-108.4908026688));
#2415 = CARTESIAN_POINT('',(-5.270582728285,-108.4681833598));
#2416 = CARTESIAN_POINT('',(-5.286398517456,-108.4441984952));
#2417 = CARTESIAN_POINT('',(-5.30211434687,-108.4187933112));
#2418 = CARTESIAN_POINT('',(-5.344610341076,-108.3455696188));
#2419 = CARTESIAN_POINT('',(-5.371189281508,-108.2947948838));
#2420 = CARTESIAN_POINT('',(-5.39729273501,-108.2394255423));
#2421 = CARTESIAN_POINT('',(-5.422777319155,-108.179354892));
#2422 = CARTESIAN_POINT('',(-5.447512320743,-108.1145495739));
#2423 = CARTESIAN_POINT('',(-5.471377312089,-108.0450659927));
#2424 = CARTESIAN_POINT('',(-5.512169401901,-107.9131490179));
#2425 = CARTESIAN_POINT('',(-5.52945400391,-107.8525402859));
#2426 = CARTESIAN_POINT('',(-5.546064948977,-107.7893241735));
#2427 = CARTESIAN_POINT('',(-5.561956286778,-107.723625224));
#2428 = CARTESIAN_POINT('',(-5.577085993738,-107.655610107));
#2429 = CARTESIAN_POINT('',(-5.591417225736,-107.5854888323));
#2430 = CARTESIAN_POINT('',(-5.641034656534,-107.3210081978));
#2431 = CARTESIAN_POINT('',(-5.670984377058,-107.116508483));
#2432 = CARTESIAN_POINT('',(-5.694885053387,-106.9022196675));
#2433 = CARTESIAN_POINT('',(-5.712755928145,-106.6806317207));
#2434 = CARTESIAN_POINT('',(-5.724600691773,-106.4544894206));
#2435 = CARTESIAN_POINT('',(-5.730470194083,-106.226677844));
#2436 = CARTESIAN_POINT('',(-5.730470194083,-106.));
#2437 = ( GEOMETRIC_REPRESENTATION_CONTEXT(2) 
PARAMETRIC_REPRESENTATION_CONTEXT() REPRESENTATION_CONTEXT('2D SPACE',''
  ) );
#2438 = PCURVE('',#1814,#2439);
#2439 = DEFINITIONAL_REPRESENTATION('',(#2440),#2515);
#2440 = B_SPLINE_CURVE_WITH_KNOTS('',7,(#2441,#2442,#2443,#2444,#2445,
    #2446,#2447,#2448,#2449,#2450,#2451,#2452,#2453,#2454,#2455,#2456,
    #2457,#2458,#2459,#2460,#2461,#2462,#2463,#2464,#2465,#2466,#2467,
    #2468,#2469,#2470,#2471,#2472,#2473,#2474,#2475,#2476,#2477,#2478,
    #2479,#2480,#2481,#2482,#2483,#2484,#2485,#2486,#2487,#2488,#2489,
    #2490,#2491,#2492,#2493,#2494,#2495,#2496,#2497,#2498,#2499,#2500,
    #2501,#2502,#2503,#2504,#2505,#2506,#2507,#2508,#2509,#2510,#2511,
    #2512,#2513,#2514),.UNSPECIFIED.,.F.,.F.,(8,6,6,6,6,6,6,6,6,6,6,6,8)
  ,(0.,0.118426510526,0.206075722783,0.276288093012,0.318010714739,
    0.366546453577,0.499975876255,0.633641558807,0.681941641766,
    0.723340126203,0.794715328048,0.850579253969,1.),.UNSPECIFIED.);
#2441 = CARTESIAN_POINT('',(0.,87.60440890611));
#2442 = CARTESIAN_POINT('',(-6.000668595147E-02,87.60440890611));
#2443 = CARTESIAN_POINT('',(-0.120115409417,87.596634677967));
#2444 = CARTESIAN_POINT('',(-0.180276047372,87.581039789161));
#2445 = CARTESIAN_POINT('',(-0.240438260298,87.557275947602));
#2446 = CARTESIAN_POINT('',(-0.300547693617,87.524689666312));
#2447 = CARTESIAN_POINT('',(-0.360536227816,87.482306528389));
#2448 = CARTESIAN_POINT('',(-0.464542975001,87.389204338112));
#2449 = CARTESIAN_POINT('',(-0.50871270995,87.3434665575));
#2450 = CARTESIAN_POINT('',(-0.552526709658,87.291250379599));
#2451 = CARTESIAN_POINT('',(-0.59573691835,87.232262804891));
#2452 = CARTESIAN_POINT('',(-0.638117884249,87.166286700015));
#2453 = CARTESIAN_POINT('',(-0.679457884129,87.093210771507));
#2454 = CARTESIAN_POINT('',(-0.751682955566,86.948854299738));
#2455 = CARTESIAN_POINT('',(-0.782919905435,86.88029173175));
#2456 = CARTESIAN_POINT('',(-0.813154277381,86.807477740835));
#2457 = CARTESIAN_POINT('',(-0.842276983156,86.73059689627));
#2458 = CARTESIAN_POINT('',(-0.870186603798,86.64992878751));
#2459 = CARTESIAN_POINT('',(-0.896790289854,86.565863941479));
#2460 = CARTESIAN_POINT('',(-0.936987914414,86.427254484509));
#2461 = CARTESIAN_POINT('',(-0.951489128255,86.37454331293));
#2462 = CARTESIAN_POINT('',(-0.965504492453,86.320842726062));
#2463 = CARTESIAN_POINT('',(-0.979029974536,86.266215349594));
#2464 = CARTESIAN_POINT('',(-0.992061621054,86.21073000542));
#2465 = CARTESIAN_POINT('',(-1.00459585841,86.154461783095));
#2466 = CARTESIAN_POINT('',(-1.03062881666,86.031219547452));
#2467 = CARTESIAN_POINT('',(-1.043951946362,85.963992335371));
#2468 = CARTESIAN_POINT('',(-1.056605311721,85.895886751069));
#2469 = CARTESIAN_POINT('',(-1.068594251307,85.826981047637));
#2470 = CARTESIAN_POINT('',(-1.079923649598,85.757355402301));
#2471 = CARTESIAN_POINT('',(-1.090598273243,85.68709186347));
#2472 = CARTESIAN_POINT('',(-1.128182342178,85.421589986229));
#2473 = CARTESIAN_POINT('',(-1.150818432979,85.222806064569));
#2474 = CARTESIAN_POINT('',(-1.168740515091,85.020977531296));
#2475 = CARTESIAN_POINT('',(-1.18208621781,84.817014194845));
#2476 = CARTESIAN_POINT('',(-1.190946176796,84.611716179549));
#2477 = CARTESIAN_POINT('',(-1.195372718814,84.40581211374));
#2478 = CARTESIAN_POINT('',(-1.195372718814,83.993823460309));
#2479 = CARTESIAN_POINT('',(-1.190930486437,83.787553937275));
#2480 = CARTESIAN_POINT('',(-1.182039057881,83.581893447308));
#2481 = CARTESIAN_POINT('',(-1.168645727391,83.377574944651));
#2482 = CARTESIAN_POINT('',(-1.15065927631,83.175403485774));
#2483 = CARTESIAN_POINT('',(-1.127941186039,82.976294673763));
#2484 = CARTESIAN_POINT('',(-1.090285769441,82.710852825812));
#2485 = CARTESIAN_POINT('',(-1.079647045452,82.640945642947));
#2486 = CARTESIAN_POINT('',(-1.068359760858,82.571671578808));
#2487 = CARTESIAN_POINT('',(-1.056419227713,82.503111578529));
#2488 = CARTESIAN_POINT('',(-1.043820643411,82.435344736111));
#2489 = CARTESIAN_POINT('',(-1.030558761842,82.368448242863));
#2490 = CARTESIAN_POINT('',(-1.00468699595,82.245970153448));
#2491 = CARTESIAN_POINT('',(-0.992253931585,82.190133893578));
#2492 = CARTESIAN_POINT('',(-0.979331171723,82.135067918549));
#2493 = CARTESIAN_POINT('',(-0.965922170654,82.080845470966));
#2494 = CARTESIAN_POINT('',(-0.952030747822,82.027533741642));
#2495 = CARTESIAN_POINT('',(-0.937660798949,81.975193937534));
#2496 = CARTESIAN_POINT('',(-0.897222074817,81.83541322422));
#2497 = CARTESIAN_POINT('',(-0.870190286049,81.749908312765));
#2498 = CARTESIAN_POINT('',(-0.841808190817,81.667913134496));
#2499 = CARTESIAN_POINT('',(-0.812173456839,81.589838310971));
#2500 = CARTESIAN_POINT('',(-0.781392922508,81.515975883168));
#2501 = CARTESIAN_POINT('',(-0.749581649807,81.446516628532));
#2502 = CARTESIAN_POINT('',(-0.691252951716,81.330732914147));
#2503 = CARTESIAN_POINT('',(-0.665120804642,81.282727098192));
#2504 = CARTESIAN_POINT('',(-0.638524455997,81.23758259639));
#2505 = CARTESIAN_POINT('',(-0.611526370385,81.19530380853));
#2506 = CARTESIAN_POINT('',(-0.584193005861,81.155870206206));
#2507 = CARTESIAN_POINT('',(-0.556595262772,81.119239671066));
#2508 = CARTESIAN_POINT('',(-0.454488087483,80.994711120796));
#2509 = CARTESIAN_POINT('',(-0.379303098476,80.924283584487));
#2510 = CARTESIAN_POINT('',(-0.303590807208,80.871057577966));
#2511 = CARTESIAN_POINT('',(-0.227581483383,80.832791420032));
#2512 = CARTESIAN_POINT('',(-0.151496555245,80.807916979626));
#2513 = CARTESIAN_POINT('',(-7.555928134394E-02,80.79559109389));
#2514 = CARTESIAN_POINT('',(0.,80.79559109389));
#2515 = ( GEOMETRIC_REPRESENTATION_CONTEXT(2) 
PARAMETRIC_REPRESENTATION_CONTEXT() REPRESENTATION_CONTEXT('2D SPACE',''
  ) );
#2516 = ORIENTED_EDGE('',*,*,#2189,.T.);
#2517 = ORIENTED_EDGE('',*,*,#281,.F.);
#2518 = ORIENTED_EDGE('',*,*,#2240,.F.);
#2519 = ADVANCED_FACE('',(#2520),#236,.F.);
#2520 = FACE_BOUND('',#2521,.F.);
#2521 = EDGE_LOOP('',(#2522,#2523,#2546,#2567));
#2522 = ORIENTED_EDGE('',*,*,#2262,.F.);
#2523 = ORIENTED_EDGE('',*,*,#2524,.T.);
#2524 = EDGE_CURVE('',#2263,#2525,#2527,.T.);
#2525 = VERTEX_POINT('',#2526);
#2526 = CARTESIAN_POINT('',(-52.2,-20.1,6.));
#2527 = SURFACE_CURVE('',#2528,(#2532,#2539),.PCURVE_S1.);
#2528 = LINE('',#2529,#2530);
#2529 = CARTESIAN_POINT('',(46.2,-20.1,6.));
#2530 = VECTOR('',#2531,1.);
#2531 = DIRECTION('',(-1.,0.,0.));
#2532 = PCURVE('',#236,#2533);
#2533 = DEFINITIONAL_REPRESENTATION('',(#2534),#2538);
#2534 = LINE('',#2535,#2536);
#2535 = CARTESIAN_POINT('',(0.,-2.));
#2536 = VECTOR('',#2537,1.);
#2537 = DIRECTION('',(1.,0.));
#2538 = ( GEOMETRIC_REPRESENTATION_CONTEXT(2) 
PARAMETRIC_REPRESENTATION_CONTEXT() REPRESENTATION_CONTEXT('2D SPACE',''
  ) );
#2539 = PCURVE('',#1814,#2540);
#2540 = DEFINITIONAL_REPRESENTATION('',(#2541),#2545);
#2541 = LINE('',#2542,#2543);
#2542 = CARTESIAN_POINT('',(-0.,0.));
#2543 = VECTOR('',#2544,1.);
#2544 = DIRECTION('',(-0.,1.));
#2545 = ( GEOMETRIC_REPRESENTATION_CONTEXT(2) 
PARAMETRIC_REPRESENTATION_CONTEXT() REPRESENTATION_CONTEXT('2D SPACE',''
  ) );
#2546 = ORIENTED_EDGE('',*,*,#2547,.F.);
#2547 = EDGE_CURVE('',#193,#2525,#2548,.T.);
#2548 = SURFACE_CURVE('',#2549,(#2553,#2560),.PCURVE_S1.);
#2549 = LINE('',#2550,#2551);
#2550 = CARTESIAN_POINT('',(-52.2,-20.1,4.));
#2551 = VECTOR('',#2552,1.);
#2552 = DIRECTION('',(0.,0.,1.));
#2553 = PCURVE('',#236,#2554);
#2554 = DEFINITIONAL_REPRESENTATION('',(#2555),#2559);
#2555 = LINE('',#2556,#2557);
#2556 = CARTESIAN_POINT('',(98.4,0.));
#2557 = VECTOR('',#2558,1.);
#2558 = DIRECTION('',(0.,-1.));
#2559 = ( GEOMETRIC_REPRESENTATION_CONTEXT(2) 
PARAMETRIC_REPRESENTATION_CONTEXT() REPRESENTATION_CONTEXT('2D SPACE',''
  ) );
#2560 = PCURVE('',#208,#2561);
#2561 = DEFINITIONAL_REPRESENTATION('',(#2562),#2566);
#2562 = LINE('',#2563,#2564);
#2563 = CARTESIAN_POINT('',(0.,0.));
#2564 = VECTOR('',#2565,1.);
#2565 = DIRECTION('',(0.,-1.));
#2566 = ( GEOMETRIC_REPRESENTATION_CONTEXT(2) 
PARAMETRIC_REPRESENTATION_CONTEXT() REPRESENTATION_CONTEXT('2D SPACE',''
  ) );
#2567 = ORIENTED_EDGE('',*,*,#220,.F.);
#2568 = ADVANCED_FACE('',(#2569),#208,.F.);
#2569 = FACE_BOUND('',#2570,.F.);
#2570 = EDGE_LOOP('',(#2571,#2572,#2598,#2599,#2620));
#2571 = ORIENTED_EDGE('',*,*,#2547,.T.);
#2572 = ORIENTED_EDGE('',*,*,#2573,.T.);
#2573 = EDGE_CURVE('',#2525,#1647,#2574,.T.);
#2574 = SURFACE_CURVE('',#2575,(#2579,#2586),.PCURVE_S1.);
#2575 = LINE('',#2576,#2577);
#2576 = CARTESIAN_POINT('',(-52.2,-20.1,6.));
#2577 = VECTOR('',#2578,1.);
#2578 = DIRECTION('',(0.,-1.,0.));
#2579 = PCURVE('',#208,#2580);
#2580 = DEFINITIONAL_REPRESENTATION('',(#2581),#2585);
#2581 = LINE('',#2582,#2583);
#2582 = CARTESIAN_POINT('',(0.,-2.));
#2583 = VECTOR('',#2584,1.);
#2584 = DIRECTION('',(1.,0.));
#2585 = ( GEOMETRIC_REPRESENTATION_CONTEXT(2) 
PARAMETRIC_REPRESENTATION_CONTEXT() REPRESENTATION_CONTEXT('2D SPACE',''
  ) );
#2586 = PCURVE('',#2587,#2592);
#2587 = CYLINDRICAL_SURFACE('',#2588,3.);
#2588 = AXIS2_PLACEMENT_3D('',#2589,#2590,#2591);
#2589 = CARTESIAN_POINT('',(-49.2,-20.1,6.));
#2590 = DIRECTION('',(0.,-1.,0.));
#2591 = DIRECTION('',(-1.,-0.,0.));
#2592 = DEFINITIONAL_REPRESENTATION('',(#2593),#2597);
#2593 = LINE('',#2594,#2595);
#2594 = CARTESIAN_POINT('',(-0.,0.));
#2595 = VECTOR('',#2596,1.);
#2596 = DIRECTION('',(-0.,1.));
#2597 = ( GEOMETRIC_REPRESENTATION_CONTEXT(2) 
PARAMETRIC_REPRESENTATION_CONTEXT() REPRESENTATION_CONTEXT('2D SPACE',''
  ) );
#2598 = ORIENTED_EDGE('',*,*,#1644,.F.);
#2599 = ORIENTED_EDGE('',*,*,#2600,.F.);
#2600 = EDGE_CURVE('',#167,#1645,#2601,.T.);
#2601 = SURFACE_CURVE('',#2602,(#2606,#2613),.PCURVE_S1.);
#2602 = LINE('',#2603,#2604);
#2603 = CARTESIAN_POINT('',(-52.2,-20.1,4.));
#2604 = VECTOR('',#2605,1.);
#2605 = DIRECTION('',(0.,-1.,0.));
#2606 = PCURVE('',#208,#2607);
#2607 = DEFINITIONAL_REPRESENTATION('',(#2608),#2612);
#2608 = LINE('',#2609,#2610);
#2609 = CARTESIAN_POINT('',(0.,0.));
#2610 = VECTOR('',#2611,1.);
#2611 = DIRECTION('',(1.,0.));
#2612 = ( GEOMETRIC_REPRESENTATION_CONTEXT(2) 
PARAMETRIC_REPRESENTATION_CONTEXT() REPRESENTATION_CONTEXT('2D SPACE',''
  ) );
#2613 = PCURVE('',#1627,#2614);
#2614 = DEFINITIONAL_REPRESENTATION('',(#2615),#2619);
#2615 = LINE('',#2616,#2617);
#2616 = CARTESIAN_POINT('',(-49.2,5.5));
#2617 = VECTOR('',#2618,1.);
#2618 = DIRECTION('',(0.,-1.));
#2619 = ( GEOMETRIC_REPRESENTATION_CONTEXT(2) 
PARAMETRIC_REPRESENTATION_CONTEXT() REPRESENTATION_CONTEXT('2D SPACE',''
  ) );
#2620 = ORIENTED_EDGE('',*,*,#192,.F.);
#2621 = ADVANCED_FACE('',(#2622),#724,.F.);
#2622 = FACE_BOUND('',#2623,.F.);
#2623 = EDGE_LOOP('',(#2624,#2647,#2675,#2696));
#2624 = ORIENTED_EDGE('',*,*,#2625,.T.);
#2625 = EDGE_CURVE('',#707,#2626,#2628,.T.);
#2626 = VERTEX_POINT('',#2627);
#2627 = CARTESIAN_POINT('',(-49.2,-5.5,9.));
#2628 = SURFACE_CURVE('',#2629,(#2633,#2640),.PCURVE_S1.);
#2629 = LINE('',#2630,#2631);
#2630 = CARTESIAN_POINT('',(-49.2,-5.5,4.));
#2631 = VECTOR('',#2632,1.);
#2632 = DIRECTION('',(0.,0.,1.));
#2633 = PCURVE('',#724,#2634);
#2634 = DEFINITIONAL_REPRESENTATION('',(#2635),#2639);
#2635 = LINE('',#2636,#2637);
#2636 = CARTESIAN_POINT('',(0.,0.));
#2637 = VECTOR('',#2638,1.);
#2638 = DIRECTION('',(0.,-1.));
#2639 = ( GEOMETRIC_REPRESENTATION_CONTEXT(2) 
PARAMETRIC_REPRESENTATION_CONTEXT() REPRESENTATION_CONTEXT('2D SPACE',''
  ) );
#2640 = PCURVE('',#752,#2641);
#2641 = DEFINITIONAL_REPRESENTATION('',(#2642),#2646);
#2642 = LINE('',#2643,#2644);
#2643 = CARTESIAN_POINT('',(11.,0.));
#2644 = VECTOR('',#2645,1.);
#2645 = DIRECTION('',(0.,-1.));
#2646 = ( GEOMETRIC_REPRESENTATION_CONTEXT(2) 
PARAMETRIC_REPRESENTATION_CONTEXT() REPRESENTATION_CONTEXT('2D SPACE',''
  ) );
#2647 = ORIENTED_EDGE('',*,*,#2648,.T.);
#2648 = EDGE_CURVE('',#2626,#2649,#2651,.T.);
#2649 = VERTEX_POINT('',#2650);
#2650 = CARTESIAN_POINT('',(49.2,-5.5,9.));
#2651 = SURFACE_CURVE('',#2652,(#2656,#2663),.PCURVE_S1.);
#2652 = LINE('',#2653,#2654);
#2653 = CARTESIAN_POINT('',(-49.2,-5.5,9.));
#2654 = VECTOR('',#2655,1.);
#2655 = DIRECTION('',(1.,0.,0.));
#2656 = PCURVE('',#724,#2657);
#2657 = DEFINITIONAL_REPRESENTATION('',(#2658),#2662);
#2658 = LINE('',#2659,#2660);
#2659 = CARTESIAN_POINT('',(0.,-5.));
#2660 = VECTOR('',#2661,1.);
#2661 = DIRECTION('',(1.,0.));
#2662 = ( GEOMETRIC_REPRESENTATION_CONTEXT(2) 
PARAMETRIC_REPRESENTATION_CONTEXT() REPRESENTATION_CONTEXT('2D SPACE',''
  ) );
#2663 = PCURVE('',#2664,#2669);
#2664 = CYLINDRICAL_SURFACE('',#2665,3.);
#2665 = AXIS2_PLACEMENT_3D('',#2666,#2667,#2668);
#2666 = CARTESIAN_POINT('',(-49.2,-2.5,9.));
#2667 = DIRECTION('',(1.,0.,0.));
#2668 = DIRECTION('',(0.,-1.,-0.));
#2669 = DEFINITIONAL_REPRESENTATION('',(#2670),#2674);
#2670 = LINE('',#2671,#2672);
#2671 = CARTESIAN_POINT('',(-0.,0.));
#2672 = VECTOR('',#2673,1.);
#2673 = DIRECTION('',(-0.,1.));
#2674 = ( GEOMETRIC_REPRESENTATION_CONTEXT(2) 
PARAMETRIC_REPRESENTATION_CONTEXT() REPRESENTATION_CONTEXT('2D SPACE',''
  ) );
#2675 = ORIENTED_EDGE('',*,*,#2676,.F.);
#2676 = EDGE_CURVE('',#709,#2649,#2677,.T.);
#2677 = SURFACE_CURVE('',#2678,(#2682,#2689),.PCURVE_S1.);
#2678 = LINE('',#2679,#2680);
#2679 = CARTESIAN_POINT('',(49.2,-5.5,4.));
#2680 = VECTOR('',#2681,1.);
#2681 = DIRECTION('',(0.,0.,1.));
#2682 = PCURVE('',#724,#2683);
#2683 = DEFINITIONAL_REPRESENTATION('',(#2684),#2688);
#2684 = LINE('',#2685,#2686);
#2685 = CARTESIAN_POINT('',(98.4,0.));
#2686 = VECTOR('',#2687,1.);
#2687 = DIRECTION('',(0.,-1.));
#2688 = ( GEOMETRIC_REPRESENTATION_CONTEXT(2) 
PARAMETRIC_REPRESENTATION_CONTEXT() REPRESENTATION_CONTEXT('2D SPACE',''
  ) );
#2689 = PCURVE('',#806,#2690);
#2690 = DEFINITIONAL_REPRESENTATION('',(#2691),#2695);
#2691 = LINE('',#2692,#2693);
#2692 = CARTESIAN_POINT('',(0.,0.));
#2693 = VECTOR('',#2694,1.);
#2694 = DIRECTION('',(0.,-1.));
#2695 = ( GEOMETRIC_REPRESENTATION_CONTEXT(2) 
PARAMETRIC_REPRESENTATION_CONTEXT() REPRESENTATION_CONTEXT('2D SPACE',''
  ) );
#2696 = ORIENTED_EDGE('',*,*,#706,.F.);
#2697 = ADVANCED_FACE('',(#2698),#752,.F.);
#2698 = FACE_BOUND('',#2699,.F.);
#2699 = EDGE_LOOP('',(#2700,#2723,#2749,#2750));
#2700 = ORIENTED_EDGE('',*,*,#2701,.T.);
#2701 = EDGE_CURVE('',#737,#2702,#2704,.T.);
#2702 = VERTEX_POINT('',#2703);
#2703 = CARTESIAN_POINT('',(-49.2,5.5,9.));
#2704 = SURFACE_CURVE('',#2705,(#2709,#2716),.PCURVE_S1.);
#2705 = LINE('',#2706,#2707);
#2706 = CARTESIAN_POINT('',(-49.2,5.5,4.));
#2707 = VECTOR('',#2708,1.);
#2708 = DIRECTION('',(0.,0.,1.));
#2709 = PCURVE('',#752,#2710);
#2710 = DEFINITIONAL_REPRESENTATION('',(#2711),#2715);
#2711 = LINE('',#2712,#2713);
#2712 = CARTESIAN_POINT('',(0.,0.));
#2713 = VECTOR('',#2714,1.);
#2714 = DIRECTION('',(0.,-1.));
#2715 = ( GEOMETRIC_REPRESENTATION_CONTEXT(2) 
PARAMETRIC_REPRESENTATION_CONTEXT() REPRESENTATION_CONTEXT('2D SPACE',''
  ) );
#2716 = PCURVE('',#780,#2717);
#2717 = DEFINITIONAL_REPRESENTATION('',(#2718),#2722);
#2718 = LINE('',#2719,#2720);
#2719 = CARTESIAN_POINT('',(98.4,0.));
#2720 = VECTOR('',#2721,1.);
#2721 = DIRECTION('',(0.,-1.));
#2722 = ( GEOMETRIC_REPRESENTATION_CONTEXT(2) 
PARAMETRIC_REPRESENTATION_CONTEXT() REPRESENTATION_CONTEXT('2D SPACE',''
  ) );
#2723 = ORIENTED_EDGE('',*,*,#2724,.T.);
#2724 = EDGE_CURVE('',#2702,#2626,#2725,.T.);
#2725 = SURFACE_CURVE('',#2726,(#2730,#2737),.PCURVE_S1.);
#2726 = LINE('',#2727,#2728);
#2727 = CARTESIAN_POINT('',(-49.2,5.5,9.));
#2728 = VECTOR('',#2729,1.);
#2729 = DIRECTION('',(0.,-1.,0.));
#2730 = PCURVE('',#752,#2731);
#2731 = DEFINITIONAL_REPRESENTATION('',(#2732),#2736);
#2732 = LINE('',#2733,#2734);
#2733 = CARTESIAN_POINT('',(0.,-5.));
#2734 = VECTOR('',#2735,1.);
#2735 = DIRECTION('',(1.,0.));
#2736 = ( GEOMETRIC_REPRESENTATION_CONTEXT(2) 
PARAMETRIC_REPRESENTATION_CONTEXT() REPRESENTATION_CONTEXT('2D SPACE',''
  ) );
#2737 = PCURVE('',#2738,#2743);
#2738 = CYLINDRICAL_SURFACE('',#2739,3.);
#2739 = AXIS2_PLACEMENT_3D('',#2740,#2741,#2742);
#2740 = CARTESIAN_POINT('',(-46.2,5.5,9.));
#2741 = DIRECTION('',(0.,-1.,0.));
#2742 = DIRECTION('',(-1.,-0.,0.));
#2743 = DEFINITIONAL_REPRESENTATION('',(#2744),#2748);
#2744 = LINE('',#2745,#2746);
#2745 = CARTESIAN_POINT('',(-0.,0.));
#2746 = VECTOR('',#2747,1.);
#2747 = DIRECTION('',(-0.,1.));
#2748 = ( GEOMETRIC_REPRESENTATION_CONTEXT(2) 
PARAMETRIC_REPRESENTATION_CONTEXT() REPRESENTATION_CONTEXT('2D SPACE',''
  ) );
#2749 = ORIENTED_EDGE('',*,*,#2625,.F.);
#2750 = ORIENTED_EDGE('',*,*,#736,.F.);
#2751 = ADVANCED_FACE('',(#2752),#806,.F.);
#2752 = FACE_BOUND('',#2753,.F.);
#2753 = EDGE_LOOP('',(#2754,#2755,#2783,#2804));
#2754 = ORIENTED_EDGE('',*,*,#2676,.T.);
#2755 = ORIENTED_EDGE('',*,*,#2756,.T.);
#2756 = EDGE_CURVE('',#2649,#2757,#2759,.T.);
#2757 = VERTEX_POINT('',#2758);
#2758 = CARTESIAN_POINT('',(49.2,5.5,9.));
#2759 = SURFACE_CURVE('',#2760,(#2764,#2771),.PCURVE_S1.);
#2760 = LINE('',#2761,#2762);
#2761 = CARTESIAN_POINT('',(49.2,-5.5,9.));
#2762 = VECTOR('',#2763,1.);
#2763 = DIRECTION('',(0.,1.,0.));
#2764 = PCURVE('',#806,#2765);
#2765 = DEFINITIONAL_REPRESENTATION('',(#2766),#2770);
#2766 = LINE('',#2767,#2768);
#2767 = CARTESIAN_POINT('',(0.,-5.));
#2768 = VECTOR('',#2769,1.);
#2769 = DIRECTION('',(1.,0.));
#2770 = ( GEOMETRIC_REPRESENTATION_CONTEXT(2) 
PARAMETRIC_REPRESENTATION_CONTEXT() REPRESENTATION_CONTEXT('2D SPACE',''
  ) );
#2771 = PCURVE('',#2772,#2777);
#2772 = CYLINDRICAL_SURFACE('',#2773,3.);
#2773 = AXIS2_PLACEMENT_3D('',#2774,#2775,#2776);
#2774 = CARTESIAN_POINT('',(46.2,-5.5,9.));
#2775 = DIRECTION('',(0.,1.,0.));
#2776 = DIRECTION('',(1.,0.,-0.));
#2777 = DEFINITIONAL_REPRESENTATION('',(#2778),#2782);
#2778 = LINE('',#2779,#2780);
#2779 = CARTESIAN_POINT('',(-0.,0.));
#2780 = VECTOR('',#2781,1.);
#2781 = DIRECTION('',(-0.,1.));
#2782 = ( GEOMETRIC_REPRESENTATION_CONTEXT(2) 
PARAMETRIC_REPRESENTATION_CONTEXT() REPRESENTATION_CONTEXT('2D SPACE',''
  ) );
#2783 = ORIENTED_EDGE('',*,*,#2784,.F.);
#2784 = EDGE_CURVE('',#765,#2757,#2785,.T.);
#2785 = SURFACE_CURVE('',#2786,(#2790,#2797),.PCURVE_S1.);
#2786 = LINE('',#2787,#2788);
#2787 = CARTESIAN_POINT('',(49.2,5.5,4.));
#2788 = VECTOR('',#2789,1.);
#2789 = DIRECTION('',(0.,0.,1.));
#2790 = PCURVE('',#806,#2791);
#2791 = DEFINITIONAL_REPRESENTATION('',(#2792),#2796);
#2792 = LINE('',#2793,#2794);
#2793 = CARTESIAN_POINT('',(11.,0.));
#2794 = VECTOR('',#2795,1.);
#2795 = DIRECTION('',(0.,-1.));
#2796 = ( GEOMETRIC_REPRESENTATION_CONTEXT(2) 
PARAMETRIC_REPRESENTATION_CONTEXT() REPRESENTATION_CONTEXT('2D SPACE',''
  ) );
#2797 = PCURVE('',#780,#2798);
#2798 = DEFINITIONAL_REPRESENTATION('',(#2799),#2803);
#2799 = LINE('',#2800,#2801);
#2800 = CARTESIAN_POINT('',(0.,-0.));
#2801 = VECTOR('',#2802,1.);
#2802 = DIRECTION('',(0.,-1.));
#2803 = ( GEOMETRIC_REPRESENTATION_CONTEXT(2) 
PARAMETRIC_REPRESENTATION_CONTEXT() REPRESENTATION_CONTEXT('2D SPACE',''
  ) );
#2804 = ORIENTED_EDGE('',*,*,#792,.F.);
#2805 = ADVANCED_FACE('',(#2806),#780,.F.);
#2806 = FACE_BOUND('',#2807,.F.);
#2807 = EDGE_LOOP('',(#2808,#2809,#2835,#2836));
#2808 = ORIENTED_EDGE('',*,*,#2784,.T.);
#2809 = ORIENTED_EDGE('',*,*,#2810,.T.);
#2810 = EDGE_CURVE('',#2757,#2702,#2811,.T.);
#2811 = SURFACE_CURVE('',#2812,(#2816,#2823),.PCURVE_S1.);
#2812 = LINE('',#2813,#2814);
#2813 = CARTESIAN_POINT('',(49.2,5.5,9.));
#2814 = VECTOR('',#2815,1.);
#2815 = DIRECTION('',(-1.,0.,0.));
#2816 = PCURVE('',#780,#2817);
#2817 = DEFINITIONAL_REPRESENTATION('',(#2818),#2822);
#2818 = LINE('',#2819,#2820);
#2819 = CARTESIAN_POINT('',(0.,-5.));
#2820 = VECTOR('',#2821,1.);
#2821 = DIRECTION('',(1.,0.));
#2822 = ( GEOMETRIC_REPRESENTATION_CONTEXT(2) 
PARAMETRIC_REPRESENTATION_CONTEXT() REPRESENTATION_CONTEXT('2D SPACE',''
  ) );
#2823 = PCURVE('',#2824,#2829);
#2824 = CYLINDRICAL_SURFACE('',#2825,3.);
#2825 = AXIS2_PLACEMENT_3D('',#2826,#2827,#2828);
#2826 = CARTESIAN_POINT('',(49.2,2.5,9.));
#2827 = DIRECTION('',(-1.,0.,0.));
#2828 = DIRECTION('',(0.,1.,-0.));
#2829 = DEFINITIONAL_REPRESENTATION('',(#2830),#2834);
#2830 = LINE('',#2831,#2832);
#2831 = CARTESIAN_POINT('',(-0.,0.));
#2832 = VECTOR('',#2833,1.);
#2833 = DIRECTION('',(-0.,1.));
#2834 = ( GEOMETRIC_REPRESENTATION_CONTEXT(2) 
PARAMETRIC_REPRESENTATION_CONTEXT() REPRESENTATION_CONTEXT('2D SPACE',''
  ) );
#2835 = ORIENTED_EDGE('',*,*,#2701,.F.);
#2836 = ORIENTED_EDGE('',*,*,#764,.F.);
#2837 = ADVANCED_FACE('',(#2838),#838,.F.);
#2838 = FACE_BOUND('',#2839,.F.);
#2839 = EDGE_LOOP('',(#2840,#2863,#2891,#2912));
#2840 = ORIENTED_EDGE('',*,*,#2841,.T.);
#2841 = EDGE_CURVE('',#821,#2842,#2844,.T.);
#2842 = VERTEX_POINT('',#2843);
#2843 = CARTESIAN_POINT('',(-46.2,20.1,12.));
#2844 = SURFACE_CURVE('',#2845,(#2849,#2856),.PCURVE_S1.);
#2845 = LINE('',#2846,#2847);
#2846 = CARTESIAN_POINT('',(-46.2,20.1,4.));
#2847 = VECTOR('',#2848,1.);
#2848 = DIRECTION('',(0.,0.,1.));
#2849 = PCURVE('',#838,#2850);
#2850 = DEFINITIONAL_REPRESENTATION('',(#2851),#2855);
#2851 = LINE('',#2852,#2853);
#2852 = CARTESIAN_POINT('',(0.,0.));
#2853 = VECTOR('',#2854,1.);
#2854 = DIRECTION('',(0.,-1.));
#2855 = ( GEOMETRIC_REPRESENTATION_CONTEXT(2) 
PARAMETRIC_REPRESENTATION_CONTEXT() REPRESENTATION_CONTEXT('2D SPACE',''
  ) );
#2856 = PCURVE('',#866,#2857);
#2857 = DEFINITIONAL_REPRESENTATION('',(#2858),#2862);
#2858 = LINE('',#2859,#2860);
#2859 = CARTESIAN_POINT('',(11.,0.));
#2860 = VECTOR('',#2861,1.);
#2861 = DIRECTION('',(0.,-1.));
#2862 = ( GEOMETRIC_REPRESENTATION_CONTEXT(2) 
PARAMETRIC_REPRESENTATION_CONTEXT() REPRESENTATION_CONTEXT('2D SPACE',''
  ) );
#2863 = ORIENTED_EDGE('',*,*,#2864,.T.);
#2864 = EDGE_CURVE('',#2842,#2865,#2867,.T.);
#2865 = VERTEX_POINT('',#2866);
#2866 = CARTESIAN_POINT('',(52.2,20.1,12.));
#2867 = SURFACE_CURVE('',#2868,(#2872,#2879),.PCURVE_S1.);
#2868 = LINE('',#2869,#2870);
#2869 = CARTESIAN_POINT('',(-46.2,20.1,12.));
#2870 = VECTOR('',#2871,1.);
#2871 = DIRECTION('',(1.,0.,0.));
#2872 = PCURVE('',#838,#2873);
#2873 = DEFINITIONAL_REPRESENTATION('',(#2874),#2878);
#2874 = LINE('',#2875,#2876);
#2875 = CARTESIAN_POINT('',(0.,-8.));
#2876 = VECTOR('',#2877,1.);
#2877 = DIRECTION('',(1.,0.));
#2878 = ( GEOMETRIC_REPRESENTATION_CONTEXT(2) 
PARAMETRIC_REPRESENTATION_CONTEXT() REPRESENTATION_CONTEXT('2D SPACE',''
  ) );
#2879 = PCURVE('',#2880,#2885);
#2880 = CYLINDRICAL_SURFACE('',#2881,3.);
#2881 = AXIS2_PLACEMENT_3D('',#2882,#2883,#2884);
#2882 = CARTESIAN_POINT('',(-46.2,23.1,12.));
#2883 = DIRECTION('',(1.,0.,0.));
#2884 = DIRECTION('',(0.,-1.,-0.));
#2885 = DEFINITIONAL_REPRESENTATION('',(#2886),#2890);
#2886 = LINE('',#2887,#2888);
#2887 = CARTESIAN_POINT('',(-0.,0.));
#2888 = VECTOR('',#2889,1.);
#2889 = DIRECTION('',(-0.,1.));
#2890 = ( GEOMETRIC_REPRESENTATION_CONTEXT(2) 
PARAMETRIC_REPRESENTATION_CONTEXT() REPRESENTATION_CONTEXT('2D SPACE',''
  ) );
#2891 = ORIENTED_EDGE('',*,*,#2892,.F.);
#2892 = EDGE_CURVE('',#823,#2865,#2893,.T.);
#2893 = SURFACE_CURVE('',#2894,(#2898,#2905),.PCURVE_S1.);
#2894 = LINE('',#2895,#2896);
#2895 = CARTESIAN_POINT('',(52.2,20.1,4.));
#2896 = VECTOR('',#2897,1.);
#2897 = DIRECTION('',(0.,0.,1.));
#2898 = PCURVE('',#838,#2899);
#2899 = DEFINITIONAL_REPRESENTATION('',(#2900),#2904);
#2900 = LINE('',#2901,#2902);
#2901 = CARTESIAN_POINT('',(98.4,0.));
#2902 = VECTOR('',#2903,1.);
#2903 = DIRECTION('',(0.,-1.));
#2904 = ( GEOMETRIC_REPRESENTATION_CONTEXT(2) 
PARAMETRIC_REPRESENTATION_CONTEXT() REPRESENTATION_CONTEXT('2D SPACE',''
  ) );
#2905 = PCURVE('',#920,#2906);
#2906 = DEFINITIONAL_REPRESENTATION('',(#2907),#2911);
#2907 = LINE('',#2908,#2909);
#2908 = CARTESIAN_POINT('',(0.,0.));
#2909 = VECTOR('',#2910,1.);
#2910 = DIRECTION('',(0.,-1.));
#2911 = ( GEOMETRIC_REPRESENTATION_CONTEXT(2) 
PARAMETRIC_REPRESENTATION_CONTEXT() REPRESENTATION_CONTEXT('2D SPACE',''
  ) );
#2912 = ORIENTED_EDGE('',*,*,#820,.F.);
#2913 = ADVANCED_FACE('',(#2914),#866,.F.);
#2914 = FACE_BOUND('',#2915,.F.);
#2915 = EDGE_LOOP('',(#2916,#2939,#2965,#2966));
#2916 = ORIENTED_EDGE('',*,*,#2917,.T.);
#2917 = EDGE_CURVE('',#851,#2918,#2920,.T.);
#2918 = VERTEX_POINT('',#2919);
#2919 = CARTESIAN_POINT('',(-46.2,31.1,12.));
#2920 = SURFACE_CURVE('',#2921,(#2925,#2932),.PCURVE_S1.);
#2921 = LINE('',#2922,#2923);
#2922 = CARTESIAN_POINT('',(-46.2,31.1,4.));
#2923 = VECTOR('',#2924,1.);
#2924 = DIRECTION('',(0.,0.,1.));
#2925 = PCURVE('',#866,#2926);
#2926 = DEFINITIONAL_REPRESENTATION('',(#2927),#2931);
#2927 = LINE('',#2928,#2929);
#2928 = CARTESIAN_POINT('',(0.,0.));
#2929 = VECTOR('',#2930,1.);
#2930 = DIRECTION('',(0.,-1.));
#2931 = ( GEOMETRIC_REPRESENTATION_CONTEXT(2) 
PARAMETRIC_REPRESENTATION_CONTEXT() REPRESENTATION_CONTEXT('2D SPACE',''
  ) );
#2932 = PCURVE('',#894,#2933);
#2933 = DEFINITIONAL_REPRESENTATION('',(#2934),#2938);
#2934 = LINE('',#2935,#2936);
#2935 = CARTESIAN_POINT('',(98.4,0.));
#2936 = VECTOR('',#2937,1.);
#2937 = DIRECTION('',(0.,-1.));
#2938 = ( GEOMETRIC_REPRESENTATION_CONTEXT(2) 
PARAMETRIC_REPRESENTATION_CONTEXT() REPRESENTATION_CONTEXT('2D SPACE',''
  ) );
#2939 = ORIENTED_EDGE('',*,*,#2940,.T.);
#2940 = EDGE_CURVE('',#2918,#2842,#2941,.T.);
#2941 = SURFACE_CURVE('',#2942,(#2946,#2953),.PCURVE_S1.);
#2942 = LINE('',#2943,#2944);
#2943 = CARTESIAN_POINT('',(-46.2,31.1,12.));
#2944 = VECTOR('',#2945,1.);
#2945 = DIRECTION('',(0.,-1.,0.));
#2946 = PCURVE('',#866,#2947);
#2947 = DEFINITIONAL_REPRESENTATION('',(#2948),#2952);
#2948 = LINE('',#2949,#2950);
#2949 = CARTESIAN_POINT('',(0.,-8.));
#2950 = VECTOR('',#2951,1.);
#2951 = DIRECTION('',(1.,0.));
#2952 = ( GEOMETRIC_REPRESENTATION_CONTEXT(2) 
PARAMETRIC_REPRESENTATION_CONTEXT() REPRESENTATION_CONTEXT('2D SPACE',''
  ) );
#2953 = PCURVE('',#2954,#2959);
#2954 = CYLINDRICAL_SURFACE('',#2955,3.);
#2955 = AXIS2_PLACEMENT_3D('',#2956,#2957,#2958);
#2956 = CARTESIAN_POINT('',(-43.2,31.1,12.));
#2957 = DIRECTION('',(0.,-1.,0.));
#2958 = DIRECTION('',(-1.,-0.,0.));
#2959 = DEFINITIONAL_REPRESENTATION('',(#2960),#2964);
#2960 = LINE('',#2961,#2962);
#2961 = CARTESIAN_POINT('',(-0.,0.));
#2962 = VECTOR('',#2963,1.);
#2963 = DIRECTION('',(-0.,1.));
#2964 = ( GEOMETRIC_REPRESENTATION_CONTEXT(2) 
PARAMETRIC_REPRESENTATION_CONTEXT() REPRESENTATION_CONTEXT('2D SPACE',''
  ) );
#2965 = ORIENTED_EDGE('',*,*,#2841,.F.);
#2966 = ORIENTED_EDGE('',*,*,#850,.F.);
#2967 = ADVANCED_FACE('',(#2968),#920,.F.);
#2968 = FACE_BOUND('',#2969,.F.);
#2969 = EDGE_LOOP('',(#2970,#2971,#2999,#3020));
#2970 = ORIENTED_EDGE('',*,*,#2892,.T.);
#2971 = ORIENTED_EDGE('',*,*,#2972,.T.);
#2972 = EDGE_CURVE('',#2865,#2973,#2975,.T.);
#2973 = VERTEX_POINT('',#2974);
#2974 = CARTESIAN_POINT('',(52.2,31.1,12.));
#2975 = SURFACE_CURVE('',#2976,(#2980,#2987),.PCURVE_S1.);
#2976 = LINE('',#2977,#2978);
#2977 = CARTESIAN_POINT('',(52.2,20.1,12.));
#2978 = VECTOR('',#2979,1.);
#2979 = DIRECTION('',(0.,1.,0.));
#2980 = PCURVE('',#920,#2981);
#2981 = DEFINITIONAL_REPRESENTATION('',(#2982),#2986);
#2982 = LINE('',#2983,#2984);
#2983 = CARTESIAN_POINT('',(0.,-8.));
#2984 = VECTOR('',#2985,1.);
#2985 = DIRECTION('',(1.,0.));
#2986 = ( GEOMETRIC_REPRESENTATION_CONTEXT(2) 
PARAMETRIC_REPRESENTATION_CONTEXT() REPRESENTATION_CONTEXT('2D SPACE',''
  ) );
#2987 = PCURVE('',#2988,#2993);
#2988 = CYLINDRICAL_SURFACE('',#2989,3.);
#2989 = AXIS2_PLACEMENT_3D('',#2990,#2991,#2992);
#2990 = CARTESIAN_POINT('',(49.2,20.1,12.));
#2991 = DIRECTION('',(0.,1.,0.));
#2992 = DIRECTION('',(1.,0.,-0.));
#2993 = DEFINITIONAL_REPRESENTATION('',(#2994),#2998);
#2994 = LINE('',#2995,#2996);
#2995 = CARTESIAN_POINT('',(-0.,0.));
#2996 = VECTOR('',#2997,1.);
#2997 = DIRECTION('',(-0.,1.));
#2998 = ( GEOMETRIC_REPRESENTATION_CONTEXT(2) 
PARAMETRIC_REPRESENTATION_CONTEXT() REPRESENTATION_CONTEXT('2D SPACE',''
  ) );
#2999 = ORIENTED_EDGE('',*,*,#3000,.F.);
#3000 = EDGE_CURVE('',#879,#2973,#3001,.T.);
#3001 = SURFACE_CURVE('',#3002,(#3006,#3013),.PCURVE_S1.);
#3002 = LINE('',#3003,#3004);
#3003 = CARTESIAN_POINT('',(52.2,31.1,4.));
#3004 = VECTOR('',#3005,1.);
#3005 = DIRECTION('',(0.,0.,1.));
#3006 = PCURVE('',#920,#3007);
#3007 = DEFINITIONAL_REPRESENTATION('',(#3008),#3012);
#3008 = LINE('',#3009,#3010);
#3009 = CARTESIAN_POINT('',(11.,0.));
#3010 = VECTOR('',#3011,1.);
#3011 = DIRECTION('',(0.,-1.));
#3012 = ( GEOMETRIC_REPRESENTATION_CONTEXT(2) 
PARAMETRIC_REPRESENTATION_CONTEXT() REPRESENTATION_CONTEXT('2D SPACE',''
  ) );
#3013 = PCURVE('',#894,#3014);
#3014 = DEFINITIONAL_REPRESENTATION('',(#3015),#3019);
#3015 = LINE('',#3016,#3017);
#3016 = CARTESIAN_POINT('',(0.,-0.));
#3017 = VECTOR('',#3018,1.);
#3018 = DIRECTION('',(0.,-1.));
#3019 = ( GEOMETRIC_REPRESENTATION_CONTEXT(2) 
PARAMETRIC_REPRESENTATION_CONTEXT() REPRESENTATION_CONTEXT('2D SPACE',''
  ) );
#3020 = ORIENTED_EDGE('',*,*,#906,.F.);
#3021 = ADVANCED_FACE('',(#3022),#894,.F.);
#3022 = FACE_BOUND('',#3023,.F.);
#3023 = EDGE_LOOP('',(#3024,#3025,#3051,#3052));
#3024 = ORIENTED_EDGE('',*,*,#3000,.T.);
#3025 = ORIENTED_EDGE('',*,*,#3026,.T.);
#3026 = EDGE_CURVE('',#2973,#2918,#3027,.T.);
#3027 = SURFACE_CURVE('',#3028,(#3032,#3039),.PCURVE_S1.);
#3028 = LINE('',#3029,#3030);
#3029 = CARTESIAN_POINT('',(52.2,31.1,12.));
#3030 = VECTOR('',#3031,1.);
#3031 = DIRECTION('',(-1.,0.,0.));
#3032 = PCURVE('',#894,#3033);
#3033 = DEFINITIONAL_REPRESENTATION('',(#3034),#3038);
#3034 = LINE('',#3035,#3036);
#3035 = CARTESIAN_POINT('',(0.,-8.));
#3036 = VECTOR('',#3037,1.);
#3037 = DIRECTION('',(1.,0.));
#3038 = ( GEOMETRIC_REPRESENTATION_CONTEXT(2) 
PARAMETRIC_REPRESENTATION_CONTEXT() REPRESENTATION_CONTEXT('2D SPACE',''
  ) );
#3039 = PCURVE('',#3040,#3045);
#3040 = CYLINDRICAL_SURFACE('',#3041,3.);
#3041 = AXIS2_PLACEMENT_3D('',#3042,#3043,#3044);
#3042 = CARTESIAN_POINT('',(52.2,28.1,12.));
#3043 = DIRECTION('',(-1.,0.,0.));
#3044 = DIRECTION('',(0.,1.,-0.));
#3045 = DEFINITIONAL_REPRESENTATION('',(#3046),#3050);
#3046 = LINE('',#3047,#3048);
#3047 = CARTESIAN_POINT('',(-0.,0.));
#3048 = VECTOR('',#3049,1.);
#3049 = DIRECTION('',(-0.,1.));
#3050 = ( GEOMETRIC_REPRESENTATION_CONTEXT(2) 
PARAMETRIC_REPRESENTATION_CONTEXT() REPRESENTATION_CONTEXT('2D SPACE',''
  ) );
#3051 = ORIENTED_EDGE('',*,*,#2917,.F.);
#3052 = ORIENTED_EDGE('',*,*,#878,.F.);
#3053 = ADVANCED_FACE('',(#3054),#1228,.T.);
#3054 = FACE_BOUND('',#3055,.T.);
#3055 = EDGE_LOOP('',(#3056,#3081,#3102,#3103));
#3056 = ORIENTED_EDGE('',*,*,#3057,.F.);
#3057 = EDGE_CURVE('',#3058,#3060,#3062,.T.);
#3058 = VERTEX_POINT('',#3059);
#3059 = CARTESIAN_POINT('',(-47.8,-27.2,1.52));
#3060 = VERTEX_POINT('',#3061);
#3061 = CARTESIAN_POINT('',(-47.8,35.2,1.52));
#3062 = SURFACE_CURVE('',#3063,(#3067,#3074),.PCURVE_S1.);
#3063 = LINE('',#3064,#3065);
#3064 = CARTESIAN_POINT('',(-47.8,-31.2,1.52));
#3065 = VECTOR('',#3066,1.);
#3066 = DIRECTION('',(0.,1.,0.));
#3067 = PCURVE('',#1228,#3068);
#3068 = DEFINITIONAL_REPRESENTATION('',(#3069),#3073);
#3069 = LINE('',#3070,#3071);
#3070 = CARTESIAN_POINT('',(1.52,0.));
#3071 = VECTOR('',#3072,1.);
#3072 = DIRECTION('',(0.,-1.));
#3073 = ( GEOMETRIC_REPRESENTATION_CONTEXT(2) 
PARAMETRIC_REPRESENTATION_CONTEXT() REPRESENTATION_CONTEXT('2D SPACE',''
  ) );
#3074 = PCURVE('',#1866,#3075);
#3075 = DEFINITIONAL_REPRESENTATION('',(#3076),#3080);
#3076 = LINE('',#3077,#3078);
#3077 = CARTESIAN_POINT('',(0.,0.));
#3078 = VECTOR('',#3079,1.);
#3079 = DIRECTION('',(0.,1.));
#3080 = ( GEOMETRIC_REPRESENTATION_CONTEXT(2) 
PARAMETRIC_REPRESENTATION_CONTEXT() REPRESENTATION_CONTEXT('2D SPACE',''
  ) );
#3081 = ORIENTED_EDGE('',*,*,#3082,.F.);
#3082 = EDGE_CURVE('',#1211,#3058,#3083,.T.);
#3083 = SURFACE_CURVE('',#3084,(#3088,#3095),.PCURVE_S1.);
#3084 = LINE('',#3085,#3086);
#3085 = CARTESIAN_POINT('',(-47.8,-27.2,0.));
#3086 = VECTOR('',#3087,1.);
#3087 = DIRECTION('',(0.,0.,1.));
#3088 = PCURVE('',#1228,#3089);
#3089 = DEFINITIONAL_REPRESENTATION('',(#3090),#3094);
#3090 = LINE('',#3091,#3092);
#3091 = CARTESIAN_POINT('',(0.,-4.));
#3092 = VECTOR('',#3093,1.);
#3093 = DIRECTION('',(1.,0.));
#3094 = ( GEOMETRIC_REPRESENTATION_CONTEXT(2) 
PARAMETRIC_REPRESENTATION_CONTEXT() REPRESENTATION_CONTEXT('2D SPACE',''
  ) );
#3095 = PCURVE('',#1434,#3096);
#3096 = DEFINITIONAL_REPRESENTATION('',(#3097),#3101);
#3097 = LINE('',#3098,#3099);
#3098 = CARTESIAN_POINT('',(0.,0.));
#3099 = VECTOR('',#3100,1.);
#3100 = DIRECTION('',(0.,1.));
#3101 = ( GEOMETRIC_REPRESENTATION_CONTEXT(2) 
PARAMETRIC_REPRESENTATION_CONTEXT() REPRESENTATION_CONTEXT('2D SPACE',''
  ) );
#3102 = ORIENTED_EDGE('',*,*,#1210,.T.);
#3103 = ORIENTED_EDGE('',*,*,#3104,.T.);
#3104 = EDGE_CURVE('',#1213,#3060,#3105,.T.);
#3105 = SURFACE_CURVE('',#3106,(#3110,#3117),.PCURVE_S1.);
#3106 = LINE('',#3107,#3108);
#3107 = CARTESIAN_POINT('',(-47.8,35.2,0.));
#3108 = VECTOR('',#3109,1.);
#3109 = DIRECTION('',(0.,0.,1.));
#3110 = PCURVE('',#1228,#3111);
#3111 = DEFINITIONAL_REPRESENTATION('',(#3112),#3116);
#3112 = LINE('',#3113,#3114);
#3113 = CARTESIAN_POINT('',(0.,-66.4));
#3114 = VECTOR('',#3115,1.);
#3115 = DIRECTION('',(1.,0.));
#3116 = ( GEOMETRIC_REPRESENTATION_CONTEXT(2) 
PARAMETRIC_REPRESENTATION_CONTEXT() REPRESENTATION_CONTEXT('2D SPACE',''
  ) );
#3117 = PCURVE('',#1261,#3118);
#3118 = DEFINITIONAL_REPRESENTATION('',(#3119),#3123);
#3119 = LINE('',#3120,#3121);
#3120 = CARTESIAN_POINT('',(-0.,0.));
#3121 = VECTOR('',#3122,1.);
#3122 = DIRECTION('',(-0.,1.));
#3123 = ( GEOMETRIC_REPRESENTATION_CONTEXT(2) 
PARAMETRIC_REPRESENTATION_CONTEXT() REPRESENTATION_CONTEXT('2D SPACE',''
  ) );
#3124 = ADVANCED_FACE('',(#3125),#1434,.F.);
#3125 = FACE_BOUND('',#3126,.F.);
#3126 = EDGE_LOOP('',(#3127,#3128,#3151,#3173));
#3127 = ORIENTED_EDGE('',*,*,#1419,.T.);
#3128 = ORIENTED_EDGE('',*,*,#3129,.T.);
#3129 = EDGE_CURVE('',#1392,#3130,#3132,.T.);
#3130 = VERTEX_POINT('',#3131);
#3131 = CARTESIAN_POINT('',(-43.8,-31.2,1.52));
#3132 = SURFACE_CURVE('',#3133,(#3137,#3144),.PCURVE_S1.);
#3133 = LINE('',#3134,#3135);
#3134 = CARTESIAN_POINT('',(-43.8,-31.2,0.));
#3135 = VECTOR('',#3136,1.);
#3136 = DIRECTION('',(0.,0.,1.));
#3137 = PCURVE('',#1434,#3138);
#3138 = DEFINITIONAL_REPRESENTATION('',(#3139),#3143);
#3139 = LINE('',#3140,#3141);
#3140 = CARTESIAN_POINT('',(1.570796326795,0.));
#3141 = VECTOR('',#3142,1.);
#3142 = DIRECTION('',(0.,1.));
#3143 = ( GEOMETRIC_REPRESENTATION_CONTEXT(2) 
PARAMETRIC_REPRESENTATION_CONTEXT() REPRESENTATION_CONTEXT('2D SPACE',''
  ) );
#3144 = PCURVE('',#1407,#3145);
#3145 = DEFINITIONAL_REPRESENTATION('',(#3146),#3150);
#3146 = LINE('',#3147,#3148);
#3147 = CARTESIAN_POINT('',(0.,4.));
#3148 = VECTOR('',#3149,1.);
#3149 = DIRECTION('',(1.,0.));
#3150 = ( GEOMETRIC_REPRESENTATION_CONTEXT(2) 
PARAMETRIC_REPRESENTATION_CONTEXT() REPRESENTATION_CONTEXT('2D SPACE',''
  ) );
#3151 = ORIENTED_EDGE('',*,*,#3152,.F.);
#3152 = EDGE_CURVE('',#3058,#3130,#3153,.T.);
#3153 = SURFACE_CURVE('',#3154,(#3159,#3166),.PCURVE_S1.);
#3154 = CIRCLE('',#3155,4.);
#3155 = AXIS2_PLACEMENT_3D('',#3156,#3157,#3158);
#3156 = CARTESIAN_POINT('',(-43.8,-27.2,1.52));
#3157 = DIRECTION('',(0.,0.,1.));
#3158 = DIRECTION('',(0.,-1.,0.));
#3159 = PCURVE('',#1434,#3160);
#3160 = DEFINITIONAL_REPRESENTATION('',(#3161),#3165);
#3161 = LINE('',#3162,#3163);
#3162 = CARTESIAN_POINT('',(-4.712388980385,1.52));
#3163 = VECTOR('',#3164,1.);
#3164 = DIRECTION('',(1.,0.));
#3165 = ( GEOMETRIC_REPRESENTATION_CONTEXT(2) 
PARAMETRIC_REPRESENTATION_CONTEXT() REPRESENTATION_CONTEXT('2D SPACE',''
  ) );
#3166 = PCURVE('',#1866,#3167);
#3167 = DEFINITIONAL_REPRESENTATION('',(#3168),#3172);
#3168 = CIRCLE('',#3169,4.);
#3169 = AXIS2_PLACEMENT_2D('',#3170,#3171);
#3170 = CARTESIAN_POINT('',(4.,4.));
#3171 = DIRECTION('',(0.,-1.));
#3172 = ( GEOMETRIC_REPRESENTATION_CONTEXT(2) 
PARAMETRIC_REPRESENTATION_CONTEXT() REPRESENTATION_CONTEXT('2D SPACE',''
  ) );
#3173 = ORIENTED_EDGE('',*,*,#3082,.F.);
#3174 = ADVANCED_FACE('',(#3175),#1261,.F.);
#3175 = FACE_BOUND('',#3176,.T.);
#3176 = EDGE_LOOP('',(#3177,#3178,#3201,#3227));
#3177 = ORIENTED_EDGE('',*,*,#1240,.T.);
#3178 = ORIENTED_EDGE('',*,*,#3179,.T.);
#3179 = EDGE_CURVE('',#1241,#3180,#3182,.T.);
#3180 = VERTEX_POINT('',#3181);
#3181 = CARTESIAN_POINT('',(-43.8,39.2,1.52));
#3182 = SURFACE_CURVE('',#3183,(#3187,#3194),.PCURVE_S1.);
#3183 = LINE('',#3184,#3185);
#3184 = CARTESIAN_POINT('',(-43.8,39.2,0.));
#3185 = VECTOR('',#3186,1.);
#3186 = DIRECTION('',(0.,0.,1.));
#3187 = PCURVE('',#1261,#3188);
#3188 = DEFINITIONAL_REPRESENTATION('',(#3189),#3193);
#3189 = LINE('',#3190,#3191);
#3190 = CARTESIAN_POINT('',(-1.570796326795,0.));
#3191 = VECTOR('',#3192,1.);
#3192 = DIRECTION('',(-0.,1.));
#3193 = ( GEOMETRIC_REPRESENTATION_CONTEXT(2) 
PARAMETRIC_REPRESENTATION_CONTEXT() REPRESENTATION_CONTEXT('2D SPACE',''
  ) );
#3194 = PCURVE('',#1289,#3195);
#3195 = DEFINITIONAL_REPRESENTATION('',(#3196),#3200);
#3196 = LINE('',#3197,#3198);
#3197 = CARTESIAN_POINT('',(0.,4.));
#3198 = VECTOR('',#3199,1.);
#3199 = DIRECTION('',(1.,0.));
#3200 = ( GEOMETRIC_REPRESENTATION_CONTEXT(2) 
PARAMETRIC_REPRESENTATION_CONTEXT() REPRESENTATION_CONTEXT('2D SPACE',''
  ) );
#3201 = ORIENTED_EDGE('',*,*,#3202,.F.);
#3202 = EDGE_CURVE('',#3060,#3180,#3203,.T.);
#3203 = SURFACE_CURVE('',#3204,(#3209,#3216),.PCURVE_S1.);
#3204 = CIRCLE('',#3205,4.);
#3205 = AXIS2_PLACEMENT_3D('',#3206,#3207,#3208);
#3206 = CARTESIAN_POINT('',(-43.8,35.2,1.52));
#3207 = DIRECTION('',(-0.,-0.,-1.));
#3208 = DIRECTION('',(0.,-1.,0.));
#3209 = PCURVE('',#1261,#3210);
#3210 = DEFINITIONAL_REPRESENTATION('',(#3211),#3215);
#3211 = LINE('',#3212,#3213);
#3212 = CARTESIAN_POINT('',(1.570796326795,1.52));
#3213 = VECTOR('',#3214,1.);
#3214 = DIRECTION('',(-1.,0.));
#3215 = ( GEOMETRIC_REPRESENTATION_CONTEXT(2) 
PARAMETRIC_REPRESENTATION_CONTEXT() REPRESENTATION_CONTEXT('2D SPACE',''
  ) );
#3216 = PCURVE('',#1866,#3217);
#3217 = DEFINITIONAL_REPRESENTATION('',(#3218),#3226);
#3218 = ( BOUNDED_CURVE() B_SPLINE_CURVE(2,(#3219,#3220,#3221,#3222,
#3223,#3224,#3225),.UNSPECIFIED.,.T.,.F.) B_SPLINE_CURVE_WITH_KNOTS((1,2
    ,2,2,2,1),(-2.094395102393,0.,2.094395102393,4.188790204786,
6.28318530718,8.377580409573),.UNSPECIFIED.) CURVE() 
GEOMETRIC_REPRESENTATION_ITEM() RATIONAL_B_SPLINE_CURVE((1.,0.5,1.,0.5,
1.,0.5,1.)) REPRESENTATION_ITEM('') );
#3219 = CARTESIAN_POINT('',(4.,62.4));
#3220 = CARTESIAN_POINT('',(-2.928203230276,62.4));
#3221 = CARTESIAN_POINT('',(0.535898384862,68.4));
#3222 = CARTESIAN_POINT('',(4.,74.4));
#3223 = CARTESIAN_POINT('',(7.464101615138,68.4));
#3224 = CARTESIAN_POINT('',(10.928203230276,62.4));
#3225 = CARTESIAN_POINT('',(4.,62.4));
#3226 = ( GEOMETRIC_REPRESENTATION_CONTEXT(2) 
PARAMETRIC_REPRESENTATION_CONTEXT() REPRESENTATION_CONTEXT('2D SPACE',''
  ) );
#3227 = ORIENTED_EDGE('',*,*,#3104,.F.);
#3228 = ADVANCED_FACE('',(#3229),#1407,.T.);
#3229 = FACE_BOUND('',#3230,.T.);
#3230 = EDGE_LOOP('',(#3231,#3232,#3233,#3256));
#3231 = ORIENTED_EDGE('',*,*,#1391,.F.);
#3232 = ORIENTED_EDGE('',*,*,#3129,.T.);
#3233 = ORIENTED_EDGE('',*,*,#3234,.T.);
#3234 = EDGE_CURVE('',#3130,#3235,#3237,.T.);
#3235 = VERTEX_POINT('',#3236);
#3236 = CARTESIAN_POINT('',(53.8,-31.2,1.52));
#3237 = SURFACE_CURVE('',#3238,(#3242,#3249),.PCURVE_S1.);
#3238 = LINE('',#3239,#3240);
#3239 = CARTESIAN_POINT('',(-47.8,-31.2,1.52));
#3240 = VECTOR('',#3241,1.);
#3241 = DIRECTION('',(1.,0.,0.));
#3242 = PCURVE('',#1407,#3243);
#3243 = DEFINITIONAL_REPRESENTATION('',(#3244),#3248);
#3244 = LINE('',#3245,#3246);
#3245 = CARTESIAN_POINT('',(1.52,0.));
#3246 = VECTOR('',#3247,1.);
#3247 = DIRECTION('',(0.,1.));
#3248 = ( GEOMETRIC_REPRESENTATION_CONTEXT(2) 
PARAMETRIC_REPRESENTATION_CONTEXT() REPRESENTATION_CONTEXT('2D SPACE',''
  ) );
#3249 = PCURVE('',#1866,#3250);
#3250 = DEFINITIONAL_REPRESENTATION('',(#3251),#3255);
#3251 = LINE('',#3252,#3253);
#3252 = CARTESIAN_POINT('',(0.,0.));
#3253 = VECTOR('',#3254,1.);
#3254 = DIRECTION('',(1.,0.));
#3255 = ( GEOMETRIC_REPRESENTATION_CONTEXT(2) 
PARAMETRIC_REPRESENTATION_CONTEXT() REPRESENTATION_CONTEXT('2D SPACE',''
  ) );
#3256 = ORIENTED_EDGE('',*,*,#3257,.F.);
#3257 = EDGE_CURVE('',#1363,#3235,#3258,.T.);
#3258 = SURFACE_CURVE('',#3259,(#3263,#3270),.PCURVE_S1.);
#3259 = LINE('',#3260,#3261);
#3260 = CARTESIAN_POINT('',(53.8,-31.2,0.));
#3261 = VECTOR('',#3262,1.);
#3262 = DIRECTION('',(0.,0.,1.));
#3263 = PCURVE('',#1407,#3264);
#3264 = DEFINITIONAL_REPRESENTATION('',(#3265),#3269);
#3265 = LINE('',#3266,#3267);
#3266 = CARTESIAN_POINT('',(0.,101.6));
#3267 = VECTOR('',#3268,1.);
#3268 = DIRECTION('',(1.,0.));
#3269 = ( GEOMETRIC_REPRESENTATION_CONTEXT(2) 
PARAMETRIC_REPRESENTATION_CONTEXT() REPRESENTATION_CONTEXT('2D SPACE',''
  ) );
#3270 = PCURVE('',#1379,#3271);
#3271 = DEFINITIONAL_REPRESENTATION('',(#3272),#3276);
#3272 = LINE('',#3273,#3274);
#3273 = CARTESIAN_POINT('',(0.,0.));
#3274 = VECTOR('',#3275,1.);
#3275 = DIRECTION('',(0.,1.));
#3276 = ( GEOMETRIC_REPRESENTATION_CONTEXT(2) 
PARAMETRIC_REPRESENTATION_CONTEXT() REPRESENTATION_CONTEXT('2D SPACE',''
  ) );
#3277 = ADVANCED_FACE('',(#3278),#1289,.F.);
#3278 = FACE_BOUND('',#3279,.F.);
#3279 = EDGE_LOOP('',(#3280,#3281,#3282,#3305));
#3280 = ORIENTED_EDGE('',*,*,#1273,.F.);
#3281 = ORIENTED_EDGE('',*,*,#3179,.T.);
#3282 = ORIENTED_EDGE('',*,*,#3283,.T.);
#3283 = EDGE_CURVE('',#3180,#3284,#3286,.T.);
#3284 = VERTEX_POINT('',#3285);
#3285 = CARTESIAN_POINT('',(53.8,39.2,1.52));
#3286 = SURFACE_CURVE('',#3287,(#3291,#3298),.PCURVE_S1.);
#3287 = LINE('',#3288,#3289);
#3288 = CARTESIAN_POINT('',(-47.8,39.2,1.52));
#3289 = VECTOR('',#3290,1.);
#3290 = DIRECTION('',(1.,0.,0.));
#3291 = PCURVE('',#1289,#3292);
#3292 = DEFINITIONAL_REPRESENTATION('',(#3293),#3297);
#3293 = LINE('',#3294,#3295);
#3294 = CARTESIAN_POINT('',(1.52,0.));
#3295 = VECTOR('',#3296,1.);
#3296 = DIRECTION('',(0.,1.));
#3297 = ( GEOMETRIC_REPRESENTATION_CONTEXT(2) 
PARAMETRIC_REPRESENTATION_CONTEXT() REPRESENTATION_CONTEXT('2D SPACE',''
  ) );
#3298 = PCURVE('',#1866,#3299);
#3299 = DEFINITIONAL_REPRESENTATION('',(#3300),#3304);
#3300 = LINE('',#3301,#3302);
#3301 = CARTESIAN_POINT('',(0.,70.4));
#3302 = VECTOR('',#3303,1.);
#3303 = DIRECTION('',(1.,0.));
#3304 = ( GEOMETRIC_REPRESENTATION_CONTEXT(2) 
PARAMETRIC_REPRESENTATION_CONTEXT() REPRESENTATION_CONTEXT('2D SPACE',''
  ) );
#3305 = ORIENTED_EDGE('',*,*,#3306,.F.);
#3306 = EDGE_CURVE('',#1274,#3284,#3307,.T.);
#3307 = SURFACE_CURVE('',#3308,(#3312,#3319),.PCURVE_S1.);
#3308 = LINE('',#3309,#3310);
#3309 = CARTESIAN_POINT('',(53.8,39.2,0.));
#3310 = VECTOR('',#3311,1.);
#3311 = DIRECTION('',(0.,0.,1.));
#3312 = PCURVE('',#1289,#3313);
#3313 = DEFINITIONAL_REPRESENTATION('',(#3314),#3318);
#3314 = LINE('',#3315,#3316);
#3315 = CARTESIAN_POINT('',(0.,101.6));
#3316 = VECTOR('',#3317,1.);
#3317 = DIRECTION('',(1.,0.));
#3318 = ( GEOMETRIC_REPRESENTATION_CONTEXT(2) 
PARAMETRIC_REPRESENTATION_CONTEXT() REPRESENTATION_CONTEXT('2D SPACE',''
  ) );
#3319 = PCURVE('',#1322,#3320);
#3320 = DEFINITIONAL_REPRESENTATION('',(#3321),#3325);
#3321 = LINE('',#3322,#3323);
#3322 = CARTESIAN_POINT('',(-0.,0.));
#3323 = VECTOR('',#3324,1.);
#3324 = DIRECTION('',(-0.,1.));
#3325 = ( GEOMETRIC_REPRESENTATION_CONTEXT(2) 
PARAMETRIC_REPRESENTATION_CONTEXT() REPRESENTATION_CONTEXT('2D SPACE',''
  ) );
#3326 = ADVANCED_FACE('',(#3327),#1379,.F.);
#3327 = FACE_BOUND('',#3328,.F.);
#3328 = EDGE_LOOP('',(#3329,#3330,#3353,#3375));
#3329 = ORIENTED_EDGE('',*,*,#1362,.T.);
#3330 = ORIENTED_EDGE('',*,*,#3331,.T.);
#3331 = EDGE_CURVE('',#1335,#3332,#3334,.T.);
#3332 = VERTEX_POINT('',#3333);
#3333 = CARTESIAN_POINT('',(57.8,-27.2,1.52));
#3334 = SURFACE_CURVE('',#3335,(#3339,#3346),.PCURVE_S1.);
#3335 = LINE('',#3336,#3337);
#3336 = CARTESIAN_POINT('',(57.8,-27.2,0.));
#3337 = VECTOR('',#3338,1.);
#3338 = DIRECTION('',(0.,0.,1.));
#3339 = PCURVE('',#1379,#3340);
#3340 = DEFINITIONAL_REPRESENTATION('',(#3341),#3345);
#3341 = LINE('',#3342,#3343);
#3342 = CARTESIAN_POINT('',(1.570796326795,0.));
#3343 = VECTOR('',#3344,1.);
#3344 = DIRECTION('',(0.,1.));
#3345 = ( GEOMETRIC_REPRESENTATION_CONTEXT(2) 
PARAMETRIC_REPRESENTATION_CONTEXT() REPRESENTATION_CONTEXT('2D SPACE',''
  ) );
#3346 = PCURVE('',#1350,#3347);
#3347 = DEFINITIONAL_REPRESENTATION('',(#3348),#3352);
#3348 = LINE('',#3349,#3350);
#3349 = CARTESIAN_POINT('',(0.,-4.));
#3350 = VECTOR('',#3351,1.);
#3351 = DIRECTION('',(1.,0.));
#3352 = ( GEOMETRIC_REPRESENTATION_CONTEXT(2) 
PARAMETRIC_REPRESENTATION_CONTEXT() REPRESENTATION_CONTEXT('2D SPACE',''
  ) );
#3353 = ORIENTED_EDGE('',*,*,#3354,.F.);
#3354 = EDGE_CURVE('',#3235,#3332,#3355,.T.);
#3355 = SURFACE_CURVE('',#3356,(#3361,#3368),.PCURVE_S1.);
#3356 = CIRCLE('',#3357,4.);
#3357 = AXIS2_PLACEMENT_3D('',#3358,#3359,#3360);
#3358 = CARTESIAN_POINT('',(53.8,-27.2,1.52));
#3359 = DIRECTION('',(0.,0.,1.));
#3360 = DIRECTION('',(0.,-1.,0.));
#3361 = PCURVE('',#1379,#3362);
#3362 = DEFINITIONAL_REPRESENTATION('',(#3363),#3367);
#3363 = LINE('',#3364,#3365);
#3364 = CARTESIAN_POINT('',(0.,1.52));
#3365 = VECTOR('',#3366,1.);
#3366 = DIRECTION('',(1.,0.));
#3367 = ( GEOMETRIC_REPRESENTATION_CONTEXT(2) 
PARAMETRIC_REPRESENTATION_CONTEXT() REPRESENTATION_CONTEXT('2D SPACE',''
  ) );
#3368 = PCURVE('',#1866,#3369);
#3369 = DEFINITIONAL_REPRESENTATION('',(#3370),#3374);
#3370 = CIRCLE('',#3371,4.);
#3371 = AXIS2_PLACEMENT_2D('',#3372,#3373);
#3372 = CARTESIAN_POINT('',(101.6,4.));
#3373 = DIRECTION('',(0.,-1.));
#3374 = ( GEOMETRIC_REPRESENTATION_CONTEXT(2) 
PARAMETRIC_REPRESENTATION_CONTEXT() REPRESENTATION_CONTEXT('2D SPACE',''
  ) );
#3375 = ORIENTED_EDGE('',*,*,#3257,.F.);
#3376 = ADVANCED_FACE('',(#3377),#1322,.F.);
#3377 = FACE_BOUND('',#3378,.T.);
#3378 = EDGE_LOOP('',(#3379,#3380,#3403,#3429));
#3379 = ORIENTED_EDGE('',*,*,#1301,.T.);
#3380 = ORIENTED_EDGE('',*,*,#3381,.T.);
#3381 = EDGE_CURVE('',#1302,#3382,#3384,.T.);
#3382 = VERTEX_POINT('',#3383);
#3383 = CARTESIAN_POINT('',(57.8,35.2,1.52));
#3384 = SURFACE_CURVE('',#3385,(#3389,#3396),.PCURVE_S1.);
#3385 = LINE('',#3386,#3387);
#3386 = CARTESIAN_POINT('',(57.8,35.2,0.));
#3387 = VECTOR('',#3388,1.);
#3388 = DIRECTION('',(0.,0.,1.));
#3389 = PCURVE('',#1322,#3390);
#3390 = DEFINITIONAL_REPRESENTATION('',(#3391),#3395);
#3391 = LINE('',#3392,#3393);
#3392 = CARTESIAN_POINT('',(-1.570796326795,0.));
#3393 = VECTOR('',#3394,1.);
#3394 = DIRECTION('',(-0.,1.));
#3395 = ( GEOMETRIC_REPRESENTATION_CONTEXT(2) 
PARAMETRIC_REPRESENTATION_CONTEXT() REPRESENTATION_CONTEXT('2D SPACE',''
  ) );
#3396 = PCURVE('',#1350,#3397);
#3397 = DEFINITIONAL_REPRESENTATION('',(#3398),#3402);
#3398 = LINE('',#3399,#3400);
#3399 = CARTESIAN_POINT('',(0.,-66.4));
#3400 = VECTOR('',#3401,1.);
#3401 = DIRECTION('',(1.,0.));
#3402 = ( GEOMETRIC_REPRESENTATION_CONTEXT(2) 
PARAMETRIC_REPRESENTATION_CONTEXT() REPRESENTATION_CONTEXT('2D SPACE',''
  ) );
#3403 = ORIENTED_EDGE('',*,*,#3404,.F.);
#3404 = EDGE_CURVE('',#3284,#3382,#3405,.T.);
#3405 = SURFACE_CURVE('',#3406,(#3411,#3418),.PCURVE_S1.);
#3406 = CIRCLE('',#3407,4.);
#3407 = AXIS2_PLACEMENT_3D('',#3408,#3409,#3410);
#3408 = CARTESIAN_POINT('',(53.8,35.2,1.52));
#3409 = DIRECTION('',(-0.,-0.,-1.));
#3410 = DIRECTION('',(0.,-1.,0.));
#3411 = PCURVE('',#1322,#3412);
#3412 = DEFINITIONAL_REPRESENTATION('',(#3413),#3417);
#3413 = LINE('',#3414,#3415);
#3414 = CARTESIAN_POINT('',(3.14159265359,1.52));
#3415 = VECTOR('',#3416,1.);
#3416 = DIRECTION('',(-1.,0.));
#3417 = ( GEOMETRIC_REPRESENTATION_CONTEXT(2) 
PARAMETRIC_REPRESENTATION_CONTEXT() REPRESENTATION_CONTEXT('2D SPACE',''
  ) );
#3418 = PCURVE('',#1866,#3419);
#3419 = DEFINITIONAL_REPRESENTATION('',(#3420),#3428);
#3420 = ( BOUNDED_CURVE() B_SPLINE_CURVE(2,(#3421,#3422,#3423,#3424,
#3425,#3426,#3427),.UNSPECIFIED.,.T.,.F.) B_SPLINE_CURVE_WITH_KNOTS((1,2
    ,2,2,2,1),(-2.094395102393,0.,2.094395102393,4.188790204786,
6.28318530718,8.377580409573),.UNSPECIFIED.) CURVE() 
GEOMETRIC_REPRESENTATION_ITEM() RATIONAL_B_SPLINE_CURVE((1.,0.5,1.,0.5,
1.,0.5,1.)) REPRESENTATION_ITEM('') );
#3421 = CARTESIAN_POINT('',(101.6,62.4));
#3422 = CARTESIAN_POINT('',(94.671796769724,62.4));
#3423 = CARTESIAN_POINT('',(98.135898384862,68.4));
#3424 = CARTESIAN_POINT('',(101.6,74.4));
#3425 = CARTESIAN_POINT('',(105.06410161513,68.4));
#3426 = CARTESIAN_POINT('',(108.52820323027,62.4));
#3427 = CARTESIAN_POINT('',(101.6,62.4));
#3428 = ( GEOMETRIC_REPRESENTATION_CONTEXT(2) 
PARAMETRIC_REPRESENTATION_CONTEXT() REPRESENTATION_CONTEXT('2D SPACE',''
  ) );
#3429 = ORIENTED_EDGE('',*,*,#3306,.F.);
#3430 = ADVANCED_FACE('',(#3431),#1350,.F.);
#3431 = FACE_BOUND('',#3432,.F.);
#3432 = EDGE_LOOP('',(#3433,#3454,#3455,#3456));
#3433 = ORIENTED_EDGE('',*,*,#3434,.F.);
#3434 = EDGE_CURVE('',#3332,#3382,#3435,.T.);
#3435 = SURFACE_CURVE('',#3436,(#3440,#3447),.PCURVE_S1.);
#3436 = LINE('',#3437,#3438);
#3437 = CARTESIAN_POINT('',(57.8,-31.2,1.52));
#3438 = VECTOR('',#3439,1.);
#3439 = DIRECTION('',(0.,1.,0.));
#3440 = PCURVE('',#1350,#3441);
#3441 = DEFINITIONAL_REPRESENTATION('',(#3442),#3446);
#3442 = LINE('',#3443,#3444);
#3443 = CARTESIAN_POINT('',(1.52,0.));
#3444 = VECTOR('',#3445,1.);
#3445 = DIRECTION('',(0.,-1.));
#3446 = ( GEOMETRIC_REPRESENTATION_CONTEXT(2) 
PARAMETRIC_REPRESENTATION_CONTEXT() REPRESENTATION_CONTEXT('2D SPACE',''
  ) );
#3447 = PCURVE('',#1866,#3448);
#3448 = DEFINITIONAL_REPRESENTATION('',(#3449),#3453);
#3449 = LINE('',#3450,#3451);
#3450 = CARTESIAN_POINT('',(105.6,0.));
#3451 = VECTOR('',#3452,1.);
#3452 = DIRECTION('',(0.,1.));
#3453 = ( GEOMETRIC_REPRESENTATION_CONTEXT(2) 
PARAMETRIC_REPRESENTATION_CONTEXT() REPRESENTATION_CONTEXT('2D SPACE',''
  ) );
#3454 = ORIENTED_EDGE('',*,*,#3331,.F.);
#3455 = ORIENTED_EDGE('',*,*,#1334,.T.);
#3456 = ORIENTED_EDGE('',*,*,#3381,.T.);
#3457 = ADVANCED_FACE('',(#3458),#1627,.F.);
#3458 = FACE_BOUND('',#3459,.F.);
#3459 = EDGE_LOOP('',(#3460,#3461,#3462));
#3460 = ORIENTED_EDGE('',*,*,#2600,.T.);
#3461 = ORIENTED_EDGE('',*,*,#1719,.T.);
#3462 = ORIENTED_EDGE('',*,*,#1614,.F.);
#3463 = ADVANCED_FACE('',(#3464),#1685,.T.);
#3464 = FACE_BOUND('',#3465,.F.);
#3465 = EDGE_LOOP('',(#3466,#3501,#3529,#3562));
#3466 = ORIENTED_EDGE('',*,*,#3467,.T.);
#3467 = EDGE_CURVE('',#1647,#3468,#3470,.T.);
#3468 = VERTEX_POINT('',#3469);
#3469 = CARTESIAN_POINT('',(-49.2,-28.1,9.));
#3470 = SURFACE_CURVE('',#3471,(#3476,#3488),.PCURVE_S1.);
#3471 = ELLIPSE('',#3472,4.242640687119,3.);
#3472 = AXIS2_PLACEMENT_3D('',#3473,#3474,#3475);
#3473 = CARTESIAN_POINT('',(-49.2,-28.1,6.));
#3474 = DIRECTION('',(-0.707106781187,0.707106781187,0.));
#3475 = DIRECTION('',(0.707106781187,0.707106781187,0.));
#3476 = PCURVE('',#1685,#3477);
#3477 = DEFINITIONAL_REPRESENTATION('',(#3478),#3487);
#3478 = B_SPLINE_CURVE_WITH_KNOTS('',7,(#3479,#3480,#3481,#3482,#3483,
    #3484,#3485,#3486),.UNSPECIFIED.,.F.,.F.,(8,8),(3.14159265359,
    4.712388980385),.PIECEWISE_BEZIER_KNOTS.);
#3479 = CARTESIAN_POINT('',(0.,2.22044604925E-16));
#3480 = CARTESIAN_POINT('',(-0.224399475256,-1.608001673225E-14));
#3481 = CARTESIAN_POINT('',(-0.448799077559,0.176246423236));
#3482 = CARTESIAN_POINT('',(-0.673198272467,0.528711743758));
#3483 = CARTESIAN_POINT('',(-0.897597863249,1.035759851317));
#3484 = CARTESIAN_POINT('',(-1.1219974685,1.653605950067));
#3485 = CARTESIAN_POINT('',(-1.346396851538,2.326801574231));
#3486 = CARTESIAN_POINT('',(-1.570796326795,3.));
#3487 = ( GEOMETRIC_REPRESENTATION_CONTEXT(2) 
PARAMETRIC_REPRESENTATION_CONTEXT() REPRESENTATION_CONTEXT('2D SPACE',''
  ) );
#3488 = PCURVE('',#2587,#3489);
#3489 = DEFINITIONAL_REPRESENTATION('',(#3490),#3500);
#3490 = B_SPLINE_CURVE_WITH_KNOTS('',8,(#3491,#3492,#3493,#3494,#3495,
    #3496,#3497,#3498,#3499),.UNSPECIFIED.,.F.,.F.,(9,9),(3.14159265359,
    4.712388980385),.PIECEWISE_BEZIER_KNOTS.);
#3491 = CARTESIAN_POINT('',(0.,11.));
#3492 = CARTESIAN_POINT('',(-0.196349540849,11.));
#3493 = CARTESIAN_POINT('',(-0.392699081698,10.867817672031));
#3494 = CARTESIAN_POINT('',(-0.589048622548,10.603454139033));
#3495 = CARTESIAN_POINT('',(-0.785398163393,10.217776251695));
#3496 = CARTESIAN_POINT('',(-0.981747704247,9.73253978365));
#3497 = CARTESIAN_POINT('',(-1.178097245096,9.178097384952));
#3498 = CARTESIAN_POINT('',(-1.374446785946,8.589048622548));
#3499 = CARTESIAN_POINT('',(-1.570796326795,8.));
#3500 = ( GEOMETRIC_REPRESENTATION_CONTEXT(2) 
PARAMETRIC_REPRESENTATION_CONTEXT() REPRESENTATION_CONTEXT('2D SPACE',''
  ) );
#3501 = ORIENTED_EDGE('',*,*,#3502,.T.);
#3502 = EDGE_CURVE('',#3468,#3503,#3505,.T.);
#3503 = VERTEX_POINT('',#3504);
#3504 = CARTESIAN_POINT('',(43.2,-28.1,9.));
#3505 = SURFACE_CURVE('',#3506,(#3510,#3517),.PCURVE_S1.);
#3506 = LINE('',#3507,#3508);
#3507 = CARTESIAN_POINT('',(-52.2,-28.1,9.));
#3508 = VECTOR('',#3509,1.);
#3509 = DIRECTION('',(1.,0.,0.));
#3510 = PCURVE('',#1685,#3511);
#3511 = DEFINITIONAL_REPRESENTATION('',(#3512),#3516);
#3512 = LINE('',#3513,#3514);
#3513 = CARTESIAN_POINT('',(-1.570796326795,0.));
#3514 = VECTOR('',#3515,1.);
#3515 = DIRECTION('',(-0.,1.));
#3516 = ( GEOMETRIC_REPRESENTATION_CONTEXT(2) 
PARAMETRIC_REPRESENTATION_CONTEXT() REPRESENTATION_CONTEXT('2D SPACE',''
  ) );
#3517 = PCURVE('',#3518,#3523);
#3518 = PLANE('',#3519);
#3519 = AXIS2_PLACEMENT_3D('',#3520,#3521,#3522);
#3520 = CARTESIAN_POINT('',(-3.,-25.6,9.));
#3521 = DIRECTION('',(0.,0.,1.));
#3522 = DIRECTION('',(1.,0.,-0.));
#3523 = DEFINITIONAL_REPRESENTATION('',(#3524),#3528);
#3524 = LINE('',#3525,#3526);
#3525 = CARTESIAN_POINT('',(-49.2,-2.5));
#3526 = VECTOR('',#3527,1.);
#3527 = DIRECTION('',(1.,0.));
#3528 = ( GEOMETRIC_REPRESENTATION_CONTEXT(2) 
PARAMETRIC_REPRESENTATION_CONTEXT() REPRESENTATION_CONTEXT('2D SPACE',''
  ) );
#3529 = ORIENTED_EDGE('',*,*,#3530,.F.);
#3530 = EDGE_CURVE('',#1670,#3503,#3531,.T.);
#3531 = SURFACE_CURVE('',#3532,(#3537,#3549),.PCURVE_S1.);
#3532 = ELLIPSE('',#3533,4.242640687119,3.);
#3533 = AXIS2_PLACEMENT_3D('',#3534,#3535,#3536);
#3534 = CARTESIAN_POINT('',(43.2,-28.1,6.));
#3535 = DIRECTION('',(-0.707106781187,-0.707106781187,0.));
#3536 = DIRECTION('',(0.707106781187,-0.707106781187,0.));
#3537 = PCURVE('',#1685,#3538);
#3538 = DEFINITIONAL_REPRESENTATION('',(#3539),#3548);
#3539 = B_SPLINE_CURVE_WITH_KNOTS('',7,(#3540,#3541,#3542,#3543,#3544,
    #3545,#3546,#3547),.UNSPECIFIED.,.F.,.F.,(8,8),(0.,1.570796326795),
  .PIECEWISE_BEZIER_KNOTS.);
#3540 = CARTESIAN_POINT('',(-4.440892098501E-16,98.4));
#3541 = CARTESIAN_POINT('',(-0.224399475256,98.4));
#3542 = CARTESIAN_POINT('',(-0.448799077559,98.22375357676));
#3543 = CARTESIAN_POINT('',(-0.673198272467,97.871288256248));
#3544 = CARTESIAN_POINT('',(-0.897597863252,97.364240148692));
#3545 = CARTESIAN_POINT('',(-1.121997468501,96.74639404994));
#3546 = CARTESIAN_POINT('',(-1.346396851538,96.073198425769));
#3547 = CARTESIAN_POINT('',(-1.570796326795,95.4));
#3548 = ( GEOMETRIC_REPRESENTATION_CONTEXT(2) 
PARAMETRIC_REPRESENTATION_CONTEXT() REPRESENTATION_CONTEXT('2D SPACE',''
  ) );
#3549 = PCURVE('',#1760,#3550);
#3550 = DEFINITIONAL_REPRESENTATION('',(#3551),#3561);
#3551 = B_SPLINE_CURVE_WITH_KNOTS('',8,(#3552,#3553,#3554,#3555,#3556,
    #3557,#3558,#3559,#3560),.UNSPECIFIED.,.F.,.F.,(9,9),(0.,
    1.570796326795),.PIECEWISE_BEZIER_KNOTS.);
#3552 = CARTESIAN_POINT('',(-2.960594732334E-16,0.));
#3553 = CARTESIAN_POINT('',(-0.196349540849,1.442753020291E-16));
#3554 = CARTESIAN_POINT('',(-0.3926990817,0.132182327959));
#3555 = CARTESIAN_POINT('',(-0.589048622545,0.39654586098));
#3556 = CARTESIAN_POINT('',(-0.785398163403,0.782223748264));
#3557 = CARTESIAN_POINT('',(-0.981747704244,1.267460216366));
#3558 = CARTESIAN_POINT('',(-1.178097245097,1.821902615044));
#3559 = CARTESIAN_POINT('',(-1.374446785946,2.410951377452));
#3560 = CARTESIAN_POINT('',(-1.570796326795,3.));
#3561 = ( GEOMETRIC_REPRESENTATION_CONTEXT(2) 
PARAMETRIC_REPRESENTATION_CONTEXT() REPRESENTATION_CONTEXT('2D SPACE',''
  ) );
#3562 = ORIENTED_EDGE('',*,*,#1669,.F.);
#3563 = ADVANCED_FACE('',(#3564),#1760,.T.);
#3564 = FACE_BOUND('',#3565,.F.);
#3565 = EDGE_LOOP('',(#3566,#3567,#3590,#3622));
#3566 = ORIENTED_EDGE('',*,*,#3530,.T.);
#3567 = ORIENTED_EDGE('',*,*,#3568,.T.);
#3568 = EDGE_CURVE('',#3503,#3569,#3571,.T.);
#3569 = VERTEX_POINT('',#3570);
#3570 = CARTESIAN_POINT('',(43.2,-23.1,9.));
#3571 = SURFACE_CURVE('',#3572,(#3576,#3583),.PCURVE_S1.);
#3572 = LINE('',#3573,#3574);
#3573 = CARTESIAN_POINT('',(43.2,-31.1,9.));
#3574 = VECTOR('',#3575,1.);
#3575 = DIRECTION('',(0.,1.,0.));
#3576 = PCURVE('',#1760,#3577);
#3577 = DEFINITIONAL_REPRESENTATION('',(#3578),#3582);
#3578 = LINE('',#3579,#3580);
#3579 = CARTESIAN_POINT('',(-1.570796326795,0.));
#3580 = VECTOR('',#3581,1.);
#3581 = DIRECTION('',(-0.,1.));
#3582 = ( GEOMETRIC_REPRESENTATION_CONTEXT(2) 
PARAMETRIC_REPRESENTATION_CONTEXT() REPRESENTATION_CONTEXT('2D SPACE',''
  ) );
#3583 = PCURVE('',#3518,#3584);
#3584 = DEFINITIONAL_REPRESENTATION('',(#3585),#3589);
#3585 = LINE('',#3586,#3587);
#3586 = CARTESIAN_POINT('',(46.2,-5.5));
#3587 = VECTOR('',#3588,1.);
#3588 = DIRECTION('',(0.,1.));
#3589 = ( GEOMETRIC_REPRESENTATION_CONTEXT(2) 
PARAMETRIC_REPRESENTATION_CONTEXT() REPRESENTATION_CONTEXT('2D SPACE',''
  ) );
#3590 = ORIENTED_EDGE('',*,*,#3591,.F.);
#3591 = EDGE_CURVE('',#1745,#3569,#3592,.T.);
#3592 = SURFACE_CURVE('',#3593,(#3598,#3610),.PCURVE_S1.);
#3593 = ELLIPSE('',#3594,4.242640687119,3.);
#3594 = AXIS2_PLACEMENT_3D('',#3595,#3596,#3597);
#3595 = CARTESIAN_POINT('',(43.2,-23.1,6.));
#3596 = DIRECTION('',(0.707106781187,-0.707106781187,-0.));
#3597 = DIRECTION('',(0.707106781187,0.707106781187,0.));
#3598 = PCURVE('',#1760,#3599);
#3599 = DEFINITIONAL_REPRESENTATION('',(#3600),#3609);
#3600 = B_SPLINE_CURVE_WITH_KNOTS('',7,(#3601,#3602,#3603,#3604,#3605,
    #3606,#3607,#3608),.UNSPECIFIED.,.F.,.F.,(8,8),(0.,1.570796326795),
  .PIECEWISE_BEZIER_KNOTS.);
#3601 = CARTESIAN_POINT('',(-5.551115123126E-16,11.));
#3602 = CARTESIAN_POINT('',(-0.224399475256,11.));
#3603 = CARTESIAN_POINT('',(-0.448799077559,10.823753576765));
#3604 = CARTESIAN_POINT('',(-0.673198272467,10.47128825624));
#3605 = CARTESIAN_POINT('',(-0.897597863249,9.964240148684));
#3606 = CARTESIAN_POINT('',(-1.1219974685,9.346394049933));
#3607 = CARTESIAN_POINT('',(-1.346396851538,8.673198425769));
#3608 = CARTESIAN_POINT('',(-1.570796326795,8.));
#3609 = ( GEOMETRIC_REPRESENTATION_CONTEXT(2) 
PARAMETRIC_REPRESENTATION_CONTEXT() REPRESENTATION_CONTEXT('2D SPACE',''
  ) );
#3610 = PCURVE('',#1814,#3611);
#3611 = DEFINITIONAL_REPRESENTATION('',(#3612),#3621);
#3612 = B_SPLINE_CURVE_WITH_KNOTS('',7,(#3613,#3614,#3615,#3616,#3617,
    #3618,#3619,#3620),.UNSPECIFIED.,.F.,.F.,(8,8),(0.,1.570796326795),
  .PIECEWISE_BEZIER_KNOTS.);
#3613 = CARTESIAN_POINT('',(-3.330669073875E-16,-1.110223024625E-16));
#3614 = CARTESIAN_POINT('',(-0.224399475256,8.10124890863E-15));
#3615 = CARTESIAN_POINT('',(-0.448799077559,0.176246423236));
#3616 = CARTESIAN_POINT('',(-0.673198272467,0.528711743759));
#3617 = CARTESIAN_POINT('',(-0.897597863249,1.035759851317));
#3618 = CARTESIAN_POINT('',(-1.1219974685,1.653605950067));
#3619 = CARTESIAN_POINT('',(-1.346396851538,2.326801574231));
#3620 = CARTESIAN_POINT('',(-1.570796326795,3.));
#3621 = ( GEOMETRIC_REPRESENTATION_CONTEXT(2) 
PARAMETRIC_REPRESENTATION_CONTEXT() REPRESENTATION_CONTEXT('2D SPACE',''
  ) );
#3622 = ORIENTED_EDGE('',*,*,#1744,.F.);
#3623 = ADVANCED_FACE('',(#3624),#1814,.T.);
#3624 = FACE_BOUND('',#3625,.F.);
#3625 = EDGE_LOOP('',(#3626,#3627,#3628,#3651,#3684,#3685,#3686,#3687));
#3626 = ORIENTED_EDGE('',*,*,#1798,.F.);
#3627 = ORIENTED_EDGE('',*,*,#3591,.T.);
#3628 = ORIENTED_EDGE('',*,*,#3629,.T.);
#3629 = EDGE_CURVE('',#3569,#3630,#3632,.T.);
#3630 = VERTEX_POINT('',#3631);
#3631 = CARTESIAN_POINT('',(-49.2,-23.1,9.));
#3632 = SURFACE_CURVE('',#3633,(#3637,#3644),.PCURVE_S1.);
#3633 = LINE('',#3634,#3635);
#3634 = CARTESIAN_POINT('',(46.2,-23.1,9.));
#3635 = VECTOR('',#3636,1.);
#3636 = DIRECTION('',(-1.,0.,0.));
#3637 = PCURVE('',#1814,#3638);
#3638 = DEFINITIONAL_REPRESENTATION('',(#3639),#3643);
#3639 = LINE('',#3640,#3641);
#3640 = CARTESIAN_POINT('',(-1.570796326795,0.));
#3641 = VECTOR('',#3642,1.);
#3642 = DIRECTION('',(-0.,1.));
#3643 = ( GEOMETRIC_REPRESENTATION_CONTEXT(2) 
PARAMETRIC_REPRESENTATION_CONTEXT() REPRESENTATION_CONTEXT('2D SPACE',''
  ) );
#3644 = PCURVE('',#3518,#3645);
#3645 = DEFINITIONAL_REPRESENTATION('',(#3646),#3650);
#3646 = LINE('',#3647,#3648);
#3647 = CARTESIAN_POINT('',(49.2,2.5));
#3648 = VECTOR('',#3649,1.);
#3649 = DIRECTION('',(-1.,0.));
#3650 = ( GEOMETRIC_REPRESENTATION_CONTEXT(2) 
PARAMETRIC_REPRESENTATION_CONTEXT() REPRESENTATION_CONTEXT('2D SPACE',''
  ) );
#3651 = ORIENTED_EDGE('',*,*,#3652,.F.);
#3652 = EDGE_CURVE('',#2525,#3630,#3653,.T.);
#3653 = SURFACE_CURVE('',#3654,(#3659,#3671),.PCURVE_S1.);
#3654 = ELLIPSE('',#3655,4.242640687119,3.);
#3655 = AXIS2_PLACEMENT_3D('',#3656,#3657,#3658);
#3656 = CARTESIAN_POINT('',(-49.2,-23.1,6.));
#3657 = DIRECTION('',(0.707106781187,0.707106781187,-0.));
#3658 = DIRECTION('',(-0.707106781187,0.707106781187,0.));
#3659 = PCURVE('',#1814,#3660);
#3660 = DEFINITIONAL_REPRESENTATION('',(#3661),#3670);
#3661 = B_SPLINE_CURVE_WITH_KNOTS('',7,(#3662,#3663,#3664,#3665,#3666,
    #3667,#3668,#3669),.UNSPECIFIED.,.F.,.F.,(8,8),(0.,1.570796326795),
  .PIECEWISE_BEZIER_KNOTS.);
#3662 = CARTESIAN_POINT('',(-4.440892098501E-16,98.4));
#3663 = CARTESIAN_POINT('',(-0.224399475256,98.4));
#3664 = CARTESIAN_POINT('',(-0.448799077559,98.22375357676));
#3665 = CARTESIAN_POINT('',(-0.673198272467,97.871288256248));
#3666 = CARTESIAN_POINT('',(-0.897597863252,97.364240148692));
#3667 = CARTESIAN_POINT('',(-1.121997468501,96.74639404994));
#3668 = CARTESIAN_POINT('',(-1.346396851538,96.073198425769));
#3669 = CARTESIAN_POINT('',(-1.570796326795,95.4));
#3670 = ( GEOMETRIC_REPRESENTATION_CONTEXT(2) 
PARAMETRIC_REPRESENTATION_CONTEXT() REPRESENTATION_CONTEXT('2D SPACE',''
  ) );
#3671 = PCURVE('',#2587,#3672);
#3672 = DEFINITIONAL_REPRESENTATION('',(#3673),#3683);
#3673 = B_SPLINE_CURVE_WITH_KNOTS('',8,(#3674,#3675,#3676,#3677,#3678,
    #3679,#3680,#3681,#3682),.UNSPECIFIED.,.F.,.F.,(9,9),(0.,
    1.570796326795),.PIECEWISE_BEZIER_KNOTS.);
#3674 = CARTESIAN_POINT('',(-2.960594732334E-16,0.));
#3675 = CARTESIAN_POINT('',(-0.196349540849,1.442753020291E-16));
#3676 = CARTESIAN_POINT('',(-0.3926990817,0.132182327959));
#3677 = CARTESIAN_POINT('',(-0.589048622545,0.39654586098));
#3678 = CARTESIAN_POINT('',(-0.785398163403,0.782223748264));
#3679 = CARTESIAN_POINT('',(-0.981747704244,1.267460216366));
#3680 = CARTESIAN_POINT('',(-1.178097245097,1.821902615044));
#3681 = CARTESIAN_POINT('',(-1.374446785946,2.410951377452));
#3682 = CARTESIAN_POINT('',(-1.570796326795,3.));
#3683 = ( GEOMETRIC_REPRESENTATION_CONTEXT(2) 
PARAMETRIC_REPRESENTATION_CONTEXT() REPRESENTATION_CONTEXT('2D SPACE',''
  ) );
#3684 = ORIENTED_EDGE('',*,*,#2524,.F.);
#3685 = ORIENTED_EDGE('',*,*,#2283,.T.);
#3686 = ORIENTED_EDGE('',*,*,#2166,.F.);
#3687 = ORIENTED_EDGE('',*,*,#1925,.T.);
#3688 = ADVANCED_FACE('',(#3689,#3699,#3702),#1866,.F.);
#3689 = FACE_BOUND('',#3690,.F.);
#3690 = EDGE_LOOP('',(#3691,#3692,#3693,#3694,#3695,#3696,#3697,#3698));
#3691 = ORIENTED_EDGE('',*,*,#3057,.F.);
#3692 = ORIENTED_EDGE('',*,*,#3152,.T.);
#3693 = ORIENTED_EDGE('',*,*,#3234,.T.);
#3694 = ORIENTED_EDGE('',*,*,#3354,.T.);
#3695 = ORIENTED_EDGE('',*,*,#3434,.T.);
#3696 = ORIENTED_EDGE('',*,*,#3404,.F.);
#3697 = ORIENTED_EDGE('',*,*,#3283,.F.);
#3698 = ORIENTED_EDGE('',*,*,#3202,.F.);
#3699 = FACE_BOUND('',#3700,.F.);
#3700 = EDGE_LOOP('',(#3701));
#3701 = ORIENTED_EDGE('',*,*,#2212,.T.);
#3702 = FACE_BOUND('',#3703,.F.);
#3703 = EDGE_LOOP('',(#3704));
#3704 = ORIENTED_EDGE('',*,*,#1849,.T.);
#3705 = ADVANCED_FACE('',(#3706),#2587,.T.);
#3706 = FACE_BOUND('',#3707,.F.);
#3707 = EDGE_LOOP('',(#3708,#3709,#3730,#3731));
#3708 = ORIENTED_EDGE('',*,*,#3652,.T.);
#3709 = ORIENTED_EDGE('',*,*,#3710,.T.);
#3710 = EDGE_CURVE('',#3630,#3468,#3711,.T.);
#3711 = SURFACE_CURVE('',#3712,(#3716,#3723),.PCURVE_S1.);
#3712 = LINE('',#3713,#3714);
#3713 = CARTESIAN_POINT('',(-49.2,-20.1,9.));
#3714 = VECTOR('',#3715,1.);
#3715 = DIRECTION('',(0.,-1.,0.));
#3716 = PCURVE('',#2587,#3717);
#3717 = DEFINITIONAL_REPRESENTATION('',(#3718),#3722);
#3718 = LINE('',#3719,#3720);
#3719 = CARTESIAN_POINT('',(-1.570796326795,0.));
#3720 = VECTOR('',#3721,1.);
#3721 = DIRECTION('',(-0.,1.));
#3722 = ( GEOMETRIC_REPRESENTATION_CONTEXT(2) 
PARAMETRIC_REPRESENTATION_CONTEXT() REPRESENTATION_CONTEXT('2D SPACE',''
  ) );
#3723 = PCURVE('',#3518,#3724);
#3724 = DEFINITIONAL_REPRESENTATION('',(#3725),#3729);
#3725 = LINE('',#3726,#3727);
#3726 = CARTESIAN_POINT('',(-46.2,5.5));
#3727 = VECTOR('',#3728,1.);
#3728 = DIRECTION('',(0.,-1.));
#3729 = ( GEOMETRIC_REPRESENTATION_CONTEXT(2) 
PARAMETRIC_REPRESENTATION_CONTEXT() REPRESENTATION_CONTEXT('2D SPACE',''
  ) );
#3730 = ORIENTED_EDGE('',*,*,#3467,.F.);
#3731 = ORIENTED_EDGE('',*,*,#2573,.F.);
#3732 = ADVANCED_FACE('',(#3733),#2664,.T.);
#3733 = FACE_BOUND('',#3734,.F.);
#3734 = EDGE_LOOP('',(#3735,#3769,#3797,#3830));
#3735 = ORIENTED_EDGE('',*,*,#3736,.T.);
#3736 = EDGE_CURVE('',#2626,#3737,#3739,.T.);
#3737 = VERTEX_POINT('',#3738);
#3738 = CARTESIAN_POINT('',(-46.2,-2.5,12.));
#3739 = SURFACE_CURVE('',#3740,(#3745,#3757),.PCURVE_S1.);
#3740 = ELLIPSE('',#3741,4.242640687119,3.);
#3741 = AXIS2_PLACEMENT_3D('',#3742,#3743,#3744);
#3742 = CARTESIAN_POINT('',(-46.2,-2.5,9.));
#3743 = DIRECTION('',(-0.707106781187,0.707106781187,0.));
#3744 = DIRECTION('',(0.707106781187,0.707106781187,0.));
#3745 = PCURVE('',#2664,#3746);
#3746 = DEFINITIONAL_REPRESENTATION('',(#3747),#3756);
#3747 = B_SPLINE_CURVE_WITH_KNOTS('',7,(#3748,#3749,#3750,#3751,#3752,
    #3753,#3754,#3755),.UNSPECIFIED.,.F.,.F.,(8,8),(3.14159265359,
    4.712388980385),.PIECEWISE_BEZIER_KNOTS.);
#3748 = CARTESIAN_POINT('',(-1.110223024625E-16,0.));
#3749 = CARTESIAN_POINT('',(-0.224399475256,-1.149572469324E-14));
#3750 = CARTESIAN_POINT('',(-0.448799077559,0.176246423236));
#3751 = CARTESIAN_POINT('',(-0.673198272467,0.528711743758));
#3752 = CARTESIAN_POINT('',(-0.897597863249,1.035759851317));
#3753 = CARTESIAN_POINT('',(-1.1219974685,1.653605950066));
#3754 = CARTESIAN_POINT('',(-1.346396851539,2.326801574231));
#3755 = CARTESIAN_POINT('',(-1.570796326795,3.));
#3756 = ( GEOMETRIC_REPRESENTATION_CONTEXT(2) 
PARAMETRIC_REPRESENTATION_CONTEXT() REPRESENTATION_CONTEXT('2D SPACE',''
  ) );
#3757 = PCURVE('',#2738,#3758);
#3758 = DEFINITIONAL_REPRESENTATION('',(#3759),#3768);
#3759 = B_SPLINE_CURVE_WITH_KNOTS('',7,(#3760,#3761,#3762,#3763,#3764,
    #3765,#3766,#3767),.UNSPECIFIED.,.F.,.F.,(8,8),(3.14159265359,
    4.712388980385),.PIECEWISE_BEZIER_KNOTS.);
#3760 = CARTESIAN_POINT('',(-1.110223024625E-16,11.));
#3761 = CARTESIAN_POINT('',(-0.224399475256,11.));
#3762 = CARTESIAN_POINT('',(-0.448799077559,10.823753576765));
#3763 = CARTESIAN_POINT('',(-0.673198272467,10.471288256242));
#3764 = CARTESIAN_POINT('',(-0.897597863249,9.964240148684));
#3765 = CARTESIAN_POINT('',(-1.1219974685,9.346394049933));
#3766 = CARTESIAN_POINT('',(-1.346396851539,8.673198425769));
#3767 = CARTESIAN_POINT('',(-1.570796326795,8.));
#3768 = ( GEOMETRIC_REPRESENTATION_CONTEXT(2) 
PARAMETRIC_REPRESENTATION_CONTEXT() REPRESENTATION_CONTEXT('2D SPACE',''
  ) );
#3769 = ORIENTED_EDGE('',*,*,#3770,.T.);
#3770 = EDGE_CURVE('',#3737,#3771,#3773,.T.);
#3771 = VERTEX_POINT('',#3772);
#3772 = CARTESIAN_POINT('',(46.2,-2.5,12.));
#3773 = SURFACE_CURVE('',#3774,(#3778,#3785),.PCURVE_S1.);
#3774 = LINE('',#3775,#3776);
#3775 = CARTESIAN_POINT('',(-49.2,-2.5,12.));
#3776 = VECTOR('',#3777,1.);
#3777 = DIRECTION('',(1.,0.,0.));
#3778 = PCURVE('',#2664,#3779);
#3779 = DEFINITIONAL_REPRESENTATION('',(#3780),#3784);
#3780 = LINE('',#3781,#3782);
#3781 = CARTESIAN_POINT('',(-1.570796326795,0.));
#3782 = VECTOR('',#3783,1.);
#3783 = DIRECTION('',(-0.,1.));
#3784 = ( GEOMETRIC_REPRESENTATION_CONTEXT(2) 
PARAMETRIC_REPRESENTATION_CONTEXT() REPRESENTATION_CONTEXT('2D SPACE',''
  ) );
#3785 = PCURVE('',#3786,#3791);
#3786 = PLANE('',#3787);
#3787 = AXIS2_PLACEMENT_3D('',#3788,#3789,#3790);
#3788 = CARTESIAN_POINT('',(-5.195924941573E-16,0.,12.));
#3789 = DIRECTION('',(0.,0.,1.));
#3790 = DIRECTION('',(1.,0.,-0.));
#3791 = DEFINITIONAL_REPRESENTATION('',(#3792),#3796);
#3792 = LINE('',#3793,#3794);
#3793 = CARTESIAN_POINT('',(-49.2,-2.5));
#3794 = VECTOR('',#3795,1.);
#3795 = DIRECTION('',(1.,0.));
#3796 = ( GEOMETRIC_REPRESENTATION_CONTEXT(2) 
PARAMETRIC_REPRESENTATION_CONTEXT() REPRESENTATION_CONTEXT('2D SPACE',''
  ) );
#3797 = ORIENTED_EDGE('',*,*,#3798,.F.);
#3798 = EDGE_CURVE('',#2649,#3771,#3799,.T.);
#3799 = SURFACE_CURVE('',#3800,(#3805,#3817),.PCURVE_S1.);
#3800 = ELLIPSE('',#3801,4.242640687119,3.);
#3801 = AXIS2_PLACEMENT_3D('',#3802,#3803,#3804);
#3802 = CARTESIAN_POINT('',(46.2,-2.5,9.));
#3803 = DIRECTION('',(-0.707106781187,-0.707106781187,0.));
#3804 = DIRECTION('',(0.707106781187,-0.707106781187,0.));
#3805 = PCURVE('',#2664,#3806);
#3806 = DEFINITIONAL_REPRESENTATION('',(#3807),#3816);
#3807 = B_SPLINE_CURVE_WITH_KNOTS('',7,(#3808,#3809,#3810,#3811,#3812,
    #3813,#3814,#3815),.UNSPECIFIED.,.F.,.F.,(8,8),(0.,1.570796326795),
  .PIECEWISE_BEZIER_KNOTS.);
#3808 = CARTESIAN_POINT('',(2.22044604925E-16,98.4));
#3809 = CARTESIAN_POINT('',(-0.224399475256,98.4));
#3810 = CARTESIAN_POINT('',(-0.448799077559,98.22375357676));
#3811 = CARTESIAN_POINT('',(-0.673198272467,97.871288256248));
#3812 = CARTESIAN_POINT('',(-0.897597863252,97.364240148692));
#3813 = CARTESIAN_POINT('',(-1.121997468501,96.74639404994));
#3814 = CARTESIAN_POINT('',(-1.346396851538,96.073198425769));
#3815 = CARTESIAN_POINT('',(-1.570796326795,95.4));
#3816 = ( GEOMETRIC_REPRESENTATION_CONTEXT(2) 
PARAMETRIC_REPRESENTATION_CONTEXT() REPRESENTATION_CONTEXT('2D SPACE',''
  ) );
#3817 = PCURVE('',#2772,#3818);
#3818 = DEFINITIONAL_REPRESENTATION('',(#3819),#3829);
#3819 = B_SPLINE_CURVE_WITH_KNOTS('',8,(#3820,#3821,#3822,#3823,#3824,
    #3825,#3826,#3827,#3828),.UNSPECIFIED.,.F.,.F.,(9,9),(0.,
    1.570796326795),.PIECEWISE_BEZIER_KNOTS.);
#3820 = CARTESIAN_POINT('',(0.,0.));
#3821 = CARTESIAN_POINT('',(-0.196349540849,1.442753020291E-16));
#3822 = CARTESIAN_POINT('',(-0.3926990817,0.132182327958));
#3823 = CARTESIAN_POINT('',(-0.589048622545,0.396545860983));
#3824 = CARTESIAN_POINT('',(-0.785398163401,0.782223748265));
#3825 = CARTESIAN_POINT('',(-0.981747704246,1.267460216368));
#3826 = CARTESIAN_POINT('',(-1.178097245097,1.821902615045));
#3827 = CARTESIAN_POINT('',(-1.374446785946,2.410951377452));
#3828 = CARTESIAN_POINT('',(-1.570796326795,3.));
#3829 = ( GEOMETRIC_REPRESENTATION_CONTEXT(2) 
PARAMETRIC_REPRESENTATION_CONTEXT() REPRESENTATION_CONTEXT('2D SPACE',''
  ) );
#3830 = ORIENTED_EDGE('',*,*,#2648,.F.);
#3831 = ADVANCED_FACE('',(#3832),#2738,.T.);
#3832 = FACE_BOUND('',#3833,.F.);
#3833 = EDGE_LOOP('',(#3834,#3869,#3890,#3891));
#3834 = ORIENTED_EDGE('',*,*,#3835,.T.);
#3835 = EDGE_CURVE('',#2702,#3836,#3838,.T.);
#3836 = VERTEX_POINT('',#3837);
#3837 = CARTESIAN_POINT('',(-46.2,2.5,12.));
#3838 = SURFACE_CURVE('',#3839,(#3844,#3857),.PCURVE_S1.);
#3839 = ELLIPSE('',#3840,4.242640687119,3.);
#3840 = AXIS2_PLACEMENT_3D('',#3841,#3842,#3843);
#3841 = CARTESIAN_POINT('',(-46.2,2.5,9.));
#3842 = DIRECTION('',(0.707106781187,0.707106781187,-0.));
#3843 = DIRECTION('',(-0.707106781187,0.707106781187,0.));
#3844 = PCURVE('',#2738,#3845);
#3845 = DEFINITIONAL_REPRESENTATION('',(#3846),#3856);
#3846 = B_SPLINE_CURVE_WITH_KNOTS('',8,(#3847,#3848,#3849,#3850,#3851,
    #3852,#3853,#3854,#3855),.UNSPECIFIED.,.F.,.F.,(9,9),(0.,
    1.570796326795),.PIECEWISE_BEZIER_KNOTS.);
#3847 = CARTESIAN_POINT('',(0.,0.));
#3848 = CARTESIAN_POINT('',(-0.196349540849,1.442753020291E-16));
#3849 = CARTESIAN_POINT('',(-0.3926990817,0.132182327958));
#3850 = CARTESIAN_POINT('',(-0.589048622545,0.396545860983));
#3851 = CARTESIAN_POINT('',(-0.785398163401,0.782223748265));
#3852 = CARTESIAN_POINT('',(-0.981747704246,1.267460216368));
#3853 = CARTESIAN_POINT('',(-1.178097245097,1.821902615045));
#3854 = CARTESIAN_POINT('',(-1.374446785946,2.410951377452));
#3855 = CARTESIAN_POINT('',(-1.570796326795,3.));
#3856 = ( GEOMETRIC_REPRESENTATION_CONTEXT(2) 
PARAMETRIC_REPRESENTATION_CONTEXT() REPRESENTATION_CONTEXT('2D SPACE',''
  ) );
#3857 = PCURVE('',#2824,#3858);
#3858 = DEFINITIONAL_REPRESENTATION('',(#3859),#3868);
#3859 = B_SPLINE_CURVE_WITH_KNOTS('',7,(#3860,#3861,#3862,#3863,#3864,
    #3865,#3866,#3867),.UNSPECIFIED.,.F.,.F.,(8,8),(0.,1.570796326795),
  .PIECEWISE_BEZIER_KNOTS.);
#3860 = CARTESIAN_POINT('',(2.22044604925E-16,98.4));
#3861 = CARTESIAN_POINT('',(-0.224399475256,98.4));
#3862 = CARTESIAN_POINT('',(-0.448799077559,98.22375357676));
#3863 = CARTESIAN_POINT('',(-0.673198272467,97.871288256248));
#3864 = CARTESIAN_POINT('',(-0.897597863252,97.364240148692));
#3865 = CARTESIAN_POINT('',(-1.121997468501,96.74639404994));
#3866 = CARTESIAN_POINT('',(-1.346396851538,96.073198425769));
#3867 = CARTESIAN_POINT('',(-1.570796326795,95.4));
#3868 = ( GEOMETRIC_REPRESENTATION_CONTEXT(2) 
PARAMETRIC_REPRESENTATION_CONTEXT() REPRESENTATION_CONTEXT('2D SPACE',''
  ) );
#3869 = ORIENTED_EDGE('',*,*,#3870,.T.);
#3870 = EDGE_CURVE('',#3836,#3737,#3871,.T.);
#3871 = SURFACE_CURVE('',#3872,(#3876,#3883),.PCURVE_S1.);
#3872 = LINE('',#3873,#3874);
#3873 = CARTESIAN_POINT('',(-46.2,5.5,12.));
#3874 = VECTOR('',#3875,1.);
#3875 = DIRECTION('',(0.,-1.,0.));
#3876 = PCURVE('',#2738,#3877);
#3877 = DEFINITIONAL_REPRESENTATION('',(#3878),#3882);
#3878 = LINE('',#3879,#3880);
#3879 = CARTESIAN_POINT('',(-1.570796326795,0.));
#3880 = VECTOR('',#3881,1.);
#3881 = DIRECTION('',(-0.,1.));
#3882 = ( GEOMETRIC_REPRESENTATION_CONTEXT(2) 
PARAMETRIC_REPRESENTATION_CONTEXT() REPRESENTATION_CONTEXT('2D SPACE',''
  ) );
#3883 = PCURVE('',#3786,#3884);
#3884 = DEFINITIONAL_REPRESENTATION('',(#3885),#3889);
#3885 = LINE('',#3886,#3887);
#3886 = CARTESIAN_POINT('',(-46.2,5.5));
#3887 = VECTOR('',#3888,1.);
#3888 = DIRECTION('',(0.,-1.));
#3889 = ( GEOMETRIC_REPRESENTATION_CONTEXT(2) 
PARAMETRIC_REPRESENTATION_CONTEXT() REPRESENTATION_CONTEXT('2D SPACE',''
  ) );
#3890 = ORIENTED_EDGE('',*,*,#3736,.F.);
#3891 = ORIENTED_EDGE('',*,*,#2724,.F.);
#3892 = ADVANCED_FACE('',(#3893),#2772,.T.);
#3893 = FACE_BOUND('',#3894,.F.);
#3894 = EDGE_LOOP('',(#3895,#3896,#3919,#3951));
#3895 = ORIENTED_EDGE('',*,*,#3798,.T.);
#3896 = ORIENTED_EDGE('',*,*,#3897,.T.);
#3897 = EDGE_CURVE('',#3771,#3898,#3900,.T.);
#3898 = VERTEX_POINT('',#3899);
#3899 = CARTESIAN_POINT('',(46.2,2.5,12.));
#3900 = SURFACE_CURVE('',#3901,(#3905,#3912),.PCURVE_S1.);
#3901 = LINE('',#3902,#3903);
#3902 = CARTESIAN_POINT('',(46.2,-5.5,12.));
#3903 = VECTOR('',#3904,1.);
#3904 = DIRECTION('',(0.,1.,0.));
#3905 = PCURVE('',#2772,#3906);
#3906 = DEFINITIONAL_REPRESENTATION('',(#3907),#3911);
#3907 = LINE('',#3908,#3909);
#3908 = CARTESIAN_POINT('',(-1.570796326795,0.));
#3909 = VECTOR('',#3910,1.);
#3910 = DIRECTION('',(-0.,1.));
#3911 = ( GEOMETRIC_REPRESENTATION_CONTEXT(2) 
PARAMETRIC_REPRESENTATION_CONTEXT() REPRESENTATION_CONTEXT('2D SPACE',''
  ) );
#3912 = PCURVE('',#3786,#3913);
#3913 = DEFINITIONAL_REPRESENTATION('',(#3914),#3918);
#3914 = LINE('',#3915,#3916);
#3915 = CARTESIAN_POINT('',(46.2,-5.5));
#3916 = VECTOR('',#3917,1.);
#3917 = DIRECTION('',(0.,1.));
#3918 = ( GEOMETRIC_REPRESENTATION_CONTEXT(2) 
PARAMETRIC_REPRESENTATION_CONTEXT() REPRESENTATION_CONTEXT('2D SPACE',''
  ) );
#3919 = ORIENTED_EDGE('',*,*,#3920,.F.);
#3920 = EDGE_CURVE('',#2757,#3898,#3921,.T.);
#3921 = SURFACE_CURVE('',#3922,(#3927,#3939),.PCURVE_S1.);
#3922 = ELLIPSE('',#3923,4.242640687119,3.);
#3923 = AXIS2_PLACEMENT_3D('',#3924,#3925,#3926);
#3924 = CARTESIAN_POINT('',(46.2,2.5,9.));
#3925 = DIRECTION('',(0.707106781187,-0.707106781187,-0.));
#3926 = DIRECTION('',(0.707106781187,0.707106781187,0.));
#3927 = PCURVE('',#2772,#3928);
#3928 = DEFINITIONAL_REPRESENTATION('',(#3929),#3938);
#3929 = B_SPLINE_CURVE_WITH_KNOTS('',7,(#3930,#3931,#3932,#3933,#3934,
    #3935,#3936,#3937),.UNSPECIFIED.,.F.,.F.,(8,8),(0.,1.570796326795),
  .PIECEWISE_BEZIER_KNOTS.);
#3930 = CARTESIAN_POINT('',(0.,11.));
#3931 = CARTESIAN_POINT('',(-0.224399475256,11.));
#3932 = CARTESIAN_POINT('',(-0.448799077559,10.823753576765));
#3933 = CARTESIAN_POINT('',(-0.673198272467,10.47128825624));
#3934 = CARTESIAN_POINT('',(-0.897597863249,9.964240148684));
#3935 = CARTESIAN_POINT('',(-1.1219974685,9.346394049933));
#3936 = CARTESIAN_POINT('',(-1.346396851538,8.673198425769));
#3937 = CARTESIAN_POINT('',(-1.570796326795,8.));
#3938 = ( GEOMETRIC_REPRESENTATION_CONTEXT(2) 
PARAMETRIC_REPRESENTATION_CONTEXT() REPRESENTATION_CONTEXT('2D SPACE',''
  ) );
#3939 = PCURVE('',#2824,#3940);
#3940 = DEFINITIONAL_REPRESENTATION('',(#3941),#3950);
#3941 = B_SPLINE_CURVE_WITH_KNOTS('',7,(#3942,#3943,#3944,#3945,#3946,
    #3947,#3948,#3949),.UNSPECIFIED.,.F.,.F.,(8,8),(0.,1.570796326795),
  .PIECEWISE_BEZIER_KNOTS.);
#3942 = CARTESIAN_POINT('',(-1.110223024625E-16,-1.110223024625E-16));
#3943 = CARTESIAN_POINT('',(-0.224399475256,7.22638401569E-15));
#3944 = CARTESIAN_POINT('',(-0.448799077559,0.176246423236));
#3945 = CARTESIAN_POINT('',(-0.673198272467,0.528711743758));
#3946 = CARTESIAN_POINT('',(-0.897597863249,1.035759851317));
#3947 = CARTESIAN_POINT('',(-1.1219974685,1.653605950067));
#3948 = CARTESIAN_POINT('',(-1.346396851538,2.326801574231));
#3949 = CARTESIAN_POINT('',(-1.570796326795,3.));
#3950 = ( GEOMETRIC_REPRESENTATION_CONTEXT(2) 
PARAMETRIC_REPRESENTATION_CONTEXT() REPRESENTATION_CONTEXT('2D SPACE',''
  ) );
#3951 = ORIENTED_EDGE('',*,*,#2756,.F.);
#3952 = ADVANCED_FACE('',(#3953),#2824,.T.);
#3953 = FACE_BOUND('',#3954,.F.);
#3954 = EDGE_LOOP('',(#3955,#3956,#3977,#3978));
#3955 = ORIENTED_EDGE('',*,*,#3920,.T.);
#3956 = ORIENTED_EDGE('',*,*,#3957,.T.);
#3957 = EDGE_CURVE('',#3898,#3836,#3958,.T.);
#3958 = SURFACE_CURVE('',#3959,(#3963,#3970),.PCURVE_S1.);
#3959 = LINE('',#3960,#3961);
#3960 = CARTESIAN_POINT('',(49.2,2.5,12.));
#3961 = VECTOR('',#3962,1.);
#3962 = DIRECTION('',(-1.,0.,0.));
#3963 = PCURVE('',#2824,#3964);
#3964 = DEFINITIONAL_REPRESENTATION('',(#3965),#3969);
#3965 = LINE('',#3966,#3967);
#3966 = CARTESIAN_POINT('',(-1.570796326795,0.));
#3967 = VECTOR('',#3968,1.);
#3968 = DIRECTION('',(-0.,1.));
#3969 = ( GEOMETRIC_REPRESENTATION_CONTEXT(2) 
PARAMETRIC_REPRESENTATION_CONTEXT() REPRESENTATION_CONTEXT('2D SPACE',''
  ) );
#3970 = PCURVE('',#3786,#3971);
#3971 = DEFINITIONAL_REPRESENTATION('',(#3972),#3976);
#3972 = LINE('',#3973,#3974);
#3973 = CARTESIAN_POINT('',(49.2,2.5));
#3974 = VECTOR('',#3975,1.);
#3975 = DIRECTION('',(-1.,0.));
#3976 = ( GEOMETRIC_REPRESENTATION_CONTEXT(2) 
PARAMETRIC_REPRESENTATION_CONTEXT() REPRESENTATION_CONTEXT('2D SPACE',''
  ) );
#3977 = ORIENTED_EDGE('',*,*,#3835,.F.);
#3978 = ORIENTED_EDGE('',*,*,#2810,.F.);
#3979 = ADVANCED_FACE('',(#3980),#2880,.T.);
#3980 = FACE_BOUND('',#3981,.F.);
#3981 = EDGE_LOOP('',(#3982,#4017,#4045,#4078));
#3982 = ORIENTED_EDGE('',*,*,#3983,.T.);
#3983 = EDGE_CURVE('',#2842,#3984,#3986,.T.);
#3984 = VERTEX_POINT('',#3985);
#3985 = CARTESIAN_POINT('',(-43.2,23.1,15.));
#3986 = SURFACE_CURVE('',#3987,(#3992,#4004),.PCURVE_S1.);
#3987 = ELLIPSE('',#3988,4.242640687119,3.);
#3988 = AXIS2_PLACEMENT_3D('',#3989,#3990,#3991);
#3989 = CARTESIAN_POINT('',(-43.2,23.1,12.));
#3990 = DIRECTION('',(-0.707106781187,0.707106781187,0.));
#3991 = DIRECTION('',(0.707106781187,0.707106781187,0.));
#3992 = PCURVE('',#2880,#3993);
#3993 = DEFINITIONAL_REPRESENTATION('',(#3994),#4003);
#3994 = B_SPLINE_CURVE_WITH_KNOTS('',7,(#3995,#3996,#3997,#3998,#3999,
    #4000,#4001,#4002),.UNSPECIFIED.,.F.,.F.,(8,8),(3.14159265359,
    4.712388980385),.PIECEWISE_BEZIER_KNOTS.);
#3995 = CARTESIAN_POINT('',(-2.22044604925E-16,-1.110223024625E-16));
#3996 = CARTESIAN_POINT('',(-0.224399475256,-1.412031937206E-14));
#3997 = CARTESIAN_POINT('',(-0.448799077559,0.176246423236));
#3998 = CARTESIAN_POINT('',(-0.673198272467,0.528711743758));
#3999 = CARTESIAN_POINT('',(-0.897597863249,1.035759851317));
#4000 = CARTESIAN_POINT('',(-1.1219974685,1.653605950067));
#4001 = CARTESIAN_POINT('',(-1.346396851538,2.326801574231));
#4002 = CARTESIAN_POINT('',(-1.570796326795,3.));
#4003 = ( GEOMETRIC_REPRESENTATION_CONTEXT(2) 
PARAMETRIC_REPRESENTATION_CONTEXT() REPRESENTATION_CONTEXT('2D SPACE',''
  ) );
#4004 = PCURVE('',#2954,#4005);
#4005 = DEFINITIONAL_REPRESENTATION('',(#4006),#4016);
#4006 = B_SPLINE_CURVE_WITH_KNOTS('',8,(#4007,#4008,#4009,#4010,#4011,
    #4012,#4013,#4014,#4015),.UNSPECIFIED.,.F.,.F.,(9,9),(3.14159265359,
    4.712388980385),.PIECEWISE_BEZIER_KNOTS.);
#4007 = CARTESIAN_POINT('',(0.,11.));
#4008 = CARTESIAN_POINT('',(-0.196349540849,11.));
#4009 = CARTESIAN_POINT('',(-0.392699081699,10.867817672031));
#4010 = CARTESIAN_POINT('',(-0.589048622548,10.603454139033));
#4011 = CARTESIAN_POINT('',(-0.785398163394,10.217776251695));
#4012 = CARTESIAN_POINT('',(-0.981747704247,9.73253978365));
#4013 = CARTESIAN_POINT('',(-1.178097245096,9.178097384952));
#4014 = CARTESIAN_POINT('',(-1.374446785946,8.589048622548));
#4015 = CARTESIAN_POINT('',(-1.570796326795,8.));
#4016 = ( GEOMETRIC_REPRESENTATION_CONTEXT(2) 
PARAMETRIC_REPRESENTATION_CONTEXT() REPRESENTATION_CONTEXT('2D SPACE',''
  ) );
#4017 = ORIENTED_EDGE('',*,*,#4018,.T.);
#4018 = EDGE_CURVE('',#3984,#4019,#4021,.T.);
#4019 = VERTEX_POINT('',#4020);
#4020 = CARTESIAN_POINT('',(49.2,23.1,15.));
#4021 = SURFACE_CURVE('',#4022,(#4026,#4033),.PCURVE_S1.);
#4022 = LINE('',#4023,#4024);
#4023 = CARTESIAN_POINT('',(-46.2,23.1,15.));
#4024 = VECTOR('',#4025,1.);
#4025 = DIRECTION('',(1.,0.,0.));
#4026 = PCURVE('',#2880,#4027);
#4027 = DEFINITIONAL_REPRESENTATION('',(#4028),#4032);
#4028 = LINE('',#4029,#4030);
#4029 = CARTESIAN_POINT('',(-1.570796326795,0.));
#4030 = VECTOR('',#4031,1.);
#4031 = DIRECTION('',(-0.,1.));
#4032 = ( GEOMETRIC_REPRESENTATION_CONTEXT(2) 
PARAMETRIC_REPRESENTATION_CONTEXT() REPRESENTATION_CONTEXT('2D SPACE',''
  ) );
#4033 = PCURVE('',#4034,#4039);
#4034 = PLANE('',#4035);
#4035 = AXIS2_PLACEMENT_3D('',#4036,#4037,#4038);
#4036 = CARTESIAN_POINT('',(3.,25.6,15.));
#4037 = DIRECTION('',(0.,0.,1.));
#4038 = DIRECTION('',(1.,0.,-0.));
#4039 = DEFINITIONAL_REPRESENTATION('',(#4040),#4044);
#4040 = LINE('',#4041,#4042);
#4041 = CARTESIAN_POINT('',(-49.2,-2.5));
#4042 = VECTOR('',#4043,1.);
#4043 = DIRECTION('',(1.,0.));
#4044 = ( GEOMETRIC_REPRESENTATION_CONTEXT(2) 
PARAMETRIC_REPRESENTATION_CONTEXT() REPRESENTATION_CONTEXT('2D SPACE',''
  ) );
#4045 = ORIENTED_EDGE('',*,*,#4046,.F.);
#4046 = EDGE_CURVE('',#2865,#4019,#4047,.T.);
#4047 = SURFACE_CURVE('',#4048,(#4053,#4065),.PCURVE_S1.);
#4048 = ELLIPSE('',#4049,4.242640687119,3.);
#4049 = AXIS2_PLACEMENT_3D('',#4050,#4051,#4052);
#4050 = CARTESIAN_POINT('',(49.2,23.1,12.));
#4051 = DIRECTION('',(-0.707106781187,-0.707106781187,0.));
#4052 = DIRECTION('',(0.707106781187,-0.707106781187,0.));
#4053 = PCURVE('',#2880,#4054);
#4054 = DEFINITIONAL_REPRESENTATION('',(#4055),#4064);
#4055 = B_SPLINE_CURVE_WITH_KNOTS('',7,(#4056,#4057,#4058,#4059,#4060,
    #4061,#4062,#4063),.UNSPECIFIED.,.F.,.F.,(8,8),(0.,1.570796326795),
  .PIECEWISE_BEZIER_KNOTS.);
#4056 = CARTESIAN_POINT('',(0.,98.4));
#4057 = CARTESIAN_POINT('',(-0.224399475256,98.400000000001));
#4058 = CARTESIAN_POINT('',(-0.448799077559,98.223753576759));
#4059 = CARTESIAN_POINT('',(-0.673198272467,97.871288256249));
#4060 = CARTESIAN_POINT('',(-0.897597863252,97.364240148691));
#4061 = CARTESIAN_POINT('',(-1.121997468502,96.74639404994));
#4062 = CARTESIAN_POINT('',(-1.346396851538,96.073198425769));
#4063 = CARTESIAN_POINT('',(-1.570796326795,95.4));
#4064 = ( GEOMETRIC_REPRESENTATION_CONTEXT(2) 
PARAMETRIC_REPRESENTATION_CONTEXT() REPRESENTATION_CONTEXT('2D SPACE',''
  ) );
#4065 = PCURVE('',#2988,#4066);
#4066 = DEFINITIONAL_REPRESENTATION('',(#4067),#4077);
#4067 = B_SPLINE_CURVE_WITH_KNOTS('',8,(#4068,#4069,#4070,#4071,#4072,
    #4073,#4074,#4075,#4076),.UNSPECIFIED.,.F.,.F.,(9,9),(0.,
    1.570796326795),.PIECEWISE_BEZIER_KNOTS.);
#4068 = CARTESIAN_POINT('',(0.,0.));
#4069 = CARTESIAN_POINT('',(-0.196349540849,1.442753020291E-16));
#4070 = CARTESIAN_POINT('',(-0.3926990817,0.132182327959));
#4071 = CARTESIAN_POINT('',(-0.589048622545,0.39654586098));
#4072 = CARTESIAN_POINT('',(-0.785398163401,0.782223748264));
#4073 = CARTESIAN_POINT('',(-0.981747704246,1.267460216366));
#4074 = CARTESIAN_POINT('',(-1.178097245097,1.821902615044));
#4075 = CARTESIAN_POINT('',(-1.374446785946,2.410951377452));
#4076 = CARTESIAN_POINT('',(-1.570796326795,3.));
#4077 = ( GEOMETRIC_REPRESENTATION_CONTEXT(2) 
PARAMETRIC_REPRESENTATION_CONTEXT() REPRESENTATION_CONTEXT('2D SPACE',''
  ) );
#4078 = ORIENTED_EDGE('',*,*,#2864,.F.);
#4079 = ADVANCED_FACE('',(#4080),#2954,.T.);
#4080 = FACE_BOUND('',#4081,.F.);
#4081 = EDGE_LOOP('',(#4082,#4117,#4138,#4139));
#4082 = ORIENTED_EDGE('',*,*,#4083,.T.);
#4083 = EDGE_CURVE('',#2918,#4084,#4086,.T.);
#4084 = VERTEX_POINT('',#4085);
#4085 = CARTESIAN_POINT('',(-43.2,28.1,15.));
#4086 = SURFACE_CURVE('',#4087,(#4092,#4105),.PCURVE_S1.);
#4087 = ELLIPSE('',#4088,4.242640687119,3.);
#4088 = AXIS2_PLACEMENT_3D('',#4089,#4090,#4091);
#4089 = CARTESIAN_POINT('',(-43.2,28.1,12.));
#4090 = DIRECTION('',(0.707106781187,0.707106781187,-0.));
#4091 = DIRECTION('',(-0.707106781187,0.707106781187,0.));
#4092 = PCURVE('',#2954,#4093);
#4093 = DEFINITIONAL_REPRESENTATION('',(#4094),#4104);
#4094 = B_SPLINE_CURVE_WITH_KNOTS('',8,(#4095,#4096,#4097,#4098,#4099,
    #4100,#4101,#4102,#4103),.UNSPECIFIED.,.F.,.F.,(9,9),(0.,
    1.570796326795),.PIECEWISE_BEZIER_KNOTS.);
#4095 = CARTESIAN_POINT('',(0.,0.));
#4096 = CARTESIAN_POINT('',(-0.196349540849,1.442753020291E-16));
#4097 = CARTESIAN_POINT('',(-0.3926990817,0.132182327959));
#4098 = CARTESIAN_POINT('',(-0.589048622545,0.39654586098));
#4099 = CARTESIAN_POINT('',(-0.785398163401,0.782223748264));
#4100 = CARTESIAN_POINT('',(-0.981747704246,1.267460216366));
#4101 = CARTESIAN_POINT('',(-1.178097245097,1.821902615044));
#4102 = CARTESIAN_POINT('',(-1.374446785946,2.410951377452));
#4103 = CARTESIAN_POINT('',(-1.570796326795,3.));
#4104 = ( GEOMETRIC_REPRESENTATION_CONTEXT(2) 
PARAMETRIC_REPRESENTATION_CONTEXT() REPRESENTATION_CONTEXT('2D SPACE',''
  ) );
#4105 = PCURVE('',#3040,#4106);
#4106 = DEFINITIONAL_REPRESENTATION('',(#4107),#4116);
#4107 = B_SPLINE_CURVE_WITH_KNOTS('',7,(#4108,#4109,#4110,#4111,#4112,
    #4113,#4114,#4115),.UNSPECIFIED.,.F.,.F.,(8,8),(0.,1.570796326795),
  .PIECEWISE_BEZIER_KNOTS.);
#4108 = CARTESIAN_POINT('',(0.,98.4));
#4109 = CARTESIAN_POINT('',(-0.224399475256,98.400000000001));
#4110 = CARTESIAN_POINT('',(-0.448799077559,98.223753576759));
#4111 = CARTESIAN_POINT('',(-0.673198272467,97.871288256249));
#4112 = CARTESIAN_POINT('',(-0.897597863252,97.364240148691));
#4113 = CARTESIAN_POINT('',(-1.121997468502,96.74639404994));
#4114 = CARTESIAN_POINT('',(-1.346396851538,96.073198425769));
#4115 = CARTESIAN_POINT('',(-1.570796326795,95.4));
#4116 = ( GEOMETRIC_REPRESENTATION_CONTEXT(2) 
PARAMETRIC_REPRESENTATION_CONTEXT() REPRESENTATION_CONTEXT('2D SPACE',''
  ) );
#4117 = ORIENTED_EDGE('',*,*,#4118,.T.);
#4118 = EDGE_CURVE('',#4084,#3984,#4119,.T.);
#4119 = SURFACE_CURVE('',#4120,(#4124,#4131),.PCURVE_S1.);
#4120 = LINE('',#4121,#4122);
#4121 = CARTESIAN_POINT('',(-43.2,31.1,15.));
#4122 = VECTOR('',#4123,1.);
#4123 = DIRECTION('',(0.,-1.,0.));
#4124 = PCURVE('',#2954,#4125);
#4125 = DEFINITIONAL_REPRESENTATION('',(#4126),#4130);
#4126 = LINE('',#4127,#4128);
#4127 = CARTESIAN_POINT('',(-1.570796326795,0.));
#4128 = VECTOR('',#4129,1.);
#4129 = DIRECTION('',(-0.,1.));
#4130 = ( GEOMETRIC_REPRESENTATION_CONTEXT(2) 
PARAMETRIC_REPRESENTATION_CONTEXT() REPRESENTATION_CONTEXT('2D SPACE',''
  ) );
#4131 = PCURVE('',#4034,#4132);
#4132 = DEFINITIONAL_REPRESENTATION('',(#4133),#4137);
#4133 = LINE('',#4134,#4135);
#4134 = CARTESIAN_POINT('',(-46.2,5.5));
#4135 = VECTOR('',#4136,1.);
#4136 = DIRECTION('',(0.,-1.));
#4137 = ( GEOMETRIC_REPRESENTATION_CONTEXT(2) 
PARAMETRIC_REPRESENTATION_CONTEXT() REPRESENTATION_CONTEXT('2D SPACE',''
  ) );
#4138 = ORIENTED_EDGE('',*,*,#3983,.F.);
#4139 = ORIENTED_EDGE('',*,*,#2940,.F.);
#4140 = ADVANCED_FACE('',(#4141),#2988,.T.);
#4141 = FACE_BOUND('',#4142,.F.);
#4142 = EDGE_LOOP('',(#4143,#4144,#4167,#4200));
#4143 = ORIENTED_EDGE('',*,*,#4046,.T.);
#4144 = ORIENTED_EDGE('',*,*,#4145,.T.);
#4145 = EDGE_CURVE('',#4019,#4146,#4148,.T.);
#4146 = VERTEX_POINT('',#4147);
#4147 = CARTESIAN_POINT('',(49.2,28.1,15.));
#4148 = SURFACE_CURVE('',#4149,(#4153,#4160),.PCURVE_S1.);
#4149 = LINE('',#4150,#4151);
#4150 = CARTESIAN_POINT('',(49.2,20.1,15.));
#4151 = VECTOR('',#4152,1.);
#4152 = DIRECTION('',(0.,1.,0.));
#4153 = PCURVE('',#2988,#4154);
#4154 = DEFINITIONAL_REPRESENTATION('',(#4155),#4159);
#4155 = LINE('',#4156,#4157);
#4156 = CARTESIAN_POINT('',(-1.570796326795,0.));
#4157 = VECTOR('',#4158,1.);
#4158 = DIRECTION('',(-0.,1.));
#4159 = ( GEOMETRIC_REPRESENTATION_CONTEXT(2) 
PARAMETRIC_REPRESENTATION_CONTEXT() REPRESENTATION_CONTEXT('2D SPACE',''
  ) );
#4160 = PCURVE('',#4034,#4161);
#4161 = DEFINITIONAL_REPRESENTATION('',(#4162),#4166);
#4162 = LINE('',#4163,#4164);
#4163 = CARTESIAN_POINT('',(46.2,-5.5));
#4164 = VECTOR('',#4165,1.);
#4165 = DIRECTION('',(0.,1.));
#4166 = ( GEOMETRIC_REPRESENTATION_CONTEXT(2) 
PARAMETRIC_REPRESENTATION_CONTEXT() REPRESENTATION_CONTEXT('2D SPACE',''
  ) );
#4167 = ORIENTED_EDGE('',*,*,#4168,.F.);
#4168 = EDGE_CURVE('',#2973,#4146,#4169,.T.);
#4169 = SURFACE_CURVE('',#4170,(#4175,#4188),.PCURVE_S1.);
#4170 = ELLIPSE('',#4171,4.242640687119,3.);
#4171 = AXIS2_PLACEMENT_3D('',#4172,#4173,#4174);
#4172 = CARTESIAN_POINT('',(49.2,28.1,12.));
#4173 = DIRECTION('',(0.707106781187,-0.707106781187,-0.));
#4174 = DIRECTION('',(-0.707106781187,-0.707106781187,0.));
#4175 = PCURVE('',#2988,#4176);
#4176 = DEFINITIONAL_REPRESENTATION('',(#4177),#4187);
#4177 = B_SPLINE_CURVE_WITH_KNOTS('',8,(#4178,#4179,#4180,#4181,#4182,
    #4183,#4184,#4185,#4186),.UNSPECIFIED.,.F.,.F.,(9,9),(3.14159265359,
    4.712388980385),.PIECEWISE_BEZIER_KNOTS.);
#4178 = CARTESIAN_POINT('',(0.,11.));
#4179 = CARTESIAN_POINT('',(-0.196349540849,11.));
#4180 = CARTESIAN_POINT('',(-0.392699081699,10.867817672031));
#4181 = CARTESIAN_POINT('',(-0.589048622548,10.603454139033));
#4182 = CARTESIAN_POINT('',(-0.785398163394,10.217776251695));
#4183 = CARTESIAN_POINT('',(-0.981747704247,9.73253978365));
#4184 = CARTESIAN_POINT('',(-1.178097245096,9.178097384952));
#4185 = CARTESIAN_POINT('',(-1.374446785946,8.589048622548));
#4186 = CARTESIAN_POINT('',(-1.570796326795,8.));
#4187 = ( GEOMETRIC_REPRESENTATION_CONTEXT(2) 
PARAMETRIC_REPRESENTATION_CONTEXT() REPRESENTATION_CONTEXT('2D SPACE',''
  ) );
#4188 = PCURVE('',#3040,#4189);
#4189 = DEFINITIONAL_REPRESENTATION('',(#4190),#4199);
#4190 = B_SPLINE_CURVE_WITH_KNOTS('',7,(#4191,#4192,#4193,#4194,#4195,
    #4196,#4197,#4198),.UNSPECIFIED.,.F.,.F.,(8,8),(3.14159265359,
    4.712388980385),.PIECEWISE_BEZIER_KNOTS.);
#4191 = CARTESIAN_POINT('',(-2.22044604925E-16,-1.110223024625E-16));
#4192 = CARTESIAN_POINT('',(-0.224399475256,-1.412031937206E-14));
#4193 = CARTESIAN_POINT('',(-0.448799077559,0.176246423236));
#4194 = CARTESIAN_POINT('',(-0.673198272467,0.528711743758));
#4195 = CARTESIAN_POINT('',(-0.897597863249,1.035759851317));
#4196 = CARTESIAN_POINT('',(-1.1219974685,1.653605950067));
#4197 = CARTESIAN_POINT('',(-1.346396851538,2.326801574231));
#4198 = CARTESIAN_POINT('',(-1.570796326795,3.));
#4199 = ( GEOMETRIC_REPRESENTATION_CONTEXT(2) 
PARAMETRIC_REPRESENTATION_CONTEXT() REPRESENTATION_CONTEXT('2D SPACE',''
  ) );
#4200 = ORIENTED_EDGE('',*,*,#2972,.F.);
#4201 = ADVANCED_FACE('',(#4202),#3040,.T.);
#4202 = FACE_BOUND('',#4203,.F.);
#4203 = EDGE_LOOP('',(#4204,#4205,#4226,#4227));
#4204 = ORIENTED_EDGE('',*,*,#4168,.T.);
#4205 = ORIENTED_EDGE('',*,*,#4206,.T.);
#4206 = EDGE_CURVE('',#4146,#4084,#4207,.T.);
#4207 = SURFACE_CURVE('',#4208,(#4212,#4219),.PCURVE_S1.);
#4208 = LINE('',#4209,#4210);
#4209 = CARTESIAN_POINT('',(52.2,28.1,15.));
#4210 = VECTOR('',#4211,1.);
#4211 = DIRECTION('',(-1.,0.,0.));
#4212 = PCURVE('',#3040,#4213);
#4213 = DEFINITIONAL_REPRESENTATION('',(#4214),#4218);
#4214 = LINE('',#4215,#4216);
#4215 = CARTESIAN_POINT('',(-1.570796326795,0.));
#4216 = VECTOR('',#4217,1.);
#4217 = DIRECTION('',(-0.,1.));
#4218 = ( GEOMETRIC_REPRESENTATION_CONTEXT(2) 
PARAMETRIC_REPRESENTATION_CONTEXT() REPRESENTATION_CONTEXT('2D SPACE',''
  ) );
#4219 = PCURVE('',#4034,#4220);
#4220 = DEFINITIONAL_REPRESENTATION('',(#4221),#4225);
#4221 = LINE('',#4222,#4223);
#4222 = CARTESIAN_POINT('',(49.2,2.5));
#4223 = VECTOR('',#4224,1.);
#4224 = DIRECTION('',(-1.,0.));
#4225 = ( GEOMETRIC_REPRESENTATION_CONTEXT(2) 
PARAMETRIC_REPRESENTATION_CONTEXT() REPRESENTATION_CONTEXT('2D SPACE',''
  ) );
#4226 = ORIENTED_EDGE('',*,*,#4083,.F.);
#4227 = ORIENTED_EDGE('',*,*,#3026,.F.);
#4228 = ADVANCED_FACE('',(#4229),#3518,.T.);
#4229 = FACE_BOUND('',#4230,.T.);
#4230 = EDGE_LOOP('',(#4231,#4232,#4233,#4234));
#4231 = ORIENTED_EDGE('',*,*,#3502,.T.);
#4232 = ORIENTED_EDGE('',*,*,#3568,.T.);
#4233 = ORIENTED_EDGE('',*,*,#3629,.T.);
#4234 = ORIENTED_EDGE('',*,*,#3710,.T.);
#4235 = ADVANCED_FACE('',(#4236),#3786,.T.);
#4236 = FACE_BOUND('',#4237,.T.);
#4237 = EDGE_LOOP('',(#4238,#4239,#4240,#4241));
#4238 = ORIENTED_EDGE('',*,*,#3770,.T.);
#4239 = ORIENTED_EDGE('',*,*,#3897,.T.);
#4240 = ORIENTED_EDGE('',*,*,#3957,.T.);
#4241 = ORIENTED_EDGE('',*,*,#3870,.T.);
#4242 = ADVANCED_FACE('',(#4243),#4034,.T.);
#4243 = FACE_BOUND('',#4244,.T.);
#4244 = EDGE_LOOP('',(#4245,#4246,#4247,#4248));
#4245 = ORIENTED_EDGE('',*,*,#4018,.T.);
#4246 = ORIENTED_EDGE('',*,*,#4145,.T.);
#4247 = ORIENTED_EDGE('',*,*,#4206,.T.);
#4248 = ORIENTED_EDGE('',*,*,#4118,.T.);
#4249 = ( GEOMETRIC_REPRESENTATION_CONTEXT(3) 
GLOBAL_UNCERTAINTY_ASSIGNED_CONTEXT((#4253)) 
GLOBAL_UNIT_ASSIGNED_CONTEXT((#4250,#4251,#4252)) REPRESENTATION_CONTEXT
('Context #1','3D Context with UNIT and UNCERTAINTY') );
#4250 = ( LENGTH_UNIT() NAMED_UNIT(*) SI_UNIT(.MILLI.,.METRE.) );
#4251 = ( NAMED_UNIT(*) PLANE_ANGLE_UNIT() SI_UNIT($,.RADIAN.) );
#4252 = ( NAMED_UNIT(*) SI_UNIT($,.STERADIAN.) SOLID_ANGLE_UNIT() );
#4253 = UNCERTAINTY_MEASURE_WITH_UNIT(LENGTH_MEASURE(2.E-07),#4250,
  'distance_accuracy_value','confusion accuracy');
#4254 = PRODUCT_RELATED_PRODUCT_CATEGORY('part',$,(#7));
ENDSEC;
END-ISO-10303-21;
