ISO-10303-21;
HEADER;
FILE_DESCRIPTION (( 'STEP AP214' ),
    '1' );
FILE_NAME ('Sheet Metal Part 1.STEP',
    '2026-02-25T08:30:02',
    ( '' ),
    ( '' ),
    'SwSTEP 2.0',
    'SolidWorks 2025',
    '' );
FILE_SCHEMA (( 'AUTOMOTIVE_DESIGN' ));
ENDSEC;

DATA;
#1 = PLANE ( 'NONE',  #469 ) ;
#2 = DIRECTION ( 'NONE',  ( 0.000000000000000000, 1.000000000000000000, 0.000000000000000000 ) ) ;
#3 = EDGE_LOOP ( 'NONE', ( #618, #1637, #191, #1518 ) ) ;
#4 = CIRCLE ( 'NONE', #791, 5.000000000000000000 ) ;
#5 = FACE_BOUND ( 'NONE', #509, .T. ) ;
#6 = VECTOR ( 'NONE', #537, 1000.000000000000000 ) ;
#7 = VERTEX_POINT ( 'NONE', #240 ) ;
#8 = ADVANCED_FACE ( 'NONE', ( #111 ), #617, .T. ) ;
#9 = DIRECTION ( 'NONE',  ( 0.000000000000000000, 0.000000000000000000, -1.000000000000000000 ) ) ;
#10 = ADVANCED_FACE ( 'NONE', ( #1279 ), #1435, .F. ) ;
#11 = PLANE ( 'NONE',  #709 ) ;
#12 = CARTESIAN_POINT ( 'NONE',  ( -16.00000000000000000, 23.24999999999999289, -26.75000000000000355 ) ) ;
#13 = AXIS2_PLACEMENT_3D ( 'NONE', #1340, #1600, #1213 ) ;
#14 = VERTEX_POINT ( 'NONE', #1673 ) ;
#15 = AXIS2_PLACEMENT_3D ( 'NONE', #1551, #365, #380 ) ;
#16 = CARTESIAN_POINT ( 'NONE',  ( 16.00000000000000000, -2.000000000000000000, -14.75000000000000178 ) ) ;
#17 = CARTESIAN_POINT ( 'NONE',  ( -15.00000000000000000, 24.25000000000000000, -26.75000000000000355 ) ) ;
#18 = ORIENTED_EDGE ( 'NONE', *, *, #1680, .F. ) ;
#19 = DIRECTION ( 'NONE',  ( 0.000000000000000000, -1.000000000000000000, 0.000000000000000000 ) ) ;
#20 = CARTESIAN_POINT ( 'NONE',  ( 16.00000000000000000, -2.249999999999990230, -27.75000000000000355 ) ) ;
#21 = DIRECTION ( 'NONE',  ( 0.000000000000000000, 0.000000000000000000, -1.000000000000000000 ) ) ;
#22 = EDGE_CURVE ( 'NONE', #1369, #1653, #1183, .T. ) ;
#23 = ORIENTED_EDGE ( 'NONE', *, *, #1255, .F. ) ;
#24 = LINE ( 'NONE', #1336, #1684 ) ;
#25 = LINE ( 'NONE', #1063, #802 ) ;
#26 = CARTESIAN_POINT ( 'NONE',  ( -16.00000000000000000, -5.250000000000000000, -24.75000000000000000 ) ) ;
#27 = DIRECTION ( 'NONE',  ( 0.000000000000000000, -1.000000000000000000, 0.000000000000000000 ) ) ;
#28 = CARTESIAN_POINT ( 'NONE',  ( -10.77032961404152189, 0.000000000000000000, 0.000000000000000000 ) ) ;
#29 = ORIENTED_EDGE ( 'NONE', *, *, #168, .F. ) ;
#30 = EDGE_CURVE ( 'NONE', #1370, #262, #515, .T. ) ;
#31 = DIRECTION ( 'NONE',  ( -0.000000000000000000, 1.000000000000000000, 0.000000000000000000 ) ) ;
#32 = LINE ( 'NONE', #570, #1691 ) ;
#33 = ADVANCED_FACE ( 'NONE', ( #1144 ), #1689, .T. ) ;
#34 = AXIS2_PLACEMENT_3D ( 'NONE', #215, #1012, #1037 ) ;
#35 = CARTESIAN_POINT ( 'NONE',  ( -14.00000000000000000, 0.000000000000000000, -2.000000000000000000 ) ) ;
#36 = LINE ( 'NONE', #1451, #1045 ) ;
#37 = CARTESIAN_POINT ( 'NONE',  ( 3.000000000000000000, -2.249999999999995115, -26.75000000000000355 ) ) ;
#38 = ORIENTED_EDGE ( 'NONE', *, *, #616, .F. ) ;
#39 = CIRCLE ( 'NONE', #394, 1.000000000000000888 ) ;
#40 = CARTESIAN_POINT ( 'NONE',  ( 11.00000000000000000, -1.000000000000000000, -14.75000000000000000 ) ) ;
#41 = CONICAL_SURFACE ( 'NONE', #455, 3.149999999999999911, 0.7853981633974495002 ) ;
#42 = EDGE_CURVE ( 'NONE', #1650, #1276, #224, .T. ) ;
#43 = CARTESIAN_POINT ( 'NONE',  ( 4.000000000000021316, 1.750000000000001554, -20.75000000000001066 ) ) ;
#44 = CARTESIAN_POINT ( 'NONE',  ( 11.50000000000000000, 1.734723475976807883E-15, -4.000000000000000000 ) ) ;
#45 = ORIENTED_EDGE ( 'NONE', *, *, #1570, .F. ) ;
#46 = DIRECTION ( 'NONE',  ( 0.000000000000000000, 1.000000000000000000, 0.000000000000000000 ) ) ;
#47 = ORIENTED_EDGE ( 'NONE', *, *, #1570, .T. ) ;
#48 = ORIENTED_EDGE ( 'NONE', *, *, #667, .F. ) ;
#49 = LINE ( 'NONE', #304, #694 ) ;
#50 = DIRECTION ( 'NONE',  ( -0.000000000000000000, 0.000000000000000000, 1.000000000000000000 ) ) ;
#51 = FACE_OUTER_BOUND ( 'NONE', #1001, .T. ) ;
#52 = EDGE_CURVE ( 'NONE', #588, #1174, #1013, .T. ) ;
#53 = DIRECTION ( 'NONE',  ( -1.000000000000000000, -0.000000000000000000, -0.000000000000000000 ) ) ;
#54 = ORIENTED_EDGE ( 'NONE', *, *, #72, .F. ) ;
#55 = ORIENTED_EDGE ( 'NONE', *, *, #1424, .T. ) ;
#56 = DIRECTION ( 'NONE',  ( -0.000000000000000000, -1.000000000000000000, 0.000000000000000000 ) ) ;
#57 = DIRECTION ( 'NONE',  ( 0.000000000000000000, 6.982962677686267499E-15, -1.000000000000000000 ) ) ;
#58 = VECTOR ( 'NONE', #53, 1000.000000000000000 ) ;
#59 = AXIS2_PLACEMENT_3D ( 'NONE', #1492, #1123, #834 ) ;
#60 = CARTESIAN_POINT ( 'NONE',  ( 4.000000000000027534, 24.25000000000000000, -18.75000000000000711 ) ) ;
#61 = AXIS2_PLACEMENT_3D ( 'NONE', #595, #1633, #447 ) ;
#62 = EDGE_CURVE ( 'NONE', #1478, #65, #1031, .T. ) ;
#63 = VERTEX_POINT ( 'NONE', #360 ) ;
#64 = EDGE_CURVE ( 'NONE', #262, #217, #624, .T. ) ;
#65 = VERTEX_POINT ( 'NONE', #1066 ) ;
#66 = DIRECTION ( 'NONE',  ( -1.000000000000000000, -0.000000000000000000, -0.000000000000000000 ) ) ;
#67 = AXIS2_PLACEMENT_3D ( 'NONE', #654, #646, #1566 ) ;
#68 = DIRECTION ( 'NONE',  ( -1.000000000000000000, 0.000000000000000000, 1.958379444199758381E-16 ) ) ;
#69 = CIRCLE ( 'NONE', #1273, 3.149999999999999911 ) ;
#70 = DIRECTION ( 'NONE',  ( 3.469446951953614189E-15, -0.000000000000000000, 1.000000000000000000 ) ) ;
#71 = ORIENTED_EDGE ( 'NONE', *, *, #189, .T. ) ;
#72 = EDGE_CURVE ( 'NONE', #837, #628, #989, .T. ) ;
#73 = ORIENTED_EDGE ( 'NONE', *, *, #282, .F. ) ;
#74 = FACE_OUTER_BOUND ( 'NONE', #1527, .T. ) ;
#75 =( LENGTH_UNIT ( ) NAMED_UNIT ( * ) SI_UNIT ( .MILLI., .METRE. ) );
#76 = DIRECTION ( 'NONE',  ( -0.000000000000000000, 1.000000000000000000, 0.000000000000000000 ) ) ;
#77 = PLANE ( 'NONE',  #1485 ) ;
#78 = VERTEX_POINT ( 'NONE', #1467 ) ;
#79 = ADVANCED_FACE ( 'NONE', ( #174 ), #11, .T. ) ;
#80 = ORIENTED_EDGE ( 'NONE', *, *, #490, .T. ) ;
#81 = DIRECTION ( 'NONE',  ( 0.000000000000000000, -1.000000000000000000, -0.000000000000000000 ) ) ;
#82 =( NAMED_UNIT ( * ) SI_UNIT ( $, .STERADIAN. ) SOLID_ANGLE_UNIT ( ) );
#83 = CARTESIAN_POINT ( 'NONE',  ( -11.50000000000000000, -1.000000000000000000, -4.000000000000000000 ) ) ;
#84 = EDGE_CURVE ( 'NONE', #342, #88, #142, .T. ) ;
#85 = ORIENTED_EDGE ( 'NONE', *, *, #459, .F. ) ;
#86 = FACE_OUTER_BOUND ( 'NONE', #1182, .T. ) ;
#87 = VECTOR ( 'NONE', #744, 1000.000000000000000 ) ;
#88 = VERTEX_POINT ( 'NONE', #267 ) ;
#89 = VECTOR ( 'NONE', #1608, 1000.000000000000000 ) ;
#90 = ORIENTED_EDGE ( 'NONE', *, *, #1098, .F. ) ;
#91 = LINE ( 'NONE', #1562, #1025 ) ;
#92 = DIRECTION ( 'NONE',  ( 8.659560562354942719E-17, 0.7071067811865466846, -0.7071067811865483499 ) ) ;
#93 = EDGE_CURVE ( 'NONE', #1342, #1391, #1084, .T. ) ;
#94 = VECTOR ( 'NONE', #2, 1000.000000000000000 ) ;
#95 = ORIENTED_EDGE ( 'NONE', *, *, #1366, .F. ) ;
#96 = CARTESIAN_POINT ( 'NONE',  ( 1.000000000000006439, 24.25000000000000000, -27.75000000000000355 ) ) ;
#97 = VECTOR ( 'NONE', #849, 1000.000000000000000 ) ;
#98 = CARTESIAN_POINT ( 'NONE',  ( 3.000000000000000444, -1.749999999999996891, -26.75000000000000355 ) ) ;
#99 = ORIENTED_EDGE ( 'NONE', *, *, #1133, .F. ) ;
#100 = DIRECTION ( 'NONE',  ( -1.000000000000000000, -0.000000000000000000, -0.000000000000000000 ) ) ;
#101 = LINE ( 'NONE', #620, #396 ) ;
#102 = ORIENTED_EDGE ( 'NONE', *, *, #572, .F. ) ;
#103 = ADVANCED_FACE ( 'NONE', ( #1177 ), #1, .T. ) ;
#104 = DIRECTION ( 'NONE',  ( 0.000000000000000000, -1.000000000000000000, -0.000000000000000000 ) ) ;
#105 = ORIENTED_EDGE ( 'NONE', *, *, #940, .F. ) ;
#106 = ORIENTED_EDGE ( 'NONE', *, *, #62, .F. ) ;
#107 = CYLINDRICAL_SURFACE ( 'NONE', #1292, 2.000000000000000000 ) ;
#108 = DIRECTION ( 'NONE',  ( -1.000000000000000000, 0.000000000000000000, -0.000000000000000000 ) ) ;
#109 = ORIENTED_EDGE ( 'NONE', *, *, #1060, .T. ) ;
#110 = DIRECTION ( 'NONE',  ( -1.000000000000000000, -0.000000000000000000, -0.000000000000000000 ) ) ;
#111 = FACE_OUTER_BOUND ( 'NONE', #227, .T. ) ;
#112 = EDGE_CURVE ( 'NONE', #1403, #88, #819, .T. ) ;
#113 = ORIENTED_EDGE ( 'NONE', *, *, #1647, .F. ) ;
#114 = AXIS2_PLACEMENT_3D ( 'NONE', #1359, #456, #322 ) ;
#115 = LINE ( 'NONE', #1132, #334 ) ;
#116 = SURFACE_SIDE_STYLE ('',( #391 ) ) ;
#117 = EDGE_LOOP ( 'NONE', ( #1280, #337, #1535, #401 ) ) ;
#118 = DIRECTION ( 'NONE',  ( 0.000000000000000000, 0.000000000000000000, 1.000000000000000000 ) ) ;
#119 = VECTOR ( 'NONE', #954, 1000.000000000000000 ) ;
#120 = ORIENTED_EDGE ( 'NONE', *, *, #1151, .F. ) ;
#121 = PRESENTATION_LAYER_ASSIGNMENT (  '', '', ( #945 ) ) ;
#122 = DIRECTION ( 'NONE',  ( 0.000000000000000000, 0.000000000000000000, -1.000000000000000000 ) ) ;
#123 = AXIS2_PLACEMENT_3D ( 'NONE', #236, #108, #627 ) ;
#124 = ORIENTED_EDGE ( 'NONE', *, *, #373, .F. ) ;
#125 = EDGE_CURVE ( 'NONE', #1653, #1664, #1589, .T. ) ;
#126 = DIRECTION ( 'NONE',  ( 0.000000000000000000, 1.000000000000000000, 0.000000000000000000 ) ) ;
#127 = ORIENTED_EDGE ( 'NONE', *, *, #1255, .T. ) ;
#128 = DIRECTION ( 'NONE',  ( 0.000000000000000000, 1.000000000000000000, -0.000000000000000000 ) ) ;
#129 = CARTESIAN_POINT ( 'NONE',  ( 3.000000000000002665, -5.250000000000000000, -18.75000000000000355 ) ) ;
#130 = DIRECTION ( 'NONE',  ( -1.000000000000000000, -0.000000000000000000, -0.000000000000000000 ) ) ;
#131 = ORIENTED_EDGE ( 'NONE', *, *, #22, .F. ) ;
#132 = ADVANCED_FACE ( 'NONE', ( #557 ), #927, .T. ) ;
#133 = UNCERTAINTY_MEASURE_WITH_UNIT (LENGTH_MEASURE( 1.000000000000000082E-05 ), #75, 'distance_accuracy_value', 'NONE');
#134 = LINE ( 'NONE', #280, #661 ) ;
#135 = EDGE_CURVE ( 'NONE', #1438, #753, #36, .T. ) ;
#136 = DIRECTION ( 'NONE',  ( 1.000000000000000000, 0.000000000000000000, -3.491481338843133355E-15 ) ) ;
#137 = ORIENTED_EDGE ( 'NONE', *, *, #1660, .T. ) ;
#138 = CYLINDRICAL_SURFACE ( 'NONE', #577, 1.000000000000000888 ) ;
#139 = DIRECTION ( 'NONE',  ( 1.000000000000000000, 0.000000000000000000, 0.000000000000000000 ) ) ;
#140 = CYLINDRICAL_SURFACE ( 'NONE', #13, 1.000000000000000888 ) ;
#141 = ORIENTED_EDGE ( 'NONE', *, *, #820, .T. ) ;
#142 = CIRCLE ( 'NONE', #1100, 11.50000000000000178 ) ;
#143 = DIRECTION ( 'NONE',  ( -1.000000000000000000, -0.000000000000000000, -0.000000000000000000 ) ) ;
#144 = AXIS2_PLACEMENT_3D ( 'NONE', #881, #1159, #1409 ) ;
#145 = CARTESIAN_POINT ( 'NONE',  ( 4.000000000000007994, 0.000000000000000000, -24.75000000000001421 ) ) ;
#146 = CIRCLE ( 'NONE', #1378, 1.500000000000001332 ) ;
#147 = ORIENTED_EDGE ( 'NONE', *, *, #983, .F. ) ;
#148 = DIRECTION ( 'NONE',  ( -0.000000000000000000, -1.000000000000000000, -0.000000000000000000 ) ) ;
#149 = EDGE_CURVE ( 'NONE', #590, #1563, #740, .T. ) ;
#150 = DIRECTION ( 'NONE',  ( 0.000000000000000000, 0.000000000000000000, 1.000000000000000000 ) ) ;
#151 = CARTESIAN_POINT ( 'NONE',  ( 3.000000000000003109, -5.250000000000000000, -15.75000000000000000 ) ) ;
#152 = VECTOR ( 'NONE', #136, 1000.000000000000000 ) ;
#153 = EDGE_LOOP ( 'NONE', ( #980, #1158, #485, #1094 ) ) ;
#154 = AXIS2_PLACEMENT_3D ( 'NONE', #594, #1648, #1505 ) ;
#155 = DIRECTION ( 'NONE',  ( -0.000000000000000000, -1.000000000000000000, -0.000000000000000000 ) ) ;
#156 = CARTESIAN_POINT ( 'NONE',  ( 16.00000000000000000, -1.000000000000000000, 0.000000000000000000 ) ) ;
#157 = LINE ( 'NONE', #665, #225 ) ;
#158 = EDGE_CURVE ( 'NONE', #1677, #14, #1127, .T. ) ;
#159 = CARTESIAN_POINT ( 'NONE',  ( 11.00000000000000000, 0.000000000000000000, -9.750000000000000000 ) ) ;
#160 = CARTESIAN_POINT ( 'NONE',  ( 1.000000000000006661, 24.25000000000000000, -26.75000000000000355 ) ) ;
#161 = VERTEX_POINT ( 'NONE', #1212 ) ;
#162 = DIRECTION ( 'NONE',  ( -1.000000000000000000, -0.000000000000000000, -0.000000000000000000 ) ) ;
#163 = LINE ( 'NONE', #968, #829 ) ;
#164 = LINE ( 'NONE', #656, #1214 ) ;
#165 = DIRECTION ( 'NONE',  ( 0.000000000000000000, 0.000000000000000000, -1.000000000000000000 ) ) ;
#166 = DIRECTION ( 'NONE',  ( -1.000000000000000000, 0.000000000000000000, 0.000000000000000000 ) ) ;
#167 = ORIENTED_EDGE ( 'NONE', *, *, #387, .T. ) ;
#168 = EDGE_CURVE ( 'NONE', #901, #1215, #1318, .T. ) ;
#169 = DIRECTION ( 'NONE',  ( -1.000000000000000000, 0.000000000000000000, 3.469446951953614583E-15 ) ) ;
#170 = CARTESIAN_POINT ( 'NONE',  ( 11.00000000000000000, 0.000000000000000000, -14.75000000000000178 ) ) ;
#171 = CIRCLE ( 'NONE', #1155, 2.000000000000000000 ) ;
#172 = DIRECTION ( 'NONE',  ( 0.000000000000000000, 6.982962677686267499E-15, -1.000000000000000000 ) ) ;
#173 = CIRCLE ( 'NONE', #1598, 3.000000000000002665 ) ;
#174 = FACE_OUTER_BOUND ( 'NONE', #362, .T. ) ;
#175 = ORIENTED_EDGE ( 'NONE', *, *, #1142, .T. ) ;
#176 = VECTOR ( 'NONE', #1079, 1000.000000000000000 ) ;
#177 = ADVANCED_FACE ( 'NONE', ( #1187 ), #953, .T. ) ;
#178 = EDGE_LOOP ( 'NONE', ( #237, #1364, #1239, #1307 ) ) ;
#179 = CARTESIAN_POINT ( 'NONE',  ( 16.00000000000000000, 24.25000000000000000, -26.75000000000000355 ) ) ;
#180 = PRODUCT_DEFINITION_FORMATION_WITH_SPECIFIED_SOURCE ( 'ANY', '', #1495, .NOT_KNOWN. ) ;
#181 = DIRECTION ( 'NONE',  ( -1.000000000000000000, -0.000000000000000000, -0.000000000000000000 ) ) ;
#182 = LINE ( 'NONE', #700, #200 ) ;
#183 = CARTESIAN_POINT ( 'NONE',  ( 4.000000000000000000, -1.749999999999996891, -26.75000000000000711 ) ) ;
#184 = ORIENTED_EDGE ( 'NONE', *, *, #1142, .F. ) ;
#185 = VERTEX_POINT ( 'NONE', #1474 ) ;
#186 = LINE ( 'NONE', #193, #176 ) ;
#187 = EDGE_CURVE ( 'NONE', #1514, #63, #668, .T. ) ;
#188 = DIRECTION ( 'NONE',  ( 0.000000000000000000, 0.000000000000000000, 1.000000000000000000 ) ) ;
#189 = EDGE_CURVE ( 'NONE', #495, #217, #4, .T. ) ;
#190 = CARTESIAN_POINT ( 'NONE',  ( 4.000000000000023981, 24.25000000000000000, -19.75000000000000711 ) ) ;
#191 = ORIENTED_EDGE ( 'NONE', *, *, #492, .F. ) ;
#192 = ORIENTED_EDGE ( 'NONE', *, *, #552, .T. ) ;
#193 = CARTESIAN_POINT ( 'NONE',  ( 16.00000000000000000, 0.000000000000000000, 0.000000000000000000 ) ) ;
#194 = CARTESIAN_POINT ( 'NONE',  ( 4.000000000000007105, -1.749999999999994671, -24.75000000000001421 ) ) ;
#195 = DIRECTION ( 'NONE',  ( 0.000000000000000000, 1.000000000000000000, -0.000000000000000000 ) ) ;
#196 = CIRCLE ( 'NONE', #1682, 2.000000000000000000 ) ;
#197 = ORIENTED_EDGE ( 'NONE', *, *, #1185, .T. ) ;
#198 = EDGE_CURVE ( 'NONE', #1552, #1583, #258, .T. ) ;
#199 = CARTESIAN_POINT ( 'NONE',  ( 3.000000000000002665, -1.999999999999999112, -15.75000000000000000 ) ) ;
#200 = VECTOR ( 'NONE', #619, 1000.000000000000000 ) ;
#201 = ORIENTED_EDGE ( 'NONE', *, *, #135, .T. ) ;
#202 = VERTEX_POINT ( 'NONE', #1074 ) ;
#203 = LINE ( 'NONE', #1365, #856 ) ;
#204 = CIRCLE ( 'NONE', #1298, 1.000000000000000888 ) ;
#205 = DIRECTION ( 'NONE',  ( 3.469446951953611033E-15, 0.000000000000000000, 1.000000000000000000 ) ) ;
#206 = VECTOR ( 'NONE', #1621, 1000.000000000000000 ) ;
#207 = VERTEX_POINT ( 'NONE', #548 ) ;
#208 = DIRECTION ( 'NONE',  ( -1.000000000000000000, -0.000000000000000000, 3.469446951953614583E-15 ) ) ;
#209 = EDGE_CURVE ( 'NONE', #244, #1369, #293, .T. ) ;
#210 = ORIENTED_EDGE ( 'NONE', *, *, #1616, .T. ) ;
#211 = ORIENTED_EDGE ( 'NONE', *, *, #1531, .T. ) ;
#212 = DIRECTION ( 'NONE',  ( -1.000000000000000000, -0.000000000000000000, -0.000000000000000000 ) ) ;
#213 = CYLINDRICAL_SURFACE ( 'NONE', #1323, 4.999999999999999112 ) ;
#214 = EDGE_LOOP ( 'NONE', ( #1253, #956 ) ) ;
#215 = CARTESIAN_POINT ( 'NONE',  ( -16.00000000000000000, -2.000000000000000000, -14.75000000000000178 ) ) ;
#216 = ORIENTED_EDGE ( 'NONE', *, *, #406, .F. ) ;
#217 = VERTEX_POINT ( 'NONE', #1384 ) ;
#218 = EDGE_CURVE ( 'NONE', #202, #1295, #1493, .T. ) ;
#219 = LINE ( 'NONE', #355, #94 ) ;
#220 = FACE_OUTER_BOUND ( 'NONE', #986, .T. ) ;
#221 = EDGE_LOOP ( 'NONE', ( #102, #649, #302, #642, #106, #778 ) ) ;
#222 = LINE ( 'NONE', #506, #1654 ) ;
#223 = VECTOR ( 'NONE', #208, 1000.000000000000000 ) ;
#224 = LINE ( 'NONE', #1038, #87 ) ;
#225 = VECTOR ( 'NONE', #19, 1000.000000000000000 ) ;
#226 = VECTOR ( 'NONE', #172, 1000.000000000000000 ) ;
#227 = EDGE_LOOP ( 'NONE', ( #476, #664, #350, #745, #894, #1024, #1636, #95, #550 ) ) ;
#228 = EDGE_CURVE ( 'NONE', #14, #1677, #1016, .T. ) ;
#229 = CARTESIAN_POINT ( 'NONE',  ( -16.00000000000000000, -5.250000000000000000, -15.75000000000000000 ) ) ;
#230 = AXIS2_PLACEMENT_3D ( 'NONE', #443, #327, #454 ) ;
#231 = ORIENTED_EDGE ( 'NONE', *, *, #1006, .T. ) ;
#232 = CARTESIAN_POINT ( 'NONE',  ( 16.00000000000000000, -1.999999999999999556, -15.75000000000000000 ) ) ;
#233 = VERTEX_POINT ( 'NONE', #1252 ) ;
#234 = EDGE_LOOP ( 'NONE', ( #1488, #453, #73, #124 ) ) ;
#235 = DIRECTION ( 'NONE',  ( 1.734723475976808672E-15, 0.000000000000000000, 1.000000000000000000 ) ) ;
#236 = CARTESIAN_POINT ( 'NONE',  ( -16.00000000000000000, -5.250000000000000000, -27.75000000000000355 ) ) ;
#237 = ORIENTED_EDGE ( 'NONE', *, *, #1592, .F. ) ;
#238 = CARTESIAN_POINT ( 'NONE',  ( -15.00000000000000000, 23.25000000000000000, -24.75000000000000000 ) ) ;
#239 = EDGE_CURVE ( 'NONE', #1674, #598, #525, .T. ) ;
#240 = CARTESIAN_POINT ( 'NONE',  ( 4.000000000000023981, -1.749999999999996891, -19.75000000000000711 ) ) ;
#241 = EDGE_LOOP ( 'NONE', ( #1441, #867 ) ) ;
#242 = DIRECTION ( 'NONE',  ( 0.000000000000000000, 1.000000000000000000, 0.000000000000000000 ) ) ;
#243 = DIRECTION ( 'NONE',  ( 0.000000000000000000, 1.000000000000000000, 0.000000000000000000 ) ) ;
#244 = VERTEX_POINT ( 'NONE', #199 ) ;
#245 = DIRECTION ( 'NONE',  ( 1.000000000000000000, 0.000000000000000000, 0.000000000000000000 ) ) ;
#246 = EDGE_CURVE ( 'NONE', #625, #1666, #573, .T. ) ;
#247 = ORIENTED_EDGE ( 'NONE', *, *, #1133, .T. ) ;
#248 = CARTESIAN_POINT ( 'NONE',  ( 4.000000000000027534, -1.749999999999996891, -18.75000000000000711 ) ) ;
#249 = VECTOR ( 'NONE', #1554, 1000.000000000000000 ) ;
#250 = AXIS2_PLACEMENT_3D ( 'NONE', #630, #489, #615 ) ;
#251 = EDGE_LOOP ( 'NONE', ( #1124, #651, #1683, #604 ) ) ;
#252 = CIRCLE ( 'NONE', #633, 1.999999999999998224 ) ;
#253 = LINE ( 'NONE', #771, #366 ) ;
#254 = FACE_OUTER_BOUND ( 'NONE', #973, .T. ) ;
#255 = ORIENTED_EDGE ( 'NONE', *, *, #1216, .T. ) ;
#256 = DIRECTION ( 'NONE',  ( 0.000000000000000000, 0.000000000000000000, -1.000000000000000000 ) ) ;
#257 = VECTOR ( 'NONE', #212, 1000.000000000000000 ) ;
#258 = LINE ( 'NONE', #1459, #1238 ) ;
#259 = AXIS2_PLACEMENT_3D ( 'NONE', #1042, #243, #638 ) ;
#260 = FACE_OUTER_BOUND ( 'NONE', #1061, .T. ) ;
#261 = EDGE_CURVE ( 'NONE', #1656, #1215, #1092, .T. ) ;
#262 = VERTEX_POINT ( 'NONE', #997 ) ;
#263 = CARTESIAN_POINT ( 'NONE',  ( 16.00000000000000000, 24.25000000000000000, -27.75000000000000355 ) ) ;
#264 = CYLINDRICAL_SURFACE ( 'NONE', #67, 1.500000000000001332 ) ;
#265 = VERTEX_POINT ( 'NONE', #1484 ) ;
#266 = LINE ( 'NONE', #291, #904 ) ;
#267 = CARTESIAN_POINT ( 'NONE',  ( -7.506593367362278002, 0.000000000000000000, -1.212121212061810782 ) ) ;
#268 = PLANE ( 'NONE',  #746 ) ;
#269 = ORIENTED_EDGE ( 'NONE', *, *, #961, .F. ) ;
#270 = EDGE_CURVE ( 'NONE', #696, #1650, #1346, .T. ) ;
#271 = DIRECTION ( 'NONE',  ( 0.000000000000000000, 0.000000000000000000, 1.000000000000000000 ) ) ;
#272 = DIRECTION ( 'NONE',  ( 3.469446951953611033E-15, 0.000000000000000000, 1.000000000000000000 ) ) ;
#273 = ORIENTED_EDGE ( 'NONE', *, *, #1006, .F. ) ;
#274 = DIRECTION ( 'NONE',  ( 2.168404344971006896E-16, 0.000000000000000000, 1.000000000000000000 ) ) ;
#275 = DIRECTION ( 'NONE',  ( -1.000000000000000000, 0.000000000000000000, 3.469446951953614189E-15 ) ) ;
#276 = DIRECTION ( 'NONE',  ( 0.000000000000000000, 0.000000000000000000, 1.000000000000000000 ) ) ;
#277 = ORIENTED_EDGE ( 'NONE', *, *, #1080, .F. ) ;
#278 = VECTOR ( 'NONE', #835, 1000.000000000000000 ) ;
#279 = AXIS2_PLACEMENT_3D ( 'NONE', #743, #1270, #496 ) ;
#280 = CARTESIAN_POINT ( 'NONE',  ( 4.000000000000027534, 23.25000000000000000, -18.75000000000000711 ) ) ;
#281 = AXIS2_PLACEMENT_3D ( 'NONE', #612, #1669, #739 ) ;
#282 = EDGE_CURVE ( 'NONE', #584, #1206, #1429, .T. ) ;
#283 = DIRECTION ( 'NONE',  ( 1.000000000000000000, -0.000000000000000000, -3.469446951953614583E-15 ) ) ;
#284 = CARTESIAN_POINT ( 'NONE',  ( 16.00000000000000000, -1.749999999999987566, -27.75000000000000355 ) ) ;
#285 = DIRECTION ( 'NONE',  ( 1.000000000000000000, 0.000000000000000000, 0.000000000000000000 ) ) ;
#286 = CARTESIAN_POINT ( 'NONE',  ( 1.000000000000006661, -1.749999999999994671, -26.75000000000000355 ) ) ;
#287 = CIRCLE ( 'NONE', #1328, 2.000000000000000000 ) ;
#288 = ORIENTED_EDGE ( 'NONE', *, *, #261, .T. ) ;
#289 = DIRECTION ( 'NONE',  ( 0.000000000000000000, 0.000000000000000000, 1.000000000000000000 ) ) ;
#290 = FACE_OUTER_BOUND ( 'NONE', #410, .T. ) ;
#291 = CARTESIAN_POINT ( 'NONE',  ( 2.999999999999999112, -7.250000000000000000, -32.46590772273100356 ) ) ;
#292 = EDGE_CURVE ( 'NONE', #161, #185, #1368, .T. ) ;
#293 = LINE ( 'NONE', #809, #963 ) ;
#294 = DIRECTION ( 'NONE',  ( -1.000000000000000000, -0.000000000000000000, -0.000000000000000000 ) ) ;
#295 = ORIENTED_EDGE ( 'NONE', *, *, #522, .T. ) ;
#296 = CARTESIAN_POINT ( 'NONE',  ( 11.50000000000000000, 1.734723475976807883E-15, -0.8500000000000000888 ) ) ;
#297 = DIRECTION ( 'NONE',  ( -1.000000000000000000, 0.000000000000000000, -0.000000000000000000 ) ) ;
#298 = CARTESIAN_POINT ( 'NONE',  ( -16.00000000000000000, -1.000000000000000000, -14.75000000000000178 ) ) ;
#299 = CARTESIAN_POINT ( 'NONE',  ( -11.50000000000000000, 1.734723475976807883E-15, -7.150000000000000355 ) ) ;
#300 = CARTESIAN_POINT ( 'NONE',  ( -16.00000000000000000, -1.000000000000000000, -2.000000000000000000 ) ) ;
#301 = ADVANCED_FACE ( 'NONE', ( #449 ), #707, .F. ) ;
#302 = ORIENTED_EDGE ( 'NONE', *, *, #1358, .F. ) ;
#303 = ORIENTED_EDGE ( 'NONE', *, *, #634, .F. ) ;
#304 = CARTESIAN_POINT ( 'NONE',  ( -13.99999999999999822, -1.000000000000000000, 0.000000000000000000 ) ) ;
#305 = CARTESIAN_POINT ( 'NONE',  ( -16.00000000000000000, -8.250000000000000000, -18.75000000000000355 ) ) ;
#306 = VECTOR ( 'NONE', #9, 1000.000000000000000 ) ;
#307 = DIRECTION ( 'NONE',  ( 1.000000000000000000, 0.000000000000000000, -0.000000000000000000 ) ) ;
#308 = AXIS2_PLACEMENT_3D ( 'NONE', #871, #1140, #761 ) ;
#309 = CARTESIAN_POINT ( 'NONE',  ( -14.00000000000000000, -1.999999999999999556, -2.000000000000000000 ) ) ;
#310 = ORIENTED_EDGE ( 'NONE', *, *, #563, .T. ) ;
#311 = ADVANCED_FACE ( 'NONE', ( #1223 ), #589, .T. ) ;
#312 = CIRCLE ( 'NONE', #230, 5.000000000000000000 ) ;
#313 = VERTEX_POINT ( 'NONE', #864 ) ;
#314 = DIRECTION ( 'NONE',  ( -1.000000000000000000, 0.000000000000000000, -0.000000000000000000 ) ) ;
#315 = CARTESIAN_POINT ( 'NONE',  ( 0.5000000000000073275, -1.749999999999988010, -26.75000000000000355 ) ) ;
#316 = CARTESIAN_POINT ( 'NONE',  ( -15.00000000000000000, 23.25000000000000000, -26.75000000000000355 ) ) ;
#317 = DIRECTION ( 'NONE',  ( 1.000000000000000000, -0.000000000000000000, -1.958379444199758381E-16 ) ) ;
#318 = VERTEX_POINT ( 'NONE', #716 ) ;
#319 = ORIENTED_EDGE ( 'NONE', *, *, #1592, .T. ) ;
#320 = FACE_OUTER_BOUND ( 'NONE', #392, .T. ) ;
#321 = ADVANCED_FACE ( 'NONE', ( #1245 ), #970, .F. ) ;
#322 = DIRECTION ( 'NONE',  ( 0.000000000000000000, -6.982962677686267499E-15, 1.000000000000000000 ) ) ;
#323 = ORIENTED_EDGE ( 'NONE', *, *, #1509, .T. ) ;
#324 = CARTESIAN_POINT ( 'NONE',  ( -16.00000000000000000, 0.000000000000000000, -1.999999999999999112 ) ) ;
#325 = EDGE_LOOP ( 'NONE', ( #1523, #836, #120, #929 ) ) ;
#326 = VERTEX_POINT ( 'NONE', #324 ) ;
#327 = DIRECTION ( 'NONE',  ( 0.000000000000000000, -1.000000000000000000, -0.000000000000000000 ) ) ;
#328 = APPLICATION_PROTOCOL_DEFINITION ( 'draft international standard', 'automotive_design', 1998, #762 ) ;
#329 = LINE ( 'NONE', #1649, #1018 ) ;
#330 = EDGE_CURVE ( 'NONE', #505, #185, #457, .T. ) ;
#331 = AXIS2_PLACEMENT_3D ( 'NONE', #1571, #784, #934 ) ;
#332 = VECTOR ( 'NONE', #926, 1000.000000000000000 ) ;
#333 = CARTESIAN_POINT ( 'NONE',  ( 16.00100000000002609, 1.750000000000001554, -20.75000000000005329 ) ) ;
#334 = VECTOR ( 'NONE', #636, 1000.000000000000000 ) ;
#335 = ORIENTED_EDGE ( 'NONE', *, *, #995, .T. ) ;
#336 = EDGE_CURVE ( 'NONE', #217, #590, #1116, .T. ) ;
#337 = ORIENTED_EDGE ( 'NONE', *, *, #441, .F. ) ;
#338 = CARTESIAN_POINT ( 'NONE',  ( 3.000000000000002665, -2.000000000000000000, -14.75000000000000178 ) ) ;
#339 = VECTOR ( 'NONE', #56, 1000.000000000000000 ) ;
#340 = VECTOR ( 'NONE', #538, 1000.000000000000000 ) ;
#341 = CARTESIAN_POINT ( 'NONE',  ( 16.00000000000000000, 0.000000000000000000, -14.75000000000000178 ) ) ;
#342 = VERTEX_POINT ( 'NONE', #1508 ) ;
#343 = DIRECTION ( 'NONE',  ( 3.469446951953611033E-15, 0.000000000000000000, 1.000000000000000000 ) ) ;
#344 = ADVANCED_FACE ( 'NONE', ( #854 ), #77, .T. ) ;
#345 = ORIENTED_EDGE ( 'NONE', *, *, #885, .F. ) ;
#346 = ORIENTED_EDGE ( 'NONE', *, *, #93, .F. ) ;
#347 = DIRECTION ( 'NONE',  ( 3.469446951953611033E-15, 0.000000000000000000, 1.000000000000000000 ) ) ;
#348 = ADVANCED_BREP_SHAPE_REPRESENTATION ( 'Sheet Metal Part 1', ( #1524, #154 ), #426 ) ;
#349 = DIRECTION ( 'NONE',  ( 0.000000000000000000, -1.000000000000000000, 0.000000000000000000 ) ) ;
#350 = ORIENTED_EDGE ( 'NONE', *, *, #1000, .F. ) ;
#351 = DIRECTION ( 'NONE',  ( -0.000000000000000000, 0.000000000000000000, -1.000000000000000000 ) ) ;
#352 = ORIENTED_EDGE ( 'NONE', *, *, #616, .T. ) ;
#353 = EDGE_CURVE ( 'NONE', #1393, #313, #741, .T. ) ;
#354 = ORIENTED_EDGE ( 'NONE', *, *, #947, .T. ) ;
#355 = CARTESIAN_POINT ( 'NONE',  ( 3.000000000000006217, -1.749999999999996891, -24.75000000000001066 ) ) ;
#356 = CARTESIAN_POINT ( 'NONE',  ( 1.000000000000007327, -1.749999999999994671, -24.75000000000000355 ) ) ;
#357 = EDGE_LOOP ( 'NONE', ( #786, #1687 ) ) ;
#358 = AXIS2_PLACEMENT_3D ( 'NONE', #159, #395, #422 ) ;
#359 = CARTESIAN_POINT ( 'NONE',  ( -16.00000000000000000, -7.250000000000000000, -24.75000000000000000 ) ) ;
#360 = CARTESIAN_POINT ( 'NONE',  ( 0.5000000000000056621, -2.249999999999987566, -27.75000000000000355 ) ) ;
#361 = AXIS2_PLACEMENT_3D ( 'NONE', #1516, #1154, #487 ) ;
#362 = EDGE_LOOP ( 'NONE', ( #442, #1052, #1502, #201 ) ) ;
#363 = ADVANCED_FACE ( 'NONE', ( #1231 ), #1349, .F. ) ;
#364 = FACE_OUTER_BOUND ( 'NONE', #1126, .T. ) ;
#365 = DIRECTION ( 'NONE',  ( -0.000000000000000000, 1.000000000000000000, 0.000000000000000000 ) ) ;
#366 = VECTOR ( 'NONE', #126, 1000.000000000000000 ) ;
#367 = EDGE_CURVE ( 'NONE', #244, #872, #1536, .T. ) ;
#368 = VERTEX_POINT ( 'NONE', #359 ) ;
#369 = DIRECTION ( 'NONE',  ( 0.000000000000000000, 0.000000000000000000, -1.000000000000000000 ) ) ;
#370 = VERTEX_POINT ( 'NONE', #96 ) ;
#371 = ORIENTED_EDGE ( 'NONE', *, *, #1236, .F. ) ;
#372 = DIRECTION ( 'NONE',  ( 0.000000000000000000, 0.000000000000000000, 1.000000000000000000 ) ) ;
#373 = EDGE_CURVE ( 'NONE', #1426, #584, #873, .T. ) ;
#374 = CARTESIAN_POINT ( 'NONE',  ( -15.00000000000000000, 24.25000000000000000, -26.75000000000000355 ) ) ;
#375 = ORIENTED_EDGE ( 'NONE', *, *, #1660, .F. ) ;
#376 = DIRECTION ( 'NONE',  ( -1.958379444199758381E-16, 0.000000000000000000, -1.000000000000000000 ) ) ;
#377 = DIRECTION ( 'NONE',  ( 1.000000000000000000, 0.000000000000000000, -1.314004337516960471E-16 ) ) ;
#378 = ORIENTED_EDGE ( 'NONE', *, *, #533, .F. ) ;
#379 = CYLINDRICAL_SURFACE ( 'NONE', #1486, 11.50000000000000178 ) ;
#380 = DIRECTION ( 'NONE',  ( 0.000000000000000000, 0.000000000000000000, 1.000000000000000000 ) ) ;
#381 = VERTEX_POINT ( 'NONE', #1400 ) ;
#382 = EDGE_CURVE ( 'NONE', #753, #872, #936, .T. ) ;
#383 = DIRECTION ( 'NONE',  ( 1.000000000000000000, -0.000000000000000000, -3.491481338843133355E-15 ) ) ;
#384 = CARTESIAN_POINT ( 'NONE',  ( 16.00000000000000000, -5.250000000000000000, -26.75000000000000355 ) ) ;
#385 = LINE ( 'NONE', #1002, #911 ) ;
#386 = VECTOR ( 'NONE', #1198, 1000.000000000000000 ) ;
#387 = EDGE_CURVE ( 'NONE', #1653, #475, #764, .T. ) ;
#388 = AXIS2_PLACEMENT_3D ( 'NONE', #1442, #783, #274 ) ;
#389 = EDGE_LOOP ( 'NONE', ( #1004, #277 ) ) ;
#390 = DIRECTION ( 'NONE',  ( -0.000000000000000000, 1.000000000000000000, 0.000000000000000000 ) ) ;
#391 = SURFACE_STYLE_FILL_AREA ( #1440 ) ;
#392 = EDGE_LOOP ( 'NONE', ( #1222, #644, #18, #858 ) ) ;
#393 = CARTESIAN_POINT ( 'NONE',  ( 1.000000000000005995, -1.749999999999994671, -26.75000000000000355 ) ) ;
#394 = AXIS2_PLACEMENT_3D ( 'NONE', #1603, #576, #1371 ) ;
#395 = DIRECTION ( 'NONE',  ( -0.000000000000000000, 1.000000000000000000, 0.000000000000000000 ) ) ;
#396 = VECTOR ( 'NONE', #1147, 1000.000000000000000 ) ;
#397 = LINE ( 'NONE', #721, #1385 ) ;
#398 = ADVANCED_FACE ( 'NONE', ( #1553 ), #1671, .F. ) ;
#399 = ORIENTED_EDGE ( 'NONE', *, *, #1207, .F. ) ;
#400 = DIRECTION ( 'NONE',  ( 0.000000000000000000, 1.000000000000000000, 0.000000000000000000 ) ) ;
#401 = ORIENTED_EDGE ( 'NONE', *, *, #522, .F. ) ;
#402 = DIRECTION ( 'NONE',  ( 0.000000000000000000, 0.7071067811865466846, 0.7071067811865483499 ) ) ;
#403 = CARTESIAN_POINT ( 'NONE',  ( 16.00000000000000000, -8.250000000000000000, -18.75000000000000355 ) ) ;
#404 = DIRECTION ( 'NONE',  ( 0.000000000000000000, -1.000000000000000000, 0.000000000000000000 ) ) ;
#405 = EDGE_LOOP ( 'NONE', ( #1021, #47, #288, #1141 ) ) ;
#406 = EDGE_CURVE ( 'NONE', #1494, #1254, #631, .T. ) ;
#407 = UNCERTAINTY_MEASURE_WITH_UNIT (LENGTH_MEASURE( 1.000000000000000082E-05 ), #1291, 'distance_accuracy_value', 'NONE');
#408 = LINE ( 'NONE', #528, #1050 ) ;
#409 = CARTESIAN_POINT ( 'NONE',  ( -11.50000000000000000, 1.734723475976807883E-15, -4.000000000000000000 ) ) ;
#410 = EDGE_LOOP ( 'NONE', ( #988, #71, #1568, #1040, #1445, #804, #211, #1166, #998, #1644, #597, #981 ) ) ;
#411 = CARTESIAN_POINT ( 'NONE',  ( 0.5000000000000067724, -2.249999999999994671, -26.75000000000000355 ) ) ;
#412 = CARTESIAN_POINT ( 'NONE',  ( 3.000000000000015987, 1.750000000000001554, -22.25000000000001066 ) ) ;
#413 = CARTESIAN_POINT ( 'NONE',  ( 3.000000000000002665, -2.000000000000000000, -14.75000000000000178 ) ) ;
#414 = ORIENTED_EDGE ( 'NONE', *, *, #330, .F. ) ;
#415 = VECTOR ( 'NONE', #987, 1000.000000000000000 ) ;
#416 = LINE ( 'NONE', #1033, #1020 ) ;
#417 = VECTOR ( 'NONE', #100, 1000.000000000000000 ) ;
#418 = ADVANCED_FACE ( 'NONE', ( #889 ), #1688, .F. ) ;
#419 = CARTESIAN_POINT ( 'NONE',  ( 16.00100000000001188, 20.75000000000000355, -23.75000000000006395 ) ) ;
#420 = CARTESIAN_POINT ( 'NONE',  ( 3.000000000000000444, -5.249999999999999112, -26.75000000000000355 ) ) ;
#421 = PRODUCT_DEFINITION ( 'UNKNOWN', '', #180, #921 ) ;
#422 = DIRECTION ( 'NONE',  ( 0.000000000000000000, 0.000000000000000000, 1.000000000000000000 ) ) ;
#423 = CARTESIAN_POINT ( 'NONE',  ( -16.00000000000000000, 0.000000000000000000, -14.75000000000000178 ) ) ;
#424 = AXIS2_PLACEMENT_3D ( 'NONE', #737, #1444, #1139 ) ;
#425 = ORIENTED_EDGE ( 'NONE', *, *, #228, .T. ) ;
#426 =( GEOMETRIC_REPRESENTATION_CONTEXT ( 3 ) GLOBAL_UNCERTAINTY_ASSIGNED_CONTEXT ( ( #133 ) ) GLOBAL_UNIT_ASSIGNED_CONTEXT ( ( #75, #1121, #82 ) ) REPRESENTATION_CONTEXT ( 'NONE', 'WORKASPACE' ) );
#427 = CARTESIAN_POINT ( 'NONE',  ( -11.50000000000000000, 1.734723475976807883E-15, -4.000000000000000000 ) ) ;
#428 = DIRECTION ( 'NONE',  ( -1.000000000000000000, -0.000000000000000000, -0.000000000000000000 ) ) ;
#429 = CARTESIAN_POINT ( 'NONE',  ( 3.000000000000028422, -1.749999999999996891, -18.75000000000000355 ) ) ;
#430 = EDGE_CURVE ( 'NONE', #855, #1664, #1431, .T. ) ;
#431 = CARTESIAN_POINT ( 'NONE',  ( -16.00000000000000000, -7.250000000000000000, -24.75000000000000000 ) ) ;
#432 = LINE ( 'NONE', #1610, #1602 ) ;
#433 = EDGE_LOOP ( 'NONE', ( #882, #1145, #1700, #1353 ) ) ;
#434 = FACE_OUTER_BOUND ( 'NONE', #914, .T. ) ;
#435 = DIRECTION ( 'NONE',  ( -1.000000000000000000, 0.000000000000000000, 3.469446951953614189E-15 ) ) ;
#436 = FACE_OUTER_BOUND ( 'NONE', #574, .T. ) ;
#437 = EDGE_CURVE ( 'NONE', #1413, #753, #751, .T. ) ;
#438 = CARTESIAN_POINT ( 'NONE',  ( 3.000000000000002665, -5.250000000000000000, -18.75000000000000355 ) ) ;
#439 = EDGE_CURVE ( 'NONE', #1295, #1413, #196, .T. ) ;
#440 = ORIENTED_EDGE ( 'NONE', *, *, #187, .T. ) ;
#441 = EDGE_CURVE ( 'NONE', #891, #233, #222, .T. ) ;
#442 = ORIENTED_EDGE ( 'NONE', *, *, #437, .F. ) ;
#443 = CARTESIAN_POINT ( 'NONE',  ( -10.77032961404152367, -1.000000000000000000, -4.999999999999999112 ) ) ;
#444 = AXIS2_PLACEMENT_3D ( 'NONE', #1651, #1099, #979 ) ;
#445 = CYLINDRICAL_SURFACE ( 'NONE', #1634, 2.999999999999999556 ) ;
#446 = CIRCLE ( 'NONE', #59, 5.000000000000000000 ) ;
#447 = DIRECTION ( 'NONE',  ( 0.000000000000000000, 0.000000000000000000, 1.000000000000000000 ) ) ;
#448 = CIRCLE ( 'NONE', #554, 2.149999999999995914 ) ;
#449 = FACE_OUTER_BOUND ( 'NONE', #561, .T. ) ;
#450 = ORIENTED_EDGE ( 'NONE', *, *, #1185, .F. ) ;
#451 = ADVANCED_FACE ( 'NONE', ( #622 ), #1294, .T. ) ;
#452 = VECTOR ( 'NONE', #66, 1000.000000000000000 ) ;
#453 = ORIENTED_EDGE ( 'NONE', *, *, #1665, .F. ) ;
#454 = DIRECTION ( 'NONE',  ( -1.040834085586084257E-15, 0.000000000000000000, 1.000000000000000000 ) ) ;
#455 = AXIS2_PLACEMENT_3D ( 'NONE', #699, #806, #950 ) ;
#456 = DIRECTION ( 'NONE',  ( 1.734723475976811532E-16, 1.000000000000000000, 6.982962677686267499E-15 ) ) ;
#457 = LINE ( 'NONE', #1617, #1404 ) ;
#458 = ORIENTED_EDGE ( 'NONE', *, *, #1647, .T. ) ;
#459 = EDGE_CURVE ( 'NONE', #1563, #1174, #1546, .T. ) ;
#460 = VERTEX_POINT ( 'NONE', #1030 ) ;
#461 = CARTESIAN_POINT ( 'NONE',  ( 11.50000000000000000, 1.734723475976807883E-15, -4.000000000000000000 ) ) ;
#462 = DIRECTION ( 'NONE',  ( 1.000000000000000000, 0.000000000000000000, 0.000000000000000000 ) ) ;
#463 = ORIENTED_EDGE ( 'NONE', *, *, #1585, .T. ) ;
#464 = DIRECTION ( 'NONE',  ( 1.000000000000000000, 0.000000000000000000, 0.000000000000000000 ) ) ;
#465 = EDGE_LOOP ( 'NONE', ( #231, #1511 ) ) ;
#466 = ORIENTED_EDGE ( 'NONE', *, *, #940, .T. ) ;
#467 = CARTESIAN_POINT ( 'NONE',  ( 16.00000000000000000, 0.000000000000000000, 0.000000000000000000 ) ) ;
#468 = CYLINDRICAL_SURFACE ( 'NONE', #308, 1.500000000000001332 ) ;
#469 = AXIS2_PLACEMENT_3D ( 'NONE', #431, #1599, #1048 ) ;
#470 = ADVANCED_FACE ( 'NONE', ( #1418 ), #1260, .T. ) ;
#471 = AXIS2_PLACEMENT_3D ( 'NONE', #1457, #540, #531 ) ;
#472 = ORIENTED_EDGE ( 'NONE', *, *, #1014, .F. ) ;
#473 = DIRECTION ( 'NONE',  ( 0.000000000000000000, 1.000000000000000000, 0.000000000000000000 ) ) ;
#474 = VECTOR ( 'NONE', #1003, 1000.000000000000000 ) ;
#475 = VERTEX_POINT ( 'NONE', #514 ) ;
#476 = ORIENTED_EDGE ( 'NONE', *, *, #1151, .T. ) ;
#477 = DIRECTION ( 'NONE',  ( 0.000000000000000000, -1.000000000000000000, -0.000000000000000000 ) ) ;
#478 = VECTOR ( 'NONE', #683, 1000.000000000000000 ) ;
#479 = CIRCLE ( 'NONE', #1360, 1.500000000000001332 ) ;
#480 = CARTESIAN_POINT ( 'NONE',  ( 16.00000000000000000, -5.250000000000000000, -26.75000000000000355 ) ) ;
#481 = EDGE_LOOP ( 'NONE', ( #795, #608, #1476, #774 ) ) ;
#482 = ADVANCED_FACE ( 'NONE', ( #86 ), #1284, .F. ) ;
#483 = DIRECTION ( 'NONE',  ( 1.000000000000000000, 0.000000000000000000, -3.469446951953614189E-15 ) ) ;
#484 = ORIENTED_EDGE ( 'NONE', *, *, #1278, .T. ) ;
#485 = ORIENTED_EDGE ( 'NONE', *, *, #42, .F. ) ;
#486 = DIRECTION ( 'NONE',  ( 0.000000000000000000, 0.000000000000000000, -1.000000000000000000 ) ) ;
#487 = DIRECTION ( 'NONE',  ( 0.000000000000000000, 0.000000000000000000, 1.000000000000000000 ) ) ;
#488 = VERTEX_POINT ( 'NONE', #1005 ) ;
#489 = DIRECTION ( 'NONE',  ( -1.000000000000000000, -0.000000000000000000, 3.469446951953614583E-15 ) ) ;
#490 = EDGE_CURVE ( 'NONE', #1583, #1269, #1072, .T. ) ;
#491 = ORIENTED_EDGE ( 'NONE', *, *, #572, .T. ) ;
#492 = EDGE_CURVE ( 'NONE', #1650, #584, #1588, .T. ) ;
#493 = VERTEX_POINT ( 'NONE', #420 ) ;
#494 = FACE_OUTER_BOUND ( 'NONE', #1136, .T. ) ;
#495 = VERTEX_POINT ( 'NONE', #1705 ) ;
#496 = DIRECTION ( 'NONE',  ( 0.000000000000000000, 0.000000000000000000, 1.000000000000000000 ) ) ;
#497 = AXIS2_PLACEMENT_3D ( 'NONE', #827, #473, #701 ) ;
#498 = ORIENTED_EDGE ( 'NONE', *, *, #1693, .T. ) ;
#499 = CIRCLE ( 'NONE', #714, 2.000000000000000000 ) ;
#500 = EDGE_LOOP ( 'NONE', ( #1449, #1540, #1645, #1419 ) ) ;
#501 = EDGE_CURVE ( 'NONE', #598, #1522, #266, .T. ) ;
#502 = FACE_OUTER_BOUND ( 'NONE', #1363, .T. ) ;
#503 = DIRECTION ( 'NONE',  ( -1.000000000000000000, -0.000000000000000000, 3.469446951953614583E-15 ) ) ;
#504 = VECTOR ( 'NONE', #122, 1000.000000000000000 ) ;
#505 = VERTEX_POINT ( 'NONE', #807 ) ;
#506 = CARTESIAN_POINT ( 'NONE',  ( 4.000000000000027534, -0.7499999999999970024, -18.75000000000000711 ) ) ;
#507 = CIRCLE ( 'NONE', #1164, 3.149999999999999911 ) ;
#508 = CARTESIAN_POINT ( 'NONE',  ( 16.00000000000000000, -1.999999999999999556, -16.75000000000000000 ) ) ;
#509 = EDGE_LOOP ( 'NONE', ( #996, #29 ) ) ;
#510 = EDGE_CURVE ( 'NONE', #318, #1666, #1331, .T. ) ;
#511 = FACE_OUTER_BOUND ( 'NONE', #1347, .T. ) ;
#512 = DIRECTION ( 'NONE',  ( 0.000000000000000000, 0.000000000000000000, 1.000000000000000000 ) ) ;
#513 = EDGE_LOOP ( 'NONE', ( #909, #425, #1119, #1303 ) ) ;
#514 = CARTESIAN_POINT ( 'NONE',  ( 3.000000000000000888, -8.250000000000000000, -24.75000000000000000 ) ) ;
#515 = LINE ( 'NONE', #1410, #603 ) ;
#516 = CARTESIAN_POINT ( 'NONE',  ( -13.99999999999999822, -1.000000000000000000, 0.000000000000000000 ) ) ;
#517 = ORIENTED_EDGE ( 'NONE', *, *, #367, .T. ) ;
#518 = DIRECTION ( 'NONE',  ( 0.000000000000000000, 0.000000000000000000, -1.000000000000000000 ) ) ;
#519 = CARTESIAN_POINT ( 'NONE',  ( 11.50000000000000000, -1.000000000000000000, -6.149999999999995914 ) ) ;
#520 = ORIENTED_EDGE ( 'NONE', *, *, #187, .F. ) ;
#521 = LINE ( 'NONE', #1046, #1377 ) ;
#522 = EDGE_CURVE ( 'NONE', #7, #1478, #164, .T. ) ;
#523 = DIRECTION ( 'NONE',  ( -1.000000000000000000, 0.000000000000000000, -0.000000000000000000 ) ) ;
#524 = LINE ( 'NONE', #467, #504 ) ;
#525 = CIRCLE ( 'NONE', #629, 2.000000000000001776 ) ;
#526 = VECTOR ( 'NONE', #256, 1000.000000000000000 ) ;
#527 = ORIENTED_EDGE ( 'NONE', *, *, #918, .F. ) ;
#528 = CARTESIAN_POINT ( 'NONE',  ( 1.000000000000006661, 24.25000000000000000, -26.75000000000000355 ) ) ;
#529 = CARTESIAN_POINT ( 'NONE',  ( 16.00000000000000000, -5.250000000000000000, -27.75000000000000355 ) ) ;
#530 = ORIENTED_EDGE ( 'NONE', *, *, #246, .T. ) ;
#531 = DIRECTION ( 'NONE',  ( 3.469446951953611033E-15, 0.000000000000000000, 1.000000000000000000 ) ) ;
#532 = VECTOR ( 'NONE', #166, 1000.000000000000000 ) ;
#533 = EDGE_CURVE ( 'NONE', #326, #1438, #1579, .T. ) ;
#534 = CARTESIAN_POINT ( 'NONE',  ( 16.00000000000000000, -5.250000000000000000, -24.75000000000000000 ) ) ;
#535 = LINE ( 'NONE', #160, #1463 ) ;
#536 = ORIENTED_EDGE ( 'NONE', *, *, #918, .T. ) ;
#537 = DIRECTION ( 'NONE',  ( -1.000000000000000000, -0.000000000000000000, -0.000000000000000000 ) ) ;
#538 = DIRECTION ( 'NONE',  ( -0.000000000000000000, -0.000000000000000000, 1.000000000000000000 ) ) ;
#539 = ORIENTED_EDGE ( 'NONE', *, *, #1236, .T. ) ;
#540 = DIRECTION ( 'NONE',  ( -1.000000000000000000, 0.000000000000000000, 3.469446951953614189E-15 ) ) ;
#541 = DIRECTION ( 'NONE',  ( 0.000000000000000000, -1.000000000000000000, -0.000000000000000000 ) ) ;
#542 = LINE ( 'NONE', #1468, #884 ) ;
#543 = ORIENTED_EDGE ( 'NONE', *, *, #84, .F. ) ;
#544 = EDGE_CURVE ( 'NONE', #88, #818, #157, .T. ) ;
#545 = FACE_OUTER_BOUND ( 'NONE', #221, .T. ) ;
#546 = DIRECTION ( 'NONE',  ( -0.000000000000000000, 1.000000000000000000, 0.000000000000000000 ) ) ;
#547 = DIRECTION ( 'NONE',  ( 0.000000000000000000, 0.000000000000000000, 1.000000000000000000 ) ) ;
#548 = CARTESIAN_POINT ( 'NONE',  ( 4.000000000000027534, 23.24999999999999289, -18.75000000000000711 ) ) ;
#549 = DIRECTION ( 'NONE',  ( 0.000000000000000000, 0.000000000000000000, 1.000000000000000000 ) ) ;
#550 = ORIENTED_EDGE ( 'NONE', *, *, #923, .F. ) ;
#551 = VECTOR ( 'NONE', #1204, 1000.000000000000000 ) ;
#552 = EDGE_CURVE ( 'NONE', #671, #78, #1184, .T. ) ;
#553 = LINE ( 'NONE', #296, #1163 ) ;
#554 = AXIS2_PLACEMENT_3D ( 'NONE', #1372, #76, #1367 ) ;
#555 = DIRECTION ( 'NONE',  ( 3.469446951953611033E-15, 0.000000000000000000, 1.000000000000000000 ) ) ;
#556 = CARTESIAN_POINT ( 'NONE',  ( 3.000000000000002665, -1.000000000000000222, -14.74999999999999822 ) ) ;
#557 = FACE_OUTER_BOUND ( 'NONE', #433, .T. ) ;
#558 = LINE ( 'NONE', #37, #1491 ) ;
#559 = CIRCLE ( 'NONE', #828, 2.000000000000000000 ) ;
#560 = CIRCLE ( 'NONE', #586, 1.500000000000001332 ) ;
#561 = EDGE_LOOP ( 'NONE', ( #841, #1008, #414, #1293 ) ) ;
#562 = CARTESIAN_POINT ( 'NONE',  ( 3.000000000000002665, -4.336808689942017736E-16, -14.74999999999999822 ) ) ;
#563 = EDGE_CURVE ( 'NONE', #265, #1225, #1265, .T. ) ;
#564 = LINE ( 'NONE', #145, #206 ) ;
#565 = DIRECTION ( 'NONE',  ( -1.000000000000000000, 0.000000000000000000, 3.491481338843133355E-15 ) ) ;
#566 = DIRECTION ( 'NONE',  ( 0.000000000000000000, -0.000000000000000000, 1.000000000000000000 ) ) ;
#567 = VERTEX_POINT ( 'NONE', #1465 ) ;
#568 = ORIENTED_EDGE ( 'NONE', *, *, #677, .T. ) ;
#569 = DIRECTION ( 'NONE',  ( 3.469446951953614583E-15, 0.000000000000000000, 1.000000000000000000 ) ) ;
#570 = CARTESIAN_POINT ( 'NONE',  ( 0.5000000000000067724, -2.249999999999994671, -26.75000000000000355 ) ) ;
#571 = PLANE ( 'NONE',  #1655 ) ;
#572 = EDGE_CURVE ( 'NONE', #1111, #891, #674, .T. ) ;
#573 = LINE ( 'NONE', #842, #278 ) ;
#574 = EDGE_LOOP ( 'NONE', ( #1263, #1152, #1630, #1469 ) ) ;
#575 = ORIENTED_EDGE ( 'NONE', *, *, #592, .T. ) ;
#576 = DIRECTION ( 'NONE',  ( 1.000000000000000000, -0.000000000000000000, -3.469446951953614583E-15 ) ) ;
#577 = AXIS2_PLACEMENT_3D ( 'NONE', #790, #565, #691 ) ;
#578 = AXIS2_PLACEMENT_3D ( 'NONE', #922, #1041, #289 ) ;
#579 = CARTESIAN_POINT ( 'NONE',  ( 10.77032961404149525, 0.000000000000000000, 0.000000000000000000 ) ) ;
#580 = DIRECTION ( 'NONE',  ( 0.000000000000000000, -1.000000000000000000, 0.000000000000000000 ) ) ;
#581 = EDGE_CURVE ( 'NONE', #326, #678, #171, .T. ) ;
#582 = ORIENTED_EDGE ( 'NONE', *, *, #1207, .T. ) ;
#583 = VECTOR ( 'NONE', #1389, 1000.000000000000000 ) ;
#584 = VERTEX_POINT ( 'NONE', #1196 ) ;
#585 = DIRECTION ( 'NONE',  ( 0.000000000000000000, -0.000000000000000000, 1.000000000000000000 ) ) ;
#586 = AXIS2_PLACEMENT_3D ( 'NONE', #1344, #435, #1480 ) ;
#587 = DIRECTION ( 'NONE',  ( 0.000000000000000000, 0.000000000000000000, 1.000000000000000000 ) ) ;
#588 = VERTEX_POINT ( 'NONE', #556 ) ;
#589 = CYLINDRICAL_SURFACE ( 'NONE', #1512, 2.000000000000000000 ) ;
#590 = VERTEX_POINT ( 'NONE', #1065 ) ;
#591 = EDGE_LOOP ( 'NONE', ( #1612, #131, #127, #1064 ) ) ;
#592 = EDGE_CURVE ( 'NONE', #872, #1497, #1434, .T. ) ;
#593 = DIRECTION ( 'NONE',  ( 0.000000000000000000, 0.000000000000000000, -1.000000000000000000 ) ) ;
#594 = CARTESIAN_POINT ( 'NONE',  ( 0.000000000000000000, 0.000000000000000000, 0.000000000000000000 ) ) ;
#595 = CARTESIAN_POINT ( 'NONE',  ( 16.00000000000000000, -5.250000000000000000, -18.75000000000000355 ) ) ;
#596 = DIRECTION ( 'NONE',  ( 0.000000000000000000, 0.000000000000000000, 1.000000000000000000 ) ) ;
#597 = ORIENTED_EDGE ( 'NONE', *, *, #437, .T. ) ;
#598 = VERTEX_POINT ( 'NONE', #1569 ) ;
#599 = LINE ( 'NONE', #1264, #971 ) ;
#600 = EDGE_CURVE ( 'NONE', #368, #1276, #794, .T. ) ;
#601 = DIRECTION ( 'NONE',  ( 0.000000000000000000, 1.000000000000000000, 0.000000000000000000 ) ) ;
#602 = CARTESIAN_POINT ( 'NONE',  ( 11.00000000000000000, -5.250000000000000000, -9.750000000000000000 ) ) ;
#603 = VECTOR ( 'NONE', #1698, 1000.000000000000000 ) ;
#604 = ORIENTED_EDGE ( 'NONE', *, *, #544, .F. ) ;
#605 = CARTESIAN_POINT ( 'NONE',  ( 1.000000000000007327, 24.25000000000000000, -24.75000000000000355 ) ) ;
#606 = AXIS2_PLACEMENT_3D ( 'NONE', #931, #1439, #518 ) ;
#607 = ORIENTED_EDGE ( 'NONE', *, *, #330, .T. ) ;
#608 = ORIENTED_EDGE ( 'NONE', *, *, #510, .T. ) ;
#609 = DIRECTION ( 'NONE',  ( -1.000000000000000000, -0.000000000000000000, -0.000000000000000000 ) ) ;
#610 = CONICAL_SURFACE ( 'NONE', #1054, 3.149999999999999911, 0.7853981633974495002 ) ;
#611 = CIRCLE ( 'NONE', #1521, 2.999999999999999112 ) ;
#612 = CARTESIAN_POINT ( 'NONE',  ( 16.00100000000001899, 20.75000000000000355, -22.25000000000006040 ) ) ;
#613 = EDGE_CURVE ( 'NONE', #567, #1514, #775, .T. ) ;
#614 = ORIENTED_EDGE ( 'NONE', *, *, #1672, .T. ) ;
#615 = DIRECTION ( 'NONE',  ( 4.625929269271481378E-15, 0.000000000000000000, 1.000000000000000000 ) ) ;
#616 = EDGE_CURVE ( 'NONE', #736, #460, #648, .T. ) ;
#617 = PLANE ( 'NONE',  #878 ) ;
#618 = ORIENTED_EDGE ( 'NONE', *, *, #1000, .T. ) ;
#619 = DIRECTION ( 'NONE',  ( -1.000000000000000000, -0.000000000000000000, -0.000000000000000000 ) ) ;
#620 = CARTESIAN_POINT ( 'NONE',  ( -16.00000000000000000, -5.250000000000000000, -16.75000000000000000 ) ) ;
#621 = EDGE_LOOP ( 'NONE', ( #1259, #1138, #1453, #632 ) ) ;
#622 = FACE_OUTER_BOUND ( 'NONE', #591, .T. ) ;
#623 = EDGE_CURVE ( 'NONE', #202, #1403, #521, .T. ) ;
#624 = LINE ( 'NONE', #1150, #249 ) ;
#625 = VERTEX_POINT ( 'NONE', #393 ) ;
#626 = CYLINDRICAL_SURFACE ( 'NONE', #281, 1.500000000000001332 ) ;
#627 = DIRECTION ( 'NONE',  ( -0.000000000000000000, 0.000000000000000000, 1.000000000000000000 ) ) ;
#628 = VERTEX_POINT ( 'NONE', #915 ) ;
#629 = AXIS2_PLACEMENT_3D ( 'NONE', #438, #317, #1237 ) ;
#630 = CARTESIAN_POINT ( 'NONE',  ( 16.00100000000001899, 20.75000000000000355, -22.25000000000006040 ) ) ;
#631 = CIRCLE ( 'NONE', #144, 2.149999999999995914 ) ;
#632 = ORIENTED_EDGE ( 'NONE', *, *, #779, .F. ) ;
#633 = AXIS2_PLACEMENT_3D ( 'NONE', #356, #1010, #235 ) ;
#634 = EDGE_CURVE ( 'NONE', #1522, #493, #1130, .T. ) ;
#635 = ORIENTED_EDGE ( 'NONE', *, *, #812, .F. ) ;
#636 = DIRECTION ( 'NONE',  ( -3.469446951953614189E-15, -0.000000000000000000, -1.000000000000000000 ) ) ;
#637 = ADVANCED_FACE ( 'NONE', ( #1312 ), #138, .T. ) ;
#638 = DIRECTION ( 'NONE',  ( 0.000000000000000000, 0.000000000000000000, 1.000000000000000000 ) ) ;
#639 = VECTOR ( 'NONE', #1590, 1000.000000000000000 ) ;
#640 = ORIENTED_EDGE ( 'NONE', *, *, #367, .F. ) ;
#641 = CARTESIAN_POINT ( 'NONE',  ( -16.00000000000000000, -5.250000000000000000, -18.75000000000000355 ) ) ;
#642 = ORIENTED_EDGE ( 'NONE', *, *, #1297, .F. ) ;
#643 = DIRECTION ( 'NONE',  ( 1.000000000000000000, -0.000000000000000000, -3.469446951953614583E-15 ) ) ;
#644 = ORIENTED_EDGE ( 'NONE', *, *, #72, .T. ) ;
#645 = CARTESIAN_POINT ( 'NONE',  ( -1.387778780781445676E-14, -5.000000000000000000, 7.500000000196021865 ) ) ;
#646 = DIRECTION ( 'NONE',  ( -1.000000000000000000, -0.000000000000000000, 3.469446951953614583E-15 ) ) ;
#647 = ORIENTED_EDGE ( 'NONE', *, *, #808, .T. ) ;
#648 = LINE ( 'NONE', #1175, #332 ) ;
#649 = ORIENTED_EDGE ( 'NONE', *, *, #1171, .T. ) ;
#650 = PLANE ( 'NONE',  #857 ) ;
#651 = ORIENTED_EDGE ( 'NONE', *, *, #623, .F. ) ;
#652 = PLANE ( 'NONE',  #606 ) ;
#653 = ADVANCED_FACE ( 'NONE', ( #1481 ), #969, .T. ) ;
#654 = CARTESIAN_POINT ( 'NONE',  ( 16.00100000000001899, 1.750000000000001554, -22.25000000000005329 ) ) ;
#655 = ORIENTED_EDGE ( 'NONE', *, *, #135, .F. ) ;
#656 = CARTESIAN_POINT ( 'NONE',  ( 4.000000000000023981, -1.749999999999996891, -19.75000000000000711 ) ) ;
#657 = CARTESIAN_POINT ( 'NONE',  ( -16.00000000000000000, -5.250000000000000000, -18.75000000000000355 ) ) ;
#658 = CARTESIAN_POINT ( 'NONE',  ( 10.77032961404149525, 0.000000000000000000, -4.999999999999999112 ) ) ;
#659 = VECTOR ( 'NONE', #402, 1000.000000000000000 ) ;
#660 = VERTEX_POINT ( 'NONE', #1097 ) ;
#661 = VECTOR ( 'NONE', #1180, 1000.000000000000000 ) ;
#662 = DIRECTION ( 'NONE',  ( 1.000000000000000000, -0.000000000000000000, -3.469446951953614583E-15 ) ) ;
#663 = CARTESIAN_POINT ( 'NONE',  ( -16.00000000000000000, -8.250000000000000000, -18.75000000000000355 ) ) ;
#664 = ORIENTED_EDGE ( 'NONE', *, *, #685, .T. ) ;
#665 = CARTESIAN_POINT ( 'NONE',  ( -7.506593367362278002, -5.000000000000000000, -1.212121212061811670 ) ) ;
#666 = CIRCLE ( 'NONE', #1690, 0.9999999999999991118 ) ;
#667 = EDGE_CURVE ( 'NONE', #460, #488, #446, .T. ) ;
#668 = LINE ( 'NONE', #20, #551 ) ;
#669 = LINE ( 'NONE', #286, #532 ) ;
#670 = PRODUCT_RELATED_PRODUCT_CATEGORY ( 'part', '', ( #1495 ) ) ;
#671 = VERTEX_POINT ( 'NONE', #1090 ) ;
#672 = DIRECTION ( 'NONE',  ( 3.469446951953611033E-15, 0.000000000000000000, 1.000000000000000000 ) ) ;
#673 = FACE_OUTER_BOUND ( 'NONE', #1642, .T. ) ;
#674 = LINE ( 'NONE', #429, #686 ) ;
#675 = CARTESIAN_POINT ( 'NONE',  ( 11.00000000000000000, -1.000000000000000000, -9.750000000000000000 ) ) ;
#676 = CARTESIAN_POINT ( 'NONE',  ( 3.000000000000007550, 24.25000000000000000, -24.75000000000001066 ) ) ;
#677 = EDGE_CURVE ( 'NONE', #370, #1666, #329, .T. ) ;
#678 = VERTEX_POINT ( 'NONE', #959 ) ;
#679 = FACE_OUTER_BOUND ( 'NONE', #1679, .T. ) ;
#680 = FACE_OUTER_BOUND ( 'NONE', #1574, .T. ) ;
#681 = CARTESIAN_POINT ( 'NONE',  ( -16.00000000000000000, -5.250000000000000000, -27.75000000000000355 ) ) ;
#682 = DIRECTION ( 'NONE',  ( 0.000000000000000000, -1.000000000000000000, 0.000000000000000000 ) ) ;
#683 = DIRECTION ( 'NONE',  ( 3.469446951953614189E-15, -0.000000000000000000, 1.000000000000000000 ) ) ;
#684 = ORIENTED_EDGE ( 'NONE', *, *, #1405, .F. ) ;
#685 = EDGE_CURVE ( 'NONE', #1547, #1426, #1240, .T. ) ;
#686 = VECTOR ( 'NONE', #148, 1000.000000000000000 ) ;
#687 = LINE ( 'NONE', #1217, #452 ) ;
#688 = VECTOR ( 'NONE', #1414, 1000.000000000000000 ) ;
#689 = CARTESIAN_POINT ( 'NONE',  ( 3.000000000000001776, -8.250000000000000000, -18.75000000000000355 ) ) ;
#690 = EDGE_CURVE ( 'NONE', #1254, #1494, #448, .T. ) ;
#691 = DIRECTION ( 'NONE',  ( 3.469446951953611033E-15, 0.000000000000000000, 1.000000000000000000 ) ) ;
#692 = ORIENTED_EDGE ( 'NONE', *, *, #995, .F. ) ;
#693 = DIRECTION ( 'NONE',  ( 1.000000000000000000, -0.000000000000000000, -3.491481338843133355E-15 ) ) ;
#694 = VECTOR ( 'NONE', #838, 1000.000000000000000 ) ;
#695 = ORIENTED_EDGE ( 'NONE', *, *, #168, .T. ) ;
#696 = VERTEX_POINT ( 'NONE', #1615 ) ;
#697 = FACE_OUTER_BOUND ( 'NONE', #178, .T. ) ;
#698 = EDGE_CURVE ( 'NONE', #1287, #1601, #1567, .T. ) ;
#699 = CARTESIAN_POINT ( 'NONE',  ( -11.50000000000000000, 1.734723475976807883E-15, -4.000000000000000000 ) ) ;
#700 = CARTESIAN_POINT ( 'NONE',  ( 16.00000000000000000, -7.250000000000000000, -24.75000000000000000 ) ) ;
#701 = DIRECTION ( 'NONE',  ( 0.000000000000000000, 0.000000000000000000, 1.000000000000000000 ) ) ;
#702 = ORIENTED_EDGE ( 'NONE', *, *, #677, .F. ) ;
#703 = ORIENTED_EDGE ( 'NONE', *, *, #1297, .T. ) ;
#704 = PLANE ( 'NONE',  #1632 ) ;
#705 = DIRECTION ( 'NONE',  ( -0.000000000000000000, 1.000000000000000000, -0.000000000000000000 ) ) ;
#706 = ADVANCED_FACE ( 'NONE', ( #51 ), #985, .F. ) ;
#707 = PLANE ( 'NONE',  #902 ) ;
#708 = EDGE_LOOP ( 'NONE', ( #875, #1361, #105, #575 ) ) ;
#709 = AXIS2_PLACEMENT_3D ( 'NONE', #1333, #523, #1580 ) ;
#710 = ORIENTED_EDGE ( 'NONE', *, *, #947, .F. ) ;
#711 = CARTESIAN_POINT ( 'NONE',  ( 16.00000000000000000, -8.250000000000000000, -18.75000000000000355 ) ) ;
#712 = AXIS2_PLACEMENT_3D ( 'NONE', #316, #1244, #462 ) ;
#713 = DIRECTION ( 'NONE',  ( -0.000000000000000000, 1.000000000000000000, -0.000000000000000000 ) ) ;
#714 = AXIS2_PLACEMENT_3D ( 'NONE', #1053, #390, #796 ) ;
#715 = CARTESIAN_POINT ( 'NONE',  ( 16.00000000000000000, -5.250000000000000000, -24.75000000000000000 ) ) ;
#716 = CARTESIAN_POINT ( 'NONE',  ( 0.5000000000000073275, -1.749999999999988010, -27.75000000000000355 ) ) ;
#717 = ADVANCED_FACE ( 'NONE', ( #436 ), #571, .T. ) ;
#718 = EDGE_LOOP ( 'NONE', ( #925, #352, #972, #1618 ) ) ;
#719 = CIRCLE ( 'NONE', #1219, 2.000000000000000000 ) ;
#720 = ORIENTED_EDGE ( 'NONE', *, *, #158, .T. ) ;
#721 = CARTESIAN_POINT ( 'NONE',  ( 3.000000000000002220, -8.251000000000001222, -16.75000000000000000 ) ) ;
#722 =( GEOMETRIC_REPRESENTATION_CONTEXT ( 3 ) GLOBAL_UNCERTAINTY_ASSIGNED_CONTEXT ( ( #407 ) ) GLOBAL_UNIT_ASSIGNED_CONTEXT ( ( #1291, #1282, #1173 ) ) REPRESENTATION_CONTEXT ( 'NONE', 'WORKASPACE' ) );
#723 = FACE_OUTER_BOUND ( 'NONE', #948, .T. ) ;
#724 = ORIENTED_EDGE ( 'NONE', *, *, #1394, .F. ) ;
#725 = CARTESIAN_POINT ( 'NONE',  ( 16.00000000000000000, -1.000000000000000000, 0.000000000000000000 ) ) ;
#726 = ORIENTED_EDGE ( 'NONE', *, *, #62, .T. ) ;
#727 = EDGE_CURVE ( 'NONE', #493, #1269, #1229, .T. ) ;
#728 = EDGE_LOOP ( 'NONE', ( #1274, #90, #1326, #1420 ) ) ;
#729 = LINE ( 'NONE', #785, #1272 ) ;
#730 = LINE ( 'NONE', #1381, #1055 ) ;
#731 = CARTESIAN_POINT ( 'NONE',  ( 14.00000000000000000, -1.000000000000000000, -2.000000000000000000 ) ) ;
#732 = ORIENTED_EDGE ( 'NONE', *, *, #459, .T. ) ;
#733 = DIRECTION ( 'NONE',  ( 0.000000000000000000, 0.000000000000000000, 1.000000000000000000 ) ) ;
#734 = ORIENTED_EDGE ( 'NONE', *, *, #923, .T. ) ;
#735 = ADVANCED_FACE ( 'NONE', ( #826 ), #1235, .T. ) ;
#736 = VERTEX_POINT ( 'NONE', #579 ) ;
#737 = CARTESIAN_POINT ( 'NONE',  ( -16.00000000000000000, 0.000000000000000000, -14.75000000000000178 ) ) ;
#738 = EDGE_CURVE ( 'NONE', #1478, #891, #824, .T. ) ;
#739 = DIRECTION ( 'NONE',  ( 4.625929269271481378E-15, 0.000000000000000000, 1.000000000000000000 ) ) ;
#740 = CIRCLE ( 'NONE', #358, 5.000000000000000000 ) ;
#741 = CIRCLE ( 'NONE', #497, 1.999999999999998224 ) ;
#742 = ORIENTED_EDGE ( 'NONE', *, *, #209, .T. ) ;
#743 = CARTESIAN_POINT ( 'NONE',  ( 16.00000000000000000, -5.250000000000000000, -18.75000000000000355 ) ) ;
#744 = DIRECTION ( 'NONE',  ( 0.000000000000000000, 0.000000000000000000, 1.000000000000000000 ) ) ;
#745 = ORIENTED_EDGE ( 'NONE', *, *, #905, .F. ) ;
#746 = AXIS2_PLACEMENT_3D ( 'NONE', #1581, #1188, #1075 ) ;
#747 = CIRCLE ( 'NONE', #15, 11.50000000000000178 ) ;
#748 = LINE ( 'NONE', #1275, #417 ) ;
#749 = ADVANCED_FACE ( 'NONE', ( #723 ), #1251, .F. ) ;
#750 = ORIENTED_EDGE ( 'NONE', *, *, #282, .T. ) ;
#751 = LINE ( 'NONE', #1149, #1103 ) ;
#752 = ORIENTED_EDGE ( 'NONE', *, *, #209, .F. ) ;
#753 = VERTEX_POINT ( 'NONE', #298 ) ;
#754 = CYLINDRICAL_SURFACE ( 'NONE', #1513, 5.000000000000000000 ) ;
#755 = PLANE ( 'NONE',  #1085 ) ;
#756 = ORIENTED_EDGE ( 'NONE', *, *, #1285, .F. ) ;
#757 = ADVANCED_FACE ( 'NONE', ( #1500 ), #815, .T. ) ;
#758 = DIRECTION ( 'NONE',  ( 1.000000000000000000, 0.000000000000000000, 0.000000000000000000 ) ) ;
#759 = DIRECTION ( 'NONE',  ( 0.000000000000000000, 0.000000000000000000, 1.000000000000000000 ) ) ;
#760 = ORIENTED_EDGE ( 'NONE', *, *, #492, .T. ) ;
#761 = DIRECTION ( 'NONE',  ( 4.625929269271481378E-15, 0.000000000000000000, 1.000000000000000000 ) ) ;
#762 = APPLICATION_CONTEXT ( 'automotive_design' ) ;
#763 = EDGE_LOOP ( 'NONE', ( #816, #1015, #732, #1233, #378, #1461, #1241, #1704, #543, #55, #1148, #1530 ) ) ;
#764 = LINE ( 'NONE', #1143, #821 ) ;
#765 = AXIS2_PLACEMENT_3D ( 'NONE', #1528, #903, #118 ) ;
#766 = DIRECTION ( 'NONE',  ( -1.000000000000000000, 0.000000000000000000, -0.000000000000000000 ) ) ;
#767 = PLANE ( 'NONE',  #424 ) ;
#768 = AXIS2_PLACEMENT_3D ( 'NONE', #83, #1165, #372 ) ;
#769 = EDGE_CURVE ( 'NONE', #1552, #318, #839, .T. ) ;
#770 = ORIENTED_EDGE ( 'NONE', *, *, #865, .T. ) ;
#771 = CARTESIAN_POINT ( 'NONE',  ( -16.00000000000000000, -1.999999999999999556, -2.000000000000000000 ) ) ;
#772 = AXIS2_PLACEMENT_3D ( 'NONE', #1489, #314, #833 ) ;
#773 = CARTESIAN_POINT ( 'NONE',  ( -16.00000000000000000, -7.250000000000000000, -24.75000000000000000 ) ) ;
#774 = ORIENTED_EDGE ( 'NONE', *, *, #1366, .T. ) ;
#775 = LINE ( 'NONE', #1304, #1186 ) ;
#776 = EDGE_LOOP ( 'NONE', ( #23, #752, #517, #466 ) ) ;
#777 = CARTESIAN_POINT ( 'NONE',  ( 11.50000000000000000, -1.000000000000000000, -1.850000000000004086 ) ) ;
#778 = ORIENTED_EDGE ( 'NONE', *, *, #738, .T. ) ;
#779 = EDGE_CURVE ( 'NONE', #1522, #368, #182, .T. ) ;
#780 = LINE ( 'NONE', #1584, #1458 ) ;
#781 = CARTESIAN_POINT ( 'NONE',  ( 3.000000000000000888, -7.250000000000000888, -24.75000000000000000 ) ) ;
#782 = ORIENTED_EDGE ( 'NONE', *, *, #261, .F. ) ;
#783 = DIRECTION ( 'NONE',  ( 1.000000000000000000, -0.000000000000000000, -1.958379444199758381E-16 ) ) ;
#784 = DIRECTION ( 'NONE',  ( -0.000000000000000000, 1.000000000000000000, 0.000000000000000000 ) ) ;
#785 = CARTESIAN_POINT ( 'NONE',  ( -16.00000000000000000, -8.250000000000000000, -18.75000000000000355 ) ) ;
#786 = ORIENTED_EDGE ( 'NONE', *, *, #690, .T. ) ;
#787 = ADVANCED_FACE ( 'NONE', ( #364 ), #468, .F. ) ;
#788 = DIRECTION ( 'NONE',  ( -1.000000000000000000, -0.000000000000000000, -0.000000000000000000 ) ) ;
#789 = EDGE_LOOP ( 'NONE', ( #962, #1078, #323, #724 ) ) ;
#790 = CARTESIAN_POINT ( 'NONE',  ( 4.000000000000023981, 23.25000000000000000, -19.75000000000000711 ) ) ;
#791 = AXIS2_PLACEMENT_3D ( 'NONE', #675, #541, #944 ) ;
#792 = DIRECTION ( 'NONE',  ( 0.000000000000000000, 0.000000000000000000, 1.000000000000000000 ) ) ;
#793 = LINE ( 'NONE', #900, #152 ) ;
#794 = CIRCLE ( 'NONE', #1076, 2.000000000000001776 ) ;
#795 = ORIENTED_EDGE ( 'NONE', *, *, #769, .T. ) ;
#796 = DIRECTION ( 'NONE',  ( 0.000000000000000000, 0.000000000000000000, 1.000000000000000000 ) ) ;
#797 = DIRECTION ( 'NONE',  ( 0.000000000000000000, 0.000000000000000000, 1.000000000000000000 ) ) ;
#798 = DIRECTION ( 'NONE',  ( -0.000000000000000000, 1.000000000000000000, 0.000000000000000000 ) ) ;
#799 = ADVANCED_FACE ( 'NONE', ( #1398 ), #626, .F. ) ;
#800 = VECTOR ( 'NONE', #503, 1000.000000000000000 ) ;
#801 = CARTESIAN_POINT ( 'NONE',  ( -10.77032961404152367, -5.000000000000000000, -4.999999999999999112 ) ) ;
#802 = VECTOR ( 'NONE', #428, 1000.000000000000000 ) ;
#803 = CARTESIAN_POINT ( 'NONE',  ( 16.00000000000000000, 0.000000000000000000, -1.999999999999999112 ) ) ;
#804 = ORIENTED_EDGE ( 'NONE', *, *, #667, .T. ) ;
#805 = CYLINDRICAL_SURFACE ( 'NONE', #1406, 2.000000000000001776 ) ;
#806 = DIRECTION ( 'NONE',  ( -0.000000000000000000, 1.000000000000000000, -0.000000000000000000 ) ) ;
#807 = CARTESIAN_POINT ( 'NONE',  ( 4.000000000000007994, 24.25000000000000000, -24.75000000000001421 ) ) ;
#808 = EDGE_CURVE ( 'NONE', #475, #567, #173, .T. ) ;
#809 = CARTESIAN_POINT ( 'NONE',  ( 3.000000000000002665, -8.251000000000001222, -15.75000000000000000 ) ) ;
#810 = FACE_BOUND ( 'NONE', #389, .T. ) ;
#811 = EDGE_LOOP ( 'NONE', ( #184, #1286, #1011, #692 ) ) ;
#812 = EDGE_CURVE ( 'NONE', #1342, #671, #1350, .T. ) ;
#813 = PLANE ( 'NONE',  #772 ) ;
#814 = DIRECTION ( 'NONE',  ( 0.000000000000000000, 0.000000000000000000, 1.000000000000000000 ) ) ;
#815 = PLANE ( 'NONE',  #114 ) ;
#816 = ORIENTED_EDGE ( 'NONE', *, *, #1317, .T. ) ;
#817 = DIRECTION ( 'NONE',  ( 8.659560562354942719E-17, 0.7071067811865466846, -0.7071067811865483499 ) ) ;
#818 = VERTEX_POINT ( 'NONE', #892 ) ;
#819 = CIRCLE ( 'NONE', #331, 5.000000000000000000 ) ;
#820 = EDGE_CURVE ( 'NONE', #7, #1696, #115, .T. ) ;
#821 = VECTOR ( 'NONE', #376, 1000.000000000000000 ) ;
#822 = ORIENTED_EDGE ( 'NONE', *, *, #961, .T. ) ;
#823 = PLANE ( 'NONE',  #1604 ) ;
#824 = CIRCLE ( 'NONE', #908, 1.000000000000000888 ) ;
#825 = FACE_OUTER_BOUND ( 'NONE', #708, .T. ) ;
#826 = FACE_OUTER_BOUND ( 'NONE', #481, .T. ) ;
#827 = CARTESIAN_POINT ( 'NONE',  ( 1.000000000000007327, 24.25000000000000000, -24.75000000000000355 ) ) ;
#828 = AXIS2_PLACEMENT_3D ( 'NONE', #1178, #81, #1296 ) ;
#829 = VECTOR ( 'NONE', #958, 1000.000000000000000 ) ;
#830 = ORIENTED_EDGE ( 'NONE', *, *, #1354, .F. ) ;
#831 = ADVANCED_FACE ( 'NONE', ( #220 ), #1077, .F. ) ;
#832 = ORIENTED_EDGE ( 'NONE', *, *, #698, .F. ) ;
#833 = DIRECTION ( 'NONE',  ( -0.000000000000000000, 0.000000000000000000, 1.000000000000000000 ) ) ;
#834 = DIRECTION ( 'NONE',  ( 0.000000000000000000, 0.000000000000000000, 1.000000000000000000 ) ) ;
#835 = DIRECTION ( 'NONE',  ( -3.252606517456515767E-16, 0.000000000000000000, -1.000000000000000000 ) ) ;
#836 = ORIENTED_EDGE ( 'NONE', *, *, #1665, .T. ) ;
#837 = VERTEX_POINT ( 'NONE', #1289 ) ;
#838 = DIRECTION ( 'NONE',  ( -0.000000000000000000, -1.000000000000000000, -0.000000000000000000 ) ) ;
#839 = LINE ( 'NONE', #1345, #226 ) ;
#840 = EDGE_CURVE ( 'NONE', #625, #65, #252, .T. ) ;
#841 = ORIENTED_EDGE ( 'NONE', *, *, #1358, .T. ) ;
#842 = CARTESIAN_POINT ( 'NONE',  ( 1.000000000000006661, -1.749999999999994671, -26.75000000000000355 ) ) ;
#843 = EDGE_CURVE ( 'NONE', #1174, #1438, #1268, .T. ) ;
#844 = ORIENTED_EDGE ( 'NONE', *, *, #779, .T. ) ;
#845 = AXIS2_PLACEMENT_3D ( 'NONE', #129, #874, #897 ) ;
#846 = ORIENTED_EDGE ( 'NONE', *, *, #698, .T. ) ;
#847 = FACE_BOUND ( 'NONE', #1320, .T. ) ;
#848 = AXIS2_PLACEMENT_3D ( 'NONE', #641, #245, #895 ) ;
#849 = DIRECTION ( 'NONE',  ( 0.000000000000000000, 1.000000000000000000, 0.000000000000000000 ) ) ;
#850 = AXIS2_PLACEMENT_3D ( 'NONE', #851, #1115, #57 ) ;
#851 = CARTESIAN_POINT ( 'NONE',  ( 1.000000000000006661, -1.749999999999994671, -26.75000000000000355 ) ) ;
#852 = ORIENTED_EDGE ( 'NONE', *, *, #353, .T. ) ;
#853 = ADVANCED_FACE ( 'NONE', ( #1421 ), #754, .T. ) ;
#854 = FACE_OUTER_BOUND ( 'NONE', #718, .T. ) ;
#855 = VERTEX_POINT ( 'NONE', #229 ) ;
#856 = VECTOR ( 'NONE', #1208, 1000.000000000000000 ) ;
#857 = AXIS2_PLACEMENT_3D ( 'NONE', #248, #1250, #1169 ) ;
#858 = ORIENTED_EDGE ( 'NONE', *, *, #430, .F. ) ;
#859 = CARTESIAN_POINT ( 'NONE',  ( -11.50000000000000000, -1.000000000000000000, -6.149999999999995914 ) ) ;
#860 = VECTOR ( 'NONE', #941, 1000.000000000000000 ) ;
#861 = PRODUCT_CONTEXT ( 'NONE', #1122, 'mechanical' ) ;
#862 = DIRECTION ( 'NONE',  ( 0.000000000000000000, 0.000000000000000000, 1.000000000000000000 ) ) ;
#863 = ORIENTED_EDGE ( 'NONE', *, *, #1702, .F. ) ;
#864 = CARTESIAN_POINT ( 'NONE',  ( 1.000000000000005995, 24.25000000000000000, -26.75000000000000355 ) ) ;
#865 = EDGE_CURVE ( 'NONE', #1494, #1287, #1526, .T. ) ;
#866 = ORIENTED_EDGE ( 'NONE', *, *, #510, .F. ) ;
#867 = ORIENTED_EDGE ( 'NONE', *, *, #228, .F. ) ;
#868 = DIRECTION ( 'NONE',  ( 2.168404344971008868E-16, 0.000000000000000000, 1.000000000000000000 ) ) ;
#869 = ADVANCED_FACE ( 'NONE', ( #494 ), #107, .T. ) ;
#870 = CARTESIAN_POINT ( 'NONE',  ( 3.000000000000003109, -5.250000000000000000, -16.75000000000000000 ) ) ;
#871 = CARTESIAN_POINT ( 'NONE',  ( 16.00100000000001899, 1.750000000000001554, -22.25000000000005329 ) ) ;
#872 = VERTEX_POINT ( 'NONE', #1534 ) ;
#873 = LINE ( 'NONE', #1697, #879 ) ;
#874 = DIRECTION ( 'NONE',  ( 1.000000000000000000, -0.000000000000000000, -1.958379444199758381E-16 ) ) ;
#875 = ORIENTED_EDGE ( 'NONE', *, *, #1354, .T. ) ;
#876 = CARTESIAN_POINT ( 'NONE',  ( -15.00000000000000000, 24.25000000000000000, -27.75000000000000355 ) ) ;
#877 = LINE ( 'NONE', #1685, #1189 ) ;
#878 = AXIS2_PLACEMENT_3D ( 'NONE', #384, #759, #1160 ) ;
#879 = VECTOR ( 'NONE', #369, 1000.000000000000000 ) ;
#880 = ORIENTED_EDGE ( 'NONE', *, *, #1060, .F. ) ;
#881 = CARTESIAN_POINT ( 'NONE',  ( 11.50000000000000000, -1.000000000000000000, -4.000000000000000000 ) ) ;
#882 = ORIENTED_EDGE ( 'NONE', *, *, #64, .T. ) ;
#883 = ORIENTED_EDGE ( 'NONE', *, *, #1693, .F. ) ;
#884 = VECTOR ( 'NONE', #294, 1000.000000000000000 ) ;
#885 = EDGE_CURVE ( 'NONE', #567, #1650, #877, .T. ) ;
#886 = DIRECTION ( 'NONE',  ( 1.000000000000000000, -0.000000000000000000, -1.958379444199758381E-16 ) ) ;
#887 = CARTESIAN_POINT ( 'NONE',  ( 3.000000000000000000, -2.249999999999988010, -27.75000000000000355 ) ) ;
#888 = ORIENTED_EDGE ( 'NONE', *, *, #552, .F. ) ;
#889 = FACE_OUTER_BOUND ( 'NONE', #776, .T. ) ;
#890 = EDGE_LOOP ( 'NONE', ( #635, #1383, #1401, #888 ) ) ;
#891 = VERTEX_POINT ( 'NONE', #1017 ) ;
#892 = CARTESIAN_POINT ( 'NONE',  ( -7.506593367362278002, -1.000000000000000000, -1.212121212061810782 ) ) ;
#893 = CARTESIAN_POINT ( 'NONE',  ( -16.00000000000000000, -1.999999999999999556, -16.75000000000000000 ) ) ;
#894 = ORIENTED_EDGE ( 'NONE', *, *, #727, .T. ) ;
#895 = DIRECTION ( 'NONE',  ( 0.000000000000000000, 0.000000000000000000, -1.000000000000000000 ) ) ;
#896 = ADVANCED_FACE ( 'NONE', ( #502 ), #213, .T. ) ;
#897 = DIRECTION ( 'NONE',  ( 1.445602896647337931E-16, 0.000000000000000000, 1.000000000000000000 ) ) ;
#898 = EDGE_LOOP ( 'NONE', ( #345, #1387, #319, #1029 ) ) ;
#899 = DIRECTION ( 'NONE',  ( -0.000000000000000000, 1.000000000000000000, 0.000000000000000000 ) ) ;
#900 = CARTESIAN_POINT ( 'NONE',  ( 3.000000000000006217, -1.749999999999996891, -24.75000000000001066 ) ) ;
#901 = VERTEX_POINT ( 'NONE', #1659 ) ;
#902 = AXIS2_PLACEMENT_3D ( 'NONE', #60, #580, #1109 ) ;
#903 = DIRECTION ( 'NONE',  ( -0.000000000000000000, 1.000000000000000000, -0.000000000000000000 ) ) ;
#904 = VECTOR ( 'NONE', #1203, 1000.000000000000000 ) ;
#905 = EDGE_CURVE ( 'NONE', #493, #1276, #1407, .T. ) ;
#906 = DIRECTION ( 'NONE',  ( 1.314004337516960471E-16, 0.000000000000000000, 1.000000000000000000 ) ) ;
#907 = CARTESIAN_POINT ( 'NONE',  ( 16.00000000000000000, 0.000000000000000000, 0.000000000000000000 ) ) ;
#908 = AXIS2_PLACEMENT_3D ( 'NONE', #1108, #1622, #205 ) ;
#909 = ORIENTED_EDGE ( 'NONE', *, *, #1585, .F. ) ;
#910 = DIRECTION ( 'NONE',  ( 0.000000000000000000, 0.000000000000000000, 1.000000000000000000 ) ) ;
#911 = VECTOR ( 'NONE', #1427, 1000.000000000000000 ) ;
#912 = SURFACE_STYLE_USAGE ( .BOTH. , #116 ) ;
#913 = AXIS2_PLACEMENT_3D ( 'NONE', #305, #297, #50 ) ;
#914 = EDGE_LOOP ( 'NONE', ( #607, #175, #354, #1102, #141, #375 ) ) ;
#915 = CARTESIAN_POINT ( 'NONE',  ( -16.00000000000000000, -7.250000000000000888, -18.75000000000000355 ) ) ;
#916 = DIRECTION ( 'NONE',  ( 1.000000000000000000, -0.000000000000000000, -3.469446951953614583E-15 ) ) ;
#917 = LINE ( 'NONE', #1396, #583 ) ;
#918 = EDGE_CURVE ( 'NONE', #1674, #837, #748, .T. ) ;
#919 = EDGE_LOOP ( 'NONE', ( #702, #1248, #137, #883 ) ) ;
#920 = ADVANCED_FACE ( 'NONE', ( #1543, #5, #545 ), #1327, .T. ) ;
#921 = PRODUCT_DEFINITION_CONTEXT ( 'detailed design', #762, 'design' ) ;
#922 = CARTESIAN_POINT ( 'NONE',  ( -11.50000000000000000, -1.000000000000000000, -4.000000000000000000 ) ) ;
#923 = EDGE_CURVE ( 'NONE', #313, #625, #408, .T. ) ;
#924 = FACE_OUTER_BOUND ( 'NONE', #789, .T. ) ;
#925 = ORIENTED_EDGE ( 'NONE', *, *, #1051, .T. ) ;
#926 = DIRECTION ( 'NONE',  ( 0.000000000000000000, -1.000000000000000000, 0.000000000000000000 ) ) ;
#927 = PLANE ( 'NONE',  #1681 ) ;
#928 = LINE ( 'NONE', #1334, #478 ) ;
#929 = ORIENTED_EDGE ( 'NONE', *, *, #1394, .T. ) ;
#930 = ADVANCED_FACE ( 'NONE', ( #511 ), #379, .F. ) ;
#931 = CARTESIAN_POINT ( 'NONE',  ( -16.00000000000000000, -5.250000000000000000, -24.75000000000000000 ) ) ;
#932 = PLANE ( 'NONE',  #1194 ) ;
#933 = DIRECTION ( 'NONE',  ( 1.000000000000000000, 0.000000000000000000, 0.000000000000000000 ) ) ;
#934 = DIRECTION ( 'NONE',  ( 0.000000000000000000, 0.000000000000000000, 1.000000000000000000 ) ) ;
#935 = DIRECTION ( 'NONE',  ( 0.000000000000000000, 6.982962677686267499E-15, -1.000000000000000000 ) ) ;
#936 = CIRCLE ( 'NONE', #34, 0.9999999999999991118 ) ;
#937 = AXIS2_PLACEMENT_3D ( 'NONE', #1556, #899, #1430 ) ;
#938 = ORIENTED_EDGE ( 'NONE', *, *, #1605, .F. ) ;
#939 = CYLINDRICAL_SURFACE ( 'NONE', #967, 2.000000000000000000 ) ;
#940 = EDGE_CURVE ( 'NONE', #872, #855, #780, .T. ) ;
#941 = DIRECTION ( 'NONE',  ( -1.000000000000000000, -0.000000000000000000, 3.469446951953614583E-15 ) ) ;
#942 = CARTESIAN_POINT ( 'NONE',  ( -16.00000000000000000, -1.999999999999999556, -15.75000000000000000 ) ) ;
#943 = AXIS2_PLACEMENT_3D ( 'NONE', #427, #1631, #1114 ) ;
#944 = DIRECTION ( 'NONE',  ( 0.000000000000000000, 0.000000000000000000, 1.000000000000000000 ) ) ;
#945 = STYLED_ITEM ( 'NONE', ( #1181 ), #1524 ) ;
#946 = FACE_BOUND ( 'NONE', #1388, .T. ) ;
#947 = EDGE_CURVE ( 'NONE', #207, #233, #416, .T. ) ;
#948 = EDGE_LOOP ( 'NONE', ( #1283, #109, #54, #527 ) ) ;
#949 = CARTESIAN_POINT ( 'NONE',  ( 3.000000000000028422, 23.24999999999999289, -18.75000000000000355 ) ) ;
#950 = DIRECTION ( 'NONE',  ( 0.000000000000000000, 0.000000000000000000, 1.000000000000000000 ) ) ;
#951 = CARTESIAN_POINT ( 'NONE',  ( 3.000000000000000444, -8.251000000000001222, -26.75000000000000355 ) ) ;
#952 = ADVANCED_FACE ( 'NONE', ( #1576 ), #805, .F. ) ;
#953 = CYLINDRICAL_SURFACE ( 'NONE', #1262, 5.000000000000000000 ) ;
#954 = DIRECTION ( 'NONE',  ( -0.000000000000000000, 1.000000000000000000, -0.000000000000000000 ) ) ;
#955 = ORIENTED_EDGE ( 'NONE', *, *, #239, .F. ) ;
#956 = ORIENTED_EDGE ( 'NONE', *, *, #563, .F. ) ;
#957 = DIRECTION ( 'NONE',  ( 0.000000000000000000, -0.000000000000000000, 1.000000000000000000 ) ) ;
#958 = DIRECTION ( 'NONE',  ( -1.000000000000000000, -0.000000000000000000, 3.469446951953614583E-15 ) ) ;
#959 = CARTESIAN_POINT ( 'NONE',  ( -13.99999999999999822, 0.000000000000000000, 0.000000000000000000 ) ) ;
#960 = DIRECTION ( 'NONE',  ( 1.000000000000000000, 0.000000000000000000, -0.000000000000000000 ) ) ;
#961 = EDGE_CURVE ( 'NONE', #1656, #381, #146, .T. ) ;
#962 = ORIENTED_EDGE ( 'NONE', *, *, #353, .F. ) ;
#963 = VECTOR ( 'NONE', #1392, 1000.000000000000000 ) ;
#964 = AXIS2_PLACEMENT_3D ( 'NONE', #238, #1425, #758 ) ;
#965 = EDGE_LOOP ( 'NONE', ( #1379, #536, #830, #371 ) ) ;
#966 = DIRECTION ( 'NONE',  ( -0.000000000000000000, 1.000000000000000000, 0.000000000000000000 ) ) ;
#967 = AXIS2_PLACEMENT_3D ( 'NONE', #16, #143, #910 ) ;
#968 = CARTESIAN_POINT ( 'NONE',  ( 16.00100000000001188, 1.750000000000001776, -23.75000000000005684 ) ) ;
#969 = CYLINDRICAL_SURFACE ( 'NONE', #1539, 3.000000000000002665 ) ;
#970 = PLANE ( 'NONE',  #1626 ) ;
#971 = VECTOR ( 'NONE', #1120, 1000.000000000000000 ) ;
#972 = ORIENTED_EDGE ( 'NONE', *, *, #1026, .F. ) ;
#973 = EDGE_LOOP ( 'NONE', ( #760, #750, #147, #568, #866, #863, #520, #1168, #1428 ) ) ;
#974 = ADVANCED_FACE ( 'NONE', ( #1191 ), #652, .F. ) ;
#975 = DIRECTION ( 'NONE',  ( 0.000000000000000000, 0.000000000000000000, -1.000000000000000000 ) ) ;
#976 = PRODUCT_DEFINITION_SHAPE ( 'NONE', 'NONE',  #421 ) ;
#977 = ADVANCED_FACE ( 'NONE', ( #1309 ), #939, .T. ) ;
#978 = CARTESIAN_POINT ( 'NONE',  ( 16.00000000000000000, -1.000000000000000000, 0.000000000000000000 ) ) ;
#979 = DIRECTION ( 'NONE',  ( 1.000000000000000000, 0.000000000000000000, 0.000000000000000000 ) ) ;
#980 = ORIENTED_EDGE ( 'NONE', *, *, #1466, .F. ) ;
#981 = ORIENTED_EDGE ( 'NONE', *, *, #1446, .F. ) ;
#982 = DIRECTION ( 'NONE',  ( -0.000000000000000000, 1.000000000000000000, -0.000000000000000000 ) ) ;
#983 = EDGE_CURVE ( 'NONE', #370, #1206, #1462, .T. ) ;
#984 = DIRECTION ( 'NONE',  ( -0.000000000000000000, -1.000000000000000000, -0.000000000000000000 ) ) ;
#985 = PLANE ( 'NONE',  #1157 ) ;
#986 = EDGE_LOOP ( 'NONE', ( #1093, #1032, #197, #1670 ) ) ;
#987 = DIRECTION ( 'NONE',  ( 0.000000000000000000, 1.000000000000000000, -0.000000000000000000 ) ) ;
#988 = ORIENTED_EDGE ( 'NONE', *, *, #1216, .F. ) ;
#989 = CIRCLE ( 'NONE', #1482, 2.000000000000001776 ) ;
#990 = ORIENTED_EDGE ( 'NONE', *, *, #1477, .F. ) ;
#991 = DIRECTION ( 'NONE',  ( 0.000000000000000000, -1.000000000000000000, 0.000000000000000000 ) ) ;
#992 = VECTOR ( 'NONE', #1338, 1000.000000000000000 ) ;
#993 = DIRECTION ( 'NONE',  ( 1.807003620809174583E-15, 0.000000000000000000, 1.000000000000000000 ) ) ;
#994 = CARTESIAN_POINT ( 'NONE',  ( 3.000000000000000888, -5.250000000000000000, -24.75000000000000000 ) ) ;
#995 = EDGE_CURVE ( 'NONE', #207, #1111, #134, .T. ) ;
#996 = ORIENTED_EDGE ( 'NONE', *, *, #1507, .F. ) ;
#997 = CARTESIAN_POINT ( 'NONE',  ( 16.00000000000000000, -1.000000000000000000, -2.000000000000000000 ) ) ;
#998 = ORIENTED_EDGE ( 'NONE', *, *, #218, .T. ) ;
#999 = AXIS2_PLACEMENT_3D ( 'NONE', #1657, #643, #347 ) ;
#1000 = EDGE_CURVE ( 'NONE', #1276, #1426, #1062, .T. ) ;
#1001 = EDGE_LOOP ( 'NONE', ( #1483, #1558, #303, #1179, #955, #1087, #1374, #1105, #1068, #742, #1200, #167, #647, #1408 ) ) ;
#1002 = CARTESIAN_POINT ( 'NONE',  ( 16.00000000000000000, -1.000000000000000000, -14.75000000000000178 ) ) ;
#1003 = DIRECTION ( 'NONE',  ( -1.000000000000000000, -0.000000000000000000, -0.000000000000000000 ) ) ;
#1004 = ORIENTED_EDGE ( 'NONE', *, *, #1672, .F. ) ;
#1005 = CARTESIAN_POINT ( 'NONE',  ( 7.506593367362250468, -1.000000000000000000, -1.212121212061810782 ) ) ;
#1006 = EDGE_CURVE ( 'NONE', #671, #1342, #1107, .T. ) ;
#1007 = ORIENTED_EDGE ( 'NONE', *, *, #1446, .T. ) ;
#1008 = ORIENTED_EDGE ( 'NONE', *, *, #292, .T. ) ;
#1009 = FACE_OUTER_BOUND ( 'NONE', #1503, .T. ) ;
#1010 = DIRECTION ( 'NONE',  ( -0.000000000000000000, -1.000000000000000000, -0.000000000000000000 ) ) ;
#1011 = ORIENTED_EDGE ( 'NONE', *, *, #1171, .F. ) ;
#1012 = DIRECTION ( 'NONE',  ( -1.000000000000000000, -0.000000000000000000, -0.000000000000000000 ) ) ;
#1013 = LINE ( 'NONE', #1561, #1073 ) ;
#1014 = EDGE_CURVE ( 'NONE', #660, #1370, #499, .T. ) ;
#1015 = ORIENTED_EDGE ( 'NONE', *, *, #149, .T. ) ;
#1016 = CIRCLE ( 'NONE', #1510, 1.500000000000001332 ) ;
#1017 = CARTESIAN_POINT ( 'NONE',  ( 3.000000000000028422, -0.7499999999999974465, -18.75000000000000355 ) ) ;
#1018 = VECTOR ( 'NONE', #1472, 1000.000000000000000 ) ;
#1019 = PLANE ( 'NONE',  #123 ) ;
#1020 = VECTOR ( 'NONE', #155, 1000.000000000000000 ) ;
#1021 = ORIENTED_EDGE ( 'NONE', *, *, #1616, .F. ) ;
#1022 = CARTESIAN_POINT ( 'NONE',  ( 16.00000000000000000, 0.000000000000000000, -14.75000000000000178 ) ) ;
#1023 = DIRECTION ( 'NONE',  ( 0.000000000000000000, 0.000000000000000000, -1.000000000000000000 ) ) ;
#1024 = ORIENTED_EDGE ( 'NONE', *, *, #490, .F. ) ;
#1025 = VECTOR ( 'NONE', #1049, 1000.000000000000000 ) ;
#1026 = EDGE_CURVE ( 'NONE', #1587, #460, #24, .T. ) ;
#1027 = DIRECTION ( 'NONE',  ( 0.000000000000000000, 0.000000000000000000, -1.000000000000000000 ) ) ;
#1028 = DIRECTION ( 'NONE',  ( 0.000000000000000000, 0.000000000000000000, -1.000000000000000000 ) ) ;
#1029 = ORIENTED_EDGE ( 'NONE', *, *, #270, .T. ) ;
#1030 = CARTESIAN_POINT ( 'NONE',  ( 10.77032961404149525, -1.000000000000000000, 0.000000000000000000 ) ) ;
#1031 = LINE ( 'NONE', #98, #1623 ) ;
#1032 = ORIENTED_EDGE ( 'NONE', *, *, #690, .F. ) ;
#1033 = CARTESIAN_POINT ( 'NONE',  ( 4.000000000000027534, -1.749999999999996891, -18.75000000000000711 ) ) ;
#1034 = ADVANCED_FACE ( 'NONE', ( #679 ), #1694, .T. ) ;
#1035 = LINE ( 'NONE', #773, #1110 ) ;
#1036 = ORIENTED_EDGE ( 'NONE', *, *, #1531, .F. ) ;
#1037 = DIRECTION ( 'NONE',  ( 0.000000000000000000, -1.734723475976808672E-15, -1.000000000000000000 ) ) ;
#1038 = CARTESIAN_POINT ( 'NONE',  ( -16.00000000000000000, -5.250000000000000000, -27.75000000000000355 ) ) ;
#1039 = CARTESIAN_POINT ( 'NONE',  ( 3.000000000000002220, -1.999999999999999112, -16.75000000000000000 ) ) ;
#1040 = ORIENTED_EDGE ( 'NONE', *, *, #1285, .T. ) ;
#1041 = DIRECTION ( 'NONE',  ( -0.000000000000000000, 1.000000000000000000, 0.000000000000000000 ) ) ;
#1042 = CARTESIAN_POINT ( 'NONE',  ( 1.000000000000007327, 24.25000000000000000, -24.75000000000000355 ) ) ;
#1043 = ORIENTED_EDGE ( 'NONE', *, *, #544, .T. ) ;
#1044 = EDGE_CURVE ( 'NONE', #1413, #326, #253, .T. ) ;
#1045 = VECTOR ( 'NONE', #682, 1000.000000000000000 ) ;
#1046 = CARTESIAN_POINT ( 'NONE',  ( -10.77032961404152367, 0.000000000000000000, 0.000000000000000000 ) ) ;
#1047 = VECTOR ( 'NONE', #933, 1000.000000000000000 ) ;
#1048 = DIRECTION ( 'NONE',  ( -0.000000000000000000, 0.000000000000000000, 1.000000000000000000 ) ) ;
#1049 = DIRECTION ( 'NONE',  ( 0.000000000000000000, 1.000000000000000000, 0.000000000000000000 ) ) ;
#1050 = VECTOR ( 'NONE', #1565, 1000.000000000000000 ) ;
#1051 = EDGE_CURVE ( 'NONE', #660, #736, #186, .T. ) ;
#1052 = ORIENTED_EDGE ( 'NONE', *, *, #1044, .T. ) ;
#1053 = CARTESIAN_POINT ( 'NONE',  ( 14.00000000000000000, 0.000000000000000000, -2.000000000000000000 ) ) ;
#1054 = AXIS2_PLACEMENT_3D ( 'NONE', #461, #982, #1343 ) ;
#1055 = VECTOR ( 'NONE', #601, 1000.000000000000000 ) ;
#1056 = EDGE_LOOP ( 'NONE', ( #85, #247, #255, #1161 ) ) ;
#1057 = DIRECTION ( 'NONE',  ( 1.000000000000000000, 0.000000000000000000, 0.000000000000000000 ) ) ;
#1058 = DIRECTION ( 'NONE',  ( -0.000000000000000000, 1.000000000000000000, 0.000000000000000000 ) ) ;
#1059 = DIRECTION ( 'NONE',  ( -1.000000000000000000, 0.000000000000000000, 1.958379444199758381E-16 ) ) ;
#1060 = EDGE_CURVE ( 'NONE', #598, #628, #203, .T. ) ;
#1061 = EDGE_LOOP ( 'NONE', ( #1395, #1545, #530, #498 ) ) ;
#1062 = LINE ( 'NONE', #1201, #1628 ) ;
#1063 = CARTESIAN_POINT ( 'NONE',  ( 16.00000000000000000, -8.250000000000000000, -24.75000000000000000 ) ) ;
#1064 = ORIENTED_EDGE ( 'NONE', *, *, #430, .T. ) ;
#1065 = CARTESIAN_POINT ( 'NONE',  ( 16.00000000000000000, 0.000000000000000000, -9.749999999999996447 ) ) ;
#1066 = CARTESIAN_POINT ( 'NONE',  ( 3.000000000000007550, -1.749999999999994671, -24.75000000000001066 ) ) ;
#1067 = CARTESIAN_POINT ( 'NONE',  ( 7.506593367362250468, -5.000000000000000000, -1.212121212061811670 ) ) ;
#1068 = ORIENTED_EDGE ( 'NONE', *, *, #1437, .T. ) ;
#1069 = ADVANCED_FACE ( 'NONE', ( #1106 ), #1620, .T. ) ;
#1070 = DIRECTION ( 'NONE',  ( 0.000000000000000000, 0.000000000000000000, 1.000000000000000000 ) ) ;
#1071 = CARTESIAN_POINT ( 'NONE',  ( 4.000000000000015987, 1.750000000000001554, -22.25000000000001421 ) ) ;
#1072 = LINE ( 'NONE', #411, #992 ) ;
#1073 = VECTOR ( 'NONE', #1271, 1000.000000000000000 ) ;
#1074 = CARTESIAN_POINT ( 'NONE',  ( -10.77032961404152189, -1.000000000000000000, 0.000000000000000000 ) ) ;
#1075 = DIRECTION ( 'NONE',  ( 0.000000000000000000, -0.000000000000000000, 1.000000000000000000 ) ) ;
#1076 = AXIS2_PLACEMENT_3D ( 'NONE', #26, #1057, #547 ) ;
#1077 = CONICAL_SURFACE ( 'NONE', #361, 3.149999999999999911, 0.7853981633974495002 ) ;
#1078 = ORIENTED_EDGE ( 'NONE', *, *, #1308, .T. ) ;
#1079 = DIRECTION ( 'NONE',  ( -1.000000000000000000, -0.000000000000000000, -0.000000000000000000 ) ) ;
#1080 = EDGE_CURVE ( 'NONE', #1391, #78, #1246, .T. ) ;
#1081 = DIRECTION ( 'NONE',  ( -0.000000000000000000, 1.000000000000000000, -0.000000000000000000 ) ) ;
#1082 = CARTESIAN_POINT ( 'NONE',  ( -11.50000000000000000, 1.734723475976807883E-15, -0.8500000000000000888 ) ) ;
#1083 = MECHANICAL_DESIGN_GEOMETRIC_PRESENTATION_REPRESENTATION (  '', ( #945 ), #722 ) ;
#1084 = LINE ( 'NONE', #299, #1564 ) ;
#1085 = AXIS2_PLACEMENT_3D ( 'NONE', #529, #512, #1695 ) ;
#1086 = LINE ( 'NONE', #1067, #119 ) ;
#1087 = ORIENTED_EDGE ( 'NONE', *, *, #1341, .F. ) ;
#1088 = FACE_OUTER_BOUND ( 'NONE', #325, .T. ) ;
#1089 = DIRECTION ( 'NONE',  ( 0.000000000000000000, -0.000000000000000000, 1.000000000000000000 ) ) ;
#1090 = CARTESIAN_POINT ( 'NONE',  ( -11.50000000000000000, -1.000000000000000000, -1.850000000000004086 ) ) ;
#1091 = EDGE_CURVE ( 'NONE', #818, #202, #312, .T. ) ;
#1092 = LINE ( 'NONE', #333, #223 ) ;
#1093 = ORIENTED_EDGE ( 'NONE', *, *, #865, .F. ) ;
#1094 = ORIENTED_EDGE ( 'NONE', *, *, #270, .F. ) ;
#1095 = CARTESIAN_POINT ( 'NONE',  ( 0.5000000000000067724, -1.749999999999994671, -26.75000000000000355 ) ) ;
#1096 = CARTESIAN_POINT ( 'NONE',  ( 1.000000000000007327, 24.25000000000000000, -24.75000000000000355 ) ) ;
#1097 = CARTESIAN_POINT ( 'NONE',  ( 14.00000000000000000, 0.000000000000000000, 0.000000000000000000 ) ) ;
#1098 = EDGE_CURVE ( 'NONE', #678, #1295, #49, .T. ) ;
#1099 = DIRECTION ( 'NONE',  ( -0.000000000000000000, -0.000000000000000000, -1.000000000000000000 ) ) ;
#1100 = AXIS2_PLACEMENT_3D ( 'NONE', #1348, #1058, #1339 ) ;
#1101 = ADVANCED_FACE ( 'NONE', ( #697 ), #1498, .F. ) ;
#1102 = ORIENTED_EDGE ( 'NONE', *, *, #1227, .T. ) ;
#1103 = VECTOR ( 'NONE', #1277, 1000.000000000000000 ) ;
#1104 = VECTOR ( 'NONE', #1167, 1000.000000000000000 ) ;
#1105 = ORIENTED_EDGE ( 'NONE', *, *, #52, .F. ) ;
#1106 = FACE_OUTER_BOUND ( 'NONE', #1315, .T. ) ;
#1107 = CIRCLE ( 'NONE', #578, 2.149999999999995914 ) ;
#1108 = CARTESIAN_POINT ( 'NONE',  ( 3.000000000000024869, -0.7499999999999970024, -19.75000000000000355 ) ) ;
#1109 = DIRECTION ( 'NONE',  ( 0.000000000000000000, 0.000000000000000000, -1.000000000000000000 ) ) ;
#1110 = VECTOR ( 'NONE', #1156, 1000.000000000000000 ) ;
#1111 = VERTEX_POINT ( 'NONE', #949 ) ;
#1112 = ADVANCED_FACE ( 'NONE', ( #320 ), #813, .T. ) ;
#1113 = ORIENTED_EDGE ( 'NONE', *, *, #1437, .F. ) ;
#1114 = DIRECTION ( 'NONE',  ( 0.000000000000000000, 0.000000000000000000, 1.000000000000000000 ) ) ;
#1115 = DIRECTION ( 'NONE',  ( 0.000000000000000000, -1.000000000000000000, -6.982962677686267499E-15 ) ) ;
#1116 = LINE ( 'NONE', #1643, #415 ) ;
#1117 = EDGE_LOOP ( 'NONE', ( #720, #463, #310, #990 ) ) ;
#1118 = ADVANCED_FACE ( 'NONE', ( #1242, #847, #434 ), #704, .F. ) ;
#1119 = ORIENTED_EDGE ( 'NONE', *, *, #1477, .T. ) ;
#1120 = DIRECTION ( 'NONE',  ( 1.000000000000000000, 0.000000000000000000, -3.491481338843133355E-15 ) ) ;
#1121 =( NAMED_UNIT ( * ) PLANE_ANGLE_UNIT ( ) SI_UNIT ( $, .RADIAN. ) );
#1122 = APPLICATION_CONTEXT ( 'automotive_design' ) ;
#1123 = DIRECTION ( 'NONE',  ( 0.000000000000000000, -1.000000000000000000, -0.000000000000000000 ) ) ;
#1124 = ORIENTED_EDGE ( 'NONE', *, *, #112, .F. ) ;
#1125 = DIRECTION ( 'NONE',  ( 0.000000000000000000, 0.000000000000000000, 1.000000000000000000 ) ) ;
#1126 = EDGE_LOOP ( 'NONE', ( #822, #210, #695, #782 ) ) ;
#1127 = CIRCLE ( 'NONE', #1288, 1.500000000000001332 ) ;
#1128 = ORIENTED_EDGE ( 'NONE', *, *, #336, .F. ) ;
#1129 = CARTESIAN_POINT ( 'NONE',  ( 3.000000000000021316, 20.75000000000000355, -20.75000000000001421 ) ) ;
#1130 = CIRCLE ( 'NONE', #388, 2.000000000000001776 ) ;
#1131 = AXIS2_PLACEMENT_3D ( 'NONE', #1447, #1593, #1701 ) ;
#1132 = CARTESIAN_POINT ( 'NONE',  ( 4.000000000000000000, -1.749999999999996891, -26.75000000000000711 ) ) ;
#1133 = EDGE_CURVE ( 'NONE', #1563, #495, #1234, .T. ) ;
#1134 = ORIENTED_EDGE ( 'NONE', *, *, #1332, .F. ) ;
#1135 = DIRECTION ( 'NONE',  ( 0.000000000000000000, 1.000000000000000000, 0.000000000000000000 ) ) ;
#1136 = EDGE_LOOP ( 'NONE', ( #756, #1224, #472, #1134 ) ) ;
#1137 = AXIS2_PLACEMENT_3D ( 'NONE', #1095, #1226, #975 ) ;
#1138 = ORIENTED_EDGE ( 'NONE', *, *, #905, .T. ) ;
#1139 = DIRECTION ( 'NONE',  ( -0.000000000000000000, 0.000000000000000000, 1.000000000000000000 ) ) ;
#1140 = DIRECTION ( 'NONE',  ( -1.000000000000000000, -0.000000000000000000, 3.469446951953614583E-15 ) ) ;
#1141 = ORIENTED_EDGE ( 'NONE', *, *, #1507, .T. ) ;
#1142 = EDGE_CURVE ( 'NONE', #185, #207, #39, .T. ) ;
#1143 = CARTESIAN_POINT ( 'NONE',  ( 2.999999999999999112, -8.250000000000000000, -32.46590772273100356 ) ) ;
#1144 = FACE_OUTER_BOUND ( 'NONE', #965, .T. ) ;
#1145 = ORIENTED_EDGE ( 'NONE', *, *, #336, .T. ) ;
#1146 = DIRECTION ( 'NONE',  ( 0.000000000000000000, 0.000000000000000000, 1.000000000000000000 ) ) ;
#1147 = DIRECTION ( 'NONE',  ( 0.000000000000000000, 0.000000000000000000, 1.000000000000000000 ) ) ;
#1148 = ORIENTED_EDGE ( 'NONE', *, *, #1051, .F. ) ;
#1149 = CARTESIAN_POINT ( 'NONE',  ( -16.00000000000000000, -1.000000000000000000, 0.000000000000000000 ) ) ;
#1150 = CARTESIAN_POINT ( 'NONE',  ( 16.00000000000000000, -1.000000000000000000, 0.000000000000000000 ) ) ;
#1151 = EDGE_CURVE ( 'NONE', #313, #1547, #687, .T. ) ;
#1152 = ORIENTED_EDGE ( 'NONE', *, *, #623, .T. ) ;
#1153 = AXIS2_PLACEMENT_3D ( 'NONE', #508, #1023, #766 ) ;
#1154 = DIRECTION ( 'NONE',  ( -0.000000000000000000, 1.000000000000000000, -0.000000000000000000 ) ) ;
#1155 = AXIS2_PLACEMENT_3D ( 'NONE', #35, #798, #1597 ) ;
#1156 = DIRECTION ( 'NONE',  ( 0.000000000000000000, -1.000000000000000000, 0.000000000000000000 ) ) ;
#1157 = AXIS2_PLACEMENT_3D ( 'NONE', #1220, #68, #1382 ) ;
#1158 = ORIENTED_EDGE ( 'NONE', *, *, #600, .T. ) ;
#1159 = DIRECTION ( 'NONE',  ( -0.000000000000000000, 1.000000000000000000, 0.000000000000000000 ) ) ;
#1160 = DIRECTION ( 'NONE',  ( 1.000000000000000000, 0.000000000000000000, -0.000000000000000000 ) ) ;
#1161 = ORIENTED_EDGE ( 'NONE', *, *, #52, .T. ) ;
#1162 = ADVANCED_FACE ( 'NONE', ( #1639 ), #610, .F. ) ;
#1163 = VECTOR ( 'NONE', #1355, 1000.000000000000000 ) ;
#1164 = AXIS2_PLACEMENT_3D ( 'NONE', #1595, #1081, #797 ) ;
#1165 = DIRECTION ( 'NONE',  ( -0.000000000000000000, 1.000000000000000000, 0.000000000000000000 ) ) ;
#1166 = ORIENTED_EDGE ( 'NONE', *, *, #1091, .T. ) ;
#1167 = DIRECTION ( 'NONE',  ( -1.000000000000000000, -0.000000000000000000, -0.000000000000000000 ) ) ;
#1168 = ORIENTED_EDGE ( 'NONE', *, *, #613, .F. ) ;
#1169 = DIRECTION ( 'NONE',  ( -1.000000000000000000, 0.000000000000000000, 3.491481338843133355E-15 ) ) ;
#1170 = ORIENTED_EDGE ( 'NONE', *, *, #501, .T. ) ;
#1171 = EDGE_CURVE ( 'NONE', #1111, #161, #204, .T. ) ;
#1172 = DIRECTION ( 'NONE',  ( -0.000000000000000000, -1.000000000000000000, -0.000000000000000000 ) ) ;
#1173 =( NAMED_UNIT ( * ) SI_UNIT ( $, .STERADIAN. ) SOLID_ANGLE_UNIT ( ) );
#1174 = VERTEX_POINT ( 'NONE', #562 ) ;
#1175 = CARTESIAN_POINT ( 'NONE',  ( 10.77032961404149525, -1.000000000000000000, 0.000000000000000000 ) ) ;
#1176 = ADVANCED_FACE ( 'NONE', ( #1088 ), #823, .T. ) ;
#1177 = FACE_OUTER_BOUND ( 'NONE', #153, .T. ) ;
#1178 = CARTESIAN_POINT ( 'NONE',  ( 14.00000000000000000, -1.000000000000000000, -2.000000000000000000 ) ) ;
#1179 = ORIENTED_EDGE ( 'NONE', *, *, #501, .F. ) ;
#1180 = DIRECTION ( 'NONE',  ( -1.000000000000000000, 0.000000000000000000, 3.491481338843133355E-15 ) ) ;
#1181 = PRESENTATION_STYLE_ASSIGNMENT (( #912 ) ) ;
#1182 = EDGE_LOOP ( 'NONE', ( #734, #1249, #703, #852 ) ) ;
#1183 = CIRCLE ( 'NONE', #845, 3.000000000000002665 ) ;
#1184 = LINE ( 'NONE', #1082, #659 ) ;
#1185 = EDGE_CURVE ( 'NONE', #1254, #1601, #553, .T. ) ;
#1186 = VECTOR ( 'NONE', #128, 1000.000000000000000 ) ;
#1187 = FACE_OUTER_BOUND ( 'NONE', #251, .T. ) ;
#1188 = DIRECTION ( 'NONE',  ( -0.000000000000000000, 1.000000000000000000, 0.000000000000000000 ) ) ;
#1189 = VECTOR ( 'NONE', #1390, 1000.000000000000000 ) ;
#1190 = ORIENTED_EDGE ( 'NONE', *, *, #84, .T. ) ;
#1191 = FACE_OUTER_BOUND ( 'NONE', #3, .T. ) ;
#1192 = CIRCLE ( 'NONE', #1517, 5.000000000000000000 ) ;
#1193 = LINE ( 'NONE', #17, #340 ) ;
#1194 = AXIS2_PLACEMENT_3D ( 'NONE', #156, #546, #1089 ) ;
#1195 = EDGE_LOOP ( 'NONE', ( #216, #770, #846, #450 ) ) ;
#1196 = CARTESIAN_POINT ( 'NONE',  ( -16.00000000000000000, 23.25000000000000000, -27.75000000000000355 ) ) ;
#1197 = EDGE_CURVE ( 'NONE', #1403, #678, #1613, .T. ) ;
#1198 = DIRECTION ( 'NONE',  ( -1.000000000000000000, -0.000000000000000000, -0.000000000000000000 ) ) ;
#1199 = LINE ( 'NONE', #1314, #639 ) ;
#1200 = ORIENTED_EDGE ( 'NONE', *, *, #22, .T. ) ;
#1201 = CARTESIAN_POINT ( 'NONE',  ( -16.00000000000000000, -5.250000000000000000, -26.75000000000000355 ) ) ;
#1202 = PLANE ( 'NONE',  #913 ) ;
#1203 = DIRECTION ( 'NONE',  ( -1.958379444199758381E-16, 0.000000000000000000, -1.000000000000000000 ) ) ;
#1204 = DIRECTION ( 'NONE',  ( -1.000000000000000000, 1.734723475976811532E-16, 0.000000000000000000 ) ) ;
#1205 = FACE_OUTER_BOUND ( 'NONE', #763, .T. ) ;
#1206 = VERTEX_POINT ( 'NONE', #876 ) ;
#1207 = EDGE_CURVE ( 'NONE', #1438, #1497, #287, .T. ) ;
#1208 = DIRECTION ( 'NONE',  ( -1.000000000000000000, -0.000000000000000000, -0.000000000000000000 ) ) ;
#1209 = CARTESIAN_POINT ( 'NONE',  ( 11.50000000000000000, 1.734723475976807883E-15, -0.8500000000000000888 ) ) ;
#1210 = DIRECTION ( 'NONE',  ( -1.000000000000000000, -0.000000000000000000, 3.491481338843133355E-15 ) ) ;
#1211 = AXIS2_PLACEMENT_3D ( 'NONE', #1625, #464, #1520 ) ;
#1212 = CARTESIAN_POINT ( 'NONE',  ( 3.000000000000024869, 24.25000000000000000, -19.75000000000000355 ) ) ;
#1213 = DIRECTION ( 'NONE',  ( 3.469446951953611033E-15, 0.000000000000000000, 1.000000000000000000 ) ) ;
#1214 = VECTOR ( 'NONE', #1210, 1000.000000000000000 ) ;
#1215 = VERTEX_POINT ( 'NONE', #1572 ) ;
#1216 = EDGE_CURVE ( 'NONE', #495, #588, #385, .T. ) ;
#1217 = CARTESIAN_POINT ( 'NONE',  ( 16.00000000000000000, 24.25000000000000000, -26.75000000000000355 ) ) ;
#1218 = DIRECTION ( 'NONE',  ( 1.000000000000000000, 0.000000000000000000, -3.469446951953614583E-15 ) ) ;
#1219 = AXIS2_PLACEMENT_3D ( 'NONE', #338, #1256, #868 ) ;
#1220 = CARTESIAN_POINT ( 'NONE',  ( 2.999999999999999112, -8.251000000000001222, -32.46590772273100356 ) ) ;
#1221 = AXIS2_PLACEMENT_3D ( 'NONE', #1606, #181, #814 ) ;
#1222 = ORIENTED_EDGE ( 'NONE', *, *, #1529, .F. ) ;
#1223 = FACE_OUTER_BOUND ( 'NONE', #728, .T. ) ;
#1224 = ORIENTED_EDGE ( 'NONE', *, *, #30, .F. ) ;
#1225 = VERTEX_POINT ( 'NONE', #1129 ) ;
#1226 = DIRECTION ( 'NONE',  ( 1.000000000000000000, 0.000000000000000000, 0.000000000000000000 ) ) ;
#1227 = EDGE_CURVE ( 'NONE', #233, #7, #1357, .T. ) ;
#1228 = FACE_BOUND ( 'NONE', #357, .T. ) ;
#1229 = LINE ( 'NONE', #951, #1432 ) ;
#1230 = ADVANCED_FACE ( 'NONE', ( #260 ), #1533, .T. ) ;
#1231 = FACE_OUTER_BOUND ( 'NONE', #890, .T. ) ;
#1232 = ORIENTED_EDGE ( 'NONE', *, *, #1702, .T. ) ;
#1233 = ORIENTED_EDGE ( 'NONE', *, *, #843, .T. ) ;
#1234 = LINE ( 'NONE', #40, #339 ) ;
#1235 = PLANE ( 'NONE',  #850 ) ;
#1236 = EDGE_CURVE ( 'NONE', #1311, #1497, #917, .T. ) ;
#1237 = DIRECTION ( 'NONE',  ( 2.168404344971006896E-16, 0.000000000000000000, 1.000000000000000000 ) ) ;
#1238 = VECTOR ( 'NONE', #27, 1000.000000000000000 ) ;
#1239 = ORIENTED_EDGE ( 'NONE', *, *, #125, .T. ) ;
#1240 = CIRCLE ( 'NONE', #712, 1.000000000000000888 ) ;
#1241 = ORIENTED_EDGE ( 'NONE', *, *, #1197, .F. ) ;
#1242 = FACE_BOUND ( 'NONE', #241, .T. ) ;
#1243 = CARTESIAN_POINT ( 'NONE',  ( -16.00000000000000000, -8.250000000000000000, -18.75000000000000355 ) ) ;
#1244 = DIRECTION ( 'NONE',  ( 0.000000000000000000, 0.000000000000000000, 1.000000000000000000 ) ) ;
#1245 = FACE_OUTER_BOUND ( 'NONE', #1591, .T. ) ;
#1246 = CIRCLE ( 'NONE', #943, 3.149999999999999911 ) ;
#1247 = ADVANCED_FACE ( 'NONE', ( #1009 ), #650, .F. ) ;
#1248 = ORIENTED_EDGE ( 'NONE', *, *, #1509, .F. ) ;
#1249 = ORIENTED_EDGE ( 'NONE', *, *, #840, .T. ) ;
#1250 = DIRECTION ( 'NONE',  ( -3.491481338843133355E-15, 0.000000000000000000, -1.000000000000000000 ) ) ;
#1251 = CYLINDRICAL_SURFACE ( 'NONE', #61, 2.000000000000001776 ) ;
#1252 = CARTESIAN_POINT ( 'NONE',  ( 4.000000000000027534, -0.7499999999999974465, -18.75000000000000711 ) ) ;
#1253 = ORIENTED_EDGE ( 'NONE', *, *, #1627, .F. ) ;
#1254 = VERTEX_POINT ( 'NONE', #777 ) ;
#1255 = EDGE_CURVE ( 'NONE', #1369, #855, #1525, .T. ) ;
#1256 = DIRECTION ( 'NONE',  ( -1.000000000000000000, 0.000000000000000000, 1.958379444199758381E-16 ) ) ;
#1257 = DIRECTION ( 'NONE',  ( 0.000000000000000000, 0.000000000000000000, 1.000000000000000000 ) ) ;
#1258 = DIRECTION ( 'NONE',  ( 1.445602896647337931E-16, 0.000000000000000000, 1.000000000000000000 ) ) ;
#1259 = ORIENTED_EDGE ( 'NONE', *, *, #634, .T. ) ;
#1260 = CYLINDRICAL_SURFACE ( 'NONE', #964, 1.000000000000000888 ) ;
#1261 = EDGE_LOOP ( 'NONE', ( #1548, #440, #113, #80 ) ) ;
#1262 = AXIS2_PLACEMENT_3D ( 'NONE', #801, #1324, #150 ) ;
#1263 = ORIENTED_EDGE ( 'NONE', *, *, #218, .F. ) ;
#1264 = CARTESIAN_POINT ( 'NONE',  ( 3.000000000000006217, 24.25000000000000000, -24.75000000000001066 ) ) ;
#1265 = CIRCLE ( 'NONE', #471, 1.500000000000001332 ) ;
#1266 = ADVANCED_FACE ( 'NONE', ( #74 ), #767, .T. ) ;
#1267 = AXIS2_PLACEMENT_3D ( 'NONE', #44, #705, #587 ) ;
#1268 = LINE ( 'NONE', #341, #688 ) ;
#1269 = VERTEX_POINT ( 'NONE', #1515 ) ;
#1270 = DIRECTION ( 'NONE',  ( -1.000000000000000000, -0.000000000000000000, -0.000000000000000000 ) ) ;
#1271 = DIRECTION ( 'NONE',  ( -0.000000000000000000, 1.000000000000000000, -0.000000000000000000 ) ) ;
#1272 = VECTOR ( 'NONE', #21, 1000.000000000000000 ) ;
#1273 = AXIS2_PLACEMENT_3D ( 'NONE', #409, #713, #1257 ) ;
#1274 = ORIENTED_EDGE ( 'NONE', *, *, #439, .F. ) ;
#1275 = CARTESIAN_POINT ( 'NONE',  ( 16.00000000000000000, -5.250000000000000000, -16.75000000000000000 ) ) ;
#1276 = VERTEX_POINT ( 'NONE', #1306 ) ;
#1277 = DIRECTION ( 'NONE',  ( 0.000000000000000000, 0.000000000000000000, -1.000000000000000000 ) ) ;
#1278 = EDGE_CURVE ( 'NONE', #1174, #1311, #719, .T. ) ;
#1279 = FACE_OUTER_BOUND ( 'NONE', #1056, .T. ) ;
#1280 = ORIENTED_EDGE ( 'NONE', *, *, #1227, .F. ) ;
#1281 = CARTESIAN_POINT ( 'NONE',  ( 10.77032961404149525, -5.000000000000000000, -4.999999999999999112 ) ) ;
#1282 =( NAMED_UNIT ( * ) PLANE_ANGLE_UNIT ( ) SI_UNIT ( $, .RADIAN. ) );
#1283 = ORIENTED_EDGE ( 'NONE', *, *, #239, .T. ) ;
#1284 = CYLINDRICAL_SURFACE ( 'NONE', #1321, 2.000000000000000000 ) ;
#1285 = EDGE_CURVE ( 'NONE', #262, #1587, #559, .T. ) ;
#1286 = ORIENTED_EDGE ( 'NONE', *, *, #292, .F. ) ;
#1287 = VERTEX_POINT ( 'NONE', #1646 ) ;
#1288 = AXIS2_PLACEMENT_3D ( 'NONE', #1313, #916, #1609 ) ;
#1289 = CARTESIAN_POINT ( 'NONE',  ( -16.00000000000000000, -5.250000000000000000, -16.75000000000000000 ) ) ;
#1290 = AXIS2_PLACEMENT_3D ( 'NONE', #1559, #351, #1678 ) ;
#1291 =( LENGTH_UNIT ( ) NAMED_UNIT ( * ) SI_UNIT ( .MILLI., .METRE. ) );
#1292 = AXIS2_PLACEMENT_3D ( 'NONE', #731, #242, #862 ) ;
#1293 = ORIENTED_EDGE ( 'NONE', *, *, #1308, .F. ) ;
#1294 = CYLINDRICAL_SURFACE ( 'NONE', #279, 3.000000000000002665 ) ;
#1295 = VERTEX_POINT ( 'NONE', #516 ) ;
#1296 = DIRECTION ( 'NONE',  ( 0.000000000000000000, 0.000000000000000000, 1.000000000000000000 ) ) ;
#1297 = EDGE_CURVE ( 'NONE', #65, #1393, #219, .T. ) ;
#1298 = AXIS2_PLACEMENT_3D ( 'NONE', #1504, #1380, #1479 ) ;
#1299 = EDGE_LOOP ( 'NONE', ( #484, #539, #399, #1629 ) ) ;
#1300 = AXIS2_PLACEMENT_3D ( 'NONE', #1071, #283, #555 ) ;
#1301 = CARTESIAN_POINT ( 'NONE',  ( 16.00000000000000000, -5.250000000000000000, -24.75000000000000000 ) ) ;
#1302 = FACE_OUTER_BOUND ( 'NONE', #405, .T. ) ;
#1303 = ORIENTED_EDGE ( 'NONE', *, *, #1627, .T. ) ;
#1304 = CARTESIAN_POINT ( 'NONE',  ( 3.000000000000000000, -8.251000000000001222, -27.75000000000000355 ) ) ;
#1305 = CARTESIAN_POINT ( 'NONE',  ( 29.40361871643238345, -8.251000000000001222, -14.75000000000000178 ) ) ;
#1306 = CARTESIAN_POINT ( 'NONE',  ( -16.00000000000000000, -5.250000000000000000, -26.75000000000000355 ) ) ;
#1307 = ORIENTED_EDGE ( 'NONE', *, *, #1352, .T. ) ;
#1308 = EDGE_CURVE ( 'NONE', #1393, #505, #599, .T. ) ;
#1309 = FACE_OUTER_BOUND ( 'NONE', #1299, .T. ) ;
#1310 = CARTESIAN_POINT ( 'NONE',  ( 3.000000000000024869, -1.749999999999996891, -19.75000000000000355 ) ) ;
#1311 = VERTEX_POINT ( 'NONE', #1039 ) ;
#1312 = FACE_OUTER_BOUND ( 'NONE', #811, .T. ) ;
#1313 = CARTESIAN_POINT ( 'NONE',  ( 4.000000000000015987, 20.75000000000000355, -22.25000000000002132 ) ) ;
#1314 = CARTESIAN_POINT ( 'NONE',  ( -16.00000000000000000, -7.250000000000000000, -18.75000000000000355 ) ) ;
#1315 = EDGE_LOOP ( 'NONE', ( #458, #1232, #1423, #1376 ) ) ;
#1316 = DIRECTION ( 'NONE',  ( -0.000000000000000000, 1.000000000000000000, -0.000000000000000000 ) ) ;
#1317 = EDGE_CURVE ( 'NONE', #1370, #590, #524, .T. ) ;
#1318 = CIRCLE ( 'NONE', #1538, 1.500000000000001332 ) ;
#1319 = CARTESIAN_POINT ( 'NONE',  ( 14.00000000000000000, -1.000000000000000000, 0.000000000000000000 ) ) ;
#1320 = EDGE_LOOP ( 'NONE', ( #269, #45 ) ) ;
#1321 = AXIS2_PLACEMENT_3D ( 'NONE', #605, #1135, #483 ) ;
#1322 = CARTESIAN_POINT ( 'NONE',  ( -16.00000000000000000, 0.000000000000000000, 0.000000000000000000 ) ) ;
#1323 = AXIS2_PLACEMENT_3D ( 'NONE', #602, #349, #1027 ) ;
#1324 = DIRECTION ( 'NONE',  ( -0.000000000000000000, 1.000000000000000000, -0.000000000000000000 ) ) ;
#1325 = DIRECTION ( 'NONE',  ( -3.252606517456515767E-16, 0.000000000000000000, -1.000000000000000000 ) ) ;
#1326 = ORIENTED_EDGE ( 'NONE', *, *, #581, .F. ) ;
#1327 = PLANE ( 'NONE',  #1131 ) ;
#1328 = AXIS2_PLACEMENT_3D ( 'NONE', #1667, #130, #593 ) ;
#1329 = CYLINDRICAL_SURFACE ( 'NONE', #1221, 0.9999999999999991118 ) ;
#1330 = AXIS2_PLACEMENT_3D ( 'NONE', #1544, #1703, #1028 ) ;
#1331 = LINE ( 'NONE', #284, #1047 ) ;
#1332 = EDGE_CURVE ( 'NONE', #1587, #660, #91, .T. ) ;
#1333 = CARTESIAN_POINT ( 'NONE',  ( -16.00000000000000000, -1.999999999999999556, -15.75000000000000000 ) ) ;
#1334 = CARTESIAN_POINT ( 'NONE',  ( 3.000000000000028422, 24.25000000000000000, -18.75000000000000355 ) ) ;
#1335 = ORIENTED_EDGE ( 'NONE', *, *, #592, .F. ) ;
#1336 = CARTESIAN_POINT ( 'NONE',  ( 16.00000000000000000, -1.000000000000000000, 0.000000000000000000 ) ) ;
#1337 = DIRECTION ( 'NONE',  ( 0.000000000000000000, 1.000000000000000000, 0.000000000000000000 ) ) ;
#1338 = DIRECTION ( 'NONE',  ( 1.000000000000000000, -1.734723475976811532E-16, 0.000000000000000000 ) ) ;
#1339 = DIRECTION ( 'NONE',  ( 0.000000000000000000, 0.000000000000000000, 1.000000000000000000 ) ) ;
#1340 = CARTESIAN_POINT ( 'NONE',  ( 4.000000000000023981, -0.7499999999999970024, -19.75000000000000711 ) ) ;
#1341 = EDGE_CURVE ( 'NONE', #1311, #1674, #397, .T. ) ;
#1342 = VERTEX_POINT ( 'NONE', #859 ) ;
#1343 = DIRECTION ( 'NONE',  ( 0.000000000000000000, 0.000000000000000000, 1.000000000000000000 ) ) ;
#1344 = CARTESIAN_POINT ( 'NONE',  ( 3.000000000000015987, 20.75000000000000355, -22.25000000000001776 ) ) ;
#1345 = CARTESIAN_POINT ( 'NONE',  ( 0.5000000000000067724, -1.749999999999994671, -26.75000000000000355 ) ) ;
#1346 = CIRCLE ( 'NONE', #1211, 3.000000000000002665 ) ;
#1347 = EDGE_LOOP ( 'NONE', ( #1036, #1433, #1190, #1043 ) ) ;
#1348 = CARTESIAN_POINT ( 'NONE',  ( -1.387778780781445676E-14, 0.000000000000000000, 7.500000000196021865 ) ) ;
#1349 = CONICAL_SURFACE ( 'NONE', #765, 3.149999999999999911, 0.7853981633974495002 ) ;
#1350 = CIRCLE ( 'NONE', #768, 2.149999999999995914 ) ;
#1351 = ORIENTED_EDGE ( 'NONE', *, *, #149, .F. ) ;
#1352 = EDGE_CURVE ( 'NONE', #1664, #696, #729, .T. ) ;
#1353 = ORIENTED_EDGE ( 'NONE', *, *, #30, .T. ) ;
#1354 = EDGE_CURVE ( 'NONE', #1497, #837, #432, .T. ) ;
#1355 = DIRECTION ( 'NONE',  ( 0.000000000000000000, 0.7071067811865466846, 0.7071067811865483499 ) ) ;
#1356 = CARTESIAN_POINT ( 'NONE',  ( -16.00000000000000000, -5.250000000000000000, -27.75000000000000355 ) ) ;
#1357 = CIRCLE ( 'NONE', #999, 1.000000000000000888 ) ;
#1358 = EDGE_CURVE ( 'NONE', #1393, #161, #928, .T. ) ;
#1359 = CARTESIAN_POINT ( 'NONE',  ( 0.5000000000000067724, -2.249999999999994671, -26.75000000000000355 ) ) ;
#1360 = AXIS2_PLACEMENT_3D ( 'NONE', #1448, #1577, #272 ) ;
#1361 = ORIENTED_EDGE ( 'NONE', *, *, #1529, .T. ) ;
#1362 = DIRECTION ( 'NONE',  ( 1.000000000000000000, -0.000000000000000000, -3.469446951953614583E-15 ) ) ;
#1363 = EDGE_LOOP ( 'NONE', ( #1662, #99, #1351, #1128 ) ) ;
#1364 = ORIENTED_EDGE ( 'NONE', *, *, #387, .F. ) ;
#1365 = CARTESIAN_POINT ( 'NONE',  ( 16.00000000000000000, -7.250000000000000888, -18.75000000000000355 ) ) ;
#1366 = EDGE_CURVE ( 'NONE', #625, #1552, #669, .T. ) ;
#1367 = DIRECTION ( 'NONE',  ( 0.000000000000000000, 0.000000000000000000, 1.000000000000000000 ) ) ;
#1368 = LINE ( 'NONE', #190, #1652 ) ;
#1369 = VERTEX_POINT ( 'NONE', #151 ) ;
#1370 = VERTEX_POINT ( 'NONE', #803 ) ;
#1371 = DIRECTION ( 'NONE',  ( 3.469446951953611033E-15, 2.081668171172166620E-14, 1.000000000000000000 ) ) ;
#1372 = CARTESIAN_POINT ( 'NONE',  ( 11.50000000000000000, -1.000000000000000000, -4.000000000000000000 ) ) ;
#1373 = EDGE_CURVE ( 'NONE', #1269, #1514, #558, .T. ) ;
#1374 = ORIENTED_EDGE ( 'NONE', *, *, #1278, .F. ) ;
#1375 = CARTESIAN_POINT ( 'NONE',  ( 16.00000000000000000, -1.000000000000000000, 0.000000000000000000 ) ) ;
#1376 = ORIENTED_EDGE ( 'NONE', *, *, #198, .T. ) ;
#1377 = VECTOR ( 'NONE', #1450, 1000.000000000000000 ) ;
#1378 = AXIS2_PLACEMENT_3D ( 'NONE', #1454, #662, #672 ) ;
#1379 = ORIENTED_EDGE ( 'NONE', *, *, #1341, .T. ) ;
#1380 = DIRECTION ( 'NONE',  ( -1.000000000000000000, 0.000000000000000000, 3.469446951953614583E-15 ) ) ;
#1381 = CARTESIAN_POINT ( 'NONE',  ( 0.5000000000000073275, -5.250000000000000000, -27.75000000000000355 ) ) ;
#1382 = DIRECTION ( 'NONE',  ( 1.958379444199758381E-16, 0.000000000000000000, 1.000000000000000000 ) ) ;
#1383 = ORIENTED_EDGE ( 'NONE', *, *, #93, .T. ) ;
#1384 = CARTESIAN_POINT ( 'NONE',  ( 16.00000000000000000, -1.000000000000000000, -9.750000000000000000 ) ) ;
#1385 = VECTOR ( 'NONE', #991, 1000.000000000000000 ) ;
#1386 = EDGE_CURVE ( 'NONE', #488, #342, #1086, .T. ) ;
#1387 = ORIENTED_EDGE ( 'NONE', *, *, #808, .F. ) ;
#1388 = EDGE_LOOP ( 'NONE', ( #938, #832 ) ) ;
#1389 = DIRECTION ( 'NONE',  ( -1.000000000000000000, -0.000000000000000000, -0.000000000000000000 ) ) ;
#1390 = DIRECTION ( 'NONE',  ( -1.000000000000000000, -0.000000000000000000, -0.000000000000000000 ) ) ;
#1391 = VERTEX_POINT ( 'NONE', #1460 ) ;
#1392 = DIRECTION ( 'NONE',  ( 0.000000000000000000, -1.000000000000000000, 0.000000000000000000 ) ) ;
#1393 = VERTEX_POINT ( 'NONE', #676 ) ;
#1394 = EDGE_CURVE ( 'NONE', #313, #370, #535, .T. ) ;
#1395 = ORIENTED_EDGE ( 'NONE', *, *, #1455, .F. ) ;
#1396 = CARTESIAN_POINT ( 'NONE',  ( 16.00000000000000000, -1.999999999999999556, -16.75000000000000000 ) ) ;
#1397 = SHAPE_DEFINITION_REPRESENTATION ( #976, #348 ) ;
#1398 = FACE_OUTER_BOUND ( 'NONE', #513, .T. ) ;
#1399 = ORIENTED_EDGE ( 'NONE', *, *, #1455, .T. ) ;
#1400 = CARTESIAN_POINT ( 'NONE',  ( 4.000000000000010658, 1.750000000000001776, -23.75000000000001421 ) ) ;
#1401 = ORIENTED_EDGE ( 'NONE', *, *, #1080, .T. ) ;
#1402 = ADVANCED_FACE ( 'NONE', ( #1205, #810, #946 ), #268, .T. ) ;
#1403 = VERTEX_POINT ( 'NONE', #28 ) ;
#1404 = VECTOR ( 'NONE', #70, 1000.000000000000000 ) ;
#1405 = EDGE_CURVE ( 'NONE', #628, #368, #1199, .T. ) ;
#1406 = AXIS2_PLACEMENT_3D ( 'NONE', #1301, #788, #1070 ) ;
#1407 = LINE ( 'NONE', #480, #474 ) ;
#1408 = ORIENTED_EDGE ( 'NONE', *, *, #613, .T. ) ;
#1409 = DIRECTION ( 'NONE',  ( 0.000000000000000000, 0.000000000000000000, 1.000000000000000000 ) ) ;
#1410 = CARTESIAN_POINT ( 'NONE',  ( 16.00000000000000000, -5.250000000000000000, -2.000000000000001776 ) ) ;
#1411 = AXIS2_PLACEMENT_3D ( 'NONE', #1436, #477, #486 ) ;
#1412 = CIRCLE ( 'NONE', #1300, 1.500000000000001332 ) ;
#1413 = VERTEX_POINT ( 'NONE', #300 ) ;
#1414 = DIRECTION ( 'NONE',  ( -1.000000000000000000, -0.000000000000000000, -0.000000000000000000 ) ) ;
#1415 = ADVANCED_FACE ( 'NONE', ( #1452 ), #140, .T. ) ;
#1416 = PLANE ( 'NONE',  #1330 ) ;
#1417 = ORIENTED_EDGE ( 'NONE', *, *, #441, .T. ) ;
#1418 = FACE_OUTER_BOUND ( 'NONE', #234, .T. ) ;
#1419 = ORIENTED_EDGE ( 'NONE', *, *, #1680, .T. ) ;
#1420 = ORIENTED_EDGE ( 'NONE', *, *, #1044, .F. ) ;
#1421 = FACE_OUTER_BOUND ( 'NONE', #1619, .T. ) ;
#1422 = LINE ( 'NONE', #1557, #800 ) ;
#1423 = ORIENTED_EDGE ( 'NONE', *, *, #769, .F. ) ;
#1424 = EDGE_CURVE ( 'NONE', #342, #736, #1192, .T. ) ;
#1425 = DIRECTION ( 'NONE',  ( 0.000000000000000000, -0.000000000000000000, 1.000000000000000000 ) ) ;
#1426 = VERTEX_POINT ( 'NONE', #12 ) ;
#1427 = DIRECTION ( 'NONE',  ( -1.000000000000000000, -0.000000000000000000, -0.000000000000000000 ) ) ;
#1428 = ORIENTED_EDGE ( 'NONE', *, *, #885, .T. ) ;
#1429 = CIRCLE ( 'NONE', #444, 1.000000000000000888 ) ;
#1430 = DIRECTION ( 'NONE',  ( 0.000000000000000000, -0.000000000000000000, 1.000000000000000000 ) ) ;
#1431 = CIRCLE ( 'NONE', #848, 3.000000000000002665 ) ;
#1432 = VECTOR ( 'NONE', #195, 1000.000000000000000 ) ;
#1433 = ORIENTED_EDGE ( 'NONE', *, *, #1386, .T. ) ;
#1434 = LINE ( 'NONE', #942, #526 ) ;
#1435 = PLANE ( 'NONE',  #1594 ) ;
#1436 = CARTESIAN_POINT ( 'NONE',  ( 1.000000000000007327, -1.749999999999994671, -24.75000000000000355 ) ) ;
#1437 = EDGE_CURVE ( 'NONE', #588, #244, #666, .T. ) ;
#1438 = VERTEX_POINT ( 'NONE', #423 ) ;
#1439 = DIRECTION ( 'NONE',  ( 1.000000000000000000, 0.000000000000000000, 0.000000000000000000 ) ) ;
#1440 = FILL_AREA_STYLE ('',( #1686 ) ) ;
#1441 = ORIENTED_EDGE ( 'NONE', *, *, #158, .F. ) ;
#1442 = CARTESIAN_POINT ( 'NONE',  ( 3.000000000000000888, -5.250000000000000000, -24.75000000000000000 ) ) ;
#1443 = DIRECTION ( 'NONE',  ( 3.469446951953611033E-15, 0.000000000000000000, 1.000000000000000000 ) ) ;
#1444 = DIRECTION ( 'NONE',  ( -1.000000000000000000, 0.000000000000000000, -0.000000000000000000 ) ) ;
#1445 = ORIENTED_EDGE ( 'NONE', *, *, #1026, .T. ) ;
#1446 = EDGE_CURVE ( 'NONE', #588, #753, #542, .T. ) ;
#1447 = CARTESIAN_POINT ( 'NONE',  ( 3.000000000000093259, 0.000000000000000000, -1.040834085586116758E-14 ) ) ;
#1448 = CARTESIAN_POINT ( 'NONE',  ( 3.000000000000015987, 1.750000000000001554, -22.25000000000001066 ) ) ;
#1449 = ORIENTED_EDGE ( 'NONE', *, *, #1405, .T. ) ;
#1450 = DIRECTION ( 'NONE',  ( -0.000000000000000000, 1.000000000000000000, -0.000000000000000000 ) ) ;
#1451 = CARTESIAN_POINT ( 'NONE',  ( -16.00000000000000000, 0.000000000000000000, -14.75000000000000178 ) ) ;
#1452 = FACE_OUTER_BOUND ( 'NONE', #117, .T. ) ;
#1453 = ORIENTED_EDGE ( 'NONE', *, *, #600, .F. ) ;
#1454 = CARTESIAN_POINT ( 'NONE',  ( 4.000000000000015987, 1.750000000000001554, -22.25000000000001421 ) ) ;
#1455 = EDGE_CURVE ( 'NONE', #65, #1696, #793, .T. ) ;
#1456 = CARTESIAN_POINT ( 'NONE',  ( 0.5000000000000056621, -2.249999999999994671, -26.75000000000000355 ) ) ;
#1457 = CARTESIAN_POINT ( 'NONE',  ( 3.000000000000015987, 20.75000000000000355, -22.25000000000001776 ) ) ;
#1458 = VECTOR ( 'NONE', #1172, 1000.000000000000000 ) ;
#1459 = CARTESIAN_POINT ( 'NONE',  ( 0.5000000000000067724, -1.749999999999994671, -26.75000000000000355 ) ) ;
#1460 = CARTESIAN_POINT ( 'NONE',  ( -11.50000000000000000, 1.734723475976807883E-15, -7.150000000000000355 ) ) ;
#1461 = ORIENTED_EDGE ( 'NONE', *, *, #581, .T. ) ;
#1462 = LINE ( 'NONE', #263, #6 ) ;
#1463 = VECTOR ( 'NONE', #1325, 1000.000000000000000 ) ;
#1464 = FACE_OUTER_BOUND ( 'NONE', #919, .T. ) ;
#1465 = CARTESIAN_POINT ( 'NONE',  ( 3.000000000000000888, -5.250000000000000000, -27.75000000000000355 ) ) ;
#1466 = EDGE_CURVE ( 'NONE', #368, #696, #1035, .T. ) ;
#1467 = CARTESIAN_POINT ( 'NONE',  ( -11.50000000000000000, 1.734723475976807883E-15, -0.8500000000000000888 ) ) ;
#1468 = CARTESIAN_POINT ( 'NONE',  ( 16.00000000000000000, -1.000000000000000000, -14.75000000000000178 ) ) ;
#1469 = ORIENTED_EDGE ( 'NONE', *, *, #1098, .T. ) ;
#1470 = CARTESIAN_POINT ( 'NONE',  ( 4.000000000000094147, 0.000000000000000000, -1.389982219470429935E-14 ) ) ;
#1471 = DIRECTION ( 'NONE',  ( 0.000000000000000000, 6.982962677686267499E-15, -1.000000000000000000 ) ) ;
#1472 = DIRECTION ( 'NONE',  ( -0.000000000000000000, -1.000000000000000000, -0.000000000000000000 ) ) ;
#1473 = ADVANCED_FACE ( 'NONE', ( #1302 ), #264, .F. ) ;
#1474 = CARTESIAN_POINT ( 'NONE',  ( 4.000000000000023981, 24.25000000000000000, -19.75000000000000711 ) ) ;
#1475 = DIRECTION ( 'NONE',  ( -0.000000000000000000, 1.000000000000000000, 0.000000000000000000 ) ) ;
#1476 = ORIENTED_EDGE ( 'NONE', *, *, #246, .F. ) ;
#1477 = EDGE_CURVE ( 'NONE', #1677, #1225, #1422, .T. ) ;
#1478 = VERTEX_POINT ( 'NONE', #1310 ) ;
#1479 = DIRECTION ( 'NONE',  ( 3.469446951953611033E-15, 0.000000000000000000, 1.000000000000000000 ) ) ;
#1480 = DIRECTION ( 'NONE',  ( 3.469446951953611033E-15, 0.000000000000000000, 1.000000000000000000 ) ) ;
#1481 = FACE_OUTER_BOUND ( 'NONE', #898, .T. ) ;
#1482 = AXIS2_PLACEMENT_3D ( 'NONE', #657, #139, #792 ) ;
#1483 = ORIENTED_EDGE ( 'NONE', *, *, #1373, .F. ) ;
#1484 = CARTESIAN_POINT ( 'NONE',  ( 3.000000000000011102, 20.75000000000000355, -23.75000000000001776 ) ) ;
#1485 = AXIS2_PLACEMENT_3D ( 'NONE', #725, #1125, #960 ) ;
#1486 = AXIS2_PLACEMENT_3D ( 'NONE', #645, #1316, #271 ) ;
#1487 = ORIENTED_EDGE ( 'NONE', *, *, #382, .F. ) ;
#1488 = ORIENTED_EDGE ( 'NONE', *, *, #685, .F. ) ;
#1489 = CARTESIAN_POINT ( 'NONE',  ( -16.00000000000000000, -5.250000000000000000, -16.75000000000000000 ) ) ;
#1490 = FACE_BOUND ( 'NONE', #465, .T. ) ;
#1491 = VECTOR ( 'NONE', #935, 1000.000000000000000 ) ;
#1492 = CARTESIAN_POINT ( 'NONE',  ( 10.77032961404149525, -1.000000000000000000, -4.999999999999999112 ) ) ;
#1493 = LINE ( 'NONE', #1375, #58 ) ;
#1494 = VERTEX_POINT ( 'NONE', #519 ) ;
#1495 = PRODUCT ( 'Sheet Metal Part 1', 'Sheet Metal Part 1', '', ( #861 ) ) ;
#1496 = ADVANCED_FACE ( 'NONE', ( #924 ), #1416, .F. ) ;
#1497 = VERTEX_POINT ( 'NONE', #893 ) ;
#1498 = PLANE ( 'NONE',  #1661 ) ;
#1499 = CARTESIAN_POINT ( 'NONE',  ( 1.000000000000007327, -1.749999999999994671, -24.75000000000000355 ) ) ;
#1500 = FACE_OUTER_BOUND ( 'NONE', #1261, .T. ) ;
#1501 = CARTESIAN_POINT ( 'NONE',  ( 4.000000000000015987, 20.75000000000000355, -22.25000000000002132 ) ) ;
#1502 = ORIENTED_EDGE ( 'NONE', *, *, #533, .T. ) ;
#1503 = EDGE_LOOP ( 'NONE', ( #710, #335, #491, #1417 ) ) ;
#1504 = CARTESIAN_POINT ( 'NONE',  ( 3.000000000000024869, 23.25000000000000000, -19.75000000000000355 ) ) ;
#1505 = DIRECTION ( 'NONE',  ( 1.000000000000000000, 0.000000000000000000, 0.000000000000000000 ) ) ;
#1506 = DIRECTION ( 'NONE',  ( 0.000000000000000000, 0.000000000000000000, 1.000000000000000000 ) ) ;
#1507 = EDGE_CURVE ( 'NONE', #1215, #901, #479, .T. ) ;
#1508 = CARTESIAN_POINT ( 'NONE',  ( 7.506593367362250468, 0.000000000000000000, -1.212121212061810782 ) ) ;
#1509 = EDGE_CURVE ( 'NONE', #505, #370, #1607, .T. ) ;
#1510 = AXIS2_PLACEMENT_3D ( 'NONE', #1501, #1362, #343 ) ;
#1511 = ORIENTED_EDGE ( 'NONE', *, *, #812, .T. ) ;
#1512 = AXIS2_PLACEMENT_3D ( 'NONE', #309, #46, #596 ) ;
#1513 = AXIS2_PLACEMENT_3D ( 'NONE', #1281, #1550, #1146 ) ;
#1514 = VERTEX_POINT ( 'NONE', #887 ) ;
#1515 = CARTESIAN_POINT ( 'NONE',  ( 3.000000000000000444, -2.249999999999991562, -26.75000000000000355 ) ) ;
#1516 = CARTESIAN_POINT ( 'NONE',  ( 11.50000000000000000, 1.734723475976807883E-15, -4.000000000000000000 ) ) ;
#1517 = AXIS2_PLACEMENT_3D ( 'NONE', #658, #1475, #276 ) ;
#1518 = ORIENTED_EDGE ( 'NONE', *, *, #42, .T. ) ;
#1519 = ADVANCED_FACE ( 'NONE', ( #254 ), #755, .F. ) ;
#1520 = DIRECTION ( 'NONE',  ( 0.000000000000000000, 0.000000000000000000, -1.000000000000000000 ) ) ;
#1521 = AXIS2_PLACEMENT_3D ( 'NONE', #1499, #984, #993 ) ;
#1522 = VERTEX_POINT ( 'NONE', #781 ) ;
#1523 = ORIENTED_EDGE ( 'NONE', *, *, #983, .T. ) ;
#1524 = MANIFOLD_SOLID_BREP ( 'Cut-Extrude10', #1624 ) ;
#1525 = LINE ( 'NONE', #1699, #257 ) ;
#1526 = LINE ( 'NONE', #1675, #1542 ) ;
#1527 = EDGE_LOOP ( 'NONE', ( #655, #582, #1335, #1487 ) ) ;
#1528 = CARTESIAN_POINT ( 'NONE',  ( -11.50000000000000000, 1.734723475976807883E-15, -4.000000000000000000 ) ) ;
#1529 = EDGE_CURVE ( 'NONE', #837, #855, #101, .T. ) ;
#1530 = ORIENTED_EDGE ( 'NONE', *, *, #1014, .T. ) ;
#1531 = EDGE_CURVE ( 'NONE', #488, #818, #747, .T. ) ;
#1532 = ORIENTED_EDGE ( 'NONE', *, *, #820, .F. ) ;
#1533 = PLANE ( 'NONE',  #1411 ) ;
#1534 = CARTESIAN_POINT ( 'NONE',  ( -16.00000000000000000, -1.999999999999999556, -15.75000000000000000 ) ) ;
#1535 = ORIENTED_EDGE ( 'NONE', *, *, #738, .F. ) ;
#1536 = LINE ( 'NONE', #232, #1596 ) ;
#1537 = DIRECTION ( 'NONE',  ( -3.469446951953614189E-15, -0.000000000000000000, -1.000000000000000000 ) ) ;
#1538 = AXIS2_PLACEMENT_3D ( 'NONE', #412, #275, #1443 ) ;
#1539 = AXIS2_PLACEMENT_3D ( 'NONE', #715, #1641, #188 ) ;
#1540 = ORIENTED_EDGE ( 'NONE', *, *, #1466, .T. ) ;
#1541 = ADVANCED_FACE ( 'NONE', ( #1676 ), #1019, .T. ) ;
#1542 = VECTOR ( 'NONE', #92, 1000.000000000000000 ) ;
#1543 = FACE_BOUND ( 'NONE', #214, .T. ) ;
#1544 = CARTESIAN_POINT ( 'NONE',  ( 1.000000000000007327, 24.25000000000000000, -24.75000000000000355 ) ) ;
#1545 = ORIENTED_EDGE ( 'NONE', *, *, #840, .F. ) ;
#1546 = LINE ( 'NONE', #1022, #1104 ) ;
#1547 = VERTEX_POINT ( 'NONE', #374 ) ;
#1548 = ORIENTED_EDGE ( 'NONE', *, *, #1373, .T. ) ;
#1549 = ADVANCED_FACE ( 'NONE', ( #1490, #1228, #290 ), #932, .F. ) ;
#1550 = DIRECTION ( 'NONE',  ( -0.000000000000000000, 1.000000000000000000, -0.000000000000000000 ) ) ;
#1551 = CARTESIAN_POINT ( 'NONE',  ( -1.387778780781445676E-14, -1.000000000000000000, 7.500000000196021865 ) ) ;
#1552 = VERTEX_POINT ( 'NONE', #315 ) ;
#1553 = FACE_OUTER_BOUND ( 'NONE', #1117, .T. ) ;
#1554 = DIRECTION ( 'NONE',  ( 0.000000000000000000, 0.000000000000000000, -1.000000000000000000 ) ) ;
#1555 = ORIENTED_EDGE ( 'NONE', *, *, #1386, .F. ) ;
#1556 = CARTESIAN_POINT ( 'NONE',  ( 16.00000000000000000, -7.250000000000000000, -18.75000000000000355 ) ) ;
#1557 = CARTESIAN_POINT ( 'NONE',  ( 16.00100000000002609, 20.75000000000000355, -20.75000000000006040 ) ) ;
#1558 = ORIENTED_EDGE ( 'NONE', *, *, #727, .F. ) ;
#1559 = CARTESIAN_POINT ( 'NONE',  ( 16.00000000000000000, -1.999999999999999556, -15.75000000000000000 ) ) ;
#1560 = ADVANCED_FACE ( 'NONE', ( #673 ), #41, .F. ) ;
#1561 = CARTESIAN_POINT ( 'NONE',  ( 3.000000000000002665, -8.251000000000001222, -14.74999999999999822 ) ) ;
#1562 = CARTESIAN_POINT ( 'NONE',  ( 14.00000000000000000, -1.000000000000000000, 0.000000000000000000 ) ) ;
#1563 = VERTEX_POINT ( 'NONE', #170 ) ;
#1564 = VECTOR ( 'NONE', #817, 1000.000000000000000 ) ;
#1565 = DIRECTION ( 'NONE',  ( -0.000000000000000000, -1.000000000000000000, -0.000000000000000000 ) ) ;
#1566 = DIRECTION ( 'NONE',  ( 4.625929269271481378E-15, 0.000000000000000000, 1.000000000000000000 ) ) ;
#1567 = CIRCLE ( 'NONE', #1267, 3.149999999999999911 ) ;
#1568 = ORIENTED_EDGE ( 'NONE', *, *, #64, .F. ) ;
#1569 = CARTESIAN_POINT ( 'NONE',  ( 3.000000000000001776, -7.250000000000000000, -18.75000000000000355 ) ) ;
#1570 = EDGE_CURVE ( 'NONE', #381, #1656, #1412, .T. ) ;
#1571 = CARTESIAN_POINT ( 'NONE',  ( -10.77032961404152367, 0.000000000000000000, -4.999999999999999112 ) ) ;
#1572 = CARTESIAN_POINT ( 'NONE',  ( 3.000000000000021316, 1.750000000000001554, -20.75000000000000711 ) ) ;
#1573 = VECTOR ( 'NONE', #609, 1000.000000000000000 ) ;
#1574 = EDGE_LOOP ( 'NONE', ( #640, #1113, #1007, #1578 ) ) ;
#1575 = COLOUR_RGB ( '',0.7921568627450980005, 0.8196078431372548767, 0.9333333333333333481 ) ;
#1576 = FACE_OUTER_BOUND ( 'NONE', #621, .T. ) ;
#1577 = DIRECTION ( 'NONE',  ( -1.000000000000000000, 0.000000000000000000, 3.469446951953614189E-15 ) ) ;
#1578 = ORIENTED_EDGE ( 'NONE', *, *, #382, .T. ) ;
#1579 = LINE ( 'NONE', #1322, #306 ) ;
#1580 = DIRECTION ( 'NONE',  ( -0.000000000000000000, 0.000000000000000000, 1.000000000000000000 ) ) ;
#1581 = CARTESIAN_POINT ( 'NONE',  ( 16.00000000000000000, 0.000000000000000000, 0.000000000000000000 ) ) ;
#1582 = ADVANCED_FACE ( 'NONE', ( #825 ), #1202, .T. ) ;
#1583 = VERTEX_POINT ( 'NONE', #1456 ) ;
#1584 = CARTESIAN_POINT ( 'NONE',  ( -16.00000000000000000, -1.999999999999999556, -15.75000000000000000 ) ) ;
#1585 = EDGE_CURVE ( 'NONE', #14, #265, #1614, .T. ) ;
#1586 = CARTESIAN_POINT ( 'NONE',  ( 1.000000000000005995, -1.749999999999987566, -27.75000000000000355 ) ) ;
#1587 = VERTEX_POINT ( 'NONE', #1319 ) ;
#1588 = LINE ( 'NONE', #681, #89 ) ;
#1589 = LINE ( 'NONE', #403, #386 ) ;
#1590 = DIRECTION ( 'NONE',  ( 0.000000000000000000, 0.000000000000000000, -1.000000000000000000 ) ) ;
#1591 = EDGE_LOOP ( 'NONE', ( #1532, #295, #726, #1399 ) ) ;
#1592 = EDGE_CURVE ( 'NONE', #475, #696, #25, .T. ) ;
#1593 = DIRECTION ( 'NONE',  ( -1.000000000000000000, 0.000000000000000000, 3.469446951953614583E-15 ) ) ;
#1594 = AXIS2_PLACEMENT_3D ( 'NONE', #1305, #906, #377 ) ;
#1595 = CARTESIAN_POINT ( 'NONE',  ( 11.50000000000000000, 1.734723475976807883E-15, -4.000000000000000000 ) ) ;
#1596 = VECTOR ( 'NONE', #110, 1000.000000000000000 ) ;
#1597 = DIRECTION ( 'NONE',  ( 0.000000000000000000, 0.000000000000000000, 1.000000000000000000 ) ) ;
#1598 = AXIS2_PLACEMENT_3D ( 'NONE', #994, #886, #1258 ) ;
#1599 = DIRECTION ( 'NONE',  ( -1.000000000000000000, 0.000000000000000000, -0.000000000000000000 ) ) ;
#1600 = DIRECTION ( 'NONE',  ( -1.000000000000000000, -0.000000000000000000, 3.491481338843133355E-15 ) ) ;
#1601 = VERTEX_POINT ( 'NONE', #1209 ) ;
#1602 = VECTOR ( 'NONE', #404, 1000.000000000000000 ) ;
#1603 = CARTESIAN_POINT ( 'NONE',  ( 4.000000000000024869, 23.25000000000000000, -19.75000000000000711 ) ) ;
#1604 = AXIS2_PLACEMENT_3D ( 'NONE', #179, #31, #957 ) ;
#1605 = EDGE_CURVE ( 'NONE', #1601, #1287, #507, .T. ) ;
#1606 = CARTESIAN_POINT ( 'NONE',  ( 16.00000000000000000, -2.000000000000000000, -14.75000000000000178 ) ) ;
#1607 = CIRCLE ( 'NONE', #259, 2.999999999999999112 ) ;
#1608 = DIRECTION ( 'NONE',  ( 0.000000000000000000, 1.000000000000000000, 0.000000000000000000 ) ) ;
#1609 = DIRECTION ( 'NONE',  ( 3.469446951953611033E-15, 0.000000000000000000, 1.000000000000000000 ) ) ;
#1610 = CARTESIAN_POINT ( 'NONE',  ( -16.00000000000000000, -1.999999999999999556, -16.75000000000000000 ) ) ;
#1611 = ADVANCED_FACE ( 'NONE', ( #1464 ), #445, .T. ) ;
#1612 = ORIENTED_EDGE ( 'NONE', *, *, #125, .F. ) ;
#1613 = LINE ( 'NONE', #907, #1573 ) ;
#1614 = LINE ( 'NONE', #419, #860 ) ;
#1615 = CARTESIAN_POINT ( 'NONE',  ( -16.00000000000000000, -8.250000000000000000, -24.75000000000000000 ) ) ;
#1616 = EDGE_CURVE ( 'NONE', #381, #901, #163, .T. ) ;
#1617 = CARTESIAN_POINT ( 'NONE',  ( 4.000000000000027534, 24.25000000000000000, -18.75000000000000711 ) ) ;
#1618 = ORIENTED_EDGE ( 'NONE', *, *, #1332, .T. ) ;
#1619 = EDGE_LOOP ( 'NONE', ( #48, #38, #1692, #1555 ) ) ;
#1620 = PLANE ( 'NONE',  #1137 ) ;
#1621 = DIRECTION ( 'NONE',  ( 0.000000000000000000, -1.000000000000000000, 0.000000000000000000 ) ) ;
#1622 = DIRECTION ( 'NONE',  ( -1.000000000000000000, 0.000000000000000000, 3.469446951953614583E-15 ) ) ;
#1623 = VECTOR ( 'NONE', #1537, 1000.000000000000000 ) ;
#1624 = CLOSED_SHELL ( 'NONE', ( #398, #787, #363, #1162, #1519, #1176, #8, #706, #344, #1266, #79, #1112, #1582, #103, #1541, #952, #1034, #749, #33, #977, #1402, #717, #1549, #1638, #418, #451, #1101, #653, #132, #974, #311, #869, #831, #1560, #930, #853, #177, #10, #896, #735, #1069, #757, #1230, #1496, #1611, #482, #321, #301, #1118, #920, #1247, #470, #637, #1415, #1473, #799 ) ) ;
#1625 = CARTESIAN_POINT ( 'NONE',  ( -16.00000000000000000, -5.250000000000000000, -24.75000000000000000 ) ) ;
#1626 = AXIS2_PLACEMENT_3D ( 'NONE', #183, #1635, #566 ) ;
#1627 = EDGE_CURVE ( 'NONE', #1225, #265, #560, .T. ) ;
#1628 = VECTOR ( 'NONE', #400, 1000.000000000000000 ) ;
#1629 = ORIENTED_EDGE ( 'NONE', *, *, #843, .F. ) ;
#1630 = ORIENTED_EDGE ( 'NONE', *, *, #1197, .T. ) ;
#1631 = DIRECTION ( 'NONE',  ( -0.000000000000000000, 1.000000000000000000, -0.000000000000000000 ) ) ;
#1632 = AXIS2_PLACEMENT_3D ( 'NONE', #1470, #169, #569 ) ;
#1633 = DIRECTION ( 'NONE',  ( -1.000000000000000000, -0.000000000000000000, -0.000000000000000000 ) ) ;
#1634 = AXIS2_PLACEMENT_3D ( 'NONE', #1096, #1337, #1218 ) ;
#1635 = DIRECTION ( 'NONE',  ( -0.000000000000000000, 1.000000000000000000, 0.000000000000000000 ) ) ;
#1636 = ORIENTED_EDGE ( 'NONE', *, *, #198, .F. ) ;
#1637 = ORIENTED_EDGE ( 'NONE', *, *, #373, .T. ) ;
#1638 = ADVANCED_FACE ( 'NONE', ( #680 ), #1329, .F. ) ;
#1639 = FACE_OUTER_BOUND ( 'NONE', #1195, .T. ) ;
#1640 = LINE ( 'NONE', #1243, #97 ) ;
#1641 = DIRECTION ( 'NONE',  ( -1.000000000000000000, -0.000000000000000000, -0.000000000000000000 ) ) ;
#1642 = EDGE_LOOP ( 'NONE', ( #346, #273, #192, #614 ) ) ;
#1643 = CARTESIAN_POINT ( 'NONE',  ( 16.00000000000000000, 0.000000000000000000, -9.750000000000000000 ) ) ;
#1644 = ORIENTED_EDGE ( 'NONE', *, *, #439, .T. ) ;
#1645 = ORIENTED_EDGE ( 'NONE', *, *, #1352, .F. ) ;
#1646 = CARTESIAN_POINT ( 'NONE',  ( 11.50000000000000000, 1.734723475976807883E-15, -7.150000000000000355 ) ) ;
#1647 = EDGE_CURVE ( 'NONE', #1583, #63, #32, .T. ) ;
#1648 = DIRECTION ( 'NONE',  ( 0.000000000000000000, 0.000000000000000000, 1.000000000000000000 ) ) ;
#1649 = CARTESIAN_POINT ( 'NONE',  ( 1.000000000000006439, 24.25000000000000000, -27.75000000000000355 ) ) ;
#1650 = VERTEX_POINT ( 'NONE', #1356 ) ;
#1651 = CARTESIAN_POINT ( 'NONE',  ( -15.00000000000000000, 23.25000000000000000, -27.75000000000000355 ) ) ;
#1652 = VECTOR ( 'NONE', #693, 1000.000000000000000 ) ;
#1653 = VERTEX_POINT ( 'NONE', #689 ) ;
#1654 = VECTOR ( 'NONE', #383, 1000.000000000000000 ) ;
#1655 = AXIS2_PLACEMENT_3D ( 'NONE', #978, #1506, #307 ) ;
#1656 = VERTEX_POINT ( 'NONE', #43 ) ;
#1657 = CARTESIAN_POINT ( 'NONE',  ( 4.000000000000024869, -0.7499999999999970024, -19.75000000000000711 ) ) ;
#1658 = APPLICATION_PROTOCOL_DEFINITION ( 'draft international standard', 'automotive_design', 1998, #1122 ) ;
#1659 = CARTESIAN_POINT ( 'NONE',  ( 3.000000000000011102, 1.750000000000001776, -23.75000000000001066 ) ) ;
#1660 = EDGE_CURVE ( 'NONE', #505, #1696, #564, .T. ) ;
#1661 = AXIS2_PLACEMENT_3D ( 'NONE', #711, #966, #585 ) ;
#1662 = ORIENTED_EDGE ( 'NONE', *, *, #189, .F. ) ;
#1663 = CARTESIAN_POINT ( 'NONE',  ( -14.00000000000000000, -1.000000000000000000, -2.000000000000000000 ) ) ;
#1664 = VERTEX_POINT ( 'NONE', #663 ) ;
#1665 = EDGE_CURVE ( 'NONE', #1206, #1547, #1193, .T. ) ;
#1666 = VERTEX_POINT ( 'NONE', #1586 ) ;
#1667 = CARTESIAN_POINT ( 'NONE',  ( -16.00000000000000000, -2.000000000000000000, -14.75000000000000178 ) ) ;
#1668 = CARTESIAN_POINT ( 'NONE',  ( 4.000000000000021316, 20.75000000000000355, -20.75000000000001776 ) ) ;
#1669 = DIRECTION ( 'NONE',  ( -1.000000000000000000, -0.000000000000000000, 3.469446951953614583E-15 ) ) ;
#1670 = ORIENTED_EDGE ( 'NONE', *, *, #1605, .T. ) ;
#1671 = CYLINDRICAL_SURFACE ( 'NONE', #250, 1.500000000000001332 ) ;
#1672 = EDGE_CURVE ( 'NONE', #78, #1391, #69, .T. ) ;
#1673 = CARTESIAN_POINT ( 'NONE',  ( 4.000000000000010658, 20.75000000000000355, -23.75000000000002132 ) ) ;
#1674 = VERTEX_POINT ( 'NONE', #870 ) ;
#1675 = CARTESIAN_POINT ( 'NONE',  ( 11.50000000000000000, 1.734723475976807883E-15, -7.150000000000000355 ) ) ;
#1676 = FACE_OUTER_BOUND ( 'NONE', #500, .T. ) ;
#1677 = VERTEX_POINT ( 'NONE', #1668 ) ;
#1678 = DIRECTION ( 'NONE',  ( -1.000000000000000000, 0.000000000000000000, 0.000000000000000000 ) ) ;
#1679 = EDGE_LOOP ( 'NONE', ( #1170, #844, #684, #880 ) ) ;
#1680 = EDGE_CURVE ( 'NONE', #1664, #628, #1640, .T. ) ;
#1681 = AXIS2_PLACEMENT_3D ( 'NONE', #534, #285, #165 ) ;
#1682 = AXIS2_PLACEMENT_3D ( 'NONE', #1663, #104, #733 ) ;
#1683 = ORIENTED_EDGE ( 'NONE', *, *, #1091, .F. ) ;
#1684 = VECTOR ( 'NONE', #162, 1000.000000000000000 ) ;
#1685 = CARTESIAN_POINT ( 'NONE',  ( 16.00000000000000000, -5.250000000000000000, -27.75000000000000355 ) ) ;
#1686 = FILL_AREA_STYLE_COLOUR ( '', #1575 ) ;
#1687 = ORIENTED_EDGE ( 'NONE', *, *, #406, .T. ) ;
#1688 = PLANE ( 'NONE',  #1290 ) ;
#1689 = PLANE ( 'NONE',  #1153 ) ;
#1690 = AXIS2_PLACEMENT_3D ( 'NONE', #413, #1059, #549 ) ;
#1691 = VECTOR ( 'NONE', #1471, 1000.000000000000000 ) ;
#1692 = ORIENTED_EDGE ( 'NONE', *, *, #1424, .F. ) ;
#1693 = EDGE_CURVE ( 'NONE', #1666, #1696, #611, .T. ) ;
#1694 = PLANE ( 'NONE',  #937 ) ;
#1695 = DIRECTION ( 'NONE',  ( 1.000000000000000000, 0.000000000000000000, -0.000000000000000000 ) ) ;
#1696 = VERTEX_POINT ( 'NONE', #194 ) ;
#1697 = CARTESIAN_POINT ( 'NONE',  ( -16.00000000000000000, 23.25000000000000000, -27.75000000000000355 ) ) ;
#1698 = DIRECTION ( 'NONE',  ( 0.000000000000000000, -1.000000000000000000, -0.000000000000000000 ) ) ;
#1699 = CARTESIAN_POINT ( 'NONE',  ( 16.00000000000000000, -5.250000000000000000, -15.75000000000000000 ) ) ;
#1700 = ORIENTED_EDGE ( 'NONE', *, *, #1317, .F. ) ;
#1701 = DIRECTION ( 'NONE',  ( 3.469446951953614583E-15, 0.000000000000000000, 1.000000000000000000 ) ) ;
#1702 = EDGE_CURVE ( 'NONE', #63, #318, #730, .T. ) ;
#1703 = DIRECTION ( 'NONE',  ( 0.000000000000000000, -1.000000000000000000, -0.000000000000000000 ) ) ;
#1704 = ORIENTED_EDGE ( 'NONE', *, *, #112, .T. ) ;
#1705 = CARTESIAN_POINT ( 'NONE',  ( 11.00000000000000000, -1.000000000000000000, -14.75000000000000178 ) ) ;
ENDSEC;
END-ISO-10303-21;
