ISO-10303-21;
HEADER;
FILE_DESCRIPTION (( 'STEP AP203' ),
    '1' );
FILE_NAME ('Vernier Box up file.STEP',
    '2024-07-09T09:32:57',
    ( '' ),
    ( '' ),
    'SwSTEP 2.0',
    'SolidWorks 2021',
    '' );
FILE_SCHEMA (( 'CONFIG_CONTROL_DESIGN' ));
ENDSEC;

DATA;
#1 = ORIENTED_EDGE ( 'NONE', *, *, #241, .F. ) ;
#2 = CC_DESIGN_PERSON_AND_ORGANIZATION_ASSIGNMENT ( #945, #5867, ( #2679 ) ) ;
#3 = FACE_OUTER_BOUND ( 'NONE', #2532, .T. ) ;
#4 = APPROVAL_DATE_TIME ( #3208, #5094 ) ;
#5 = ADVANCED_FACE ( 'NONE', ( #1493 ), #4672, .T. ) ;
#6 = PRODUCT_DEFINITION_SHAPE ( 'NONE', 'NONE',  #5946 ) ;
#7 = VERTEX_POINT ( 'NONE', #571 ) ;
#8 = CARTESIAN_POINT ( 'NONE',  ( 231.9999999999999716, 0.000000000000000000, -86.00000000000000000 ) ) ;
#9 = CARTESIAN_POINT ( 'NONE',  ( -44.94916343756472088, 4.999999999999997335, 0.6000000000000000888 ) ) ;
#10 = AXIS2_PLACEMENT_3D ( 'NONE', #5808, #3070, #5866 ) ;
#11 = CARTESIAN_POINT ( 'NONE',  ( -44.94916343756472088, 3.999999999999994671, 1.000000000000000000 ) ) ;
#12 = ADVANCED_FACE ( 'NONE', ( #2875 ), #4700, .T. ) ;
#13 = DATE_AND_TIME ( #434, #5723 ) ;
#14 = VECTOR ( 'NONE', #1786, 1000.000000000000000 ) ;
#15 = CYLINDRICAL_SURFACE ( 'NONE', #946, 5.719358714986390702 ) ;
#16 = ORIENTED_EDGE ( 'NONE', *, *, #4818, .F. ) ;
#17 = PLANE ( 'NONE',  #2520 ) ;
#18 = CARTESIAN_POINT ( 'NONE',  ( 86.00000000000000000, 6.500000000000000000, -33.00771455645044483 ) ) ;
#19 = DIRECTION ( 'NONE',  ( -0.7537688442211061268, 0.000000000000000000, -0.6571396575170135312 ) ) ;
#20 = EDGE_CURVE ( 'NONE', #4752, #3228, #961, .T. ) ;
#21 = AXIS2_PLACEMENT_3D ( 'NONE', #4788, #3866, #5187 ) ;
#22 = ORIENTED_EDGE ( 'NONE', *, *, #4379, .F. ) ;
#23 = CARTESIAN_POINT ( 'NONE',  ( 0.000000000000000000, 6.000000000000000000, 1.000000000000000000 ) ) ;
#24 = DIRECTION ( 'NONE',  ( 0.000000000000000000, 0.000000000000000000, 1.000000000000000000 ) ) ;
#25 = ORIENTED_EDGE ( 'NONE', *, *, #2985, .T. ) ;
#26 = EDGE_LOOP ( 'NONE', ( #4204, #3372, #3000, #2445 ) ) ;
#27 = CARTESIAN_POINT ( 'NONE',  ( -19.23935222489148344, 5.999999999999997335, -0.5000000000000000000 ) ) ;
#28 = LINE ( 'NONE', #1727, #3220 ) ;
#29 = CARTESIAN_POINT ( 'NONE',  ( -153.0589645297504831, 44.99116722681620928, 193.8583826981586924 ) ) ;
#30 = EDGE_LOOP ( 'NONE', ( #3978, #4865, #5001, #3447, #2916, #5513, #3678, #2850 ) ) ;
#31 = DIRECTION ( 'NONE',  ( 1.000000000000000000, 0.000000000000000000, 0.000000000000000000 ) ) ;
#32 = VERTEX_POINT ( 'NONE', #5733 ) ;
#33 = CARTESIAN_POINT ( 'NONE',  ( -50.00000000000000000, 11.99999999999999467, 1.000000000000000000 ) ) ;
#34 = AXIS2_PLACEMENT_3D ( 'NONE', #2868, #470, #5571 ) ;
#35 = VECTOR ( 'NONE', #680, 1000.000000000000000 ) ;
#36 = CC_DESIGN_DATE_AND_TIME_ASSIGNMENT ( #2555, #1152, ( #3416 ) ) ;
#37 = ORIENTED_EDGE ( 'NONE', *, *, #1913, .F. ) ;
#38 = AXIS2_PLACEMENT_3D ( 'NONE', #3913, #789, #3540 ) ;
#39 = DIRECTION ( 'NONE',  ( -0.000000000000000000, 1.000000000000000000, -0.000000000000000000 ) ) ;
#40 = DIRECTION ( 'NONE',  ( 0.7537688442211061268, 0.000000000000000000, -0.6571396575170135312 ) ) ;
#41 = VECTOR ( 'NONE', #5377, 1000.000000000000000 ) ;
#42 = CARTESIAN_POINT ( 'NONE',  ( 121.0000000000000000, 4.500000000000000000, -44.94756598715710538 ) ) ;
#43 = PERSON_AND_ORGANIZATION_ROLE ( 'creator' ) ;
#44 = EDGE_CURVE ( 'NONE', #4491, #2026, #4853, .T. ) ;
#45 = AXIS2_PLACEMENT_3D ( 'NONE', #318, #5409, #2669 ) ;
#46 = ADVANCED_FACE ( 'NONE', ( #3441 ), #1116, .F. ) ;
#47 = LINE ( 'NONE', #4150, #1326 ) ;
#48 = ORIENTED_EDGE ( 'NONE', *, *, #1050, .T. ) ;
#49 = CARTESIAN_POINT ( 'NONE',  ( -12.51897548311831088, 5.999999999999993783, 0.2500000000000000000 ) ) ;
#50 = DIRECTION ( 'NONE',  ( -1.000000000000000000, -0.000000000000000000, 0.000000000000000000 ) ) ;
#51 = CARTESIAN_POINT ( 'NONE',  ( 241.0000000000000000, 11.00000000000000000, -10.00000000000000000 ) ) ;
#52 = VECTOR ( 'NONE', #5451, 1000.000000000000000 ) ;
#53 = VERTEX_POINT ( 'NONE', #4789 ) ;
#54 = CARTESIAN_POINT ( 'NONE',  ( 98.91842971327839962, 11.00000000000000000, -62.83414446803935505 ) ) ;
#55 = ADVANCED_FACE ( 'NONE', ( #4378 ), #665, .F. ) ;
#56 = EDGE_CURVE ( 'NONE', #2543, #5678, #5249, .T. ) ;
#57 = LINE ( 'NONE', #2839, #3184 ) ;
#58 = VERTEX_POINT ( 'NONE', #4406 ) ;
#59 = ORIENTED_EDGE ( 'NONE', *, *, #3663, .T. ) ;
#60 = DIRECTION ( 'NONE',  ( 0.000000000000000000, 0.000000000000000000, 1.000000000000000000 ) ) ;
#61 = CARTESIAN_POINT ( 'NONE',  ( -44.94916343756472088, 3.999999999999994671, 1.000000000000000000 ) ) ;
#62 = VERTEX_POINT ( 'NONE', #1635 ) ;
#63 = CARTESIAN_POINT ( 'NONE',  ( 18.79840573142169546, 0.9999999999999991118, 11.67466648478469615 ) ) ;
#64 = ORIENTED_EDGE ( 'NONE', *, *, #714, .F. ) ;
#65 = LOCAL_TIME ( 16, 32, 57.00000000000000000, #461 ) ;
#66 = AXIS2_PLACEMENT_3D ( 'NONE', #3147, #4977, #3207 ) ;
#67 = DIRECTION ( 'NONE',  ( -0.6571396575170146415, 0.000000000000000000, 0.7537688442211051276 ) ) ;
#68 = VERTEX_POINT ( 'NONE', #1141 ) ;
#69 = VERTEX_POINT ( 'NONE', #3503 ) ;
#70 = ORIENTED_EDGE ( 'NONE', *, *, #3784, .F. ) ;
#71 = DIRECTION ( 'NONE',  ( 0.000000000000000000, 0.000000000000000000, 1.000000000000000000 ) ) ;
#72 = LINE ( 'NONE', #164, #4702 ) ;
#73 = DIRECTION ( 'NONE',  ( 0.000000000000000000, 1.000000000000000000, -0.000000000000000000 ) ) ;
#74 = PERSON_AND_ORGANIZATION_ROLE ( 'design_supplier' ) ;
#75 = CARTESIAN_POINT ( 'NONE',  ( 1.734723475976807094E-15, 8.800000000000000711, -77.99999999999992895 ) ) ;
#76 = ORIENTED_EDGE ( 'NONE', *, *, #3078, .F. ) ;
#77 = CARTESIAN_POINT ( 'NONE',  ( 179.0257796248860416, 0.9999999999999991118, -22.96393086223018543 ) ) ;
#78 = DIRECTION ( 'NONE',  ( 0.8773152583835168716, 0.000000000000000000, 0.4799145105198041050 ) ) ;
#79 = EDGE_CURVE ( 'NONE', #4527, #2955, #4346, .T. ) ;
#80 = DIRECTION ( 'NONE',  ( 0.000000000000000000, 0.000000000000000000, 1.000000000000000000 ) ) ;
#81 = ORIENTED_EDGE ( 'NONE', *, *, #2487, .T. ) ;
#82 = PERSON ( 'UNSPECIFIED', 'UNSPECIFIED', 'UNSPECIFIED', ('UNSPECIFIED'), ('UNSPECIFIED'), ('UNSPECIFIED') ) ;
#83 = FACE_OUTER_BOUND ( 'NONE', #172, .T. ) ;
#84 = CARTESIAN_POINT ( 'NONE',  ( -44.94916343756472088, 5.999999999999994671, 1.000000000000000000 ) ) ;
#85 = ORIENTED_EDGE ( 'NONE', *, *, #351, .T. ) ;
#86 = VERTEX_POINT ( 'NONE', #2479 ) ;
#87 = VECTOR ( 'NONE', #1304, 1000.000000000000000 ) ;
#88 = DIRECTION ( 'NONE',  ( 0.000000000000000000, 0.000000000000000000, 1.000000000000000000 ) ) ;
#89 = DIRECTION ( 'NONE',  ( -0.000000000000000000, 1.000000000000000000, -0.000000000000000000 ) ) ;
#90 =( LENGTH_UNIT ( ) NAMED_UNIT ( * ) SI_UNIT ( .MILLI., .METRE. ) );
#91 = ADVANCED_FACE ( 'NONE', ( #690 ), #3471, .T. ) ;
#92 = ORIENTED_EDGE ( 'NONE', *, *, #2842, .F. ) ;
#93 = LINE ( 'NONE', #5582, #1454 ) ;
#94 = ORIENTED_EDGE ( 'NONE', *, *, #4852, .T. ) ;
#95 = CARTESIAN_POINT ( 'NONE',  ( 200.1383792798716001, 0.9999999999999991118, -35.62665137073264532 ) ) ;
#96 = ORIENTED_EDGE ( 'NONE', *, *, #488, .T. ) ;
#97 = ORIENTED_EDGE ( 'NONE', *, *, #5445, .F. ) ;
#98 = VERTEX_POINT ( 'NONE', #1200 ) ;
#99 = DIRECTION ( 'NONE',  ( 1.000000000000000000, -0.000000000000000000, 0.000000000000000000 ) ) ;
#100 = CARTESIAN_POINT ( 'NONE',  ( -44.94916343756472088, 5.999999999999994671, 0.000000000000000000 ) ) ;
#101 = PLANE ( 'NONE',  #3623 ) ;
#102 = DIRECTION ( 'NONE',  ( 0.000000000000000000, 0.000000000000000000, 1.000000000000000000 ) ) ;
#103 = COORDINATED_UNIVERSAL_TIME_OFFSET ( 7, 0, .AHEAD. ) ;
#104 = CARTESIAN_POINT ( 'NONE',  ( -29.23935222489149055, 5.999999999999993783, 0.2500000000000000000 ) ) ;
#105 = VERTEX_POINT ( 'NONE', #5703 ) ;
#106 = ORIENTED_EDGE ( 'NONE', *, *, #5821, .T. ) ;
#107 = CARTESIAN_POINT ( 'NONE',  ( 43.05403991627543547, 11.00000000000000000, 34.34622345536877930 ) ) ;
#108 = AXIS2_PLACEMENT_3D ( 'NONE', #110, #1930, #4785 ) ;
#109 = LINE ( 'NONE', #4755, #5229 ) ;
#110 = CARTESIAN_POINT ( 'NONE',  ( 6.999999999999999112, 7.300000000000000711, 3.571489509364019421E-16 ) ) ;
#111 = ORIENTED_EDGE ( 'NONE', *, *, #3790, .F. ) ;
#112 = CIRCLE ( 'NONE', #5091, 5.719358714986383596 ) ;
#113 = EDGE_CURVE ( 'NONE', #906, #3087, #3674, .T. ) ;
#114 = DIRECTION ( 'NONE',  ( 0.000000000000000000, 0.000000000000000000, -1.000000000000000000 ) ) ;
#115 = CARTESIAN_POINT ( 'NONE',  ( 154.4535455361796608, 11.00000000000000000, -72.83414446803936926 ) ) ;
#116 = ORIENTED_EDGE ( 'NONE', *, *, #4474, .T. ) ;
#117 = ORIENTED_EDGE ( 'NONE', *, *, #2059, .F. ) ;
#118 = DIRECTION ( 'NONE',  ( -0.000000000000000000, -0.000000000000000000, -1.000000000000000000 ) ) ;
#119 = CARTESIAN_POINT ( 'NONE',  ( 193.9937004351406244, 11.00000000000000000, -3.187452433093875825 ) ) ;
#120 = EDGE_CURVE ( 'NONE', #5714, #5126, #2144, .T. ) ;
#121 = EDGE_CURVE ( 'NONE', #5740, #422, #329, .T. ) ;
#122 = VECTOR ( 'NONE', #3249, 1000.000000000000000 ) ;
#123 = ORIENTED_EDGE ( 'NONE', *, *, #3895, .F. ) ;
#124 = DIRECTION ( 'NONE',  ( 1.000000000000000000, 0.000000000000000000, 8.951293020695648905E-16 ) ) ;
#125 = VERTEX_POINT ( 'NONE', #2541 ) ;
#126 = VECTOR ( 'NONE', #2130, 1000.000000000000000 ) ;
#127 = DIRECTION ( 'NONE',  ( -0.000000000000000000, 1.000000000000000000, -0.000000000000000000 ) ) ;
#128 = ORIENTED_EDGE ( 'NONE', *, *, #5330, .F. ) ;
#129 = ORIENTED_EDGE ( 'NONE', *, *, #5732, .T. ) ;
#130 = ORIENTED_EDGE ( 'NONE', *, *, #5036, .T. ) ;
#131 = ADVANCED_FACE ( 'NONE', ( #213 ), #3054, .F. ) ;
#132 = EDGE_CURVE ( 'NONE', #3341, #5706, #3419, .T. ) ;
#133 = CARTESIAN_POINT ( 'NONE',  ( 83.90884271474561729, 0.9999999999999991118, -26.03773681356532066 ) ) ;
#134 = PLANE ( 'NONE',  #2116 ) ;
#135 = CARTESIAN_POINT ( 'NONE',  ( 242.0000000000000000, 7.300000000000000711, -77.99999999999992895 ) ) ;
#136 = PERSON_AND_ORGANIZATION_ROLE ( 'design_supplier' ) ;
#137 =( REPRESENTATION_RELATIONSHIP ('NONE','NONE', #3561, #4948 ) REPRESENTATION_RELATIONSHIP_WITH_TRANSFORMATION ( #4417 )SHAPE_REPRESENTATION_RELATIONSHIP( ) );
#138 = CARTESIAN_POINT ( 'NONE',  ( 1.999999999999999112, 0.9999999999999991118, 1.530638361156008710E-16 ) ) ;
#139 = ORIENTED_EDGE ( 'NONE', *, *, #4842, .F. ) ;
#140 = AXIS2_PLACEMENT_3D ( 'NONE', #357, #4509, #1251 ) ;
#141 = LINE ( 'NONE', #3890, #4161 ) ;
#142 = PLANE ( 'NONE',  #3107 ) ;
#143 = DIRECTION ( 'NONE',  ( 1.000000000000000000, 1.734723475976806848E-16, -0.000000000000000000 ) ) ;
#144 = VERTEX_POINT ( 'NONE', #4433 ) ;
#145 = VECTOR ( 'NONE', #359, 1000.000000000000000 ) ;
#146 = DIRECTION ( 'NONE',  ( 1.000000000000000000, -0.000000000000000000, -0.000000000000000000 ) ) ;
#147 = CARTESIAN_POINT ( 'NONE',  ( 240.0000000000000000, 6.500000000000000000, -10.00000000000006395 ) ) ;
#148 = VERTEX_POINT ( 'NONE', #2148 ) ;
#149 = VERTEX_POINT ( 'NONE', #3986 ) ;
#150 = VECTOR ( 'NONE', #3917, 1000.000000000000000 ) ;
#151 = CARTESIAN_POINT ( 'NONE',  ( 0.000000000000000000, 4.999999999999994671, 0.5000000000000000000 ) ) ;
#152 = FACE_OUTER_BOUND ( 'NONE', #2016, .T. ) ;
#153 = ORIENTED_EDGE ( 'NONE', *, *, #2865, .F. ) ;
#154 = CARTESIAN_POINT ( 'NONE',  ( -2.518975483118307324, 6.000000000000000000, -0.5000000000000000000 ) ) ;
#155 = VERTEX_POINT ( 'NONE', #5221 ) ;
#156 = LOCAL_TIME ( 16, 32, 57.00000000000000000, #2588 ) ;
#157 = DIRECTION ( 'NONE',  ( 0.7537688442211049056, 0.000000000000000000, -0.6571396575170147525 ) ) ;
#158 = ADVANCED_FACE ( 'NONE', ( #5822, #3385 ), #4321, .T. ) ;
#159 = ORIENTED_EDGE ( 'NONE', *, *, #2831, .T. ) ;
#160 = CC_DESIGN_APPROVAL ( #4567, ( #5910 ) ) ;
#161 = ORIENTED_EDGE ( 'NONE', *, *, #1126, .T. ) ;
#162 = ORIENTED_EDGE ( 'NONE', *, *, #1322, .T. ) ;
#163 = ADVANCED_FACE ( 'NONE', ( #2965 ), #2509, .F. ) ;
#164 = CARTESIAN_POINT ( 'NONE',  ( 0.000000000000000000, 0.000000000000000000, 1.000000000000000000 ) ) ;
#165 = CARTESIAN_POINT ( 'NONE',  ( 10.00000000000007105, 8.800000000000000711, -88.00000000000000000 ) ) ;
#166 = COORDINATED_UNIVERSAL_TIME_OFFSET ( 7, 0, .AHEAD. ) ;
#167 = VECTOR ( 'NONE', #2263, 1000.000000000000000 ) ;
#168 = EDGE_CURVE ( 'NONE', #3140, #155, #1312, .T. ) ;
#169 = EDGE_CURVE ( 'NONE', #5618, #4708, #1099, .T. ) ;
#170 = CARTESIAN_POINT ( 'NONE',  ( 110.7339460819190720, 4.500000000000000000, -55.89756598715707270 ) ) ;
#171 = VERTEX_POINT ( 'NONE', #1363 ) ;
#172 = EDGE_LOOP ( 'NONE', ( #317, #5636, #2209, #2600, #3462, #1683, #5482, #3113 ) ) ;
#173 = DIRECTION ( 'NONE',  ( -0.000000000000000000, 1.000000000000000000, -0.000000000000000000 ) ) ;
#174 = LINE ( 'NONE', #1989, #4360 ) ;
#175 = CARTESIAN_POINT ( 'NONE',  ( 51.09402862622982866, 0.9999999999999991118, -51.13329810432273348 ) ) ;
#176 = EDGE_LOOP ( 'NONE', ( #646, #181, #5514, #2009, #639, #1908, #1062, #4669 ) ) ;
#177 = EDGE_CURVE ( 'NONE', #180, #3303, #3193, .T. ) ;
#178 = DIRECTION ( 'NONE',  ( -1.000000000000000000, 0.000000000000000000, 0.000000000000000000 ) ) ;
#179 = CARTESIAN_POINT ( 'NONE',  ( 10.00000000000007105, 8.800000000000000711, 0.000000000000000000 ) ) ;
#180 = VERTEX_POINT ( 'NONE', #1750 ) ;
#181 = ORIENTED_EDGE ( 'NONE', *, *, #4008, .F. ) ;
#182 = CARTESIAN_POINT ( 'NONE',  ( 2.121320343559649046, 5.999999999999993783, 0.2500000000000000000 ) ) ;
#183 = CARTESIAN_POINT ( 'NONE',  ( 242.0000000000000000, 11.00000000000000000, -77.99999999999992895 ) ) ;
#184 = CARTESIAN_POINT ( 'NONE',  ( 83.90884271474561729, 11.00000000000000000, -26.03773681356532066 ) ) ;
#185 = CARTESIAN_POINT ( 'NONE',  ( 234.2079578780316353, 0.9999999999999991118, -9.999999999999962697 ) ) ;
#186 = AXIS2_PLACEMENT_3D ( 'NONE', #3465, #1662, #3496 ) ;
#187 = ORIENTED_EDGE ( 'NONE', *, *, #2190, .F. ) ;
#188 = PLANE ( 'NONE',  #1872 ) ;
#189 = CARTESIAN_POINT ( 'NONE',  ( -8.215947228172160166, 7.300000000000000711, -7.162706165280552817 ) ) ;
#190 = AXIS2_PLACEMENT_3D ( 'NONE', #5903, #2142, #4934 ) ;
#191 = ORIENTED_EDGE ( 'NONE', *, *, #3346, .F. ) ;
#192 = EDGE_CURVE ( 'NONE', #1836, #761, #443, .T. ) ;
#193 = VERTEX_POINT ( 'NONE', #414 ) ;
#194 = ORIENTED_EDGE ( 'NONE', *, *, #340, .F. ) ;
#195 = CYLINDRICAL_SURFACE ( 'NONE', #2989, 0.7500000000000000000 ) ;
#196 = LINE ( 'NONE', #3401, #1798 ) ;
#197 = CALENDAR_DATE ( 2024, 9, 7 ) ;
#198 = EDGE_CURVE ( 'NONE', #1172, #990, #1336, .T. ) ;
#199 = CARTESIAN_POINT ( 'NONE',  ( 3.907034855803625898E-18, 11.00000000000000000, -1.000000000000000888 ) ) ;
#200 = ORIENTED_EDGE ( 'NONE', *, *, #1195, .F. ) ;
#201 = CARTESIAN_POINT ( 'NONE',  ( 0.000000000000000000, 5.999999999999993783, 1.000000000000000000 ) ) ;
#202 = ADVANCED_FACE ( 'NONE', ( #3079 ), #4940, .F. ) ;
#203 = DIRECTION ( 'NONE',  ( -0.000000000000000000, 1.000000000000000000, -0.000000000000000000 ) ) ;
#204 = LINE ( 'NONE', #2470, #2203 ) ;
#205 = ORIENTED_EDGE ( 'NONE', *, *, #652, .T. ) ;
#206 = DIRECTION ( 'NONE',  ( 1.000000000000000000, -0.000000000000000000, -0.000000000000000000 ) ) ;
#207 = ORIENTED_EDGE ( 'NONE', *, *, #5253, .F. ) ;
#208 = EDGE_CURVE ( 'NONE', #5603, #728, #2198, .T. ) ;
#209 = EDGE_CURVE ( 'NONE', #5126, #1501, #1722, .T. ) ;
#210 = DIRECTION ( 'NONE',  ( 0.000000000000000000, 0.000000000000000000, 1.000000000000000000 ) ) ;
#211 = VECTOR ( 'NONE', #1613, 1000.000000000000000 ) ;
#212 = EDGE_CURVE ( 'NONE', #4550, #5007, #3162, .T. ) ;
#213 = FACE_OUTER_BOUND ( 'NONE', #4947, .T. ) ;
#214 = DIRECTION ( 'NONE',  ( 1.000000000000000000, -0.000000000000000000, 0.000000000000000000 ) ) ;
#215 = AXIS2_PLACEMENT_3D ( 'NONE', #2698, #3659, #5013 ) ;
#216 = ORIENTED_EDGE ( 'NONE', *, *, #3908, .F. ) ;
#217 = CARTESIAN_POINT ( 'NONE',  ( 0.000000000000000000, 6.500000000000000000, 0.000000000000000000 ) ) ;
#218 = VECTOR ( 'NONE', #504, 1000.000000000000000 ) ;
#219 = DIRECTION ( 'NONE',  ( 0.000000000000000000, 0.000000000000000000, 1.000000000000000000 ) ) ;
#220 = VECTOR ( 'NONE', #3077, 1000.000000000000000 ) ;
#221 = ORIENTED_EDGE ( 'NONE', *, *, #5556, .F. ) ;
#222 = VECTOR ( 'NONE', #4373, 1000.000000000000114 ) ;
#223 = ORIENTED_EDGE ( 'NONE', *, *, #1917, .F. ) ;
#224 = CARTESIAN_POINT ( 'NONE',  ( -19.23935222489148344, 5.999999999999997335, 1.000000000000000000 ) ) ;
#225 = LINE ( 'NONE', #3756, #763 ) ;
#226 = APPROVAL_DATE_TIME ( #703, #584 ) ;
#227 = CARTESIAN_POINT ( 'NONE',  ( 51.01611713250938607, 8.800000000000000711, 58.51778873446617268 ) ) ;
#228 = ORIENTED_EDGE ( 'NONE', *, *, #2718, .T. ) ;
#229 = DIRECTION ( 'NONE',  ( -0.000000000000000000, -1.000000000000000000, -0.000000000000000000 ) ) ;
#230 = DIRECTION ( 'NONE',  ( -0.000000000000000000, 1.000000000000000000, -0.000000000000000000 ) ) ;
#231 = CARTESIAN_POINT ( 'NONE',  ( 51.09402862622982866, 11.00000000000000000, -51.13329810432273348 ) ) ;
#232 = EDGE_CURVE ( 'NONE', #2860, #3293, #4515, .T. ) ;
#233 = CARTESIAN_POINT ( 'NONE',  ( -81.05896452975049726, 47.99116722681621638, 104.8583826981586924 ) ) ;
#234 = VERTEX_POINT ( 'NONE', #4489 ) ;
#235 = VECTOR ( 'NONE', #4969, 1000.000000000000000 ) ;
#236 = VECTOR ( 'NONE', #2057, 1000.000000000000000 ) ;
#237 = LINE ( 'NONE', #1139, #5694 ) ;
#238 = VECTOR ( 'NONE', #4462, 1000.000000000000000 ) ;
#239 = LINE ( 'NONE', #2414, #597 ) ;
#240 = AXIS2_PLACEMENT_3D ( 'NONE', #4929, #5863, #1653 ) ;
#241 = EDGE_CURVE ( 'NONE', #3876, #2440, #626, .T. ) ;
#242 = ADVANCED_FACE ( 'NONE', ( #2709 ), #4071, .F. ) ;
#243 = DIRECTION ( 'NONE',  ( -0.000000000000000000, 1.000000000000000000, -0.000000000000000000 ) ) ;
#244 = VECTOR ( 'NONE', #5755, 1000.000000000000000 ) ;
#245 = DIRECTION ( 'NONE',  ( 0.000000000000000000, 0.000000000000000000, -1.000000000000000000 ) ) ;
#246 = VERTEX_POINT ( 'NONE', #5389 ) ;
#247 = CARTESIAN_POINT ( 'NONE',  ( 9.999999999999998224, 7.300000000000000711, -78.00000000000000000 ) ) ;
#248 = DIRECTION ( 'NONE',  ( -0.000000000000000000, -1.000000000000000000, 0.000000000000000000 ) ) ;
#249 = ORIENTED_EDGE ( 'NONE', *, *, #4482, .T. ) ;
#250 = ORIENTED_EDGE ( 'NONE', *, *, #3486, .F. ) ;
#251 =( REPRESENTATION_RELATIONSHIP ('NONE','NONE', #3561, #5832 ) REPRESENTATION_RELATIONSHIP_WITH_TRANSFORMATION ( #5526 )SHAPE_REPRESENTATION_RELATIONSHIP( ) );
#252 = EDGE_LOOP ( 'NONE', ( #2451, #5435, #4970, #877 ) ) ;
#253 = VECTOR ( 'NONE', #420, 1000.000000000000000 ) ;
#254 = DIRECTION ( 'NONE',  ( 0.000000000000000000, 0.000000000000000000, -1.000000000000000000 ) ) ;
#255 = FACE_OUTER_BOUND ( 'NONE', #3411, .T. ) ;
#256 = CALENDAR_DATE ( 2024, 9, 7 ) ;
#257 = SECURITY_CLASSIFICATION ( '', '', #581 ) ;
#258 = CARTESIAN_POINT ( 'NONE',  ( 0.000000000000000000, 6.000000000000000000, 1.000000000000000000 ) ) ;
#259 = ORIENTED_EDGE ( 'NONE', *, *, #3198, .F. ) ;
#260 = CARTESIAN_POINT ( 'NONE',  ( 93.80621373527520745, 11.00000000000000000, -9.999999999999998224 ) ) ;
#261 = LINE ( 'NONE', #1216, #2533 ) ;
#262 = AXIS2_PLACEMENT_3D ( 'NONE', #217, #755, #1640 ) ;
#263 = DIRECTION ( 'NONE',  ( 0.7839673537729059394, 0.000000000000000000, -0.6208020523631565535 ) ) ;
#264 = PERSON_AND_ORGANIZATION ( #82, #1018 ) ;
#265 = ORIENTED_EDGE ( 'NONE', *, *, #3554, .F. ) ;
#266 = VECTOR ( 'NONE', #534, 1000.000000000000000 ) ;
#267 = EDGE_CURVE ( 'NONE', #3172, #3046, #1283, .T. ) ;
#268 = LINE ( 'NONE', #5638, #334 ) ;
#269 = CYLINDRICAL_SURFACE ( 'NONE', #3299, 7.999999999999992895 ) ;
#270 = DIRECTION ( 'NONE',  ( -0.000000000000000000, -0.000000000000000000, -1.000000000000000000 ) ) ;
#271 = CARTESIAN_POINT ( 'NONE',  ( -47.07048378112436637, 4.999999999999997335, 0.6000000000000000888 ) ) ;
#272 = CARTESIAN_POINT ( 'NONE',  ( 88.37982142701400790, 0.9999999999999991118, -22.47102776107254840 ) ) ;
#273 = EDGE_LOOP ( 'NONE', ( #5643, #4584, #1101, #1032, #2942, #609, #3907, #16, #988, #1379, #277, #2201, #1118, #3450, #5852, #5490 ) ) ;
#274 = EDGE_CURVE ( 'NONE', #3136, #234, #4041, .T. ) ;
#275 = DIRECTION ( 'NONE',  ( 0.000000000000000000, 1.000000000000000000, -0.000000000000000000 ) ) ;
#276 = FACE_OUTER_BOUND ( 'NONE', #2472, .T. ) ;
#277 = ORIENTED_EDGE ( 'NONE', *, *, #5920, .F. ) ;
#278 = ADVANCED_FACE ( 'NONE', ( #4099 ), #3588, .T. ) ;
#279 = VECTOR ( 'NONE', #2764, 1000.000000000000000 ) ;
#280 = ORIENTED_EDGE ( 'NONE', *, *, #5479, .F. ) ;
#281 = ORIENTED_EDGE ( 'NONE', *, *, #4415, .T. ) ;
#282 = DIRECTION ( 'NONE',  ( -0.000000000000000000, 1.000000000000000000, -0.000000000000000000 ) ) ;
#283 = ADVANCED_FACE ( 'NONE', ( #2682 ), #3616, .F. ) ;
#284 = PLANE ( 'NONE',  #3877 ) ;
#285 = AXIS2_PLACEMENT_3D ( 'NONE', #676, #1037, #549 ) ;
#286 = CALENDAR_DATE ( 2024, 9, 7 ) ;
#287 = DIRECTION ( 'NONE',  ( -1.000000000000000000, 0.000000000000000000, 0.000000000000000000 ) ) ;
#288 = ORIENTED_EDGE ( 'NONE', *, *, #208, .F. ) ;
#289 = FACE_OUTER_BOUND ( 'NONE', #1387, .T. ) ;
#290 = CARTESIAN_POINT ( 'NONE',  ( 0.000000000000000000, 6.000000000000000000, 1.000000000000000000 ) ) ;
#291 = CARTESIAN_POINT ( 'NONE',  ( -29.23935222489148700, 5.999999999999996447, 0.000000000000000000 ) ) ;
#292 = APPROVAL_DATE_TIME ( #2987, #636 ) ;
#293 = VERTEX_POINT ( 'NONE', #5480 ) ;
#294 = LINE ( 'NONE', #2591, #5163 ) ;
#295 = DIRECTION ( 'NONE',  ( 1.000000000000000000, 0.000000000000000000, 8.951293020695648905E-16 ) ) ;
#296 = FACE_OUTER_BOUND ( 'NONE', #4316, .T. ) ;
#297 = CARTESIAN_POINT ( 'NONE',  ( -34.94916343756472088, 5.999999999999995559, -0.5000000000000000000 ) ) ;
#298 = APPROVAL ( #4093, 'UNSPECIFIED' ) ;
#299 = DIRECTION ( 'NONE',  ( 1.000000000000000000, 0.000000000000000000, -0.000000000000000000 ) ) ;
#300 = CARTESIAN_POINT ( 'NONE',  ( 9.999999999999998224, 6.500000000000000000, -9.999999999999998224 ) ) ;
#301 = ORIENTED_EDGE ( 'NONE', *, *, #2461, .F. ) ;
#302 = VERTEX_POINT ( 'NONE', #3348 ) ;
#303 = AXIS2_PLACEMENT_3D ( 'NONE', #175, #3860, #4663 ) ;
#304 = DIRECTION ( 'NONE',  ( -0.7537688442211051276, 0.000000000000000000, -0.6571396575170146415 ) ) ;
#305 = EDGE_CURVE ( 'NONE', #786, #68, #2897, .T. ) ;
#306 = DIRECTION ( 'NONE',  ( 0.000000000000000000, 1.000000000000000000, -0.000000000000000000 ) ) ;
#307 = EDGE_CURVE ( 'NONE', #3357, #5137, #2379, .T. ) ;
#308 = VECTOR ( 'NONE', #2787, 1000.000000000000000 ) ;
#309 = VERTEX_POINT ( 'NONE', #2799 ) ;
#310 = EDGE_LOOP ( 'NONE', ( #1937, #228, #3750, #1367, #5168, #1034, #662, #1936 ) ) ;
#311 = FACE_OUTER_BOUND ( 'NONE', #4545, .T. ) ;
#312 = CIRCLE ( 'NONE', #1931, 10.00000000000000355 ) ;
#313 = CONTEXT_DEPENDENT_SHAPE_REPRESENTATION ( #1885, #823 ) ;
#314 = EDGE_CURVE ( 'NONE', #5651, #4318, #629, .T. ) ;
#315 = ADVANCED_FACE ( 'NONE', ( #1424 ), #981, .F. ) ;
#316 = LINE ( 'NONE', #5375, #126 ) ;
#317 = ORIENTED_EDGE ( 'NONE', *, *, #3939, .T. ) ;
#318 = CARTESIAN_POINT ( 'NONE',  ( -29.23935222489148700, 5.999999999999996447, 1.000000000000000000 ) ) ;
#319 = CARTESIAN_POINT ( 'NONE',  ( 196.8252214128434900, 4.500000000000000000, -69.92602476605814843 ) ) ;
#320 = VECTOR ( 'NONE', #5613, 1000.000000000000000 ) ;
#321 = CARTESIAN_POINT ( 'NONE',  ( 204.7153205121115604, 0.9999999999999991118, -60.85783660764542446 ) ) ;
#322 = PERSON_AND_ORGANIZATION ( #82, #1018 ) ;
#323 = VERTEX_POINT ( 'NONE', #1514 ) ;
#324 = DIRECTION ( 'NONE',  ( -0.000000000000000000, -1.000000000000000000, -0.000000000000000000 ) ) ;
#325 = PLANE ( 'NONE',  #3006 ) ;
#326 = DIRECTION ( 'NONE',  ( 0.000000000000000000, 0.000000000000000000, 1.000000000000000000 ) ) ;
#327 = CARTESIAN_POINT ( 'NONE',  ( -12.51897548311831088, 4.999999999999997335, -0.1499999999999999667 ) ) ;
#328 = VECTOR ( 'NONE', #388, 1000.000000000000000 ) ;
#329 = LINE ( 'NONE', #3026, #2917 ) ;
#330 = AXIS2_PLACEMENT_3D ( 'NONE', #5664, #178, #4472 ) ;
#331 = CARTESIAN_POINT ( 'NONE',  ( 0.000000000000000000, 7.300000000000000711, -88.00000000000000000 ) ) ;
#332 = EDGE_LOOP ( 'NONE', ( #2484, #4040, #4594, #4887, #2476 ) ) ;
#333 = ORIENTED_EDGE ( 'NONE', *, *, #850, .T. ) ;
#334 = VECTOR ( 'NONE', #2899, 1000.000000000000000 ) ;
#335 = CARTESIAN_POINT ( 'NONE',  ( 234.2079578780316353, 0.9999999999999991118, -9.999999999999962697 ) ) ;
#336 = AXIS2_PLACEMENT_3D ( 'NONE', #778, #3869, #2030 ) ;
#337 = AXIS2_PLACEMENT_3D ( 'NONE', #4460, #2145, #2566 ) ;
#338 = ORIENTED_EDGE ( 'NONE', *, *, #209, .T. ) ;
#339 = ORIENTED_EDGE ( 'NONE', *, *, #2835, .T. ) ;
#340 = EDGE_CURVE ( 'NONE', #3768, #601, #1395, .T. ) ;
#341 = CARTESIAN_POINT ( 'NONE',  ( 28.35685208430153637, 0.9999999999999991118, -73.85301289257564861 ) ) ;
#342 = VECTOR ( 'NONE', #1104, 1000.000000000000000 ) ;
#343 = APPROVAL_STATUS ( 'not_yet_approved' ) ;
#344 = EDGE_CURVE ( 'NONE', #979, #3881, #2319, .T. ) ;
#345 = CARTESIAN_POINT ( 'NONE',  ( 1.243733890142183537E-16, 11.99999999999999467, 1.000000000000000000 ) ) ;
#346 = ORIENTED_EDGE ( 'NONE', *, *, #2857, .T. ) ;
#347 = CARTESIAN_POINT ( 'NONE',  ( 0.000000000000000000, 0.000000000000000000, 1.000000000000000000 ) ) ;
#348 = CARTESIAN_POINT ( 'NONE',  ( -19.23935222489148344, 4.999999999999994671, -0.5000000000000000000 ) ) ;
#349 = DIRECTION ( 'NONE',  ( 0.7537688442211054607, 0.000000000000000000, -0.6571396575170143084 ) ) ;
#350 = AXIS2_PLACEMENT_3D ( 'NONE', #3410, #5577, #3712 ) ;
#351 = EDGE_CURVE ( 'NONE', #3087, #5706, #2441, .T. ) ;
#352 = EDGE_CURVE ( 'NONE', #4115, #5340, #4596, .T. ) ;
#353 = APPROVAL_DATE_TIME ( #4932, #4689 ) ;
#354 = ORIENTED_EDGE ( 'NONE', *, *, #3318, .T. ) ;
#355 = CARTESIAN_POINT ( 'NONE',  ( -47.07048378112436637, 4.999999999999997335, 0.6000000000000000888 ) ) ;
#356 = CC_DESIGN_APPROVAL ( #1383, ( #3031 ) ) ;
#357 = CARTESIAN_POINT ( 'NONE',  ( -44.94916343756472088, 5.999999999999994671, 1.000000000000000000 ) ) ;
#358 = VECTOR ( 'NONE', #1030, 1000.000000000000000 ) ;
#359 = DIRECTION ( 'NONE',  ( 0.000000000000000000, -1.000000000000000000, 0.000000000000000000 ) ) ;
#360 = CARTESIAN_POINT ( 'NONE',  ( 9.999999999999998224, 0.000000000000000000, -78.00000000000000000 ) ) ;
#361 = ADVANCED_FACE ( 'NONE', ( #5123 ), #5183, .F. ) ;
#362 = VECTOR ( 'NONE', #3230, 1000.000000000000000 ) ;
#363 = DIRECTION ( 'NONE',  ( 0.000000000000000000, 1.000000000000000000, -0.000000000000000000 ) ) ;
#364 = CARTESIAN_POINT ( 'NONE',  ( -12.51897548311831088, 6.000000000000000000, 1.000000000000000222 ) ) ;
#365 = VERTEX_POINT ( 'NONE', #54 ) ;
#366 = ORIENTED_EDGE ( 'NONE', *, *, #705, .F. ) ;
#367 = CYLINDRICAL_SURFACE ( 'NONE', #2645, 5.719358714986390702 ) ;
#368 = ORIENTED_EDGE ( 'NONE', *, *, #4386, .T. ) ;
#369 = ORIENTED_EDGE ( 'NONE', *, *, #1954, .F. ) ;
#370 = CARTESIAN_POINT ( 'NONE',  ( -19.23935222489148344, 5.999999999999997335, 1.000000000000000000 ) ) ;
#371 = DATE_TIME_ROLE ( 'classification_date' ) ;
#372 = EDGE_CURVE ( 'NONE', #1811, #5646, #954, .T. ) ;
#373 = EDGE_LOOP ( 'NONE', ( #2634, #922, #4799, #3736 ) ) ;
#374 = DIRECTION ( 'NONE',  ( 0.000000000000000000, 1.000000000000000000, -0.000000000000000000 ) ) ;
#375 = VECTOR ( 'NONE', #3636, 1000.000000000000000 ) ;
#376 = DIRECTION ( 'NONE',  ( -1.000000000000000000, -0.000000000000000000, 0.000000000000000000 ) ) ;
#377 = FACE_OUTER_BOUND ( 'NONE', #479, .T. ) ;
#378 = EDGE_CURVE ( 'NONE', #5344, #3889, #592, .T. ) ;
#379 = COORDINATED_UNIVERSAL_TIME_OFFSET ( 7, 0, .AHEAD. ) ;
#380 = CARTESIAN_POINT ( 'NONE',  ( 242.0000000000000000, 0.000000000000000000, -10.00000000000006928 ) ) ;
#381 = DIRECTION ( 'NONE',  ( 0.000000000000000000, 0.000000000000000000, -1.000000000000000000 ) ) ;
#382 = CARTESIAN_POINT ( 'NONE',  ( 86.00000000000000000, 6.500000000000000000, -34.33438122311711282 ) ) ;
#383 = CARTESIAN_POINT ( 'NONE',  ( 102.8557046065718765, 0.9999999999999991118, -31.44577197353467213 ) ) ;
#384 = VERTEX_POINT ( 'NONE', #2410 ) ;
#385 = CARTESIAN_POINT ( 'NONE',  ( -29.23935222489148700, 3.999999999999993339, 1.000000000000000000 ) ) ;
#386 = ADVANCED_FACE ( 'NONE', ( #1455 ), #4162, .T. ) ;
#387 = EDGE_CURVE ( 'NONE', #1111, #4871, #3706, .T. ) ;
#388 = DIRECTION ( 'NONE',  ( -1.000000000000000000, 0.000000000000000000, 6.251255769285794041E-17 ) ) ;
#389 = ORIENTED_EDGE ( 'NONE', *, *, #1615, .T. ) ;
#390 = EDGE_LOOP ( 'NONE', ( #4335, #4236, #1700, #3808 ) ) ;
#391 = FACE_OUTER_BOUND ( 'NONE', #390, .T. ) ;
#392 = DIRECTION ( 'NONE',  ( 0.000000000000000000, 1.000000000000000000, -0.000000000000000000 ) ) ;
#393 = PRODUCT ( 'Upper Box', 'Upper Box', '', ( #2250 ) ) ;
#394 = ORIENTED_EDGE ( 'NONE', *, *, #3500, .F. ) ;
#395 = VECTOR ( 'NONE', #2560, 1000.000000000000000 ) ;
#396 = ORIENTED_EDGE ( 'NONE', *, *, #2718, .F. ) ;
#397 = CARTESIAN_POINT ( 'NONE',  ( 241.0000000000000000, 9.000000000000000000, -10.00000000000000000 ) ) ;
#398 = CIRCLE ( 'NONE', #2979, 2.999999999999998224 ) ;
#399 = ORIENTED_EDGE ( 'NONE', *, *, #3301, .F. ) ;
#400 = LINE ( 'NONE', #1244, #2627 ) ;
#401 = AXIS2_PLACEMENT_3D ( 'NONE', #1560, #3847, #4275 ) ;
#402 = DIRECTION ( 'NONE',  ( -0.000000000000000000, 1.000000000000000000, -0.000000000000000000 ) ) ;
#403 = CC_DESIGN_PERSON_AND_ORGANIZATION_ASSIGNMENT ( #5173, #1953, ( #257 ) ) ;
#404 = CARTESIAN_POINT ( 'NONE',  ( 0.000000000000000000, 0.9999999999999991118, -73.24436680701796831 ) ) ;
#405 = APPROVAL_ROLE ( '' ) ;
#406 = VECTOR ( 'NONE', #2195, 1000.000000000000000 ) ;
#407 = CARTESIAN_POINT ( 'NONE',  ( -34.94916343756472088, 3.999999999999995559, 0.000000000000000000 ) ) ;
#408 = DIRECTION ( 'NONE',  ( -0.000000000000000000, -1.000000000000000000, -0.000000000000000000 ) ) ;
#409 = AXIS2_PLACEMENT_3D ( 'NONE', #1463, #5521, #5133 ) ;
#410 = CARTESIAN_POINT ( 'NONE',  ( -44.94916343756472088, 4.365571122977521590, 1.000000000000000000 ) ) ;
#411 = ADVANCED_FACE ( 'NONE', ( #83, #1901 ), #3765, .F. ) ;
#412 = DIRECTION ( 'NONE',  ( -0.000000000000000000, 1.000000000000000000, -0.000000000000000000 ) ) ;
#413 = VERTEX_POINT ( 'NONE', #563 ) ;
#414 = CARTESIAN_POINT ( 'NONE',  ( -34.94916343756472088, 5.999999999999995559, 1.000000000000000000 ) ) ;
#415 = DIRECTION ( 'NONE',  ( 1.000000000000000000, 0.000000000000000000, 0.000000000000000000 ) ) ;
#416 = ORIENTED_EDGE ( 'NONE', *, *, #4965, .T. ) ;
#417 = ORIENTED_EDGE ( 'NONE', *, *, #2465, .T. ) ;
#418 = CARTESIAN_POINT ( 'NONE',  ( 235.0000000000000000, 7.300000000000000711, 0.000000000000000000 ) ) ;
#419 = CARTESIAN_POINT ( 'NONE',  ( 130.8913525087804146, 6.500000000000000000, -54.89756598715694480 ) ) ;
#420 = DIRECTION ( 'NONE',  ( -1.000000000000000000, -0.000000000000000000, -0.000000000000000000 ) ) ;
#421 = EDGE_CURVE ( 'NONE', #2294, #3353, #5570, .T. ) ;
#422 = VERTEX_POINT ( 'NONE', #2838 ) ;
#423 = AXIS2_PLACEMENT_3D ( 'NONE', #858, #2113, #3156 ) ;
#424 = EDGE_LOOP ( 'NONE', ( #2233, #1041, #1264, #4209 ) ) ;
#425 = VECTOR ( 'NONE', #4257, 1000.000000000000000 ) ;
#426 = CARTESIAN_POINT ( 'NONE',  ( -2.518975483118307324, 4.999999999999994671, 0.5000000000000000000 ) ) ;
#427 = CIRCLE ( 'NONE', #3775, 5.719358714986390702 ) ;
#428 = ITEM_DEFINED_TRANSFORMATION ( 'NONE', 'NONE', #4644,  #1119 ) ;
#429 = ORIENTED_EDGE ( 'NONE', *, *, #5111, .F. ) ;
#430 = VECTOR ( 'NONE', #4002, 1000.000000000000000 ) ;
#431 = LINE ( 'NONE', #4212, #909 ) ;
#432 = CARTESIAN_POINT ( 'NONE',  ( 48.90140036010598834, 11.00000000000000000, -89.39497296252748981 ) ) ;
#433 = DIRECTION ( 'NONE',  ( -0.000000000000000000, -1.000000000000000000, -0.000000000000000000 ) ) ;
#434 = CALENDAR_DATE ( 2024, 9, 7 ) ;
#435 = DIRECTION ( 'NONE',  ( 1.000000000000000000, -0.000000000000000000, -0.000000000000000000 ) ) ;
#436 = CARTESIAN_POINT ( 'NONE',  ( -29.23935222489148700, 5.999999999999996447, 1.000000000000000000 ) ) ;
#437 = CC_DESIGN_APPROVAL ( #4689, ( #4939 ) ) ;
#438 = CARTESIAN_POINT ( 'NONE',  ( -44.94916343756472088, 5.999999999999994671, -0.5000000000000000000 ) ) ;
#439 = DIRECTION ( 'NONE',  ( 0.000000000000000000, 0.000000000000000000, -1.000000000000000000 ) ) ;
#440 = ORIENTED_EDGE ( 'NONE', *, *, #2569, .T. ) ;
#441 = LOCAL_TIME ( 16, 32, 57.00000000000000000, #1689 ) ;
#442 = EDGE_CURVE ( 'NONE', #4266, #1064, #1485, .T. ) ;
#443 = LINE ( 'NONE', #1255, #238 ) ;
#444 = CARTESIAN_POINT ( 'NONE',  ( 179.0257796248860416, 11.00000000000000000, -22.96393086223018543 ) ) ;
#445 = ORIENTED_EDGE ( 'NONE', *, *, #3131, .F. ) ;
#446 = VERTEX_POINT ( 'NONE', #1542 ) ;
#447 = DIRECTION ( 'NONE',  ( 1.000000000000000000, 8.673617379884034239E-17, -0.000000000000000000 ) ) ;
#448 = DIRECTION ( 'NONE',  ( 1.000000000000000000, 0.000000000000000000, -0.000000000000000000 ) ) ;
#449 = VECTOR ( 'NONE', #5460, 1000.000000000000000 ) ;
#450 = ORIENTED_EDGE ( 'NONE', *, *, #5297, .T. ) ;
#451 = FACE_OUTER_BOUND ( 'NONE', #5209, .T. ) ;
#452 = ORIENTED_EDGE ( 'NONE', *, *, #2574, .T. ) ;
#453 = EDGE_CURVE ( 'NONE', #5126, #3125, #5312, .T. ) ;
#454 = CARTESIAN_POINT ( 'NONE',  ( 9.999999999999998224, 9.000000000000000000, -9.999999999999998224 ) ) ;
#455 = EDGE_CURVE ( 'NONE', #1319, #422, #5018, .T. ) ;
#456 = ORIENTED_EDGE ( 'NONE', *, *, #1991, .T. ) ;
#457 = ADVANCED_FACE ( 'NONE', ( #4832 ), #3936, .T. ) ;
#458 = CARTESIAN_POINT ( 'NONE',  ( 30.28613018242083044, 0.9999999999999991118, 38.24622880151927973 ) ) ;
#459 = DIRECTION ( 'NONE',  ( 1.000000000000000000, 0.000000000000000000, 0.000000000000000000 ) ) ;
#460 = CARTESIAN_POINT ( 'NONE',  ( 131.2660539180809565, 4.500000000000000000, -55.89756598715694480 ) ) ;
#461 = COORDINATED_UNIVERSAL_TIME_OFFSET ( 7, 0, .AHEAD. ) ;
#462 = AXIS2_PLACEMENT_3D ( 'NONE', #2492, #5174, #1040 ) ;
#463 = LINE ( 'NONE', #4535, #5645 ) ;
#464 = LINE ( 'NONE', #107, #1748 ) ;
#465 = FACE_OUTER_BOUND ( 'NONE', #2901, .T. ) ;
#466 = CARTESIAN_POINT ( 'NONE',  ( -29.23935222489148700, 3.999999999999993339, 1.000000000000000000 ) ) ;
#467 = VECTOR ( 'NONE', #3817, 1000.000000000000000 ) ;
#468 = ORIENTED_EDGE ( 'NONE', *, *, #232, .F. ) ;
#469 = DIRECTION ( 'NONE',  ( -0.7537688442211051276, 0.000000000000000000, 0.6571396575170147525 ) ) ;
#470 = DIRECTION ( 'NONE',  ( 1.000000000000000000, 8.673617379884034239E-17, 0.000000000000000000 ) ) ;
#471 = ORIENTED_EDGE ( 'NONE', *, *, #5856, .T. ) ;
#472 = VERTEX_POINT ( 'NONE', #2184 ) ;
#473 = CARTESIAN_POINT ( 'NONE',  ( 9.999999999999998224, 9.000000000000000000, -9.999999999999998224 ) ) ;
#474 = LINE ( 'NONE', #3115, #362 ) ;
#475 = CC_DESIGN_PERSON_AND_ORGANIZATION_ASSIGNMENT ( #5895, #4473, ( #5434 ) ) ;
#476 = DIRECTION ( 'NONE',  ( 0.000000000000000000, 0.000000000000000000, 1.000000000000000000 ) ) ;
#477 = ORIENTED_EDGE ( 'NONE', *, *, #2266, .F. ) ;
#478 = CARTESIAN_POINT ( 'NONE',  ( 0.000000000000000000, 0.000000000000000000, -10.00000000000007105 ) ) ;
#479 = EDGE_LOOP ( 'NONE', ( #3296, #5011, #2183, #1148 ) ) ;
#480 = PLANE ( 'NONE',  #907 ) ;
#481 = EDGE_CURVE ( 'NONE', #53, #2302, #1151, .T. ) ;
#482 = VERTEX_POINT ( 'NONE', #762 ) ;
#483 = CARTESIAN_POINT ( 'NONE',  ( 242.0000000000000000, 0.000000000000000000, -10.00000000000007105 ) ) ;
#484 = CARTESIAN_POINT ( 'NONE',  ( 9.999999999999998224, 0.000000000000000000, -78.00000000000000000 ) ) ;
#485 = VECTOR ( 'NONE', #5661, 1000.000000000000000 ) ;
#486 = CARTESIAN_POINT ( 'NONE',  ( 102.8557046065718907, 0.9999999999999991118, -37.16513068852106727 ) ) ;
#487 = APPROVAL_STATUS ( 'not_yet_approved' ) ;
#488 = EDGE_CURVE ( 'NONE', #365, #4413, #2606, .T. ) ;
#489 = ADVANCED_FACE ( 'NONE', ( #820 ), #4025, .F. ) ;
#490 = AXIS2_PLACEMENT_3D ( 'NONE', #1502, #1442, #1002 ) ;
#491 = CARTESIAN_POINT ( 'NONE',  ( 2.000000000000001776, 11.00000000000000000, -74.99124936669818453 ) ) ;
#492 = ORIENTED_EDGE ( 'NONE', *, *, #5075, .F. ) ;
#493 = CARTESIAN_POINT ( 'NONE',  ( -34.94916343756472088, 4.999999999999997335, 0.6000000000000000888 ) ) ;
#494 = DIRECTION ( 'NONE',  ( -0.000000000000000000, 1.000000000000000000, -0.000000000000000000 ) ) ;
#495 = LINE ( 'NONE', #2833, #4138 ) ;
#496 = AXIS2_PLACEMENT_3D ( 'NONE', #634, #688, #2446 ) ;
#497 = ORIENTED_EDGE ( 'NONE', *, *, #5473, .T. ) ;
#498 = VECTOR ( 'NONE', #4569, 1000.000000000000000 ) ;
#499 = CARTESIAN_POINT ( 'NONE',  ( -2.518975483118307324, 3.999999999999994671, 0.5000000000000000000 ) ) ;
#500 = DIRECTION ( 'NONE',  ( 1.000000000000000000, -0.000000000000000000, 0.000000000000000000 ) ) ;
#501 = ORIENTED_EDGE ( 'NONE', *, *, #4543, .T. ) ;
#502 = ORIENTED_EDGE ( 'NONE', *, *, #1267, .T. ) ;
#503 = DIRECTION ( 'NONE',  ( -0.000000000000000000, -1.000000000000000000, 0.000000000000000000 ) ) ;
#504 = DIRECTION ( 'NONE',  ( -0.000000000000000000, 1.000000000000000000, -0.000000000000000000 ) ) ;
#505 = ORIENTED_EDGE ( 'NONE', *, *, #2485, .T. ) ;
#506 = DIRECTION ( 'NONE',  ( 0.000000000000000000, 0.000000000000000000, 1.000000000000000000 ) ) ;
#507 = ORIENTED_EDGE ( 'NONE', *, *, #20, .T. ) ;
#508 = CARTESIAN_POINT ( 'NONE',  ( -12.51897548311831088, 5.999999999999998224, 1.000000000000000000 ) ) ;
#509 = CIRCLE ( 'NONE', #3288, 7.999999999999992895 ) ;
#510 = VECTOR ( 'NONE', #3981, 1000.000000000000000 ) ;
#511 = EDGE_CURVE ( 'NONE', #3934, #1737, #2582, .T. ) ;
#512 = ORIENTED_EDGE ( 'NONE', *, *, #3529, .T. ) ;
#513 = ORIENTED_EDGE ( 'NONE', *, *, #2569, .F. ) ;
#514 = AXIS2_PLACEMENT_3D ( 'NONE', #184, #363, #5939 ) ;
#515 = FACE_OUTER_BOUND ( 'NONE', #1946, .T. ) ;
#516 = DIRECTION ( 'NONE',  ( 0.000000000000000000, -0.000000000000000000, -1.000000000000000000 ) ) ;
#517 = AXIS2_PLACEMENT_3D ( 'NONE', #4057, #3042, #4956 ) ;
#518 = CARTESIAN_POINT ( 'NONE',  ( -12.51897548311830910, 3.999999999999994671, 0.5000000000000000000 ) ) ;
#519 = PERSON_AND_ORGANIZATION ( #82, #1018 ) ;
#520 = EDGE_CURVE ( 'NONE', #1506, #3992, #1707, .T. ) ;
#521 = DIRECTION ( 'NONE',  ( 0.000000000000000000, 0.000000000000000000, -1.000000000000000000 ) ) ;
#522 = ORIENTED_EDGE ( 'NONE', *, *, #4314, .F. ) ;
#523 = LINE ( 'NONE', #949, #713 ) ;
#524 = EDGE_CURVE ( 'NONE', #1789, #3829, #3966, .T. ) ;
#525 = CARTESIAN_POINT ( 'NONE',  ( 0.000000000000000000, 5.292893218813446765, 0.000000000000000000 ) ) ;
#526 = CARTESIAN_POINT ( 'NONE',  ( 43.05403991627543547, 0.9999999999999991118, 34.34622345536877930 ) ) ;
#527 = AXIS2_PLACEMENT_3D ( 'NONE', #4957, #3127, #5442 ) ;
#528 = EDGE_LOOP ( 'NONE', ( #452, #5277, #1448, #4328 ) ) ;
#529 = DIRECTION ( 'NONE',  ( 1.000000000000000000, 0.000000000000000000, -0.000000000000000000 ) ) ;
#530 = PLANE ( 'NONE',  #3961 ) ;
#531 = EDGE_LOOP ( 'NONE', ( #4387, #4281, #1642, #1784, #1746, #1821, #4685, #693 ) ) ;
#532 = VERTEX_POINT ( 'NONE', #1678 ) ;
#533 = PLANE ( 'NONE',  #3368 ) ;
#534 = DIRECTION ( 'NONE',  ( -0.000000000000000000, 1.000000000000000000, -0.000000000000000000 ) ) ;
#535 =( NAMED_UNIT ( * ) SI_UNIT ( $, .STERADIAN. ) SOLID_ANGLE_UNIT ( ) );
#536 = VERTEX_POINT ( 'NONE', #370 ) ;
#537 = LINE ( 'NONE', #478, #2214 ) ;
#538 = ORIENTED_EDGE ( 'NONE', *, *, #5181, .F. ) ;
#539 = ORIENTED_EDGE ( 'NONE', *, *, #44, .T. ) ;
#540 = CIRCLE ( 'NONE', #5042, 5.719358714986383596 ) ;
#541 = FACE_OUTER_BOUND ( 'NONE', #1362, .T. ) ;
#542 = SECURITY_CLASSIFICATION ( '', '', #3601 ) ;
#543 = AXIS2_PLACEMENT_3D ( 'NONE', #3201, #1401, #4047 ) ;
#544 = VERTEX_POINT ( 'NONE', #734 ) ;
#545 = VERTEX_POINT ( 'NONE', #4442 ) ;
#546 = ORIENTED_EDGE ( 'NONE', *, *, #3569, .F. ) ;
#547 = LINE ( 'NONE', #3630, #3101 ) ;
#548 = FACE_BOUND ( 'NONE', #4027, .T. ) ;
#549 = DIRECTION ( 'NONE',  ( 0.000000000000000000, 0.000000000000000000, 1.000000000000000000 ) ) ;
#550 = DIRECTION ( 'NONE',  ( 0.8773152583835183149, 0.000000000000000000, 0.4799145105198013850 ) ) ;
#551 = PRODUCT_DEFINITION ( 'UNKNOWN', '', #5138, #5410 ) ;
#552 = PERSON_AND_ORGANIZATION ( #82, #1018 ) ;
#553 =( REPRESENTATION_RELATIONSHIP ('NONE','NONE', #3561, #4979 ) REPRESENTATION_RELATIONSHIP_WITH_TRANSFORMATION ( #428 )SHAPE_REPRESENTATION_RELATIONSHIP( ) );
#554 = CYLINDRICAL_SURFACE ( 'NONE', #4486, 9.000000000000003553 ) ;
#555 = VERTEX_POINT ( 'NONE', #1619 ) ;
#556 = VERTEX_POINT ( 'NONE', #4390 ) ;
#557 = CARTESIAN_POINT ( 'NONE',  ( 0.000000000000000000, 0.9999999999999991118, -72.83414446803934084 ) ) ;
#558 = CYLINDRICAL_SURFACE ( 'NONE', #5704, 8.000000000000003553 ) ;
#559 = ADVANCED_FACE ( 'NONE', ( #311 ), #284, .F. ) ;
#560 = DIRECTION ( 'NONE',  ( 1.000000000000000000, 0.000000000000000000, 0.000000000000000000 ) ) ;
#561 = ADVANCED_FACE ( 'NONE', ( #255 ), #3429, .T. ) ;
#562 = EDGE_LOOP ( 'NONE', ( #1310, #810, #5614, #4198 ) ) ;
#563 = CARTESIAN_POINT ( 'NONE',  ( -2.518975483118307324, 6.000000000000000000, -0.5000000000000000000 ) ) ;
#564 = DIRECTION ( 'NONE',  ( 0.000000000000000000, 1.000000000000000000, -0.000000000000000000 ) ) ;
#565 = ORIENTED_EDGE ( 'NONE', *, *, #2530, .T. ) ;
#566 = ORIENTED_EDGE ( 'NONE', *, *, #1615, .F. ) ;
#567 = DIRECTION ( 'NONE',  ( 0.000000000000000000, 0.000000000000000000, -1.000000000000000000 ) ) ;
#568 = DIRECTION ( 'NONE',  ( 0.000000000000000000, 1.000000000000000000, 0.000000000000000000 ) ) ;
#569 = EDGE_CURVE ( 'NONE', #555, #4752, #5260, .T. ) ;
#570 = ADVANCED_FACE ( 'NONE', ( #3513 ), #3452, .F. ) ;
#571 = CARTESIAN_POINT ( 'NONE',  ( 32.39949558450452116, 0.9999999999999991118, -72.17940474342464086 ) ) ;
#572 = CARTESIAN_POINT ( 'NONE',  ( -2.518975483118307324, 4.999999999999997335, 0.6000000000000000888 ) ) ;
#573 = ORIENTED_EDGE ( 'NONE', *, *, #4111, .F. ) ;
#574 = FACE_OUTER_BOUND ( 'NONE', #1948, .T. ) ;
#575 = ORIENTED_EDGE ( 'NONE', *, *, #2230, .T. ) ;
#576 = ORIENTED_EDGE ( 'NONE', *, *, #569, .F. ) ;
#577 = ORIENTED_EDGE ( 'NONE', *, *, #1769, .T. ) ;
#578 = DIRECTION ( 'NONE',  ( -0.000000000000000000, 1.000000000000000000, -0.000000000000000000 ) ) ;
#579 = FACE_BOUND ( 'NONE', #5175, .T. ) ;
#580 = CARTESIAN_POINT ( 'NONE',  ( -8.673617379884031528E-16, 4.999999999999998224, 0.5000000000000000000 ) ) ;
#581 = SECURITY_CLASSIFICATION_LEVEL ( 'unclassified' ) ;
#582 = DIRECTION ( 'NONE',  ( -0.000000000000000000, 1.000000000000000000, -0.000000000000000000 ) ) ;
#583 = ORIENTED_EDGE ( 'NONE', *, *, #2172, .F. ) ;
#584 = APPROVAL ( #3851, 'UNSPECIFIED' ) ;
#585 = ORIENTED_EDGE ( 'NONE', *, *, #1991, .F. ) ;
#586 = CARTESIAN_POINT ( 'NONE',  ( -34.94916343756472088, 4.999999999999997335, -0.1499999999999999667 ) ) ;
#587 = VECTOR ( 'NONE', #2587, 1000.000000000000000 ) ;
#588 = CARTESIAN_POINT ( 'NONE',  ( -44.94916343756472088, 3.999999999999994671, 0.000000000000000000 ) ) ;
#589 = DIRECTION ( 'NONE',  ( -1.290644514907879663E-16, 1.000000000000000000, 0.000000000000000000 ) ) ;
#590 = VERTEX_POINT ( 'NONE', #1239 ) ;
#591 = VECTOR ( 'NONE', #2247, 1000.000000000000000 ) ;
#592 = LINE ( 'NONE', #3802, #4727 ) ;
#593 = EDGE_CURVE ( 'NONE', #1231, #728, #2808, .T. ) ;
#594 = DIRECTION ( 'NONE',  ( -0.000000000000000000, 1.000000000000000000, -0.000000000000000000 ) ) ;
#595 = ORIENTED_EDGE ( 'NONE', *, *, #719, .T. ) ;
#596 = ORIENTED_EDGE ( 'NONE', *, *, #2574, .F. ) ;
#597 = VECTOR ( 'NONE', #4763, 1000.000000000000000 ) ;
#598 = FACE_OUTER_BOUND ( 'NONE', #273, .T. ) ;
#599 = DIRECTION ( 'NONE',  ( 1.000000000000000000, 8.673617379884034239E-17, 0.000000000000000000 ) ) ;
#600 = VECTOR ( 'NONE', #2768, 1000.000000000000000 ) ;
#601 = VERTEX_POINT ( 'NONE', #341 ) ;
#602 = DIRECTION ( 'NONE',  ( -0.000000000000000000, -0.000000000000000000, -1.000000000000000000 ) ) ;
#603 = ORIENTED_EDGE ( 'NONE', *, *, #2059, .T. ) ;
#604 = VECTOR ( 'NONE', #3387, 1000.000000000000114 ) ;
#605 = EDGE_CURVE ( 'NONE', #3566, #3629, #3038, .T. ) ;
#606 = LINE ( 'NONE', #5165, #2160 ) ;
#607 = EDGE_CURVE ( 'NONE', #2860, #1876, #3879, .T. ) ;
#608 = EDGE_CURVE ( 'NONE', #4475, #98, #875, .T. ) ;
#609 = ORIENTED_EDGE ( 'NONE', *, *, #3149, .F. ) ;
#610 = ORIENTED_EDGE ( 'NONE', *, *, #1622, .T. ) ;
#611 = EDGE_CURVE ( 'NONE', #1315, #5618, #3568, .T. ) ;
#612 = VERTEX_POINT ( 'NONE', #4143 ) ;
#613 = DIRECTION ( 'NONE',  ( 1.000000000000000000, -0.000000000000000000, -0.000000000000000000 ) ) ;
#614 = LINE ( 'NONE', #165, #5166 ) ;
#615 = VECTOR ( 'NONE', #3644, 1000.000000000000000 ) ;
#616 = APPROVAL_STATUS ( 'not_yet_approved' ) ;
#617 = MANIFOLD_SOLID_BREP ( 'Boss-Extrude2', #1572 ) ;
#618 = VECTOR ( 'NONE', #4968, 1000.000000000000000 ) ;
#619 = DIRECTION ( 'NONE',  ( -1.000000000000000000, 0.000000000000000000, 0.000000000000000000 ) ) ;
#620 = ORIENTED_EDGE ( 'NONE', *, *, #4745, .T. ) ;
#621 = AXIS2_PLACEMENT_3D ( 'NONE', #5814, #3497, #1223 ) ;
#622 = ORIENTED_EDGE ( 'NONE', *, *, #5552, .T. ) ;
#623 = CARTESIAN_POINT ( 'NONE',  ( 26.85114818817315552, 0.9999999999999991118, -6.413121992594955856 ) ) ;
#624 = DIRECTION ( 'NONE',  ( 1.734723475976806848E-16, -1.000000000000000000, 0.000000000000000000 ) ) ;
#625 = CARTESIAN_POINT ( 'NONE',  ( -47.07048378112436637, 4.999999999999997335, -0.1499999999999999667 ) ) ;
#626 = CIRCLE ( 'NONE', #514, 5.719358714986393366 ) ;
#627 = ORIENTED_EDGE ( 'NONE', *, *, #4770, .T. ) ;
#628 = VECTOR ( 'NONE', #5927, 1000.000000000000000 ) ;
#629 = LINE ( 'NONE', #499, #1664 ) ;
#630 = CARTESIAN_POINT ( 'NONE',  ( 231.9999999999999147, 8.800000000000000711, -7.000000000000006217 ) ) ;
#631 = ORIENTED_EDGE ( 'NONE', *, *, #2161, .F. ) ;
#632 = ORIENTED_EDGE ( 'NONE', *, *, #4996, .T. ) ;
#633 = AXIS2_PLACEMENT_3D ( 'NONE', #5267, #4365, #5351 ) ;
#634 = CARTESIAN_POINT ( 'NONE',  ( 102.8557046065718765, 11.00000000000000000, -31.44577197353467213 ) ) ;
#635 = DIRECTION ( 'NONE',  ( -0.000000000000000000, -1.000000000000000000, -0.000000000000000000 ) ) ;
#636 = APPROVAL ( #1276, 'UNSPECIFIED' ) ;
#637 = ORIENTED_EDGE ( 'NONE', *, *, #4505, .T. ) ;
#638 = CARTESIAN_POINT ( 'NONE',  ( 0.000000000000000000, 8.800000000000000711, -10.00000000000007105 ) ) ;
#639 = ORIENTED_EDGE ( 'NONE', *, *, #1015, .F. ) ;
#640 = DIRECTION ( 'NONE',  ( -1.519072532666663174E-16, 1.000000000000000000, 0.000000000000000000 ) ) ;
#641 = ADVANCED_FACE ( 'NONE', ( #5008 ), #2753, .T. ) ;
#642 = PLANE ( 'NONE',  #2820 ) ;
#643 = ORIENTED_EDGE ( 'NONE', *, *, #4237, .T. ) ;
#644 = CC_DESIGN_SECURITY_CLASSIFICATION ( #3031, ( #5942 ) ) ;
#645 = EDGE_CURVE ( 'NONE', #1918, #4102, #5525, .T. ) ;
#646 = ORIENTED_EDGE ( 'NONE', *, *, #2919, .F. ) ;
#647 = VECTOR ( 'NONE', #2724, 1000.000000000000000 ) ;
#648 = EDGE_LOOP ( 'NONE', ( #1190, #3398, #5650, #3267 ) ) ;
#649 = DIRECTION ( 'NONE',  ( 0.000000000000000000, -1.000000000000000000, 0.000000000000000000 ) ) ;
#650 = CARTESIAN_POINT ( 'NONE',  ( -29.23935222489148700, 4.999999999999997335, -0.1499999999999999667 ) ) ;
#651 = CALENDAR_DATE ( 2024, 9, 7 ) ;
#652 = EDGE_CURVE ( 'NONE', #2955, #3286, #5438, .T. ) ;
#653 = EDGE_CURVE ( 'NONE', #302, #979, #5072, .T. ) ;
#654 = DIRECTION ( 'NONE',  ( -0.7537688442211051276, 0.000000000000000000, 0.6571396575170147525 ) ) ;
#655 = VERTEX_POINT ( 'NONE', #397 ) ;
#656 = DIRECTION ( 'NONE',  ( -1.000000000000000000, 0.000000000000000000, 0.000000000000000000 ) ) ;
#657 = CARTESIAN_POINT ( 'NONE',  ( 200.6726770119085757, 0.9999999999999991118, -62.53144475679641090 ) ) ;
#658 = LINE ( 'NONE', #4757, #2681 ) ;
#659 = APPROVAL_STATUS ( 'not_yet_approved' ) ;
#660 = EDGE_LOOP ( 'NONE', ( #2154, #4388, #4110, #2444 ) ) ;
#661 = CARTESIAN_POINT ( 'NONE',  ( 9.999999999999998224, 6.500000000000000000, -78.00000000000000000 ) ) ;
#662 = ORIENTED_EDGE ( 'NONE', *, *, #2190, .T. ) ;
#663 = CARTESIAN_POINT ( 'NONE',  ( -34.94916343756472088, 3.999999999999995559, 1.000000000000000000 ) ) ;
#664 = CARTESIAN_POINT ( 'NONE',  ( 234.2079578780316353, 11.00000000000000000, -9.999999999999962697 ) ) ;
#665 = CYLINDRICAL_SURFACE ( 'NONE', #3104, 5.719358714986389813 ) ;
#666 = CARTESIAN_POINT ( 'NONE',  ( 228.1435304185186510, 0.9999999999999991118, -12.84634009807924215 ) ) ;
#667 = AXIS2_PLACEMENT_3D ( 'NONE', #4447, #2583, #3456 ) ;
#668 = ORIENTED_EDGE ( 'NONE', *, *, #5074, .F. ) ;
#669 = LINE ( 'NONE', #1975, #2938 ) ;
#670 = CARTESIAN_POINT ( 'NONE',  ( 51.01611713250938607, 7.300000000000000711, 58.51778873446617268 ) ) ;
#671 = VECTOR ( 'NONE', #4747, 1000.000000000000000 ) ;
#672 = ORIENTED_EDGE ( 'NONE', *, *, #168, .T. ) ;
#673 = EDGE_LOOP ( 'NONE', ( #5153, #2632, #1495, #92 ) ) ;
#674 = EDGE_CURVE ( 'NONE', #1438, #149, #4580, .T. ) ;
#675 = CARTESIAN_POINT ( 'NONE',  ( 242.0000000000000000, 0.000000000000000000, -77.99999999999992895 ) ) ;
#676 = CARTESIAN_POINT ( 'NONE',  ( 231.9999999999999716, 9.000000000000000000, -9.999999999999998224 ) ) ;
#677 = CALENDAR_DATE ( 2024, 9, 7 ) ;
#678 = FACE_OUTER_BOUND ( 'NONE', #1405, .T. ) ;
#679 = VERTEX_POINT ( 'NONE', #1377 ) ;
#680 = DIRECTION ( 'NONE',  ( 0.000000000000000000, -1.000000000000000000, 0.000000000000000000 ) ) ;
#681 = CYLINDRICAL_SURFACE ( 'NONE', #3685, 5.719358714986393366 ) ;
#682 = LINE ( 'NONE', #4223, #885 ) ;
#683 = ADVANCED_FACE ( 'NONE', ( #3627 ), #480, .F. ) ;
#684 = EDGE_CURVE ( 'NONE', #5238, #2612, #3654, .T. ) ;
#685 = DIRECTION ( 'NONE',  ( 1.000000000000000000, 0.000000000000000000, 0.000000000000000000 ) ) ;
#686 = VERTEX_POINT ( 'NONE', #964 ) ;
#687 = DIRECTION ( 'NONE',  ( 0.000000000000000000, 0.000000000000000000, -1.000000000000000000 ) ) ;
#688 = DIRECTION ( 'NONE',  ( -0.000000000000000000, -1.000000000000000000, 0.000000000000000000 ) ) ;
#689 = VECTOR ( 'NONE', #2035, 1000.000000000000000 ) ;
#690 = FACE_OUTER_BOUND ( 'NONE', #562, .T. ) ;
#691 = LINE ( 'NONE', #3956, #3275 ) ;
#692 = VECTOR ( 'NONE', #4358, 1000.000000000000000 ) ;
#693 = ORIENTED_EDGE ( 'NONE', *, *, #5066, .T. ) ;
#694 = CYLINDRICAL_SURFACE ( 'NONE', #5045, 5.719358714986383596 ) ;
#695 = LINE ( 'NONE', #4352, #5035 ) ;
#696 = ORIENTED_EDGE ( 'NONE', *, *, #3121, .F. ) ;
#697 = CIRCLE ( 'NONE', #1734, 5.719358714986390702 ) ;
#698 = ORIENTED_EDGE ( 'NONE', *, *, #5026, .T. ) ;
#699 = CIRCLE ( 'NONE', #3562, 9.999999999999998224 ) ;
#700 = ORIENTED_EDGE ( 'NONE', *, *, #3564, .T. ) ;
#701 = CARTESIAN_POINT ( 'NONE',  ( 156.0000000000000284, 7.300000000000000711, -15.76104788978378934 ) ) ;
#702 = CARTESIAN_POINT ( 'NONE',  ( 240.0000000000000000, 6.500000000000000000, -77.99999999999992895 ) ) ;
#703 = DATE_AND_TIME ( #4361, #1773 ) ;
#704 = EDGE_CURVE ( 'NONE', #4399, #86, #2665, .T. ) ;
#705 = EDGE_CURVE ( 'NONE', #32, #679, #4610, .T. ) ;
#706 = DIRECTION ( 'NONE',  ( 0.000000000000000000, 0.000000000000000000, 1.000000000000000000 ) ) ;
#707 = ORIENTED_EDGE ( 'NONE', *, *, #5802, .T. ) ;
#708 = DIRECTION ( 'NONE',  ( 1.000000000000000000, -0.000000000000000000, 0.000000000000000000 ) ) ;
#709 = CARTESIAN_POINT ( 'NONE',  ( -29.23935222489148700, 5.292893218813446765, 0.000000000000000000 ) ) ;
#710 = DIRECTION ( 'NONE',  ( 0.000000000000000000, 0.000000000000000000, 1.000000000000000000 ) ) ;
#711 = SHAPE_DEFINITION_REPRESENTATION ( #2293, #3561 ) ;
#712 = VERTEX_POINT ( 'NONE', #848 ) ;
#713 = VECTOR ( 'NONE', #2766, 1000.000000000000000 ) ;
#714 = EDGE_CURVE ( 'NONE', #906, #3341, #2333, .T. ) ;
#715 = CARTESIAN_POINT ( 'NONE',  ( 0.000000000000000000, 5.999999999999993783, 0.2500000000000000000 ) ) ;
#716 = AXIS2_PLACEMENT_3D ( 'NONE', #454, #3120, #5892 ) ;
#717 = DIRECTION ( 'NONE',  ( -1.000000000000000000, -1.519072532666662927E-16, 0.000000000000000000 ) ) ;
#718 = LINE ( 'NONE', #1579, #2304 ) ;
#719 = EDGE_CURVE ( 'NONE', #4318, #3352, #5335, .T. ) ;
#720 = AXIS2_PLACEMENT_3D ( 'NONE', #2394, #578, #3305 ) ;
#721 = DIRECTION ( 'NONE',  ( -0.000000000000000000, 1.000000000000000000, -0.000000000000000000 ) ) ;
#722 = EDGE_CURVE ( 'NONE', #3262, #171, #4756, .T. ) ;
#723 = VECTOR ( 'NONE', #4991, 1000.000000000000000 ) ;
#724 = DIRECTION ( 'NONE',  ( 0.000000000000000000, 0.000000000000000000, -1.000000000000000000 ) ) ;
#725 = ORIENTED_EDGE ( 'NONE', *, *, #3530, .F. ) ;
#726 = DIRECTION ( 'NONE',  ( 0.6571396575170146415, 0.000000000000000000, -0.7537688442211051276 ) ) ;
#727 = CARTESIAN_POINT ( 'NONE',  ( 240.0000000000000000, 0.9999999999999991118, -60.85783660764542446 ) ) ;
#728 = VERTEX_POINT ( 'NONE', #4083 ) ;
#729 = VERTEX_POINT ( 'NONE', #4952 ) ;
#730 = VERTEX_POINT ( 'NONE', #4555 ) ;
#731 = LOCAL_TIME ( 16, 32, 57.00000000000000000, #2471 ) ;
#732 = EDGE_LOOP ( 'NONE', ( #507, #4211, #3691, #4605, #3625, #4519, #3933, #5667, #389, #4943, #512, #643, #1085, #5061, #637, #3457 ) ) ;
#733 = DIRECTION ( 'NONE',  ( 0.000000000000000000, 0.000000000000000000, -1.000000000000000000 ) ) ;
#734 = CARTESIAN_POINT ( 'NONE',  ( 7.000000000000003553, 7.300000000000000711, -77.99999999999997158 ) ) ;
#735 = SECURITY_CLASSIFICATION_LEVEL ( 'unclassified' ) ;
#736 = LOCAL_TIME ( 16, 32, 57.00000000000000000, #4617 ) ;
#737 = CARTESIAN_POINT ( 'NONE',  ( 9.999999999999998224, 6.500000000000000000, -78.00000000000000000 ) ) ;
#738 = ORIENTED_EDGE ( 'NONE', *, *, #645, .F. ) ;
#739 = CARTESIAN_POINT ( 'NONE',  ( 2.000000000000001776, 0.9999999999999991118, -74.99124936669818453 ) ) ;
#740 = DIRECTION ( 'NONE',  ( -0.000000000000000000, -1.000000000000000000, 0.000000000000000000 ) ) ;
#741 = CC_DESIGN_PERSON_AND_ORGANIZATION_ASSIGNMENT ( #1829, #5532, ( #5138 ) ) ;
#742 = FACE_OUTER_BOUND ( 'NONE', #5005, .T. ) ;
#743 = APPLICATION_PROTOCOL_DEFINITION ( 'international standard', 'config_control_design', 1994, #5268 ) ;
#744 = ORIENTED_EDGE ( 'NONE', *, *, #3021, .T. ) ;
#745 = CARTESIAN_POINT ( 'NONE',  ( 102.8557046065718907, 11.00000000000000000, -37.16513068852106727 ) ) ;
#746 = ADVANCED_FACE ( 'NONE', ( #3 ), #4054, .T. ) ;
#747 = CARTESIAN_POINT ( 'NONE',  ( 9.999999999999998224, 8.800000000000000711, -78.00000000000000000 ) ) ;
#748 = DIRECTION ( 'NONE',  ( -1.000000000000000000, 0.000000000000000000, 0.000000000000000000 ) ) ;
#749 = EDGE_CURVE ( 'NONE', #3087, #3889, #2241, .T. ) ;
#750 = CARTESIAN_POINT ( 'NONE',  ( -44.94916343756472088, 4.999999999999994671, -0.5000000000000000000 ) ) ;
#751 = DIRECTION ( 'NONE',  ( 0.000000000000000000, 0.000000000000000000, -1.000000000000000000 ) ) ;
#752 = CARTESIAN_POINT ( 'NONE',  ( 0.000000000000000000, 0.9999999999999991118, -60.85783660764542446 ) ) ;
#753 = VERTEX_POINT ( 'NONE', #5043 ) ;
#754 = ORIENTED_EDGE ( 'NONE', *, *, #3237, .F. ) ;
#755 = DIRECTION ( 'NONE',  ( 0.000000000000000000, -1.000000000000000000, 0.000000000000000000 ) ) ;
#756 = DIRECTION ( 'NONE',  ( 0.000000000000000000, 1.000000000000000000, -0.000000000000000000 ) ) ;
#757 = EDGE_CURVE ( 'NONE', #3645, #1111, #1554, .T. ) ;
#758 = EDGE_CURVE ( 'NONE', #655, #5238, #3361, .T. ) ;
#759 = CIRCLE ( 'NONE', #4572, 5.719358714986383596 ) ;
#760 = ORIENTED_EDGE ( 'NONE', *, *, #2500, .T. ) ;
#761 = VERTEX_POINT ( 'NONE', #5196 ) ;
#762 = CARTESIAN_POINT ( 'NONE',  ( 0.000000000000000000, 0.000000000000000000, -10.00000000000007105 ) ) ;
#763 = VECTOR ( 'NONE', #2040, 1000.000000000000000 ) ;
#764 = ITEM_DEFINED_TRANSFORMATION ( 'NONE', 'NONE', #2244,  #1119 ) ;
#765 = CARTESIAN_POINT ( 'NONE',  ( 0.9999999999999993339, 9.000000000000000000, 6.377659838150034856E-17 ) ) ;
#766 = EDGE_LOOP ( 'NONE', ( #5588, #3268, #1462, #4220, #3714, #3176 ) ) ;
#767 = CARTESIAN_POINT ( 'NONE',  ( 100.0127274652590899, 0.9999999999999991118, -72.83414446803929820 ) ) ;
#768 = CARTESIAN_POINT ( 'NONE',  ( 41.84814247518369967, 11.00000000000000000, -14.59901938359254103 ) ) ;
#769 = DIRECTION ( 'NONE',  ( 0.000000000000000000, 0.000000000000000000, 1.000000000000000000 ) ) ;
#770 = PERSON_AND_ORGANIZATION ( #82, #1018 ) ;
#771 = VERTEX_POINT ( 'NONE', #5136 ) ;
#772 = CC_DESIGN_PERSON_AND_ORGANIZATION_ASSIGNMENT ( #3216, #4588, ( #4608 ) ) ;
#773 = CYLINDRICAL_SURFACE ( 'NONE', #3921, 9.999999999999998224 ) ;
#774 = LINE ( 'NONE', #3551, #3191 ) ;
#775 = LINE ( 'NONE', #3526, #2433 ) ;
#776 = PLANE ( 'NONE',  #3370 ) ;
#777 = EDGE_CURVE ( 'NONE', #4255, #5224, #606, .T. ) ;
#778 = CARTESIAN_POINT ( 'NONE',  ( 45.17477858715649575, 4.500000000000000000, -69.92602476605820527 ) ) ;
#779 = CARTESIAN_POINT ( 'NONE',  ( 0.000000000000000000, 5.999999999999993783, 0.2500000000000000000 ) ) ;
#780 = ORIENTED_EDGE ( 'NONE', *, *, #3350, .F. ) ;
#781 = EDGE_LOOP ( 'NONE', ( #1453, #4648, #5099, #3034 ) ) ;
#782 = AXIS2_PLACEMENT_3D ( 'NONE', #1656, #3492, #1218 ) ;
#783 = DIRECTION ( 'NONE',  ( 0.000000000000000000, 0.000000000000000000, 1.000000000000000000 ) ) ;
#784 = VECTOR ( 'NONE', #4303, 1000.000000000000000 ) ;
#785 = VERTEX_POINT ( 'NONE', #3841 ) ;
#786 = VERTEX_POINT ( 'NONE', #5585 ) ;
#787 = ADVANCED_FACE ( 'NONE', ( #1465 ), #2849, .F. ) ;
#788 = EDGE_CURVE ( 'NONE', #302, #3164, #2421, .T. ) ;
#789 = DIRECTION ( 'NONE',  ( -0.000000000000000000, 0.000000000000000000, -1.000000000000000000 ) ) ;
#790 = VECTOR ( 'NONE', #1013, 999.9999999999998863 ) ;
#791 = APPROVAL_ROLE ( '' ) ;
#792 = AXIS2_PLACEMENT_3D ( 'NONE', #2565, #2087, #4787 ) ;
#793 = CARTESIAN_POINT ( 'NONE',  ( 9.999999999999998224, 0.000000000000000000, -9.999999999999998224 ) ) ;
#794 = ORIENTED_EDGE ( 'NONE', *, *, #2316, .F. ) ;
#795 = EDGE_CURVE ( 'NONE', #4703, #1847, #669, .T. ) ;
#796 = DIRECTION ( 'NONE',  ( 1.000000000000000000, 0.000000000000000000, -0.000000000000000000 ) ) ;
#797 = CARTESIAN_POINT ( 'NONE',  ( 185.1066228235450808, 0.9999999999999991118, -28.68328957721657346 ) ) ;
#798 = CARTESIAN_POINT ( 'NONE',  ( 9.999999999999998224, 8.800000000000000711, -9.999999999999998224 ) ) ;
#799 = PERSON_AND_ORGANIZATION_ROLE ( 'classification_officer' ) ;
#800 = ORIENTED_EDGE ( 'NONE', *, *, #2456, .T. ) ;
#801 = FACE_OUTER_BOUND ( 'NONE', #5598, .T. ) ;
#802 = LINE ( 'NONE', #4935, #5496 ) ;
#803 = DIRECTION ( 'NONE',  ( 0.000000000000000000, 1.000000000000000000, -0.000000000000000000 ) ) ;
#804 = LINE ( 'NONE', #297, #2691 ) ;
#805 = VECTOR ( 'NONE', #5338, 1000.000000000000000 ) ;
#806 = VECTOR ( 'NONE', #5384, 1000.000000000000000 ) ;
#807 = DIRECTION ( 'NONE',  ( 0.000000000000000000, 1.000000000000000000, -0.000000000000000000 ) ) ;
#808 = VECTOR ( 'NONE', #2228, 1000.000000000000000 ) ;
#809 = LINE ( 'NONE', #4544, #805 ) ;
#810 = ORIENTED_EDGE ( 'NONE', *, *, #79, .F. ) ;
#811 = ORIENTED_EDGE ( 'NONE', *, *, #3235, .F. ) ;
#812 = CIRCLE ( 'NONE', #517, 5.719358714986383596 ) ;
#813 = CARTESIAN_POINT ( 'NONE',  ( 234.2079578780316353, 11.00000000000000000, -9.999999999999962697 ) ) ;
#814 = CC_DESIGN_PERSON_AND_ORGANIZATION_ASSIGNMENT ( #322, #5810, ( #4106 ) ) ;
#815 =( NAMED_UNIT ( * ) PLANE_ANGLE_UNIT ( ) SI_UNIT ( $, .RADIAN. ) );
#816 = VECTOR ( 'NONE', #3762, 1000.000000000000000 ) ;
#817 = ORIENTED_EDGE ( 'NONE', *, *, #3752, .F. ) ;
#818 = EDGE_LOOP ( 'NONE', ( #5789, #4271, #2828, #1052 ) ) ;
#819 = ADVANCED_FACE ( 'NONE', ( #541 ), #3811, .T. ) ;
#820 = FACE_OUTER_BOUND ( 'NONE', #1967, .T. ) ;
#821 = DATE_AND_TIME ( #3148, #4187 ) ;
#822 = ADVANCED_FACE ( 'NONE', ( #1886 ), #3391, .F. ) ;
#823 = PRODUCT_DEFINITION_SHAPE ( 'NONE', 'NONE',  #5942 ) ;
#824 = ORIENTED_EDGE ( 'NONE', *, *, #1658, .T. ) ;
#825 = CARTESIAN_POINT ( 'NONE',  ( 0.000000000000000000, 0.9999999999999991118, -37.30181275431380783 ) ) ;
#826 = LINE ( 'NONE', #2082, #430 ) ;
#827 = LINE ( 'NONE', #291, #5189 ) ;
#828 =( GEOMETRIC_REPRESENTATION_CONTEXT ( 3 ) GLOBAL_UNCERTAINTY_ASSIGNED_CONTEXT ( ( #1508 ) ) GLOBAL_UNIT_ASSIGNED_CONTEXT ( ( #90, #2053, #535 ) ) REPRESENTATION_CONTEXT ( 'NONE', 'WORKASPACE' ) );
#829 = PERSON_AND_ORGANIZATION ( #82, #1018 ) ;
#830 = EDGE_CURVE ( 'NONE', #4552, #2712, #4297, .T. ) ;
#831 = ADVANCED_FACE ( 'NONE', ( #3778 ), #992, .F. ) ;
#832 = FACE_OUTER_BOUND ( 'NONE', #673, .T. ) ;
#833 = CC_DESIGN_APPROVAL ( #4030, ( #5619 ) ) ;
#834 = CARTESIAN_POINT ( 'NONE',  ( 0.000000000000000000, 0.000000000000000000, 1.000000000000000000 ) ) ;
#835 = AXIS2_PLACEMENT_3D ( 'NONE', #4175, #67, #3263 ) ;
#836 = DIRECTION ( 'NONE',  ( -1.000000000000000000, 0.000000000000000000, 0.000000000000000000 ) ) ;
#837 = FACE_OUTER_BOUND ( 'NONE', #3970, .T. ) ;
#838 = ADVANCED_FACE ( 'NONE', ( #574 ), #188, .F. ) ;
#839 = ORIENTED_EDGE ( 'NONE', *, *, #5849, .F. ) ;
#840 = DIRECTION ( 'NONE',  ( 0.7817272766181072585, 0.000000000000000000, 0.6236204494652475283 ) ) ;
#841 = CARTESIAN_POINT ( 'NONE',  ( 26.85114818817318394, 0.9999999999999991118, -12.13248070758134567 ) ) ;
#842 = ORIENTED_EDGE ( 'NONE', *, *, #5821, .F. ) ;
#843 = ORIENTED_EDGE ( 'NONE', *, *, #3131, .T. ) ;
#844 = DIRECTION ( 'NONE',  ( -0.000000000000000000, -0.000000000000000000, -1.000000000000000000 ) ) ;
#845 = DIRECTION ( 'NONE',  ( 0.6571396575170135312, 0.000000000000000000, 0.7537688442211061268 ) ) ;
#846 = EDGE_LOOP ( 'NONE', ( #2296, #817, #3285, #1042 ) ) ;
#847 = ORIENTED_EDGE ( 'NONE', *, *, #4543, .F. ) ;
#848 = CARTESIAN_POINT ( 'NONE',  ( -44.94916343756472088, 3.999999999999994671, 1.000000000000000000 ) ) ;
#849 = PERSON_AND_ORGANIZATION_ROLE ( 'classification_officer' ) ;
#850 = EDGE_CURVE ( 'NONE', #2312, #532, #2006, .T. ) ;
#851 = ORIENTED_EDGE ( 'NONE', *, *, #5150, .T. ) ;
#852 = DIRECTION ( 'NONE',  ( -0.000000000000000000, 1.000000000000000000, -0.000000000000000000 ) ) ;
#853 = CIRCLE ( 'NONE', #4966, 9.000000000000003553 ) ;
#854 = DIRECTION ( 'NONE',  ( 0.000000000000000000, 0.000000000000000000, -1.000000000000000000 ) ) ;
#855 = CARTESIAN_POINT ( 'NONE',  ( 0.000000000000000000, 7.300000000000000711, -77.99999999999992895 ) ) ;
#856 = COORDINATED_UNIVERSAL_TIME_OFFSET ( 7, 0, .AHEAD. ) ;
#857 = CARTESIAN_POINT ( 'NONE',  ( 4.043681639199134525E-13, 7.300000000000000711, -54.89756598715790403 ) ) ;
#858 = CARTESIAN_POINT ( 'NONE',  ( 231.9999999999999716, 7.300000000000000711, -9.999999999999998224 ) ) ;
#859 = ADVANCED_FACE ( 'NONE', ( #5101 ), #5226, .T. ) ;
#860 = CARTESIAN_POINT ( 'NONE',  ( 26.85114818817315552, 11.00000000000000000, -6.413121992594955856 ) ) ;
#861 = EDGE_CURVE ( 'NONE', #2511, #4006, #2389, .T. ) ;
#862 = CARTESIAN_POINT ( 'NONE',  ( 241.0000000000000000, 9.000000000000000000, 0.000000000000000000 ) ) ;
#863 = VERTEX_POINT ( 'NONE', #5617 ) ;
#864 = DIRECTION ( 'NONE',  ( -8.673617379884034239E-17, 1.000000000000000000, 0.000000000000000000 ) ) ;
#865 = FACE_OUTER_BOUND ( 'NONE', #4646, .T. ) ;
#866 = EDGE_LOOP ( 'NONE', ( #4678, #5686, #5567, #3832 ) ) ;
#867 = VERTEX_POINT ( 'NONE', #2361 ) ;
#868 = B_SPLINE_CURVE_WITH_KNOTS ( 'NONE', 3,
 ( #986, #5642, #4729, #5576, #1547 ),
 .UNSPECIFIED., .F., .F.,
 ( 4, 1, 4 ),
 ( 0.000000000000000000, 0.8183646680142409036, 1.000000000000000000 ),
 .UNSPECIFIED. ) ;
#869 = CARTESIAN_POINT ( 'NONE',  ( -34.94916343756472088, 3.999999999999995559, 1.000000000000000000 ) ) ;
#870 = CARTESIAN_POINT ( 'NONE',  ( 0.000000000000000000, 0.9999999999999991118, -22.96393086223018543 ) ) ;
#871 = PRODUCT_DEFINITION_SHAPE ( 'NONE', 'NONE',  #5944 ) ;
#872 = ORIENTED_EDGE ( 'NONE', *, *, #5594, .F. ) ;
#873 = VECTOR ( 'NONE', #4060, 1000.000000000000000 ) ;
#874 = ORIENTED_EDGE ( 'NONE', *, *, #2609, .F. ) ;
#875 = LINE ( 'NONE', #2298, #1751 ) ;
#876 = CIRCLE ( 'NONE', #1446, 9.999999999999994671 ) ;
#877 = ORIENTED_EDGE ( 'NONE', *, *, #1014, .T. ) ;
#878 = DIRECTION ( 'NONE',  ( 1.000000000000000000, -0.000000000000000000, -0.000000000000000000 ) ) ;
#879 = VECTOR ( 'NONE', #2536, 1000.000000000000000 ) ;
#880 = CARTESIAN_POINT ( 'NONE',  ( -19.23935222489148344, 5.999999999999997335, 1.000000000000000222 ) ) ;
#881 = DIRECTION ( 'NONE',  ( 0.7817272766181067034, 0.000000000000000000, 0.6236204494652481944 ) ) ;
#882 = EDGE_CURVE ( 'NONE', #4128, #3303, #4207, .T. ) ;
#883 = DATE_AND_TIME ( #3662, #4553 ) ;
#884 = EDGE_CURVE ( 'NONE', #1905, #2046, #3746, .T. ) ;
#885 = VECTOR ( 'NONE', #1960, 1000.000000000000000 ) ;
#886 = DIRECTION ( 'NONE',  ( 9.705834866731188482E-15, 0.000000000000000000, 1.000000000000000000 ) ) ;
#887 = CARTESIAN_POINT ( 'NONE',  ( -50.00000000000000000, 11.99999999999999467, 0.000000000000000000 ) ) ;
#888 = VECTOR ( 'NONE', #4234, 1000.000000000000000 ) ;
#889 = PLANE ( 'NONE',  #2815 ) ;
#890 = DIRECTION ( 'NONE',  ( -0.000000000000000000, -1.000000000000000000, 0.000000000000000000 ) ) ;
#891 = ORIENTED_EDGE ( 'NONE', *, *, #3779, .T. ) ;
#892 = EDGE_CURVE ( 'NONE', #1808, #180, #540, .T. ) ;
#893 = DIRECTION ( 'NONE',  ( 0.000000000000000000, 0.000000000000000000, -1.000000000000000000 ) ) ;
#894 = LINE ( 'NONE', #4881, #2907 ) ;
#895 = ORIENTED_EDGE ( 'NONE', *, *, #5446, .F. ) ;
#896 = EDGE_LOOP ( 'NONE', ( #2580, #1075, #250, #4108, #5857, #3197, #4759, #1155, #2573, #5805, #5307 ) ) ;
#897 = AXIS2_PLACEMENT_3D ( 'NONE', #2775, #2447, #1879 ) ;
#898 = EDGE_CURVE ( 'NONE', #3253, #2712, #2998, .T. ) ;
#899 = DIRECTION ( 'NONE',  ( -1.000000000000000000, 0.000000000000000000, 0.000000000000000000 ) ) ;
#900 = DIRECTION ( 'NONE',  ( 0.000000000000000000, 0.000000000000000000, 1.000000000000000000 ) ) ;
#901 = CARTESIAN_POINT ( 'NONE',  ( 0.000000000000000000, 0.000000000000000000, 0.000000000000000000 ) ) ;
#902 = ADVANCED_FACE ( 'NONE', ( #5341 ), #1234, .T. ) ;
#903 = ORIENTED_EDGE ( 'NONE', *, *, #2240, .T. ) ;
#904 = VECTOR ( 'NONE', #4686, 999.9999999999998863 ) ;
#905 = DIRECTION ( 'NONE',  ( -1.000000000000000000, -1.734723475976806848E-16, 0.000000000000000000 ) ) ;
#906 = VERTEX_POINT ( 'NONE', #2512 ) ;
#907 = AXIS2_PLACEMENT_3D ( 'NONE', #4526, #3236, #908 ) ;
#908 = DIRECTION ( 'NONE',  ( -0.7537688442211080142, 0.000000000000000000, -0.6571396575170115328 ) ) ;
#909 = VECTOR ( 'NONE', #5047, 1000.000000000000000 ) ;
#910 = APPROVAL_DATE_TIME ( #2185, #2448 ) ;
#911 = ORIENTED_EDGE ( 'NONE', *, *, #4554, .T. ) ;
#912 = LINE ( 'NONE', #1797, #628 ) ;
#913 = CARTESIAN_POINT ( 'NONE',  ( 231.9999999999999716, 0.000000000000000000, -9.999999999999998224 ) ) ;
#914 = LINE ( 'NONE', #2730, #2111 ) ;
#915 = DATE_TIME_ROLE ( 'creation_date' ) ;
#916 = DIRECTION ( 'NONE',  ( 0.000000000000000000, 0.000000000000000000, 1.000000000000000000 ) ) ;
#917 = DIRECTION ( 'NONE',  ( 0.6236204494652475283, 0.000000000000000000, -0.7817272766181072585 ) ) ;
#918 = APPROVAL_PERSON_ORGANIZATION ( #3919, #2221, #4479 ) ;
#919 = LINE ( 'NONE', #2284, #4636 ) ;
#920 = CARTESIAN_POINT ( 'NONE',  ( 0.000000000000000000, 0.9999999999999991118, -22.96393086223018543 ) ) ;
#921 = PRODUCT_DEFINITION_SHAPE ( 'NONE', 'NONE',  #5945 ) ;
#922 = ORIENTED_EDGE ( 'NONE', *, *, #4302, .T. ) ;
#923 = CC_DESIGN_APPROVAL ( #584, ( #257 ) ) ;
#924 = EDGE_CURVE ( 'NONE', #4440, #1905, #5792, .T. ) ;
#925 = CARTESIAN_POINT ( 'NONE',  ( 121.0000000000000000, 4.500000000000000000, -44.94756598715710538 ) ) ;
#926 = ADVANCED_FACE ( 'NONE', ( #3959 ), #694, .T. ) ;
#927 = LINE ( 'NONE', #1456, #1281 ) ;
#928 = ORIENTED_EDGE ( 'NONE', *, *, #4779, .T. ) ;
#929 = ORIENTED_EDGE ( 'NONE', *, *, #4816, .F. ) ;
#930 = CARTESIAN_POINT ( 'NONE',  ( 171.0797807141355804, 0.9999999999999991118, -85.99999999999998579 ) ) ;
#931 = CARTESIAN_POINT ( 'NONE',  ( 132.3821894788979137, 0.9999999999999991118, -2.091150110284984986 ) ) ;
#932 = DIRECTION ( 'NONE',  ( 0.000000000000000000, 0.000000000000000000, 1.000000000000000000 ) ) ;
#933 = AXIS2_PLACEMENT_3D ( 'NONE', #1611, #1261, #2153 ) ;
#934 = VERTEX_POINT ( 'NONE', #3991 ) ;
#935 = CARTESIAN_POINT ( 'NONE',  ( 231.9999999999999716, 9.000000000000000000, -78.00000000000000000 ) ) ;
#936 = ORIENTED_EDGE ( 'NONE', *, *, #5620, .F. ) ;
#937 = EDGE_CURVE ( 'NONE', #105, #2402, #3059, .T. ) ;
#938 = CARTESIAN_POINT ( 'NONE',  ( 0.000000000000000000, 11.00000000000000000, -37.30181275431380783 ) ) ;
#939 = ADVANCED_FACE ( 'NONE', ( #3929 ), #4127, .T. ) ;
#940 = PERSON_AND_ORGANIZATION_ROLE ( 'classification_officer' ) ;
#941 = ORIENTED_EDGE ( 'NONE', *, *, #5634, .T. ) ;
#942 = CARTESIAN_POINT ( 'NONE',  ( 0.000000000000000000, 7.999999999999994671, 0.000000000000000000 ) ) ;
#943 = LINE ( 'NONE', #5928, #5765 ) ;
#944 = DIRECTION ( 'NONE',  ( -0.7537688442211060158, 0.000000000000000000, 0.6571396575170137533 ) ) ;
#945 = PERSON_AND_ORGANIZATION ( #82, #1018 ) ;
#946 = AXIS2_PLACEMENT_3D ( 'NONE', #2371, #3697, #1895 ) ;
#947 = LINE ( 'NONE', #1775, #279 ) ;
#948 = ORIENTED_EDGE ( 'NONE', *, *, #608, .F. ) ;
#949 = CARTESIAN_POINT ( 'NONE',  ( 1.999999999999999112, 11.00000000000000000, 1.530638361156008710E-16 ) ) ;
#950 = LINE ( 'NONE', #4592, #1855 ) ;
#951 = DIRECTION ( 'NONE',  ( 0.6571396575170169729, 0.000000000000000000, 0.7537688442211031292 ) ) ;
#952 = AXIS2_PLACEMENT_3D ( 'NONE', #3256, #2415, #1969 ) ;
#953 = ORIENTED_EDGE ( 'NONE', *, *, #169, .F. ) ;
#954 = LINE ( 'NONE', #3320, #2912 ) ;
#955 = DIRECTION ( 'NONE',  ( -1.000000000000000000, 0.000000000000000000, 0.000000000000000000 ) ) ;
#956 = ORIENTED_EDGE ( 'NONE', *, *, #1049, .T. ) ;
#957 = ORIENTED_EDGE ( 'NONE', *, *, #3569, .T. ) ;
#958 = CARTESIAN_POINT ( 'NONE',  ( 3.907034855803625898E-18, 9.000000000000000000, -1.000000000000000888 ) ) ;
#959 = CARTESIAN_POINT ( 'NONE',  ( -12.51897548311830910, 4.999999999999994671, 0.5000000000000000000 ) ) ;
#960 = ADVANCED_FACE ( 'NONE', ( #4324, #1205 ), #4857, .T. ) ;
#961 = LINE ( 'NONE', #2777, #4924 ) ;
#962 = PLANE ( 'NONE',  #1089 ) ;
#963 = ORIENTED_EDGE ( 'NONE', *, *, #5190, .F. ) ;
#964 = CARTESIAN_POINT ( 'NONE',  ( 231.9999999999999147, 11.00000000000000000, -1.000000000000000888 ) ) ;
#965 = EDGE_CURVE ( 'NONE', #4772, #785, #2122, .T. ) ;
#966 = ORIENTED_EDGE ( 'NONE', *, *, #267, .T. ) ;
#967 = CARTESIAN_POINT ( 'NONE',  ( -34.94916343756472088, 5.999999999999995559, 1.000000000000000000 ) ) ;
#968 = CARTESIAN_POINT ( 'NONE',  ( 234.2079578780316353, 0.9999999999999991118, -9.999999999999962697 ) ) ;
#969 = AXIS2_PLACEMENT_3D ( 'NONE', #5677, #1206, #3392 ) ;
#970 = PLANE ( 'NONE',  #5278 ) ;
#971 = PERSON_AND_ORGANIZATION_ROLE ( 'creator' ) ;
#972 = AXIS2_PLACEMENT_3D ( 'NONE', #2074, #1618, #3911 ) ;
#973 = CARTESIAN_POINT ( 'NONE',  ( 169.5194683297895040, 11.00000000000000000, -72.00879860909748231 ) ) ;
#974 = EDGE_LOOP ( 'NONE', ( #3063, #4927, #2906, #1790 ) ) ;
#975 = DIRECTION ( 'NONE',  ( 0.000000000000000000, -1.000000000000000000, 0.000000000000000000 ) ) ;
#976 = CYLINDRICAL_SURFACE ( 'NONE', #2923, 5.719358714986404024 ) ;
#977 = DIRECTION ( 'NONE',  ( -0.000000000000000000, -1.000000000000000000, 0.000000000000000000 ) ) ;
#978 = VECTOR ( 'NONE', #2871, 1000.000000000000000 ) ;
#979 = VERTEX_POINT ( 'NONE', #5826 ) ;
#980 = VECTOR ( 'NONE', #4821, 1000.000000000000000 ) ;
#981 = PLANE ( 'NONE',  #4920 ) ;
#982 = DIRECTION ( 'NONE',  ( 0.000000000000000000, 1.000000000000000000, -0.000000000000000000 ) ) ;
#983 = EDGE_LOOP ( 'NONE', ( #2925, #4599, #187, #891 ) ) ;
#984 = VERTEX_POINT ( 'NONE', #1702 ) ;
#985 = LINE ( 'NONE', #1459, #3849 ) ;
#986 = CARTESIAN_POINT ( 'NONE',  ( 93.80621373527520745, 11.00000000000000000, -9.999999999999998224 ) ) ;
#987 = APPROVAL_ROLE ( '' ) ;
#988 = ORIENTED_EDGE ( 'NONE', *, *, #1403, .T. ) ;
#989 = LINE ( 'NONE', #1909, #4248 ) ;
#990 = VERTEX_POINT ( 'NONE', #5309 ) ;
#991 = APPROVAL ( #487, 'UNSPECIFIED' ) ;
#992 = CYLINDRICAL_SURFACE ( 'NONE', #5815, 5.719358714986383596 ) ;
#993 = CIRCLE ( 'NONE', #4619, 5.719358714986389813 ) ;
#994 = AXIS2_PLACEMENT_3D ( 'NONE', #5117, #3761, #1011 ) ;
#995 = ORIENTED_EDGE ( 'NONE', *, *, #5876, .T. ) ;
#996 = ADVANCED_FACE ( 'NONE', ( #3535 ), #4824, .F. ) ;
#997 = ORIENTED_EDGE ( 'NONE', *, *, #4575, .F. ) ;
#998 = VERTEX_POINT ( 'NONE', #5707 ) ;
#999 = VECTOR ( 'NONE', #5637, 1000.000000000000000 ) ;
#1000 = EDGE_CURVE ( 'NONE', #1324, #2459, #5919, .T. ) ;
#1001 = DIRECTION ( 'NONE',  ( 0.000000000000000000, 0.000000000000000000, 1.000000000000000000 ) ) ;
#1002 = DIRECTION ( 'NONE',  ( 0.000000000000000000, 0.000000000000000000, 1.000000000000000000 ) ) ;
#1003 = CARTESIAN_POINT ( 'NONE',  ( -44.94916343756472088, 5.292893218813446765, 0.000000000000000000 ) ) ;
#1004 = VECTOR ( 'NONE', #5076, 1000.000000000000000 ) ;
#1005 = CARTESIAN_POINT ( 'NONE',  ( -34.94916343756472088, 5.999999999999995559, 1.000000000000000000 ) ) ;
#1006 = SHAPE_DEFINITION_REPRESENTATION ( #1721, #2958 ) ;
#1007 = AXIS2_PLACEMENT_3D ( 'NONE', #271, #4880, #751 ) ;
#1008 = VECTOR ( 'NONE', #5151, 1000.000000000000000 ) ;
#1009 = DIRECTION ( 'NONE',  ( 0.000000000000000000, 0.000000000000000000, -1.000000000000000000 ) ) ;
#1010 = EDGE_LOOP ( 'NONE', ( #5343, #4273, #2915, #5421 ) ) ;
#1011 = DIRECTION ( 'NONE',  ( -1.000000000000000000, 0.000000000000000000, -0.000000000000000000 ) ) ;
#1012 = FACE_OUTER_BOUND ( 'NONE', #2334, .T. ) ;
#1013 = DIRECTION ( 'NONE',  ( 0.7537688442211051276, 0.000000000000000000, 0.6571396575170146415 ) ) ;
#1014 = EDGE_CURVE ( 'NONE', #5622, #3144, #4382, .T. ) ;
#1015 = EDGE_CURVE ( 'NONE', #3083, #544, #5628, .T. ) ;
#1016 = ORIENTED_EDGE ( 'NONE', *, *, #1732, .T. ) ;
#1017 = CARTESIAN_POINT ( 'NONE',  ( 235.0000000000000000, 8.800000000000000711, 0.000000000000000000 ) ) ;
#1018 = ORGANIZATION ( 'UNSPECIFIED', 'UNSPECIFIED', '' ) ;
#1019 = DIRECTION ( 'NONE',  ( -0.000000000000000000, 1.000000000000000000, -0.000000000000000000 ) ) ;
#1020 = VERTEX_POINT ( 'NONE', #2180 ) ;
#1021 = ORIENTED_EDGE ( 'NONE', *, *, #2947, .F. ) ;
#1022 = EDGE_CURVE ( 'NONE', #309, #1438, #2736, .T. ) ;
#1023 = DIRECTION ( 'NONE',  ( -0.000000000000000000, -1.000000000000000000, 0.000000000000000000 ) ) ;
#1024 = CARTESIAN_POINT ( 'NONE',  ( 156.0000000000000284, 4.500000000000000000, -14.43438122311711780 ) ) ;
#1025 = LOCAL_TIME ( 16, 32, 57.00000000000000000, #2858 ) ;
#1026 = ORIENTED_EDGE ( 'NONE', *, *, #5656, .F. ) ;
#1027 = LINE ( 'NONE', #3295, #2896 ) ;
#1028 = ORIENTED_EDGE ( 'NONE', *, *, #455, .T. ) ;
#1029 = AXIS2_PLACEMENT_3D ( 'NONE', #2545, #726, #304 ) ;
#1030 = DIRECTION ( 'NONE',  ( 1.000000000000000000, -0.000000000000000000, 0.000000000000000000 ) ) ;
#1031 = PRODUCT_RELATED_PRODUCT_CATEGORY ( 'detail', '', ( #2679 ) ) ;
#1032 = ORIENTED_EDGE ( 'NONE', *, *, #113, .F. ) ;
#1033 = ORIENTED_EDGE ( 'NONE', *, *, #2610, .T. ) ;
#1034 = ORIENTED_EDGE ( 'NONE', *, *, #2301, .T. ) ;
#1035 = FACE_OUTER_BOUND ( 'NONE', #5031, .T. ) ;
#1036 = CARTESIAN_POINT ( 'NONE',  ( 175.4590705723932160, 0.9999999999999991118, -24.21231086494826812 ) ) ;
#1037 = DIRECTION ( 'NONE',  ( 0.000000000000000000, 1.000000000000000000, -0.000000000000000000 ) ) ;
#1038 = COORDINATED_UNIVERSAL_TIME_OFFSET ( 7, 0, .AHEAD. ) ;
#1039 = EDGE_CURVE ( 'NONE', #3838, #2046, #4021, .T. ) ;
#1040 = DIRECTION ( 'NONE',  ( 0.000000000000000000, 0.000000000000000000, -1.000000000000000000 ) ) ;
#1041 = ORIENTED_EDGE ( 'NONE', *, *, #1219, .F. ) ;
#1042 = ORIENTED_EDGE ( 'NONE', *, *, #1593, .T. ) ;
#1043 = DIRECTION ( 'NONE',  ( 0.000000000000000000, 0.000000000000000000, 1.000000000000000000 ) ) ;
#1044 = DIRECTION ( 'NONE',  ( 1.000000000000000000, -0.000000000000000000, -0.000000000000000000 ) ) ;
#1045 = LINE ( 'NONE', #1511, #5568 ) ;
#1046 = ORIENTED_EDGE ( 'NONE', *, *, #1954, .T. ) ;
#1047 = AXIS2_PLACEMENT_3D ( 'NONE', #4217, #521, #3277 ) ;
#1048 = DIRECTION ( 'NONE',  ( 1.000000000000000000, 0.000000000000000000, -0.000000000000000000 ) ) ;
#1049 = EDGE_CURVE ( 'NONE', #3804, #4160, #2205, .T. ) ;
#1050 = EDGE_CURVE ( 'NONE', #3093, #4393, #2716, .T. ) ;
#1051 = CARTESIAN_POINT ( 'NONE',  ( 231.9999999999999716, 9.000000000000000000, -78.00000000000000000 ) ) ;
#1052 = ORIENTED_EDGE ( 'NONE', *, *, #1793, .T. ) ;
#1053 = ORIENTED_EDGE ( 'NONE', *, *, #481, .F. ) ;
#1054 = AXIS2_PLACEMENT_3D ( 'NONE', #4304, #2396, #3848 ) ;
#1055 = LINE ( 'NONE', #5699, #1545 ) ;
#1056 = CARTESIAN_POINT ( 'NONE',  ( 228.1435304185186510, 11.00000000000000000, -7.153659901920756958 ) ) ;
#1057 = VERTEX_POINT ( 'NONE', #5003 ) ;
#1058 = EDGE_CURVE ( 'NONE', #149, #1243, #5729, .T. ) ;
#1059 = LINE ( 'NONE', #4701, #5100 ) ;
#1060 = VERTEX_POINT ( 'NONE', #4467 ) ;
#1061 = DIRECTION ( 'NONE',  ( 0.6571396575170141974, 0.000000000000000000, -0.7537688442211055717 ) ) ;
#1062 = ORIENTED_EDGE ( 'NONE', *, *, #5026, .F. ) ;
#1063 = ORIENTED_EDGE ( 'NONE', *, *, #4628, .F. ) ;
#1064 = VERTEX_POINT ( 'NONE', #1341 ) ;
#1065 = CYLINDRICAL_SURFACE ( 'NONE', #490, 5.719358714986393366 ) ;
#1066 = CARTESIAN_POINT ( 'NONE',  ( 2.121320343559649046, 5.999999999999993783, 1.000000000000000222 ) ) ;
#1067 = APPROVAL_ROLE ( '' ) ;
#1068 = FACE_OUTER_BOUND ( 'NONE', #974, .T. ) ;
#1069 = ORIENTED_EDGE ( 'NONE', *, *, #4155, .T. ) ;
#1070 = DIRECTION ( 'NONE',  ( -0.000000000000000000, 1.000000000000000000, -0.000000000000000000 ) ) ;
#1071 = AXIS2_PLACEMENT_3D ( 'NONE', #1005, #3842, #2124 ) ;
#1072 = DIRECTION ( 'NONE',  ( 0.000000000000000000, -1.000000000000000000, 0.000000000000000000 ) ) ;
#1073 = APPROVAL ( #3045, 'UNSPECIFIED' ) ;
#1074 = DIRECTION ( 'NONE',  ( -0.000000000000000000, -1.000000000000000000, -0.000000000000000000 ) ) ;
#1075 = ORIENTED_EDGE ( 'NONE', *, *, #757, .F. ) ;
#1076 = DIRECTION ( 'NONE',  ( -0.000000000000000000, 0.000000000000000000, -1.000000000000000000 ) ) ;
#1077 = EDGE_CURVE ( 'NONE', #1214, #5426, #28, .T. ) ;
#1078 = DIRECTION ( 'NONE',  ( -0.000000000000000000, 1.000000000000000000, -0.000000000000000000 ) ) ;
#1079 = ORIENTED_EDGE ( 'NONE', *, *, #2581, .F. ) ;
#1080 = ORIENTED_EDGE ( 'NONE', *, *, #2952, .F. ) ;
#1081 = VECTOR ( 'NONE', #1666, 1000.000000000000000 ) ;
#1082 = DIRECTION ( 'NONE',  ( -0.7537688442211052386, 0.000000000000000000, -0.6571396575170146415 ) ) ;
#1083 = PLANE ( 'NONE',  #3852 ) ;
#1084 = EDGE_CURVE ( 'NONE', #4550, #1437, #4548, .T. ) ;
#1085 = ORIENTED_EDGE ( 'NONE', *, *, #121, .T. ) ;
#1086 = EDGE_CURVE ( 'NONE', #144, #1854, #474, .T. ) ;
#1087 = LINE ( 'NONE', #4380, #2041 ) ;
#1088 = ORIENTED_EDGE ( 'NONE', *, *, #4859, .F. ) ;
#1089 = AXIS2_PLACEMENT_3D ( 'NONE', #1883, #5162, #4267 ) ;
#1090 = DIRECTION ( 'NONE',  ( -0.000000000000000000, -0.000000000000000000, -1.000000000000000000 ) ) ;
#1091 = ADVANCED_FACE ( 'NONE', ( #1757, #4946 ), #2690, .T. ) ;
#1092 = EDGE_LOOP ( 'NONE', ( #603, #5121, #4174, #3204, #3506, #346, #2890, #1526 ) ) ;
#1093 = VERTEX_POINT ( 'NONE', #813 ) ;
#1094 = ORIENTED_EDGE ( 'NONE', *, *, #4051, .F. ) ;
#1095 = FACE_OUTER_BOUND ( 'NONE', #2816, .T. ) ;
#1096 = DIRECTION ( 'NONE',  ( -1.734723475976806601E-16, 1.000000000000000000, 0.000000000000000000 ) ) ;
#1097 = AXIS2_PLACEMENT_3D ( 'NONE', #1285, #594, #4258 ) ;
#1098 = DATE_TIME_ROLE ( 'classification_date' ) ;
#1099 = CIRCLE ( 'NONE', #2710, 9.999999999999994671 ) ;
#1100 = DIRECTION ( 'NONE',  ( -0.7537688442211061268, 0.000000000000000000, -0.6571396575170135312 ) ) ;
#1101 = ORIENTED_EDGE ( 'NONE', *, *, #749, .F. ) ;
#1102 = AXIS2_PLACEMENT_3D ( 'NONE', #493, #5149, #1043 ) ;
#1103 = LINE ( 'NONE', #4310, #5222 ) ;
#1104 = DIRECTION ( 'NONE',  ( -8.673617379884020681E-16, 1.000000000000000000, 0.000000000000000000 ) ) ;
#1105 = CARTESIAN_POINT ( 'NONE',  ( 86.00000000000000000, 6.500000000000000000, -34.33438122311711282 ) ) ;
#1106 = AXIS2_PLACEMENT_3D ( 'NONE', #2995, #4820, #1229 ) ;
#1107 = ORIENTED_EDGE ( 'NONE', *, *, #1356, .F. ) ;
#1108 = AXIS2_PLACEMENT_3D ( 'NONE', #2194, #748, #326 ) ;
#1109 = CC_DESIGN_PERSON_AND_ORGANIZATION_ASSIGNMENT ( #4712, #136, ( #2071 ) ) ;
#1110 = DIRECTION ( 'NONE',  ( -1.000000000000000000, 0.000000000000000000, 0.000000000000000000 ) ) ;
#1111 = VERTEX_POINT ( 'NONE', #2633 ) ;
#1112 = AXIS2_PLACEMENT_3D ( 'NONE', #1252, #803, #4374 ) ;
#1113 = LINE ( 'NONE', #663, #5770 ) ;
#1114 = CARTESIAN_POINT ( 'NONE',  ( 132.3821894788979137, 11.00000000000000000, -17.90884988971501102 ) ) ;
#1115 = EDGE_CURVE ( 'NONE', #3319, #867, #2845, .T. ) ;
#1116 = PLANE ( 'NONE',  #336 ) ;
#1117 = LINE ( 'NONE', #3839, #5778 ) ;
#1118 = ORIENTED_EDGE ( 'NONE', *, *, #3455, .T. ) ;
#1119 = AXIS2_PLACEMENT_3D ( 'NONE', #901, #1815, #1342 ) ;
#1120 = CARTESIAN_POINT ( 'NONE',  ( 51.01611713250942159, 6.500000000000000000, 58.51778873446618690 ) ) ;
#1121 = DIRECTION ( 'NONE',  ( -1.000000000000000000, 0.000000000000000000, -0.000000000000000000 ) ) ;
#1122 = EDGE_LOOP ( 'NONE', ( #3250, #5573, #3397, #5132 ) ) ;
#1123 = PRODUCT_DEFINITION_FORMATION_WITH_SPECIFIED_SOURCE ( 'ANY', '', #2679, .NOT_KNOWN. ) ;
#1124 = ORIENTED_EDGE ( 'NONE', *, *, #1622, .F. ) ;
#1125 = ADVANCED_FACE ( 'NONE', ( #3560 ), #367, .T. ) ;
#1126 = EDGE_CURVE ( 'NONE', #1540, #3083, #3593, .T. ) ;
#1127 = FACE_OUTER_BOUND ( 'NONE', #4837, .T. ) ;
#1128 = DIRECTION ( 'NONE',  ( 0.000000000000000000, 0.000000000000000000, -1.000000000000000000 ) ) ;
#1129 = APPROVAL_ROLE ( '' ) ;
#1130 = VECTOR ( 'NONE', #5486, 1000.000000000000000 ) ;
#1131 = ADVANCED_FACE ( 'NONE', ( #3142 ), #4574, .F. ) ;
#1132 = DIRECTION ( 'NONE',  ( -0.000000000000000000, 1.000000000000000000, -0.000000000000000000 ) ) ;
#1133 = ORIENTED_EDGE ( 'NONE', *, *, #2842, .T. ) ;
#1134 = LINE ( 'NONE', #4783, #1378 ) ;
#1135 = CARTESIAN_POINT ( 'NONE',  ( -19.23935222489148344, 5.999999999999997335, 1.000000000000000000 ) ) ;
#1136 = CARTESIAN_POINT ( 'NONE',  ( -50.00000000000000000, 5.999999999999993783, 1.000000000000000000 ) ) ;
#1137 = CALENDAR_DATE ( 2024, 9, 7 ) ;
#1138 = VERTEX_POINT ( 'NONE', #5918 ) ;
#1139 = CARTESIAN_POINT ( 'NONE',  ( 80.03999360868429847, 0.9999999999999991118, -100.3325761332882280 ) ) ;
#1140 = CARTESIAN_POINT ( 'NONE',  ( 231.9999999999999716, 7.300000000000000711, -78.00000000000000000 ) ) ;
#1141 = CARTESIAN_POINT ( 'NONE',  ( 111.1086474912195996, 8.800000000000000711, -54.89756598715707270 ) ) ;
#1142 = DIRECTION ( 'NONE',  ( 0.000000000000000000, 0.000000000000000000, 1.000000000000000000 ) ) ;
#1143 = VERTEX_POINT ( 'NONE', #419 ) ;
#1144 = CARTESIAN_POINT ( 'NONE',  ( 185.1066228235450808, 11.00000000000000000, -28.68328957721657346 ) ) ;
#1145 = ADVANCED_FACE ( 'NONE', ( #2236 ), #1370, .F. ) ;
#1146 = DIRECTION ( 'NONE',  ( 0.000000000000000000, 0.000000000000000000, 1.000000000000000000 ) ) ;
#1147 = EDGE_LOOP ( 'NONE', ( #5652, #2453, #5244, #1484 ) ) ;
#1148 = ORIENTED_EDGE ( 'NONE', *, *, #1329, .T. ) ;
#1149 = ORIENTED_EDGE ( 'NONE', *, *, #2129, .T. ) ;
#1150 = CARTESIAN_POINT ( 'NONE',  ( 200.6726770119085757, 0.9999999999999991118, -62.53144475679641090 ) ) ;
#1151 = LINE ( 'NONE', #1266, #3393 ) ;
#1152 = DATE_TIME_ROLE ( 'classification_date' ) ;
#1153 = ADVANCED_FACE ( 'NONE', ( #5033 ), #5420, .F. ) ;
#1154 = DIRECTION ( 'NONE',  ( 0.000000000000000000, 1.000000000000000000, -0.000000000000000000 ) ) ;
#1155 = ORIENTED_EDGE ( 'NONE', *, *, #4915, .F. ) ;
#1156 = DIRECTION ( 'NONE',  ( -0.7068351019162434357, 0.000000000000000000, 0.7073783561143596188 ) ) ;
#1157 = CARTESIAN_POINT ( 'NONE',  ( 231.9999999999999716, 9.000000000000000000, 5.204170427930421283E-15 ) ) ;
#1158 = CARTESIAN_POINT ( 'NONE',  ( 131.2660539180809565, 4.500000000000000000, -55.89756598715694480 ) ) ;
#1159 = DATE_AND_TIME ( #3893, #5905 ) ;
#1160 = ORIENTED_EDGE ( 'NONE', *, *, #2317, .T. ) ;
#1161 = AXIS2_PLACEMENT_3D ( 'NONE', #3892, #3918, #4003 ) ;
#1162 = DIRECTION ( 'NONE',  ( -0.000000000000000000, -0.000000000000000000, -1.000000000000000000 ) ) ;
#1163 = CARTESIAN_POINT ( 'NONE',  ( -29.23935222489148700, 4.999999999999992895, -0.5000000000000000000 ) ) ;
#1164 = DIRECTION ( 'NONE',  ( 1.000000000000000000, -0.000000000000000000, 0.000000000000000000 ) ) ;
#1165 = CIRCLE ( 'NONE', #1729, 8.999999999999998224 ) ;
#1166 = CARTESIAN_POINT ( 'NONE',  ( 204.1825766112769145, 0.9999999999999991118, -37.30181275431380783 ) ) ;
#1167 = LINE ( 'NONE', #4347, #5786 ) ;
#1168 = AXIS2_PLACEMENT_3D ( 'NONE', #913, #2729, #5495 ) ;
#1169 = ORIENTED_EDGE ( 'NONE', *, *, #5484, .T. ) ;
#1170 = DIRECTION ( 'NONE',  ( 0.5771317870226690960, 0.000000000000000000, 0.8166510273109441886 ) ) ;
#1171 = LINE ( 'NONE', #5310, #211 ) ;
#1172 = VERTEX_POINT ( 'NONE', #2001 ) ;
#1173 = VECTOR ( 'NONE', #5333, 1000.000000000000000 ) ;
#1174 = ORIENTED_EDGE ( 'NONE', *, *, #3675, .F. ) ;
#1175 = ADVANCED_FACE ( 'NONE', ( #1491 ), #2872, .T. ) ;
#1176 = AXIS2_PLACEMENT_3D ( 'NONE', #2268, #4109, #5644 ) ;
#1177 = ORIENTED_EDGE ( 'NONE', *, *, #232, .T. ) ;
#1178 = ORIENTED_EDGE ( 'NONE', *, *, #3751, .F. ) ;
#1179 = CARTESIAN_POINT ( 'NONE',  ( 156.0000000000000284, 6.500000000000000000, -15.76104788978378934 ) ) ;
#1180 = CARTESIAN_POINT ( 'NONE',  ( 30.28613018242083044, 11.00000000000000000, 38.24622880151927973 ) ) ;
#1181 = APPROVAL_ROLE ( '' ) ;
#1182 = EDGE_CURVE ( 'NONE', #5140, #4413, #1521, .T. ) ;
#1183 = EDGE_CURVE ( 'NONE', #2318, #4229, #4169, .T. ) ;
#1184 = DIRECTION ( 'NONE',  ( 9.705834866731205836E-15, 0.000000000000000000, 1.000000000000000000 ) ) ;
#1185 = ORIENTED_EDGE ( 'NONE', *, *, #132, .F. ) ;
#1186 = DIRECTION ( 'NONE',  ( 0.000000000000000000, 1.000000000000000000, -0.000000000000000000 ) ) ;
#1187 = PLANE ( 'NONE',  #3019 ) ;
#1188 = CARTESIAN_POINT ( 'NONE',  ( -19.23935222489148344, 4.999999999999994671, 0.5000000000000000000 ) ) ;
#1189 = COORDINATED_UNIVERSAL_TIME_OFFSET ( 7, 0, .AHEAD. ) ;
#1190 = ORIENTED_EDGE ( 'NONE', *, *, #5220, .F. ) ;
#1191 = VECTOR ( 'NONE', #4990, 1000.000000000000114 ) ;
#1192 = CARTESIAN_POINT ( 'NONE',  ( -44.94916343756472088, 5.999999999999994671, 1.000000000000000000 ) ) ;
#1193 = CARTESIAN_POINT ( 'NONE',  ( 171.0797807141355804, 11.00000000000000000, -85.99999999999998579 ) ) ;
#1194 = VECTOR ( 'NONE', #5463, 1000.000000000000000 ) ;
#1195 = EDGE_CURVE ( 'NONE', #5027, #1172, #5093, .T. ) ;
#1196 = FACE_OUTER_BOUND ( 'NONE', #2642, .T. ) ;
#1197 = ADVANCED_FACE ( 'NONE', ( #152 ), #1083, .F. ) ;
#1198 = CARTESIAN_POINT ( 'NONE',  ( 231.9999999999999716, 7.300000000000000711, -78.00000000000000000 ) ) ;
#1199 = AXIS2_PLACEMENT_3D ( 'NONE', #1684, #4450, #2187 ) ;
#1200 = CARTESIAN_POINT ( 'NONE',  ( 231.9999999999999147, 0.000000000000000000, -88.00000000000000000 ) ) ;
#1201 = VECTOR ( 'NONE', #3891, 1000.000000000000227 ) ;
#1202 = FACE_OUTER_BOUND ( 'NONE', #3989, .T. ) ;
#1203 = ORIENTED_EDGE ( 'NONE', *, *, #2641, .F. ) ;
#1204 = ORIENTED_EDGE ( 'NONE', *, *, #56, .T. ) ;
#1205 = FACE_BOUND ( 'NONE', #5376, .T. ) ;
#1206 = DIRECTION ( 'NONE',  ( 0.000000000000000000, -1.000000000000000000, 0.000000000000000000 ) ) ;
#1207 = ORIENTED_EDGE ( 'NONE', *, *, #3078, .T. ) ;
#1208 = EDGE_LOOP ( 'NONE', ( #2548, #5334, #4073, #4296 ) ) ;
#1209 = EDGE_LOOP ( 'NONE', ( #1676, #3432, #1985, #4218, #1080, #1079, #1559, #668 ) ) ;
#1210 = CC_DESIGN_APPROVAL ( #2221, ( #4106 ) ) ;
#1211 = DIRECTION ( 'NONE',  ( 0.000000000000000000, 0.000000000000000000, 1.000000000000000000 ) ) ;
#1212 = CC_DESIGN_SECURITY_CLASSIFICATION ( #257, ( #2071 ) ) ;
#1213 = CYLINDRICAL_SURFACE ( 'NONE', #1359, 7.999999999999992895 ) ;
#1214 = VERTEX_POINT ( 'NONE', #2903 ) ;
#1215 = DIRECTION ( 'NONE',  ( 0.000000000000000000, 0.000000000000000000, -1.000000000000000000 ) ) ;
#1216 = CARTESIAN_POINT ( 'NONE',  ( 196.8252214128434900, 6.500000000000000000, -69.92602476605814843 ) ) ;
#1217 = VECTOR ( 'NONE', #1912, 1000.000000000000000 ) ;
#1218 = DIRECTION ( 'NONE',  ( -0.000000000000000000, 0.000000000000000000, -1.000000000000000000 ) ) ;
#1219 = EDGE_CURVE ( 'NONE', #729, #1705, #1429, .T. ) ;
#1220 = PERSON_AND_ORGANIZATION ( #82, #1018 ) ;
#1221 = VERTEX_POINT ( 'NONE', #5130 ) ;
#1222 = DIRECTION ( 'NONE',  ( -1.000000000000000000, 0.000000000000000000, -0.000000000000000000 ) ) ;
#1223 = DIRECTION ( 'NONE',  ( 0.000000000000000000, 0.000000000000000000, 1.000000000000000000 ) ) ;
#1224 = DIRECTION ( 'NONE',  ( -0.000000000000000000, -1.000000000000000000, -0.000000000000000000 ) ) ;
#1225 = ADVANCED_FACE ( 'NONE', ( #4697 ), #4200, .F. ) ;
#1226 = CARTESIAN_POINT ( 'NONE',  ( 82.25586395456976163, 0.9999999999999991118, 82.25586395456953426 ) ) ;
#1227 = EDGE_CURVE ( 'NONE', #712, #3844, #4638, .T. ) ;
#1228 = EDGE_CURVE ( 'NONE', #545, #5663, #1907, .T. ) ;
#1229 = DIRECTION ( 'NONE',  ( 0.000000000000000000, 1.000000000000000000, 0.000000000000000000 ) ) ;
#1230 = CARTESIAN_POINT ( 'NONE',  ( 231.9999999999999147, 9.000000000000000000, -1.000000000000000000 ) ) ;
#1231 = VERTEX_POINT ( 'NONE', #4262 ) ;
#1232 = VERTEX_POINT ( 'NONE', #3738 ) ;
#1233 = EDGE_CURVE ( 'NONE', #3196, #4668, #1939, .T. ) ;
#1234 = CYLINDRICAL_SURFACE ( 'NONE', #933, 9.999999999999994671 ) ;
#1235 = ADVANCED_FACE ( 'NONE', ( #4671 ), #3837, .F. ) ;
#1236 = CIRCLE ( 'NONE', #2568, 0.7500000000000002220 ) ;
#1237 = ORIENTED_EDGE ( 'NONE', *, *, #3976, .T. ) ;
#1238 = ORIENTED_EDGE ( 'NONE', *, *, #605, .T. ) ;
#1239 = CARTESIAN_POINT ( 'NONE',  ( -19.23935222489148344, 5.999999999999997335, -0.5000000000000000000 ) ) ;
#1240 = VECTOR ( 'NONE', #4902, 999.9999999999998863 ) ;
#1241 = CALENDAR_DATE ( 2024, 9, 7 ) ;
#1242 = LINE ( 'NONE', #5006, #3336 ) ;
#1243 = VERTEX_POINT ( 'NONE', #3807 ) ;
#1244 = CARTESIAN_POINT ( 'NONE',  ( -12.51897548311831088, 5.999999999999998224, -0.5000000000000000000 ) ) ;
#1245 = CARTESIAN_POINT ( 'NONE',  ( 231.9999999999999716, 7.300000000000000711, 5.204170427930421283E-15 ) ) ;
#1246 = LINE ( 'NONE', #4452, #3642 ) ;
#1247 = CALENDAR_DATE ( 2024, 9, 7 ) ;
#1248 = ORIENTED_EDGE ( 'NONE', *, *, #4379, .T. ) ;
#1249 = DIRECTION ( 'NONE',  ( -1.000000000000000000, 0.000000000000000000, 0.000000000000000000 ) ) ;
#1250 = APPROVAL ( #5095, 'UNSPECIFIED' ) ;
#1251 = DIRECTION ( 'NONE',  ( 0.000000000000000000, 0.000000000000000000, 1.000000000000000000 ) ) ;
#1252 = CARTESIAN_POINT ( 'NONE',  ( 9.999999999999998224, 0.000000000000000000, -9.999999999999998224 ) ) ;
#1253 = DIRECTION ( 'NONE',  ( 1.000000000000000000, 0.000000000000000000, 6.421112981982186753E-15 ) ) ;
#1254 = EDGE_CURVE ( 'NONE', #3293, #1093, #868, .T. ) ;
#1255 = CARTESIAN_POINT ( 'NONE',  ( 10.00000000000006395, 9.000000000000000000, -87.00000000000000000 ) ) ;
#1256 = DIRECTION ( 'NONE',  ( 0.000000000000000000, 0.000000000000000000, -1.000000000000000000 ) ) ;
#1257 = ORIENTED_EDGE ( 'NONE', *, *, #2273, .T. ) ;
#1258 = ORIENTED_EDGE ( 'NONE', *, *, #3740, .T. ) ;
#1259 = VECTOR ( 'NONE', #2945, 1000.000000000000114 ) ;
#1260 = EDGE_CURVE ( 'NONE', #2364, #2440, #2805, .T. ) ;
#1261 = DIRECTION ( 'NONE',  ( -0.000000000000000000, -1.000000000000000000, -0.000000000000000000 ) ) ;
#1262 = CIRCLE ( 'NONE', #2207, 9.999999999999994671 ) ;
#1263 = ORIENTED_EDGE ( 'NONE', *, *, #4816, .T. ) ;
#1264 = ORIENTED_EDGE ( 'NONE', *, *, #4915, .T. ) ;
#1265 = EDGE_CURVE ( 'NONE', #246, #5651, #5648, .T. ) ;
#1266 = CARTESIAN_POINT ( 'NONE',  ( 0.000000000000000000, 0.9999999999999991118, -20.31837809857893262 ) ) ;
#1267 = EDGE_CURVE ( 'NONE', #3293, #1093, #1645, .T. ) ;
#1268 = AXIS2_PLACEMENT_3D ( 'NONE', #360, #2175, #3553 ) ;
#1269 = DATE_AND_TIME ( #256, #1394 ) ;
#1270 = VECTOR ( 'NONE', #2353, 1000.000000000000000 ) ;
#1271 = DIRECTION ( 'NONE',  ( -1.000000000000000000, 0.000000000000000000, -6.377659838150038553E-17 ) ) ;
#1272 = ORIENTED_EDGE ( 'NONE', *, *, #1219, .T. ) ;
#1273 = CARTESIAN_POINT ( 'NONE',  ( 196.8252214128434900, 4.500000000000000000, -69.92602476605814843 ) ) ;
#1274 = LINE ( 'NONE', #5838, #2237 ) ;
#1275 = CARTESIAN_POINT ( 'NONE',  ( 78.91050056131159351, 11.00000000000000000, -72.17940474342459822 ) ) ;
#1276 = APPROVAL_STATUS ( 'not_yet_approved' ) ;
#1277 = FACE_OUTER_BOUND ( 'NONE', #3958, .T. ) ;
#1278 = CARTESIAN_POINT ( 'NONE',  ( 191.6264157404944228, 0.9999999999999991118, -71.57075865786698898 ) ) ;
#1279 = DIRECTION ( 'NONE',  ( 0.7537688442211052386, 0.000000000000000000, 0.6571396575170145304 ) ) ;
#1280 = DIRECTION ( 'NONE',  ( 0.000000000000000000, -1.000000000000000000, 0.000000000000000000 ) ) ;
#1281 = VECTOR ( 'NONE', #5155, 1000.000000000000000 ) ;
#1282 = CIRCLE ( 'NONE', #5219, 0.7499999999999997780 ) ;
#1283 = LINE ( 'NONE', #2656, #618 ) ;
#1284 = VECTOR ( 'NONE', #1696, 1000.000000000000000 ) ;
#1285 = CARTESIAN_POINT ( 'NONE',  ( 9.999999999999998224, 7.300000000000000711, -9.999999999999998224 ) ) ;
#1286 = ORIENTED_EDGE ( 'NONE', *, *, #3187, .F. ) ;
#1287 = ORIENTED_EDGE ( 'NONE', *, *, #4890, .F. ) ;
#1288 = AXIS2_PLACEMENT_3D ( 'NONE', #3433, #1958, #3794 ) ;
#1289 = DIRECTION ( 'NONE',  ( 0.7537688442211055717, 0.000000000000000000, 0.6571396575170141974 ) ) ;
#1290 = CARTESIAN_POINT ( 'NONE',  ( 10.00000000000007105, 0.000000000000000000, 0.000000000000000000 ) ) ;
#1291 = EDGE_CURVE ( 'NONE', #4197, #3565, #5218, .T. ) ;
#1292 = AXIS2_PLACEMENT_3D ( 'NONE', #5474, #50, #1360 ) ;
#1293 = ORIENTED_EDGE ( 'NONE', *, *, #5656, .T. ) ;
#1294 = EDGE_LOOP ( 'NONE', ( #725, #5522, #4145, #3443, #522, #280, #4152, #4053 ) ) ;
#1295 = CARTESIAN_POINT ( 'NONE',  ( 21.96966101346793110, 0.9999999999999991118, -6.413121992594955856 ) ) ;
#1296 = EDGE_CURVE ( 'NONE', #555, #4797, #4276, .T. ) ;
#1297 = ADVANCED_FACE ( 'NONE', ( #3272 ), #5144, .F. ) ;
#1298 = PRODUCT ( 'Vernier Box up file', 'Vernier Box up file', '', ( #3684 ) ) ;
#1299 = ORIENTED_EDGE ( 'NONE', *, *, #3718, .T. ) ;
#1300 = LINE ( 'NONE', #2164, #2921 ) ;
#1301 = PLANE ( 'NONE',  #527 ) ;
#1302 = FACE_OUTER_BOUND ( 'NONE', #3767, .T. ) ;
#1303 = CALENDAR_DATE ( 2024, 9, 7 ) ;
#1304 = DIRECTION ( 'NONE',  ( -0.000000000000000000, 1.000000000000000000, -0.000000000000000000 ) ) ;
#1305 = APPROVAL_PERSON_ORGANIZATION ( #5746, #1383, #4391 ) ;
#1306 = LINE ( 'NONE', #3049, #2708 ) ;
#1307 = VECTOR ( 'NONE', #1408, 1000.000000000000000 ) ;
#1308 = CARTESIAN_POINT ( 'NONE',  ( 159.4937537328018493, 11.00000000000000000, -64.06971266595986947 ) ) ;
#1309 = LINE ( 'NONE', #4461, #3557 ) ;
#1310 = ORIENTED_EDGE ( 'NONE', *, *, #1365, .T. ) ;
#1311 = AXIS2_PLACEMENT_3D ( 'NONE', #1317, #845, #4973 ) ;
#1312 = LINE ( 'NONE', #925, #4533 ) ;
#1313 = LINE ( 'NONE', #4434, #3665 ) ;
#1314 = ORIENTED_EDGE ( 'NONE', *, *, #2672, .F. ) ;
#1315 = VERTEX_POINT ( 'NONE', #135 ) ;
#1316 = LINE ( 'NONE', #3621, #2397 ) ;
#1317 = CARTESIAN_POINT ( 'NONE',  ( 29.33065561651987352, 7.300000000000000711, 33.64358569964876011 ) ) ;
#1318 = EDGE_LOOP ( 'NONE', ( #4737, #2362, #2584, #3840 ) ) ;
#1319 = VERTEX_POINT ( 'NONE', #1003 ) ;
#1320 = EDGE_CURVE ( 'NONE', #4439, #446, #614, .T. ) ;
#1321 = CARTESIAN_POINT ( 'NONE',  ( -50.00000000000000000, 5.999999999999993783, 0.2500000000000000000 ) ) ;
#1322 = EDGE_CURVE ( 'NONE', #3942, #3688, #4682, .T. ) ;
#1323 = COORDINATED_UNIVERSAL_TIME_OFFSET ( 7, 0, .AHEAD. ) ;
#1324 = VERTEX_POINT ( 'NONE', #2012 ) ;
#1325 = CARTESIAN_POINT ( 'NONE',  ( 156.0000000000000284, 6.500000000000000000, -14.43438122311711780 ) ) ;
#1326 = VECTOR ( 'NONE', #435, 1000.000000000000000 ) ;
#1327 = FACE_OUTER_BOUND ( 'NONE', #3760, .T. ) ;
#1328 = FACE_OUTER_BOUND ( 'NONE', #818, .T. ) ;
#1329 = EDGE_CURVE ( 'NONE', #3164, #3881, #4651, .T. ) ;
#1330 = SECURITY_CLASSIFICATION_LEVEL ( 'unclassified' ) ;
#1331 = CARTESIAN_POINT ( 'NONE',  ( 81.65530379950148188, 0.9999999999999991118, -71.47772669726451511 ) ) ;
#1332 = LINE ( 'NONE', #5416, #1191 ) ;
#1333 = DIRECTION ( 'NONE',  ( -1.000000000000000000, 0.000000000000000000, 0.000000000000000000 ) ) ;
#1334 = PLANE ( 'NONE',  #1452 ) ;
#1335 = ORIENTED_EDGE ( 'NONE', *, *, #608, .T. ) ;
#1336 = LINE ( 'NONE', #385, #808 ) ;
#1337 = DIRECTION ( 'NONE',  ( 0.7071067811865465735, 0.000000000000000000, -0.7071067811865484609 ) ) ;
#1338 = ORIENTED_EDGE ( 'NONE', *, *, #1049, .F. ) ;
#1339 = ORIENTED_EDGE ( 'NONE', *, *, #5111, .T. ) ;
#1340 = LINE ( 'NONE', #4135, #4802 ) ;
#1341 = CARTESIAN_POINT ( 'NONE',  ( -19.23935222489148344, 3.999999999999994671, 0.5000000000000000000 ) ) ;
#1342 = DIRECTION ( 'NONE',  ( 1.000000000000000000, 0.000000000000000000, 0.000000000000000000 ) ) ;
#1343 = EDGE_LOOP ( 'NONE', ( #4020, #2348, #1299, #811 ) ) ;
#1344 = VECTOR ( 'NONE', #433, 1000.000000000000000 ) ;
#1345 = VERTEX_POINT ( 'NONE', #2489 ) ;
#1346 = DIRECTION ( 'NONE',  ( 2.072889816903640769E-17, 1.000000000000000000, -0.000000000000000000 ) ) ;
#1347 = VECTOR ( 'NONE', #2395, 1000.000000000000000 ) ;
#1348 = CC_DESIGN_PERSON_AND_ORGANIZATION_ASSIGNMENT ( #3202, #5548, ( #2667 ) ) ;
#1349 = APPLICATION_CONTEXT ( 'configuration controlled 3d designs of mechanical parts and assemblies' ) ;
#1350 = ORIENTED_EDGE ( 'NONE', *, *, #1086, .F. ) ;
#1351 = CARTESIAN_POINT ( 'NONE',  ( 0.000000000000000000, 0.000000000000000000, 0.000000000000000000 ) ) ;
#1352 = LINE ( 'NONE', #432, #591 ) ;
#1353 = CARTESIAN_POINT ( 'NONE',  ( 2.350604393122646345E-17, 7.133974596215556296, 0.5000000000000000000 ) ) ;
#1354 = EDGE_CURVE ( 'NONE', #3144, #3046, #3339, .T. ) ;
#1355 = MECHANICAL_CONTEXT ( 'NONE', #5884, 'mechanical' ) ;
#1356 = EDGE_CURVE ( 'NONE', #4197, #612, #5843, .T. ) ;
#1357 = LINE ( 'NONE', #1416, #3238 ) ;
#1358 = DIRECTION ( 'NONE',  ( 0.7537688442211054607, 0.000000000000000000, -0.6571396575170143084 ) ) ;
#1359 = AXIS2_PLACEMENT_3D ( 'NONE', #737, #4392, #3941 ) ;
#1360 = DIRECTION ( 'NONE',  ( 0.000000000000000000, 0.000000000000000000, -1.000000000000000000 ) ) ;
#1361 = DIRECTION ( 'NONE',  ( 0.000000000000000000, 0.000000000000000000, -1.000000000000000000 ) ) ;
#1362 = EDGE_LOOP ( 'NONE', ( #5105, #5068, #4677, #1652 ) ) ;
#1363 = CARTESIAN_POINT ( 'NONE',  ( -50.00000000000000000, 5.292893218813446765, 0.000000000000000000 ) ) ;
#1364 = ADVANCED_FACE ( 'NONE', ( #2367 ), #5202, .T. ) ;
#1365 = EDGE_CURVE ( 'NONE', #3303, #2955, #3241, .T. ) ;
#1366 = CARTESIAN_POINT ( 'NONE',  ( 21.96966101346790623, 11.00000000000000000, -12.13248070758134567 ) ) ;
#1367 = ORIENTED_EDGE ( 'NONE', *, *, #3940, .T. ) ;
#1368 = ORIENTED_EDGE ( 'NONE', *, *, #2508, .T. ) ;
#1369 = DIRECTION ( 'NONE',  ( -0.000000000000000000, 1.000000000000000000, -0.000000000000000000 ) ) ;
#1370 = PLANE ( 'NONE',  #4661 ) ;
#1371 = APPLICATION_PROTOCOL_DEFINITION ( 'international standard', 'config_control_design', 1994, #2264 ) ;
#1372 = AXIS2_PLACEMENT_3D ( 'NONE', #4995, #5423, #3137 ) ;
#1373 = ORIENTED_EDGE ( 'NONE', *, *, #169, .T. ) ;
#1374 = AXIS2_PLACEMENT_3D ( 'NONE', #5504, #1928, #3701 ) ;
#1375 = DIRECTION ( 'NONE',  ( 0.000000000000000000, 1.000000000000000000, -0.000000000000000000 ) ) ;
#1376 = ORIENTED_EDGE ( 'NONE', *, *, #1015, .T. ) ;
#1377 = CARTESIAN_POINT ( 'NONE',  ( -12.51897548311831088, 5.999999999999998224, -0.5000000000000000000 ) ) ;
#1378 = VECTOR ( 'NONE', #229, 1000.000000000000000 ) ;
#1379 = ORIENTED_EDGE ( 'NONE', *, *, #1837, .F. ) ;
#1380 = VECTOR ( 'NONE', #717, 1000.000000000000000 ) ;
#1381 = CARTESIAN_POINT ( 'NONE',  ( -44.94916343756472088, 5.999999999999994671, 1.000000000000000000 ) ) ;
#1382 = CARTESIAN_POINT ( 'NONE',  ( 9.999999999999998224, 11.00000000000000000, -78.00000000000000000 ) ) ;
#1383 = APPROVAL ( #3541, 'UNKNOWN' ) ;
#1384 = CARTESIAN_POINT ( 'NONE',  ( 2.000000000000000000, 0.000000000000000000, -77.99999999999992895 ) ) ;
#1385 = DATE_TIME_ROLE ( 'classification_date' ) ;
#1386 = DIRECTION ( 'NONE',  ( 0.000000000000000000, 0.000000000000000000, -1.000000000000000000 ) ) ;
#1387 = EDGE_LOOP ( 'NONE', ( #1149, #3909, #738, #5503 ) ) ;
#1388 = DIRECTION ( 'NONE',  ( 1.000000000000000000, 0.000000000000000000, -0.000000000000000000 ) ) ;
#1389 = AXIS2_PLACEMENT_3D ( 'NONE', #29, #5034, #4639 ) ;
#1390 = CARTESIAN_POINT ( 'NONE',  ( 0.000000000000000000, 0.9999999999999991118, -86.00000000000000000 ) ) ;
#1391 = ADVANCED_FACE ( 'NONE', ( #4711 ), #101, .F. ) ;
#1392 = LINE ( 'NONE', #3222, #600 ) ;
#1393 = ORIENTED_EDGE ( 'NONE', *, *, #2603, .T. ) ;
#1394 = LOCAL_TIME ( 16, 32, 57.00000000000000000, #3997 ) ;
#1395 = LINE ( 'NONE', #1934, #999 ) ;
#1396 = DIRECTION ( 'NONE',  ( -4.852917433365602918E-15, 0.000000000000000000, 1.000000000000000000 ) ) ;
#1397 = EDGE_LOOP ( 'NONE', ( #3302, #839, #2904, #3988 ) ) ;
#1398 = ORIENTED_EDGE ( 'NONE', *, *, #4082, .F. ) ;
#1399 = CARTESIAN_POINT ( 'NONE',  ( 179.0257796248860416, 0.9999999999999991118, -28.68328957721657346 ) ) ;
#1400 = CC_DESIGN_APPROVAL ( #5094, ( #5434 ) ) ;
#1401 = DIRECTION ( 'NONE',  ( -1.000000000000000000, 0.000000000000000000, 0.000000000000000000 ) ) ;
#1402 = DATE_TIME_ROLE ( 'creation_date' ) ;
#1403 = EDGE_CURVE ( 'NONE', #4291, #4101, #225, .T. ) ;
#1404 = EDGE_CURVE ( 'NONE', #730, #4197, #196, .T. ) ;
#1405 = EDGE_LOOP ( 'NONE', ( #3333, #4607, #161, #5392 ) ) ;
#1406 = FACE_OUTER_BOUND ( 'NONE', #1010, .T. ) ;
#1407 = ORIENTED_EDGE ( 'NONE', *, *, #684, .F. ) ;
#1408 = DIRECTION ( 'NONE',  ( 0.000000000000000000, 0.000000000000000000, -1.000000000000000000 ) ) ;
#1409 = EDGE_CURVE ( 'NONE', #4133, #1231, #4214, .T. ) ;
#1410 = ORIENTED_EDGE ( 'NONE', *, *, #2817, .F. ) ;
#1411 = DIRECTION ( 'NONE',  ( -0.7537688442211061268, 0.000000000000000000, -0.6571396575170134202 ) ) ;
#1412 = CARTESIAN_POINT ( 'NONE',  ( 0.000000000000000000, 11.00000000000000000, -37.16513068852106727 ) ) ;
#1413 = LINE ( 'NONE', #4182, #4326 ) ;
#1414 = CALENDAR_DATE ( 2024, 9, 7 ) ;
#1415 = AXIS2_PLACEMENT_3D ( 'NONE', #2104, #5291, #1184 ) ;
#1416 = CARTESIAN_POINT ( 'NONE',  ( 242.0000000000000000, 11.00000000000000000, -10.00000000000006928 ) ) ;
#1417 = ORIENTED_EDGE ( 'NONE', *, *, #4166, .T. ) ;
#1418 = DIRECTION ( 'NONE',  ( -1.000000000000000000, -8.673617379884020681E-16, 0.000000000000000000 ) ) ;
#1419 = CARTESIAN_POINT ( 'NONE',  ( 121.0000000000000000, 6.500000000000000000, -44.94756598715710538 ) ) ;
#1420 = DIRECTION ( 'NONE',  ( 1.000000000000000000, 0.000000000000000000, -0.000000000000000000 ) ) ;
#1421 = AXIS2_PLACEMENT_3D ( 'NONE', #1530, #5683, #5108 ) ;
#1422 = ORIENTED_EDGE ( 'NONE', *, *, #3349, .F. ) ;
#1423 = APPROVAL ( #659, 'UNSPECIFIED' ) ;
#1424 = FACE_OUTER_BOUND ( 'NONE', #3812, .T. ) ;
#1425 = CARTESIAN_POINT ( 'NONE',  ( 85.99999999999998579, 6.500000000000000000, -14.43438122311710714 ) ) ;
#1426 = VERTEX_POINT ( 'NONE', #5235 ) ;
#1427 = EDGE_LOOP ( 'NONE', ( #2772, #2514, #3742, #3783 ) ) ;
#1428 = DIRECTION ( 'NONE',  ( 0.000000000000000000, 0.000000000000000000, 1.000000000000000000 ) ) ;
#1429 = LINE ( 'NONE', #2357, #218 ) ;
#1430 = PERSON_AND_ORGANIZATION_ROLE ( 'design_owner' ) ;
#1431 = EDGE_CURVE ( 'NONE', #984, #5551, #3786, .T. ) ;
#1432 = ORIENTED_EDGE ( 'NONE', *, *, #3912, .F. ) ;
#1433 = CARTESIAN_POINT ( 'NONE',  ( 78.91050056131159351, 0.9999999999999991118, -72.17940474342459822 ) ) ;
#1434 = ORIENTED_EDGE ( 'NONE', *, *, #2792, .T. ) ;
#1435 = DIRECTION ( 'NONE',  ( -8.673617379884020681E-16, 1.000000000000000000, 0.000000000000000000 ) ) ;
#1436 = ORIENTED_EDGE ( 'NONE', *, *, #2316, .T. ) ;
#1437 = VERTEX_POINT ( 'NONE', #1474 ) ;
#1438 = VERTEX_POINT ( 'NONE', #650 ) ;
#1439 = EDGE_CURVE ( 'NONE', #3533, #3829, #4107, .T. ) ;
#1440 = EDGE_CURVE ( 'NONE', #906, #2402, #3335, .T. ) ;
#1441 = LINE ( 'NONE', #4981, #5700 ) ;
#1442 = DIRECTION ( 'NONE',  ( -0.000000000000000000, 1.000000000000000000, -0.000000000000000000 ) ) ;
#1443 = AXIS2_PLACEMENT_3D ( 'NONE', #3033, #3875, #5793 ) ;
#1444 = CARTESIAN_POINT ( 'NONE',  ( -44.94916343756472088, 3.999999999999994671, 0.5000000000000000000 ) ) ;
#1445 = APPROVAL_STATUS ( 'not_yet_approved' ) ;
#1446 = AXIS2_PLACEMENT_3D ( 'NONE', #5032, #2774, #88 ) ;
#1447 = LINE ( 'NONE', #75, #375 ) ;
#1448 = ORIENTED_EDGE ( 'NONE', *, *, #212, .F. ) ;
#1449 = CARTESIAN_POINT ( 'NONE',  ( -50.00000000000000000, 5.999999999999993783, 1.000000000000000000 ) ) ;
#1450 = DIRECTION ( 'NONE',  ( -0.7537688442211034623, 0.000000000000000000, 0.6571396575170166399 ) ) ;
#1451 = CARTESIAN_POINT ( 'NONE',  ( 75.94467848013569267, 11.00000000000000000, -86.00000000000000000 ) ) ;
#1452 = AXIS2_PLACEMENT_3D ( 'NONE', #3188, #2224, #3614 ) ;
#1453 = ORIENTED_EDGE ( 'NONE', *, *, #5179, .T. ) ;
#1454 = VECTOR ( 'NONE', #5193, 1000.000000000000000 ) ;
#1455 = FACE_OUTER_BOUND ( 'NONE', #1706, .T. ) ;
#1456 = CARTESIAN_POINT ( 'NONE',  ( 206.6823162755987084, 6.500000000000000000, -58.61949210274162425 ) ) ;
#1457 = ORIENTED_EDGE ( 'NONE', *, *, #5319, .F. ) ;
#1458 = EDGE_LOOP ( 'NONE', ( #5528, #1690, #1046, #2386 ) ) ;
#1459 = CARTESIAN_POINT ( 'NONE',  ( -34.94916343756472088, 3.999999999999995559, 0.5000000000000000000 ) ) ;
#1460 = DIRECTION ( 'NONE',  ( -0.000000000000000000, 1.000000000000000000, -0.000000000000000000 ) ) ;
#1461 = CC_DESIGN_PERSON_AND_ORGANIZATION_ASSIGNMENT ( #4683, #2886, ( #2071 ) ) ;
#1462 = ORIENTED_EDGE ( 'NONE', *, *, #605, .F. ) ;
#1463 = CARTESIAN_POINT ( 'NONE',  ( -19.23935222489148344, 5.999999999999997335, 1.000000000000000000 ) ) ;
#1464 = EDGE_LOOP ( 'NONE', ( #780, #3823, #5265, #1417 ) ) ;
#1465 = FACE_OUTER_BOUND ( 'NONE', #4348, .T. ) ;
#1466 = EDGE_CURVE ( 'NONE', #3745, #1232, #5654, .T. ) ;
#1467 = CIRCLE ( 'NONE', #1102, 0.7500000000000000000 ) ;
#1468 = ORIENTED_EDGE ( 'NONE', *, *, #1556, .F. ) ;
#1469 = ORIENTED_EDGE ( 'NONE', *, *, #2674, .F. ) ;
#1470 = EDGE_LOOP ( 'NONE', ( #5214, #5097, #5457, #2818 ) ) ;
#1471 = VECTOR ( 'NONE', #1763, 1000.000000000000000 ) ;
#1472 = DIRECTION ( 'NONE',  ( -0.000000000000000000, -1.000000000000000000, -0.000000000000000000 ) ) ;
#1473 = CARTESIAN_POINT ( 'NONE',  ( -2.518975483118307324, 5.634428877022473081, 1.000000000000000000 ) ) ;
#1474 = CARTESIAN_POINT ( 'NONE',  ( 206.6823162755987084, 6.500000000000000000, -58.61949210274162425 ) ) ;
#1475 = AXIS2_PLACEMENT_3D ( 'NONE', #3518, #4476, #2106 ) ;
#1476 = APPROVAL_DATE_TIME ( #3369, #4030 ) ;
#1477 = ADVANCED_FACE ( 'NONE', ( #4845 ), #5301, .F. ) ;
#1478 = CIRCLE ( 'NONE', #5609, 5.719358714986390702 ) ;
#1479 = LINE ( 'NONE', #5685, #3053 ) ;
#1480 = ORIENTED_EDGE ( 'NONE', *, *, #5594, .T. ) ;
#1481 = CARTESIAN_POINT ( 'NONE',  ( -2.518975483118307324, 5.292893218813446765, 0.000000000000000000 ) ) ;
#1482 = DIRECTION ( 'NONE',  ( 1.000000000000000000, -0.000000000000000000, 0.000000000000000000 ) ) ;
#1483 = LINE ( 'NONE', #1105, #2406 ) ;
#1484 = ORIENTED_EDGE ( 'NONE', *, *, #4078, .F. ) ;
#1485 = LINE ( 'NONE', #5154, #2044 ) ;
#1486 = AXIS2_PLACEMENT_3D ( 'NONE', #2327, #4170, #2776 ) ;
#1487 = CARTESIAN_POINT ( 'NONE',  ( -34.94916343756472088, 5.999999999999995559, 0.000000000000000000 ) ) ;
#1488 = ORIENTED_EDGE ( 'NONE', *, *, #4332, .F. ) ;
#1489 = ORIENTED_EDGE ( 'NONE', *, *, #4886, .T. ) ;
#1490 = DIRECTION ( 'NONE',  ( -0.000000000000000000, 1.000000000000000000, -0.000000000000000000 ) ) ;
#1491 = FACE_OUTER_BOUND ( 'NONE', #2412, .T. ) ;
#1492 = APPROVAL_PERSON_ORGANIZATION ( #4306, #584, #3483 ) ;
#1493 = FACE_OUTER_BOUND ( 'NONE', #5834, .T. ) ;
#1494 = CARTESIAN_POINT ( 'NONE',  ( 10.00000000000006395, 8.800000000000000711, -80.99999999999998579 ) ) ;
#1495 = ORIENTED_EDGE ( 'NONE', *, *, #2036, .T. ) ;
#1496 = VECTOR ( 'NONE', #5491, 1000.000000000000000 ) ;
#1497 = CARTESIAN_POINT ( 'NONE',  ( 231.9999999999999716, 7.300000000000000711, -9.999999999999998224 ) ) ;
#1498 = ORIENTED_EDGE ( 'NONE', *, *, #5057, .T. ) ;
#1499 = ADVANCED_FACE ( 'NONE', ( #2220 ), #4508, .T. ) ;
#1500 = ORIENTED_EDGE ( 'NONE', *, *, #4482, .F. ) ;
#1501 = VERTEX_POINT ( 'NONE', #4458 ) ;
#1502 = CARTESIAN_POINT ( 'NONE',  ( 102.8557046065718765, 0.9999999999999991118, -31.44577197353467213 ) ) ;
#1503 = DIRECTION ( 'NONE',  ( 0.000000000000000000, -1.000000000000000000, 0.000000000000000000 ) ) ;
#1504 = DATE_AND_TIME ( #197, #2349 ) ;
#1505 = DIRECTION ( 'NONE',  ( 0.000000000000000000, 0.000000000000000000, 1.000000000000000000 ) ) ;
#1506 = VERTEX_POINT ( 'NONE', #407 ) ;
#1507 = CARTESIAN_POINT ( 'NONE',  ( 240.0000000000000000, 0.9999999999999991118, -37.30181275431380783 ) ) ;
#1508 = UNCERTAINTY_MEASURE_WITH_UNIT (LENGTH_MEASURE( 1.000000000000000082E-05 ), #90, 'distance_accuracy_value', 'NONE');
#1509 = EDGE_CURVE ( 'NONE', #1138, #4829, #2651, .T. ) ;
#1510 = DIRECTION ( 'NONE',  ( 0.000000000000000000, 0.000000000000000000, -1.000000000000000000 ) ) ;
#1511 = CARTESIAN_POINT ( 'NONE',  ( -19.23935222489148344, 3.999999999999994671, 1.000000000000000000 ) ) ;
#1512 = ORIENTED_EDGE ( 'NONE', *, *, #1657, .T. ) ;
#1513 = VECTOR ( 'NONE', #5051, 1000.000000000000000 ) ;
#1514 = CARTESIAN_POINT ( 'NONE',  ( 10.00000000000007105, 7.300000000000000711, 0.000000000000000000 ) ) ;
#1515 = DIRECTION ( 'NONE',  ( -1.000000000000000000, -1.717263521134807108E-16, 0.000000000000000000 ) ) ;
#1516 = ORIENTED_EDGE ( 'NONE', *, *, #5732, .F. ) ;
#1517 = ORIENTED_EDGE ( 'NONE', *, *, #3187, .T. ) ;
#1518 = ADVANCED_FACE ( 'NONE', ( #801 ), #3102, .F. ) ;
#1519 = VECTOR ( 'NONE', #1460, 1000.000000000000000 ) ;
#1520 = LINE ( 'NONE', #1968, #978 ) ;
#1521 = LINE ( 'NONE', #3711, #266 ) ;
#1522 = ORIENTED_EDGE ( 'NONE', *, *, #4375, .F. ) ;
#1523 = CARTESIAN_POINT ( 'NONE',  ( -12.51897548311831088, 5.292893218813446765, 0.000000000000000000 ) ) ;
#1524 = ORIENTED_EDGE ( 'NONE', *, *, #4805, .F. ) ;
#1525 = DIRECTION ( 'NONE',  ( 1.000000000000000000, 8.673617379884020681E-16, -0.000000000000000000 ) ) ;
#1526 = ORIENTED_EDGE ( 'NONE', *, *, #1356, .T. ) ;
#1527 = ORIENTED_EDGE ( 'NONE', *, *, #3276, .F. ) ;
#1528 = ORIENTED_EDGE ( 'NONE', *, *, #2174, .T. ) ;
#1529 = CARTESIAN_POINT ( 'NONE',  ( 110.7339460819190720, 4.500000000000000000, -55.89756598715707270 ) ) ;
#1530 = CARTESIAN_POINT ( 'NONE',  ( 10.00000000000007105, 8.800000000000000711, -88.00000000000000000 ) ) ;
#1531 = CC_DESIGN_DATE_AND_TIME_ASSIGNMENT ( #2763, #3129, ( #4608 ) ) ;
#1532 = CALENDAR_DATE ( 2024, 9, 7 ) ;
#1533 = CARTESIAN_POINT ( 'NONE',  ( 156.0000000000000284, 8.800000000000000711, -15.76104788978378934 ) ) ;
#1534 = ORIENTED_EDGE ( 'NONE', *, *, #1803, .T. ) ;
#1535 = LINE ( 'NONE', #3373, #5403 ) ;
#1536 = AXIS2_PLACEMENT_3D ( 'NONE', #1858, #73, #3153 ) ;
#1537 = CARTESIAN_POINT ( 'NONE',  ( 240.0000000000000000, 11.00000000000000000, 0.000000000000000000 ) ) ;
#1538 = LINE ( 'NONE', #5242, #4999 ) ;
#1539 = EDGE_CURVE ( 'NONE', #4475, #4233, #1716, .T. ) ;
#1540 = VERTEX_POINT ( 'NONE', #3549 ) ;
#1541 = AXIS2_PLACEMENT_3D ( 'NONE', #3200, #2262, #1428 ) ;
#1542 = CARTESIAN_POINT ( 'NONE',  ( 10.00000000000007105, 0.000000000000000000, -88.00000000000000000 ) ) ;
#1543 = LINE ( 'NONE', #1604, #3872 ) ;
#1544 = ORIENTED_EDGE ( 'NONE', *, *, #5368, .F. ) ;
#1545 = VECTOR ( 'NONE', #3440, 1000.000000000000000 ) ;
#1546 = CARTESIAN_POINT ( 'NONE',  ( 45.17477858715649575, 4.500000000000000000, -69.92602476605820527 ) ) ;
#1547 = CARTESIAN_POINT ( 'NONE',  ( 234.2079578780316353, 11.00000000000000000, -9.999999999999962697 ) ) ;
#1548 = AXIS2_PLACEMENT_3D ( 'NONE', #4909, #1723, #1699 ) ;
#1549 = ADVANCED_FACE ( 'NONE', ( #1277 ), #3020, .T. ) ;
#1550 = ADVANCED_FACE ( 'NONE', ( #5328 ), #5782, .F. ) ;
#1551 = ORIENTED_EDGE ( 'NONE', *, *, #3663, .F. ) ;
#1552 = CARTESIAN_POINT ( 'NONE',  ( 59.55893268023056919, 6.500000000000000000, 68.31678370934054101 ) ) ;
#1553 = ORIENTED_EDGE ( 'NONE', *, *, #3235, .T. ) ;
#1554 = LINE ( 'NONE', #1120, #3417 ) ;
#1555 = LINE ( 'NONE', #5763, #689 ) ;
#1556 = EDGE_CURVE ( 'NONE', #472, #149, #1609, .T. ) ;
#1557 = ORIENTED_EDGE ( 'NONE', *, *, #4724, .T. ) ;
#1558 = VERTEX_POINT ( 'NONE', #745 ) ;
#1559 = ORIENTED_EDGE ( 'NONE', *, *, #2610, .F. ) ;
#1560 = CARTESIAN_POINT ( 'NONE',  ( 231.9999999999999716, 11.00000000000000000, -78.00000000000000000 ) ) ;
#1561 = DIRECTION ( 'NONE',  ( 1.000000000000000000, 0.000000000000000000, -0.000000000000000000 ) ) ;
#1562 = VECTOR ( 'NONE', #3707, 1000.000000000000000 ) ;
#1563 = AXIS2_PLACEMENT_3D ( 'NONE', #834, #2652, #4481 ) ;
#1564 = SECURITY_CLASSIFICATION_LEVEL ( 'unclassified' ) ;
#1565 = VECTOR ( 'NONE', #4665, 1000.000000000000000 ) ;
#1566 = DIRECTION ( 'NONE',  ( -1.000000000000000000, 0.000000000000000000, 6.251255769285794041E-17 ) ) ;
#1567 = ORIENTED_EDGE ( 'NONE', *, *, #2603, .F. ) ;
#1568 = VECTOR ( 'NONE', #5494, 1000.000000000000000 ) ;
#1569 = DIRECTION ( 'NONE',  ( 0.7073783561143596188, 0.000000000000000000, 0.7068351019162434357 ) ) ;
#1570 = CARTESIAN_POINT ( 'NONE',  ( 96.17362647508851126, 0.9999999999999991118, -63.53582251419942395 ) ) ;
#1571 = FACE_OUTER_BOUND ( 'NONE', #2773, .T. ) ;
#1572 = CLOSED_SHELL ( 'NONE', ( #960, #3932, #1297, #1871, #2227, #1584, #3027, #4319, #3703, #4514, #5662, #1992, #5298, #1235, #1145, #4004, #2385, #3741, #819, #4627, #2647, #1802, #5, #5464, #2538, #3116, #158, #411, #3964, #1549, #1880, #1131, #283, #5925, #859, #746, #1499, #683, #5891, #4113, #3061, #3867, #163, #1197, #5672, #996, #4536, #46, #1667, #5112, #5635, #3521 ) ) ;
#1573 = DIRECTION ( 'NONE',  ( 1.000000000000000000, -1.035668831227475957E-18, 5.021107379169120120E-18 ) ) ;
#1574 = ORIENTED_EDGE ( 'NONE', *, *, #1837, .T. ) ;
#1575 = VECTOR ( 'NONE', #5241, 1000.000000000000000 ) ;
#1576 = EDGE_CURVE ( 'NONE', #3494, #4894, #5869, .T. ) ;
#1577 = LINE ( 'NONE', #179, #4530 ) ;
#1578 = AXIS2_PLACEMENT_3D ( 'NONE', #4058, #5865, #3152 ) ;
#1579 = CARTESIAN_POINT ( 'NONE',  ( 156.0000000000000284, 4.500000000000000000, -14.43438122311711780 ) ) ;
#1580 = DIRECTION ( 'NONE',  ( 0.000000000000000000, 0.000000000000000000, 1.000000000000000000 ) ) ;
#1581 = DIRECTION ( 'NONE',  ( 1.000000000000000000, -0.000000000000000000, 0.000000000000000000 ) ) ;
#1582 = VERTEX_POINT ( 'NONE', #4401 ) ;
#1583 = APPROVAL_PERSON_ORGANIZATION ( #4603, #1250, #987 ) ;
#1584 = ADVANCED_FACE ( 'NONE', ( #832 ), #773, .T. ) ;
#1585 = CARTESIAN_POINT ( 'NONE',  ( 179.0257796248860416, 11.00000000000000000, -28.68328957721657346 ) ) ;
#1586 = DIRECTION ( 'NONE',  ( 0.000000000000000000, 0.000000000000000000, -1.000000000000000000 ) ) ;
#1587 = EDGE_LOOP ( 'NONE', ( #1941, #1824, #1887, #2269 ) ) ;
#1588 = ORIENTED_EDGE ( 'NONE', *, *, #1823, .T. ) ;
#1589 = APPROVAL_PERSON_ORGANIZATION ( #2789, #298, #405 ) ;
#1590 = ORIENTED_EDGE ( 'NONE', *, *, #5710, .F. ) ;
#1591 = VECTOR ( 'NONE', #127, 1000.000000000000000 ) ;
#1592 = FACE_OUTER_BOUND ( 'NONE', #4822, .T. ) ;
#1593 = EDGE_CURVE ( 'NONE', #4967, #1847, #294, .T. ) ;
#1594 = CARTESIAN_POINT ( 'NONE',  ( -44.94916343756472088, 3.999999999999994671, 1.000000000000000000 ) ) ;
#1595 = LOCAL_TIME ( 16, 32, 57.00000000000000000, #1323 ) ;
#1596 = COORDINATED_UNIVERSAL_TIME_OFFSET ( 7, 0, .AHEAD. ) ;
#1597 = CARTESIAN_POINT ( 'NONE',  ( 32.39949558450449985, 11.00000000000000000, -77.89876345841102534 ) ) ;
#1598 = VERTEX_POINT ( 'NONE', #4429 ) ;
#1599 = LINE ( 'NONE', #3458, #4823 ) ;
#1600 = LINE ( 'NONE', #1712, #150 ) ;
#1601 = CARTESIAN_POINT ( 'NONE',  ( -12.51897548311831088, 5.999999999999998224, 1.000000000000000000 ) ) ;
#1602 = DATE_TIME_ROLE ( 'creation_date' ) ;
#1603 = VERTEX_POINT ( 'NONE', #380 ) ;
#1604 = CARTESIAN_POINT ( 'NONE',  ( 4.688441826964347996E-17, 6.500000000000000000, -2.000000000000000444 ) ) ;
#1605 = LINE ( 'NONE', #3324, #4901 ) ;
#1606 = EDGE_CURVE ( 'NONE', #125, #5551, #4034, .T. ) ;
#1607 = DIRECTION ( 'NONE',  ( -0.000000000000000000, 1.000000000000000000, -0.000000000000000000 ) ) ;
#1608 = FACE_OUTER_BOUND ( 'NONE', #373, .T. ) ;
#1609 = CIRCLE ( 'NONE', #2181, 0.7500000000000000000 ) ;
#1610 = VERTEX_POINT ( 'NONE', #3980 ) ;
#1611 = CARTESIAN_POINT ( 'NONE',  ( 231.9999999999999716, 11.00000000000000000, -78.00000000000000000 ) ) ;
#1612 = EDGE_CURVE ( 'NONE', #1111, #3745, #1742, .T. ) ;
#1613 = DIRECTION ( 'NONE',  ( 1.000000000000000000, -0.000000000000000000, -0.000000000000000000 ) ) ;
#1614 = EDGE_LOOP ( 'NONE', ( #471, #2981, #5671, #4487 ) ) ;
#1615 = EDGE_CURVE ( 'NONE', #1172, #4101, #3074, .T. ) ;
#1616 = ORIENTED_EDGE ( 'NONE', *, *, #4744, .T. ) ;
#1617 = ORIENTED_EDGE ( 'NONE', *, *, #5330, .T. ) ;
#1618 = DIRECTION ( 'NONE',  ( 0.000000000000000000, 1.000000000000000000, -0.000000000000000000 ) ) ;
#1619 = CARTESIAN_POINT ( 'NONE',  ( -50.00000000000000000, 0.000000000000000000, 1.000000000000000000 ) ) ;
#1620 = APPROVAL_STATUS ( 'not_yet_approved' ) ;
#1621 = EDGE_CURVE ( 'NONE', #171, #1319, #47, .T. ) ;
#1622 = EDGE_CURVE ( 'NONE', #5658, #5697, #1447, .T. ) ;
#1623 = CARTESIAN_POINT ( 'NONE',  ( 45.27140777386058801, 8.800000000000000711, -68.51511626432008484 ) ) ;
#1624 = ORIENTED_EDGE ( 'NONE', *, *, #3121, .T. ) ;
#1625 = LINE ( 'NONE', #4717, #35 ) ;
#1626 = PLANE ( 'NONE',  #1670 ) ;
#1627 = CARTESIAN_POINT ( 'NONE',  ( 3.658569102132545043E-13, 6.500000000000000000, -54.89756598715781877 ) ) ;
#1628 = APPROVAL_DATE_TIME ( #1159, #2221 ) ;
#1629 = ORIENTED_EDGE ( 'NONE', *, *, #5190, .T. ) ;
#1630 = AXIS2_PLACEMENT_3D ( 'NONE', #1353, #3179, #5016 ) ;
#1631 = CARTESIAN_POINT ( 'NONE',  ( -19.23935222489148344, 5.999999999999997335, 1.000000000000000000 ) ) ;
#1632 = DIRECTION ( 'NONE',  ( 0.5771317870226690960, 0.000000000000000000, 0.8166510273109441886 ) ) ;
#1633 = CARTESIAN_POINT ( 'NONE',  ( 110.7339460819190720, 4.500000000000000000, -55.89756598715707270 ) ) ;
#1634 = CIRCLE ( 'NONE', #1168, 10.00000000000000355 ) ;
#1635 = CARTESIAN_POINT ( 'NONE',  ( 240.0000000000000000, 11.00000000000000000, -60.85783660764542446 ) ) ;
#1636 = DIRECTION ( 'NONE',  ( -0.000000000000000000, 1.000000000000000000, -0.000000000000000000 ) ) ;
#1637 = VECTOR ( 'NONE', #4376, 1000.000000000000000 ) ;
#1638 = ORIENTED_EDGE ( 'NONE', *, *, #511, .T. ) ;
#1639 = APPROVAL ( #5146, 'UNSPECIFIED' ) ;
#1640 = DIRECTION ( 'NONE',  ( 0.000000000000000000, -0.000000000000000000, -1.000000000000000000 ) ) ;
#1641 = DIRECTION ( 'NONE',  ( -4.852917433365602918E-15, 0.000000000000000000, 1.000000000000000000 ) ) ;
#1642 = ORIENTED_EDGE ( 'NONE', *, *, #2491, .T. ) ;
#1643 = AXIS2_PLACEMENT_3D ( 'NONE', #1601, #589, #4286 ) ;
#1644 = PERSON ( 'NAUO-PER3', 'UNSPECIFIED', 'UNSPECIFIED', ('UNSPECIFIED'), ('UNSPECIFIED'), ('UNSPECIFIED') ) ;
#1645 = B_SPLINE_CURVE_WITH_KNOTS ( 'NONE', 3,
 ( #2935, #1114, #4764, #3383, #664 ),
 .UNSPECIFIED., .F., .F.,
 ( 4, 1, 4 ),
 ( 0.000000000000000000, 0.8183646680142409036, 1.000000000000000000 ),
 .UNSPECIFIED. ) ;
#1646 = ORIENTED_EDGE ( 'NONE', *, *, #3051, .F. ) ;
#1647 = ORIENTED_EDGE ( 'NONE', *, *, #4008, .T. ) ;
#1648 = ADVANCED_FACE ( 'NONE', ( #2793 ), #15, .F. ) ;
#1649 = CARTESIAN_POINT ( 'NONE',  ( 35.31768372440127735, 6.500000000000000000, -58.61949210274161715 ) ) ;
#1650 = CARTESIAN_POINT ( 'NONE',  ( 242.0000000000000000, 11.00000000000000000, -10.00000000000007105 ) ) ;
#1651 = DIRECTION ( 'NONE',  ( 0.000000000000000000, 0.000000000000000000, 1.000000000000000000 ) ) ;
#1652 = ORIENTED_EDGE ( 'NONE', *, *, #2752, .T. ) ;
#1653 = DIRECTION ( 'NONE',  ( 0.000000000000000000, -0.000000000000000000, -1.000000000000000000 ) ) ;
#1654 = AXIS2_PLACEMENT_3D ( 'NONE', #2231, #415, #3080 ) ;
#1655 = CARTESIAN_POINT ( 'NONE',  ( 156.0000000000000284, 4.500000000000000000, -14.43438122311711780 ) ) ;
#1656 = CARTESIAN_POINT ( 'NONE',  ( -2.518975483118307324, 6.000000000000000000, 1.000000000000000000 ) ) ;
#1657 = EDGE_CURVE ( 'NONE', #5622, #3172, #5062, .T. ) ;
#1658 = EDGE_CURVE ( 'NONE', #68, #2668, #4989, .T. ) ;
#1659 = APPROVAL_STATUS ( 'not_yet_approved' ) ;
#1660 = VERTEX_POINT ( 'NONE', #491 ) ;
#1661 = VECTOR ( 'NONE', #4875, 1000.000000000000000 ) ;
#1662 = DIRECTION ( 'NONE',  ( -0.000000000000000000, 1.000000000000000000, -0.000000000000000000 ) ) ;
#1663 = CARTESIAN_POINT ( 'NONE',  ( -2.518975483118307324, 3.999999999999994671, 1.000000000000000000 ) ) ;
#1664 = VECTOR ( 'NONE', #146, 1000.000000000000000 ) ;
#1665 = DIRECTION ( 'NONE',  ( -0.8166510273109441886, 0.000000000000000000, 0.5771317870226690960 ) ) ;
#1666 = DIRECTION ( 'NONE',  ( -1.000000000000000000, -8.673617379884034239E-17, 0.000000000000000000 ) ) ;
#1667 = ADVANCED_FACE ( 'NONE', ( #3726 ), #1861, .F. ) ;
#1668 = AXIS2_PLACEMENT_3D ( 'NONE', #347, #1215, #3572 ) ;
#1669 = DIRECTION ( 'NONE',  ( -0.000000000000000000, 1.000000000000000000, -0.000000000000000000 ) ) ;
#1670 = AXIS2_PLACEMENT_3D ( 'NONE', #3069, #5294, #4396 ) ;
#1671 = CARTESIAN_POINT ( 'NONE',  ( 132.3821894788979137, 0.9999999999999991118, -17.90884988971501102 ) ) ;
#1672 = VERTEX_POINT ( 'NONE', #4122 ) ;
#1673 = ORIENTED_EDGE ( 'NONE', *, *, #113, .T. ) ;
#1674 = DIRECTION ( 'NONE',  ( 0.000000000000000000, 0.000000000000000000, 1.000000000000000000 ) ) ;
#1675 = DIRECTION ( 'NONE',  ( 1.000000000000000000, 0.000000000000000000, -0.000000000000000000 ) ) ;
#1676 = ORIENTED_EDGE ( 'NONE', *, *, #1791, .F. ) ;
#1677 = ORIENTED_EDGE ( 'NONE', *, *, #4859, .T. ) ;
#1678 = CARTESIAN_POINT ( 'NONE',  ( 131.2660539180809565, 6.500000000000000000, -55.89756598715695901 ) ) ;
#1679 = PERSON_AND_ORGANIZATION ( #1644, #5626 ) ;
#1680 = LOCAL_TIME ( 16, 32, 57.00000000000000000, #4803 ) ;
#1681 = EDGE_CURVE ( 'NONE', #612, #1603, #1357, .T. ) ;
#1682 = DIRECTION ( 'NONE',  ( -0.000000000000000000, 1.000000000000000000, -0.000000000000000000 ) ) ;
#1683 = ORIENTED_EDGE ( 'NONE', *, *, #4877, .T. ) ;
#1684 = CARTESIAN_POINT ( 'NONE',  ( 0.000000000000000000, 0.000000000000000000, 1.000000000000000000 ) ) ;
#1685 = DIRECTION ( 'NONE',  ( 0.000000000000000000, -1.000000000000000000, 0.000000000000000000 ) ) ;
#1686 = AXIS2_PLACEMENT_3D ( 'NONE', #1321, #5859, #1733 ) ;
#1687 = LINE ( 'NONE', #1627, #395 ) ;
#1688 = EDGE_CURVE ( 'NONE', #1610, #3300, #3183, .T. ) ;
#1689 = COORDINATED_UNIVERSAL_TIME_OFFSET ( 7, 0, .AHEAD. ) ;
#1690 = ORIENTED_EDGE ( 'NONE', *, *, #5368, .T. ) ;
#1691 = CARTESIAN_POINT ( 'NONE',  ( 196.7285922261393978, 7.300000000000000711, -68.51511626432008484 ) ) ;
#1692 = EDGE_CURVE ( 'NONE', #1426, #4703, #2702, .T. ) ;
#1693 = LINE ( 'NONE', #1663, #3575 ) ;
#1694 = DIRECTION ( 'NONE',  ( 0.000000000000000000, 0.000000000000000000, 1.000000000000000000 ) ) ;
#1695 = CARTESIAN_POINT ( 'NONE',  ( 3.907034855803625898E-18, 9.000000000000000000, -1.000000000000000888 ) ) ;
#1696 = DIRECTION ( 'NONE',  ( 0.7071067811865465735, 0.000000000000000000, -0.7071067811865484609 ) ) ;
#1697 = ADVANCED_FACE ( 'NONE', ( #5020 ), #554, .T. ) ;
#1698 = ADVANCED_FACE ( 'NONE', ( #3217 ), #3245, .F. ) ;
#1699 = DIRECTION ( 'NONE',  ( 0.000000000000000000, 0.000000000000000000, 1.000000000000000000 ) ) ;
#1700 = ORIENTED_EDGE ( 'NONE', *, *, #2351, .F. ) ;
#1701 = ORIENTED_EDGE ( 'NONE', *, *, #4925, .F. ) ;
#1702 = CARTESIAN_POINT ( 'NONE',  ( 1.734723475976807094E-15, 0.000000000000000000, -77.99999999999992895 ) ) ;
#1703 = CARTESIAN_POINT ( 'NONE',  ( 10.00000000000007105, 0.000000000000000000, -88.00000000000000000 ) ) ;
#1704 = AXIS2_PLACEMENT_3D ( 'NONE', #4893, #2611, #3487 ) ;
#1705 = VERTEX_POINT ( 'NONE', #3155 ) ;
#1706 = EDGE_LOOP ( 'NONE', ( #4165, #4570, #2486, #2900 ) ) ;
#1707 = LINE ( 'NONE', #2554, #4265 ) ;
#1708 = VECTOR ( 'NONE', #1952, 999.9999999999998863 ) ;
#1709 = CARTESIAN_POINT ( 'NONE',  ( 86.00000000000000000, 8.800000000000000711, -33.00771455645044483 ) ) ;
#1710 = ORIENTED_EDGE ( 'NONE', *, *, #120, .T. ) ;
#1711 = LINE ( 'NONE', #3544, #41 ) ;
#1712 = CARTESIAN_POINT ( 'NONE',  ( 110.7339460819190720, 6.500000000000000000, -55.89756598715707270 ) ) ;
#1713 = CC_DESIGN_DATE_AND_TIME_ASSIGNMENT ( #1853, #371, ( #542 ) ) ;
#1714 = CARTESIAN_POINT ( 'NONE',  ( -29.23935222489148700, 3.999999999999993339, -0.5000000000000000000 ) ) ;
#1715 = DATE_TIME_ROLE ( 'classification_date' ) ;
#1716 = LINE ( 'NONE', #5844, #5356 ) ;
#1717 = CARTESIAN_POINT ( 'NONE',  ( 0.000000000000000000, 9.000000000000000000, 0.000000000000000000 ) ) ;
#1718 = CARTESIAN_POINT ( 'NONE',  ( 2.000000000000000000, 6.500000000000000000, -10.00000000000005329 ) ) ;
#1719 = ADVANCED_FACE ( 'NONE', ( #5080 ), #2733, .F. ) ;
#1720 = DIRECTION ( 'NONE',  ( 0.000000000000000000, 0.000000000000000000, -1.000000000000000000 ) ) ;
#1721 = PRODUCT_DEFINITION_SHAPE ( 'NONE', 'NONE',  #4608 ) ;
#1722 = LINE ( 'NONE', #3109, #2328 ) ;
#1723 = DIRECTION ( 'NONE',  ( 0.000000000000000000, 1.000000000000000000, -0.000000000000000000 ) ) ;
#1724 = EDGE_LOOP ( 'NONE', ( #4795, #1028, #3211, #4635 ) ) ;
#1725 = ORIENTED_EDGE ( 'NONE', *, *, #4386, .F. ) ;
#1726 = CIRCLE ( 'NONE', #4796, 0.7500000000000000000 ) ;
#1727 = CARTESIAN_POINT ( 'NONE',  ( 36.72859222613939778, 7.300000000000000711, -58.71612128944570941 ) ) ;
#1728 = EDGE_CURVE ( 'NONE', #32, #3125, #463, .T. ) ;
#1729 = AXIS2_PLACEMENT_3D ( 'NONE', #473, #4637, #60 ) ;
#1730 = ORIENTED_EDGE ( 'NONE', *, *, #3394, .F. ) ;
#1731 = ORIENTED_EDGE ( 'NONE', *, *, #5102, .F. ) ;
#1732 = EDGE_CURVE ( 'NONE', #3426, #1660, #947, .T. ) ;
#1733 = DIRECTION ( 'NONE',  ( 0.000000000000000000, 0.000000000000000000, 1.000000000000000000 ) ) ;
#1734 = AXIS2_PLACEMENT_3D ( 'NONE', #1399, #3229, #3354 ) ;
#1735 = SECURITY_CLASSIFICATION_LEVEL ( 'unclassified' ) ;
#1736 = AXIS2_PLACEMENT_3D ( 'NONE', #4736, #1581, #245 ) ;
#1737 = VERTEX_POINT ( 'NONE', #973 ) ;
#1738 = FACE_OUTER_BOUND ( 'NONE', #5938, .T. ) ;
#1739 = CARTESIAN_POINT ( 'NONE',  ( -44.94916343756472088, 3.999999999999994671, 1.000000000000000000 ) ) ;
#1740 = DIRECTION ( 'NONE',  ( 1.000000000000000000, -0.000000000000000000, -0.000000000000000000 ) ) ;
#1741 = DATE_AND_TIME ( #1414, #3314 ) ;
#1742 = LINE ( 'NONE', #1691, #4777 ) ;
#1743 = CARTESIAN_POINT ( 'NONE',  ( 159.4937537328018493, 0.9999999999999991118, -64.06971266595986947 ) ) ;
#1744 = PLANE ( 'NONE',  #1108 ) ;
#1745 = DIRECTION ( 'NONE',  ( 1.000000000000000000, 0.000000000000000000, 3.907034855803622046E-18 ) ) ;
#1746 = ORIENTED_EDGE ( 'NONE', *, *, #4051, .T. ) ;
#1747 = AXIS2_PLACEMENT_3D ( 'NONE', #4597, #2380, #1396 ) ;
#1748 = VECTOR ( 'NONE', #917, 1000.000000000000000 ) ;
#1749 = ADVANCED_FACE ( 'NONE', ( #5449 ), #4618, .F. ) ;
#1750 = CARTESIAN_POINT ( 'NONE',  ( 189.1508201549503383, 11.00000000000000000, -24.63909224581134438 ) ) ;
#1751 = VECTOR ( 'NONE', #1822, 1000.000000000000000 ) ;
#1752 = CARTESIAN_POINT ( 'NONE',  ( 121.0000000000000000, 6.500000000000000000, -46.27423265382377338 ) ) ;
#1753 = VERTEX_POINT ( 'NONE', #5113 ) ;
#1754 = VERTEX_POINT ( 'NONE', #3611 ) ;
#1755 = AXIS2_PLACEMENT_3D ( 'NONE', #4146, #4090, #2303 ) ;
#1756 = DIRECTION ( 'NONE',  ( 1.000000000000000000, 0.000000000000000000, 0.000000000000000000 ) ) ;
#1757 = FACE_BOUND ( 'NONE', #1209, .T. ) ;
#1758 =( NAMED_UNIT ( * ) PLANE_ANGLE_UNIT ( ) SI_UNIT ( $, .RADIAN. ) );
#1759 = AXIS2_PLACEMENT_3D ( 'NONE', #1834, #3702, #3221 ) ;
#1760 = EDGE_LOOP ( 'NONE', ( #3931, #3749, #129, #5060 ) ) ;
#1761 = VERTEX_POINT ( 'NONE', #1331 ) ;
#1762 = EDGE_CURVE ( 'NONE', #3353, #2493, #2662, .T. ) ;
#1763 = DIRECTION ( 'NONE',  ( -1.000000000000000000, -0.000000000000000000, -0.000000000000000000 ) ) ;
#1764 = EDGE_CURVE ( 'NONE', #3597, #686, #4308, .T. ) ;
#1765 = DATE_TIME_ROLE ( 'classification_date' ) ;
#1766 = CIRCLE ( 'NONE', #5135, 8.999999999999998224 ) ;
#1767 = PRODUCT_DEFINITION_SHAPE ( 'NONE', 'NONE',  #5943 ) ;
#1768 = ORIENTED_EDGE ( 'NONE', *, *, #4120, .F. ) ;
#1769 = EDGE_CURVE ( 'NONE', #1863, #3262, #1479, .T. ) ;
#1770 = CARTESIAN_POINT ( 'NONE',  ( -2.518975483118307324, 4.999999999999994671, -0.5000000000000000000 ) ) ;
#1771 = DIRECTION ( 'NONE',  ( 1.000000000000000000, 0.000000000000000000, 8.951293020695648905E-16 ) ) ;
#1772 = FACE_OUTER_BOUND ( 'NONE', #2038, .T. ) ;
#1773 = LOCAL_TIME ( 16, 32, 57.00000000000000000, #3453 ) ;
#1774 = COORDINATED_UNIVERSAL_TIME_OFFSET ( 7, 0, .AHEAD. ) ;
#1775 = CARTESIAN_POINT ( 'NONE',  ( 2.000000000000001776, 0.9999999999999991118, -74.99124936669818453 ) ) ;
#1776 = CC_DESIGN_SECURITY_CLASSIFICATION ( #3800, ( #5947 ) ) ;
#1777 = PLANE ( 'NONE',  #140 ) ;
#1778 = VECTOR ( 'NONE', #2909, 1000.000000000000000 ) ;
#1779 = DIRECTION ( 'NONE',  ( -0.000000000000000000, -1.000000000000000000, -0.000000000000000000 ) ) ;
#1780 = CARTESIAN_POINT ( 'NONE',  ( 231.9999999999999716, 0.000000000000000000, -9.999999999999998224 ) ) ;
#1781 = VERTEX_POINT ( 'NONE', #2400 ) ;
#1782 = CARTESIAN_POINT ( 'NONE',  ( -12.51897548311830910, 3.999999999999994671, 1.000000000000000000 ) ) ;
#1783 = LINE ( 'NONE', #3987, #328 ) ;
#1784 = ORIENTED_EDGE ( 'NONE', *, *, #3051, .T. ) ;
#1785 = VERTEX_POINT ( 'NONE', #4807 ) ;
#1786 = DIRECTION ( 'NONE',  ( 0.5275811044404123962, 0.000000000000000000, -0.8495046664012120274 ) ) ;
#1787 = DIRECTION ( 'NONE',  ( -2.344220913482173998E-17, 0.000000000000000000, 1.000000000000000000 ) ) ;
#1788 = CC_DESIGN_PERSON_AND_ORGANIZATION_ASSIGNMENT ( #264, #2084, ( #1964 ) ) ;
#1789 = VERTEX_POINT ( 'NONE', #3791 ) ;
#1790 = ORIENTED_EDGE ( 'NONE', *, *, #861, .T. ) ;
#1791 = EDGE_CURVE ( 'NONE', #2515, #655, #853, .T. ) ;
#1792 = DIRECTION ( 'NONE',  ( 1.000000000000000000, -0.000000000000000000, -0.000000000000000000 ) ) ;
#1793 = EDGE_CURVE ( 'NONE', #3140, #3793, #5595, .T. ) ;
#1794 = APPROVAL_DATE_TIME ( #821, #5797 ) ;
#1795 = VECTOR ( 'NONE', #2079, 1000.000000000000000 ) ;
#1796 = EDGE_LOOP ( 'NONE', ( #2358, #4454, #2196, #1998 ) ) ;
#1797 = CARTESIAN_POINT ( 'NONE',  ( -12.51897548311830910, 3.999999999999994671, 0.000000000000000000 ) ) ;
#1798 = VECTOR ( 'NONE', #2920, 1000.000000000000000 ) ;
#1799 = DIRECTION ( 'NONE',  ( -1.000000000000000000, -8.673617379884034239E-17, -0.000000000000000000 ) ) ;
#1800 = CARTESIAN_POINT ( 'NONE',  ( 30.28613018242083044, 0.9999999999999991118, 38.24622880151927973 ) ) ;
#1801 = APPLICATION_PROTOCOL_DEFINITION ( 'international standard', 'config_control_design', 1994, #5884 ) ;
#1802 = ADVANCED_FACE ( 'NONE', ( #678 ), #5147, .T. ) ;
#1803 = EDGE_CURVE ( 'NONE', #3814, #712, #3405, .T. ) ;
#1804 = CARTESIAN_POINT ( 'NONE',  ( 157.2204887913150344, 0.9999999999999991118, -31.44577197353467213 ) ) ;
#1805 = DIRECTION ( 'NONE',  ( 1.000000000000000000, 0.000000000000000000, -0.000000000000000000 ) ) ;
#1806 = LINE ( 'NONE', #3638, #5508 ) ;
#1807 = CARTESIAN_POINT ( 'NONE',  ( 0.000000000000000000, 0.9999999999999991118, 0.000000000000000000 ) ) ;
#1808 = VERTEX_POINT ( 'NONE', #2924 ) ;
#1809 = DIRECTION ( 'NONE',  ( -0.6571396575170147525, 0.000000000000000000, 0.7537688442211050166 ) ) ;
#1810 = DIRECTION ( 'NONE',  ( -0.000000000000000000, -0.000000000000000000, -1.000000000000000000 ) ) ;
#1811 = VERTEX_POINT ( 'NONE', #5629 ) ;
#1812 = EDGE_LOOP ( 'NONE', ( #4955, #4074, #4381, #2417 ) ) ;
#1813 = DIRECTION ( 'NONE',  ( -0.7537688442211051276, 0.000000000000000000, -0.6571396575170146415 ) ) ;
#1814 = CARTESIAN_POINT ( 'NONE',  ( 0.000000000000000000, 9.000000000000000000, 0.000000000000000000 ) ) ;
#1815 = DIRECTION ( 'NONE',  ( 0.000000000000000000, 0.000000000000000000, 1.000000000000000000 ) ) ;
#1816 = PRODUCT_DEFINITION_SHAPE ( 'NONE', 'NONE',  #5910 ) ;
#1817 = ORIENTED_EDGE ( 'NONE', *, *, #4985, .T. ) ;
#1818 = CC_DESIGN_DATE_AND_TIME_ASSIGNMENT ( #3403, #2951, ( #5619 ) ) ;
#1819 = LINE ( 'NONE', #3010, #5350 ) ;
#1820 = CIRCLE ( 'NONE', #5670, 5.719358714986383596 ) ;
#1821 = ORIENTED_EDGE ( 'NONE', *, *, #2277, .T. ) ;
#1822 = DIRECTION ( 'NONE',  ( -0.000000000000000000, -1.000000000000000000, -0.000000000000000000 ) ) ;
#1823 = EDGE_CURVE ( 'NONE', #5678, #5663, #5204, .T. ) ;
#1824 = ORIENTED_EDGE ( 'NONE', *, *, #1260, .F. ) ;
#1825 = CARTESIAN_POINT ( 'NONE',  ( 83.71563206574275284, 6.500000000000000000, -96.02560810873121966 ) ) ;
#1826 = CIRCLE ( 'NONE', #4239, 9.999999999999994671 ) ;
#1827 = CYLINDRICAL_SURFACE ( 'NONE', #215, 10.00000000000000533 ) ;
#1828 = DIRECTION ( 'NONE',  ( 0.7839673537729059394, 0.000000000000000000, -0.6208020523631565535 ) ) ;
#1829 = PERSON_AND_ORGANIZATION ( #82, #1018 ) ;
#1830 = DIRECTION ( 'NONE',  ( 1.000000000000000000, 0.000000000000000000, 7.365866894982313429E-15 ) ) ;
#1831 = ORIENTED_EDGE ( 'NONE', *, *, #5212, .T. ) ;
#1832 = CARTESIAN_POINT ( 'NONE',  ( 156.0000000000000000, 4.500000000000000000, -34.33438122311710572 ) ) ;
#1833 = EDGE_CURVE ( 'NONE', #863, #2686, #3528, .T. ) ;
#1834 = CARTESIAN_POINT ( 'NONE',  ( 240.0000000000000000, 0.9999999999999991118, 0.000000000000000000 ) ) ;
#1835 = DIRECTION ( 'NONE',  ( -6.066146791707003648E-16, 0.000000000000000000, 1.000000000000000000 ) ) ;
#1836 = VERTEX_POINT ( 'NONE', #2523 ) ;
#1837 = EDGE_CURVE ( 'NONE', #4098, #4101, #1236, .T. ) ;
#1838 = DIRECTION ( 'NONE',  ( -0.000000000000000000, -1.000000000000000000, -0.000000000000000000 ) ) ;
#1839 = LINE ( 'NONE', #5059, #2029 ) ;
#1840 = ORIENTED_EDGE ( 'NONE', *, *, #1681, .T. ) ;
#1841 = ORIENTED_EDGE ( 'NONE', *, *, #4951, .T. ) ;
#1842 = LINE ( 'NONE', #3681, #3270 ) ;
#1843 = AXIS2_PLACEMENT_3D ( 'NONE', #300, #5705, #724 ) ;
#1844 = DIRECTION ( 'NONE',  ( 0.000000000000000000, 0.000000000000000000, 1.000000000000000000 ) ) ;
#1845 = CARTESIAN_POINT ( 'NONE',  ( 68.94103547024950274, 47.99116722681621638, 104.8583826981586924 ) ) ;
#1846 = AXIS2_PLACEMENT_3D ( 'NONE', #1650, #2157, #3005 ) ;
#1847 = VERTEX_POINT ( 'NONE', #4249 ) ;
#1848 = VECTOR ( 'NONE', #4660, 1000.000000000000000 ) ;
#1849 = LINE ( 'NONE', #5098, #4522 ) ;
#1850 = EDGE_LOOP ( 'NONE', ( #223, #2401, #5572, #948 ) ) ;
#1851 = CARTESIAN_POINT ( 'NONE',  ( 241.0000000000000000, 11.00000000000000000, 0.000000000000000000 ) ) ;
#1852 = VECTOR ( 'NONE', #1070, 1000.000000000000000 ) ;
#1853 = DATE_AND_TIME ( #3122, #2454 ) ;
#1854 = VERTEX_POINT ( 'NONE', #170 ) ;
#1855 = VECTOR ( 'NONE', #5906, 1000.000000000000000 ) ;
#1856 = DIRECTION ( 'NONE',  ( 1.000000000000000000, -0.000000000000000000, -0.000000000000000000 ) ) ;
#1857 = CARTESIAN_POINT ( 'NONE',  ( 10.00000000000006928, 9.000000000000000000, -88.00000000000000000 ) ) ;
#1858 = CARTESIAN_POINT ( 'NONE',  ( 0.000000000000000000, 0.9999999999999991118, 0.000000000000000000 ) ) ;
#1859 = APPROVAL ( #3244, 'UNSPECIFIED' ) ;
#1860 = CALENDAR_DATE ( 2024, 9, 7 ) ;
#1861 = PLANE ( 'NONE',  #3438 ) ;
#1862 = ORIENTED_EDGE ( 'NONE', *, *, #192, .T. ) ;
#1863 = VERTEX_POINT ( 'NONE', #3340 ) ;
#1864 = FACE_OUTER_BOUND ( 'NONE', #2152, .T. ) ;
#1865 = PRODUCT_DEFINITION_FORMATION_WITH_SPECIFIED_SOURCE ( 'ANY', '', #1298, .NOT_KNOWN. ) ;
#1866 = DIRECTION ( 'NONE',  ( -0.000000000000000000, 0.000000000000000000, -1.000000000000000000 ) ) ;
#1867 = ADVANCED_FACE ( 'NONE', ( #2954 ), #3822, .F. ) ;
#1868 = DIRECTION ( 'NONE',  ( 0.000000000000000000, 0.000000000000000000, -1.000000000000000000 ) ) ;
#1869 = ORIENTED_EDGE ( 'NONE', *, *, #795, .F. ) ;
#1870 = LOCAL_TIME ( 16, 32, 57.00000000000000000, #4863 ) ;
#1871 = ADVANCED_FACE ( 'NONE', ( #3888 ), #1926, .T. ) ;
#1872 = AXIS2_PLACEMENT_3D ( 'NONE', #3717, #1525, #1435 ) ;
#1873 = CARTESIAN_POINT ( 'NONE',  ( 9.999999999999998224, 9.000000000000000000, -78.00000000000000000 ) ) ;
#1874 = DIRECTION ( 'NONE',  ( 1.000000000000000000, -0.000000000000000000, 0.000000000000000000 ) ) ;
#1875 = ORIENTED_EDGE ( 'NONE', *, *, #758, .F. ) ;
#1876 = VERTEX_POINT ( 'NONE', #1956 ) ;
#1877 = CARTESIAN_POINT ( 'NONE',  ( -29.23935222489148700, 3.999999999999993339, 1.000000000000000000 ) ) ;
#1878 = ORGANIZATION ( 'NAUO-ORG4', 'UNSPECIFIED', 'UNSPECIFIED' ) ;
#1879 = DIRECTION ( 'NONE',  ( -1.000000000000000000, 0.000000000000000000, -0.000000000000000000 ) ) ;
#1880 = ADVANCED_FACE ( 'NONE', ( #1068 ), #3759, .T. ) ;
#1881 = EDGE_CURVE ( 'NONE', #3745, #771, #4334, .T. ) ;
#1882 = VERTEX_POINT ( 'NONE', #1533 ) ;
#1883 = CARTESIAN_POINT ( 'NONE',  ( -12.51897548311830910, 3.999999999999994671, 1.000000000000000000 ) ) ;
#1884 = EDGE_LOOP ( 'NONE', ( #3381, #4499, #2286, #2179 ) ) ;
#1885 =( REPRESENTATION_RELATIONSHIP ('NONE','NONE', #3561, #5832 ) REPRESENTATION_RELATIONSHIP_WITH_TRANSFORMATION ( #3515 )SHAPE_REPRESENTATION_RELATIONSHIP( ) );
#1886 = FACE_OUTER_BOUND ( 'NONE', #5103, .T. ) ;
#1887 = ORIENTED_EDGE ( 'NONE', *, *, #3635, .F. ) ;
#1888 = VERTEX_POINT ( 'NONE', #3371 ) ;
#1889 = ORIENTED_EDGE ( 'NONE', *, *, #1329, .F. ) ;
#1890 = CARTESIAN_POINT ( 'NONE',  ( 0.000000000000000000, 0.9999999999999991118, -73.24436680701796831 ) ) ;
#1891 = FACE_OUTER_BOUND ( 'NONE', #2499, .T. ) ;
#1892 = DIRECTION ( 'NONE',  ( 0.7903250251122234671, 0.000000000000000000, -0.6126878117617187147 ) ) ;
#1893 = APPLICATION_PROTOCOL_DEFINITION ( 'international standard', 'config_control_design', 1994, #2887 ) ;
#1894 = AXIS2_PLACEMENT_3D ( 'NONE', #5562, #4562, #1009 ) ;
#1895 = DIRECTION ( 'NONE',  ( 0.000000000000000000, 0.000000000000000000, 1.000000000000000000 ) ) ;
#1896 = ORIENTED_EDGE ( 'NONE', *, *, #5742, .T. ) ;
#1897 = DIRECTION ( 'NONE',  ( -0.000000000000000000, 1.000000000000000000, -0.000000000000000000 ) ) ;
#1898 = LINE ( 'NONE', #3729, #1008 ) ;
#1899 = LINE ( 'NONE', #2285, #5773 ) ;
#1900 = VERTEX_POINT ( 'NONE', #5719 ) ;
#1901 = FACE_BOUND ( 'NONE', #3505, .T. ) ;
#1902 = EDGE_CURVE ( 'NONE', #3228, #906, #5264, .T. ) ;
#1903 = LINE ( 'NONE', #5481, #3573 ) ;
#1904 = ORIENTED_EDGE ( 'NONE', *, *, #3338, .T. ) ;
#1905 = VERTEX_POINT ( 'NONE', #1623 ) ;
#1906 = CARTESIAN_POINT ( 'NONE',  ( 173.0700579582542105, 11.00000000000000000, -67.52500809203158383 ) ) ;
#1907 = LINE ( 'NONE', #3770, #2002 ) ;
#1908 = ORIENTED_EDGE ( 'NONE', *, *, #1126, .F. ) ;
#1909 = CARTESIAN_POINT ( 'NONE',  ( 6.460990019177836633E-14, 0.9999999999999991118, -72.17940474342466928 ) ) ;
#1910 = ORIENTED_EDGE ( 'NONE', *, *, #5920, .T. ) ;
#1911 = EDGE_CURVE ( 'NONE', #4557, #365, #5774, .T. ) ;
#1912 = DIRECTION ( 'NONE',  ( -0.000000000000000000, 1.000000000000000000, -0.000000000000000000 ) ) ;
#1913 = EDGE_CURVE ( 'NONE', #4179, #3708, #2556, .T. ) ;
#1914 = VECTOR ( 'NONE', #4478, 1000.000000000000114 ) ;
#1915 = ORIENTED_EDGE ( 'NONE', *, *, #3861, .F. ) ;
#1916 = ORIENTED_EDGE ( 'NONE', *, *, #1977, .T. ) ;
#1917 = EDGE_CURVE ( 'NONE', #3196, #4475, #5448, .T. ) ;
#1918 = VERTEX_POINT ( 'NONE', #345 ) ;
#1919 = LINE ( 'NONE', #458, #4735 ) ;
#1920 = LINE ( 'NONE', #3816, #3747 ) ;
#1921 = CARTESIAN_POINT ( 'NONE',  ( 131.5249655159693134, 11.00000000000000000, -131.6260520204170064 ) ) ;
#1922 = VECTOR ( 'NONE', #5467, 1000.000000000000000 ) ;
#1923 = PLANE ( 'NONE',  #2390 ) ;
#1924 = CALENDAR_DATE ( 2024, 9, 7 ) ;
#1925 = CIRCLE ( 'NONE', #1268, 7.999999999999992895 ) ;
#1926 = CYLINDRICAL_SURFACE ( 'NONE', #462, 9.999999999999994671 ) ;
#1927 = ORIENTED_EDGE ( 'NONE', *, *, #3554, .T. ) ;
#1928 = DIRECTION ( 'NONE',  ( 0.000000000000000000, 1.000000000000000000, -0.000000000000000000 ) ) ;
#1929 = CARTESIAN_POINT ( 'NONE',  ( 231.9999999999999716, 6.500000000000000000, -9.999999999999998224 ) ) ;
#1930 = DIRECTION ( 'NONE',  ( -1.000000000000000000, 0.000000000000000000, -5.102127870520028008E-17 ) ) ;
#1931 = AXIS2_PLACEMENT_3D ( 'NONE', #3106, #5785, #5874 ) ;
#1932 = VERTEX_POINT ( 'NONE', #4362 ) ;
#1933 = AXIS2_PLACEMENT_3D ( 'NONE', #1972, #5069, #3233 ) ;
#1934 = CARTESIAN_POINT ( 'NONE',  ( 51.09402862622982866, 0.9999999999999991118, -51.13329810432273348 ) ) ;
#1935 = LINE ( 'NONE', #1425, #2790 ) ;
#1936 = ORIENTED_EDGE ( 'NONE', *, *, #2705, .T. ) ;
#1937 = ORIENTED_EDGE ( 'NONE', *, *, #1509, .T. ) ;
#1938 = CARTESIAN_POINT ( 'NONE',  ( 0.000000000000000000, 11.00000000000000000, -87.00000000000000000 ) ) ;
#1939 = LINE ( 'NONE', #183, #4400 ) ;
#1940 = EDGE_CURVE ( 'NONE', #193, #4255, #1242, .T. ) ;
#1941 = ORIENTED_EDGE ( 'NONE', *, *, #241, .T. ) ;
#1942 = CARTESIAN_POINT ( 'NONE',  ( -47.07048378112436637, 5.634428877022473081, 1.000000000000000000 ) ) ;
#1943 = ORIENTED_EDGE ( 'NONE', *, *, #4144, .F. ) ;
#1944 = DIRECTION ( 'NONE',  ( -0.000000000000000000, 1.000000000000000000, -0.000000000000000000 ) ) ;
#1945 = CIRCLE ( 'NONE', #5597, 8.999999999999994671 ) ;
#1946 = EDGE_LOOP ( 'NONE', ( #1422, #5056, #5621, #744 ) ) ;
#1947 = EDGE_CURVE ( 'NONE', #5493, #4301, #759, .T. ) ;
#1948 = EDGE_LOOP ( 'NONE', ( #2798, #2460, #4323, #2721, #1710, #2321, #3994, #3615 ) ) ;
#1949 = ORIENTED_EDGE ( 'NONE', *, *, #5139, .T. ) ;
#1950 = EDGE_CURVE ( 'NONE', #3326, #3629, #1994, .T. ) ;
#1951 = LINE ( 'NONE', #100, #4331 ) ;
#1952 = DIRECTION ( 'NONE',  ( 0.7073783561143596188, 0.000000000000000000, 0.7068351019162434357 ) ) ;
#1953 = PERSON_AND_ORGANIZATION_ROLE ( 'classification_officer' ) ;
#1954 = EDGE_CURVE ( 'NONE', #4708, #446, #1819, .T. ) ;
#1955 = AXIS2_PLACEMENT_3D ( 'NONE', #2404, #1072, #2927 ) ;
#1956 = CARTESIAN_POINT ( 'NONE',  ( 234.2079578780316353, 0.9999999999999991118, -9.999999999999962697 ) ) ;
#1957 = ORIENTED_EDGE ( 'NONE', *, *, #1692, .T. ) ;
#1958 = DIRECTION ( 'NONE',  ( -1.000000000000000000, 2.072889816903640769E-17, 0.000000000000000000 ) ) ;
#1959 = LINE ( 'NONE', #2019, #1575 ) ;
#1960 = DIRECTION ( 'NONE',  ( 0.6571396575170141974, 0.000000000000000000, -0.7537688442211055717 ) ) ;
#1961 = VERTEX_POINT ( 'NONE', #5747 ) ;
#1962 = APPLICATION_CONTEXT ( 'configuration controlled 3d designs of mechanical parts and assemblies' ) ;
#1963 = DIRECTION ( 'NONE',  ( -0.000000000000000000, -0.000000000000000000, -1.000000000000000000 ) ) ;
#1964 = PRODUCT_DEFINITION_FORMATION_WITH_SPECIFIED_SOURCE ( 'ANY', '', #3596, .NOT_KNOWN. ) ;
#1965 = DIRECTION ( 'NONE',  ( 0.000000000000000000, 0.000000000000000000, -1.000000000000000000 ) ) ;
#1966 = ORIENTED_EDGE ( 'NONE', *, *, #2161, .T. ) ;
#1967 = EDGE_LOOP ( 'NONE', ( #117, #1840, #851, #5321 ) ) ;
#1968 = CARTESIAN_POINT ( 'NONE',  ( 0.000000000000000000, 6.000000000000000000, -0.5000000000000000000 ) ) ;
#1969 = DIRECTION ( 'NONE',  ( 0.000000000000000000, 0.000000000000000000, -1.000000000000000000 ) ) ;
#1970 = SECURITY_CLASSIFICATION ( '', '', #1330 ) ;
#1971 = CARTESIAN_POINT ( 'NONE',  ( 0.000000000000000000, 0.000000000000000000, -0.5000000000000000000 ) ) ;
#1972 = CARTESIAN_POINT ( 'NONE',  ( 231.9999999999999716, 0.000000000000000000, -9.999999999999998224 ) ) ;
#1973 = ORIENTED_EDGE ( 'NONE', *, *, #3683, .F. ) ;
#1974 = AXIS2_PLACEMENT_3D ( 'NONE', #247, #275, #2065 ) ;
#1975 = CARTESIAN_POINT ( 'NONE',  ( 35.31768372440127735, 6.500000000000000000, -58.61949210274161715 ) ) ;
#1976 = ORIENTED_EDGE ( 'NONE', *, *, #3835, .F. ) ;
#1977 = EDGE_CURVE ( 'NONE', #3352, #246, #5320, .T. ) ;
#1978 = ORIENTED_EDGE ( 'NONE', *, *, #3119, .T. ) ;
#1979 = ORIENTED_EDGE ( 'NONE', *, *, #4375, .T. ) ;
#1980 = EDGE_CURVE ( 'NONE', #4668, #98, #5836, .T. ) ;
#1981 = CARTESIAN_POINT ( 'NONE',  ( 7.000000000000003553, 7.300000000000000711, -77.99999999999997158 ) ) ;
#1982 = CARTESIAN_POINT ( 'NONE',  ( 0.000000000000000000, 0.000000000000000000, -10.00000000000007105 ) ) ;
#1983 = DATE_AND_TIME ( #1532, #1025 ) ;
#1984 = DIRECTION ( 'NONE',  ( 0.000000000000000000, 0.000000000000000000, 1.000000000000000000 ) ) ;
#1985 = ORIENTED_EDGE ( 'NONE', *, *, #4724, .F. ) ;
#1986 = ORIENTED_EDGE ( 'NONE', *, *, #305, .T. ) ;
#1987 = LINE ( 'NONE', #5266, #4449 ) ;
#1988 = DESIGN_CONTEXT ( 'detailed design', #2887, 'design' ) ;
#1989 = CARTESIAN_POINT ( 'NONE',  ( 240.0000000000000000, 6.500000000000000000, 0.000000000000000000 ) ) ;
#1990 = DIRECTION ( 'NONE',  ( 0.7537688442211062378, 0.000000000000000000, -0.6571396575170133092 ) ) ;
#1991 = EDGE_CURVE ( 'NONE', #1020, #4268, #4013, .T. ) ;
#1992 = ADVANCED_FACE ( 'NONE', ( #4836 ), #1213, .F. ) ;
#1993 = ORIENTED_EDGE ( 'NONE', *, *, #1466, .F. ) ;
#1994 = CIRCLE ( 'NONE', #1704, 1.000000000000000000 ) ;
#1995 = CARTESIAN_POINT ( 'NONE',  ( -12.51897548311831088, 4.999999999999997335, 0.6000000000000000888 ) ) ;
#1996 = DIRECTION ( 'NONE',  ( -0.000000000000000000, -1.000000000000000000, -0.000000000000000000 ) ) ;
#1997 = ORIENTED_EDGE ( 'NONE', *, *, #749, .T. ) ;
#1998 = ORIENTED_EDGE ( 'NONE', *, *, #704, .F. ) ;
#1999 = AXIS2_PLACEMENT_3D ( 'NONE', #580, #4330, #1096 ) ;
#2000 = LINE ( 'NONE', #3836, #2119 ) ;
#2001 = CARTESIAN_POINT ( 'NONE',  ( -29.23935222489148700, 3.999999999999993339, 1.000000000000000000 ) ) ;
#2002 = VECTOR ( 'NONE', #2384, 1000.000000000000000 ) ;
#2003 = VERTEX_POINT ( 'NONE', #2722 ) ;
#2004 = PLANE ( 'NONE',  #5872 ) ;
#2005 = ORIENTED_EDGE ( 'NONE', *, *, #2863, .F. ) ;
#2006 = LINE ( 'NONE', #5676, #2551 ) ;
#2007 = DIRECTION ( 'NONE',  ( 0.7537688442211059048, 0.000000000000000000, 0.6571396575170137533 ) ) ;
#2008 = ORIENTED_EDGE ( 'NONE', *, *, #4332, .T. ) ;
#2009 = ORIENTED_EDGE ( 'NONE', *, *, #5036, .F. ) ;
#2010 = EDGE_LOOP ( 'NONE', ( #416, #4496, #4178, #4241 ) ) ;
#2011 = CARTESIAN_POINT ( 'NONE',  ( -50.00000000000000000, 0.000000000000000000, 1.000000000000000000 ) ) ;
#2012 = CARTESIAN_POINT ( 'NONE',  ( 175.4590705723932160, 11.00000000000000000, -24.21231086494826812 ) ) ;
#2013 = DATE_AND_TIME ( #1924, #2640 ) ;
#2014 = ADVANCED_FACE ( 'NONE', ( #4419 ), #3040, .T. ) ;
#2015 = CARTESIAN_POINT ( 'NONE',  ( 231.9999999999999716, 9.000000000000000000, -9.999999999999998224 ) ) ;
#2016 = EDGE_LOOP ( 'NONE', ( #5539, #2080, #5355, #5709 ) ) ;
#2017 = CARTESIAN_POINT ( 'NONE',  ( -34.94916343756472088, 3.999999999999995559, 0.5000000000000000000 ) ) ;
#2018 = VECTOR ( 'NONE', #5779, 1000.000000000000000 ) ;
#2019 = CARTESIAN_POINT ( 'NONE',  ( 36.98952055798031324, 0.9999999999999991118, -17.61644497113593744 ) ) ;
#2020 = DIRECTION ( 'NONE',  ( -0.000000000000000000, 1.000000000000000000, -0.000000000000000000 ) ) ;
#2021 = APPROVAL_DATE_TIME ( #5065, #1423 ) ;
#2022 = ORIENTED_EDGE ( 'NONE', *, *, #5388, .T. ) ;
#2023 = VECTOR ( 'NONE', #3785, 1000.000000000000000 ) ;
#2024 = EDGE_CURVE ( 'NONE', #5426, #1705, #316, .T. ) ;
#2025 = DIRECTION ( 'NONE',  ( 1.000000000000000000, 0.000000000000000000, 0.000000000000000000 ) ) ;
#2026 = VERTEX_POINT ( 'NONE', #3969 ) ;
#2027 = AXIS2_PLACEMENT_3D ( 'NONE', #4670, #2843, #567 ) ;
#2028 = DIRECTION ( 'NONE',  ( 0.000000000000000000, 0.000000000000000000, -1.000000000000000000 ) ) ;
#2029 = VECTOR ( 'NONE', #500, 1000.000000000000000 ) ;
#2030 = DIRECTION ( 'NONE',  ( 0.7537688442211051276, 0.000000000000000000, 0.6571396575170146415 ) ) ;
#2031 = ADVANCED_FACE ( 'NONE', ( #451 ), #5347, .F. ) ;
#2032 = DIRECTION ( 'NONE',  ( -1.000000000000000000, 0.000000000000000000, 0.000000000000000000 ) ) ;
#2033 = EDGE_LOOP ( 'NONE', ( #2692, #4888, #1534, #5090 ) ) ;
#2034 = CARTESIAN_POINT ( 'NONE',  ( 93.80621373527520745, 11.00000000000000000, -9.999999999999998224 ) ) ;
#2035 = DIRECTION ( 'NONE',  ( 1.000000000000000000, 1.717263521134806862E-16, -0.000000000000000000 ) ) ;
#2036 = EDGE_CURVE ( 'NONE', #482, #3804, #2409, .T. ) ;
#2037 = ORIENTED_EDGE ( 'NONE', *, *, #2197, .T. ) ;
#2038 = EDGE_LOOP ( 'NONE', ( #4045, #5608, #4044, #1489 ) ) ;
#2039 = LINE ( 'NONE', #2553, #4507 ) ;
#2040 = DIRECTION ( 'NONE',  ( -1.000000000000000000, 0.000000000000000000, 0.000000000000000000 ) ) ;
#2041 = VECTOR ( 'NONE', #214, 1000.000000000000000 ) ;
#2042 = VECTOR ( 'NONE', #4289, 1000.000000000000000 ) ;
#2043 = SECURITY_CLASSIFICATION_LEVEL ( 'unclassified' ) ;
#2044 = VECTOR ( 'NONE', #1963, 1000.000000000000000 ) ;
#2045 = DIRECTION ( 'NONE',  ( -7.653191805780047250E-17, 0.000000000000000000, 1.000000000000000000 ) ) ;
#2046 = VERTEX_POINT ( 'NONE', #1709 ) ;
#2047 = VECTOR ( 'NONE', #2494, 1000.000000000000000 ) ;
#2048 = CARTESIAN_POINT ( 'NONE',  ( -8.215947228172201022, 6.500000000000000000, -7.162706165280599002 ) ) ;
#2049 = LINE ( 'NONE', #1655, #1201 ) ;
#2050 = CC_DESIGN_DATE_AND_TIME_ASSIGNMENT ( #3493, #5326, ( #4278 ) ) ;
#2051 = DIRECTION ( 'NONE',  ( 0.7073783561143608400, 0.000000000000000000, 0.7068351019162422144 ) ) ;
#2052 = VECTOR ( 'NONE', #2061, 1000.000000000000000 ) ;
#2053 =( NAMED_UNIT ( * ) PLANE_ANGLE_UNIT ( ) SI_UNIT ( $, .RADIAN. ) );
#2054 = ORIENTED_EDGE ( 'NONE', *, *, #1267, .F. ) ;
#2055 = CIRCLE ( 'NONE', #4456, 3.000000000000000888 ) ;
#2056 = ADVANCED_FACE ( 'NONE', ( #3542 ), #3171, .T. ) ;
#2057 = DIRECTION ( 'NONE',  ( -0.000000000000000000, 1.000000000000000000, -0.000000000000000000 ) ) ;
#2058 = VECTOR ( 'NONE', #3607, 1000.000000000000000 ) ;
#2059 = EDGE_CURVE ( 'NONE', #612, #3196, #1027, .T. ) ;
#2060 = CARTESIAN_POINT ( 'NONE',  ( 2.121320343559649046, 5.999999999999993783, 0.2500000000000000000 ) ) ;
#2061 = DIRECTION ( 'NONE',  ( -6.377659838150038553E-17, 0.000000000000000000, 1.000000000000000000 ) ) ;
#2062 = LINE ( 'NONE', #4791, #2519 ) ;
#2063 = VERTEX_POINT ( 'NONE', #1494 ) ;
#2064 = AXIS2_PLACEMENT_3D ( 'NONE', #3291, #3862, #3231 ) ;
#2065 = DIRECTION ( 'NONE',  ( 0.000000000000000000, 0.000000000000000000, 1.000000000000000000 ) ) ;
#2066 = DIRECTION ( 'NONE',  ( 0.000000000000000000, 0.000000000000000000, -1.000000000000000000 ) ) ;
#2067 = ORIENTED_EDGE ( 'NONE', *, *, #1881, .T. ) ;
#2068 = EDGE_CURVE ( 'NONE', #413, #3352, #4173, .T. ) ;
#2069 = EDGE_CURVE ( 'NONE', #1540, #2493, #93, .T. ) ;
#2070 = ORIENTED_EDGE ( 'NONE', *, *, #5319, .T. ) ;
#2071 = PRODUCT_DEFINITION_FORMATION_WITH_SPECIFIED_SOURCE ( 'ANY', '', #4026, .NOT_KNOWN. ) ;
#2072 = ORIENTED_EDGE ( 'NONE', *, *, #3349, .T. ) ;
#2073 = VECTOR ( 'NONE', #3444, 1000.000000000000000 ) ;
#2074 = CARTESIAN_POINT ( 'NONE',  ( 0.000000000000000000, 0.9999999999999991118, 0.000000000000000000 ) ) ;
#2075 = DIRECTION ( 'NONE',  ( 1.000000000000000000, -0.000000000000000000, -0.000000000000000000 ) ) ;
#2076 =( NAMED_UNIT ( * ) PLANE_ANGLE_UNIT ( ) SI_UNIT ( $, .RADIAN. ) );
#2077 = DATE_AND_TIME ( #2607, #1680 ) ;
#2078 = VECTOR ( 'NONE', #5854, 1000.000000000000000 ) ;
#2079 = DIRECTION ( 'NONE',  ( -1.000000000000000000, 0.000000000000000000, 0.000000000000000000 ) ) ;
#2080 = ORIENTED_EDGE ( 'NONE', *, *, #1793, .F. ) ;
#2081 = CARTESIAN_POINT ( 'NONE',  ( 231.9999999999999147, 7.300000000000000711, -7.000000000000000000 ) ) ;
#2082 = CARTESIAN_POINT ( 'NONE',  ( 75.94467848013569267, 0.9999999999999991118, -86.00000000000000000 ) ) ;
#2083 = LINE ( 'NONE', #3243, #1344 ) ;
#2084 = PERSON_AND_ORGANIZATION_ROLE ( 'design_supplier' ) ;
#2085 = VERTEX_POINT ( 'NONE', #1433 ) ;
#2086 = CC_DESIGN_DATE_AND_TIME_ASSIGNMENT ( #1269, #4444, ( #5813 ) ) ;
#2087 = DIRECTION ( 'NONE',  ( 0.000000000000000000, -1.000000000000000000, 0.000000000000000000 ) ) ;
#2088 = CARTESIAN_POINT ( 'NONE',  ( 231.9999999999999716, 6.500000000000000000, -78.00000000000000000 ) ) ;
#2089 = CARTESIAN_POINT ( 'NONE',  ( 169.5194683297895040, 0.9999999999999991118, -72.00879860909748231 ) ) ;
#2090 = VECTOR ( 'NONE', #905, 1000.000000000000000 ) ;
#2091 = EDGE_CURVE ( 'NONE', #4160, #1961, #4048, .T. ) ;
#2092 = DIRECTION ( 'NONE',  ( 0.000000000000000000, 1.000000000000000000, 0.000000000000000000 ) ) ;
#2093 = CARTESIAN_POINT ( 'NONE',  ( 193.9937004351406813, 0.9999999999999991118, -16.81254756690611885 ) ) ;
#2094 = VECTOR ( 'NONE', #4684, 1000.000000000000000 ) ;
#2095 = ORIENTED_EDGE ( 'NONE', *, *, #1681, .F. ) ;
#2096 = CARTESIAN_POINT ( 'NONE',  ( -12.51897548311831088, 5.999999999999998224, 1.000000000000000000 ) ) ;
#2097 = PLANE ( 'NONE',  #4841 ) ;
#2098 = EDGE_LOOP ( 'NONE', ( #700, #4942, #2481, #5134 ) ) ;
#2099 = ORIENTED_EDGE ( 'NONE', *, *, #2473, .F. ) ;
#2100 = ORIENTED_EDGE ( 'NONE', *, *, #5216, .F. ) ;
#2101 = ADVANCED_FACE ( 'NONE', ( #4642 ), #962, .F. ) ;
#2102 = CARTESIAN_POINT ( 'NONE',  ( 1.999999999999999112, 0.9999999999999991118, 1.530638361156008710E-16 ) ) ;
#2103 = DIRECTION ( 'NONE',  ( 8.673617379884034239E-17, -1.000000000000000000, 0.000000000000000000 ) ) ;
#2104 = CARTESIAN_POINT ( 'NONE',  ( 173.0700579582542105, 0.9999999999999991118, -67.52500809203158383 ) ) ;
#2105 = ORIENTED_EDGE ( 'NONE', *, *, #1576, .T. ) ;
#2106 = DIRECTION ( 'NONE',  ( -6.066146791707003648E-16, 0.000000000000000000, 1.000000000000000000 ) ) ;
#2107 = FACE_OUTER_BOUND ( 'NONE', #2335, .T. ) ;
#2108 = DIRECTION ( 'NONE',  ( 0.000000000000000000, 0.000000000000000000, 1.000000000000000000 ) ) ;
#2109 = PERSON_AND_ORGANIZATION_ROLE ( 'classification_officer' ) ;
#2110 = EDGE_LOOP ( 'NONE', ( #1646, #4363, #1624, #1124 ) ) ;
#2111 = VECTOR ( 'NONE', #1828, 1000.000000000000114 ) ;
#2112 = DIRECTION ( 'NONE',  ( -0.000000000000000000, 1.000000000000000000, -0.000000000000000000 ) ) ;
#2113 = DIRECTION ( 'NONE',  ( 0.000000000000000000, 1.000000000000000000, -0.000000000000000000 ) ) ;
#2114 = DIRECTION ( 'NONE',  ( -0.000000000000000000, -1.000000000000000000, -0.000000000000000000 ) ) ;
#2115 = CARTESIAN_POINT ( 'NONE',  ( 0.000000000000000000, 7.133974596215556296, 0.5000000000000000000 ) ) ;
#2116 = AXIS2_PLACEMENT_3D ( 'NONE', #4614, #649, #516 ) ;
#2117 = CARTESIAN_POINT ( 'NONE',  ( -2.518975483118307324, 3.999999999999994671, 1.000000000000000000 ) ) ;
#2118 = CARTESIAN_POINT ( 'NONE',  ( -44.94916343756472088, 3.999999999999994671, 1.000000000000000000 ) ) ;
#2119 = VECTOR ( 'NONE', #1164, 1000.000000000000000 ) ;
#2120 = EDGE_LOOP ( 'NONE', ( #1701, #2332, #1373, #1544 ) ) ;
#2121 = VERTEX_POINT ( 'NONE', #1523 ) ;
#2122 = LINE ( 'NONE', #2575, #2450 ) ;
#2123 = EDGE_CURVE ( 'NONE', #3948, #5603, #2994, .T. ) ;
#2124 = DIRECTION ( 'NONE',  ( 0.000000000000000000, 0.000000000000000000, 1.000000000000000000 ) ) ;
#2125 = ORIENTED_EDGE ( 'NONE', *, *, #1058, .F. ) ;
#2126 = ORIENTED_EDGE ( 'NONE', *, *, #4144, .T. ) ;
#2127 = ADVANCED_FACE ( 'NONE', ( #3359 ), #2876, .F. ) ;
#2128 = DIRECTION ( 'NONE',  ( 1.000000000000000000, 0.000000000000000000, -0.000000000000000000 ) ) ;
#2129 = EDGE_CURVE ( 'NONE', #86, #2880, #4606, .T. ) ;
#2130 = DIRECTION ( 'NONE',  ( 0.7537688442211050166, 0.000000000000000000, 0.6571396575170147525 ) ) ;
#2131 = ORIENTED_EDGE ( 'NONE', *, *, #4342, .F. ) ;
#2132 = ADVANCED_FACE ( 'NONE', ( #1406 ), #4578, .F. ) ;
#2133 = CYLINDRICAL_SURFACE ( 'NONE', #2234, 5.719358714986383596 ) ;
#2134 = CIRCLE ( 'NONE', #3859, 0.7500000000000002220 ) ;
#2135 = DIRECTION ( 'NONE',  ( 0.000000000000000000, -0.000000000000000000, 1.000000000000000000 ) ) ;
#2136 = PLANE ( 'NONE',  #4033 ) ;
#2137 = SECURITY_CLASSIFICATION_LEVEL ( 'unclassified' ) ;
#2138 = ORIENTED_EDGE ( 'NONE', *, *, #5849, .T. ) ;
#2139 = VECTOR ( 'NONE', #114, 1000.000000000000000 ) ;
#2140 = ADVANCED_FACE ( 'NONE', ( #4140 ), #2331, .F. ) ;
#2141 = VECTOR ( 'NONE', #3951, 1000.000000000000000 ) ;
#2142 = DIRECTION ( 'NONE',  ( -0.6571396575170146415, 0.000000000000000000, -0.7537688442211051276 ) ) ;
#2143 = FACE_OUTER_BOUND ( 'NONE', #1724, .T. ) ;
#2144 = CIRCLE ( 'NONE', #1106, 0.7499999999999997780 ) ;
#2145 = DIRECTION ( 'NONE',  ( 0.000000000000000000, 1.000000000000000000, -0.000000000000000000 ) ) ;
#2146 = CARTESIAN_POINT ( 'NONE',  ( 155.9431641043371428, 0.9999999999999991118, -62.83414446803935505 ) ) ;
#2147 = VECTOR ( 'NONE', #2785, 1000.000000000000000 ) ;
#2148 = CARTESIAN_POINT ( 'NONE',  ( 98.38472589430351434, 11.00000000000000000, -35.01248102602744439 ) ) ;
#2149 = VECTOR ( 'NONE', #4538, 1000.000000000000000 ) ;
#2150 = LINE ( 'NONE', #3163, #2309 ) ;
#2151 = ORIENTED_EDGE ( 'NONE', *, *, #2874, .T. ) ;
#2152 = EDGE_LOOP ( 'NONE', ( #4242, #1133, #956, #4274 ) ) ;
#2153 = DIRECTION ( 'NONE',  ( 0.000000000000000000, 0.000000000000000000, -1.000000000000000000 ) ) ;
#2154 = ORIENTED_EDGE ( 'NONE', *, *, #593, .F. ) ;
#2155 = APPROVAL ( #1620, 'UNKNOWN' ) ;
#2156 = ORIENTED_EDGE ( 'NONE', *, *, #4314, .T. ) ;
#2157 = DIRECTION ( 'NONE',  ( -1.000000000000000000, 0.000000000000000000, 0.000000000000000000 ) ) ;
#2158 = CALENDAR_DATE ( 2024, 9, 7 ) ;
#2159 = LOCAL_TIME ( 16, 32, 57.00000000000000000, #3039 ) ;
#2160 = VECTOR ( 'NONE', #1090, 1000.000000000000000 ) ;
#2161 = EDGE_CURVE ( 'NONE', #5697, #482, #537, .T. ) ;
#2162 = DIRECTION ( 'NONE',  ( 0.000000000000000000, 1.000000000000000000, -0.000000000000000000 ) ) ;
#2163 = EDGE_LOOP ( 'NONE', ( #2655, #1976, #538, #5915 ) ) ;
#2164 = CARTESIAN_POINT ( 'NONE',  ( 0.000000000000000000, 11.00000000000000000, -20.31837809857893262 ) ) ;
#2165 = LOCAL_TIME ( 16, 32, 57.00000000000000000, #1596 ) ;
#2166 = PLANE ( 'NONE',  #1578 ) ;
#2167 = CARTESIAN_POINT ( 'NONE',  ( 157.2204887913150060, 0.9999999999999991118, -37.16513068852106727 ) ) ;
#2168 = APPLICATION_PROTOCOL_DEFINITION ( 'international standard', 'config_control_design', 1994, #1349 ) ;
#2169 = ORIENTED_EDGE ( 'NONE', *, *, #3834, .F. ) ;
#2170 = CARTESIAN_POINT ( 'NONE',  ( 0.000000000000000000, 11.00000000000000000, -10.00000000000007105 ) ) ;
#2171 = LINE ( 'NONE', #1717, #806 ) ;
#2172 = EDGE_CURVE ( 'NONE', #1888, #1501, #5584, .T. ) ;
#2173 = CARTESIAN_POINT ( 'NONE',  ( 242.0000000000000000, 8.800000000000000711, -10.00000000000007105 ) ) ;
#2174 = EDGE_CURVE ( 'NONE', #1854, #5825, #1849, .T. ) ;
#2175 = DIRECTION ( 'NONE',  ( 0.000000000000000000, -1.000000000000000000, 0.000000000000000000 ) ) ;
#2176 = DIRECTION ( 'NONE',  ( -0.6571396575170147525, 0.000000000000000000, -0.7537688442211051276 ) ) ;
#2177 = LINE ( 'NONE', #5940, #4142 ) ;
#2178 = ORIENTED_EDGE ( 'NONE', *, *, #3784, .T. ) ;
#2179 = ORIENTED_EDGE ( 'NONE', *, *, #4798, .T. ) ;
#2180 = CARTESIAN_POINT ( 'NONE',  ( 169.5194683297895040, 0.9999999999999991118, -72.00879860909748231 ) ) ;
#2181 = AXIS2_PLACEMENT_3D ( 'NONE', #5357, #1249, #3047 ) ;
#2182 = EDGE_LOOP ( 'NONE', ( #2971, #5157, #5583, #3782 ) ) ;
#2183 = ORIENTED_EDGE ( 'NONE', *, *, #2508, .F. ) ;
#2184 = CARTESIAN_POINT ( 'NONE',  ( -19.23935222489148344, 5.634428877022473081, 1.000000000000000000 ) ) ;
#2185 = DATE_AND_TIME ( #3092, #1595 ) ;
#2186 = ORIENTED_EDGE ( 'NONE', *, *, #4279, .F. ) ;
#2187 = DIRECTION ( 'NONE',  ( 0.000000000000000000, 0.000000000000000000, 1.000000000000000000 ) ) ;
#2188 = LINE ( 'NONE', #1412, #1922 ) ;
#2189 = DIRECTION ( 'NONE',  ( -0.000000000000000000, 1.000000000000000000, -0.000000000000000000 ) ) ;
#2190 = EDGE_CURVE ( 'NONE', #1672, #1811, #2387, .T. ) ;
#2191 = APPROVAL_DATE_TIME ( #4506, #298 ) ;
#2192 = DIRECTION ( 'NONE',  ( 1.000000000000000000, 0.000000000000000000, 0.000000000000000000 ) ) ;
#2193 = LINE ( 'NONE', #5331, #4621 ) ;
#2194 = CARTESIAN_POINT ( 'NONE',  ( -2.518975483118307324, 6.000000000000000000, 1.000000000000000000 ) ) ;
#2195 = DIRECTION ( 'NONE',  ( 0.000000000000000000, -1.000000000000000000, 0.000000000000000000 ) ) ;
#2196 = ORIENTED_EDGE ( 'NONE', *, *, #2129, .F. ) ;
#2197 = EDGE_CURVE ( 'NONE', #7, #2085, #989, .T. ) ;
#2198 = LINE ( 'NONE', #5028, #3009 ) ;
#2199 = DIRECTION ( 'NONE',  ( 1.000000000000000000, -0.000000000000000000, -0.000000000000000000 ) ) ;
#2200 = VERTEX_POINT ( 'NONE', #3327 ) ;
#2201 = ORIENTED_EDGE ( 'NONE', *, *, #3048, .F. ) ;
#2202 = EDGE_CURVE ( 'NONE', #2003, #472, #3743, .T. ) ;
#2203 = VECTOR ( 'NONE', #2894, 1000.000000000000000 ) ;
#2204 = DIRECTION ( 'NONE',  ( -1.000000000000000000, -0.000000000000000000, -0.000000000000000000 ) ) ;
#2205 = LINE ( 'NONE', #1290, #449 ) ;
#2206 = EDGE_CURVE ( 'NONE', #3136, #5651, #1059, .T. ) ;
#2207 = AXIS2_PLACEMENT_3D ( 'NONE', #484, #4529, #5530 ) ;
#2208 = ORIENTED_EDGE ( 'NONE', *, *, #4272, .F. ) ;
#2209 = ORIENTED_EDGE ( 'NONE', *, *, #1762, .T. ) ;
#2210 = DIRECTION ( 'NONE',  ( 1.000000000000000000, -0.000000000000000000, 0.000000000000000000 ) ) ;
#2211 = CIRCLE ( 'NONE', #5580, 1.000000000000000000 ) ;
#2212 = ADVANCED_BREP_SHAPE_REPRESENTATION ( '', ( #617, #1119 ), #2537 ) ;
#2213 = CONTEXT_DEPENDENT_SHAPE_REPRESENTATION ( #251, #6 ) ;
#2214 = VECTOR ( 'NONE', #2295, 1000.000000000000000 ) ;
#2215 = EDGE_LOOP ( 'NONE', ( #3880, #1553, #4643, #4725 ) ) ;
#2216 = CARTESIAN_POINT ( 'NONE',  ( 235.0000000000000000, 8.800000000000000711, -77.99999999999998579 ) ) ;
#2217 = CARTESIAN_POINT ( 'NONE',  ( 1.734723475976807094E-15, 11.00000000000000000, -77.99999999999992895 ) ) ;
#2218 = DIRECTION ( 'NONE',  ( -0.6571396575170117549, 0.000000000000000000, 0.7537688442211076811 ) ) ;
#2219 = PERSON_AND_ORGANIZATION ( #82, #1018 ) ;
#2220 = FACE_OUTER_BOUND ( 'NONE', #4664, .T. ) ;
#2221 = APPROVAL ( #4870, 'UNSPECIFIED' ) ;
#2222 = DIRECTION ( 'NONE',  ( -0.000000000000000000, -0.000000000000000000, -1.000000000000000000 ) ) ;
#2223 = CARTESIAN_POINT ( 'NONE',  ( 102.8557046065718907, 0.9999999999999991118, -37.16513068852106727 ) ) ;
#2224 = DIRECTION ( 'NONE',  ( -0.4799145105198041050, 0.000000000000000000, 0.8773152583835167606 ) ) ;
#2225 = EDGE_LOOP ( 'NONE', ( #2780, #577, #3001, #3855, #5156, #4427, #5914, #3671, #2841, #4911 ) ) ;
#2226 = CIRCLE ( 'NONE', #423, 3.000000000000000888 ) ;
#2227 = ADVANCED_FACE ( 'NONE', ( #1202 ), #4295, .F. ) ;
#2228 = DIRECTION ( 'NONE',  ( -0.000000000000000000, -0.000000000000000000, -1.000000000000000000 ) ) ;
#2229 = VECTOR ( 'NONE', #469, 1000.000000000000000 ) ;
#2230 = EDGE_CURVE ( 'NONE', #3645, #771, #1117, .T. ) ;
#2231 = CARTESIAN_POINT ( 'NONE',  ( 240.0000000000000000, 6.500000000000000000, 0.000000000000000000 ) ) ;
#2232 = ORIENTED_EDGE ( 'NONE', *, *, #5057, .F. ) ;
#2233 = ORIENTED_EDGE ( 'NONE', *, *, #2024, .T. ) ;
#2234 = AXIS2_PLACEMENT_3D ( 'NONE', #5899, #852, #2558 ) ;
#2235 = CARTESIAN_POINT ( 'NONE',  ( 206.6823162755987084, 4.500000000000000000, -58.61949210274162425 ) ) ;
#2236 = FACE_OUTER_BOUND ( 'NONE', #5759, .T. ) ;
#2237 = VECTOR ( 'NONE', #5807, 1000.000000000000000 ) ;
#2238 = EDGE_LOOP ( 'NONE', ( #2744, #3170, #1557, #911 ) ) ;
#2239 = ORIENTED_EDGE ( 'NONE', *, *, #3090, .F. ) ;
#2240 = EDGE_CURVE ( 'NONE', #2860, #1876, #4345, .T. ) ;
#2241 = LINE ( 'NONE', #5923, #1496 ) ;
#2242 = ADVANCED_FACE ( 'NONE', ( #5673 ), #2004, .T. ) ;
#2243 = DATE_TIME_ROLE ( 'classification_date' ) ;
#2244 = AXIS2_PLACEMENT_3D ( 'NONE', #1845, #476, #685 ) ;
#2245 = ORIENTED_EDGE ( 'NONE', *, *, #4237, .F. ) ;
#2246 = CARTESIAN_POINT ( 'NONE',  ( 1.000000000000004441, 9.000000000000000000, -77.99999999999992895 ) ) ;
#2247 = DIRECTION ( 'NONE',  ( 0.8773152583835183149, 0.000000000000000000, 0.4799145105198013850 ) ) ;
#2248 = DIRECTION ( 'NONE',  ( 0.6208020523631589960, 0.000000000000000000, 0.7839673537729039410 ) ) ;
#2249 = CC_DESIGN_APPROVAL ( #5535, ( #1123 ) ) ;
#2250 = MECHANICAL_CONTEXT ( 'NONE', #2579, 'mechanical' ) ;
#2251 = CARTESIAN_POINT ( 'NONE',  ( 86.00000000000000000, 4.500000000000000000, -34.33438122311711282 ) ) ;
#2252 = DIRECTION ( 'NONE',  ( 0.000000000000000000, -1.000000000000000000, 0.000000000000000000 ) ) ;
#2253 = VECTOR ( 'NONE', #4351, 1000.000000000000000 ) ;
#2254 = FACE_OUTER_BOUND ( 'NONE', #1397, .T. ) ;
#2255 = LINE ( 'NONE', #2315, #5096 ) ;
#2256 = ORIENTED_EDGE ( 'NONE', *, *, #2674, .T. ) ;
#2257 = CC_DESIGN_DATE_AND_TIME_ASSIGNMENT ( #3655, #2243, ( #3800 ) ) ;
#2258 = CARTESIAN_POINT ( 'NONE',  ( 93.80621373527520745, 0.9999999999999991118, -9.999999999999998224 ) ) ;
#2259 = PLANE ( 'NONE',  #4904 ) ;
#2260 = ORIENTED_EDGE ( 'NONE', *, *, #1115, .T. ) ;
#2261 = ORIENTED_EDGE ( 'NONE', *, *, #4272, .T. ) ;
#2262 = DIRECTION ( 'NONE',  ( -0.000000000000000000, 1.000000000000000000, -0.000000000000000000 ) ) ;
#2263 = DIRECTION ( 'NONE',  ( -0.000000000000000000, 1.000000000000000000, -0.000000000000000000 ) ) ;
#2264 = APPLICATION_CONTEXT ( 'configuration controlled 3d designs of mechanical parts and assemblies' ) ;
#2265 =( NAMED_UNIT ( * ) PLANE_ANGLE_UNIT ( ) SI_UNIT ( $, .RADIAN. ) );
#2266 = EDGE_CURVE ( 'NONE', #5137, #2658, #5758, .T. ) ;
#2267 = ORIENTED_EDGE ( 'NONE', *, *, #2831, .F. ) ;
#2268 = CARTESIAN_POINT ( 'NONE',  ( 231.9999999999999716, 0.000000000000000000, -78.00000000000000000 ) ) ;
#2269 = ORIENTED_EDGE ( 'NONE', *, *, #5172, .T. ) ;
#2270 = CARTESIAN_POINT ( 'NONE',  ( -2.518975483118307324, 6.000000000000000000, 1.000000000000000000 ) ) ;
#2271 = EDGE_CURVE ( 'NONE', #4871, #4679, #3870, .T. ) ;
#2272 = AXIS2_PLACEMENT_3D ( 'NONE', #138, #5237, #2045 ) ;
#2273 = EDGE_CURVE ( 'NONE', #771, #2668, #691, .T. ) ;
#2274 = ORIENTED_EDGE ( 'NONE', *, *, #1764, .F. ) ;
#2275 = CARTESIAN_POINT ( 'NONE',  ( 2.000000000000000000, 0.000000000000000000, -10.00000000000005329 ) ) ;
#2276 = VECTOR ( 'NONE', #2192, 1000.000000000000000 ) ;
#2277 = EDGE_CURVE ( 'NONE', #4056, #323, #699, .T. ) ;
#2278 = CYLINDRICAL_SURFACE ( 'NONE', #5282, 9.999999999999994671 ) ;
#2279 = PLANE ( 'NONE',  #3161 ) ;
#2280 = COORDINATED_UNIVERSAL_TIME_OFFSET ( 7, 0, .AHEAD. ) ;
#2281 = DIRECTION ( 'NONE',  ( 8.673617379884020681E-16, -1.000000000000000000, 0.000000000000000000 ) ) ;
#2282 = ORIENTED_EDGE ( 'NONE', *, *, #1254, .T. ) ;
#2283 = CARTESIAN_POINT ( 'NONE',  ( 179.0257796248860416, 0.9999999999999991118, -22.96393086223018543 ) ) ;
#2284 = CARTESIAN_POINT ( 'NONE',  ( 53.70054546530437278, 0.9999999999999991118, -98.16812554636263144 ) ) ;
#2285 = CARTESIAN_POINT ( 'NONE',  ( 75.17281651802196052, 8.800000000000000711, -86.22661313385681581 ) ) ;
#2286 = ORIENTED_EDGE ( 'NONE', *, *, #5510, .F. ) ;
#2287 = CARTESIAN_POINT ( 'NONE',  ( 206.6823162755987084, 4.500000000000000000, -58.61949210274162425 ) ) ;
#2288 = CARTESIAN_POINT ( 'NONE',  ( 241.0000000000000000, 11.00000000000000000, -77.99999999999994316 ) ) ;
#2289 = EDGE_LOOP ( 'NONE', ( #2895, #3863, #4448, #4856 ) ) ;
#2290 = ORIENTED_EDGE ( 'NONE', *, *, #5695, .T. ) ;
#2291 = CARTESIAN_POINT ( 'NONE',  ( 240.0000000000000000, 0.9999999999999991118, -60.85783660764542446 ) ) ;
#2292 = CARTESIAN_POINT ( 'NONE',  ( 86.00000000000000000, 7.300000000000000711, -33.00771455645044483 ) ) ;
#2293 = PRODUCT_DEFINITION_SHAPE ( 'NONE', 'NONE',  #2667 ) ;
#2294 = VERTEX_POINT ( 'NONE', #5223 ) ;
#2295 = DIRECTION ( 'NONE',  ( -0.000000000000000000, -0.000000000000000000, 1.000000000000000000 ) ) ;
#2296 = ORIENTED_EDGE ( 'NONE', *, *, #5216, .T. ) ;
#2297 = PRODUCT_RELATED_PRODUCT_CATEGORY ( 'detail', '', ( #3596 ) ) ;
#2298 = CARTESIAN_POINT ( 'NONE',  ( 231.9999999999999147, 11.00000000000000000, -88.00000000000000000 ) ) ;
#2299 = CALENDAR_DATE ( 2024, 9, 7 ) ;
#2300 = VECTOR ( 'NONE', #1813, 1000.000000000000000 ) ;
#2301 = EDGE_CURVE ( 'NONE', #293, #1672, #2420, .T. ) ;
#2302 = VERTEX_POINT ( 'NONE', #5734 ) ;
#2303 = DIRECTION ( 'NONE',  ( 0.000000000000000000, -0.000000000000000000, -1.000000000000000000 ) ) ;
#2304 = VECTOR ( 'NONE', #4261, 1000.000000000000000 ) ;
#2305 = LINE ( 'NONE', #4147, #3166 ) ;
#2306 = DIRECTION ( 'NONE',  ( 0.7537688442211076811, 0.000000000000000000, 0.6571396575170117549 ) ) ;
#2307 = EDGE_CURVE ( 'NONE', #5740, #3992, #2966, .T. ) ;
#2308 = PERSON_AND_ORGANIZATION ( #82, #1018 ) ;
#2309 = VECTOR ( 'NONE', #4941, 1000.000000000000114 ) ;
#2310 = EDGE_CURVE ( 'NONE', #3942, #4557, #5693, .T. ) ;
#2311 = DIRECTION ( 'NONE',  ( 0.7537688442211062378, 0.000000000000000000, -0.6571396575170133092 ) ) ;
#2312 = VERTEX_POINT ( 'NONE', #5250 ) ;
#2313 = CARTESIAN_POINT ( 'NONE',  ( -12.51897548311830910, 3.999999999999994671, 1.000000000000000000 ) ) ;
#2314 = DIRECTION ( 'NONE',  ( -0.000000000000000000, 1.000000000000000000, -0.000000000000000000 ) ) ;
#2315 = CARTESIAN_POINT ( 'NONE',  ( 2.000000000000001776, 0.9999999999999991118, -30.47991140679799926 ) ) ;
#2316 = EDGE_CURVE ( 'NONE', #2388, #1345, #3504, .T. ) ;
#2317 = EDGE_CURVE ( 'NONE', #4393, #1808, #1167, .T. ) ;
#2318 = VERTEX_POINT ( 'NONE', #2571 ) ;
#2319 = LINE ( 'NONE', #3673, #3100 ) ;
#2320 = CYLINDRICAL_SURFACE ( 'NONE', #2324, 3.000000000000002665 ) ;
#2321 = ORIENTED_EDGE ( 'NONE', *, *, #453, .T. ) ;
#2322 = ORIENTED_EDGE ( 'NONE', *, *, #3021, .F. ) ;
#2323 = LINE ( 'NONE', #27, #4896 ) ;
#2324 = AXIS2_PLACEMENT_3D ( 'NONE', #4163, #1019, #4633 ) ;
#2325 = CARTESIAN_POINT ( 'NONE',  ( 0.000000000000000000, 0.9999999999999991118, -62.83414446803935505 ) ) ;
#2326 = VECTOR ( 'NONE', #4364, 1000.000000000000000 ) ;
#2327 = CARTESIAN_POINT ( 'NONE',  ( 68.94103547024950274, 55.23142163305154639, 109.9778558737522758 ) ) ;
#2328 = VECTOR ( 'NONE', #2628, 1000.000000000000000 ) ;
#2329 = ORIENTED_EDGE ( 'NONE', *, *, #1621, .T. ) ;
#2330 = CIRCLE ( 'NONE', #4355, 5.719358714986388925 ) ;
#2331 = PLANE ( 'NONE',  #4811 ) ;
#2332 = ORIENTED_EDGE ( 'NONE', *, *, #611, .T. ) ;
#2333 = LINE ( 'NONE', #2270, #647 ) ;
#2334 = EDGE_LOOP ( 'NONE', ( #5425, #3265, #2239, #4356 ) ) ;
#2335 = EDGE_LOOP ( 'NONE', ( #800, #5433, #5862, #2516 ) ) ;
#2336 = VECTOR ( 'NONE', #1799, 1000.000000000000000 ) ;
#2337 = LINE ( 'NONE', #2246, #1004 ) ;
#2338 = CYLINDRICAL_SURFACE ( 'NONE', #5574, 10.00000000000000533 ) ;
#2339 = DIRECTION ( 'NONE',  ( -0.6571396575170137533, 0.000000000000000000, -0.7537688442211060158 ) ) ;
#2340 = DATE_AND_TIME ( #4216, #5911 ) ;
#2341 = EDGE_CURVE ( 'NONE', #323, #4172, #1087, .T. ) ;
#2342 = DIRECTION ( 'NONE',  ( -0.000000000000000000, -1.000000000000000000, -0.000000000000000000 ) ) ;
#2343 = ORIENTED_EDGE ( 'NONE', *, *, #5369, .T. ) ;
#2344 = CARTESIAN_POINT ( 'NONE',  ( 160.7871978438078600, 11.00000000000000000, -35.91675068580303787 ) ) ;
#2345 = APPROVAL_PERSON_ORGANIZATION ( #2561, #4689, #3977 ) ;
#2346 = DIRECTION ( 'NONE',  ( 0.000000000000000000, 0.000000000000000000, 1.000000000000000000 ) ) ;
#2347 = PLANE ( 'NONE',  #5290 ) ;
#2348 = ORIENTED_EDGE ( 'NONE', *, *, #1606, .T. ) ;
#2349 = LOCAL_TIME ( 16, 32, 57.00000000000000000, #1038 ) ;
#2350 = DIRECTION ( 'NONE',  ( -0.000000000000000000, 1.000000000000000000, -0.000000000000000000 ) ) ;
#2351 = EDGE_CURVE ( 'NONE', #1888, #5714, #2062, .T. ) ;
#2352 = ADVANCED_FACE ( 'NONE', ( #1608 ), #2905, .F. ) ;
#2353 = DIRECTION ( 'NONE',  ( 0.000000000000000000, -1.000000000000000000, 0.000000000000000000 ) ) ;
#2354 = ORIENTED_EDGE ( 'NONE', *, *, #4978, .F. ) ;
#2355 = EDGE_LOOP ( 'NONE', ( #843, #4024, #847, #1016 ) ) ;
#2356 = CARTESIAN_POINT ( 'NONE',  ( 2.000000000000001776, 0.9999999999999991118, -30.47991140679799926 ) ) ;
#2357 = CARTESIAN_POINT ( 'NONE',  ( 85.99999999999997158, 7.300000000000000711, -15.76104788978376803 ) ) ;
#2358 = ORIENTED_EDGE ( 'NONE', *, *, #3603, .F. ) ;
#2359 = CARTESIAN_POINT ( 'NONE',  ( 204.7153205121115604, 0.9999999999999991118, -66.57719532263180895 ) ) ;
#2360 = ORIENTED_EDGE ( 'NONE', *, *, #4583, .F. ) ;
#2361 = CARTESIAN_POINT ( 'NONE',  ( -34.94916343756472088, 4.999999999999995559, -0.5000000000000000000 ) ) ;
#2362 = ORIENTED_EDGE ( 'NONE', *, *, #1732, .F. ) ;
#2363 = ORIENTED_EDGE ( 'NONE', *, *, #4890, .T. ) ;
#2364 = VERTEX_POINT ( 'NONE', #272 ) ;
#2365 = LINE ( 'NONE', #1351, #2714 ) ;
#2366 = DIRECTION ( 'NONE',  ( 0.000000000000000000, 0.000000000000000000, -1.000000000000000000 ) ) ;
#2367 = FACE_OUTER_BOUND ( 'NONE', #5300, .T. ) ;
#2368 = DIRECTION ( 'NONE',  ( -0.4799145105198013850, 0.000000000000000000, 0.8773152583835183149 ) ) ;
#2369 = PERSON_AND_ORGANIZATION_ROLE ( 'design_owner' ) ;
#2370 = AXIS2_PLACEMENT_3D ( 'NONE', #1597, #4714, #1984 ) ;
#2371 = CARTESIAN_POINT ( 'NONE',  ( 179.0257796248860416, 0.9999999999999991118, -28.68328957721657346 ) ) ;
#2372 = EDGE_LOOP ( 'NONE', ( #3781, #565, #5186, #5348 ) ) ;
#2373 = ORIENTED_EDGE ( 'NONE', *, *, #4805, .T. ) ;
#2374 = PLANE ( 'NONE',  #994 ) ;
#2375 = CARTESIAN_POINT ( 'NONE',  ( 231.9999999999999147, 6.500000000000000000, -1.999999999999994893 ) ) ;
#2376 = EDGE_CURVE ( 'NONE', #4967, #144, #3901, .T. ) ;
#2377 = CARTESIAN_POINT ( 'NONE',  ( -19.23935222489148344, 3.999999999999994671, 0.000000000000000000 ) ) ;
#2378 = ORIENTED_EDGE ( 'NONE', *, *, #5587, .F. ) ;
#2379 = LINE ( 'NONE', #5087, #3965 ) ;
#2380 = DIRECTION ( 'NONE',  ( -0.000000000000000000, -1.000000000000000000, 0.000000000000000000 ) ) ;
#2381 = EDGE_LOOP ( 'NONE', ( #2054, #468, #903, #4080 ) ) ;
#2382 = ORIENTED_EDGE ( 'NONE', *, *, #4270, .F. ) ;
#2383 = LINE ( 'NONE', #3255, #2300 ) ;
#2384 = DIRECTION ( 'NONE',  ( -6.377659838150038553E-17, 0.000000000000000000, 1.000000000000000000 ) ) ;
#2385 = ADVANCED_FACE ( 'NONE', ( #5363 ), #4017, .F. ) ;
#2386 = ORIENTED_EDGE ( 'NONE', *, *, #1320, .F. ) ;
#2387 = LINE ( 'NONE', #3260, #888 ) ;
#2388 = VERTEX_POINT ( 'NONE', #2711 ) ;
#2389 = LINE ( 'NONE', #4238, #1591 ) ;
#2390 = AXIS2_PLACEMENT_3D ( 'NONE', #5560, #2368, #550 ) ;
#2391 = ORIENTED_EDGE ( 'NONE', *, *, #524, .T. ) ;
#2392 = ORIENTED_EDGE ( 'NONE', *, *, #3394, .T. ) ;
#2393 = ORIENTED_EDGE ( 'NONE', *, *, #2174, .F. ) ;
#2394 = CARTESIAN_POINT ( 'NONE',  ( 155.9431641043371428, 0.9999999999999991118, -68.55350318302573953 ) ) ;
#2395 = DIRECTION ( 'NONE',  ( 1.000000000000000000, 0.000000000000000000, 6.421112981982186753E-15 ) ) ;
#2396 = DIRECTION ( 'NONE',  ( -0.000000000000000000, -1.000000000000000000, 0.000000000000000000 ) ) ;
#2397 = VECTOR ( 'NONE', #3141, 1000.000000000000000 ) ;
#2398 = COORDINATED_UNIVERSAL_TIME_OFFSET ( 7, 0, .AHEAD. ) ;
#2399 = CIRCLE ( 'NONE', #2027, 0.7500000000000002220 ) ;
#2400 = CARTESIAN_POINT ( 'NONE',  ( 235.0000000000000000, 7.300000000000000711, -9.999999999999998224 ) ) ;
#2401 = ORIENTED_EDGE ( 'NONE', *, *, #1233, .T. ) ;
#2402 = VERTEX_POINT ( 'NONE', #364 ) ;
#2403 = LINE ( 'NONE', #4252, #2047 ) ;
#2404 = CARTESIAN_POINT ( 'NONE',  ( 231.9999999999999716, 6.500000000000000000, -9.999999999999998224 ) ) ;
#2405 = DIRECTION ( 'NONE',  ( 0.000000000000000000, 0.000000000000000000, -1.000000000000000000 ) ) ;
#2406 = VECTOR ( 'NONE', #1990, 1000.000000000000000 ) ;
#2407 = ORIENTED_EDGE ( 'NONE', *, *, #1039, .F. ) ;
#2408 = CC_DESIGN_PERSON_AND_ORGANIZATION_ASSIGNMENT ( #5299, #2109, ( #4278 ) ) ;
#2409 = CIRCLE ( 'NONE', #3656, 9.999999999999998224 ) ;
#2410 = CARTESIAN_POINT ( 'NONE',  ( 10.00000000000007105, 0.000000000000000000, 0.000000000000000000 ) ) ;
#2411 = FACE_OUTER_BOUND ( 'NONE', #5440, .T. ) ;
#2412 = EDGE_LOOP ( 'NONE', ( #3657, #5640, #2631, #3510 ) ) ;
#2413 = ORIENTED_EDGE ( 'NONE', *, *, #2947, .T. ) ;
#2414 = CARTESIAN_POINT ( 'NONE',  ( 10.00000000000005329, 6.500000000000000000, -86.00000000000000000 ) ) ;
#2415 = DIRECTION ( 'NONE',  ( -0.000000000000000000, -1.000000000000000000, -0.000000000000000000 ) ) ;
#2416 = EDGE_CURVE ( 'NONE', #4102, #2880, #1313, .T. ) ;
#2417 = ORIENTED_EDGE ( 'NONE', *, *, #3904, .T. ) ;
#2418 = CARTESIAN_POINT ( 'NONE',  ( 78.91050056131160773, 0.9999999999999991118, -66.46004602843821374 ) ) ;
#2419 = ORIENTED_EDGE ( 'NONE', *, *, #4445, .T. ) ;
#2420 = CIRCLE ( 'NONE', #1843, 7.999999999999996447 ) ;
#2421 = LINE ( 'NONE', #4269, #5524 ) ;
#2422 = CIRCLE ( 'NONE', #621, 8.999999999999994671 ) ;
#2423 = ORIENTED_EDGE ( 'NONE', *, *, #4405, .F. ) ;
#2424 = ORIENTED_EDGE ( 'NONE', *, *, #351, .F. ) ;
#2425 = ORIENTED_EDGE ( 'NONE', *, *, #674, .F. ) ;
#2426 = VECTOR ( 'NONE', #3091, 1000.000000000000114 ) ;
#2427 = ADVANCED_FACE ( 'NONE', ( #3138 ), #5879, .F. ) ;
#2428 = EDGE_CURVE ( 'NONE', #2493, #2063, #1783, .T. ) ;
#2429 = PLANE ( 'NONE',  #401 ) ;
#2430 = DIRECTION ( 'NONE',  ( 0.000000000000000000, -0.000000000000000000, 1.000000000000000000 ) ) ;
#2431 = VECTOR ( 'NONE', #4394, 1000.000000000000000 ) ;
#2432 = PERSON_AND_ORGANIZATION ( #82, #1018 ) ;
#2433 = VECTOR ( 'NONE', #1279, 1000.000000000000114 ) ;
#2434 = CARTESIAN_POINT ( 'NONE',  ( 121.0000000000000000, 4.500000000000000000, -44.94756598715710538 ) ) ;
#2435 = ORIENTED_EDGE ( 'NONE', *, *, #2641, .T. ) ;
#2436 = ORIENTED_EDGE ( 'NONE', *, *, #3358, .T. ) ;
#2437 = PLANE ( 'NONE',  #1288 ) ;
#2438 = DIRECTION ( 'NONE',  ( 1.000000000000000000, 0.000000000000000000, -0.000000000000000000 ) ) ;
#2439 = CARTESIAN_POINT ( 'NONE',  ( -44.94916343756472088, 5.999999999999994671, 1.000000000000000000 ) ) ;
#2440 = VERTEX_POINT ( 'NONE', #4490 ) ;
#2441 = LINE ( 'NONE', #4722, #5602 ) ;
#2442 =( GEOMETRIC_REPRESENTATION_CONTEXT ( 3 ) GLOBAL_UNCERTAINTY_ASSIGNED_CONTEXT ( ( #3374 ) ) GLOBAL_UNIT_ASSIGNED_CONTEXT ( ( #4523, #2076, #3536 ) ) REPRESENTATION_CONTEXT ( 'NONE', 'WORKASPACE' ) );
#2443 = LINE ( 'NONE', #5302, #236 ) ;
#2444 = ORIENTED_EDGE ( 'NONE', *, *, #208, .T. ) ;
#2445 = ORIENTED_EDGE ( 'NONE', *, *, #1911, .T. ) ;
#2446 = DIRECTION ( 'NONE',  ( 0.000000000000000000, 0.000000000000000000, 1.000000000000000000 ) ) ;
#2447 = DIRECTION ( 'NONE',  ( 0.000000000000000000, 0.000000000000000000, -1.000000000000000000 ) ) ;
#2448 = APPROVAL ( #4953, 'UNKNOWN' ) ;
#2449 = CC_DESIGN_SECURITY_CLASSIFICATION ( #5813, ( #5943 ) ) ;
#2450 = VECTOR ( 'NONE', #1170, 1000.000000000000000 ) ;
#2451 = ORIENTED_EDGE ( 'NONE', *, *, #1354, .T. ) ;
#2452 = DIRECTION ( 'NONE',  ( 0.000000000000000000, 0.000000000000000000, -1.000000000000000000 ) ) ;
#2453 = ORIENTED_EDGE ( 'NONE', *, *, #4951, .F. ) ;
#2454 = LOCAL_TIME ( 16, 32, 57.00000000000000000, #3628 ) ;
#2455 = DIRECTION ( 'NONE',  ( 0.000000000000000000, 0.000000000000000000, 1.000000000000000000 ) ) ;
#2456 = EDGE_CURVE ( 'NONE', #1753, #2121, #809, .T. ) ;
#2457 = DIRECTION ( 'NONE',  ( 1.000000000000000000, -0.000000000000000000, -0.000000000000000000 ) ) ;
#2458 = ORIENTED_EDGE ( 'NONE', *, *, #892, .F. ) ;
#2459 = VERTEX_POINT ( 'NONE', #444 ) ;
#2460 = ORIENTED_EDGE ( 'NONE', *, *, #1265, .T. ) ;
#2461 = EDGE_CURVE ( 'NONE', #5140, #1221, #5010, .T. ) ;
#2462 = LINE ( 'NONE', #4181, #4600 ) ;
#2463 = DIRECTION ( 'NONE',  ( 9.705834866731188482E-15, 0.000000000000000000, 1.000000000000000000 ) ) ;
#2464 = APPROVAL_DATE_TIME ( #1504, #1639 ) ;
#2465 = EDGE_CURVE ( 'NONE', #4290, #4726, #2657, .T. ) ;
#2466 = DIRECTION ( 'NONE',  ( 0.000000000000000000, 0.000000000000000000, 1.000000000000000000 ) ) ;
#2467 = EDGE_LOOP ( 'NONE', ( #354, #505, #3406, #4844 ) ) ;
#2468 = LINE ( 'NONE', #5176, #1852 ) ;
#2469 = DIRECTION ( 'NONE',  ( 0.000000000000000000, 0.000000000000000000, 1.000000000000000000 ) ) ;
#2470 = CARTESIAN_POINT ( 'NONE',  ( 240.0000000000000000, 6.500000000000000000, -10.00000000000006395 ) ) ;
#2471 = COORDINATED_UNIVERSAL_TIME_OFFSET ( 7, 0, .AHEAD. ) ;
#2472 = EDGE_LOOP ( 'NONE', ( #4971, #5148, #4694, #4465 ) ) ;
#2473 = EDGE_CURVE ( 'NONE', #4527, #4290, #894, .T. ) ;
#2474 = AXIS2_PLACEMENT_3D ( 'NONE', #4589, #5933, #1386 ) ;
#2475 = LINE ( 'NONE', #4761, #3290 ) ;
#2476 = ORIENTED_EDGE ( 'NONE', *, *, #1296, .F. ) ;
#2477 = AXIS2_PLACEMENT_3D ( 'NONE', #3132, #4961, #1222 ) ;
#2478 = DIRECTION ( 'NONE',  ( -1.000000000000000000, 0.000000000000000000, 0.000000000000000000 ) ) ;
#2479 = CARTESIAN_POINT ( 'NONE',  ( 1.243733890142183537E-16, 11.99999999999999467, 0.000000000000000000 ) ) ;
#2480 = CARTESIAN_POINT ( 'NONE',  ( 98.91842971327838541, 0.9999999999999991118, -68.55350318302573953 ) ) ;
#2481 = ORIENTED_EDGE ( 'NONE', *, *, #4611, .F. ) ;
#2482 = CARTESIAN_POINT ( 'NONE',  ( 193.9937004351406813, 0.9999999999999991118, -16.81254756690611885 ) ) ;
#2483 = CYLINDRICAL_SURFACE ( 'NONE', #2590, 5.719358714986383596 ) ;
#2484 = ORIENTED_EDGE ( 'NONE', *, *, #4505, .F. ) ;
#2485 = EDGE_CURVE ( 'NONE', #753, #4792, #2150, .T. ) ;
#2486 = ORIENTED_EDGE ( 'NONE', *, *, #2952, .T. ) ;
#2487 = EDGE_CURVE ( 'NONE', #3889, #1863, #2134, .T. ) ;
#2488 = LINE ( 'NONE', #869, #2688 ) ;
#2489 = CARTESIAN_POINT ( 'NONE',  ( 17.29894084331445825, 11.00000000000000000, -8.831656991777592225 ) ) ;
#2490 = COORDINATED_UNIVERSAL_TIME_OFFSET ( 7, 0, .AHEAD. ) ;
#2491 = EDGE_CURVE ( 'NONE', #4861, #4439, #3111, .T. ) ;
#2492 = CARTESIAN_POINT ( 'NONE',  ( 9.999999999999998224, 8.800000000000000711, -78.00000000000000000 ) ) ;
#2493 = VERTEX_POINT ( 'NONE', #5913 ) ;
#2494 = DIRECTION ( 'NONE',  ( -0.000000000000000000, -1.000000000000000000, -0.000000000000000000 ) ) ;
#2495 = AXIS2_PLACEMENT_3D ( 'NONE', #5254, #756, #1146 ) ;
#2496 = DIRECTION ( 'NONE',  ( -0.000000000000000000, 1.000000000000000000, -0.000000000000000000 ) ) ;
#2497 = APPLICATION_CONTEXT ( 'configuration controlled 3d designs of mechanical parts and assemblies' ) ;
#2498 = PLANE ( 'NONE',  #303 ) ;
#2499 = EDGE_LOOP ( 'NONE', ( #3239, #2156, #2354, #5205 ) ) ;
#2500 = EDGE_CURVE ( 'NONE', #53, #5251, #2597, .T. ) ;
#2501 = VECTOR ( 'NONE', #5129, 1000.000000000000000 ) ;
#2502 = DIRECTION ( 'NONE',  ( 0.000000000000000000, 0.000000000000000000, 1.000000000000000000 ) ) ;
#2503 = ADVANCED_FACE ( 'NONE', ( #865 ), #2259, .T. ) ;
#2504 = EDGE_CURVE ( 'NONE', #2402, #4291, #2177, .T. ) ;
#2505 = VECTOR ( 'NONE', #1361, 1000.000000000000000 ) ;
#2506 = DIRECTION ( 'NONE',  ( -1.000000000000000000, -1.734723475976806848E-16, 0.000000000000000000 ) ) ;
#2507 = AXIS2_PLACEMENT_3D ( 'NONE', #638, #3420, #2452 ) ;
#2508 = EDGE_CURVE ( 'NONE', #3164, #58, #2614, .T. ) ;
#2509 = PLANE ( 'NONE',  #3582 ) ;
#2510 = DIRECTION ( 'NONE',  ( -0.000000000000000000, -0.000000000000000000, -1.000000000000000000 ) ) ;
#2511 = VERTEX_POINT ( 'NONE', #1752 ) ;
#2512 = CARTESIAN_POINT ( 'NONE',  ( -2.518975483118307324, 6.000000000000000000, 1.000000000000000222 ) ) ;
#2513 = FACE_OUTER_BOUND ( 'NONE', #1796, .T. ) ;
#2514 = ORIENTED_EDGE ( 'NONE', *, *, #5634, .F. ) ;
#2515 = VERTEX_POINT ( 'NONE', #1230 ) ;
#2516 = ORIENTED_EDGE ( 'NONE', *, *, #2757, .T. ) ;
#2517 = DIRECTION ( 'NONE',  ( -0.000000000000000000, 1.000000000000000000, -0.000000000000000000 ) ) ;
#2518 = CARTESIAN_POINT ( 'NONE',  ( 0.000000000000000000, 0.000000000000000000, 1.000000000000000000 ) ) ;
#2519 = VECTOR ( 'NONE', #2032, 1000.000000000000000 ) ;
#2520 = AXIS2_PLACEMENT_3D ( 'NONE', #1832, #4591, #1358 ) ;
#2521 = CC_DESIGN_PERSON_AND_ORGANIZATION_ASSIGNMENT ( #519, #2369, ( #4026 ) ) ;
#2522 = DATE_AND_TIME ( #5373, #4284 ) ;
#2523 = CARTESIAN_POINT ( 'NONE',  ( 10.00000000000006395, 9.000000000000000000, -87.00000000000000000 ) ) ;
#2524 = ORIENTED_EDGE ( 'NONE', *, *, #2758, .F. ) ;
#2525 = AXIS2_PLACEMENT_3D ( 'NONE', #3825, #2956, #5659 ) ;
#2526 = LINE ( 'NONE', #1507, #4630 ) ;
#2527 = FACE_OUTER_BOUND ( 'NONE', #732, .T. ) ;
#2528 = PLANE ( 'NONE',  #782 ) ;
#2529 = CLOSED_SHELL ( 'NONE', ( #1698, #131, #4070, #3016, #1477, #3379, #5439, #2683, #4226, #242, #5803, #822, #4202, #4313, #2127, #5360, #838, #5506, #3676, #5541, #3258, #3427, #1749, #5878, #12, #4421, #1518, #4582, #2539, #1364, #4926, #5071 ) ) ;
#2530 = EDGE_CURVE ( 'NONE', #3719, #1064, #5823, .T. ) ;
#2531 = PERSON_AND_ORGANIZATION ( #82, #1018 ) ;
#2532 = EDGE_LOOP ( 'NONE', ( #1725, #2407, #2436, #1986 ) ) ;
#2533 = VECTOR ( 'NONE', #5777, 1000.000000000000114 ) ;
#2534 = DIRECTION ( 'NONE',  ( -1.000000000000000000, 0.000000000000000000, -2.344220913482173382E-17 ) ) ;
#2535 = DIRECTION ( 'NONE',  ( -0.000000000000000000, -1.000000000000000000, 0.000000000000000000 ) ) ;
#2536 = DIRECTION ( 'NONE',  ( -1.000000000000000000, 0.000000000000000000, 0.000000000000000000 ) ) ;
#2537 =( GEOMETRIC_REPRESENTATION_CONTEXT ( 3 ) GLOBAL_UNCERTAINTY_ASSIGNED_CONTEXT ( ( #5722 ) ) GLOBAL_UNIT_ASSIGNED_CONTEXT ( ( #4914, #815, #5827 ) ) REPRESENTATION_CONTEXT ( 'NONE', 'WORKASPACE' ) );
#2538 = ADVANCED_FACE ( 'NONE', ( #4072 ), #3055, .T. ) ;
#2539 = ADVANCED_FACE ( 'NONE', ( #2411 ), #4196, .T. ) ;
#2540 = MANIFOLD_SOLID_BREP ( 'Cut-Extrude2', #4632 ) ;
#2541 = CARTESIAN_POINT ( 'NONE',  ( 0.000000000000000000, 9.000000000000000000, -10.00000000000007283 ) ) ;
#2542 = DIRECTION ( 'NONE',  ( -0.000000000000000000, 1.000000000000000000, -0.000000000000000000 ) ) ;
#2543 = VERTEX_POINT ( 'NONE', #3195 ) ;
#2544 = CC_DESIGN_APPROVAL ( #298, ( #1970 ) ) ;
#2545 = CARTESIAN_POINT ( 'NONE',  ( 85.99999999999998579, 4.500000000000000000, -14.43438122311710714 ) ) ;
#2546 = DIRECTION ( 'NONE',  ( 0.000000000000000000, 0.000000000000000000, 1.000000000000000000 ) ) ;
#2547 = VERTEX_POINT ( 'NONE', #147 ) ;
#2548 = ORIENTED_EDGE ( 'NONE', *, *, #5762, .T. ) ;
#2549 = CC_DESIGN_APPROVAL ( #2448, ( #3800 ) ) ;
#2550 = VERTEX_POINT ( 'NONE', #5606 ) ;
#2551 = VECTOR ( 'NONE', #2943, 1000.000000000000000 ) ;
#2552 = ORIENTED_EDGE ( 'NONE', *, *, #3386, .T. ) ;
#2553 = CARTESIAN_POINT ( 'NONE',  ( 28.35685208430153637, 0.9999999999999991118, -73.85301289257564861 ) ) ;
#2554 = CARTESIAN_POINT ( 'NONE',  ( -44.94916343756472088, 3.999999999999994671, 0.000000000000000000 ) ) ;
#2555 = DATE_AND_TIME ( #677, #1870 ) ;
#2556 = LINE ( 'NONE', #5039, #2090 ) ;
#2557 = ORIENTED_EDGE ( 'NONE', *, *, #3317, .T. ) ;
#2558 = DIRECTION ( 'NONE',  ( 0.000000000000000000, 0.000000000000000000, 1.000000000000000000 ) ) ;
#2559 = LINE ( 'NONE', #319, #3780 ) ;
#2560 = DIRECTION ( 'NONE',  ( 1.000000000000000000, 0.000000000000000000, 6.664355762126855833E-15 ) ) ;
#2561 = PERSON_AND_ORGANIZATION ( #82, #1018 ) ;
#2562 = ORIENTED_EDGE ( 'NONE', *, *, #4484, .F. ) ;
#2563 = DIRECTION ( 'NONE',  ( 0.000000000000000000, -1.000000000000000000, 0.000000000000000000 ) ) ;
#2564 = CC_DESIGN_PERSON_AND_ORGANIZATION_ASSIGNMENT ( #2673, #43, ( #551 ) ) ;
#2565 = CARTESIAN_POINT ( 'NONE',  ( 231.9999999999999716, 6.500000000000000000, -78.00000000000000000 ) ) ;
#2566 = DIRECTION ( 'NONE',  ( 0.000000000000000000, 0.000000000000000000, 1.000000000000000000 ) ) ;
#2567 = CARTESIAN_POINT ( 'NONE',  ( -29.23935222489148700, 5.999999999999996447, 1.000000000000000000 ) ) ;
#2568 = AXIS2_PLACEMENT_3D ( 'NONE', #104, #3310, #1505 ) ;
#2569 = EDGE_CURVE ( 'NONE', #4871, #1232, #5029, .T. ) ;
#2570 = DIRECTION ( 'NONE',  ( 0.000000000000000000, 0.000000000000000000, 1.000000000000000000 ) ) ;
#2571 = CARTESIAN_POINT ( 'NONE',  ( 12.21813540037235768, 0.9999999999999991118, -82.91270803220116647 ) ) ;
#2572 = ORIENTED_EDGE ( 'NONE', *, *, #5475, .T. ) ;
#2573 = ORIENTED_EDGE ( 'NONE', *, *, #4084, .F. ) ;
#2574 = EDGE_CURVE ( 'NONE', #1437, #4590, #927, .T. ) ;
#2575 = CARTESIAN_POINT ( 'NONE',  ( 15.69948537651093545, 0.9999999999999991118, -11.09491294037412423 ) ) ;
#2576 = DIRECTION ( 'NONE',  ( -0.000000000000000000, 1.000000000000000000, -0.000000000000000000 ) ) ;
#2577 = EDGE_CURVE ( 'NONE', #1345, #979, #5396, .T. ) ;
#2578 = ORIENTED_EDGE ( 'NONE', *, *, #898, .T. ) ;
#2579 = APPLICATION_CONTEXT ( 'configuration controlled 3d designs of mechanical parts and assemblies' ) ;
#2580 = ORIENTED_EDGE ( 'NONE', *, *, #387, .F. ) ;
#2581 = EDGE_CURVE ( 'NONE', #4491, #1836, #1903, .T. ) ;
#2582 = LINE ( 'NONE', #1180, #2426 ) ;
#2583 = DIRECTION ( 'NONE',  ( 0.000000000000000000, 1.000000000000000000, -0.000000000000000000 ) ) ;
#2584 = ORIENTED_EDGE ( 'NONE', *, *, #5285, .T. ) ;
#2585 = DIRECTION ( 'NONE',  ( 1.000000000000000000, -0.000000000000000000, 0.000000000000000000 ) ) ;
#2586 = DIRECTION ( 'NONE',  ( 1.000000000000000000, 0.000000000000000000, -0.000000000000000000 ) ) ;
#2587 = DIRECTION ( 'NONE',  ( 0.000000000000000000, 1.000000000000000000, 0.000000000000000000 ) ) ;
#2588 = COORDINATED_UNIVERSAL_TIME_OFFSET ( 7, 0, .AHEAD. ) ;
#2589 = ORIENTED_EDGE ( 'NONE', *, *, #3713, .T. ) ;
#2590 = AXIS2_PLACEMENT_3D ( 'NONE', #4298, #4858, #219 ) ;
#2591 = CARTESIAN_POINT ( 'NONE',  ( 45.17477858715649575, 4.500000000000000000, -69.92602476605820527 ) ) ;
#2592 = CARTESIAN_POINT ( 'NONE',  ( 1.243733890142183537E-16, 11.99999999999999467, 1.000000000000000000 ) ) ;
#2593 = CARTESIAN_POINT ( 'NONE',  ( -44.94916343756472088, 4.999999999999997335, -0.1499999999999999667 ) ) ;
#2594 = CARTESIAN_POINT ( 'NONE',  ( 100.0127274652590899, 11.00000000000000000, -72.83414446803929820 ) ) ;
#2595 = AXIS2_PLACEMENT_3D ( 'NONE', #958, #2715, #3737 ) ;
#2596 = CARTESIAN_POINT ( 'NONE',  ( -2.518975483118307324, 5.999999999999993783, 0.2500000000000000000 ) ) ;
#2597 = LINE ( 'NONE', #5851, #5886 ) ;
#2598 = VECTOR ( 'NONE', #2797, 1000.000000000000000 ) ;
#2599 = ORIENTED_EDGE ( 'NONE', *, *, #3718, .F. ) ;
#2600 = ORIENTED_EDGE ( 'NONE', *, *, #2428, .T. ) ;
#2601 = CARTESIAN_POINT ( 'NONE',  ( 93.80621373527520745, 0.9999999999999991118, -9.999999999999998224 ) ) ;
#2602 = EDGE_CURVE ( 'NONE', #4679, #2511, #5512, .T. ) ;
#2603 = EDGE_CURVE ( 'NONE', #4233, #3227, #2771, .T. ) ;
#2604 = ORIENTED_EDGE ( 'NONE', *, *, #2091, .T. ) ;
#2605 = ORIENTED_EDGE ( 'NONE', *, *, #1431, .F. ) ;
#2606 = LINE ( 'NONE', #4801, #3670 ) ;
#2607 = CALENDAR_DATE ( 2024, 9, 7 ) ;
#2608 = APPLICATION_CONTEXT ( 'configuration controlled 3d designs of mechanical parts and assemblies' ) ;
#2609 = EDGE_CURVE ( 'NONE', #536, #32, #5125, .T. ) ;
#2610 = EDGE_CURVE ( 'NONE', #2802, #4491, #4916, .T. ) ;
#2611 = DIRECTION ( 'NONE',  ( -1.000000000000000000, -0.000000000000000000, -0.000000000000000000 ) ) ;
#2612 = VERTEX_POINT ( 'NONE', #2288 ) ;
#2613 = CARTESIAN_POINT ( 'NONE',  ( 189.1508201549503383, 0.9999999999999991118, -24.63909224581134438 ) ) ;
#2614 = CIRCLE ( 'NONE', #5679, 5.719358714986388925 ) ;
#2615 = DIRECTION ( 'NONE',  ( 0.000000000000000000, 0.000000000000000000, 1.000000000000000000 ) ) ;
#2616 = VECTOR ( 'NONE', #1897, 1000.000000000000000 ) ;
#2617 = EDGE_CURVE ( 'NONE', #785, #302, #993, .T. ) ;
#2618 = CARTESIAN_POINT ( 'NONE',  ( 196.8252214128434900, 6.500000000000000000, -69.92602476605814843 ) ) ;
#2619 = CALENDAR_DATE ( 2024, 9, 7 ) ;
#2620 = ORIENTED_EDGE ( 'NONE', *, *, #5484, .F. ) ;
#2621 = AXIS2_PLACEMENT_3D ( 'NONE', #5345, #3481, #2128 ) ;
#2622 = CIRCLE ( 'NONE', #3672, 0.7500000000000000000 ) ;
#2623 = CARTESIAN_POINT ( 'NONE',  ( 0.000000000000000000, 6.500000000000000000, -86.00000000000000000 ) ) ;
#2624 = DIRECTION ( 'NONE',  ( -1.000000000000000000, 0.000000000000000000, -2.344220913482173382E-17 ) ) ;
#2625 = LINE ( 'NONE', #3923, #244 ) ;
#2626 = CARTESIAN_POINT ( 'NONE',  ( 6.999999999999999112, 7.300000000000000711, 3.571489509364019421E-16 ) ) ;
#2627 = VECTOR ( 'NONE', #3606, 1000.000000000000000 ) ;
#2628 = DIRECTION ( 'NONE',  ( 1.000000000000000000, -0.000000000000000000, -0.000000000000000000 ) ) ;
#2629 = VECTOR ( 'NONE', #3248, 999.9999999999998863 ) ;
#2630 = DIRECTION ( 'NONE',  ( 1.000000000000000000, -0.000000000000000000, 0.000000000000000000 ) ) ;
#2631 = ORIENTED_EDGE ( 'NONE', *, *, #5400, .T. ) ;
#2632 = ORIENTED_EDGE ( 'NONE', *, *, #2898, .T. ) ;
#2633 = CARTESIAN_POINT ( 'NONE',  ( 196.7285922261393694, 6.500000000000000000, -68.51511626432008484 ) ) ;
#2634 = ORIENTED_EDGE ( 'NONE', *, *, #3008, .F. ) ;
#2635 = ORIENTED_EDGE ( 'NONE', *, *, #2036, .F. ) ;
#2636 = AXIS2_PLACEMENT_3D ( 'NONE', #5691, #4201, #1573 ) ;
#2637 = EDGE_CURVE ( 'NONE', #4128, #4527, #4349, .T. ) ;
#2638 = DIRECTION ( 'NONE',  ( -0.000000000000000000, 1.000000000000000000, -0.000000000000000000 ) ) ;
#2639 = CONTEXT_DEPENDENT_SHAPE_REPRESENTATION ( #553, #5908 ) ;
#2640 = LOCAL_TIME ( 16, 32, 57.00000000000000000, #103 ) ;
#2641 = EDGE_CURVE ( 'NONE', #5603, #4726, #1839, .T. ) ;
#2642 = EDGE_LOOP ( 'NONE', ( #2151, #595, #5397, #2961, #2739, #2267, #583, #399 ) ) ;
#2643 = LINE ( 'NONE', #4528, #3396 ) ;
#2644 = DIRECTION ( 'NONE',  ( 0.000000000000000000, 0.000000000000000000, 1.000000000000000000 ) ) ;
#2645 = AXIS2_PLACEMENT_3D ( 'NONE', #3682, #5429, #3649 ) ;
#2646 = CARTESIAN_POINT ( 'NONE',  ( 26.85114818817318394, 0.9999999999999991118, -12.13248070758134567 ) ) ;
#2647 = ADVANCED_FACE ( 'NONE', ( #3226 ), #2320, .T. ) ;
#2648 = CALENDAR_DATE ( 2024, 9, 7 ) ;
#2649 = MANIFOLD_SOLID_BREP ( 'Fillet3', #2529 ) ;
#2650 = EDGE_CURVE ( 'NONE', #5370, #1582, #57, .T. ) ;
#2651 = LINE ( 'NONE', #2623, #2276 ) ;
#2652 = DIRECTION ( 'NONE',  ( 0.000000000000000000, 0.000000000000000000, -1.000000000000000000 ) ) ;
#2653 = PLANE ( 'NONE',  #5019 ) ;
#2654 = PLANE ( 'NONE',  #4517 ) ;
#2655 = ORIENTED_EDGE ( 'NONE', *, *, #4959, .T. ) ;
#2656 = CARTESIAN_POINT ( 'NONE',  ( 160.7871978438078600, 0.9999999999999991118, -35.91675068580303787 ) ) ;
#2657 = LINE ( 'NONE', #4998, #4609 ) ;
#2658 = VERTEX_POINT ( 'NONE', #115 ) ;
#2659 = EDGE_LOOP ( 'NONE', ( #2687, #1178, #2819, #5465 ) ) ;
#2660 = CARTESIAN_POINT ( 'NONE',  ( 35.31768372440127735, 4.500000000000000000, -58.61949210274161715 ) ) ;
#2661 = DIRECTION ( 'NONE',  ( 1.000000000000000000, -0.000000000000000000, -0.000000000000000000 ) ) ;
#2662 = CIRCLE ( 'NONE', #4676, 3.000000000000002665 ) ;
#2663 = ORIENTED_EDGE ( 'NONE', *, *, #2944, .F. ) ;
#2664 = ORIENTED_EDGE ( 'NONE', *, *, #2310, .F. ) ;
#2665 = LINE ( 'NONE', #5402, #5432 ) ;
#2666 = PERSON_AND_ORGANIZATION ( #5447, #5917 ) ;
#2667 = PRODUCT_DEFINITION ( 'UNKNOWN', '', #1865, #3313 ) ;
#2668 = VERTEX_POINT ( 'NONE', #5542 ) ;
#2669 = DIRECTION ( 'NONE',  ( 0.000000000000000000, 0.000000000000000000, 1.000000000000000000 ) ) ;
#2670 = CARTESIAN_POINT ( 'NONE',  ( -2.518975483118307324, 3.999999999999994671, 0.5000000000000000000 ) ) ;
#2671 = LINE ( 'NONE', #4118, #3739 ) ;
#2672 = EDGE_CURVE ( 'NONE', #3328, #4703, #1935, .T. ) ;
#2673 = PERSON_AND_ORGANIZATION ( #82, #1018 ) ;
#2674 = EDGE_CURVE ( 'NONE', #5169, #1506, #5088, .T. ) ;
#2675 = CARTESIAN_POINT ( 'NONE',  ( 145.7124750936295072, 8.800000000000000711, -127.0329049987865062 ) ) ;
#2676 = CARTESIAN_POINT ( 'NONE',  ( -19.23935222489148344, 5.999999999999997335, 1.000000000000000000 ) ) ;
#2677 = CARTESIAN_POINT ( 'NONE',  ( 204.7153205121115604, 0.9999999999999991118, -66.57719532263180895 ) ) ;
#2678 = LINE ( 'NONE', #2567, #406 ) ;
#2679 = PRODUCT ( 'Lower Box', 'Lower Box', '', ( #1355 ) ) ;
#2680 = ORIENTED_EDGE ( 'NONE', *, *, #1940, .T. ) ;
#2681 = VECTOR ( 'NONE', #2020, 1000.000000000000000 ) ;
#2682 = FACE_OUTER_BOUND ( 'NONE', #424, .T. ) ;
#2683 = ADVANCED_FACE ( 'NONE', ( #2800 ), #530, .F. ) ;
#2684 = EDGE_CURVE ( 'NONE', #2063, #2550, #5114, .T. ) ;
#2685 = CARTESIAN_POINT ( 'NONE',  ( -19.23935222489148344, 3.999999999999994671, 0.5000000000000000000 ) ) ;
#2686 = VERTEX_POINT ( 'NONE', #2963 ) ;
#2687 = ORIENTED_EDGE ( 'NONE', *, *, #4987, .T. ) ;
#2688 = VECTOR ( 'NONE', #844, 1000.000000000000000 ) ;
#2689 = CARTESIAN_POINT ( 'NONE',  ( -12.51897548311830910, 3.999999999999994671, 1.000000000000000000 ) ) ;
#2690 = PLANE ( 'NONE',  #4471 ) ;
#2691 = VECTOR ( 'NONE', #1280, 1000.000000000000000 ) ;
#2692 = ORIENTED_EDGE ( 'NONE', *, *, #5225, .T. ) ;
#2693 = ORIENTED_EDGE ( 'NONE', *, *, #1228, .F. ) ;
#2694 = DIRECTION ( 'NONE',  ( -0.000000000000000000, -1.000000000000000000, -0.000000000000000000 ) ) ;
#2695 = AXIS2_PLACEMENT_3D ( 'NONE', #5507, #977, #1835 ) ;
#2696 = ORIENTED_EDGE ( 'NONE', *, *, #2835, .F. ) ;
#2697 = DIRECTION ( 'NONE',  ( 0.000000000000000000, 1.000000000000000000, 0.000000000000000000 ) ) ;
#2698 = CARTESIAN_POINT ( 'NONE',  ( 231.9999999999999716, 8.800000000000000711, -9.999999999999998224 ) ) ;
#2699 = CC_DESIGN_DATE_AND_TIME_ASSIGNMENT ( #3690, #1765, ( #5434 ) ) ;
#2700 = FACE_OUTER_BOUND ( 'NONE', #5089, .T. ) ;
#2701 = PERSON_AND_ORGANIZATION_ROLE ( 'classification_officer' ) ;
#2702 = LINE ( 'NONE', #4656, #2962 ) ;
#2703 = DIRECTION ( 'NONE',  ( -0.000000000000000000, -1.000000000000000000, -0.000000000000000000 ) ) ;
#2704 = DIRECTION ( 'NONE',  ( -0.7537688442211031292, 0.000000000000000000, 0.6571396575170169729 ) ) ;
#2705 = EDGE_CURVE ( 'NONE', #1811, #1138, #509, .T. ) ;
#2706 = CARTESIAN_POINT ( 'NONE',  ( 196.8252214128434900, 4.500000000000000000, -69.92602476605814843 ) ) ;
#2707 = ORIENTED_EDGE ( 'NONE', *, *, #378, .F. ) ;
#2708 = VECTOR ( 'NONE', #408, 1000.000000000000000 ) ;
#2709 = FACE_OUTER_BOUND ( 'NONE', #4659, .T. ) ;
#2710 = AXIS2_PLACEMENT_3D ( 'NONE', #4542, #807, #893 ) ;
#2711 = CARTESIAN_POINT ( 'NONE',  ( 2.000000000000001776, 11.00000000000000000, -30.47991140679799926 ) ) ;
#2712 = VERTEX_POINT ( 'NONE', #630 ) ;
#2713 = ORIENTED_EDGE ( 'NONE', *, *, #1039, .T. ) ;
#2714 = VECTOR ( 'NONE', #1856, 1000.000000000000000 ) ;
#2715 = DIRECTION ( 'NONE',  ( -3.907034855803622046E-18, 0.000000000000000000, 1.000000000000000000 ) ) ;
#2716 = LINE ( 'NONE', #870, #2078 ) ;
#2717 =( NAMED_UNIT ( * ) SI_UNIT ( $, .STERADIAN. ) SOLID_ANGLE_UNIT ( ) );
#2718 = EDGE_CURVE ( 'NONE', #4829, #1789, #5385, .T. ) ;
#2719 = EDGE_CURVE ( 'NONE', #5426, #1905, #3831, .T. ) ;
#2720 = VECTOR ( 'NONE', #3434, 1000.000000000000000 ) ;
#2721 = ORIENTED_EDGE ( 'NONE', *, *, #3157, .F. ) ;
#2722 = CARTESIAN_POINT ( 'NONE',  ( -29.23935222489148700, 5.634428877022473081, 1.000000000000000000 ) ) ;
#2723 = VERTEX_POINT ( 'NONE', #4343 ) ;
#2724 = DIRECTION ( 'NONE',  ( 0.000000000000000000, -1.000000000000000000, 0.000000000000000000 ) ) ;
#2725 = EDGE_CURVE ( 'NONE', #3962, #293, #1543, .T. ) ;
#2726 = CC_DESIGN_APPROVAL ( #1250, ( #1865 ) ) ;
#2727 = ORIENTED_EDGE ( 'NONE', *, *, #1762, .F. ) ;
#2728 = DIRECTION ( 'NONE',  ( 0.7839673537729039410, 0.000000000000000000, -0.6208020523631589960 ) ) ;
#2729 = DIRECTION ( 'NONE',  ( 0.000000000000000000, 1.000000000000000000, 0.000000000000000000 ) ) ;
#2730 = CARTESIAN_POINT ( 'NONE',  ( 24.07810965878882214, 11.00000000000000000, 30.40655526378991524 ) ) ;
#2731 = CC_DESIGN_APPROVAL ( #1859, ( #5138 ) ) ;
#2732 = APPLICATION_PROTOCOL_DEFINITION ( 'international standard', 'config_control_design', 1994, #1962 ) ;
#2733 = PLANE ( 'NONE',  #1894 ) ;
#2734 = ORGANIZATION ( 'NAUO-ORG6', 'UNSPECIFIED', 'UNSPECIFIED' ) ;
#2735 = CARTESIAN_POINT ( 'NONE',  ( 17.29894084331445825, 0.9999999999999991118, -8.831656991777592225 ) ) ;
#2736 = CIRCLE ( 'NONE', #3037, 0.7500000000000000000 ) ;
#2737 = PLANE ( 'NONE',  #1759 ) ;
#2738 = DIRECTION ( 'NONE',  ( 0.000000000000000000, 0.000000000000000000, 1.000000000000000000 ) ) ;
#2739 = ORIENTED_EDGE ( 'NONE', *, *, #2748, .F. ) ;
#2740 = EDGE_CURVE ( 'NONE', #3234, #4228, #3097, .T. ) ;
#2741 = DIRECTION ( 'NONE',  ( -0.7537688442211060158, 0.000000000000000000, 0.6571396575170137533 ) ) ;
#2742 = CARTESIAN_POINT ( 'NONE',  ( 10.00000000000007105, 11.00000000000000000, -88.00000000000000000 ) ) ;
#2743 = EDGE_LOOP ( 'NONE', ( #3108, #5081, #4707, #1272 ) ) ;
#2744 = ORIENTED_EDGE ( 'NONE', *, *, #5924, .F. ) ;
#2745 = CARTESIAN_POINT ( 'NONE',  ( 231.9999999999999147, 0.000000000000000000, -88.00000000000000000 ) ) ;
#2746 = CARTESIAN_POINT ( 'NONE',  ( 132.3821894788979137, 11.00000000000000000, -2.091150110284984986 ) ) ;
#2747 = DATE_AND_TIME ( #3257, #4077 ) ;
#2748 = EDGE_CURVE ( 'NONE', #4470, #1060, #3803, .T. ) ;
#2749 = ORIENTED_EDGE ( 'NONE', *, *, #1658, .F. ) ;
#2750 = DIRECTION ( 'NONE',  ( -0.000000000000000000, 1.000000000000000000, -0.000000000000000000 ) ) ;
#2751 = ORIENTED_EDGE ( 'NONE', *, *, #5762, .F. ) ;
#2752 = EDGE_CURVE ( 'NONE', #1781, #2294, #3351, .T. ) ;
#2753 = CYLINDRICAL_SURFACE ( 'NONE', #716, 8.999999999999998224 ) ;
#2754 = APPROVAL_STATUS ( 'not_yet_approved' ) ;
#2755 = VECTOR ( 'NONE', #287, 1000.000000000000000 ) ;
#2756 = VERTEX_POINT ( 'NONE', #1193 ) ;
#2757 = EDGE_CURVE ( 'NONE', #105, #1753, #2475, .T. ) ;
#2758 = EDGE_CURVE ( 'NONE', #4266, #1243, #5666, .T. ) ;
#2759 = LINE ( 'NONE', #483, #2147 ) ;
#2760 = AXIS2_PLACEMENT_3D ( 'NONE', #355, #3950, #5812 ) ;
#2761 = DIRECTION ( 'NONE',  ( 0.000000000000000000, 0.000000000000000000, -1.000000000000000000 ) ) ;
#2762 = LINE ( 'NONE', #4148, #873 ) ;
#2763 = DATE_AND_TIME ( #1303, #3123 ) ;
#2764 = DIRECTION ( 'NONE',  ( -0.000000000000000000, 1.000000000000000000, -0.000000000000000000 ) ) ;
#2765 = ORIENTED_EDGE ( 'NONE', *, *, #4666, .F. ) ;
#2766 = DIRECTION ( 'NONE',  ( -7.653191805780047250E-17, 0.000000000000000000, 1.000000000000000000 ) ) ;
#2767 = LINE ( 'NONE', #2223, #723 ) ;
#2768 = DIRECTION ( 'NONE',  ( 0.7903250251122234671, 0.000000000000000000, -0.6126878117617187147 ) ) ;
#2769 = ORIENTED_EDGE ( 'NONE', *, *, #2069, .T. ) ;
#2770 = DIRECTION ( 'NONE',  ( 1.000000000000000000, -0.000000000000000000, 0.000000000000000000 ) ) ;
#2771 = LINE ( 'NONE', #2742, #498 ) ;
#2772 = ORIENTED_EDGE ( 'NONE', *, *, #5253, .T. ) ;
#2773 = EDGE_LOOP ( 'NONE', ( #4919, #2562, #130, #5257 ) ) ;
#2774 = DIRECTION ( 'NONE',  ( 0.000000000000000000, 1.000000000000000000, -0.000000000000000000 ) ) ;
#2775 = CARTESIAN_POINT ( 'NONE',  ( 10.00000000000007105, 11.00000000000000000, 0.000000000000000000 ) ) ;
#2776 = DIRECTION ( 'NONE',  ( 1.000000000000000000, -4.614606215888349329E-17, -6.312153242153408720E-17 ) ) ;
#2777 = CARTESIAN_POINT ( 'NONE',  ( 0.000000000000000000, 0.000000000000000000, 1.000000000000000000 ) ) ;
#2778 = DIRECTION ( 'NONE',  ( -1.000000000000000000, -0.000000000000000000, -0.000000000000000000 ) ) ;
#2779 = VECTOR ( 'NONE', #3763, 1000.000000000000000 ) ;
#2780 = ORIENTED_EDGE ( 'NONE', *, *, #2792, .F. ) ;
#2781 = CARTESIAN_POINT ( 'NONE',  ( 234.2079578780316353, 0.9999999999999991118, -9.999999999999962697 ) ) ;
#2782 = EDGE_CURVE ( 'NONE', #1057, #3353, #4317, .T. ) ;
#2783 = VECTOR ( 'NONE', #5882, 1000.000000000000000 ) ;
#2784 = ORIENTED_EDGE ( 'NONE', *, *, #305, .F. ) ;
#2785 = DIRECTION ( 'NONE',  ( 0.000000000000000000, 0.000000000000000000, -1.000000000000000000 ) ) ;
#2786 = VECTOR ( 'NONE', #4038, 1000.000000000000000 ) ;
#2787 = DIRECTION ( 'NONE',  ( -0.000000000000000000, -1.000000000000000000, -0.000000000000000000 ) ) ;
#2788 = CARTESIAN_POINT ( 'NONE',  ( 0.000000000000000000, 6.500000000000000000, -86.00000000000000000 ) ) ;
#2789 = PERSON_AND_ORGANIZATION ( #82, #1018 ) ;
#2790 = VECTOR ( 'NONE', #3252, 1000.000000000000000 ) ;
#2791 = EDGE_CURVE ( 'NONE', #728, #62, #268, .T. ) ;
#2792 = EDGE_CURVE ( 'NONE', #1863, #3228, #4730, .T. ) ;
#2793 = FACE_OUTER_BOUND ( 'NONE', #2988, .T. ) ;
#2794 = ORIENTED_EDGE ( 'NONE', *, *, #2577, .T. ) ;
#2795 = LINE ( 'NONE', #4623, #2326 ) ;
#2796 = CARTESIAN_POINT ( 'NONE',  ( -47.07048378112436637, 5.634428877022473081, 1.000000000000000000 ) ) ;
#2797 = DIRECTION ( 'NONE',  ( 0.6236204494652475283, 0.000000000000000000, -0.7817272766181072585 ) ) ;
#2798 = ORIENTED_EDGE ( 'NONE', *, *, #4016, .F. ) ;
#2799 = CARTESIAN_POINT ( 'NONE',  ( -29.23935222489148700, 4.365571122977521590, 1.000000000000000000 ) ) ;
#2800 = FACE_OUTER_BOUND ( 'NONE', #2659, .T. ) ;
#2801 = ORIENTED_EDGE ( 'NONE', *, *, #607, .F. ) ;
#2802 = VERTEX_POINT ( 'NONE', #5696 ) ;
#2803 = CARTESIAN_POINT ( 'NONE',  ( 156.0000000000000000, 4.500000000000000000, -34.33438122311710572 ) ) ;
#2804 = AXIS2_PLACEMENT_3D ( 'NONE', #1051, #982, #4227 ) ;
#2805 = LINE ( 'NONE', #5064, #1519 ) ;
#2806 = AXIS2_PLACEMENT_3D ( 'NONE', #3413, #5246, #2502 ) ;
#2807 = COORDINATED_UNIVERSAL_TIME_OFFSET ( 7, 0, .AHEAD. ) ;
#2808 = CIRCLE ( 'NONE', #5401, 5.719358714986404024 ) ;
#2809 = DIRECTION ( 'NONE',  ( -0.000000000000000000, 1.000000000000000000, -0.000000000000000000 ) ) ;
#2810 = AXIS2_PLACEMENT_3D ( 'NONE', #4001, #1186, #4838 ) ;
#2811 = DIRECTION ( 'NONE',  ( 0.000000000000000000, 1.000000000000000000, -0.000000000000000000 ) ) ;
#2812 = VERTEX_POINT ( 'NONE', #3864 ) ;
#2813 = AXIS2_PLACEMENT_3D ( 'NONE', #2596, #299, #5787 ) ;
#2814 = DIRECTION ( 'NONE',  ( 0.000000000000000000, 0.000000000000000000, 1.000000000000000000 ) ) ;
#2815 = AXIS2_PLACEMENT_3D ( 'NONE', #4066, #2704, #3186 ) ;
#2816 = EDGE_LOOP ( 'NONE', ( #953, #4353, #5581, #1338, #2635, #631, #696, #369 ) ) ;
#2817 = EDGE_CURVE ( 'NONE', #3172, #5675, #237, .T. ) ;
#2818 = ORIENTED_EDGE ( 'NONE', *, *, #1977, .F. ) ;
#2819 = ORIENTED_EDGE ( 'NONE', *, *, #2986, .F. ) ;
#2820 = AXIS2_PLACEMENT_3D ( 'NONE', #2999, #2066, #1121 ) ;
#2821 = LINE ( 'NONE', #1325, #5894 ) ;
#2822 = CARTESIAN_POINT ( 'NONE',  ( 45.27140777386058801, 6.500000000000000000, -68.51511626432008484 ) ) ;
#2823 = DIRECTION ( 'NONE',  ( -0.000000000000000000, -1.000000000000000000, -0.000000000000000000 ) ) ;
#2824 = PLANE ( 'NONE',  #1071 ) ;
#2825 = APPLICATION_PROTOCOL_DEFINITION ( 'international standard', 'config_control_design', 1994, #5569 ) ;
#2826 = VECTOR ( 'NONE', #2457, 1000.000000000000000 ) ;
#2827 = CARTESIAN_POINT ( 'NONE',  ( 4.043681639199134525E-13, 8.800000000000000711, -54.89756598715790403 ) ) ;
#2828 = ORIENTED_EDGE ( 'NONE', *, *, #168, .F. ) ;
#2829 = FACE_OUTER_BOUND ( 'NONE', #4994, .T. ) ;
#2830 = CC_DESIGN_SECURITY_CLASSIFICATION ( #5619, ( #1123 ) ) ;
#2831 = EDGE_CURVE ( 'NONE', #1501, #4470, #2622, .T. ) ;
#2832 = DIRECTION ( 'NONE',  ( 0.000000000000000000, 0.000000000000000000, -1.000000000000000000 ) ) ;
#2833 = CARTESIAN_POINT ( 'NONE',  ( -34.94916343756472088, 5.999999999999995559, 1.000000000000000000 ) ) ;
#2834 = ORIENTED_EDGE ( 'NONE', *, *, #1688, .F. ) ;
#2835 = EDGE_CURVE ( 'NONE', #7, #2686, #2443, .T. ) ;
#2836 = CC_DESIGN_APPROVAL ( #2155, ( #5813 ) ) ;
#2837 = VECTOR ( 'NONE', #4793, 1000.000000000000000 ) ;
#2838 = CARTESIAN_POINT ( 'NONE',  ( -44.94916343756472088, 5.999999999999993783, 1.000000000000000000 ) ) ;
#2839 = CARTESIAN_POINT ( 'NONE',  ( 0.000000000000000000, 11.00000000000000000, -73.24436680701796831 ) ) ;
#2840 = ORIENTED_EDGE ( 'NONE', *, *, #3826, .F. ) ;
#2841 = ORIENTED_EDGE ( 'NONE', *, *, #1440, .F. ) ;
#2842 = EDGE_CURVE ( 'NONE', #323, #3804, #1577, .T. ) ;
#2843 = DIRECTION ( 'NONE',  ( 1.000000000000000000, 0.000000000000000000, -0.000000000000000000 ) ) ;
#2844 = DIRECTION ( 'NONE',  ( 0.6571396575170135312, 0.000000000000000000, -0.7537688442211062378 ) ) ;
#2845 = CIRCLE ( 'NONE', #3903, 1.000000000000000000 ) ;
#2846 = ORIENTED_EDGE ( 'NONE', *, *, #5212, .F. ) ;
#2847 = DIRECTION ( 'NONE',  ( 0.000000000000000000, -1.000000000000000000, 0.000000000000000000 ) ) ;
#2848 = ORIENTED_EDGE ( 'NONE', *, *, #830, .F. ) ;
#2849 = PLANE ( 'NONE',  #5725 ) ;
#2850 = ORIENTED_EDGE ( 'NONE', *, *, #777, .T. ) ;
#2851 = ORIENTED_EDGE ( 'NONE', *, *, #2740, .T. ) ;
#2852 = ORIENTED_EDGE ( 'NONE', *, *, #4016, .T. ) ;
#2853 = CARTESIAN_POINT ( 'NONE',  ( -50.00000000000000000, 5.999999999999993783, 0.000000000000000000 ) ) ;
#2854 = CARTESIAN_POINT ( 'NONE',  ( -47.07048378112436637, 4.999999999999997335, 0.6000000000000000888 ) ) ;
#2855 = CARTESIAN_POINT ( 'NONE',  ( -50.00000000000000000, 0.000000000000000000, 1.000000000000000000 ) ) ;
#2856 = VECTOR ( 'NONE', #3914, 1000.000000000000000 ) ;
#2857 = EDGE_CURVE ( 'NONE', #125, #730, #5116, .T. ) ;
#2858 = COORDINATED_UNIVERSAL_TIME_OFFSET ( 7, 0, .AHEAD. ) ;
#2859 = DIRECTION ( 'NONE',  ( -6.251255769285794041E-17, 0.000000000000000000, -1.000000000000000000 ) ) ;
#2860 = VERTEX_POINT ( 'NONE', #3896 ) ;
#2861 = CARTESIAN_POINT ( 'NONE',  ( 160.7871978438078600, 0.9999999999999991118, -35.91675068580303787 ) ) ;
#2862 = CARTESIAN_POINT ( 'NONE',  ( 157.2204887913150344, 0.9999999999999991118, -31.44577197353467213 ) ) ;
#2863 = EDGE_CURVE ( 'NONE', #5766, #5340, #3439, .T. ) ;
#2864 = LINE ( 'NONE', #3345, #4503 ) ;
#2865 = EDGE_CURVE ( 'NONE', #1761, #4301, #5904, .T. ) ;
#2866 = ORIENTED_EDGE ( 'NONE', *, *, #2307, .F. ) ;
#2867 = DIRECTION ( 'NONE',  ( 0.000000000000000000, 0.000000000000000000, 1.000000000000000000 ) ) ;
#2868 = CARTESIAN_POINT ( 'NONE',  ( -4.336808689942015764E-16, 4.999999999999998224, 0.5000000000000000000 ) ) ;
#2869 = ORIENTED_EDGE ( 'NONE', *, *, #5475, .F. ) ;
#2870 = ORIENTED_EDGE ( 'NONE', *, *, #2782, .F. ) ;
#2871 = DIRECTION ( 'NONE',  ( -1.000000000000000000, 0.000000000000000000, 0.000000000000000000 ) ) ;
#2872 = PLANE ( 'NONE',  #5436 ) ;
#2873 = EDGE_CURVE ( 'NONE', #4829, #3533, #1306, .T. ) ;
#2874 = EDGE_CURVE ( 'NONE', #234, #4318, #1693, .T. ) ;
#2875 = FACE_OUTER_BOUND ( 'NONE', #2972, .T. ) ;
#2876 = PLANE ( 'NONE',  #409 ) ;
#2877 = ORIENTED_EDGE ( 'NONE', *, *, #645, .T. ) ;
#2878 = DIRECTION ( 'NONE',  ( 1.000000000000000000, 0.000000000000000000, -0.000000000000000000 ) ) ;
#2879 = AXIS2_PLACEMENT_3D ( 'NONE', #2984, #4812, #263 ) ;
#2880 = VERTEX_POINT ( 'NONE', #887 ) ;
#2881 = ORIENTED_EDGE ( 'NONE', *, *, #5518, .T. ) ;
#2882 = ORIENTED_EDGE ( 'NONE', *, *, #1365, .F. ) ;
#2883 = LINE ( 'NONE', #1529, #1347 ) ;
#2884 = DIRECTION ( 'NONE',  ( -1.000000000000000000, 0.000000000000000000, 0.000000000000000000 ) ) ;
#2885 = AXIS2_PLACEMENT_3D ( 'NONE', #418, #1756, #254 ) ;
#2886 = PERSON_AND_ORGANIZATION_ROLE ( 'creator' ) ;
#2887 = APPLICATION_CONTEXT ( 'configuration controlled 3d designs of mechanical parts and assemblies' ) ;
#2888 = AXIS2_PLACEMENT_3D ( 'NONE', #151, #2964, #2028 ) ;
#2889 = CARTESIAN_POINT ( 'NONE',  ( 75.17281651802196052, 7.300000000000000711, -86.22661313385681581 ) ) ;
#2890 = ORIENTED_EDGE ( 'NONE', *, *, #1404, .T. ) ;
#2891 = EDGE_LOOP ( 'NONE', ( #2343, #2393, #1350, #5230 ) ) ;
#2892 = CARTESIAN_POINT ( 'NONE',  ( 200.1383792798716001, 11.00000000000000000, -35.62665137073264532 ) ) ;
#2893 = CARTESIAN_POINT ( 'NONE',  ( 145.7124750936295072, 7.300000000000000711, -127.0329049987865062 ) ) ;
#2894 = DIRECTION ( 'NONE',  ( -0.000000000000000000, -1.000000000000000000, -0.000000000000000000 ) ) ;
#2895 = ORIENTED_EDGE ( 'NONE', *, *, #5876, .F. ) ;
#2896 = VECTOR ( 'NONE', #3776, 1000.000000000000000 ) ;
#2897 = LINE ( 'NONE', #3251, #425 ) ;
#2898 = EDGE_CURVE ( 'NONE', #4056, #482, #2193, .T. ) ;
#2899 = DIRECTION ( 'NONE',  ( 1.000000000000000000, -0.000000000000000000, 0.000000000000000000 ) ) ;
#2900 = ORIENTED_EDGE ( 'NONE', *, *, #3484, .T. ) ;
#2901 = EDGE_LOOP ( 'NONE', ( #4647, #1943, #111, #632 ) ) ;
#2902 = FACE_OUTER_BOUND ( 'NONE', #1470, .T. ) ;
#2903 = CARTESIAN_POINT ( 'NONE',  ( 36.72859222613941910, 6.500000000000000000, -58.71612128944570941 ) ) ;
#2904 = ORIENTED_EDGE ( 'NONE', *, *, #2465, .F. ) ;
#2905 = PLANE ( 'NONE',  #1736 ) ;
#2906 = ORIENTED_EDGE ( 'NONE', *, *, #2602, .T. ) ;
#2907 = VECTOR ( 'NONE', #2630, 1000.000000000000000 ) ;
#2908 = EDGE_CURVE ( 'NONE', #1232, #1882, #1332, .T. ) ;
#2909 = DIRECTION ( 'NONE',  ( -0.000000000000000000, 1.000000000000000000, -0.000000000000000000 ) ) ;
#2910 = ADVANCED_FACE ( 'NONE', ( #3525 ), #325, .T. ) ;
#2911 = CARTESIAN_POINT ( 'NONE',  ( 2.121320343559649046, 5.292893218813446765, 0.000000000000000000 ) ) ;
#2912 = VECTOR ( 'NONE', #1838, 1000.000000000000000 ) ;
#2913 = VECTOR ( 'NONE', #2932, 1000.000000000000000 ) ;
#2914 = ORIENTED_EDGE ( 'NONE', *, *, #3130, .F. ) ;
#2915 = ORIENTED_EDGE ( 'NONE', *, *, #4750, .T. ) ;
#2916 = ORIENTED_EDGE ( 'NONE', *, *, #1022, .T. ) ;
#2917 = VECTOR ( 'NONE', #721, 1000.000000000000000 ) ;
#2918 = FACE_BOUND ( 'NONE', #5311, .T. ) ;
#2919 = EDGE_CURVE ( 'NONE', #3253, #1781, #2226, .T. ) ;
#2920 = DIRECTION ( 'NONE',  ( 1.000000000000000000, -0.000000000000000000, 0.000000000000000000 ) ) ;
#2921 = VECTOR ( 'NONE', #2585, 1000.000000000000000 ) ;
#2922 = CALENDAR_DATE ( 2024, 9, 7 ) ;
#2923 = AXIS2_PLACEMENT_3D ( 'NONE', #2677, #4624, #2346 ) ;
#2924 = CARTESIAN_POINT ( 'NONE',  ( 185.1066228235450524, 11.00000000000000000, -22.96393086223018543 ) ) ;
#2925 = ORIENTED_EDGE ( 'NONE', *, *, #2974, .T. ) ;
#2926 = CARTESIAN_POINT ( 'NONE',  ( 75.94467848013569267, 0.9999999999999991118, -86.00000000000000000 ) ) ;
#2927 = DIRECTION ( 'NONE',  ( 0.000000000000000000, 0.000000000000000000, -1.000000000000000000 ) ) ;
#2928 =( REPRESENTATION_RELATIONSHIP ('NONE','NONE', #3561, #2958 ) REPRESENTATION_RELATIONSHIP_WITH_TRANSFORMATION ( #5289 )SHAPE_REPRESENTATION_RELATIONSHIP( ) );
#2929 = CARTESIAN_POINT ( 'NONE',  ( 36.72859222613939778, 8.800000000000000711, -58.71612128944570941 ) ) ;
#2930 = PERSON_AND_ORGANIZATION ( #82, #1018 ) ;
#2931 = ORIENTED_EDGE ( 'NONE', *, *, #2197, .F. ) ;
#2932 = DIRECTION ( 'NONE',  ( -0.000000000000000000, 1.000000000000000000, -0.000000000000000000 ) ) ;
#2933 = ORIENTED_EDGE ( 'NONE', *, *, #1022, .F. ) ;
#2934 = LINE ( 'NONE', #4344, #1637 ) ;
#2935 = CARTESIAN_POINT ( 'NONE',  ( 93.80621373527520745, 11.00000000000000000, -9.999999999999998224 ) ) ;
#2936 = CC_DESIGN_APPROVAL ( #3550, ( #4608 ) ) ;
#2937 = CC_DESIGN_PERSON_AND_ORGANIZATION_ASSIGNMENT ( #3099, #4813, ( #1964 ) ) ;
#2938 = VECTOR ( 'NONE', #1061, 1000.000000000000000 ) ;
#2939 = CARTESIAN_POINT ( 'NONE',  ( 0.000000000000000000, 7.300000000000000711, 0.000000000000000000 ) ) ;
#2940 = ADVANCED_BREP_SHAPE_REPRESENTATION ( '', ( #2540, #1119 ), #5809 ) ;
#2941 = CARTESIAN_POINT ( 'NONE',  ( 9.999999999999998224, 7.300000000000000711, -9.999999999999998224 ) ) ;
#2942 = ORIENTED_EDGE ( 'NONE', *, *, #1440, .T. ) ;
#2943 = DIRECTION ( 'NONE',  ( -0.000000000000000000, 1.000000000000000000, -0.000000000000000000 ) ) ;
#2944 = EDGE_CURVE ( 'NONE', #1918, #86, #5358, .T. ) ;
#2945 = DIRECTION ( 'NONE',  ( -0.7537688442211060158, 0.000000000000000000, 0.6571396575170137533 ) ) ;
#2946 = ORIENTED_EDGE ( 'NONE', *, *, #788, .F. ) ;
#2947 = EDGE_CURVE ( 'NONE', #536, #590, #4430, .T. ) ;
#2948 = ORIENTED_EDGE ( 'NONE', *, *, #2271, .T. ) ;
#2949 = DIRECTION ( 'NONE',  ( -0.000000000000000000, 1.000000000000000000, -0.000000000000000000 ) ) ;
#2950 = DIRECTION ( 'NONE',  ( -0.000000000000000000, -0.000000000000000000, -1.000000000000000000 ) ) ;
#2951 = DATE_TIME_ROLE ( 'classification_date' ) ;
#2952 = EDGE_CURVE ( 'NONE', #1836, #2543, #2422, .T. ) ;
#2953 = ADVANCED_FACE ( 'NONE', ( #2143 ), #1777, .F. ) ;
#2954 = FACE_OUTER_BOUND ( 'NONE', #2355, .T. ) ;
#2955 = VERTEX_POINT ( 'NONE', #4903 ) ;
#2956 = DIRECTION ( 'NONE',  ( -0.000000000000000000, -1.000000000000000000, 0.000000000000000000 ) ) ;
#2957 = DIRECTION ( 'NONE',  ( -0.000000000000000000, 0.000000000000000000, -1.000000000000000000 ) ) ;
#2958 = SHAPE_REPRESENTATION ( 'Lower Box', ( #1119 ), #5809 ) ;
#2959 = CARTESIAN_POINT ( 'NONE',  ( 0.000000000000000000, 0.000000000000000000, 0.000000000000000000 ) ) ;
#2960 = APPROVAL_ROLE ( '' ) ;
#2961 = ORIENTED_EDGE ( 'NONE', *, *, #3418, .F. ) ;
#2962 = VECTOR ( 'NONE', #5502, 1000.000000000000000 ) ;
#2963 = CARTESIAN_POINT ( 'NONE',  ( 32.39949558450452116, 11.00000000000000000, -72.17940474342464086 ) ) ;
#2964 = DIRECTION ( 'NONE',  ( 1.000000000000000000, 0.000000000000000000, 0.000000000000000000 ) ) ;
#2965 = FACE_OUTER_BOUND ( 'NONE', #528, .T. ) ;
#2966 = LINE ( 'NONE', #2118, #5492 ) ;
#2967 = ORIENTED_EDGE ( 'NONE', *, *, #442, .T. ) ;
#2968 = CC_DESIGN_PERSON_AND_ORGANIZATION_ASSIGNMENT ( #2666, #940, ( #542 ) ) ;
#2969 = CARTESIAN_POINT ( 'NONE',  ( 157.2204887913150060, 0.9999999999999991118, -37.16513068852106727 ) ) ;
#2970 = FACE_OUTER_BOUND ( 'NONE', #4259, .T. ) ;
#2971 = ORIENTED_EDGE ( 'NONE', *, *, #3301, .T. ) ;
#2972 = EDGE_LOOP ( 'NONE', ( #1238, #281, #3705, #1841, #3062, #1916, #2852, #4525, #1616, #3716, #2881, #5488, #3735, #1949, #5680, #5030 ) ) ;
#2973 = EDGE_LOOP ( 'NONE', ( #2274, #3072, #4830, #1258 ) ) ;
#2974 = EDGE_CURVE ( 'NONE', #3479, #5646, #774, .T. ) ;
#2975 = LINE ( 'NONE', #1150, #692 ) ;
#2976 = DIRECTION ( 'NONE',  ( 1.000000000000000000, -0.000000000000000000, 0.000000000000000000 ) ) ;
#2977 = EDGE_CURVE ( 'NONE', #2612, #2026, #1945, .T. ) ;
#2978 = PERSON_AND_ORGANIZATION_ROLE ( 'classification_officer' ) ;
#2979 = AXIS2_PLACEMENT_3D ( 'NONE', #798, #3520, #710 ) ;
#2980 = CARTESIAN_POINT ( 'NONE',  ( 231.9999999999999716, 8.800000000000000711, -78.00000000000000000 ) ) ;
#2981 = ORIENTED_EDGE ( 'NONE', *, *, #3779, .F. ) ;
#2982 = CARTESIAN_POINT ( 'NONE',  ( 10.00000000000007105, 0.000000000000000000, -88.00000000000000000 ) ) ;
#2983 = LINE ( 'NONE', #3043, #5128 ) ;
#2984 = CARTESIAN_POINT ( 'NONE',  ( 24.07810965878882214, 0.9999999999999991118, 30.40655526378991524 ) ) ;
#2985 = EDGE_CURVE ( 'NONE', #5563, #5199, #802, .T. ) ;
#2986 = EDGE_CURVE ( 'NONE', #3494, #3845, #4009, .T. ) ;
#2987 = DATE_AND_TIME ( #4369, #156 ) ;
#2988 = EDGE_LOOP ( 'NONE', ( #3824, #2914, #1088, #249 ) ) ;
#2989 = AXIS2_PLACEMENT_3D ( 'NONE', #2854, #613, #2366 ) ;
#2990 = DIRECTION ( 'NONE',  ( 0.000000000000000000, 0.000000000000000000, 1.000000000000000000 ) ) ;
#2991 = DIRECTION ( 'NONE',  ( 1.213229358341399152E-15, 0.000000000000000000, 1.000000000000000000 ) ) ;
#2992 = VECTOR ( 'NONE', #2506, 1000.000000000000000 ) ;
#2993 = DIRECTION ( 'NONE',  ( -1.000000000000000000, 0.000000000000000000, 0.000000000000000000 ) ) ;
#2994 = CIRCLE ( 'NONE', #3954, 5.719358714986404024 ) ;
#2995 = CARTESIAN_POINT ( 'NONE',  ( -12.51897548311831088, 4.999999999999997335, 0.6000000000000000888 ) ) ;
#2996 = DIRECTION ( 'NONE',  ( 0.7537688442211051276, 0.000000000000000000, 0.6571396575170146415 ) ) ;
#2997 = ORIENTED_EDGE ( 'NONE', *, *, #307, .T. ) ;
#2998 = LINE ( 'NONE', #4912, #3899 ) ;
#2999 = CARTESIAN_POINT ( 'NONE',  ( 0.000000000000000000, 0.000000000000000000, 0.000000000000000000 ) ) ;
#3000 = ORIENTED_EDGE ( 'NONE', *, *, #2310, .T. ) ;
#3001 = ORIENTED_EDGE ( 'NONE', *, *, #4556, .F. ) ;
#3002 = ORIENTED_EDGE ( 'NONE', *, *, #198, .T. ) ;
#3003 = EDGE_LOOP ( 'NONE', ( #1524, #2232, #456, #94 ) ) ;
#3004 = CARTESIAN_POINT ( 'NONE',  ( 204.1825766112769145, 0.9999999999999991118, -37.30181275431380783 ) ) ;
#3005 = DIRECTION ( 'NONE',  ( 0.000000000000000000, 0.000000000000000000, 1.000000000000000000 ) ) ;
#3006 = AXIS2_PLACEMENT_3D ( 'NONE', #4962, #5845, #295 ) ;
#3007 = PERSON_AND_ORGANIZATION ( #4012, #5523 ) ;
#3008 = EDGE_CURVE ( 'NONE', #4141, #125, #2171, .T. ) ;
#3009 = VECTOR ( 'NONE', #5850, 1000.000000000000000 ) ;
#3010 = CARTESIAN_POINT ( 'NONE',  ( 10.00000000000007105, 0.000000000000000000, -88.00000000000000000 ) ) ;
#3011 = VERTEX_POINT ( 'NONE', #1278 ) ;
#3012 = AXIS2_PLACEMENT_3D ( 'NONE', #4936, #1665, #1632 ) ;
#3013 = FACE_OUTER_BOUND ( 'NONE', #3139, .T. ) ;
#3014 = CARTESIAN_POINT ( 'NONE',  ( 200.1383792798716001, 0.9999999999999991118, -35.62665137073264532 ) ) ;
#3015 = CARTESIAN_POINT ( 'NONE',  ( 242.0000000000000000, 7.300000000000000711, -10.00000000000006928 ) ) ;
#3016 = ADVANCED_FACE ( 'NONE', ( #4065 ), #3103, .F. ) ;
#3017 = COORDINATED_UNIVERSAL_TIME_OFFSET ( 7, 0, .AHEAD. ) ;
#3018 = ORIENTED_EDGE ( 'NONE', *, *, #653, .F. ) ;
#3019 = AXIS2_PLACEMENT_3D ( 'NONE', #3096, #2135, #2586 ) ;
#3020 = PLANE ( 'NONE',  #190 ) ;
#3021 = EDGE_CURVE ( 'NONE', #1221, #3934, #5871, .T. ) ;
#3022 = CARTESIAN_POINT ( 'NONE',  ( -8.215947228172160166, 8.800000000000000711, -7.162706165280552817 ) ) ;
#3023 = LINE ( 'NONE', #3467, #145 ) ;
#3024 = DIRECTION ( 'NONE',  ( 0.000000000000000000, 0.000000000000000000, -1.000000000000000000 ) ) ;
#3025 = LOCAL_TIME ( 16, 32, 57.00000000000000000, #3461 ) ;
#3026 = CARTESIAN_POINT ( 'NONE',  ( -44.94916343756472088, 5.999999999999994671, 1.000000000000000000 ) ) ;
#3027 = ADVANCED_FACE ( 'NONE', ( #1864 ), #2374, .F. ) ;
#3028 = CARTESIAN_POINT ( 'NONE',  ( 0.000000000000000000, 11.00000000000000000, -72.83414446803934084 ) ) ;
#3029 = EDGE_LOOP ( 'NONE', ( #4309, #5639, #2589, #339 ) ) ;
#3030 = VERTEX_POINT ( 'NONE', #4189 ) ;
#3031 = SECURITY_CLASSIFICATION ( '', '', #2043 ) ;
#3032 = CARTESIAN_POINT ( 'NONE',  ( 228.1435304185186510, 0.9999999999999991118, -12.84634009807924215 ) ) ;
#3033 = CARTESIAN_POINT ( 'NONE',  ( -35.56167830325389900, 0.9999999999999991118, -45.87211261349919056 ) ) ;
#3034 = ORIENTED_EDGE ( 'NONE', *, *, #372, .T. ) ;
#3035 = APPROVAL_PERSON_ORGANIZATION ( #2666, #5797, #5860 ) ;
#3036 = EDGE_LOOP ( 'NONE', ( #4716, #5738, #2423, #1528 ) ) ;
#3037 = AXIS2_PLACEMENT_3D ( 'NONE', #3622, #448, #5394 ) ;
#3038 = LINE ( 'NONE', #4862, #3485 ) ;
#3039 = COORDINATED_UNIVERSAL_TIME_OFFSET ( 7, 0, .AHEAD. ) ;
#3040 = PLANE ( 'NONE',  #5004 ) ;
#3041 = ORIENTED_EDGE ( 'NONE', *, *, #274, .F. ) ;
#3042 = DIRECTION ( 'NONE',  ( 0.000000000000000000, 1.000000000000000000, -0.000000000000000000 ) ) ;
#3043 = CARTESIAN_POINT ( 'NONE',  ( 29.33065561651988773, 6.500000000000000000, 33.64358569964877432 ) ) ;
#3044 = DIRECTION ( 'NONE',  ( -0.000000000000000000, 1.000000000000000000, -0.000000000000000000 ) ) ;
#3045 = APPROVAL_STATUS ( 'not_yet_approved' ) ;
#3046 = VERTEX_POINT ( 'NONE', #2344 ) ;
#3047 = DIRECTION ( 'NONE',  ( 0.000000000000000000, 0.000000000000000000, 1.000000000000000000 ) ) ;
#3048 = EDGE_CURVE ( 'NONE', #5909, #5169, #4350, .T. ) ;
#3049 = CARTESIAN_POINT ( 'NONE',  ( 231.9999999999999147, 6.500000000000000000, -86.00000000000000000 ) ) ;
#3050 = LINE ( 'NONE', #3552, #4740 ) ;
#3051 = EDGE_CURVE ( 'NONE', #4439, #5658, #5791, .T. ) ;
#3052 = FACE_OUTER_BOUND ( 'NONE', #3036, .T. ) ;
#3053 = VECTOR ( 'NONE', #619, 1000.000000000000000 ) ;
#3054 = CYLINDRICAL_SURFACE ( 'NONE', #1007, 0.7500000000000000000 ) ;
#3055 = CYLINDRICAL_SURFACE ( 'NONE', #1097, 2.999999999999998224 ) ;
#3056 = VECTOR ( 'NONE', #5716, 1000.000000000000000 ) ;
#3057 = EDGE_LOOP ( 'NONE', ( #2360, #2329, #5554, #3112, #1469, #1910, #2620, #3590, #1286, #3206, #3538, #5292, #2424, #1997, #2707, #3777 ) ) ;
#3058 = ORIENTED_EDGE ( 'NONE', *, *, #2637, .T. ) ;
#3059 = LINE ( 'NONE', #2096, #2837 ) ;
#3060 = EDGE_CURVE ( 'NONE', #4255, #2003, #5472, .T. ) ;
#3061 = ADVANCED_FACE ( 'NONE', ( #5564 ), #17, .F. ) ;
#3062 = ORIENTED_EDGE ( 'NONE', *, *, #2068, .T. ) ;
#3063 = ORIENTED_EDGE ( 'NONE', *, *, #5262, .F. ) ;
#3064 = CARTESIAN_POINT ( 'NONE',  ( 93.80621373527520745, 0.9999999999999991118, -9.999999999999998224 ) ) ;
#3065 = SECURITY_CLASSIFICATION_LEVEL ( 'unclassified' ) ;
#3066 = DIRECTION ( 'NONE',  ( 0.000000000000000000, 0.000000000000000000, 1.000000000000000000 ) ) ;
#3067 = ORIENTED_EDGE ( 'NONE', *, *, #3984, .T. ) ;
#3068 = FACE_OUTER_BOUND ( 'NONE', #5589, .T. ) ;
#3069 = CARTESIAN_POINT ( 'NONE',  ( -29.23935222489148700, 5.999999999999996447, 1.000000000000000000 ) ) ;
#3070 = DIRECTION ( 'NONE',  ( 0.000000000000000000, 1.000000000000000000, 0.000000000000000000 ) ) ;
#3071 = DATE_AND_TIME ( #1247, #441 ) ;
#3072 = ORIENTED_EDGE ( 'NONE', *, *, #4554, .F. ) ;
#3073 = VECTOR ( 'NONE', #881, 1000.000000000000000 ) ;
#3074 = LINE ( 'NONE', #5415, #87 ) ;
#3075 = DIRECTION ( 'NONE',  ( 0.000000000000000000, 0.000000000000000000, 1.000000000000000000 ) ) ;
#3076 = LINE ( 'NONE', #4483, #3979 ) ;
#3077 = DIRECTION ( 'NONE',  ( 0.000000000000000000, 0.000000000000000000, -1.000000000000000000 ) ) ;
#3078 = EDGE_CURVE ( 'NONE', #2440, #148, #464, .T. ) ;
#3079 = FACE_OUTER_BOUND ( 'NONE', #4743, .T. ) ;
#3080 = DIRECTION ( 'NONE',  ( 0.000000000000000000, 0.000000000000000000, -1.000000000000000000 ) ) ;
#3081 = AXIS2_PLACEMENT_3D ( 'NONE', #383, #890, #2738 ) ;
#3082 = ORIENTED_EDGE ( 'NONE', *, *, #5172, .F. ) ;
#3083 = VERTEX_POINT ( 'NONE', #5599 ) ;
#3084 = CARTESIAN_POINT ( 'NONE',  ( 53.48735500203281390, 8.800000000000000711, -61.35241009903946008 ) ) ;
#3085 = VECTOR ( 'NONE', #4516, 1000.000000000000000 ) ;
#3086 = SHAPE_REPRESENTATION_RELATIONSHIP ( 'NONE' , 'NONE' ,  #4948, #2212 ) ;
#3087 = VERTEX_POINT ( 'NONE', #1481 ) ;
#3088 = EDGE_LOOP ( 'NONE', ( #5364, #4620, #1551, #3067 ) ) ;
#3089 = EDGE_CURVE ( 'NONE', #4102, #5607, #3667, .T. ) ;
#3090 = EDGE_CURVE ( 'NONE', #934, #3234, #1467, .T. ) ;
#3091 = DIRECTION ( 'NONE',  ( 0.7839673537729039410, 0.000000000000000000, -0.6208020523631589960 ) ) ;
#3092 = CALENDAR_DATE ( 2024, 9, 7 ) ;
#3093 = VERTEX_POINT ( 'NONE', #77 ) ;
#3094 = ADVANCED_FACE ( 'NONE', ( #3637 ), #3247, .F. ) ;
#3095 = CARTESIAN_POINT ( 'NONE',  ( -2.518975483118307324, 6.000000000000000000, 1.000000000000000000 ) ) ;
#3096 = CARTESIAN_POINT ( 'NONE',  ( 0.000000000000000000, 0.000000000000000000, 1.000000000000000000 ) ) ;
#3097 = CIRCLE ( 'NONE', #5014, 0.7500000000000000000 ) ;
#3098 = DIRECTION ( 'NONE',  ( -0.000000000000000000, 1.000000000000000000, -0.000000000000000000 ) ) ;
#3099 = PERSON_AND_ORGANIZATION ( #82, #1018 ) ;
#3100 = VECTOR ( 'NONE', #2770, 1000.000000000000000 ) ;
#3101 = VECTOR ( 'NONE', #99, 1000.000000000000000 ) ;
#3102 = CYLINDRICAL_SURFACE ( 'NONE', #2760, 0.7500000000000000000 ) ;
#3103 = PLANE ( 'NONE',  #1563 ) ;
#3104 = AXIS2_PLACEMENT_3D ( 'NONE', #3926, #1669, #5757 ) ;
#3105 = DIRECTION ( 'NONE',  ( -1.000000000000000000, 0.000000000000000000, 0.000000000000000000 ) ) ;
#3106 = CARTESIAN_POINT ( 'NONE',  ( 231.9999999999999716, 7.300000000000000711, -9.999999999999998224 ) ) ;
#3107 = AXIS2_PLACEMENT_3D ( 'NONE', #4784, #624, #3796 ) ;
#3108 = ORIENTED_EDGE ( 'NONE', *, *, #5556, .T. ) ;
#3109 = CARTESIAN_POINT ( 'NONE',  ( -47.07048378112436637, 4.999999999999997335, -0.1499999999999999667 ) ) ;
#3110 = VECTOR ( 'NONE', #402, 1000.000000000000000 ) ;
#3111 = LINE ( 'NONE', #331, #235 ) ;
#3112 = ORIENTED_EDGE ( 'NONE', *, *, #520, .F. ) ;
#3113 = ORIENTED_EDGE ( 'NONE', *, *, #830, .T. ) ;
#3114 = CARTESIAN_POINT ( 'NONE',  ( -50.00000000000000000, 5.999999999999993783, 0.2500000000000000000 ) ) ;
#3115 = CARTESIAN_POINT ( 'NONE',  ( 86.00000000000000000, 4.500000000000000000, -34.33438122311711282 ) ) ;
#3116 = ADVANCED_FACE ( 'NONE', ( #2829 ), #3185, .T. ) ;
#3117 = ORIENTED_EDGE ( 'NONE', *, *, #5297, .F. ) ;
#3118 = ORIENTED_EDGE ( 'NONE', *, *, #5743, .T. ) ;
#3119 = EDGE_CURVE ( 'NONE', #785, #1345, #4537, .T. ) ;
#3120 = DIRECTION ( 'NONE',  ( -0.000000000000000000, 1.000000000000000000, -0.000000000000000000 ) ) ;
#3121 = EDGE_CURVE ( 'NONE', #446, #5697, #4443, .T. ) ;
#3122 = CALENDAR_DATE ( 2024, 9, 7 ) ;
#3123 = LOCAL_TIME ( 16, 32, 57.00000000000000000, #5050 ) ;
#3124 = VECTOR ( 'NONE', #3905, 1000.000000000000000 ) ;
#3125 = VERTEX_POINT ( 'NONE', #5934 ) ;
#3126 = CARTESIAN_POINT ( 'NONE',  ( 155.9431641043371428, 11.00000000000000000, -68.55350318302573953 ) ) ;
#3127 = DIRECTION ( 'NONE',  ( -1.734723475976806848E-16, 1.000000000000000000, 0.000000000000000000 ) ) ;
#3128 = DIRECTION ( 'NONE',  ( 0.7839673537729039410, 0.000000000000000000, -0.6208020523631589960 ) ) ;
#3129 = DATE_TIME_ROLE ( 'creation_date' ) ;
#3130 = EDGE_CURVE ( 'NONE', #3093, #2459, #4563, .T. ) ;
#3131 = EDGE_CURVE ( 'NONE', #1660, #2388, #523, .T. ) ;
#3132 = CARTESIAN_POINT ( 'NONE',  ( 0.000000000000000000, 0.000000000000000000, 1.000000000000000000 ) ) ;
#3133 = DIRECTION ( 'NONE',  ( 0.000000000000000000, 1.000000000000000000, -0.000000000000000000 ) ) ;
#3134 = CARTESIAN_POINT ( 'NONE',  ( 231.9999999999999716, 8.800000000000000711, -9.999999999999998224 ) ) ;
#3135 = DIRECTION ( 'NONE',  ( -0.000000000000000000, 1.000000000000000000, -0.000000000000000000 ) ) ;
#3136 = VERTEX_POINT ( 'NONE', #2313 ) ;
#3137 = DIRECTION ( 'NONE',  ( 0.000000000000000000, 0.000000000000000000, -1.000000000000000000 ) ) ;
#3138 = FACE_OUTER_BOUND ( 'NONE', #3278, .T. ) ;
#3139 = EDGE_LOOP ( 'NONE', ( #5271, #2290, #5875, #2022 ) ) ;
#3140 = VERTEX_POINT ( 'NONE', #3279 ) ;
#3141 = DIRECTION ( 'NONE',  ( -0.000000000000000000, 1.000000000000000000, -0.000000000000000000 ) ) ;
#3142 = FACE_OUTER_BOUND ( 'NONE', #2743, .T. ) ;
#3143 = VECTOR ( 'NONE', #2563, 1000.000000000000000 ) ;
#3144 = VERTEX_POINT ( 'NONE', #4154 ) ;
#3145 = PRODUCT_RELATED_PRODUCT_CATEGORY ( 'detail', '', ( #4026 ) ) ;
#3146 = ORIENTED_EDGE ( 'NONE', *, *, #5519, .T. ) ;
#3147 = CARTESIAN_POINT ( 'NONE',  ( 20.78784006879870816, 7.300000000000000711, 23.84459072477439179 ) ) ;
#3148 = CALENDAR_DATE ( 2024, 9, 7 ) ;
#3149 = EDGE_CURVE ( 'NONE', #2121, #2402, #1282, .T. ) ;
#3150 = ORIENTED_EDGE ( 'NONE', *, *, #704, .T. ) ;
#3151 = LINE ( 'NONE', #967, #5313 ) ;
#3152 = DIRECTION ( 'NONE',  ( -0.000000000000000000, 0.000000000000000000, -1.000000000000000000 ) ) ;
#3153 = DIRECTION ( 'NONE',  ( 0.000000000000000000, 0.000000000000000000, 1.000000000000000000 ) ) ;
#3154 = DATE_AND_TIME ( #1860, #65 ) ;
#3155 = CARTESIAN_POINT ( 'NONE',  ( 85.99999999999997158, 8.800000000000000711, -15.76104788978376803 ) ) ;
#3156 = DIRECTION ( 'NONE',  ( 0.000000000000000000, 0.000000000000000000, 1.000000000000000000 ) ) ;
#3157 = EDGE_CURVE ( 'NONE', #5714, #3136, #2795, .T. ) ;
#3158 = CARTESIAN_POINT ( 'NONE',  ( 131.5249655159693134, 0.9999999999999991118, -131.6260520204170064 ) ) ;
#3159 = DIRECTION ( 'NONE',  ( 0.000000000000000000, -1.000000000000000000, 0.000000000000000000 ) ) ;
#3160 = ORIENTED_EDGE ( 'NONE', *, *, #3119, .F. ) ;
#3161 = AXIS2_PLACEMENT_3D ( 'NONE', #2788, #5049, #3632 ) ;
#3162 = LINE ( 'NONE', #5362, #2229 ) ;
#3163 = CARTESIAN_POINT ( 'NONE',  ( 24.07810965878882214, 0.9999999999999991118, 30.40655526378991524 ) ) ;
#3164 = VERTEX_POINT ( 'NONE', #623 ) ;
#3165 = ORIENTED_EDGE ( 'NONE', *, *, #5179, .F. ) ;
#3166 = VECTOR ( 'NONE', #40, 1000.000000000000227 ) ;
#3167 = DIRECTION ( 'NONE',  ( 0.7817272766181067034, 0.000000000000000000, 0.6236204494652481944 ) ) ;
#3168 = DIRECTION ( 'NONE',  ( 1.000000000000000000, 0.000000000000000000, 2.344220913482173998E-17 ) ) ;
#3169 = VECTOR ( 'NONE', #3924, 1000.000000000000000 ) ;
#3170 = ORIENTED_EDGE ( 'NONE', *, *, #1823, .F. ) ;
#3171 = PLANE ( 'NONE',  #1176 ) ;
#3172 = VERTEX_POINT ( 'NONE', #2861 ) ;
#3173 = DIRECTION ( 'NONE',  ( -0.000000000000000000, 1.000000000000000000, -0.000000000000000000 ) ) ;
#3174 = CIRCLE ( 'NONE', #2695, 5.719358714986383596 ) ;
#3175 = VECTOR ( 'NONE', #4407, 1000.000000000000000 ) ;
#3176 = ORIENTED_EDGE ( 'NONE', *, *, #2416, .T. ) ;
#3177 = LINE ( 'NONE', #1825, #1568 ) ;
#3178 = DIRECTION ( 'NONE',  ( -0.000000000000000000, 1.000000000000000000, -0.000000000000000000 ) ) ;
#3179 = DIRECTION ( 'NONE',  ( 1.000000000000000000, -2.072889816903640769E-17, -0.000000000000000000 ) ) ;
#3180 = PRODUCT_RELATED_PRODUCT_CATEGORY ( 'detail', '', ( #393 ) ) ;
#3181 = APPROVAL_DATE_TIME ( #5413, #3550 ) ;
#3182 = VECTOR ( 'NONE', #599, 1000.000000000000000 ) ;
#3183 = LINE ( 'NONE', #3664, #1513 ) ;
#3184 = VECTOR ( 'NONE', #1874, 1000.000000000000000 ) ;
#3185 = PLANE ( 'NONE',  #4263 ) ;
#3186 = DIRECTION ( 'NONE',  ( 0.6571396575170169729, 0.000000000000000000, 0.7537688442211031292 ) ) ;
#3187 = EDGE_CURVE ( 'NONE', #556, #5462, #1625, .T. ) ;
#3188 = CARTESIAN_POINT ( 'NONE',  ( 53.70054546530437278, 0.9999999999999991118, -98.16812554636263144 ) ) ;
#3189 = VECTOR ( 'NONE', #5877, 1000.000000000000000 ) ;
#3190 = ORIENTED_EDGE ( 'NONE', *, *, #2898, .F. ) ;
#3191 = VECTOR ( 'NONE', #381, 1000.000000000000000 ) ;
#3192 = ADVANCED_FACE ( 'NONE', ( #3916 ), #4336, .T. ) ;
#3193 = LINE ( 'NONE', #4130, #1284 ) ;
#3194 = AXIS2_PLACEMENT_3D ( 'NONE', #5912, #864, #3555 ) ;
#3195 = CARTESIAN_POINT ( 'NONE',  ( 1.000000000000004441, 9.000000000000000000, -77.99999999999992895 ) ) ;
#3196 = VERTEX_POINT ( 'NONE', #5687 ) ;
#3197 = ORIENTED_EDGE ( 'NONE', *, *, #3789, .F. ) ;
#3198 = EDGE_CURVE ( 'NONE', #5520, #1961, #1599, .T. ) ;
#3199 = VECTOR ( 'NONE', #5835, 1000.000000000000000 ) ;
#3200 = CARTESIAN_POINT ( 'NONE',  ( 83.90884271474561729, 0.9999999999999991118, -26.03773681356532066 ) ) ;
#3201 = CARTESIAN_POINT ( 'NONE',  ( -19.23935222489148344, 4.999999999999997335, 0.6000000000000000888 ) ) ;
#3202 = PERSON_AND_ORGANIZATION ( #82, #1018 ) ;
#3203 = CIRCLE ( 'NONE', #4933, 5.719358714986383596 ) ;
#3204 = ORIENTED_EDGE ( 'NONE', *, *, #4733, .T. ) ;
#3205 = DIRECTION ( 'NONE',  ( 1.000000000000000000, 1.519072532666662927E-16, -0.000000000000000000 ) ) ;
#3206 = ORIENTED_EDGE ( 'NONE', *, *, #5855, .T. ) ;
#3207 = DIRECTION ( 'NONE',  ( 0.7537688442211061268, 0.000000000000000000, -0.6571396575170135312 ) ) ;
#3208 = DATE_AND_TIME ( #2299, #3698 ) ;
#3209 = AXIS2_PLACEMENT_3D ( 'NONE', #670, #4794, #3906 ) ;
#3210 = PRODUCT_DEFINITION_SHAPE ( 'NONE', 'NONE',  #551 ) ;
#3211 = ORIENTED_EDGE ( 'NONE', *, *, #121, .F. ) ;
#3212 = FACE_OUTER_BOUND ( 'NONE', #1760, .T. ) ;
#3213 = LINE ( 'NONE', #4586, #5414 ) ;
#3214 = CARTESIAN_POINT ( 'NONE',  ( 1.734723475976807094E-15, 0.000000000000000000, -77.99999999999992895 ) ) ;
#3215 = APPROVAL_PERSON_ORGANIZATION ( #4061, #1859, #4119 ) ;
#3216 = PERSON_AND_ORGANIZATION ( #82, #1018 ) ;
#3217 = FACE_OUTER_BOUND ( 'NONE', #4123, .T. ) ;
#3218 = VERTEX_POINT ( 'NONE', #2926 ) ;
#3219 = CARTESIAN_POINT ( 'NONE',  ( 0.000000000000000000, 7.300000000000000711, -7.000000000000000000 ) ) ;
#3220 = VECTOR ( 'NONE', #4105, 1000.000000000000000 ) ;
#3221 = DIRECTION ( 'NONE',  ( 0.000000000000000000, 0.000000000000000000, -1.000000000000000000 ) ) ;
#3222 = CARTESIAN_POINT ( 'NONE',  ( -35.56167830325389900, 0.9999999999999991118, -45.87211261349919056 ) ) ;
#3223 = ORIENTED_EDGE ( 'NONE', *, *, #314, .T. ) ;
#3224 = DIRECTION ( 'NONE',  ( 0.000000000000000000, -1.000000000000000000, 0.000000000000000000 ) ) ;
#3225 = EDGE_CURVE ( 'NONE', #1214, #4440, #5749, .T. ) ;
#3226 = FACE_OUTER_BOUND ( 'NONE', #3624, .T. ) ;
#3227 = VERTEX_POINT ( 'NONE', #2982 ) ;
#3228 = VERTEX_POINT ( 'NONE', #201 ) ;
#3229 = DIRECTION ( 'NONE',  ( 0.000000000000000000, 1.000000000000000000, -0.000000000000000000 ) ) ;
#3230 = DIRECTION ( 'NONE',  ( 0.7537688442211062378, 0.000000000000000000, -0.6571396575170133092 ) ) ;
#3231 = DIRECTION ( 'NONE',  ( 1.000000000000000000, 0.000000000000000000, 0.000000000000000000 ) ) ;
#3232 = ORIENTED_EDGE ( 'NONE', *, *, #2977, .F. ) ;
#3233 = DIRECTION ( 'NONE',  ( 0.000000000000000000, 0.000000000000000000, 1.000000000000000000 ) ) ;
#3234 = VERTEX_POINT ( 'NONE', #586 ) ;
#3235 = EDGE_CURVE ( 'NONE', #730, #384, #2403, .T. ) ;
#3236 = DIRECTION ( 'NONE',  ( 0.6571396575170115328, 0.000000000000000000, -0.7537688442211080142 ) ) ;
#3237 = EDGE_CURVE ( 'NONE', #5027, #5462, #141, .T. ) ;
#3238 = VECTOR ( 'NONE', #2342, 1000.000000000000000 ) ;
#3239 = ORIENTED_EDGE ( 'NONE', *, *, #5407, .F. ) ;
#3240 = CARTESIAN_POINT ( 'NONE',  ( 19.76496027634069819, 11.00000000000000000, -82.43830627798917021 ) ) ;
#3241 = CIRCLE ( 'NONE', #1054, 5.719358714986383596 ) ;
#3242 = CARTESIAN_POINT ( 'NONE',  ( 12.21813540037235768, 11.00000000000000000, -82.91270803220116647 ) ) ;
#3243 = CARTESIAN_POINT ( 'NONE',  ( 231.9999999999999147, 6.500000000000000000, -1.999999999999994893 ) ) ;
#3244 = APPROVAL_STATUS ( 'not_yet_approved' ) ;
#3245 = CYLINDRICAL_SURFACE ( 'NONE', #2474, 0.7500000000000000000 ) ;
#3246 = ORIENTED_EDGE ( 'NONE', *, *, #4770, .F. ) ;
#3247 = PLANE ( 'NONE',  #3873 ) ;
#3248 = DIRECTION ( 'NONE',  ( 0.7073783561143596188, 0.000000000000000000, 0.7068351019162434357 ) ) ;
#3249 = DIRECTION ( 'NONE',  ( 0.5275811044404123962, 0.000000000000000000, -0.8495046664012120274 ) ) ;
#3250 = ORIENTED_EDGE ( 'NONE', *, *, #1409, .F. ) ;
#3251 = CARTESIAN_POINT ( 'NONE',  ( 111.1086474912195996, 7.300000000000000711, -54.89756598715707270 ) ) ;
#3252 = DIRECTION ( 'NONE',  ( -0.7537688442211051276, 0.000000000000000000, -0.6571396575170146415 ) ) ;
#3253 = VERTEX_POINT ( 'NONE', #2081 ) ;
#3254 = EDGE_LOOP ( 'NONE', ( #5052, #4938, #22, #2382, #2599, #2605, #1488, #5284 ) ) ;
#3255 = CARTESIAN_POINT ( 'NONE',  ( 85.99999999999998579, 4.500000000000000000, -14.43438122311710714 ) ) ;
#3256 = CARTESIAN_POINT ( 'NONE',  ( 9.999999999999998224, 6.500000000000000000, -9.999999999999998224 ) ) ;
#3257 = CALENDAR_DATE ( 2024, 9, 7 ) ;
#3258 = ADVANCED_FACE ( 'NONE', ( #5631 ), #2437, .F. ) ;
#3259 = ORIENTED_EDGE ( 'NONE', *, *, #4191, .F. ) ;
#3260 = CARTESIAN_POINT ( 'NONE',  ( 2.000000000000000000, 6.500000000000000000, 0.000000000000000000 ) ) ;
#3261 = CIRCLE ( 'NONE', #1161, 0.7500000000000000000 ) ;
#3262 = VERTEX_POINT ( 'NONE', #4753 ) ;
#3263 = DIRECTION ( 'NONE',  ( 0.7537688442211051276, 0.000000000000000000, 0.6571396575170146415 ) ) ;
#3264 = AXIS2_PLACEMENT_3D ( 'NONE', #1906, #1023, #4573 ) ;
#3265 = ORIENTED_EDGE ( 'NONE', *, *, #5407, .T. ) ;
#3266 = EDGE_CURVE ( 'NONE', #4290, #3286, #2526, .T. ) ;
#3267 = ORIENTED_EDGE ( 'NONE', *, *, #611, .F. ) ;
#3268 = ORIENTED_EDGE ( 'NONE', *, *, #1950, .T. ) ;
#3269 = DIRECTION ( 'NONE',  ( 0.000000000000000000, 1.000000000000000000, -0.000000000000000000 ) ) ;
#3270 = VECTOR ( 'NONE', #5515, 1000.000000000000000 ) ;
#3271 = CARTESIAN_POINT ( 'NONE',  ( 231.9999999999999716, 11.00000000000000000, -9.999999999999998224 ) ) ;
#3272 = FACE_OUTER_BOUND ( 'NONE', #1458, .T. ) ;
#3273 = CARTESIAN_POINT ( 'NONE',  ( 10.00000000000006395, 9.000000000000000000, -1.000000000000000888 ) ) ;
#3274 = PERSON_AND_ORGANIZATION_ROLE ( 'classification_officer' ) ;
#3275 = VECTOR ( 'NONE', #5306, 1000.000000000000000 ) ;
#3276 = EDGE_CURVE ( 'NONE', #2756, #5198, #1987, .T. ) ;
#3277 = DIRECTION ( 'NONE',  ( -1.000000000000000000, 0.000000000000000000, -0.000000000000000000 ) ) ;
#3278 = EDGE_LOOP ( 'NONE', ( #4826, #3774, #429, #3311 ) ) ;
#3279 = CARTESIAN_POINT ( 'NONE',  ( 121.0000000000000000, 4.500000000000000000, -44.94756598715710538 ) ) ;
#3280 = FACE_OUTER_BOUND ( 'NONE', #3342, .T. ) ;
#3281 = DIRECTION ( 'NONE',  ( 0.000000000000000000, 1.000000000000000000, -0.000000000000000000 ) ) ;
#3282 = ORIENTED_EDGE ( 'NONE', *, *, #4089, .T. ) ;
#3283 = DIRECTION ( 'NONE',  ( -0.000000000000000000, 1.000000000000000000, -0.000000000000000000 ) ) ;
#3284 = CARTESIAN_POINT ( 'NONE',  ( 75.17281651802190368, 6.500000000000000000, -86.22661313385680160 ) ) ;
#3285 = ORIENTED_EDGE ( 'NONE', *, *, #2376, .F. ) ;
#3286 = VERTEX_POINT ( 'NONE', #4809 ) ;
#3287 = DIRECTION ( 'NONE',  ( 0.000000000000000000, 0.000000000000000000, 1.000000000000000000 ) ) ;
#3288 = AXIS2_PLACEMENT_3D ( 'NONE', #661, #5213, #1965 ) ;
#3289 = DIRECTION ( 'NONE',  ( -1.000000000000000000, -8.673617379884020681E-16, 0.000000000000000000 ) ) ;
#3290 = VECTOR ( 'NONE', #1162, 1000.000000000000000 ) ;
#3291 = CARTESIAN_POINT ( 'NONE',  ( 0.000000000000000000, 0.000000000000000000, 0.000000000000000000 ) ) ;
#3292 = VECTOR ( 'NONE', #2210, 1000.000000000000000 ) ;
#3293 = VERTEX_POINT ( 'NONE', #260 ) ;
#3294 = AXIS2_PLACEMENT_3D ( 'NONE', #133, #3753, #4243 ) ;
#3295 = CARTESIAN_POINT ( 'NONE',  ( 242.0000000000000000, 9.000000000000000000, 0.000000000000000000 ) ) ;
#3296 = ORIENTED_EDGE ( 'NONE', *, *, #3500, .T. ) ;
#3297 = CC_DESIGN_PERSON_AND_ORGANIZATION_ASSIGNMENT ( #5499, #2701, ( #1970 ) ) ;
#3298 = DIRECTION ( 'NONE',  ( -0.000000000000000000, 1.000000000000000000, -0.000000000000000000 ) ) ;
#3299 = AXIS2_PLACEMENT_3D ( 'NONE', #2088, #2114, #4876 ) ;
#3300 = VERTEX_POINT ( 'NONE', #3343 ) ;
#3301 = EDGE_CURVE ( 'NONE', #234, #1888, #2468, .T. ) ;
#3302 = ORIENTED_EDGE ( 'NONE', *, *, #3975, .T. ) ;
#3303 = VERTEX_POINT ( 'NONE', #2892 ) ;
#3304 = EDGE_CURVE ( 'NONE', #1754, #3011, #4922, .T. ) ;
#3305 = DIRECTION ( 'NONE',  ( 0.000000000000000000, 0.000000000000000000, 1.000000000000000000 ) ) ;
#3306 = DIRECTION ( 'NONE',  ( -0.000000000000000000, -0.000000000000000000, -1.000000000000000000 ) ) ;
#3307 = CARTESIAN_POINT ( 'NONE',  ( 231.9999999999999716, 0.000000000000000000, -78.00000000000000000 ) ) ;
#3308 = APPROVAL_DATE_TIME ( #2340, #4567 ) ;
#3309 = APPROVAL_PERSON_ORGANIZATION ( #4758, #1423, #2960 ) ;
#3310 = DIRECTION ( 'NONE',  ( -1.000000000000000000, 0.000000000000000000, 0.000000000000000000 ) ) ;
#3311 = ORIENTED_EDGE ( 'NONE', *, *, #4842, .T. ) ;
#3312 = DIRECTION ( 'NONE',  ( -0.000000000000000000, -1.000000000000000000, -0.000000000000000000 ) ) ;
#3313 = DESIGN_CONTEXT ( 'detailed design', #2264, 'design' ) ;
#3314 = LOCAL_TIME ( 16, 32, 57.00000000000000000, #2280 ) ;
#3315 = FACE_OUTER_BOUND ( 'NONE', #3910, .T. ) ;
#3316 = LINE ( 'NONE', #231, #3454 ) ;
#3317 = EDGE_CURVE ( 'NONE', #2085, #5493, #1535, .T. ) ;
#3318 = EDGE_CURVE ( 'NONE', #3357, #753, #1103, .T. ) ;
#3319 = VERTEX_POINT ( 'NONE', #2017 ) ;
#3320 = CARTESIAN_POINT ( 'NONE',  ( 2.000000000000000000, 6.500000000000000000, -77.99999999999992895 ) ) ;
#3321 = CARTESIAN_POINT ( 'NONE',  ( 205.2714077738606022, 7.300000000000000711, -58.71612128944571651 ) ) ;
#3322 = EDGE_LOOP ( 'NONE', ( #2208, #2696, #2037, #2557 ) ) ;
#3323 = ORIENTED_EDGE ( 'NONE', *, *, #1439, .T. ) ;
#3324 = CARTESIAN_POINT ( 'NONE',  ( 44.94453945431161657, 6.500000000000000000, -51.55341512416507754 ) ) ;
#3325 = DIRECTION ( 'NONE',  ( 0.000000000000000000, 0.000000000000000000, 1.000000000000000000 ) ) ;
#3326 = VERTEX_POINT ( 'NONE', #3856 ) ;
#3327 = CARTESIAN_POINT ( 'NONE',  ( 36.98952055798031324, 0.9999999999999991118, -17.61644497113593744 ) ) ;
#3328 = VERTEX_POINT ( 'NONE', #5239 ) ;
#3329 = CARTESIAN_POINT ( 'NONE',  ( 241.0000000000000000, 9.000000000000000000, -10.00000000000000000 ) ) ;
#3330 = APPROVAL ( #343, 'UNKNOWN' ) ;
#3331 = ORIENTED_EDGE ( 'NONE', *, *, #965, .T. ) ;
#3332 = ORIENTED_EDGE ( 'NONE', *, *, #3486, .T. ) ;
#3333 = ORIENTED_EDGE ( 'NONE', *, *, #2428, .F. ) ;
#3334 = FACE_BOUND ( 'NONE', #4468, .T. ) ;
#3335 = LINE ( 'NONE', #1066, #3821 ) ;
#3336 = VECTOR ( 'NONE', #3205, 1000.000000000000000 ) ;
#3337 = CALENDAR_DATE ( 2024, 9, 7 ) ;
#3338 = EDGE_CURVE ( 'NONE', #4172, #4160, #1134, .T. ) ;
#3339 = CIRCLE ( 'NONE', #4307, 5.719358714986393366 ) ;
#3340 = CARTESIAN_POINT ( 'NONE',  ( 0.000000000000000000, 5.999999999999993783, -0.5000000000000002220 ) ) ;
#3341 = VERTEX_POINT ( 'NONE', #5721 ) ;
#3342 = EDGE_LOOP ( 'NONE', ( #1817, #5829, #200, #4164 ) ) ;
#3343 = CARTESIAN_POINT ( 'NONE',  ( 7.000000000000000000, 8.800000000000000711, -10.00000000000006395 ) ) ;
#3344 = LINE ( 'NONE', #4662, #5317 ) ;
#3345 = CARTESIAN_POINT ( 'NONE',  ( 0.000000000000000000, 0.9999999999999991118, -62.83414446803935505 ) ) ;
#3346 = EDGE_CURVE ( 'NONE', #679, #590, #400, .T. ) ;
#3347 = ORIENTED_EDGE ( 'NONE', *, *, #884, .F. ) ;
#3348 = CARTESIAN_POINT ( 'NONE',  ( 21.96966101346793110, 0.9999999999999991118, -6.413121992594955856 ) ) ;
#3349 = EDGE_CURVE ( 'NONE', #4413, #3934, #4534, .T. ) ;
#3350 = EDGE_CURVE ( 'NONE', #4229, #3517, #3489, .T. ) ;
#3351 = LINE ( 'NONE', #5184, #5211 ) ;
#3352 = VERTEX_POINT ( 'NONE', #1770 ) ;
#3353 = VERTEX_POINT ( 'NONE', #2216 ) ;
#3354 = DIRECTION ( 'NONE',  ( 0.000000000000000000, 0.000000000000000000, 1.000000000000000000 ) ) ;
#3355 = CARTESIAN_POINT ( 'NONE',  ( 234.2079578780316353, 11.00000000000000000, -10.00000000000003553 ) ) ;
#3356 = ADVANCED_FACE ( 'NONE', ( #5806 ), #3943, .F. ) ;
#3357 = VERTEX_POINT ( 'NONE', #767 ) ;
#3358 = EDGE_CURVE ( 'NONE', #3838, #786, #4866, .T. ) ;
#3359 = FACE_OUTER_BOUND ( 'NONE', #4768, .T. ) ;
#3360 = ORIENTED_EDGE ( 'NONE', *, *, #1000, .F. ) ;
#3361 = LINE ( 'NONE', #3329, #1778 ) ;
#3362 = AXIS2_PLACEMENT_3D ( 'NONE', #1188, #1740, #2108 ) ;
#3363 = EDGE_LOOP ( 'NONE', ( #1257, #872, #3332, #575 ) ) ;
#3364 = ORIENTED_EDGE ( 'NONE', *, *, #5066, .F. ) ;
#3365 = ORIENTED_EDGE ( 'NONE', *, *, #593, .T. ) ;
#3366 = DIRECTION ( 'NONE',  ( -0.000000000000000000, 1.000000000000000000, -0.000000000000000000 ) ) ;
#3367 = DIRECTION ( 'NONE',  ( -0.000000000000000000, 1.000000000000000000, -0.000000000000000000 ) ) ;
#3368 = AXIS2_PLACEMENT_3D ( 'NONE', #3648, #4199, #3167 ) ;
#3369 = DATE_AND_TIME ( #651, #3898 ) ;
#3370 = AXIS2_PLACEMENT_3D ( 'NONE', #1633, #4937, #1253 ) ;
#3371 = CARTESIAN_POINT ( 'NONE',  ( -2.518975483118307324, 4.365571122977521590, 1.000000000000000000 ) ) ;
#3372 = ORIENTED_EDGE ( 'NONE', *, *, #1322, .F. ) ;
#3373 = CARTESIAN_POINT ( 'NONE',  ( 78.91050056131159351, 0.9999999999999991118, -72.17940474342459822 ) ) ;
#3374 = UNCERTAINTY_MEASURE_WITH_UNIT (LENGTH_MEASURE( 1.000000000000000082E-05 ), #4523, 'distance_accuracy_value', 'NONE');
#3375 = CARTESIAN_POINT ( 'NONE',  ( 191.6264157404944228, 0.9999999999999991118, -71.57075865786698898 ) ) ;
#3376 = CC_DESIGN_PERSON_AND_ORGANIZATION_ASSIGNMENT ( #829, #4426, ( #1865 ) ) ;
#3377 = FACE_OUTER_BOUND ( 'NONE', #4742, .T. ) ;
#3378 = ORIENTED_EDGE ( 'NONE', *, *, #4372, .T. ) ;
#3379 = ADVANCED_FACE ( 'NONE', ( #3013 ), #4028, .F. ) ;
#3380 = CARTESIAN_POINT ( 'NONE',  ( -2.518975483118307324, 6.000000000000000000, 1.000000000000000000 ) ) ;
#3381 = ORIENTED_EDGE ( 'NONE', *, *, #5620, .T. ) ;
#3382 = LINE ( 'NONE', #3897, #879 ) ;
#3383 = CARTESIAN_POINT ( 'NONE',  ( 228.1435304185186510, 11.00000000000000000, -12.84634009807924215 ) ) ;
#3384 = ADVANCED_FACE ( 'NONE', ( #3068 ), #5322, .F. ) ;
#3385 = FACE_OUTER_BOUND ( 'NONE', #531, .T. ) ;
#3386 = EDGE_CURVE ( 'NONE', #3688, #365, #812, .T. ) ;
#3387 = DIRECTION ( 'NONE',  ( -0.7537688442211052386, 0.000000000000000000, 0.6571396575170145304 ) ) ;
#3388 = EDGE_LOOP ( 'NONE', ( #5315, #194, #3957, #4513, #501, #3331, #3476, #4495, #1368, #450, #59, #3641, #3543, #1831, #4524, #4975, #1512, #3721, #1677, #48, #4420, #1339, #3058, #5713, #417, #1203, #3963, #5681, #3477, #1516, #585, #546, #301, #4282, #2664, #4855, #5371, #2931 ) ) ;
#3389 = VECTOR ( 'NONE', #4667, 1000.000000000000000 ) ;
#3390 = AXIS2_PLACEMENT_3D ( 'NONE', #715, #206, #3922 ) ;
#3391 = PLANE ( 'NONE',  #3801 ) ;
#3392 = DIRECTION ( 'NONE',  ( 0.000000000000000000, 0.000000000000000000, -1.000000000000000000 ) ) ;
#3393 = VECTOR ( 'NONE', #5745, 1000.000000000000000 ) ;
#3394 = EDGE_CURVE ( 'NONE', #5251, #3876, #1300, .T. ) ;
#3395 = EDGE_CURVE ( 'NONE', #761, #545, #3402, .T. ) ;
#3396 = VECTOR ( 'NONE', #4613, 1000.000000000000000 ) ;
#3397 = ORIENTED_EDGE ( 'NONE', *, *, #3799, .T. ) ;
#3398 = ORIENTED_EDGE ( 'NONE', *, *, #3198, .T. ) ;
#3399 = ORIENTED_EDGE ( 'NONE', *, *, #4699, .T. ) ;
#3400 = LINE ( 'NONE', #4681, #2023 ) ;
#3401 = CARTESIAN_POINT ( 'NONE',  ( 0.000000000000000000, 9.000000000000000000, 0.000000000000000000 ) ) ;
#3402 = CIRCLE ( 'NONE', #2810, 8.999999999999994671 ) ;
#3403 = DATE_AND_TIME ( #2922, #3507 ) ;
#3404 = AXIS2_PLACEMENT_3D ( 'NONE', #1390, #1866, #1333 ) ;
#3405 = LINE ( 'NONE', #4781, #3818 ) ;
#3406 = ORIENTED_EDGE ( 'NONE', *, *, #3790, .T. ) ;
#3407 = CARTESIAN_POINT ( 'NONE',  ( 131.5249655159693134, 0.9999999999999991118, -131.6260520204170064 ) ) ;
#3408 = LINE ( 'NONE', #3375, #5025 ) ;
#3409 = PLANE ( 'NONE',  #108 ) ;
#3410 = CARTESIAN_POINT ( 'NONE',  ( 0.000000000000000000, 0.000000000000000000, 0.000000000000000000 ) ) ;
#3411 = EDGE_LOOP ( 'NONE', ( #3232, #5339, #1033, #539 ) ) ;
#3412 = AXIS2_PLACEMENT_3D ( 'NONE', #4137, #5517, #4315 ) ;
#3413 = CARTESIAN_POINT ( 'NONE',  ( 9.999999999999998224, 9.000000000000000000, -9.999999999999998224 ) ) ;
#3414 = ADVANCED_FACE ( 'NONE', ( #4501 ), #2133, .T. ) ;
#3415 = CARTESIAN_POINT ( 'NONE',  ( -44.94916343756472088, 5.634428877022473081, 1.000000000000000000 ) ) ;
#3416 = SECURITY_CLASSIFICATION ( '', '', #735 ) ;
#3417 = VECTOR ( 'NONE', #157, 1000.000000000000114 ) ;
#3418 = EDGE_CURVE ( 'NONE', #1060, #413, #3972, .T. ) ;
#3419 = LINE ( 'NONE', #2117, #4732 ) ;
#3420 = DIRECTION ( 'NONE',  ( 1.000000000000000000, -0.000000000000000000, 0.000000000000000000 ) ) ;
#3421 = ORIENTED_EDGE ( 'NONE', *, *, #3537, .T. ) ;
#3422 = DIRECTION ( 'NONE',  ( 0.000000000000000000, 1.000000000000000000, -0.000000000000000000 ) ) ;
#3423 = CARTESIAN_POINT ( 'NONE',  ( 187.5837722402914380, 11.00000000000000000, -67.52500809203158383 ) ) ;
#3424 = VERTEX_POINT ( 'NONE', #1273 ) ;
#3425 = ORIENTED_EDGE ( 'NONE', *, *, #2873, .T. ) ;
#3426 = VERTEX_POINT ( 'NONE', #739 ) ;
#3427 = ADVANCED_FACE ( 'NONE', ( #289 ), #5776, .F. ) ;
#3428 = CARTESIAN_POINT ( 'NONE',  ( -50.00000000000000000, 0.000000000000000000, 0.000000000000000000 ) ) ;
#3429 = CYLINDRICAL_SURFACE ( 'NONE', #4354, 8.999999999999994671 ) ;
#3430 = DATE_AND_TIME ( #1241, #2159 ) ;
#3431 = CARTESIAN_POINT ( 'NONE',  ( 1.000000000000000000, 9.000000000000000000, -10.00000000000006395 ) ) ;
#3432 = ORIENTED_EDGE ( 'NONE', *, *, #4997, .F. ) ;
#3433 = CARTESIAN_POINT ( 'NONE',  ( 1.243733890142183537E-16, 11.99999999999999467, 1.000000000000000000 ) ) ;
#3434 = DIRECTION ( 'NONE',  ( -0.000000000000000000, 1.000000000000000000, -0.000000000000000000 ) ) ;
#3435 = LINE ( 'NONE', #625, #485 ) ;
#3436 = PERSON_AND_ORGANIZATION_ROLE ( 'design_owner' ) ;
#3437 = ORIENTED_EDGE ( 'NONE', *, *, #4078, .T. ) ;
#3438 = AXIS2_PLACEMENT_3D ( 'NONE', #2251, #5471, #2311 ) ;
#3439 = LINE ( 'NONE', #5272, #2141 ) ;
#3440 = DIRECTION ( 'NONE',  ( -5.102127870520028008E-17, 0.000000000000000000, 1.000000000000000000 ) ) ;
#3441 = FACE_OUTER_BOUND ( 'NONE', #846, .T. ) ;
#3442 = CARTESIAN_POINT ( 'NONE',  ( 45.17477858715649575, 4.500000000000000000, -69.92602476605820527 ) ) ;
#3443 = ORIENTED_EDGE ( 'NONE', *, *, #1803, .F. ) ;
#3444 = DIRECTION ( 'NONE',  ( -0.000000000000000000, 1.000000000000000000, -0.000000000000000000 ) ) ;
#3445 = ADVANCED_FACE ( 'NONE', ( #1738 ), #5349, .F. ) ;
#3446 = CARTESIAN_POINT ( 'NONE',  ( -34.94916343756472088, 5.999999999999995559, 1.000000000000000222 ) ) ;
#3447 = ORIENTED_EDGE ( 'NONE', *, *, #5023, .F. ) ;
#3448 = VERTEX_POINT ( 'NONE', #2613 ) ;
#3449 = ORIENTED_EDGE ( 'NONE', *, *, #777, .F. ) ;
#3450 = ORIENTED_EDGE ( 'NONE', *, *, #455, .F. ) ;
#3451 = CARTESIAN_POINT ( 'NONE',  ( 156.0000000000000000, 4.500000000000000000, -34.33438122311710572 ) ) ;
#3452 = PLANE ( 'NONE',  #2621 ) ;
#3453 = COORDINATED_UNIVERSAL_TIME_OFFSET ( 7, 0, .AHEAD. ) ;
#3454 = VECTOR ( 'NONE', #2051, 1000.000000000000000 ) ;
#3455 = EDGE_CURVE ( 'NONE', #5909, #422, #1711, .T. ) ;
#3456 = DIRECTION ( 'NONE',  ( 0.000000000000000000, 0.000000000000000000, -1.000000000000000000 ) ) ;
#3457 = ORIENTED_EDGE ( 'NONE', *, *, #569, .T. ) ;
#3458 = CARTESIAN_POINT ( 'NONE',  ( 242.0000000000000000, 8.800000000000000711, -10.00000000000006928 ) ) ;
#3459 = CARTESIAN_POINT ( 'NONE',  ( -29.23935222489149055, 6.000000000000000888, 1.000000000000000222 ) ) ;
#3460 = CARTESIAN_POINT ( 'NONE',  ( 0.000000000000000000, 6.000000000000000000, 1.000000000000000000 ) ) ;
#3461 = COORDINATED_UNIVERSAL_TIME_OFFSET ( 7, 0, .AHEAD. ) ;
#3462 = ORIENTED_EDGE ( 'NONE', *, *, #2684, .T. ) ;
#3463 = EDGE_CURVE ( 'NONE', #1761, #3942, #2643, .T. ) ;
#3464 = VECTOR ( 'NONE', #1745, 1000.000000000000000 ) ;
#3465 = CARTESIAN_POINT ( 'NONE',  ( 187.5837722402914380, 0.9999999999999991118, -67.52500809203158383 ) ) ;
#3466 = DIRECTION ( 'NONE',  ( -0.000000000000000000, 1.000000000000000000, -0.000000000000000000 ) ) ;
#3467 = CARTESIAN_POINT ( 'NONE',  ( -19.23935222489148344, 5.999999999999997335, 1.000000000000000000 ) ) ;
#3468 = VECTOR ( 'NONE', #4719, 1000.000000000000114 ) ;
#3469 = DIRECTION ( 'NONE',  ( 0.000000000000000000, 0.000000000000000000, 1.000000000000000000 ) ) ;
#3470 = AXIS2_PLACEMENT_3D ( 'NONE', #2418, #2750, #506 ) ;
#3471 = CYLINDRICAL_SURFACE ( 'NONE', #4446, 5.719358714986383596 ) ;
#3472 = DIRECTION ( 'NONE',  ( 1.000000000000000000, 0.000000000000000000, -0.000000000000000000 ) ) ;
#3473 = ORIENTED_EDGE ( 'NONE', *, *, #4744, .F. ) ;
#3474 = CARTESIAN_POINT ( 'NONE',  ( 132.3821894788979137, 11.00000000000000000, -17.90884988971501102 ) ) ;
#3475 = LINE ( 'NONE', #4383, #1259 ) ;
#3476 = ORIENTED_EDGE ( 'NONE', *, *, #2617, .T. ) ;
#3477 = ORIENTED_EDGE ( 'NONE', *, *, #3304, .F. ) ;
#3478 = EDGE_CURVE ( 'NONE', #4797, #5344, #2365, .T. ) ;
#3479 = VERTEX_POINT ( 'NONE', #2275 ) ;
#3480 = FACE_OUTER_BOUND ( 'NONE', #1587, .T. ) ;
#3481 = DIRECTION ( 'NONE',  ( 0.000000000000000000, 0.000000000000000000, 1.000000000000000000 ) ) ;
#3482 = AXIS2_PLACEMENT_3D ( 'NONE', #5536, #1805, #4221 ) ;
#3483 = APPROVAL_ROLE ( '' ) ;
#3484 = EDGE_CURVE ( 'NONE', #2543, #545, #2337, .T. ) ;
#3485 = VECTOR ( 'NONE', #4416, 1000.000000000000000 ) ;
#3486 = EDGE_CURVE ( 'NONE', #1143, #3645, #3177, .T. ) ;
#3487 = DIRECTION ( 'NONE',  ( 0.000000000000000000, 1.734723475976807094E-15, -1.000000000000000000 ) ) ;
#3488 = ORIENTED_EDGE ( 'NONE', *, *, #607, .T. ) ;
#3489 = CIRCLE ( 'NONE', #1475, 5.719358714986383596 ) ;
#3490 = CARTESIAN_POINT ( 'NONE',  ( 20.78784006879867619, 6.500000000000000000, 23.84459072477437047 ) ) ;
#3491 = DIRECTION ( 'NONE',  ( -0.7537688442211061268, 0.000000000000000000, 0.6571396575170135312 ) ) ;
#3492 = DIRECTION ( 'NONE',  ( 1.000000000000000000, 0.000000000000000000, -0.000000000000000000 ) ) ;
#3493 = DATE_AND_TIME ( #3947, #4945 ) ;
#3494 = VERTEX_POINT ( 'NONE', #1381 ) ;
#3495 = AXIS2_PLACEMENT_3D ( 'NONE', #5418, #1779, #3613 ) ;
#3496 = DIRECTION ( 'NONE',  ( 0.000000000000000000, 0.000000000000000000, 1.000000000000000000 ) ) ;
#3497 = DIRECTION ( 'NONE',  ( 0.000000000000000000, 1.000000000000000000, -0.000000000000000000 ) ) ;
#3498 = ADVANCED_FACE ( 'NONE', ( #3212 ), #4558, .T. ) ;
#3499 = DIRECTION ( 'NONE',  ( -0.000000000000000000, 1.000000000000000000, -0.000000000000000000 ) ) ;
#3500 = EDGE_CURVE ( 'NONE', #3881, #1785, #2330, .T. ) ;
#3501 = LINE ( 'NONE', #1695, #3464 ) ;
#3502 = CC_DESIGN_APPROVAL ( #636, ( #1964 ) ) ;
#3503 = CARTESIAN_POINT ( 'NONE',  ( 98.38472589430351434, 0.9999999999999991118, -35.01248102602744439 ) ) ;
#3504 = LINE ( 'NONE', #4322, #980 ) ;
#3505 = EDGE_LOOP ( 'NONE', ( #4240, #4622, #3598, #221, #5612, #4612, #3902, #368, #824, #4251, #4882 ) ) ;
#3506 = ORIENTED_EDGE ( 'NONE', *, *, #3008, .T. ) ;
#3507 = LOCAL_TIME ( 16, 32, 57.00000000000000000, #5684 ) ;
#3508 = CARTESIAN_POINT ( 'NONE',  ( 234.2079578780316353, 11.00000000000000000, -9.999999999999962697 ) ) ;
#3509 = LINE ( 'NONE', #3930, #4418 ) ;
#3510 = ORIENTED_EDGE ( 'NONE', *, *, #1182, .T. ) ;
#3511 = EDGE_LOOP ( 'NONE', ( #5775, #1889, #2946, #3586 ) ) ;
#3512 = VECTOR ( 'NONE', #4112, 1000.000000000000000 ) ;
#3513 = FACE_OUTER_BOUND ( 'NONE', #3511, .T. ) ;
#3514 = CC_DESIGN_PERSON_AND_ORGANIZATION_ASSIGNMENT ( #2432, #5561, ( #1123 ) ) ;
#3515 = ITEM_DEFINED_TRANSFORMATION ( 'NONE', 'NONE', #1486,  #1119 ) ;
#3516 = DIRECTION ( 'NONE',  ( 0.000000000000000000, 0.000000000000000000, 1.000000000000000000 ) ) ;
#3517 = VERTEX_POINT ( 'NONE', #3240 ) ;
#3518 = CARTESIAN_POINT ( 'NONE',  ( 15.72231677613771694, 11.00000000000000000, -78.39255571215377927 ) ) ;
#3519 = PLANE ( 'NONE',  #633 ) ;
#3520 = DIRECTION ( 'NONE',  ( 0.000000000000000000, 1.000000000000000000, -0.000000000000000000 ) ) ;
#3521 = ADVANCED_FACE ( 'NONE', ( #3722 ), #5558, .T. ) ;
#3522 = APPROVAL_ROLE ( '' ) ;
#3523 = ORIENTED_EDGE ( 'NONE', *, *, #5074, .T. ) ;
#3524 = DIRECTION ( 'NONE',  ( -7.365866894982313429E-15, 0.000000000000000000, 1.000000000000000000 ) ) ;
#3525 = FACE_OUTER_BOUND ( 'NONE', #3322, .T. ) ;
#3526 = CARTESIAN_POINT ( 'NONE',  ( 53.48735500203280679, 6.500000000000000000, -61.35241009903946008 ) ) ;
#3527 = CARTESIAN_POINT ( 'NONE',  ( 0.000000000000000000, 0.000000000000000000, 1.000000000000000000 ) ) ;
#3528 = CIRCLE ( 'NONE', #2370, 5.719358714986383596 ) ;
#3529 = EDGE_CURVE ( 'NONE', #5909, #998, #431, .T. ) ;
#3530 = EDGE_CURVE ( 'NONE', #1598, #3845, #1441, .T. ) ;
#3531 = DIRECTION ( 'NONE',  ( 0.6236204494652475283, 0.000000000000000000, -0.7817272766181072585 ) ) ;
#3532 = DIRECTION ( 'NONE',  ( 0.000000000000000000, 0.000000000000000000, -1.000000000000000000 ) ) ;
#3533 = VERTEX_POINT ( 'NONE', #8 ) ;
#3534 = ORIENTED_EDGE ( 'NONE', *, *, #5256, .F. ) ;
#3535 = FACE_OUTER_BOUND ( 'NONE', #1812, .T. ) ;
#3536 =( NAMED_UNIT ( * ) SI_UNIT ( $, .STERADIAN. ) SOLID_ANGLE_UNIT ( ) );
#3537 = EDGE_CURVE ( 'NONE', #2802, #2612, #3692, .T. ) ;
#3538 = ORIENTED_EDGE ( 'NONE', *, *, #2456, .F. ) ;
#3539 = ORIENTED_EDGE ( 'NONE', *, *, #5139, .F. ) ;
#3540 = DIRECTION ( 'NONE',  ( -1.000000000000000000, 0.000000000000000000, 0.000000000000000000 ) ) ;
#3541 = APPROVAL_STATUS ( 'not_yet_approved' ) ;
#3542 = FACE_OUTER_BOUND ( 'NONE', #3254, .T. ) ;
#3543 = ORIENTED_EDGE ( 'NONE', *, *, #3635, .T. ) ;
#3544 = CARTESIAN_POINT ( 'NONE',  ( 2.121320343559649046, 5.999999999999993783, 1.000000000000000222 ) ) ;
#3545 = DIRECTION ( 'NONE',  ( 0.000000000000000000, 1.000000000000000000, -0.000000000000000000 ) ) ;
#3546 = FACE_OUTER_BOUND ( 'NONE', #4176, .T. ) ;
#3547 = PERSON_AND_ORGANIZATION ( #82, #1018 ) ;
#3548 = CIRCLE ( 'NONE', #969, 7.999999999999996447 ) ;
#3549 = CARTESIAN_POINT ( 'NONE',  ( 231.9999999999999432, 7.300000000000000711, -81.00000000000000000 ) ) ;
#3550 = APPROVAL ( #5017, 'UNSPECIFIED' ) ;
#3551 = CARTESIAN_POINT ( 'NONE',  ( 2.000000000000000000, 0.000000000000000000, 0.000000000000000000 ) ) ;
#3552 = CARTESIAN_POINT ( 'NONE',  ( 240.0000000000000000, 0.000000000000000000, 0.000000000000000000 ) ) ;
#3553 = DIRECTION ( 'NONE',  ( 0.000000000000000000, 0.000000000000000000, -1.000000000000000000 ) ) ;
#3554 = EDGE_CURVE ( 'NONE', #193, #2812, #3151, .T. ) ;
#3555 = DIRECTION ( 'NONE',  ( -1.000000000000000000, -8.673617379884034239E-17, 0.000000000000000000 ) ) ;
#3556 = DIRECTION ( 'NONE',  ( 1.000000000000000000, 0.000000000000000000, 0.000000000000000000 ) ) ;
#3557 = VECTOR ( 'NONE', #3135, 1000.000000000000000 ) ;
#3558 = ORIENTED_EDGE ( 'NONE', *, *, #5924, .T. ) ;
#3559 = ORIENTED_EDGE ( 'NONE', *, *, #520, .T. ) ;
#3560 = FACE_OUTER_BOUND ( 'NONE', #3088, .T. ) ;
#3561 = SHAPE_REPRESENTATION ( 'Vernier Box up file', ( #350, #1486, #1389, #2636, #2244, #3412, #4644 ), #828 ) ;
#3562 = AXIS2_PLACEMENT_3D ( 'NONE', #2941, #5276, #4854 ) ;
#3563 = DIRECTION ( 'NONE',  ( 0.6571396575170137533, 0.000000000000000000, -0.7537688442211059048 ) ) ;
#3564 = EDGE_CURVE ( 'NONE', #5706, #1753, #912, .T. ) ;
#3565 = VERTEX_POINT ( 'NONE', #5012 ) ;
#3566 = VERTEX_POINT ( 'NONE', #3658 ) ;
#3567 = EDGE_CURVE ( 'NONE', #5767, #5622, #547, .T. ) ;
#3568 = LINE ( 'NONE', #4497, #5120 ) ;
#3569 = EDGE_CURVE ( 'NONE', #1221, #1020, #1919, .T. ) ;
#3570 = COORDINATED_UNIVERSAL_TIME_OFFSET ( 7, 0, .AHEAD. ) ;
#3571 = EDGE_LOOP ( 'NONE', ( #995, #5858, #4139, #627, #4384, #3666, #3558, #5728 ) ) ;
#3572 = DIRECTION ( 'NONE',  ( -1.000000000000000000, 0.000000000000000000, -0.000000000000000000 ) ) ;
#3573 = VECTOR ( 'NONE', #955, 1000.000000000000000 ) ;
#3574 = CARTESIAN_POINT ( 'NONE',  ( -29.23935222489148700, 5.999999999999996447, 1.000000000000000000 ) ) ;
#3575 = VECTOR ( 'NONE', #3612, 1000.000000000000000 ) ;
#3576 = CARTESIAN_POINT ( 'NONE',  ( 29.33065561651987352, 8.800000000000000711, 33.64358569964876011 ) ) ;
#3577 = APPROVAL_ROLE ( '' ) ;
#3578 = AXIS2_PLACEMENT_3D ( 'NONE', #4908, #840, #3531 ) ;
#3579 = AXIS2_PLACEMENT_3D ( 'NONE', #825, #4895, #796 ) ;
#3580 = DIRECTION ( 'NONE',  ( 0.000000000000000000, 0.000000000000000000, -1.000000000000000000 ) ) ;
#3581 = DIRECTION ( 'NONE',  ( -0.000000000000000000, 1.000000000000000000, -0.000000000000000000 ) ) ;
#3582 = AXIS2_PLACEMENT_3D ( 'NONE', #2287, #2176, #4014 ) ;
#3583 = CYLINDRICAL_SURFACE ( 'NONE', #3495, 9.999999999999994671 ) ;
#3584 = LINE ( 'NONE', #2626, #2786 ) ;
#3585 = AXIS2_PLACEMENT_3D ( 'NONE', #1135, #2438, #2957 ) ;
#3586 = ORIENTED_EDGE ( 'NONE', *, *, #653, .T. ) ;
#3587 = CC_DESIGN_PERSON_AND_ORGANIZATION_ASSIGNMENT ( #4277, #74, ( #1123 ) ) ;
#3588 = CYLINDRICAL_SURFACE ( 'NONE', #1372, 9.999999999999998224 ) ;
#3589 = DIRECTION ( 'NONE',  ( 0.000000000000000000, 1.156482317317871133E-15, 1.000000000000000000 ) ) ;
#3590 = ORIENTED_EDGE ( 'NONE', *, *, #4985, .F. ) ;
#3591 = ORIENTED_EDGE ( 'NONE', *, *, #4342, .T. ) ;
#3592 = CARTESIAN_POINT ( 'NONE',  ( 18.79840573142169546, 11.00000000000000000, 11.67466648478469615 ) ) ;
#3593 = LINE ( 'NONE', #4521, #1130 ) ;
#3594 = APPROVAL_PERSON_ORGANIZATION ( #4247, #4567, #1067 ) ;
#3595 = EDGE_CURVE ( 'NONE', #4590, #3793, #2821, .T. ) ;
#3596 = PRODUCT ( 'Engsel male', 'Engsel male', '', ( #5354 ) ) ;
#3597 = VERTEX_POINT ( 'NONE', #4116 ) ;
#3598 = ORIENTED_EDGE ( 'NONE', *, *, #5262, .T. ) ;
#3599 = APPROVAL_PERSON_ORGANIZATION ( #5593, #1639, #4748 ) ;
#3600 = DIRECTION ( 'NONE',  ( 0.000000000000000000, 0.000000000000000000, 1.000000000000000000 ) ) ;
#3601 = SECURITY_CLASSIFICATION_LEVEL ( 'unclassified' ) ;
#3602 = AXIS2_PLACEMENT_3D ( 'NONE', #426, #1792, #3600 ) ;
#3603 = EDGE_CURVE ( 'NONE', #3326, #4399, #5529, .T. ) ;
#3604 = EDGE_CURVE ( 'NONE', #1961, #5618, #2759, .T. ) ;
#3605 = ORIENTED_EDGE ( 'NONE', *, *, #177, .F. ) ;
#3606 = DIRECTION ( 'NONE',  ( -1.000000000000000000, -1.290644514907879663E-16, 0.000000000000000000 ) ) ;
#3607 = DIRECTION ( 'NONE',  ( -0.000000000000000000, -1.000000000000000000, -0.000000000000000000 ) ) ;
#3608 = VECTOR ( 'NONE', #89, 1000.000000000000000 ) ;
#3609 = LINE ( 'NONE', #5531, #4892 ) ;
#3610 = COORDINATED_UNIVERSAL_TIME_OFFSET ( 7, 0, .AHEAD. ) ;
#3611 = CARTESIAN_POINT ( 'NONE',  ( 187.5837722402914380, 0.9999999999999991118, -73.24436680701796831 ) ) ;
#3612 = DIRECTION ( 'NONE',  ( -0.000000000000000000, -0.000000000000000000, -1.000000000000000000 ) ) ;
#3613 = DIRECTION ( 'NONE',  ( 0.000000000000000000, 0.000000000000000000, -1.000000000000000000 ) ) ;
#3614 = DIRECTION ( 'NONE',  ( 0.8773152583835167606, 0.000000000000000000, 0.4799145105198041050 ) ) ;
#3615 = ORIENTED_EDGE ( 'NONE', *, *, #705, .T. ) ;
#3616 = PLANE ( 'NONE',  #4159 ) ;
#3617 = CARTESIAN_POINT ( 'NONE',  ( 82.25586395456976163, 0.9999999999999991118, 82.25586395456953426 ) ) ;
#3618 = ORIENTED_EDGE ( 'NONE', *, *, #924, .F. ) ;
#3619 = ORIENTED_EDGE ( 'NONE', *, *, #2791, .T. ) ;
#3620 = VECTOR ( 'NONE', #1132, 1000.000000000000000 ) ;
#3621 = CARTESIAN_POINT ( 'NONE',  ( 10.00000000000006395, 9.000000000000000000, -1.000000000000000888 ) ) ;
#3622 = CARTESIAN_POINT ( 'NONE',  ( -29.23935222489148700, 4.999999999999997335, 0.6000000000000000888 ) ) ;
#3623 = AXIS2_PLACEMENT_3D ( 'NONE', #4246, #2430, #1561 ) ;
#3624 = EDGE_LOOP ( 'NONE', ( #2727, #2870, #698, #2769 ) ) ;
#3625 = ORIENTED_EDGE ( 'NONE', *, *, #937, .T. ) ;
#3626 = CC_DESIGN_DATE_AND_TIME_ASSIGNMENT ( #5381, #1602, ( #4106 ) ) ;
#3627 = FACE_OUTER_BOUND ( 'NONE', #3363, .T. ) ;
#3628 = COORDINATED_UNIVERSAL_TIME_OFFSET ( 7, 0, .AHEAD. ) ;
#3629 = VERTEX_POINT ( 'NONE', #5106 ) ;
#3630 = CARTESIAN_POINT ( 'NONE',  ( 0.000000000000000000, 0.9999999999999991118, -37.16513068852106727 ) ) ;
#3631 = CARTESIAN_POINT ( 'NONE',  ( 240.0000000000000000, 0.9999999999999991118, -37.30181275431380783 ) ) ;
#3632 = DIRECTION ( 'NONE',  ( -1.000000000000000000, 0.000000000000000000, -0.000000000000000000 ) ) ;
#3633 = ADVANCED_FACE ( 'NONE', ( #515 ), #4649, .T. ) ;
#3634 = APPLICATION_PROTOCOL_DEFINITION ( 'international standard', 'config_control_design', 1994, #2608 ) ;
#3635 = EDGE_CURVE ( 'NONE', #2302, #2364, #5604, .T. ) ;
#3636 = DIRECTION ( 'NONE',  ( -0.000000000000000000, -1.000000000000000000, -0.000000000000000000 ) ) ;
#3637 = FACE_OUTER_BOUND ( 'NONE', #5478, .T. ) ;
#3638 = CARTESIAN_POINT ( 'NONE',  ( 98.38472589430351434, 0.9999999999999991118, -35.01248102602744439 ) ) ;
#3639 = CARTESIAN_POINT ( 'NONE',  ( 10.00000000000006395, -0.000000000000000000, -2.000000000000000000 ) ) ;
#3640 = EDGE_CURVE ( 'NONE', #2880, #3326, #5590, .T. ) ;
#3641 = ORIENTED_EDGE ( 'NONE', *, *, #481, .T. ) ;
#3642 = VECTOR ( 'NONE', #349, 1000.000000000000000 ) ;
#3643 = DIRECTION ( 'NONE',  ( 0.7537688442211050166, 0.000000000000000000, 0.6571396575170147525 ) ) ;
#3644 = DIRECTION ( 'NONE',  ( -0.7537688442211062378, 0.000000000000000000, -0.6571396575170133092 ) ) ;
#3645 = VERTEX_POINT ( 'NONE', #5142 ) ;
#3646 = ORIENTED_EDGE ( 'NONE', *, *, #2617, .F. ) ;
#3647 = VECTOR ( 'NONE', #2949, 1000.000000000000000 ) ;
#3648 = CARTESIAN_POINT ( 'NONE',  ( 80.03999360868429847, 0.9999999999999991118, -100.3325761332882280 ) ) ;
#3649 = DIRECTION ( 'NONE',  ( 0.000000000000000000, 0.000000000000000000, 1.000000000000000000 ) ) ;
#3650 = VECTOR ( 'NONE', #1720, 1000.000000000000000 ) ;
#3651 = ORIENTED_EDGE ( 'NONE', *, *, #3861, .T. ) ;
#3652 = DIRECTION ( 'NONE',  ( -1.000000000000000000, -0.000000000000000000, -0.000000000000000000 ) ) ;
#3653 = EDGE_LOOP ( 'NONE', ( #2005, #3118, #3150, #2663, #1731, #4412 ) ) ;
#3654 = LINE ( 'NONE', #1851, #1307 ) ;
#3655 = DATE_AND_TIME ( #4581, #4657 ) ;
#3656 = AXIS2_PLACEMENT_3D ( 'NONE', #793, #2162, #5833 ) ;
#3657 = ORIENTED_EDGE ( 'NONE', *, *, #488, .F. ) ;
#3658 = CARTESIAN_POINT ( 'NONE',  ( -50.00000000000000000, 5.999999999999993783, -0.5000000000000000000 ) ) ;
#3659 = DIRECTION ( 'NONE',  ( -0.000000000000000000, -1.000000000000000000, -0.000000000000000000 ) ) ;
#3660 = CARTESIAN_POINT ( 'NONE',  ( 2.350604393122646345E-17, 7.133974596215556296, -0.5000000000000000000 ) ) ;
#3661 = ADVANCED_FACE ( 'NONE', ( #1035 ), #4680, .F. ) ;
#3662 = CALENDAR_DATE ( 2024, 9, 7 ) ;
#3663 = EDGE_CURVE ( 'NONE', #2200, #53, #427, .T. ) ;
#3664 = CARTESIAN_POINT ( 'NONE',  ( 7.000000000000000000, 7.300000000000000711, -10.00000000000006395 ) ) ;
#3665 = VECTOR ( 'NONE', #1810, 1000.000000000000000 ) ;
#3666 = ORIENTED_EDGE ( 'NONE', *, *, #1228, .T. ) ;
#3667 = LINE ( 'NONE', #1449, #5888 ) ;
#3668 = CARTESIAN_POINT ( 'NONE',  ( 154.4535455361796608, 0.9999999999999991118, -72.83414446803934084 ) ) ;
#3669 = LINE ( 'NONE', #2706, #3949 ) ;
#3670 = VECTOR ( 'NONE', #2976, 1000.000000000000000 ) ;
#3671 = ORIENTED_EDGE ( 'NONE', *, *, #2504, .F. ) ;
#3672 = AXIS2_PLACEMENT_3D ( 'NONE', #4723, #2025, #687 ) ;
#3673 = CARTESIAN_POINT ( 'NONE',  ( 0.000000000000000000, 11.00000000000000000, -6.413121992594955856 ) ) ;
#3674 = CIRCLE ( 'NONE', #2813, 0.7500000000000002220 ) ;
#3675 = EDGE_CURVE ( 'NONE', #4291, #5027, #3023, .T. ) ;
#3676 = ADVANCED_FACE ( 'NONE', ( #1196 ), #1744, .F. ) ;
#3677 = DIRECTION ( 'NONE',  ( 0.000000000000000000, 0.000000000000000000, 1.000000000000000000 ) ) ;
#3678 = ORIENTED_EDGE ( 'NONE', *, *, #3060, .F. ) ;
#3679 = EDGE_LOOP ( 'NONE', ( #5327, #5127, #2256, #997 ) ) ;
#3680 = CIRCLE ( 'NONE', #1112, 9.999999999999998224 ) ;
#3681 = CARTESIAN_POINT ( 'NONE',  ( 173.0700579582542105, 0.9999999999999991118, -73.24436680701796831 ) ) ;
#3682 = CARTESIAN_POINT ( 'NONE',  ( 41.84814247518369967, 0.9999999999999991118, -14.59901938359254103 ) ) ;
#3683 = EDGE_CURVE ( 'NONE', #293, #5199, #3952, .T. ) ;
#3684 = MECHANICAL_CONTEXT ( 'NONE', #2497, 'mechanical' ) ;
#3685 = AXIS2_PLACEMENT_3D ( 'NONE', #2862, #2496, #4337 ) ;
#3686 = EDGE_LOOP ( 'NONE', ( #5255, #5104, #2419, #5748 ) ) ;
#3687 = DIRECTION ( 'NONE',  ( -0.000000000000000000, 1.000000000000000000, -0.000000000000000000 ) ) ;
#3688 = VERTEX_POINT ( 'NONE', #5303 ) ;
#3689 = CARTESIAN_POINT ( 'NONE',  ( -47.07048378112436637, 4.999999999999997335, -0.1499999999999999667 ) ) ;
#3690 = DATE_AND_TIME ( #2158, #5145 ) ;
#3691 = ORIENTED_EDGE ( 'NONE', *, *, #714, .T. ) ;
#3692 = LINE ( 'NONE', #4180, #5122 ) ;
#3693 = LINE ( 'NONE', #1739, #2336 ) ;
#3694 = CARTESIAN_POINT ( 'NONE',  ( 1.000000000000000000, 9.000000000000000000, -10.00000000000006395 ) ) ;
#3695 = CARTESIAN_POINT ( 'NONE',  ( 206.6823162755987084, 4.500000000000000000, -58.61949210274162425 ) ) ;
#3696 = APPROVAL_DATE_TIME ( #13, #1859 ) ;
#3697 = DIRECTION ( 'NONE',  ( -0.000000000000000000, 1.000000000000000000, -0.000000000000000000 ) ) ;
#3699 = EDGE_LOOP ( 'NONE', ( #3246, #4629, #4566, #1862 ) ) ;
#3698 = LOCAL_TIME ( 16, 32, 57.00000000000000000, #3570 ) ;
#3700 = VERTEX_POINT ( 'NONE', #382 ) ;
#3701 = DIRECTION ( 'NONE',  ( 0.000000000000000000, 0.000000000000000000, 1.000000000000000000 ) ) ;
#3702 = DIRECTION ( 'NONE',  ( 1.000000000000000000, 0.000000000000000000, 0.000000000000000000 ) ) ;
#3703 = ADVANCED_FACE ( 'NONE', ( #4848 ), #2653, .F. ) ;
#3704 = CARTESIAN_POINT ( 'NONE',  ( 18.79840573142169546, 0.9999999999999991118, 11.67466648478469615 ) ) ;
#3705 = ORIENTED_EDGE ( 'NONE', *, *, #2863, .T. ) ;
#3706 = LINE ( 'NONE', #5540, #4441 ) ;
#3707 = DIRECTION ( 'NONE',  ( 1.000000000000000000, 1.290644514907879663E-16, -0.000000000000000000 ) ) ;
#3708 = VERTEX_POINT ( 'NONE', #1163 ) ;
#3709 = ORIENTED_EDGE ( 'NONE', *, *, #340, .T. ) ;
#3710 = LINE ( 'NONE', #1877, #4235 ) ;
#3711 = CARTESIAN_POINT ( 'NONE',  ( 155.9431641043371428, 0.9999999999999991118, -62.83414446803935505 ) ) ;
#3712 = DIRECTION ( 'NONE',  ( 1.000000000000000000, 0.000000000000000000, 0.000000000000000000 ) ) ;
#3713 = EDGE_CURVE ( 'NONE', #601, #7, #3971, .T. ) ;
#3714 = ORIENTED_EDGE ( 'NONE', *, *, #3089, .F. ) ;
#3715 = DIRECTION ( 'NONE',  ( 0.8495046664012120274, 0.000000000000000000, 0.5275811044404125072 ) ) ;
#3716 = ORIENTED_EDGE ( 'NONE', *, *, #1913, .T. ) ;
#3717 = CARTESIAN_POINT ( 'NONE',  ( -12.51897548311831088, 5.999999999999998224, 1.000000000000000000 ) ) ;
#3718 = EDGE_CURVE ( 'NONE', #5551, #384, #3680, .T. ) ;
#3719 = VERTEX_POINT ( 'NONE', #4817 ) ;
#3720 = ORIENTED_EDGE ( 'NONE', *, *, #2684, .F. ) ;
#3721 = ORIENTED_EDGE ( 'NONE', *, *, #2817, .T. ) ;
#3722 = FACE_OUTER_BOUND ( 'NONE', #4435, .T. ) ;
#3723 = DIRECTION ( 'NONE',  ( 1.000000000000000000, -0.000000000000000000, -0.000000000000000000 ) ) ;
#3724 = CARTESIAN_POINT ( 'NONE',  ( -2.518975483118307324, 3.999999999999994671, 0.000000000000000000 ) ) ;
#3725 = APPROVAL_STATUS ( 'not_yet_approved' ) ;
#3726 = FACE_OUTER_BOUND ( 'NONE', #2891, .T. ) ;
#3727 = ORIENTED_EDGE ( 'NONE', *, *, #1260, .T. ) ;
#3728 = DIRECTION ( 'NONE',  ( 0.000000000000000000, 0.000000000000000000, 1.000000000000000000 ) ) ;
#3729 = CARTESIAN_POINT ( 'NONE',  ( 0.000000000000000000, 7.300000000000000711, 0.000000000000000000 ) ) ;
#3730 = DIRECTION ( 'NONE',  ( -1.000000000000000000, 0.000000000000000000, 0.000000000000000000 ) ) ;
#3731 = VERTEX_POINT ( 'NONE', #2593 ) ;
#3732 = EDGE_CURVE ( 'NONE', #5224, #2812, #5873, .T. ) ;
#3733 = DIRECTION ( 'NONE',  ( 0.000000000000000000, -1.000000000000000000, 0.000000000000000000 ) ) ;
#3734 = DIRECTION ( 'NONE',  ( -1.717263521134807108E-16, 1.000000000000000000, 0.000000000000000000 ) ) ;
#3735 = ORIENTED_EDGE ( 'NONE', *, *, #5075, .T. ) ;
#3736 = ORIENTED_EDGE ( 'NONE', *, *, #1606, .F. ) ;
#3737 = DIRECTION ( 'NONE',  ( 1.000000000000000000, 0.000000000000000000, 3.907034855803622046E-18 ) ) ;
#3738 = CARTESIAN_POINT ( 'NONE',  ( 205.2714077738606022, 8.800000000000000711, -58.71612128944571651 ) ) ;
#3739 = VECTOR ( 'NONE', #5901, 1000.000000000000114 ) ;
#3740 = EDGE_CURVE ( 'NONE', #2515, #686, #3982, .T. ) ;
#3741 = ADVANCED_FACE ( 'NONE', ( #296 ), #269, .F. ) ;
#3742 = ORIENTED_EDGE ( 'NONE', *, *, #3940, .F. ) ;
#3743 = LINE ( 'NONE', #1942, #320 ) ;
#3744 = CIRCLE ( 'NONE', #5674, 0.7500000000000002220 ) ;
#3745 = VERTEX_POINT ( 'NONE', #4036 ) ;
#3746 = LINE ( 'NONE', #3084, #3124 ) ;
#3747 = VECTOR ( 'NONE', #4245, 1000.000000000000000 ) ;
#3748 = ORIENTED_EDGE ( 'NONE', *, *, #5870, .F. ) ;
#3749 = ORIENTED_EDGE ( 'NONE', *, *, #4852, .F. ) ;
#3750 = ORIENTED_EDGE ( 'NONE', *, *, #4082, .T. ) ;
#3751 = EDGE_CURVE ( 'NONE', #3845, #3566, #3076, .T. ) ;
#3752 = EDGE_CURVE ( 'NONE', #144, #3700, #2625, .T. ) ;
#3753 = DIRECTION ( 'NONE',  ( 0.000000000000000000, 1.000000000000000000, -0.000000000000000000 ) ) ;
#3754 = CIRCLE ( 'NONE', #496, 5.719358714986393366 ) ;
#3755 = LINE ( 'NONE', #2011, #308 ) ;
#3756 = CARTESIAN_POINT ( 'NONE',  ( 2.121320343559649046, 5.999999999999993783, 1.000000000000000222 ) ) ;
#3757 = DATE_TIME_ROLE ( 'creation_date' ) ;
#3758 = AXIS2_PLACEMENT_3D ( 'NONE', #572, #31, #5550 ) ;
#3759 = PLANE ( 'NONE',  #5453 ) ;
#3760 = EDGE_LOOP ( 'NONE', ( #3364, #1904, #2604, #259 ) ) ;
#3761 = DIRECTION ( 'NONE',  ( 0.000000000000000000, 0.000000000000000000, -1.000000000000000000 ) ) ;
#3762 = DIRECTION ( 'NONE',  ( 0.000000000000000000, 0.000000000000000000, -1.000000000000000000 ) ) ;
#3763 = DIRECTION ( 'NONE',  ( -0.000000000000000000, 1.000000000000000000, -0.000000000000000000 ) ) ;
#3764 = ORIENTED_EDGE ( 'NONE', *, *, #795, .T. ) ;
#3765 = PLANE ( 'NONE',  #4626 ) ;
#3766 = CARTESIAN_POINT ( 'NONE',  ( -12.51897548311831088, 5.999999999999998224, 1.000000000000000000 ) ) ;
#3767 = EDGE_LOOP ( 'NONE', ( #4409, #2322, #957, #1498 ) ) ;
#3768 = VERTEX_POINT ( 'NONE', #4431 ) ;
#3769 = CARTESIAN_POINT ( 'NONE',  ( 171.0797807141355804, 0.9999999999999991118, -85.99999999999998579 ) ) ;
#3770 = CARTESIAN_POINT ( 'NONE',  ( 0.9999999999999993339, 11.00000000000000000, 6.377659838150034856E-17 ) ) ;
#3771 = VECTOR ( 'NONE', #3581, 1000.000000000000000 ) ;
#3772 = CC_DESIGN_DATE_AND_TIME_ASSIGNMENT ( #2522, #3968, ( #3031 ) ) ;
#3773 = AXIS2_PLACEMENT_3D ( 'NONE', #1995, #4288, #3830 ) ;
#3774 = ORIENTED_EDGE ( 'NONE', *, *, #882, .F. ) ;
#3775 = AXIS2_PLACEMENT_3D ( 'NONE', #4010, #2535, #2991 ) ;
#3776 = DIRECTION ( 'NONE',  ( 0.000000000000000000, 0.000000000000000000, -1.000000000000000000 ) ) ;
#3777 = ORIENTED_EDGE ( 'NONE', *, *, #3478, .F. ) ;
#3778 = FACE_OUTER_BOUND ( 'NONE', #3003, .T. ) ;
#3779 = EDGE_CURVE ( 'NONE', #1672, #3479, #5332, .T. ) ;
#3780 = VECTOR ( 'NONE', #230, 1000.000000000000000 ) ;
#3781 = ORIENTED_EDGE ( 'NONE', *, *, #4731, .T. ) ;
#3782 = ORIENTED_EDGE ( 'NONE', *, *, #274, .T. ) ;
#3783 = ORIENTED_EDGE ( 'NONE', *, *, #5446, .T. ) ;
#3784 = EDGE_CURVE ( 'NONE', #3829, #3030, #3050, .T. ) ;
#3785 = DIRECTION ( 'NONE',  ( 0.000000000000000000, 0.000000000000000000, -1.000000000000000000 ) ) ;
#3786 = LINE ( 'NONE', #1982, #467 ) ;
#3787 = APPROVAL_DATE_TIME ( #1983, #5535 ) ;
#3788 = CC_DESIGN_SECURITY_CLASSIFICATION ( #4939, ( #1865 ) ) ;
#3789 = EDGE_CURVE ( 'NONE', #4440, #3838, #775, .T. ) ;
#3790 = EDGE_CURVE ( 'NONE', #4792, #3218, #5359, .T. ) ;
#3791 = CARTESIAN_POINT ( 'NONE',  ( 240.0000000000000000, 6.500000000000000000, -77.99999999999992895 ) ) ;
#3792 = EDGE_LOOP ( 'NONE', ( #2282, #2186, #2801, #1177 ) ) ;
#3793 = VERTEX_POINT ( 'NONE', #1419 ) ;
#3794 = DIRECTION ( 'NONE',  ( -2.072889816903640769E-17, -1.000000000000000000, 0.000000000000000000 ) ) ;
#3795 = CC_DESIGN_APPROVAL ( #991, ( #551 ) ) ;
#3796 = DIRECTION ( 'NONE',  ( 1.000000000000000000, 1.734723475976806848E-16, 0.000000000000000000 ) ) ;
#3797 = CARTESIAN_POINT ( 'NONE',  ( 173.0700579582542105, 11.00000000000000000, -73.24436680701796831 ) ) ;
#3798 = ORIENTED_EDGE ( 'NONE', *, *, #2206, .T. ) ;
#3799 = EDGE_CURVE ( 'NONE', #3011, #3948, #4564, .T. ) ;
#3800 = SECURITY_CLASSIFICATION ( '', '', #1735 ) ;
#3801 = AXIS2_PLACEMENT_3D ( 'NONE', #4738, #640, #5553 ) ;
#3802 = CARTESIAN_POINT ( 'NONE',  ( 0.000000000000000000, 0.000000000000000000, 0.000000000000000000 ) ) ;
#3803 = LINE ( 'NONE', #3380, #2913 ) ;
#3804 = VERTEX_POINT ( 'NONE', #5537 ) ;
#3805 = ORIENTED_EDGE ( 'NONE', *, *, #79, .T. ) ;
#3806 = FACE_OUTER_BOUND ( 'NONE', #5853, .T. ) ;
#3807 = CARTESIAN_POINT ( 'NONE',  ( -19.23935222489148344, 4.365571122977521590, 1.000000000000000000 ) ) ;
#3808 = ORIENTED_EDGE ( 'NONE', *, *, #2172, .T. ) ;
#3809 = DIRECTION ( 'NONE',  ( 0.000000000000000000, 0.000000000000000000, 1.000000000000000000 ) ) ;
#3810 = ORIENTED_EDGE ( 'NONE', *, *, #4616, .T. ) ;
#3811 = CYLINDRICAL_SURFACE ( 'NONE', #4087, 3.000000000000000888 ) ;
#3812 = EDGE_LOOP ( 'NONE', ( #3591, #5753, #5897, #4052 ) ) ;
#3813 = PRODUCT_RELATED_PRODUCT_CATEGORY ( 'detail', '', ( #1298 ) ) ;
#3814 = VERTEX_POINT ( 'NONE', #410 ) ;
#3815 = EDGE_LOOP ( 'NONE', ( #1896, #1500, #1410, #966 ) ) ;
#3816 = CARTESIAN_POINT ( 'NONE',  ( -29.23935222489148700, 5.999999999999996447, 1.000000000000000000 ) ) ;
#3817 = DIRECTION ( 'NONE',  ( -0.000000000000000000, -0.000000000000000000, 1.000000000000000000 ) ) ;
#3818 = VECTOR ( 'NONE', #4751, 1000.000000000000000 ) ;
#3819 = PERSON_AND_ORGANIZATION_ROLE ( 'creator' ) ;
#3820 = ADVANCED_FACE ( 'NONE', ( #465 ), #4125, .F. ) ;
#3821 = VECTOR ( 'NONE', #2884, 1000.000000000000000 ) ;
#3822 = PLANE ( 'NONE',  #2272 ) ;
#3823 = ORIENTED_EDGE ( 'NONE', *, *, #1183, .F. ) ;
#3824 = ORIENTED_EDGE ( 'NONE', *, *, #1000, .T. ) ;
#3825 = CARTESIAN_POINT ( 'NONE',  ( 187.5837722402914380, 0.9999999999999991118, -67.52500809203158383 ) ) ;
#3826 = EDGE_CURVE ( 'NONE', #753, #2658, #4156, .T. ) ;
#3827 = PLANE ( 'NONE',  #4167 ) ;
#3828 = PLANE ( 'NONE',  #4129 ) ;
#3829 = VERTEX_POINT ( 'NONE', #4510 ) ;
#3830 = DIRECTION ( 'NONE',  ( 0.000000000000000000, 1.000000000000000000, 0.000000000000000000 ) ) ;
#3831 = LINE ( 'NONE', #3022, #222 ) ;
#3832 = ORIENTED_EDGE ( 'NONE', *, *, #4415, .F. ) ;
#3833 = ORIENTED_EDGE ( 'NONE', *, *, #4372, .F. ) ;
#3834 = EDGE_CURVE ( 'NONE', #3218, #3357, #919, .T. ) ;
#3835 = EDGE_CURVE ( 'NONE', #5767, #1558, #2767, .T. ) ;
#3836 = CARTESIAN_POINT ( 'NONE',  ( 0.000000000000000000, 11.00000000000000000, -22.96393086223018543 ) ) ;
#3837 = CYLINDRICAL_SURFACE ( 'NONE', #952, 7.999999999999996447 ) ;
#3838 = VERTEX_POINT ( 'NONE', #18 ) ;
#3839 = CARTESIAN_POINT ( 'NONE',  ( 156.0000000000000000, 7.300000000000000711, -33.00771455645043773 ) ) ;
#3840 = ORIENTED_EDGE ( 'NONE', *, *, #1183, .T. ) ;
#3841 = CARTESIAN_POINT ( 'NONE',  ( 17.29894084331445825, 0.9999999999999991118, -8.831656991777592225 ) ) ;
#3842 = DIRECTION ( 'NONE',  ( -1.000000000000000000, 0.000000000000000000, 0.000000000000000000 ) ) ;
#3843 = VECTOR ( 'NONE', #3098, 1000.000000000000000 ) ;
#3844 = VERTEX_POINT ( 'NONE', #5083 ) ;
#3845 = VERTEX_POINT ( 'NONE', #438 ) ;
#3846 = ORIENTED_EDGE ( 'NONE', *, *, #5710, .T. ) ;
#3847 = DIRECTION ( 'NONE',  ( 0.000000000000000000, -1.000000000000000000, 0.000000000000000000 ) ) ;
#3848 = DIRECTION ( 'NONE',  ( -4.852917433365602918E-15, 0.000000000000000000, 1.000000000000000000 ) ) ;
#3849 = VECTOR ( 'NONE', #447, 1000.000000000000000 ) ;
#3850 = CC_DESIGN_PERSON_AND_ORGANIZATION_ASSIGNMENT ( #4114, #849, ( #3800 ) ) ;
#3851 = APPROVAL_STATUS ( 'not_yet_approved' ) ;
#3852 = AXIS2_PLACEMENT_3D ( 'NONE', #1024, #2844, #5547 ) ;
#3853 = AXIS2_PLACEMENT_3D ( 'NONE', #920, #4539, #1420 ) ;
#3854 = CARTESIAN_POINT ( 'NONE',  ( -5.063517173121492236E-15, 7.300000000000000711, -80.99999999999998579 ) ) ;
#3855 = ORIENTED_EDGE ( 'NONE', *, *, #5337, .F. ) ;
#3856 = CARTESIAN_POINT ( 'NONE',  ( -50.00000000000000000, 7.999999999999992895, 0.000000000000000000 ) ) ;
#3857 = UNCERTAINTY_MEASURE_WITH_UNIT (LENGTH_MEASURE( 1.000000000000000082E-05 ), #4049, 'distance_accuracy_value', 'NONE');
#3858 = DIRECTION ( 'NONE',  ( -0.000000000000000000, -1.000000000000000000, -0.000000000000000000 ) ) ;
#3859 = AXIS2_PLACEMENT_3D ( 'NONE', #779, #2199, #3589 ) ;
#3860 = DIRECTION ( 'NONE',  ( -0.7068351019162422144, 0.000000000000000000, 0.7073783561143608400 ) ) ;
#3861 = EDGE_CURVE ( 'NONE', #3125, #4470, #5505, .T. ) ;
#3862 = DIRECTION ( 'NONE',  ( 0.000000000000000000, 0.000000000000000000, 1.000000000000000000 ) ) ;
#3863 = ORIENTED_EDGE ( 'NONE', *, *, #3740, .F. ) ;
#3864 = CARTESIAN_POINT ( 'NONE',  ( -34.94916343756472088, 5.999999999999995559, -0.5000000000000000000 ) ) ;
#3865 = ORIENTED_EDGE ( 'NONE', *, *, #2791, .F. ) ;
#3866 = DIRECTION ( 'NONE',  ( 0.000000000000000000, 0.000000000000000000, 1.000000000000000000 ) ) ;
#3867 = ADVANCED_FACE ( 'NONE', ( #4963 ), #889, .F. ) ;
#3868 = ADVANCED_FACE ( 'NONE', ( #2254 ), #2737, .F. ) ;
#3869 = DIRECTION ( 'NONE',  ( -0.6571396575170146415, 0.000000000000000000, 0.7537688442211051276 ) ) ;
#3870 = LINE ( 'NONE', #1552, #604 ) ;
#3871 = ORIENTED_EDGE ( 'NONE', *, *, #1539, .F. ) ;
#3872 = VECTOR ( 'NONE', #2534, 1000.000000000000000 ) ;
#3873 = AXIS2_PLACEMENT_3D ( 'NONE', #557, #3728, #1388 ) ;
#3874 = CARTESIAN_POINT ( 'NONE',  ( 132.3821894788979137, 0.9999999999999991118, -17.90884988971501102 ) ) ;
#3875 = DIRECTION ( 'NONE',  ( 0.6126878117617188257, 0.000000000000000000, 0.7903250251122235781 ) ) ;
#3876 = VERTEX_POINT ( 'NONE', #5054 ) ;
#3877 = AXIS2_PLACEMENT_3D ( 'NONE', #1594, #2103, #5769 ) ;
#3878 = AXIS2_PLACEMENT_3D ( 'NONE', #3126, #374, #4422 ) ;
#3879 = B_SPLINE_CURVE_WITH_KNOTS ( 'NONE', 3,
 ( #3064, #4889, #3996, #5830, #2781 ),
 .UNSPECIFIED., .F., .F.,
 ( 4, 1, 4 ),
 ( 0.000000000000000000, 0.8183646680142409036, 1.000000000000000000 ),
 .UNSPECIFIED. ) ;
#3880 = ORIENTED_EDGE ( 'NONE', *, *, #1404, .F. ) ;
#3881 = VERTEX_POINT ( 'NONE', #860 ) ;
#3882 = CLOSED_SHELL ( 'NONE', ( #4884, #5037, #5578, #2101, #4193, #4015, #4037, #3384, #361, #559, #2953, #1719, #3356, #4121, #1391, #4913 ) ) ;
#3883 = PLANE ( 'NONE',  #5194 ) ;
#3884 = CARTESIAN_POINT ( 'NONE',  ( 231.9999999999999147, 11.00000000000000000, 0.000000000000000000 ) ) ;
#3885 = CIRCLE ( 'NONE', #1292, 1.000000000000000000 ) ;
#3886 = SECURITY_CLASSIFICATION_LEVEL ( 'unclassified' ) ;
#3887 = CIRCLE ( 'NONE', #4640, 0.7500000000000000000 ) ;
#3888 = FACE_OUTER_BOUND ( 'NONE', #2110, .T. ) ;
#3889 = VERTEX_POINT ( 'NONE', #525 ) ;
#3890 = CARTESIAN_POINT ( 'NONE',  ( -19.23935222489148344, 3.999999999999994671, 1.000000000000000000 ) ) ;
#3891 = DIRECTION ( 'NONE',  ( -0.7537688442211061268, 0.000000000000000000, -0.6571396575170134202 ) ) ;
#3892 = CARTESIAN_POINT ( 'NONE',  ( -44.94916343756472088, 4.999999999999997335, 0.6000000000000000888 ) ) ;
#3893 = CALENDAR_DATE ( 2024, 9, 7 ) ;
#3894 = ORIENTED_EDGE ( 'NONE', *, *, #1354, .F. ) ;
#3895 = EDGE_CURVE ( 'NONE', #1900, #3533, #950, .T. ) ;
#3896 = CARTESIAN_POINT ( 'NONE',  ( 93.80621373527520745, 0.9999999999999991118, -9.999999999999998224 ) ) ;
#3897 = CARTESIAN_POINT ( 'NONE',  ( -47.07048378112436637, 4.365571122977521590, 1.000000000000000000 ) ) ;
#3898 = LOCAL_TIME ( 16, 32, 57.00000000000000000, #166 ) ;
#3899 = VECTOR ( 'NONE', #5736, 1000.000000000000000 ) ;
#3900 = DIRECTION ( 'NONE',  ( -0.000000000000000000, 1.000000000000000000, -0.000000000000000000 ) ) ;
#3901 = LINE ( 'NONE', #3442, #4256 ) ;
#3902 = ORIENTED_EDGE ( 'NONE', *, *, #884, .T. ) ;
#3903 = AXIS2_PLACEMENT_3D ( 'NONE', #5516, #2661, #900 ) ;
#3904 = EDGE_CURVE ( 'NONE', #155, #3328, #4096, .T. ) ;
#3905 = DIRECTION ( 'NONE',  ( 0.7537688442211051276, 0.000000000000000000, 0.6571396575170146415 ) ) ;
#3906 = DIRECTION ( 'NONE',  ( -0.7537688442211052386, 0.000000000000000000, 0.6571396575170146415 ) ) ;
#3907 = ORIENTED_EDGE ( 'NONE', *, *, #5855, .F. ) ;
#3908 = EDGE_CURVE ( 'NONE', #69, #148, #1806, .T. ) ;
#3909 = ORIENTED_EDGE ( 'NONE', *, *, #2416, .F. ) ;
#3910 = EDGE_LOOP ( 'NONE', ( #1993, #5555, #5887, #440 ) ) ;
#3911 = DIRECTION ( 'NONE',  ( 0.000000000000000000, 0.000000000000000000, 1.000000000000000000 ) ) ;
#3912 = EDGE_CURVE ( 'NONE', #1598, #5781, #3885, .T. ) ;
#3913 = CARTESIAN_POINT ( 'NONE',  ( 0.000000000000000000, 9.000000000000000000, -87.00000000000000000 ) ) ;
#3914 = DIRECTION ( 'NONE',  ( -0.000000000000000000, 1.000000000000000000, -0.000000000000000000 ) ) ;
#3915 = ORIENTED_EDGE ( 'NONE', *, *, #3060, .T. ) ;
#3916 = FACE_OUTER_BOUND ( 'NONE', #1122, .T. ) ;
#3917 = DIRECTION ( 'NONE',  ( 1.000000000000000000, 0.000000000000000000, 6.421112981982186753E-15 ) ) ;
#3918 = DIRECTION ( 'NONE',  ( -1.000000000000000000, -0.000000000000000000, 0.000000000000000000 ) ) ;
#3919 = PERSON_AND_ORGANIZATION ( #82, #1018 ) ;
#3920 = ORIENTED_EDGE ( 'NONE', *, *, #5197, .T. ) ;
#3921 = AXIS2_PLACEMENT_3D ( 'NONE', #4480, #4873, #3580 ) ;
#3922 = DIRECTION ( 'NONE',  ( 0.000000000000000000, 0.000000000000000000, 1.000000000000000000 ) ) ;
#3923 = CARTESIAN_POINT ( 'NONE',  ( 86.00000000000000000, 4.500000000000000000, -34.33438122311711282 ) ) ;
#3924 = DIRECTION ( 'NONE',  ( 2.072889816903640769E-17, 1.000000000000000000, -0.000000000000000000 ) ) ;
#3925 = ADVANCED_FACE ( 'NONE', ( #5022 ), #976, .T. ) ;
#3926 = CARTESIAN_POINT ( 'NONE',  ( 21.96966101346790623, 0.9999999999999991118, -12.13248070758134567 ) ) ;
#3927 = DIRECTION ( 'NONE',  ( 0.000000000000000000, 0.000000000000000000, 1.000000000000000000 ) ) ;
#3928 = ORIENTED_EDGE ( 'NONE', *, *, #20, .F. ) ;
#3929 = FACE_OUTER_BOUND ( 'NONE', #2381, .T. ) ;
#3930 = CARTESIAN_POINT ( 'NONE',  ( 10.00000000000006395, 7.300000000000000711, -80.99999999999998579 ) ) ;
#3931 = ORIENTED_EDGE ( 'NONE', *, *, #2650, .F. ) ;
#3932 = ADVANCED_FACE ( 'NONE', ( #4190 ), #3583, .T. ) ;
#3933 = ORIENTED_EDGE ( 'NONE', *, *, #3675, .T. ) ;
#3934 = VERTEX_POINT ( 'NONE', #1308 ) ;
#3935 = LINE ( 'NONE', #3592, #14 ) ;
#3936 = PLANE ( 'NONE',  #38 ) ;
#3937 = DATE_AND_TIME ( #286, #2165 ) ;
#3938 = CIRCLE ( 'NONE', #3362, 1.000000000000000000 ) ;
#3939 = EDGE_CURVE ( 'NONE', #2712, #2294, #2055, .T. ) ;
#3940 = EDGE_CURVE ( 'NONE', #2547, #3962, #5408, .T. ) ;
#3941 = DIRECTION ( 'NONE',  ( 0.000000000000000000, 0.000000000000000000, -1.000000000000000000 ) ) ;
#3942 = VERTEX_POINT ( 'NONE', #1570 ) ;
#3943 = PLANE ( 'NONE',  #1199 ) ;
#3944 = VECTOR ( 'NONE', #2517, 1000.000000000000000 ) ;
#3945 = FACE_OUTER_BOUND ( 'NONE', #1294, .T. ) ;
#3946 = CARTESIAN_POINT ( 'NONE',  ( 231.9999999999999147, -0.000000000000000000, -1.999999999999994893 ) ) ;
#3947 = CALENDAR_DATE ( 2024, 9, 7 ) ;
#3948 = VERTEX_POINT ( 'NONE', #657 ) ;
#3949 = VECTOR ( 'NONE', #951, 1000.000000000000114 ) ;
#3950 = DIRECTION ( 'NONE',  ( 1.000000000000000000, -0.000000000000000000, -0.000000000000000000 ) ) ;
#3951 = DIRECTION ( 'NONE',  ( 0.000000000000000000, -1.000000000000000000, 0.000000000000000000 ) ) ;
#3952 = LINE ( 'NONE', #5817, #5501 ) ;
#3953 = DIRECTION ( 'NONE',  ( 0.000000000000000000, 1.000000000000000000, -0.000000000000000000 ) ) ;
#3954 = AXIS2_PLACEMENT_3D ( 'NONE', #2359, #2811, #3809 ) ;
#3955 = DIRECTION ( 'NONE',  ( -0.000000000000000000, -0.000000000000000000, -1.000000000000000000 ) ) ;
#3956 = CARTESIAN_POINT ( 'NONE',  ( 83.71563206574269600, 8.800000000000000711, -96.02560810873121966 ) ) ;
#3957 = ORIENTED_EDGE ( 'NONE', *, *, #5263, .F. ) ;
#3958 = EDGE_LOOP ( 'NONE', ( #4741, #513, #2948, #3810 ) ) ;
#3959 = FACE_OUTER_BOUND ( 'NONE', #3029, .T. ) ;
#3960 = FACE_OUTER_BOUND ( 'NONE', #1318, .T. ) ;
#3961 = AXIS2_PLACEMENT_3D ( 'NONE', #84, #3734, #1515 ) ;
#3962 = VERTEX_POINT ( 'NONE', #2375 ) ;
#3963 = ORIENTED_EDGE ( 'NONE', *, *, #2123, .F. ) ;
#3964 = ADVANCED_FACE ( 'NONE', ( #3315 ), #3827, .T. ) ;
#3965 = VECTOR ( 'NONE', #3283, 1000.000000000000000 ) ;
#3966 = LINE ( 'NONE', #702, #4062 ) ;
#3967 = AXIS2_PLACEMENT_3D ( 'NONE', #5082, #5053, #4124 ) ;
#3968 = DATE_TIME_ROLE ( 'classification_date' ) ;
#3969 = CARTESIAN_POINT ( 'NONE',  ( 231.9999999999999147, 11.00000000000000000, -87.00000000000000000 ) ) ;
#3970 = EDGE_LOOP ( 'NONE', ( #4019, #81, #1434, #3928, #116 ) ) ;
#3971 = CIRCLE ( 'NONE', #337, 5.719358714986383596 ) ;
#3972 = LINE ( 'NONE', #3095, #3199 ) ;
#3973 = FACE_OUTER_BOUND ( 'NONE', #30, .T. ) ;
#3974 = CYLINDRICAL_SURFACE ( 'NONE', #5760, 5.719358714986388925 ) ;
#3975 = EDGE_CURVE ( 'NONE', #3286, #62, #4311, .T. ) ;
#3976 = EDGE_CURVE ( 'NONE', #3011, #4133, #3408, .T. ) ;
#3977 = APPROVAL_ROLE ( '' ) ;
#3978 = ORIENTED_EDGE ( 'NONE', *, *, #5518, .F. ) ;
#3979 = VECTOR ( 'NONE', #5784, 1000.000000000000000 ) ;
#3980 = CARTESIAN_POINT ( 'NONE',  ( 7.000000000000000000, 7.300000000000000711, -10.00000000000006395 ) ) ;
#3981 = DIRECTION ( 'NONE',  ( -0.000000000000000000, 1.000000000000000000, -0.000000000000000000 ) ) ;
#3982 = LINE ( 'NONE', #5846, #4171 ) ;
#3983 = LINE ( 'NONE', #5819, #220 ) ;
#3984 = EDGE_CURVE ( 'NONE', #2200, #5232, #1959, .T. ) ;
#3985 =( GEOMETRIC_REPRESENTATION_CONTEXT ( 3 ) GLOBAL_UNCERTAINTY_ASSIGNED_CONTEXT ( ( #3857 ) ) GLOBAL_UNIT_ASSIGNED_CONTEXT ( ( #4049, #1758, #5431 ) ) REPRESENTATION_CONTEXT ( 'NONE', 'WORKASPACE' ) );
#3986 = CARTESIAN_POINT ( 'NONE',  ( -19.23935222489148344, 4.999999999999997335, -0.1499999999999999667 ) ) ;
#3987 = CARTESIAN_POINT ( 'NONE',  ( -5.063517173121492236E-15, 8.800000000000000711, -80.99999999999998579 ) ) ;
#3988 = ORIENTED_EDGE ( 'NONE', *, *, #3266, .T. ) ;
#3989 = EDGE_LOOP ( 'NONE', ( #1094, #610, #1966, #3190 ) ) ;
#3990 = CC_DESIGN_SECURITY_CLASSIFICATION ( #4278, ( #1964 ) ) ;
#3991 = CARTESIAN_POINT ( 'NONE',  ( -34.94916343756472088, 5.634428877022473081, 1.000000000000000000 ) ) ;
#3992 = VERTEX_POINT ( 'NONE', #588 ) ;
#3993 = CC_DESIGN_SECURITY_CLASSIFICATION ( #542, ( #5946 ) ) ;
#3994 = ORIENTED_EDGE ( 'NONE', *, *, #1728, .F. ) ;
#3995 = VECTOR ( 'NONE', #4293, 1000.000000000000000 ) ;
#3996 = CARTESIAN_POINT ( 'NONE',  ( 193.9937004351406244, 0.9999999999999991118, -3.187452433093875825 ) ) ;
#3997 = COORDINATED_UNIVERSAL_TIME_OFFSET ( 7, 0, .AHEAD. ) ;
#3998 = CC_DESIGN_DATE_AND_TIME_ASSIGNMENT ( #5780, #1715, ( #4939 ) ) ;
#3999 = DIRECTION ( 'NONE',  ( -0.000000000000000000, -1.000000000000000000, 0.000000000000000000 ) ) ;
#4000 = ORIENTED_EDGE ( 'NONE', *, *, #212, .T. ) ;
#4001 = CARTESIAN_POINT ( 'NONE',  ( 9.999999999999998224, 11.00000000000000000, -78.00000000000000000 ) ) ;
#4002 = DIRECTION ( 'NONE',  ( -0.000000000000000000, 1.000000000000000000, -0.000000000000000000 ) ) ;
#4003 = DIRECTION ( 'NONE',  ( 0.000000000000000000, -2.312964634635742661E-15, -1.000000000000000000 ) ) ;
#4004 = ADVANCED_FACE ( 'NONE', ( #4222 ), #558, .F. ) ;
#4005 = PERSON_AND_ORGANIZATION ( #82, #1018 ) ;
#4006 = VERTEX_POINT ( 'NONE', #5207 ) ;
#4007 = DIRECTION ( 'NONE',  ( -0.000000000000000000, 1.000000000000000000, -0.000000000000000000 ) ) ;
#4008 = EDGE_CURVE ( 'NONE', #5458, #3253, #109, .T. ) ;
#4009 = LINE ( 'NONE', #4459, #5308 ) ;
#4010 = CARTESIAN_POINT ( 'NONE',  ( 41.84814247518369967, 0.9999999999999991118, -14.59901938359254103 ) ) ;
#4011 = CARTESIAN_POINT ( 'NONE',  ( -19.23935222489148344, 3.999999999999994671, 1.000000000000000000 ) ) ;
#4012 = PERSON ( 'NAUO-PER2', 'UNSPECIFIED', 'UNSPECIFIED', ('UNSPECIFIED'), ('UNSPECIFIED'), ('UNSPECIFIED') ) ;
#4013 = CIRCLE ( 'NONE', #1415, 5.719358714986383596 ) ;
#4014 = DIRECTION ( 'NONE',  ( -0.7537688442211051276, 0.000000000000000000, 0.6571396575170147525 ) ) ;
#4015 = ADVANCED_FACE ( 'NONE', ( #5688 ), #4718, .F. ) ;
#4016 = EDGE_CURVE ( 'NONE', #246, #679, #4253, .T. ) ;
#4017 = PLANE ( 'NONE',  #1654 ) ;
#4018 = VECTOR ( 'NONE', #2950, 1000.000000000000000 ) ;
#4019 = ORIENTED_EDGE ( 'NONE', *, *, #378, .T. ) ;
#4020 = ORIENTED_EDGE ( 'NONE', *, *, #2857, .F. ) ;
#4021 = LINE ( 'NONE', #2292, #167 ) ;
#4022 = SHAPE_REPRESENTATION_RELATIONSHIP ( 'NONE' , 'NONE' ,  #4979, #5739 ) ;
#4023 = ORIENTED_EDGE ( 'NONE', *, *, #652, .F. ) ;
#4024 = ORIENTED_EDGE ( 'NONE', *, *, #5197, .F. ) ;
#4025 = PLANE ( 'NONE',  #1846 ) ;
#4026 = PRODUCT ( 'Engsel Fmale', 'Engsel Fmale', '', ( #5236 ) ) ;
#4027 = EDGE_LOOP ( 'NONE', ( #4598, #2261, #5926, #3378, #2552, #96, #2072, #1638, #2373, #4658, #106, #5557, #3365, #3619, #5630, #4023, #2882, #3605, #2458, #5040, #3360, #4210, #3894, #2131, #5741, #76, #1, #1730, #1768, #1063, #394, #5073, #4540, #794, #445, #4720, #5880, #2572 ) ) ;
#4028 = PLANE ( 'NONE',  #1668 ) ;
#4029 = CARTESIAN_POINT ( 'NONE',  ( -34.94916343756472088, 4.365571122977521590, 1.000000000000000000 ) ) ;
#4030 = APPROVAL ( #3725, 'UNSPECIFIED' ) ;
#4031 = LINE ( 'NONE', #5353, #3843 ) ;
#4032 = SHAPE_DEFINITION_REPRESENTATION ( #3210, #4948 ) ;
#4033 = AXIS2_PLACEMENT_3D ( 'NONE', #3460, #5296, #4397 ) ;
#4034 = LINE ( 'NONE', #2170, #4103 ) ;
#4035 = DIRECTION ( 'NONE',  ( -0.000000000000000000, -0.000000000000000000, -1.000000000000000000 ) ) ;
#4036 = CARTESIAN_POINT ( 'NONE',  ( 196.7285922261393978, 8.800000000000000711, -68.51511626432004221 ) ) ;
#4037 = ADVANCED_FACE ( 'NONE', ( #3280 ), #142, .F. ) ;
#4038 = DIRECTION ( 'NONE',  ( -5.102127870520028008E-17, 0.000000000000000000, 1.000000000000000000 ) ) ;
#4039 = VECTOR ( 'NONE', #4800, 1000.000000000000000 ) ;
#4040 = ORIENTED_EDGE ( 'NONE', *, *, #4556, .T. ) ;
#4041 = LINE ( 'NONE', #1782, #3189 ) ;
#4042 = DIRECTION ( 'NONE',  ( 0.7071067811865484609, 0.000000000000000000, 0.7071067811865465735 ) ) ;
#4043 = AXIS2_PLACEMENT_3D ( 'NONE', #182, #2993, #4728 ) ;
#4044 = ORIENTED_EDGE ( 'NONE', *, *, #1509, .F. ) ;
#4045 = ORIENTED_EDGE ( 'NONE', *, *, #3895, .T. ) ;
#4046 = FACE_OUTER_BOUND ( 'NONE', #3686, .T. ) ;
#4047 = DIRECTION ( 'NONE',  ( 0.000000000000000000, 0.000000000000000000, 1.000000000000000000 ) ) ;
#4048 = CIRCLE ( 'NONE', #1933, 10.00000000000000355 ) ;
#4049 =( LENGTH_UNIT ( ) NAMED_UNIT ( * ) SI_UNIT ( .MILLI., .METRE. ) );
#4050 = ADVANCED_FACE ( 'NONE', ( #5118 ), #681, .T. ) ;
#4051 = EDGE_CURVE ( 'NONE', #5658, #4056, #1898, .T. ) ;
#4052 = ORIENTED_EDGE ( 'NONE', *, *, #3835, .T. ) ;
#4053 = ORIENTED_EDGE ( 'NONE', *, *, #2986, .T. ) ;
#4054 = PLANE ( 'NONE',  #66 ) ;
#4055 = APPROVAL_ROLE ( '' ) ;
#4056 = VERTEX_POINT ( 'NONE', #5565 ) ;
#4057 = CARTESIAN_POINT ( 'NONE',  ( 98.91842971327838541, 11.00000000000000000, -68.55350318302573953 ) ) ;
#4058 = CARTESIAN_POINT ( 'NONE',  ( -44.94916343756472088, 5.999999999999994671, 1.000000000000000000 ) ) ;
#4059 = AXIS2_PLACEMENT_3D ( 'NONE', #3407, #1156, #1569 ) ;
#4060 = DIRECTION ( 'NONE',  ( -0.000000000000000000, 1.000000000000000000, -0.000000000000000000 ) ) ;
#4061 = PERSON_AND_ORGANIZATION ( #82, #1018 ) ;
#4062 = VECTOR ( 'NONE', #5799, 1000.000000000000000 ) ;
#4063 = VECTOR ( 'NONE', #1472, 1000.000000000000000 ) ;
#4064 = DIRECTION ( 'NONE',  ( -1.000000000000000000, 0.000000000000000000, 0.000000000000000000 ) ) ;
#4065 = FACE_OUTER_BOUND ( 'NONE', #4786, .T. ) ;
#4066 = CARTESIAN_POINT ( 'NONE',  ( 196.8252214128434900, 4.500000000000000000, -69.92602476605814843 ) ) ;
#4067 = CARTESIAN_POINT ( 'NONE',  ( 36.98952055798031324, 11.00000000000000000, -17.61644497113593744 ) ) ;
#4068 = VECTOR ( 'NONE', #3105, 1000.000000000000000 ) ;
#4069 = ORIENTED_EDGE ( 'NONE', *, *, #674, .T. ) ;
#4070 = ADVANCED_FACE ( 'NONE', ( #1012 ), #4688, .F. ) ;
#4071 = PLANE ( 'NONE',  #3194 ) ;
#4072 = FACE_OUTER_BOUND ( 'NONE', #4976, .T. ) ;
#4073 = ORIENTED_EDGE ( 'NONE', *, *, #2485, .F. ) ;
#4074 = ORIENTED_EDGE ( 'NONE', *, *, #1692, .F. ) ;
#4075 = CARTESIAN_POINT ( 'NONE',  ( 98.91842971327839962, 0.9999999999999991118, -62.83414446803935505 ) ) ;
#4076 = CARTESIAN_POINT ( 'NONE',  ( 4.688441826964347996E-17, 6.500000000000000000, -2.000000000000000444 ) ) ;
#4077 = LOCAL_TIME ( 16, 32, 57.00000000000000000, #5243 ) ;
#4078 = EDGE_CURVE ( 'NONE', #1060, #4115, #3344, .T. ) ;
#4079 = ORIENTED_EDGE ( 'NONE', *, *, #1291, .T. ) ;
#4080 = ORIENTED_EDGE ( 'NONE', *, *, #4279, .T. ) ;
#4081 = APPROVAL_PERSON_ORGANIZATION ( #5110, #4030, #1129 ) ;
#4082 = EDGE_CURVE ( 'NONE', #1789, #2547, #174, .T. ) ;
#4083 = CARTESIAN_POINT ( 'NONE',  ( 204.7153205121115604, 11.00000000000000000, -60.85783660764542446 ) ) ;
#4084 = EDGE_CURVE ( 'NONE', #2511, #729, #2983, .T. ) ;
#4085 = PERSON ( 'NAUO-PER1', 'UNSPECIFIED', 'UNSPECIFIED', ('UNSPECIFIED'), ('UNSPECIFIED'), ('UNSPECIFIED') ) ;
#4086 = CC_DESIGN_SECURITY_CLASSIFICATION ( #5434, ( #5945 ) ) ;
#4087 = AXIS2_PLACEMENT_3D ( 'NONE', #1497, #3298, #4675 ) ;
#4088 = ORIENTED_EDGE ( 'NONE', *, *, #2609, .T. ) ;
#4089 = EDGE_CURVE ( 'NONE', #4894, #934, #1274, .T. ) ;
#4090 = DIRECTION ( 'NONE',  ( 0.000000000000000000, -1.000000000000000000, 0.000000000000000000 ) ) ;
#4091 = CARTESIAN_POINT ( 'NONE',  ( 173.0700579582542105, 0.9999999999999991118, -73.24436680701796831 ) ) ;
#4092 = FACE_OUTER_BOUND ( 'NONE', #3388, .T. ) ;
#4093 = APPROVAL_STATUS ( 'not_yet_approved' ) ;
#4094 = DIRECTION ( 'NONE',  ( -0.000000000000000000, 1.000000000000000000, -0.000000000000000000 ) ) ;
#4095 = DIRECTION ( 'NONE',  ( 0.000000000000000000, 0.000000000000000000, 1.000000000000000000 ) ) ;
#4096 = LINE ( 'NONE', #5935, #4833 ) ;
#4097 = PLANE ( 'NONE',  #3853 ) ;
#4098 = VERTEX_POINT ( 'NONE', #709 ) ;
#4099 = FACE_OUTER_BOUND ( 'NONE', #1343, .T. ) ;
#4100 = DIRECTION ( 'NONE',  ( 0.000000000000000000, 0.000000000000000000, 1.000000000000000000 ) ) ;
#4101 = VERTEX_POINT ( 'NONE', #3459 ) ;
#4102 = VERTEX_POINT ( 'NONE', #4868 ) ;
#4103 = VECTOR ( 'NONE', #324, 1000.000000000000000 ) ;
#4104 = FACE_OUTER_BOUND ( 'NONE', #3815, .T. ) ;
#4105 = DIRECTION ( 'NONE',  ( -0.000000000000000000, 1.000000000000000000, -0.000000000000000000 ) ) ;
#4106 = PRODUCT_DEFINITION ( 'UNKNOWN', '', #1964, #5177 ) ;
#4107 = CIRCLE ( 'NONE', #5067, 7.999999999999992895 ) ;
#4108 = ORIENTED_EDGE ( 'NONE', *, *, #5519, .F. ) ;
#4109 = DIRECTION ( 'NONE',  ( 0.000000000000000000, -1.000000000000000000, 0.000000000000000000 ) ) ;
#4110 = ORIENTED_EDGE ( 'NONE', *, *, #2123, .T. ) ;
#4111 = EDGE_CURVE ( 'NONE', #5549, #1437, #261, .T. ) ;
#4112 = DIRECTION ( 'NONE',  ( -0.000000000000000000, -0.000000000000000000, -1.000000000000000000 ) ) ;
#4113 = ADVANCED_FACE ( 'NONE', ( #5323 ), #5379, .F. ) ;
#4114 = PERSON_AND_ORGANIZATION ( #4790, #2734 ) ;
#4115 = VERTEX_POINT ( 'NONE', #290 ) ;
#4116 = CARTESIAN_POINT ( 'NONE',  ( 10.00000000000006395, 11.00000000000000000, -1.000000000000000888 ) ) ;
#4117 = LINE ( 'NONE', #2217, #2058 ) ;
#4118 = CARTESIAN_POINT ( 'NONE',  ( 131.2660539180809565, 6.500000000000000000, -55.89756598715694480 ) ) ;
#4119 = APPROVAL_ROLE ( '' ) ;
#4120 = EDGE_CURVE ( 'NONE', #5232, #5251, #1478, .T. ) ;
#4121 = ADVANCED_FACE ( 'NONE', ( #2527 ), #1187, .T. ) ;
#4122 = CARTESIAN_POINT ( 'NONE',  ( 2.000000000000000000, 6.500000000000000000, -10.00000000000005329 ) ) ;
#4123 = EDGE_LOOP ( 'NONE', ( #4518, #338, #159, #1915 ) ) ;
#4124 = DIRECTION ( 'NONE',  ( 0.000000000000000000, 0.000000000000000000, -1.000000000000000000 ) ) ;
#4125 = PLANE ( 'NONE',  #3404 ) ;
#4126 = CARTESIAN_POINT ( 'NONE',  ( 242.0000000000000000, 7.300000000000000711, 0.000000000000000000 ) ) ;
#4127 = B_SPLINE_SURFACE_WITH_KNOTS ( 'NONE', 3, 1, ( 
 ( #2601, #2034 ),
 ( #3874, #3474 ),
 ( #2482, #4410 ),
 ( #3032, #4437 ),
 ( #335, #3508 ) ),
 .UNSPECIFIED., .F., .F., .F.,
 ( 4, 1, 4 ),
 ( 2, 2 ),
 ( 0.000000000000000000, 0.8183646680142409036, 1.000000000000000000 ),
 ( 0.000000000000000000, 1.000000000000000000 ),
 .UNSPECIFIED. ) ;
#4128 = VERTEX_POINT ( 'NONE', #3014 ) ;
#4129 = AXIS2_PLACEMENT_3D ( 'NONE', #1136, #560, #2405 ) ;
#4130 = CARTESIAN_POINT ( 'NONE',  ( 82.25586395456976163, 11.00000000000000000, 82.25586395456953426 ) ) ;
#4131 = CARTESIAN_POINT ( 'NONE',  ( 21.96966101346790623, 0.9999999999999991118, -12.13248070758134567 ) ) ;
#4132 = ORIENTED_EDGE ( 'NONE', *, *, #5695, .F. ) ;
#4133 = VERTEX_POINT ( 'NONE', #4424 ) ;
#4134 = VECTOR ( 'NONE', #2204, 1000.000000000000000 ) ;
#4135 = CARTESIAN_POINT ( 'NONE',  ( 53.70054546530437278, 11.00000000000000000, -98.16812554636263144 ) ) ;
#4136 = CARTESIAN_POINT ( 'NONE',  ( 93.80621373527520745, 11.00000000000000000, -9.999999999999998224 ) ) ;
#4137 = CARTESIAN_POINT ( 'NONE',  ( -81.05896452975049726, 55.23142163305154639, 109.9778558737522758 ) ) ;
#4138 = VECTOR ( 'NONE', #412, 1000.000000000000000 ) ;
#4139 = ORIENTED_EDGE ( 'NONE', *, *, #2977, .T. ) ;
#4140 = FACE_OUTER_BOUND ( 'NONE', #5070, .T. ) ;
#4141 = VERTEX_POINT ( 'NONE', #4930 ) ;
#4142 = VECTOR ( 'NONE', #5456, 1000.000000000000000 ) ;
#4143 = CARTESIAN_POINT ( 'NONE',  ( 242.0000000000000000, 9.000000000000000000, -10.00000000000006928 ) ) ;
#4144 = EDGE_CURVE ( 'NONE', #3218, #5198, #826, .T. ) ;
#4145 = ORIENTED_EDGE ( 'NONE', *, *, #5893, .F. ) ;
#4146 = CARTESIAN_POINT ( 'NONE',  ( 0.000000000000000000, 4.500000000000000000, 0.000000000000000000 ) ) ;
#4147 = CARTESIAN_POINT ( 'NONE',  ( 20.78784006879870816, 8.800000000000000711, 23.84459072477439179 ) ) ;
#4148 = CARTESIAN_POINT ( 'NONE',  ( -34.94916343756472088, 5.999999999999995559, 1.000000000000000000 ) ) ;
#4149 = PERSON_AND_ORGANIZATION ( #82, #1018 ) ;
#4150 = CARTESIAN_POINT ( 'NONE',  ( 2.121320343559649046, 5.292893218813446765, 0.000000000000000000 ) ) ;
#4151 = AXIS2_PLACEMENT_3D ( 'NONE', #1366, #4693, #3677 ) ;
#4152 = ORIENTED_EDGE ( 'NONE', *, *, #1576, .F. ) ;
#4153 = VECTOR ( 'NONE', #2222, 1000.000000000000000 ) ;
#4154 = CARTESIAN_POINT ( 'NONE',  ( 157.2204887913150060, 11.00000000000000000, -37.16513068852106727 ) ) ;
#4155 = EDGE_CURVE ( 'NONE', #3424, #5549, #2559, .T. ) ;
#4156 = LINE ( 'NONE', #3668, #52 ) ;
#4157 = EDGE_CURVE ( 'NONE', #5007, #3140, #2049, .T. ) ;
#4158 = FACE_OUTER_BOUND ( 'NONE', #4634, .T. ) ;
#4159 = AXIS2_PLACEMENT_3D ( 'NONE', #5455, #1809, #3643 ) ;
#4160 = VERTEX_POINT ( 'NONE', #4810 ) ;
#4161 = VECTOR ( 'NONE', #4283, 1000.000000000000000 ) ;
#4162 = CYLINDRICAL_SURFACE ( 'NONE', #5698, 8.999999999999994671 ) ;
#4163 = CARTESIAN_POINT ( 'NONE',  ( 231.9999999999999716, 7.300000000000000711, -78.00000000000000000 ) ) ;
#4164 = ORIENTED_EDGE ( 'NONE', *, *, #3237, .T. ) ;
#4165 = ORIENTED_EDGE ( 'NONE', *, *, #3395, .F. ) ;
#4166 = EDGE_CURVE ( 'NONE', #3768, #3517, #4451, .T. ) ;
#4167 = AXIS2_PLACEMENT_3D ( 'NONE', #2893, #1450, #5660 ) ;
#4168 = CARTESIAN_POINT ( 'NONE',  ( 0.000000000000000000, 0.000000000000000000, 1.000000000000000000 ) ) ;
#4169 = LINE ( 'NONE', #4231, #3608 ) ;
#4170 = DIRECTION ( 'NONE',  ( 2.177427852328249801E-17, 0.9396926207859118696, -0.3420201433256591095 ) ) ;
#4171 = VECTOR ( 'NONE', #3499, 1000.000000000000000 ) ;
#4172 = VERTEX_POINT ( 'NONE', #1245 ) ;
#4173 = LINE ( 'NONE', #154, #4713 ) ;
#4174 = ORIENTED_EDGE ( 'NONE', *, *, #1539, .T. ) ;
#4175 = CARTESIAN_POINT ( 'NONE',  ( 53.48735500203281390, 7.300000000000000711, -61.35241009903946008 ) ) ;
#4176 = EDGE_LOOP ( 'NONE', ( #64, #1673, #85, #1185 ) ) ;
#4177 = APPROVAL_PERSON_ORGANIZATION ( #2219, #3550, #3577 ) ;
#4178 = ORIENTED_EDGE ( 'NONE', *, *, #1050, .F. ) ;
#4179 = VERTEX_POINT ( 'NONE', #348 ) ;
#4180 = CARTESIAN_POINT ( 'NONE',  ( 241.0000000000000000, 9.000000000000000000, -77.99999999999994316 ) ) ;
#4181 = CARTESIAN_POINT ( 'NONE',  ( 0.000000000000000000, 7.133974596215556296, -0.5000000000000000000 ) ) ;
#4182 = CARTESIAN_POINT ( 'NONE',  ( -35.56167830325389900, 11.00000000000000000, -45.87211261349919056 ) ) ;
#4183 = CC_DESIGN_SECURITY_CLASSIFICATION ( #3416, ( #5944 ) ) ;
#4184 = CC_DESIGN_PERSON_AND_ORGANIZATION_ASSIGNMENT ( #4005, #799, ( #4939 ) ) ;
#4185 = PERSON_AND_ORGANIZATION ( #82, #1018 ) ;
#4186 = DIRECTION ( 'NONE',  ( -0.000000000000000000, -1.000000000000000000, 0.000000000000000000 ) ) ;
#4188 = ORIENTED_EDGE ( 'NONE', *, *, #5225, .F. ) ;
#4187 = LOCAL_TIME ( 16, 32, 57.00000000000000000, #5044 ) ;
#4189 = CARTESIAN_POINT ( 'NONE',  ( 240.0000000000000000, 0.000000000000000000, -10.00000000000006395 ) ) ;
#4190 = FACE_OUTER_BOUND ( 'NONE', #2120, .T. ) ;
#4191 = EDGE_CURVE ( 'NONE', #5825, #532, #1600, .T. ) ;
#4192 = CARTESIAN_POINT ( 'NONE',  ( 2.000000000000000000, 6.500000000000000000, 0.000000000000000000 ) ) ;
#4193 = ADVANCED_FACE ( 'NONE', ( #2107 ), #3519, .F. ) ;
#4194 = ORIENTED_EDGE ( 'NONE', *, *, #524, .F. ) ;
#4195 = DIRECTION ( 'NONE',  ( 0.6571396575170154186, 0.000000000000000000, 0.7537688442211044615 ) ) ;
#4196 = CYLINDRICAL_SURFACE ( 'NONE', #34, 1.000000000000000000 ) ;
#4197 = VERTEX_POINT ( 'NONE', #1157 ) ;
#4198 = ORIENTED_EDGE ( 'NONE', *, *, #882, .T. ) ;
#4199 = DIRECTION ( 'NONE',  ( -0.6236204494652481944, 0.000000000000000000, 0.7817272766181067034 ) ) ;
#4200 = PLANE ( 'NONE',  #897 ) ;
#4201 = DIRECTION ( 'NONE',  ( 2.690530223759377762E-18, 0.9396926207859119806, -0.3420201433256593315 ) ) ;
#4202 = ADVANCED_FACE ( 'NONE', ( #3973 ), #1626, .F. ) ;
#4203 = EDGE_CURVE ( 'NONE', #4393, #3448, #3203, .T. ) ;
#4204 = ORIENTED_EDGE ( 'NONE', *, *, #3386, .F. ) ;
#4205 = DIRECTION ( 'NONE',  ( 0.5275811044404125072, 0.000000000000000000, -0.8495046664012120274 ) ) ;
#4206 = ORIENTED_EDGE ( 'NONE', *, *, #1115, .F. ) ;
#4207 = LINE ( 'NONE', #95, #1217 ) ;
#4208 = VECTOR ( 'NONE', #582, 1000.000000000000000 ) ;
#4209 = ORIENTED_EDGE ( 'NONE', *, *, #1077, .T. ) ;
#4210 = ORIENTED_EDGE ( 'NONE', *, *, #5742, .F. ) ;
#4211 = ORIENTED_EDGE ( 'NONE', *, *, #1902, .T. ) ;
#4212 = CARTESIAN_POINT ( 'NONE',  ( -34.94916343756472088, 5.999999999999995559, 1.000000000000000000 ) ) ;
#4213 = DIRECTION ( 'NONE',  ( 0.000000000000000000, 0.000000000000000000, -1.000000000000000000 ) ) ;
#4214 = LINE ( 'NONE', #1921, #1708 ) ;
#4215 = DIRECTION ( 'NONE',  ( 0.000000000000000000, 1.000000000000000000, -0.000000000000000000 ) ) ;
#4216 = CALENDAR_DATE ( 2024, 9, 7 ) ;
#4217 = CARTESIAN_POINT ( 'NONE',  ( 0.000000000000000000, 0.000000000000000000, 1.000000000000000000 ) ) ;
#4218 = ORIENTED_EDGE ( 'NONE', *, *, #56, .F. ) ;
#4219 = CC_DESIGN_PERSON_AND_ORGANIZATION_ASSIGNMENT ( #4185, #3819, ( #5910 ) ) ;
#4220 = ORIENTED_EDGE ( 'NONE', *, *, #4987, .F. ) ;
#4221 = DIRECTION ( 'NONE',  ( 0.000000000000000000, 0.000000000000000000, -1.000000000000000000 ) ) ;
#4222 = FACE_OUTER_BOUND ( 'NONE', #1427, .T. ) ;
#4223 = CARTESIAN_POINT ( 'NONE',  ( 35.31768372440127735, 4.500000000000000000, -58.61949210274161715 ) ) ;
#4224 = EDGE_LOOP ( 'NONE', ( #1107, #4079, #1248, #2095 ) ) ;
#4225 = DIRECTION ( 'NONE',  ( 0.000000000000000000, -0.000000000000000000, -1.000000000000000000 ) ) ;
#4226 = ADVANCED_FACE ( 'NONE', ( #3945 ), #2166, .F. ) ;
#4227 = DIRECTION ( 'NONE',  ( 0.000000000000000000, 0.000000000000000000, 1.000000000000000000 ) ) ;
#4228 = VERTEX_POINT ( 'NONE', #4029 ) ;
#4229 = VERTEX_POINT ( 'NONE', #3242 ) ;
#4230 = PLANE ( 'NONE',  #2595 ) ;
#4231 = CARTESIAN_POINT ( 'NONE',  ( 12.21813540037235768, 0.9999999999999991118, -82.91270803220116647 ) ) ;
#4232 = AXIS2_PLACEMENT_3D ( 'NONE', #42, #2339, #944 ) ;
#4233 = VERTEX_POINT ( 'NONE', #1857 ) ;
#4234 = DIRECTION ( 'NONE',  ( 0.000000000000000000, 0.000000000000000000, -1.000000000000000000 ) ) ;
#4235 = VECTOR ( 'NONE', #118, 1000.000000000000000 ) ;
#4236 = ORIENTED_EDGE ( 'NONE', *, *, #120, .F. ) ;
#4237 = EDGE_CURVE ( 'NONE', #998, #5740, #3693, .T. ) ;
#4238 = CARTESIAN_POINT ( 'NONE',  ( 121.0000000000000000, 7.300000000000000711, -46.27423265382377338 ) ) ;
#4239 = AXIS2_PLACEMENT_3D ( 'NONE', #1140, #4696, #210 ) ;
#4240 = ORIENTED_EDGE ( 'NONE', *, *, #1466, .T. ) ;
#4241 = ORIENTED_EDGE ( 'NONE', *, *, #3130, .T. ) ;
#4242 = ORIENTED_EDGE ( 'NONE', *, *, #2341, .F. ) ;
#4243 = DIRECTION ( 'NONE',  ( 0.000000000000000000, 0.000000000000000000, 1.000000000000000000 ) ) ;
#4244 = VECTOR ( 'NONE', #5208, 1000.000000000000000 ) ;
#4245 = DIRECTION ( 'NONE',  ( -1.000000000000000000, -1.519072532666662927E-16, 0.000000000000000000 ) ) ;
#4246 = CARTESIAN_POINT ( 'NONE',  ( 0.000000000000000000, 0.000000000000000000, 0.000000000000000000 ) ) ;
#4247 = PERSON_AND_ORGANIZATION ( #82, #1018 ) ;
#4248 = VECTOR ( 'NONE', #124, 1000.000000000000000 ) ;
#4249 = CARTESIAN_POINT ( 'NONE',  ( 45.17477858715649575, 6.500000000000000000, -69.92602476605820527 ) ) ;
#4250 = ORIENTED_EDGE ( 'NONE', *, *, #2266, .T. ) ;
#4251 = ORIENTED_EDGE ( 'NONE', *, *, #2273, .F. ) ;
#4252 = CARTESIAN_POINT ( 'NONE',  ( 10.00000000000007105, 11.00000000000000000, 0.000000000000000000 ) ) ;
#4253 = LINE ( 'NONE', #5600, #342 ) ;
#4254 = CARTESIAN_POINT ( 'NONE',  ( 10.00000000000002132, 7.300000000000000711, -7.000000000000000000 ) ) ;
#4255 = VERTEX_POINT ( 'NONE', #3574 ) ;
#4256 = VECTOR ( 'NONE', #2996, 999.9999999999998863 ) ;
#4257 = DIRECTION ( 'NONE',  ( -0.000000000000000000, 1.000000000000000000, -0.000000000000000000 ) ) ;
#4258 = DIRECTION ( 'NONE',  ( 0.000000000000000000, 0.000000000000000000, 1.000000000000000000 ) ) ;
#4259 = EDGE_LOOP ( 'NONE', ( #2067, #4436, #5544, #5185 ) ) ;
#4260 = ORIENTED_EDGE ( 'NONE', *, *, #3484, .F. ) ;
#4261 = DIRECTION ( 'NONE',  ( -0.000000000000000000, 1.000000000000000000, -0.000000000000000000 ) ) ;
#4262 = CARTESIAN_POINT ( 'NONE',  ( 200.6726770119085757, 11.00000000000000000, -62.53144475679641090 ) ) ;
#4263 = AXIS2_PLACEMENT_3D ( 'NONE', #3219, #4095, #5021 ) ;
#4264 = CC_DESIGN_PERSON_AND_ORGANIZATION_ASSIGNMENT ( #2930, #1430, ( #1298 ) ) ;
#4265 = VECTOR ( 'NONE', #4359, 1000.000000000000000 ) ;
#4266 = VERTEX_POINT ( 'NONE', #4502 ) ;
#4267 = DIRECTION ( 'NONE',  ( 0.000000000000000000, -0.000000000000000000, -1.000000000000000000 ) ) ;
#4268 = VERTEX_POINT ( 'NONE', #4091 ) ;
#4269 = CARTESIAN_POINT ( 'NONE',  ( 0.000000000000000000, 0.9999999999999991118, -6.413121992594955856 ) ) ;
#4270 = EDGE_CURVE ( 'NONE', #384, #3565, #5900, .T. ) ;
#4271 = ORIENTED_EDGE ( 'NONE', *, *, #3904, .F. ) ;
#4272 = EDGE_CURVE ( 'NONE', #2686, #5493, #3213, .T. ) ;
#4273 = ORIENTED_EDGE ( 'NONE', *, *, #3317, .F. ) ;
#4274 = ORIENTED_EDGE ( 'NONE', *, *, #3338, .F. ) ;
#4275 = DIRECTION ( 'NONE',  ( 0.000000000000000000, -0.000000000000000000, -1.000000000000000000 ) ) ;
#4276 = LINE ( 'NONE', #2855, #4018 ) ;
#4277 = PERSON_AND_ORGANIZATION ( #82, #1018 ) ;
#4278 = SECURITY_CLASSIFICATION ( '', '', #2137 ) ;
#4279 = EDGE_CURVE ( 'NONE', #1876, #1093, #5077, .T. ) ;
#4280 = DIRECTION ( 'NONE',  ( 0.000000000000000000, 1.000000000000000000, -0.000000000000000000 ) ) ;
#4281 = ORIENTED_EDGE ( 'NONE', *, *, #4925, .T. ) ;
#4282 = ORIENTED_EDGE ( 'NONE', *, *, #5400, .F. ) ;
#4283 = DIRECTION ( 'NONE',  ( -0.000000000000000000, -0.000000000000000000, -1.000000000000000000 ) ) ;
#4284 = LOCAL_TIME ( 16, 32, 57.00000000000000000, #2490 ) ;
#4285 = DIRECTION ( 'NONE',  ( 1.000000000000000000, -0.000000000000000000, -0.000000000000000000 ) ) ;
#4286 = DIRECTION ( 'NONE',  ( -1.000000000000000000, -1.290644514907879663E-16, 0.000000000000000000 ) ) ;
#4287 = EDGE_LOOP ( 'NONE', ( #5085, #4949, #576, #4709 ) ) ;
#4288 = DIRECTION ( 'NONE',  ( 1.000000000000000000, 8.673617379884020681E-16, -0.000000000000000000 ) ) ;
#4289 = DIRECTION ( 'NONE',  ( -0.000000000000000000, 1.000000000000000000, -0.000000000000000000 ) ) ;
#4290 = VERTEX_POINT ( 'NONE', #3631 ) ;
#4291 = VERTEX_POINT ( 'NONE', #880 ) ;
#4292 = CYLINDRICAL_SURFACE ( 'NONE', #2888, 1.000000000000000000 ) ;
#4293 = DIRECTION ( 'NONE',  ( -1.000000000000000000, -1.734723475976806848E-16, 0.000000000000000000 ) ) ;
#4294 = ORIENTED_EDGE ( 'NONE', *, *, #2974, .F. ) ;
#4295 = PLANE ( 'NONE',  #2507 ) ;
#4296 = ORIENTED_EDGE ( 'NONE', *, *, #3826, .T. ) ;
#4297 = LINE ( 'NONE', #4645, #358 ) ;
#4298 = CARTESIAN_POINT ( 'NONE',  ( 15.72231677613771694, 0.9999999999999991118, -78.39255571215377927 ) ) ;
#4299 = EDGE_LOOP ( 'NONE', ( #3347, #3618, #5417, #2713 ) ) ;
#4300 = ORIENTED_EDGE ( 'NONE', *, *, #4157, .T. ) ;
#4301 = VERTEX_POINT ( 'NONE', #4477 ) ;
#4302 = EDGE_CURVE ( 'NONE', #4141, #984, #4117, .T. ) ;
#4303 = DIRECTION ( 'NONE',  ( -0.000000000000000000, 1.000000000000000000, -0.000000000000000000 ) ) ;
#4304 = CARTESIAN_POINT ( 'NONE',  ( 204.1825766112768861, 11.00000000000000000, -31.58245403932741979 ) ) ;
#4305 = VECTOR ( 'NONE', #654, 1000.000000000000000 ) ;
#4306 = PERSON_AND_ORGANIZATION ( #82, #1018 ) ;
#4307 = AXIS2_PLACEMENT_3D ( 'NONE', #5625, #5592, #2463 ) ;
#4308 = LINE ( 'NONE', #199, #2094 ) ;
#4309 = ORIENTED_EDGE ( 'NONE', *, *, #1833, .F. ) ;
#4310 = CARTESIAN_POINT ( 'NONE',  ( 0.000000000000000000, 0.9999999999999991118, -72.83414446803934084 ) ) ;
#4311 = LINE ( 'NONE', #1537, #816 ) ;
#4312 = LINE ( 'NONE', #2439, #4244 ) ;
#4313 = ADVANCED_FACE ( 'NONE', ( #4982 ), #1301, .F. ) ;
#4314 = EDGE_CURVE ( 'NONE', #3731, #3814, #3887, .T. ) ;
#4315 = DIRECTION ( 'NONE',  ( 1.000000000000000000, -4.614606215888349329E-17, -6.312153242153408720E-17 ) ) ;
#4316 = EDGE_LOOP ( 'NONE', ( #3323, #4194, #396, #3425 ) ) ;
#4317 = LINE ( 'NONE', #4815, #5398 ) ;
#4318 = VERTEX_POINT ( 'NONE', #2670 ) ;
#4319 = ADVANCED_FACE ( 'NONE', ( #1327 ), #1827, .T. ) ;
#4320 = CYLINDRICAL_SURFACE ( 'NONE', #5477, 0.7500000000000002220 ) ;
#4321 = PLANE ( 'NONE',  #5500 ) ;
#4322 = CARTESIAN_POINT ( 'NONE',  ( 15.69948537651093545, 11.00000000000000000, -11.09491294037412423 ) ) ;
#4323 = ORIENTED_EDGE ( 'NONE', *, *, #2206, .F. ) ;
#4324 = FACE_OUTER_BOUND ( 'NONE', #310, .T. ) ;
#4325 = DIRECTION ( 'NONE',  ( -0.000000000000000000, 1.000000000000000000, -0.000000000000000000 ) ) ;
#4326 = VECTOR ( 'NONE', #1892, 1000.000000000000000 ) ;
#4327 = ORIENTED_EDGE ( 'NONE', *, *, #1227, .F. ) ;
#4328 = ORIENTED_EDGE ( 'NONE', *, *, #1084, .T. ) ;
#4329 = PLANE ( 'NONE',  #972 ) ;
#4330 = DIRECTION ( 'NONE',  ( 1.000000000000000000, 1.734723475976806848E-16, 0.000000000000000000 ) ) ;
#4331 = VECTOR ( 'NONE', #4746, 1000.000000000000000 ) ;
#4332 = EDGE_CURVE ( 'NONE', #3227, #984, #1262, .T. ) ;
#4333 = CIRCLE ( 'NONE', #3081, 5.719358714986393366 ) ;
#4334 = LINE ( 'NONE', #227, #4305 ) ;
#4335 = ORIENTED_EDGE ( 'NONE', *, *, #209, .F. ) ;
#4336 = PLANE ( 'NONE',  #4059 ) ;
#4337 = DIRECTION ( 'NONE',  ( 0.000000000000000000, 0.000000000000000000, 1.000000000000000000 ) ) ;
#4338 = AXIS2_PLACEMENT_3D ( 'NONE', #2480, #5788, #3927 ) ;
#4339 = LINE ( 'NONE', #5601, #2779 ) ;
#4340 = APPLICATION_PROTOCOL_DEFINITION ( 'international standard', 'config_control_design', 1994, #2497 ) ;
#4341 = ORIENTED_EDGE ( 'NONE', *, *, #4166, .F. ) ;
#4342 = EDGE_CURVE ( 'NONE', #1558, #3144, #2188, .T. ) ;
#4343 = CARTESIAN_POINT ( 'NONE',  ( 156.0000000000000000, 6.500000000000000000, -34.33438122311710572 ) ) ;
#4344 = CARTESIAN_POINT ( 'NONE',  ( -50.00000000000000000, 5.999999999999993783, 1.000000000000000000 ) ) ;
#4345 = B_SPLINE_CURVE_WITH_KNOTS ( 'NONE', 3,
 ( #4767, #1671, #2093, #666, #185 ),
 .UNSPECIFIED., .F., .F.,
 ( 4, 1, 4 ),
 ( 0.000000000000000000, 0.8183646680142409036, 1.000000000000000000 ),
 .UNSPECIFIED. ) ;
#4346 = LINE ( 'NONE', #1166, #5405 ) ;
#4347 = CARTESIAN_POINT ( 'NONE',  ( 185.1066228235450524, 0.9999999999999991118, -22.96393086223018543 ) ) ;
#4348 = EDGE_LOOP ( 'NONE', ( #3871, #1335, #5692, #1567 ) ) ;
#4349 = CIRCLE ( 'NONE', #1747, 5.719358714986383596 ) ;
#4350 = CIRCLE ( 'NONE', #3482, 0.7500000000000002220 ) ;
#4351 = DIRECTION ( 'NONE',  ( -0.000000000000000000, 1.000000000000000000, -0.000000000000000000 ) ) ;
#4352 = CARTESIAN_POINT ( 'NONE',  ( -44.94916343756472088, 3.999999999999994671, 1.000000000000000000 ) ) ;
#4353 = ORIENTED_EDGE ( 'NONE', *, *, #3604, .F. ) ;
#4354 = AXIS2_PLACEMENT_3D ( 'NONE', #4921, #2638, #5287 ) ;
#4355 = AXIS2_PLACEMENT_3D ( 'NONE', #5466, #3269, #71 ) ;
#4356 = ORIENTED_EDGE ( 'NONE', *, *, #4089, .F. ) ;
#4357 = ORIENTED_EDGE ( 'NONE', *, *, #2725, .F. ) ;
#4358 = DIRECTION ( 'NONE',  ( -0.000000000000000000, 1.000000000000000000, -0.000000000000000000 ) ) ;
#4359 = DIRECTION ( 'NONE',  ( -1.000000000000000000, -8.673617379884034239E-17, -0.000000000000000000 ) ) ;
#4360 = VECTOR ( 'NONE', #2644, 1000.000000000000000 ) ;
#4361 = CALENDAR_DATE ( 2024, 9, 7 ) ;
#4362 = CARTESIAN_POINT ( 'NONE',  ( -50.00000000000000000, 5.999999999999993783, 1.000000000000000000 ) ) ;
#4363 = ORIENTED_EDGE ( 'NONE', *, *, #1320, .T. ) ;
#4364 = DIRECTION ( 'NONE',  ( 8.673617379884020681E-16, -1.000000000000000000, 0.000000000000000000 ) ) ;
#4365 = DIRECTION ( 'NONE',  ( -1.000000000000000000, -8.673617379884020681E-16, 0.000000000000000000 ) ) ;
#4366 = CC_DESIGN_PERSON_AND_ORGANIZATION_ASSIGNMENT ( #4986, #971, ( #5138 ) ) ;
#4367 = FACE_OUTER_BOUND ( 'NONE', #1147, .T. ) ;
#4368 = APPROVAL_PERSON_ORGANIZATION ( #2308, #991, #5902 ) ;
#4369 = CALENDAR_DATE ( 2024, 9, 7 ) ;
#4370 = ORIENTED_EDGE ( 'NONE', *, *, #3732, .F. ) ;
#4371 = LOCAL_TIME ( 16, 32, 57.00000000000000000, #856 ) ;
#4372 = EDGE_CURVE ( 'NONE', #4301, #3688, #1352, .T. ) ;
#4373 = DIRECTION ( 'NONE',  ( 0.6571396575170138643, 0.000000000000000000, -0.7537688442211059048 ) ) ;
#4374 = DIRECTION ( 'NONE',  ( 0.000000000000000000, 0.000000000000000000, -1.000000000000000000 ) ) ;
#4375 = EDGE_CURVE ( 'NONE', #5458, #4552, #943, .T. ) ;
#4376 = DIRECTION ( 'NONE',  ( -0.000000000000000000, -0.000000000000000000, -1.000000000000000000 ) ) ;
#4377 = DIRECTION ( 'NONE',  ( 0.000000000000000000, -1.000000000000000000, 0.000000000000000000 ) ) ;
#4378 = FACE_OUTER_BOUND ( 'NONE', #5534, .T. ) ;
#4379 = EDGE_CURVE ( 'NONE', #3565, #1603, #1634, .T. ) ;
#4380 = CARTESIAN_POINT ( 'NONE',  ( 0.000000000000000000, 7.300000000000000711, 0.000000000000000000 ) ) ;
#4381 = ORIENTED_EDGE ( 'NONE', *, *, #4745, .F. ) ;
#4382 = LINE ( 'NONE', #2969, #2253 ) ;
#4383 = CARTESIAN_POINT ( 'NONE',  ( 121.0000000000000000, 6.500000000000000000, -44.94756598715710538 ) ) ;
#4384 = ORIENTED_EDGE ( 'NONE', *, *, #3395, .T. ) ;
#4385 = ADVANCED_FACE ( 'NONE', ( #4559 ), #2278, .T. ) ;
#4386 = EDGE_CURVE ( 'NONE', #2046, #68, #2305, .T. ) ;
#4387 = ORIENTED_EDGE ( 'NONE', *, *, #5220, .T. ) ;
#4388 = ORIENTED_EDGE ( 'NONE', *, *, #4541, .F. ) ;
#4389 = LINE ( 'NONE', #2689, #4134 ) ;
#4390 = CARTESIAN_POINT ( 'NONE',  ( -19.23935222489148344, 5.292893218813446765, 0.000000000000000000 ) ) ;
#4391 = APPROVAL_ROLE ( '' ) ;
#4392 = DIRECTION ( 'NONE',  ( -0.000000000000000000, -1.000000000000000000, -0.000000000000000000 ) ) ;
#4393 = VERTEX_POINT ( 'NONE', #5624 ) ;
#4394 = DIRECTION ( 'NONE',  ( 0.7537688442211062378, 0.000000000000000000, -0.6571396575170133092 ) ) ;
#4395 = AXIS2_PLACEMENT_3D ( 'NONE', #3854, #2859, #1566 ) ;
#4396 = DIRECTION ( 'NONE',  ( -0.000000000000000000, 0.000000000000000000, -1.000000000000000000 ) ) ;
#4397 = DIRECTION ( 'NONE',  ( 0.000000000000000000, 0.000000000000000000, 1.000000000000000000 ) ) ;
#4398 = PERSON_AND_ORGANIZATION_ROLE ( 'creator' ) ;
#4399 = VERTEX_POINT ( 'NONE', #5682 ) ;
#4400 = VECTOR ( 'NONE', #635, 1000.000000000000000 ) ;
#4401 = CARTESIAN_POINT ( 'NONE',  ( 187.5837722402914380, 11.00000000000000000, -73.24436680701796831 ) ) ;
#4402 = DIRECTION ( 'NONE',  ( 0.000000000000000000, 1.000000000000000000, -0.000000000000000000 ) ) ;
#4403 = CARTESIAN_POINT ( 'NONE',  ( -29.23935222489148700, 5.999999999999996447, -0.5000000000000000000 ) ) ;
#4404 = LINE ( 'NONE', #2089, #1173 ) ;
#4405 = EDGE_CURVE ( 'NONE', #1854, #2312, #2883, .T. ) ;
#4406 = CARTESIAN_POINT ( 'NONE',  ( 31.70977010537658103, 0.9999999999999991118, -9.115055120037954595 ) ) ;
#4407 = DIRECTION ( 'NONE',  ( 1.000000000000000000, -0.000000000000000000, 0.000000000000000000 ) ) ;
#4408 = EDGE_LOOP ( 'NONE', ( #2363, #2260, #492, #265, #1026, #5046, #2851, #4188 ) ) ;
#4409 = ORIENTED_EDGE ( 'NONE', *, *, #511, .F. ) ;
#4410 = CARTESIAN_POINT ( 'NONE',  ( 193.9937004351406813, 11.00000000000000000, -16.81254756690611885 ) ) ;
#4411 = LINE ( 'NONE', #2911, #2826 ) ;
#4412 = ORIENTED_EDGE ( 'NONE', *, *, #352, .T. ) ;
#4413 = VERTEX_POINT ( 'NONE', #4710 ) ;
#4414 = ADVANCED_FACE ( 'NONE', ( #5653 ), #2338, .T. ) ;
#4415 = EDGE_CURVE ( 'NONE', #3629, #5766, #2462, .T. ) ;
#4416 = DIRECTION ( 'NONE',  ( 0.000000000000000000, 1.000000000000000000, 0.000000000000000000 ) ) ;
#4417 = ITEM_DEFINED_TRANSFORMATION ( 'NONE', 'NONE', #2636,  #1119 ) ;
#4418 = VECTOR ( 'NONE', #4325, 1000.000000000000000 ) ;
#4419 = FACE_OUTER_BOUND ( 'NONE', #4883, .T. ) ;
#4420 = ORIENTED_EDGE ( 'NONE', *, *, #4203, .T. ) ;
#4421 = ADVANCED_FACE ( 'NONE', ( #1891 ), #195, .F. ) ;
#4422 = DIRECTION ( 'NONE',  ( 0.000000000000000000, 0.000000000000000000, 1.000000000000000000 ) ) ;
#4423 = VECTOR ( 'NONE', #899, 1000.000000000000000 ) ;
#4424 = CARTESIAN_POINT ( 'NONE',  ( 191.6264157404944228, 11.00000000000000000, -71.57075865786698898 ) ) ;
#4425 = CARTESIAN_POINT ( 'NONE',  ( 0.000000000000000000, 0.000000000000000000, -10.00000000000007105 ) ) ;
#4426 = PERSON_AND_ORGANIZATION_ROLE ( 'design_supplier' ) ;
#4427 = ORIENTED_EDGE ( 'NONE', *, *, #4488, .F. ) ;
#4428 = AXIS2_PLACEMENT_3D ( 'NONE', #1807, #3281, #80 ) ;
#4429 = CARTESIAN_POINT ( 'NONE',  ( -44.94916343756472088, 4.999999999999994671, -0.5000000000000000000 ) ) ;
#4430 = LINE ( 'NONE', #2676, #4153 ) ;
#4431 = CARTESIAN_POINT ( 'NONE',  ( 19.76496027634069819, 0.9999999999999991118, -82.43830627798917021 ) ) ;
#4432 = LINE ( 'NONE', #750, #1081 ) ;
#4433 = CARTESIAN_POINT ( 'NONE',  ( 86.00000000000000000, 4.500000000000000000, -34.33438122311711282 ) ) ;
#4434 = CARTESIAN_POINT ( 'NONE',  ( -50.00000000000000000, 11.99999999999999467, 1.000000000000000000 ) ) ;
#4435 = EDGE_LOOP ( 'NONE', ( #5461, #1629, #4000, #4300, #672, #620, #1617, #5038, #5115, #5281, #2070 ) ) ;
#4436 = ORIENTED_EDGE ( 'NONE', *, *, #2230, .F. ) ;
#4437 = CARTESIAN_POINT ( 'NONE',  ( 228.1435304185186510, 11.00000000000000000, -12.84634009807924215 ) ) ;
#4438 = ADVANCED_FACE ( 'NONE', ( #2918, #548, #5591, #3334 ), #2429, .F. ) ;
#4439 = VERTEX_POINT ( 'NONE', #5107 ) ;
#4440 = VERTEX_POINT ( 'NONE', #2822 ) ;
#4441 = VECTOR ( 'NONE', #4195, 1000.000000000000227 ) ;
#4442 = CARTESIAN_POINT ( 'NONE',  ( 1.000000000000004441, 11.00000000000000000, -77.99999999999992895 ) ) ;
#4443 = CIRCLE ( 'NONE', #3967, 9.999999999999994671 ) ;
#4444 = DATE_TIME_ROLE ( 'classification_date' ) ;
#4445 = EDGE_CURVE ( 'NONE', #1781, #1057, #3400, .T. ) ;
#4446 = AXIS2_PLACEMENT_3D ( 'NONE', #5305, #3900, #2570 ) ;
#4447 = CARTESIAN_POINT ( 'NONE',  ( 231.9999999999999716, 0.000000000000000000, -78.00000000000000000 ) ) ;
#4448 = ORIENTED_EDGE ( 'NONE', *, *, #1791, .T. ) ;
#4449 = VECTOR ( 'NONE', #656, 1000.000000000000000 ) ;
#4450 = DIRECTION ( 'NONE',  ( 0.000000000000000000, 1.000000000000000000, -0.000000000000000000 ) ) ;
#4451 = LINE ( 'NONE', #5724, #2720 ) ;
#4452 = CARTESIAN_POINT ( 'NONE',  ( 156.0000000000000000, 6.500000000000000000, -34.33438122311710572 ) ) ;
#4453 = APPROVAL_DATE_TIME ( #5841, #1250 ) ;
#4454 = ORIENTED_EDGE ( 'NONE', *, *, #3640, .F. ) ;
#4455 = EDGE_CURVE ( 'NONE', #3992, #1319, #1951, .T. ) ;
#4456 = AXIS2_PLACEMENT_3D ( 'NONE', #3134, #5178, #2469 ) ;
#4457 = ADVANCED_FACE ( 'NONE', ( #5233 ), #1065, .T. ) ;
#4458 = CARTESIAN_POINT ( 'NONE',  ( -2.518975483118307324, 4.999999999999997335, -0.1499999999999999667 ) ) ;
#4459 = CARTESIAN_POINT ( 'NONE',  ( -44.94916343756472088, 5.999999999999994671, 1.000000000000000000 ) ) ;
#4460 = CARTESIAN_POINT ( 'NONE',  ( 32.39949558450449985, 0.9999999999999991118, -77.89876345841102534 ) ) ;
#4461 = CARTESIAN_POINT ( 'NONE',  ( 83.90884271474560308, 0.9999999999999991118, -20.31837809857893262 ) ) ;
#4462 = DIRECTION ( 'NONE',  ( -0.000000000000000000, 1.000000000000000000, -0.000000000000000000 ) ) ;
#4463 = CARTESIAN_POINT ( 'NONE',  ( 241.0000000000000000, 9.000000000000000000, 0.000000000000000000 ) ) ;
#4464 = ORIENTED_EDGE ( 'NONE', *, *, #4484, .T. ) ;
#4465 = ORIENTED_EDGE ( 'NONE', *, *, #924, .T. ) ;
#4466 = CC_DESIGN_APPROVAL ( #3330, ( #3416 ) ) ;
#4467 = CARTESIAN_POINT ( 'NONE',  ( -2.518975483118307324, 6.000000000000000000, 1.000000000000000000 ) ) ;
#4468 = EDGE_LOOP ( 'NONE', ( #502, #5365 ) ) ;
#4469 = CC_DESIGN_PERSON_AND_ORGANIZATION_ASSIGNMENT ( #1679, #2978, ( #3416 ) ) ;
#4470 = VERTEX_POINT ( 'NONE', #1473 ) ;
#4471 = AXIS2_PLACEMENT_3D ( 'NONE', #1814, #392, #1844 ) ;
#4472 = DIRECTION ( 'NONE',  ( 0.000000000000000000, 0.000000000000000000, 1.000000000000000000 ) ) ;
#4473 = PERSON_AND_ORGANIZATION_ROLE ( 'classification_officer' ) ;
#4474 = EDGE_CURVE ( 'NONE', #4752, #5344, #72, .T. ) ;
#4475 = VERTEX_POINT ( 'NONE', #5143 ) ;
#4476 = DIRECTION ( 'NONE',  ( -0.000000000000000000, -1.000000000000000000, 0.000000000000000000 ) ) ;
#4477 = CARTESIAN_POINT ( 'NONE',  ( 81.65530379950148188, 11.00000000000000000, -71.47772669726451511 ) ) ;
#4478 = DIRECTION ( 'NONE',  ( 0.7537688442211061268, 0.000000000000000000, -0.6571396575170135312 ) ) ;
#4479 = APPROVAL_ROLE ( '' ) ;
#4480 = CARTESIAN_POINT ( 'NONE',  ( 9.999999999999998224, 8.800000000000000711, -9.999999999999998224 ) ) ;
#4481 = DIRECTION ( 'NONE',  ( -1.000000000000000000, 0.000000000000000000, -0.000000000000000000 ) ) ;
#4482 = EDGE_CURVE ( 'NONE', #5675, #1324, #5170, .T. ) ;
#4483 = CARTESIAN_POINT ( 'NONE',  ( -44.94916343756472088, 5.999999999999994671, -0.5000000000000000000 ) ) ;
#4484 = EDGE_CURVE ( 'NONE', #544, #2550, #4650, .T. ) ;
#4485 = DIRECTION ( 'NONE',  ( 1.000000000000000000, 0.000000000000000000, 0.000000000000000000 ) ) ;
#4486 = AXIS2_PLACEMENT_3D ( 'NONE', #5533, #4094, #916 ) ;
#4487 = ORIENTED_EDGE ( 'NONE', *, *, #3683, .T. ) ;
#4488 = EDGE_CURVE ( 'NONE', #4101, #5909, #1920, .T. ) ;
#4489 = CARTESIAN_POINT ( 'NONE',  ( -2.518975483118307324, 3.999999999999994671, 1.000000000000000000 ) ) ;
#4490 = CARTESIAN_POINT ( 'NONE',  ( 88.37982142701400790, 11.00000000000000000, -22.47102776107254840 ) ) ;
#4491 = VERTEX_POINT ( 'NONE', #5201 ) ;
#4492 = ORIENTED_EDGE ( 'NONE', *, *, #2748, .T. ) ;
#4493 = DIRECTION ( 'NONE',  ( 0.000000000000000000, 0.000000000000000000, 1.000000000000000000 ) ) ;
#4494 = CARTESIAN_POINT ( 'NONE',  ( 93.80621373527520745, 0.9999999999999991118, -9.999999999999998224 ) ) ;
#4495 = ORIENTED_EDGE ( 'NONE', *, *, #788, .T. ) ;
#4496 = ORIENTED_EDGE ( 'NONE', *, *, #2317, .F. ) ;
#4497 = CARTESIAN_POINT ( 'NONE',  ( 242.0000000000000000, 8.800000000000000711, -77.99999999999992895 ) ) ;
#4498 = PRODUCT_DEFINITION_SHAPE ( 'NONE', 'NONE',  #4106 ) ;
#4499 = ORIENTED_EDGE ( 'NONE', *, *, #4155, .F. ) ;
#4500 = PERSON ( 'NAUO-PER4', 'UNSPECIFIED', 'UNSPECIFIED', ('UNSPECIFIED'), ('UNSPECIFIED'), ('UNSPECIFIED') ) ;
#4501 = FACE_OUTER_BOUND ( 'NONE', #26, .T. ) ;
#4502 = CARTESIAN_POINT ( 'NONE',  ( -19.23935222489148344, 3.999999999999994671, 1.000000000000000000 ) ) ;
#4503 = VECTOR ( 'NONE', #5690, 1000.000000000000000 ) ;
#4504 = CARTESIAN_POINT ( 'NONE',  ( 175.4590705723932160, 0.9999999999999991118, -24.21231086494826812 ) ) ;
#4505 = EDGE_CURVE ( 'NONE', #1932, #555, #3755, .T. ) ;
#4506 = DATE_AND_TIME ( #5930, #736 ) ;
#4507 = VECTOR ( 'NONE', #282, 1000.000000000000000 ) ;
#4508 = PLANE ( 'NONE',  #4872 ) ;
#4509 = DIRECTION ( 'NONE',  ( -1.000000000000000000, 0.000000000000000000, 0.000000000000000000 ) ) ;
#4510 = CARTESIAN_POINT ( 'NONE',  ( 240.0000000000000000, 0.000000000000000000, -77.99999999999992895 ) ) ;
#4511 = DIRECTION ( 'NONE',  ( -1.000000000000000000, 0.000000000000000000, 0.000000000000000000 ) ) ;
#4512 = VECTOR ( 'NONE', #5304, 1000.000000000000000 ) ;
#4513 = ORIENTED_EDGE ( 'NONE', *, *, #5285, .F. ) ;
#4514 = ADVANCED_FACE ( 'NONE', ( #579, #1095 ), #134, .T. ) ;
#4515 = LINE ( 'NONE', #2258, #5794 ) ;
#4516 = DIRECTION ( 'NONE',  ( 1.000000000000000000, 1.734723475976806848E-16, -0.000000000000000000 ) ) ;
#4517 = AXIS2_PLACEMENT_3D ( 'NONE', #3527, #4511, #3469 ) ;
#4518 = ORIENTED_EDGE ( 'NONE', *, *, #453, .F. ) ;
#4519 = ORIENTED_EDGE ( 'NONE', *, *, #2504, .T. ) ;
#4520 = CYLINDRICAL_SURFACE ( 'NONE', #5378, 0.7500000000000000000 ) ;
#4521 = CARTESIAN_POINT ( 'NONE',  ( -5.063517173121492236E-15, 7.300000000000000711, -80.99999999999998579 ) ) ;
#4522 = VECTOR ( 'NONE', #3687, 1000.000000000000000 ) ;
#4523 =( LENGTH_UNIT ( ) NAMED_UNIT ( * ) SI_UNIT ( .MILLI., .METRE. ) );
#4524 = ORIENTED_EDGE ( 'NONE', *, *, #5181, .T. ) ;
#4525 = ORIENTED_EDGE ( 'NONE', *, *, #3346, .T. ) ;
#4526 = CARTESIAN_POINT ( 'NONE',  ( 83.71563206574269600, 7.300000000000000711, -96.02560810873121966 ) ) ;
#4527 = VERTEX_POINT ( 'NONE', #3004 ) ;
#4528 = CARTESIAN_POINT ( 'NONE',  ( 48.90140036010598834, 0.9999999999999991118, -89.39497296252748981 ) ) ;
#4529 = DIRECTION ( 'NONE',  ( 0.000000000000000000, 1.000000000000000000, -0.000000000000000000 ) ) ;
#4530 = VECTOR ( 'NONE', #1996, 1000.000000000000000 ) ;
#4531 = DIRECTION ( 'NONE',  ( -1.000000000000000000, 0.000000000000000000, 0.000000000000000000 ) ) ;
#4532 = PERSON_AND_ORGANIZATION_ROLE ( 'design_owner' ) ;
#4533 = VECTOR ( 'NONE', #2741, 1000.000000000000114 ) ;
#4534 = CIRCLE ( 'NONE', #3878, 5.719358714986383596 ) ;
#4535 = CARTESIAN_POINT ( 'NONE',  ( -12.51897548311831088, 5.999999999999998224, 1.000000000000000000 ) ) ;
#4536 = ADVANCED_FACE ( 'NONE', ( #1592 ), #3883, .F. ) ;
#4537 = LINE ( 'NONE', #2735, #2616 ) ;
#4538 = DIRECTION ( 'NONE',  ( 1.000000000000000000, -0.000000000000000000, -0.000000000000000000 ) ) ;
#4539 = DIRECTION ( 'NONE',  ( 0.000000000000000000, 0.000000000000000000, 1.000000000000000000 ) ) ;
#4540 = ORIENTED_EDGE ( 'NONE', *, *, #2577, .F. ) ;
#4541 = EDGE_CURVE ( 'NONE', #3948, #1231, #2975, .T. ) ;
#4542 = CARTESIAN_POINT ( 'NONE',  ( 231.9999999999999716, 0.000000000000000000, -78.00000000000000000 ) ) ;
#4543 = EDGE_CURVE ( 'NONE', #3426, #4772, #5427, .T. ) ;
#4544 = CARTESIAN_POINT ( 'NONE',  ( -12.51897548311831088, 5.999999999999998224, 0.000000000000000000 ) ) ;
#4545 = EDGE_LOOP ( 'NONE', ( #3559, #2866, #2245, #5796 ) ) ;
#4546 = VERTEX_POINT ( 'NONE', #3451 ) ;
#4547 = LINE ( 'NONE', #2803, #2501 ) ;
#4548 = LINE ( 'NONE', #3695, #4950 ) ;
#4549 = LOCAL_TIME ( 16, 32, 57.00000000000000000, #4843 ) ;
#4550 = VERTEX_POINT ( 'NONE', #2235 ) ;
#4551 = DIRECTION ( 'NONE',  ( -6.377659838150038553E-17, 0.000000000000000000, 1.000000000000000000 ) ) ;
#4552 = VERTEX_POINT ( 'NONE', #4944 ) ;
#4553 = LOCAL_TIME ( 16, 32, 57.00000000000000000, #1774 ) ;
#4554 = EDGE_CURVE ( 'NONE', #5790, #3597, #1316, .T. ) ;
#4555 = CARTESIAN_POINT ( 'NONE',  ( 10.00000000000007105, 9.000000000000000000, 0.000000000000000000 ) ) ;
#4556 = EDGE_CURVE ( 'NONE', #1932, #3262, #3744, .T. ) ;
#4557 = VERTEX_POINT ( 'NONE', #4075 ) ;
#4558 = PLANE ( 'NONE',  #5795 ) ;
#4559 = FACE_OUTER_BOUND ( 'NONE', #4782, .T. ) ;
#4560 = PLANE ( 'NONE',  #1536 ) ;
#4561 = APPROVAL_DATE_TIME ( #883, #991 ) ;
#4562 = DIRECTION ( 'NONE',  ( 1.000000000000000000, 0.000000000000000000, 0.000000000000000000 ) ) ;
#4563 = LINE ( 'NONE', #2283, #1848 ) ;
#4564 = LINE ( 'NONE', #3158, #2629 ) ;
#4565 = LINE ( 'NONE', #4126, #2505 ) ;
#4566 = ORIENTED_EDGE ( 'NONE', *, *, #2581, .T. ) ;
#4567 = APPROVAL ( #1445, 'UNSPECIFIED' ) ;
#4568 = DIRECTION ( 'NONE',  ( -0.000000000000000000, 1.000000000000000000, -0.000000000000000000 ) ) ;
#4569 = DIRECTION ( 'NONE',  ( -0.000000000000000000, -1.000000000000000000, -0.000000000000000000 ) ) ;
#4570 = ORIENTED_EDGE ( 'NONE', *, *, #192, .F. ) ;
#4571 = ORIENTED_EDGE ( 'NONE', *, *, #2202, .T. ) ;
#4572 = AXIS2_PLACEMENT_3D ( 'NONE', #5941, #3999, #3066 ) ;
#4573 = DIRECTION ( 'NONE',  ( 9.705834866731205836E-15, 0.000000000000000000, 1.000000000000000000 ) ) ;
#4574 = PLANE ( 'NONE',  #1311 ) ;
#4575 = EDGE_CURVE ( 'NONE', #998, #1506, #2488, .T. ) ;
#4576 = MANIFOLD_SOLID_BREP ( 'Boss-Extrude2', #3882 ) ;
#4577 = EDGE_LOOP ( 'NONE', ( #5509, #5543, #963, #1069 ) ) ;
#4578 = CYLINDRICAL_SURFACE ( 'NONE', #3470, 5.719358714986383596 ) ;
#4579 = ORIENTED_EDGE ( 'NONE', *, *, #4798, .F. ) ;
#4580 = LINE ( 'NONE', #3689, #1194 ) ;
#4581 = CALENDAR_DATE ( 2024, 9, 7 ) ;
#4582 = ADVANCED_FACE ( 'NONE', ( #391 ), #4520, .F. ) ;
#4583 = EDGE_CURVE ( 'NONE', #171, #4797, #5715, .T. ) ;
#4584 = ORIENTED_EDGE ( 'NONE', *, *, #2487, .F. ) ;
#4585 = DIRECTION ( 'NONE',  ( -0.000000000000000000, -0.000000000000000000, -1.000000000000000000 ) ) ;
#4586 = CARTESIAN_POINT ( 'NONE',  ( 6.460990019177836633E-14, 11.00000000000000000, -72.17940474342466928 ) ) ;
#4587 = DIRECTION ( 'NONE',  ( 1.000000000000000000, -0.000000000000000000, 0.000000000000000000 ) ) ;
#4588 = PERSON_AND_ORGANIZATION_ROLE ( 'creator' ) ;
#4589 = CARTESIAN_POINT ( 'NONE',  ( -47.07048378112436637, 4.999999999999997335, 0.6000000000000000888 ) ) ;
#4590 = VERTEX_POINT ( 'NONE', #5916 ) ;
#4591 = DIRECTION ( 'NONE',  ( 0.6571396575170143084, 0.000000000000000000, 0.7537688442211054607 ) ) ;
#4592 = CARTESIAN_POINT ( 'NONE',  ( 0.000000000000000000, 0.000000000000000000, -86.00000000000000000 ) ) ;
#4593 = LINE ( 'NONE', #3704, #122 ) ;
#4594 = ORIENTED_EDGE ( 'NONE', *, *, #722, .T. ) ;
#4595 = AXIS2_PLACEMENT_3D ( 'NONE', #1800, #2248, #3128 ) ;
#4596 = LINE ( 'NONE', #23, #1565 ) ;
#4597 = CARTESIAN_POINT ( 'NONE',  ( 204.1825766112768861, 0.9999999999999991118, -31.58245403932741979 ) ) ;
#4598 = ORIENTED_EDGE ( 'NONE', *, *, #1833, .T. ) ;
#4599 = ORIENTED_EDGE ( 'NONE', *, *, #372, .F. ) ;
#4600 = VECTOR ( 'NONE', #3723, 1000.000000000000000 ) ;
#4601 = DIRECTION ( 'NONE',  ( 0.8773152583835168716, 0.000000000000000000, 0.4799145105198041050 ) ) ;
#4602 = CARTESIAN_POINT ( 'NONE',  ( 193.9937004351406244, 0.9999999999999991118, -3.187452433093875825 ) ) ;
#4603 = PERSON_AND_ORGANIZATION ( #82, #1018 ) ;
#4604 = CIRCLE ( 'NONE', #4806, 8.000000000000003553 ) ;
#4605 = ORIENTED_EDGE ( 'NONE', *, *, #4611, .T. ) ;
#4606 = LINE ( 'NONE', #4673, #5487 ) ;
#4607 = ORIENTED_EDGE ( 'NONE', *, *, #2069, .F. ) ;
#4608 = PRODUCT_DEFINITION ( 'UNKNOWN', '', #1123, #4687 ) ;
#4609 = VECTOR ( 'NONE', #3532, 1000.000000000000000 ) ;
#4610 = LINE ( 'NONE', #508, #3512 ) ;
#4611 = EDGE_CURVE ( 'NONE', #3341, #105, #4389, .T. ) ;
#4612 = ORIENTED_EDGE ( 'NONE', *, *, #2719, .T. ) ;
#4613 = DIRECTION ( 'NONE',  ( 0.8773152583835183149, 0.000000000000000000, 0.4799145105198013850 ) ) ;
#4614 = CARTESIAN_POINT ( 'NONE',  ( 231.9999999999999716, 0.000000000000000000, -78.00000000000000000 ) ) ;
#4615 = PLANE ( 'NONE',  #4232 ) ;
#4616 = EDGE_CURVE ( 'NONE', #4679, #1882, #4775, .T. ) ;
#4617 = COORDINATED_UNIVERSAL_TIME_OFFSET ( 7, 0, .AHEAD. ) ;
#4618 = PLANE ( 'NONE',  #1047 ) ;
#4619 = AXIS2_PLACEMENT_3D ( 'NONE', #4131, #564, #24 ) ;
#4620 = ORIENTED_EDGE ( 'NONE', *, *, #2500, .F. ) ;
#4621 = VECTOR ( 'NONE', #2703, 1000.000000000000000 ) ;
#4622 = ORIENTED_EDGE ( 'NONE', *, *, #2908, .T. ) ;
#4623 = CARTESIAN_POINT ( 'NONE',  ( -12.51897548311831088, 5.999999999999998224, 1.000000000000000000 ) ) ;
#4624 = DIRECTION ( 'NONE',  ( -0.000000000000000000, 1.000000000000000000, -0.000000000000000000 ) ) ;
#4625 = FACE_OUTER_BOUND ( 'NONE', #983, .T. ) ;
#4626 = AXIS2_PLACEMENT_3D ( 'NONE', #5605, #3733, #4225 ) ;
#4627 = ADVANCED_FACE ( 'NONE', ( #4046 ), #5768, .T. ) ;
#4628 = EDGE_CURVE ( 'NONE', #1785, #5232, #3935, .T. ) ;
#4629 = ORIENTED_EDGE ( 'NONE', *, *, #44, .F. ) ;
#4630 = VECTOR ( 'NONE', #173, 1000.000000000000000 ) ;
#4631 = CARTESIAN_POINT ( 'NONE',  ( 0.000000000000000000, 0.9999999999999991118, -37.16513068852106727 ) ) ;
#4632 = CLOSED_SHELL ( 'NONE', ( #4438, #902, #787, #4385, #2352, #278, #1225, #4414, #489, #2056, #1697, #2503, #561, #457, #386, #2014, #641, #4774, #1091, #926, #2910, #2132, #5772, #3414, #1175, #3633, #5712, #831, #3498, #1550, #3192, #3925, #2242, #3868, #3445, #91, #2427, #2031, #5234, #1648, #4804, #4050, #315, #4457, #202, #4705, #4954, #1125, #2140, #5579, #570, #55, #3661, #1867, #5840, #5818, #5437, #5665, #939, #1153, #4655, #3094, #5227, #3820, #5623, #5191 ) ) ;
#4633 = DIRECTION ( 'NONE',  ( 0.000000000000000000, 0.000000000000000000, 1.000000000000000000 ) ) ;
#4634 = EDGE_LOOP ( 'NONE', ( #1263, #5000, #2169, #2126 ) ) ;
#4635 = ORIENTED_EDGE ( 'NONE', *, *, #2307, .T. ) ;
#4636 = VECTOR ( 'NONE', #78, 1000.000000000000000 ) ;
#4637 = DIRECTION ( 'NONE',  ( 0.000000000000000000, 1.000000000000000000, -0.000000000000000000 ) ) ;
#4638 = LINE ( 'NONE', #61, #3182 ) ;
#4639 = DIRECTION ( 'NONE',  ( 1.000000000000000000, 0.000000000000000000, 0.000000000000000000 ) ) ;
#4640 = AXIS2_PLACEMENT_3D ( 'NONE', #9, #376, #854 ) ;
#4641 = DIRECTION ( 'NONE',  ( 0.000000000000000000, 0.000000000000000000, 1.000000000000000000 ) ) ;
#4642 = FACE_OUTER_BOUND ( 'NONE', #2098, .T. ) ;
#4643 = ORIENTED_EDGE ( 'NONE', *, *, #4270, .T. ) ;
#4644 = AXIS2_PLACEMENT_3D ( 'NONE', #233, #932, #5131 ) ;
#4645 = CARTESIAN_POINT ( 'NONE',  ( 0.000000000000000000, 8.800000000000000711, -7.000000000000000000 ) ) ;
#4646 = EDGE_LOOP ( 'NONE', ( #1407, #1875, #3523, #3421 ) ) ;
#4647 = ORIENTED_EDGE ( 'NONE', *, *, #3276, .T. ) ;
#4648 = ORIENTED_EDGE ( 'NONE', *, *, #4886, .F. ) ;
#4649 = CYLINDRICAL_SURFACE ( 'NONE', #720, 5.719358714986383596 ) ;
#4650 = LINE ( 'NONE', #1981, #784 ) ;
#4651 = LINE ( 'NONE', #4776, #671 ) ;
#4652 = CARTESIAN_POINT ( 'NONE',  ( 9.999999999999998224, 7.300000000000000711, -9.999999999999998224 ) ) ;
#4653 = APPROVAL_PERSON_ORGANIZATION ( #1220, #1073, #4899 ) ;
#4654 = APPROVAL_ROLE ( '' ) ;
#4655 = ADVANCED_FACE ( 'NONE', ( #1127 ), #4329, .T. ) ;
#4656 = CARTESIAN_POINT ( 'NONE',  ( 35.31768372440127735, 4.500000000000000000, -58.61949210274161715 ) ) ;
#4658 = ORIENTED_EDGE ( 'NONE', *, *, #2650, .T. ) ;
#4657 = LOCAL_TIME ( 16, 32, 57.00000000000000000, #5009 ) ;
#4659 = EDGE_LOOP ( 'NONE', ( #5231, #928, #1287, #4327 ) ) ;
#4660 = DIRECTION ( 'NONE',  ( -0.000000000000000000, 1.000000000000000000, -0.000000000000000000 ) ) ;
#4661 = AXIS2_PLACEMENT_3D ( 'NONE', #4076, #1787, #3168 ) ;
#4662 = CARTESIAN_POINT ( 'NONE',  ( 0.000000000000000000, 6.000000000000000000, 1.000000000000000000 ) ) ;
#4663 = DIRECTION ( 'NONE',  ( 0.7073783561143608400, 0.000000000000000000, 0.7068351019162422144 ) ) ;
#4664 = EDGE_LOOP ( 'NONE', ( #2749, #2784, #3146, #1480 ) ) ;
#4665 = DIRECTION ( 'NONE',  ( -0.000000000000000000, -0.000000000000000000, -1.000000000000000000 ) ) ;
#4666 = EDGE_CURVE ( 'NONE', #472, #536, #5744, .T. ) ;
#4667 = DIRECTION ( 'NONE',  ( -0.000000000000000000, 1.000000000000000000, -0.000000000000000000 ) ) ;
#4668 = VERTEX_POINT ( 'NONE', #675 ) ;
#4669 = ORIENTED_EDGE ( 'NONE', *, *, #4445, .F. ) ;
#4670 = CARTESIAN_POINT ( 'NONE',  ( -19.23935222489148344, 5.999999999999993783, 0.2500000000000000000 ) ) ;
#4671 = FACE_OUTER_BOUND ( 'NONE', #1614, .T. ) ;
#4672 = CYLINDRICAL_SURFACE ( 'NONE', #5896, 2.999999999999988898 ) ;
#4673 = CARTESIAN_POINT ( 'NONE',  ( -50.00000000000000000, 11.99999999999999467, 0.000000000000000000 ) ) ;
#4674 = ORIENTED_EDGE ( 'NONE', *, *, #4203, .F. ) ;
#4675 = DIRECTION ( 'NONE',  ( 0.000000000000000000, 0.000000000000000000, 1.000000000000000000 ) ) ;
#4676 = AXIS2_PLACEMENT_3D ( 'NONE', #2980, #1154, #2466 ) ;
#4677 = ORIENTED_EDGE ( 'NONE', *, *, #2919, .T. ) ;
#4678 = ORIENTED_EDGE ( 'NONE', *, *, #1950, .F. ) ;
#4679 = VERTEX_POINT ( 'NONE', #1179 ) ;
#4680 = PLANE ( 'NONE',  #3012 ) ;
#4681 = CARTESIAN_POINT ( 'NONE',  ( 235.0000000000000000, 7.300000000000000711, 0.000000000000000000 ) ) ;
#4682 = LINE ( 'NONE', #5171, #5937 ) ;
#4683 = PERSON_AND_ORGANIZATION ( #82, #1018 ) ;
#4684 = DIRECTION ( 'NONE',  ( 1.000000000000000000, 0.000000000000000000, 3.907034855803622046E-18 ) ) ;
#4685 = ORIENTED_EDGE ( 'NONE', *, *, #2341, .T. ) ;
#4686 = DIRECTION ( 'NONE',  ( 0.6571396575170143084, 0.000000000000000000, -0.7537688442211054607 ) ) ;
#4687 = DESIGN_CONTEXT ( 'detailed design', #2608, 'design' ) ;
#4688 = CYLINDRICAL_SURFACE ( 'NONE', #5800, 0.7500000000000000000 ) ;
#4689 = APPROVAL ( #1659, 'UNSPECIFIED' ) ;
#4690 = DIRECTION ( 'NONE',  ( 0.000000000000000000, 0.000000000000000000, 1.000000000000000000 ) ) ;
#4691 = ORIENTED_EDGE ( 'NONE', *, *, #5816, .F. ) ;
#4692 = CARTESIAN_POINT ( 'NONE',  ( -34.94916343756472088, 5.999999999999995559, 1.000000000000000000 ) ) ;
#4693 = DIRECTION ( 'NONE',  ( 0.000000000000000000, 1.000000000000000000, -0.000000000000000000 ) ) ;
#4694 = ORIENTED_EDGE ( 'NONE', *, *, #3225, .T. ) ;
#4695 = ORIENTED_EDGE ( 'NONE', *, *, #4733, .F. ) ;
#4696 = DIRECTION ( 'NONE',  ( 0.000000000000000000, 1.000000000000000000, -0.000000000000000000 ) ) ;
#4697 = FACE_OUTER_BOUND ( 'NONE', #2215, .T. ) ;
#4698 = AXIS2_PLACEMENT_3D ( 'NONE', #4652, #4215, #102 ) ;
#4699 = EDGE_CURVE ( 'NONE', #601, #863, #2039, .T. ) ;
#4700 = PLANE ( 'NONE',  #5124 ) ;
#4701 = CARTESIAN_POINT ( 'NONE',  ( -12.51897548311830910, 3.999999999999994671, 1.000000000000000000 ) ) ;
#4702 = VECTOR ( 'NONE', #3306, 1000.000000000000000 ) ;
#4703 = VERTEX_POINT ( 'NONE', #1649 ) ;
#4704 = CARTESIAN_POINT ( 'NONE',  ( 10.00000000000007105, 11.00000000000000000, -88.00000000000000000 ) ) ;
#4705 = ADVANCED_FACE ( 'NONE', ( #3480 ), #5393, .F. ) ;
#4706 = AXIS2_PLACEMENT_3D ( 'NONE', #2115, #4485, #3024 ) ;
#4707 = ORIENTED_EDGE ( 'NONE', *, *, #4084, .T. ) ;
#4708 = VERTEX_POINT ( 'NONE', #2745 ) ;
#4709 = ORIENTED_EDGE ( 'NONE', *, *, #1296, .T. ) ;
#4710 = CARTESIAN_POINT ( 'NONE',  ( 155.9431641043371428, 11.00000000000000000, -62.83414446803935505 ) ) ;
#4711 = FACE_OUTER_BOUND ( 'NONE', #3057, .T. ) ;
#4712 = PERSON_AND_ORGANIZATION ( #82, #1018 ) ;
#4713 = VECTOR ( 'NONE', #2847, 1000.000000000000000 ) ;
#4714 = DIRECTION ( 'NONE',  ( 0.000000000000000000, 1.000000000000000000, -0.000000000000000000 ) ) ;
#4715 = EDGE_LOOP ( 'NONE', ( #3833, #153, #4808, #162 ) ) ;
#4716 = ORIENTED_EDGE ( 'NONE', *, *, #4191, .T. ) ;
#4717 = CARTESIAN_POINT ( 'NONE',  ( -19.23935222489148344, 5.999999999999997335, 0.000000000000000000 ) ) ;
#4718 = PLANE ( 'NONE',  #3585 ) ;
#4719 = DIRECTION ( 'NONE',  ( 0.7537688442211077922, 0.000000000000000000, 0.6571396575170116439 ) ) ;
#4720 = ORIENTED_EDGE ( 'NONE', *, *, #5701, .T. ) ;
#4721 = AXIS2_PLACEMENT_3D ( 'NONE', #747, #4402, #5730 ) ;
#4722 = CARTESIAN_POINT ( 'NONE',  ( -2.518975483118307324, 6.000000000000000000, 0.000000000000000000 ) ) ;
#4723 = CARTESIAN_POINT ( 'NONE',  ( -2.518975483118307324, 4.999999999999997335, 0.6000000000000000888 ) ) ;
#4724 = EDGE_CURVE ( 'NONE', #5678, #5790, #1165, .T. ) ;
#4725 = ORIENTED_EDGE ( 'NONE', *, *, #1291, .F. ) ;
#4726 = VERTEX_POINT ( 'NONE', #2291 ) ;
#4727 = VECTOR ( 'NONE', #5511, 1000.000000000000000 ) ;
#4728 = DIRECTION ( 'NONE',  ( 0.000000000000000000, 0.000000000000000000, 1.000000000000000000 ) ) ;
#4729 = CARTESIAN_POINT ( 'NONE',  ( 193.9937004351406244, 11.00000000000000000, -3.187452433093875825 ) ) ;
#4730 = CIRCLE ( 'NONE', #3390, 0.7500000000000002220 ) ;
#4731 = EDGE_CURVE ( 'NONE', #5258, #3719, #3710, .T. ) ;
#4732 = VECTOR ( 'NONE', #3955, 1000.000000000000000 ) ;
#4733 = EDGE_CURVE ( 'NONE', #4233, #4141, #876, .T. ) ;
#4734 = DIRECTION ( 'NONE',  ( -1.000000000000000000, 0.000000000000000000, 0.000000000000000000 ) ) ;
#4735 = VECTOR ( 'NONE', #2728, 1000.000000000000114 ) ;
#4736 = CARTESIAN_POINT ( 'NONE',  ( 0.000000000000000000, 11.00000000000000000, -10.00000000000007105 ) ) ;
#4737 = ORIENTED_EDGE ( 'NONE', *, *, #5701, .F. ) ;
#4738 = CARTESIAN_POINT ( 'NONE',  ( -29.23935222489148700, 5.999999999999996447, 1.000000000000000000 ) ) ;
#4739 = CARTESIAN_POINT ( 'NONE',  ( 110.7339460819190720, 6.500000000000000000, -55.89756598715707270 ) ) ;
#4740 = VECTOR ( 'NONE', #1694, 1000.000000000000000 ) ;
#4741 = ORIENTED_EDGE ( 'NONE', *, *, #2908, .F. ) ;
#4742 = EDGE_LOOP ( 'NONE', ( #2413, #191, #366, #874 ) ) ;
#4743 = EDGE_LOOP ( 'NONE', ( #1207, #216, #2846, #3727 ) ) ;
#4744 = EDGE_CURVE ( 'NONE', #590, #4179, #2323, .T. ) ;
#4745 = EDGE_CURVE ( 'NONE', #155, #1426, #2383, .T. ) ;
#4746 = DIRECTION ( 'NONE',  ( -0.000000000000000000, 1.000000000000000000, -0.000000000000000000 ) ) ;
#4747 = DIRECTION ( 'NONE',  ( -0.000000000000000000, 1.000000000000000000, -0.000000000000000000 ) ) ;
#4748 = APPROVAL_ROLE ( '' ) ;
#4749 = CC_DESIGN_APPROVAL ( #1423, ( #2667 ) ) ;
#4750 = EDGE_CURVE ( 'NONE', #2085, #1761, #112, .T. ) ;
#4751 = DIRECTION ( 'NONE',  ( 0.000000000000000000, -1.000000000000000000, 0.000000000000000000 ) ) ;
#4752 = VERTEX_POINT ( 'NONE', #4168 ) ;
#4753 = CARTESIAN_POINT ( 'NONE',  ( -50.00000000000000000, 5.999999999999993783, -0.5000000000000002220 ) ) ;
#4754 = CC_DESIGN_SECURITY_CLASSIFICATION ( #1970, ( #5138 ) ) ;
#4755 = CARTESIAN_POINT ( 'NONE',  ( 0.000000000000000000, 7.300000000000000711, -7.000000000000000000 ) ) ;
#4756 = CIRCLE ( 'NONE', #1686, 0.7500000000000002220 ) ;
#4757 = CARTESIAN_POINT ( 'NONE',  ( 187.5837722402914380, 0.9999999999999991118, -73.24436680701796831 ) ) ;
#4758 = PERSON_AND_ORGANIZATION ( #82, #1018 ) ;
#4759 = ORIENTED_EDGE ( 'NONE', *, *, #3225, .F. ) ;
#4760 = APPROVAL_PERSON_ORGANIZATION ( #1679, #3330, #791 ) ;
#4761 = CARTESIAN_POINT ( 'NONE',  ( -12.51897548311830910, 3.999999999999994671, 1.000000000000000000 ) ) ;
#4762 = ORIENTED_EDGE ( 'NONE', *, *, #4818, .T. ) ;
#4763 = DIRECTION ( 'NONE',  ( -0.000000000000000000, -1.000000000000000000, -0.000000000000000000 ) ) ;
#4764 = CARTESIAN_POINT ( 'NONE',  ( 193.9937004351406813, 11.00000000000000000, -16.81254756690611885 ) ) ;
#4765 =( REPRESENTATION_RELATIONSHIP ('NONE','NONE', #3561, #4979 ) REPRESENTATION_RELATIONSHIP_WITH_TRANSFORMATION ( #764 )SHAPE_REPRESENTATION_RELATIONSHIP( ) );
#4766 = DIRECTION ( 'NONE',  ( 0.000000000000000000, 1.000000000000000000, -0.000000000000000000 ) ) ;
#4767 = CARTESIAN_POINT ( 'NONE',  ( 93.80621373527520745, 0.9999999999999991118, -9.999999999999998224 ) ) ;
#4768 = EDGE_LOOP ( 'NONE', ( #2967, #622, #3473, #1021, #2765, #5735, #5483, #2524 ) ) ;
#4769 = DIRECTION ( 'NONE',  ( 1.000000000000000000, -0.000000000000000000, 0.000000000000000000 ) ) ;
#4770 = EDGE_CURVE ( 'NONE', #2026, #761, #5063, .T. ) ;
#4771 = PLANE ( 'NONE',  #3209 ) ;
#4772 = VERTEX_POINT ( 'NONE', #2356 ) ;
#4773 = ORIENTED_EDGE ( 'NONE', *, *, #2874, .F. ) ;
#4774 = ADVANCED_FACE ( 'NONE', ( #5092 ), #4230, .T. ) ;
#4775 = LINE ( 'NONE', #701, #3944 ) ;
#4776 = CARTESIAN_POINT ( 'NONE',  ( 26.85114818817315552, 0.9999999999999991118, -6.413121992594955856 ) ) ;
#4777 = VECTOR ( 'NONE', #4007, 1000.000000000000000 ) ;
#4778 = APPROVAL_DATE_TIME ( #3430, #2155 ) ;
#4779 = EDGE_CURVE ( 'NONE', #5781, #3319, #985, .T. ) ;
#4780 = AXIS2_PLACEMENT_3D ( 'NONE', #959, #3289, #568 ) ;
#4781 = CARTESIAN_POINT ( 'NONE',  ( -44.94916343756472088, 5.999999999999994671, 1.000000000000000000 ) ) ;
#4782 = EDGE_LOOP ( 'NONE', ( #4695, #1393, #2008, #5922 ) ) ;
#4783 = CARTESIAN_POINT ( 'NONE',  ( 231.9999999999999147, 8.800000000000000711, 0.000000000000000000 ) ) ;
#4784 = CARTESIAN_POINT ( 'NONE',  ( -19.23935222489148344, 3.999999999999994671, 1.000000000000000000 ) ) ;
#4785 = DIRECTION ( 'NONE',  ( -5.102127870520028008E-17, 0.000000000000000000, 1.000000000000000000 ) ) ;
#4786 = EDGE_LOOP ( 'NONE', ( #2105, #3282, #1293, #2680, #3915, #4571, #5881, #4088, #5406, #3651, #4492, #3437, #5399, #2877, #5195, #5764 ) ) ;
#4787 = DIRECTION ( 'NONE',  ( 0.000000000000000000, 0.000000000000000000, -1.000000000000000000 ) ) ;
#4788 = CARTESIAN_POINT ( 'NONE',  ( 0.000000000000000000, 0.9999999999999991118, -20.31837809857893262 ) ) ;
#4789 = CARTESIAN_POINT ( 'NONE',  ( 41.84814247518372810, 0.9999999999999991118, -20.31837809857893262 ) ) ;
#4790 = PERSON ( 'NAUO-PER6', 'UNSPECIFIED', 'UNSPECIFIED', ('UNSPECIFIED'), ('UNSPECIFIED'), ('UNSPECIFIED') ) ;
#4791 = CARTESIAN_POINT ( 'NONE',  ( -47.07048378112436637, 4.365571122977521590, 1.000000000000000000 ) ) ;
#4792 = VERTEX_POINT ( 'NONE', #930 ) ;
#4793 = DIRECTION ( 'NONE',  ( -8.673617379884020681E-16, 1.000000000000000000, -0.000000000000000000 ) ) ;
#4794 = DIRECTION ( 'NONE',  ( -0.6571396575170146415, 0.000000000000000000, -0.7537688442211052386 ) ) ;
#4795 = ORIENTED_EDGE ( 'NONE', *, *, #4455, .T. ) ;
#4796 = AXIS2_PLACEMENT_3D ( 'NONE', #5342, #1675, #1586 ) ;
#4797 = VERTEX_POINT ( 'NONE', #5546 ) ;
#4798 = EDGE_CURVE ( 'NONE', #4546, #2723, #4547, .T. ) ;
#4799 = ORIENTED_EDGE ( 'NONE', *, *, #1431, .T. ) ;
#4800 = DIRECTION ( 'NONE',  ( -7.653191805780047250E-17, 0.000000000000000000, 1.000000000000000000 ) ) ;
#4801 = CARTESIAN_POINT ( 'NONE',  ( 0.000000000000000000, 11.00000000000000000, -62.83414446803935505 ) ) ;
#4802 = VECTOR ( 'NONE', #4601, 1000.000000000000000 ) ;
#4803 = COORDINATED_UNIVERSAL_TIME_OFFSET ( 7, 0, .AHEAD. ) ;
#4804 = ADVANCED_FACE ( 'NONE', ( #4104 ), #533, .F. ) ;
#4805 = EDGE_CURVE ( 'NONE', #1737, #5370, #5864, .T. ) ;
#4806 = AXIS2_PLACEMENT_3D ( 'NONE', #1780, #3159, #439 ) ;
#4807 = CARTESIAN_POINT ( 'NONE',  ( 31.70977010537658103, 11.00000000000000000, -9.115055120037954595 ) ) ;
#4808 = ORIENTED_EDGE ( 'NONE', *, *, #3463, .T. ) ;
#4809 = CARTESIAN_POINT ( 'NONE',  ( 240.0000000000000000, 11.00000000000000000, -37.30181275431380783 ) ) ;
#4810 = CARTESIAN_POINT ( 'NONE',  ( 231.9999999999999147, 0.000000000000000000, 0.000000000000000000 ) ) ;
#4811 = AXIS2_PLACEMENT_3D ( 'NONE', #63, #3715, #4205 ) ;
#4812 = DIRECTION ( 'NONE',  ( 0.6208020523631565535, 0.000000000000000000, 0.7839673537729059394 ) ) ;
#4813 = PERSON_AND_ORGANIZATION_ROLE ( 'creator' ) ;
#4814 = ORIENTED_EDGE ( 'NONE', *, *, #3304, .T. ) ;
#4815 = CARTESIAN_POINT ( 'NONE',  ( 235.0000000000000000, 7.300000000000000711, -77.99999999999998579 ) ) ;
#4816 = EDGE_CURVE ( 'NONE', #5198, #5137, #1340, .T. ) ;
#4817 = CARTESIAN_POINT ( 'NONE',  ( -29.23935222489148700, 3.999999999999993339, 0.5000000000000000000 ) ) ;
#4818 = EDGE_CURVE ( 'NONE', #4291, #556, #2399, .T. ) ;
#4819 = LINE ( 'NONE', #5217, #2992 ) ;
#4820 = DIRECTION ( 'NONE',  ( 1.000000000000000000, 8.673617379884020681E-16, -0.000000000000000000 ) ) ;
#4821 = DIRECTION ( 'NONE',  ( 0.5771317870226690960, 0.000000000000000000, 0.8166510273109441886 ) ) ;
#4822 = EDGE_LOOP ( 'NONE', ( #3764, #4980, #128, #1957 ) ) ;
#4823 = VECTOR ( 'NONE', #5293, 1000.000000000000000 ) ;
#4824 = PLANE ( 'NONE',  #1029 ) ;
#4825 = PLANE ( 'NONE',  #1443 ) ;
#4826 = ORIENTED_EDGE ( 'NONE', *, *, #177, .T. ) ;
#4827 = VECTOR ( 'NONE', #3173, 1000.000000000000000 ) ;
#4828 = VECTOR ( 'NONE', #878, 1000.000000000000000 ) ;
#4829 = VERTEX_POINT ( 'NONE', #5459 ) ;
#4830 = ORIENTED_EDGE ( 'NONE', *, *, #4997, .T. ) ;
#4831 = DIRECTION ( 'NONE',  ( 1.000000000000000000, -0.000000000000000000, -0.000000000000000000 ) ) ;
#4832 = FACE_OUTER_BOUND ( 'NONE', #3699, .T. ) ;
#4833 = VECTOR ( 'NONE', #494, 1000.000000000000000 ) ;
#4834 = CC_DESIGN_DATE_AND_TIME_ASSIGNMENT ( #2013, #3757, ( #5910 ) ) ;
#4835 = CONTEXT_DEPENDENT_SHAPE_REPRESENTATION ( #2928, #1767 ) ;
#4836 = FACE_OUTER_BOUND ( 'NONE', #781, .T. ) ;
#4837 = EDGE_LOOP ( 'NONE', ( #5167, #3488 ) ) ;
#4838 = DIRECTION ( 'NONE',  ( 0.000000000000000000, 0.000000000000000000, 1.000000000000000000 ) ) ;
#4839 = CARTESIAN_POINT ( 'NONE',  ( 0.000000000000000000, 6.500000000000000000, 0.000000000000000000 ) ) ;
#4840 = LINE ( 'NONE', #3576, #1914 ) ;
#4841 = AXIS2_PLACEMENT_3D ( 'NONE', #189, #2007, #3563 ) ;
#4842 = EDGE_CURVE ( 'NONE', #3448, #180, #5002, .T. ) ;
#4843 = COORDINATED_UNIVERSAL_TIME_OFFSET ( 7, 0, .AHEAD. ) ;
#4844 = ORIENTED_EDGE ( 'NONE', *, *, #3834, .T. ) ;
#4845 = FACE_OUTER_BOUND ( 'NONE', #2182, .T. ) ;
#4846 = CC_DESIGN_APPROVAL ( #1073, ( #4278 ) ) ;
#4847 = CARTESIAN_POINT ( 'NONE',  ( -34.94916343756472088, 4.999999999999997335, 0.6000000000000000888 ) ) ;
#4848 = FACE_OUTER_BOUND ( 'NONE', #648, .T. ) ;
#4849 = LINE ( 'NONE', #5387, #3169 ) ;
#4850 = APPROVAL_PERSON_ORGANIZATION ( #5895, #5094, #4055 ) ;
#4851 = AXIS2_PLACEMENT_3D ( 'NONE', #1585, #3422, #5252 ) ;
#4852 = EDGE_CURVE ( 'NONE', #4268, #5370, #1842, .T. ) ;
#4853 = LINE ( 'NONE', #5336, #5702 ) ;
#4854 = DIRECTION ( 'NONE',  ( 0.000000000000000000, 0.000000000000000000, 1.000000000000000000 ) ) ;
#4855 = ORIENTED_EDGE ( 'NONE', *, *, #3463, .F. ) ;
#4856 = ORIENTED_EDGE ( 'NONE', *, *, #758, .T. ) ;
#4857 = PLANE ( 'NONE',  #262 ) ;
#4858 = DIRECTION ( 'NONE',  ( -0.000000000000000000, 1.000000000000000000, -0.000000000000000000 ) ) ;
#4859 = EDGE_CURVE ( 'NONE', #5675, #3093, #697, .T. ) ;
#4860 = ORIENTED_EDGE ( 'NONE', *, *, #4628, .T. ) ;
#4861 = VERTEX_POINT ( 'NONE', #5158 ) ;
#4862 = CARTESIAN_POINT ( 'NONE',  ( -50.00000000000000000, 5.999999999999993783, -0.5000000000000000000 ) ) ;
#4863 = COORDINATED_UNIVERSAL_TIME_OFFSET ( 7, 0, .AHEAD. ) ;
#4864 = CARTESIAN_POINT ( 'NONE',  ( 98.91842971327839962, 0.9999999999999991118, -62.83414446803935505 ) ) ;
#4865 = ORIENTED_EDGE ( 'NONE', *, *, #5256, .T. ) ;
#4866 = LINE ( 'NONE', #3490, #2431 ) ;
#4867 = AXIS2_PLACEMENT_3D ( 'NONE', #1804, #4186, #886 ) ;
#4868 = CARTESIAN_POINT ( 'NONE',  ( -50.00000000000000000, 11.99999999999999467, 1.000000000000000000 ) ) ;
#4869 = LINE ( 'NONE', #5324, #2018 ) ;
#4870 = APPROVAL_STATUS ( 'not_yet_approved' ) ;
#4871 = VERTEX_POINT ( 'NONE', #5668 ) ;
#4872 = AXIS2_PLACEMENT_3D ( 'NONE', #857, #3524, #5383 ) ;
#4873 = DIRECTION ( 'NONE',  ( -0.000000000000000000, -1.000000000000000000, -0.000000000000000000 ) ) ;
#4874 = CC_DESIGN_DATE_AND_TIME_ASSIGNMENT ( #3154, #915, ( #551 ) ) ;
#4875 = DIRECTION ( 'NONE',  ( -0.000000000000000000, -0.000000000000000000, -1.000000000000000000 ) ) ;
#4876 = DIRECTION ( 'NONE',  ( 0.000000000000000000, 0.000000000000000000, -1.000000000000000000 ) ) ;
#4877 = EDGE_CURVE ( 'NONE', #2550, #3300, #1055, .T. ) ;
#4878 = CARTESIAN_POINT ( 'NONE',  ( 156.0000000000000284, 4.500000000000000000, -14.43438122311711780 ) ) ;
#4879 = EDGE_CURVE ( 'NONE', #5007, #4590, #718, .T. ) ;
#4880 = DIRECTION ( 'NONE',  ( 1.000000000000000000, -0.000000000000000000, -0.000000000000000000 ) ) ;
#4881 = CARTESIAN_POINT ( 'NONE',  ( 0.000000000000000000, 0.9999999999999991118, -37.30181275431380783 ) ) ;
#4882 = ORIENTED_EDGE ( 'NONE', *, *, #1881, .F. ) ;
#4883 = EDGE_LOOP ( 'NONE', ( #2693, #4260, #1204, #1588 ) ) ;
#4884 = ADVANCED_FACE ( 'NONE', ( #5274 ), #4320, .T. ) ;
#4885 = DIRECTION ( 'NONE',  ( -0.000000000000000000, 1.000000000000000000, -0.000000000000000000 ) ) ;
#4886 = EDGE_CURVE ( 'NONE', #1138, #1900, #239, .T. ) ;
#4887 = ORIENTED_EDGE ( 'NONE', *, *, #4583, .T. ) ;
#4888 = ORIENTED_EDGE ( 'NONE', *, *, #4978, .T. ) ;
#4889 = CARTESIAN_POINT ( 'NONE',  ( 132.3821894788979137, 0.9999999999999991118, -2.091150110284984986 ) ) ;
#4890 = EDGE_CURVE ( 'NONE', #3844, #3319, #1113, .T. ) ;
#4891 = COORDINATED_UNIVERSAL_TIME_OFFSET ( 7, 0, .AHEAD. ) ;
#4892 = VECTOR ( 'NONE', #4531, 1000.000000000000000 ) ;
#4893 = CARTESIAN_POINT ( 'NONE',  ( -50.00000000000000000, 7.133974596215556296, 0.5000000000000000000 ) ) ;
#4894 = VERTEX_POINT ( 'NONE', #3415 ) ;
#4895 = DIRECTION ( 'NONE',  ( 0.000000000000000000, 0.000000000000000000, 1.000000000000000000 ) ) ;
#4896 = VECTOR ( 'NONE', #4377, 1000.000000000000000 ) ;
#4897 = DIRECTION ( 'NONE',  ( 0.000000000000000000, -0.000000000000000000, -1.000000000000000000 ) ) ;
#4898 = LINE ( 'NONE', #1714, #587 ) ;
#4899 = APPROVAL_ROLE ( '' ) ;
#4900 = ORIENTED_EDGE ( 'NONE', *, *, #5552, .F. ) ;
#4901 = VECTOR ( 'NONE', #1082, 1000.000000000000114 ) ;
#4902 = DIRECTION ( 'NONE',  ( 0.6571396575170168619, 0.000000000000000000, 0.7537688442211033513 ) ) ;
#4903 = CARTESIAN_POINT ( 'NONE',  ( 204.1825766112769145, 11.00000000000000000, -37.30181275431380783 ) ) ;
#4904 = AXIS2_PLACEMENT_3D ( 'NONE', #4463, #3556, #1256 ) ;
#4905 = DIRECTION ( 'NONE',  ( 0.000000000000000000, 0.000000000000000000, 1.000000000000000000 ) ) ;
#4906 = CARTESIAN_POINT ( 'NONE',  ( -34.94916343756472088, 5.292893218813446765, 0.000000000000000000 ) ) ;
#4907 = CC_DESIGN_PERSON_AND_ORGANIZATION_ASSIGNMENT ( #5746, #5318, ( #3031 ) ) ;
#4908 = CARTESIAN_POINT ( 'NONE',  ( 43.05403991627543547, 0.9999999999999991118, 34.34622345536877930 ) ) ;
#4909 = CARTESIAN_POINT ( 'NONE',  ( 155.9431641043371428, 0.9999999999999991118, -68.55350318302573953 ) ) ;
#4910 = ORIENTED_EDGE ( 'NONE', *, *, #2202, .F. ) ;
#4911 = ORIENTED_EDGE ( 'NONE', *, *, #1902, .F. ) ;
#4912 = CARTESIAN_POINT ( 'NONE',  ( 231.9999999999999147, 7.300000000000000711, -7.000000000000000000 ) ) ;
#4913 = ADVANCED_FACE ( 'NONE', ( #598 ), #5247, .T. ) ;
#4914 =( LENGTH_UNIT ( ) NAMED_UNIT ( * ) SI_UNIT ( .MILLI., .METRE. ) );
#4915 = EDGE_CURVE ( 'NONE', #729, #1214, #1605, .T. ) ;
#4916 = CIRCLE ( 'NONE', #2804, 8.999999999999994671 ) ;
#4917 = ORIENTED_EDGE ( 'NONE', *, *, #3266, .F. ) ;
#4918 = VECTOR ( 'NONE', #2252, 1000.000000000000000 ) ;
#4919 = ORIENTED_EDGE ( 'NONE', *, *, #4877, .F. ) ;
#4920 = AXIS2_PLACEMENT_3D ( 'NONE', #4631, #2867, #1048 ) ;
#4921 = CARTESIAN_POINT ( 'NONE',  ( 231.9999999999999716, 9.000000000000000000, -78.00000000000000000 ) ) ;
#4922 = CIRCLE ( 'NONE', #2525, 5.719358714986383596 ) ;
#4923 = APPROVAL_ROLE ( '' ) ;
#4924 = VECTOR ( 'NONE', #2092, 1000.000000000000000 ) ;
#4925 = EDGE_CURVE ( 'NONE', #1315, #4861, #1826, .T. ) ;
#4926 = ADVANCED_FACE ( 'NONE', ( #2902 ), #4292, .T. ) ;
#4927 = ORIENTED_EDGE ( 'NONE', *, *, #4616, .F. ) ;
#4928 = VECTOR ( 'NONE', #1224, 1000.000000000000000 ) ;
#4929 = CARTESIAN_POINT ( 'NONE',  ( -50.00000000000000000, 11.99999999999999467, 1.000000000000000000 ) ) ;
#4930 = CARTESIAN_POINT ( 'NONE',  ( 0.000000000000000000, 9.000000000000000000, -77.99999999999992895 ) ) ;
#4931 = PLANE ( 'NONE',  #2879 ) ;
#4932 = DATE_AND_TIME ( #2619, #5718 ) ;
#4933 = AXIS2_PLACEMENT_3D ( 'NONE', #797, #3545, #2615 ) ;
#4934 = DIRECTION ( 'NONE',  ( -0.7537688442211051276, 0.000000000000000000, 0.6571396575170146415 ) ) ;
#4935 = CARTESIAN_POINT ( 'NONE',  ( 4.688441826964347996E-17, -0.000000000000000000, -2.000000000000000444 ) ) ;
#4936 = CARTESIAN_POINT ( 'NONE',  ( 15.69948537651093545, 0.9999999999999991118, -11.09491294037412423 ) ) ;
#4937 = DIRECTION ( 'NONE',  ( -6.421112981982186753E-15, 0.000000000000000000, 1.000000000000000000 ) ) ;
#4938 = ORIENTED_EDGE ( 'NONE', *, *, #5150, .F. ) ;
#4939 = SECURITY_CLASSIFICATION ( '', '', #5752 ) ;
#4940 = PLANE ( 'NONE',  #3578 ) ;
#4941 = DIRECTION ( 'NONE',  ( 0.7839673537729059394, 0.000000000000000000, -0.6208020523631565535 ) ) ;
#4942 = ORIENTED_EDGE ( 'NONE', *, *, #2757, .F. ) ;
#4943 = ORIENTED_EDGE ( 'NONE', *, *, #4488, .T. ) ;
#4944 = CARTESIAN_POINT ( 'NONE',  ( 10.00000000000002132, 8.800000000000000711, -7.000000000000000000 ) ) ;
#4945 = LOCAL_TIME ( 16, 32, 57.00000000000000000, #1189 ) ;
#4946 = FACE_OUTER_BOUND ( 'NONE', #1092, .T. ) ;
#4947 = EDGE_LOOP ( 'NONE', ( #3748, #4069, #1468, #4910 ) ) ;
#4948 = SHAPE_REPRESENTATION ( 'Upper Box', ( #1119 ), #2537 ) ;
#4949 = ORIENTED_EDGE ( 'NONE', *, *, #4474, .F. ) ;
#4950 = VECTOR ( 'NONE', #5883, 1000.000000000000000 ) ;
#4951 = EDGE_CURVE ( 'NONE', #5340, #413, #1520, .T. ) ;
#4952 = CARTESIAN_POINT ( 'NONE',  ( 85.99999999999997158, 6.500000000000000000, -15.76104788978376803 ) ) ;
#4953 = APPROVAL_STATUS ( 'not_yet_approved' ) ;
#4954 = ADVANCED_FACE ( 'NONE', ( #3806 ), #5641, .F. ) ;
#4955 = ORIENTED_EDGE ( 'NONE', *, *, #2672, .T. ) ;
#4956 = DIRECTION ( 'NONE',  ( 0.000000000000000000, 0.000000000000000000, 1.000000000000000000 ) ) ;
#4957 = CARTESIAN_POINT ( 'NONE',  ( -19.23935222489148344, 3.999999999999994671, 1.000000000000000000 ) ) ;
#4958 = LINE ( 'NONE', #404, #4983 ) ;
#4959 = EDGE_CURVE ( 'NONE', #148, #1558, #3754, .T. ) ;
#4960 = APPROVAL_DATE_TIME ( #3071, #1073 ) ;
#4961 = DIRECTION ( 'NONE',  ( 0.000000000000000000, 0.000000000000000000, -1.000000000000000000 ) ) ;
#4962 = CARTESIAN_POINT ( 'NONE',  ( 6.460990019177836633E-14, 0.9999999999999991118, -72.17940474342466928 ) ) ;
#4963 = FACE_OUTER_BOUND ( 'NONE', #4577, .T. ) ;
#4964 = DIRECTION ( 'NONE',  ( 0.000000000000000000, 0.000000000000000000, 1.000000000000000000 ) ) ;
#4965 = EDGE_CURVE ( 'NONE', #2459, #1808, #2000, .T. ) ;
#4966 = AXIS2_PLACEMENT_3D ( 'NONE', #2015, #4280, #706 ) ;
#4967 = VERTEX_POINT ( 'NONE', #1546 ) ;
#4968 = DIRECTION ( 'NONE',  ( -0.000000000000000000, 1.000000000000000000, -0.000000000000000000 ) ) ;
#4969 = DIRECTION ( 'NONE',  ( -1.000000000000000000, 0.000000000000000000, 0.000000000000000000 ) ) ;
#4970 = ORIENTED_EDGE ( 'NONE', *, *, #1657, .F. ) ;
#4971 = ORIENTED_EDGE ( 'NONE', *, *, #2719, .F. ) ;
#4972 = CARTESIAN_POINT ( 'NONE',  ( -47.07048378112436637, 4.999999999999997335, 0.6000000000000000888 ) ) ;
#4973 = DIRECTION ( 'NONE',  ( 0.7537688442211061268, 0.000000000000000000, -0.6571396575170135312 ) ) ;
#4974 =( LENGTH_UNIT ( ) NAMED_UNIT ( * ) SI_UNIT ( .MILLI., .METRE. ) );
#4975 = ORIENTED_EDGE ( 'NONE', *, *, #3567, .T. ) ;
#4976 = EDGE_LOOP ( 'NONE', ( #2378, #2834, #707, #1979 ) ) ;
#4977 = DIRECTION ( 'NONE',  ( 0.6571396575170135312, 0.000000000000000000, 0.7537688442211061268 ) ) ;
#4978 = EDGE_CURVE ( 'NONE', #4228, #3814, #3382, .T. ) ;
#4979 = SHAPE_REPRESENTATION ( 'Engsel male', ( #1119 ), #3985 ) ;
#4980 = ORIENTED_EDGE ( 'NONE', *, *, #1593, .F. ) ;
#4981 = CARTESIAN_POINT ( 'NONE',  ( -44.94916343756472088, 3.999999999999994671, -0.5000000000000000000 ) ) ;
#4982 = FACE_OUTER_BOUND ( 'NONE', #2372, .T. ) ;
#4983 = VECTOR ( 'NONE', #4587, 1000.000000000000000 ) ;
#4984 = CARTESIAN_POINT ( 'NONE',  ( 80.03999360868429847, 11.00000000000000000, -100.3325761332882280 ) ) ;
#4985 = EDGE_CURVE ( 'NONE', #5462, #990, #4819, .T. ) ;
#4986 = PERSON_AND_ORGANIZATION ( #82, #1018 ) ;
#4987 = EDGE_CURVE ( 'NONE', #5607, #3566, #2934, .T. ) ;
#4988 = VECTOR ( 'NONE', #3366, 1000.000000000000000 ) ;
#4989 = LINE ( 'NONE', #2827, #5545 ) ;
#4990 = DIRECTION ( 'NONE',  ( -0.7537688442211052386, 0.000000000000000000, 0.6571396575170145304 ) ) ;
#4991 = DIRECTION ( 'NONE',  ( -0.000000000000000000, 1.000000000000000000, -0.000000000000000000 ) ) ;
#4992 = DIRECTION ( 'NONE',  ( -1.000000000000000000, -0.000000000000000000, 0.000000000000000000 ) ) ;
#4993 = VECTOR ( 'NONE', #1369, 1000.000000000000000 ) ;
#4994 = EDGE_LOOP ( 'NONE', ( #2848, #1522, #1647, #2578 ) ) ;
#4995 = CARTESIAN_POINT ( 'NONE',  ( 9.999999999999998224, 11.00000000000000000, -9.999999999999998224 ) ) ;
#4996 = EDGE_CURVE ( 'NONE', #4792, #2756, #5610, .T. ) ;
#4997 = EDGE_CURVE ( 'NONE', #5790, #2515, #3501, .T. ) ;
#4998 = CARTESIAN_POINT ( 'NONE',  ( 240.0000000000000000, 0.9999999999999991118, 0.000000000000000000 ) ) ;
#4999 = VECTOR ( 'NONE', #1074, 1000.000000000000000 ) ;
#5000 = ORIENTED_EDGE ( 'NONE', *, *, #307, .F. ) ;
#5001 = ORIENTED_EDGE ( 'NONE', *, *, #4731, .F. ) ;
#5002 = LINE ( 'NONE', #5485, #4993 ) ;
#5003 = CARTESIAN_POINT ( 'NONE',  ( 235.0000000000000000, 7.300000000000000711, -77.99999999999998579 ) ) ;
#5004 = AXIS2_PLACEMENT_3D ( 'NONE', #765, #1271, #4551 ) ;
#5005 = EDGE_LOOP ( 'NONE', ( #3798, #3223, #4773, #3041 ) ) ;
#5006 = CARTESIAN_POINT ( 'NONE',  ( -29.23935222489148700, 5.999999999999996447, 1.000000000000000000 ) ) ;
#5007 = VERTEX_POINT ( 'NONE', #4878 ) ;
#5008 = FACE_OUTER_BOUND ( 'NONE', #2238, .T. ) ;
#5009 = COORDINATED_UNIVERSAL_TIME_OFFSET ( 7, 0, .AHEAD. ) ;
#5010 = CIRCLE ( 'NONE', #1548, 5.719358714986383596 ) ;
#5011 = ORIENTED_EDGE ( 'NONE', *, *, #5473, .F. ) ;
#5012 = CARTESIAN_POINT ( 'NONE',  ( 231.9999999999999147, 0.000000000000000000, 0.000000000000000000 ) ) ;
#5013 = DIRECTION ( 'NONE',  ( 0.000000000000000000, 0.000000000000000000, -1.000000000000000000 ) ) ;
#5014 = AXIS2_PLACEMENT_3D ( 'NONE', #4847, #1110, #2990 ) ;
#5015 = CC_DESIGN_PERSON_AND_ORGANIZATION_ASSIGNMENT ( #552, #3274, ( #5619 ) ) ;
#5016 = DIRECTION ( 'NONE',  ( -2.072889816903640769E-17, -1.000000000000000000, 0.000000000000000000 ) ) ;
#5017 = APPROVAL_STATUS ( 'not_yet_approved' ) ;
#5018 = CIRCLE ( 'NONE', #330, 0.7500000000000002220 ) ;
#5019 = AXIS2_PLACEMENT_3D ( 'NONE', #2173, #836, #4905 ) ;
#5020 = FACE_OUTER_BOUND ( 'NONE', #2289, .T. ) ;
#5021 = DIRECTION ( 'NONE',  ( 1.000000000000000000, 0.000000000000000000, -0.000000000000000000 ) ) ;
#5022 = FACE_OUTER_BOUND ( 'NONE', #660, .T. ) ;
#5023 = EDGE_CURVE ( 'NONE', #309, #5258, #2678, .T. ) ;
#5024 = CARTESIAN_POINT ( 'NONE',  ( -29.23935222489148700, 4.999999999999992895, 0.5000000000000000000 ) ) ;
#5025 = VECTOR ( 'NONE', #203, 1000.000000000000000 ) ;
#5026 = EDGE_CURVE ( 'NONE', #1057, #1540, #5868, .T. ) ;
#5027 = VERTEX_POINT ( 'NONE', #4011 ) ;
#5028 = CARTESIAN_POINT ( 'NONE',  ( 204.7153205121115604, 0.9999999999999991118, -60.85783660764542446 ) ) ;
#5029 = LINE ( 'NONE', #3321, #3389 ) ;
#5030 = ORIENTED_EDGE ( 'NONE', *, *, #3751, .T. ) ;
#5031 = EDGE_LOOP ( 'NONE', ( #1436, #3160, #5391, #3920 ) ) ;
#5032 = CARTESIAN_POINT ( 'NONE',  ( 9.999999999999998224, 9.000000000000000000, -78.00000000000000000 ) ) ;
#5033 = FACE_OUTER_BOUND ( 'NONE', #3792, .T. ) ;
#5034 = DIRECTION ( 'NONE',  ( 0.000000000000000000, 0.000000000000000000, 1.000000000000000000 ) ) ;
#5035 = VECTOR ( 'NONE', #5737, 1000.000000000000000 ) ;
#5036 = EDGE_CURVE ( 'NONE', #544, #1610, #3584, .T. ) ;
#5037 = ADVANCED_FACE ( 'NONE', ( #837 ), #2654, .F. ) ;
#5038 = ORIENTED_EDGE ( 'NONE', *, *, #2376, .T. ) ;
#5039 = CARTESIAN_POINT ( 'NONE',  ( -29.23935222489148700, 4.999999999999992895, -0.5000000000000000000 ) ) ;
#5040 = ORIENTED_EDGE ( 'NONE', *, *, #4965, .F. ) ;
#5041 = ORGANIZATION ( 'NAUO-ORG1', 'UNSPECIFIED', 'UNSPECIFIED' ) ;
#5042 = AXIS2_PLACEMENT_3D ( 'NONE', #1144, #5366, #1674 ) ;
#5043 = CARTESIAN_POINT ( 'NONE',  ( 154.4535455361796608, 0.9999999999999991118, -72.83414446803934084 ) ) ;
#5044 = COORDINATED_UNIVERSAL_TIME_OFFSET ( 7, 0, .AHEAD. ) ;
#5045 = AXIS2_PLACEMENT_3D ( 'NONE', #5279, #4885, #783 ) ;
#5046 = ORIENTED_EDGE ( 'NONE', *, *, #3090, .T. ) ;
#5047 = DIRECTION ( 'NONE',  ( 0.000000000000000000, -1.000000000000000000, 0.000000000000000000 ) ) ;
#5048 = DIRECTION ( 'NONE',  ( -0.000000000000000000, -1.000000000000000000, -0.000000000000000000 ) ) ;
#5049 = DIRECTION ( 'NONE',  ( 0.000000000000000000, 0.000000000000000000, -1.000000000000000000 ) ) ;
#5050 = COORDINATED_UNIVERSAL_TIME_OFFSET ( 7, 0, .AHEAD. ) ;
#5051 = DIRECTION ( 'NONE',  ( -0.000000000000000000, 1.000000000000000000, -0.000000000000000000 ) ) ;
#5052 = ORIENTED_EDGE ( 'NONE', *, *, #1980, .F. ) ;
#5053 = DIRECTION ( 'NONE',  ( 0.000000000000000000, 1.000000000000000000, -0.000000000000000000 ) ) ;
#5054 = CARTESIAN_POINT ( 'NONE',  ( 83.90884271474560308, 11.00000000000000000, -20.31837809857893262 ) ) ;
#5055 = DIRECTION ( 'NONE',  ( -0.000000000000000000, 1.000000000000000000, -0.000000000000000000 ) ) ;
#5056 = ORIENTED_EDGE ( 'NONE', *, *, #1182, .F. ) ;
#5057 = EDGE_CURVE ( 'NONE', #1020, #1737, #4404, .T. ) ;
#5058 = DIRECTION ( 'NONE',  ( 0.000000000000000000, 0.000000000000000000, 1.000000000000000000 ) ) ;
#5059 = CARTESIAN_POINT ( 'NONE',  ( 0.000000000000000000, 0.9999999999999991118, -60.85783660764542446 ) ) ;
#5060 = ORIENTED_EDGE ( 'NONE', *, *, #5445, .T. ) ;
#5061 = ORIENTED_EDGE ( 'NONE', *, *, #5337, .T. ) ;
#5062 = CIRCLE ( 'NONE', #4867, 5.719358714986393366 ) ;
#5063 = LINE ( 'NONE', #1938, #4423 ) ;
#5064 = CARTESIAN_POINT ( 'NONE',  ( 88.37982142701400790, 0.9999999999999991118, -22.47102776107254840 ) ) ;
#5065 = DATE_AND_TIME ( #1137, #731 ) ;
#5066 = EDGE_CURVE ( 'NONE', #4172, #5520, #312, .T. ) ;
#5067 = AXIS2_PLACEMENT_3D ( 'NONE', #3307, #1503, #1128 ) ;
#5068 = ORIENTED_EDGE ( 'NONE', *, *, #898, .F. ) ;
#5069 = DIRECTION ( 'NONE',  ( 0.000000000000000000, 1.000000000000000000, 0.000000000000000000 ) ) ;
#5070 = EDGE_LOOP ( 'NONE', ( #4860, #5720, #3117, #497 ) ) ;
#5071 = ADVANCED_FACE ( 'NONE', ( #5848 ), #5361, .T. ) ;
#5072 = LINE ( 'NONE', #1295, #4827 ) ;
#5073 = ORIENTED_EDGE ( 'NONE', *, *, #344, .F. ) ;
#5074 = EDGE_CURVE ( 'NONE', #655, #2802, #5419, .T. ) ;
#5075 = EDGE_CURVE ( 'NONE', #2812, #867, #804, .T. ) ;
#5076 = DIRECTION ( 'NONE',  ( -0.000000000000000000, 1.000000000000000000, -0.000000000000000000 ) ) ;
#5077 = LINE ( 'NONE', #968, #3110 ) ;
#5078 = CARTESIAN_POINT ( 'NONE',  ( 1.000000000000000000, 11.00000000000000000, -10.00000000000006395 ) ) ;
#5079 = APPLICATION_PROTOCOL_DEFINITION ( 'international standard', 'config_control_design', 1994, #2579 ) ;
#5080 = FACE_OUTER_BOUND ( 'NONE', #332, .T. ) ;
#5081 = ORIENTED_EDGE ( 'NONE', *, *, #861, .F. ) ;
#5082 = CARTESIAN_POINT ( 'NONE',  ( 9.999999999999998224, 0.000000000000000000, -78.00000000000000000 ) ) ;
#5083 = CARTESIAN_POINT ( 'NONE',  ( -34.94916343756472088, 3.999999999999995559, 1.000000000000000000 ) ) ;
#5084 = PLANE ( 'NONE',  #4428 ) ;
#5085 = ORIENTED_EDGE ( 'NONE', *, *, #3478, .T. ) ;
#5086 = CIRCLE ( 'NONE', #2495, 9.000000000000003553 ) ;
#5087 = CARTESIAN_POINT ( 'NONE',  ( 100.0127274652590899, 0.9999999999999991118, -72.83414446803929820 ) ) ;
#5088 = LINE ( 'NONE', #1487, #1270 ) ;
#5089 = EDGE_LOOP ( 'NONE', ( #3846, #4579, #1457, #333 ) ) ;
#5090 = ORIENTED_EDGE ( 'NONE', *, *, #1227, .T. ) ;
#5091 = AXIS2_PLACEMENT_3D ( 'NONE', #5575, #503, #3287 ) ;
#5092 = FACE_OUTER_BOUND ( 'NONE', #2973, .T. ) ;
#5093 = LINE ( 'NONE', #5159, #3995 ) ;
#5094 = APPROVAL ( #5801, 'UNKNOWN' ) ;
#5095 = APPROVAL_STATUS ( 'not_yet_approved' ) ;
#5096 = VECTOR ( 'NONE', #5055, 1000.000000000000000 ) ;
#5097 = ORIENTED_EDGE ( 'NONE', *, *, #314, .F. ) ;
#5098 = CARTESIAN_POINT ( 'NONE',  ( 110.7339460819190720, 4.500000000000000000, -55.89756598715707270 ) ) ;
#5099 = ORIENTED_EDGE ( 'NONE', *, *, #2705, .F. ) ;
#5100 = VECTOR ( 'NONE', #602, 1000.000000000000000 ) ;
#5101 = FACE_OUTER_BOUND ( 'NONE', #4299, .T. ) ;
#5102 = EDGE_CURVE ( 'NONE', #4115, #1918, #4849, .T. ) ;
#5103 = EDGE_LOOP ( 'NONE', ( #1927, #4370, #3449, #5596 ) ) ;
#5104 = ORIENTED_EDGE ( 'NONE', *, *, #2752, .F. ) ;
#5105 = ORIENTED_EDGE ( 'NONE', *, *, #3939, .F. ) ;
#5106 = CARTESIAN_POINT ( 'NONE',  ( -50.00000000000000000, 7.133974596215556296, -0.5000000000000000000 ) ) ;
#5107 = CARTESIAN_POINT ( 'NONE',  ( 10.00000000000006928, 7.300000000000000711, -88.00000000000000000 ) ) ;
#5108 = DIRECTION ( 'NONE',  ( 1.000000000000000000, 0.000000000000000000, -0.000000000000000000 ) ) ;
#5109 = FACE_OUTER_BOUND ( 'NONE', #4408, .T. ) ;
#5110 = PERSON_AND_ORGANIZATION ( #82, #1018 ) ;
#5111 = EDGE_CURVE ( 'NONE', #3448, #4128, #5756, .T. ) ;
#5112 = ADVANCED_FACE ( 'NONE', ( #3052 ), #776, .F. ) ;
#5113 = CARTESIAN_POINT ( 'NONE',  ( -12.51897548311830910, 3.999999999999994671, 0.000000000000000000 ) ) ;
#5114 = CIRCLE ( 'NONE', #4721, 2.999999999999988898 ) ;
#5115 = ORIENTED_EDGE ( 'NONE', *, *, #1086, .T. ) ;
#5116 = CIRCLE ( 'NONE', #2806, 9.999999999999998224 ) ;
#5117 = CARTESIAN_POINT ( 'NONE',  ( 10.00000000000007105, 8.800000000000000711, 0.000000000000000000 ) ) ;
#5118 = FACE_OUTER_BOUND ( 'NONE', #252, .T. ) ;
#5119 = CARTESIAN_POINT ( 'NONE',  ( 45.17477858715649575, 6.500000000000000000, -69.92602476605820527 ) ) ;
#5120 = VECTOR ( 'NONE', #2694, 1000.000000000000000 ) ;
#5121 = ORIENTED_EDGE ( 'NONE', *, *, #1917, .T. ) ;
#5122 = VECTOR ( 'NONE', #39, 1000.000000000000000 ) ;
#5123 = FACE_OUTER_BOUND ( 'NONE', #3679, .T. ) ;
#5124 = AXIS2_PLACEMENT_3D ( 'NONE', #1971, #5192, #4734 ) ;
#5125 = LINE ( 'NONE', #3766, #1562 ) ;
#5126 = VERTEX_POINT ( 'NONE', #327 ) ;
#5127 = ORIENTED_EDGE ( 'NONE', *, *, #3048, .T. ) ;
#5128 = VECTOR ( 'NONE', #3491, 1000.000000000000227 ) ;
#5129 = DIRECTION ( 'NONE',  ( -0.000000000000000000, 1.000000000000000000, -0.000000000000000000 ) ) ;
#5130 = CARTESIAN_POINT ( 'NONE',  ( 159.4937537328018493, 0.9999999999999991118, -64.06971266595986947 ) ) ;
#5131 = DIRECTION ( 'NONE',  ( 1.000000000000000000, 0.000000000000000000, 0.000000000000000000 ) ) ;
#5132 = ORIENTED_EDGE ( 'NONE', *, *, #4541, .T. ) ;
#5133 = DIRECTION ( 'NONE',  ( 0.000000000000000000, 0.000000000000000000, 1.000000000000000000 ) ) ;
#5134 = ORIENTED_EDGE ( 'NONE', *, *, #132, .T. ) ;
#5135 = AXIS2_PLACEMENT_3D ( 'NONE', #5280, #306, #2546 ) ;
#5136 = CARTESIAN_POINT ( 'NONE',  ( 156.0000000000000000, 8.800000000000000711, -33.00771455645043773 ) ) ;
#5137 = VERTEX_POINT ( 'NONE', #2594 ) ;
#5138 = PRODUCT_DEFINITION_FORMATION_WITH_SPECIFIED_SOURCE ( 'ANY', '', #393, .NOT_KNOWN. ) ;
#5139 = EDGE_CURVE ( 'NONE', #867, #1598, #4432, .T. ) ;
#5140 = VERTEX_POINT ( 'NONE', #2146 ) ;
#5141 = ORIENTED_EDGE ( 'NONE', *, *, #3595, .F. ) ;
#5142 = CARTESIAN_POINT ( 'NONE',  ( 156.0000000000000000, 6.500000000000000000, -33.00771455645043773 ) ) ;
#5143 = CARTESIAN_POINT ( 'NONE',  ( 231.9999999999999147, 9.000000000000000000, -88.00000000000000000 ) ) ;
#5144 = PLANE ( 'NONE',  #1421 ) ;
#5145 = LOCAL_TIME ( 16, 32, 57.00000000000000000, #4891 ) ;
#5146 = APPROVAL_STATUS ( 'not_yet_approved' ) ;
#5147 = PLANE ( 'NONE',  #4395 ) ;
#5148 = ORIENTED_EDGE ( 'NONE', *, *, #1077, .F. ) ;
#5149 = DIRECTION ( 'NONE',  ( -1.000000000000000000, 0.000000000000000000, 0.000000000000000000 ) ) ;
#5150 = EDGE_CURVE ( 'NONE', #1603, #4668, #3983, .T. ) ;
#5151 = DIRECTION ( 'NONE',  ( 0.000000000000000000, 0.000000000000000000, 1.000000000000000000 ) ) ;
#5152 = CARTESIAN_POINT ( 'NONE',  ( 0.000000000000000000, 6.000000000000000000, -0.5000000000000000000 ) ) ;
#5153 = ORIENTED_EDGE ( 'NONE', *, *, #2277, .F. ) ;
#5154 = CARTESIAN_POINT ( 'NONE',  ( -19.23935222489148344, 3.999999999999994671, 1.000000000000000000 ) ) ;
#5155 = DIRECTION ( 'NONE',  ( -0.7537688442211051276, 0.000000000000000000, 0.6571396575170147525 ) ) ;
#5156 = ORIENTED_EDGE ( 'NONE', *, *, #3455, .F. ) ;
#5157 = ORIENTED_EDGE ( 'NONE', *, *, #2351, .T. ) ;
#5158 = CARTESIAN_POINT ( 'NONE',  ( 231.9999999999999147, 7.300000000000000711, -88.00000000000000000 ) ) ;
#5159 = CARTESIAN_POINT ( 'NONE',  ( -19.23935222489148344, 3.999999999999994671, 1.000000000000000000 ) ) ;
#5160 = CARTESIAN_POINT ( 'NONE',  ( 9.999999999999998224, 7.300000000000000711, -78.00000000000000000 ) ) ;
#5161 = ADVANCED_BREP_SHAPE_REPRESENTATION ( '', ( #2649, #1119 ), #2442 ) ;
#5162 = DIRECTION ( 'NONE',  ( 0.000000000000000000, -1.000000000000000000, 0.000000000000000000 ) ) ;
#5163 = VECTOR ( 'NONE', #2112, 1000.000000000000000 ) ;
#5164 = ORIENTED_EDGE ( 'NONE', *, *, #2985, .F. ) ;
#5165 = CARTESIAN_POINT ( 'NONE',  ( -29.23935222489148700, 5.999999999999996447, 1.000000000000000000 ) ) ;
#5166 = VECTOR ( 'NONE', #2823, 1000.000000000000000 ) ;
#5167 = ORIENTED_EDGE ( 'NONE', *, *, #2240, .F. ) ;
#5168 = ORIENTED_EDGE ( 'NONE', *, *, #2725, .T. ) ;
#5169 = VERTEX_POINT ( 'NONE', #4906 ) ;
#5170 = LINE ( 'NONE', #1036, #4988 ) ;
#5171 = CARTESIAN_POINT ( 'NONE',  ( 96.17362647508851126, 0.9999999999999991118, -63.53582251419942395 ) ) ;
#5172 = EDGE_CURVE ( 'NONE', #2302, #3876, #1309, .T. ) ;
#5173 = PERSON_AND_ORGANIZATION ( #82, #1018 ) ;
#5174 = DIRECTION ( 'NONE',  ( -0.000000000000000000, -1.000000000000000000, -0.000000000000000000 ) ) ;
#5175 = EDGE_LOOP ( 'NONE', ( #123, #3165, #4294, #5586, #5164, #207, #70, #5824 ) ) ;
#5176 = CARTESIAN_POINT ( 'NONE',  ( -2.518975483118307324, 6.000000000000000000, 1.000000000000000000 ) ) ;
#5177 = DESIGN_CONTEXT ( 'detailed design', #1349, 'design' ) ;
#5178 = DIRECTION ( 'NONE',  ( 0.000000000000000000, 1.000000000000000000, -0.000000000000000000 ) ) ;
#5179 = EDGE_CURVE ( 'NONE', #5646, #1900, #1925, .T. ) ;
#5180 = FACE_OUTER_BOUND ( 'NONE', #766, .T. ) ;
#5181 = EDGE_CURVE ( 'NONE', #69, #5767, #4333, .T. ) ;
#5182 = EDGE_LOOP ( 'NONE', ( #2178, #895, #1398, #2391 ) ) ;
#5183 = PLANE ( 'NONE',  #5890 ) ;
#5184 = CARTESIAN_POINT ( 'NONE',  ( 235.0000000000000000, 7.300000000000000711, -9.999999999999998224 ) ) ;
#5185 = ORIENTED_EDGE ( 'NONE', *, *, #1612, .T. ) ;
#5186 = ORIENTED_EDGE ( 'NONE', *, *, #442, .F. ) ;
#5187 = DIRECTION ( 'NONE',  ( 1.000000000000000000, 0.000000000000000000, -0.000000000000000000 ) ) ;
#5188 = DIRECTION ( 'NONE',  ( 1.000000000000000000, 0.000000000000000000, -0.000000000000000000 ) ) ;
#5189 = VECTOR ( 'NONE', #2189, 1000.000000000000000 ) ;
#5190 = EDGE_CURVE ( 'NONE', #3424, #4550, #3669, .T. ) ;
#5191 = ADVANCED_FACE ( 'NONE', ( #5936 ), #5084, .T. ) ;
#5192 = DIRECTION ( 'NONE',  ( -0.000000000000000000, 0.000000000000000000, -1.000000000000000000 ) ) ;
#5193 = DIRECTION ( 'NONE',  ( -0.000000000000000000, 1.000000000000000000, -0.000000000000000000 ) ) ;
#5194 = AXIS2_PLACEMENT_3D ( 'NONE', #2660, #1289, #5259 ) ;
#5195 = ORIENTED_EDGE ( 'NONE', *, *, #3089, .T. ) ;
#5196 = CARTESIAN_POINT ( 'NONE',  ( 10.00000000000006395, 11.00000000000000000, -87.00000000000000000 ) ) ;
#5197 = EDGE_CURVE ( 'NONE', #4772, #2388, #2255, .T. ) ;
#5198 = VERTEX_POINT ( 'NONE', #1451 ) ;
#5199 = VERTEX_POINT ( 'NONE', #3639 ) ;
#5200 = EDGE_LOOP ( 'NONE', ( #3865, #288, #2435, #2138 ) ) ;
#5201 = CARTESIAN_POINT ( 'NONE',  ( 231.9999999999999147, 9.000000000000000000, -87.00000000000000000 ) ) ;
#5202 = CYLINDRICAL_SURFACE ( 'NONE', #1999, 1.000000000000000000 ) ;
#5203 = PERSON_AND_ORGANIZATION ( #82, #1018 ) ;
#5204 = LINE ( 'NONE', #3431, #4208 ) ;
#5205 = ORIENTED_EDGE ( 'NONE', *, *, #2740, .F. ) ;
#5206 = DIRECTION ( 'NONE',  ( -0.000000000000000000, 1.000000000000000000, -0.000000000000000000 ) ) ;
#5207 = CARTESIAN_POINT ( 'NONE',  ( 121.0000000000000000, 8.800000000000000711, -46.27423265382377338 ) ) ;
#5208 = DIRECTION ( 'NONE',  ( -1.000000000000000000, -1.717263521134806862E-16, 0.000000000000000000 ) ) ;
#5209 = EDGE_LOOP ( 'NONE', ( #5454, #139, #4674, #1160 ) ) ;
#5210 = AXIS2_PLACEMENT_3D ( 'NONE', #3617, #4042, #1337 ) ;
#5211 = VECTOR ( 'NONE', #1078, 1000.000000000000000 ) ;
#5212 = EDGE_CURVE ( 'NONE', #2364, #69, #5566, .T. ) ;
#5213 = DIRECTION ( 'NONE',  ( 0.000000000000000000, -1.000000000000000000, 0.000000000000000000 ) ) ;
#5214 = ORIENTED_EDGE ( 'NONE', *, *, #719, .F. ) ;
#5215 = VECTOR ( 'NONE', #2075, 1000.000000000000000 ) ;
#5216 = EDGE_CURVE ( 'NONE', #1847, #3700, #5452, .T. ) ;
#5217 = CARTESIAN_POINT ( 'NONE',  ( -19.23935222489148344, 3.999999999999994671, 0.000000000000000000 ) ) ;
#5218 = LINE ( 'NONE', #3884, #3056 ) ;
#5219 = AXIS2_PLACEMENT_3D ( 'NONE', #49, #1418, #975 ) ;
#5220 = EDGE_CURVE ( 'NONE', #5520, #1315, #4565, .T. ) ;
#5221 = CARTESIAN_POINT ( 'NONE',  ( 85.99999999999998579, 4.500000000000000000, -14.43438122311710714 ) ) ;
#5222 = VECTOR ( 'NONE', #708, 1000.000000000000000 ) ;
#5223 = CARTESIAN_POINT ( 'NONE',  ( 235.0000000000000000, 8.800000000000000711, -9.999999999999998224 ) ) ;
#5224 = VERTEX_POINT ( 'NONE', #5538 ) ;
#5225 = EDGE_CURVE ( 'NONE', #3844, #4228, #495, .T. ) ;
#5226 = PLANE ( 'NONE',  #835 ) ;
#5227 = ADVANCED_FACE ( 'NONE', ( #4158 ), #1334, .F. ) ;
#5228 = FACE_OUTER_BOUND ( 'NONE', #1464, .T. ) ;
#5229 = VECTOR ( 'NONE', #1482, 1000.000000000000000 ) ;
#5230 = ORIENTED_EDGE ( 'NONE', *, *, #3752, .T. ) ;
#5231 = ORIENTED_EDGE ( 'NONE', *, *, #5893, .T. ) ;
#5232 = VERTEX_POINT ( 'NONE', #4067 ) ;
#5233 = FACE_OUTER_BOUND ( 'NONE', #2163, .T. ) ;
#5234 = ADVANCED_FACE ( 'NONE', ( #5907 ), #4097, .F. ) ;
#5235 = CARTESIAN_POINT ( 'NONE',  ( 35.31768372440127735, 4.500000000000000000, -58.61949210274161715 ) ) ;
#5236 = MECHANICAL_CONTEXT ( 'NONE', #5569, 'mechanical' ) ;
#5237 = DIRECTION ( 'NONE',  ( -1.000000000000000000, 0.000000000000000000, -7.653191805780047250E-17 ) ) ;
#5238 = VERTEX_POINT ( 'NONE', #51 ) ;
#5239 = CARTESIAN_POINT ( 'NONE',  ( 85.99999999999998579, 6.500000000000000000, -14.43438122311710714 ) ) ;
#5240 = LOCAL_TIME ( 16, 32, 57.00000000000000000, #5627 ) ;
#5241 = DIRECTION ( 'NONE',  ( -0.000000000000000000, 1.000000000000000000, -0.000000000000000000 ) ) ;
#5242 = CARTESIAN_POINT ( 'NONE',  ( 231.9999999999999147, 8.800000000000000711, -88.00000000000000000 ) ) ;
#5243 = COORDINATED_UNIVERSAL_TIME_OFFSET ( 7, 0, .AHEAD. ) ;
#5244 = ORIENTED_EDGE ( 'NONE', *, *, #352, .F. ) ;
#5245 = APPROVAL_PERSON_ORGANIZATION ( #4114, #2448, #4923 ) ;
#5246 = DIRECTION ( 'NONE',  ( 0.000000000000000000, 1.000000000000000000, -0.000000000000000000 ) ) ;
#5247 = CYLINDRICAL_SURFACE ( 'NONE', #4043, 0.7500000000000002220 ) ;
#5248 = CC_DESIGN_DATE_AND_TIME_ASSIGNMENT ( #2747, #1402, ( #2667 ) ) ;
#5249 = LINE ( 'NONE', #5275, #2052 ) ;
#5250 = CARTESIAN_POINT ( 'NONE',  ( 131.2660539180809565, 4.500000000000000000, -55.89756598715694480 ) ) ;
#5251 = VERTEX_POINT ( 'NONE', #5476 ) ;
#5252 = DIRECTION ( 'NONE',  ( 0.000000000000000000, 0.000000000000000000, 1.000000000000000000 ) ) ;
#5253 = EDGE_CURVE ( 'NONE', #3030, #5563, #4604, .T. ) ;
#5254 = CARTESIAN_POINT ( 'NONE',  ( 231.9999999999999716, 11.00000000000000000, -9.999999999999998224 ) ) ;
#5255 = ORIENTED_EDGE ( 'NONE', *, *, #421, .F. ) ;
#5256 = EDGE_CURVE ( 'NONE', #3708, #3719, #2211, .T. ) ;
#5257 = ORIENTED_EDGE ( 'NONE', *, *, #1688, .T. ) ;
#5258 = VERTEX_POINT ( 'NONE', #466 ) ;
#5259 = DIRECTION ( 'NONE',  ( 0.6571396575170141974, 0.000000000000000000, -0.7537688442211055717 ) ) ;
#5260 = LINE ( 'NONE', #2518, #5215 ) ;
#5261 = APPROVAL_DATE_TIME ( #3937, #3330 ) ;
#5262 = EDGE_CURVE ( 'NONE', #1882, #4006, #1899, .T. ) ;
#5263 = EDGE_CURVE ( 'NONE', #2318, #3768, #3174, .T. ) ;
#5264 = LINE ( 'NONE', #258, #1795 ) ;
#5265 = ORIENTED_EDGE ( 'NONE', *, *, #5263, .T. ) ;
#5266 = CARTESIAN_POINT ( 'NONE',  ( 0.000000000000000000, 11.00000000000000000, -86.00000000000000000 ) ) ;
#5267 = CARTESIAN_POINT ( 'NONE',  ( -12.51897548311831088, 5.999999999999998224, 1.000000000000000000 ) ) ;
#5268 = APPLICATION_CONTEXT ( 'configuration controlled 3d designs of mechanical parts and assemblies' ) ;
#5269 = PLANE ( 'NONE',  #1643 ) ;
#5270 = CALENDAR_DATE ( 2024, 9, 7 ) ;
#5271 = ORIENTED_EDGE ( 'NONE', *, *, #2758, .T. ) ;
#5272 = CARTESIAN_POINT ( 'NONE',  ( 0.000000000000000000, 7.999999999999994671, -0.5000000000000000000 ) ) ;
#5273 = DIRECTION ( 'NONE',  ( -0.000000000000000000, -1.000000000000000000, -0.000000000000000000 ) ) ;
#5274 = FACE_OUTER_BOUND ( 'NONE', #2225, .T. ) ;
#5275 = CARTESIAN_POINT ( 'NONE',  ( 0.9999999999999993339, 9.000000000000000000, 6.377659838150034856E-17 ) ) ;
#5276 = DIRECTION ( 'NONE',  ( 0.000000000000000000, 1.000000000000000000, -0.000000000000000000 ) ) ;
#5277 = ORIENTED_EDGE ( 'NONE', *, *, #4879, .F. ) ;
#5278 = AXIS2_PLACEMENT_3D ( 'NONE', #460, #2218, #2306 ) ;
#5279 = CARTESIAN_POINT ( 'NONE',  ( 32.39949558450449985, 0.9999999999999991118, -77.89876345841102534 ) ) ;
#5280 = CARTESIAN_POINT ( 'NONE',  ( 9.999999999999998224, 11.00000000000000000, -9.999999999999998224 ) ) ;
#5281 = ORIENTED_EDGE ( 'NONE', *, *, #4405, .T. ) ;
#5282 = AXIS2_PLACEMENT_3D ( 'NONE', #1382, #5048, #2761 ) ;
#5283 = ORIENTED_EDGE ( 'NONE', *, *, #5369, .F. ) ;
#5284 = ORIENTED_EDGE ( 'NONE', *, *, #5931, .F. ) ;
#5285 = EDGE_CURVE ( 'NONE', #3426, #2318, #1392, .T. ) ;
#5286 = DIRECTION ( 'NONE',  ( -1.000000000000000000, 0.000000000000000000, 0.000000000000000000 ) ) ;
#5287 = DIRECTION ( 'NONE',  ( 0.000000000000000000, 0.000000000000000000, 1.000000000000000000 ) ) ;
#5288 = VECTOR ( 'NONE', #1490, 1000.000000000000000 ) ;
#5289 = ITEM_DEFINED_TRANSFORMATION ( 'NONE', 'NONE', #1389,  #1119 ) ;
#5290 = AXIS2_PLACEMENT_3D ( 'NONE', #4192, #3730, #4690 ) ;
#5291 = DIRECTION ( 'NONE',  ( -0.000000000000000000, -1.000000000000000000, 0.000000000000000000 ) ) ;
#5292 = ORIENTED_EDGE ( 'NONE', *, *, #3564, .F. ) ;
#5293 = DIRECTION ( 'NONE',  ( -0.000000000000000000, -1.000000000000000000, -0.000000000000000000 ) ) ;
#5294 = DIRECTION ( 'NONE',  ( 1.000000000000000000, 0.000000000000000000, -0.000000000000000000 ) ) ;
#5295 = AXIS2_PLACEMENT_3D ( 'NONE', #5804, #1682, #3516 ) ;
#5296 = DIRECTION ( 'NONE',  ( 0.000000000000000000, 1.000000000000000000, -0.000000000000000000 ) ) ;
#5297 = EDGE_CURVE ( 'NONE', #58, #2200, #4593, .T. ) ;
#5298 = ADVANCED_FACE ( 'NONE', ( #4625 ), #2347, .F. ) ;
#5299 = PERSON_AND_ORGANIZATION ( #82, #1018 ) ;
#5300 = EDGE_LOOP ( 'NONE', ( #4900, #5828, #3534, #37 ) ) ;
#5301 = PLANE ( 'NONE',  #2477 ) ;
#5302 = CARTESIAN_POINT ( 'NONE',  ( 32.39949558450452116, 0.9999999999999991118, -72.17940474342464086 ) ) ;
#5303 = CARTESIAN_POINT ( 'NONE',  ( 96.17362647508851126, 11.00000000000000000, -63.53582251419942395 ) ) ;
#5304 = DIRECTION ( 'NONE',  ( 0.7071067811865465735, 0.000000000000000000, -0.7071067811865484609 ) ) ;
#5305 = CARTESIAN_POINT ( 'NONE',  ( 204.1825766112768861, 0.9999999999999991118, -31.58245403932741979 ) ) ;
#5306 = DIRECTION ( 'NONE',  ( -0.7537688442211079032, 0.000000000000000000, -0.6571396575170115328 ) ) ;
#5307 = ORIENTED_EDGE ( 'NONE', *, *, #2271, .F. ) ;
#5308 = VECTOR ( 'NONE', #4035, 1000.000000000000000 ) ;
#5309 = CARTESIAN_POINT ( 'NONE',  ( -29.23935222489148700, 3.999999999999993339, 0.000000000000000000 ) ) ;
#5310 = CARTESIAN_POINT ( 'NONE',  ( 2.121320343559649046, 5.292893218813446765, 0.000000000000000000 ) ) ;
#5311 = EDGE_LOOP ( 'NONE', ( #2751, #477, #929, #1527 ) ) ;
#5312 = CIRCLE ( 'NONE', #3773, 0.7499999999999997780 ) ;
#5313 = VECTOR ( 'NONE', #4585, 1000.000000000000000 ) ;
#5314 = EDGE_LOOP ( 'NONE', ( #2869, #4341, #3709, #3399 ) ) ;
#5315 = ORIENTED_EDGE ( 'NONE', *, *, #3713, .F. ) ;
#5316 = DIRECTION ( 'NONE',  ( 0.000000000000000000, 1.000000000000000000, -0.000000000000000000 ) ) ;
#5317 = VECTOR ( 'NONE', #4285, 1000.000000000000000 ) ;
#5318 = PERSON_AND_ORGANIZATION_ROLE ( 'classification_officer' ) ;
#5319 = EDGE_CURVE ( 'NONE', #2312, #4546, #5726, .T. ) ;
#5320 = LINE ( 'NONE', #5489, #2755 ) ;
#5321 = ORIENTED_EDGE ( 'NONE', *, *, #1233, .F. ) ;
#5322 = PLANE ( 'NONE',  #45 ) ;
#5323 = FACE_OUTER_BOUND ( 'NONE', #896, .T. ) ;
#5324 = CARTESIAN_POINT ( 'NONE',  ( 156.0000000000000000, 4.500000000000000000, -34.33438122311710572 ) ) ;
#5325 = APPROVAL_PERSON_ORGANIZATION ( #2531, #636, #3522 ) ;
#5326 = DATE_TIME_ROLE ( 'classification_date' ) ;
#5327 = ORIENTED_EDGE ( 'NONE', *, *, #3529, .F. ) ;
#5328 = FACE_OUTER_BOUND ( 'NONE', #5921, .T. ) ;
#5329 = APPROVAL_PERSON_ORGANIZATION ( #5203, #5535, #4654 ) ;
#5330 = EDGE_CURVE ( 'NONE', #1426, #4967, #682, .T. ) ;
#5331 = CARTESIAN_POINT ( 'NONE',  ( 0.000000000000000000, 8.800000000000000711, -10.00000000000007105 ) ) ;
#5332 = LINE ( 'NONE', #1718, #4928 ) ;
#5333 = DIRECTION ( 'NONE',  ( -0.000000000000000000, 1.000000000000000000, -0.000000000000000000 ) ) ;
#5334 = ORIENTED_EDGE ( 'NONE', *, *, #4996, .F. ) ;
#5335 = CIRCLE ( 'NONE', #3602, 1.000000000000000000 ) ;
#5336 = CARTESIAN_POINT ( 'NONE',  ( 231.9999999999999147, 9.000000000000000000, -87.00000000000000000 ) ) ;
#5337 = EDGE_CURVE ( 'NONE', #422, #1932, #4312, .T. ) ;
#5338 = DIRECTION ( 'NONE',  ( -8.673617379884020681E-16, 1.000000000000000000, -0.000000000000000000 ) ) ;
#5339 = ORIENTED_EDGE ( 'NONE', *, *, #3537, .F. ) ;
#5340 = VERTEX_POINT ( 'NONE', #5152 ) ;
#5341 = FACE_OUTER_BOUND ( 'NONE', #1850, .T. ) ;
#5342 = CARTESIAN_POINT ( 'NONE',  ( -29.23935222489148700, 4.999999999999997335, 0.6000000000000000888 ) ) ;
#5343 = ORIENTED_EDGE ( 'NONE', *, *, #1947, .F. ) ;
#5344 = VERTEX_POINT ( 'NONE', #2959 ) ;
#5345 = CARTESIAN_POINT ( 'NONE',  ( 0.000000000000000000, 0.9999999999999991118, -6.413121992594955856 ) ) ;
#5346 = APPROVAL_DATE_TIME ( #2077, #1383 ) ;
#5347 = CYLINDRICAL_SURFACE ( 'NONE', #5295, 5.719358714986383596 ) ;
#5348 = ORIENTED_EDGE ( 'NONE', *, *, #5388, .F. ) ;
#5349 = PLANE ( 'NONE',  #3579 ) ;
#5350 = VECTOR ( 'NONE', #3652, 1000.000000000000000 ) ;
#5351 = DIRECTION ( 'NONE',  ( 8.673617379884020681E-16, -1.000000000000000000, 0.000000000000000000 ) ) ;
#5352 = CC_DESIGN_PERSON_AND_ORGANIZATION_ASSIGNMENT ( #3007, #5717, ( #5813 ) ) ;
#5353 = CARTESIAN_POINT ( 'NONE',  ( 130.8913525087804146, 7.300000000000000711, -54.89756598715694480 ) ) ;
#5354 = MECHANICAL_CONTEXT ( 'NONE', #5268, 'mechanical' ) ;
#5355 = ORIENTED_EDGE ( 'NONE', *, *, #4157, .F. ) ;
#5356 = VECTOR ( 'NONE', #4064, 1000.000000000000000 ) ;
#5357 = CARTESIAN_POINT ( 'NONE',  ( -19.23935222489148344, 4.999999999999997335, 0.6000000000000000888 ) ) ;
#5358 = LINE ( 'NONE', #2592, #1661 ) ;
#5359 = LINE ( 'NONE', #5386, #4068 ) ;
#5360 = ADVANCED_FACE ( 'NONE', ( #3377 ), #5269, .F. ) ;
#5361 = CYLINDRICAL_SURFACE ( 'NONE', #4706, 1.000000000000000000 ) ;
#5362 = CARTESIAN_POINT ( 'NONE',  ( 206.6823162755987084, 4.500000000000000000, -58.61949210274162425 ) ) ;
#5363 = FACE_OUTER_BOUND ( 'NONE', #5182, .T. ) ;
#5364 = ORIENTED_EDGE ( 'NONE', *, *, #4120, .T. ) ;
#5365 = ORIENTED_EDGE ( 'NONE', *, *, #1254, .F. ) ;
#5366 = DIRECTION ( 'NONE',  ( 0.000000000000000000, 1.000000000000000000, -0.000000000000000000 ) ) ;
#5367 = SHAPE_REPRESENTATION_RELATIONSHIP ( 'NONE' , 'NONE' ,  #5832, #5161 ) ;
#5368 = EDGE_CURVE ( 'NONE', #4861, #4708, #1538, .T. ) ;
#5369 = EDGE_CURVE ( 'NONE', #3700, #5825, #1483, .T. ) ;
#5370 = VERTEX_POINT ( 'NONE', #3797 ) ;
#5371 = ORIENTED_EDGE ( 'NONE', *, *, #4750, .F. ) ;
#5372 = CARTESIAN_POINT ( 'NONE',  ( 204.7153205121115604, 11.00000000000000000, -66.57719532263180895 ) ) ;
#5373 = CALENDAR_DATE ( 2024, 9, 7 ) ;
#5374 = VECTOR ( 'NONE', #2576, 1000.000000000000000 ) ;
#5375 = CARTESIAN_POINT ( 'NONE',  ( 44.94453945431162367, 8.800000000000000711, -51.55341512416507754 ) ) ;
#5376 = EDGE_LOOP ( 'NONE', ( #573, #936, #1590, #3259, #5283, #2100, #1869, #1314, #5811, #5141, #596 ) ) ;
#5377 = DIRECTION ( 'NONE',  ( -1.000000000000000000, 0.000000000000000000, 0.000000000000000000 ) ) ;
#5378 = AXIS2_PLACEMENT_3D ( 'NONE', #4972, #4831, #733 ) ;
#5379 = PLANE ( 'NONE',  #5898 ) ;
#5380 = CARTESIAN_POINT ( 'NONE',  ( 242.0000000000000000, 0.000000000000000000, -77.99999999999992895 ) ) ;
#5381 = DATE_AND_TIME ( #5727, #4549 ) ;
#5382 = AXIS2_PLACEMENT_3D ( 'NONE', #1198, #3953, #4964 ) ;
#5383 = DIRECTION ( 'NONE',  ( 1.000000000000000000, 0.000000000000000000, 7.365866894982313429E-15 ) ) ;
#5384 = DIRECTION ( 'NONE',  ( 0.000000000000000000, 0.000000000000000000, 1.000000000000000000 ) ) ;
#5385 = CIRCLE ( 'NONE', #792, 7.999999999999992895 ) ;
#5386 = CARTESIAN_POINT ( 'NONE',  ( 0.000000000000000000, 0.9999999999999991118, -86.00000000000000000 ) ) ;
#5387 = CARTESIAN_POINT ( 'NONE',  ( 1.243733890142183537E-16, 11.99999999999999467, 1.000000000000000000 ) ) ;
#5388 = EDGE_CURVE ( 'NONE', #5258, #4266, #1045, .T. ) ;
#5389 = CARTESIAN_POINT ( 'NONE',  ( -12.51897548311830910, 4.999999999999994671, -0.5000000000000000000 ) ) ;
#5390 = DIRECTION ( 'NONE',  ( 0.000000000000000000, 1.000000000000000000, -0.000000000000000000 ) ) ;
#5391 = ORIENTED_EDGE ( 'NONE', *, *, #965, .F. ) ;
#5392 = ORIENTED_EDGE ( 'NONE', *, *, #5816, .T. ) ;
#5393 = CYLINDRICAL_SURFACE ( 'NONE', #1541, 5.719358714986393366 ) ;
#5394 = DIRECTION ( 'NONE',  ( 0.000000000000000000, 0.000000000000000000, -1.000000000000000000 ) ) ;
#5395 = SHAPE_REPRESENTATION_RELATIONSHIP ( 'NONE' , 'NONE' ,  #2958, #2940 ) ;
#5396 = CIRCLE ( 'NONE', #4151, 5.719358714986389813 ) ;
#5397 = ORIENTED_EDGE ( 'NONE', *, *, #2068, .F. ) ;
#5398 = VECTOR ( 'NONE', #3466, 1000.000000000000000 ) ;
#5399 = ORIENTED_EDGE ( 'NONE', *, *, #5102, .T. ) ;
#5400 = EDGE_CURVE ( 'NONE', #4557, #5140, #2864, .T. ) ;
#5401 = AXIS2_PLACEMENT_3D ( 'NONE', #5372, #5316, #1211 ) ;
#5402 = CARTESIAN_POINT ( 'NONE',  ( 1.243733890142183537E-16, 11.99999999999999467, 0.000000000000000000 ) ) ;
#5403 = VECTOR ( 'NONE', #5206, 1000.000000000000000 ) ;
#5404 = CONTEXT_DEPENDENT_SHAPE_REPRESENTATION ( #4765, #921 ) ;
#5405 = VECTOR ( 'NONE', #243, 1000.000000000000000 ) ;
#5406 = ORIENTED_EDGE ( 'NONE', *, *, #1728, .T. ) ;
#5407 = EDGE_CURVE ( 'NONE', #3731, #3234, #3435, .T. ) ;
#5408 = CIRCLE ( 'NONE', #1955, 8.000000000000003553 ) ;
#5409 = DIRECTION ( 'NONE',  ( -1.000000000000000000, 0.000000000000000000, 0.000000000000000000 ) ) ;
#5410 = DESIGN_CONTEXT ( 'detailed design', #1962, 'design' ) ;
#5411 = CARTESIAN_POINT ( 'NONE',  ( 10.00000000000007105, 0.000000000000000000, 0.000000000000000000 ) ) ;
#5412 = CARTESIAN_POINT ( 'NONE',  ( -50.00000000000000000, 5.999999999999993783, 1.000000000000000000 ) ) ;
#5413 = DATE_AND_TIME ( #5470, #4371 ) ;
#5414 = VECTOR ( 'NONE', #1771, 1000.000000000000000 ) ;
#5415 = CARTESIAN_POINT ( 'NONE',  ( -29.23935222489148700, 5.999999999999996447, 1.000000000000000000 ) ) ;
#5416 = CARTESIAN_POINT ( 'NONE',  ( 59.55893268023056919, 8.800000000000000711, 68.31678370934054101 ) ) ;
#5417 = ORIENTED_EDGE ( 'NONE', *, *, #3789, .T. ) ;
#5418 = CARTESIAN_POINT ( 'NONE',  ( 231.9999999999999716, 8.800000000000000711, -78.00000000000000000 ) ) ;
#5419 = LINE ( 'NONE', #862, #3650 ) ;
#5420 = B_SPLINE_SURFACE_WITH_KNOTS ( 'NONE', 3, 1, ( 
 ( #4494, #4136 ),
 ( #931, #2746 ),
 ( #4602, #119 ),
 ( #5669, #1056 ),
 ( #5611, #3355 ) ),
 .UNSPECIFIED., .F., .F., .F.,
 ( 4, 1, 4 ),
 ( 2, 2 ),
 ( 0.000000000000000000, 0.8183646680142409036, 1.000000000000000000 ),
 ( 0.000000000000000000, 1.000000000000000000 ),
 .UNSPECIFIED. ) ;
#5421 = ORIENTED_EDGE ( 'NONE', *, *, #2865, .T. ) ;
#5422 = APPROVAL_PERSON_ORGANIZATION ( #3007, #2155, #1181 ) ;
#5423 = DIRECTION ( 'NONE',  ( -0.000000000000000000, -1.000000000000000000, -0.000000000000000000 ) ) ;
#5424 = DIRECTION ( 'NONE',  ( -0.000000000000000000, 1.000000000000000000, -0.000000000000000000 ) ) ;
#5425 = ORIENTED_EDGE ( 'NONE', *, *, #5479, .T. ) ;
#5426 = VERTEX_POINT ( 'NONE', #2929 ) ;
#5427 = LINE ( 'NONE', #2102, #4039 ) ;
#5428 = CC_DESIGN_APPROVAL ( #1639, ( #2071 ) ) ;
#5429 = DIRECTION ( 'NONE',  ( -0.000000000000000000, 1.000000000000000000, -0.000000000000000000 ) ) ;
#5430 = CC_DESIGN_PERSON_AND_ORGANIZATION_ASSIGNMENT ( #3547, #3436, ( #3596 ) ) ;
#5431 =( NAMED_UNIT ( * ) SI_UNIT ( $, .STERADIAN. ) SOLID_ANGLE_UNIT ( ) );
#5432 = VECTOR ( 'NONE', #1346, 1000.000000000000000 ) ;
#5433 = ORIENTED_EDGE ( 'NONE', *, *, #3149, .T. ) ;
#5434 = SECURITY_CLASSIFICATION ( '', '', #3065 ) ;
#5435 = ORIENTED_EDGE ( 'NONE', *, *, #267, .F. ) ;
#5436 = AXIS2_PLACEMENT_3D ( 'NONE', #2325, #3325, #5188 ) ;
#5437 = ADVANCED_FACE ( 'NONE', ( #5633 ), #2498, .T. ) ;
#5438 = LINE ( 'NONE', #938, #3292 ) ;
#5439 = ADVANCED_FACE ( 'NONE', ( #5180 ), #3828, .F. ) ;
#5440 = EDGE_LOOP ( 'NONE', ( #4206, #5842, #1432, #3539 ) ) ;
#5441 = DIRECTION ( 'NONE',  ( 1.000000000000000000, 0.000000000000000000, -0.000000000000000000 ) ) ;
#5442 = DIRECTION ( 'NONE',  ( -1.000000000000000000, -1.734723475976806848E-16, 0.000000000000000000 ) ) ;
#5443 = CARTESIAN_POINT ( 'NONE',  ( -12.51897548311830910, 4.365571122977521590, 1.000000000000000000 ) ) ;
#5444 = SHAPE_DEFINITION_REPRESENTATION ( #4498, #4979 ) ;
#5445 = EDGE_CURVE ( 'NONE', #1754, #1582, #658, .T. ) ;
#5446 = EDGE_CURVE ( 'NONE', #2547, #3030, #204, .T. ) ;
#5447 = PERSON ( 'NAUO-PER5', 'UNSPECIFIED', 'UNSPECIFIED', ('UNSPECIFIED'), ('UNSPECIFIED'), ('UNSPECIFIED') ) ;
#5448 = CIRCLE ( 'NONE', #5932, 9.999999999999994671 ) ;
#5449 = FACE_OUTER_BOUND ( 'NONE', #2033, .T. ) ;
#5450 = CARTESIAN_POINT ( 'NONE',  ( 231.9999999999999716, 11.00000000000000000, -78.00000000000000000 ) ) ;
#5451 = DIRECTION ( 'NONE',  ( -0.000000000000000000, 1.000000000000000000, -0.000000000000000000 ) ) ;
#5452 = LINE ( 'NONE', #5119, #790 ) ;
#5453 = AXIS2_PLACEMENT_3D ( 'NONE', #2889, #5657, #1100 ) ;
#5454 = ORIENTED_EDGE ( 'NONE', *, *, #892, .T. ) ;
#5455 = CARTESIAN_POINT ( 'NONE',  ( 44.94453945431162367, 7.300000000000000711, -51.55341512416507754 ) ) ;
#5456 = DIRECTION ( 'NONE',  ( -1.000000000000000000, -1.290644514907879663E-16, 0.000000000000000000 ) ) ;
#5457 = ORIENTED_EDGE ( 'NONE', *, *, #1265, .F. ) ;
#5458 = VERTEX_POINT ( 'NONE', #4254 ) ;
#5459 = CARTESIAN_POINT ( 'NONE',  ( 231.9999999999999147, 6.500000000000000000, -86.00000000000000000 ) ) ;
#5460 = DIRECTION ( 'NONE',  ( 1.000000000000000000, 0.000000000000000000, 0.000000000000000000 ) ) ;
#5461 = ORIENTED_EDGE ( 'NONE', *, *, #5510, .T. ) ;
#5462 = VERTEX_POINT ( 'NONE', #2377 ) ;
#5463 = DIRECTION ( 'NONE',  ( 1.000000000000000000, -0.000000000000000000, -0.000000000000000000 ) ) ;
#5464 = ADVANCED_FACE ( 'NONE', ( #1571 ), #3409, .T. ) ;
#5465 = ORIENTED_EDGE ( 'NONE', *, *, #5820, .F. ) ;
#5466 = CARTESIAN_POINT ( 'NONE',  ( 26.85114818817318394, 11.00000000000000000, -12.13248070758134567 ) ) ;
#5467 = DIRECTION ( 'NONE',  ( 1.000000000000000000, -0.000000000000000000, 0.000000000000000000 ) ) ;
#5468 = CIRCLE ( 'NONE', #1630, 1.000000000000000000 ) ;
#5469 = LINE ( 'NONE', #4984, #3073 ) ;
#5470 = CALENDAR_DATE ( 2024, 9, 7 ) ;
#5471 = DIRECTION ( 'NONE',  ( 0.6571396575170134202, 0.000000000000000000, 0.7537688442211063489 ) ) ;
#5472 = LINE ( 'NONE', #436, #4918 ) ;
#5473 = EDGE_CURVE ( 'NONE', #58, #1785, #4339, .T. ) ;
#5474 = CARTESIAN_POINT ( 'NONE',  ( -44.94916343756472088, 4.999999999999994671, 0.5000000000000000000 ) ) ;
#5475 = EDGE_CURVE ( 'NONE', #3517, #863, #3316, .T. ) ;
#5476 = CARTESIAN_POINT ( 'NONE',  ( 41.84814247518372810, 11.00000000000000000, -20.31837809857893262 ) ) ;
#5477 = AXIS2_PLACEMENT_3D ( 'NONE', #2060, #2478, #5731 ) ;
#5478 = EDGE_LOOP ( 'NONE', ( #4250, #2840, #5798, #2997 ) ) ;
#5479 = EDGE_CURVE ( 'NONE', #4894, #3731, #3261, .T. ) ;
#5480 = CARTESIAN_POINT ( 'NONE',  ( 10.00000000000006395, 6.500000000000000000, -2.000000000000000000 ) ) ;
#5481 = CARTESIAN_POINT ( 'NONE',  ( 0.000000000000000000, 9.000000000000000000, -87.00000000000000000 ) ) ;
#5482 = ORIENTED_EDGE ( 'NONE', *, *, #5587, .T. ) ;
#5483 = ORIENTED_EDGE ( 'NONE', *, *, #1058, .T. ) ;
#5484 = EDGE_CURVE ( 'NONE', #990, #4098, #827, .T. ) ;
#5485 = CARTESIAN_POINT ( 'NONE',  ( 189.1508201549503383, 0.9999999999999991118, -24.63909224581134438 ) ) ;
#5486 = DIRECTION ( 'NONE',  ( -1.000000000000000000, 0.000000000000000000, 6.251255769285794041E-17 ) ) ;
#5487 = VECTOR ( 'NONE', #2778, 1000.000000000000000 ) ;
#5488 = ORIENTED_EDGE ( 'NONE', *, *, #3732, .T. ) ;
#5489 = CARTESIAN_POINT ( 'NONE',  ( -12.51897548311830910, 4.999999999999994671, -0.5000000000000000000 ) ) ;
#5490 = ORIENTED_EDGE ( 'NONE', *, *, #722, .F. ) ;
#5491 = DIRECTION ( 'NONE',  ( 1.000000000000000000, -0.000000000000000000, -0.000000000000000000 ) ) ;
#5492 = VECTOR ( 'NONE', #2510, 1000.000000000000000 ) ;
#5493 = VERTEX_POINT ( 'NONE', #1275 ) ;
#5494 = DIRECTION ( 'NONE',  ( 0.7537688442211076811, 0.000000000000000000, 0.6571396575170117549 ) ) ;
#5495 = DIRECTION ( 'NONE',  ( 0.000000000000000000, 0.000000000000000000, 1.000000000000000000 ) ) ;
#5496 = VECTOR ( 'NONE', #2624, 1000.000000000000000 ) ;
#5497 = FACE_OUTER_BOUND ( 'NONE', #4715, .T. ) ;
#5498 = CC_DESIGN_PERSON_AND_ORGANIZATION_ASSIGNMENT ( #770, #4398, ( #1865 ) ) ;
#5499 = PERSON_AND_ORGANIZATION ( #82, #1018 ) ;
#5500 = AXIS2_PLACEMENT_3D ( 'NONE', #2939, #4766, #1580 ) ;
#5501 = VECTOR ( 'NONE', #5273, 1000.000000000000000 ) ;
#5502 = DIRECTION ( 'NONE',  ( -0.000000000000000000, 1.000000000000000000, -0.000000000000000000 ) ) ;
#5503 = ORIENTED_EDGE ( 'NONE', *, *, #2944, .T. ) ;
#5504 = CARTESIAN_POINT ( 'NONE',  ( 9.999999999999998224, 7.300000000000000711, -78.00000000000000000 ) ) ;
#5505 = LINE ( 'NONE', #2796, #2149 ) ;
#5506 = ADVANCED_FACE ( 'NONE', ( #742 ), #5751, .F. ) ;
#5507 = CARTESIAN_POINT ( 'NONE',  ( 15.72231677613771694, 0.9999999999999991118, -78.39255571215377927 ) ) ;
#5508 = VECTOR ( 'NONE', #2314, 1000.000000000000000 ) ;
#5509 = ORIENTED_EDGE ( 'NONE', *, *, #4111, .T. ) ;
#5510 = EDGE_CURVE ( 'NONE', #4546, #3424, #4869, .T. ) ;
#5511 = DIRECTION ( 'NONE',  ( 0.000000000000000000, 1.000000000000000000, 0.000000000000000000 ) ) ;
#5512 = LINE ( 'NONE', #3284, #615 ) ;
#5513 = ORIENTED_EDGE ( 'NONE', *, *, #5870, .T. ) ;
#5514 = ORIENTED_EDGE ( 'NONE', *, *, #5802, .F. ) ;
#5515 = DIRECTION ( 'NONE',  ( -0.000000000000000000, 1.000000000000000000, -0.000000000000000000 ) ) ;
#5516 = CARTESIAN_POINT ( 'NONE',  ( -34.94916343756472088, 4.999999999999995559, 0.5000000000000000000 ) ) ;
#5517 = DIRECTION ( 'NONE',  ( 2.177427852328249801E-17, 0.9396926207859118696, -0.3420201433256591095 ) ) ;
#5518 = EDGE_CURVE ( 'NONE', #3708, #5224, #4898, .T. ) ;
#5519 = EDGE_CURVE ( 'NONE', #786, #1143, #1687, .T. ) ;
#5520 = VERTEX_POINT ( 'NONE', #3015 ) ;
#5521 = DIRECTION ( 'NONE',  ( -1.000000000000000000, 0.000000000000000000, 0.000000000000000000 ) ) ;
#5522 = ORIENTED_EDGE ( 'NONE', *, *, #3912, .T. ) ;
#5523 = ORGANIZATION ( 'NAUO-ORG2', 'UNSPECIFIED', 'UNSPECIFIED' ) ;
#5524 = VECTOR ( 'NONE', #4769, 1000.000000000000000 ) ;
#5525 = LINE ( 'NONE', #33, #1471 ) ;
#5526 = ITEM_DEFINED_TRANSFORMATION ( 'NONE', 'NONE', #3412,  #1119 ) ;
#5527 = CC_DESIGN_APPROVAL ( #5797, ( #542 ) ) ;
#5528 = ORIENTED_EDGE ( 'NONE', *, *, #2491, .F. ) ;
#5529 = LINE ( 'NONE', #942, #4828 ) ;
#5530 = DIRECTION ( 'NONE',  ( 0.000000000000000000, 0.000000000000000000, -1.000000000000000000 ) ) ;
#5531 = CARTESIAN_POINT ( 'NONE',  ( -47.07048378112436637, 4.365571122977521590, 1.000000000000000000 ) ) ;
#5532 = PERSON_AND_ORGANIZATION_ROLE ( 'design_supplier' ) ;
#5533 = CARTESIAN_POINT ( 'NONE',  ( 231.9999999999999716, 9.000000000000000000, -9.999999999999998224 ) ) ;
#5534 = EDGE_LOOP ( 'NONE', ( #2794, #3018, #3646, #1978 ) ) ;
#5535 = APPROVAL ( #616, 'UNSPECIFIED' ) ;
#5536 = CARTESIAN_POINT ( 'NONE',  ( -34.94916343756472088, 5.999999999999993783, 0.2500000000000000000 ) ) ;
#5537 = CARTESIAN_POINT ( 'NONE',  ( 10.00000000000007105, 0.000000000000000000, 0.000000000000000000 ) ) ;
#5538 = CARTESIAN_POINT ( 'NONE',  ( -29.23935222489148700, 5.999999999999996447, -0.5000000000000000000 ) ) ;
#5539 = ORIENTED_EDGE ( 'NONE', *, *, #3595, .T. ) ;
#5540 = CARTESIAN_POINT ( 'NONE',  ( 145.7124750936297914, 6.500000000000000000, -127.0329049987863357 ) ) ;
#5541 = ADVANCED_FACE ( 'NONE', ( #4367 ), #2136, .F. ) ;
#5542 = CARTESIAN_POINT ( 'NONE',  ( 130.8913525087804146, 8.800000000000000711, -54.89756598715694480 ) ) ;
#5543 = ORIENTED_EDGE ( 'NONE', *, *, #1084, .F. ) ;
#5544 = ORIENTED_EDGE ( 'NONE', *, *, #757, .T. ) ;
#5545 = VECTOR ( 'NONE', #1830, 1000.000000000000000 ) ;
#5546 = CARTESIAN_POINT ( 'NONE',  ( -50.00000000000000000, 0.000000000000000000, 0.000000000000000000 ) ) ;
#5547 = DIRECTION ( 'NONE',  ( -0.7537688442211061268, 0.000000000000000000, -0.6571396575170134202 ) ) ;
#5548 = PERSON_AND_ORGANIZATION_ROLE ( 'creator' ) ;
#5549 = VERTEX_POINT ( 'NONE', #2618 ) ;
#5550 = DIRECTION ( 'NONE',  ( 0.000000000000000000, 0.000000000000000000, -1.000000000000000000 ) ) ;
#5551 = VERTEX_POINT ( 'NONE', #4425 ) ;
#5552 = EDGE_CURVE ( 'NONE', #1064, #4179, #3938, .T. ) ;
#5553 = DIRECTION ( 'NONE',  ( -1.000000000000000000, -1.519072532666663174E-16, 0.000000000000000000 ) ) ;
#5554 = ORIENTED_EDGE ( 'NONE', *, *, #4455, .F. ) ;
#5555 = ORIENTED_EDGE ( 'NONE', *, *, #1612, .F. ) ;
#5556 = EDGE_CURVE ( 'NONE', #1705, #4006, #4840, .T. ) ;
#5557 = ORIENTED_EDGE ( 'NONE', *, *, #1409, .T. ) ;
#5558 = PLANE ( 'NONE',  #1755 ) ;
#5559 = DIRECTION ( 'NONE',  ( -0.000000000000000000, -1.000000000000000000, -0.000000000000000000 ) ) ;
#5560 = CARTESIAN_POINT ( 'NONE',  ( 48.90140036010598834, 0.9999999999999991118, -89.39497296252748981 ) ) ;
#5561 = PERSON_AND_ORGANIZATION_ROLE ( 'creator' ) ;
#5562 = CARTESIAN_POINT ( 'NONE',  ( -50.00000000000000000, 0.000000000000000000, 1.000000000000000000 ) ) ;
#5563 = VERTEX_POINT ( 'NONE', #3946 ) ;
#5564 = FACE_OUTER_BOUND ( 'NONE', #1884, .T. ) ;
#5565 = CARTESIAN_POINT ( 'NONE',  ( 0.000000000000000000, 7.300000000000000711, -10.00000000000007283 ) ) ;
#5566 = LINE ( 'NONE', #526, #2598 ) ;
#5567 = ORIENTED_EDGE ( 'NONE', *, *, #5743, .F. ) ;
#5568 = VECTOR ( 'NONE', #143, 1000.000000000000000 ) ;
#5569 = APPLICATION_CONTEXT ( 'configuration controlled 3d designs of mechanical parts and assemblies' ) ;
#5570 = LINE ( 'NONE', #1017, #2139 ) ;
#5571 = DIRECTION ( 'NONE',  ( -8.673617379884033007E-17, 1.000000000000000000, 0.000000000000000000 ) ) ;
#5572 = ORIENTED_EDGE ( 'NONE', *, *, #1980, .T. ) ;
#5573 = ORIENTED_EDGE ( 'NONE', *, *, #3976, .F. ) ;
#5574 = AXIS2_PLACEMENT_3D ( 'NONE', #3271, #5559, #4213 ) ;
#5575 = CARTESIAN_POINT ( 'NONE',  ( 78.91050056131160773, 0.9999999999999991118, -66.46004602843821374 ) ) ;
#5576 = CARTESIAN_POINT ( 'NONE',  ( 228.1435304185186510, 11.00000000000000000, -7.153659901920756958 ) ) ;
#5577 = DIRECTION ( 'NONE',  ( 0.000000000000000000, 0.000000000000000000, 1.000000000000000000 ) ) ;
#5578 = ADVANCED_FACE ( 'NONE', ( #3546 ), #2528, .F. ) ;
#5579 = ADVANCED_FACE ( 'NONE', ( #377 ), #3974, .F. ) ;
#5580 = AXIS2_PLACEMENT_3D ( 'NONE', #5024, #4992, #1868 ) ;
#5581 = ORIENTED_EDGE ( 'NONE', *, *, #2091, .F. ) ;
#5582 = CARTESIAN_POINT ( 'NONE',  ( 231.9999999999999432, 7.300000000000000711, -81.00000000000000000 ) ) ;
#5583 = ORIENTED_EDGE ( 'NONE', *, *, #3157, .T. ) ;
#5584 = CIRCLE ( 'NONE', #3758, 0.7500000000000000000 ) ;
#5585 = CARTESIAN_POINT ( 'NONE',  ( 111.1086474912195996, 6.500000000000000000, -54.89756598715708691 ) ) ;
#5586 = ORIENTED_EDGE ( 'NONE', *, *, #5856, .F. ) ;
#5587 = EDGE_CURVE ( 'NONE', #3300, #4552, #398, .T. ) ;
#5588 = ORIENTED_EDGE ( 'NONE', *, *, #3640, .T. ) ;
#5589 = EDGE_LOOP ( 'NONE', ( #1169, #1574, #566, #3002 ) ) ;
#5590 = LINE ( 'NONE', #2853, #4063 ) ;
#5591 = FACE_OUTER_BOUND ( 'NONE', #3571, .T. ) ;
#5592 = DIRECTION ( 'NONE',  ( -0.000000000000000000, -1.000000000000000000, 0.000000000000000000 ) ) ;
#5593 = PERSON_AND_ORGANIZATION ( #82, #1018 ) ;
#5594 = EDGE_CURVE ( 'NONE', #1143, #2668, #4031, .T. ) ;
#5595 = LINE ( 'NONE', #2434, #3620 ) ;
#5596 = ORIENTED_EDGE ( 'NONE', *, *, #1940, .F. ) ;
#5597 = AXIS2_PLACEMENT_3D ( 'NONE', #5450, #3133, #3075 ) ;
#5598 = EDGE_LOOP ( 'NONE', ( #2425, #2933, #4132, #2125 ) ) ;
#5599 = CARTESIAN_POINT ( 'NONE',  ( 10.00000000000006395, 7.300000000000000711, -80.99999999999998579 ) ) ;
#5600 = CARTESIAN_POINT ( 'NONE',  ( -12.51897548311830910, 3.999999999999994671, -0.5000000000000000000 ) ) ;
#5601 = CARTESIAN_POINT ( 'NONE',  ( 31.70977010537658103, 0.9999999999999991118, -9.115055120037954595 ) ) ;
#5602 = VECTOR ( 'NONE', #3224, 1000.000000000000000 ) ;
#5603 = VERTEX_POINT ( 'NONE', #321 ) ;
#5604 = CIRCLE ( 'NONE', #3294, 5.719358714986393366 ) ;
#5605 = CARTESIAN_POINT ( 'NONE',  ( 231.9999999999999716, 8.800000000000000711, -78.00000000000000000 ) ) ;
#5606 = CARTESIAN_POINT ( 'NONE',  ( 7.000000000000003553, 8.800000000000000711, -77.99999999999997158 ) ) ;
#5607 = VERTEX_POINT ( 'NONE', #5412 ) ;
#5608 = ORIENTED_EDGE ( 'NONE', *, *, #2873, .F. ) ;
#5609 = AXIS2_PLACEMENT_3D ( 'NONE', #768, #740, #5750 ) ;
#5610 = LINE ( 'NONE', #3769, #5288 ) ;
#5611 = CARTESIAN_POINT ( 'NONE',  ( 234.2079578780316353, 0.9999999999999991118, -10.00000000000003553 ) ) ;
#5612 = ORIENTED_EDGE ( 'NONE', *, *, #2024, .F. ) ;
#5613 = DIRECTION ( 'NONE',  ( 1.000000000000000000, -0.000000000000000000, -0.000000000000000000 ) ) ;
#5614 = ORIENTED_EDGE ( 'NONE', *, *, #2637, .F. ) ;
#5615 = CC_DESIGN_DATE_AND_TIME_ASSIGNMENT ( #1741, #1385, ( #1970 ) ) ;
#5616 = LOCAL_TIME ( 16, 32, 57.00000000000000000, #2807 ) ;
#5617 = CARTESIAN_POINT ( 'NONE',  ( 28.35685208430153992, 11.00000000000000000, -73.85301289257566282 ) ) ;
#5618 = VERTEX_POINT ( 'NONE', #5380 ) ;
#5619 = SECURITY_CLASSIFICATION ( '', '', #1564 ) ;
#5620 = EDGE_CURVE ( 'NONE', #2723, #5549, #1246, .T. ) ;
#5621 = ORIENTED_EDGE ( 'NONE', *, *, #2461, .T. ) ;
#5622 = VERTEX_POINT ( 'NONE', #2167 ) ;
#5623 = ADVANCED_FACE ( 'NONE', ( #5839 ), #4931, .F. ) ;
#5624 = CARTESIAN_POINT ( 'NONE',  ( 185.1066228235450524, 0.9999999999999991118, -22.96393086223018543 ) ) ;
#5625 = CARTESIAN_POINT ( 'NONE',  ( 157.2204887913150344, 11.00000000000000000, -31.44577197353467213 ) ) ;
#5626 = ORGANIZATION ( 'NAUO-ORG3', 'UNSPECIFIED', 'UNSPECIFIED' ) ;
#5627 = COORDINATED_UNIVERSAL_TIME_OFFSET ( 7, 0, .AHEAD. ) ;
#5628 = CIRCLE ( 'NONE', #1974, 2.999999999999988898 ) ;
#5629 = CARTESIAN_POINT ( 'NONE',  ( 2.000000000000000000, 6.500000000000000000, -77.99999999999992895 ) ) ;
#5630 = ORIENTED_EDGE ( 'NONE', *, *, #3975, .F. ) ;
#5631 = FACE_OUTER_BOUND ( 'NONE', #3653, .T. ) ;
#5632 = CARTESIAN_POINT ( 'NONE',  ( -47.07048378112436637, 4.999999999999997335, 0.6000000000000000888 ) ) ;
#5633 = FACE_OUTER_BOUND ( 'NONE', #5314, .T. ) ;
#5634 = EDGE_CURVE ( 'NONE', #3962, #5563, #2083, .T. ) ;
#5635 = ADVANCED_FACE ( 'NONE', ( #2700 ), #970, .F. ) ;
#5636 = ORIENTED_EDGE ( 'NONE', *, *, #421, .T. ) ;
#5637 = DIRECTION ( 'NONE',  ( 0.7073783561143608400, 0.000000000000000000, 0.7068351019162422144 ) ) ;
#5638 = CARTESIAN_POINT ( 'NONE',  ( 0.000000000000000000, 11.00000000000000000, -60.85783660764542446 ) ) ;
#5639 = ORIENTED_EDGE ( 'NONE', *, *, #4699, .F. ) ;
#5640 = ORIENTED_EDGE ( 'NONE', *, *, #1911, .F. ) ;
#5641 = PLANE ( 'NONE',  #21 ) ;
#5642 = CARTESIAN_POINT ( 'NONE',  ( 132.3821894788979137, 11.00000000000000000, -2.091150110284984986 ) ) ;
#5643 = ORIENTED_EDGE ( 'NONE', *, *, #1769, .F. ) ;
#5644 = DIRECTION ( 'NONE',  ( 0.000000000000000000, -0.000000000000000000, -1.000000000000000000 ) ) ;
#5645 = VECTOR ( 'NONE', #2281, 1000.000000000000000 ) ;
#5646 = VERTEX_POINT ( 'NONE', #1384 ) ;
#5647 = CARTESIAN_POINT ( 'NONE',  ( 173.0700579582542105, 0.9999999999999991118, -67.52500809203158383 ) ) ;
#5648 = CIRCLE ( 'NONE', #4780, 1.000000000000000000 ) ;
#5649 = CC_DESIGN_DATE_AND_TIME_ASSIGNMENT ( #5655, #1098, ( #257 ) ) ;
#5650 = ORIENTED_EDGE ( 'NONE', *, *, #3604, .T. ) ;
#5651 = VERTEX_POINT ( 'NONE', #518 ) ;
#5652 = ORIENTED_EDGE ( 'NONE', *, *, #3418, .T. ) ;
#5653 = FACE_OUTER_BOUND ( 'NONE', #4224, .T. ) ;
#5654 = LINE ( 'NONE', #2675, #1240 ) ;
#5655 = DATE_AND_TIME ( #3337, #5240 ) ;
#5656 = EDGE_CURVE ( 'NONE', #934, #193, #2762, .T. ) ;
#5657 = DIRECTION ( 'NONE',  ( 0.6571396575170135312, 0.000000000000000000, -0.7537688442211061268 ) ) ;
#5658 = VERTEX_POINT ( 'NONE', #855 ) ;
#5659 = DIRECTION ( 'NONE',  ( -4.852917433365602918E-15, 0.000000000000000000, 1.000000000000000000 ) ) ;
#5660 = DIRECTION ( 'NONE',  ( 0.6571396575170166399, 0.000000000000000000, 0.7537688442211034623 ) ) ;
#5661 = DIRECTION ( 'NONE',  ( 1.000000000000000000, -0.000000000000000000, -0.000000000000000000 ) ) ;
#5662 = ADVANCED_FACE ( 'NONE', ( #1772 ), #2279, .F. ) ;
#5663 = VERTEX_POINT ( 'NONE', #5078 ) ;
#5664 = CARTESIAN_POINT ( 'NONE',  ( -44.94916343756472088, 5.999999999999993783, 0.2500000000000000000 ) ) ;
#5665 = ADVANCED_FACE ( 'NONE', ( #4092 ), #4560, .T. ) ;
#5666 = LINE ( 'NONE', #1631, #2042 ) ;
#5667 = ORIENTED_EDGE ( 'NONE', *, *, #1195, .T. ) ;
#5668 = CARTESIAN_POINT ( 'NONE',  ( 205.2714077738606022, 6.500000000000000000, -58.71612128944571651 ) ) ;
#5669 = CARTESIAN_POINT ( 'NONE',  ( 228.1435304185186510, 0.9999999999999991118, -7.153659901920756958 ) ) ;
#5670 = AXIS2_PLACEMENT_3D ( 'NONE', #3423, #248, #1641 ) ;
#5671 = ORIENTED_EDGE ( 'NONE', *, *, #2301, .F. ) ;
#5672 = ADVANCED_FACE ( 'NONE', ( #1328 ), #4615, .F. ) ;
#5673 = FACE_OUTER_BOUND ( 'NONE', #5200, .T. ) ;
#5674 = AXIS2_PLACEMENT_3D ( 'NONE', #3114, #5286, #4493 ) ;
#5675 = VERTEX_POINT ( 'NONE', #4504 ) ;
#5676 = CARTESIAN_POINT ( 'NONE',  ( 131.2660539180809565, 4.500000000000000000, -55.89756598715694480 ) ) ;
#5677 = CARTESIAN_POINT ( 'NONE',  ( 9.999999999999998224, 0.000000000000000000, -9.999999999999998224 ) ) ;
#5678 = VERTEX_POINT ( 'NONE', #3694 ) ;
#5679 = AXIS2_PLACEMENT_3D ( 'NONE', #841, #5390, #4100 ) ;
#5680 = ORIENTED_EDGE ( 'NONE', *, *, #3530, .T. ) ;
#5681 = ORIENTED_EDGE ( 'NONE', *, *, #3799, .F. ) ;
#5682 = CARTESIAN_POINT ( 'NONE',  ( 0.000000000000000000, 7.999999999999994671, 0.000000000000000000 ) ) ;
#5683 = DIRECTION ( 'NONE',  ( 0.000000000000000000, 0.000000000000000000, 1.000000000000000000 ) ) ;
#5684 = COORDINATED_UNIVERSAL_TIME_OFFSET ( 7, 0, .AHEAD. ) ;
#5685 = CARTESIAN_POINT ( 'NONE',  ( 2.121320343559649046, 5.999999999999993783, -0.5000000000000002220 ) ) ;
#5686 = ORIENTED_EDGE ( 'NONE', *, *, #3603, .T. ) ;
#5687 = CARTESIAN_POINT ( 'NONE',  ( 242.0000000000000000, 9.000000000000000000, -77.99999999999992895 ) ) ;
#5688 = FACE_OUTER_BOUND ( 'NONE', #5889, .T. ) ;
#5689 = CC_DESIGN_PERSON_AND_ORGANIZATION_ASSIGNMENT ( #4149, #4532, ( #393 ) ) ;
#5690 = DIRECTION ( 'NONE',  ( 1.000000000000000000, -0.000000000000000000, 0.000000000000000000 ) ) ;
#5691 = CARTESIAN_POINT ( 'NONE',  ( -153.0589645297504831, 136.8119440230437078, 73.89990739305311251 ) ) ;
#5692 = ORIENTED_EDGE ( 'NONE', *, *, #5931, .T. ) ;
#5693 = CIRCLE ( 'NONE', #4338, 5.719358714986383596 ) ;
#5694 = VECTOR ( 'NONE', #5754, 1000.000000000000000 ) ;
#5695 = EDGE_CURVE ( 'NONE', #1243, #309, #3609, .T. ) ;
#5696 = CARTESIAN_POINT ( 'NONE',  ( 241.0000000000000000, 9.000000000000000000, -77.99999999999994316 ) ) ;
#5697 = VERTEX_POINT ( 'NONE', #3214 ) ;
#5698 = AXIS2_PLACEMENT_3D ( 'NONE', #1873, #2350, #5058 ) ;
#5699 = CARTESIAN_POINT ( 'NONE',  ( 6.999999999999999112, 8.800000000000000711, 3.571489509364019421E-16 ) ) ;
#5700 = VECTOR ( 'NONE', #2697, 1000.000000000000000 ) ;
#5701 = EDGE_CURVE ( 'NONE', #1660, #4229, #1413, .T. ) ;
#5702 = VECTOR ( 'NONE', #1607, 1000.000000000000000 ) ;
#5703 = CARTESIAN_POINT ( 'NONE',  ( -12.51897548311830910, 3.999999999999994671, 1.000000000000000000 ) ) ;
#5704 = AXIS2_PLACEMENT_3D ( 'NONE', #1929, #3858, #1510 ) ;
#5705 = DIRECTION ( 'NONE',  ( 0.000000000000000000, -1.000000000000000000, 0.000000000000000000 ) ) ;
#5706 = VERTEX_POINT ( 'NONE', #3724 ) ;
#5707 = CARTESIAN_POINT ( 'NONE',  ( -34.94916343756472088, 3.999999999999995559, 1.000000000000000000 ) ) ;
#5708 = LINE ( 'NONE', #727, #5374 ) ;
#5709 = ORIENTED_EDGE ( 'NONE', *, *, #4879, .T. ) ;
#5710 = EDGE_CURVE ( 'NONE', #532, #2723, #2671, .T. ) ;
#5711 = VECTOR ( 'NONE', #459, 1000.000000000000000 ) ;
#5712 = ADVANCED_FACE ( 'NONE', ( #1302 ), #5929, .T. ) ;
#5713 = ORIENTED_EDGE ( 'NONE', *, *, #2473, .T. ) ;
#5714 = VERTEX_POINT ( 'NONE', #5443 ) ;
#5715 = LINE ( 'NONE', #3428, #2783 ) ;
#5716 = DIRECTION ( 'NONE',  ( -0.000000000000000000, -1.000000000000000000, -0.000000000000000000 ) ) ;
#5717 = PERSON_AND_ORGANIZATION_ROLE ( 'classification_officer' ) ;
#5718 = LOCAL_TIME ( 16, 32, 57.00000000000000000, #3017 ) ;
#5719 = CARTESIAN_POINT ( 'NONE',  ( 10.00000000000005329, 0.000000000000000000, -86.00000000000000000 ) ) ;
#5720 = ORIENTED_EDGE ( 'NONE', *, *, #3984, .F. ) ;
#5721 = CARTESIAN_POINT ( 'NONE',  ( -2.518975483118307324, 3.999999999999994671, 1.000000000000000000 ) ) ;
#5722 = UNCERTAINTY_MEASURE_WITH_UNIT (LENGTH_MEASURE( 1.000000000000000082E-05 ), #4914, 'distance_accuracy_value', 'NONE');
#5723 = LOCAL_TIME ( 16, 32, 57.00000000000000000, #3610 ) ;
#5724 = CARTESIAN_POINT ( 'NONE',  ( 19.76496027634069819, 0.9999999999999991118, -82.43830627798917021 ) ) ;
#5725 = AXIS2_PLACEMENT_3D ( 'NONE', #4704, #2455, #2878 ) ;
#5726 = LINE ( 'NONE', #1158, #3468 ) ;
#5727 = CALENDAR_DATE ( 2024, 9, 7 ) ;
#5728 = ORIENTED_EDGE ( 'NONE', *, *, #1764, .T. ) ;
#5729 = CIRCLE ( 'NONE', #543, 0.7500000000000000000 ) ;
#5730 = DIRECTION ( 'NONE',  ( 0.000000000000000000, 0.000000000000000000, 1.000000000000000000 ) ) ;
#5731 = DIRECTION ( 'NONE',  ( 0.000000000000000000, 0.000000000000000000, 1.000000000000000000 ) ) ;
#5732 = EDGE_CURVE ( 'NONE', #4268, #1754, #4958, .T. ) ;
#5733 = CARTESIAN_POINT ( 'NONE',  ( -12.51897548311831088, 5.999999999999998224, 1.000000000000000000 ) ) ;
#5734 = CARTESIAN_POINT ( 'NONE',  ( 83.90884271474560308, 0.9999999999999991118, -20.31837809857893262 ) ) ;
#5735 = ORIENTED_EDGE ( 'NONE', *, *, #1556, .T. ) ;
#5736 = DIRECTION ( 'NONE',  ( -0.000000000000000000, 1.000000000000000000, -0.000000000000000000 ) ) ;
#5737 = DIRECTION ( 'NONE',  ( -0.000000000000000000, -0.000000000000000000, -1.000000000000000000 ) ) ;
#5738 = ORIENTED_EDGE ( 'NONE', *, *, #850, .F. ) ;
#5739 = ADVANCED_BREP_SHAPE_REPRESENTATION ( '', ( #4576, #1119 ), #3985 ) ;
#5740 = VERTEX_POINT ( 'NONE', #11 ) ;
#5741 = ORIENTED_EDGE ( 'NONE', *, *, #4959, .F. ) ;
#5742 = EDGE_CURVE ( 'NONE', #3046, #1324, #5469, .T. ) ;
#5743 = EDGE_CURVE ( 'NONE', #5766, #4399, #5468, .T. ) ;
#5744 = LINE ( 'NONE', #224, #3647 ) ;
#5745 = DIRECTION ( 'NONE',  ( 1.000000000000000000, -0.000000000000000000, 0.000000000000000000 ) ) ;
#5746 = PERSON_AND_ORGANIZATION ( #4085, #5041 ) ;
#5747 = CARTESIAN_POINT ( 'NONE',  ( 242.0000000000000000, 0.000000000000000000, -10.00000000000006928 ) ) ;
#5748 = ORIENTED_EDGE ( 'NONE', *, *, #2782, .T. ) ;
#5749 = LINE ( 'NONE', #2048, #904 ) ;
#5750 = DIRECTION ( 'NONE',  ( 1.213229358341399152E-15, 0.000000000000000000, 1.000000000000000000 ) ) ;
#5751 = PLANE ( 'NONE',  #10 ) ;
#5752 = SECURITY_CLASSIFICATION_LEVEL ( 'unclassified' ) ;
#5753 = ORIENTED_EDGE ( 'NONE', *, *, #1014, .F. ) ;
#5754 = DIRECTION ( 'NONE',  ( 0.7817272766181067034, 0.000000000000000000, 0.6236204494652481944 ) ) ;
#5755 = DIRECTION ( 'NONE',  ( -0.000000000000000000, 1.000000000000000000, -0.000000000000000000 ) ) ;
#5756 = LINE ( 'NONE', #1226, #4512 ) ;
#5757 = DIRECTION ( 'NONE',  ( 0.000000000000000000, 0.000000000000000000, 1.000000000000000000 ) ) ;
#5758 = LINE ( 'NONE', #3028, #3175 ) ;
#5759 = EDGE_LOOP ( 'NONE', ( #25, #1973, #4357, #941 ) ) ;
#5760 = AXIS2_PLACEMENT_3D ( 'NONE', #2646, #3044, #769 ) ;
#5761 = CARTESIAN_POINT ( 'NONE',  ( 45.27140777386058801, 7.300000000000000711, -68.51511626432008484 ) ) ;
#5762 = EDGE_CURVE ( 'NONE', #2658, #2756, #914, .T. ) ;
#5763 = CARTESIAN_POINT ( 'NONE',  ( -44.94916343756472088, 5.999999999999994671, 1.000000000000000000 ) ) ;
#5764 = ORIENTED_EDGE ( 'NONE', *, *, #5820, .T. ) ;
#5765 = VECTOR ( 'NONE', #3178, 1000.000000000000000 ) ;
#5766 = VERTEX_POINT ( 'NONE', #3660 ) ;
#5767 = VERTEX_POINT ( 'NONE', #486 ) ;
#5768 = PLANE ( 'NONE',  #2885 ) ;
#5769 = DIRECTION ( 'NONE',  ( 1.000000000000000000, 8.673617379884034239E-17, 0.000000000000000000 ) ) ;
#5770 = VECTOR ( 'NONE', #270, 1000.000000000000000 ) ;
#5771 = CONTEXT_DEPENDENT_SHAPE_REPRESENTATION ( #137, #871 ) ;
#5772 = ADVANCED_FACE ( 'NONE', ( #5497 ), #1923, .T. ) ;
#5773 = VECTOR ( 'NONE', #19, 1000.000000000000114 ) ;
#5774 = LINE ( 'NONE', #4864, #2856 ) ;
#5775 = ORIENTED_EDGE ( 'NONE', *, *, #344, .T. ) ;
#5776 = PLANE ( 'NONE',  #240 ) ;
#5777 = DIRECTION ( 'NONE',  ( 0.6571396575170169729, 0.000000000000000000, 0.7537688442211031292 ) ) ;
#5778 = VECTOR ( 'NONE', #1636, 1000.000000000000000 ) ;
#5779 = DIRECTION ( 'NONE',  ( 0.7537688442211054607, 0.000000000000000000, -0.6571396575170143084 ) ) ;
#5780 = DATE_AND_TIME ( #5270, #3025 ) ;
#5781 = VERTEX_POINT ( 'NONE', #1444 ) ;
#5782 = CYLINDRICAL_SURFACE ( 'NONE', #186, 5.719358714986383596 ) ;
#5783 = CARTESIAN_POINT ( 'NONE',  ( 81.65530379950148188, 0.9999999999999991118, -71.47772669726451511 ) ) ;
#5784 = DIRECTION ( 'NONE',  ( -1.000000000000000000, -1.717263521134806862E-16, 0.000000000000000000 ) ) ;
#5785 = DIRECTION ( 'NONE',  ( 0.000000000000000000, 1.000000000000000000, -0.000000000000000000 ) ) ;
#5786 = VECTOR ( 'NONE', #2542, 1000.000000000000000 ) ;
#5787 = DIRECTION ( 'NONE',  ( 0.000000000000000000, 0.000000000000000000, -1.000000000000000000 ) ) ;
#5788 = DIRECTION ( 'NONE',  ( 0.000000000000000000, 1.000000000000000000, -0.000000000000000000 ) ) ;
#5789 = ORIENTED_EDGE ( 'NONE', *, *, #5847, .T. ) ;
#5790 = VERTEX_POINT ( 'NONE', #3273 ) ;
#5791 = CIRCLE ( 'NONE', #1374, 9.999999999999994671 ) ;
#5792 = LINE ( 'NONE', #5761, #2073 ) ;
#5793 = DIRECTION ( 'NONE',  ( 0.7903250251122234671, 0.000000000000000000, -0.6126878117617187147 ) ) ;
#5794 = VECTOR ( 'NONE', #4568, 1000.000000000000000 ) ;
#5795 = AXIS2_PLACEMENT_3D ( 'NONE', #1890, #1001, #5441 ) ;
#5796 = ORIENTED_EDGE ( 'NONE', *, *, #4575, .T. ) ;
#5797 = APPROVAL ( #2754, 'UNKNOWN' ) ;
#5798 = ORIENTED_EDGE ( 'NONE', *, *, #3318, .F. ) ;
#5799 = DIRECTION ( 'NONE',  ( -0.000000000000000000, -1.000000000000000000, -0.000000000000000000 ) ) ;
#5800 = AXIS2_PLACEMENT_3D ( 'NONE', #5632, #1044, #2832 ) ;
#5801 = APPROVAL_STATUS ( 'not_yet_approved' ) ;
#5802 = EDGE_CURVE ( 'NONE', #1610, #5458, #5861, .T. ) ;
#5803 = ADVANCED_FACE ( 'NONE', ( #5109 ), #2824, .F. ) ;
#5804 = CARTESIAN_POINT ( 'NONE',  ( 185.1066228235450808, 0.9999999999999991118, -28.68328957721657346 ) ) ;
#5805 = ORIENTED_EDGE ( 'NONE', *, *, #2602, .F. ) ;
#5806 = FACE_OUTER_BOUND ( 'NONE', #4287, .T. ) ;
#5807 = DIRECTION ( 'NONE',  ( 1.000000000000000000, -0.000000000000000000, -0.000000000000000000 ) ) ;
#5808 = CARTESIAN_POINT ( 'NONE',  ( -12.51897548311830910, 3.999999999999994671, 1.000000000000000000 ) ) ;
#5809 =( GEOMETRIC_REPRESENTATION_CONTEXT ( 3 ) GLOBAL_UNCERTAINTY_ASSIGNED_CONTEXT ( ( #5837 ) ) GLOBAL_UNIT_ASSIGNED_CONTEXT ( ( #4974, #2265, #2717 ) ) REPRESENTATION_CONTEXT ( 'NONE', 'WORKASPACE' ) );
#5810 = PERSON_AND_ORGANIZATION_ROLE ( 'creator' ) ;
#5811 = ORIENTED_EDGE ( 'NONE', *, *, #5847, .F. ) ;
#5812 = DIRECTION ( 'NONE',  ( 0.000000000000000000, 0.000000000000000000, -1.000000000000000000 ) ) ;
#5813 = SECURITY_CLASSIFICATION ( '', '', #3886 ) ;
#5814 = CARTESIAN_POINT ( 'NONE',  ( 9.999999999999998224, 9.000000000000000000, -78.00000000000000000 ) ) ;
#5815 = AXIS2_PLACEMENT_3D ( 'NONE', #5647, #1944, #2814 ) ;
#5816 = EDGE_CURVE ( 'NONE', #3083, #2063, #3509, .T. ) ;
#5817 = CARTESIAN_POINT ( 'NONE',  ( 10.00000000000006395, 6.500000000000000000, -2.000000000000000000 ) ) ;
#5818 = ADVANCED_FACE ( 'NONE', ( #5228 ), #2483, .F. ) ;
#5819 = CARTESIAN_POINT ( 'NONE',  ( 242.0000000000000000, 0.000000000000000000, -10.00000000000007105 ) ) ;
#5820 = EDGE_CURVE ( 'NONE', #5607, #3494, #1555, .T. ) ;
#5821 = EDGE_CURVE ( 'NONE', #1582, #4133, #1820, .T. ) ;
#5822 = FACE_BOUND ( 'NONE', #176, .T. ) ;
#5823 = LINE ( 'NONE', #2685, #3085 ) ;
#5824 = ORIENTED_EDGE ( 'NONE', *, *, #1439, .F. ) ;
#5825 = VERTEX_POINT ( 'NONE', #4739 ) ;
#5826 = CARTESIAN_POINT ( 'NONE',  ( 21.96966101346793110, 11.00000000000000000, -6.413121992594955856 ) ) ;
#5827 =( NAMED_UNIT ( * ) SI_UNIT ( $, .STERADIAN. ) SOLID_ANGLE_UNIT ( ) );
#5828 = ORIENTED_EDGE ( 'NONE', *, *, #2530, .F. ) ;
#5829 = ORIENTED_EDGE ( 'NONE', *, *, #198, .F. ) ;
#5830 = CARTESIAN_POINT ( 'NONE',  ( 228.1435304185186510, 0.9999999999999991118, -7.153659901920756958 ) ) ;
#5831 = SHAPE_DEFINITION_REPRESENTATION ( #1816, #5832 ) ;
#5832 = SHAPE_REPRESENTATION ( 'Engsel Fmale', ( #1119 ), #2442 ) ;
#5833 = DIRECTION ( 'NONE',  ( 0.000000000000000000, 0.000000000000000000, -1.000000000000000000 ) ) ;
#5834 = EDGE_LOOP ( 'NONE', ( #3720, #4691, #1376, #4464 ) ) ;
#5835 = DIRECTION ( 'NONE',  ( -0.000000000000000000, -0.000000000000000000, -1.000000000000000000 ) ) ;
#5836 = CIRCLE ( 'NONE', #667, 9.999999999999994671 ) ;
#5837 = UNCERTAINTY_MEASURE_WITH_UNIT (LENGTH_MEASURE( 1.000000000000000082E-05 ), #4974, 'distance_accuracy_value', 'NONE');
#5838 = CARTESIAN_POINT ( 'NONE',  ( -47.07048378112436637, 5.634428877022473081, 1.000000000000000000 ) ) ;
#5839 = FACE_OUTER_BOUND ( 'NONE', #1208, .T. ) ;
#5840 = ADVANCED_FACE ( 'NONE', ( #3960 ), #4825, .T. ) ;
#5841 = DATE_AND_TIME ( #2648, #5616 ) ;
#5842 = ORIENTED_EDGE ( 'NONE', *, *, #4779, .F. ) ;
#5843 = CIRCLE ( 'NONE', #285, 10.00000000000000355 ) ;
#5844 = CARTESIAN_POINT ( 'NONE',  ( 0.000000000000000000, 9.000000000000000000, -88.00000000000000000 ) ) ;
#5845 = DIRECTION ( 'NONE',  ( -8.951293020695648905E-16, 0.000000000000000000, 1.000000000000000000 ) ) ;
#5846 = CARTESIAN_POINT ( 'NONE',  ( 231.9999999999999147, 9.000000000000000000, -1.000000000000000000 ) ) ;
#5847 = EDGE_CURVE ( 'NONE', #3793, #3328, #3475, .T. ) ;
#5848 = FACE_OUTER_BOUND ( 'NONE', #866, .T. ) ;
#5849 = EDGE_CURVE ( 'NONE', #4726, #62, #5708, .T. ) ;
#5850 = DIRECTION ( 'NONE',  ( -0.000000000000000000, 1.000000000000000000, -0.000000000000000000 ) ) ;
#5851 = CARTESIAN_POINT ( 'NONE',  ( 41.84814247518372810, 0.9999999999999991118, -20.31837809857893262 ) ) ;
#5852 = ORIENTED_EDGE ( 'NONE', *, *, #1621, .F. ) ;
#5853 = EDGE_LOOP ( 'NONE', ( #2392, #3082, #1053, #760 ) ) ;
#5854 = DIRECTION ( 'NONE',  ( 1.000000000000000000, -0.000000000000000000, 0.000000000000000000 ) ) ;
#5855 = EDGE_CURVE ( 'NONE', #556, #2121, #1171, .T. ) ;
#5856 = EDGE_CURVE ( 'NONE', #5199, #3479, #3548, .T. ) ;
#5857 = ORIENTED_EDGE ( 'NONE', *, *, #3358, .F. ) ;
#5858 = ORIENTED_EDGE ( 'NONE', *, *, #684, .T. ) ;
#5859 = DIRECTION ( 'NONE',  ( -1.000000000000000000, 0.000000000000000000, 0.000000000000000000 ) ) ;
#5860 = APPROVAL_ROLE ( '' ) ;
#5861 = CIRCLE ( 'NONE', #4698, 2.999999999999998224 ) ;
#5862 = ORIENTED_EDGE ( 'NONE', *, *, #937, .F. ) ;
#5863 = DIRECTION ( 'NONE',  ( 0.000000000000000000, -1.000000000000000000, 0.000000000000000000 ) ) ;
#5864 = CIRCLE ( 'NONE', #3264, 5.719358714986383596 ) ;
#5865 = DIRECTION ( 'NONE',  ( 1.000000000000000000, 0.000000000000000000, -0.000000000000000000 ) ) ;
#5866 = DIRECTION ( 'NONE',  ( 0.000000000000000000, -0.000000000000000000, 1.000000000000000000 ) ) ;
#5867 = PERSON_AND_ORGANIZATION_ROLE ( 'design_owner' ) ;
#5868 = CIRCLE ( 'NONE', #5382, 3.000000000000002665 ) ;
#5869 = LINE ( 'NONE', #1192, #3143 ) ;
#5870 = EDGE_CURVE ( 'NONE', #1438, #2003, #1726, .T. ) ;
#5871 = LINE ( 'NONE', #1743, #3771 ) ;
#5872 = AXIS2_PLACEMENT_3D ( 'NONE', #752, #1142, #3472 ) ;
#5873 = LINE ( 'NONE', #4403, #1380 ) ;
#5874 = DIRECTION ( 'NONE',  ( 0.000000000000000000, 0.000000000000000000, 1.000000000000000000 ) ) ;
#5875 = ORIENTED_EDGE ( 'NONE', *, *, #5023, .T. ) ;
#5876 = EDGE_CURVE ( 'NONE', #686, #5238, #5086, .T. ) ;
#5877 = DIRECTION ( 'NONE',  ( 1.000000000000000000, 0.000000000000000000, 0.000000000000000000 ) ) ;
#5878 = ADVANCED_FACE ( 'NONE', ( #2513 ), #642, .T. ) ;
#5879 = PLANE ( 'NONE',  #5210 ) ;
#5880 = ORIENTED_EDGE ( 'NONE', *, *, #3350, .T. ) ;
#5881 = ORIENTED_EDGE ( 'NONE', *, *, #4666, .T. ) ;
#5882 = DIRECTION ( 'NONE',  ( -0.000000000000000000, -1.000000000000000000, -0.000000000000000000 ) ) ;
#5883 = DIRECTION ( 'NONE',  ( -0.000000000000000000, 1.000000000000000000, -0.000000000000000000 ) ) ;
#5884 = APPLICATION_CONTEXT ( 'configuration controlled 3d designs of mechanical parts and assemblies' ) ;
#5885 = LINE ( 'NONE', #1703, #253 ) ;
#5886 = VECTOR ( 'NONE', #5424, 1000.000000000000000 ) ;
#5887 = ORIENTED_EDGE ( 'NONE', *, *, #387, .T. ) ;
#5888 = VECTOR ( 'NONE', #3312, 1000.000000000000000 ) ;
#5889 = EDGE_LOOP ( 'NONE', ( #1174, #4762, #1517, #754 ) ) ;
#5890 = AXIS2_PLACEMENT_3D ( 'NONE', #4692, #529, #1076 ) ;
#5891 = ADVANCED_FACE ( 'NONE', ( #2970 ), #4771, .F. ) ;
#5892 = DIRECTION ( 'NONE',  ( 0.000000000000000000, 0.000000000000000000, 1.000000000000000000 ) ) ;
#5893 = EDGE_CURVE ( 'NONE', #712, #5781, #695, .T. ) ;
#5894 = VECTOR ( 'NONE', #1411, 1000.000000000000227 ) ;
#5895 = PERSON_AND_ORGANIZATION ( #4500, #1878 ) ;
#5896 = AXIS2_PLACEMENT_3D ( 'NONE', #5160, #2809, #4641 ) ;
#5897 = ORIENTED_EDGE ( 'NONE', *, *, #3567, .F. ) ;
#5898 = AXIS2_PLACEMENT_3D ( 'NONE', #4839, #1685, #4897 ) ;
#5899 = CARTESIAN_POINT ( 'NONE',  ( 98.91842971327838541, 0.9999999999999991118, -68.55350318302573953 ) ) ;
#5900 = LINE ( 'NONE', #5411, #5711 ) ;
#5901 = DIRECTION ( 'NONE',  ( 0.7537688442211077922, 0.000000000000000000, 0.6571396575170116439 ) ) ;
#5902 = APPROVAL_ROLE ( '' ) ;
#5903 = CARTESIAN_POINT ( 'NONE',  ( 59.55893268023056919, 7.300000000000000711, 68.31678370934054101 ) ) ;
#5904 = LINE ( 'NONE', #5783, #510 ) ;
#5905 = LOCAL_TIME ( 16, 32, 57.00000000000000000, #379 ) ;
#5906 = DIRECTION ( 'NONE',  ( 1.000000000000000000, 0.000000000000000000, 0.000000000000000000 ) ) ;
#5907 = FACE_OUTER_BOUND ( 'NONE', #2010, .T. ) ;
#5908 = PRODUCT_DEFINITION_SHAPE ( 'NONE', 'NONE',  #5947 ) ;
#5909 = VERTEX_POINT ( 'NONE', #3446 ) ;
#5910 = PRODUCT_DEFINITION ( 'UNKNOWN', '', #2071, #1988 ) ;
#5911 = LOCAL_TIME ( 16, 32, 57.00000000000000000, #2398 ) ;
#5912 = CARTESIAN_POINT ( 'NONE',  ( -44.94916343756472088, 3.999999999999994671, 1.000000000000000000 ) ) ;
#5913 = CARTESIAN_POINT ( 'NONE',  ( 231.9999999999999432, 8.800000000000000711, -81.00000000000000000 ) ) ;
#5914 = ORIENTED_EDGE ( 'NONE', *, *, #1403, .F. ) ;
#5915 = ORIENTED_EDGE ( 'NONE', *, *, #3908, .T. ) ;
#5916 = CARTESIAN_POINT ( 'NONE',  ( 156.0000000000000284, 6.500000000000000000, -14.43438122311711780 ) ) ;
#5917 = ORGANIZATION ( 'NAUO-ORG5', 'UNSPECIFIED', 'UNSPECIFIED' ) ;
#5918 = CARTESIAN_POINT ( 'NONE',  ( 10.00000000000005329, 6.500000000000000000, -86.00000000000000000 ) ) ;
#5919 = CIRCLE ( 'NONE', #4851, 5.719358714986390702 ) ;
#5920 = EDGE_CURVE ( 'NONE', #5169, #4098, #4411, .T. ) ;
#5921 = EDGE_LOOP ( 'NONE', ( #842, #97, #4814, #1237 ) ) ;
#5922 = ORIENTED_EDGE ( 'NONE', *, *, #4302, .F. ) ;
#5923 = CARTESIAN_POINT ( 'NONE',  ( 2.121320343559649046, 5.292893218813446765, 0.000000000000000000 ) ) ;
#5924 = EDGE_CURVE ( 'NONE', #5663, #3597, #1766, .T. ) ;
#5925 = ADVANCED_FACE ( 'NONE', ( #276 ), #2097, .T. ) ;
#5926 = ORIENTED_EDGE ( 'NONE', *, *, #1947, .T. ) ;
#5927 = DIRECTION ( 'NONE',  ( -1.000000000000000000, -0.000000000000000000, -0.000000000000000000 ) ) ;
#5928 = CARTESIAN_POINT ( 'NONE',  ( 10.00000000000002132, 7.300000000000000711, -7.000000000000000000 ) ) ;
#5929 = PLANE ( 'NONE',  #4595 ) ;
#5930 = CALENDAR_DATE ( 2024, 9, 7 ) ;
#5931 = EDGE_CURVE ( 'NONE', #98, #3227, #5885, .T. ) ;
#5932 = AXIS2_PLACEMENT_3D ( 'NONE', #935, #1375, #1651 ) ;
#5933 = DIRECTION ( 'NONE',  ( 1.000000000000000000, -0.000000000000000000, -0.000000000000000000 ) ) ;
#5934 = CARTESIAN_POINT ( 'NONE',  ( -12.51897548311831088, 5.634428877022473081, 1.000000000000000000 ) ) ;
#5935 = CARTESIAN_POINT ( 'NONE',  ( 85.99999999999998579, 4.500000000000000000, -14.43438122311710714 ) ) ;
#5936 = FACE_OUTER_BOUND ( 'NONE', #2467, .T. ) ;
#5937 = VECTOR ( 'NONE', #3367, 1000.000000000000000 ) ;
#5938 = EDGE_LOOP ( 'NONE', ( #205, #4917, #2099, #3805 ) ) ;
#5939 = DIRECTION ( 'NONE',  ( 0.000000000000000000, 0.000000000000000000, 1.000000000000000000 ) ) ;
#5940 = CARTESIAN_POINT ( 'NONE',  ( -12.51897548311831088, 5.999999999999998224, 1.000000000000000000 ) ) ;
#5941 = CARTESIAN_POINT ( 'NONE',  ( 78.91050056131160773, 11.00000000000000000, -66.46004602843821374 ) ) ;
#5942 = NEXT_ASSEMBLY_USAGE_OCCURRENCE ( 'NAUO1', ' ', ' ', #2667, #5910, $ ) ;
#5943 = NEXT_ASSEMBLY_USAGE_OCCURRENCE ( 'NAUO2', ' ', ' ', #2667, #4608, $ ) ;
#5944 = NEXT_ASSEMBLY_USAGE_OCCURRENCE ( 'NAUO3', ' ', ' ', #2667, #551, $ ) ;
#5945 = NEXT_ASSEMBLY_USAGE_OCCURRENCE ( 'NAUO4', ' ', ' ', #2667, #4106, $ ) ;
#5946 = NEXT_ASSEMBLY_USAGE_OCCURRENCE ( 'NAUO5', ' ', ' ', #2667, #5910, $ ) ;
#5947 = NEXT_ASSEMBLY_USAGE_OCCURRENCE ( 'NAUO6', ' ', ' ', #2667, #4106, $ ) ;
ENDSEC;
END-ISO-10303-21;
