ISO-10303-21;
HEADER;
FILE_DESCRIPTION (( 'STEP AP214' ),
    '1' );
FILE_NAME ('405-00092-00.step',
    '2026-02-27T00:28:02',
    ( '' ),
    ( '' ),
    'SwSTEP 2.0',
    'SolidWorks 2023',
    '' );
FILE_SCHEMA (( 'AUTOMOTIVE_DESIGN' ));
ENDSEC;

DATA;
#1 = EDGE_CURVE ( 'NONE', #1801, #457, #7158, .T. ) ;
#2 = ORIENTED_EDGE ( 'NONE', *, *, #4963, .F. ) ;
#3 = ADVANCED_FACE ( 'NONE', ( #11305 ), #1743, .F. ) ;
#4 = CARTESIAN_POINT ( 'NONE',  ( 161.6745432400439029, -3.149416974196797003, -85.13958333333336270 ) ) ;
#5 = ORIENTED_EDGE ( 'NONE', *, *, #5129, .T. ) ;
#6 = CARTESIAN_POINT ( 'NONE',  ( 207.5000000000000000, 0.000000000000000000, -194.2174660514637310 ) ) ;
#7 = DIRECTION ( 'NONE',  ( 0.000000000000000000, 0.000000000000000000, -1.000000000000000000 ) ) ;
#8 = ORIENTED_EDGE ( 'NONE', *, *, #8894, .F. ) ;
#9 = LINE ( 'NONE', #8183, #3946 ) ;
#10 = FACE_OUTER_BOUND ( 'NONE', #880, .T. ) ;
#11 = DIRECTION ( 'NONE',  ( 2.208597309011063978E-16, -0.8660254037844428154, -0.4999999999999927280 ) ) ;
#12 = CIRCLE ( 'NONE', #8396, 0.1723194039403193323 ) ;
#13 = DIRECTION ( 'NONE',  ( 0.000000000000000000, 1.000000000000000000, 6.123233995736766036E-17 ) ) ;
#14 = ORIENTED_EDGE ( 'NONE', *, *, #6299, .F. ) ;
#15 = EDGE_CURVE ( 'NONE', #2835, #7587, #3573, .T. ) ;
#16 = DIRECTION ( 'NONE',  ( -7.400880780937299607E-16, -5.551115123125742273E-16, -1.000000000000000000 ) ) ;
#17 = CARTESIAN_POINT ( 'NONE',  ( 346.0000000000000000, -1.520925535675744511, -259.2403827181304337 ) ) ;
#18 = ORIENTED_EDGE ( 'NONE', *, *, #284, .F. ) ;
#19 = ADVANCED_FACE ( 'NONE', ( #9226 ), #2958, .F. ) ;
#20 = LINE ( 'NONE', #5766, #8295 ) ;
#21 = CIRCLE ( 'NONE', #6851, 2.110000000000000764 ) ;
#22 = ORIENTED_EDGE ( 'NONE', *, *, #4304, .F. ) ;
#23 = EDGE_LOOP ( 'NONE', ( #6360, #9053, #12051, #5470 ) ) ;
#24 = LINE ( 'NONE', #7466, #1990 ) ;
#25 = ORIENTED_EDGE ( 'NONE', *, *, #9741, .F. ) ;
#26 = CARTESIAN_POINT ( 'NONE',  ( 425.9999999999999432, -1.500000000000001332, -85.00000000000002842 ) ) ;
#27 = CARTESIAN_POINT ( 'NONE',  ( 162.7500000000000284, 0.000000000000000000, -85.00000000000001421 ) ) ;
#28 = ORIENTED_EDGE ( 'NONE', *, *, #11419, .F. ) ;
#29 = ORIENTED_EDGE ( 'NONE', *, *, #10119, .F. ) ;
#30 = EDGE_CURVE ( 'NONE', #1290, #2432, #6246, .T. ) ;
#31 = DIRECTION ( 'NONE',  ( 6.181400876936336067E-16, 0.3116117993304584610, -0.9502094961207419033 ) ) ;
#32 = EDGE_CURVE ( 'NONE', #11116, #4080, #9452, .T. ) ;
#33 = CARTESIAN_POINT ( 'NONE',  ( 210.8265096880607814, 0.000000000000000000, -228.4456223450676191 ) ) ;
#34 = ORIENTED_EDGE ( 'NONE', *, *, #2653, .F. ) ;
#35 = EDGE_CURVE ( 'NONE', #457, #1195, #11986, .T. ) ;
#36 = CARTESIAN_POINT ( 'NONE',  ( 0.9843342201064364527, 2.521531062727372152, -0.3948934297109130132 ) ) ;
#37 = ORIENTED_EDGE ( 'NONE', *, *, #4781, .T. ) ;
#38 = CARTESIAN_POINT ( 'NONE',  ( 338.9999999999999432, 0.000000000000000000, -194.2174660514637310 ) ) ;
#39 = LINE ( 'NONE', #10963, #2375 ) ;
#40 = VERTEX_POINT ( 'NONE', #4425 ) ;
#41 = LINE ( 'NONE', #3848, #887 ) ;
#42 = CARTESIAN_POINT ( 'NONE',  ( 2.470000000000027729, 2.070502786264333039, -1.449385447233317414 ) ) ;
#43 = ORIENTED_EDGE ( 'NONE', *, *, #3388, .F. ) ;
#44 = LINE ( 'NONE', #10474, #5062 ) ;
#45 = VECTOR ( 'NONE', #1298, 1000.000000000000000 ) ;
#46 = CARTESIAN_POINT ( 'NONE',  ( 0.9699999999999986411, 2.463272841927377499, -0.4415490844348612942 ) ) ;
#47 = EDGE_CURVE ( 'NONE', #1094, #2994, #8129, .T. ) ;
#48 = DIRECTION ( 'NONE',  ( 0.000000000000000000, -1.000000000000000000, 0.000000000000000000 ) ) ;
#49 = DIRECTION ( 'NONE',  ( -1.000000000000000000, -2.000187765493021278E-16, 7.400880780937300593E-16 ) ) ;
#50 = CARTESIAN_POINT ( 'NONE',  ( 178.6688394328960499, 0.000000000000000000, -208.4456223450676475 ) ) ;
#51 = EDGE_LOOP ( 'NONE', ( #9780, #4006, #6892, #4970 ) ) ;
#52 = PLANE ( 'NONE',  #8705 ) ;
#53 = PLANE ( 'NONE',  #2675 ) ;
#54 = VERTEX_POINT ( 'NONE', #3511 ) ;
#55 = LINE ( 'NONE', #3974, #5545 ) ;
#56 = ORIENTED_EDGE ( 'NONE', *, *, #6720, .T. ) ;
#57 = DIRECTION ( 'NONE',  ( -1.000000000000000000, -0.000000000000000000, -0.000000000000000000 ) ) ;
#58 = CARTESIAN_POINT ( 'NONE',  ( 261.0000000000000000, 0.000000000000000000, -181.7174660514637310 ) ) ;
#59 = PLANE ( 'NONE',  #9592 ) ;
#60 = DIRECTION ( 'NONE',  ( 0.000000000000000000, 1.000000000000000000, 0.000000000000000000 ) ) ;
#61 = EDGE_CURVE ( 'NONE', #10602, #3078, #5463, .T. ) ;
#62 = FACE_BOUND ( 'NONE', #1026, .T. ) ;
#63 = VERTEX_POINT ( 'NONE', #5309 ) ;
#64 = CARTESIAN_POINT ( 'NONE',  ( 161.3505830258032177, -0.6745432400439176357, -85.11458333333337123 ) ) ;
#65 = VERTEX_POINT ( 'NONE', #10756 ) ;
#66 = CARTESIAN_POINT ( 'NONE',  ( 148.0308911515353998, -1.224646799147346644E-18, -54.35518781845740932 ) ) ;
#67 = VECTOR ( 'NONE', #6421, 1000.000000000000000 ) ;
#68 =( NAMED_UNIT ( * ) PLANE_ANGLE_UNIT ( ) SI_UNIT ( $, .RADIAN. ) );
#69 = VERTEX_POINT ( 'NONE', #11855 ) ;
#70 = DIRECTION ( 'NONE',  ( -6.845769268624692740E-16, 5.551115123125739315E-16, 1.000000000000000000 ) ) ;
#71 = CARTESIAN_POINT ( 'NONE',  ( 0.9699999999999986411, 2.521531062727372152, -0.1294380075608364544 ) ) ;
#72 = DIRECTION ( 'NONE',  ( -6.742552325790028473E-16, 0.05371555010020873794, 0.9985562776716352396 ) ) ;
#73 = DIRECTION ( 'NONE',  ( 4.916917402473335227E-16, 0.8164082640122273249, -0.5774751479090173278 ) ) ;
#74 = ORIENTED_EDGE ( 'NONE', *, *, #5001, .T. ) ;
#75 = EDGE_CURVE ( 'NONE', #8012, #9499, #1375, .T. ) ;
#76 = DIRECTION ( 'NONE',  ( -0.000000000000000000, 1.000000000000000000, -0.000000000000000000 ) ) ;
#77 = VECTOR ( 'NONE', #9091, 1000.000000000000000 ) ;
#78 = CARTESIAN_POINT ( 'NONE',  ( 0.9699999999999986411, 2.481543631422583829, -0.4324412773119151732 ) ) ;
#79 = ORIENTED_EDGE ( 'NONE', *, *, #4450, .T. ) ;
#80 = CARTESIAN_POINT ( 'NONE',  ( 1.234999999999986109, -1.229500000000153470, 2.679777788561210478E-13 ) ) ;
#81 = ORIENTED_EDGE ( 'NONE', *, *, #5360, .F. ) ;
#82 = ORIENTED_EDGE ( 'NONE', *, *, #9934, .F. ) ;
#83 = DIRECTION ( 'NONE',  ( -2.208597309011112295E-16, 0.8660254037844387076, 0.4999999999999998890 ) ) ;
#84 = VECTOR ( 'NONE', #4945, 1000.000000000000000 ) ;
#85 = DIRECTION ( 'NONE',  ( 0.000000000000000000, -1.000000000000000000, 0.000000000000000000 ) ) ;
#86 = LINE ( 'NONE', #10397, #211 ) ;
#87 = ORIENTED_EDGE ( 'NONE', *, *, #3778, .F. ) ;
#88 = ORIENTED_EDGE ( 'NONE', *, *, #7581, .F. ) ;
#89 = EDGE_CURVE ( 'NONE', #2219, #11858, #2299, .T. ) ;
#90 = DIRECTION ( 'NONE',  ( 1.000000000000000000, 0.000000000000000000, -0.000000000000000000 ) ) ;
#91 = DIRECTION ( 'NONE',  ( -1.445076253180192051E-16, -1.000000000000000000, 2.553512956637819811E-15 ) ) ;
#92 = ORIENTED_EDGE ( 'NONE', *, *, #403, .T. ) ;
#93 = AXIS2_PLACEMENT_3D ( 'NONE', #10274, #9356, #85 ) ;
#94 = DIRECTION ( 'NONE',  ( -0.000000000000000000, 0.000000000000000000, 1.000000000000000000 ) ) ;
#95 = ORIENTED_EDGE ( 'NONE', *, *, #11797, .T. ) ;
#96 = FACE_OUTER_BOUND ( 'NONE', #6594, .T. ) ;
#97 = EDGE_CURVE ( 'NONE', #6893, #9866, #2424, .T. ) ;
#98 = CARTESIAN_POINT ( 'NONE',  ( 2.470000000130312401, 1.942890293094023946E-13, 3.608224830031758756E-13 ) ) ;
#99 = ORIENTED_EDGE ( 'NONE', *, *, #5445, .T. ) ;
#100 = EDGE_CURVE ( 'NONE', #8068, #5223, #6010, .T. ) ;
#101 = CARTESIAN_POINT ( 'NONE',  ( 345.3346749607557626, -0.3385880231672320217, -85.11041666666667993 ) ) ;
#102 = PLANE ( 'NONE',  #7227 ) ;
#103 = ORIENTED_EDGE ( 'NONE', *, *, #9790, .T. ) ;
#104 = CARTESIAN_POINT ( 'NONE',  ( 198.4999999999999432, -1.500000000000000000, -179.2174660514637310 ) ) ;
#105 = VECTOR ( 'NONE', #3958, 1000.000000000000000 ) ;
#106 = CARTESIAN_POINT ( 'NONE',  ( 502.0000000000000000, -1.500000000000000000, -40.00000000000007105 ) ) ;
#107 = PLANE ( 'NONE',  #6576 ) ;
#108 = DIRECTION ( 'NONE',  ( 1.000000000000000000, 0.000000000000000000, -0.000000000000000000 ) ) ;
#109 = DIRECTION ( 'NONE',  ( -1.000000000000000000, -0.000000000000000000, -0.000000000000000000 ) ) ;
#110 = ORIENTED_EDGE ( 'NONE', *, *, #2583, .T. ) ;
#111 = VECTOR ( 'NONE', #8250, 1000.000000000000000 ) ;
#112 = CARTESIAN_POINT ( 'NONE',  ( 181.9999999999999716, -1.500000000000000000, -194.2174660514637310 ) ) ;
#113 = DIRECTION ( 'NONE',  ( 1.000000000000000000, 2.000187765493021278E-16, -7.400880780937300593E-16 ) ) ;
#114 = ADVANCED_FACE ( 'NONE', ( #7944 ), #10815, .F. ) ;
#115 = VERTEX_POINT ( 'NONE', #9768 ) ;
#116 = DIRECTION ( 'NONE',  ( 1.000000000000000000, 0.000000000000000000, 0.000000000000000000 ) ) ;
#117 = EDGE_LOOP ( 'NONE', ( #901, #6811, #7472, #11934 ) ) ;
#118 = CARTESIAN_POINT ( 'NONE',  ( 0.9699999999999986411, 2.237535760291203601, -0.2852079774565696724 ) ) ;
#119 = LINE ( 'NONE', #10241, #4296 ) ;
#120 = ORIENTED_EDGE ( 'NONE', *, *, #11971, .T. ) ;
#121 = DIRECTION ( 'NONE',  ( 0.000000000000000000, 0.000000000000000000, 1.000000000000000000 ) ) ;
#122 = VECTOR ( 'NONE', #10919, 1000.000000000000000 ) ;
#123 = FACE_BOUND ( 'NONE', #9181, .T. ) ;
#124 = EDGE_LOOP ( 'NONE', ( #9828, #358, #2912, #891 ) ) ;
#125 = CARTESIAN_POINT ( 'NONE',  ( 162.6845630289102189, -1.993493169167078971, -85.14583333333335702 ) ) ;
#126 = VECTOR ( 'NONE', #1913, 1000.000000000000000 ) ;
#127 = EDGE_CURVE ( 'NONE', #7170, #10744, #2479, .T. ) ;
#128 = ORIENTED_EDGE ( 'NONE', *, *, #11591, .T. ) ;
#129 = AXIS2_PLACEMENT_3D ( 'NONE', #4828, #6652, #10363 ) ;
#130 = DIRECTION ( 'NONE',  ( 1.000000000000000000, 0.000000000000000000, -7.401486830834371151E-15 ) ) ;
#131 = DIRECTION ( 'NONE',  ( -1.000000000000000000, -2.000187765493021278E-16, 7.400880780937300593E-16 ) ) ;
#132 = ORIENTED_EDGE ( 'NONE', *, *, #4127, .F. ) ;
#133 = CARTESIAN_POINT ( 'NONE',  ( 498.4999999999998295, -2.449293598294707770E-17, -56.27983018403566717 ) ) ;
#134 = DIRECTION ( 'NONE',  ( 0.000000000000000000, 0.000000000000000000, -1.000000000000000000 ) ) ;
#135 = DIRECTION ( 'NONE',  ( 4.701583009046196778E-16, 0.8785436295979144328, -0.4776621095428466024 ) ) ;
#136 = CARTESIAN_POINT ( 'NONE',  ( 168.4999999999999147, -1.500000000000000000, -141.8128208825323497 ) ) ;
#137 = DIRECTION ( 'NONE',  ( 0.000000000000000000, 5.505339963068690462E-16, 1.000000000000000000 ) ) ;
#138 = ORIENTED_EDGE ( 'NONE', *, *, #11704, .F. ) ;
#139 = DIRECTION ( 'NONE',  ( -1.000000000000000000, -2.000187765493021278E-16, 7.400880780937300593E-16 ) ) ;
#140 = AXIS2_PLACEMENT_3D ( 'NONE', #6633, #31, #6808 ) ;
#141 = VECTOR ( 'NONE', #9853, 1000.000000000000000 ) ;
#142 = VERTEX_POINT ( 'NONE', #8919 ) ;
#143 = LINE ( 'NONE', #3892, #11228 ) ;
#144 = EDGE_LOOP ( 'NONE', ( #11157, #8172, #3543, #7827 ) ) ;
#145 = EDGE_CURVE ( 'NONE', #10238, #250, #575, .T. ) ;
#146 = ORIENTED_EDGE ( 'NONE', *, *, #7325, .F. ) ;
#147 = EDGE_CURVE ( 'NONE', #2856, #5122, #3384, .T. ) ;
#148 = CARTESIAN_POINT ( 'NONE',  ( 2.470000000130312401, 1.942890293094023946E-13, 3.608224830031758756E-13 ) ) ;
#149 = VECTOR ( 'NONE', #1530, 1000.000000000000000 ) ;
#150 = VECTOR ( 'NONE', #7696, 1000.000000000000000 ) ;
#151 = CARTESIAN_POINT ( 'NONE',  ( 362.9755125916353791, -1.224646799147346644E-18, -54.35518781845740932 ) ) ;
#152 = ORIENTED_EDGE ( 'NONE', *, *, #1001, .T. ) ;
#153 = VERTEX_POINT ( 'NONE', #2657 ) ;
#154 = CARTESIAN_POINT ( 'NONE',  ( 148.0308911515353998, 0.000000000000000000, -54.35518781845740932 ) ) ;
#155 = PLANE ( 'NONE',  #11059 ) ;
#156 = CARTESIAN_POINT ( 'NONE',  ( 246.6723182195912898, 0.000000000000000000, -190.1763372145972539 ) ) ;
#157 = VERTEX_POINT ( 'NONE', #2783 ) ;
#158 = FACE_OUTER_BOUND ( 'NONE', #2474, .T. ) ;
#159 = EDGE_CURVE ( 'NONE', #2768, #10095, #8305, .T. ) ;
#160 = ORIENTED_EDGE ( 'NONE', *, *, #4726, .T. ) ;
#161 = ADVANCED_FACE ( 'NONE', ( #10127 ), #9149, .F. ) ;
#162 = DIRECTION ( 'NONE',  ( 6.038316523433158462E-16, 0.7714105483942460539, -0.6363377765197416602 ) ) ;
#163 = CARTESIAN_POINT ( 'NONE',  ( 0.9700000000000541522, 2.376531825819094834, 0.1404954249514256404 ) ) ;
#164 = CARTESIAN_POINT ( 'NONE',  ( 167.0000000000000000, -1.500000000000000000, -233.2174660514637310 ) ) ;
#165 = ORIENTED_EDGE ( 'NONE', *, *, #11043, .T. ) ;
#166 = VECTOR ( 'NONE', #10462, 1000.000000000000000 ) ;
#167 = DIRECTION ( 'NONE',  ( -3.977977038742048129E-16, -0.8660254037844781205, 0.4999999999999313327 ) ) ;
#168 = CARTESIAN_POINT ( 'NONE',  ( 344.2500000000000000, -1.500000000000000444, -85.10000000000000853 ) ) ;
#169 = CARTESIAN_POINT ( 'NONE',  ( 344.2500000000000000, -1.500000000000000444, -259.2174660514637026 ) ) ;
#170 = CARTESIAN_POINT ( 'NONE',  ( 498.4999999999998295, 0.000000000000000000, -62.27983018403563875 ) ) ;
#171 = EDGE_CURVE ( 'NONE', #1149, #40, #12039, .T. ) ;
#172 = EDGE_CURVE ( 'NONE', #9066, #7648, #9, .T. ) ;
#173 = VECTOR ( 'NONE', #8049, 1000.000000000000000 ) ;
#174 = VERTEX_POINT ( 'NONE', #11919 ) ;
#175 = DIRECTION ( 'NONE',  ( -4.992923249690979017E-16, 0.5000000000000059952, 0.8660254037844352659 ) ) ;
#176 = CARTESIAN_POINT ( 'NONE',  ( 230.8265096880607530, 0.000000000000000000, -215.2174660514637594 ) ) ;
#177 = EDGE_LOOP ( 'NONE', ( #10475, #7937, #8685, #9713 ) ) ;
#178 = DIRECTION ( 'NONE',  ( 1.344989530423940433E-16, 0.9980805391703134744, -0.06192929298398618110 ) ) ;
#179 = ORIENTED_EDGE ( 'NONE', *, *, #11649, .T. ) ;
#180 = FACE_OUTER_BOUND ( 'NONE', #2017, .T. ) ;
#181 = CARTESIAN_POINT ( 'NONE',  ( 173.0000000000000000, 0.000000000000000000, -179.2174660514637310 ) ) ;
#182 = DIRECTION ( 'NONE',  ( 0.2274056061277857366, -3.120068117885606133E-16, 0.9738001285179902489 ) ) ;
#183 = VECTOR ( 'NONE', #7488, 1000.000000000000000 ) ;
#184 = DIRECTION ( 'NONE',  ( 9.615840696448729589E-16, 2.220446049250282512E-16, -1.000000000000000000 ) ) ;
#185 = FACE_OUTER_BOUND ( 'NONE', #9293, .T. ) ;
#186 = EDGE_CURVE ( 'NONE', #8003, #6463, #3541, .T. ) ;
#187 = FACE_BOUND ( 'NONE', #10108, .T. ) ;
#188 = EDGE_CURVE ( 'NONE', #5052, #11767, #10190, .T. ) ;
#189 = LINE ( 'NONE', #1996, #4244 ) ;
#190 = ORIENTED_EDGE ( 'NONE', *, *, #9040, .T. ) ;
#191 = ADVANCED_FACE ( 'NONE', ( #10997, #1735 ), #4673, .F. ) ;
#192 = CARTESIAN_POINT ( 'NONE',  ( 162.5621982420628342, -1.605673702813890991, -85.11458333333337123 ) ) ;
#193 = AXIS2_PLACEMENT_3D ( 'NONE', #2152, #3173, #2271 ) ;
#194 = ORIENTED_EDGE ( 'NONE', *, *, #8303, .T. ) ;
#195 = PLANE ( 'NONE',  #9426 ) ;
#196 = DIRECTION ( 'NONE',  ( -1.000000000000000000, -1.722632009336720063E-16, 7.400880780937477100E-16 ) ) ;
#197 = ORIENTED_EDGE ( 'NONE', *, *, #565, .F. ) ;
#198 = SURFACE_SIDE_STYLE ('',( #6730 ) ) ;
#199 = CARTESIAN_POINT ( 'NONE',  ( 0.9700000000000541522, 2.385763063567691855, 0.2488730229634472657 ) ) ;
#200 = DIRECTION ( 'NONE',  ( -5.882887990558551382E-16, -0.4999999999999998890, 0.8660254037844387076 ) ) ;
#201 = DIRECTION ( 'NONE',  ( 1.131409647180080362E-16, 0.9999881098214298270, 0.004876496258989318835 ) ) ;
#202 = ORIENTED_EDGE ( 'NONE', *, *, #11705, .F. ) ;
#203 = LINE ( 'NONE', #2415, #9881 ) ;
#204 = FACE_OUTER_BOUND ( 'NONE', #9163, .T. ) ;
#205 = VECTOR ( 'NONE', #9285, 1000.000000000000114 ) ;
#206 = EDGE_CURVE ( 'NONE', #826, #10786, #8240, .T. ) ;
#207 = ORIENTED_EDGE ( 'NONE', *, *, #10390, .T. ) ;
#208 = DIRECTION ( 'NONE',  ( 1.000000000000000000, -0.000000000000000000, 0.000000000000000000 ) ) ;
#209 = ORIENTED_EDGE ( 'NONE', *, *, #6882, .T. ) ;
#210 = ORIENTED_EDGE ( 'NONE', *, *, #9136, .F. ) ;
#211 = VECTOR ( 'NONE', #5712, 1000.000000000000227 ) ;
#212 = DIRECTION ( 'NONE',  ( 1.000000000000000000, 1.722632009336724254E-16, -4.070211707061878303E-16 ) ) ;
#213 = VECTOR ( 'NONE', #4760, 999.9999999999998863 ) ;
#214 = CARTESIAN_POINT ( 'NONE',  ( 0.9699999999999986411, 2.484843852219587035, -0.4603639524410063633 ) ) ;
#215 = EDGE_LOOP ( 'NONE', ( #8251, #3365, #10627, #4750 ) ) ;
#216 = EDGE_LOOP ( 'NONE', ( #8798, #10676 ) ) ;
#217 = DIRECTION ( 'NONE',  ( -0.000000000000000000, 1.000000000000000000, -0.000000000000000000 ) ) ;
#218 = EDGE_CURVE ( 'NONE', #9347, #6705, #7454, .T. ) ;
#219 = CARTESIAN_POINT ( 'NONE',  ( 502.0000000000000000, -1.500999999999999890, -40.00000000000007105 ) ) ;
#220 = VECTOR ( 'NONE', #9779, 1000.000000000000000 ) ;
#221 = ORIENTED_EDGE ( 'NONE', *, *, #145, .T. ) ;
#222 = CARTESIAN_POINT ( 'NONE',  ( 0.9700000000000541522, 2.229775213525436506, 0.2363679926843664791 ) ) ;
#223 = ORIENTED_EDGE ( 'NONE', *, *, #4845, .F. ) ;
#224 = DIRECTION ( 'NONE',  ( 1.000000000000000000, 2.000187765493021278E-16, -7.400880780937300593E-16 ) ) ;
#225 = ORIENTED_EDGE ( 'NONE', *, *, #1043, .F. ) ;
#226 = AXIS2_PLACEMENT_3D ( 'NONE', #5571, #3563, #2723 ) ;
#227 = CARTESIAN_POINT ( 'NONE',  ( 0.9699999999999986411, 2.422424264911876790, -0.01856281503725965010 ) ) ;
#228 = VERTEX_POINT ( 'NONE', #1796 ) ;
#229 = VECTOR ( 'NONE', #6047, 1000.000000000000000 ) ;
#230 = CARTESIAN_POINT ( 'NONE',  ( 0.9843342201064364527, 2.375141406468883609, 0.2468665188329194349 ) ) ;
#231 = CARTESIAN_POINT ( 'NONE',  ( 0.9699999999999986411, 2.488303373917672090, -0.4538380365110561421 ) ) ;
#232 = EDGE_LOOP ( 'NONE', ( #7829, #4311, #10772, #3634 ) ) ;
#233 = LINE ( 'NONE', #168, #10852 ) ;
#234 = EDGE_CURVE ( 'NONE', #10236, #2357, #3630, .T. ) ;
#235 = CARTESIAN_POINT ( 'NONE',  ( 0.9699999999999986411, 2.489954509273251126, -0.4551746698936293134 ) ) ;
#236 = EDGE_CURVE ( 'NONE', #9451, #10528, #8432, .T. ) ;
#237 = DIRECTION ( 'NONE',  ( -0.000000000000000000, -0.000000000000000000, -1.000000000000000000 ) ) ;
#238 = VECTOR ( 'NONE', #837, 1000.000000000000000 ) ;
#239 = EDGE_LOOP ( 'NONE', ( #11502, #92, #6950, #2078 ) ) ;
#240 = DIRECTION ( 'NONE',  ( 0.000000000000000000, 0.000000000000000000, -1.000000000000000000 ) ) ;
#241 = CARTESIAN_POINT ( 'NONE',  ( 164.3750000000000284, -3.500000000000000000, -172.2087330257318456 ) ) ;
#242 = ORIENTED_EDGE ( 'NONE', *, *, #11201, .T. ) ;
#243 = CARTESIAN_POINT ( 'NONE',  ( 0.9699999999999986411, 2.467563243836567999, -0.4555210470664761147 ) ) ;
#244 = CARTESIAN_POINT ( 'NONE',  ( 0.9700000000000541522, 2.332881258751001496, 0.1446480485159939988 ) ) ;
#245 = DIRECTION ( 'NONE',  ( -6.461844948013601496E-17, -1.000000000000000000, -3.053113317719180486E-16 ) ) ;
#246 = FACE_OUTER_BOUND ( 'NONE', #11447, .T. ) ;
#247 = EDGE_CURVE ( 'NONE', #4715, #8777, #6419, .T. ) ;
#248 = FACE_BOUND ( 'NONE', #2928, .T. ) ;
#249 = EDGE_LOOP ( 'NONE', ( #6296, #5814, #1145, #11730 ) ) ;
#250 = VERTEX_POINT ( 'NONE', #7211 ) ;
#251 = LINE ( 'NONE', #5075, #122 ) ;
#252 = VERTEX_POINT ( 'NONE', #5514 ) ;
#253 = FACE_OUTER_BOUND ( 'NONE', #11323, .T. ) ;
#254 = DIRECTION ( 'NONE',  ( 5.782411586726047512E-16, -5.551115123125739315E-16, -1.000000000000000000 ) ) ;
#255 = EDGE_CURVE ( 'NONE', #6081, #4776, #9215, .T. ) ;
#256 = ORIENTED_EDGE ( 'NONE', *, *, #2788, .T. ) ;
#257 = EDGE_CURVE ( 'NONE', #11292, #1513, #3695, .T. ) ;
#258 = DIRECTION ( 'NONE',  ( -6.831545672378266472E-16, 0.008115419334605227658, 0.9999670694423009598 ) ) ;
#259 = CARTESIAN_POINT ( 'NONE',  ( 210.8265096880607814, -1.500000000000000000, -208.4456223450676475 ) ) ;
#260 = DIRECTION ( 'NONE',  ( 9.621326830187598882E-16, 2.220446049250292373E-16, -1.000000000000000000 ) ) ;
#261 = DIRECTION ( 'NONE',  ( -0.000000000000000000, -1.000000000000000000, -0.000000000000000000 ) ) ;
#262 = CARTESIAN_POINT ( 'NONE',  ( 0.9843342201064364527, 2.466484790674988936, 0.1704206895829646351 ) ) ;
#263 = EDGE_LOOP ( 'NONE', ( #4841, #3859 ) ) ;
#264 = CARTESIAN_POINT ( 'NONE',  ( 502.0000000000000000, -1.750000000000000000, -1.750000000000017097 ) ) ;
#265 = ORIENTED_EDGE ( 'NONE', *, *, #6932, .T. ) ;
#266 = VECTOR ( 'NONE', #7137, 1000.000000000000000 ) ;
#267 = VECTOR ( 'NONE', #6914, 1000.000000000000000 ) ;
#268 = CARTESIAN_POINT ( 'NONE',  ( 345.7791261796199365, -0.8686667843509267017, -85.11666666666668846 ) ) ;
#269 = ORIENTED_EDGE ( 'NONE', *, *, #5241, .T. ) ;
#270 = ORIENTED_EDGE ( 'NONE', *, *, #9812, .T. ) ;
#271 = LINE ( 'NONE', #10396, #9374 ) ;
#272 = EDGE_CURVE ( 'NONE', #4875, #6876, #11128, .T. ) ;
#273 = LINE ( 'NONE', #6565, #8586 ) ;
#274 = AXIS2_PLACEMENT_3D ( 'NONE', #7091, #387, #6118 ) ;
#275 = ORIENTED_EDGE ( 'NONE', *, *, #7851, .F. ) ;
#276 = CARTESIAN_POINT ( 'NONE',  ( 0.9843342201064364527, 2.140667967656273429, -0.2325411859420839500 ) ) ;
#277 = LINE ( 'NONE', #4016, #166 ) ;
#278 = VERTEX_POINT ( 'NONE', #133 ) ;
#279 = CARTESIAN_POINT ( 'NONE',  ( 185.5000000000000284, 0.000000000000000000, -317.4174660514636912 ) ) ;
#280 = EDGE_LOOP ( 'NONE', ( #7789, #8519, #197, #11052 ) ) ;
#281 = VECTOR ( 'NONE', #5555, 1000.000000000000000 ) ;
#282 = DIRECTION ( 'NONE',  ( 0.000000000000000000, -1.000000000000000000, 0.000000000000000000 ) ) ;
#283 = ORIENTED_EDGE ( 'NONE', *, *, #9544, .F. ) ;
#284 = EDGE_CURVE ( 'NONE', #11505, #8465, #2227, .T. ) ;
#285 = CARTESIAN_POINT ( 'NONE',  ( 344.4499167105995525, -1.596363320006271680, -85.11458333333334281 ) ) ;
#286 = LINE ( 'NONE', #7719, #2400 ) ;
#287 = VERTEX_POINT ( 'NONE', #5756 ) ;
#288 = DIRECTION ( 'NONE',  ( -1.000000000000000000, -2.000187765493021278E-16, 7.400880780937300593E-16 ) ) ;
#289 = DIRECTION ( 'NONE',  ( -0.7071067811865435759, 0.000000000000000000, 0.7071067811865514585 ) ) ;
#290 = VECTOR ( 'NONE', #5711, 1000.000000000000000 ) ;
#291 = CARTESIAN_POINT ( 'NONE',  ( 344.2827307998733204, -2.000000000000000000, -259.2653823440272163 ) ) ;
#292 = CARTESIAN_POINT ( 'NONE',  ( 246.6723182195912614, -1.500000000000000000, -210.1763372145972539 ) ) ;
#293 = FACE_OUTER_BOUND ( 'NONE', #9530, .T. ) ;
#294 = LINE ( 'NONE', #8708, #5200 ) ;
#295 = EDGE_CURVE ( 'NONE', #1437, #11802, #10383, .T. ) ;
#296 = VECTOR ( 'NONE', #6030, 1000.000000000000000 ) ;
#297 = EDGE_CURVE ( 'NONE', #4741, #3710, #11249, .T. ) ;
#298 = DIRECTION ( 'NONE',  ( -1.000000000000000000, -0.000000000000000000, -0.000000000000000000 ) ) ;
#299 = ORIENTED_EDGE ( 'NONE', *, *, #10456, .F. ) ;
#300 = CYLINDRICAL_SURFACE ( 'NONE', #5253, 2.110000000000000764 ) ;
#301 = DIRECTION ( 'NONE',  ( 1.000000000000000000, 0.000000000000000000, 0.000000000000000000 ) ) ;
#302 = CARTESIAN_POINT ( 'NONE',  ( 0.9699999999999986411, 2.219308366003869271, 0.01740461005332594180 ) ) ;
#303 = CARTESIAN_POINT ( 'NONE',  ( 299.4999999999999432, -1.500000000000000000, -253.2174660514637310 ) ) ;
#304 = FACE_BOUND ( 'NONE', #6868, .T. ) ;
#305 = LINE ( 'NONE', #3983, #2101 ) ;
#306 = VECTOR ( 'NONE', #10765, 1000.000000000000000 ) ;
#307 = ORIENTED_EDGE ( 'NONE', *, *, #858, .T. ) ;
#308 = ORIENTED_EDGE ( 'NONE', *, *, #6244, .T. ) ;
#309 = LINE ( 'NONE', #6841, #4033 ) ;
#310 = ORIENTED_EDGE ( 'NONE', *, *, #10904, .F. ) ;
#311 = ADVANCED_FACE ( 'NONE', ( #1064 ), #1986, .T. ) ;
#312 = LINE ( 'NONE', #11719, #3806 ) ;
#313 = CARTESIAN_POINT ( 'NONE',  ( 185.5000000000000284, -1.500000000000000000, -321.0174660514637708 ) ) ;
#314 = ORIENTED_EDGE ( 'NONE', *, *, #697, .F. ) ;
#315 = CARTESIAN_POINT ( 'NONE',  ( 0.9843342201064919639, 1.975537752030132044, 0.3948905628679624802 ) ) ;
#316 = LINE ( 'NONE', #1938, #9442 ) ;
#317 = VECTOR ( 'NONE', #7010, 1000.000000000000000 ) ;
#318 = DIRECTION ( 'NONE',  ( -1.000000000000000000, 0.000000000000000000, -0.000000000000000000 ) ) ;
#319 = DIRECTION ( 'NONE',  ( -1.000000000000000000, 0.000000000000000000, 0.000000000000000000 ) ) ;
#320 = CARTESIAN_POINT ( 'NONE',  ( 2.469999999999805684, -0.1043506507302505160, 2.417505155565644159 ) ) ;
#321 = LINE ( 'NONE', #3820, #4103 ) ;
#322 = VERTEX_POINT ( 'NONE', #2966 ) ;
#323 = ADVANCED_FACE ( 'NONE', ( #7632 ), #6614, .T. ) ;
#324 = EDGE_CURVE ( 'NONE', #2115, #1755, #4054, .T. ) ;
#325 = VECTOR ( 'NONE', #1053, 1000.000000000000227 ) ;
#326 = ORIENTED_EDGE ( 'NONE', *, *, #11422, .T. ) ;
#327 = AXIS2_PLACEMENT_3D ( 'NONE', #7430, #11954, #11223 ) ;
#328 = DIRECTION ( 'NONE',  ( -0.000000000000000000, -1.000000000000000000, -0.000000000000000000 ) ) ;
#329 = ORIENTED_EDGE ( 'NONE', *, *, #7977, .T. ) ;
#330 = ORIENTED_EDGE ( 'NONE', *, *, #5634, .T. ) ;
#331 = CARTESIAN_POINT ( 'NONE',  ( 0.9699999999999986411, 2.473336351479572759, -0.4538286831452240100 ) ) ;
#332 = VECTOR ( 'NONE', #9908, 1000.000000000000000 ) ;
#333 = VECTOR ( 'NONE', #4650, 1000.000000000000000 ) ;
#334 = EDGE_LOOP ( 'NONE', ( #8477, #11371, #10347, #10810, #1035, #7624, #7509, #5494, #6074, #4717, #11791, #6005 ) ) ;
#335 = LINE ( 'NONE', #1318, #2889 ) ;
#336 = EDGE_CURVE ( 'NONE', #3605, #1082, #7750, .T. ) ;
#337 = ORIENTED_EDGE ( 'NONE', *, *, #620, .T. ) ;
#338 = DIRECTION ( 'NONE',  ( -1.000000000000000000, 0.000000000000000000, -0.000000000000000000 ) ) ;
#339 = VECTOR ( 'NONE', #10509, 1000.000000000000000 ) ;
#341 = VERTEX_POINT ( 'NONE', #4789 ) ;
#340 = VECTOR ( 'NONE', #3317, 1000.000000000000000 ) ;
#342 = EDGE_CURVE ( 'NONE', #8777, #2856, #3816, .T. ) ;
#343 = CARTESIAN_POINT ( 'NONE',  ( 5.000000000000004441, -3.500000000000000000, -3.375000000000000000 ) ) ;
#344 = ORIENTED_EDGE ( 'NONE', *, *, #6529, .T. ) ;
#345 = CARTESIAN_POINT ( 'NONE',  ( 346.0000000000000000, -1.520925535675722973, -85.12291666666666856 ) ) ;
#346 = ORIENTED_EDGE ( 'NONE', *, *, #11164, .F. ) ;
#347 = CARTESIAN_POINT ( 'NONE',  ( 338.5000000000000000, -1.224646799147346644E-18, -35.27282088253234349 ) ) ;
#348 = ORIENTED_EDGE ( 'NONE', *, *, #1797, .F. ) ;
#349 = CARTESIAN_POINT ( 'NONE',  ( 167.0000000000000000, -1.500000000000000000, -242.2174660514637310 ) ) ;
#350 = VECTOR ( 'NONE', #5613, 1000.000000000000000 ) ;
#351 = VECTOR ( 'NONE', #608, 1000.000000000000000 ) ;
#352 = CARTESIAN_POINT ( 'NONE',  ( 344.7119850158940153, -3.469061774319601277, -259.2632993847970511 ) ) ;
#353 = DIRECTION ( 'NONE',  ( -7.054589166432185917E-16, 5.551115123125740301E-16, 1.000000000000000000 ) ) ;
#354 = ADVANCED_FACE ( 'NONE', ( #6847 ), #6107, .F. ) ;
#355 = CARTESIAN_POINT ( 'NONE',  ( 173.0000000000000000, 0.000000000000000000, -179.2174660514637310 ) ) ;
#356 = AXIS2_PLACEMENT_3D ( 'NONE', #10504, #9460, #9634 ) ;
#357 = CARTESIAN_POINT ( 'NONE',  ( 161.0000000000000000, -1.500000000000000000, -259.2174660514637026 ) ) ;
#358 = ORIENTED_EDGE ( 'NONE', *, *, #7882, .F. ) ;
#359 = CARTESIAN_POINT ( 'NONE',  ( 167.0000000000000000, 0.000000000000000000, -233.2174660514637310 ) ) ;
#360 = SHAPE_DEFINITION_REPRESENTATION ( #5974, #6159 ) ;
#361 = LINE ( 'NONE', #7978, #11818 ) ;
#362 = VECTOR ( 'NONE', #6940, 1000.000000000000000 ) ;
#363 = EDGE_CURVE ( 'NONE', #10451, #7102, #10503, .T. ) ;
#364 = VERTEX_POINT ( 'NONE', #2168 ) ;
#365 = VERTEX_POINT ( 'NONE', #5873 ) ;
#366 = PLANE ( 'NONE',  #11618 ) ;
#367 = VERTEX_POINT ( 'NONE', #9581 ) ;
#368 = DIRECTION ( 'NONE',  ( -0.000000000000000000, -0.000000000000000000, 1.000000000000000000 ) ) ;
#369 = CARTESIAN_POINT ( 'NONE',  ( 173.0000000000000000, 0.000000000000000000, -194.2174660514637310 ) ) ;
#370 = ORIENTED_EDGE ( 'NONE', *, *, #7256, .T. ) ;
#371 = AXIS2_PLACEMENT_3D ( 'NONE', #11810, #6551, #73 ) ;
#372 = DIRECTION ( 'NONE',  ( 1.000000000000000000, 0.000000000000000000, 0.000000000000000000 ) ) ;
#373 = DIRECTION ( 'NONE',  ( 1.328376527327713652E-16, -0.9571008663759672519, -0.2897549509195191941 ) ) ;
#374 = CARTESIAN_POINT ( 'NONE',  ( 0.9700000000000541522, 2.523629592551063006, 0.3948905628681914637 ) ) ;
#375 = FACE_OUTER_BOUND ( 'NONE', #7600, .T. ) ;
#376 = CARTESIAN_POINT ( 'NONE',  ( 0.9700000000000541522, 1.975537752030354088, -0.3948934297118011916 ) ) ;
#377 = DIRECTION ( 'NONE',  ( -7.400880780937299607E-16, -5.551115123125742273E-16, -1.000000000000000000 ) ) ;
#378 = ORIENTED_EDGE ( 'NONE', *, *, #965, .F. ) ;
#379 = EDGE_CURVE ( 'NONE', #6253, #1213, #8667, .T. ) ;
#380 = EDGE_CURVE ( 'NONE', #6446, #5134, #2525, .T. ) ;
#381 = CARTESIAN_POINT ( 'NONE',  ( 344.7080587976287802, -3.454452184169553242, -259.2632993847970511 ) ) ;
#382 = VECTOR ( 'NONE', #1229, 1000.000000000000000 ) ;
#383 = ORIENTED_EDGE ( 'NONE', *, *, #7781, .F. ) ;
#384 = CARTESIAN_POINT ( 'NONE',  ( 0.9843342201064364527, 2.336132259871254391, 0.2556232938958347134 ) ) ;
#385 = ORIENTED_EDGE ( 'NONE', *, *, #3042, .F. ) ;
#386 = VERTEX_POINT ( 'NONE', #6167 ) ;
#387 = DIRECTION ( 'NONE',  ( -1.445076253180178246E-16, -1.000000000000000000, 5.551115123125738329E-16 ) ) ;
#388 = PLANE ( 'NONE',  #7274 ) ;
#389 = ADVANCED_FACE ( 'NONE', ( #1360 ), #3309, .F. ) ;
#390 = AXIS2_PLACEMENT_3D ( 'NONE', #8111, #11844, #9204 ) ;
#391 = CARTESIAN_POINT ( 'NONE',  ( 342.6250000000000000, -3.500000000000000000, -172.2087330257318740 ) ) ;
#392 = EDGE_LOOP ( 'NONE', ( #4291, #9409 ) ) ;
#393 = ORIENTED_EDGE ( 'NONE', *, *, #1340, .T. ) ;
#394 = CARTESIAN_POINT ( 'NONE',  ( 2.470000000000027729, 0.06360232754365480190, 2.173161927247618586 ) ) ;
#395 = VECTOR ( 'NONE', #2753, 1000.000000000000000 ) ;
#396 = VERTEX_POINT ( 'NONE', #11721 ) ;
#397 = LINE ( 'NONE', #4135, #4516 ) ;
#398 = ORIENTED_EDGE ( 'NONE', *, *, #7484, .F. ) ;
#399 = CARTESIAN_POINT ( 'NONE',  ( 344.7080587976286097, -3.454452184169576334, -85.14583333333334281 ) ) ;
#400 = CARTESIAN_POINT ( 'NONE',  ( 246.6723182195912898, 0.000000000000000000, -190.1763372145972539 ) ) ;
#401 = ORIENTED_EDGE ( 'NONE', *, *, #9041, .T. ) ;
#402 = EDGE_CURVE ( 'NONE', #3580, #10585, #9212, .T. ) ;
#403 = EDGE_CURVE ( 'NONE', #5721, #6101, #4165, .T. ) ;
#404 = CARTESIAN_POINT ( 'NONE',  ( 0.9700000000000541522, 2.092235504760536990, 0.3948905628675530854 ) ) ;
#405 = ORIENTED_EDGE ( 'NONE', *, *, #6032, .T. ) ;
#406 = VECTOR ( 'NONE', #7092, 1000.000000000000114 ) ;
#407 = FACE_OUTER_BOUND ( 'NONE', #5707, .T. ) ;
#408 = ADVANCED_FACE ( 'NONE', ( #5198 ), #10680, .F. ) ;
#409 = CARTESIAN_POINT ( 'NONE',  ( 2.450950000000035267, 1.752788928699816617, -1.092298960886806114 ) ) ;
#410 = VERTEX_POINT ( 'NONE', #4224 ) ;
#411 =( NAMED_UNIT ( * ) SI_UNIT ( $, .STERADIAN. ) SOLID_ANGLE_UNIT ( ) );
#412 = DIRECTION ( 'NONE',  ( 0.000000000000000000, 1.000000000000000000, 0.000000000000000000 ) ) ;
#413 = CLOSED_SHELL ( 'NONE', ( #191, #514, #5496, #1575, #6668, #3863, #591, #1468, #2389, #3928, #5458, #8531, #11341, #7658, #4751, #9393, #7780, #3156, #11383, #4137, #1628, #8720, #9849, #2825, #6660, #5072, #9784, #9150, #6779, #3712, #3130, #10310, #10183, #5114, #10037 ) ) ;
#414 =( LENGTH_UNIT ( ) NAMED_UNIT ( * ) SI_UNIT ( .MILLI., .METRE. ) );
#415 = AXIS2_PLACEMENT_3D ( 'NONE', #8552, #4670, #254 ) ;
#416 = DIRECTION ( 'NONE',  ( 0.000000000000000000, 0.000000000000000000, 1.000000000000000000 ) ) ;
#417 = ORIENTED_EDGE ( 'NONE', *, *, #11869, .T. ) ;
#418 = ADVANCED_FACE ( 'NONE', ( #4108 ), #7861, .F. ) ;
#419 = CARTESIAN_POINT ( 'NONE',  ( 161.0000000000000000, -1.500000000000000000, -259.9674660514636457 ) ) ;
#420 = DIRECTION ( 'NONE',  ( -1.000000000000000000, -0.000000000000000000, -0.000000000000000000 ) ) ;
#421 = CONTEXT_DEPENDENT_SHAPE_REPRESENTATION ( #8895, #8014 ) ;
#422 = CARTESIAN_POINT ( 'NONE',  ( 279.0000000000000000, -1.500000000000000000, -179.2174660514637310 ) ) ;
#423 = VECTOR ( 'NONE', #8995, 1000.000000000000000 ) ;
#424 = ORIENTED_EDGE ( 'NONE', *, *, #2356, .F. ) ;
#425 = ORIENTED_EDGE ( 'NONE', *, *, #2588, .F. ) ;
#426 = FACE_OUTER_BOUND ( 'NONE', #2654, .T. ) ;
#427 = ORIENTED_EDGE ( 'NONE', *, *, #8828, .F. ) ;
#428 = DIRECTION ( 'NONE',  ( 0.000000000000000000, 0.000000000000000000, -1.000000000000000000 ) ) ;
#429 = CARTESIAN_POINT ( 'NONE',  ( 500.4999999999998295, -1.500000000000001332, -62.27983018403563875 ) ) ;
#430 = VERTEX_POINT ( 'NONE', #7805 ) ;
#431 = EDGE_CURVE ( 'NONE', #8320, #7702, #7018, .T. ) ;
#432 = CARTESIAN_POINT ( 'NONE',  ( 344.3804966646909520, -1.526943274097547709, -259.2257993847971420 ) ) ;
#433 = DIRECTION ( 'NONE',  ( 0.000000000000000000, 0.000000000000000000, -1.000000000000000000 ) ) ;
#434 = CARTESIAN_POINT ( 'NONE',  ( 0.9700000000000541522, 2.523629592550951983, 0.2969646181048418709 ) ) ;
#435 = CARTESIAN_POINT ( 'NONE',  ( 316.1545311035279724, 0.000000000000000000, -228.4456223450676475 ) ) ;
#436 = ORIENTED_EDGE ( 'NONE', *, *, #11563, .F. ) ;
#437 = PLANE ( 'NONE',  #8168 ) ;
#438 = DIRECTION ( 'NONE',  ( 1.000000000000000000, -0.000000000000000000, 0.000000000000000000 ) ) ;
#439 = DIRECTION ( 'NONE',  ( 0.000000000000000000, 0.000000000000000000, -1.000000000000000000 ) ) ;
#440 = ORIENTED_EDGE ( 'NONE', *, *, #5103, .T. ) ;
#441 = LINE ( 'NONE', #6280, #3448 ) ;
#442 = DIRECTION ( 'NONE',  ( 1.387778780781446267E-15, 0.000000000000000000, 1.000000000000000000 ) ) ;
#443 = VERTEX_POINT ( 'NONE', #10865 ) ;
#444 = ORIENTED_EDGE ( 'NONE', *, *, #11136, .T. ) ;
#445 = CARTESIAN_POINT ( 'NONE',  ( 2.470000000000055707, 1.810417492354610136, -0.7912649203304089607 ) ) ;
#446 = DIRECTION ( 'NONE',  ( 0.000000000000000000, -0.000000000000000000, 1.000000000000000000 ) ) ;
#447 = EDGE_CURVE ( 'NONE', #10260, #2115, #9930, .T. ) ;
#448 = EDGE_CURVE ( 'NONE', #11637, #65, #5320, .T. ) ;
#449 = CARTESIAN_POINT ( 'NONE',  ( 313.0000000000000000, 0.000000000000000000, -233.2174660514637310 ) ) ;
#450 = ORIENTED_EDGE ( 'NONE', *, *, #11943, .T. ) ;
#451 = PLANE ( 'NONE',  #9087 ) ;
#452 = ORIENTED_EDGE ( 'NONE', *, *, #4277, .F. ) ;
#453 = ORIENTED_EDGE ( 'NONE', *, *, #3015, .T. ) ;
#454 = CARTESIAN_POINT ( 'NONE',  ( 502.0000000000000000, -1.500000000000000000, -1.750000000000001554 ) ) ;
#455 = VERTEX_POINT ( 'NONE', #7197 ) ;
#456 = CARTESIAN_POINT ( 'NONE',  ( 0.1119230769230927791, -5.551115123125782702E-14, 0.000000000000000000 ) ) ;
#457 = VERTEX_POINT ( 'NONE', #4531 ) ;
#458 = VECTOR ( 'NONE', #10176, 1000.000000000000000 ) ;
#459 = ADVANCED_FACE ( 'NONE', ( #4593 ), #6287, .F. ) ;
#460 = CARTESIAN_POINT ( 'NONE',  ( 344.2807473117516679, -1.984850000000000225, -85.14791629257852890 ) ) ;
#461 = FACE_OUTER_BOUND ( 'NONE', #1633, .T. ) ;
#462 = AXIS2_PLACEMENT_3D ( 'NONE', #5263, #1603, #8969 ) ;
#463 = ORIENTED_EDGE ( 'NONE', *, *, #4915, .T. ) ;
#464 = CARTESIAN_POINT ( 'NONE',  ( 321.4999999999999432, -9.797174393178824918E-17, -321.0174660514637708 ) ) ;
#465 = ORIENTED_EDGE ( 'NONE', *, *, #1250, .F. ) ;
#466 = FACE_OUTER_BOUND ( 'NONE', #1325, .T. ) ;
#467 = CARTESIAN_POINT ( 'NONE',  ( 344.4378017579372226, -1.605673702813891435, -259.2320493847971079 ) ) ;
#468 = FACE_OUTER_BOUND ( 'NONE', #6294, .T. ) ;
#469 = VERTEX_POINT ( 'NONE', #7376 ) ;
#470 = VECTOR ( 'NONE', #8368, 1000.000000000000114 ) ;
#471 = ADVANCED_FACE ( 'NONE', ( #6403 ), #5378, .F. ) ;
#472 =( LENGTH_UNIT ( ) NAMED_UNIT ( * ) SI_UNIT ( .MILLI., .METRE. ) );
#473 = EDGE_CURVE ( 'NONE', #1764, #4763, #6467, .T. ) ;
#474 = CARTESIAN_POINT ( 'NONE',  ( 402.9755125916354359, 0.000000000000000000, -54.35518781845740932 ) ) ;
#475 = LINE ( 'NONE', #4269, #6647 ) ;
#476 = CARTESIAN_POINT ( 'NONE',  ( 272.0000000000000000, 0.000000000000000000, -224.7174660514637594 ) ) ;
#477 = VERTEX_POINT ( 'NONE', #8169 ) ;
#478 = DIRECTION ( 'NONE',  ( 7.397930517279140045E-16, -0.001706393916729271329, -0.9999985441088405924 ) ) ;
#479 = VECTOR ( 'NONE', #4529, 1000.000000000000000 ) ;
#480 = DIRECTION ( 'NONE',  ( 0.000000000000000000, 0.000000000000000000, -1.000000000000000000 ) ) ;
#481 = CARTESIAN_POINT ( 'NONE',  ( 162.7500000000000284, -2.000000000000000000, -259.2674660514636571 ) ) ;
#482 = CARTESIAN_POINT ( 'NONE',  ( 0.9843342201064364527, 2.496811927282544197, -0.4437718483763369859 ) ) ;
#483 = CARTESIAN_POINT ( 'NONE',  ( 0.9699999999999986411, 2.377886409619334174, 0.2473798272546595678 ) ) ;
#484 = EDGE_CURVE ( 'NONE', #1368, #7587, #7080, .T. ) ;
#485 = ORIENTED_EDGE ( 'NONE', *, *, #6750, .F. ) ;
#487 = ORIENTED_EDGE ( 'NONE', *, *, #8993, .T. ) ;
#486 = VECTOR ( 'NONE', #7806, 1000.000000000000000 ) ;
#488 = CARTESIAN_POINT ( 'NONE',  ( 5.000000000000004441, -2.000000000000000000, -1.749999999999999778 ) ) ;
#489 = EDGE_LOOP ( 'NONE', ( #5913, #2028 ) ) ;
#490 = DIRECTION ( 'NONE',  ( 5.291915657678352384E-16, -0.3336254553299362602, -0.9427057099412800012 ) ) ;
#491 = DIRECTION ( 'NONE',  ( -0.000000000000000000, -0.000000000000000000, 1.000000000000000000 ) ) ;
#492 = ORIENTED_EDGE ( 'NONE', *, *, #3388, .T. ) ;
#493 = CARTESIAN_POINT ( 'NONE',  ( 330.0000000000000000, 0.000000000000000000, -179.2174660514637310 ) ) ;
#494 = DIRECTION ( 'NONE',  ( 1.000000000000000000, 0.000000000000000000, 0.000000000000000000 ) ) ;
#495 = CARTESIAN_POINT ( 'NONE',  ( 338.5000000000000568, -1.500000000000000000, -141.8128208825323497 ) ) ;
#496 = CARTESIAN_POINT ( 'NONE',  ( 162.7500000000000284, -3.500000000000000000, -259.2674660514636571 ) ) ;
#497 = ORIENTED_EDGE ( 'NONE', *, *, #2682, .T. ) ;
#498 = FACE_OUTER_BOUND ( 'NONE', #4448, .T. ) ;
#499 = CARTESIAN_POINT ( 'NONE',  ( 0.9699999999999986411, 2.466494824628933991, -0.2599725829592336446 ) ) ;
#500 = VECTOR ( 'NONE', #433, 1000.000000000000000 ) ;
#501 = LINE ( 'NONE', #4172, #10861 ) ;
#502 = EDGE_CURVE ( 'NONE', #386, #6134, #1835, .T. ) ;
#503 = ORIENTED_EDGE ( 'NONE', *, *, #12007, .F. ) ;
#504 = CARTESIAN_POINT ( 'NONE',  ( 341.0000000000000000, -3.500000000000000000, -259.2674660514637139 ) ) ;
#505 = ORIENTED_EDGE ( 'NONE', *, *, #10404, .F. ) ;
#506 = EDGE_LOOP ( 'NONE', ( #10823, #5410, #5589, #5649 ) ) ;
#507 = AXIS2_PLACEMENT_3D ( 'NONE', #2976, #11381, #10393 ) ;
#508 = DIRECTION ( 'NONE',  ( -1.000000000000000000, -1.722632009336724254E-16, 4.070211707061878303E-16 ) ) ;
#509 = LINE ( 'NONE', #5215, #7425 ) ;
#510 = DIRECTION ( 'NONE',  ( -1.000000000000000000, -2.000187765493021278E-16, 7.400880780937300593E-16 ) ) ;
#511 = CARTESIAN_POINT ( 'NONE',  ( 0.9699999999999986411, 2.463272841927377499, -0.4415490844348612942 ) ) ;
#512 = DIRECTION ( 'NONE',  ( -1.000000000000000000, -2.000187765493021278E-16, 7.400880780937300593E-16 ) ) ;
#513 = PRODUCT_DEFINITION_CONTEXT ( 'detailed design', #5797, 'design' ) ;
#514 = ADVANCED_FACE ( 'NONE', ( #1845 ), #679, .F. ) ;
#515 = ORIENTED_EDGE ( 'NONE', *, *, #2583, .F. ) ;
#516 = EDGE_CURVE ( 'NONE', #9600, #5152, #3680, .T. ) ;
#517 = ORIENTED_EDGE ( 'NONE', *, *, #878, .T. ) ;
#518 = LINE ( 'NONE', #1384, #1285 ) ;
#519 = ORIENTED_EDGE ( 'NONE', *, *, #7341, .F. ) ;
#520 = DIRECTION ( 'NONE',  ( 8.132597263676724836E-17, -0.9555589467387254343, -0.2948001005894973492 ) ) ;
#521 = ORIENTED_EDGE ( 'NONE', *, *, #9960, .F. ) ;
#522 = VECTOR ( 'NONE', #4098, 999.9999999999998863 ) ;
#523 = VECTOR ( 'NONE', #4100, 999.9999999999998863 ) ;
#524 = CARTESIAN_POINT ( 'NONE',  ( 344.4378017579372226, -1.605673702813891435, -85.11458333333334281 ) ) ;
#525 = LINE ( 'NONE', #10771, #3768 ) ;
#526 = ORIENTED_EDGE ( 'NONE', *, *, #159, .T. ) ;
#527 = CARTESIAN_POINT ( 'NONE',  ( 270.0000000000000000, 0.000000000000000000, -174.2174660514637310 ) ) ;
#528 = ORIENTED_EDGE ( 'NONE', *, *, #10147, .F. ) ;
#529 = CARTESIAN_POINT ( 'NONE',  ( 163.5000000000000284, -1.500000000000000000, -259.9674660514636457 ) ) ;
#530 = CARTESIAN_POINT ( 'NONE',  ( 0.9843342201064364527, 2.521531062727455641, -0.2346925392427562373 ) ) ;
#531 = DIRECTION ( 'NONE',  ( 0.000000000000000000, 0.000000000000000000, 1.000000000000000000 ) ) ;
#532 = VECTOR ( 'NONE', #1395, 1000.000000000000114 ) ;
#533 = EDGE_CURVE ( 'NONE', #8254, #9624, #5557, .T. ) ;
#534 = VECTOR ( 'NONE', #1681, 1000.000000000000000 ) ;
#535 = ORIENTED_EDGE ( 'NONE', *, *, #10929, .T. ) ;
#536 = EDGE_CURVE ( 'NONE', #7460, #2305, #4657, .T. ) ;
#537 = PLANE ( 'NONE',  #6743 ) ;
#538 = LINE ( 'NONE', #1521, #3867 ) ;
#539 = CARTESIAN_POINT ( 'NONE',  ( 338.4999999999999432, -1.224646799147346644E-18, -250.4628208825323554 ) ) ;
#540 = CARTESIAN_POINT ( 'NONE',  ( 198.4999999999999432, 0.000000000000000000, -194.2174660514637310 ) ) ;
#541 = ORIENTED_EDGE ( 'NONE', *, *, #3857, .F. ) ;
#542 = VECTOR ( 'NONE', #11191, 1000.000000000000000 ) ;
#543 = VECTOR ( 'NONE', #8280, 1000.000000000000000 ) ;
#544 = LINE ( 'NONE', #3059, #9135 ) ;
#545 = EDGE_LOOP ( 'NONE', ( #5438, #7419, #7496, #8281 ) ) ;
#546 = EDGE_CURVE ( 'NONE', #174, #3893, #11174, .T. ) ;
#547 = DIRECTION ( 'NONE',  ( -0.000000000000000000, -0.000000000000000000, -1.000000000000000000 ) ) ;
#548 = DIRECTION ( 'NONE',  ( -2.208597309011112295E-16, 0.8660254037844387076, 0.4999999999999998890 ) ) ;
#549 = DIRECTION ( 'NONE',  ( 2.976118894602368875E-16, -0.8509796880744739944, -0.5251986009926823407 ) ) ;
#550 = EDGE_CURVE ( 'NONE', #4872, #4218, #2579, .T. ) ;
#551 = AXIS2_PLACEMENT_3D ( 'NONE', #4697, #1881, #7414 ) ;
#552 = EDGE_LOOP ( 'NONE', ( #11137, #5019, #425, #2446 ) ) ;
#553 = ORIENTED_EDGE ( 'NONE', *, *, #4700, .F. ) ;
#554 = FACE_OUTER_BOUND ( 'NONE', #1429, .T. ) ;
#555 = DIRECTION ( 'NONE',  ( -0.000000000000000000, 1.000000000000000000, -0.000000000000000000 ) ) ;
#556 = LINE ( 'NONE', #11539, #1216 ) ;
#557 = ORIENTED_EDGE ( 'NONE', *, *, #9329, .T. ) ;
#558 = FILL_AREA_STYLE ('',( #10617 ) ) ;
#559 = LINE ( 'NONE', #11662, #4793 ) ;
#560 = LINE ( 'NONE', #9875, #5053 ) ;
#561 = CARTESIAN_POINT ( 'NONE',  ( 167.0000000000000000, 0.000000000000000000, -233.2174660514637310 ) ) ;
#562 = ORIENTED_EDGE ( 'NONE', *, *, #2216, .F. ) ;
#563 = ADVANCED_FACE ( 'NONE', ( #6344 ), #4465, .F. ) ;
#564 = VECTOR ( 'NONE', #11446, 1000.000000000000000 ) ;
#565 = EDGE_CURVE ( 'NONE', #2407, #6934, #4493, .T. ) ;
#566 = CARTESIAN_POINT ( 'NONE',  ( 243.4999999999999716, 0.000000000000000000, -215.2174660514637594 ) ) ;
#567 = DIRECTION ( 'NONE',  ( -2.380826151912095669E-16, 0.9223447048632910095, 0.3863680181001638569 ) ) ;
#568 = EDGE_CURVE ( 'NONE', #10013, #4138, #11675, .T. ) ;
#569 = LINE ( 'NONE', #3378, #10066 ) ;
#570 = ORIENTED_EDGE ( 'NONE', *, *, #2041, .F. ) ;
#571 = LINE ( 'NONE', #11731, #11612 ) ;
#572 = VECTOR ( 'NONE', #4167, 1000.000000000000000 ) ;
#573 = ORIENTED_EDGE ( 'NONE', *, *, #3815, .T. ) ;
#574 = CARTESIAN_POINT ( 'NONE',  ( 181.5000000000000284, 0.000000000000000000, -317.4174660514637480 ) ) ;
#575 = LINE ( 'NONE', #8006, #6256 ) ;
#576 = CARTESIAN_POINT ( 'NONE',  ( 0.9699999999999986411, 2.485296480058379665, -0.4476606227659940540 ) ) ;
#577 = EDGE_CURVE ( 'NONE', #252, #8115, #11553, .T. ) ;
#578 = DIRECTION ( 'NONE',  ( 6.965087437276568767E-16, 0.3640099799935138103, -0.9313950474772354493 ) ) ;
#579 = VECTOR ( 'NONE', #5024, 1000.000000000000000 ) ;
#580 = ORIENTED_EDGE ( 'NONE', *, *, #10929, .F. ) ;
#581 = EDGE_LOOP ( 'NONE', ( #10922, #8321, #6671, #3491 ) ) ;
#582 = DIRECTION ( 'NONE',  ( 1.724048793547732958E-16, -0.8971293181887333157, -0.4417680233405519852 ) ) ;
#583 = ORIENTED_EDGE ( 'NONE', *, *, #5910, .F. ) ;
#584 = ORIENTED_EDGE ( 'NONE', *, *, #11387, .F. ) ;
#585 = CARTESIAN_POINT ( 'NONE',  ( 163.5000000000000284, -1.500000000000000000, -259.9674660514636457 ) ) ;
#587 = ORIENTED_EDGE ( 'NONE', *, *, #11422, .F. ) ;
#586 = AXIS2_PLACEMENT_3D ( 'NONE', #8908, #11843, #7023 ) ;
#588 = CARTESIAN_POINT ( 'NONE',  ( 344.3682749175401341, -1.544791266695003218, -85.10833333333334849 ) ) ;
#589 = CARTESIAN_POINT ( 'NONE',  ( 0.2238461538461855582, 0.000000000000000000, 4.163336342344337027E-14 ) ) ;
#590 = ORIENTED_EDGE ( 'NONE', *, *, #2748, .T. ) ;
#591 = ADVANCED_FACE ( 'NONE', ( #9887 ), #5946, .F. ) ;
#592 = CARTESIAN_POINT ( 'NONE',  ( 278.0000000000000000, 0.000000000000000000, -224.7174660514637594 ) ) ;
#593 = VERTEX_POINT ( 'NONE', #1430 ) ;
#594 = DIRECTION ( 'NONE',  ( 9.469599216104743275E-17, 0.9901489287481959334, 0.1400182091686650032 ) ) ;
#595 = LINE ( 'NONE', #9909, #11245 ) ;
#596 = DIRECTION ( 'NONE',  ( -1.000000000000000000, 0.000000000000000000, 5.311058880652149497E-33 ) ) ;
#597 = VECTOR ( 'NONE', #4855, 1000.000000000000000 ) ;
#598 = CARTESIAN_POINT ( 'NONE',  ( 0.000000000000000000, -1.500000000000000000, -321.0174660514637708 ) ) ;
#599 = CARTESIAN_POINT ( 'NONE',  ( 173.0000000000000000, 0.000000000000000000, -233.2174660514637310 ) ) ;
#600 = DIRECTION ( 'NONE',  ( 3.604514176250175531E-16, 0.9313974768889592415, -0.3640037637784540592 ) ) ;
#601 = LINE ( 'NONE', #6269, #5939 ) ;
#602 = ORIENTED_EDGE ( 'NONE', *, *, #5329, .T. ) ;
#603 = VECTOR ( 'NONE', #1212, 1000.000000000000000 ) ;
#604 = EDGE_CURVE ( 'NONE', #3893, #11989, #3383, .T. ) ;
#605 = DIRECTION ( 'NONE',  ( -0.000000000000000000, 1.000000000000000000, -0.000000000000000000 ) ) ;
#606 = EDGE_CURVE ( 'NONE', #2305, #1167, #1554, .T. ) ;
#607 = ITEM_DEFINED_TRANSFORMATION ( 'NONE', 'NONE', #2996,  #1424 ) ;
#608 = DIRECTION ( 'NONE',  ( -6.845769268624692740E-16, 5.551115123125739315E-16, 1.000000000000000000 ) ) ;
#609 = CARTESIAN_POINT ( 'NONE',  ( 0.9699999999999986411, 2.493745533049956720, -0.4541504134703971962 ) ) ;
#610 = DIRECTION ( 'NONE',  ( 5.678280449645382924E-16, -0.4778152549999977738, -0.8784603474769291376 ) ) ;
#611 = AXIS2_PLACEMENT_3D ( 'NONE', #4069, #446, #4182 ) ;
#612 = ORIENTED_EDGE ( 'NONE', *, *, #10101, .F. ) ;
#613 = ORIENTED_EDGE ( 'NONE', *, *, #9799, .F. ) ;
#614 = CARTESIAN_POINT ( 'NONE',  ( 362.9755125916353791, 0.000000000000000000, -56.46518781845741586 ) ) ;
#615 = FACE_OUTER_BOUND ( 'NONE', #3437, .T. ) ;
#616 = DIRECTION ( 'NONE',  ( 0.000000000000000000, -6.123233995736766036E-17, 1.000000000000000000 ) ) ;
#617 = EDGE_LOOP ( 'NONE', ( #6199, #3776, #307, #3039 ) ) ;
#618 = CARTESIAN_POINT ( 'NONE',  ( 402.9755125916354359, -1.500000000000000000, -56.46518781845741586 ) ) ;
#619 = DIRECTION ( 'NONE',  ( 1.020184258668090813E-16, 0.9998027306933630065, 0.01986201646597140699 ) ) ;
#620 = EDGE_CURVE ( 'NONE', #7982, #4625, #4300, .T. ) ;
#621 = ORIENTED_EDGE ( 'NONE', *, *, #363, .T. ) ;
#622 = STYLED_ITEM ( 'NONE', ( #3992 ), #10597 ) ;
#623 = DIRECTION ( 'NONE',  ( 3.458811576222608189E-17, 0.9759635946335289969, 0.2179336182189449134 ) ) ;
#624 = FACE_OUTER_BOUND ( 'NONE', #704, .T. ) ;
#625 = PRODUCT_DEFINITION_SHAPE ( 'NONE', 'NONE',  #8157 ) ;
#626 = LINE ( 'NONE', #6174, #3469 ) ;
#627 = ORIENTED_EDGE ( 'NONE', *, *, #5016, .T. ) ;
#628 = EDGE_CURVE ( 'NONE', #443, #9286, #11762, .T. ) ;
#629 = DIRECTION ( 'NONE',  ( -2.208597309011112295E-16, 0.8660254037844387076, 0.4999999999999998890 ) ) ;
#630 = AXIS2_PLACEMENT_3D ( 'NONE', #11017, #8198, #9107 ) ;
#631 = EDGE_CURVE ( 'NONE', #3172, #11339, #7764, .T. ) ;
#632 = VERTEX_POINT ( 'NONE', #5274 ) ;
#633 = LINE ( 'NONE', #12038, #2244 ) ;
#634 = DIRECTION ( 'NONE',  ( -0.000000000000000000, 0.000000000000000000, 1.000000000000000000 ) ) ;
#635 = DIRECTION ( 'NONE',  ( 2.534765650491129577E-16, 0.9887062354961999588, -0.1498665402647731681 ) ) ;
#636 = DIRECTION ( 'NONE',  ( -0.000000000000000000, -1.000000000000000000, -0.000000000000000000 ) ) ;
#637 = EDGE_CURVE ( 'NONE', #3084, #11421, #6180, .T. ) ;
#638 = FACE_OUTER_BOUND ( 'NONE', #7422, .T. ) ;
#639 = VERTEX_POINT ( 'NONE', #8977 ) ;
#640 = FILL_AREA_STYLE ('',( #8984 ) ) ;
#641 = ORIENTED_EDGE ( 'NONE', *, *, #3320, .F. ) ;
#642 = PRODUCT_DEFINITION_FORMATION_WITH_SPECIFIED_SOURCE ( 'ANY', '', #4232, .NOT_KNOWN. ) ;
#643 = ORIENTED_EDGE ( 'NONE', *, *, #7698, .T. ) ;
#644 = LINE ( 'NONE', #10138, #4027 ) ;
#645 = ORIENTED_EDGE ( 'NONE', *, *, #5292, .F. ) ;
#646 = ADVANCED_FACE ( 'NONE', ( #8796 ), #7034, .T. ) ;
#647 = ORIENTED_EDGE ( 'NONE', *, *, #8563, .T. ) ;
#648 = CARTESIAN_POINT ( 'NONE',  ( 0.9699999999999986411, 2.495373293259495195, -0.4531261570465683342 ) ) ;
#649 = ORIENTED_EDGE ( 'NONE', *, *, #10428, .T. ) ;
#650 = CARTESIAN_POINT ( 'NONE',  ( 344.3943262971861259, -1.562198242062787568, -85.11041666666667993 ) ) ;
#651 = DIRECTION ( 'NONE',  ( 9.680376540049056858E-16, 2.220446049250292373E-16, -1.000000000000000000 ) ) ;
#652 = VERTEX_POINT ( 'NONE', #445 ) ;
#653 = FACE_OUTER_BOUND ( 'NONE', #11084, .T. ) ;
#654 = ORIENTED_EDGE ( 'NONE', *, *, #3600, .F. ) ;
#655 = CARTESIAN_POINT ( 'NONE',  ( 162.5963633200063043, -1.949916710599544967, -259.2570493847970283 ) ) ;
#656 = CARTESIAN_POINT ( 'NONE',  ( 344.3943262971861259, -1.562198242062787568, -259.2278827181303882 ) ) ;
#657 = LINE ( 'NONE', #11759, #1148 ) ;
#658 = ORIENTED_EDGE ( 'NONE', *, *, #7946, .F. ) ;
#659 = LINE ( 'NONE', #8086, #296 ) ;
#660 = EDGE_CURVE ( 'NONE', #3449, #9425, #11498, .T. ) ;
#661 = VECTOR ( 'NONE', #5035, 1000.000000000000000 ) ;
#662 = CARTESIAN_POINT ( 'NONE',  ( 0.9843342201064364527, 2.486879519042556552, 0.1903914117196842115 ) ) ;
#663 = VECTOR ( 'NONE', #636, 1000.000000000000000 ) ;
#664 = DIRECTION ( 'NONE',  ( -6.845769268624692740E-16, 5.551115123125739315E-16, 1.000000000000000000 ) ) ;
#665 = VERTEX_POINT ( 'NONE', #8739 ) ;
#666 = DIRECTION ( 'NONE',  ( 1.000000000000000000, 2.000187765493029413E-16, 6.845769268624692740E-16 ) ) ;
#667 = DIRECTION ( 'NONE',  ( 0.000000000000000000, 0.000000000000000000, -1.000000000000000000 ) ) ;
#668 = VECTOR ( 'NONE', #6672, 1000.000000000000114 ) ;
#669 = CARTESIAN_POINT ( 'NONE',  ( 0.9700000000000541522, 2.328143799005921721, 0.2627469712620095210 ) ) ;
#670 = CARTESIAN_POINT ( 'NONE',  ( 5.689893860666012860E-11, 1.499999999964547248, -5.062106771362056233E-15 ) ) ;
#671 = EDGE_CURVE ( 'NONE', #4776, #5109, #4124, .T. ) ;
#672 = ORIENTED_EDGE ( 'NONE', *, *, #5060, .F. ) ;
#673 = ADVANCED_FACE ( 'NONE', ( #9766 ), #4181, .F. ) ;
#674 = DIRECTION ( 'NONE',  ( -9.561467977657224227E-16, 5.551115123125740301E-16, 1.000000000000000000 ) ) ;
#675 = AXIS2_PLACEMENT_3D ( 'NONE', #11887, #8154, #11031 ) ;
#676 = CARTESIAN_POINT ( 'NONE',  ( 0.9699999999999986411, 2.411458586530551784, -0.2347371884625498728 ) ) ;
#677 = CARTESIAN_POINT ( 'NONE',  ( 161.0000000000000000, -1.500000000000000000, -259.9674660514636457 ) ) ;
#678 = EDGE_LOOP ( 'NONE', ( #9464, #5003, #2676, #6783 ) ) ;
#679 = PLANE ( 'NONE',  #9022 ) ;
#680 = DIRECTION ( 'NONE',  ( 4.992923249690979017E-16, -0.5000000000000059952, -0.8660254037844352659 ) ) ;
#681 = FACE_OUTER_BOUND ( 'NONE', #6076, .T. ) ;
#682 = CARTESIAN_POINT ( 'NONE',  ( 338.5000000000000568, -1.224646799147346644E-18, -139.7028208825323645 ) ) ;
#683 = DIRECTION ( 'NONE',  ( -1.000000000000000000, -0.000000000000000000, -0.000000000000000000 ) ) ;
#684 = VECTOR ( 'NONE', #5199, 1000.000000000000000 ) ;
#685 = DIRECTION ( 'NONE',  ( -0.000000000000000000, -1.000000000000000000, -0.000000000000000000 ) ) ;
#686 = ORIENTED_EDGE ( 'NONE', *, *, #3620, .T. ) ;
#687 = EDGE_CURVE ( 'NONE', #6489, #3084, #7821, .T. ) ;
#688 = LINE ( 'NONE', #12034, #2666 ) ;
#689 = ORIENTED_EDGE ( 'NONE', *, *, #6070, .F. ) ;
#690 = CARTESIAN_POINT ( 'NONE',  ( 325.4999999999999432, 0.000000000000000000, -321.0174660514637708 ) ) ;
#691 = CARTESIAN_POINT ( 'NONE',  ( 207.5000000000000000, 0.000000000000000000, -179.2174660514637310 ) ) ;
#692 = CARTESIAN_POINT ( 'NONE',  ( 362.9755125916353791, 0.000000000000000000, -52.24518781845740989 ) ) ;
#693 = VECTOR ( 'NONE', #1948, 999.9999999999998863 ) ;
#694 = DIRECTION ( 'NONE',  ( -6.845769268624692740E-16, 5.551115123125739315E-16, 1.000000000000000000 ) ) ;
#695 = CARTESIAN_POINT ( 'NONE',  ( 338.5000000000000000, -1.224646799147346644E-18, -33.16282088253234406 ) ) ;
#696 = ORIENTED_EDGE ( 'NONE', *, *, #9502, .F. ) ;
#697 = EDGE_CURVE ( 'NONE', #3959, #10184, #11613, .T. ) ;
#698 = DIRECTION ( 'NONE',  ( -1.803624015214571918E-16, 0.8554820535829624761, 0.5178324593895956562 ) ) ;
#699 = EDGE_CURVE ( 'NONE', #4142, #6641, #8856, .T. ) ;
#700 = ORIENTED_EDGE ( 'NONE', *, *, #4233, .F. ) ;
#701 = VECTOR ( 'NONE', #4065, 1000.000000000000000 ) ;
#702 = ORIENTED_EDGE ( 'NONE', *, *, #2896, .F. ) ;
#703 = DIRECTION ( 'NONE',  ( 0.000000000000000000, 0.000000000000000000, 1.000000000000000000 ) ) ;
#704 = EDGE_LOOP ( 'NONE', ( #11123, #10365, #1859, #6179 ) ) ;
#705 = DIRECTION ( 'NONE',  ( 0.000000000000000000, 0.000000000000000000, 1.000000000000000000 ) ) ;
#706 = EDGE_LOOP ( 'NONE', ( #3028, #3521, #1411, #9837 ) ) ;
#707 = PRESENTATION_STYLE_ASSIGNMENT (( #8994 ) ) ;
#708 = ORIENTED_EDGE ( 'NONE', *, *, #6881, .F. ) ;
#709 = AXIS2_PLACEMENT_3D ( 'NONE', #1236, #7800, #10735 ) ;
#710 = ORIENTED_EDGE ( 'NONE', *, *, #8787, .F. ) ;
#711 = EDGE_CURVE ( 'NONE', #1044, #1123, #10754, .T. ) ;
#712 = CARTESIAN_POINT ( 'NONE',  ( 162.5963633200063043, -1.550083289400455033, -259.2278827181302745 ) ) ;
#713 = ADVANCED_FACE ( 'NONE', ( #6417 ), #8238, .F. ) ;
#714 = DIRECTION ( 'NONE',  ( -1.000000000000000000, -2.000187765493021278E-16, 7.400880780937300593E-16 ) ) ;
#715 = CARTESIAN_POINT ( 'NONE',  ( 148.0308911515353998, 0.000000000000000000, -52.24518781845740989 ) ) ;
#716 = VERTEX_POINT ( 'NONE', #4545 ) ;
#717 = ADVANCED_FACE ( 'NONE', ( #6297 ), #11976, .F. ) ;
#718 = CARTESIAN_POINT ( 'NONE',  ( 301.9999999999999432, 0.000000000000000000, -243.2174660514637310 ) ) ;
#719 = VECTOR ( 'NONE', #5071, 1000.000000000000000 ) ;
#720 = AXIS2_PLACEMENT_3D ( 'NONE', #7309, #11041, #1773 ) ;
#721 = CARTESIAN_POINT ( 'NONE',  ( 168.4999999999999147, 0.000000000000000000, -141.8128208825323497 ) ) ;
#722 = CARTESIAN_POINT ( 'NONE',  ( 0.9699999999999986411, 2.485974359310056059, -0.4500810129468568732 ) ) ;
#723 = VERTEX_POINT ( 'NONE', #4607 ) ;
#724 = DIRECTION ( 'NONE',  ( 5.320708281056154538E-16, -0.3269487519478700421, -0.9450420697512519341 ) ) ;
#725 = ORIENTED_EDGE ( 'NONE', *, *, #4190, .F. ) ;
#726 = B_SPLINE_SURFACE_WITH_KNOTS ( 'NONE', 1, 3, ( 
 ( #1731, #4353, #8117, #11974, #1671, #2718, #9941, #753, #1551, #11790, #4605, #10875, #5386, #6414, #3438, #10123, #1790, #2535 ),
 ( #11849, #9089, #8298, #1918, #11180, #64, #6608, #2959, #3877, #5810, #11124, #11306, #8427, #4, #5752, #3811, #5630, #3754 ),
 ( #10314, #6669, #9273, #3012, #9336, #4666, #9513, #8488, #8548, #2098, #1181, #4904, #2837, #6542, #9453, #125, #943, #7387 ),
 ( #10182, #2778, #7625, #1118, #4844, #192, #999, #10377, #1980, #10248, #1855, #7505, #8364, #4727, #3933, #11242, #11366, #9394 ) ),
 .UNSPECIFIED., .F., .F., .F.,
 ( 2, 1, 1, 2 ),
 ( 4, 2, 2, 2, 2, 2, 2, 2, 4 ),
 ( -0.01000000000000000021, 0.000000000000000000, 1.000000000000000000, 1.010099999999999998 ),
 ( 0.000000000000000000, 0.1250000000000000000, 0.2500000000000000000, 0.3750000000000000000, 0.5000000000000000000, 0.6250000000000000000, 0.7500000000000000000, 0.8750000000000000000, 1.000000000000000000 ),
 .UNSPECIFIED. ) ;
#727 = LINE ( 'NONE', #9250, #9706 ) ;
#728 = CARTESIAN_POINT ( 'NONE',  ( 233.4999999999999716, 0.000000000000000000, -179.2174660514637310 ) ) ;
#729 = FACE_OUTER_BOUND ( 'NONE', #1175, .T. ) ;
#730 = VECTOR ( 'NONE', #5175, 1000.000000000000000 ) ;
#731 = EDGE_CURVE ( 'NONE', #7358, #3772, #2780, .T. ) ;
#732 = AXIS2_PLACEMENT_3D ( 'NONE', #355, #11521, #3168 ) ;
#733 = DIRECTION ( 'NONE',  ( 5.367945506227407623E-16, 0.8164082640122218848, -0.5774751479090248774 ) ) ;
#734 = DIRECTION ( 'NONE',  ( 0.000000000000000000, 0.000000000000000000, -1.000000000000000000 ) ) ;
#735 = VERTEX_POINT ( 'NONE', #2720 ) ;
#736 = VERTEX_POINT ( 'NONE', #820 ) ;
#737 = DIRECTION ( 'NONE',  ( -0.000000000000000000, -1.000000000000000000, -0.000000000000000000 ) ) ;
#738 = CARTESIAN_POINT ( 'NONE',  ( 162.7500000000000284, -2.000000000000000000, -85.15000000000000568 ) ) ;
#739 = VECTOR ( 'NONE', #549, 1000.000000000000227 ) ;
#740 = AXIS2_PLACEMENT_3D ( 'NONE', #2664, #5461, #9157 ) ;
#741 = DIRECTION ( 'NONE',  ( -0.000000000000000000, -0.000000000000000000, 1.000000000000000000 ) ) ;
#742 = ORIENTED_EDGE ( 'NONE', *, *, #9041, .F. ) ;
#743 = DIRECTION ( 'NONE',  ( -1.000000000000000000, -1.722632009336720063E-16, 7.400880780937477100E-16 ) ) ;
#744 = DIRECTION ( 'NONE',  ( 7.400880780937299607E-16, 5.551115123125742273E-16, 1.000000000000000000 ) ) ;
#745 = DIRECTION ( 'NONE',  ( -1.000000000000000000, -2.000187765493021278E-16, 7.400880780937300593E-16 ) ) ;
#746 = ORIENTED_EDGE ( 'NONE', *, *, #620, .F. ) ;
#747 = CARTESIAN_POINT ( 'NONE',  ( 0.9699999999999986411, 2.324343390078947635, 0.01740461005365900871 ) ) ;
#748 = CARTESIAN_POINT ( 'NONE',  ( 10.49999999999928590, -2.449293598294707770E-17, -80.66964398456984497 ) ) ;
#749 = EDGE_CURVE ( 'NONE', #9866, #9942, #7857, .T. ) ;
#750 = VECTOR ( 'NONE', #9498, 1000.000000000000000 ) ;
#751 = CARTESIAN_POINT ( 'NONE',  ( 163.5000000000000284, -1.500000000000000000, -259.2174660514637026 ) ) ;
#752 = ORIENTED_EDGE ( 'NONE', *, *, #6906, .T. ) ;
#753 = CARTESIAN_POINT ( 'NONE',  ( 161.0309382256804440, -1.288014984105865013, -85.12083333333335133 ) ) ;
#754 = ORIENTED_EDGE ( 'NONE', *, *, #1459, .F. ) ;
#755 = CARTESIAN_POINT ( 'NONE',  ( 0.1119230769230907530, -5.572026907377945022E-14, 2.100000000000019629 ) ) ;
#756 = DIRECTION ( 'NONE',  ( -0.000000000000000000, 1.000000000000000000, -0.000000000000000000 ) ) ;
#757 = AXIS2_PLACEMENT_3D ( 'NONE', #4790, #8495, #134 ) ;
#758 = CARTESIAN_POINT ( 'NONE',  ( 2.469999999999972218, -1.608496896752464878, -1.141001651006931628 ) ) ;
#759 = CARTESIAN_POINT ( 'NONE',  ( 0.9699999999999986411, 2.483264967316822780, -0.4580349378334735988 ) ) ;
#760 = DIRECTION ( 'NONE',  ( -2.616347117162467354E-16, 0.8759515744415719007, 0.4823990456389102843 ) ) ;
#761 = CARTESIAN_POINT ( 'NONE',  ( 2.470000000000027729, 1.955864932623258001, -1.196427175165035273 ) ) ;
#762 = EDGE_CURVE ( 'NONE', #10641, #10316, #4477, .T. ) ;
#763 = EDGE_LOOP ( 'NONE', ( #649, #4492, #9952, #7963 ) ) ;
#764 = EDGE_CURVE ( 'NONE', #5658, #8853, #7328, .T. ) ;
#765 = FACE_OUTER_BOUND ( 'NONE', #3375, .T. ) ;
#766 = AXIS2_PLACEMENT_3D ( 'NONE', #5501, #9199, #867 ) ;
#767 = ORIENTED_EDGE ( 'NONE', *, *, #2163, .T. ) ;
#768 = ORIENTED_EDGE ( 'NONE', *, *, #10850, .T. ) ;
#769 = LINE ( 'NONE', #893, #11030 ) ;
#770 = ORIENTED_EDGE ( 'NONE', *, *, #9622, .F. ) ;
#771 = ORIENTED_EDGE ( 'NONE', *, *, #3706, .F. ) ;
#772 = FACE_OUTER_BOUND ( 'NONE', #11482, .T. ) ;
#773 = CARTESIAN_POINT ( 'NONE',  ( 206.5000000000000000, 0.000000000000000000, -243.2174660514637310 ) ) ;
#774 = CARTESIAN_POINT ( 'NONE',  ( 345.9999999999999432, -84.71658488546623289, -329.2174660514637594 ) ) ;
#775 = ORIENTED_EDGE ( 'NONE', *, *, #802, .F. ) ;
#776 = CIRCLE ( 'NONE', #11104, 2.110000000000000764 ) ;
#777 = ORIENTED_EDGE ( 'NONE', *, *, #8956, .F. ) ;
#778 = EDGE_CURVE ( 'NONE', #6563, #8572, #633, .T. ) ;
#779 = CARTESIAN_POINT ( 'NONE',  ( 162.5000000000000284, -1.782724923474893641, -259.2445493847970397 ) ) ;
#780 = DIRECTION ( 'NONE',  ( 0.000000000000000000, 0.000000000000000000, -1.000000000000000000 ) ) ;
#781 = ORIENTED_EDGE ( 'NONE', *, *, #1941, .F. ) ;
#782 = CARTESIAN_POINT ( 'NONE',  ( 211.0000000000000284, -1.500000000000001332, -259.2174660514637026 ) ) ;
#783 = VECTOR ( 'NONE', #5005, 999.9999999999998863 ) ;
#784 = ORIENTED_EDGE ( 'NONE', *, *, #8472, .F. ) ;
#785 = CARTESIAN_POINT ( 'NONE',  ( 507.0000000000000000, 0.000000000000000000, -79.99999999999994316 ) ) ;
#786 = EDGE_CURVE ( 'NONE', #10716, #2731, #10125, .T. ) ;
#787 = LINE ( 'NONE', #5481, #7997 ) ;
#788 = ORIENTED_EDGE ( 'NONE', *, *, #4757, .T. ) ;
#789 = EDGE_CURVE ( 'NONE', #11929, #4322, #9211, .T. ) ;
#790 = DIRECTION ( 'NONE',  ( -1.445076253180192051E-16, -1.000000000000000000, 2.553512956637819811E-15 ) ) ;
#791 = ORIENTED_EDGE ( 'NONE', *, *, #11419, .T. ) ;
#792 = LINE ( 'NONE', #9008, #4870 ) ;
#793 = PLANE ( 'NONE',  #7004 ) ;
#794 = ORIENTED_CLOSED_SHELL ( 'NONE', *, #413, .F. );
#795 = VECTOR ( 'NONE', #5670, 1000.000000000000000 ) ;
#796 = PLANE ( 'NONE',  #8104 ) ;
#797 = CARTESIAN_POINT ( 'NONE',  ( 278.0000000000000000, 0.000000000000000000, -224.7174660514637594 ) ) ;
#798 = CARTESIAN_POINT ( 'NONE',  ( 0.9700000000000541522, 2.420550782343683593, 0.2798170206179256825 ) ) ;
#799 = ORIENTED_EDGE ( 'NONE', *, *, #3081, .T. ) ;
#800 = LINE ( 'NONE', #4527, #9469 ) ;
#801 = STYLED_ITEM ( 'NONE', ( #1583 ), #9708 ) ;
#802 = EDGE_CURVE ( 'NONE', #10726, #2902, #6476, .T. ) ;
#803 = CARTESIAN_POINT ( 'NONE',  ( 313.0000000000000000, 0.000000000000000000, -194.2174660514637310 ) ) ;
#804 = CARTESIAN_POINT ( 'NONE',  ( 206.5000000000000000, 0.000000000000000000, -234.2174660514637310 ) ) ;
#805 = ORIENTED_EDGE ( 'NONE', *, *, #1490, .F. ) ;
#806 = CARTESIAN_POINT ( 'NONE',  ( 313.0000000000000000, -1.500000000000000000, -194.2174660514637310 ) ) ;
#807 = FACE_BOUND ( 'NONE', #8717, .T. ) ;
#808 = DIRECTION ( 'NONE',  ( 0.000000000000000000, 0.000000000000000000, -1.000000000000000000 ) ) ;
#809 = ORIENTED_EDGE ( 'NONE', *, *, #1600, .F. ) ;
#810 = DIRECTION ( 'NONE',  ( 1.000000000000000000, -0.000000000000000000, 0.000000000000000000 ) ) ;
#811 = LINE ( 'NONE', #3554, #7934 ) ;
#812 = CARTESIAN_POINT ( 'NONE',  ( 162.7500000000000284, -2.000000000000000000, -172.2087330257318456 ) ) ;
#813 = VECTOR ( 'NONE', #5110, 1000.000000000000114 ) ;
#814 = DIRECTION ( 'NONE',  ( 1.297740014824709051E-16, 0.9998027306933638947, 0.01986201646593062364 ) ) ;
#815 = ORIENTED_EDGE ( 'NONE', *, *, #2153, .T. ) ;
#816 = CARTESIAN_POINT ( 'NONE',  ( 2.469999999999972218, -1.575794341458991443, -1.197644138312858875 ) ) ;
#817 = EDGE_CURVE ( 'NONE', #9657, #5169, #4958, .T. ) ;
#818 = EDGE_LOOP ( 'NONE', ( #1762, #6657, #7146, #9478 ) ) ;
#819 = CLOSED_SHELL ( 'NONE', ( #5140, #1154, #11896, #2417, #10529, #6232, #8910, #3635, #1288, #6059, #1109, #8220, #8493, #7554, #4961, #2992, #2940, #5510, #1080, #646, #2453, #8194, #2624, #2341, #11394, #12053, #7961, #4753, #3540, #11854, #5852, #4216, #10543, #7604, #2880, #6522, #10446, #11967, #6494, #10890, #4523, #2914, #8868, #2541, #6123, #6425, #8040, #7411, #19, #6670, #717, #11062, #5748, #4246, #3777, #10502, #1178, #11380, #11210, #4876, #4436, #2505, #6261, #5829, #10090, #4160, #7699, #2109, #8806, #8522, #10846, #311, #11146, #874, #8311, #5960, #4099, #1407, #10916, #10539, #906, #3831, #9988, #2006, #11658, #6891, #1030, #3964, #4767, #1381, #6275, #1280, #8287, #1257, #2980, #8219, #7205, #8123, #1682, #2274, #3063, #1837, #10159, #4032, #5373, #6954, #7523, #5996, #11257, #3847, #1765, #2480, #1657, #5411, #9316, #10844, #6691, #9058, #1283, #1350, #1754, #3105, #5828, #2775, #1989, #3539, #408, #4204, #8734, #4626, #10709, #1231, #713, #1475, #6042, #7785, #10087, #11994, #8000, #11344, #418, #8340, #1504, #9283, #4513, #8125, #2111, #1306, #6834, #4007, #2329, #1054, #12079, #11367, #6396, #11927, #2670, #2817, #10009, #6807, #8620, #471, #7355, #7606, #2234, #7014, #5331, #3167, #10292, #9391, #3229, #9166, #2354, #904, #6154, #4806, #10540, #8965, #10263, #7832, #10473, #2809, #2217, #4886, #11445, #6999, #11856 ) ) ;
#820 = CARTESIAN_POINT ( 'NONE',  ( 316.1545311035279724, -1.500000000000000000, -228.4456223450676475 ) ) ;
#821 = CYLINDRICAL_SURFACE ( 'NONE', #2000, 2.110000000000000764 ) ;
#822 = AXIS2_PLACEMENT_3D ( 'NONE', #11127, #5633, #7452 ) ;
#823 = CARTESIAN_POINT ( 'NONE',  ( 200.5000000000000000, -1.500000000000000000, -234.2174660514637310 ) ) ;
#824 = CARTESIAN_POINT ( 'NONE',  ( 224.4999999999999716, 0.000000000000000000, -194.2174660514637310 ) ) ;
#825 = DIRECTION ( 'NONE',  ( -1.445076253180192051E-16, -1.000000000000000000, 2.553512956637819811E-15 ) ) ;
#826 = VERTEX_POINT ( 'NONE', #11851 ) ;
#827 = LINE ( 'NONE', #5459, #5608 ) ;
#828 = AXIS2_PLACEMENT_3D ( 'NONE', #7778, #2936, #8464 ) ;
#829 = EDGE_LOOP ( 'NONE', ( #11196, #645, #8384, #8076 ) ) ;
#830 = ORIENTED_EDGE ( 'NONE', *, *, #3038, .T. ) ;
#831 = CARTESIAN_POINT ( 'NONE',  ( 345.1313332156489651, -3.279126179619950676, -85.14166666666665151 ) ) ;
#832 = EDGE_CURVE ( 'NONE', #2662, #6134, #2593, .T. ) ;
#833 = VERTEX_POINT ( 'NONE', #8301 ) ;
#834 = EDGE_CURVE ( 'NONE', #11670, #11116, #9943, .T. ) ;
#835 = DIRECTION ( 'NONE',  ( -0.000000000000000000, -1.000000000000000000, -0.000000000000000000 ) ) ;
#836 = DIRECTION ( 'NONE',  ( 4.619824724853955355E-16, 0.8660254037844390407, -0.4999999999999991673 ) ) ;
#837 = DIRECTION ( 'NONE',  ( -0.000000000000000000, 1.000000000000000000, -0.000000000000000000 ) ) ;
#838 = ORIENTED_EDGE ( 'NONE', *, *, #2851, .F. ) ;
#839 = ORIENTED_EDGE ( 'NONE', *, *, #6438, .T. ) ;
#840 = CARTESIAN_POINT ( 'NONE',  ( 161.6653250392442658, -3.161411976832769533, -259.2570493847970283 ) ) ;
#841 = DIRECTION ( 'NONE',  ( 1.000000000000000000, 0.000000000000000000, 0.000000000000000000 ) ) ;
#842 = CARTESIAN_POINT ( 'NONE',  ( 2.450950000000035267, 2.050436751333373220, -0.9298401041124421118 ) ) ;
#843 = VECTOR ( 'NONE', #949, 1000.000000000000000 ) ;
#844 = ORIENTED_EDGE ( 'NONE', *, *, #4952, .F. ) ;
#845 = LINE ( 'NONE', #4572, #5563 ) ;
#846 = ORIENTED_EDGE ( 'NONE', *, *, #6798, .F. ) ;
#847 = EDGE_CURVE ( 'NONE', #1437, #11505, #1674, .T. ) ;
#848 = DIRECTION ( 'NONE',  ( 0.000000000000000000, 0.000000000000000000, 1.000000000000000000 ) ) ;
#849 = DIRECTION ( 'NONE',  ( 0.000000000000000000, 0.000000000000000000, -1.000000000000000000 ) ) ;
#850 = ORIENTED_EDGE ( 'NONE', *, *, #97, .T. ) ;
#851 = CARTESIAN_POINT ( 'NONE',  ( 2.450950000000090334, 1.797337126538123275, -1.265437637552019323 ) ) ;
#852 = ORIENTED_EDGE ( 'NONE', *, *, #546, .T. ) ;
#853 = DIRECTION ( 'NONE',  ( 3.882069932406777745E-16, 0.9313974768889484723, -0.3640037637784818148 ) ) ;
#854 = CARTESIAN_POINT ( 'NONE',  ( 2.450949999999951778, -1.608496896752464878, -1.141001651006931628 ) ) ;
#855 = DIRECTION ( 'NONE',  ( 2.920440685628434312E-17, 0.9931668520135530365, 0.1167030593493125074 ) ) ;
#856 = PLANE ( 'NONE',  #4826 ) ;
#857 = LINE ( 'NONE', #798, #11845 ) ;
#858 = EDGE_CURVE ( 'NONE', #5735, #8489, #1258, .T. ) ;
#859 = EDGE_CURVE ( 'NONE', #10585, #8034, #11916, .T. ) ;
#860 = VECTOR ( 'NONE', #508, 1000.000000000000000 ) ;
#861 = ORIENTED_EDGE ( 'NONE', *, *, #8439, .T. ) ;
#862 = CARTESIAN_POINT ( 'NONE',  ( 246.6723182195912614, 0.000000000000000000, -210.1763372145972539 ) ) ;
#863 = CARTESIAN_POINT ( 'NONE',  ( 0.9700000000000541522, 2.520332721926727082, 0.2680507760427636166 ) ) ;
#864 = ORIENTED_EDGE ( 'NONE', *, *, #2298, .T. ) ;
#865 = DIRECTION ( 'NONE',  ( -1.000000000000000000, -2.000187765493021278E-16, 7.400880780937300593E-16 ) ) ;
#866 = ORIENTED_EDGE ( 'NONE', *, *, #7525, .F. ) ;
#867 = DIRECTION ( 'NONE',  ( 0.000000000000000000, 0.000000000000000000, -1.000000000000000000 ) ) ;
#868 = AXIS2_PLACEMENT_3D ( 'NONE', #8901, #555, #2224 ) ;
#869 = LINE ( 'NONE', #2642, #9400 ) ;
#870 = ORIENTED_EDGE ( 'NONE', *, *, #3110, .F. ) ;
#871 = FACE_BOUND ( 'NONE', #3138, .T. ) ;
#872 = DIRECTION ( 'NONE',  ( -0.000000000000000000, -0.000000000000000000, 1.000000000000000000 ) ) ;
#873 = CARTESIAN_POINT ( 'NONE',  ( 0.9700000000000541522, 2.494624298165937226, 0.2021500591578295758 ) ) ;
#874 = ADVANCED_FACE ( 'NONE', ( #3441 ), #10993, .T. ) ;
#875 = LINE ( 'NONE', #4603, #1526 ) ;
#876 = VERTEX_POINT ( 'NONE', #4414 ) ;
#877 = VECTOR ( 'NONE', #5256, 1000.000000000000000 ) ;
#878 = EDGE_CURVE ( 'NONE', #8034, #5744, #11425, .T. ) ;
#879 = DIRECTION ( 'NONE',  ( 0.000000000000000000, 0.000000000000000000, 1.000000000000000000 ) ) ;
#880 = EDGE_LOOP ( 'NONE', ( #4879, #5294, #3395, #11653 ) ) ;
#881 = DIRECTION ( 'NONE',  ( 1.000000000000000000, 3.110410790118177818E-16, -7.400880780937398214E-16 ) ) ;
#882 = CARTESIAN_POINT ( 'NONE',  ( 279.0000000000000000, 0.000000000000000000, -179.2174660514637310 ) ) ;
#883 = CARTESIAN_POINT ( 'NONE',  ( 2.470000000000027729, -2.337828492452703522, -0.9863637419449261534 ) ) ;
#884 = CARTESIAN_POINT ( 'NONE',  ( 0.9699999999999986411, 2.125161208344938935, -0.1300371779613812562 ) ) ;
#885 = DIRECTION ( 'NONE',  ( -0.7071067811865514585, 0.000000000000000000, 0.7071067811865435759 ) ) ;
#886 = DIRECTION ( 'NONE',  ( 1.000000000000000000, 2.000187765493021278E-16, -7.400880780937300593E-16 ) ) ;
#887 = VECTOR ( 'NONE', #8269, 1000.000000000000000 ) ;
#888 = ORIENTED_EDGE ( 'NONE', *, *, #5919, .F. ) ;
#889 = DIRECTION ( 'NONE',  ( -1.000000000000000000, 0.000000000000000000, -0.000000000000000000 ) ) ;
#890 = EDGE_CURVE ( 'NONE', #54, #9192, #2903, .T. ) ;
#891 = ORIENTED_EDGE ( 'NONE', *, *, #7152, .T. ) ;
#892 = CARTESIAN_POINT ( 'NONE',  ( 178.6688394328960499, 0.000000000000000000, -228.4456223450676191 ) ) ;
#893 = CARTESIAN_POINT ( 'NONE',  ( 0.9700000000000541522, 2.380631412769535160, 0.2478931356766911343 ) ) ;
#894 = ORIENTED_EDGE ( 'NONE', *, *, #3203, .F. ) ;
#895 = EDGE_LOOP ( 'NONE', ( #7499, #9649, #2248, #584 ) ) ;
#896 = AXIS2_PLACEMENT_3D ( 'NONE', #782, #7292, #1638 ) ;
#897 = DIRECTION ( 'NONE',  ( 0.000000000000000000, 0.000000000000000000, 1.000000000000000000 ) ) ;
#898 = ORIENTED_EDGE ( 'NONE', *, *, #9920, .T. ) ;
#899 = DIRECTION ( 'NONE',  ( 0.000000000000000000, 0.000000000000000000, -1.000000000000000000 ) ) ;
#900 = DIRECTION ( 'NONE',  ( -6.748494113855085721E-16, 0.05089991897246938513, 0.9987037590039381518 ) ) ;
#901 = ORIENTED_EDGE ( 'NONE', *, *, #2812, .F. ) ;
#902 = ORIENTED_EDGE ( 'NONE', *, *, #3038, .F. ) ;
#903 = CARTESIAN_POINT ( 'NONE',  ( 162.5000000000000284, -1.717275076525106359, -259.2403827181303200 ) ) ;
#904 = ADVANCED_FACE ( 'NONE', ( #253 ), #195, .F. ) ;
#905 = AXIS2_PLACEMENT_3D ( 'NONE', #7031, #5212, #2238 ) ;
#906 = ADVANCED_FACE ( 'NONE', ( #1060 ), #10498, .F. ) ;
#907 = FACE_OUTER_BOUND ( 'NONE', #5232, .T. ) ;
#908 = ORIENTED_EDGE ( 'NONE', *, *, #10247, .T. ) ;
#909 = LINE ( 'NONE', #7177, #6337 ) ;
#910 = ORIENTED_EDGE ( 'NONE', *, *, #9016, .F. ) ;
#911 = DIRECTION ( 'NONE',  ( -1.000000000000000000, -0.000000000000000000, -0.000000000000000000 ) ) ;
#912 = VERTEX_POINT ( 'NONE', #3991 ) ;
#913 = VECTOR ( 'NONE', #3672, 1000.000000000000000 ) ;
#914 = DIRECTION ( 'NONE',  ( -0.000000000000000000, 1.000000000000000000, -0.000000000000000000 ) ) ;
#915 = ORIENTED_EDGE ( 'NONE', *, *, #6293, .F. ) ;
#916 = DIRECTION ( 'NONE',  ( 6.468959180425696219E-16, 0.2959104772547865303, -0.9552156769289564808 ) ) ;
#917 = CARTESIAN_POINT ( 'NONE',  ( 166.0000000000000000, -3.500000000000000000, -172.2087330257318456 ) ) ;
#918 = DIRECTION ( 'NONE',  ( -0.000000000000000000, -1.000000000000000000, -0.000000000000000000 ) ) ;
#919 = EDGE_CURVE ( 'NONE', #4306, #4080, #2961, .T. ) ;
#920 = DIRECTION ( 'NONE',  ( -5.882887990558569132E-16, -0.4999999999999927280, 0.8660254037844428154 ) ) ;
#921 = EDGE_CURVE ( 'NONE', #3759, #6638, #11964, .T. ) ;
#922 = CARTESIAN_POINT ( 'NONE',  ( 2.450949999999840756, -0.1043506507306113384, 2.273457506810704132 ) ) ;
#923 = AXIS2_PLACEMENT_3D ( 'NONE', #6778, #11302, #9389 ) ;
#924 = VECTOR ( 'NONE', #11108, 1000.000000000000000 ) ;
#925 = EDGE_LOOP ( 'NONE', ( #3208, #269, #3204, #7574 ) ) ;
#926 = CARTESIAN_POINT ( 'NONE',  ( 336.1545311035279724, 0.000000000000000000, -228.4456223450676475 ) ) ;
#927 = DIRECTION ( 'NONE',  ( -1.167520497023887139E-16, -1.000000000000000000, 2.886579864025370717E-15 ) ) ;
#928 = ORIENTED_EDGE ( 'NONE', *, *, #1100, .F. ) ;
#929 = FACE_OUTER_BOUND ( 'NONE', #3968, .T. ) ;
#930 = ADVANCED_FACE ( 'NONE', ( #7627 ), #9277, .F. ) ;
#931 = VERTEX_POINT ( 'NONE', #1002 ) ;
#932 = CIRCLE ( 'NONE', #8704, 1.800000000000023803 ) ;
#933 = CARTESIAN_POINT ( 'NONE',  ( 5.000000000000004441, 0.000000000000000000, -111.0000000000000000 ) ) ;
#934 = VECTOR ( 'NONE', #737, 1000.000000000000000 ) ;
#935 = DIRECTION ( 'NONE',  ( -0.000000000000000000, -0.000000000000000000, 1.000000000000000000 ) ) ;
#936 = LINE ( 'NONE', #244, #7588 ) ;
#937 = ORIENTED_EDGE ( 'NONE', *, *, #4369, .T. ) ;
#938 = DIRECTION ( 'NONE',  ( 0.000000000000000000, -1.000000000000000000, 0.000000000000000000 ) ) ;
#939 = DIRECTION ( 'NONE',  ( -1.000000000000000000, 0.000000000000000000, 0.000000000000000000 ) ) ;
#940 = VECTOR ( 'NONE', #8066, 1000.000000000000000 ) ;
#941 = ORIENTED_EDGE ( 'NONE', *, *, #10779, .F. ) ;
#942 = AXIS2_PLACEMENT_3D ( 'NONE', #5736, #9439, #7435 ) ;
#943 = CARTESIAN_POINT ( 'NONE',  ( 162.7172692001267080, -2.000000000000000000, -85.14791629256353644 ) ) ;
#944 = EDGE_LOOP ( 'NONE', ( #4827, #9158, #11570, #3018 ) ) ;
#945 = DIRECTION ( 'NONE',  ( -6.742552325790029459E-16, 0.05371555010020874488, 0.9985562776716353506 ) ) ;
#946 = EDGE_CURVE ( 'NONE', #9425, #7487, #3757, .T. ) ;
#947 = EDGE_LOOP ( 'NONE', ( #5738, #7123, #4701, #2987 ) ) ;
#948 = EDGE_CURVE ( 'NONE', #7854, #11745, #10317, .T. ) ;
#949 = DIRECTION ( 'NONE',  ( 1.000000000000000000, -0.000000000000000000, -2.775557561562890858E-16 ) ) ;
#950 = CARTESIAN_POINT ( 'NONE',  ( 325.4999999999999432, -1.500000000000000000, -317.4174660514636912 ) ) ;
#951 = DIRECTION ( 'NONE',  ( 1.000000000000000000, 2.000187765493021278E-16, -7.400880780937300593E-16 ) ) ;
#952 = VECTOR ( 'NONE', #596, 1000.000000000000000 ) ;
#953 = DIRECTION ( 'NONE',  ( 0.000000000000000000, 0.000000000000000000, 1.000000000000000000 ) ) ;
#954 = VECTOR ( 'NONE', #11237, 1000.000000000000000 ) ;
#955 = ORIENTED_EDGE ( 'NONE', *, *, #10552, .T. ) ;
#956 = LINE ( 'NONE', #4679, #542 ) ;
#957 = CARTESIAN_POINT ( 'NONE',  ( 345.7791261796199365, -0.8686667843509268128, -259.2341327181304109 ) ) ;
#958 = ORIENTED_EDGE ( 'NONE', *, *, #11225, .F. ) ;
#959 = CARTESIAN_POINT ( 'NONE',  ( 345.3254567599560119, -0.3505830258031853996, -85.11041666666667993 ) ) ;
#960 = VERTEX_POINT ( 'NONE', #1983 ) ;
#961 = VECTOR ( 'NONE', #3523, 1000.000000000000000 ) ;
#962 = ORIENTED_EDGE ( 'NONE', *, *, #2153, .F. ) ;
#963 = CARTESIAN_POINT ( 'NONE',  ( 0.9843342201064364527, 2.251583295995729372, 0.1996458709049714342 ) ) ;
#964 = ORIENTED_EDGE ( 'NONE', *, *, #8002, .T. ) ;
#965 = EDGE_CURVE ( 'NONE', #6383, #4418, #5580, .T. ) ;
#966 = CARTESIAN_POINT ( 'NONE',  ( 2.470000000000027729, 0.03232682635359584999, 2.273457506810267148 ) ) ;
#967 = DIRECTION ( 'NONE',  ( 0.000000000000000000, 0.000000000000000000, 1.000000000000000000 ) ) ;
#968 = ORIENTED_EDGE ( 'NONE', *, *, #218, .F. ) ;
#969 = ORIENTED_EDGE ( 'NONE', *, *, #2522, .F. ) ;
#970 = CARTESIAN_POINT ( 'NONE',  ( 14.99999999999988809, -1.500000000000001332, -111.0000000000000000 ) ) ;
#971 = DIRECTION ( 'NONE',  ( 0.000000000000000000, -0.000000000000000000, -1.000000000000000000 ) ) ;
#972 = VERTEX_POINT ( 'NONE', #7508 ) ;
#973 = CARTESIAN_POINT ( 'NONE',  ( 316.1545311035279724, -0.000000000000000000, -208.4456223450676475 ) ) ;
#974 = DIRECTION ( 'NONE',  ( 0.000000000000000000, -1.000000000000000000, 3.497202527569185121E-15 ) ) ;
#976 = ORIENTED_EDGE ( 'NONE', *, *, #11365, .T. ) ;
#975 = CIRCLE ( 'NONE', #11483, 2.110000000000000764 ) ;
#977 = EDGE_CURVE ( 'NONE', #11972, #1751, #3879, .T. ) ;
#978 = CARTESIAN_POINT ( 'NONE',  ( 346.0149999999999864, -1.981037959732771192, -85.12708333333334565 ) ) ;
#979 = VERTEX_POINT ( 'NONE', #1920 ) ;
#980 = CARTESIAN_POINT ( 'NONE',  ( 2.470000000000027729, -2.008307592792912821, -1.371832463991251583 ) ) ;
#981 = CARTESIAN_POINT ( 'NONE',  ( 168.4999999999999716, -1.500000000000000000, -250.4628208825323554 ) ) ;
#982 = DIRECTION ( 'NONE',  ( -7.045293848761032260E-16, 0.1547000690826087488, 0.9879614813472417101 ) ) ;
#983 = CARTESIAN_POINT ( 'NONE',  ( 0.9843342201064364527, 2.483238627135203380, -0.4078917005041883259 ) ) ;
#984 = VECTOR ( 'NONE', #7003, 1000.000000000000000 ) ;
#985 = EDGE_LOOP ( 'NONE', ( #10918, #9904, #3560, #9787 ) ) ;
#986 = CARTESIAN_POINT ( 'NONE',  ( 2.470000000130309292, 1.959457596178500736E-13, 2.984499999911733426 ) ) ;
#987 = DIRECTION ( 'NONE',  ( -1.000000000000000000, 0.000000000000000000, -0.000000000000000000 ) ) ;
#988 = ORIENTED_EDGE ( 'NONE', *, *, #6556, .T. ) ;
#989 = EDGE_CURVE ( 'NONE', #4783, #3803, #11182, .T. ) ;
#990 = FACE_OUTER_BOUND ( 'NONE', #11534, .T. ) ;
#991 = ORIENTED_EDGE ( 'NONE', *, *, #9098, .F. ) ;
#992 = AXIS2_PLACEMENT_3D ( 'NONE', #6055, #5267, #5205 ) ;
#993 = FACE_OUTER_BOUND ( 'NONE', #10332, .T. ) ;
#994 = DIRECTION ( 'NONE',  ( -1.050820771170668073E-16, 0.9571008663759965618, 0.2897549509194220496 ) ) ;
#995 = DIRECTION ( 'NONE',  ( -1.000000000000000000, -1.722632009336709216E-16, -9.621326830187598882E-16 ) ) ;
#996 = FACE_BOUND ( 'NONE', #2870, .T. ) ;
#997 = AXIS2_PLACEMENT_3D ( 'NONE', #1247, #2971, #10443 ) ;
#998 = ORIENTED_EDGE ( 'NONE', *, *, #1081, .T. ) ;
#999 = CARTESIAN_POINT ( 'NONE',  ( 162.5447912666950572, -1.631725082459894338, -85.11666666666668846 ) ) ;
#1000 = ORIENTED_EDGE ( 'NONE', *, *, #5680, .T. ) ;
#1001 = EDGE_CURVE ( 'NONE', #3725, #5425, #2840, .T. ) ;
#1002 = CARTESIAN_POINT ( 'NONE',  ( 308.4999999999998863, -1.500000000000000000, -253.2174660514637310 ) ) ;
#1003 = DIRECTION ( 'NONE',  ( 5.914598533337641276E-16, 0.7693245073750160090, -0.6388582020700594999 ) ) ;
#1004 = ORIENTED_EDGE ( 'NONE', *, *, #7097, .T. ) ;
#1005 = DIRECTION ( 'NONE',  ( 1.000000000000000000, 0.000000000000000000, 0.000000000000000000 ) ) ;
#1006 = CARTESIAN_POINT ( 'NONE',  ( 266.6723182195912614, -1.500000000000000000, -190.1763372145972824 ) ) ;
#1007 = DIRECTION ( 'NONE',  ( 3.380457028803539450E-16, -0.7714242457508521111, -0.6363211713181708973 ) ) ;
#1008 = VECTOR ( 'NONE', #224, 1000.000000000000000 ) ;
#1009 = CYLINDRICAL_SURFACE ( 'NONE', #3908, 2.000000000000001776 ) ;
#1010 = ORIENTED_EDGE ( 'NONE', *, *, #5116, .T. ) ;
#1011 = CARTESIAN_POINT ( 'NONE',  ( 0.9843342201064364527, 2.336132259871254391, 0.2556232938958347134 ) ) ;
#1012 = DIRECTION ( 'NONE',  ( 0.000000000000000000, 0.000000000000000000, -1.000000000000000000 ) ) ;
#1013 = EDGE_CURVE ( 'NONE', #6746, #1120, #8490, .T. ) ;
#1014 = UNCERTAINTY_MEASURE_WITH_UNIT (LENGTH_MEASURE( 1.000000000000000082E-05 ), #2600, 'distance_accuracy_value', 'NONE');
#1015 = EDGE_CURVE ( 'NONE', #4715, #5122, #10380, .T. ) ;
#1016 = ORIENTED_EDGE ( 'NONE', *, *, #11443, .T. ) ;
#1017 = VECTOR ( 'NONE', #10937, 1000.000000000000000 ) ;
#1018 = FACE_OUTER_BOUND ( 'NONE', #4849, .T. ) ;
#1019 = AXIS2_PLACEMENT_3D ( 'NONE', #9411, #10453, #3830 ) ;
#1020 = EDGE_LOOP ( 'NONE', ( #10839, #3286, #10214, #11629 ) ) ;
#1021 = ORIENTED_EDGE ( 'NONE', *, *, #11749, .F. ) ;
#1022 = LINE ( 'NONE', #9473, #8191 ) ;
#1023 = DIRECTION ( 'NONE',  ( -1.000000000000000000, -3.110410790118177818E-16, 7.400880780937398214E-16 ) ) ;
#1024 = DIRECTION ( 'NONE',  ( 0.000000000000000000, 0.000000000000000000, 1.000000000000000000 ) ) ;
#1025 = EDGE_LOOP ( 'NONE', ( #11110, #1593, #3650, #11438, #6013 ) ) ;
#1026 = EDGE_LOOP ( 'NONE', ( #5584, #941, #11823, #11565 ) ) ;
#1027 = VECTOR ( 'NONE', #7573, 1000.000000000000000 ) ;
#1028 = CARTESIAN_POINT ( 'NONE',  ( 0.9700000000000263967, -1.387778780781445676E-13, 2.498001805406602216E-13 ) ) ;
#1029 = LINE ( 'NONE', #7710, #4077 ) ;
#1030 = ADVANCED_FACE ( 'NONE', ( #11369 ), #10435, .F. ) ;
#1031 = ORIENTED_EDGE ( 'NONE', *, *, #6340, .T. ) ;
#1032 = FACE_OUTER_BOUND ( 'NONE', #11219, .T. ) ;
#1033 = VERTEX_POINT ( 'NONE', #8608 ) ;
#1034 = LINE ( 'NONE', #1090, #213 ) ;
#1035 = ORIENTED_EDGE ( 'NONE', *, *, #4481, .T. ) ;
#1036 = CARTESIAN_POINT ( 'NONE',  ( 345.7922329754452448, -0.8611124996453550784, -85.11666666666667425 ) ) ;
#1037 = ORIENTED_EDGE ( 'NONE', *, *, #9622, .T. ) ;
#1038 = DIRECTION ( 'NONE',  ( 0.000000000000000000, 0.000000000000000000, -1.000000000000000000 ) ) ;
#1039 = CIRCLE ( 'NONE', #2046, 3.175000000055671734 ) ;
#1040 = CARTESIAN_POINT ( 'NONE',  ( 0.9700000000000541522, 2.243485895057573121, 0.2119955182379174019 ) ) ;
#1041 = DIRECTION ( 'NONE',  ( -0.000000000000000000, -1.000000000000000000, -0.000000000000000000 ) ) ;
#1042 = LINE ( 'NONE', #4031, #8131 ) ;
#1043 = EDGE_CURVE ( 'NONE', #3845, #1153, #7687, .T. ) ;
#1044 = VERTEX_POINT ( 'NONE', #9809 ) ;
#1045 = DIRECTION ( 'NONE',  ( 5.311058880652149497E-33, -6.123233995736766036E-17, 1.000000000000000000 ) ) ;
#1046 = DIRECTION ( 'NONE',  ( -0.000000000000000000, -1.000000000000000000, -0.000000000000000000 ) ) ;
#1047 = ORIENTED_EDGE ( 'NONE', *, *, #6870, .F. ) ;
#1048 = FACE_OUTER_BOUND ( 'NONE', #6308, .T. ) ;
#1049 = EDGE_LOOP ( 'NONE', ( #4703, #5784, #10345, #6806 ) ) ;
#1050 = LINE ( 'NONE', #11413, #8554 ) ;
#1051 = CARTESIAN_POINT ( 'NONE',  ( 0.9699999999999986411, 2.478836439541054482, -0.4436910978696390062 ) ) ;
#1052 = DIRECTION ( 'NONE',  ( 0.000000000000000000, -1.000000000000000000, 3.497202527569202082E-15 ) ) ;
#1053 = DIRECTION ( 'NONE',  ( -3.947144821217413339E-16, 0.7144949460126306384, 0.6996406021111182261 ) ) ;
#1054 = ADVANCED_FACE ( 'NONE', ( #7801 ), #4283, .F. ) ;
#1055 = EDGE_CURVE ( 'NONE', #322, #6422, #312, .T. ) ;
#1056 = ORIENTED_EDGE ( 'NONE', *, *, #8448, .F. ) ;
#1057 = FACE_OUTER_BOUND ( 'NONE', #5984, .T. ) ;
#1058 = ORIENTED_EDGE ( 'NONE', *, *, #6739, .F. ) ;
#1059 = AXIS2_PLACEMENT_3D ( 'NONE', #6532, #9263, #5439 ) ;
#1060 = FACE_OUTER_BOUND ( 'NONE', #4136, .T. ) ;
#1061 = AXIS2_PLACEMENT_3D ( 'NONE', #7878, #11500, #1431 ) ;
#1062 = LINE ( 'NONE', #10188, #11340 ) ;
#1063 = EDGE_LOOP ( 'NONE', ( #6590, #3415, #11311, #2395 ) ) ;
#1064 = FACE_OUTER_BOUND ( 'NONE', #1308, .T. ) ;
#1065 = LINE ( 'NONE', #8556, #2139 ) ;
#1066 = CARTESIAN_POINT ( 'NONE',  ( 0.9699999999999986411, 2.189101863973724527, -0.2588745816993337501 ) ) ;
#1067 = FACE_OUTER_BOUND ( 'NONE', #2249, .T. ) ;
#1068 = EDGE_LOOP ( 'NONE', ( #7981, #10736, #7220, #2737 ) ) ;
#1069 = DIRECTION ( 'NONE',  ( 0.000000000000000000, 0.000000000000000000, 1.000000000000000000 ) ) ;
#1070 = VECTOR ( 'NONE', #9627, 1000.000000000000000 ) ;
#1071 = ADVANCED_FACE ( 'NONE', ( #9577 ), #11538, .F. ) ;
#1072 = EDGE_LOOP ( 'NONE', ( #5286, #5869, #3174, #5749 ) ) ;
#1073 = CARTESIAN_POINT ( 'NONE',  ( 168.4999999999999716, -1.500000000000000000, -252.5728208825323691 ) ) ;
#1074 = EDGE_LOOP ( 'NONE', ( #11364, #10611, #1333, #3576 ) ) ;
#1075 = ORIENTED_EDGE ( 'NONE', *, *, #9700, .T. ) ;
#1076 = CARTESIAN_POINT ( 'NONE',  ( 0.9700000000000541522, 2.170392839890566972, 0.2851052010992560781 ) ) ;
#1077 = AXIS2_PLACEMENT_3D ( 'NONE', #4716, #10423, #116 ) ;
#1078 = DIRECTION ( 'NONE',  ( -1.167520497023873827E-16, -1.000000000000000000, 9.436895709313777345E-16 ) ) ;
#1079 = ORIENTED_EDGE ( 'NONE', *, *, #5239, .T. ) ;
#1080 = ADVANCED_FACE ( 'NONE', ( #6897 ), #7922, .T. ) ;
#1081 = EDGE_CURVE ( 'NONE', #10376, #10140, #7075, .T. ) ;
#1082 = VERTEX_POINT ( 'NONE', #3305 ) ;
#1083 = DIRECTION ( 'NONE',  ( -4.992923249690979017E-16, 0.5000000000000059952, 0.8660254037844352659 ) ) ;
#1084 = EDGE_CURVE ( 'NONE', #6918, #8254, #11594, .T. ) ;
#1085 = CARTESIAN_POINT ( 'NONE',  ( 281.6665948878440418, -1.500000000000000000, -228.4456223450676191 ) ) ;
#1086 = EDGE_LOOP ( 'NONE', ( #10895, #8747, #10650, #1382 ) ) ;
#1087 = VECTOR ( 'NONE', #6252, 1000.000000000000000 ) ;
#1088 = FACE_OUTER_BOUND ( 'NONE', #2948, .T. ) ;
#1089 = ORIENTED_EDGE ( 'NONE', *, *, #6766, .F. ) ;
#1090 = CARTESIAN_POINT ( 'NONE',  ( 0.9843342201064364527, 2.503095591693316191, -0.4386548162825520958 ) ) ;
#1091 = ORIENTED_EDGE ( 'NONE', *, *, #8080, .T. ) ;
#1092 = FACE_OUTER_BOUND ( 'NONE', #5039, .T. ) ;
#1093 = CARTESIAN_POINT ( 'NONE',  ( 243.5000000000000000, 0.000000000000000000, -228.4456223450676191 ) ) ;
#1094 = VERTEX_POINT ( 'NONE', #4959 ) ;
#1095 = EDGE_CURVE ( 'NONE', #1033, #6600, #7015, .T. ) ;
#1096 = EDGE_CURVE ( 'NONE', #3180, #1450, #2405, .T. ) ;
#1097 = CARTESIAN_POINT ( 'NONE',  ( 2.470000000016626451, 1.934563620409532171E-13, -1.499999999964180653 ) ) ;
#1098 = DIRECTION ( 'NONE',  ( 1.000000000000000000, 1.722632009336720063E-16, -7.400880780937477100E-16 ) ) ;
#1099 = CARTESIAN_POINT ( 'NONE',  ( 345.3254567599561256, -3.149416974196796115, -259.2570493847970283 ) ) ;
#1100 = EDGE_CURVE ( 'NONE', #69, #1203, #9747, .T. ) ;
#1101 = DIRECTION ( 'NONE',  ( -1.068786975720299338E-15, 5.551115123125700858E-16, 1.000000000000000000 ) ) ;
#1102 = ORIENTED_EDGE ( 'NONE', *, *, #9033, .T. ) ;
#1103 = CIRCLE ( 'NONE', #7704, 2.000000000000001776 ) ;
#1104 = LINE ( 'NONE', #10298, #4050 ) ;
#1105 = DIRECTION ( 'NONE',  ( -6.845769268624692740E-16, 5.551115123125739315E-16, 1.000000000000000000 ) ) ;
#1106 = VERTEX_POINT ( 'NONE', #3127 ) ;
#1107 = CARTESIAN_POINT ( 'NONE',  ( 0.9700000000000541522, 2.523629592550951983, 0.2969646181048418709 ) ) ;
#1108 = VERTEX_POINT ( 'NONE', #5195 ) ;
#1109 = ADVANCED_FACE ( 'NONE', ( #6844 ), #10557, .F. ) ;
#1110 = DIRECTION ( 'NONE',  ( -7.016649338732739582E-16, -0.3078614749836516840, 0.9514311915324672464 ) ) ;
#1111 = DIRECTION ( 'NONE',  ( 1.000000000000000000, 0.000000000000000000, -0.000000000000000000 ) ) ;
#1112 = SHAPE_REPRESENTATION_RELATIONSHIP ( 'NONE' , 'NONE' ,  #6159, #6271 ) ;
#1113 = CARTESIAN_POINT ( 'NONE',  ( 0.9699999999999986411, 2.482609094366761138, -0.4574340979242447203 ) ) ;
#1114 = VECTOR ( 'NONE', #3739, 1000.000000000000114 ) ;
#1115 = LINE ( 'NONE', #7680, #8528 ) ;
#1116 = ORIENTED_EDGE ( 'NONE', *, *, #5385, .F. ) ;
#1117 = ORIENTED_EDGE ( 'NONE', *, *, #8207, .F. ) ;
#1118 = CARTESIAN_POINT ( 'NONE',  ( 162.6317250824598943, -1.544791266695002330, -85.10833333333334849 ) ) ;
#1119 = VECTOR ( 'NONE', #8158, 1000.000000000000000 ) ;
#1120 = VERTEX_POINT ( 'NONE', #10677 ) ;
#1121 = DIRECTION ( 'NONE',  ( -1.000000000000000000, -2.000187765493021278E-16, 7.400880780937300593E-16 ) ) ;
#1122 = DIRECTION ( 'NONE',  ( 1.000000000000000000, 2.000187765493029413E-16, 6.845769268624692740E-16 ) ) ;
#1123 = VERTEX_POINT ( 'NONE', #10614 ) ;
#1124 = ADVANCED_FACE ( 'NONE', ( #8775 ), #2279, .F. ) ;
#1125 = CARTESIAN_POINT ( 'NONE',  ( 5.000000000000000000, -1.500999999999999890, -40.00000000000000000 ) ) ;
#1126 = CARTESIAN_POINT ( 'NONE',  ( 296.0000000000000568, 0.000000000000000000, -194.2174660514637310 ) ) ;
#1127 = LINE ( 'NONE', #5818, #8638 ) ;
#1128 = DIRECTION ( 'NONE',  ( -4.992923249690985919E-16, 0.4999999999999898415, 0.8660254037844444808 ) ) ;
#1129 = PLANE ( 'NONE',  #11891 ) ;
#1130 = ORIENTED_EDGE ( 'NONE', *, *, #7110, .F. ) ;
#1131 = DIRECTION ( 'NONE',  ( -0.000000000000000000, -1.000000000000000000, -0.000000000000000000 ) ) ;
#1132 = CIRCLE ( 'NONE', #8114, 2.637500000000020606 ) ;
#1133 = AXIS2_PLACEMENT_3D ( 'NONE', #6033, #7669, #10723 ) ;
#1134 = ORIENTED_EDGE ( 'NONE', *, *, #11374, .F. ) ;
#1135 = CARTESIAN_POINT ( 'NONE',  ( 0.9699999999999986411, 2.422424264911626768, 0.01740461005388105331 ) ) ;
#1136 = ORIENTED_EDGE ( 'NONE', *, *, #11072, .T. ) ;
#1137 = ORIENTED_EDGE ( 'NONE', *, *, #3987, .T. ) ;
#1138 = LINE ( 'NONE', #3143, #4318 ) ;
#1139 = VECTOR ( 'NONE', #698, 1000.000000000000000 ) ;
#1140 = ADVANCED_FACE ( 'NONE', ( #5990 ), #9690, .F. ) ;
#1141 = VECTOR ( 'NONE', #60, 1000.000000000000000 ) ;
#1142 = ADVANCED_FACE ( 'NONE', ( #6952 ), #2342, .T. ) ;
#1143 = FACE_OUTER_BOUND ( 'NONE', #7516, .T. ) ;
#1144 = ORIENTED_EDGE ( 'NONE', *, *, #4285, .F. ) ;
#1145 = ORIENTED_EDGE ( 'NONE', *, *, #9838, .F. ) ;
#1146 = CARTESIAN_POINT ( 'NONE',  ( 2.470000000000055707, 2.025379290920920283, -1.076024774737380341 ) ) ;
#1147 = CARTESIAN_POINT ( 'NONE',  ( 261.0000000000000000, -1.500000000000000000, -181.7174660514637310 ) ) ;
#1148 = VECTOR ( 'NONE', #3285, 1000.000000000000114 ) ;
#1149 = VERTEX_POINT ( 'NONE', #5137 ) ;
#1150 = PLANE ( 'NONE',  #10225 ) ;
#1151 = VERTEX_POINT ( 'NONE', #7985 ) ;
#1152 = CARTESIAN_POINT ( 'NONE',  ( 362.9755125916353791, -1.224646799147346644E-18, -52.24518781845740989 ) ) ;
#1153 = VERTEX_POINT ( 'NONE', #11901 ) ;
#1154 = ADVANCED_FACE ( 'NONE', ( #10921 ), #9927, .F. ) ;
#1155 = CARTESIAN_POINT ( 'NONE',  ( 345.7791261796199365, -2.631333215649082735, -85.13333333333333997 ) ) ;
#1156 = CYLINDRICAL_SURFACE ( 'NONE', #8210, 1.800000000000023803 ) ;
#1157 = ORIENTED_EDGE ( 'NONE', *, *, #4012, .T. ) ;
#1158 = VECTOR ( 'NONE', #9092, 1000.000000000000000 ) ;
#1159 = CARTESIAN_POINT ( 'NONE',  ( 246.6723182195912614, 0.000000000000000000, -210.1763372145972539 ) ) ;
#1160 = LINE ( 'NONE', #8525, #795 ) ;
#1161 = CARTESIAN_POINT ( 'NONE',  ( 181.9999999999999716, 0.000000000000000000, -179.2174660514637310 ) ) ;
#1162 = CARTESIAN_POINT ( 'NONE',  ( 345.6614119768328806, -0.6653250392442952021, -259.2320493847971079 ) ) ;
#1163 = DIRECTION ( 'NONE',  ( 1.000000000000000000, 3.110410790118177818E-16, -7.400880780937398214E-16 ) ) ;
#1164 = EDGE_CURVE ( 'NONE', #3986, #6597, #12019, .T. ) ;
#1165 = AXIS2_PLACEMENT_3D ( 'NONE', #10924, #744, #2771 ) ;
#1166 = EDGE_CURVE ( 'NONE', #3959, #10334, #11045, .T. ) ;
#1167 = VERTEX_POINT ( 'NONE', #9132 ) ;
#1168 = LINE ( 'NONE', #8593, #10264 ) ;
#1169 = ORIENTED_EDGE ( 'NONE', *, *, #671, .F. ) ;
#1170 = ORIENTED_CLOSED_SHELL ( 'NONE', *, #3158, .F. );
#1171 = CARTESIAN_POINT ( 'NONE',  ( 0.9699999999999986411, 2.125255814197590798, -0.05453024012817830890 ) ) ;
#1172 = EDGE_LOOP ( 'NONE', ( #9639, #11332, #152, #6787 ) ) ;
#1173 = LINE ( 'NONE', #9505, #9120 ) ;
#1174 = CARTESIAN_POINT ( 'NONE',  ( 0.9699999999999986411, 2.125255814197451798, 0.1250508761559410154 ) ) ;
#1175 = EDGE_LOOP ( 'NONE', ( #9013, #9591, #846, #3653 ) ) ;
#1176 = VECTOR ( 'NONE', #13, 1000.000000000000000 ) ;
#1177 = CARTESIAN_POINT ( 'NONE',  ( 0.9699999999999986411, 2.463272841927127921, -0.4369951808727984277 ) ) ;
#1178 = ADVANCED_FACE ( 'NONE', ( #615 ), #2637, .F. ) ;
#1179 = VERTEX_POINT ( 'NONE', #3547 ) ;
#1180 = ORIENTED_EDGE ( 'NONE', *, *, #6973, .F. ) ;
#1181 = CARTESIAN_POINT ( 'NONE',  ( 162.5065068308329614, -1.815436971089819940, -85.12916666666666288 ) ) ;
#1182 = MECHANICAL_DESIGN_GEOMETRIC_PRESENTATION_REPRESENTATION (  '', ( #6424 ), #5657 ) ;
#1183 = ORIENTED_EDGE ( 'NONE', *, *, #4301, .F. ) ;
#1184 = CARTESIAN_POINT ( 'NONE',  ( 336.1545311035279724, -1.500000000000000000, -208.4456223450676475 ) ) ;
#1185 = SURFACE_STYLE_FILL_AREA ( #8609 ) ;
#1186 = DIRECTION ( 'NONE',  ( -1.000000000000000000, -3.110410790118177818E-16, 7.400880780937398214E-16 ) ) ;
#1187 = CARTESIAN_POINT ( 'NONE',  ( 168.4999999999999147, -1.500000000000000000, -33.16282088253234406 ) ) ;
#1188 = LINE ( 'NONE', #1066, #4953 ) ;
#1189 = CARTESIAN_POINT ( 'NONE',  ( 338.5000000000000568, 0.000000000000000000, -143.9228208825323634 ) ) ;
#1190 = DIRECTION ( 'NONE',  ( -1.000000000000000000, -2.000187765493021278E-16, 7.400880780937300593E-16 ) ) ;
#1191 = ORIENTED_EDGE ( 'NONE', *, *, #127, .T. ) ;
#1192 = DIRECTION ( 'NONE',  ( 6.845769268624693726E-16, -5.551115123125739315E-16, -1.000000000000000000 ) ) ;
#1193 = AXIS2_PLACEMENT_3D ( 'NONE', #7867, #377, #1301 ) ;
#1194 = EDGE_CURVE ( 'NONE', #430, #8196, #5317, .T. ) ;
#1195 = VERTEX_POINT ( 'NONE', #6163 ) ;
#1196 = LINE ( 'NONE', #80, #10233 ) ;
#1197 = ORIENTED_EDGE ( 'NONE', *, *, #2126, .F. ) ;
#1198 = VECTOR ( 'NONE', #11325, 1000.000000000000227 ) ;
#1199 = LINE ( 'NONE', #5651, #7036 ) ;
#1200 = VECTOR ( 'NONE', #1951, 1000.000000000000000 ) ;
#1201 = LINE ( 'NONE', #214, #4925 ) ;
#1202 = ORIENTED_EDGE ( 'NONE', *, *, #9206, .F. ) ;
#1203 = VERTEX_POINT ( 'NONE', #11778 ) ;
#1204 = CARTESIAN_POINT ( 'NONE',  ( 181.5000000000000284, 0.000000000000000000, -319.2174660514637026 ) ) ;
#1205 = CARTESIAN_POINT ( 'NONE',  ( 2.450950000000035267, 1.936365843134141285, -1.024632836696667937 ) ) ;
#1206 = VECTOR ( 'NONE', #11736, 1000.000000000000000 ) ;
#1207 = EDGE_CURVE ( 'NONE', #6893, #7437, #3607, .T. ) ;
#1208 = VERTEX_POINT ( 'NONE', #2577 ) ;
#1209 = EDGE_CURVE ( 'NONE', #8196, #6840, #2523, .T. ) ;
#1210 = DIRECTION ( 'NONE',  ( 6.879636247973199190E-16, 0.4230480959310515821, -0.9061072279422076603 ) ) ;
#1211 = EDGE_LOOP ( 'NONE', ( #708, #11938 ) ) ;
#1212 = DIRECTION ( 'NONE',  ( -1.445076253180192051E-16, -1.000000000000000000, 2.553512956637819811E-15 ) ) ;
#1213 = VERTEX_POINT ( 'NONE', #10975 ) ;
#1214 = CARTESIAN_POINT ( 'NONE',  ( 0.9700000000000541522, 2.380631412769535160, 0.2478931356766911343 ) ) ;
#1215 = ORIENTED_EDGE ( 'NONE', *, *, #5370, .F. ) ;
#1216 = VECTOR ( 'NONE', #6789, 1000.000000000000000 ) ;
#1217 = CARTESIAN_POINT ( 'NONE',  ( 173.0000000000000000, 0.000000000000000000, -179.2174660514637310 ) ) ;
#1218 = CARTESIAN_POINT ( 'NONE',  ( 0.2238461538461845868, 7.234694981494745985E-16, -2.099999999993651389 ) ) ;
#1219 = DIRECTION ( 'NONE',  ( -0.7071067811865474617, 0.000000000000000000, -0.7071067811865474617 ) ) ;
#1220 = CARTESIAN_POINT ( 'NONE',  ( 344.2500000000000000, -2.000000000000000000, -259.2674660514637139 ) ) ;
#1221 = CARTESIAN_POINT ( 'NONE',  ( 278.0000000000000000, -1.500000000000000000, -224.7174660514637594 ) ) ;
#1222 = EDGE_CURVE ( 'NONE', #7502, #11336, #8470, .T. ) ;
#1223 = AXIS2_PLACEMENT_3D ( 'NONE', #2382, #9903, #7052 ) ;
#1224 = ORIENTED_EDGE ( 'NONE', *, *, #5609, .F. ) ;
#1225 = DIRECTION ( 'NONE',  ( 0.000000000000000000, 0.000000000000000000, 1.000000000000000000 ) ) ;
#1226 = DIRECTION ( 'NONE',  ( 0.000000000000000000, -1.000000000000000000, 0.000000000000000000 ) ) ;
#1227 = EDGE_LOOP ( 'NONE', ( #7917, #3931, #3510, #4678 ) ) ;
#1228 = CARTESIAN_POINT ( 'NONE',  ( 0.9843342201064364527, 2.478836439541471037, -0.4482944105899944187 ) ) ;
#1229 = DIRECTION ( 'NONE',  ( -1.000000000000000000, -0.000000000000000000, -0.000000000000000000 ) ) ;
#1230 = ADVANCED_FACE ( 'NONE', ( #3425 ), #2462, .F. ) ;
#1231 = ADVANCED_FACE ( 'NONE', ( #9871 ), #9981, .F. ) ;
#1232 = CARTESIAN_POINT ( 'NONE',  ( 0.9699999999999986411, 2.483238627135203380, -0.4169470231356793843 ) ) ;
#1233 = CARTESIAN_POINT ( 'NONE',  ( 0.9700000000000541522, 2.425090429851589846, 0.1497186355366719734 ) ) ;
#1234 = EDGE_LOOP ( 'NONE', ( #7285, #2807, #6430, #11090 ) ) ;
#1235 = ORIENTED_EDGE ( 'NONE', *, *, #786, .F. ) ;
#1236 = CARTESIAN_POINT ( 'NONE',  ( 261.0000000000000568, 0.000000000000000000, -174.2174660514637310 ) ) ;
#1237 = VERTEX_POINT ( 'NONE', #6401 ) ;
#1238 = DIRECTION ( 'NONE',  ( 0.7071067811865474617, 0.000000000000000000, -0.7071067811865474617 ) ) ;
#1239 = PLANE ( 'NONE',  #2197 ) ;
#1240 = VERTEX_POINT ( 'NONE', #10862 ) ;
#1241 = CARTESIAN_POINT ( 'NONE',  ( 279.0000000000000000, 0.000000000000000000, -194.2174660514637310 ) ) ;
#1242 = LINE ( 'NONE', #10144, #2261 ) ;
#1243 = PLANE ( 'NONE',  #9113 ) ;
#1244 = DIRECTION ( 'NONE',  ( 1.445076253180192051E-16, 1.000000000000000000, -2.553512956637819811E-15 ) ) ;
#1245 = EDGE_CURVE ( 'NONE', #1108, #2407, #1658, .T. ) ;
#1246 = CARTESIAN_POINT ( 'NONE',  ( 301.6665948878440986, 0.000000000000000000, -228.4456223450676191 ) ) ;
#1247 = CARTESIAN_POINT ( 'NONE',  ( 163.5000000000000284, -1.500000000000000000, -259.9674660514636457 ) ) ;
#1248 = ORIENTED_EDGE ( 'NONE', *, *, #8153, .T. ) ;
#1249 = DIRECTION ( 'NONE',  ( -0.000000000000000000, 1.000000000000000000, -0.000000000000000000 ) ) ;
#1250 = EDGE_CURVE ( 'NONE', #7553, #1625, #3490, .T. ) ;
#1251 = ORIENTED_EDGE ( 'NONE', *, *, #11185, .F. ) ;
#1252 = VECTOR ( 'NONE', #7212, 1000.000000000000114 ) ;
#1253 = CARTESIAN_POINT ( 'NONE',  ( 308.4999999999998863, 0.000000000000000000, -245.7174660514637310 ) ) ;
#1254 = VERTEX_POINT ( 'NONE', #8962 ) ;
#1255 = ORIENTED_EDGE ( 'NONE', *, *, #10517, .F. ) ;
#1256 = CARTESIAN_POINT ( 'NONE',  ( 0.9699999999999986411, 2.521531062727455641, -0.3400507035838801206 ) ) ;
#1257 = ADVANCED_FACE ( 'NONE', ( #7311 ), #2704, .T. ) ;
#1258 = CIRCLE ( 'NONE', #8057, 2.110000000000000764 ) ;
#1259 = EDGE_LOOP ( 'NONE', ( #11831, #11096, #928, #4589 ) ) ;
#1260 = DIRECTION ( 'NONE',  ( 6.437999502871166137E-16, 0.4999999999999577560, -0.8660254037844629105 ) ) ;
#1261 = EDGE_LOOP ( 'NONE', ( #5508, #6136 ) ) ;
#1262 = FACE_OUTER_BOUND ( 'NONE', #4178, .T. ) ;
#1263 = ORIENTED_EDGE ( 'NONE', *, *, #5323, .T. ) ;
#1264 = VECTOR ( 'NONE', #790, 1000.000000000000000 ) ;
#1265 = DIRECTION ( 'NONE',  ( 1.344989530423940680E-16, 0.9980805391703133633, -0.06192929298398618804 ) ) ;
#1266 = ORIENTED_EDGE ( 'NONE', *, *, #9196, .F. ) ;
#1267 = CARTESIAN_POINT ( 'NONE',  ( 344.2500000000000000, -4.336808689942017736E-16, -85.10000000000000853 ) ) ;
#1268 = ORIENTED_EDGE ( 'NONE', *, *, #10669, .T. ) ;
#1269 = EDGE_CURVE ( 'NONE', #10013, #10572, #9197, .T. ) ;
#1270 = DIRECTION ( 'NONE',  ( 0.000000000000000000, 0.000000000000000000, -1.000000000000000000 ) ) ;
#1271 = ORIENTED_EDGE ( 'NONE', *, *, #1883, .F. ) ;
#1272 = CARTESIAN_POINT ( 'NONE',  ( 344.2500000000000000, -3.500000000000000000, -172.2087330257318740 ) ) ;
#1273 = VECTOR ( 'NONE', #12071, 1000.000000000000000 ) ;
#1274 = CARTESIAN_POINT ( 'NONE',  ( 344.3682749175401341, -1.544791266695003218, -259.2257993847970852 ) ) ;
#1275 = DIRECTION ( 'NONE',  ( 7.400880780937299607E-16, 5.551115123125742273E-16, 1.000000000000000000 ) ) ;
#1276 = CARTESIAN_POINT ( 'NONE',  ( 0.9843342201064364527, 2.521531062727539130, -0.1842807336881469027 ) ) ;
#1277 = VECTOR ( 'NONE', #9424, 1000.000000000000000 ) ;
#1278 = DIRECTION ( 'NONE',  ( 1.231038660478258832E-16, 0.000000000000000000, 1.000000000000000000 ) ) ;
#1279 = VERTEX_POINT ( 'NONE', #8286 ) ;
#1280 = ADVANCED_FACE ( 'NONE', ( #3678 ), #7498, .F. ) ;
#1281 = DIRECTION ( 'NONE',  ( 0.000000000000000000, -1.000000000000000000, 0.000000000000000000 ) ) ;
#1282 = CARTESIAN_POINT ( 'NONE',  ( 0.9843342201064364527, 2.502887340387283110, -0.4560289252513033409 ) ) ;
#1283 = ADVANCED_FACE ( 'NONE', ( #990 ), #2947, .F. ) ;
#1284 = CARTESIAN_POINT ( 'NONE',  ( 233.4999999999999716, 0.000000000000000000, -179.2174660514637310 ) ) ;
#1285 = VECTOR ( 'NONE', #4250, 1000.000000000000000 ) ;
#1286 = VERTEX_POINT ( 'NONE', #2032 ) ;
#1287 = ORIENTED_EDGE ( 'NONE', *, *, #8448, .T. ) ;
#1288 = ADVANCED_FACE ( 'NONE', ( #8594 ), #6530, .F. ) ;
#1289 = DIRECTION ( 'NONE',  ( 0.000000000000000000, -1.000000000000000000, 0.000000000000000000 ) ) ;
#1290 = VERTEX_POINT ( 'NONE', #10237 ) ;
#1291 = DIRECTION ( 'NONE',  ( 0.000000000000000000, 0.000000000000000000, 1.000000000000000000 ) ) ;
#1292 = PLANE ( 'NONE',  #10355 ) ;
#1293 = ORIENTED_EDGE ( 'NONE', *, *, #4179, .F. ) ;
#1294 = CARTESIAN_POINT ( 'NONE',  ( 0.9700000000000541522, 2.368266714505629089, 0.2891414307972656195 ) ) ;
#1295 = DIRECTION ( 'NONE',  ( -0.000000000000000000, -1.000000000000000000, -0.000000000000000000 ) ) ;
#1296 = VECTOR ( 'NONE', #8606, 1000.000000000000000 ) ;
#1297 = CARTESIAN_POINT ( 'NONE',  ( 173.0000000000000000, -1.500000000000000000, -179.2174660514637310 ) ) ;
#1298 = DIRECTION ( 'NONE',  ( -0.000000000000000000, -1.000000000000000000, -0.000000000000000000 ) ) ;
#1299 = EDGE_CURVE ( 'NONE', #7502, #7439, #2087, .T. ) ;
#1300 = DIRECTION ( 'NONE',  ( 1.445076253180192051E-16, 1.000000000000000000, -2.553512956637819811E-15 ) ) ;
#1301 = DIRECTION ( 'NONE',  ( -1.000000000000000000, -2.000187765493021278E-16, 7.400880780937300593E-16 ) ) ;
#1302 = VERTEX_POINT ( 'NONE', #6714 ) ;
#1303 = VECTOR ( 'NONE', #872, 1000.000000000000000 ) ;
#1304 = ORIENTED_EDGE ( 'NONE', *, *, #6601, .F. ) ;
#1305 = AXIS2_PLACEMENT_3D ( 'NONE', #4455, #3299, #8832 ) ;
#1306 = ADVANCED_FACE ( 'NONE', ( #6596 ), #6464, .F. ) ;
#1307 = DIRECTION ( 'NONE',  ( -1.590523153858629728E-16, 0.000000000000000000, -1.000000000000000000 ) ) ;
#1308 = EDGE_LOOP ( 'NONE', ( #5153, #11477, #11058, #417 ) ) ;
#1309 = EDGE_CURVE ( 'NONE', #10095, #8100, #11353, .T. ) ;
#1310 = ORIENTED_EDGE ( 'NONE', *, *, #4351, .F. ) ;
#1311 = DIRECTION ( 'NONE',  ( 7.591364965763771829E-16, 0.4823990456389102288, -0.8759515744415719007 ) ) ;
#1312 = DIRECTION ( 'NONE',  ( 1.000000000000000000, 0.000000000000000000, 0.000000000000000000 ) ) ;
#1313 = CARTESIAN_POINT ( 'NONE',  ( 0.9700000000000541522, 2.314344245309407633, 0.2847395351445458633 ) ) ;
#1314 = ADVANCED_FACE ( 'NONE', ( #11171 ), #8417, .F. ) ;
#1315 = VECTOR ( 'NONE', #6648, 1000.000000000000000 ) ;
#1316 = VECTOR ( 'NONE', #9614, 999.9999999999998863 ) ;
#1317 = EDGE_LOOP ( 'NONE', ( #8559, #5149, #5895, #6040 ) ) ;
#1318 = CARTESIAN_POINT ( 'NONE',  ( 5.000000000000004441, -3.500000000000000000, -1.749999999999999778 ) ) ;
#1319 = ORIENTED_EDGE ( 'NONE', *, *, #7042, .F. ) ;
#1320 = EDGE_LOOP ( 'NONE', ( #7967, #4254, #1383, #1499 ) ) ;
#1321 = CARTESIAN_POINT ( 'NONE',  ( 321.4999999999999432, 0.000000000000000000, -317.4174660514636912 ) ) ;
#1322 = CIRCLE ( 'NONE', #12030, 1.800000000000023803 ) ;
#1323 = EDGE_CURVE ( 'NONE', #6370, #8896, #55, .T. ) ;
#1325 = EDGE_LOOP ( 'NONE', ( #1191, #5258, #7307, #3645 ) ) ;
#1324 = VECTOR ( 'NONE', #814, 1000.000000000000000 ) ;
#1326 = PLANE ( 'NONE',  #8770 ) ;
#1327 = VERTEX_POINT ( 'NONE', #9503 ) ;
#1328 = CARTESIAN_POINT ( 'NONE',  ( 345.3254567599561256, -0.3505830258032045510, -85.11041666666667993 ) ) ;
#1329 = FACE_OUTER_BOUND ( 'NONE', #6024, .T. ) ;
#1330 = ORIENTED_EDGE ( 'NONE', *, *, #1958, .T. ) ;
#1331 = CARTESIAN_POINT ( 'NONE',  ( 2.470000000000110774, 1.677594408828753103, -1.222539689753984860 ) ) ;
#1332 = DIRECTION ( 'NONE',  ( -1.000000000000000000, 0.000000000000000000, 0.000000000000000000 ) ) ;
#1333 = ORIENTED_EDGE ( 'NONE', *, *, #7256, .F. ) ;
#1334 = DIRECTION ( 'NONE',  ( 0.000000000000000000, 0.000000000000000000, -1.000000000000000000 ) ) ;
#1335 = AXIS2_PLACEMENT_3D ( 'NONE', #11955, #5432, #2878 ) ;
#1336 = VECTOR ( 'NONE', #6333, 1000.000000000000000 ) ;
#1337 = CARTESIAN_POINT ( 'NONE',  ( 344.4684465970885867, -1.624095254907275798, -259.2341327181304109 ) ) ;
#1338 = LINE ( 'NONE', #6933, #9501 ) ;
#1339 = DIRECTION ( 'NONE',  ( 6.845769268624693726E-16, -5.551115123125739315E-16, -1.000000000000000000 ) ) ;
#1340 = EDGE_CURVE ( 'NONE', #960, #4981, #9443, .T. ) ;
#1341 = DIRECTION ( 'NONE',  ( -4.442372308220363543E-16, -0.9089994253807364144, 0.4167973664234109199 ) ) ;
#1342 = DIRECTION ( 'NONE',  ( -0.000000000000000000, 1.000000000000000000, -0.000000000000000000 ) ) ;
#1343 = VECTOR ( 'NONE', #2070, 1000.000000000000114 ) ;
#1344 = LINE ( 'NONE', #357, #5159 ) ;
#1345 = ORIENTED_EDGE ( 'NONE', *, *, #6529, .F. ) ;
#1346 = LINE ( 'NONE', #419, #362 ) ;
#1347 = DIRECTION ( 'NONE',  ( 3.619244920263574002E-17, -0.9514311915324674684, -0.3078614749836507958 ) ) ;
#1348 = CARTESIAN_POINT ( 'NONE',  ( 0.9700000000000263967, -1.387778780781445676E-13, 2.498001805406602216E-13 ) ) ;
#1349 = VECTOR ( 'NONE', #57, 1000.000000000000000 ) ;
#1350 = ADVANCED_FACE ( 'NONE', ( #929 ), #3004, .T. ) ;
#1351 = ORIENTED_EDGE ( 'NONE', *, *, #11787, .T. ) ;
#1352 = ORIENTED_EDGE ( 'NONE', *, *, #2339, .F. ) ;
#1353 = EDGE_CURVE ( 'NONE', #5523, #7487, #7438, .T. ) ;
#1354 = CARTESIAN_POINT ( 'NONE',  ( 0.9699999999999986411, 2.472047021958523327, -0.4541015381633595194 ) ) ;
#1355 = ORIENTED_EDGE ( 'NONE', *, *, #1998, .F. ) ;
#1356 = CARTESIAN_POINT ( 'NONE',  ( 0.9700000000000541522, 2.521786211845261860, 0.2788837195466659091 ) ) ;
#1357 = CARTESIAN_POINT ( 'NONE',  ( 266.6723182195912614, 0.000000000000000000, -190.1763372145972824 ) ) ;
#1358 = ORIENTED_EDGE ( 'NONE', *, *, #1690, .F. ) ;
#1359 = VECTOR ( 'NONE', #5117, 1000.000000000000000 ) ;
#1360 = FACE_OUTER_BOUND ( 'NONE', #10972, .T. ) ;
#1361 = CARTESIAN_POINT ( 'NONE',  ( 2.470000000000027729, -2.229467576931182471, -1.174050353182798379 ) ) ;
#1362 = CARTESIAN_POINT ( 'NONE',  ( 0.9700000000000541522, 2.235388494119278313, 0.2243451655705858139 ) ) ;
#1363 = CARTESIAN_POINT ( 'NONE',  ( 162.5209255356757581, -2.879912020664616839E-17, -259.2195493847970056 ) ) ;
#1364 = FACE_OUTER_BOUND ( 'NONE', #7061, .T. ) ;
#1365 = CARTESIAN_POINT ( 'NONE',  ( 502.0000000000000000, 0.000000000000000000, -40.00000000000007105 ) ) ;
#1366 = CARTESIAN_POINT ( 'NONE',  ( 108.0308911515353856, -1.500000000000000000, -54.35518781845740932 ) ) ;
#1367 = AXIS2_PLACEMENT_3D ( 'NONE', #6290, #9990, #11667 ) ;
#1368 = VERTEX_POINT ( 'NONE', #9384 ) ;
#1369 = ADVANCED_FACE ( 'NONE', ( #4832 ), #8538, .T. ) ;
#1370 = CARTESIAN_POINT ( 'NONE',  ( 0.9843342201064364527, 2.513397826239216482, 0.2400852859844870846 ) ) ;
#1371 = DIRECTION ( 'NONE',  ( 0.000000000000000000, 0.000000000000000000, 1.000000000000000000 ) ) ;
#1372 = ORIENTED_EDGE ( 'NONE', *, *, #5209, .T. ) ;
#1373 = VERTEX_POINT ( 'NONE', #11233 ) ;
#1374 = DIRECTION ( 'NONE',  ( 1.302670539013764741E-16, 0.9998156855907736063, 0.01919882409553617594 ) ) ;
#1375 = LINE ( 'NONE', #2364, #11531 ) ;
#1376 = CARTESIAN_POINT ( 'NONE',  ( 243.4999999999999716, 0.000000000000000000, -181.7174660514637310 ) ) ;
#1377 = VECTOR ( 'NONE', #167, 1000.000000000000114 ) ;
#1378 = ORIENTED_EDGE ( 'NONE', *, *, #10164, .T. ) ;
#1379 = ADVANCED_FACE ( 'NONE', ( #2827 ), #7613, .F. ) ;
#1380 = DIRECTION ( 'NONE',  ( -1.000000000000000000, -0.000000000000000000, -0.000000000000000000 ) ) ;
#1381 = ADVANCED_FACE ( 'NONE', ( #1048 ), #4775, .T. ) ;
#1382 = ORIENTED_EDGE ( 'NONE', *, *, #297, .F. ) ;
#1383 = ORIENTED_EDGE ( 'NONE', *, *, #11136, .F. ) ;
#1384 = CARTESIAN_POINT ( 'NONE',  ( 178.6688394328960499, 0.000000000000000000, -208.4456223450676475 ) ) ;
#1385 = VECTOR ( 'NONE', #2392, 1000.000000000000114 ) ;
#1386 = ORIENTED_EDGE ( 'NONE', *, *, #11029, .F. ) ;
#1387 = PLANE ( 'NONE',  #3346 ) ;
#1388 = VERTEX_POINT ( 'NONE', #2149 ) ;
#1389 = CARTESIAN_POINT ( 'NONE',  ( 344.4934931691670386, -1.684563028910180282, -85.12083333333333712 ) ) ;
#1390 = LINE ( 'NONE', #10894, #5893 ) ;
#1391 = VERTEX_POINT ( 'NONE', #7845 ) ;
#1392 = FACE_OUTER_BOUND ( 'NONE', #8431, .T. ) ;
#1393 = ORIENTED_EDGE ( 'NONE', *, *, #550, .T. ) ;
#1394 = AXIS2_PLACEMENT_3D ( 'NONE', #5827, #83, #2062 ) ;
#1395 = DIRECTION ( 'NONE',  ( -6.993111015183585649E-16, -0.5000000000000119904, 0.8660254037844317132 ) ) ;
#1396 = EDGE_CURVE ( 'NONE', #11748, #736, #9675, .T. ) ;
#1397 = FACE_OUTER_BOUND ( 'NONE', #9979, .T. ) ;
#1398 = CARTESIAN_POINT ( 'NONE',  ( 498.4999999999998295, -1.500000000000001332, -58.27983018403566717 ) ) ;
#1399 = ORIENTED_EDGE ( 'NONE', *, *, #11216, .T. ) ;
#1400 = LINE ( 'NONE', #8821, #9289 ) ;
#1401 = CARTESIAN_POINT ( 'NONE',  ( 5.000000000000004441, 0.000000000000000000, -111.0000000000000000 ) ) ;
#1402 = AXIS2_PLACEMENT_3D ( 'NONE', #9748, #1413, #5138 ) ;
#1403 = DIRECTION ( 'NONE',  ( 5.882887990558551382E-16, 0.4999999999999998890, -0.8660254037844387076 ) ) ;
#1404 = ORIENTED_EDGE ( 'NONE', *, *, #6512, .T. ) ;
#1405 = CARTESIAN_POINT ( 'NONE',  ( 210.8265096880607814, -1.500000000000000000, -208.4456223450676475 ) ) ;
#1406 = CARTESIAN_POINT ( 'NONE',  ( 279.0000000000000000, 0.000000000000000000, -194.2174660514637310 ) ) ;
#1407 = ADVANCED_FACE ( 'NONE', ( #9736 ), #11411, .F. ) ;
#1408 = AXIS2_PLACEMENT_3D ( 'NONE', #589, #9782, #651 ) ;
#1409 = VERTEX_POINT ( 'NONE', #3056 ) ;
#1410 = DIRECTION ( 'NONE',  ( -8.673617379884027583E-16, -1.000000000000000000, 0.000000000000000000 ) ) ;
#1411 = ORIENTED_EDGE ( 'NONE', *, *, #3453, .F. ) ;
#1412 = DIRECTION ( 'NONE',  ( 3.815501495555647690E-16, 0.9427057099412800012, -0.3336254553299362602 ) ) ;
#1413 = DIRECTION ( 'NONE',  ( 1.445076253180178246E-16, 1.000000000000000000, -5.551115123125738329E-16 ) ) ;
#1414 = ORIENTED_EDGE ( 'NONE', *, *, #9826, .F. ) ;
#1415 = SURFACE_STYLE_USAGE ( .BOTH. , #2346 ) ;
#1416 = CARTESIAN_POINT ( 'NONE',  ( 81.00000000000000000, -1.500000000000001332, -259.2174660514637026 ) ) ;
#1417 = FACE_BOUND ( 'NONE', #9184, .T. ) ;
#1418 = CARTESIAN_POINT ( 'NONE',  ( 0.9699999999999986411, 2.324343390078947635, 0.01740461005365900871 ) ) ;
#1419 = ORIENTED_EDGE ( 'NONE', *, *, #284, .T. ) ;
#1420 = FACE_OUTER_BOUND ( 'NONE', #2644, .T. ) ;
#1421 = CARTESIAN_POINT ( 'NONE',  ( 0.9843342201064364527, 2.472865152089914531, -0.4640019752579355172 ) ) ;
#1422 = EDGE_CURVE ( 'NONE', #6635, #12064, #8825, .T. ) ;
#1423 = EDGE_CURVE ( 'NONE', #1513, #1437, #8648, .T. ) ;
#1424 = AXIS2_PLACEMENT_3D ( 'NONE', #7064, #11529, #3871 ) ;
#1425 = CARTESIAN_POINT ( 'NONE',  ( 313.0000000000000000, -1.500000000000000000, -233.2174660514637310 ) ) ;
#1426 = VERTEX_POINT ( 'NONE', #11581 ) ;
#1427 = LINE ( 'NONE', #3195, #2275 ) ;
#1428 = EDGE_LOOP ( 'NONE', ( #5139, #3737, #5854, #1934 ) ) ;
#1429 = EDGE_LOOP ( 'NONE', ( #838, #11720, #9684, #10161 ) ) ;
#1430 = CARTESIAN_POINT ( 'NONE',  ( 0.4850000000260469291, 7.399341843961924634E-16, -2.064999999980776213 ) ) ;
#1431 = DIRECTION ( 'NONE',  ( 1.000000000000000000, 0.000000000000000000, -0.000000000000000000 ) ) ;
#1432 = EDGE_CURVE ( 'NONE', #10566, #10115, #3226, .T. ) ;
#1433 = EDGE_CURVE ( 'NONE', #11421, #7353, #4208, .T. ) ;
#1434 = LINE ( 'NONE', #3508, #8323 ) ;
#1435 = VECTOR ( 'NONE', #3073, 1000.000000000000114 ) ;
#1436 = CARTESIAN_POINT ( 'NONE',  ( 301.6665948878440986, 0.000000000000000000, -208.4456223450676475 ) ) ;
#1437 = VERTEX_POINT ( 'NONE', #10486 ) ;
#1438 = VERTEX_POINT ( 'NONE', #4035 ) ;
#1439 = LINE ( 'NONE', #1500, #9055 ) ;
#1440 = ORIENTED_EDGE ( 'NONE', *, *, #7255, .F. ) ;
#1441 = ORIENTED_EDGE ( 'NONE', *, *, #11029, .T. ) ;
#1442 = EDGE_CURVE ( 'NONE', #10583, #5425, #1344, .T. ) ;
#1443 = CARTESIAN_POINT ( 'NONE',  ( 272.0000000000000000, -1.500000000000000000, -224.7174660514637594 ) ) ;
#1444 = ORIENTED_EDGE ( 'NONE', *, *, #2727, .F. ) ;
#1445 = EDGE_CURVE ( 'NONE', #6278, #12045, #11467, .T. ) ;
#1446 = VECTOR ( 'NONE', #3561, 1000.000000000000000 ) ;
#1447 = CARTESIAN_POINT ( 'NONE',  ( 344.4848499999999376, -1.719258206887685381, -85.12291666666666856 ) ) ;
#1448 = ORIENTED_EDGE ( 'NONE', *, *, #11900, .F. ) ;
#1449 = LINE ( 'NONE', #527, #8745 ) ;
#1450 = VERTEX_POINT ( 'NONE', #6829 ) ;
#1451 = EDGE_CURVE ( 'NONE', #1438, #639, #10544, .T. ) ;
#1452 = CARTESIAN_POINT ( 'NONE',  ( 0.9843342201064364527, 2.219308366003591715, -0.01856281503796741728 ) ) ;
#1453 = CARTESIAN_POINT ( 'NONE',  ( 321.9999999999999432, -1.500000000000000000, -179.2174660514637310 ) ) ;
#1454 = DIRECTION ( 'NONE',  ( -0.000000000000000000, 1.000000000000000000, -0.000000000000000000 ) ) ;
#1455 = ORIENTED_EDGE ( 'NONE', *, *, #10302, .T. ) ;
#1456 = VECTOR ( 'NONE', #5184, 1000.000000000000000 ) ;
#1457 = DIRECTION ( 'NONE',  ( 0.000000000000000000, 0.000000000000000000, -1.000000000000000000 ) ) ;
#1458 = DIRECTION ( 'NONE',  ( 0.7071067812608412551, 6.205533535216594616E-16, 0.7071067811122536684 ) ) ;
#1459 = EDGE_CURVE ( 'NONE', #8317, #4535, #7905, .T. ) ;
#1460 = DIRECTION ( 'NONE',  ( -0.000000000000000000, -1.000000000000000000, -0.000000000000000000 ) ) ;
#1461 = EDGE_CURVE ( 'NONE', #4229, #11451, #10664, .T. ) ;
#1462 = DIRECTION ( 'NONE',  ( 1.000000000000000000, 0.000000000000000000, -0.000000000000000000 ) ) ;
#1463 = ORIENTED_EDGE ( 'NONE', *, *, #7885, .F. ) ;
#1464 = DIRECTION ( 'NONE',  ( -1.000000000000000000, 0.000000000000000000, 0.000000000000000000 ) ) ;
#1465 = MECHANICAL_DESIGN_GEOMETRIC_PRESENTATION_REPRESENTATION (  '', ( #6722 ), #9241 ) ;
#1466 = CARTESIAN_POINT ( 'NONE',  ( 189.4999999999999716, -1.500000000000000000, -194.2174660514637310 ) ) ;
#1467 = ORIENTED_EDGE ( 'NONE', *, *, #1299, .T. ) ;
#1468 = ADVANCED_FACE ( 'NONE', ( #5912 ), #5002, .F. ) ;
#1469 = LINE ( 'NONE', #422, #7530 ) ;
#1470 = LINE ( 'NONE', #10913, #7335 ) ;
#1471 = CARTESIAN_POINT ( 'NONE',  ( 0.9699999999999986411, 2.475529918803315077, -0.4526374039800218352 ) ) ;
#1472 = EDGE_LOOP ( 'NONE', ( #7477, #9155, #8546, #4592 ) ) ;
#1473 = COLOUR_RGB ( '',1.000000000000000000, 0.5019607843137254832, 0.2509803921568627416 ) ;
#1474 = FACE_OUTER_BOUND ( 'NONE', #706, .T. ) ;
#1475 = ADVANCED_FACE ( 'NONE', ( #4093 ), #11525, .F. ) ;
#1476 = DIRECTION ( 'NONE',  ( -0.000000000000000000, -1.000000000000000000, -0.000000000000000000 ) ) ;
#1477 = CARTESIAN_POINT ( 'NONE',  ( 2.470000000000027729, 2.290456010312191815, -1.068415287893975663 ) ) ;
#1478 = ORIENTED_EDGE ( 'NONE', *, *, #1598, .F. ) ;
#1479 = DIRECTION ( 'NONE',  ( 0.000000000000000000, -0.000000000000000000, 1.000000000000000000 ) ) ;
#1480 = DIRECTION ( 'NONE',  ( 1.387778780781445429E-16, 0.000000000000000000, 1.000000000000000000 ) ) ;
#1481 = FACE_BOUND ( 'NONE', #1539, .T. ) ;
#1482 = LINE ( 'NONE', #561, #3797 ) ;
#1483 = EDGE_LOOP ( 'NONE', ( #7846, #580, #5511, #10710 ) ) ;
#1484 = PLANE ( 'NONE',  #3318 ) ;
#1485 = DIRECTION ( 'NONE',  ( 0.000000000000000000, 0.000000000000000000, 1.000000000000000000 ) ) ;
#1486 = VECTOR ( 'NONE', #7233, 1000.000000000000000 ) ;
#1487 = FACE_OUTER_BOUND ( 'NONE', #7017, .T. ) ;
#1488 = VERTEX_POINT ( 'NONE', #5972 ) ;
#1489 = FACE_OUTER_BOUND ( 'NONE', #9707, .T. ) ;
#1490 = EDGE_CURVE ( 'NONE', #3227, #4542, #5066, .T. ) ;
#1491 = VERTEX_POINT ( 'NONE', #540 ) ;
#1492 = AXIS2_PLACEMENT_3D ( 'NONE', #8383, #4005, #9351 ) ;
#1493 = DIRECTION ( 'NONE',  ( 0.000000000000000000, 0.000000000000000000, 1.000000000000000000 ) ) ;
#1494 = DIRECTION ( 'NONE',  ( -0.000000000000000000, 1.000000000000000000, -0.000000000000000000 ) ) ;
#1495 = CARTESIAN_POINT ( 'NONE',  ( 173.0000000000000000, 0.000000000000000000, -179.2174660514637310 ) ) ;
#1496 = AXIS2_PLACEMENT_3D ( 'NONE', #9194, #7610, #927 ) ;
#1497 = DIRECTION ( 'NONE',  ( 0.000000000000000000, 0.000000000000000000, 1.000000000000000000 ) ) ;
#1498 = EDGE_LOOP ( 'NONE', ( #194, #11195, #9744, #11714 ) ) ;
#1499 = ORIENTED_EDGE ( 'NONE', *, *, #1827, .F. ) ;
#1500 = CARTESIAN_POINT ( 'NONE',  ( 6.499999999999286793, -1.500000000000001332, -80.66964398456984497 ) ) ;
#1501 = PRODUCT ( 'CLS-M3-1', 'CLS-M3-1', '', ( #5006 ) ) ;
#1502 = EDGE_CURVE ( 'NONE', #6761, #10269, #5127, .T. ) ;
#1503 = VERTEX_POINT ( 'NONE', #6093 ) ;
#1504 = ADVANCED_FACE ( 'NONE', ( #9797 ), #7672, .F. ) ;
#1505 = CYLINDRICAL_SURFACE ( 'NONE', #10139, 2.110000000000000764 ) ;
#1506 = ORIENTED_EDGE ( 'NONE', *, *, #12058, .F. ) ;
#1507 = VECTOR ( 'NONE', #11630, 1000.000000000000000 ) ;
#1508 = VECTOR ( 'NONE', #6202, 1000.000000000000000 ) ;
#1509 = PLANE ( 'NONE',  #4590 ) ;
#1510 = CARTESIAN_POINT ( 'NONE',  ( 8.499999999999285905, 0.000000000000000000, -78.66964398456984497 ) ) ;
#1511 = EDGE_LOOP ( 'NONE', ( #12001, #587, #968, #6211 ) ) ;
#1512 = FACE_OUTER_BOUND ( 'NONE', #4256, .T. ) ;
#1513 = VERTEX_POINT ( 'NONE', #11706 ) ;
#1514 = CARTESIAN_POINT ( 'NONE',  ( 0.9700000000000541522, 2.395313954424410419, 0.1425796205553053753 ) ) ;
#1515 = FACE_OUTER_BOUND ( 'NONE', #3332, .T. ) ;
#1516 = CARTESIAN_POINT ( 'NONE',  ( 20.00000000000001421, 0.000000000000000000, -85.00000000000002842 ) ) ;
#1517 = VECTOR ( 'NONE', #610, 999.9999999999998863 ) ;
#1518 = VECTOR ( 'NONE', #6771, 1000.000000000000000 ) ;
#1519 =( NAMED_UNIT ( * ) PLANE_ANGLE_UNIT ( ) SI_UNIT ( $, .RADIAN. ) );
#1520 = EDGE_CURVE ( 'NONE', #1684, #8068, #8090, .T. ) ;
#1521 = CARTESIAN_POINT ( 'NONE',  ( 344.2500000000000000, -2.000000000000000000, -172.2087330257318740 ) ) ;
#1522 = LINE ( 'NONE', #11703, #1385 ) ;
#1523 = FACE_OUTER_BOUND ( 'NONE', #1020, .T. ) ;
#1524 = EDGE_LOOP ( 'NONE', ( #11258, #7278, #791, #2179 ) ) ;
#1525 = VECTOR ( 'NONE', #11575, 1000.000000000000000 ) ;
#1526 = VECTOR ( 'NONE', #10482, 1000.000000000000000 ) ;
#1527 = CARTESIAN_POINT ( 'NONE',  ( 338.4999999999999432, -1.224646799147346644E-18, -252.5728208825323691 ) ) ;
#1528 = DIRECTION ( 'NONE',  ( 1.000000000000000000, 1.722632009336712421E-16, -4.625323219374409242E-16 ) ) ;
#1529 = LINE ( 'NONE', #5251, #8890 ) ;
#1530 = DIRECTION ( 'NONE',  ( -0.000000000000000000, -1.000000000000000000, -0.000000000000000000 ) ) ;
#1531 = EDGE_CURVE ( 'NONE', #7951, #2873, #10907, .T. ) ;
#1532 = EDGE_CURVE ( 'NONE', #6081, #639, #10207, .T. ) ;
#1533 = VECTOR ( 'NONE', #2678, 1000.000000000000114 ) ;
#1534 = ORIENTED_EDGE ( 'NONE', *, *, #3264, .T. ) ;
#1535 = ORIENTED_CLOSED_SHELL ( 'NONE', *, #5104, .F. );
#1536 = DIRECTION ( 'NONE',  ( 1.000000000000000000, 2.000187765493021278E-16, -7.400880780937300593E-16 ) ) ;
#1537 = CARTESIAN_POINT ( 'NONE',  ( 210.8265096880607814, 0.000000000000000000, -208.4456223450676475 ) ) ;
#1538 = DIRECTION ( 'NONE',  ( 1.000000000000000000, 0.000000000000000000, 0.000000000000000000 ) ) ;
#1539 = EDGE_LOOP ( 'NONE', ( #1089, #4831, #2563, #4639, #6982 ) ) ;
#1540 = CARTESIAN_POINT ( 'NONE',  ( 344.5000000000000000, -1.684550153050213606, -259.2382993847970738 ) ) ;
#1541 = DIRECTION ( 'NONE',  ( -1.000000000000000000, 0.000000000000000000, 1.387778780781445429E-16 ) ) ;
#1542 = CARTESIAN_POINT ( 'NONE',  ( 198.6688394328960499, 0.000000000000000000, -228.4456223450676191 ) ) ;
#1543 = CARTESIAN_POINT ( 'NONE',  ( 189.4999999999999716, 0.000000000000000000, -194.2174660514637310 ) ) ;
#1544 = ORIENTED_EDGE ( 'NONE', *, *, #8993, .F. ) ;
#1545 = AXIS2_PLACEMENT_3D ( 'NONE', #6106, #4289, #8844 ) ;
#1546 = CARTESIAN_POINT ( 'NONE',  ( 2.469999999999861195, -0.1043506507306668496, 2.273457506810690365 ) ) ;
#1547 = CARTESIAN_POINT ( 'NONE',  ( 233.4999999999999716, 0.000000000000000000, -179.2174660514637310 ) ) ;
#1548 = EDGE_CURVE ( 'NONE', #6431, #7892, #10030, .T. ) ;
#1549 = FACE_OUTER_BOUND ( 'NONE', #334, .T. ) ;
#1550 = ORIENTED_EDGE ( 'NONE', *, *, #7552, .F. ) ;
#1551 = CARTESIAN_POINT ( 'NONE',  ( 160.9850000000000421, -1.518962040267251012, -85.12291666666666856 ) ) ;
#1552 = VECTOR ( 'NONE', #10098, 1000.000000000000000 ) ;
#1553 = ORIENTED_EDGE ( 'NONE', *, *, #5370, .T. ) ;
#1554 = LINE ( 'NONE', #3325, #661 ) ;
#1555 = LINE ( 'NONE', #9214, #11149 ) ;
#1556 = DIRECTION ( 'NONE',  ( -1.172565486536605458E-16, 0.9628491381317997311, 0.2700398807562517378 ) ) ;
#1557 = CYLINDRICAL_SURFACE ( 'NONE', #11707, 2.110000000000000764 ) ;
#1558 = DIRECTION ( 'NONE',  ( 1.000000000000000000, 0.000000000000000000, 0.000000000000000000 ) ) ;
#1559 = CIRCLE ( 'NONE', #11681, 3.175000000055671734 ) ;
#1560 = ADVANCED_FACE ( 'NONE', ( #1523 ), #10847, .F. ) ;
#1561 = ORIENTED_EDGE ( 'NONE', *, *, #731, .T. ) ;
#1562 = ORIENTED_EDGE ( 'NONE', *, *, #8881, .F. ) ;
#1563 = PLANE ( 'NONE',  #7121 ) ;
#1564 = ORIENTED_EDGE ( 'NONE', *, *, #2207, .F. ) ;
#1565 = ORIENTED_EDGE ( 'NONE', *, *, #10245, .T. ) ;
#1566 = CARTESIAN_POINT ( 'NONE',  ( 270.0000000000000000, -1.500000000000000000, -174.2174660514637310 ) ) ;
#1568 = VERTEX_POINT ( 'NONE', #4514 ) ;
#1567 = VECTOR ( 'NONE', #5248, 1000.000000000000000 ) ;
#1569 = FACE_OUTER_BOUND ( 'NONE', #2130, .T. ) ;
#1570 = CARTESIAN_POINT ( 'NONE',  ( 0.9700000000000541522, 2.416638973676554780, 0.2657177383791342606 ) ) ;
#1571 = EDGE_LOOP ( 'NONE', ( #9967, #4557, #4023, #9783 ) ) ;
#1572 = CARTESIAN_POINT ( 'NONE',  ( 163.5000000000000284, -1.500000000000000000, -259.9674660514636457 ) ) ;
#1573 = EDGE_LOOP ( 'NONE', ( #9219, #3361, #9912, #3349 ) ) ;
#1574 = CARTESIAN_POINT ( 'NONE',  ( 500.4999999999998295, -1.500000000000001332, -58.27983018403566717 ) ) ;
#1575 = ADVANCED_FACE ( 'NONE', ( #9006 ), #4328, .F. ) ;
#1576 = DIRECTION ( 'NONE',  ( -1.000000000000000000, -2.000187765493021278E-16, 7.400880780937300593E-16 ) ) ;
#1577 = EDGE_CURVE ( 'NONE', #11261, #6253, #2451, .T. ) ;
#1578 = DIRECTION ( 'NONE',  ( -0.000000000000000000, -1.000000000000000000, -0.000000000000000000 ) ) ;
#1579 = VECTOR ( 'NONE', #3851, 1000.000000000000000 ) ;
#1580 = ORIENTED_EDGE ( 'NONE', *, *, #4407, .T. ) ;
#1581 = DIRECTION ( 'NONE',  ( 0.000000000000000000, 0.000000000000000000, 1.000000000000000000 ) ) ;
#1582 = DIRECTION ( 'NONE',  ( -0.000000000000000000, 1.000000000000000000, -0.000000000000000000 ) ) ;
#1583 = PRESENTATION_STYLE_ASSIGNMENT (( #2509 ) ) ;
#1584 = DIRECTION ( 'NONE',  ( 4.494908391621278370E-16, -0.7152859658357462180, -0.6988318732559524182 ) ) ;
#1585 = ORIENTED_EDGE ( 'NONE', *, *, #11760, .T. ) ;
#1586 = CIRCLE ( 'NONE', #8186, 2.110000000000000764 ) ;
#1587 = DIRECTION ( 'NONE',  ( -0.000000000000000000, -0.000000000000000000, -1.000000000000000000 ) ) ;
#1588 = FILL_AREA_STYLE_COLOUR ( '', #9337 ) ;
#1589 = DIRECTION ( 'NONE',  ( 1.000000000000000000, -0.000000000000000000, -0.000000000000000000 ) ) ;
#1590 = EDGE_CURVE ( 'NONE', #9003, #2306, #5246, .T. ) ;
#1591 = LINE ( 'NONE', #6100, #4441 ) ;
#1592 = VECTOR ( 'NONE', #2311, 1000.000000000000000 ) ;
#1593 = ORIENTED_EDGE ( 'NONE', *, *, #9449, .F. ) ;
#1594 = FACE_OUTER_BOUND ( 'NONE', #8356, .T. ) ;
#1595 = CARTESIAN_POINT ( 'NONE',  ( 338.9999999999999432, 0.000000000000000000, -179.2174660514637310 ) ) ;
#1596 = CARTESIAN_POINT ( 'NONE',  ( 10.49999999999928413, -1.500000000000001332, -80.66964398456984497 ) ) ;
#1597 = LINE ( 'NONE', #9872, #11532 ) ;
#1598 = EDGE_CURVE ( 'NONE', #9958, #5832, #8948, .T. ) ;
#1599 = ORIENTED_EDGE ( 'NONE', *, *, #11578, .T. ) ;
#1600 = EDGE_CURVE ( 'NONE', #1809, #4981, #601, .T. ) ;
#1601 = DIRECTION ( 'NONE',  ( 0.000000000000000000, 0.000000000000000000, -1.000000000000000000 ) ) ;
#1602 = FACE_BOUND ( 'NONE', #10948, .T. ) ;
#1603 = DIRECTION ( 'NONE',  ( -0.000000000000000000, 1.000000000000000000, -0.000000000000000000 ) ) ;
#1604 = VECTOR ( 'NONE', #8189, 1000.000000000000000 ) ;
#1605 = AXIS2_PLACEMENT_3D ( 'NONE', #1720, #5437, #9133 ) ;
#1606 = DIRECTION ( 'NONE',  ( 1.000000000000000000, 0.000000000000000000, 0.000000000000000000 ) ) ;
#1607 = CARTESIAN_POINT ( 'NONE',  ( 243.4999999999999716, -1.500000000000000000, -174.2174660514637310 ) ) ;
#1608 = CARTESIAN_POINT ( 'NONE',  ( 207.5000000000000000, -1.500000000000000000, -194.2174660514637310 ) ) ;
#1609 = VERTEX_POINT ( 'NONE', #9918 ) ;
#1610 = LINE ( 'NONE', #4543, #8502 ) ;
#1611 = ORIENTED_EDGE ( 'NONE', *, *, #75, .F. ) ;
#1612 = CARTESIAN_POINT ( 'NONE',  ( 338.5000000000000568, -1.224646799147346644E-18, -141.8128208825323497 ) ) ;
#1613 = FACE_BOUND ( 'NONE', #4551, .T. ) ;
#1614 = ADVANCED_FACE ( 'NONE', ( #2564 ), #7297, .F. ) ;
#1615 = CARTESIAN_POINT ( 'NONE',  ( 342.6250000000000000, -3.500000000000000000, -85.15000000000000568 ) ) ;
#1616 = VECTOR ( 'NONE', #6732, 999.9999999999998863 ) ;
#1617 = LINE ( 'NONE', #4416, #10187 ) ;
#1618 = PLANE ( 'NONE',  #3137 ) ;
#1619 = EDGE_CURVE ( 'NONE', #4744, #8376, #8033, .T. ) ;
#1620 = CARTESIAN_POINT ( 'NONE',  ( 2.469999999999972218, -0.02037416159328397924, 2.173161927247514669 ) ) ;
#1621 = UNCERTAINTY_MEASURE_WITH_UNIT (LENGTH_MEASURE( 1.000000000000000082E-05 ), #472, 'distance_accuracy_value', 'NONE');
#1622 = ORIENTED_EDGE ( 'NONE', *, *, #4116, .T. ) ;
#1623 = CARTESIAN_POINT ( 'NONE',  ( 296.0000000000000568, 0.000000000000000000, -179.2174660514637310 ) ) ;
#1624 = CARTESIAN_POINT ( 'NONE',  ( 2.020478634339414875E-15, 4.662936703425657667E-16, -2.100000000000019629 ) ) ;
#1625 = VERTEX_POINT ( 'NONE', #4386 ) ;
#1626 = ORIENTED_EDGE ( 'NONE', *, *, #10734, .F. ) ;
#1627 = CARTESIAN_POINT ( 'NONE',  ( 0.9699999999999986411, 2.374112209465178758, -0.05286747059585206188 ) ) ;
#1628 = ADVANCED_FACE ( 'NONE', ( #3474 ), #9972, .F. ) ;
#1629 = CARTESIAN_POINT ( 'NONE',  ( 344.4552087333050281, -1.631725082459895004, -85.11666666666667425 ) ) ;
#1630 = CARTESIAN_POINT ( 'NONE',  ( 6.499999999999285905, -2.449293598294707770E-17, -80.66964398456984497 ) ) ;
#1631 = ORIENTED_EDGE ( 'NONE', *, *, #4004, .T. ) ;
#1632 = DIRECTION ( 'NONE',  ( -1.445076253180192051E-16, -1.000000000000000000, 2.553512956637819811E-15 ) ) ;
#1633 = EDGE_LOOP ( 'NONE', ( #2074, #11774, #2296, #2239 ) ) ;
#1634 = CARTESIAN_POINT ( 'NONE',  ( 162.5315534029114701, -1.624095254907275132, -259.2341327181303541 ) ) ;
#1635 = DIRECTION ( 'NONE',  ( 0.000000000000000000, 0.000000000000000000, -1.000000000000000000 ) ) ;
#1636 = CARTESIAN_POINT ( 'NONE',  ( 0.000000000000000000, 0.000000000000000000, -40.00000000000000000 ) ) ;
#1637 = ORIENTED_EDGE ( 'NONE', *, *, #3489, .F. ) ;
#1638 = DIRECTION ( 'NONE',  ( 0.000000000000000000, 1.000000000000000000, 0.000000000000000000 ) ) ;
#1639 = VECTOR ( 'NONE', #10322, 1000.000000000000000 ) ;
#1640 = CARTESIAN_POINT ( 'NONE',  ( 0.9843342201064364527, 2.125066602492426071, -0.1854790744887646614 ) ) ;
#1641 = AXIS2_PLACEMENT_3D ( 'NONE', #1543, #10048, #11841 ) ;
#1642 = CARTESIAN_POINT ( 'NONE',  ( 299.4999999999999432, -1.500000000000000000, -245.7174660514637310 ) ) ;
#1643 = ORIENTED_EDGE ( 'NONE', *, *, #8149, .F. ) ;
#1644 = EDGE_CURVE ( 'NONE', #11116, #2292, #3532, .T. ) ;
#1645 = DIRECTION ( 'NONE',  ( -1.445076253180192051E-16, -1.000000000000000000, 2.553512956637819811E-15 ) ) ;
#1646 = VERTEX_POINT ( 'NONE', #9122 ) ;
#1647 = CARTESIAN_POINT ( 'NONE',  ( 0.9699999999999986411, 2.521531062727372152, -0.1842807336882024138 ) ) ;
#1648 = VECTOR ( 'NONE', #8550, 1000.000000000000000 ) ;
#1649 = FACE_OUTER_BOUND ( 'NONE', #617, .T. ) ;
#1650 = CARTESIAN_POINT ( 'NONE',  ( 0.9843342201063809416, 2.472047021958523327, -0.4541015381633595194 ) ) ;
#1651 = ORIENTED_EDGE ( 'NONE', *, *, #1433, .T. ) ;
#1652 = ORIENTED_EDGE ( 'NONE', *, *, #1432, .F. ) ;
#1653 = CARTESIAN_POINT ( 'NONE',  ( 173.0000000000000000, 0.000000000000000000, -194.2174660514637310 ) ) ;
#1654 = CARTESIAN_POINT ( 'NONE',  ( 200.5000000000000000, 0.000000000000000000, -243.2174660514637310 ) ) ;
#1655 = EDGE_CURVE ( 'NONE', #5550, #931, #3595, .T. ) ;
#1656 = VECTOR ( 'NONE', #7193, 1000.000000000000000 ) ;
#1657 = ADVANCED_FACE ( 'NONE', ( #5484 ), #9183, .F. ) ;
#1658 = LINE ( 'NONE', #1537, #877 ) ;
#1659 = CARTESIAN_POINT ( 'NONE',  ( 272.0000000000000000, -1.500000000000000000, -236.2174660514637310 ) ) ;
#1660 = ORIENTED_EDGE ( 'NONE', *, *, #7715, .T. ) ;
#1661 = DIRECTION ( 'NONE',  ( 0.000000000000000000, 0.000000000000000000, 1.000000000000000000 ) ) ;
#1662 = DIRECTION ( 'NONE',  ( -0.000000000000000000, 1.000000000000000000, -0.000000000000000000 ) ) ;
#1663 = CARTESIAN_POINT ( 'NONE',  ( 272.0000000000000000, 0.000000000000000000, -236.2174660514637310 ) ) ;
#1664 = ORIENTED_EDGE ( 'NONE', *, *, #7619, .F. ) ;
#1665 = PLANE ( 'NONE',  #11880 ) ;
#1666 = CARTESIAN_POINT ( 'NONE',  ( 2.470000000000055707, 1.590464268307195672, -1.172235079669542435 ) ) ;
#1667 = AXIS2_PLACEMENT_3D ( 'NONE', #7106, #1023, #7751 ) ;
#1668 = DIRECTION ( 'NONE',  ( 0.000000000000000000, 0.000000000000000000, 1.000000000000000000 ) ) ;
#1669 = EDGE_CURVE ( 'NONE', #5271, #652, #4638, .T. ) ;
#1670 = VERTEX_POINT ( 'NONE', #8463 ) ;
#1671 = CARTESIAN_POINT ( 'NONE',  ( 161.6653250392442658, -0.3385880231672309670, -85.11041666666670835 ) ) ;
#1672 = ORIENTED_EDGE ( 'NONE', *, *, #257, .F. ) ;
#1673 = ADVANCED_FACE ( 'NONE', ( #3662 ), #11097, .F. ) ;
#1674 = LINE ( 'NONE', #4356, #77 ) ;
#1675 = CARTESIAN_POINT ( 'NONE',  ( 6.499999999999286793, 0.000000000000000000, -80.66964398456984497 ) ) ;
#1676 = DIRECTION ( 'NONE',  ( 6.845769268624693726E-16, -5.551115123125739315E-16, -1.000000000000000000 ) ) ;
#1677 = VECTOR ( 'NONE', #7828, 1000.000000000000114 ) ;
#1678 = LINE ( 'NONE', #1006, #1158 ) ;
#1679 = LINE ( 'NONE', #11921, #67 ) ;
#1680 = CARTESIAN_POINT ( 'NONE',  ( 0.9699999999999986411, 2.485296480058268642, -0.4439227243228788256 ) ) ;
#1681 = DIRECTION ( 'NONE',  ( -0.000000000000000000, -1.000000000000000000, -0.000000000000000000 ) ) ;
#1682 = ADVANCED_FACE ( 'NONE', ( #1828 ), #10287, .F. ) ;
#1683 = ADVANCED_FACE ( 'NONE', ( #9429 ), #10160, .F. ) ;
#1684 = VERTEX_POINT ( 'NONE', #3910 ) ;
#1685 = AXIS2_PLACEMENT_3D ( 'NONE', #11671, #10629, #3381 ) ;
#1686 = ORIENTED_EDGE ( 'NONE', *, *, #5001, .F. ) ;
#1687 = CYLINDRICAL_SURFACE ( 'NONE', #3435, 1.750000000000000000 ) ;
#1688 = VERTEX_POINT ( 'NONE', #11158 ) ;
#1689 = ORIENTED_EDGE ( 'NONE', *, *, #7367, .T. ) ;
#1690 = EDGE_CURVE ( 'NONE', #3638, #2432, #4577, .T. ) ;
#1691 = CARTESIAN_POINT ( 'NONE',  ( 496.4999999999998295, -2.449293598294707770E-17, -62.27983018403563875 ) ) ;
#1692 = LINE ( 'NONE', #2550, #11012 ) ;
#1693 = ORIENTED_EDGE ( 'NONE', *, *, #11808, .F. ) ;
#1694 = VECTOR ( 'NONE', #4411, 1000.000000000000000 ) ;
#1695 = ORIENTED_EDGE ( 'NONE', *, *, #5089, .T. ) ;
#1696 = CARTESIAN_POINT ( 'NONE',  ( 162.5500832894004759, -1.903636679993728764, -259.2528827181303654 ) ) ;
#1697 = PLANE ( 'NONE',  #3290 ) ;
#1698 = EDGE_CURVE ( 'NONE', #7587, #1368, #11990, .T. ) ;
#1699 = ORIENTED_EDGE ( 'NONE', *, *, #3795, .F. ) ;
#1700 = LINE ( 'NONE', #4699, #1486 ) ;
#1702 = ORIENTED_EDGE ( 'NONE', *, *, #5308, .F. ) ;
#1701 = VECTOR ( 'NONE', #4120, 1000.000000000000000 ) ;
#1703 = CARTESIAN_POINT ( 'NONE',  ( 0.9843342201064364527, 2.385763063567691855, 0.2488730229634472657 ) ) ;
#1704 = CARTESIAN_POINT ( 'NONE',  ( 0.9699999999999986411, 2.280059657658956240, 0.01740461005313165277 ) ) ;
#1705 = DIRECTION ( 'NONE',  ( -1.000000000000000000, -2.000187765493021278E-16, 7.400880780937300593E-16 ) ) ;
#1706 = ORIENTED_EDGE ( 'NONE', *, *, #7671, .F. ) ;
#1707 = CARTESIAN_POINT ( 'NONE',  ( 0.9699999999999986411, 2.473698157314324853, -0.4537679110707681929 ) ) ;
#1708 = DIRECTION ( 'NONE',  ( 0.000000000000000000, 0.000000000000000000, -1.000000000000000000 ) ) ;
#1709 = LINE ( 'NONE', #5607, #1336 ) ;
#1710 = VECTOR ( 'NONE', #9495, 1000.000000000000000 ) ;
#1711 = AXIS2_PLACEMENT_3D ( 'NONE', #5300, #11763, #5181 ) ;
#1712 = CARTESIAN_POINT ( 'NONE',  ( 161.3505830258032177, -0.6745432400438989839, -85.11458333333337123 ) ) ;
#1713 = LINE ( 'NONE', #4456, #2129 ) ;
#1714 = EDGE_CURVE ( 'NONE', #1885, #8572, #41, .T. ) ;
#1715 = ORIENTED_EDGE ( 'NONE', *, *, #10734, .T. ) ;
#1716 = DIRECTION ( 'NONE',  ( 4.619824724853956341E-16, 0.8660254037844391517, -0.4999999999999992228 ) ) ;
#1717 = LINE ( 'NONE', #6161, #9651 ) ;
#1718 = VECTOR ( 'NONE', #2095, 1000.000000000000000 ) ;
#1719 = DIRECTION ( 'NONE',  ( 0.7071067811865475727, 0.000000000000000000, -0.7071067811865475727 ) ) ;
#1720 = CARTESIAN_POINT ( 'NONE',  ( 206.0000000000000284, -84.71658488546623289, -259.2174660514637026 ) ) ;
#1721 = ORIENTED_EDGE ( 'NONE', *, *, #7715, .F. ) ;
#1722 = CARTESIAN_POINT ( 'NONE',  ( 2.469999999999972218, -1.792384863908286219, -0.8224983489919512891 ) ) ;
#1723 = CARTESIAN_POINT ( 'NONE',  ( 301.6665948878440986, 0.000000000000000000, -208.4456223450676475 ) ) ;
#1724 = DIRECTION ( 'NONE',  ( -1.270603127286871336E-16, 0.9223447048632922307, 0.3863680181001609149 ) ) ;
#1725 = DIRECTION ( 'NONE',  ( -1.000000000000000000, -0.000000000000000000, -0.000000000000000000 ) ) ;
#1726 = LINE ( 'NONE', #873, #3740 ) ;
#1727 = AXIS2_PLACEMENT_3D ( 'NONE', #1820, #6441, #971 ) ;
#1728 = EDGE_CURVE ( 'NONE', #10576, #10382, #7543, .T. ) ;
#1729 = PLANE ( 'NONE',  #9096 ) ;
#1730 = EDGE_LOOP ( 'NONE', ( #43, #7056, #11780, #4430 ) ) ;
#1731 = CARTESIAN_POINT ( 'NONE',  ( 162.7500000000000284, 0.01500000000000000118, -85.10000000000003695 ) ) ;
#1732 = EDGE_LOOP ( 'NONE', ( #4820, #1021, #2104, #11679 ) ) ;
#1733 = CARTESIAN_POINT ( 'NONE',  ( 0.9700000000000541522, 2.033886628395681129, -0.3948934297112322023 ) ) ;
#1734 = AXIS2_PLACEMENT_3D ( 'NONE', #11088, #5414, #780 ) ;
#1735 = FACE_BOUND ( 'NONE', #8056, .T. ) ;
#1736 = CARTESIAN_POINT ( 'NONE',  ( 402.9755125916354359, -1.224646799147346644E-18, -52.24518781845740989 ) ) ;
#1737 = CARTESIAN_POINT ( 'NONE',  ( 0.9699999999999986411, 2.374112209465178758, -0.05286747059585206188 ) ) ;
#1738 = ORIENTED_EDGE ( 'NONE', *, *, #10134, .F. ) ;
#1739 = CARTESIAN_POINT ( 'NONE',  ( 2.450950000000007289, -0.1043506507305280717, 1.963500000000506507 ) ) ;
#1740 = EDGE_CURVE ( 'NONE', #10382, #8926, #11337, .T. ) ;
#1741 = AXIS2_PLACEMENT_3D ( 'NONE', #4594, #8290, #5379 ) ;
#1742 = ORIENTED_EDGE ( 'NONE', *, *, #9933, .F. ) ;
#1743 = PLANE ( 'NONE',  #11915 ) ;
#1744 = CARTESIAN_POINT ( 'NONE',  ( 300.9999999999999432, 0.000000000000000000, -259.2174660514637026 ) ) ;
#1745 = EDGE_LOOP ( 'NONE', ( #8353, #6682, #7195, #4635 ) ) ;
#1746 = ORIENTED_EDGE ( 'NONE', *, *, #10084, .T. ) ;
#1747 = CARTESIAN_POINT ( 'NONE',  ( 164.3750000000000284, -2.000000000000000000, -85.15000000000000568 ) ) ;
#1748 = ORIENTED_EDGE ( 'NONE', *, *, #2745, .T. ) ;
#1749 = DIRECTION ( 'NONE',  ( -0.000000000000000000, -0.000000000000000000, 1.000000000000000000 ) ) ;
#1750 = DIRECTION ( 'NONE',  ( 5.320708281056154538E-16, -0.3269487519478700421, -0.9450420697512519341 ) ) ;
#1751 = VERTEX_POINT ( 'NONE', #4704 ) ;
#1752 = EDGE_CURVE ( 'NONE', #9891, #1108, #12005, .T. ) ;
#1753 = AXIS2_PLACEMENT_3D ( 'NONE', #6198, #10325, #3698 ) ;
#1754 = ADVANCED_FACE ( 'NONE', ( #7485 ), #7359, .F. ) ;
#1755 = VERTEX_POINT ( 'NONE', #6703 ) ;
#1756 = CARTESIAN_POINT ( 'NONE',  ( 161.0309382256804440, -2.211985015894135209, -259.2466327181302859 ) ) ;
#1757 = CARTESIAN_POINT ( 'NONE',  ( 20.00000000000000711, -1.500000000000000000, -85.00000000000004263 ) ) ;
#1758 = ORIENTED_EDGE ( 'NONE', *, *, #5627, .F. ) ;
#1759 = CARTESIAN_POINT ( 'NONE',  ( 243.4999999999999716, 0.000000000000000000, -174.2174660514637310 ) ) ;
#1760 = CIRCLE ( 'NONE', #586, 2.100000000000019629 ) ;
#1761 = FACE_OUTER_BOUND ( 'NONE', #2554, .T. ) ;
#1762 = ORIENTED_EDGE ( 'NONE', *, *, #10366, .T. ) ;
#1763 = DIRECTION ( 'NONE',  ( -0.000000000000000000, -1.000000000000000000, -0.000000000000000000 ) ) ;
#1764 = VERTEX_POINT ( 'NONE', #851 ) ;
#1765 = ADVANCED_FACE ( 'NONE', ( #1092 ), #7907, .F. ) ;
#1766 = LINE ( 'NONE', #10909, #5834 ) ;
#1767 = CARTESIAN_POINT ( 'NONE',  ( 200.5000000000000000, 0.000000000000000000, -234.2174660514637310 ) ) ;
#1768 = CIRCLE ( 'NONE', #5663, 0.1723194039403193323 ) ;
#1769 = LINE ( 'NONE', #5490, #11624 ) ;
#1770 = CARTESIAN_POINT ( 'NONE',  ( 161.6745432400439597, -3.149416974196815655, -85.13958333333337691 ) ) ;
#1771 = CARTESIAN_POINT ( 'NONE',  ( 300.9999999999999432, 0.000000000000000000, -324.2174660514637594 ) ) ;
#1772 = ORIENTED_EDGE ( 'NONE', *, *, #502, .F. ) ;
#1773 = DIRECTION ( 'NONE',  ( 9.680376540049056858E-16, 2.220446049250292373E-16, -1.000000000000000000 ) ) ;
#1774 = CIRCLE ( 'NONE', #1223, 2.110000000000000764 ) ;
#1775 = CARTESIAN_POINT ( 'NONE',  ( 162.6845501530502531, -1.500000000000000222, -85.10416666666671404 ) ) ;
#1776 = VECTOR ( 'NONE', #6386, 1000.000000000000000 ) ;
#1777 = EDGE_LOOP ( 'NONE', ( #4905, #10673, #781, #7342 ) ) ;
#1778 = DIRECTION ( 'NONE',  ( 1.000000000000000000, -8.673617379884026597E-16, 0.000000000000000000 ) ) ;
#1779 = VERTEX_POINT ( 'NONE', #10014 ) ;
#1780 = ADVANCED_FACE ( 'NONE', ( #5407, #10830 ), #4314, .T. ) ;
#1781 = DIRECTION ( 'NONE',  ( 7.400880780937299607E-16, 5.551115123125742273E-16, 1.000000000000000000 ) ) ;
#1782 = PLANE ( 'NONE',  #766 ) ;
#1783 = DIRECTION ( 'NONE',  ( -7.401486830834371151E-15, 0.000000000000000000, -1.000000000000000000 ) ) ;
#1784 = DIRECTION ( 'NONE',  ( 1.000000000000000000, 0.000000000000000000, -2.775557561562890858E-16 ) ) ;
#1785 = FACE_BOUND ( 'NONE', #6966, .T. ) ;
#1786 = CARTESIAN_POINT ( 'NONE',  ( 246.6723182195912614, -1.500000000000000000, -210.1763372145972539 ) ) ;
#1787 = VECTOR ( 'NONE', #7645, 999.9999999999998863 ) ;
#1788 = DIRECTION ( 'NONE',  ( -1.000000000000000000, -0.000000000000000000, -0.000000000000000000 ) ) ;
#1789 = ORIENTED_EDGE ( 'NONE', *, *, #3902, .F. ) ;
#1790 = CARTESIAN_POINT ( 'NONE',  ( 162.5189203879641866, -3.514999999999999680, -85.14791629106356652 ) ) ;
#1791 = ORIENTED_EDGE ( 'NONE', *, *, #11718, .F. ) ;
#1792 = VECTOR ( 'NONE', #5638, 1000.000000000000000 ) ;
#1793 = DIRECTION ( 'NONE',  ( -0.000000000000000000, 1.000000000000000000, -0.000000000000000000 ) ) ;
#1794 = CIRCLE ( 'NONE', #3760, 2.110000000000000764 ) ;
#1795 = EDGE_CURVE ( 'NONE', #6638, #3759, #10011, .T. ) ;
#1796 = CARTESIAN_POINT ( 'NONE',  ( 189.4999999999999716, -1.500000000000000000, -194.2174660514637310 ) ) ;
#1797 = EDGE_CURVE ( 'NONE', #4892, #735, #4257, .T. ) ;
#1798 = PLANE ( 'NONE',  #6015 ) ;
#1799 = CARTESIAN_POINT ( 'NONE',  ( 0.9843342201064364527, 2.523629592551174028, 0.2959619118675926863 ) ) ;
#1800 = CARTESIAN_POINT ( 'NONE',  ( -81.60873302573097021, -1.500000000000000000, -81.60873302573006072 ) ) ;
#1801 = VERTEX_POINT ( 'NONE', #9902 ) ;
#1802 = CARTESIAN_POINT ( 'NONE',  ( 185.5000000000000284, -1.500000000000000000, -319.2174660514637026 ) ) ;
#1803 = DIRECTION ( 'NONE',  ( 1.445076253180192051E-16, 1.000000000000000000, -2.553512956637819811E-15 ) ) ;
#1804 = PLANE ( 'NONE',  #740 ) ;
#1805 = VECTOR ( 'NONE', #3775, 1000.000000000000000 ) ;
#1806 = VERTEX_POINT ( 'NONE', #7051 ) ;
#1807 = ORIENTED_EDGE ( 'NONE', *, *, #272, .T. ) ;
#1808 = LINE ( 'NONE', #6490, #3639 ) ;
#1809 = VERTEX_POINT ( 'NONE', #5349 ) ;
#1810 = ORIENTED_EDGE ( 'NONE', *, *, #5801, .F. ) ;
#1811 = CARTESIAN_POINT ( 'NONE',  ( 108.0308911515353856, -1.224646799147346644E-18, -54.35518781845740932 ) ) ;
#1812 = ORIENTED_EDGE ( 'NONE', *, *, #5265, .F. ) ;
#1813 = EDGE_CURVE ( 'NONE', #11378, #3260, #1692, .T. ) ;
#1814 = EDGE_CURVE ( 'NONE', #1094, #9454, #10951, .T. ) ;
#1815 = CARTESIAN_POINT ( 'NONE',  ( 5.689893001203927270E-11, 0.000000000000000000, 0.000000000000000000 ) ) ;
#1816 = ORIENTED_EDGE ( 'NONE', *, *, #8134, .F. ) ;
#1817 = ORIENTED_EDGE ( 'NONE', *, *, #1532, .F. ) ;
#1818 = DIRECTION ( 'NONE',  ( -0.000000000000000000, 1.000000000000000000, -0.000000000000000000 ) ) ;
#1819 = CARTESIAN_POINT ( 'NONE',  ( 161.8686667843508928, -3.279126179619918702, -259.2591327181303313 ) ) ;
#1820 = CARTESIAN_POINT ( 'NONE',  ( 253.5000000000000000, -3.500000000000000000, -3.375000000000034639 ) ) ;
#1821 = ORIENTED_EDGE ( 'NONE', *, *, #4004, .F. ) ;
#1822 = EDGE_CURVE ( 'NONE', #1108, #11421, #9050, .T. ) ;
#1823 = DIRECTION ( 'NONE',  ( -2.208597309011063731E-16, 0.8660254037844428154, 0.4999999999999927280 ) ) ;
#1824 = VERTEX_POINT ( 'NONE', #773 ) ;
#1825 = DIRECTION ( 'NONE',  ( -1.000000000000000000, -2.000187765493021278E-16, 7.400880780937300593E-16 ) ) ;
#1826 = VERTEX_POINT ( 'NONE', #9839 ) ;
#1827 = EDGE_CURVE ( 'NONE', #4741, #8928, #4498, .T. ) ;
#1828 = FACE_OUTER_BOUND ( 'NONE', #5065, .T. ) ;
#1829 = ORIENTED_EDGE ( 'NONE', *, *, #1728, .T. ) ;
#1830 = DIRECTION ( 'NONE',  ( -1.000000000000000000, 0.000000000000000000, 1.257674520083184650E-16 ) ) ;
#1831 = CARTESIAN_POINT ( 'NONE',  ( 0.9843342201064919639, 2.521531062727594197, -0.07459528143333171712 ) ) ;
#1832 = LINE ( 'NONE', #1272, #6363 ) ;
#1833 = CARTESIAN_POINT ( 'NONE',  ( 162.7500000000000284, 0.000000000000000000, -85.10000000000003695 ) ) ;
#1834 = PLANE ( 'NONE',  #1335 ) ;
#1835 = CIRCLE ( 'NONE', #8636, 1.750000000000000000 ) ;
#1836 = VECTOR ( 'NONE', #7394, 1000.000000000000000 ) ;
#1837 = ADVANCED_FACE ( 'NONE', ( #8075 ), #1509, .T. ) ;
#1838 = ORIENTED_EDGE ( 'NONE', *, *, #7885, .T. ) ;
#1839 = CARTESIAN_POINT ( 'NONE',  ( 23.00000000000000000, -154.7351134694656309, -85.00000000000002842 ) ) ;
#1840 = CARTESIAN_POINT ( 'NONE',  ( 299.4999999999999432, -1.500000000000000000, -245.7174660514637310 ) ) ;
#1841 = ORIENTED_EDGE ( 'NONE', *, *, #6340, .F. ) ;
#1842 = EDGE_CURVE ( 'NONE', #4021, #8755, #10770, .T. ) ;
#1843 = DIRECTION ( 'NONE',  ( -2.208597309011063731E-16, 0.8660254037844428154, 0.4999999999999927280 ) ) ;
#1844 = ORIENTED_EDGE ( 'NONE', *, *, #47, .T. ) ;
#1845 = FACE_OUTER_BOUND ( 'NONE', #4424, .T. ) ;
#1846 = LINE ( 'NONE', #9264, #11861 ) ;
#1847 = AXIS2_PLACEMENT_3D ( 'NONE', #10186, #7264, #7209 ) ;
#1848 = LINE ( 'NONE', #1174, #9537 ) ;
#1849 = FACE_OUTER_BOUND ( 'NONE', #10886, .T. ) ;
#1850 = DIRECTION ( 'NONE',  ( -0.000000000000000000, 1.000000000000000000, -0.000000000000000000 ) ) ;
#1851 = CARTESIAN_POINT ( 'NONE',  ( 2.470000000000055707, 1.797337126538345320, -1.265437637551755756 ) ) ;
#1852 = ADVANCED_FACE ( 'NONE', ( #1569 ), #7877, .F. ) ;
#1853 = ORIENTED_EDGE ( 'NONE', *, *, #948, .T. ) ;
#1854 = VECTOR ( 'NONE', #8884, 1000.000000000000000 ) ;
#1855 = CARTESIAN_POINT ( 'NONE',  ( 162.5212625168844909, -1.811471490641776816, -85.12916666666666288 ) ) ;
#1856 = VERTEX_POINT ( 'NONE', #3647 ) ;
#1857 = CARTESIAN_POINT ( 'NONE',  ( 296.0000000000000568, 0.000000000000000000, -179.2174660514637310 ) ) ;
#1858 = CARTESIAN_POINT ( 'NONE',  ( 148.0308911515353998, -1.500000000000000000, -56.46518781845741586 ) ) ;
#1859 = ORIENTED_EDGE ( 'NONE', *, *, #1015, .F. ) ;
#1860 = DIRECTION ( 'NONE',  ( 1.000000000000000000, 2.000187765493021278E-16, -7.400880780937300593E-16 ) ) ;
#1861 = DIRECTION ( 'NONE',  ( 0.000000000000000000, -1.000000000000000000, 0.000000000000000000 ) ) ;
#1862 = LINE ( 'NONE', #2660, #11183 ) ;
#1863 = CARTESIAN_POINT ( 'NONE',  ( 5.000000000000004441, -1.500000000000001332, -111.0000000000000000 ) ) ;
#1864 = LINE ( 'NONE', #10001, #205 ) ;
#1865 = AXIS2_PLACEMENT_3D ( 'NONE', #3578, #4372, #8019 ) ;
#1866 = ORIENTED_EDGE ( 'NONE', *, *, #9407, .F. ) ;
#1867 = CYLINDRICAL_SURFACE ( 'NONE', #11263, 2.110000000000000764 ) ;
#1868 = UNCERTAINTY_MEASURE_WITH_UNIT (LENGTH_MEASURE( 1.000000000000000082E-05 ), #2213, 'distance_accuracy_value', 'NONE');
#1869 = EDGE_CURVE ( 'NONE', #10826, #9718, #5554, .T. ) ;
#1870 = ORIENTED_EDGE ( 'NONE', *, *, #1690, .T. ) ;
#1871 = DIRECTION ( 'NONE',  ( 0.000000000000000000, 0.000000000000000000, -1.000000000000000000 ) ) ;
#1872 = ORIENTED_EDGE ( 'NONE', *, *, #1714, .F. ) ;
#1873 = ORIENTED_EDGE ( 'NONE', *, *, #6327, .T. ) ;
#1874 = CARTESIAN_POINT ( 'NONE',  ( 0.9843342201064364527, 2.466294610879687710, -0.4655277348273173521 ) ) ;
#1875 = CARTESIAN_POINT ( 'NONE',  ( 1.624750000000008132, -1.387778780781445676E-13, 1.387778780781445676E-13 ) ) ;
#1876 = CARTESIAN_POINT ( 'NONE',  ( 2.469999999999805684, 0.03232682635356809442, 2.417505155565317754 ) ) ;
#1877 = ORIENTED_EDGE ( 'NONE', *, *, #764, .T. ) ;
#1878 = ORIENTED_EDGE ( 'NONE', *, *, #10101, .T. ) ;
#1879 = CARTESIAN_POINT ( 'NONE',  ( 162.6056737028139310, -1.562198242062787124, -259.2278827181302745 ) ) ;
#1880 = AXIS2_PLACEMENT_3D ( 'NONE', #11507, #6869, #9654 ) ;
#1881 = DIRECTION ( 'NONE',  ( 1.000000000000000000, 3.110410790118177818E-16, -7.400880780937398214E-16 ) ) ;
#1882 = ORIENTED_EDGE ( 'NONE', *, *, #7770, .T. ) ;
#1883 = EDGE_CURVE ( 'NONE', #5101, #5553, #10208, .T. ) ;
#1884 = PLANE ( 'NONE',  #4984 ) ;
#1885 = VERTEX_POINT ( 'NONE', #966 ) ;
#1886 = DIRECTION ( 'NONE',  ( -7.400880780937299607E-16, -5.551115123125742273E-16, -1.000000000000000000 ) ) ;
#1887 = VERTEX_POINT ( 'NONE', #26 ) ;
#1888 = VECTOR ( 'NONE', #7983, 1000.000000000000000 ) ;
#1889 = CARTESIAN_POINT ( 'NONE',  ( 344.4810796120360123, -3.514999999999999680, -85.14791629106355231 ) ) ;
#1890 = ORIENTED_EDGE ( 'NONE', *, *, #11513, .T. ) ;
#1891 = DIRECTION ( 'NONE',  ( -6.829619984040905016E-16, -3.991251773527424510E-14, 1.000000000000000000 ) ) ;
#1892 = LINE ( 'NONE', #2022, #6433 ) ;
#1893 = DIRECTION ( 'NONE',  ( -1.000000000000000000, -2.000187765493021278E-16, 7.400880780937300593E-16 ) ) ;
#1894 = DIRECTION ( 'NONE',  ( -6.845769268624692740E-16, 5.551115123125739315E-16, 1.000000000000000000 ) ) ;
#1895 = LINE ( 'NONE', #11103, #350 ) ;
#1896 = VECTOR ( 'NONE', #6155, 1000.000000000000000 ) ;
#1897 = AXIS2_PLACEMENT_3D ( 'NONE', #3794, #5611, #108 ) ;
#1898 = ADVANCED_FACE ( 'NONE', ( #11082 ), #6627, .T. ) ;
#1899 = ORIENTED_EDGE ( 'NONE', *, *, #4435, .F. ) ;
#1900 = LINE ( 'NONE', #5615, #11828 ) ;
#1901 = LINE ( 'NONE', #7372, #6558 ) ;
#1902 = ORIENTED_EDGE ( 'NONE', *, *, #1433, .F. ) ;
#1903 = CARTESIAN_POINT ( 'NONE',  ( 402.9755125916354359, 0.000000000000000000, -56.46518781845741586 ) ) ;
#1904 = ORIENTED_EDGE ( 'NONE', *, *, #4898, .F. ) ;
#1905 = CIRCLE ( 'NONE', #3655, 2.110000000000000764 ) ;
#1906 = DIRECTION ( 'NONE',  ( 1.000000000000000000, 2.000187765493021278E-16, -7.400880780937300593E-16 ) ) ;
#1907 = AXIS2_PLACEMENT_3D ( 'NONE', #7903, #6827, #1225 ) ;
#1908 = DIRECTION ( 'NONE',  ( 1.000000000000000000, 2.000187765493021278E-16, -7.400880780937300593E-16 ) ) ;
#1909 = CARTESIAN_POINT ( 'NONE',  ( 344.5000000000000000, -1.684550153050213162, -85.12083333333332291 ) ) ;
#1910 = EDGE_CURVE ( 'NONE', #4628, #3269, #3714, .T. ) ;
#1911 = CARTESIAN_POINT ( 'NONE',  ( 301.9999999999999432, -1.500000000000000000, -233.2174660514637310 ) ) ;
#1912 = EDGE_CURVE ( 'NONE', #9792, #9029, #5526, .T. ) ;
#1913 = DIRECTION ( 'NONE',  ( -1.000000000000000000, -0.000000000000000000, -0.000000000000000000 ) ) ;
#1914 = FACE_OUTER_BOUND ( 'NONE', #6187, .T. ) ;
#1915 = STYLED_ITEM ( 'NONE', ( #9039 ), #6131 ) ;
#1916 = EDGE_LOOP ( 'NONE', ( #4131, #7874, #1117, #6802 ) ) ;
#1917 = AXIS2_PLACEMENT_3D ( 'NONE', #10072, #5702, #1012 ) ;
#1918 = CARTESIAN_POINT ( 'NONE',  ( 161.8686667843508928, -0.2208738203800812705, -85.10833333333334849 ) ) ;
#1919 = ORIENTED_EDGE ( 'NONE', *, *, #6881, .T. ) ;
#1920 = CARTESIAN_POINT ( 'NONE',  ( 189.4999999999999716, 0.000000000000000000, -179.2174660514637310 ) ) ;
#1921 = CARTESIAN_POINT ( 'NONE',  ( 2.470000000000027729, -2.337828492452703522, -0.9863637419449261534 ) ) ;
#1922 = CARTESIAN_POINT ( 'NONE',  ( 500.4999999999998295, 0.000000000000000000, -62.27983018403563875 ) ) ;
#1923 = CARTESIAN_POINT ( 'NONE',  ( 0.9700000000000541522, 1.777399554396486003, 0.1634373442320619096 ) ) ;
#1924 = VECTOR ( 'NONE', #6520, 1000.000000000000227 ) ;
#1925 = EDGE_CURVE ( 'NONE', #3953, #665, #316, .T. ) ;
#1926 = CARTESIAN_POINT ( 'NONE',  ( 272.0000000000000000, 0.000000000000000000, -224.7174660514637594 ) ) ;
#1927 = LINE ( 'NONE', #5937, #5277 ) ;
#1928 = VECTOR ( 'NONE', #7912, 1000.000000000000000 ) ;
#1929 = ORIENTED_EDGE ( 'NONE', *, *, #11408, .T. ) ;
#1930 = CARTESIAN_POINT ( 'NONE',  ( 173.0000000000000000, -1.500000000000000000, -194.2174660514637310 ) ) ;
#1931 = CARTESIAN_POINT ( 'NONE',  ( 0.9843342201064919639, 2.421942635116219655, 0.2887058138483500347 ) ) ;
#1932 = EDGE_LOOP ( 'NONE', ( #8204, #5576, #3462, #6079 ) ) ;
#1933 = CARTESIAN_POINT ( 'NONE',  ( 345.6494169741968108, -0.6745432400438993170, -85.11458333333337123 ) ) ;
#1934 = ORIENTED_EDGE ( 'NONE', *, *, #5773, .T. ) ;
#1935 = VECTOR ( 'NONE', #11186, 1000.000000000000000 ) ;
#1936 = VERTEX_POINT ( 'NONE', #4690 ) ;
#1937 = DIRECTION ( 'NONE',  ( -1.017177444479665533E-15, 5.551115123125739315E-16, 1.000000000000000000 ) ) ;
#1938 = CARTESIAN_POINT ( 'NONE',  ( 487.0000000000000000, -154.7351134694656025, -85.00000000000002842 ) ) ;
#1939 = DIRECTION ( 'NONE',  ( 0.000000000000000000, 0.000000000000000000, -1.000000000000000000 ) ) ;
#1940 = ORIENTED_EDGE ( 'NONE', *, *, #4450, .F. ) ;
#1941 = EDGE_CURVE ( 'NONE', #142, #7939, #4562, .T. ) ;
#1942 = ORIENTED_EDGE ( 'NONE', *, *, #7086, .T. ) ;
#1943 = LINE ( 'NONE', #7650, #5208 ) ;
#1944 = VECTOR ( 'NONE', #916, 999.9999999999998863 ) ;
#1945 = DIRECTION ( 'NONE',  ( -1.000000000000000000, -2.000187765493021278E-16, 7.400880780937300593E-16 ) ) ;
#1946 = CARTESIAN_POINT ( 'NONE',  ( 2.469999999999888729, 0.06360232754346051287, 2.517800735127605272 ) ) ;
#1947 = ORIENTED_EDGE ( 'NONE', *, *, #2585, .T. ) ;
#1948 = DIRECTION ( 'NONE',  ( 6.103146274315999479E-16, -0.5000000000000116573, -0.8660254037844319353 ) ) ;
#1949 = EDGE_LOOP ( 'NONE', ( #5596, #7072, #4756, #1878 ) ) ;
#1950 = LINE ( 'NONE', #2685, #11636 ) ;
#1951 = DIRECTION ( 'NONE',  ( -1.000000000000000000, 0.000000000000000000, 9.842402700577628319E-17 ) ) ;
#1953 = ORIENTED_EDGE ( 'NONE', *, *, #9629, .F. ) ;
#1952 = VECTOR ( 'NONE', #3188, 1000.000000000000000 ) ;
#1954 = CARTESIAN_POINT ( 'NONE',  ( 168.4999999999999716, -1.224646799147346644E-18, -250.4628208825323554 ) ) ;
#1955 = VERTEX_POINT ( 'NONE', #7407 ) ;
#1956 = EDGE_CURVE ( 'NONE', #7746, #2601, #2857, .T. ) ;
#1957 = LINE ( 'NONE', #5728, #11319 ) ;
#1958 = EDGE_CURVE ( 'NONE', #735, #9518, #1242, .T. ) ;
#1959 = LINE ( 'NONE', #1040, #7913 ) ;
#1960 = CARTESIAN_POINT ( 'NONE',  ( 162.2919412023713335, -0.04554781583044771598, -85.10416666666668561 ) ) ;
#1961 = DIRECTION ( 'NONE',  ( 1.000000000000000000, 2.000187765493021278E-16, -7.400880780937300593E-16 ) ) ;
#1962 = VECTOR ( 'NONE', #3376, 1000.000000000000000 ) ;
#1963 = ORIENTED_EDGE ( 'NONE', *, *, #10606, .T. ) ;
#1964 = DIRECTION ( 'NONE',  ( -6.647611627454597566E-16, -0.5251986009926824517, 0.8509796880744741054 ) ) ;
#1965 = CARTESIAN_POINT ( 'NONE',  ( 0.9843342201064364527, 2.521531062727400130, -0.2852079774567778392 ) ) ;
#1966 = ORIENTED_EDGE ( 'NONE', *, *, #5747, .T. ) ;
#1967 = CARTESIAN_POINT ( 'NONE',  ( 20.00000000000000355, -1.500000000000000000, -105.9999999999999432 ) ) ;
#1968 = ORIENTED_EDGE ( 'NONE', *, *, #9300, .T. ) ;
#1969 = VECTOR ( 'NONE', #2816, 1000.000000000000000 ) ;
#1970 = LINE ( 'NONE', #3117, #11673 ) ;
#1971 = CARTESIAN_POINT ( 'NONE',  ( 2.450949999999840756, -0.06106376598083440577, 2.273457506809878126 ) ) ;
#1972 = ADVANCED_FACE ( 'NONE', ( #5654 ), #7346, .T. ) ;
#1973 = VERTEX_POINT ( 'NONE', #9233 ) ;
#1974 = CARTESIAN_POINT ( 'NONE',  ( 0.9843342201064364527, 2.464945227416554197, -0.4660929883733982981 ) ) ;
#1975 = LINE ( 'NONE', #9084, #4062 ) ;
#1976 = FACE_BOUND ( 'NONE', #4196, .T. ) ;
#1977 = AXIS2_PLACEMENT_3D ( 'NONE', #2712, #11055, #6409 ) ;
#1978 = ORIENTED_EDGE ( 'NONE', *, *, #4114, .F. ) ;
#1979 = EDGE_CURVE ( 'NONE', #2432, #2040, #9167, .T. ) ;
#1980 = CARTESIAN_POINT ( 'NONE',  ( 162.5151500000000340, -1.719258206887684937, -85.12291666666666856 ) ) ;
#1981 = ADVANCED_FACE ( 'NONE', ( #2799 ), #8256, .T. ) ;
#1982 = ORIENTED_EDGE ( 'NONE', *, *, #4338, .T. ) ;
#1983 = CARTESIAN_POINT ( 'NONE',  ( 0.9699999999999986411, 2.125255814197590798, -0.05453024012817830890 ) ) ;
#1984 = CARTESIAN_POINT ( 'NONE',  ( 338.5000000000000000, -1.500000000000000000, -31.05282088253234107 ) ) ;
#1985 = ORIENTED_EDGE ( 'NONE', *, *, #5935, .T. ) ;
#1986 = PLANE ( 'NONE',  #10586 ) ;
#1987 = CARTESIAN_POINT ( 'NONE',  ( 2.450949999999840756, -0.2359217314835682089, 2.240650367564128942 ) ) ;
#1988 = LINE ( 'NONE', #5875, #3390 ) ;
#1989 = ADVANCED_FACE ( 'NONE', ( #11202 ), #8445, .F. ) ;
#1990 = VECTOR ( 'NONE', #11197, 1000.000000000000000 ) ;
#1991 = FACE_OUTER_BOUND ( 'NONE', #4336, .T. ) ;
#1992 = PLANE ( 'NONE',  #997 ) ;
#1993 = EDGE_LOOP ( 'NONE', ( #10554, #8592, #1440, #1622 ) ) ;
#1994 = DIRECTION ( 'NONE',  ( 0.000000000000000000, 0.000000000000000000, 1.000000000000000000 ) ) ;
#1995 = LINE ( 'NONE', #78, #12044 ) ;
#1996 = CARTESIAN_POINT ( 'NONE',  ( 0.9699999999999986411, 2.496593388863571406, -0.4417785858749218031 ) ) ;
#1997 = ORIENTED_EDGE ( 'NONE', *, *, #1096, .T. ) ;
#1998 = EDGE_CURVE ( 'NONE', #7626, #8456, #11265, .T. ) ;
#1999 = LINE ( 'NONE', #4798, #4406 ) ;
#2000 = AXIS2_PLACEMENT_3D ( 'NONE', #9035, #756, #10936 ) ;
#2001 = ORIENTED_EDGE ( 'NONE', *, *, #8380, .F. ) ;
#2002 = EDGE_CURVE ( 'NONE', #6475, #10641, #10801, .T. ) ;
#2003 = ORIENTED_EDGE ( 'NONE', *, *, #9865, .F. ) ;
#2004 = DIRECTION ( 'NONE',  ( 1.445076253180178246E-16, 1.000000000000000000, -5.551115123125738329E-16 ) ) ;
#2005 = DIRECTION ( 'NONE',  ( 0.000000000000000000, -1.000000000000000000, 0.000000000000000000 ) ) ;
#2006 = ADVANCED_FACE ( 'NONE', ( #6957 ), #10618, .F. ) ;
#2007 = ORIENTED_EDGE ( 'NONE', *, *, #2148, .F. ) ;
#2008 = VERTEX_POINT ( 'NONE', #5142 ) ;
#2009 = VECTOR ( 'NONE', #1750, 1000.000000000000000 ) ;
#2010 = CYLINDRICAL_SURFACE ( 'NONE', #9668, 1.800000000000023803 ) ;
#2011 = CARTESIAN_POINT ( 'NONE',  ( 2.469999999999972218, -1.608496896752464878, -1.141001651006931628 ) ) ;
#2012 = VERTEX_POINT ( 'NONE', #5261 ) ;
#2013 = DIRECTION ( 'NONE',  ( -1.000000000000000000, -1.445076253180489600E-16, -1.073154985481277909E-15 ) ) ;
#2014 = EDGE_CURVE ( 'NONE', #11412, #7746, #8967, .T. ) ;
#2015 = ORIENTED_EDGE ( 'NONE', *, *, #5853, .T. ) ;
#2016 = CARTESIAN_POINT ( 'NONE',  ( 2.470000000000055707, 1.752788928699733351, -1.092298960886806114 ) ) ;
#2017 = EDGE_LOOP ( 'NONE', ( #2805, #1866, #3236, #10203 ) ) ;
#2018 = DIRECTION ( 'NONE',  ( -0.000000000000000000, -1.000000000000000000, -0.000000000000000000 ) ) ;
#2019 = CARTESIAN_POINT ( 'NONE',  ( 321.4999999999999432, -1.500000000000000000, -321.0174660514637708 ) ) ;
#2020 = ORIENTED_EDGE ( 'NONE', *, *, #8303, .F. ) ;
#2021 = PLANE ( 'NONE',  #5449 ) ;
#2022 = CARTESIAN_POINT ( 'NONE',  ( 0.9843342201064919639, 1.499999999999973577, 3.053113317719180486E-13 ) ) ;
#2023 = AXIS2_PLACEMENT_3D ( 'NONE', #6536, #11177, #1052 ) ;
#2024 = CARTESIAN_POINT ( 'NONE',  ( 2.450950000000007289, -1.575794341459019199, -1.197644138312789597 ) ) ;
#2025 = CARTESIAN_POINT ( 'NONE',  ( 345.7791261796199365, -0.8686667843509187081, -259.2341327181304109 ) ) ;
#2026 = PLANE ( 'NONE',  #4853 ) ;
#2027 = EDGE_CURVE ( 'NONE', #10949, #7460, #559, .T. ) ;
#2028 = ORIENTED_EDGE ( 'NONE', *, *, #858, .F. ) ;
#2029 = CARTESIAN_POINT ( 'NONE',  ( 296.0000000000000568, -1.500000000000000000, -179.2174660514637310 ) ) ;
#2030 = DIRECTION ( 'NONE',  ( 5.882887990558551382E-16, 0.4999999999999998890, -0.8660254037844387076 ) ) ;
#2031 = ORIENTED_EDGE ( 'NONE', *, *, #6646, .T. ) ;
#2032 = CARTESIAN_POINT ( 'NONE',  ( 207.5000000000000000, 0.000000000000000000, -179.2174660514637310 ) ) ;
#2033 = ORIENTED_EDGE ( 'NONE', *, *, #4971, .F. ) ;
#2034 = DIRECTION ( 'NONE',  ( -0.7071067811865474617, 0.000000000000000000, 0.7071067811865474617 ) ) ;
#2035 = DIRECTION ( 'NONE',  ( -1.000000000000000000, -2.000187765493021278E-16, 7.400880780937300593E-16 ) ) ;
#2036 = DIRECTION ( 'NONE',  ( 1.000000000000000000, 2.000187765493021278E-16, -7.400880780937300593E-16 ) ) ;
#2037 = VECTOR ( 'NONE', #9020, 1000.000000000000000 ) ;
#2038 = EDGE_CURVE ( 'NONE', #10705, #6738, #6848, .T. ) ;
#2039 = ORIENTED_EDGE ( 'NONE', *, *, #4506, .F. ) ;
#2040 = VERTEX_POINT ( 'NONE', #3243 ) ;
#2041 = EDGE_CURVE ( 'NONE', #6922, #12045, #2228, .T. ) ;
#2042 = LINE ( 'NONE', #7855, #5969 ) ;
#2043 = ORIENTED_EDGE ( 'NONE', *, *, #6162, .T. ) ;
#2044 = VECTOR ( 'NONE', #9632, 1000.000000000000000 ) ;
#2045 = DIRECTION ( 'NONE',  ( -1.000000000000000000, -0.000000000000000000, -0.000000000000000000 ) ) ;
#2046 = AXIS2_PLACEMENT_3D ( 'NONE', #3443, #2725, #10999 ) ;
#2047 = LINE ( 'NONE', #8491, #4524 ) ;
#2048 = VERTEX_POINT ( 'NONE', #1361 ) ;
#2049 = CARTESIAN_POINT ( 'NONE',  ( 279.0000000000000000, -1.500000000000000000, -194.2174660514637310 ) ) ;
#2050 = DIRECTION ( 'NONE',  ( -1.000000000000000000, -2.000187765493021278E-16, 7.400880780937300593E-16 ) ) ;
#2051 = FACE_BOUND ( 'NONE', #7130, .T. ) ;
#2052 = CARTESIAN_POINT ( 'NONE',  ( 0.9700000000000541522, 2.324442703374090868, 0.3948905628676988022 ) ) ;
#2053 = ORIENTED_EDGE ( 'NONE', *, *, #3902, .T. ) ;
#2054 = CARTESIAN_POINT ( 'NONE',  ( 168.4999999999999147, 0.000000000000000000, -33.16282088253234406 ) ) ;
#2055 = VECTOR ( 'NONE', #1121, 1000.000000000000000 ) ;
#2056 = CARTESIAN_POINT ( 'NONE',  ( 345.9544521841694973, -2.208058797628739800, -259.2466327181303996 ) ) ;
#2057 = ORIENTED_EDGE ( 'NONE', *, *, #6216, .F. ) ;
#2058 = EDGE_CURVE ( 'NONE', #5482, #11468, #7926, .T. ) ;
#2059 = CARTESIAN_POINT ( 'NONE',  ( 344.4790744643242419, -4.641740550953565858E-16, -85.10208333333333997 ) ) ;
#2060 = ORIENTED_EDGE ( 'NONE', *, *, #5637, .T. ) ;
#2061 = ORIENTED_EDGE ( 'NONE', *, *, #11911, .F. ) ;
#2062 = DIRECTION ( 'NONE',  ( -5.882887990558551382E-16, -0.4999999999999998890, 0.8660254037844387076 ) ) ;
#2063 = AXIS2_PLACEMENT_3D ( 'NONE', #5498, #1719, #10109 ) ;
#2064 = CARTESIAN_POINT ( 'NONE',  ( 206.0000000000000284, 0.000000000000000000, -259.2174660514637026 ) ) ;
#2065 = ORIENTED_EDGE ( 'NONE', *, *, #4528, .F. ) ;
#2066 = VERTEX_POINT ( 'NONE', #5081 ) ;
#2067 = EDGE_CURVE ( 'NONE', #9971, #4376, #9694, .T. ) ;
#2068 = FACE_OUTER_BOUND ( 'NONE', #9370, .T. ) ;
#2069 = ADVANCED_FACE ( 'NONE', ( #8779 ), #10020, .T. ) ;
#2070 = DIRECTION ( 'NONE',  ( 4.319943844331593561E-16, 0.8785436295978994448, -0.4776621095428742469 ) ) ;
#2071 = EDGE_LOOP ( 'NONE', ( #12085, #1263, #6856, #4248 ) ) ;
#2072 = VECTOR ( 'NONE', #1295, 1000.000000000000000 ) ;
#2073 = DIRECTION ( 'NONE',  ( 0.000000000000000000, -1.000000000000000000, 0.000000000000000000 ) ) ;
#2074 = ORIENTED_EDGE ( 'NONE', *, *, #4351, .T. ) ;
#2075 = DIRECTION ( 'NONE',  ( 1.000000000000000000, 1.722632009336724254E-16, -4.070211707061878303E-16 ) ) ;
#2076 = EDGE_LOOP ( 'NONE', ( #5857, #11267, #34, #6612 ) ) ;
#2077 = DIRECTION ( 'NONE',  ( 0.000000000000000000, -1.000000000000000000, 0.000000000000000000 ) ) ;
#2078 = ORIENTED_EDGE ( 'NONE', *, *, #4863, .T. ) ;
#2079 = VECTOR ( 'NONE', #8944, 1000.000000000000000 ) ;
#2080 = CARTESIAN_POINT ( 'NONE',  ( 0.9700000000000541522, 1.975537752030354088, -0.3948934297118011916 ) ) ;
#2081 = EDGE_CURVE ( 'NONE', #11304, #174, #6901, .T. ) ;
#2082 = CARTESIAN_POINT ( 'NONE',  ( 344.4791157624105153, -3.500000000000000000, -259.2653823425421251 ) ) ;
#2083 = CARTESIAN_POINT ( 'NONE',  ( 20.00000000000001421, -1.500000000000001332, -85.00000000000002842 ) ) ;
#2084 = ORIENTED_EDGE ( 'NONE', *, *, #484, .F. ) ;
#2085 = VECTOR ( 'NONE', #2487, 1000.000000000000000 ) ;
#2086 = LINE ( 'NONE', #6712, #7531 ) ;
#2087 = LINE ( 'NONE', #1903, #281 ) ;
#2088 = ORIENTED_EDGE ( 'NONE', *, *, #2715, .F. ) ;
#2089 = DIRECTION ( 'NONE',  ( -1.000000000000000000, 0.000000000000000000, 0.000000000000000000 ) ) ;
#2090 = CARTESIAN_POINT ( 'NONE',  ( 344.2500000000000000, -2.000000000000000000, -85.15000000000000568 ) ) ;
#2091 = ORIENTED_EDGE ( 'NONE', *, *, #4686, .F. ) ;
#2092 = FACE_OUTER_BOUND ( 'NONE', #9063, .T. ) ;
#2093 = EDGE_CURVE ( 'NONE', #8180, #3525, #7862, .T. ) ;
#2094 = AXIS2_PLACEMENT_3D ( 'NONE', #9440, #4713, #987 ) ;
#2095 = DIRECTION ( 'NONE',  ( 1.000000000000000000, 2.000187765493021278E-16, -7.400880780937300593E-16 ) ) ;
#2096 = VERTEX_POINT ( 'NONE', #2347 ) ;
#2097 = ORIENTED_EDGE ( 'NONE', *, *, #8424, .F. ) ;
#2098 = CARTESIAN_POINT ( 'NONE',  ( 162.5000000000000284, -1.782724923474893641, -85.12708333333334565 ) ) ;
#2099 = VECTOR ( 'NONE', #3347, 1000.000000000000000 ) ;
#2100 = ORIENTED_EDGE ( 'NONE', *, *, #3778, .T. ) ;
#2101 = VECTOR ( 'NONE', #8656, 1000.000000000000000 ) ;
#2102 = CARTESIAN_POINT ( 'NONE',  ( 253.5000000000000000, -2.000000000000000000, -3.375000000000034639 ) ) ;
#2103 = CARTESIAN_POINT ( 'NONE',  ( 2.450950000000035267, 1.941001255865520969, -1.119387942413827108 ) ) ;
#2104 = ORIENTED_EDGE ( 'NONE', *, *, #1194, .F. ) ;
#2105 = CARTESIAN_POINT ( 'NONE',  ( 198.6688394328960499, 0.000000000000000000, -208.4456223450676475 ) ) ;
#2106 = FACE_OUTER_BOUND ( 'NONE', #9676, .T. ) ;
#2107 = CARTESIAN_POINT ( 'NONE',  ( 507.0000000000000000, -1.500000000000000000, -79.99999999999994316 ) ) ;
#2108 = CARTESIAN_POINT ( 'NONE',  ( 0.9843342201064364527, 2.357842869644382944, 0.2479398652344699805 ) ) ;
#2109 = ADVANCED_FACE ( 'NONE', ( #6050 ), #9751, .F. ) ;
#2110 = ORIENTED_EDGE ( 'NONE', *, *, #12036, .F. ) ;
#2111 = ADVANCED_FACE ( 'NONE', ( #4225 ), #3310, .F. ) ;
#2112 = CARTESIAN_POINT ( 'NONE',  ( 330.0000000000000000, 0.000000000000000000, -194.2174660514637310 ) ) ;
#2113 = VECTOR ( 'NONE', #7896, 1000.000000000000000 ) ;
#2114 = CIRCLE ( 'NONE', #7147, 2.110000000000000764 ) ;
#2115 = VERTEX_POINT ( 'NONE', #806 ) ;
#2116 = CARTESIAN_POINT ( 'NONE',  ( 243.4999999999999716, 0.000000000000000000, -174.2174660514637310 ) ) ;
#2117 = ORIENTED_EDGE ( 'NONE', *, *, #1222, .F. ) ;
#2118 = ORIENTED_EDGE ( 'NONE', *, *, #3053, .T. ) ;
#2119 = DIRECTION ( 'NONE',  ( -8.352866218058003595E-16, -0.3640099799935267999, 0.9313950474772303423 ) ) ;
#2120 = PRESENTATION_LAYER_ASSIGNMENT (  '', '', ( #1915 ) ) ;
#2121 = AXIS2_PLACEMENT_3D ( 'NONE', #4721, #2894, #7503 ) ;
#2122 = LINE ( 'NONE', #9357, #5312 ) ;
#2123 = BREP_WITH_VOIDS ( 'NONE', #10550, ( #794, #2444, #1170, #7417, #1535, #9423 ) );
#2124 = ORIENTED_EDGE ( 'NONE', *, *, #4667, .T. ) ;
#2125 = VERTEX_POINT ( 'NONE', #4267 ) ;
#2126 = EDGE_CURVE ( 'NONE', #2733, #11912, #4532, .T. ) ;
#2127 = DIRECTION ( 'NONE',  ( 0.000000000000000000, -1.000000000000000000, 0.000000000000000000 ) ) ;
#2128 = LINE ( 'NONE', #8515, #6397 ) ;
#2129 = VECTOR ( 'NONE', #8160, 1000.000000000000000 ) ;
#2130 = EDGE_LOOP ( 'NONE', ( #5924, #10769, #4008, #6310 ) ) ;
#2131 = DIRECTION ( 'NONE',  ( 0.000000000000000000, 0.000000000000000000, 1.000000000000000000 ) ) ;
#2132 = ORIENTED_EDGE ( 'NONE', *, *, #6798, .T. ) ;
#2133 = EDGE_CURVE ( 'NONE', #364, #3881, #659, .T. ) ;
#2134 = CARTESIAN_POINT ( 'NONE',  ( 344.2500000000000000, -3.500000000000000000, -85.15000000000000568 ) ) ;
#2135 = ORIENTED_EDGE ( 'NONE', *, *, #6032, .F. ) ;
#2136 = EDGE_CURVE ( 'NONE', #5052, #9115, #4323, .T. ) ;
#2137 = CARTESIAN_POINT ( 'NONE',  ( 345.1388875003545422, -0.2077670245546934802, -85.10833333333334849 ) ) ;
#2138 = ORIENTED_EDGE ( 'NONE', *, *, #5537, .T. ) ;
#2139 = VECTOR ( 'NONE', #10562, 999.9999999999998863 ) ;
#2140 = DIRECTION ( 'NONE',  ( -0.000000000000000000, 1.000000000000000000, -0.000000000000000000 ) ) ;
#2141 = DIRECTION ( 'NONE',  ( 4.113308104467484694E-16, -0.6291982286679697056, -0.7772448707074812724 ) ) ;
#2142 = LINE ( 'NONE', #5848, #3263 ) ;
#2143 = CARTESIAN_POINT ( 'NONE',  ( 345.9544521841695541, -2.208058797628746017, -259.2466327181303427 ) ) ;
#2144 = DIRECTION ( 'NONE',  ( -1.000000000000000000, -0.000000000000000000, -0.000000000000000000 ) ) ;
#2145 = VECTOR ( 'NONE', #5143, 1000.000000000000000 ) ;
#2146 = ORIENTED_EDGE ( 'NONE', *, *, #6139, .T. ) ;
#2147 = DIRECTION ( 'NONE',  ( 0.000000000000000000, 0.000000000000000000, 1.000000000000000000 ) ) ;
#2148 = EDGE_CURVE ( 'NONE', #10269, #4306, #9733, .T. ) ;
#2149 = CARTESIAN_POINT ( 'NONE',  ( 338.5000000000000568, -1.500000000000000000, -143.9228208825323634 ) ) ;
#2150 = ORIENTED_EDGE ( 'NONE', *, *, #188, .T. ) ;
#2151 = DIRECTION ( 'NONE',  ( -0.000000000000000000, -0.000000000000000000, -1.000000000000000000 ) ) ;
#2152 = CARTESIAN_POINT ( 'NONE',  ( 246.6723182195912898, 0.000000000000000000, -190.1763372145972539 ) ) ;
#2153 = EDGE_CURVE ( 'NONE', #9518, #10039, #8029, .T. ) ;
#2154 = CARTESIAN_POINT ( 'NONE',  ( 124.9275374625150334, 26.74589784213751997, 154.4752832394989639 ) ) ;
#2155 = VECTOR ( 'NONE', #9402, 1000.000000000000000 ) ;
#2156 = LINE ( 'NONE', #1284, #9274 ) ;
#2157 = DIRECTION ( 'NONE',  ( -6.845769268624692740E-16, 5.551115123125739315E-16, 1.000000000000000000 ) ) ;
#2158 = FACE_BOUND ( 'NONE', #2476, .T. ) ;
#2159 = ORIENTED_EDGE ( 'NONE', *, *, #9514, .F. ) ;
#2160 = ORIENTED_EDGE ( 'NONE', *, *, #11943, .F. ) ;
#2161 = CARTESIAN_POINT ( 'NONE',  ( 301.9999999999999432, 0.000000000000000000, -233.2174660514637310 ) ) ;
#2162 = VECTOR ( 'NONE', #301, 1000.000000000000000 ) ;
#2163 = EDGE_CURVE ( 'NONE', #10917, #10726, #2390, .T. ) ;
#2164 = EDGE_LOOP ( 'NONE', ( #1393, #4317, #2536, #4731 ) ) ;
#2165 = DIRECTION ( 'NONE',  ( 0.000000000000000000, 0.000000000000000000, 1.000000000000000000 ) ) ;
#2166 = LINE ( 'NONE', #1477, #5886 ) ;
#2167 = ORIENTED_EDGE ( 'NONE', *, *, #89, .T. ) ;
#2168 = CARTESIAN_POINT ( 'NONE',  ( 0.9843342201064364527, 2.490779014444583161, -0.4649539812294212204 ) ) ;
#2169 = LINE ( 'NONE', #3186, #3694 ) ;
#2170 = DIRECTION ( 'NONE',  ( -1.387778780781445182E-16, -0.000000000000000000, -1.000000000000000000 ) ) ;
#2171 = LINE ( 'NONE', #320, #9715 ) ;
#2172 = VERTEX_POINT ( 'NONE', #5968 ) ;
#2173 = LINE ( 'NONE', #1650, #9094 ) ;
#2174 = VECTOR ( 'NONE', #4348, 1000.000000000000000 ) ;
#2175 = ORIENTED_EDGE ( 'NONE', *, *, #5786, .T. ) ;
#2176 = CARTESIAN_POINT ( 'NONE',  ( 325.4999999999999432, 0.000000000000000000, -317.4174660514637480 ) ) ;
#2177 = ORIENTED_EDGE ( 'NONE', *, *, #6149, .F. ) ;
#2178 = ADVANCED_FACE ( 'NONE', ( #8819 ), #11761, .F. ) ;
#2179 = ORIENTED_EDGE ( 'NONE', *, *, #11160, .T. ) ;
#2180 = CARTESIAN_POINT ( 'NONE',  ( 0.9843342201064364527, 2.411676466676087927, 0.2596360154718119206 ) ) ;
#2181 = VECTOR ( 'NONE', #10724, 1000.000000000000227 ) ;
#2182 = DIRECTION ( 'NONE',  ( 6.814972098481682766E-16, 0.5611319948296270566, -0.8277263342304165272 ) ) ;
#2183 = ORIENTED_EDGE ( 'NONE', *, *, #2748, .F. ) ;
#2184 = FACE_OUTER_BOUND ( 'NONE', #3087, .T. ) ;
#2185 = CIRCLE ( 'NONE', #10928, 1.229499999965364854 ) ;
#2186 = ORIENTED_EDGE ( 'NONE', *, *, #11216, .F. ) ;
#2187 = CARTESIAN_POINT ( 'NONE',  ( 224.4999999999999716, -1.500000000000000000, -179.2174660514637310 ) ) ;
#2188 = EDGE_CURVE ( 'NONE', #9090, #10528, #7118, .T. ) ;
#2189 = ORIENTED_EDGE ( 'NONE', *, *, #1669, .T. ) ;
#2190 = EDGE_CURVE ( 'NONE', #7033, #5152, #5061, .T. ) ;
#2191 = FACE_OUTER_BOUND ( 'NONE', #3238, .T. ) ;
#2192 = ORIENTED_EDGE ( 'NONE', *, *, #7619, .T. ) ;
#2193 = CARTESIAN_POINT ( 'NONE',  ( 344.2827307998734341, -1.500000000000000444, -85.10208370743649198 ) ) ;
#2194 = VECTOR ( 'NONE', #5341, 1000.000000000000000 ) ;
#2195 = LINE ( 'NONE', #2255, #6442 ) ;
#2196 = ORIENTED_EDGE ( 'NONE', *, *, #9479, .F. ) ;
#2197 = AXIS2_PLACEMENT_3D ( 'NONE', #369, #4960, #10558 ) ;
#2198 = DIRECTION ( 'NONE',  ( 1.000000000000000000, 2.000187765493021278E-16, -7.400880780937300593E-16 ) ) ;
#2199 = LINE ( 'NONE', #5904, #9349 ) ;
#2200 = ORIENTED_EDGE ( 'NONE', *, *, #606, .F. ) ;
#2201 = B_SPLINE_CURVE_WITH_KNOTS ( 'NONE', 3,
 ( #8070, #2668, #9160, #831, #4558, #11987, #3641, #11259, #8565, #9292, #11194, #268, #1933, #959, #10267, #5583, #2059, #3826 ),
 .UNSPECIFIED., .F., .F.,
 ( 4, 2, 2, 2, 2, 2, 2, 2, 4 ),
 ( 0.000000000000000000, 0.1250000000000000000, 0.2500000000000000000, 0.3750000000000000000, 0.5000000000000000000, 0.6250000000000000000, 0.7500000000000000000, 0.8750000000000000000, 1.000000000000000000 ),
 .UNSPECIFIED. ) ;
#2202 = CARTESIAN_POINT ( 'NONE',  ( 0.9699999999999986411, 2.483238627135203380, -0.4477264981799095045 ) ) ;
#2203 = CARTESIAN_POINT ( 'NONE',  ( 344.4036366799937241, -1.550083289400455477, -259.2278827181303882 ) ) ;
#2204 = PLANE ( 'NONE',  #8918 ) ;
#2205 = EDGE_CURVE ( 'NONE', #2689, #11152, #6145, .T. ) ;
#2206 = AXIS2_PLACEMENT_3D ( 'NONE', #11568, #3459, #5231 ) ;
#2207 = EDGE_CURVE ( 'NONE', #3153, #4101, #9450, .T. ) ;
#2208 = LINE ( 'NONE', #2391, #1316 ) ;
#2209 = CARTESIAN_POINT ( 'NONE',  ( 0.9699999999999986411, 2.125255814197979376, -0.07459528143360927288 ) ) ;
#2210 = ORIENTED_EDGE ( 'NONE', *, *, #11773, .T. ) ;
#2211 = PLANE ( 'NONE',  #4279 ) ;
#2212 = PLANE ( 'NONE',  #4487 ) ;
#2213 =( LENGTH_UNIT ( ) NAMED_UNIT ( * ) SI_UNIT ( .MILLI., .METRE. ) );
#2214 = CARTESIAN_POINT ( 'NONE',  ( 166.0000000000000000, -3.500000000000000000, -172.2087330257318456 ) ) ;
#2215 = CARTESIAN_POINT ( 'NONE',  ( 345.9999999999999432, 0.000000000000000000, -259.2174660514637026 ) ) ;
#2216 = EDGE_CURVE ( 'NONE', #7402, #3180, #10660, .T. ) ;
#2217 = ADVANCED_FACE ( 'NONE', ( #6995 ), #6090, .F. ) ;
#2218 = VECTOR ( 'NONE', #1783, 1000.000000000000000 ) ;
#2219 = VERTEX_POINT ( 'NONE', #5179 ) ;
#2220 = ORIENTED_EDGE ( 'NONE', *, *, #10472, .T. ) ;
#2221 = ADVANCED_FACE ( 'NONE', ( #8879 ), #537, .F. ) ;
#2222 = CARTESIAN_POINT ( 'NONE',  ( 0.9700000000000541522, 2.362123067768035156, 0.1402156209755617278 ) ) ;
#2223 = ORIENTED_EDGE ( 'NONE', *, *, #5170, .T. ) ;
#2224 = DIRECTION ( 'NONE',  ( 0.000000000000000000, 0.000000000000000000, 1.000000000000000000 ) ) ;
#2225 = DIRECTION ( 'NONE',  ( 6.658257786628596484E-16, -0.5000000000000158762, -0.8660254037844294928 ) ) ;
#2226 = ORIENTED_EDGE ( 'NONE', *, *, #606, .T. ) ;
#2227 = LINE ( 'NONE', #2049, #2044 ) ;
#2228 = LINE ( 'NONE', #5932, #7301 ) ;
#2229 = DIRECTION ( 'NONE',  ( 6.845769268624743030E-16, -9.436895709313777345E-16, -1.000000000000000000 ) ) ;
#2230 = DIRECTION ( 'NONE',  ( 0.000000000000000000, 0.000000000000000000, -1.000000000000000000 ) ) ;
#2231 = LINE ( 'NONE', #11316, #2741 ) ;
#2232 = DIRECTION ( 'NONE',  ( -1.000000000000000000, -2.000187765493021278E-16, 7.400880780937300593E-16 ) ) ;
#2233 = ORIENTED_EDGE ( 'NONE', *, *, #7495, .T. ) ;
#2234 = ADVANCED_FACE ( 'NONE', ( #10960 ), #1884, .F. ) ;
#2235 = EDGE_LOOP ( 'NONE', ( #1702, #1817, #844, #1904 ) ) ;
#2236 = PRESENTATION_LAYER_ASSIGNMENT (  '', '', ( #8237 ) ) ;
#2237 = VECTOR ( 'NONE', #1244, 1000.000000000000000 ) ;
#2238 = DIRECTION ( 'NONE',  ( -1.185034407704261130E-16, 0.000000000000000000, -1.000000000000000000 ) ) ;
#2239 = ORIENTED_EDGE ( 'NONE', *, *, #9759, .F. ) ;
#2240 = ORIENTED_EDGE ( 'NONE', *, *, #10956, .F. ) ;
#2241 = CARTESIAN_POINT ( 'NONE',  ( 0.9700000000000541522, 2.366975201274018836, 0.1403087934058744324 ) ) ;
#2242 = CARTESIAN_POINT ( 'NONE',  ( 301.6665948878440986, 0.000000000000000000, -208.4456223450676475 ) ) ;
#2243 = LINE ( 'NONE', #4242, #3592 ) ;
#2244 = VECTOR ( 'NONE', #3504, 1000.000000000000000 ) ;
#2245 = ORIENTED_EDGE ( 'NONE', *, *, #8260, .T. ) ;
#2246 = FACE_OUTER_BOUND ( 'NONE', #895, .T. ) ;
#2247 = EDGE_CURVE ( 'NONE', #10794, #7951, #2749, .T. ) ;
#2248 = ORIENTED_EDGE ( 'NONE', *, *, #10321, .T. ) ;
#2249 = EDGE_LOOP ( 'NONE', ( #2189, #1463, #2850, #9773 ) ) ;
#2250 = CARTESIAN_POINT ( 'NONE',  ( 0.9699999999999986411, 2.478836439541276526, -0.4472441201542332045 ) ) ;
#2251 = VERTEX_POINT ( 'NONE', #11024 ) ;
#2252 = AXIS2_PLACEMENT_3D ( 'NONE', #6282, #11837, #11960 ) ;
#2253 = LINE ( 'NONE', #7955, #813 ) ;
#2254 = ORIENTED_EDGE ( 'NONE', *, *, #11649, .F. ) ;
#2255 = CARTESIAN_POINT ( 'NONE',  ( 0.9699999999999986411, 2.219308366003841293, -0.05453024012809504217 ) ) ;
#2256 = ORIENTED_EDGE ( 'NONE', *, *, #4020, .F. ) ;
#2257 = DIRECTION ( 'NONE',  ( 5.666662251778667218E-16, 0.7747962833285356732, -0.6322109769216976982 ) ) ;
#2258 = PLANE ( 'NONE',  #2366 ) ;
#2259 = EDGE_LOOP ( 'NONE', ( #2419, #9198, #7375, #7879 ) ) ;
#2260 = CARTESIAN_POINT ( 'NONE',  ( 338.5000000000000568, -1.224646799147346644E-18, -143.9228208825323634 ) ) ;
#2261 = VECTOR ( 'NONE', #1749, 1000.000000000000000 ) ;
#2262 = CARTESIAN_POINT ( 'NONE',  ( 345.9690617743195844, -2.211985015894135653, -259.2466327181303427 ) ) ;
#2263 = EDGE_CURVE ( 'NONE', #1082, #9971, #3470, .T. ) ;
#2264 = DIRECTION ( 'NONE',  ( 1.000000000000000000, 0.000000000000000000, 0.000000000000000000 ) ) ;
#2265 = CARTESIAN_POINT ( 'NONE',  ( 305.0000000000000568, -1.500000000000000000, -179.2174660514637310 ) ) ;
#2266 = LINE ( 'NONE', #5970, #5989 ) ;
#2267 = CYLINDRICAL_SURFACE ( 'NONE', #4117, 1.229500000000014692 ) ;
#2268 = EDGE_LOOP ( 'NONE', ( #10362, #8913, #5400, #6449 ) ) ;
#2269 = DIRECTION ( 'NONE',  ( 1.000000000000000000, -0.000000000000000000, 0.000000000000000000 ) ) ;
#2270 = EDGE_LOOP ( 'NONE', ( #8855, #7888, #6757, #11754, #7149, #4946, #2546, #225, #7519 ) ) ;
#2271 = DIRECTION ( 'NONE',  ( 1.000000000000000000, 0.000000000000000000, -1.387778780781448042E-15 ) ) ;
#2272 = DIRECTION ( 'NONE',  ( 0.4319838903615346171, -3.678303562828578695E-16, 0.9018813217203878185 ) ) ;
#2273 = CARTESIAN_POINT ( 'NONE',  ( 0.7275000000000475531, -2.220446049250313081E-13, 2.498001805406602216E-13 ) ) ;
#2274 = ADVANCED_FACE ( 'NONE', ( #6322 ), #9968, .F. ) ;
#2275 = VECTOR ( 'NONE', #5151, 1000.000000000000000 ) ;
#2276 = VERTEX_POINT ( 'NONE', #973 ) ;
#2277 = ORIENTED_EDGE ( 'NONE', *, *, #8743, .T. ) ;
#2278 = DIRECTION ( 'NONE',  ( 5.914598533337641276E-16, 0.7693245073750160090, -0.6388582020700594999 ) ) ;
#2279 = CYLINDRICAL_SURFACE ( 'NONE', #11583, 0.03983479767572151858 ) ;
#2280 = CARTESIAN_POINT ( 'NONE',  ( 0.9699999999999986411, 2.419158929571701755, 0.2709282273878760305 ) ) ;
#2281 = EDGE_CURVE ( 'NONE', #1568, #4556, #3588, .T. ) ;
#2282 = ORIENTED_EDGE ( 'NONE', *, *, #3489, .T. ) ;
#2283 = EDGE_CURVE ( 'NONE', #6251, #6160, #1700, .T. ) ;
#2284 = SURFACE_STYLE_FILL_AREA ( #558 ) ;
#2285 = CARTESIAN_POINT ( 'NONE',  ( 343.5000000000000000, -1.500000000000000444, -259.2174660514637026 ) ) ;
#2286 = VECTOR ( 'NONE', #10675, 1000.000000000000000 ) ;
#2287 = FACE_BOUND ( 'NONE', #1745, .T. ) ;
#2288 = PLANE ( 'NONE',  #10589 ) ;
#2289 = PLANE ( 'NONE',  #7188 ) ;
#2290 = FACE_OUTER_BOUND ( 'NONE', #9168, .T. ) ;
#2291 = AXIS2_PLACEMENT_3D ( 'NONE', #12011, #855, #4454 ) ;
#2292 = VERTEX_POINT ( 'NONE', #5359 ) ;
#2293 = AXIS2_PLACEMENT_3D ( 'NONE', #3001, #12016, #2945 ) ;
#2294 = DIRECTION ( 'NONE',  ( -1.000000000000000000, -0.000000000000000000, -0.000000000000000000 ) ) ;
#2295 = LINE ( 'NONE', #5885, #10029 ) ;
#2296 = ORIENTED_EDGE ( 'NONE', *, *, #11199, .T. ) ;
#2297 = DIRECTION ( 'NONE',  ( -5.995848866729787176E-16, 0.1329814728554983561, 0.9911185236273118981 ) ) ;
#2298 = EDGE_CURVE ( 'NONE', #7102, #1764, #6445, .T. ) ;
#2299 = LINE ( 'NONE', #6066, #10934 ) ;
#2300 = DIRECTION ( 'NONE',  ( -7.306432093153147741E-16, -0.1656482450844289911, 0.9861849009696148638 ) ) ;
#2301 = VECTOR ( 'NONE', #4087, 1000.000000000000000 ) ;
#2302 = VECTOR ( 'NONE', #10026, 1000.000000000000000 ) ;
#2303 = ORIENTED_EDGE ( 'NONE', *, *, #6574, .T. ) ;
#2304 = CARTESIAN_POINT ( 'NONE',  ( 162.5000000000000284, -1.815449846949787727, -259.2466327181302859 ) ) ;
#2305 = VERTEX_POINT ( 'NONE', #8399 ) ;
#2306 = VERTEX_POINT ( 'NONE', #10216 ) ;
#2307 = CARTESIAN_POINT ( 'NONE',  ( 168.4999999999999147, -1.224646799147346644E-18, -31.05282088253234107 ) ) ;
#2308 = VECTOR ( 'NONE', #5645, 1000.000000000000000 ) ;
#2310 = ORIENTED_EDGE ( 'NONE', *, *, #7029, .F. ) ;
#2309 = AXIS2_PLACEMENT_3D ( 'NONE', #7998, #7144, #10873 ) ;
#2311 = DIRECTION ( 'NONE',  ( -6.221421824593029792E-18, 0.9720757995434984311, 0.2346670832091035108 ) ) ;
#2312 = ORIENTED_EDGE ( 'NONE', *, *, #5483, .F. ) ;
#2313 = EDGE_CURVE ( 'NONE', #5056, #1240, #909, .T. ) ;
#2314 = CARTESIAN_POINT ( 'NONE',  ( 344.4684465970885867, -1.875904745092725090, -85.13333333333333997 ) ) ;
#2315 = DIRECTION ( 'NONE',  ( 1.000000000000000000, 2.000187765493021278E-16, -7.400880780937300593E-16 ) ) ;
#2316 = ORIENTED_EDGE ( 'NONE', *, *, #1814, .F. ) ;
#2317 = CARTESIAN_POINT ( 'NONE',  ( 341.0000000000000000, -3.500000000000000000, -85.15000000000000568 ) ) ;
#2318 = ORIENTED_EDGE ( 'NONE', *, *, #9546, .T. ) ;
#2319 = CARTESIAN_POINT ( 'NONE',  ( 0.9699999999999986411, 2.523629592551174028, 0.03026883183757100859 ) ) ;
#2320 = AXIS2_PLACEMENT_3D ( 'NONE', #4379, #9667, #6503 ) ;
#2321 = LINE ( 'NONE', #4320, #6770 ) ;
#2322 = CARTESIAN_POINT ( 'NONE',  ( 0.9843342201064364527, 2.280059657658761729, 0.01740461005320104171 ) ) ;
#2323 = ORIENTED_EDGE ( 'NONE', *, *, #4795, .T. ) ;
#2324 = DIRECTION ( 'NONE',  ( 4.916917402473335227E-16, 0.8164082640122272139, -0.5774751479090174389 ) ) ;
#2325 = CARTESIAN_POINT ( 'NONE',  ( 496.4999999999998295, -1.500000000000001332, -58.27983018403566717 ) ) ;
#2326 = PLANE ( 'NONE',  #5671 ) ;
#2327 = CIRCLE ( 'NONE', #8729, 2.110000000000000764 ) ;
#2328 = EDGE_CURVE ( 'NONE', #4101, #10764, #2560, .T. ) ;
#2329 = ADVANCED_FACE ( 'NONE', ( #3723 ), #6263, .F. ) ;
#2330 = CARTESIAN_POINT ( 'NONE',  ( 279.0000000000000000, 0.000000000000000000, -179.2174660514637310 ) ) ;
#2331 = ORIENTED_EDGE ( 'NONE', *, *, #10230, .T. ) ;
#2332 = DIRECTION ( 'NONE',  ( -0.000000000000000000, -1.000000000000000000, -0.000000000000000000 ) ) ;
#2333 = CARTESIAN_POINT ( 'NONE',  ( 23.00000000000000000, 0.000000000000000000, -85.00000000000002842 ) ) ;
#2334 = CARTESIAN_POINT ( 'NONE',  ( 0.9700000000000541522, 2.385763063567691855, 0.2488730229634472657 ) ) ;
#2335 = VECTOR ( 'NONE', #5427, 1000.000000000000000 ) ;
#2336 = ORIENTED_EDGE ( 'NONE', *, *, #2263, .T. ) ;
#2337 = EDGE_LOOP ( 'NONE', ( #6569, #7013, #4240, #7870 ) ) ;
#2338 = FACE_OUTER_BOUND ( 'NONE', #4815, .T. ) ;
#2339 = EDGE_CURVE ( 'NONE', #7685, #6002, #5419, .T. ) ;
#2340 = ORIENTED_EDGE ( 'NONE', *, *, #7552, .T. ) ;
#2341 = ADVANCED_FACE ( 'NONE', ( #8335 ), #10091, .F. ) ;
#2342 = PLANE ( 'NONE',  #10796 ) ;
#2343 = DIRECTION ( 'NONE',  ( -0.000000000000000000, -0.000000000000000000, 1.000000000000000000 ) ) ;
#2344 = EDGE_LOOP ( 'NONE', ( #8826, #1271, #1693, #9956 ) ) ;
#2345 = AXIS2_PLACEMENT_3D ( 'NONE', #6484, #885, #2497 ) ;
#2346 = SURFACE_SIDE_STYLE ('',( #2284 ) ) ;
#2347 = CARTESIAN_POINT ( 'NONE',  ( 0.9700000000000541522, 2.224161932931678631, 0.2483908197990492006 ) ) ;
#2348 = LINE ( 'NONE', #10866, #6025 ) ;
#2349 = CARTESIAN_POINT ( 'NONE',  ( 162.2919412023712482, -0.04554781583044768128, -259.2216327181302518 ) ) ;
#2350 = VERTEX_POINT ( 'NONE', #11944 ) ;
#2351 = CARTESIAN_POINT ( 'NONE',  ( 5.000000000000000000, -1.500000000000000000, -40.00000000000000000 ) ) ;
#2352 = PLANE ( 'NONE',  #11122 ) ;
#2353 = CARTESIAN_POINT ( 'NONE',  ( 487.0000000000000000, -154.7351134694656025, -85.00000000000002842 ) ) ;
#2354 = ADVANCED_FACE ( 'NONE', ( #2680 ), #6384, .F. ) ;
#2355 = VECTOR ( 'NONE', #10869, 1000.000000000000000 ) ;
#2356 = EDGE_CURVE ( 'NONE', #3580, #11304, #845, .T. ) ;
#2357 = VERTEX_POINT ( 'NONE', #12000 ) ;
#2358 = CARTESIAN_POINT ( 'NONE',  ( 216.4999999999999716, 0.000000000000000000, -194.2174660514637310 ) ) ;
#2359 = CARTESIAN_POINT ( 'NONE',  ( 2.469999999999861195, -0.03601191218871591104, 2.273457506810801387 ) ) ;
#2360 = ORIENTED_EDGE ( 'NONE', *, *, #11358, .F. ) ;
#2361 = VERTEX_POINT ( 'NONE', #7354 ) ;
#2362 = DIRECTION ( 'NONE',  ( 0.000000000000000000, 0.000000000000000000, -1.000000000000000000 ) ) ;
#2363 = CARTESIAN_POINT ( 'NONE',  ( 496.4999999999998295, 0.000000000000000000, -62.27983018403563875 ) ) ;
#2364 = CARTESIAN_POINT ( 'NONE',  ( 2.450950000000007289, -2.038937518892808498, -1.120614449139356594 ) ) ;
#2365 = FACE_OUTER_BOUND ( 'NONE', #2438, .T. ) ;
#2366 = AXIS2_PLACEMENT_3D ( 'NONE', #231, #2141, #2539 ) ;
#2367 = ORIENTED_EDGE ( 'NONE', *, *, #3405, .T. ) ;
#2368 = CYLINDRICAL_SURFACE ( 'NONE', #4251, 2.110000000000000764 ) ;
#2369 = LINE ( 'NONE', #6977, #12032 ) ;
#2370 = ADVANCED_FACE ( 'NONE', ( #4632 ), #12065, .F. ) ;
#2371 = EDGE_CURVE ( 'NONE', #10764, #3710, #7536, .T. ) ;
#2372 = ORIENTED_EDGE ( 'NONE', *, *, #6068, .T. ) ;
#2373 = ORIENTED_EDGE ( 'NONE', *, *, #5103, .F. ) ;
#2374 = DIRECTION ( 'NONE',  ( -7.400550866706241219E-16, -0.4417680233405519852, 0.8971293181887333157 ) ) ;
#2375 = VECTOR ( 'NONE', #5422, 1000.000000000000000 ) ;
#2376 = ORIENTED_EDGE ( 'NONE', *, *, #9812, .F. ) ;
#2377 = EDGE_LOOP ( 'NONE', ( #11134, #10835, #4698, #9901 ) ) ;
#2378 = EDGE_CURVE ( 'NONE', #5109, #3909, #10524, .T. ) ;
#2379 = DIRECTION ( 'NONE',  ( -0.000000000000000000, 1.000000000000000000, -0.000000000000000000 ) ) ;
#2380 = ORIENTED_EDGE ( 'NONE', *, *, #10979, .F. ) ;
#2381 = CARTESIAN_POINT ( 'NONE',  ( 345.9544521841695541, -1.291941202371255759, -85.12083333333333712 ) ) ;
#2382 = CARTESIAN_POINT ( 'NONE',  ( 338.5000000000000000, -1.224646799147346644E-18, -33.16282088253234406 ) ) ;
#2383 = EDGE_LOOP ( 'NONE', ( #221, #2705, #7703, #9877 ) ) ;
#2384 = PLANE ( 'NONE',  #8562 ) ;
#2385 = VECTOR ( 'NONE', #5346, 1000.000000000000000 ) ;
#2386 = LINE ( 'NONE', #9000, #730 ) ;
#2387 = CARTESIAN_POINT ( 'NONE',  ( 344.3682749175401341, -1.955208733304997004, -259.2591327181303313 ) ) ;
#2388 = CARTESIAN_POINT ( 'NONE',  ( 0.4850000000260479283, -1.387778780781445676E-13, 1.804112415015879378E-13 ) ) ;
#2389 = ADVANCED_FACE ( 'NONE', ( #2988 ), #1150, .F. ) ;
#2390 = LINE ( 'NONE', #598, #11410 ) ;
#2391 = CARTESIAN_POINT ( 'NONE',  ( 0.9843342201064364527, 2.466294610879687710, -0.4655277348273173521 ) ) ;
#2392 = DIRECTION ( 'NONE',  ( 6.602080491817028384E-16, 0.4230480959309589339, -0.9061072279422508480 ) ) ;
#2393 = VECTOR ( 'NONE', #634, 1000.000000000000000 ) ;
#2394 = DIRECTION ( 'NONE',  ( 1.000000000000000000, 0.000000000000000000, 0.000000000000000000 ) ) ;
#2395 = ORIENTED_EDGE ( 'NONE', *, *, #6466, .T. ) ;
#2396 = LINE ( 'NONE', #3295, #984 ) ;
#2397 = FACE_OUTER_BOUND ( 'NONE', #7043, .T. ) ;
#2398 = LINE ( 'NONE', #482, #5009 ) ;
#2399 = DIRECTION ( 'NONE',  ( 2.513793830718206907E-17, -0.9659317819998000099, -0.2587968170644511789 ) ) ;
#2400 = VECTOR ( 'NONE', #10588, 1000.000000000000000 ) ;
#2401 = EDGE_CURVE ( 'NONE', #4689, #11028, #5662, .T. ) ;
#2402 = ORIENTED_EDGE ( 'NONE', *, *, #11808, .T. ) ;
#2403 = VERTEX_POINT ( 'NONE', #7654 ) ;
#2404 = CARTESIAN_POINT ( 'NONE',  ( 0.9700000000000541522, 1.892261543406409396, -1.201323915345220428E-06 ) ) ;
#2405 = LINE ( 'NONE', #6103, #5742 ) ;
#2406 = CARTESIAN_POINT ( 'NONE',  ( 0.9843342201064364527, 2.125255814197618776, 0.2850196258058629306 ) ) ;
#2407 = VERTEX_POINT ( 'NONE', #7478 ) ;
#2408 = DIRECTION ( 'NONE',  ( -1.000000000000000000, 0.000000000000000000, -0.000000000000000000 ) ) ;
#2409 = PLANE ( 'NONE',  #1545 ) ;
#2410 = LINE ( 'NONE', #11723, #6867 ) ;
#2411 = ORIENTED_EDGE ( 'NONE', *, *, #2533, .F. ) ;
#2412 = CARTESIAN_POINT ( 'NONE',  ( 0.9699999999999986411, 2.474178410326627109, -0.4637087234186793028 ) ) ;
#2413 = CARTESIAN_POINT ( 'NONE',  ( 313.0000000000000000, 0.000000000000000000, -243.2174660514637310 ) ) ;
#2414 = AXIS2_PLACEMENT_3D ( 'NONE', #9330, #995, #4597 ) ;
#2415 = CARTESIAN_POINT ( 'NONE',  ( 2.469999999999805684, -0.1043506507306668496, 2.345481331188059571 ) ) ;
#2416 = EDGE_CURVE ( 'NONE', #4045, #2789, #11393, .T. ) ;
#2417 = ADVANCED_FACE ( 'NONE', ( #6697 ), #6754, .F. ) ;
#2418 = DIRECTION ( 'NONE',  ( -6.100319300594403953E-16, -0.6388554570236131269, 0.7693267868930279141 ) ) ;
#2419 = ORIENTED_EDGE ( 'NONE', *, *, #8030, .T. ) ;
#2420 = LINE ( 'NONE', #6116, #4808 ) ;
#2421 = EDGE_LOOP ( 'NONE', ( #6984, #6541, #487, #1183 ) ) ;
#2422 = ORIENTED_EDGE ( 'NONE', *, *, #6112, .T. ) ;
#2423 = CARTESIAN_POINT ( 'NONE',  ( 210.8265096880607814, 0.000000000000000000, -208.4456223450676475 ) ) ;
#2424 = LINE ( 'NONE', #692, #7809 ) ;
#2425 = CARTESIAN_POINT ( 'NONE',  ( 507.0000000000000000, -1.500000000000000000, -7.036038418561928313E-14 ) ) ;
#2426 = CARTESIAN_POINT ( 'NONE',  ( 162.5000000000000568, -1.684550153050212939, -259.2382993847971306 ) ) ;
#2427 = EDGE_CURVE ( 'NONE', #3953, #4744, #5897, .T. ) ;
#2428 = VERTEX_POINT ( 'NONE', #10464 ) ;
#2429 = ORIENTED_EDGE ( 'NONE', *, *, #2790, .T. ) ;
#2430 = LINE ( 'NONE', #6075, #6548 ) ;
#2431 = ORIENTED_EDGE ( 'NONE', *, *, #9870, .F. ) ;
#2432 = VERTEX_POINT ( 'NONE', #2187 ) ;
#2433 = DIRECTION ( 'NONE',  ( 0.000000000000000000, 0.000000000000000000, 1.000000000000000000 ) ) ;
#2434 = ORIENTED_EDGE ( 'NONE', *, *, #9883, .F. ) ;
#2435 = VECTOR ( 'NONE', #2537, 1000.000000000000000 ) ;
#2436 = DIRECTION ( 'NONE',  ( 1.000000000000000000, -0.000000000000000000, 0.000000000000000000 ) ) ;
#2437 = DIRECTION ( 'NONE',  ( 0.000000000000000000, 0.000000000000000000, 1.000000000000000000 ) ) ;
#2438 = EDGE_LOOP ( 'NONE', ( #4501, #6478, #658, #5700 ) ) ;
#2439 = ADVANCED_FACE ( 'NONE', ( #1088, #11448 ), #11211, .T. ) ;
#2440 = ADVANCED_FACE ( 'NONE', ( #158 ), #7713, .F. ) ;
#2441 = DIRECTION ( 'NONE',  ( 0.7071067811865475727, -0.000000000000000000, 0.7071067811865475727 ) ) ;
#2442 = ORIENTED_EDGE ( 'NONE', *, *, #9790, .F. ) ;
#2443 = LINE ( 'NONE', #1514, #3067 ) ;
#2444 = ORIENTED_CLOSED_SHELL ( 'NONE', *, #4522, .F. );
#2445 = CARTESIAN_POINT ( 'NONE',  ( 0.9700000000000541522, 2.320155338140645007, 0.2698706486283231065 ) ) ;
#2446 = ORIENTED_EDGE ( 'NONE', *, *, #8941, .T. ) ;
#2447 = AXIS2_PLACEMENT_3D ( 'NONE', #7790, #3291, #8709 ) ;
#2448 = CARTESIAN_POINT ( 'NONE',  ( 507.0000000000000000, 0.000000000000000000, -7.036038418561928313E-14 ) ) ;
#2449 = CARTESIAN_POINT ( 'NONE',  ( 181.9999999999999716, 0.000000000000000000, -179.2174660514637310 ) ) ;
#2450 = DIRECTION ( 'NONE',  ( -0.000000000000000000, -1.000000000000000000, -0.000000000000000000 ) ) ;
#2451 = LINE ( 'NONE', #11949, #1264 ) ;
#2452 = ORIENTED_EDGE ( 'NONE', *, *, #6917, .F. ) ;
#2453 = ADVANCED_FACE ( 'NONE', ( #1032 ), #9542, .T. ) ;
#2454 = DIRECTION ( 'NONE',  ( 1.000000000000000000, 2.000187765493021278E-16, -7.400880780937300593E-16 ) ) ;
#2455 = ITEM_DEFINED_TRANSFORMATION ( 'NONE', 'NONE', #9774,  #1424 ) ;
#2456 = CARTESIAN_POINT ( 'NONE',  ( 0.9843342201064364527, 2.280059657659233352, -0.01773143027100632096 ) ) ;
#2457 = DIRECTION ( 'NONE',  ( 7.458953646862285020E-16, 0.5325788032461932220, -0.8463804217565837895 ) ) ;
#2458 = CARTESIAN_POINT ( 'NONE',  ( 2.469999999999972218, -0.1043506507305280717, 1.963500000000506507 ) ) ;
#2459 = ORIENTED_EDGE ( 'NONE', *, *, #11089, .F. ) ;
#2460 = COLOUR_RGB ( '',0.5098039215686274161, 0.5098039215686274161, 0.5882352941176470784 ) ;
#2461 = DIRECTION ( 'NONE',  ( 0.7071067811865553443, 0.000000000000000000, 0.7071067811865396902 ) ) ;
#2462 = PLANE ( 'NONE',  #3209 ) ;
#2463 = DIRECTION ( 'NONE',  ( -1.000000000000000000, -2.000187765493021278E-16, 7.400880780937300593E-16 ) ) ;
#2464 = ORIENTED_EDGE ( 'NONE', *, *, #11460, .T. ) ;
#2465 = EDGE_CURVE ( 'NONE', #11497, #2008, #3905, .T. ) ;
#2466 = DIRECTION ( 'NONE',  ( 0.000000000000000000, 0.000000000000000000, 1.000000000000000000 ) ) ;
#2467 = CARTESIAN_POINT ( 'NONE',  ( 0.9699999999999986411, 2.489954509273251126, -0.4551746698936293134 ) ) ;
#2468 = CARTESIAN_POINT ( 'NONE',  ( 161.8686667843509781, -3.279126179619950676, -259.2591327181303313 ) ) ;
#2469 = ORIENTED_EDGE ( 'NONE', *, *, #604, .T. ) ;
#2470 = CARTESIAN_POINT ( 'NONE',  ( 0.000000000000000000, -1.500000000000001332, -111.0000000000000000 ) ) ;
#2471 = LINE ( 'NONE', #10688, #10911 ) ;
#2472 = VECTOR ( 'NONE', #9776, 1000.000000000000000 ) ;
#2473 = PLANE ( 'NONE',  #6000 ) ;
#2474 = EDGE_LOOP ( 'NONE', ( #10076, #910, #6543, #521 ) ) ;
#2475 = FACE_OUTER_BOUND ( 'NONE', #11075, .T. ) ;
#2476 = EDGE_LOOP ( 'NONE', ( #7579, #2972 ) ) ;
#2477 = DIRECTION ( 'NONE',  ( 0.000000000000000000, 1.000000000000000000, 6.123233995736766036E-17 ) ) ;
#2478 = FACE_OUTER_BOUND ( 'NONE', #2650, .T. ) ;
#2479 = LINE ( 'NONE', #5156, #11522 ) ;
#2480 = ADVANCED_FACE ( 'NONE', ( #1262 ), #11333, .T. ) ;
#2481 = FACE_OUTER_BOUND ( 'NONE', #4649, .T. ) ;
#2482 = FACE_OUTER_BOUND ( 'NONE', #3679, .T. ) ;
#2483 = VECTOR ( 'NONE', #8096, 1000.000000000000000 ) ;
#2484 = CARTESIAN_POINT ( 'NONE',  ( 272.0000000000000000, 0.000000000000000000, -224.7174660514637594 ) ) ;
#2485 = ORIENTED_EDGE ( 'NONE', *, *, #1598, .T. ) ;
#2486 = ORIENTED_EDGE ( 'NONE', *, *, #7646, .T. ) ;
#2487 = DIRECTION ( 'NONE',  ( 1.445076253180192051E-16, 1.000000000000000000, -2.553512956637819811E-15 ) ) ;
#2488 = VERTEX_POINT ( 'NONE', #36 ) ;
#2489 = ORIENTED_EDGE ( 'NONE', *, *, #5265, .T. ) ;
#2490 = CARTESIAN_POINT ( 'NONE',  ( 336.1545311035279724, 0.000000000000000000, -228.4456223450676475 ) ) ;
#2491 = VECTOR ( 'NONE', #1380, 1000.000000000000000 ) ;
#2492 = AXIS2_PLACEMENT_3D ( 'NONE', #2808, #5601, #6447 ) ;
#2493 = EDGE_CURVE ( 'NONE', #1203, #65, #3842, .T. ) ;
#2494 = SURFACE_STYLE_FILL_AREA ( #5289 ) ;
#2495 = LINE ( 'NONE', #10649, #10752 ) ;
#2496 = EDGE_LOOP ( 'NONE', ( #8851, #3371, #1031, #805 ) ) ;
#2497 = DIRECTION ( 'NONE',  ( 0.000000000000000000, 1.000000000000000000, 0.000000000000000000 ) ) ;
#2498 = ORIENTED_EDGE ( 'NONE', *, *, #6162, .F. ) ;
#2499 = CARTESIAN_POINT ( 'NONE',  ( 162.5189203879641866, -3.514999999999999680, -259.2653823425272321 ) ) ;
#2500 = DIRECTION ( 'NONE',  ( 2.208597309011112295E-16, -0.8660254037844387076, -0.4999999999999998890 ) ) ;
#2501 = DIRECTION ( 'NONE',  ( 0.000000000000000000, 0.000000000000000000, 1.000000000000000000 ) ) ;
#2502 = CIRCLE ( 'NONE', #6585, 3.175000000000029576 ) ;
#2503 = VECTOR ( 'NONE', #11883, 1000.000000000000114 ) ;
#2504 = ORIENTED_EDGE ( 'NONE', *, *, #989, .F. ) ;
#2505 = ADVANCED_FACE ( 'NONE', ( #5778 ), #4873, .F. ) ;
#2506 = DIRECTION ( 'NONE',  ( 2.775557561562890858E-16, 0.000000000000000000, 1.000000000000000000 ) ) ;
#2507 = EDGE_CURVE ( 'NONE', #8003, #7681, #1439, .T. ) ;
#2508 = CARTESIAN_POINT ( 'NONE',  ( 0.9699999999999986411, 2.474178410326627109, -0.4637087234186793028 ) ) ;
#2509 = SURFACE_STYLE_USAGE ( .BOTH. , #10845 ) ;
#2510 = DIRECTION ( 'NONE',  ( 0.000000000000000000, -1.000000000000000000, 0.000000000000000000 ) ) ;
#2511 = ORIENTED_EDGE ( 'NONE', *, *, #4285, .T. ) ;
#2512 = CIRCLE ( 'NONE', #7943, 0.03983479767572151858 ) ;
#2513 = AXIS2_PLACEMENT_3D ( 'NONE', #1802, #6361, #10069 ) ;
#2514 = CARTESIAN_POINT ( 'NONE',  ( 2.450950000000035267, 1.810417492354471358, -0.7912649203304505940 ) ) ;
#2515 = FACE_OUTER_BOUND ( 'NONE', #4864, .T. ) ;
#2516 = DIRECTION ( 'NONE',  ( 3.329159345957563508E-17, 0.9829615588624288636, 0.1838112450280011134 ) ) ;
#2517 = AXIS2_PLACEMENT_3D ( 'NONE', #8331, #12063, #3720 ) ;
#2518 = EDGE_CURVE ( 'NONE', #10749, #6696, #11560, .T. ) ;
#2519 = VERTEX_POINT ( 'NONE', #454 ) ;
#2520 = ORIENTED_EDGE ( 'NONE', *, *, #1728, .F. ) ;
#2521 = CARTESIAN_POINT ( 'NONE',  ( 2.279499999986056569, -1.387778780781445676E-13, 2.220446049250313081E-13 ) ) ;
#2522 = EDGE_CURVE ( 'NONE', #11336, #7502, #4217, .T. ) ;
#2523 = LINE ( 'NONE', #9077, #4192 ) ;
#2524 = VERTEX_POINT ( 'NONE', #4189 ) ;
#2525 = LINE ( 'NONE', #10800, #8831 ) ;
#2526 = FACE_BOUND ( 'NONE', #11019, .T. ) ;
#2527 = FACE_OUTER_BOUND ( 'NONE', #2866, .T. ) ;
#2528 = EDGE_LOOP ( 'NONE', ( #6115, #11682, #4976, #11798 ) ) ;
#2529 = AXIS2_PLACEMENT_3D ( 'NONE', #10425, #2089, #6212 ) ;
#2530 = LINE ( 'NONE', #2412, #5460 ) ;
#2531 = DIRECTION ( 'NONE',  ( 0.000000000000000000, 1.451836795974971827E-12, 1.000000000000000000 ) ) ;
#2532 = CARTESIAN_POINT ( 'NONE',  ( 0.9700000000000541522, 2.411676466675976904, 0.2596360154718535540 ) ) ;
#2533 = EDGE_CURVE ( 'NONE', #3953, #1887, #7887, .T. ) ;
#2534 = ORIENTED_EDGE ( 'NONE', *, *, #3997, .T. ) ;
#2535 = CARTESIAN_POINT ( 'NONE',  ( 162.7500000000000284, -3.514999999999999680, -85.15000000000000568 ) ) ;
#2536 = ORIENTED_EDGE ( 'NONE', *, *, #10279, .F. ) ;
#2537 = DIRECTION ( 'NONE',  ( 1.000000000000000000, -0.000000000000000000, -1.387778780781445429E-16 ) ) ;
#2538 = CARTESIAN_POINT ( 'NONE',  ( 0.9843342201064364527, 2.472115022385063199, -0.4641528512045745014 ) ) ;
#2539 = DIRECTION ( 'NONE',  ( 5.093471763814038141E-16, 0.7772448707074812724, -0.6291982286679697056 ) ) ;
#2540 = VECTOR ( 'NONE', #480, 1000.000000000000000 ) ;
#2541 = ADVANCED_FACE ( 'NONE', ( #5108 ), #11621, .F. ) ;
#2542 = ORIENTED_EDGE ( 'NONE', *, *, #11881, .F. ) ;
#2543 = CARTESIAN_POINT ( 'NONE',  ( 168.4999999999999716, 0.000000000000000000, -252.5728208825323691 ) ) ;
#2544 = DIRECTION ( 'NONE',  ( -1.000000000000000000, -2.000187765493021278E-16, 7.400880780937300593E-16 ) ) ;
#2545 = EDGE_LOOP ( 'NONE', ( #7073, #1821, #2498, #7340 ) ) ;
#2546 = ORIENTED_EDGE ( 'NONE', *, *, #11298, .F. ) ;
#2547 = LINE ( 'NONE', #6250, #6065 ) ;
#2549 = ORIENTED_EDGE ( 'NONE', *, *, #5548, .T. ) ;
#2548 = VECTOR ( 'NONE', #10788, 1000.000000000000000 ) ;
#2550 = CARTESIAN_POINT ( 'NONE',  ( 0.9699999999999986411, 2.500674538437719363, -0.4614095828219255679 ) ) ;
#2551 = LINE ( 'NONE', #1630, #10560 ) ;
#2552 = ORIENTED_EDGE ( 'NONE', *, *, #9335, .T. ) ;
#2553 = DIRECTION ( 'NONE',  ( -0.000000000000000000, 1.000000000000000000, -0.000000000000000000 ) ) ;
#2554 = EDGE_LOOP ( 'NONE', ( #3155, #2, #10708, #11807 ) ) ;
#2555 = CARTESIAN_POINT ( 'NONE',  ( 162.7172692001266228, -1.500000000000000000, -259.2195497589001434 ) ) ;
#2556 = CARTESIAN_POINT ( 'NONE',  ( 0.9843342201064364527, 2.471483893426551504, -0.4542524141098319701 ) ) ;
#2557 = DIRECTION ( 'NONE',  ( -4.992923249690979017E-16, 0.5000000000000059952, 0.8660254037844352659 ) ) ;
#2558 = ADVANCED_FACE ( 'NONE', ( #8864 ), #3207, .F. ) ;
#2559 = EDGE_CURVE ( 'NONE', #6876, #9983, #6981, .T. ) ;
#2560 = LINE ( 'NONE', #11153, #11021 ) ;
#2561 = LINE ( 'NONE', #7235, #11256 ) ;
#2562 = CYLINDRICAL_SURFACE ( 'NONE', #11324, 0.03983479767572151858 ) ;
#2563 = ORIENTED_EDGE ( 'NONE', *, *, #3027, .F. ) ;
#2564 = FACE_OUTER_BOUND ( 'NONE', #6970, .T. ) ;
#2565 = ORIENTED_EDGE ( 'NONE', *, *, #6495, .F. ) ;
#2566 = VECTOR ( 'NONE', #9854, 1000.000000000000000 ) ;
#2567 = FACE_OUTER_BOUND ( 'NONE', #7507, .T. ) ;
#2568 = CARTESIAN_POINT ( 'NONE',  ( 178.6688394328960499, 0.000000000000000000, -208.4456223450676475 ) ) ;
#2569 = EDGE_CURVE ( 'NONE', #7542, #11533, #8927, .T. ) ;
#2570 = DIRECTION ( 'NONE',  ( 0.000000000000000000, 1.000000000000000000, 6.123233995736766036E-17 ) ) ;
#2571 = DIRECTION ( 'NONE',  ( -3.593773247311037665E-16, 0.8463804217565837895, 0.5325788032461932220 ) ) ;
#2572 = DIRECTION ( 'NONE',  ( -0.000000000000000000, -1.000000000000000000, -0.000000000000000000 ) ) ;
#2573 = VECTOR ( 'NONE', #162, 1000.000000000000000 ) ;
#2574 = ORIENTED_EDGE ( 'NONE', *, *, #8822, .F. ) ;
#2575 = ORIENTED_EDGE ( 'NONE', *, *, #5865, .F. ) ;
#2576 = LINE ( 'NONE', #1595, #5782 ) ;
#2577 = CARTESIAN_POINT ( 'NONE',  ( 0.9700000000000541522, 2.357842869644438899, 0.2479398652346503917 ) ) ;
#2578 = ORIENTED_EDGE ( 'NONE', *, *, #2518, .F. ) ;
#2579 = LINE ( 'NONE', #9984, #8820 ) ;
#2580 = CARTESIAN_POINT ( 'NONE',  ( 402.9755125916354359, -1.224646799147346644E-18, -54.35518781845740932 ) ) ;
#2581 = CARTESIAN_POINT ( 'NONE',  ( 0.9843342201064364527, 2.371827334780168606, 0.1404019658359234590 ) ) ;
#2582 = ORIENTED_EDGE ( 'NONE', *, *, #7911, .T. ) ;
#2583 = EDGE_CURVE ( 'NONE', #11006, #1806, #2430, .T. ) ;
#2584 = COLOUR_RGB ( '',1.000000000000000000, 0.5019607843137254832, 0.2509803921568627416 ) ;
#2585 = EDGE_CURVE ( 'NONE', #1179, #8199, #10582, .T. ) ;
#2586 = PLANE ( 'NONE',  #1367 ) ;
#2587 = DIRECTION ( 'NONE',  ( -0.000000000000000000, 0.000000000000000000, 1.000000000000000000 ) ) ;
#2588 = EDGE_CURVE ( 'NONE', #4856, #5482, #518, .T. ) ;
#2589 = CARTESIAN_POINT ( 'NONE',  ( 336.1545311035279724, -1.500000000000000000, -208.4456223450676475 ) ) ;
#2590 = ORIENTED_EDGE ( 'NONE', *, *, #9947, .T. ) ;
#2591 = DIRECTION ( 'NONE',  ( -5.882887990558551382E-16, -0.4999999999999998890, 0.8660254037844387076 ) ) ;
#2592 = ORIENTED_EDGE ( 'NONE', *, *, #10202, .F. ) ;
#2593 = LINE ( 'NONE', #11126, #2435 ) ;
#2594 = FACE_OUTER_BOUND ( 'NONE', #3422, .T. ) ;
#2595 = CARTESIAN_POINT ( 'NONE',  ( 181.5000000000000284, 0.000000000000000000, -317.4174660514636912 ) ) ;
#2596 = AXIS2_PLACEMENT_3D ( 'NONE', #7153, #5334, #951 ) ;
#2597 = LINE ( 'NONE', #5392, #5734 ) ;
#2598 = EDGE_CURVE ( 'NONE', #8139, #9792, #11684, .T. ) ;
#2599 = CARTESIAN_POINT ( 'NONE',  ( 0.9699999999999986411, 2.219308366003869271, 0.03026883183765427532 ) ) ;
#2600 =( LENGTH_UNIT ( ) NAMED_UNIT ( * ) SI_UNIT ( .MILLI., .METRE. ) );
#2601 = VERTEX_POINT ( 'NONE', #2250 ) ;
#2602 = LINE ( 'NONE', #6537, #126 ) ;
#2603 = EDGE_LOOP ( 'NONE', ( #22, #8329, #8808, #6444, #10848 ) ) ;
#2604 = DIRECTION ( 'NONE',  ( -4.446352377255995586E-16, -0.8660254037844619113, 0.4999999999999597544 ) ) ;
#2605 = ORIENTED_EDGE ( 'NONE', *, *, #3570, .T. ) ;
#2606 = ORIENTED_EDGE ( 'NONE', *, *, #5703, .F. ) ;
#2607 = DIRECTION ( 'NONE',  ( -7.544538134627805428E-16, -0.1089854748730416517, 0.9940433422475588587 ) ) ;
#2608 = CARTESIAN_POINT ( 'NONE',  ( 166.0000000000000000, -3.500000000000000000, -85.15000000000000568 ) ) ;
#2609 = DIRECTION ( 'NONE',  ( 7.401486830834371151E-15, -0.000000000000000000, 1.000000000000000000 ) ) ;
#2610 = ORIENTED_EDGE ( 'NONE', *, *, #171, .F. ) ;
#2611 = EDGE_CURVE ( 'NONE', #9983, #5136, #3393, .T. ) ;
#2612 = EDGE_LOOP ( 'NONE', ( #8252, #9395, #10856 ) ) ;
#2613 = CARTESIAN_POINT ( 'NONE',  ( 161.8611124996453157, -0.2077670245547677264, -259.2257993847970283 ) ) ;
#2614 = LINE ( 'NONE', #8262, #4662 ) ;
#2615 = VERTEX_POINT ( 'NONE', #2307 ) ;
#2616 = DIRECTION ( 'NONE',  ( 1.000000000000000000, 0.000000000000000000, -0.000000000000000000 ) ) ;
#2617 = ORIENTED_EDGE ( 'NONE', *, *, #9913, .F. ) ;
#2618 = MECHANICAL_DESIGN_GEOMETRIC_PRESENTATION_REPRESENTATION (  '', ( #6499 ), #4174 ) ;
#2619 = LINE ( 'NONE', #11946, #2302 ) ;
#2620 = AXIS2_PLACEMENT_3D ( 'NONE', #7634, #6616, #7577 ) ;
#2621 = CARTESIAN_POINT ( 'NONE',  ( 0.9700000000000541522, 2.215529865583987235, 0.2851907763934818929 ) ) ;
#2622 = CARTESIAN_POINT ( 'NONE',  ( 341.0000000000000000, -3.500000000000000000, -85.15000000000000568 ) ) ;
#2623 = ORIENTED_EDGE ( 'NONE', *, *, #1956, .F. ) ;
#2624 = ADVANCED_FACE ( 'NONE', ( #9898 ), #1563, .F. ) ;
#2625 = DIRECTION ( 'NONE',  ( 4.530394626533123162E-16, 0.9215468201172465346, -0.3882672511708800123 ) ) ;
#2626 = CARTESIAN_POINT ( 'NONE',  ( 0.000000000000000000, -1.500000000000000000, -40.00000000000000000 ) ) ;
#2627 = ADVANCED_FACE ( 'NONE', ( #4079 ), #9720, .T. ) ;
#2628 = PLANE ( 'NONE',  #8511 ) ;
#2629 = VECTOR ( 'NONE', #5512, 1000.000000000000000 ) ;
#2630 = DIRECTION ( 'NONE',  ( -0.000000000000000000, 1.000000000000000000, -0.000000000000000000 ) ) ;
#2631 = FACE_OUTER_BOUND ( 'NONE', #8099, .T. ) ;
#2632 = LINE ( 'NONE', #11039, #543 ) ;
#2633 = ORIENTED_EDGE ( 'NONE', *, *, #380, .F. ) ;
#2634 = PLANE ( 'NONE',  #8695 ) ;
#2635 = LINE ( 'NONE', #7074, #9852 ) ;
#2636 = VECTOR ( 'NONE', #3742, 1000.000000000000000 ) ;
#2637 = PLANE ( 'NONE',  #8255 ) ;
#2638 = DIRECTION ( 'NONE',  ( 1.000000000000000000, 0.000000000000000000, 0.000000000000000000 ) ) ;
#2639 = ORIENTED_EDGE ( 'NONE', *, *, #5395, .F. ) ;
#2640 = CARTESIAN_POINT ( 'NONE',  ( 270.0000000000000000, 0.000000000000000000, -181.7174660514637310 ) ) ;
#2641 = CARTESIAN_POINT ( 'NONE',  ( 0.9699999999999986411, 2.324343390079142146, -0.05286747059574103957 ) ) ;
#2642 = CARTESIAN_POINT ( 'NONE',  ( 299.4999999999999432, 0.000000000000000000, -245.7174660514637310 ) ) ;
#2643 = EDGE_CURVE ( 'NONE', #4187, #7649, #3151, .T. ) ;
#2644 = EDGE_LOOP ( 'NONE', ( #10303, #830, #10767, #11389 ) ) ;
#2645 = DIRECTION ( 'NONE',  ( 6.845769268624693726E-16, -5.551115123125739315E-16, -1.000000000000000000 ) ) ;
#2646 = DIRECTION ( 'NONE',  ( 0.000000000000000000, 0.000000000000000000, -1.000000000000000000 ) ) ;
#2647 = DIRECTION ( 'NONE',  ( -0.000000000000000000, 1.000000000000000000, -0.000000000000000000 ) ) ;
#2648 = AXIS2_PLACEMENT_3D ( 'NONE', #8403, #5667, #6450 ) ;
#2649 = LINE ( 'NONE', #9142, #1324 ) ;
#2650 = EDGE_LOOP ( 'NONE', ( #8632, #7373, #8206, #7008 ) ) ;
#2651 = EDGE_CURVE ( 'NONE', #1670, #5867, #8749, .T. ) ;
#2652 = CARTESIAN_POINT ( 'NONE',  ( 336.1545311035279724, -1.500000000000000000, -228.4456223450676475 ) ) ;
#2653 = EDGE_CURVE ( 'NONE', #10140, #4788, #5522, .T. ) ;
#2654 = EDGE_LOOP ( 'NONE', ( #2060, #10892, #7529, #5133 ) ) ;
#2655 = DIRECTION ( 'NONE',  ( -0.000000000000000000, 1.000000000000000000, -0.000000000000000000 ) ) ;
#2656 = CARTESIAN_POINT ( 'NONE',  ( 0.9699999999999986411, 2.471859312447933110, -0.4541518301459911977 ) ) ;
#2657 = CARTESIAN_POINT ( 'NONE',  ( 168.4999999999999147, -1.500000000000000000, -143.9228208825323634 ) ) ;
#2658 = VECTOR ( 'NONE', #10780, 1000.000000000000000 ) ;
#2659 = LINE ( 'NONE', #4674, #5245 ) ;
#2660 = CARTESIAN_POINT ( 'NONE',  ( 0.9843342201063809416, 2.497213554801675173, -0.4633155959534729362 ) ) ;
#2661 = DIRECTION ( 'NONE',  ( 4.619824724853993812E-16, 0.8660254037844352659, -0.5000000000000058842 ) ) ;
#2662 = VERTEX_POINT ( 'NONE', #5401 ) ;
#2663 = DIRECTION ( 'NONE',  ( -4.880033246250719980E-16, -0.8660254037844102859, 0.5000000000000491829 ) ) ;
#2664 = CARTESIAN_POINT ( 'NONE',  ( 0.9700000000000541522, 2.220902331279694941, 0.2589129974102100107 ) ) ;
#2665 = ORIENTED_EDGE ( 'NONE', *, *, #9571, .T. ) ;
#2666 = VECTOR ( 'NONE', #8178, 1000.000000000000000 ) ;
#2667 = EDGE_LOOP ( 'NONE', ( #9642, #4013, #5221, #2888 ) ) ;
#2668 = CARTESIAN_POINT ( 'NONE',  ( 344.4790744643243556, -3.499999999999999556, -85.14791666666666003 ) ) ;
#2669 = ORIENTED_EDGE ( 'NONE', *, *, #10807, .F. ) ;
#2670 = ADVANCED_FACE ( 'NONE', ( #10007 ), #11138, .F. ) ;
#2671 = ORIENTED_EDGE ( 'NONE', *, *, #4116, .F. ) ;
#2672 = FACE_OUTER_BOUND ( 'NONE', #5959, .T. ) ;
#2673 = CARTESIAN_POINT ( 'NONE',  ( 0.9843342201064364527, 2.314344245309463144, 0.2847395351444903522 ) ) ;
#2674 = ORIENTED_EDGE ( 'NONE', *, *, #2298, .F. ) ;
#2675 = AXIS2_PLACEMENT_3D ( 'NONE', #2824, #6526, #6592 ) ;
#2676 = ORIENTED_EDGE ( 'NONE', *, *, #11173, .F. ) ;
#2677 = CARTESIAN_POINT ( 'NONE',  ( 162.5151500000000340, -1.780741793112315063, -259.2445493847970397 ) ) ;
#2678 = DIRECTION ( 'NONE',  ( 7.688781613602364267E-16, 0.5483224662306819264, -0.8362669866894797410 ) ) ;
#2679 = ORIENTED_EDGE ( 'NONE', *, *, #3611, .T. ) ;
#2680 = FACE_OUTER_BOUND ( 'NONE', #3822, .T. ) ;
#2681 = AXIS2_PLACEMENT_3D ( 'NONE', #3929, #6888, #9448 ) ;
#2682 = EDGE_CURVE ( 'NONE', #7082, #9074, #11864, .T. ) ;
#2684 = ORIENTED_EDGE ( 'NONE', *, *, #2518, .T. ) ;
#2683 = VECTOR ( 'NONE', #2157, 1000.000000000000000 ) ;
#2685 = CARTESIAN_POINT ( 'NONE',  ( 0.9700000000000541522, 2.125255814197562820, 0.2850196258058906862 ) ) ;
#2686 = CARTESIAN_POINT ( 'NONE',  ( 0.9700000000000541522, 2.314590793894927501, 0.2895770477463893711 ) ) ;
#2687 = VERTEX_POINT ( 'NONE', #6247 ) ;
#2688 = CARTESIAN_POINT ( 'NONE',  ( 0.9699999999999986411, 2.478099059916527569, -0.4493755085220041412 ) ) ;
#2689 = VERTEX_POINT ( 'NONE', #3709 ) ;
#2690 = CARTESIAN_POINT ( 'NONE',  ( 163.5000000000000284, -1.500000000000000000, -259.2174660514637026 ) ) ;
#2691 = CARTESIAN_POINT ( 'NONE',  ( 108.0308911515353856, 0.000000000000000000, -52.24518781845740989 ) ) ;
#2692 = CARTESIAN_POINT ( 'NONE',  ( 0.9843342201064919639, 2.523629592550979961, 0.2969646181048141154 ) ) ;
#2693 = VECTOR ( 'NONE', #9419, 1000.000000000000114 ) ;
#2694 = VECTOR ( 'NONE', #9245, 1000.000000000000114 ) ;
#2695 = CARTESIAN_POINT ( 'NONE',  ( 161.0455478158304743, -2.208058797628739800, -85.12916666666669130 ) ) ;
#2696 = CARTESIAN_POINT ( 'NONE',  ( 0.9699999999999986411, 2.492117772841445422, -0.4551746698942260583 ) ) ;
#2697 = ADVANCED_FACE ( 'NONE', ( #5342 ), #9044, .F. ) ;
#2698 = EDGE_LOOP ( 'NONE', ( #4743, #519 ) ) ;
#2699 = EDGE_CURVE ( 'NONE', #10115, #8385, #6429, .T. ) ;
#2700 = DIRECTION ( 'NONE',  ( -0.000000000000000000, -1.000000000000000000, -0.000000000000000000 ) ) ;
#2701 = VECTOR ( 'NONE', #2728, 1000.000000000000000 ) ;
#2702 = ORIENTED_EDGE ( 'NONE', *, *, #10606, .F. ) ;
#2703 = VECTOR ( 'NONE', #10690, 1000.000000000000000 ) ;
#2704 = PLANE ( 'NONE',  #2063 ) ;
#2705 = ORIENTED_EDGE ( 'NONE', *, *, #9338, .F. ) ;
#2706 = DIRECTION ( 'NONE',  ( 0.000000000000000000, 1.000000000000000000, 6.123233995736766036E-17 ) ) ;
#2707 = LINE ( 'NONE', #8171, #7644 ) ;
#2708 = ORIENTED_EDGE ( 'NONE', *, *, #11528, .T. ) ;
#2709 = DIRECTION ( 'NONE',  ( 3.314532638683736039E-16, 0.9706019575019914081, -0.2406903406730367678 ) ) ;
#2710 = LINE ( 'NONE', #2893, #8802 ) ;
#2711 = CARTESIAN_POINT ( 'NONE',  ( 173.0000000000000000, 0.000000000000000000, -233.2174660514637310 ) ) ;
#2712 = CARTESIAN_POINT ( 'NONE',  ( 0.9700000000000541522, 2.418816341710844142, 0.2702983817565729474 ) ) ;
#2713 = VECTOR ( 'NONE', #4709, 1000.000000000000000 ) ;
#2714 = LINE ( 'NONE', #8296, #3876 ) ;
#2715 = EDGE_CURVE ( 'NONE', #10965, #10749, #769, .T. ) ;
#2716 = ORIENTED_EDGE ( 'NONE', *, *, #10204, .T. ) ;
#2717 = EDGE_CURVE ( 'NONE', #2687, #11497, #8989, .T. ) ;
#2718 = CARTESIAN_POINT ( 'NONE',  ( 161.3385880231672616, -0.6653250392442942029, -85.11458333333337123 ) ) ;
#2719 = ORIENTED_EDGE ( 'NONE', *, *, #4952, .T. ) ;
#2720 = CARTESIAN_POINT ( 'NONE',  ( 301.6665948878440986, 0.000000000000000000, -228.4456223450676191 ) ) ;
#2721 = FACE_OUTER_BOUND ( 'NONE', #11756, .T. ) ;
#2722 = VECTOR ( 'NONE', #7266, 1000.000000000000000 ) ;
#2723 = DIRECTION ( 'NONE',  ( 0.000000000000000000, 0.000000000000000000, 1.000000000000000000 ) ) ;
#2724 = CARTESIAN_POINT ( 'NONE',  ( 246.6723182195912898, -1.500000000000000000, -190.1763372145972539 ) ) ;
#2725 = DIRECTION ( 'NONE',  ( 1.000000000000000000, 1.722632009336712421E-16, -4.625323219374409242E-16 ) ) ;
#2726 = ORIENTED_EDGE ( 'NONE', *, *, #3480, .F. ) ;
#2727 = EDGE_CURVE ( 'NONE', #4556, #4509, #644, .T. ) ;
#2728 = DIRECTION ( 'NONE',  ( 0.000000000000000000, 1.000000000000000000, 0.000000000000000000 ) ) ;
#2729 = LINE ( 'NONE', #6488, #4253 ) ;
#2730 = AXIS2_PLACEMENT_3D ( 'NONE', #9617, #11469, #4836 ) ;
#2731 = VERTEX_POINT ( 'NONE', #7403 ) ;
#2732 = EDGE_CURVE ( 'NONE', #10590, #8350, #1808, .T. ) ;
#2733 = VERTEX_POINT ( 'NONE', #10200 ) ;
#2734 = CARTESIAN_POINT ( 'NONE',  ( 0.9700000000000541522, 1.737768876015038932, 0.1974452814341859375 ) ) ;
#2735 = ORIENTED_EDGE ( 'NONE', *, *, #10155, .T. ) ;
#2736 = FACE_OUTER_BOUND ( 'NONE', #9428, .T. ) ;
#2737 = ORIENTED_EDGE ( 'NONE', *, *, #10692, .T. ) ;
#2738 = DIRECTION ( 'NONE',  ( -5.729747238077516883E-18, -1.000000000000000000, 3.497202527569202082E-15 ) ) ;
#2739 = FACE_OUTER_BOUND ( 'NONE', #925, .T. ) ;
#2740 = ORIENTED_EDGE ( 'NONE', *, *, #6149, .T. ) ;
#2741 = VECTOR ( 'NONE', #7635, 1000.000000000000000 ) ;
#2742 = EDGE_LOOP ( 'NONE', ( #4606, #344 ) ) ;
#2743 = ADVANCED_FACE ( 'NONE', ( #8190 ), #6369, .F. ) ;
#2744 = CARTESIAN_POINT ( 'NONE',  ( 161.2077670245547836, -0.8611124996453533020, -259.2341327181303541 ) ) ;
#2745 = EDGE_CURVE ( 'NONE', #11261, #8108, #8319, .T. ) ;
#2746 = CARTESIAN_POINT ( 'NONE',  ( 2.470000000000027729, 1.983372645743053386, -1.399080837149263568 ) ) ;
#2747 = ORIENTED_EDGE ( 'NONE', *, *, #5801, .T. ) ;
#2748 = EDGE_CURVE ( 'NONE', #6511, #12031, #3574, .T. ) ;
#2749 = LINE ( 'NONE', #8205, #4018 ) ;
#2750 = VECTOR ( 'NONE', #6659, 1000.000000000000000 ) ;
#2751 = EDGE_LOOP ( 'NONE', ( #2592, #7563 ) ) ;
#2752 = DIRECTION ( 'NONE',  ( 9.621326830187598882E-16, 2.220446049250292373E-16, -1.000000000000000000 ) ) ;
#2753 = DIRECTION ( 'NONE',  ( 1.000000000000000000, 2.000187765493021278E-16, -7.400880780937300593E-16 ) ) ;
#2754 = DIRECTION ( 'NONE',  ( 0.7071067811865475727, -0.000000000000000000, 0.7071067811865475727 ) ) ;
#2755 = VERTEX_POINT ( 'NONE', #1624 ) ;
#2756 = DIRECTION ( 'NONE',  ( -5.596305042383074563E-16, 0.3882672511708800123, 0.9215468201172465346 ) ) ;
#2757 = DIRECTION ( 'NONE',  ( -0.000000000000000000, 1.000000000000000000, -0.000000000000000000 ) ) ;
#2758 = VECTOR ( 'NONE', #3377, 1000.000000000000000 ) ;
#2759 = CARTESIAN_POINT ( 'NONE',  ( 0.9700000000000541522, 2.440789267712156985, 0.1548669140297720404 ) ) ;
#2760 = EDGE_CURVE ( 'NONE', #2361, #5056, #12050, .T. ) ;
#2761 = DIRECTION ( 'NONE',  ( 2.430477205608910899E-16, 0.9879614813472417101, -0.1547000690826087488 ) ) ;
#2762 = FACE_OUTER_BOUND ( 'NONE', #10105, .T. ) ;
#2763 = ORIENTED_EDGE ( 'NONE', *, *, #5786, .F. ) ;
#2764 = CARTESIAN_POINT ( 'NONE',  ( 266.6723182195912614, -1.500000000000000000, -190.1763372145972824 ) ) ;
#2765 = AXIS2_PLACEMENT_3D ( 'NONE', #9051, #4691, #5408 ) ;
#2766 = CARTESIAN_POINT ( 'NONE',  ( 0.9843342201064364527, 2.466484790674988936, 0.1704206895829646351 ) ) ;
#2767 = AXIS2_PLACEMENT_3D ( 'NONE', #722, #11947, #4446 ) ;
#2768 = VERTEX_POINT ( 'NONE', #5464 ) ;
#2769 = DIRECTION ( 'NONE',  ( 0.000000000000000000, -1.000000000000000000, 0.000000000000000000 ) ) ;
#2770 = ORIENTED_EDGE ( 'NONE', *, *, #11536, .F. ) ;
#2771 = DIRECTION ( 'NONE',  ( 1.000000000000000000, 2.000187765493021278E-16, -7.400880780937300593E-16 ) ) ;
#2772 = DIRECTION ( 'NONE',  ( -0.000000000000000000, -1.000000000000000000, -0.000000000000000000 ) ) ;
#2773 = FACE_OUTER_BOUND ( 'NONE', #3741, .T. ) ;
#2774 = PLANE ( 'NONE',  #2121 ) ;
#2775 = ADVANCED_FACE ( 'NONE', ( #6309 ), #1687, .T. ) ;
#2776 = VECTOR ( 'NONE', #1312, 1000.000000000000000 ) ;
#2777 = ORIENTED_EDGE ( 'NONE', *, *, #11677, .T. ) ;
#2778 = CARTESIAN_POINT ( 'NONE',  ( 162.7192526882484174, -1.515149999999999997, -85.10208370742149953 ) ) ;
#2779 = ORIENTED_EDGE ( 'NONE', *, *, #8466, .T. ) ;
#2780 = LINE ( 'NONE', #11063, #10408 ) ;
#2781 = LINE ( 'NONE', #3880, #1027 ) ;
#2782 = VECTOR ( 'NONE', #491, 1000.000000000000000 ) ;
#2783 = CARTESIAN_POINT ( 'NONE',  ( 211.0000000000000284, 0.000000000000000000, -259.2174660514637026 ) ) ;
#2784 = DIRECTION ( 'NONE',  ( 4.137898592767665440E-16, -0.6934400527214893417, -0.7205143255214416786 ) ) ;
#2785 = CARTESIAN_POINT ( 'NONE',  ( 0.9843342201064364527, 2.483238627135203380, -0.4875612958556310161 ) ) ;
#2786 = LINE ( 'NONE', #3461, #3308 ) ;
#2787 = DIRECTION ( 'NONE',  ( -1.000000000000000000, -2.000187765493021278E-16, 7.400880780937300593E-16 ) ) ;
#2788 = EDGE_CURVE ( 'NONE', #5223, #365, #2201, .T. ) ;
#2789 = VERTEX_POINT ( 'NONE', #7464 ) ;
#2790 = EDGE_CURVE ( 'NONE', #3903, #5169, #1196, .T. ) ;
#2791 = FACE_BOUND ( 'NONE', #6245, .T. ) ;
#2792 = VECTOR ( 'NONE', #2609, 1000.000000000000000 ) ;
#2793 = ORIENTED_EDGE ( 'NONE', *, *, #9005, .F. ) ;
#2794 = DIRECTION ( 'NONE',  ( -1.000000000000000000, -2.000187765493021278E-16, 7.400880780937300593E-16 ) ) ;
#2795 = EDGE_LOOP ( 'NONE', ( #2708, #9475, #7760, #12020 ) ) ;
#2796 = VERTEX_POINT ( 'NONE', #2116 ) ;
#2797 = CARTESIAN_POINT ( 'NONE',  ( 0.9699999999999986411, 2.483238627135203380, -0.4785059732241398467 ) ) ;
#2798 = ORIENTED_EDGE ( 'NONE', *, *, #11587, .T. ) ;
#2799 = FACE_OUTER_BOUND ( 'NONE', #8426, .T. ) ;
#2800 = ORIENTED_EDGE ( 'NONE', *, *, #11443, .F. ) ;
#2801 = ORIENTED_EDGE ( 'NONE', *, *, #5680, .F. ) ;
#2802 = ADVANCED_FACE ( 'NONE', ( #5824 ), #7521, .F. ) ;
#2803 = CARTESIAN_POINT ( 'NONE',  ( 162.5500832894004759, -1.596363320006271236, -259.2320493847969942 ) ) ;
#2804 = DIRECTION ( 'NONE',  ( 1.000000000000000000, -0.000000000000000000, 0.000000000000000000 ) ) ;
#2805 = ORIENTED_EDGE ( 'NONE', *, *, #1340, .F. ) ;
#2806 = CARTESIAN_POINT ( 'NONE',  ( 0.9700000000000541522, 2.400816861523547008, 0.2534304449035990059 ) ) ;
#2807 = ORIENTED_EDGE ( 'NONE', *, *, #7569, .T. ) ;
#2808 = CARTESIAN_POINT ( 'NONE',  ( 0.9699999999999986411, 2.374112209465067735, -0.01773143027149204354 ) ) ;
#2809 = ADVANCED_FACE ( 'NONE', ( #3770 ), #4918, .F. ) ;
#2810 = CARTESIAN_POINT ( 'NONE',  ( 0.9843342201064919639, 2.411676466676032859, 0.2596360154726445879 ) ) ;
#2811 = ORIENTED_EDGE ( 'NONE', *, *, #7303, .F. ) ;
#2812 = EDGE_CURVE ( 'NONE', #6105, #3648, #20, .T. ) ;
#2813 = DIRECTION ( 'NONE',  ( -0.000000000000000000, -1.000000000000000000, -0.000000000000000000 ) ) ;
#2814 = VERTEX_POINT ( 'NONE', #9470 ) ;
#2815 = CARTESIAN_POINT ( 'NONE',  ( 502.0000000000000000, -1.500999999999999890, -40.00000000000007105 ) ) ;
#2816 = DIRECTION ( 'NONE',  ( -0.000000000000000000, -1.000000000000000000, -0.000000000000000000 ) ) ;
#2817 = ADVANCED_FACE ( 'NONE', ( #6559 ), #5706, .F. ) ;
#2818 = CARTESIAN_POINT ( 'NONE',  ( 1.624750000000005024, -1.390940443400522585E-13, 3.175000000000168132 ) ) ;
#2819 = DIRECTION ( 'NONE',  ( 0.000000000000000000, 0.000000000000000000, 1.000000000000000000 ) ) ;
#2820 = LINE ( 'NONE', #10167, #7160 ) ;
#2821 = VECTOR ( 'NONE', #8373, 1000.000000000000000 ) ;
#2822 = ORIENTED_EDGE ( 'NONE', *, *, #6121, .T. ) ;
#2823 = DIRECTION ( 'NONE',  ( 0.000000000000000000, -1.000000000000000000, -6.123233995736766036E-17 ) ) ;
#2824 = CARTESIAN_POINT ( 'NONE',  ( 243.4999999999999716, 0.000000000000000000, -215.2174660514637594 ) ) ;
#2825 = ADVANCED_FACE ( 'NONE', ( #1018 ), #6623, .F. ) ;
#2826 = ORIENTED_EDGE ( 'NONE', *, *, #403, .F. ) ;
#2827 = FACE_OUTER_BOUND ( 'NONE', #3985, .T. ) ;
#2828 = ORIENTED_EDGE ( 'NONE', *, *, #4571, .T. ) ;
#2829 = CARTESIAN_POINT ( 'NONE',  ( 168.4999999999999716, -1.224646799147346644E-18, -250.4628208825323554 ) ) ;
#2830 = FACE_BOUND ( 'NONE', #2751, .T. ) ;
#2831 = VECTOR ( 'NONE', #6912, 1000.000000000000000 ) ;
#2832 = CARTESIAN_POINT ( 'NONE',  ( 296.0000000000000568, 0.000000000000000000, -179.2174660514637310 ) ) ;
#2833 = DIRECTION ( 'NONE',  ( -0.000000000000000000, -0.000000000000000000, 1.000000000000000000 ) ) ;
#2834 = CARTESIAN_POINT ( 'NONE',  ( 200.5000000000000000, 0.000000000000000000, -234.2174660514637310 ) ) ;
#2835 = VERTEX_POINT ( 'NONE', #1073 ) ;
#2836 = VECTOR ( 'NONE', #8764, 1000.000000000000000 ) ;
#2837 = CARTESIAN_POINT ( 'NONE',  ( 162.5500832894004759, -1.903636679993728764, -85.13541666666669983 ) ) ;
#2838 = EDGE_CURVE ( 'NONE', #11140, #2125, #1999, .T. ) ;
#2839 = EDGE_LOOP ( 'NONE', ( #1748, #4427, #11961, #10217 ) ) ;
#2840 = LINE ( 'NONE', #4786, #5928 ) ;
#2841 = ORIENTED_EDGE ( 'NONE', *, *, #628, .F. ) ;
#2842 = DIRECTION ( 'NONE',  ( -1.000000000000000000, -2.000187765493021278E-16, 7.400880780937300593E-16 ) ) ;
#2843 = CARTESIAN_POINT ( 'NONE',  ( 487.0000000000000000, 0.000000000000000000, -85.00000000000002842 ) ) ;
#2844 = CARTESIAN_POINT ( 'NONE',  ( 2.450950000000007289, -2.131491219643871560, -1.343750381945146843 ) ) ;
#2845 = AXIS2_PLACEMENT_3D ( 'NONE', #6496, #5587, #3774 ) ;
#2846 = ORIENTED_EDGE ( 'NONE', *, *, #4897, .F. ) ;
#2847 = CARTESIAN_POINT ( 'NONE',  ( 0.9700000000000541522, 2.347502163259545860, 0.1424318347458125578 ) ) ;
#2848 = ORIENTED_EDGE ( 'NONE', *, *, #568, .T. ) ;
#2849 = DIRECTION ( 'NONE',  ( -8.153087361344654632E-16, -0.2402795388977053970, 0.9707037360529247039 ) ) ;
#2850 = ORIENTED_EDGE ( 'NONE', *, *, #9568, .F. ) ;
#2851 = EDGE_CURVE ( 'NONE', #5192, #8350, #143, .T. ) ;
#2852 = ORIENTED_EDGE ( 'NONE', *, *, #2926, .T. ) ;
#2853 = VECTOR ( 'NONE', #2073, 1000.000000000000000 ) ;
#2854 = ADVANCED_FACE ( 'NONE', ( #7584 ), #11321, .F. ) ;
#2855 = FACE_OUTER_BOUND ( 'NONE', #3843, .T. ) ;
#2856 = VERTEX_POINT ( 'NONE', #1135 ) ;
#2857 = LINE ( 'NONE', #5469, #6528 ) ;
#2858 = DIRECTION ( 'NONE',  ( -6.845769268624693726E-16, 5.551115123125739315E-16, 1.000000000000000000 ) ) ;
#2859 = ORIENTED_EDGE ( 'NONE', *, *, #1100, .T. ) ;
#2860 = ORIENTED_EDGE ( 'NONE', *, *, #4942, .F. ) ;
#2861 = DIRECTION ( 'NONE',  ( 0.000000000000000000, 0.000000000000000000, 1.000000000000000000 ) ) ;
#2862 = VECTOR ( 'NONE', #5284, 1000.000000000000000 ) ;
#2863 = DIRECTION ( 'NONE',  ( 1.000000000000000000, 1.722632009336720063E-16, -7.400880780937477100E-16 ) ) ;
#2864 = ORIENTED_EDGE ( 'NONE', *, *, #8768, .F. ) ;
#2865 = CARTESIAN_POINT ( 'NONE',  ( 425.9999999999999432, -1.500000000000001332, -85.00000000000002842 ) ) ;
#2866 = EDGE_LOOP ( 'NONE', ( #2983, #898, #10266, #9653 ) ) ;
#2867 = EDGE_CURVE ( 'NONE', #9472, #6383, #7701, .T. ) ;
#2868 = DIRECTION ( 'NONE',  ( -1.000000000000000000, -2.000187765493021278E-16, 7.400880780937300593E-16 ) ) ;
#2869 = DIRECTION ( 'NONE',  ( 1.387778780781445182E-16, 0.000000000000000000, 1.000000000000000000 ) ) ;
#2870 = EDGE_LOOP ( 'NONE', ( #3878, #10857, #6557, #2504 ) ) ;
#2871 = VECTOR ( 'NONE', #8835, 1000.000000000000000 ) ;
#2872 = CARTESIAN_POINT ( 'NONE',  ( 300.9999999999999432, -84.71658488546623289, -264.2174660514637594 ) ) ;
#2873 = VERTEX_POINT ( 'NONE', #3029 ) ;
#2874 = CARTESIAN_POINT ( 'NONE',  ( 2.450950000000007289, -2.229467576931126516, -1.174050353182798379 ) ) ;
#2875 = DIRECTION ( 'NONE',  ( -2.208597309011063978E-16, 0.8660254037844428154, 0.4999999999999927280 ) ) ;
#2876 = CARTESIAN_POINT ( 'NONE',  ( 165.9999999999999432, -1.500000000000001332, -329.2174660514637594 ) ) ;
#2877 = CARTESIAN_POINT ( 'NONE',  ( 496.4999999999998295, 0.000000000000000000, -58.27983018403566717 ) ) ;
#2878 = DIRECTION ( 'NONE',  ( -1.000000000000000000, 0.000000000000000000, -0.000000000000000000 ) ) ;
#2879 = EDGE_CURVE ( 'NONE', #7730, #1684, #6740, .T. ) ;
#2880 = ADVANCED_FACE ( 'NONE', ( #8622 ), #3085, .F. ) ;
#2881 = VECTOR ( 'NONE', #6517, 1000.000000000000000 ) ;
#2882 = AXIS2_PLACEMENT_3D ( 'NONE', #11102, #9318, #2819 ) ;
#2883 = ORIENTED_EDGE ( 'NONE', *, *, #8015, .F. ) ;
#2884 = DIRECTION ( 'NONE',  ( 2.976118894602369861E-16, -0.8509796880744741054, -0.5251986009926824517 ) ) ;
#2885 = CARTESIAN_POINT ( 'NONE',  ( 2.450950000000062801, -2.283648034692081552, -1.080207047563674916 ) ) ;
#2886 = VERTEX_POINT ( 'NONE', #4121 ) ;
#2887 = CARTESIAN_POINT ( 'NONE',  ( 0.9700000000000541522, 2.366492138056563999, 0.2474031920336461354 ) ) ;
#2888 = ORIENTED_EDGE ( 'NONE', *, *, #8642, .T. ) ;
#2889 = VECTOR ( 'NONE', #3387, 1000.000000000000000 ) ;
#2890 = VECTOR ( 'NONE', #1582, 1000.000000000000000 ) ;
#2891 = DIRECTION ( 'NONE',  ( -1.445076253180178246E-16, -1.000000000000000000, 5.551115123125738329E-16 ) ) ;
#2892 = CARTESIAN_POINT ( 'NONE',  ( 344.4730567259024383, -1.619503335309179892, -85.11666666666667425 ) ) ;
#2893 = CARTESIAN_POINT ( 'NONE',  ( 0.000000000000000000, -1.500000000000000000, -317.4174660514636912 ) ) ;
#2894 = DIRECTION ( 'NONE',  ( 0.000000000000000000, -1.000000000000000000, 0.000000000000000000 ) ) ;
#2895 = EDGE_CURVE ( 'NONE', #7402, #5592, #10693, .T. ) ;
#2896 = EDGE_CURVE ( 'NONE', #2917, #2902, #3233, .T. ) ;
#2897 = CIRCLE ( 'NONE', #8527, 1.499999999964547026 ) ;
#2898 = ORIENTED_EDGE ( 'NONE', *, *, #2926, .F. ) ;
#2899 = VECTOR ( 'NONE', #6523, 1000.000000000000000 ) ;
#2900 = EDGE_CURVE ( 'NONE', #7730, #5744, #3139, .T. ) ;
#2901 = PLANE ( 'NONE',  #8098 ) ;
#2902 = VERTEX_POINT ( 'NONE', #9641 ) ;
#2903 = LINE ( 'NONE', #6, #8247 ) ;
#2904 = LINE ( 'NONE', #3017, #10551 ) ;
#2905 = DIRECTION ( 'NONE',  ( 1.000000000000000000, 0.000000000000000000, 0.000000000000000000 ) ) ;
#2906 = CARTESIAN_POINT ( 'NONE',  ( 2.470000000073470314, 1.953053935977692267E-13, 1.500000000021747715 ) ) ;
#2907 = CARTESIAN_POINT ( 'NONE',  ( 313.0000000000000000, 0.000000000000000000, -179.2174660514637310 ) ) ;
#2908 = AXIS2_PLACEMENT_3D ( 'NONE', #6088, #9791, #10838 ) ;
#2909 = PLANE ( 'NONE',  #2345 ) ;
#2910 = DIRECTION ( 'NONE',  ( -0.000000000000000000, -0.000000000000000000, 1.000000000000000000 ) ) ;
#2911 = AXIS2_PLACEMENT_3D ( 'NONE', #9508, #3872, #7564 ) ;
#2912 = ORIENTED_EDGE ( 'NONE', *, *, #7447, .F. ) ;
#2913 = CYLINDRICAL_SURFACE ( 'NONE', #8899, 0.2500000000000000000 ) ;
#2914 = ADVANCED_FACE ( 'NONE', ( #8735 ), #7817, .F. ) ;
#2915 = ORIENTED_EDGE ( 'NONE', *, *, #3453, .T. ) ;
#2916 = CARTESIAN_POINT ( 'NONE',  ( 321.9999999999999432, 0.000000000000000000, -179.2174660514637310 ) ) ;
#2917 = VERTEX_POINT ( 'NONE', #2176 ) ;
#2918 = VECTOR ( 'NONE', #4630, 1000.000000000000114 ) ;
#2919 = ORIENTED_EDGE ( 'NONE', *, *, #9851, .F. ) ;
#2920 =( NAMED_UNIT ( * ) SI_UNIT ( $, .STERADIAN. ) SOLID_ANGLE_UNIT ( ) );
#2921 = DIRECTION ( 'NONE',  ( 0.000000000000000000, 0.000000000000000000, -1.000000000000000000 ) ) ;
#2922 = VERTEX_POINT ( 'NONE', #5943 ) ;
#2923 = ORIENTED_EDGE ( 'NONE', *, *, #10819, .T. ) ;
#2924 = CARTESIAN_POINT ( 'NONE',  ( 344.2500000000000000, 0.000000000000000000, -85.00000000000001421 ) ) ;
#2925 = VECTOR ( 'NONE', #5366, 1000.000000000000000 ) ;
#2926 = EDGE_CURVE ( 'NONE', #2040, #8926, #5093, .T. ) ;
#2927 = LINE ( 'NONE', #11270, #11666 ) ;
#2928 = EDGE_LOOP ( 'NONE', ( #2177, #746, #9602, #710 ) ) ;
#2929 = DIRECTION ( 'NONE',  ( -1.073154985481277909E-15, 5.551115123125739315E-16, 1.000000000000000000 ) ) ;
#2930 = EDGE_LOOP ( 'NONE', ( #6225, #7463, #4913, #7535 ) ) ;
#2931 = DIRECTION ( 'NONE',  ( 1.000000000000000000, 1.722632009336709216E-16, 9.621326830187598882E-16 ) ) ;
#2932 = CARTESIAN_POINT ( 'NONE',  ( 0.9700000000000541522, 1.777399554396624781, -0.1634445113407462236 ) ) ;
#2934 = EDGE_LOOP ( 'NONE', ( #1982, #4443, #10954, #11984 ) ) ;
#2933 = AXIS2_PLACEMENT_3D ( 'NONE', #9961, #9218, #5575 ) ;
#2935 = CARTESIAN_POINT ( 'NONE',  ( 164.3750000000000284, -2.000000000000000000, -172.2087330257318456 ) ) ;
#2936 = DIRECTION ( 'NONE',  ( -1.000000000000000000, -2.000187765493021278E-16, 7.400880780937300593E-16 ) ) ;
#2937 = ORIENTED_EDGE ( 'NONE', *, *, #295, .F. ) ;
#2938 = DIRECTION ( 'NONE',  ( 0.000000000000000000, 0.000000000000000000, -1.000000000000000000 ) ) ;
#2939 = DIRECTION ( 'NONE',  ( 1.445076253180192051E-16, 1.000000000000000000, -2.553512956637819811E-15 ) ) ;
#2940 = ADVANCED_FACE ( 'NONE', ( #1489 ), #3258, .F. ) ;
#2941 = EDGE_CURVE ( 'NONE', #2292, #6761, #2295, .T. ) ;
#2942 = FACE_OUTER_BOUND ( 'NONE', #5107, .T. ) ;
#2943 = AXIS2_PLACEMENT_3D ( 'NONE', #6469, #4659, #994 ) ;
#2944 = ORIENTED_EDGE ( 'NONE', *, *, #3603, .T. ) ;
#2945 = DIRECTION ( 'NONE',  ( 0.000000000000000000, 0.000000000000000000, -1.000000000000000000 ) ) ;
#2946 = EDGE_LOOP ( 'NONE', ( #9777, #10702, #10410, #6473 ) ) ;
#2947 = PLANE ( 'NONE',  #1077 ) ;
#2948 = EDGE_LOOP ( 'NONE', ( #6747, #9341 ) ) ;
#2949 = VECTOR ( 'NONE', #9524, 1000.000000000000114 ) ;
#2950 = LINE ( 'NONE', #3058, #10094 ) ;
#2951 = DIRECTION ( 'NONE',  ( 1.000000000000000000, 2.000187765493021278E-16, -7.400880780937300593E-16 ) ) ;
#2952 = CARTESIAN_POINT ( 'NONE',  ( 0.000000000000000000, 0.000000000000000000, 0.000000000000000000 ) ) ;
#2953 = CARTESIAN_POINT ( 'NONE',  ( 8.499999999999285905, -2.449293598294707770E-17, -80.66964398456984497 ) ) ;
#2954 = EDGE_CURVE ( 'NONE', #7032, #10376, #4975, .T. ) ;
#2955 = DIRECTION ( 'NONE',  ( -1.000000000000000000, 0.000000000000000000, 0.000000000000000000 ) ) ;
#2956 =( GEOMETRIC_REPRESENTATION_CONTEXT ( 3 ) GLOBAL_UNCERTAINTY_ASSIGNED_CONTEXT ( ( #3704 ) ) GLOBAL_UNIT_ASSIGNED_CONTEXT ( ( #414, #11580, #11821 ) ) REPRESENTATION_CONTEXT ( 'NONE', 'WORKASPACE' ) );
#2957 = ORIENTED_EDGE ( 'NONE', *, *, #12007, .T. ) ;
#2958 = PLANE ( 'NONE',  #5301 ) ;
#2959 = CARTESIAN_POINT ( 'NONE',  ( 161.0455478158304743, -1.291941202371254205, -85.12083333333335133 ) ) ;
#2960 = ORIENTED_EDGE ( 'NONE', *, *, #5209, .F. ) ;
#2961 = LINE ( 'NONE', #5632, #3200 ) ;
#2962 = CARTESIAN_POINT ( 'NONE',  ( 0.9699999999999986411, 2.472610150490411662, -0.4539506622169009464 ) ) ;
#2963 = ADVANCED_FACE ( 'NONE', ( #6968 ), #4298, .T. ) ;
#2964 = VERTEX_POINT ( 'NONE', #8001 ) ;
#2965 = EDGE_CURVE ( 'NONE', #5721, #2689, #11495, .T. ) ;
#2966 = CARTESIAN_POINT ( 'NONE',  ( 198.6688394328960499, -1.500000000000000000, -228.4456223450676191 ) ) ;
#2967 = FACE_OUTER_BOUND ( 'NONE', #2076, .T. ) ;
#2968 = FACE_BOUND ( 'NONE', #5371, .T. ) ;
#2969 = CIRCLE ( 'NONE', #7810, 2.984499999911372825 ) ;
#2970 = CARTESIAN_POINT ( 'NONE',  ( 2.279499999986055236, -1.380728864574964708E-13, -3.175000000055438143 ) ) ;
#2971 = DIRECTION ( 'NONE',  ( -1.000000000000000000, 0.000000000000000000, 0.000000000000000000 ) ) ;
#2972 = ORIENTED_EDGE ( 'NONE', *, *, #7429, .F. ) ;
#2973 = EDGE_CURVE ( 'NONE', #4955, #2601, #1427, .T. ) ;
#2974 = FACE_OUTER_BOUND ( 'NONE', #1234, .T. ) ;
#2975 = ORIENTED_EDGE ( 'NONE', *, *, #5241, .F. ) ;
#2976 = CARTESIAN_POINT ( 'NONE',  ( 0.9700000000000541522, 2.215529865583654168, 0.2832232613420165857 ) ) ;
#2977 = ORIENTED_EDGE ( 'NONE', *, *, #577, .F. ) ;
#2978 = ORIENTED_EDGE ( 'NONE', *, *, #206, .F. ) ;
#2979 = CARTESIAN_POINT ( 'NONE',  ( 0.9699999999999986411, 2.463272841927294010, -0.4667935467041195441 ) ) ;
#2980 = ADVANCED_FACE ( 'NONE', ( #7938 ), #8852, .T. ) ;
#2981 = CARTESIAN_POINT ( 'NONE',  ( 402.9755125916354359, -1.500000000000000000, -52.24518781845740989 ) ) ;
#2982 = VERTEX_POINT ( 'NONE', #10570 ) ;
#2983 = ORIENTED_EDGE ( 'NONE', *, *, #11120, .T. ) ;
#2984 = CIRCLE ( 'NONE', #1408, 2.100000000000019629 ) ;
#2985 = CARTESIAN_POINT ( 'NONE',  ( 2.469999999999805684, 0.06360232754379357978, 2.345481331187913909 ) ) ;
#2986 = DIRECTION ( 'NONE',  ( -1.000000000000000000, -2.000187765493021278E-16, 7.400880780937300593E-16 ) ) ;
#2987 = ORIENTED_EDGE ( 'NONE', *, *, #3293, .T. ) ;
#2988 = FACE_OUTER_BOUND ( 'NONE', #11922, .T. ) ;
#2989 = ORIENTED_EDGE ( 'NONE', *, *, #10132, .F. ) ;
#2990 = CARTESIAN_POINT ( 'NONE',  ( 2.469999999999944684, -0.2359217314834016754, 2.517800735128076894 ) ) ;
#2991 = ORIENTED_EDGE ( 'NONE', *, *, #4327, .F. ) ;
#2992 = ADVANCED_FACE ( 'NONE', ( #10512 ), #3321, .F. ) ;
#2993 = DIRECTION ( 'NONE',  ( -0.000000000000000000, -0.000000000000000000, 1.000000000000000000 ) ) ;
#2994 = VERTEX_POINT ( 'NONE', #10751 ) ;
#2995 = CARTESIAN_POINT ( 'NONE',  ( 2.470000000000027729, -1.841708557294235993, -1.198728831998729927 ) ) ;
#2996 = AXIS2_PLACEMENT_3D ( 'NONE', #2154, #10371, #11299 ) ;
#2997 = DIRECTION ( 'NONE',  ( 0.000000000000000000, 0.000000000000000000, -1.000000000000000000 ) ) ;
#2998 = CARTESIAN_POINT ( 'NONE',  ( 344.3759047450927255, -1.531553402911435935, -259.2257993847970852 ) ) ;
#2999 = DIRECTION ( 'NONE',  ( -5.450653880985233058E-16, 0.1293109790943751669, 0.9916040896878420829 ) ) ;
#3000 = ORIENTED_EDGE ( 'NONE', *, *, #247, .T. ) ;
#3001 = CARTESIAN_POINT ( 'NONE',  ( 313.0000000000000000, 0.000000000000000000, -233.2174660514637310 ) ) ;
#3002 = LINE ( 'NONE', #8415, #4627 ) ;
#3003 = EDGE_CURVE ( 'NONE', #7322, #4526, #2420, .T. ) ;
#3004 = PLANE ( 'NONE',  #5167 ) ;
#3005 = ORIENTED_EDGE ( 'NONE', *, *, #10164, .F. ) ;
#3006 = CARTESIAN_POINT ( 'NONE',  ( 6.499999999999286793, 0.000000000000000000, -80.66964398456984497 ) ) ;
#3007 = LINE ( 'NONE', #7562, #9724 ) ;
#3008 =( NAMED_UNIT ( * ) PLANE_ANGLE_UNIT ( ) SI_UNIT ( $, .RADIAN. ) );
#3009 = PLANE ( 'NONE',  #2911 ) ;
#3010 = ORIENTED_EDGE ( 'NONE', *, *, #9531, .F. ) ;
#3011 = ORIENTED_EDGE ( 'NONE', *, *, #2717, .T. ) ;
#3012 = CARTESIAN_POINT ( 'NONE',  ( 162.6240952549072745, -1.531553402911435491, -85.10833333333334849 ) ) ;
#3013 = ORIENTED_EDGE ( 'NONE', *, *, #7740, .F. ) ;
#3014 = VECTOR ( 'NONE', #1374, 1000.000000000000114 ) ;
#3015 = EDGE_CURVE ( 'NONE', #63, #11912, #571, .T. ) ;
#3016 = CARTESIAN_POINT ( 'NONE',  ( 0.9699999999999986411, 2.472865152089859464, -0.4640019752579910284 ) ) ;
#3017 = CARTESIAN_POINT ( 'NONE',  ( 0.9700000000000541522, 1.737768876015094444, -0.1974467148554287510 ) ) ;
#3018 = ORIENTED_EDGE ( 'NONE', *, *, #3249, .T. ) ;
#3019 = FILL_AREA_STYLE_COLOUR ( '', #8450 ) ;
#3020 = DIRECTION ( 'NONE',  ( 1.000000000000000000, -0.000000000000000000, 0.000000000000000000 ) ) ;
#3021 = CARTESIAN_POINT ( 'NONE',  ( 0.9699999999999986411, 2.471364892679961400, -0.4643037271511718522 ) ) ;
#3022 = LINE ( 'NONE', #6733, #4475 ) ;
#3023 = VERTEX_POINT ( 'NONE', #384 ) ;
#3024 = FACE_OUTER_BOUND ( 'NONE', #5879, .T. ) ;
#3025 = VECTOR ( 'NONE', #5856, 1000.000000000000000 ) ;
#3026 = ADVANCED_FACE ( 'NONE', ( #6236 ), #10811, .T. ) ;
#3027 = EDGE_CURVE ( 'NONE', #278, #9359, #1103, .T. ) ;
#3028 = ORIENTED_EDGE ( 'NONE', *, *, #8472, .T. ) ;
#3029 = CARTESIAN_POINT ( 'NONE',  ( 0.9699999999999986411, 2.494238536142306728, -0.4649539812289077423 ) ) ;
#3030 = ORIENTED_EDGE ( 'NONE', *, *, #2247, .F. ) ;
#3031 = PLANE ( 'NONE',  #10732 ) ;
#3032 = PRESENTATION_LAYER_ASSIGNMENT (  '', '', ( #6722 ) ) ;
#3033 = FACE_OUTER_BOUND ( 'NONE', #10616, .T. ) ;
#3034 = EDGE_LOOP ( 'NONE', ( #7206, #5166, #11420, #2160 ) ) ;
#3035 = EDGE_LOOP ( 'NONE', ( #9310, #2590, #10286, #8539 ) ) ;
#3036 = CARTESIAN_POINT ( 'NONE',  ( 2.470000000000027729, -1.725772238865302954, -0.9378747999921333012 ) ) ;
#3037 = LINE ( 'NONE', #759, #11087 ) ;
#3038 = EDGE_CURVE ( 'NONE', #3587, #5902, #688, .T. ) ;
#3039 = ORIENTED_EDGE ( 'NONE', *, *, #9574, .F. ) ;
#3040 = CARTESIAN_POINT ( 'NONE',  ( 5.000000000000000000, 0.000000000000000000, -40.00000000000000000 ) ) ;
#3041 = EDGE_LOOP ( 'NONE', ( #2574, #7825, #9816, #627 ) ) ;
#3042 = EDGE_CURVE ( 'NONE', #2357, #9806, #10932, .T. ) ;
#3043 = LINE ( 'NONE', #8581, #5475 ) ;
#3044 = ORIENTED_EDGE ( 'NONE', *, *, #5842, .T. ) ;
#3045 = CARTESIAN_POINT ( 'NONE',  ( 345.1313332156489651, -0.2208738203800077737, -85.10833333333334849 ) ) ;
#3046 = CARTESIAN_POINT ( 'NONE',  ( 0.9843342201064364527, 2.497005303495281048, -0.4455356094380108489 ) ) ;
#3047 = ORIENTED_EDGE ( 'NONE', *, *, #8768, .T. ) ;
#3048 = DIRECTION ( 'NONE',  ( -1.000000000000000000, 0.000000000000000000, -0.000000000000000000 ) ) ;
#3049 = AXIS2_PLACEMENT_3D ( 'NONE', #7594, #94, #4985 ) ;
#3050 = CARTESIAN_POINT ( 'NONE',  ( 272.0000000000000000, 0.000000000000000000, -236.2174660514637310 ) ) ;
#3051 = CARTESIAN_POINT ( 'NONE',  ( 345.1388875003545422, -0.2077670245546934802, -259.2257993847970852 ) ) ;
#3052 = FACE_OUTER_BOUND ( 'NONE', #2946, .T. ) ;
#3053 = EDGE_CURVE ( 'NONE', #1488, #1409, #5272, .T. ) ;
#3054 = VECTOR ( 'NONE', #9529, 1000.000000000000000 ) ;
#3055 = CYLINDRICAL_SURFACE ( 'NONE', #10853, 2.110000000000000764 ) ;
#3056 = CARTESIAN_POINT ( 'NONE',  ( 10.49999999999928413, -1.500000000000001332, -84.66964398456981655 ) ) ;
#3057 = ORIENTED_EDGE ( 'NONE', *, *, #11225, .T. ) ;
#3058 = CARTESIAN_POINT ( 'NONE',  ( 295.9999999999999432, -1.500000000000001332, -259.2174660514637026 ) ) ;
#3059 = CARTESIAN_POINT ( 'NONE',  ( 502.0000000000000000, -3.500000000000000000, -1.750000000000069278 ) ) ;
#3060 = VECTOR ( 'NONE', #3488, 1000.000000000000114 ) ;
#3061 = CARTESIAN_POINT ( 'NONE',  ( 0.9699999999999986411, 2.503720345611776033, -0.4485786285236964543 ) ) ;
#3062 = ADVANCED_FACE ( 'NONE', ( #3624 ), #8235, .F. ) ;
#3063 = ADVANCED_FACE ( 'NONE', ( #2475 ), #8975, .F. ) ;
#3064 = VERTEX_POINT ( 'NONE', #7324 ) ;
#3065 = ORIENTED_EDGE ( 'NONE', *, *, #7629, .T. ) ;
#3066 = CARTESIAN_POINT ( 'NONE',  ( 502.0000000000000000, -3.500000000000000000, -3.375000000000069278 ) ) ;
#3067 = VECTOR ( 'NONE', #594, 1000.000000000000114 ) ;
#3068 = ORIENTED_EDGE ( 'NONE', *, *, #8822, .T. ) ;
#3069 = CIRCLE ( 'NONE', #720, 2.100000000000019629 ) ;
#3070 = DIRECTION ( 'NONE',  ( -0.000000000000000000, -1.000000000000000000, -0.000000000000000000 ) ) ;
#3071 = DIRECTION ( 'NONE',  ( -1.000000000000000000, -2.000187765493021278E-16, 7.400880780937300593E-16 ) ) ;
#3072 = ORIENTED_EDGE ( 'NONE', *, *, #7299, .F. ) ;
#3073 = DIRECTION ( 'NONE',  ( 4.619824724853955355E-16, 0.8660254037844390407, -0.4999999999999991673 ) ) ;
#3074 = DIRECTION ( 'NONE',  ( 0.000000000000000000, -1.000000000000000000, 0.000000000000000000 ) ) ;
#3075 =( REPRESENTATION_RELATIONSHIP ('NONE','NONE', #3530, #6159 ) REPRESENTATION_RELATIONSHIP_WITH_TRANSFORMATION ( #11646 )SHAPE_REPRESENTATION_RELATIONSHIP( ) );
#3076 = LINE ( 'NONE', #8671, #6816 ) ;
#3077 = LINE ( 'NONE', #4969, #7406 ) ;
#3078 = VERTEX_POINT ( 'NONE', #10991 ) ;
#3079 = CARTESIAN_POINT ( 'NONE',  ( 173.0000000000000000, 0.000000000000000000, -194.2174660514637310 ) ) ;
#3080 = MECHANICAL_DESIGN_GEOMETRIC_PRESENTATION_REPRESENTATION (  '', ( #1915 ), #9296 ) ;
#3081 = EDGE_CURVE ( 'NONE', #11559, #826, #7207, .T. ) ;
#3082 = VECTOR ( 'NONE', #6324, 1000.000000000000000 ) ;
#3083 = EDGE_CURVE ( 'NONE', #736, #8192, #3559, .T. ) ;
#3084 = VERTEX_POINT ( 'NONE', #9885 ) ;
#3085 = PLANE ( 'NONE',  #9843 ) ;
#3086 = ORIENTED_EDGE ( 'NONE', *, *, #7974, .T. ) ;
#3087 = EDGE_LOOP ( 'NONE', ( #1651, #1953, #5447, #6336 ) ) ;
#3088 = VECTOR ( 'NONE', #2264, 1000.000000000000000 ) ;
#3089 = AXIS2_PLACEMENT_3D ( 'NONE', #10508, #5880, #9466 ) ;
#3090 = CARTESIAN_POINT ( 'NONE',  ( 168.4999999999999147, -1.500000000000000000, -141.8128208825323497 ) ) ;
#3091 = EDGE_CURVE ( 'NONE', #7105, #1302, #9995, .T. ) ;
#3092 = ORIENTED_EDGE ( 'NONE', *, *, #4074, .F. ) ;
#3093 = FACE_OUTER_BOUND ( 'NONE', #9014, .T. ) ;
#3094 = DIRECTION ( 'NONE',  ( -0.9911384352235825812, -2.002315273615767751E-16, 0.1328329861990159011 ) ) ;
#3095 = VECTOR ( 'NONE', #5660, 1000.000000000000000 ) ;
#3096 = ORIENTED_EDGE ( 'NONE', *, *, #1422, .F. ) ;
#3097 = DIRECTION ( 'NONE',  ( 1.570039207843900325E-16, -0.9061072279422076603, -0.4230480959310515821 ) ) ;
#3098 = ORIENTED_EDGE ( 'NONE', *, *, #989, .T. ) ;
#3099 = CARTESIAN_POINT ( 'NONE',  ( 362.9755125916353791, -1.224646799147346644E-18, -56.46518781845741586 ) ) ;
#3100 = ORIENTED_EDGE ( 'NONE', *, *, #1166, .T. ) ;
#3101 = CARTESIAN_POINT ( 'NONE',  ( 344.2827307998733204, -2.000000000000000000, -85.14791629256353644 ) ) ;
#3102 = ORIENTED_EDGE ( 'NONE', *, *, #4781, .F. ) ;
#3103 = EDGE_CURVE ( 'NONE', #1120, #1208, #1610, .T. ) ;
#3104 = AXIS2_PLACEMENT_3D ( 'NONE', #8950, #1464, #5068 ) ;
#3105 = ADVANCED_FACE ( 'NONE', ( #5509 ), #726, .F. ) ;
#3106 = CARTESIAN_POINT ( 'NONE',  ( 2.279499999986056569, -1.387778780781445676E-13, 2.220446049250313081E-13 ) ) ;
#3107 = ORIENTED_EDGE ( 'NONE', *, *, #11274, .T. ) ;
#3108 = DIRECTION ( 'NONE',  ( 0.000000000000000000, 0.000000000000000000, -1.000000000000000000 ) ) ;
#3109 = CARTESIAN_POINT ( 'NONE',  ( 344.3114714906417362, -1.521262516884446914, -259.2216327181303654 ) ) ;
#3110 = EDGE_CURVE ( 'NONE', #9792, #11451, #6474, .T. ) ;
#3111 = DIRECTION ( 'NONE',  ( -1.167520497023887139E-16, -1.000000000000000000, 2.886579864025370717E-15 ) ) ;
#3112 = VECTOR ( 'NONE', #8053, 1000.000000000000000 ) ;
#3113 = DIRECTION ( 'NONE',  ( -0.000000000000000000, 1.000000000000000000, -0.000000000000000000 ) ) ;
#3114 = CARTESIAN_POINT ( 'NONE',  ( 20.00000000000000000, 0.000000000000000000, -137.7323475155762651 ) ) ;
#3115 = EDGE_LOOP ( 'NONE', ( #11897, #10532, #4191, #2485 ) ) ;
#3116 = EDGE_CURVE ( 'NONE', #7487, #1327, #5567, .T. ) ;
#3117 = CARTESIAN_POINT ( 'NONE',  ( 161.0000000000000284, -1.500000000000001332, -329.2174660514637594 ) ) ;
#3118 = DIRECTION ( 'NONE',  ( 1.724048793547733205E-16, -0.8971293181887333157, -0.4417680233405519297 ) ) ;
#3119 = VECTOR ( 'NONE', #2198, 1000.000000000000000 ) ;
#3120 = CYLINDRICAL_SURFACE ( 'NONE', #10841, 2.100000000000019629 ) ;
#3121 = FACE_BOUND ( 'NONE', #5942, .T. ) ;
#3122 = EDGE_LOOP ( 'NONE', ( #2434, #11865, #5282, #7744 ) ) ;
#3123 = ORIENTED_EDGE ( 'NONE', *, *, #8640, .F. ) ;
#3124 = PLANE ( 'NONE',  #12014 ) ;
#3125 = AXIS2_PLACEMENT_3D ( 'NONE', #5307, #605, #9185 ) ;
#3126 = EDGE_LOOP ( 'NONE', ( #9134, #5600, #9844, #10250 ) ) ;
#3127 = CARTESIAN_POINT ( 'NONE',  ( 2.450950000000007289, -1.543091786165323720, -1.254286625618925122 ) ) ;
#3128 = CARTESIAN_POINT ( 'NONE',  ( 0.9699999999999986411, 2.324343390078947635, -0.05453024012842810908 ) ) ;
#3129 = ORIENTED_EDGE ( 'NONE', *, *, #1979, .F. ) ;
#3130 = ADVANCED_FACE ( 'NONE', ( #1057 ), #2901, .T. ) ;
#3131 = CARTESIAN_POINT ( 'NONE',  ( 0.9699999999999986411, 2.422424264911626768, 0.01740461005388105331 ) ) ;
#3132 = LINE ( 'NONE', #6731, #6803 ) ;
#3133 = LINE ( 'NONE', #1418, #2237 ) ;
#3134 = DIRECTION ( 'NONE',  ( -2.763708821323848338E-16, 0.8660254037844328234, 0.5000000000000103251 ) ) ;
#3135 = LINE ( 'NONE', #7756, #2949 ) ;
#3136 = VERTEX_POINT ( 'NONE', #7570 ) ;
#3137 = AXIS2_PLACEMENT_3D ( 'NONE', #11000, #10194, #9154 ) ;
#3138 = EDGE_LOOP ( 'NONE', ( #3773, #6577 ) ) ;
#3139 = LINE ( 'NONE', #504, #4617 ) ;
#3140 = ORIENTED_EDGE ( 'NONE', *, *, #637, .F. ) ;
#3141 = ORIENTED_EDGE ( 'NONE', *, *, #6698, .F. ) ;
#3142 = CARTESIAN_POINT ( 'NONE',  ( 0.9700000000000541522, 2.521786211845261860, 0.2788837195466659091 ) ) ;
#3143 = CARTESIAN_POINT ( 'NONE',  ( 266.6723182195912614, 0.000000000000000000, -210.1763372145972539 ) ) ;
#3144 = EDGE_CURVE ( 'NONE', #2994, #912, #2042, .T. ) ;
#3145 = DIRECTION ( 'NONE',  ( 0.000000000000000000, 0.000000000000000000, -1.000000000000000000 ) ) ;
#3146 = ORIENTED_EDGE ( 'NONE', *, *, #8980, .F. ) ;
#3147 = CARTESIAN_POINT ( 'NONE',  ( 168.4999999999999716, 0.000000000000000000, -250.4628208825323554 ) ) ;
#3148 = AXIS2_PLACEMENT_3D ( 'NONE', #12055, #8073, #11141 ) ;
#3149 = EDGE_LOOP ( 'NONE', ( #12018, #4188, #6911, #570 ) ) ;
#3150 = ORIENTED_EDGE ( 'NONE', *, *, #6589, .F. ) ;
#3151 = LINE ( 'NONE', #1321, #5190 ) ;
#3152 = PRODUCT_DEFINITION_SHAPE ( 'NONE', 'NONE',  #5268 ) ;
#3153 = VERTEX_POINT ( 'NONE', #488 ) ;
#3154 = FACE_OUTER_BOUND ( 'NONE', #12037, .T. ) ;
#3155 = ORIENTED_EDGE ( 'NONE', *, *, #9177, .F. ) ;
#3156 = ADVANCED_FACE ( 'NONE', ( #426 ), #5868, .F. ) ;
#3157 = CARTESIAN_POINT ( 'NONE',  ( 345.3254567599561256, -3.149416974196796115, -85.13958333333333428 ) ) ;
#3158 = CLOSED_SHELL ( 'NONE', ( #11119, #2178, #8449, #1230, #11734, #1140, #563, #7935, #10722, #1379, #8507, #5896, #2697, #1683, #3, #114, #7899, #8278, #9190, #5612, #2370, #4598, #2743, #2854, #8141, #323, #11003, #6012, #3628, #1142, #1369, #6411, #5430, #8690, #1972, #8164, #1981, #9597, #3791, #1780 ) ) ;
#3159 = LINE ( 'NONE', #164, #7630 ) ;
#3160 = EDGE_LOOP ( 'NONE', ( #2240, #11205, #2001, #6109 ) ) ;
#3161 = VECTOR ( 'NONE', #4398, 1000.000000000000000 ) ;
#3162 = CARTESIAN_POINT ( 'NONE',  ( 305.9999999999999432, -84.71658488546623289, -329.2174660514637594 ) ) ;
#3163 = LINE ( 'NONE', #2319, #8518 ) ;
#3164 = CARTESIAN_POINT ( 'NONE',  ( 344.7080587976286097, -0.04554781583042397108, -259.2216327181303654 ) ) ;
#3165 = CARTESIAN_POINT ( 'NONE',  ( 261.0000000000000568, -1.500000000000000000, -174.2174660514637310 ) ) ;
#3166 = EDGE_CURVE ( 'NONE', #6635, #7657, #4159, .T. ) ;
#3167 = ADVANCED_FACE ( 'NONE', ( #2338 ), #6043, .F. ) ;
#3168 = DIRECTION ( 'NONE',  ( 0.000000000000000000, 0.000000000000000000, 1.000000000000000000 ) ) ;
#3169 = ORIENTED_EDGE ( 'NONE', *, *, #10068, .T. ) ;
#3170 = VECTOR ( 'NONE', #9876, 1000.000000000000000 ) ;
#3171 = CARTESIAN_POINT ( 'NONE',  ( 301.9999999999999432, 0.000000000000000000, -233.2174660514637310 ) ) ;
#3172 = VERTEX_POINT ( 'NONE', #2222 ) ;
#3173 = DIRECTION ( 'NONE',  ( 1.387778780781448042E-15, -0.000000000000000000, 1.000000000000000000 ) ) ;
#3174 = ORIENTED_EDGE ( 'NONE', *, *, #7473, .F. ) ;
#3175 = FACE_BOUND ( 'NONE', #2270, .T. ) ;
#3176 = ADVANCED_FACE ( 'NONE', ( #11654, #11592 ), #3988, .T. ) ;
#3177 = ORIENTED_EDGE ( 'NONE', *, *, #8508, .F. ) ;
#3178 = EDGE_LOOP ( 'NONE', ( #5165, #9339, #3875, #11317 ) ) ;
#3179 = FACE_OUTER_BOUND ( 'NONE', #1227, .T. ) ;
#3180 = VERTEX_POINT ( 'NONE', #4956 ) ;
#3181 = DIRECTION ( 'NONE',  ( 1.000000000000000000, 2.000187765493021278E-16, -7.400880780937300593E-16 ) ) ;
#3182 = FACE_OUTER_BOUND ( 'NONE', #11695, .T. ) ;
#3183 = VERTEX_POINT ( 'NONE', #6786 ) ;
#3184 = CARTESIAN_POINT ( 'NONE',  ( 300.9999999999999432, -1.500000000000001332, -259.2174660514637026 ) ) ;
#3185 = DIRECTION ( 'NONE',  ( -9.680376540120748537E-16, -2.220446049250292373E-16, 1.000000000000000000 ) ) ;
#3186 = CARTESIAN_POINT ( 'NONE',  ( 0.9700000000000541522, 2.316464276462898653, 0.1510640454359946094 ) ) ;
#3187 = CARTESIAN_POINT ( 'NONE',  ( 0.9843342201064364527, 2.224161932931761676, 0.2483908197990214450 ) ) ;
#3188 = DIRECTION ( 'NONE',  ( -0.000000000000000000, 1.000000000000000000, -0.000000000000000000 ) ) ;
#3189 = FACE_OUTER_BOUND ( 'NONE', #8818, .T. ) ;
#3190 = EDGE_CURVE ( 'NONE', #9359, #6027, #3237, .T. ) ;
#3191 = EDGE_LOOP ( 'NONE', ( #4881, #346, #4180, #9798 ) ) ;
#3192 = AXIS2_PLACEMENT_3D ( 'NONE', #8289, #3492, #3612 ) ;
#3193 = VECTOR ( 'NONE', #2772, 1000.000000000000000 ) ;
#3194 = LINE ( 'NONE', #10628, #9862 ) ;
#3195 = CARTESIAN_POINT ( 'NONE',  ( 0.9699999999999986411, 2.478836439541276526, -0.4472441201542332045 ) ) ;
#3196 = ORIENTED_EDGE ( 'NONE', *, *, #5732, .F. ) ;
#3197 = ORIENTED_EDGE ( 'NONE', *, *, #9838, .T. ) ;
#3198 = DIRECTION ( 'NONE',  ( -0.000000000000000000, 1.000000000000000000, -0.000000000000000000 ) ) ;
#3199 = DIRECTION ( 'NONE',  ( 1.000000000000000000, 1.722632009336720063E-16, -7.400880780937477100E-16 ) ) ;
#3200 = VECTOR ( 'NONE', #2045, 1000.000000000000000 ) ;
#3201 = ORIENTED_EDGE ( 'NONE', *, *, #5548, .F. ) ;
#3202 = FACE_OUTER_BOUND ( 'NONE', #7240, .T. ) ;
#3203 = EDGE_CURVE ( 'NONE', #10812, #3648, #7684, .T. ) ;
#3204 = ORIENTED_EDGE ( 'NONE', *, *, #10040, .T. ) ;
#3205 = EDGE_CURVE ( 'NONE', #1120, #3023, #5926, .T. ) ;
#3206 = EDGE_LOOP ( 'NONE', ( #7141, #505, #7208, #1287 ) ) ;
#3207 = PLANE ( 'NONE',  #11799 ) ;
#3208 = ORIENTED_EDGE ( 'NONE', *, *, #4143, .F. ) ;
#3209 = AXIS2_PLACEMENT_3D ( 'NONE', #6223, #8165, #4461 ) ;
#3210 = DIRECTION ( 'NONE',  ( 0.000000000000000000, 0.000000000000000000, -1.000000000000000000 ) ) ;
#3211 = EDGE_LOOP ( 'NONE', ( #7434, #7773, #6885, #9260 ) ) ;
#3212 = CARTESIAN_POINT ( 'NONE',  ( 344.3154369710898095, -1.993493169167078971, -85.14583333333334281 ) ) ;
#3213 = CARTESIAN_POINT ( 'NONE',  ( 0.4850000000000103673, -1.373137714644201424E-13, 2.637500000000200906 ) ) ;
#3214 = ORIENTED_EDGE ( 'NONE', *, *, #218, .T. ) ;
#3215 = CARTESIAN_POINT ( 'NONE',  ( 0.4850000000000120881, -2.231857109454822163E-13, -2.637499999999819877 ) ) ;
#3216 = VERTEX_POINT ( 'NONE', #5135 ) ;
#3217 = LINE ( 'NONE', #9729, #2113 ) ;
#3218 = AXIS2_PLACEMENT_3D ( 'NONE', #2935, #2077, #11280 ) ;
#3219 = CARTESIAN_POINT ( 'NONE',  ( 162.7500000000000284, -3.500000000000000000, -85.15000000000000568 ) ) ;
#3220 = CARTESIAN_POINT ( 'NONE',  ( 296.0000000000000568, -1.500000000000000000, -194.2174660514637310 ) ) ;
#3221 = ORIENTED_EDGE ( 'NONE', *, *, #2965, .T. ) ;
#3222 = EDGE_CURVE ( 'NONE', #6134, #10400, #5012, .T. ) ;
#3223 = CARTESIAN_POINT ( 'NONE',  ( 5.000000000000004441, -1.750000000000000000, -1.750000000000017097 ) ) ;
#3224 = LINE ( 'NONE', #4092, #4432 ) ;
#3225 = VECTOR ( 'NONE', #6205, 1000.000000000000000 ) ;
#3226 = LINE ( 'NONE', #476, #4582 ) ;
#3227 = VERTEX_POINT ( 'NONE', #9687 ) ;
#3228 = CARTESIAN_POINT ( 'NONE',  ( 266.6723182195912614, -1.500000000000000000, -210.1763372145972539 ) ) ;
#3229 = ADVANCED_FACE ( 'NONE', ( #3179 ), #3124, .F. ) ;
#3230 = PRODUCT_CONTEXT ( 'NONE', #7651, 'mechanical' ) ;
#3231 = EDGE_CURVE ( 'NONE', #8996, #7854, #10496, .T. ) ;
#3232 = CARTESIAN_POINT ( 'NONE',  ( 0.000000000000000000, -1.500000000000000000, -321.0174660514637708 ) ) ;
#3233 = CIRCLE ( 'NONE', #5962, 1.800000000000023803 ) ;
#3234 = EDGE_CURVE ( 'NONE', #8192, #4783, #309, .T. ) ;
#3235 = ORIENTED_EDGE ( 'NONE', *, *, #9568, .T. ) ;
#3236 = ORIENTED_EDGE ( 'NONE', *, *, #8661, .F. ) ;
#3237 = LINE ( 'NONE', #8773, #10036 ) ;
#3238 = EDGE_LOOP ( 'NONE', ( #5683, #9231, #2431, #11540 ) ) ;
#3239 = DIRECTION ( 'NONE',  ( -1.000000000000000000, 0.000000000000000000, 0.000000000000000000 ) ) ;
#3240 = FACE_OUTER_BOUND ( 'NONE', #2839, .T. ) ;
#3241 = ORIENTED_EDGE ( 'NONE', *, *, #7882, .T. ) ;
#3242 = CARTESIAN_POINT ( 'NONE',  ( 344.4730567259023815, -1.619503335309179892, -259.2341327181304109 ) ) ;
#3243 = CARTESIAN_POINT ( 'NONE',  ( 224.4999999999999716, -1.500000000000000000, -194.2174660514637310 ) ) ;
#3244 = VECTOR ( 'NONE', #7191, 1000.000000000000000 ) ;
#3245 = FACE_BOUND ( 'NONE', #5647, .T. ) ;
#3246 = CARTESIAN_POINT ( 'NONE',  ( 161.0000000000000000, -1.520925535675744511, -259.2403827181302631 ) ) ;
#3247 = ORIENTED_EDGE ( 'NONE', *, *, #11911, .T. ) ;
#3248 = EDGE_CURVE ( 'NONE', #7835, #10712, #3304, .T. ) ;
#3249 = EDGE_CURVE ( 'NONE', #8795, #10812, #9807, .T. ) ;
#3250 = DIRECTION ( 'NONE',  ( -5.926139032278367624E-16, -0.7772448707080705788, 0.6291982286672416214 ) ) ;
#3251 = LINE ( 'NONE', #4231, #2758 ) ;
#3252 = ADVANCED_FACE ( 'NONE', ( #1474 ), #366, .F. ) ;
#3253 = DIRECTION ( 'NONE',  ( 1.000000000000000000, 2.000187765493029413E-16, 6.845769268624692740E-16 ) ) ;
#3254 = VECTOR ( 'NONE', #11035, 1000.000000000000000 ) ;
#3255 = ORIENTED_EDGE ( 'NONE', *, *, #1209, .T. ) ;
#3256 = VECTOR ( 'NONE', #48, 1000.000000000000000 ) ;
#3257 = CARTESIAN_POINT ( 'NONE',  ( 185.5000000000000284, -9.797174393178824918E-17, -321.0174660514637708 ) ) ;
#3258 = PLANE ( 'NONE',  #10822 ) ;
#3259 = ORIENTED_EDGE ( 'NONE', *, *, #9557, .T. ) ;
#3260 = VERTEX_POINT ( 'NONE', #5194 ) ;
#3261 = CARTESIAN_POINT ( 'NONE',  ( 0.9843342201064364527, 2.513397826239216482, 0.2400852859844870846 ) ) ;
#3262 = CARTESIAN_POINT ( 'NONE',  ( 0.9843342201064364527, 2.501986334736194806, -0.4582198139926468849 ) ) ;
#3263 = VECTOR ( 'NONE', #1219, 1000.000000000000114 ) ;
#3264 = EDGE_CURVE ( 'NONE', #8937, #8052, #251, .T. ) ;
#3265 = AXIS2_PLACEMENT_3D ( 'NONE', #8460, #11213, #848 ) ;
#3266 = VERTEX_POINT ( 'NONE', #3368 ) ;
#3267 = DIRECTION ( 'NONE',  ( 6.036596741689403522E-16, 0.6811833507215914185, -0.7321128619958164885 ) ) ;
#3268 = CARTESIAN_POINT ( 'NONE',  ( 305.9999999999999432, 0.000000000000000000, -329.2174660514637594 ) ) ;
#3269 = VERTEX_POINT ( 'NONE', #9076 ) ;
#3270 = ORIENTED_EDGE ( 'NONE', *, *, #9544, .T. ) ;
#3271 = DIRECTION ( 'NONE',  ( 0.000000000000000000, 0.000000000000000000, -1.000000000000000000 ) ) ;
#3272 = ORIENTED_EDGE ( 'NONE', *, *, #10337, .T. ) ;
#3273 = AXIS2_PLACEMENT_3D ( 'NONE', #4486, #6243, #10070 ) ;
#3275 = EDGE_LOOP ( 'NONE', ( #11466, #11948, #1157, #8416 ) ) ;
#3274 = VECTOR ( 'NONE', #5207, 1000.000000000000000 ) ;
#3276 = FACE_OUTER_BOUND ( 'NONE', #3727, .T. ) ;
#3277 = DIRECTION ( 'NONE',  ( -1.000000000000000000, 0.000000000000000000, 0.000000000000000000 ) ) ;
#3278 = ORIENTED_EDGE ( 'NONE', *, *, #9647, .F. ) ;
#3279 = EDGE_CURVE ( 'NONE', #4403, #5094, #2635, .T. ) ;
#3280 = PLANE ( 'NONE',  #9331 ) ;
#3281 = EDGE_LOOP ( 'NONE', ( #1561, #7009, #2097, #4797 ) ) ;
#3282 = DIRECTION ( 'NONE',  ( -6.845769268624692740E-16, 5.551115123125739315E-16, 1.000000000000000000 ) ) ;
#3283 = VECTOR ( 'NONE', #6768, 1000.000000000000114 ) ;
#3284 = CARTESIAN_POINT ( 'NONE',  ( 2.470000000000027729, -0.2359217314832628976, 1.963500000000416357 ) ) ;
#3285 = DIRECTION ( 'NONE',  ( -3.882700225065793387E-16, 0.5000000000000092149, 0.8660254037844332675 ) ) ;
#3286 = ORIENTED_EDGE ( 'NONE', *, *, #2313, .F. ) ;
#3287 = DIRECTION ( 'NONE',  ( -1.000000000000000000, -0.000000000000000000, -0.000000000000000000 ) ) ;
#3288 = CARTESIAN_POINT ( 'NONE',  ( 281.6665948878439849, -1.500000000000000000, -208.4456223450676475 ) ) ;
#3289 = LINE ( 'NONE', #6998, #7213 ) ;
#3290 = AXIS2_PLACEMENT_3D ( 'NONE', #6319, #4568, #10021 ) ;
#3291 = DIRECTION ( 'NONE',  ( -7.400880780937299607E-16, -5.551115123125742273E-16, -1.000000000000000000 ) ) ;
#3292 = ORIENTED_EDGE ( 'NONE', *, *, #7484, .T. ) ;
#3293 = EDGE_CURVE ( 'NONE', #3357, #9536, #7310, .T. ) ;
#3294 = CARTESIAN_POINT ( 'NONE',  ( 62.99999999999986500, -1.500000000000000000, -63.00000000000055422 ) ) ;
#3295 = CARTESIAN_POINT ( 'NONE',  ( 168.4999999999999147, 0.000000000000000000, -139.7028208825323645 ) ) ;
#3296 = ADVANCED_FACE ( 'NONE', ( #554 ), #6168, .T. ) ;
#3297 = CONTEXT_DEPENDENT_SHAPE_REPRESENTATION ( #10311, #4330 ) ;
#3298 = LINE ( 'NONE', #3232, #719 ) ;
#3299 = DIRECTION ( 'NONE',  ( -0.000000000000000000, 1.000000000000000000, -0.000000000000000000 ) ) ;
#3300 = LINE ( 'NONE', #3483, #5999 ) ;
#3301 = VECTOR ( 'NONE', #6095, 1000.000000000000114 ) ;
#3302 =( REPRESENTATION_RELATIONSHIP ('NONE','NONE', #3530, #8109 ) REPRESENTATION_RELATIONSHIP_WITH_TRANSFORMATION ( #9802 )SHAPE_REPRESENTATION_RELATIONSHIP( ) );
#3303 = EDGE_LOOP ( 'NONE', ( #5831, #8629, #3531, #95, #5714, #1807 ) ) ;
#3304 = LINE ( 'NONE', #4047, #317 ) ;
#3305 = CARTESIAN_POINT ( 'NONE',  ( 0.9700000000000541522, 2.400816861523547008, 0.2534304449035990059 ) ) ;
#3306 = CARTESIAN_POINT ( 'NONE',  ( 0.9699999999999986411, 2.172282090100813079, -0.05453024012856688696 ) ) ;
#3307 = ORIENTED_EDGE ( 'NONE', *, *, #8600, .T. ) ;
#3308 = VECTOR ( 'NONE', #7169, 1000.000000000000000 ) ;
#3309 = CYLINDRICAL_SURFACE ( 'NONE', #7659, 1.229500000000014692 ) ;
#3310 = PLANE ( 'NONE',  #5183 ) ;
#3311 = FACE_BOUND ( 'NONE', #10452, .T. ) ;
#3312 = FACE_OUTER_BOUND ( 'NONE', #280, .T. ) ;
#3313 = EDGE_CURVE ( 'NONE', #4458, #2524, #2576, .T. ) ;
#3314 = ORIENTED_EDGE ( 'NONE', *, *, #9920, .F. ) ;
#3315 = LINE ( 'NONE', #6110, #11501 ) ;
#3316 = CARTESIAN_POINT ( 'NONE',  ( 0.9843342201064364527, 2.125255814197618776, 0.03526031801388829212 ) ) ;
#3317 = DIRECTION ( 'NONE',  ( -6.845769268624692740E-16, 5.551115123125739315E-16, 1.000000000000000000 ) ) ;
#3318 = AXIS2_PLACEMENT_3D ( 'NONE', #7994, #11726, #6172 ) ;
#3319 = VERTEX_POINT ( 'NONE', #5316 ) ;
#3320 = EDGE_CURVE ( 'NONE', #3923, #6475, #1717, .T. ) ;
#3321 = PLANE ( 'NONE',  #905 ) ;
#3322 = ORIENTED_EDGE ( 'NONE', *, *, #2745, .F. ) ;
#3323 = EDGE_CURVE ( 'NONE', #7117, #1609, #8044, .T. ) ;
#3324 = EDGE_LOOP ( 'NONE', ( #2957, #6609, #10195, #2665 ) ) ;
#3325 = CARTESIAN_POINT ( 'NONE',  ( 0.9843342201063809416, 2.495373293259689262, -0.4531261570458744448 ) ) ;
#3326 = DIRECTION ( 'NONE',  ( 1.000000000000000000, 2.000187765493021278E-16, -7.400880780937300593E-16 ) ) ;
#3327 = EDGE_CURVE ( 'NONE', #12031, #115, #10858, .T. ) ;
#3328 = AXIS2_PLACEMENT_3D ( 'NONE', #499, #9757, #11668 ) ;
#3329 = ORIENTED_EDGE ( 'NONE', *, *, #188, .F. ) ;
#3330 = CARTESIAN_POINT ( 'NONE',  ( 162.7500000000000284, -2.000000000000000000, -259.2674660514636571 ) ) ;
#3331 = CARTESIAN_POINT ( 'NONE',  ( 0.9699999999999986411, 2.323393438462634464, -0.3948934297111766911 ) ) ;
#3332 = EDGE_LOOP ( 'NONE', ( #11098, #5146, #5765, #7134 ) ) ;
#3333 = EDGE_LOOP ( 'NONE', ( #6485, #1130, #7112, #128 ) ) ;
#3334 = AXIS2_PLACEMENT_3D ( 'NONE', #4866, #3950, #4923 ) ;
#3335 = DIRECTION ( 'NONE',  ( 0.000000000000000000, 0.000000000000000000, -1.000000000000000000 ) ) ;
#3336 = CIRCLE ( 'NONE', #7797, 2.984499999911372825 ) ;
#3337 = EDGE_CURVE ( 'NONE', #6016, #8937, #3484, .T. ) ;
#3338 = ORIENTED_EDGE ( 'NONE', *, *, #7931, .F. ) ;
#3339 = LINE ( 'NONE', #6923, #3749 ) ;
#3340 = ORIENTED_EDGE ( 'NONE', *, *, #11199, .F. ) ;
#3341 = CARTESIAN_POINT ( 'NONE',  ( 344.4787374831155375, -1.688528509358223406, -85.12083333333333712 ) ) ;
#3342 = CARTESIAN_POINT ( 'NONE',  ( 0.9699999999999986411, 2.463351944705066465, -0.4568993438546498087 ) ) ;
#3343 = VERTEX_POINT ( 'NONE', #9980 ) ;
#3344 = CARTESIAN_POINT ( 'NONE',  ( 0.9699999999999986411, 2.482991741358548055, -0.4571493088654787762 ) ) ;
#3345 = ORIENTED_EDGE ( 'NONE', *, *, #10876, .T. ) ;
#3346 = AXIS2_PLACEMENT_3D ( 'NONE', #7889, #6983, #10768 ) ;
#3347 = DIRECTION ( 'NONE',  ( 1.000000000000000000, 0.000000000000000000, 0.000000000000000000 ) ) ;
#3348 = LINE ( 'NONE', #7059, #4262 ) ;
#3349 = ORIENTED_EDGE ( 'NONE', *, *, #3841, .F. ) ;
#3350 = DIRECTION ( 'NONE',  ( 5.882887990558569132E-16, 0.4999999999999927280, -0.8660254037844428154 ) ) ;
#3351 = EDGE_CURVE ( 'NONE', #364, #7951, #9015, .T. ) ;
#3352 = CARTESIAN_POINT ( 'NONE',  ( 498.4999999999998295, -1.500000000000001332, -62.27983018403563875 ) ) ;
#3353 = VECTOR ( 'NONE', #1860, 1000.000000000000000 ) ;
#3354 = DIRECTION ( 'NONE',  ( -0.000000000000000000, -0.000000000000000000, 1.000000000000000000 ) ) ;
#3355 = VECTOR ( 'NONE', #196, 1000.000000000000000 ) ;
#3356 = DIRECTION ( 'NONE',  ( 1.445076253180192051E-16, 1.000000000000000000, -2.553512956637819811E-15 ) ) ;
#3357 = VERTEX_POINT ( 'NONE', #1654 ) ;
#3358 = PRODUCT_DEFINITION_SHAPE ( 'NONE', 'NONE',  #12090 ) ;
#3359 = LINE ( 'NONE', #7975, #6209 ) ;
#3360 = DIRECTION ( 'NONE',  ( 5.782411586726047512E-16, -5.551115123125739315E-16, -1.000000000000000000 ) ) ;
#3361 = ORIENTED_EDGE ( 'NONE', *, *, #11839, .F. ) ;
#3362 = CARTESIAN_POINT ( 'NONE',  ( 165.9999999999999432, 0.000000000000000000, -329.2174660514637594 ) ) ;
#3363 = CARTESIAN_POINT ( 'NONE',  ( 81.00000000000000000, 0.000000000000000000, -259.2174660514637026 ) ) ;
#3364 = DIRECTION ( 'NONE',  ( -1.000000000000000000, 0.000000000000000000, 0.000000000000000000 ) ) ;
#3365 = ORIENTED_EDGE ( 'NONE', *, *, #2717, .F. ) ;
#3366 = ORIENTED_EDGE ( 'NONE', *, *, #1081, .F. ) ;
#3367 = EDGE_CURVE ( 'NONE', #9414, #3638, #8101, .T. ) ;
#3368 = CARTESIAN_POINT ( 'NONE',  ( 2.470000000073467650, 1.934563620409330223E-13, -1.500000000021022073 ) ) ;
#3369 = CARTESIAN_POINT ( 'NONE',  ( 20.00000000000001421, -154.7351134694656309, -85.00000000000002842 ) ) ;
#3370 = LINE ( 'NONE', #9982, #8412 ) ;
#3371 = ORIENTED_EDGE ( 'NONE', *, *, #8670, .T. ) ;
#3372 = CARTESIAN_POINT ( 'NONE',  ( 0.000000000000000000, 0.000000000000000000, -259.2174660514637026 ) ) ;
#3373 = CARTESIAN_POINT ( 'NONE',  ( 330.0000000000000000, 0.000000000000000000, -179.2174660514637310 ) ) ;
#3374 = DIRECTION ( 'NONE',  ( -1.167520497023873827E-16, -1.000000000000000000, 9.436895709313777345E-16 ) ) ;
#3375 = EDGE_LOOP ( 'NONE', ( #9548, #8521, #9111, #1102 ) ) ;
#3376 = DIRECTION ( 'NONE',  ( -1.000000000000000000, 0.000000000000000000, 0.000000000000000000 ) ) ;
#3377 = DIRECTION ( 'NONE',  ( -2.098219509928936347E-15, -0.000000000000000000, 1.000000000000000000 ) ) ;
#3378 = CARTESIAN_POINT ( 'NONE',  ( 0.9699999999999986411, 2.237535760291203601, -0.2852079774565696724 ) ) ;
#3379 = ORIENTED_EDGE ( 'NONE', *, *, #817, .T. ) ;
#3380 = EDGE_CURVE ( 'NONE', #7956, #3845, #11716, .T. ) ;
#3381 = DIRECTION ( 'NONE',  ( 0.000000000000000000, -1.000000000000000000, 0.000000000000000000 ) ) ;
#3382 = ORIENTED_EDGE ( 'NONE', *, *, #1925, .T. ) ;
#3383 = LINE ( 'NONE', #10813, #11379 ) ;
#3384 = LINE ( 'NONE', #9342, #7226 ) ;
#3385 = FACE_OUTER_BOUND ( 'NONE', #5872, .T. ) ;
#3386 = EDGE_CURVE ( 'NONE', #4929, #9873, #6338, .T. ) ;
#3387 = DIRECTION ( 'NONE',  ( 0.000000000000000000, -1.000000000000000000, 0.000000000000000000 ) ) ;
#3388 = EDGE_CURVE ( 'NONE', #10812, #69, #11898, .T. ) ;
#3389 = AXIS2_PLACEMENT_3D ( 'NONE', #5096, #1311, #10574 ) ;
#3390 = VECTOR ( 'NONE', #9583, 1000.000000000000000 ) ;
#3391 = ORIENTED_EDGE ( 'NONE', *, *, #8134, .T. ) ;
#3392 = ORIENTED_EDGE ( 'NONE', *, *, #8015, .T. ) ;
#3393 = LINE ( 'NONE', #10824, #2085 ) ;
#3394 = EDGE_LOOP ( 'NONE', ( #8161, #6926, #4130, #3169 ) ) ;
#3395 = ORIENTED_EDGE ( 'NONE', *, *, #5413, .F. ) ;
#3396 = DIRECTION ( 'NONE',  ( -1.000000000000000000, 0.000000000000000000, -0.000000000000000000 ) ) ;
#3397 = EDGE_LOOP ( 'NONE', ( #7779, #2033, #2989, #8418 ) ) ;
#3398 = VECTOR ( 'NONE', #8119, 1000.000000000000000 ) ;
#3399 = DIRECTION ( 'NONE',  ( -0.000000000000000000, -0.000000000000000000, 1.000000000000000000 ) ) ;
#3400 = LINE ( 'NONE', #6023, #11131 ) ;
#3401 = ORIENTED_EDGE ( 'NONE', *, *, #9407, .T. ) ;
#3402 = CARTESIAN_POINT ( 'NONE',  ( 0.9700000000000541522, 2.414157720176640431, 0.2626768769259379965 ) ) ;
#3403 = VERTEX_POINT ( 'NONE', #5255 ) ;
#3404 = FACE_OUTER_BOUND ( 'NONE', #8084, .T. ) ;
#3405 = EDGE_CURVE ( 'NONE', #7437, #9942, #7249, .T. ) ;
#3406 = DIRECTION ( 'NONE',  ( -6.845769268624692740E-16, 5.551115123125739315E-16, 1.000000000000000000 ) ) ;
#3407 = CARTESIAN_POINT ( 'NONE',  ( 0.9699999999999986411, 2.490494262658515812, -0.4551746698937819691 ) ) ;
#3408 = ORIENTED_EDGE ( 'NONE', *, *, #2569, .F. ) ;
#3409 = VECTOR ( 'NONE', #3356, 1000.000000000000000 ) ;
#3410 = EDGE_CURVE ( 'NONE', #3903, #1779, #6353, .T. ) ;
#3411 = DIRECTION ( 'NONE',  ( -1.445076253180178246E-16, -1.000000000000000000, 5.551115123125738329E-16 ) ) ;
#3412 = DIRECTION ( 'NONE',  ( -4.122927460393691967E-16, 0.5500539575623862865, 0.8351291180230495659 ) ) ;
#3413 = FILL_AREA_STYLE ('',( #5244 ) ) ;
#3414 = CARTESIAN_POINT ( 'NONE',  ( 0.9699999999999986411, 2.491505769002783310, -0.4649539812291714203 ) ) ;
#3415 = ORIENTED_EDGE ( 'NONE', *, *, #5666, .F. ) ;
#3416 = VECTOR ( 'NONE', #3399, 1000.000000000000000 ) ;
#3417 = CONTEXT_DEPENDENT_SHAPE_REPRESENTATION ( #3075, #5206 ) ;
#3418 = DIRECTION ( 'NONE',  ( -0.000000000000000000, -1.000000000000000000, -0.000000000000000000 ) ) ;
#3419 = EDGE_CURVE ( 'NONE', #12003, #6465, #800, .T. ) ;
#3420 = DIRECTION ( 'NONE',  ( 0.000000000000000000, 0.000000000000000000, 1.000000000000000000 ) ) ;
#3421 = DIRECTION ( 'NONE',  ( 0.000000000000000000, 0.000000000000000000, 1.000000000000000000 ) ) ;
#3422 = EDGE_LOOP ( 'NONE', ( #2489, #5234, #8870, #7664 ) ) ;
#3423 = AXIS2_PLACEMENT_3D ( 'NONE', #222, #3097, #1210 ) ;
#3424 = CARTESIAN_POINT ( 'NONE',  ( 0.9699999999999986411, 2.502887340387338622, -0.4560289252513310965 ) ) ;
#3425 = FACE_OUTER_BOUND ( 'NONE', #7131, .T. ) ;
#3426 = DIRECTION ( 'NONE',  ( -0.000000000000000000, 1.000000000000000000, -0.000000000000000000 ) ) ;
#3427 = ORIENTED_EDGE ( 'NONE', *, *, #7759, .T. ) ;
#3428 = DIRECTION ( 'NONE',  ( 1.000000000000000000, 0.000000000000000000, -0.000000000000000000 ) ) ;
#3429 = FACE_BOUND ( 'NONE', #7993, .T. ) ;
#3430 = DIRECTION ( 'NONE',  ( 0.000000000000000000, 0.000000000000000000, -1.000000000000000000 ) ) ;
#3431 = ORIENTED_EDGE ( 'NONE', *, *, #11315, .T. ) ;
#3432 = LINE ( 'NONE', #5266, #7400 ) ;
#3433 = CARTESIAN_POINT ( 'NONE',  ( 2.450949999999840756, 0.06360232754379357978, 2.345481331187865059 ) ) ;
#3434 = EDGE_CURVE ( 'NONE', #1450, #1123, #3606, .T. ) ;
#3435 = AXIS2_PLACEMENT_3D ( 'NONE', #7277, #3451, #7159 ) ;
#3436 = PLANE ( 'NONE',  #2309 ) ;
#3437 = EDGE_LOOP ( 'NONE', ( #2118, #9821, #6402, #643 ) ) ;
#3438 = CARTESIAN_POINT ( 'NONE',  ( 161.8611124996453157, -3.292232975445231968, -85.14166666666667993 ) ) ;
#3439 = ORIENTED_EDGE ( 'NONE', *, *, #2522, .T. ) ;
#3440 = AXIS2_PLACEMENT_3D ( 'NONE', #10041, #9131, #5435 ) ;
#3441 = FACE_OUTER_BOUND ( 'NONE', #8595, .T. ) ;
#3442 = DIRECTION ( 'NONE',  ( 0.000000000000000000, 0.000000000000000000, 1.000000000000000000 ) ) ;
#3443 = CARTESIAN_POINT ( 'NONE',  ( 2.279499999986056569, -1.387778780781445676E-13, 2.220446049250313081E-13 ) ) ;
#3444 = EDGE_CURVE ( 'NONE', #9891, #3084, #4829, .T. ) ;
#3445 = ADVANCED_FACE ( 'NONE', ( #7556 ), #8535, .T. ) ;
#3446 = DIRECTION ( 'NONE',  ( 0.000000000000000000, 0.000000000000000000, -1.000000000000000000 ) ) ;
#3447 = VECTOR ( 'NONE', #918, 1000.000000000000000 ) ;
#3448 = VECTOR ( 'NONE', #4459, 1000.000000000000000 ) ;
#3449 = VERTEX_POINT ( 'NONE', #863 ) ;
#3450 = ORIENTED_EDGE ( 'NONE', *, *, #5644, .F. ) ;
#3451 = DIRECTION ( 'NONE',  ( 0.000000000000000000, -0.000000000000000000, -1.000000000000000000 ) ) ;
#3452 = ORIENTED_EDGE ( 'NONE', *, *, #847, .T. ) ;
#3453 = EDGE_CURVE ( 'NONE', #1213, #9074, #11351, .T. ) ;
#3454 = DIRECTION ( 'NONE',  ( -0.000000000000000000, 1.000000000000000000, -0.000000000000000000 ) ) ;
#3455 = ORIENTED_EDGE ( 'NONE', *, *, #9242, .T. ) ;
#3456 = VECTOR ( 'NONE', #8394, 1000.000000000000000 ) ;
#3457 = CIRCLE ( 'NONE', #1907, 2.000000000000001776 ) ;
#3458 = FILL_AREA_STYLE_COLOUR ( '', #1473 ) ;
#3459 = DIRECTION ( 'NONE',  ( -2.097103295180202106E-16, -0.9987037590039326007, 0.05089991897257698655 ) ) ;
#3460 = ORIENTED_EDGE ( 'NONE', *, *, #3629, .F. ) ;
#3461 = CARTESIAN_POINT ( 'NONE',  ( 5.000000000000004441, -1.500000000000000000, -1.750000000000000000 ) ) ;
#3462 = ORIENTED_EDGE ( 'NONE', *, *, #4640, .F. ) ;
#3463 = EDGE_CURVE ( 'NONE', #4138, #9029, #3002, .T. ) ;
#3464 = APPLICATION_CONTEXT ( 'automotive_design' ) ;
#3465 = CARTESIAN_POINT ( 'NONE',  ( 162.5065068308329614, -1.684563028910180060, -259.2382993847970170 ) ) ;
#3466 = CARTESIAN_POINT ( 'NONE',  ( 344.4787374831155375, -1.688528509358223406, -259.2382993847970738 ) ) ;
#3467 = PLANE ( 'NONE',  #2908 ) ;
#3468 = VECTOR ( 'NONE', #3267, 1000.000000000000000 ) ;
#3469 = VECTOR ( 'NONE', #8850, 1000.000000000000000 ) ;
#3470 = LINE ( 'NONE', #2806, #4207 ) ;
#3471 = CARTESIAN_POINT ( 'NONE',  ( 0.9843342201064364527, 2.371827334780196583, 0.1404019658359789702 ) ) ;
#3472 = EDGE_CURVE ( 'NONE', #65, #12031, #4588, .T. ) ;
#3473 = EDGE_CURVE ( 'NONE', #341, #7460, #6653, .T. ) ;
#3474 = FACE_OUTER_BOUND ( 'NONE', #2377, .T. ) ;
#3475 = ORIENTED_EDGE ( 'NONE', *, *, #11510, .F. ) ;
#3476 = VECTOR ( 'NONE', #10777, 1000.000000000000000 ) ;
#3477 = CIRCLE ( 'NONE', #11272, 2.064999999980975609 ) ;
#3478 = LINE ( 'NONE', #2690, #2925 ) ;
#3479 = FACE_OUTER_BOUND ( 'NONE', #11181, .T. ) ;
#3480 = EDGE_CURVE ( 'NONE', #7649, #2917, #1901, .T. ) ;
#3481 = LINE ( 'NONE', #10033, #3447 ) ;
#3482 = PLANE ( 'NONE',  #10046 ) ;
#3483 = CARTESIAN_POINT ( 'NONE',  ( 338.9999999999999432, 0.000000000000000000, -179.2174660514637310 ) ) ;
#3484 = B_SPLINE_CURVE_WITH_KNOTS ( 'NONE', 3,
 ( #10107, #1775, #8898, #6222, #4337, #10974, #5375, #9867, #4282, #738 ),
 .UNSPECIFIED., .F., .F.,
 ( 4, 2, 2, 2, 4 ),
 ( 0.000000000000000000, 0.2500000000000001665, 0.5000000000000003331, 0.7500000000000004441, 1.000000000000000000 ),
 .UNSPECIFIED. ) ;
#3485 = VECTOR ( 'NONE', #6549, 1000.000000000000000 ) ;
#3486 = ORIENTED_EDGE ( 'NONE', *, *, #11705, .T. ) ;
#3487 = ORIENTED_EDGE ( 'NONE', *, *, #11145, .T. ) ;
#3488 = DIRECTION ( 'NONE',  ( 5.093471763814038141E-16, 0.7772448707074812724, -0.6291982286679697056 ) ) ;
#3489 = EDGE_CURVE ( 'NONE', #9262, #12003, #11109, .T. ) ;
#3490 = LINE ( 'NONE', #9018, #6321 ) ;
#3491 = ORIENTED_EDGE ( 'NONE', *, *, #1910, .F. ) ;
#3492 = DIRECTION ( 'NONE',  ( 1.000000000000000000, 2.000187765493029413E-16, 6.845769268624692740E-16 ) ) ;
#3493 = CARTESIAN_POINT ( 'NONE',  ( 313.0000000000000000, -1.500000000000000000, -243.2174660514637310 ) ) ;
#3494 = CARTESIAN_POINT ( 'NONE',  ( 0.000000000000000000, 0.000000000000000000, 0.000000000000000000 ) ) ;
#3495 = VECTOR ( 'NONE', #10546, 1000.000000000000000 ) ;
#3496 = CARTESIAN_POINT ( 'NONE',  ( 2.470000000000027729, 2.180479398288165171, -1.258900367563681177 ) ) ;
#3497 = LINE ( 'NONE', #4539, #3732 ) ;
#3498 = CARTESIAN_POINT ( 'NONE',  ( 0.9843342201064364527, 2.422424264911820835, -0.05453024012871954262 ) ) ;
#3499 = VERTEX_POINT ( 'NONE', #10364 ) ;
#3500 = DIRECTION ( 'NONE',  ( 0.000000000000000000, 0.000000000000000000, 1.000000000000000000 ) ) ;
#3501 = VECTOR ( 'NONE', #1632, 1000.000000000000000 ) ;
#3502 = EDGE_CURVE ( 'NONE', #7661, #6701, #9382, .T. ) ;
#3503 = EDGE_LOOP ( 'NONE', ( #11751, #7332, #2991, #7263 ) ) ;
#3504 = DIRECTION ( 'NONE',  ( 1.000000000000000000, 2.000187765493021278E-16, -7.400880780937300593E-16 ) ) ;
#3505 = PLANE ( 'NONE',  #5105 ) ;
#3506 = DIRECTION ( 'NONE',  ( -0.7071067811865432429, -0.7071067811865517916, 2.996216921122330716E-15 ) ) ;
#3507 = CARTESIAN_POINT ( 'NONE',  ( 207.5000000000000000, -1.500000000000000000, -194.2174660514637310 ) ) ;
#3508 = CARTESIAN_POINT ( 'NONE',  ( 2.470000000000055707, 2.133761685484680815, -1.138599379414545476 ) ) ;
#3509 = CONICAL_SURFACE ( 'NONE', #7204, 1.499999999964541475, 0.7853981632923773271 ) ;
#3510 = ORIENTED_EDGE ( 'NONE', *, *, #8654, .F. ) ;
#3511 = CARTESIAN_POINT ( 'NONE',  ( 207.5000000000000000, 0.000000000000000000, -194.2174660514637310 ) ) ;
#3512 = DIRECTION ( 'NONE',  ( -6.715555259027492743E-16, -0.4999999999999877320, 0.8660254037844457020 ) ) ;
#3513 = ORIENTED_EDGE ( 'NONE', *, *, #919, .F. ) ;
#3514 = EDGE_LOOP ( 'NONE', ( #9308, #8146, #2511, #11159 ) ) ;
#3515 = EDGE_CURVE ( 'NONE', #3227, #10733, #5616, .T. ) ;
#3516 = CARTESIAN_POINT ( 'NONE',  ( 305.0000000000000568, -1.500000000000000000, -194.2174660514637310 ) ) ;
#3518 = ORIENTED_EDGE ( 'NONE', *, *, #8787, .T. ) ;
#3517 = VECTOR ( 'NONE', #4642, 999.9999999999998863 ) ;
#3519 = CARTESIAN_POINT ( 'NONE',  ( 253.5000000000000000, -2.000000000000000000, -5.000000000000069278 ) ) ;
#3520 = VERTEX_POINT ( 'NONE', #10235 ) ;
#3521 = ORIENTED_EDGE ( 'NONE', *, *, #10578, .F. ) ;
#3522 = CARTESIAN_POINT ( 'NONE',  ( 162.2919412023711914, -3.454452184169533702, -259.2632993847970511 ) ) ;
#3523 = DIRECTION ( 'NONE',  ( 1.000000000000000000, 2.000187765493021278E-16, -7.400880780937300593E-16 ) ) ;
#3524 = COLOUR_RGB ( '',1.000000000000000000, 0.5019607843137254832, 0.2509803921568627416 ) ;
#3525 = VERTEX_POINT ( 'NONE', #5737 ) ;
#3526 = ORIENTED_EDGE ( 'NONE', *, *, #8439, .F. ) ;
#3527 = ADVANCED_FACE ( 'NONE', ( #10171 ), #4226, .T. ) ;
#3528 = CARTESIAN_POINT ( 'NONE',  ( 0.9843342201064364527, 2.249684011831426744, 0.01740461005364513092 ) ) ;
#3529 = LINE ( 'NONE', #2621, #10920 ) ;
#3530 = SHAPE_REPRESENTATION ( '405-00092-00', ( #4549, #8222, #4936, #2996, #9774, #4349 ), #11744 ) ;
#3531 = ORIENTED_EDGE ( 'NONE', *, *, #8679, .T. ) ;
#3532 = LINE ( 'NONE', #6388, #5176 ) ;
#3533 = ORIENTED_EDGE ( 'NONE', *, *, #4897, .T. ) ;
#3534 = VECTOR ( 'NONE', #6372, 1000.000000000000000 ) ;
#3535 = CARTESIAN_POINT ( 'NONE',  ( 316.1545311035279724, 0.000000000000000000, -208.4456223450676475 ) ) ;
#3536 = LINE ( 'NONE', #46, #4420 ) ;
#3537 = PLANE ( 'NONE',  #9660 ) ;
#3538 = DIRECTION ( 'NONE',  ( -5.596305042383073577E-16, 0.3882672511708799568, 0.9215468201172465346 ) ) ;
#3539 = ADVANCED_FACE ( 'NONE', ( #11169 ), #53, .F. ) ;
#3540 = ADVANCED_FACE ( 'NONE', ( #9323 ), #7494, .T. ) ;
#3541 = CIRCLE ( 'NONE', #226, 2.000000000000001776 ) ;
#3542 = AXIS2_PLACEMENT_3D ( 'NONE', #10381, #7, #6673 ) ;
#3543 = ORIENTED_EDGE ( 'NONE', *, *, #10024, .T. ) ;
#3544 = ORIENTED_EDGE ( 'NONE', *, *, #448, .F. ) ;
#3545 = CARTESIAN_POINT ( 'NONE',  ( 2.470000000000055707, 2.079570488202536538, -1.107312077075886414 ) ) ;
#3546 = CARTESIAN_POINT ( 'NONE',  ( 211.0000000000000284, -1.500000000000000000, -259.2174660514637026 ) ) ;
#3547 = CARTESIAN_POINT ( 'NONE',  ( 330.0000000000000000, -1.500000000000000000, -194.2174660514637310 ) ) ;
#3548 = DIRECTION ( 'NONE',  ( -1.000000000000000000, 0.000000000000000000, -2.775557561562892534E-15 ) ) ;
#3549 = VERTEX_POINT ( 'NONE', #1965 ) ;
#3550 = DIRECTION ( 'NONE',  ( 0.000000000000000000, -1.000000000000000000, 0.000000000000000000 ) ) ;
#3551 = CARTESIAN_POINT ( 'NONE',  ( 261.0000000000000568, -1.500000000000000000, -174.2174660514637310 ) ) ;
#3552 = LINE ( 'NONE', #6602, #10573 ) ;
#3553 = VECTOR ( 'NONE', #900, 999.9999999999998863 ) ;
#3554 = CARTESIAN_POINT ( 'NONE',  ( 0.9843342201063809416, 2.485296480058518664, -0.4482944105909103527 ) ) ;
#3555 = LINE ( 'NONE', #7202, #8972 ) ;
#3556 = EDGE_CURVE ( 'NONE', #9115, #8012, #11230, .T. ) ;
#3557 = CARTESIAN_POINT ( 'NONE',  ( 0.9700000000000541522, 2.251583295995729372, 0.1996458709049714342 ) ) ;
#3558 = ORIENTED_EDGE ( 'NONE', *, *, #7413, .F. ) ;
#3559 = LINE ( 'NONE', #2652, #1694 ) ;
#3560 = ORIENTED_EDGE ( 'NONE', *, *, #3042, .T. ) ;
#3561 = DIRECTION ( 'NONE',  ( 0.000000000000000000, -1.000000000000000000, 0.000000000000000000 ) ) ;
#3562 = CARTESIAN_POINT ( 'NONE',  ( 224.4999999999999716, 0.000000000000000000, -179.2174660514637310 ) ) ;
#3563 = DIRECTION ( 'NONE',  ( -0.000000000000000000, 1.000000000000000000, -0.000000000000000000 ) ) ;
#3564 = LINE ( 'NONE', #3696, #6201 ) ;
#3565 =( GEOMETRIC_REPRESENTATION_CONTEXT ( 3 ) GLOBAL_UNCERTAINTY_ASSIGNED_CONTEXT ( ( #9772 ) ) GLOBAL_UNIT_ASSIGNED_CONTEXT ( ( #6347, #10049, #5560 ) ) REPRESENTATION_CONTEXT ( 'NONE', 'WORKASPACE' ) );
#3566 = LINE ( 'NONE', #3697, #8833 ) ;
#3567 = PLANE ( 'NONE',  #10720 ) ;
#3568 = ORIENTED_EDGE ( 'NONE', *, *, #1396, .F. ) ;
#3569 = CARTESIAN_POINT ( 'NONE',  ( 281.6665948878440418, 0.000000000000000000, -228.4456223450676191 ) ) ;
#3570 = EDGE_CURVE ( 'NONE', #1824, #7105, #10299, .T. ) ;
#3571 = DIRECTION ( 'NONE',  ( 1.167520497023887139E-16, 1.000000000000000000, -2.886579864025370717E-15 ) ) ;
#3572 = ORIENTED_EDGE ( 'NONE', *, *, #2188, .F. ) ;
#3573 = LINE ( 'NONE', #2543, #5884 ) ;
#3574 = LINE ( 'NONE', #1744, #2862 ) ;
#3575 = VERTEX_POINT ( 'NONE', #8476 ) ;
#3576 = ORIENTED_EDGE ( 'NONE', *, *, #9028, .F. ) ;
#3577 = LINE ( 'NONE', #8568, #9560 ) ;
#3578 = CARTESIAN_POINT ( 'NONE',  ( 148.0308911515353998, -1.224646799147346644E-18, -54.35518781845740932 ) ) ;
#3579 = DIRECTION ( 'NONE',  ( 0.000000000000000000, 0.000000000000000000, -1.000000000000000000 ) ) ;
#3580 = VERTEX_POINT ( 'NONE', #3861 ) ;
#3581 = COLOUR_RGB ( '',1.000000000000000000, 0.5019607843137254832, 0.2509803921568627416 ) ;
#3582 = ORIENTED_EDGE ( 'NONE', *, *, #3584, .T. ) ;
#3583 = CARTESIAN_POINT ( 'NONE',  ( 162.5447912666950572, -1.868274917540105884, -259.2507993847970056 ) ) ;
#3584 = EDGE_CURVE ( 'NONE', #4711, #9856, #294, .T. ) ;
#3585 = EDGE_CURVE ( 'NONE', #11040, #10316, #305, .T. ) ;
#3586 = CARTESIAN_POINT ( 'NONE',  ( 0.9700000000000541522, 1.975537752029993266, 0.3948905628680179913 ) ) ;
#3587 = VERTEX_POINT ( 'NONE', #6780 ) ;
#3588 = LINE ( 'NONE', #10023, #6919 ) ;
#3589 = EDGE_LOOP ( 'NONE', ( #10613, #103, #1829, #3895 ) ) ;
#3590 = AXIS2_PLACEMENT_3D ( 'NONE', #7390, #881, #7150 ) ;
#3591 = LINE ( 'NONE', #662, #10658 ) ;
#3592 = VECTOR ( 'NONE', #7945, 1000.000000000000000 ) ;
#3593 = LINE ( 'NONE', #10906, #9937 ) ;
#3594 = VERTEX_POINT ( 'NONE', #11360 ) ;
#3595 = LINE ( 'NONE', #10096, #11405 ) ;
#3596 = ORIENTED_EDGE ( 'NONE', *, *, #7042, .T. ) ;
#3597 = PLANE ( 'NONE',  #11095 ) ;
#3598 = SURFACE_SIDE_STYLE ('',( #9975 ) ) ;
#3599 = DIRECTION ( 'NONE',  ( -9.842402700577628319E-17, 0.000000000000000000, -1.000000000000000000 ) ) ;
#3600 = EDGE_CURVE ( 'NONE', #5283, #3640, #11625, .T. ) ;
#3601 = VECTOR ( 'NONE', #7747, 1000.000000000000000 ) ;
#3602 = CARTESIAN_POINT ( 'NONE',  ( 161.0000000000000000, -1.979074464324256155, -85.12708333333331723 ) ) ;
#3603 = EDGE_CURVE ( 'NONE', #11989, #1936, #9682, .T. ) ;
#3604 = DIRECTION ( 'NONE',  ( -0.000000000000000000, -1.000000000000000000, -0.000000000000000000 ) ) ;
#3605 = VERTEX_POINT ( 'NONE', #2334 ) ;
#3606 = LINE ( 'NONE', #1840, #913 ) ;
#3607 = CIRCLE ( 'NONE', #6907, 2.110000000000000764 ) ;
#3608 = CARTESIAN_POINT ( 'NONE',  ( 0.9700000000000541522, 2.513397826239216482, 0.2400852859844870846 ) ) ;
#3609 = EDGE_CURVE ( 'NONE', #10297, #9728, #6039, .T. ) ;
#3610 = ORIENTED_EDGE ( 'NONE', *, *, #628, .T. ) ;
#3611 = EDGE_CURVE ( 'NONE', #11858, #5466, #5922, .T. ) ;
#3612 = DIRECTION ( 'NONE',  ( 6.845769268624693726E-16, -5.551115123125739315E-16, -1.000000000000000000 ) ) ;
#3613 = FILL_AREA_STYLE ('',( #11962 ) ) ;
#3614 = DIRECTION ( 'NONE',  ( 1.000000000000000000, 0.000000000000000000, 0.000000000000000000 ) ) ;
#3615 = DIRECTION ( 'NONE',  ( -1.000000000000000000, -3.110410790118177818E-16, 7.400880780937398214E-16 ) ) ;
#3616 = EDGE_LOOP ( 'NONE', ( #9312, #902, #2617, #8263 ) ) ;
#3617 = CARTESIAN_POINT ( 'NONE',  ( 0.9699999999999986411, 2.125255814197451798, 0.1250508761559410154 ) ) ;
#3618 = CARTESIAN_POINT ( 'NONE',  ( 162.7500000000000284, -1.500000000000000000, -85.00000000000001421 ) ) ;
#3619 = DIRECTION ( 'NONE',  ( -2.208597309011063978E-16, 0.8660254037844428154, 0.4999999999999927280 ) ) ;
#3620 = EDGE_CURVE ( 'NONE', #1123, #931, #9740, .T. ) ;
#3621 = VECTOR ( 'NONE', #11752, 1000.000000000000000 ) ;
#3622 = CARTESIAN_POINT ( 'NONE',  ( 224.4999999999999716, 0.000000000000000000, -179.2174660514637310 ) ) ;
#3623 = ORIENTED_EDGE ( 'NONE', *, *, #6354, .F. ) ;
#3624 = FACE_OUTER_BOUND ( 'NONE', #6126, .T. ) ;
#3625 = EDGE_LOOP ( 'NONE', ( #11572, #1791, #528, #7108 ) ) ;
#3626 = DIRECTION ( 'NONE',  ( 0.000000000000000000, 0.000000000000000000, -1.000000000000000000 ) ) ;
#3627 = DIRECTION ( 'NONE',  ( 0.000000000000000000, 0.000000000000000000, 1.000000000000000000 ) ) ;
#3628 = ADVANCED_FACE ( 'NONE', ( #185 ), #9621, .T. ) ;
#3629 = EDGE_CURVE ( 'NONE', #9919, #8990, #9477, .T. ) ;
#3630 = LINE ( 'NONE', #4733, #3353 ) ;
#3631 = DIRECTION ( 'NONE',  ( 0.000000000000000000, -0.000000000000000000, -1.000000000000000000 ) ) ;
#3632 = CARTESIAN_POINT ( 'NONE',  ( 5.689892141741841679E-11, -1.499999999964547248, 5.245803791229817854E-15 ) ) ;
#3633 = CARTESIAN_POINT ( 'NONE',  ( 0.9843342201064364527, 2.416638973676554780, 0.2657177383791342606 ) ) ;
#3634 = ORIENTED_EDGE ( 'NONE', *, *, #3976, .T. ) ;
#3635 = ADVANCED_FACE ( 'NONE', ( #1649 ), #6099, .F. ) ;
#3636 = CARTESIAN_POINT ( 'NONE',  ( 0.9699999999999986411, 2.324343390078947635, -0.05453024012842810908 ) ) ;
#3637 = CARTESIAN_POINT ( 'NONE',  ( 344.7080587976287234, -0.04554781583044813925, -259.2216327181303654 ) ) ;
#3638 = VERTEX_POINT ( 'NONE', #7006 ) ;
#3639 = VECTOR ( 'NONE', #11009, 1000.000000000000000 ) ;
#3640 = VERTEX_POINT ( 'NONE', #7186 ) ;
#3641 = CARTESIAN_POINT ( 'NONE',  ( 345.7791261796199365, -2.631333215649074297, -85.13333333333333997 ) ) ;
#3642 = VERTEX_POINT ( 'NONE', #10730 ) ;
#3643 = ORIENTED_EDGE ( 'NONE', *, *, #7495, .F. ) ;
#3644 = LINE ( 'NONE', #1747, #3534 ) ;
#3645 = ORIENTED_EDGE ( 'NONE', *, *, #7060, .T. ) ;
#3646 = ADVANCED_FACE ( 'NONE', ( #2515 ), #10854, .F. ) ;
#3647 = CARTESIAN_POINT ( 'NONE',  ( 2.470000000000055707, 2.133761685484680815, -1.138599379414545476 ) ) ;
#3648 = VERTEX_POINT ( 'NONE', #9011 ) ;
#3649 = VECTOR ( 'NONE', #1046, 1000.000000000000000 ) ;
#3650 = ORIENTED_EDGE ( 'NONE', *, *, #7698, .F. ) ;
#3651 = CARTESIAN_POINT ( 'NONE',  ( 162.5621982420628342, -1.605673702813890991, -259.2320493847969942 ) ) ;
#3652 = CARTESIAN_POINT ( 'NONE',  ( 210.8265096880607814, 0.000000000000000000, -228.4456223450676191 ) ) ;
#3653 = ORIENTED_EDGE ( 'NONE', *, *, #9895, .T. ) ;
#3654 = CARTESIAN_POINT ( 'NONE',  ( 5.000000000000000000, -1.500999999999999890, -40.00000000000000000 ) ) ;
#3655 = AXIS2_PLACEMENT_3D ( 'NONE', #6028, #4144, #11573 ) ;
#3657 = ORIENTED_EDGE ( 'NONE', *, *, #3003, .F. ) ;
#3656 = AXIS2_PLACEMENT_3D ( 'NONE', #8769, #6945, #10671 ) ;
#3658 = CARTESIAN_POINT ( 'NONE',  ( 0.9843342201064919639, 2.523629592551118961, 0.3948905628682677915 ) ) ;
#3659 = CARTESIAN_POINT ( 'NONE',  ( 0.9843342201064919639, 1.975537752030298577, -0.3948934297111073022 ) ) ;
#3660 = VERTEX_POINT ( 'NONE', #6274 ) ;
#3661 = EDGE_CURVE ( 'NONE', #8193, #6746, #1470, .T. ) ;
#3662 = FACE_OUTER_BOUND ( 'NONE', #2934, .T. ) ;
#3663 = ORIENTED_EDGE ( 'NONE', *, *, #4813, .F. ) ;
#3664 = LINE ( 'NONE', #7601, #4495 ) ;
#3665 = FACE_OUTER_BOUND ( 'NONE', #3888, .T. ) ;
#3666 = VECTOR ( 'NONE', #6304, 1000.000000000000000 ) ;
#3667 = VECTOR ( 'NONE', #1458, 1000.000000000000114 ) ;
#3668 = LINE ( 'NONE', #2877, #3256 ) ;
#3669 = PLANE ( 'NONE',  #10077 ) ;
#3670 = ORIENTED_EDGE ( 'NONE', *, *, #9358, .T. ) ;
#3671 = CARTESIAN_POINT ( 'NONE',  ( 343.5000000000000000, -1.500000000000000444, -259.9674660514637026 ) ) ;
#3672 = DIRECTION ( 'NONE',  ( 0.000000000000000000, 0.000000000000000000, -1.000000000000000000 ) ) ;
#3673 = AXIS2_PLACEMENT_3D ( 'NONE', #6681, #8499, #1069 ) ;
#3674 = ORIENTED_EDGE ( 'NONE', *, *, #2760, .T. ) ;
#3675 = EDGE_CURVE ( 'NONE', #10571, #6638, #4276, .T. ) ;
#3676 = VECTOR ( 'NONE', #11669, 1000.000000000000000 ) ;
#3677 = EDGE_CURVE ( 'NONE', #9806, #10949, #2398, .T. ) ;
#3678 = FACE_OUTER_BOUND ( 'NONE', #3616, .T. ) ;
#3679 = EDGE_LOOP ( 'NONE', ( #3809, #3769, #5809, #8413 ) ) ;
#3680 = LINE ( 'NONE', #2640, #7849 ) ;
#3681 = DIRECTION ( 'NONE',  ( -1.000000000000000000, -2.000187765493021278E-16, 7.400880780937300593E-16 ) ) ;
#3682 = DIRECTION ( 'NONE',  ( 0.000000000000000000, -1.000000000000000000, 0.000000000000000000 ) ) ;
#3683 = ORIENTED_EDGE ( 'NONE', *, *, #3248, .T. ) ;
#3684 = CARTESIAN_POINT ( 'NONE',  ( 0.9843342201064364527, 2.324343390079225635, 0.03026883183819550904 ) ) ;
#3685 = FACE_BOUND ( 'NONE', #1211, .T. ) ;
#3686 = FACE_BOUND ( 'NONE', #263, .T. ) ;
#3687 = AXIS2_PLACEMENT_3D ( 'NONE', #11407, #6880, #1101 ) ;
#3688 = ORIENTED_EDGE ( 'NONE', *, *, #9933, .T. ) ;
#3689 = DIRECTION ( 'NONE',  ( -6.845769268624692740E-16, 5.551115123125739315E-16, 1.000000000000000000 ) ) ;
#3690 = EDGE_LOOP ( 'NONE', ( #7168, #5925, #5345, #10778 ) ) ;
#3691 = EDGE_CURVE ( 'NONE', #157, #115, #8159, .T. ) ;
#3692 = DIRECTION ( 'NONE',  ( 0.000000000000000000, 0.000000000000000000, 1.000000000000000000 ) ) ;
#3693 = DIRECTION ( 'NONE',  ( 0.000000000000000000, 0.000000000000000000, 1.000000000000000000 ) ) ;
#3694 = VECTOR ( 'NONE', #5696, 1000.000000000000114 ) ;
#3695 = LINE ( 'NONE', #882, #6305 ) ;
#3696 = CARTESIAN_POINT ( 'NONE',  ( 2.469999999999972218, -1.675109521795753453, -1.025625200007374005 ) ) ;
#3697 = CARTESIAN_POINT ( 'NONE',  ( 0.9699999999999986411, 2.125255814197590798, -0.3400507035846989101 ) ) ;
#3698 = DIRECTION ( 'NONE',  ( 4.992923249690979017E-16, -0.5000000000000058842, -0.8660254037844352659 ) ) ;
#3699 = DIRECTION ( 'NONE',  ( -0.000000000000000000, 1.000000000000000000, -0.000000000000000000 ) ) ;
#3700 = VERTEX_POINT ( 'NONE', #5368 ) ;
#3701 = LINE ( 'NONE', #7270, #7352 ) ;
#3702 = B_SPLINE_CURVE_WITH_KNOTS ( 'NONE', 3,
 ( #8683, #331, #9413, #10339 ),
 .UNSPECIFIED., .F., .F.,
 ( 4, 4 ),
 ( 0.000000000000000000, 0.9976201257363475072 ),
 .UNSPECIFIED. ) ;
#3703 = EDGE_CURVE ( 'NONE', #10254, #63, #9070, .T. ) ;
#3704 = UNCERTAINTY_MEASURE_WITH_UNIT (LENGTH_MEASURE( 1.000000000000000082E-05 ), #414, 'distance_accuracy_value', 'NONE');
#3705 = AXIS2_PLACEMENT_3D ( 'NONE', #5914, #2891, #6598 ) ;
#3706 = EDGE_CURVE ( 'NONE', #1240, #2048, #7244, .T. ) ;
#3707 = ORIENTED_EDGE ( 'NONE', *, *, #4233, .T. ) ;
#3708 = CARTESIAN_POINT ( 'NONE',  ( 224.4999999999999716, -1.500000000000000000, -179.2174660514637310 ) ) ;
#3709 = CARTESIAN_POINT ( 'NONE',  ( 162.7500000000000284, 0.000000000000000000, -85.10000000000003695 ) ) ;
#3710 = VERTEX_POINT ( 'NONE', #7069 ) ;
#3711 = ORIENTED_EDGE ( 'NONE', *, *, #255, .T. ) ;
#3712 = ADVANCED_FACE ( 'NONE', ( #11829 ), #3482, .T. ) ;
#3713 = CARTESIAN_POINT ( 'NONE',  ( 305.0000000000000568, 0.000000000000000000, -194.2174660514637310 ) ) ;
#3714 = LINE ( 'NONE', #6434, #9819 ) ;
#3715 = CARTESIAN_POINT ( 'NONE',  ( 0.000000000000000000, -1.500999999999999890, -40.00000000000000000 ) ) ;
#3716 = ORIENTED_EDGE ( 'NONE', *, *, #1084, .F. ) ;
#3717 = VECTOR ( 'NONE', #5233, 1000.000000000000000 ) ;
#3718 = VERTEX_POINT ( 'NONE', #11893 ) ;
#3719 = CARTESIAN_POINT ( 'NONE',  ( 161.0455478158304743, -1.291941202371254205, -259.2382993847970170 ) ) ;
#3720 = DIRECTION ( 'NONE',  ( 0.000000000000000000, 0.000000000000000000, 1.000000000000000000 ) ) ;
#3721 = ADVANCED_FACE ( 'NONE', ( #5188 ), #3537, .F. ) ;
#3722 = ORIENTED_EDGE ( 'NONE', *, *, #1619, .T. ) ;
#3723 = FACE_OUTER_BOUND ( 'NONE', #4664, .T. ) ;
#3724 = VECTOR ( 'NONE', #3746, 1000.000000000000000 ) ;
#3725 = VERTEX_POINT ( 'NONE', #5132 ) ;
#3726 = LINE ( 'NONE', #7421, #4714 ) ;
#3727 = EDGE_LOOP ( 'NONE', ( #11352, #10181, #7100, #6094 ) ) ;
#3728 = CARTESIAN_POINT ( 'NONE',  ( 344.2500000000000000, -3.514999999999999680, -85.15000000000000568 ) ) ;
#3729 = ORIENTED_EDGE ( 'NONE', *, *, #11528, .F. ) ;
#3730 = CARTESIAN_POINT ( 'NONE',  ( 0.9843342201064364527, 2.217642729627267162, 0.2694351750214263319 ) ) ;
#3731 = LINE ( 'NONE', #5606, #4303 ) ;
#3732 = VECTOR ( 'NONE', #5382, 1000.000000000000000 ) ;
#3733 = FACE_OUTER_BOUND ( 'NONE', #7987, .T. ) ;
#3734 = LINE ( 'NONE', #797, #8105 ) ;
#3735 = LINE ( 'NONE', #7431, #1924 ) ;
#3736 = EDGE_CURVE ( 'NONE', #4542, #972, #10791, .T. ) ;
#3737 = ORIENTED_EDGE ( 'NONE', *, *, #8743, .F. ) ;
#3738 = PLANE ( 'NONE',  #942 ) ;
#3739 = DIRECTION ( 'NONE',  ( -4.502256333528836914E-16, 0.7144949460127318908, 0.6996406021110148643 ) ) ;
#3740 = VECTOR ( 'NONE', #12027, 1000.000000000000114 ) ;
#3741 = EDGE_LOOP ( 'NONE', ( #1660, #4566 ) ) ;
#3742 = DIRECTION ( 'NONE',  ( 1.000000000000000000, 2.000187765493021278E-16, -7.400880780937300593E-16 ) ) ;
#3743 = ORIENTED_EDGE ( 'NONE', *, *, #9947, .F. ) ;
#3744 = CARTESIAN_POINT ( 'NONE',  ( 343.5000000000000000, -1.500000000000000444, -259.9674660514637026 ) ) ;
#3745 = FACE_OUTER_BOUND ( 'NONE', #3191, .T. ) ;
#3746 = DIRECTION ( 'NONE',  ( -6.845769268624743030E-16, 9.436895709313777345E-16, 1.000000000000000000 ) ) ;
#3747 = PLANE ( 'NONE',  #10374 ) ;
#3748 = CARTESIAN_POINT ( 'NONE',  ( 10.49999999999928413, -1.500000000000001332, -80.66964398456984497 ) ) ;
#3749 = VECTOR ( 'NONE', #10711, 1000.000000000000000 ) ;
#3750 = EDGE_CURVE ( 'NONE', #6475, #11040, #1529, .T. ) ;
#3751 = EDGE_CURVE ( 'NONE', #341, #4917, #4768, .T. ) ;
#3752 = ORIENTED_EDGE ( 'NONE', *, *, #6796, .F. ) ;
#3753 = B_SPLINE_CURVE_WITH_KNOTS ( 'NONE', 3,
 ( #5519, #4553, #3637, #7336, #9223, #4615, #957, #4680, #17, #4916, #2056, #4002, #11492, #4858, #5941, #381, #8561, #4118 ),
 .UNSPECIFIED., .F., .F.,
 ( 4, 2, 2, 2, 2, 2, 2, 2, 4 ),
 ( 0.000000000000000000, 0.1250000000000000000, 0.2500000000000000000, 0.3750000000000000000, 0.5000000000000000000, 0.6250000000000000000, 0.7500000000000000000, 0.8750000000000000000, 1.000000000000000000 ),
 .UNSPECIFIED. ) ;
#3754 = CARTESIAN_POINT ( 'NONE',  ( 162.7500000000000284, -3.500000000000000000, -85.15000000000000568 ) ) ;
#3755 = ORIENTED_EDGE ( 'NONE', *, *, #4088, .F. ) ;
#3756 = CLOSED_SHELL ( 'NONE', ( #1124, #5566, #9487, #9732, #5249, #6218 ) ) ;
#3757 = LINE ( 'NONE', #4730, #11192 ) ;
#3758 =( NAMED_UNIT ( * ) SI_UNIT ( $, .STERADIAN. ) SOLID_ANGLE_UNIT ( ) );
#3759 = VERTEX_POINT ( 'NONE', #7305 ) ;
#3760 = AXIS2_PLACEMENT_3D ( 'NONE', #8046, #3426, #6283 ) ;
#3761 = CARTESIAN_POINT ( 'NONE',  ( 2.470000000000027729, 2.070502786264333039, -1.449385447233317414 ) ) ;
#3762 = LINE ( 'NONE', #6482, #11465 ) ;
#3763 = PLANE ( 'NONE',  #2620 ) ;
#3764 = DIRECTION ( 'NONE',  ( 0.000000000000000000, -1.000000000000000000, 0.000000000000000000 ) ) ;
#3765 = EDGE_LOOP ( 'NONE', ( #5807, #1352, #10387, #10327 ) ) ;
#3766 = LINE ( 'NONE', #1011, #6963 ) ;
#3767 = ADVANCED_FACE ( 'NONE', ( #4583 ), #856, .T. ) ;
#3768 = VECTOR ( 'NONE', #5290, 1000.000000000000000 ) ;
#3769 = ORIENTED_EDGE ( 'NONE', *, *, #4148, .F. ) ;
#3770 = FACE_OUTER_BOUND ( 'NONE', #8244, .T. ) ;
#3771 = ORIENTED_EDGE ( 'NONE', *, *, #3750, .F. ) ;
#3772 = VERTEX_POINT ( 'NONE', #5673 ) ;
#3773 = ORIENTED_EDGE ( 'NONE', *, *, #1869, .T. ) ;
#3774 = DIRECTION ( 'NONE',  ( -5.986776558089818140E-16, 0.4212021854523420039, 0.9069667683935123126 ) ) ;
#3775 = DIRECTION ( 'NONE',  ( -0.000000000000000000, -0.000000000000000000, 1.000000000000000000 ) ) ;
#3776 = ORIENTED_EDGE ( 'NONE', *, *, #8411, .T. ) ;
#3777 = ADVANCED_FACE ( 'NONE', ( #9253 ), #10228, .F. ) ;
#3778 = EDGE_CURVE ( 'NONE', #9719, #6738, #3734, .T. ) ;
#3779 = EDGE_LOOP ( 'NONE', ( #9279, #3513, #2007, #11888 ) ) ;
#3780 = CARTESIAN_POINT ( 'NONE',  ( 162.7500000000000284, -1.515149999999999997, -259.2174660514637026 ) ) ;
#3781 = CARTESIAN_POINT ( 'NONE',  ( 2.450950000000007289, -1.725772238865469488, -0.9378747999924663681 ) ) ;
#3782 = ORIENTED_EDGE ( 'NONE', *, *, #9266, .F. ) ;
#3783 = DIRECTION ( 'NONE',  ( 4.665017388252629213E-16, -0.4606709861125486971, -0.8875709788823044066 ) ) ;
#3784 = ORIENTED_EDGE ( 'NONE', *, *, #5949, .F. ) ;
#3785 = FACE_OUTER_BOUND ( 'NONE', #10151, .T. ) ;
#3786 = DIRECTION ( 'NONE',  ( 1.000000000000000000, 0.000000000000000000, 0.000000000000000000 ) ) ;
#3787 = EDGE_LOOP ( 'NONE', ( #4687, #10145, #4693, #5883 ) ) ;
#3788 = DIRECTION ( 'NONE',  ( 1.000000000000000000, 2.000187765493021278E-16, -7.400880780937300593E-16 ) ) ;
#3789 = LINE ( 'NONE', #10863, #8603 ) ;
#3790 = ORIENTED_EDGE ( 'NONE', *, *, #6842, .F. ) ;
#3791 = ADVANCED_FACE ( 'NONE', ( #12012 ), #5431, .T. ) ;
#3792 = DIRECTION ( 'NONE',  ( 5.679358808856674180E-16, 0.7205143255214324638, -0.6934400527214990007 ) ) ;
#3793 = DIRECTION ( 'NONE',  ( -1.000000000000000000, -2.000187765493021278E-16, 7.400880780937300593E-16 ) ) ;
#3794 = CARTESIAN_POINT ( 'NONE',  ( 321.4999999999999432, 0.000000000000000000, -317.4174660514636912 ) ) ;
#3795 = EDGE_CURVE ( 'NONE', #4689, #252, #7914, .T. ) ;
#3796 = DIRECTION ( 'NONE',  ( -0.7071067811865553443, 0.000000000000000000, -0.7071067811865396902 ) ) ;
#3797 = VECTOR ( 'NONE', #2230, 1000.000000000000000 ) ;
#3798 = ORIENTED_EDGE ( 'NONE', *, *, #10024, .F. ) ;
#3799 = LINE ( 'NONE', #11350, #924 ) ;
#3800 = CARTESIAN_POINT ( 'NONE',  ( 2.279499999986056569, -1.387778780781445676E-13, 2.220446049250313081E-13 ) ) ;
#3801 = ORIENTED_EDGE ( 'NONE', *, *, #3351, .F. ) ;
#3802 = DIRECTION ( 'NONE',  ( 6.169770673138280913E-16, -0.06192929298398618110, -0.9980805391703134744 ) ) ;
#3803 = VERTEX_POINT ( 'NONE', #6519 ) ;
#3804 = EDGE_CURVE ( 'NONE', #9052, #396, #8217, .T. ) ;
#3805 = LINE ( 'NONE', #3925, #4085 ) ;
#3806 = VECTOR ( 'NONE', #368, 1000.000000000000000 ) ;
#3807 = DIRECTION ( 'NONE',  ( 1.000000000000000000, 0.000000000000000000, -0.000000000000000000 ) ) ;
#3808 = LINE ( 'NONE', #3618, #10872 ) ;
#3809 = ORIENTED_EDGE ( 'NONE', *, *, #7911, .F. ) ;
#3810 = AXIS2_PLACEMENT_3D ( 'NONE', #5620, #9325, #10301 ) ;
#3811 = CARTESIAN_POINT ( 'NONE',  ( 162.2919412023711914, -3.454452184169533702, -85.14583333333335702 ) ) ;
#3812 = ORIENTED_EDGE ( 'NONE', *, *, #6113, .F. ) ;
#3813 = DIRECTION ( 'NONE',  ( -0.000000000000000000, 1.000000000000000000, -0.000000000000000000 ) ) ;
#3814 = CARTESIAN_POINT ( 'NONE',  ( 272.0000000000000000, 0.000000000000000000, -224.7174660514637594 ) ) ;
#3815 = EDGE_CURVE ( 'NONE', #8607, #4173, #3668, .T. ) ;
#3816 = LINE ( 'NONE', #3131, #1639 ) ;
#3817 = FACE_OUTER_BOUND ( 'NONE', #5213, .T. ) ;
#3818 = LINE ( 'NONE', #4675, #1616 ) ;
#3819 = CYLINDRICAL_SURFACE ( 'NONE', #2933, 1.800000000000023803 ) ;
#3820 = CARTESIAN_POINT ( 'NONE',  ( 207.5000000000000000, -1.500000000000000000, -179.2174660514637310 ) ) ;
#3821 = AXIS2_PLACEMENT_3D ( 'NONE', #4271, #9248, #10411 ) ;
#3822 = EDGE_LOOP ( 'NONE', ( #10313, #8992, #6573, #11812 ) ) ;
#3823 = CARTESIAN_POINT ( 'NONE',  ( 20.00000000000000355, 0.000000000000000000, -105.9999999999999574 ) ) ;
#3824 = DIRECTION ( 'NONE',  ( -1.000000000000000000, -2.000187765493021278E-16, 7.400880780937300593E-16 ) ) ;
#3825 = ORIENTED_EDGE ( 'NONE', *, *, #1451, .T. ) ;
#3826 = CARTESIAN_POINT ( 'NONE',  ( 344.2500000000000000, 0.000000000000000000, -85.10000000000000853 ) ) ;
#3827 = ORIENTED_EDGE ( 'NONE', *, *, #7370, .T. ) ;
#3828 = ORIENTED_EDGE ( 'NONE', *, *, #7822, .T. ) ;
#3829 = AXIS2_PLACEMENT_3D ( 'NONE', #1416, #8843, #494 ) ;
#3830 = DIRECTION ( 'NONE',  ( -6.845769268624693726E-16, 5.551115123125739315E-16, 1.000000000000000000 ) ) ;
#3831 = ADVANCED_FACE ( 'NONE', ( #4647 ), #8471, .F. ) ;
#3832 = ADVANCED_FACE ( 'NONE', ( #6457 ), #7490, .F. ) ;
#3833 = CARTESIAN_POINT ( 'NONE',  ( 2.450949999999840756, -0.06106376598072338346, 2.417505155565546904 ) ) ;
#3834 = CARTESIAN_POINT ( 'NONE',  ( 288.0000000000000568, 0.000000000000000000, -179.2174660514637310 ) ) ;
#3835 = ORIENTED_EDGE ( 'NONE', *, *, #604, .F. ) ;
#3836 = EDGE_LOOP ( 'NONE', ( #1789, #2793, #6960, #6661 ) ) ;
#3837 = LINE ( 'NONE', #7475, #10457 ) ;
#3838 = AXIS2_PLACEMENT_3D ( 'NONE', #2359, #11549, #9762 ) ;
#3839 = LINE ( 'NONE', #11330, #4270 ) ;
#3840 = EDGE_LOOP ( 'NONE', ( #4374, #7853, #8732, #10210 ) ) ;
#3841 = EDGE_CURVE ( 'NONE', #2689, #8052, #8551, .T. ) ;
#3842 = LINE ( 'NONE', #10406, #8273 ) ;
#3843 = EDGE_LOOP ( 'NONE', ( #8071, #9032, #3329, #5128 ) ) ;
#3844 = CARTESIAN_POINT ( 'NONE',  ( 2.470000000000055707, 1.827983448570907887, -0.9620582320193360459 ) ) ;
#3845 = VERTEX_POINT ( 'NONE', #235 ) ;
#3846 = VECTOR ( 'NONE', #7089, 1000.000000000000114 ) ;
#3847 = ADVANCED_FACE ( 'NONE', ( #10416 ), #4037, .F. ) ;
#3848 = CARTESIAN_POINT ( 'NONE',  ( 2.469999999999861195, -0.03601191218871591104, 2.273457506810801387 ) ) ;
#3849 = VERTEX_POINT ( 'NONE', #9846 ) ;
#3850 = CARTESIAN_POINT ( 'NONE',  ( 173.0000000000000000, -1.500000000000000000, -242.2174660514637310 ) ) ;
#3851 = DIRECTION ( 'NONE',  ( -1.257674520083184650E-16, 0.000000000000000000, -1.000000000000000000 ) ) ;
#3852 = DIRECTION ( 'NONE',  ( 7.133670101290322422E-16, 0.5483224662305562491, -0.8362669866895622306 ) ) ;
#3853 = CARTESIAN_POINT ( 'NONE',  ( 161.8686667843509781, -0.2208738203800486577, -85.10833333333334849 ) ) ;
#3854 = CARTESIAN_POINT ( 'NONE',  ( 301.9999999999999432, 0.000000000000000000, -233.2174660514637310 ) ) ;
#3855 = AXIS2_PLACEMENT_3D ( 'NONE', #981, #8346, #9126 ) ;
#3856 = AXIS2_PLACEMENT_3D ( 'NONE', #3671, #1045, #2823 ) ;
#3857 = EDGE_CURVE ( 'NONE', #2488, #3549, #9789, .T. ) ;
#3858 = EDGE_CURVE ( 'NONE', #10376, #6002, #595, .T. ) ;
#3859 = ORIENTED_EDGE ( 'NONE', *, *, #4497, .T. ) ;
#3860 = LINE ( 'NONE', #1839, #6944 ) ;
#3861 = CARTESIAN_POINT ( 'NONE',  ( 344.2500000000000000, -1.500000000000000444, -259.2174660514637026 ) ) ;
#3862 = ORIENTED_EDGE ( 'NONE', *, *, #9994, .T. ) ;
#3863 = ADVANCED_FACE ( 'NONE', ( #4378 ), #8082, .F. ) ;
#3864 = DIRECTION ( 'NONE',  ( 1.000000000000000000, 2.000187765493021278E-16, -7.400880780937300593E-16 ) ) ;
#3865 = ORIENTED_EDGE ( 'NONE', *, *, #1396, .T. ) ;
#3866 = AXIS2_PLACEMENT_3D ( 'NONE', #11504, #6124, #578 ) ;
#3867 = VECTOR ( 'NONE', #8208, 1000.000000000000000 ) ;
#3868 = DIRECTION ( 'NONE',  ( -1.000000000000000000, -2.000187765493021278E-16, 7.400880780937300593E-16 ) ) ;
#3869 = DIRECTION ( 'NONE',  ( -1.445076253180192051E-16, -1.000000000000000000, 2.553512956637819811E-15 ) ) ;
#3870 = ORIENTED_EDGE ( 'NONE', *, *, #2611, .T. ) ;
#3871 = DIRECTION ( 'NONE',  ( 1.000000000000000000, 0.000000000000000000, 0.000000000000000000 ) ) ;
#3872 = DIRECTION ( 'NONE',  ( 1.000000000000000000, 2.000187765493029413E-16, 6.845769268624692740E-16 ) ) ;
#3873 = AXIS2_PLACEMENT_3D ( 'NONE', #7916, #3364, #3421 ) ;
#3874 = ADVANCED_FACE ( 'NONE', ( #1397 ), #6992, .F. ) ;
#3875 = ORIENTED_EDGE ( 'NONE', *, *, #3279, .F. ) ;
#3876 = VECTOR ( 'NONE', #6412, 1000.000000000000000 ) ;
#3877 = CARTESIAN_POINT ( 'NONE',  ( 161.0000000000000284, -1.520925535675744511, -85.12291666666666856 ) ) ;
#3878 = ORIENTED_EDGE ( 'NONE', *, *, #3234, .F. ) ;
#3879 = LINE ( 'NONE', #5693, #4778 ) ;
#3880 = CARTESIAN_POINT ( 'NONE',  ( 330.0000000000000000, 0.000000000000000000, -194.2174660514637310 ) ) ;
#3881 = VERTEX_POINT ( 'NONE', #5237 ) ;
#3882 = FILL_AREA_STYLE ('',( #3019 ) ) ;
#3883 = DIRECTION ( 'NONE',  ( -1.000000000000000000, -2.000187765493021278E-16, 7.400880780937300593E-16 ) ) ;
#3884 = FACE_OUTER_BOUND ( 'NONE', #1072, .T. ) ;
#3885 = VECTOR ( 'NONE', #7229, 1000.000000000000000 ) ;
#3886 = FACE_OUTER_BOUND ( 'NONE', #124, .T. ) ;
#3887 = DIRECTION ( 'NONE',  ( 0.000000000000000000, 0.000000000000000000, 1.000000000000000000 ) ) ;
#3888 = EDGE_LOOP ( 'NONE', ( #5014, #9924, #5542, #2088 ) ) ;
#3889 = PLANE ( 'NONE',  #6380 ) ;
#3890 = EDGE_CURVE ( 'NONE', #10334, #3449, #2321, .T. ) ;
#3891 = ORIENTED_EDGE ( 'NONE', *, *, #5935, .F. ) ;
#3892 = CARTESIAN_POINT ( 'NONE',  ( 2.279499999986059677, -1.401515317710317873E-13, -3.175000000055463456 ) ) ;
#3893 = VERTEX_POINT ( 'NONE', #11875 ) ;
#3894 = VECTOR ( 'NONE', #7691, 1000.000000000000000 ) ;
#3895 = ORIENTED_EDGE ( 'NONE', *, *, #5222, .T. ) ;
#3896 = DIRECTION ( 'NONE',  ( 1.431041851435017208E-16, 0.9999982027861449296, 0.001895896748269591033 ) ) ;
#3897 = DIRECTION ( 'NONE',  ( 7.845854836809279995E-17, 0.9803664598916860262, 0.1971841888170626500 ) ) ;
#3898 = ORIENTED_EDGE ( 'NONE', *, *, #7317, .F. ) ;
#3899 = ORIENTED_EDGE ( 'NONE', *, *, #3027, .T. ) ;
#3900 = AXIS2_PLACEMENT_3D ( 'NONE', #11235, #4038, #8540 ) ;
#3901 = DIRECTION ( 'NONE',  ( -0.000000000000000000, -1.000000000000000000, -0.000000000000000000 ) ) ;
#3902 = EDGE_CURVE ( 'NONE', #386, #9451, #8026, .T. ) ;
#3903 = VERTEX_POINT ( 'NONE', #5119 ) ;
#3904 = EDGE_CURVE ( 'NONE', #1755, #11227, #10718, .T. ) ;
#3905 = LINE ( 'NONE', #9599, #693 ) ;
#3906 = ORIENTED_EDGE ( 'NONE', *, *, #8788, .T. ) ;
#3907 = LINE ( 'NONE', #2932, #2573 ) ;
#3909 = VERTEX_POINT ( 'NONE', #7058 ) ;
#3908 = AXIS2_PLACEMENT_3D ( 'NONE', #6254, #4736, #953 ) ;
#3910 = CARTESIAN_POINT ( 'NONE',  ( 341.0000000000000000, -2.000000000000000000, -85.15000000000000568 ) ) ;
#3911 = ORIENTED_EDGE ( 'NONE', *, *, #5180, .T. ) ;
#3912 = DIRECTION ( 'NONE',  ( 1.000000000000000000, 1.722632009336720063E-16, -7.400880780937477100E-16 ) ) ;
#3913 = CARTESIAN_POINT ( 'NONE',  ( 2.470000000000027729, -0.1043506507305835829, 1.492250000000514110 ) ) ;
#3914 = CARTESIAN_POINT ( 'NONE',  ( 345.3346749607557626, -0.3385880231672320217, -259.2278827181303882 ) ) ;
#3915 = CARTESIAN_POINT ( 'NONE',  ( 0.9700000000000541522, 2.217642729627267162, 0.2694351750214263319 ) ) ;
#3916 = VECTOR ( 'NONE', #4895, 1000.000000000000000 ) ;
#3917 = EDGE_CURVE ( 'NONE', #3575, #1179, #7897, .T. ) ;
#3918 = ORIENTED_EDGE ( 'NONE', *, *, #6006, .F. ) ;
#3919 = LINE ( 'NONE', #9322, #5599 ) ;
#3920 = DIRECTION ( 'NONE',  ( -0.000000000000000000, -1.000000000000000000, -0.000000000000000000 ) ) ;
#3921 = ORIENTED_EDGE ( 'NONE', *, *, #4845, .T. ) ;
#3922 = DIRECTION ( 'NONE',  ( -1.000000000000000000, -2.000187765493021278E-16, 7.400880780937300593E-16 ) ) ;
#3923 = VERTEX_POINT ( 'NONE', #2556 ) ;
#3924 = AXIS2_PLACEMENT_3D ( 'NONE', #5642, #4737, #4059 ) ;
#3925 = CARTESIAN_POINT ( 'NONE',  ( 10.49999999999932854, 0.000000000000000000, -80.66964398456984497 ) ) ;
#3926 = PLANE ( 'NONE',  #6037 ) ;
#3927 = EDGE_CURVE ( 'NONE', #11526, #7397, #8315, .T. ) ;
#3928 = ADVANCED_FACE ( 'NONE', ( #1515 ), #5297, .F. ) ;
#3929 = CARTESIAN_POINT ( 'NONE',  ( 2.470000000073468982, 1.942890293094023946E-13, 3.608224830031758756E-13 ) ) ;
#3930 = AXIS2_PLACEMENT_3D ( 'NONE', #12068, #1886, #5602 ) ;
#3931 = ORIENTED_EDGE ( 'NONE', *, *, #516, .F. ) ;
#3932 = ORIENTED_EDGE ( 'NONE', *, *, #89, .F. ) ;
#3933 = CARTESIAN_POINT ( 'NONE',  ( 162.6317250824598943, -1.955208733304997892, -85.14166666666667993 ) ) ;
#3934 = VERTEX_POINT ( 'NONE', #3284 ) ;
#3935 = CARTESIAN_POINT ( 'NONE',  ( 0.9699999999999986411, 2.474178410326627109, -0.4637087234186793028 ) ) ;
#3936 = CARTESIAN_POINT ( 'NONE',  ( 0.9699999999999986411, 2.411458586530551784, -0.2347371884625498728 ) ) ;
#3937 = ORIENTED_EDGE ( 'NONE', *, *, #8149, .T. ) ;
#3938 = CARTESIAN_POINT ( 'NONE',  ( 0.9843342201064364527, 2.483238627135203380, -0.4785059732241398467 ) ) ;
#3939 = CARTESIAN_POINT ( 'NONE',  ( 338.9999999999999432, -1.500000000000000000, -179.2174660514637310 ) ) ;
#3940 = VECTOR ( 'NONE', #835, 1000.000000000000000 ) ;
#3941 = ADVANCED_FACE ( 'NONE', ( #5495 ), #2634, .F. ) ;
#3942 = LINE ( 'NONE', #6795, #8945 ) ;
#3943 = ORIENTED_EDGE ( 'NONE', *, *, #4710, .F. ) ;
#3944 = CARTESIAN_POINT ( 'NONE',  ( 0.9843342201064364527, 2.483238627135203380, -0.4477264981799095045 ) ) ;
#3945 = ORIENTED_EDGE ( 'NONE', *, *, #2699, .T. ) ;
#3946 = VECTOR ( 'NONE', #1005, 1000.000000000000000 ) ;
#3947 = DIRECTION ( 'NONE',  ( -1.000000000000000000, -2.000187765493021278E-16, 7.400880780937300593E-16 ) ) ;
#3948 = AXIS2_PLACEMENT_3D ( 'NONE', #3306, #4106, #3071 ) ;
#3949 = ORIENTED_EDGE ( 'NONE', *, *, #10970, .F. ) ;
#3950 = DIRECTION ( 'NONE',  ( -1.000000000000000000, 0.000000000000000000, 0.000000000000000000 ) ) ;
#3951 = VERTEX_POINT ( 'NONE', #11833 ) ;
#3952 = EDGE_CURVE ( 'NONE', #3064, #3934, #441, .T. ) ;
#3953 = VERTEX_POINT ( 'NONE', #9703 ) ;
#3954 = AXIS2_PLACEMENT_3D ( 'NONE', #11440, #2005, #7647 ) ;
#3955 = LINE ( 'NONE', #9480, #9861 ) ;
#3956 = CARTESIAN_POINT ( 'NONE',  ( 206.5000000000000000, -1.500000000000000000, -243.2174660514637310 ) ) ;
#3957 = VERTEX_POINT ( 'NONE', #3257 ) ;
#3958 = DIRECTION ( 'NONE',  ( -1.000000000000000000, -1.722632009336724254E-16, 4.070211707061878303E-16 ) ) ;
#3959 = VERTEX_POINT ( 'NONE', #1370 ) ;
#3960 = LINE ( 'NONE', #10527, #6248 ) ;
#3961 = EDGE_LOOP ( 'NONE', ( #10663, #1550, #4920, #299, #2770, #7954, #2310, #8987, #10945, #223, #10306, #5450, #10368, #8783, #641, #3623, #9765, #9886, #7296, #6580, #10520, #4868, #11739 ) ) ;
#3962 = CARTESIAN_POINT ( 'NONE',  ( 344.3943262971861259, -1.937801757937212876, -85.13958333333333428 ) ) ;
#3963 = ORIENTED_EDGE ( 'NONE', *, *, #247, .F. ) ;
#3964 = ADVANCED_FACE ( 'NONE', ( #1594 ), #8162, .T. ) ;
#3965 = FACE_OUTER_BOUND ( 'NONE', #947, .T. ) ;
#3966 = EDGE_CURVE ( 'NONE', #9117, #4322, #3069, .T. ) ;
#3967 = PRODUCT_DEFINITION_FORMATION_WITH_SPECIFIED_SOURCE ( 'ANY', '', #1501, .NOT_KNOWN. ) ;
#3968 = EDGE_LOOP ( 'NONE', ( #2373, #8925, #2360, #10933 ) ) ;
#3969 = DIRECTION ( 'NONE',  ( -0.000000000000000000, -1.000000000000000000, -0.000000000000000000 ) ) ;
#3970 = CARTESIAN_POINT ( 'NONE',  ( 344.2500000000000000, -4.336808689942017736E-16, -259.2174660514637026 ) ) ;
#3971 = LINE ( 'NONE', #6709, #9683 ) ;
#3972 = ORIENTED_EDGE ( 'NONE', *, *, #4830, .F. ) ;
#3973 = CARTESIAN_POINT ( 'NONE',  ( 301.9999999999999432, -1.500000000000000000, -233.2174660514637310 ) ) ;
#3974 = CARTESIAN_POINT ( 'NONE',  ( 2.470000000000055707, 1.886350574325429408, -1.316829575592329160 ) ) ;
#3975 = ORIENTED_EDGE ( 'NONE', *, *, #6098, .F. ) ;
#3976 = EDGE_CURVE ( 'NONE', #6436, #3772, #6967, .T. ) ;
#3977 = LINE ( 'NONE', #6776, #1349 ) ;
#3978 = DIRECTION ( 'NONE',  ( 0.000000000000000000, 0.000000000000000000, 1.000000000000000000 ) ) ;
#3979 = EDGE_CURVE ( 'NONE', #2755, #9117, #9193, .T. ) ;
#3980 = APPLICATION_PROTOCOL_DEFINITION ( 'draft international standard', 'automotive_design', 1998, #8441 ) ;
#3981 = CARTESIAN_POINT ( 'NONE',  ( 0.4850000000260479283, -1.387778780781445676E-13, 1.804112415015879378E-13 ) ) ;
#3982 =( GEOMETRIC_REPRESENTATION_CONTEXT ( 3 ) GLOBAL_UNCERTAINTY_ASSIGNED_CONTEXT ( ( #11860 ) ) GLOBAL_UNIT_ASSIGNED_CONTEXT ( ( #7078, #5141, #6049 ) ) REPRESENTATION_CONTEXT ( 'NONE', 'WORKASPACE' ) );
#3983 = CARTESIAN_POINT ( 'NONE',  ( 0.9699999999999986411, 2.463272841927349965, -0.4482944105900776854 ) ) ;
#3984 = VECTOR ( 'NONE', #6067, 1000.000000000000000 ) ;
#3985 = EDGE_LOOP ( 'NONE', ( #6204, #6128, #2135, #2282 ) ) ;
#3986 = VERTEX_POINT ( 'NONE', #7816 ) ;
#3987 = EDGE_CURVE ( 'NONE', #11659, #3575, #3194, .T. ) ;
#3988 = PLANE ( 'NONE',  #7520 ) ;
#3989 = ORIENTED_EDGE ( 'NONE', *, *, #8758, .T. ) ;
#3990 = VECTOR ( 'NONE', #11735, 1000.000000000000000 ) ;
#3991 = CARTESIAN_POINT ( 'NONE',  ( 166.0000000000000000, -3.500000000000000000, -259.2674660514636571 ) ) ;
#3992 = PRESENTATION_STYLE_ASSIGNMENT (( #6477 ) ) ;
#3993 = EDGE_LOOP ( 'NONE', ( #11674, #4122, #9764, #1136 ) ) ;
#3994 = CARTESIAN_POINT ( 'NONE',  ( 2.450949999999868290, -0.08615970196992894792, 2.517800735127965872 ) ) ;
#3995 = LINE ( 'NONE', #11428, #12052 ) ;
#3996 = LINE ( 'NONE', #2907, #2821 ) ;
#3997 = EDGE_CURVE ( 'NONE', #7397, #11526, #4634, .T. ) ;
#3998 = DIRECTION ( 'NONE',  ( 7.400880780937299607E-16, 5.551115123125742273E-16, 1.000000000000000000 ) ) ;
#3999 = ORIENTED_EDGE ( 'NONE', *, *, #1644, .T. ) ;
#4000 = CARTESIAN_POINT ( 'NONE',  ( 0.9843342201064364527, 2.398268237188555752, 0.01740461005340920853 ) ) ;
#4001 = AXIS2_PLACEMENT_3D ( 'NONE', #7972, #8212, #6328 ) ;
#4002 = CARTESIAN_POINT ( 'NONE',  ( 345.7791261796199365, -2.631333215649074742, -259.2507993847970624 ) ) ;
#4003 = ORIENTED_EDGE ( 'NONE', *, *, #10957, .F. ) ;
#4004 = EDGE_CURVE ( 'NONE', #11848, #11081, #11608, .T. ) ;
#4005 = DIRECTION ( 'NONE',  ( 1.000000000000000000, -0.000000000000000000, 0.000000000000000000 ) ) ;
#4006 = ORIENTED_EDGE ( 'NONE', *, *, #4422, .F. ) ;
#4007 = ADVANCED_FACE ( 'NONE', ( #8475 ), #4587, .F. ) ;
#4008 = ORIENTED_EDGE ( 'NONE', *, *, #1869, .F. ) ;
#4009 = DIRECTION ( 'NONE',  ( -1.445076253180192051E-16, -1.000000000000000000, 2.553512956637819811E-15 ) ) ;
#4010 = VECTOR ( 'NONE', #3788, 1000.000000000000000 ) ;
#4011 = DIRECTION ( 'NONE',  ( 6.845769268624744016E-16, -9.436895709313777345E-16, -1.000000000000000000 ) ) ;
#4012 = EDGE_CURVE ( 'NONE', #3580, #7088, #2086, .T. ) ;
#4013 = ORIENTED_EDGE ( 'NONE', *, *, #402, .T. ) ;
#4014 = FACE_OUTER_BOUND ( 'NONE', #8155, .T. ) ;
#4015 = DIRECTION ( 'NONE',  ( 0.000000000000000000, 0.000000000000000000, 1.000000000000000000 ) ) ;
#4016 = CARTESIAN_POINT ( 'NONE',  ( 500.4999999999998295, 0.000000000000000000, -58.27983018403566717 ) ) ;
#4017 = ORIENTED_EDGE ( 'NONE', *, *, #7029, .T. ) ;
#4018 = VECTOR ( 'NONE', #11091, 1000.000000000000114 ) ;
#4019 = DIRECTION ( 'NONE',  ( 3.758717262572422033E-16, 0.8875709788823042956, -0.4606709861125486416 ) ) ;
#4020 = EDGE_CURVE ( 'NONE', #1955, #8990, #3799, .T. ) ;
#4021 = VERTEX_POINT ( 'NONE', #112 ) ;
#4022 = LINE ( 'NONE', #7597, #11709 ) ;
#4023 = ORIENTED_EDGE ( 'NONE', *, *, #1423, .F. ) ;
#4024 = CARTESIAN_POINT ( 'NONE',  ( 345.6494169741968676, -2.825456759956081587, -85.13541666666667140 ) ) ;
#4025 = EDGE_LOOP ( 'NONE', ( #6632, #10685, #11154, #2223 ) ) ;
#4026 = CARTESIAN_POINT ( 'NONE',  ( 507.0000000000000000, -1.500000000000000000, -7.036038418561928313E-14 ) ) ;
#4027 = VECTOR ( 'NONE', #2794, 1000.000000000000000 ) ;
#4028 = CARTESIAN_POINT ( 'NONE',  ( 178.6688394328960499, 0.000000000000000000, -208.4456223450676475 ) ) ;
#4029 = DIRECTION ( 'NONE',  ( -0.000000000000000000, -1.000000000000000000, -0.000000000000000000 ) ) ;
#4030 = CARTESIAN_POINT ( 'NONE',  ( 346.0149999999999864, -1.981037959732771192, -259.2445493847970965 ) ) ;
#4031 = CARTESIAN_POINT ( 'NONE',  ( 178.6688394328960499, -1.500000000000000000, -208.4456223450676475 ) ) ;
#4032 = ADVANCED_FACE ( 'NONE', ( #8283 ), #9258, .T. ) ;
#4033 = VECTOR ( 'NONE', #6949, 1000.000000000000000 ) ;
#4034 = CARTESIAN_POINT ( 'NONE',  ( 0.9843342201064364527, 2.125255814197729798, -0.07459528143372029518 ) ) ;
#4035 = CARTESIAN_POINT ( 'NONE',  ( 181.5000000000000284, -9.797174393178824918E-17, -321.0174660514637708 ) ) ;
#4036 = EDGE_LOOP ( 'NONE', ( #5973, #4329, #2864, #3825 ) ) ;
#4037 = B_SPLINE_SURFACE_WITH_KNOTS ( 'NONE', 1, 3, ( 
 ( #8644, #5790, #8529, #3051, #3914, #1162, #4089, #4884, #7784, #4030, #2262, #4145, #8759, #5966, #11519, #352, #7605, #5849 ),
 ( #3970, #10359, #3164, #9436, #9666, #6767, #2025, #5730, #7666, #5908, #2143, #11406, #4997, #1099, #11346, #7840, #2082, #4823 ),
 ( #169, #10537, #10479, #2998, #2203, #8589, #1337, #6879, #5058, #10594, #6708, #11574, #6824, #9555, #9610, #7724, #291, #1220 ),
 ( #4941, #11462, #3109, #1274, #656, #467, #9056, #3466, #6087, #11758, #7173, #6260, #10655, #5355, #2387, #8940, #9001, #4439 ) ),
 .UNSPECIFIED., .F., .F., .F.,
 ( 2, 1, 1, 2 ),
 ( 4, 2, 2, 2, 2, 2, 2, 2, 4 ),
 ( -0.01000000000000000021, 0.000000000000000000, 1.000000000000000000, 1.010099999999999998 ),
 ( 0.000000000000000000, 0.1250000000000000000, 0.2500000000000000000, 0.3750000000000000000, 0.5000000000000000000, 0.6250000000000000000, 0.7500000000000000000, 0.8750000000000000000, 1.000000000000000000 ),
 .UNSPECIFIED. ) ;
#4038 = DIRECTION ( 'NONE',  ( 7.043350619216897427E-16, 0.2346670832091035386, -0.9720757995434984311 ) ) ;
#4039 = LINE ( 'NONE', #7736, #8571 ) ;
#4040 = CARTESIAN_POINT ( 'NONE',  ( 84.92753746251496239, 26.74589784213751642, 154.4752832394989639 ) ) ;
#4041 = CARTESIAN_POINT ( 'NONE',  ( 270.0000000000000000, -1.500000000000000000, -181.7174660514637310 ) ) ;
#4042 = AXIS2_PLACEMENT_3D ( 'NONE', #11907, #938, #8361 ) ;
#4043 = VECTOR ( 'NONE', #1894, 1000.000000000000000 ) ;
#4044 = ORIENTED_EDGE ( 'NONE', *, *, #11460, .F. ) ;
#4045 = VERTEX_POINT ( 'NONE', #2764 ) ;
#4046 = EDGE_CURVE ( 'NONE', #6370, #4628, #5676, .T. ) ;
#4047 = CARTESIAN_POINT ( 'NONE',  ( 0.9843342201064364527, 2.332881258751279496, 0.1446480485160217544 ) ) ;
#4048 = VECTOR ( 'NONE', #512, 1000.000000000000000 ) ;
#4049 = ORIENTED_EDGE ( 'NONE', *, *, #8058, .T. ) ;
#4050 = VECTOR ( 'NONE', #8534, 1000.000000000000000 ) ;
#4051 = DIRECTION ( 'NONE',  ( 7.400880780937299607E-16, 5.551115123125742273E-16, 1.000000000000000000 ) ) ;
#4052 = CARTESIAN_POINT ( 'NONE',  ( 270.0000000000000000, 0.000000000000000000, -174.2174660514637310 ) ) ;
#4053 = EDGE_LOOP ( 'NONE', ( #2167, #1810, #4473, #11871 ) ) ;
#4054 = LINE ( 'NONE', #11312, #9603 ) ;
#4055 = CARTESIAN_POINT ( 'NONE',  ( 335.1087330257337840, -1.500000000000000000, -335.1087330257300891 ) ) ;
#4056 = CARTESIAN_POINT ( 'NONE',  ( 305.9999999999999432, -1.500000000000001332, -329.2174660514637594 ) ) ;
#4057 = DIRECTION ( 'NONE',  ( 0.000000000000000000, 0.000000000000000000, 1.000000000000000000 ) ) ;
#4058 = DIRECTION ( 'NONE',  ( 0.000000000000000000, -1.000000000000000000, 0.000000000000000000 ) ) ;
#4059 = DIRECTION ( 'NONE',  ( -2.073106433702512277E-16, 0.9090442707885098006, 0.4166995485317765424 ) ) ;
#4060 = ORIENTED_EDGE ( 'NONE', *, *, #3081, .F. ) ;
#4061 = VECTOR ( 'NONE', #7518, 1000.000000000000000 ) ;
#4062 = VECTOR ( 'NONE', #4599, 1000.000000000000000 ) ;
#4063 = ORIENTED_EDGE ( 'NONE', *, *, #336, .T. ) ;
#4064 = ADVANCED_FACE ( 'NONE', ( #10170 ), #7371, .F. ) ;
#4065 = DIRECTION ( 'NONE',  ( 1.000000000000000000, 0.000000000000000000, 0.000000000000000000 ) ) ;
#4066 = ORIENTED_EDGE ( 'NONE', *, *, #6327, .F. ) ;
#4067 = ORIENTED_EDGE ( 'NONE', *, *, #6724, .F. ) ;
#4068 = CARTESIAN_POINT ( 'NONE',  ( 20.00000000000001421, -154.7351134694656309, -85.00000000000002842 ) ) ;
#4069 = CARTESIAN_POINT ( 'NONE',  ( 336.1545311035279724, 0.000000000000000000, -208.4456223450676475 ) ) ;
#4070 = VECTOR ( 'NONE', #9188, 999.9999999999998863 ) ;
#4071 = VECTOR ( 'NONE', #10309, 1000.000000000000000 ) ;
#4072 = DIRECTION ( 'NONE',  ( 1.445076253180178246E-16, 1.000000000000000000, -5.551115123125738329E-16 ) ) ;
#4073 = ORIENTED_EDGE ( 'NONE', *, *, #1814, .T. ) ;
#4074 = EDGE_CURVE ( 'NONE', #7312, #5365, #3860, .T. ) ;
#4075 = DIRECTION ( 'NONE',  ( -1.000000000000000000, 0.000000000000000000, -0.000000000000000000 ) ) ;
#4076 = EDGE_CURVE ( 'NONE', #11748, #10067, #10420, .T. ) ;
#4077 = VECTOR ( 'NONE', #5835, 1000.000000000000000 ) ;
#4078 = ORIENTED_EDGE ( 'NONE', *, *, #10218, .T. ) ;
#4079 = FACE_OUTER_BOUND ( 'NONE', #3514, .T. ) ;
#4080 = VERTEX_POINT ( 'NONE', #2029 ) ;
#4081 = DIRECTION ( 'NONE',  ( -1.506124092537379592E-16, 0.8759515744415703464, 0.4823990456389129489 ) ) ;
#4082 = VERTEX_POINT ( 'NONE', #986 ) ;
#4083 = DIRECTION ( 'NONE',  ( 6.845769268624693726E-16, -5.551115123125739315E-16, -1.000000000000000000 ) ) ;
#4084 = ORIENTED_EDGE ( 'NONE', *, *, #4686, .T. ) ;
#4085 = VECTOR ( 'NONE', #2151, 1000.000000000000000 ) ;
#4086 = CARTESIAN_POINT ( 'NONE',  ( 0.9699999999999986411, 2.327085933562039521, -0.05286747059678187366 ) ) ;
#4087 = DIRECTION ( 'NONE',  ( 0.000000000000000000, 0.000000000000000000, -1.000000000000000000 ) ) ;
#4088 = EDGE_CURVE ( 'NONE', #1254, #9003, #5796, .T. ) ;
#4089 = CARTESIAN_POINT ( 'NONE',  ( 345.7922329754452448, -0.8611124996453550784, -259.2341327181304109 ) ) ;
#4090 = PLANE ( 'NONE',  #5617 ) ;
#4091 = AXIS2_PLACEMENT_3D ( 'NONE', #5698, #2553, #9284 ) ;
#4092 = CARTESIAN_POINT ( 'NONE',  ( 2.469999999999972218, 2.775557561562891351E-14, 2.173161927247813097 ) ) ;
#4093 = FACE_OUTER_BOUND ( 'NONE', #3503, .T. ) ;
#4094 = VERTEX_POINT ( 'NONE', #862 ) ;
#4095 = LINE ( 'NONE', #3294, #3301 ) ;
#4096 = CARTESIAN_POINT ( 'NONE',  ( 173.0000000000000000, 0.000000000000000000, -242.2174660514637310 ) ) ;
#4097 = AXIS2_PLACEMENT_3D ( 'NONE', #2470, #10687, #1606 ) ;
#4098 = DIRECTION ( 'NONE',  ( -2.481675346006243732E-16, 0.8022045974956019121, 0.5970492305973765790 ) ) ;
#4099 = ADVANCED_FACE ( 'NONE', ( #8351 ), #3738, .F. ) ;
#4100 = DIRECTION ( 'NONE',  ( -6.693404831851108881E-17, 0.9502094961207419033, 0.3116117993304583500 ) ) ;
#4101 = VERTEX_POINT ( 'NONE', #9381 ) ;
#4102 = DIRECTION ( 'NONE',  ( 2.513793830718206599E-17, -0.9659317819997998988, -0.2587968170644511234 ) ) ;
#4103 = VECTOR ( 'NONE', #9346, 1000.000000000000000 ) ;
#4104 = VERTEX_POINT ( 'NONE', #11168 ) ;
#4105 = DIRECTION ( 'NONE',  ( 1.445076253180192051E-16, 1.000000000000000000, -2.553512956637819811E-15 ) ) ;
#4106 = DIRECTION ( 'NONE',  ( -7.400880780937299607E-16, -5.551115123125742273E-16, -1.000000000000000000 ) ) ;
#4107 = ORIENTED_EDGE ( 'NONE', *, *, #3293, .F. ) ;
#4108 = FACE_OUTER_BOUND ( 'NONE', #5409, .T. ) ;
#4109 = CARTESIAN_POINT ( 'NONE',  ( 0.9843342201063809416, 2.463272841927182988, -0.4620023377169268919 ) ) ;
#4110 = PLANE ( 'NONE',  #10289 ) ;
#4111 = LINE ( 'NONE', #7808, #45 ) ;
#4112 = PLANE ( 'NONE',  #4878 ) ;
#4113 = DIRECTION ( 'NONE',  ( -1.445076253180178246E-16, -1.000000000000000000, 5.551115123125738329E-16 ) ) ;
#4114 = EDGE_CURVE ( 'NONE', #4892, #7103, #11229, .T. ) ;
#4115 = ORIENTED_EDGE ( 'NONE', *, *, #2081, .T. ) ;
#4116 = EDGE_CURVE ( 'NONE', #10184, #3216, #1900, .T. ) ;
#4117 = AXIS2_PLACEMENT_3D ( 'NONE', #8763, #11094, #974 ) ;
#4118 = CARTESIAN_POINT ( 'NONE',  ( 344.2500000000000000, -3.500000000000000000, -259.2674660514637139 ) ) ;
#4119 = VERTEX_POINT ( 'NONE', #6591 ) ;
#4120 = DIRECTION ( 'NONE',  ( 1.000000000000000000, 1.722632009336712421E-16, -4.625323219374409242E-16 ) ) ;
#4121 = CARTESIAN_POINT ( 'NONE',  ( 200.5000000000000000, -1.500000000000000000, -234.2174660514637310 ) ) ;
#4122 = ORIENTED_EDGE ( 'NONE', *, *, #8386, .T. ) ;
#4123 = VERTEX_POINT ( 'NONE', #4772 ) ;
#4124 = LINE ( 'NONE', #574, #3990 ) ;
#4125 = VECTOR ( 'NONE', #3896, 1000.000000000000000 ) ;
#4126 = DIRECTION ( 'NONE',  ( 1.000000000000000000, 0.000000000000000000, -2.775557561562890858E-16 ) ) ;
#4127 = EDGE_CURVE ( 'NONE', #4544, #10444, #1104, .T. ) ;
#4128 = CARTESIAN_POINT ( 'NONE',  ( 162.7500000000000284, -1.500000000000000000, -259.2174660514637026 ) ) ;
#4129 = VECTOR ( 'NONE', #11335, 1000.000000000000114 ) ;
#4130 = ORIENTED_EDGE ( 'NONE', *, *, #6556, .F. ) ;
#4131 = ORIENTED_EDGE ( 'NONE', *, *, #7869, .T. ) ;
#4132 = CARTESIAN_POINT ( 'NONE',  ( 487.0000000000000000, -1.500000000000001332, -85.00000000000002842 ) ) ;
#4133 = EDGE_LOOP ( 'NONE', ( #8722, #9043, #3123, #6741 ) ) ;
#4134 = EDGE_CURVE ( 'NONE', #1286, #54, #3919, .T. ) ;
#4135 = CARTESIAN_POINT ( 'NONE',  ( 0.9699999999999986411, 2.500800196453600854, -0.4613403811579708247 ) ) ;
#4136 = EDGE_LOOP ( 'NONE', ( #767, #6874, #6197, #8398 ) ) ;
#4137 = ADVANCED_FACE ( 'NONE', ( #7609 ), #52, .F. ) ;
#4138 = VERTEX_POINT ( 'NONE', #1276 ) ;
#4139 = VECTOR ( 'NONE', #9810, 1000.000000000000000 ) ;
#4140 = CARTESIAN_POINT ( 'NONE',  ( 20.00000000000000000, -1.500000000000000000, -137.7323475155762651 ) ) ;
#4141 = LINE ( 'NONE', #1800, #9143 ) ;
#4142 = VERTEX_POINT ( 'NONE', #6937 ) ;
#4143 = EDGE_CURVE ( 'NONE', #5811, #4526, #9734, .T. ) ;
#4144 = DIRECTION ( 'NONE',  ( 0.000000000000000000, -1.000000000000000000, 0.000000000000000000 ) ) ;
#4145 = CARTESIAN_POINT ( 'NONE',  ( 345.7922329754452448, -2.638887500354646587, -259.2507993847970624 ) ) ;
#4146 = FACE_OUTER_BOUND ( 'NONE', #5753, .T. ) ;
#4147 = DIRECTION ( 'NONE',  ( 0.000000000000000000, -1.000000000000000000, 0.000000000000000000 ) ) ;
#4148 = EDGE_CURVE ( 'NONE', #5867, #8187, #3224, .T. ) ;
#4149 = EDGE_CURVE ( 'NONE', #12064, #9066, #9559, .T. ) ;
#4150 = VECTOR ( 'NONE', #11067, 1000.000000000000114 ) ;
#4151 = CARTESIAN_POINT ( 'NONE',  ( 181.5000000000000284, 0.000000000000000000, -317.4174660514636912 ) ) ;
#4152 = ORIENTED_EDGE ( 'NONE', *, *, #11839, .T. ) ;
#4153 = DIRECTION ( 'NONE',  ( 1.000000000000000000, -0.000000000000000000, -0.000000000000000000 ) ) ;
#4154 = EDGE_CURVE ( 'NONE', #1826, #11838, #1400, .T. ) ;
#4155 = DIRECTION ( 'NONE',  ( 1.000000000000000000, 0.000000000000000000, 0.000000000000000000 ) ) ;
#4156 = AXIS2_PLACEMENT_3D ( 'NONE', #3684, #9267, #2645 ) ;
#4157 = ORIENTED_EDGE ( 'NONE', *, *, #3703, .F. ) ;
#4158 = ORIENTED_EDGE ( 'NONE', *, *, #3083, .T. ) ;
#4159 = LINE ( 'NONE', #2161, #11238 ) ;
#4160 = ADVANCED_FACE ( 'NONE', ( #8707 ), #3055, .F. ) ;
#4161 = ORIENTED_EDGE ( 'NONE', *, *, #10230, .F. ) ;
#4162 = CARTESIAN_POINT ( 'NONE',  ( 0.9699999999999986411, 2.483238627135203380, -0.4477264981799095045 ) ) ;
#4163 = LINE ( 'NONE', #10738, #7433 ) ;
#4164 = VERTEX_POINT ( 'NONE', #4205 ) ;
#4165 = LINE ( 'NONE', #3372, #10781 ) ;
#4166 = CARTESIAN_POINT ( 'NONE',  ( 0.2238461539150193857, 0.000000000000000000, 4.163336342344337027E-14 ) ) ;
#4167 = DIRECTION ( 'NONE',  ( -0.000000000000000000, -1.000000000000000000, -0.000000000000000000 ) ) ;
#4168 = DIRECTION ( 'NONE',  ( -2.098219509928936347E-15, -0.000000000000000000, 1.000000000000000000 ) ) ;
#4169 = ORIENTED_EDGE ( 'NONE', *, *, #6917, .T. ) ;
#4170 = DIRECTION ( 'NONE',  ( 4.992923249691015501E-16, -0.4999999999999992228, -0.8660254037844391517 ) ) ;
#4171 = CARTESIAN_POINT ( 'NONE',  ( 166.0000000000000000, -3.500000000000000000, -85.15000000000000568 ) ) ;
#4172 = CARTESIAN_POINT ( 'NONE',  ( 0.000000000000000000, -1.500000000000001332, -111.0000000000000000 ) ) ;
#4173 = VERTEX_POINT ( 'NONE', #2325 ) ;
#4174 =( GEOMETRIC_REPRESENTATION_CONTEXT ( 3 ) GLOBAL_UNCERTAINTY_ASSIGNED_CONTEXT ( ( #10265 ) ) GLOBAL_UNIT_ASSIGNED_CONTEXT ( ( #5020, #8726, #5816 ) ) REPRESENTATION_CONTEXT ( 'NONE', 'WORKASPACE' ) );
#4175 = VECTOR ( 'NONE', #6108, 1000.000000000000114 ) ;
#4176 = DIRECTION ( 'NONE',  ( -1.000000000000000000, -2.000187765493021278E-16, 7.400880780937300593E-16 ) ) ;
#4177 = CARTESIAN_POINT ( 'NONE',  ( 224.4999999999999716, -1.500000000000000000, -194.2174660514637310 ) ) ;
#4178 = EDGE_LOOP ( 'NONE', ( #11789, #8458, #2138, #7379 ) ) ;
#4179 = EDGE_CURVE ( 'NONE', #6016, #2689, #9671, .T. ) ;
#4180 = ORIENTED_EDGE ( 'NONE', *, *, #7040, .F. ) ;
#4181 = PLANE ( 'NONE',  #274 ) ;
#4182 = DIRECTION ( 'NONE',  ( 1.000000000000000000, 0.000000000000000000, -0.000000000000000000 ) ) ;
#4183 = PLANE ( 'NONE',  #1061 ) ;
#4184 = AXIS2_PLACEMENT_3D ( 'NONE', #66, #3813, #2165 ) ;
#4185 = ORIENTED_EDGE ( 'NONE', *, *, #10461, .T. ) ;
#4186 = DIRECTION ( 'NONE',  ( -0.7071067811865441310, 2.707146371418424745E-16, 0.7071067811865507924 ) ) ;
#4187 = VERTEX_POINT ( 'NONE', #5000 ) ;
#4188 = ORIENTED_EDGE ( 'NONE', *, *, #7930, .T. ) ;
#4189 = CARTESIAN_POINT ( 'NONE',  ( 338.9999999999999432, 0.000000000000000000, -179.2174660514637310 ) ) ;
#4190 = EDGE_CURVE ( 'NONE', #11832, #10571, #2114, .T. ) ;
#4191 = ORIENTED_EDGE ( 'NONE', *, *, #10995, .F. ) ;
#4192 = VECTOR ( 'NONE', #741, 1000.000000000000000 ) ;
#4193 = EDGE_CURVE ( 'NONE', #1237, #9504, #3457, .T. ) ;
#4194 = FACE_OUTER_BOUND ( 'NONE', #23, .T. ) ;
#4195 = CARTESIAN_POINT ( 'NONE',  ( 0.9843342201064364527, 2.215529865584015212, 0.2851907763935096485 ) ) ;
#4196 = EDGE_LOOP ( 'NONE', ( #969, #2117 ) ) ;
#4197 = DIRECTION ( 'NONE',  ( -4.645108056928707144E-16, 0.6322109769216976982, 0.7747962833285356732 ) ) ;
#4198 = EDGE_LOOP ( 'NONE', ( #1963, #9737, #10221, #2716 ) ) ;
#4199 = DIRECTION ( 'NONE',  ( 8.673617379884026597E-16, 1.000000000000000000, 0.000000000000000000 ) ) ;
#4200 = VECTOR ( 'NONE', #7468, 1000.000000000000000 ) ;
#4201 = CARTESIAN_POINT ( 'NONE',  ( 0.9699999999999986411, 2.501986334736056250, -0.4582198139926330072 ) ) ;
#4202 = PLANE ( 'NONE',  #5225 ) ;
#4203 = ORIENTED_EDGE ( 'NONE', *, *, #7192, .F. ) ;
#4204 = ADVANCED_FACE ( 'NONE', ( #11639 ), #8647, .F. ) ;
#4205 = CARTESIAN_POINT ( 'NONE',  ( 0.9699999999999986411, 2.125066602492426071, -0.1854790744887646614 ) ) ;
#4206 = CARTESIAN_POINT ( 'NONE',  ( 270.0000000000000000, 0.000000000000000000, -181.7174660514637310 ) ) ;
#4207 = VECTOR ( 'NONE', #10902, 1000.000000000000000 ) ;
#4208 = LINE ( 'NONE', #6884, #10002 ) ;
#4209 = ORIENTED_EDGE ( 'NONE', *, *, #9934, .T. ) ;
#4210 = CARTESIAN_POINT ( 'NONE',  ( 181.9999999999999716, 0.000000000000000000, -194.2174660514637310 ) ) ;
#4211 = APPLICATION_PROTOCOL_DEFINITION ( 'draft international standard', 'automotive_design', 1998, #8270 ) ;
#4212 = FACE_OUTER_BOUND ( 'NONE', #8393, .T. ) ;
#4213 = DIRECTION ( 'NONE',  ( 5.882887990558551382E-16, 0.4999999999999998890, -0.8660254037844387076 ) ) ;
#4214 = DIRECTION ( 'NONE',  ( 6.758753175277436510E-16, 0.1838112450280011134, -0.9829615588624288636 ) ) ;
#4215 = EDGE_CURVE ( 'NONE', #11506, #7103, #9500, .T. ) ;
#4216 = ADVANCED_FACE ( 'NONE', ( #293 ), #6997, .F. ) ;
#4217 = CIRCLE ( 'NONE', #10632, 2.110000000000000764 ) ;
#4218 = VERTEX_POINT ( 'NONE', #4944 ) ;
#4219 = CARTESIAN_POINT ( 'NONE',  ( 206.0000000000000284, -1.500000000000001332, -259.2174660514637026 ) ) ;
#4220 = ORIENTED_EDGE ( 'NONE', *, *, #3804, .T. ) ;
#4221 = CARTESIAN_POINT ( 'NONE',  ( 299.4999999999999432, 0.000000000000000000, -245.7174660514637310 ) ) ;
#4222 = LINE ( 'NONE', #4052, #9570 ) ;
#4223 = ORIENTED_EDGE ( 'NONE', *, *, #3858, .F. ) ;
#4224 = CARTESIAN_POINT ( 'NONE',  ( 168.4999999999999716, -1.500000000000000000, -248.3528208825323418 ) ) ;
#4225 = FACE_OUTER_BOUND ( 'NONE', #4616, .T. ) ;
#4226 = CONICAL_SURFACE ( 'NONE', #7327, 3.175000000055685501, 0.7853981633974495002 ) ;
#4227 = FACE_BOUND ( 'NONE', #5668, .T. ) ;
#4228 = LINE ( 'NONE', #8906, #7474 ) ;
#4229 = VERTEX_POINT ( 'NONE', #4034 ) ;
#4230 = LINE ( 'NONE', #566, #1962 ) ;
#4231 = CARTESIAN_POINT ( 'NONE',  ( 243.4999999999999716, -1.500000000000000000, -215.2174660514637594 ) ) ;
#4232 = PRODUCT ( '405-00092-00', '405-00092-00', '', ( #4949 ) ) ;
#4233 = EDGE_CURVE ( 'NONE', #3549, #10013, #7729, .T. ) ;
#4234 = PLANE ( 'NONE',  #8333 ) ;
#4235 = VECTOR ( 'NONE', #2036, 1000.000000000000000 ) ;
#4236 = ORIENTED_EDGE ( 'NONE', *, *, #4020, .T. ) ;
#4237 = VECTOR ( 'NONE', #6587, 1000.000000000000000 ) ;
#4238 = DIRECTION ( 'NONE',  ( -1.445076253180192051E-16, -1.000000000000000000, 2.553512956637819811E-15 ) ) ;
#4239 = ORIENTED_EDGE ( 'NONE', *, *, #5791, .F. ) ;
#4240 = ORIENTED_EDGE ( 'NONE', *, *, #1813, .F. ) ;
#4241 = CARTESIAN_POINT ( 'NONE',  ( 0.9843342201064364527, 2.473154153902395791, -0.4538592866441121254 ) ) ;
#4242 = CARTESIAN_POINT ( 'NONE',  ( 301.9999999999999432, 0.000000000000000000, -233.2174660514637310 ) ) ;
#4243 = VECTOR ( 'NONE', #7603, 1000.000000000000000 ) ;
#4244 = VECTOR ( 'NONE', #1945, 1000.000000000000000 ) ;
#4245 = FACE_OUTER_BOUND ( 'NONE', #2528, .T. ) ;
#4246 = ADVANCED_FACE ( 'NONE', ( #11409 ), #10541, .F. ) ;
#4247 = DIRECTION ( 'NONE',  ( 1.445076253180192051E-16, 1.000000000000000000, -2.553512956637819811E-15 ) ) ;
#4248 = ORIENTED_EDGE ( 'NONE', *, *, #8065, .F. ) ;
#4249 = ORIENTED_EDGE ( 'NONE', *, *, #10692, .F. ) ;
#4250 = DIRECTION ( 'NONE',  ( 0.000000000000000000, 0.000000000000000000, -1.000000000000000000 ) ) ;
#4251 = AXIS2_PLACEMENT_3D ( 'NONE', #3147, #5219, #10638 ) ;
#4252 = B_SPLINE_CURVE_WITH_KNOTS ( 'NONE', 3,
 ( #496, #9635, #8845, #2468, #11600, #5995, #4967, #7928, #9696, #3246, #6170, #11487, #8781, #6052, #6850, #2349, #1363, #10683 ),
 .UNSPECIFIED., .F., .F.,
 ( 4, 2, 2, 2, 2, 2, 2, 2, 4 ),
 ( 0.000000000000000000, 0.1250000000000000000, 0.2500000000000000000, 0.3750000000000000000, 0.5000000000000000000, 0.6250000000000000000, 0.7500000000000000000, 0.8750000000000000000, 1.000000000000000000 ),
 .UNSPECIFIED. ) ;
#4254 = ORIENTED_EDGE ( 'NONE', *, *, #6890, .T. ) ;
#4253 = VECTOR ( 'NONE', #5579, 1000.000000000000000 ) ;
#4255 = CARTESIAN_POINT ( 'NONE',  ( 313.0000000000000000, 0.000000000000000000, -194.2174660514637310 ) ) ;
#4256 = EDGE_LOOP ( 'NONE', ( #4576, #4586, #9550, #11686 ) ) ;
#4257 = LINE ( 'NONE', #7222, #6331 ) ;
#4258 = ORIENTED_EDGE ( 'NONE', *, *, #7447, .T. ) ;
#4259 = FACE_OUTER_BOUND ( 'NONE', #8370, .T. ) ;
#4260 = ORIENTED_EDGE ( 'NONE', *, *, #1740, .T. ) ;
#4261 = DIRECTION ( 'NONE',  ( 0.000000000000000000, -1.000000000000000000, 0.000000000000000000 ) ) ;
#4262 = VECTOR ( 'NONE', #6143, 1000.000000000000000 ) ;
#4263 = DIRECTION ( 'NONE',  ( -6.768688488035121845E-16, 0.2406903406730367956, 0.9706019575019914081 ) ) ;
#4264 = EDGE_CURVE ( 'NONE', #10238, #3986, #2208, .T. ) ;
#4265 = LINE ( 'NONE', #7966, #952 ) ;
#4266 = ORIENTED_EDGE ( 'NONE', *, *, #11690, .T. ) ;
#4267 = CARTESIAN_POINT ( 'NONE',  ( 279.0000000000000000, -1.500000000000000000, -179.2174660514637310 ) ) ;
#4268 = DIRECTION ( 'NONE',  ( 6.193382601542251071E-16, -0.05089991897257697961, -0.9987037590039324897 ) ) ;
#4269 = CARTESIAN_POINT ( 'NONE',  ( 425.9999999999999432, -154.7351134694656025, -85.00000000000002842 ) ) ;
#4270 = VECTOR ( 'NONE', #2986, 1000.000000000000000 ) ;
#4271 = CARTESIAN_POINT ( 'NONE',  ( 344.2500000000000000, -1.750000000000000222, -85.10000000000000853 ) ) ;
#4272 = ORIENTED_EDGE ( 'NONE', *, *, #7386, .T. ) ;
#4273 = DIRECTION ( 'NONE',  ( -1.457702563158423527E-16, -0.9999985441088407034, 0.001706393916729271546 ) ) ;
#4274 = CARTESIAN_POINT ( 'NONE',  ( 498.4999999999998295, 0.000000000000000000, -56.27983018403566717 ) ) ;
#4275 = LINE ( 'NONE', #7185, #1896 ) ;
#4276 = LINE ( 'NONE', #11711, #2483 ) ;
#4277 = EDGE_CURVE ( 'NONE', #665, #4774, #1168, .T. ) ;
#4278 = DIRECTION ( 'NONE',  ( 1.000000000000000000, 2.000187765493021278E-16, -7.400880780937300593E-16 ) ) ;
#4279 = AXIS2_PLACEMENT_3D ( 'NONE', #243, #1110, #5004 ) ;
#4280 = ORIENTED_EDGE ( 'NONE', *, *, #4692, .F. ) ;
#4281 = ORIENTED_EDGE ( 'NONE', *, *, #3116, .F. ) ;
#4282 = CARTESIAN_POINT ( 'NONE',  ( 162.6845501530501679, -2.000000000000000000, -85.14583333333331439 ) ) ;
#4283 = PLANE ( 'NONE',  #9030 ) ;
#4284 = CARTESIAN_POINT ( 'NONE',  ( 0.000000000000000000, 0.000000000000000000, -259.2174660514637026 ) ) ;
#4285 = EDGE_CURVE ( 'NONE', #9823, #1254, #2266, .T. ) ;
#4286 = ORIENTED_EDGE ( 'NONE', *, *, #2067, .F. ) ;
#4287 = AXIS2_PLACEMENT_3D ( 'NONE', #1863, #5352, #10833 ) ;
#4288 = EDGE_CURVE ( 'NONE', #6804, #6446, #7844, .T. ) ;
#4289 = DIRECTION ( 'NONE',  ( 0.000000000000000000, 0.000000000000000000, 1.000000000000000000 ) ) ;
#4290 = CARTESIAN_POINT ( 'NONE',  ( 148.0308911515353998, -1.500000000000000000, -52.24518781845740989 ) ) ;
#4291 = ORIENTED_EDGE ( 'NONE', *, *, #3795, .T. ) ;
#4292 = DIRECTION ( 'NONE',  ( -0.000000000000000000, -1.000000000000000000, -0.000000000000000000 ) ) ;
#4293 = CARTESIAN_POINT ( 'NONE',  ( 507.0000000000000000, -1.500000000000000000, -40.00000000000007105 ) ) ;
#4294 = DIRECTION ( 'NONE',  ( -6.845769268624743030E-16, 9.436895709313777345E-16, 1.000000000000000000 ) ) ;
#4295 = DIRECTION ( 'NONE',  ( 1.000000000000000000, 0.000000000000000000, 0.000000000000000000 ) ) ;
#4296 = VECTOR ( 'NONE', #2951, 1000.000000000000000 ) ;
#4297 = ORIENTED_EDGE ( 'NONE', *, *, #6139, .F. ) ;
#4298 = PLANE ( 'NONE',  #3838 ) ;
#4299 = ORIENTED_EDGE ( 'NONE', *, *, #6872, .T. ) ;
#4300 = LINE ( 'NONE', #6971, #10185 ) ;
#4301 = EDGE_CURVE ( 'NONE', #10653, #3957, #4445, .T. ) ;
#4302 = CARTESIAN_POINT ( 'NONE',  ( 178.6688394328960499, -1.500000000000000000, -228.4456223450676191 ) ) ;
#4303 = VECTOR ( 'NONE', #6706, 1000.000000000000000 ) ;
#4304 = EDGE_CURVE ( 'NONE', #1391, #7290, #6091, .T. ) ;
#4305 = CARTESIAN_POINT ( 'NONE',  ( 162.6845501530501963, -1.499999999999999556, -259.2216327181304223 ) ) ;
#4306 = VERTEX_POINT ( 'NONE', #11702 ) ;
#4307 = ORIENTED_EDGE ( 'NONE', *, *, #10379, .T. ) ;
#4308 = VECTOR ( 'NONE', #11870, 1000.000000000000000 ) ;
#4309 = DIRECTION ( 'NONE',  ( -6.481010078943531797E-16, -0.2696926424169340808, 0.9629464567805271491 ) ) ;
#4310 = VECTOR ( 'NONE', #3619, 1000.000000000000114 ) ;
#4311 = ORIENTED_EDGE ( 'NONE', *, *, #6466, .F. ) ;
#4312 = DIRECTION ( 'NONE',  ( 0.000000000000000000, -1.000000000000000000, 0.000000000000000000 ) ) ;
#4313 = EDGE_CURVE ( 'NONE', #3660, #5203, #6775, .T. ) ;
#4314 = PLANE ( 'NONE',  #10422 ) ;
#4315 = ORIENTED_EDGE ( 'NONE', *, *, #9300, .F. ) ;
#4316 = PLANE ( 'NONE',  #6621 ) ;
#4317 = ORIENTED_EDGE ( 'NONE', *, *, #4795, .F. ) ;
#4318 = VECTOR ( 'NONE', #8682, 1000.000000000000000 ) ;
#4319 = LINE ( 'NONE', #1452, #8889 ) ;
#4320 = CARTESIAN_POINT ( 'NONE',  ( 0.9700000000000541522, 2.516865274082874748, 0.2540680310140347453 ) ) ;
#4321 = CARTESIAN_POINT ( 'NONE',  ( 0.9699999999999986411, 2.473698157314324853, -0.4537679110707681929 ) ) ;
#4322 = VERTEX_POINT ( 'NONE', #9795 ) ;
#4323 = LINE ( 'NONE', #10598, #11604 ) ;
#4324 = DIRECTION ( 'NONE',  ( 0.000000000000000000, 0.000000000000000000, 1.000000000000000000 ) ) ;
#4325 = CARTESIAN_POINT ( 'NONE',  ( 167.0000000000000000, 0.000000000000000000, -242.2174660514637310 ) ) ;
#4326 = VECTOR ( 'NONE', #5513, 1000.000000000000000 ) ;
#4327 = EDGE_CURVE ( 'NONE', #8846, #9830, #5243, .T. ) ;
#4328 = PLANE ( 'NONE',  #4382 ) ;
#4329 = ORIENTED_EDGE ( 'NONE', *, *, #4301, .T. ) ;
#4330 = PRODUCT_DEFINITION_SHAPE ( 'NONE', 'NONE',  #12092 ) ;
#4331 = DIRECTION ( 'NONE',  ( -7.400880780937299607E-16, -5.551115123125742273E-16, -1.000000000000000000 ) ) ;
#4332 = SHAPE_DEFINITION_REPRESENTATION ( #3152, #8109 ) ;
#4333 = DIRECTION ( 'NONE',  ( 0.000000000000000000, -1.000000000000000000, 0.000000000000000000 ) ) ;
#4334 = DIRECTION ( 'NONE',  ( -1.000000000000000000, -2.000187765493021278E-16, 7.400880780937300593E-16 ) ) ;
#4335 = CARTESIAN_POINT ( 'NONE',  ( 0.9843342201063809416, 2.463272841927349965, -0.4482944105900776854 ) ) ;
#4336 = EDGE_LOOP ( 'NONE', ( #3716, #8634, #1706, #7940 ) ) ;
#4337 = CARTESIAN_POINT ( 'NONE',  ( 162.5000000000000284, -1.684550153050212495, -85.12083333333332291 ) ) ;
#4338 = EDGE_CURVE ( 'NONE', #3269, #1856, #8882, .T. ) ;
#4339 = EDGE_CURVE ( 'NONE', #8505, #10585, #538, .T. ) ;
#4340 = DIRECTION ( 'NONE',  ( 0.000000000000000000, -1.000000000000000000, 0.000000000000000000 ) ) ;
#4341 = LINE ( 'NONE', #804, #7041 ) ;
#4342 = ORIENTED_EDGE ( 'NONE', *, *, #10247, .F. ) ;
#4343 = CARTESIAN_POINT ( 'NONE',  ( 0.9699999999999986411, 2.471054640734354990, -0.4415490844347086385 ) ) ;
#4344 = CARTESIAN_POINT ( 'NONE',  ( 252.4999999999998863, 0.000000000000000000, -181.7174660514637310 ) ) ;
#4345 = LINE ( 'NONE', #5322, #5339 ) ;
#4346 = ORIENTED_EDGE ( 'NONE', *, *, #4288, .F. ) ;
#4347 = DIRECTION ( 'NONE',  ( 4.619824724853956341E-16, 0.8660254037844391517, -0.4999999999999992228 ) ) ;
#4348 = DIRECTION ( 'NONE',  ( -1.000000000000000000, -0.000000000000000000, -0.000000000000000000 ) ) ;
#4349 = AXIS2_PLACEMENT_3D ( 'NONE', #5745, #2272, #9680 ) ;
#4350 = FACE_OUTER_BOUND ( 'NONE', #2383, .T. ) ;
#4351 = EDGE_CURVE ( 'NONE', #2350, #8193, #2561, .T. ) ;
#4352 = ORIENTED_EDGE ( 'NONE', *, *, #3231, .T. ) ;
#4353 = CARTESIAN_POINT ( 'NONE',  ( 162.5189203879641582, 0.01499999999999999771, -85.10208370893647611 ) ) ;
#4354 = VERTEX_POINT ( 'NONE', #10962 ) ;
#4355 = EDGE_CURVE ( 'NONE', #3648, #1826, #2619, .T. ) ;
#4356 = CARTESIAN_POINT ( 'NONE',  ( 279.0000000000000000, 0.000000000000000000, -194.2174660514637310 ) ) ;
#4357 = CARTESIAN_POINT ( 'NONE',  ( 162.7500000000000284, -1.500000000000000000, -259.2674660514636571 ) ) ;
#4358 = CARTESIAN_POINT ( 'NONE',  ( 0.9699999999999986411, 2.473154153902451746, -0.4538592866440843698 ) ) ;
#4359 = EDGE_LOOP ( 'NONE', ( #11784, #11514, #3392, #2245 ) ) ;
#4360 = VECTOR ( 'NONE', #6791, 1000.000000000000000 ) ;
#4361 = AXIS2_PLACEMENT_3D ( 'NONE', #6959, #5202, #7081 ) ;
#4362 = EDGE_CURVE ( 'NONE', #10744, #4104, #7345, .T. ) ;
#4363 = EDGE_CURVE ( 'NONE', #12003, #11642, #3591, .T. ) ;
#4364 = ORIENTED_EDGE ( 'NONE', *, *, #2148, .T. ) ;
#4365 = ORIENTED_EDGE ( 'NONE', *, *, #687, .F. ) ;
#4366 = DIRECTION ( 'NONE',  ( -6.710827157943493112E-17, -0.9843980503717804087, -0.1759558990890549290 ) ) ;
#4367 = EDGE_LOOP ( 'NONE', ( #11993, #6561, #8498, #10246 ) ) ;
#4368 = EDGE_LOOP ( 'NONE', ( #2923, #11085, #3801, #4921 ) ) ;
#4369 = EDGE_CURVE ( 'NONE', #5744, #8068, #7062, .T. ) ;
#4370 = CARTESIAN_POINT ( 'NONE',  ( 0.9699999999999986411, 2.496811927282488242, -0.4437718483764896416 ) ) ;
#4371 = AXIS2_PLACEMENT_3D ( 'NONE', #5754, #6610, #4847 ) ;
#4372 = DIRECTION ( 'NONE',  ( -0.000000000000000000, 1.000000000000000000, -0.000000000000000000 ) ) ;
#4373 = CARTESIAN_POINT ( 'NONE',  ( 216.4999999999999716, -1.500000000000000000, -194.2174660514637310 ) ) ;
#4374 = ORIENTED_EDGE ( 'NONE', *, *, #6724, .T. ) ;
#4375 = CARTESIAN_POINT ( 'NONE',  ( 5.000000000000004441, -1.500000000000001332, -111.0000000000000000 ) ) ;
#4376 = VERTEX_POINT ( 'NONE', #1703 ) ;
#4377 = CARTESIAN_POINT ( 'NONE',  ( 160.9850000000000421, -1.518962040267251012, -259.2403827181303200 ) ) ;
#4378 = FACE_OUTER_BOUND ( 'NONE', #2337, .T. ) ;
#4379 = CARTESIAN_POINT ( 'NONE',  ( 338.4999999999999432, -1.500000000000000000, -250.4628208825323554 ) ) ;
#4380 = ADVANCED_FACE ( 'NONE', ( #8031 ), #9118, .F. ) ;
#4381 = ORIENTED_EDGE ( 'NONE', *, *, #7048, .F. ) ;
#4382 = AXIS2_PLACEMENT_3D ( 'NONE', #11766, #7181, #7239 ) ;
#4383 = CARTESIAN_POINT ( 'NONE',  ( 301.6665948878440986, 0.000000000000000000, -208.4456223450676475 ) ) ;
#4384 = CARTESIAN_POINT ( 'NONE',  ( 301.9999999999999432, 0.000000000000000000, -243.2174660514637310 ) ) ;
#4385 = CARTESIAN_POINT ( 'NONE',  ( 5.000000000000004441, -2.000000000000000000, -5.000000000000000000 ) ) ;
#4386 = CARTESIAN_POINT ( 'NONE',  ( 252.4999999999998863, -1.500000000000000000, -181.7174660514637310 ) ) ;
#4387 = ORIENTED_EDGE ( 'NONE', *, *, #6748, .T. ) ;
#4388 = CARTESIAN_POINT ( 'NONE',  ( 20.00000000000000355, -1.500000000000000000, -105.9999999999999432 ) ) ;
#4389 = DIRECTION ( 'NONE',  ( -1.000000000000000000, -1.722632009336724254E-16, 4.070211707061878303E-16 ) ) ;
#4390 = CARTESIAN_POINT ( 'NONE',  ( 338.5000000000000568, 0.000000000000000000, -141.8128208825323497 ) ) ;
#4391 = CARTESIAN_POINT ( 'NONE',  ( 198.6688394328960499, -1.500000000000000000, -208.4456223450676475 ) ) ;
#4392 = EDGE_CURVE ( 'NONE', #8376, #9090, #9916, .T. ) ;
#4393 = ORIENTED_EDGE ( 'NONE', *, *, #2559, .T. ) ;
#4394 = AXIS2_PLACEMENT_3D ( 'NONE', #5720, #4930, #6812 ) ;
#4395 = DIRECTION ( 'NONE',  ( -1.000000000000000000, -2.000187765493021278E-16, 7.400880780937300593E-16 ) ) ;
#4396 = B_SPLINE_CURVE_WITH_KNOTS ( 'NONE', 3,
 ( #3021, #6550, #8434, #10385 ),
 .UNSPECIFIED., .F., .F.,
 ( 4, 4 ),
 ( 0.000000000000000000, 1.000000000000000000 ),
 .UNSPECIFIED. ) ;
#4397 = DIRECTION ( 'NONE',  ( 0.000000000000000000, 0.000000000000000000, -1.000000000000000000 ) ) ;
#4398 = DIRECTION ( 'NONE',  ( -0.000000000000000000, -0.000000000000000000, 1.000000000000000000 ) ) ;
#4399 = VERTEX_POINT ( 'NONE', #2449 ) ;
#4400 = CARTESIAN_POINT ( 'NONE',  ( 0.9843342201063809416, 2.497005303495586581, -0.4483746272443411840 ) ) ;
#4401 = FACE_BOUND ( 'NONE', #6854, .T. ) ;
#4402 = CARTESIAN_POINT ( 'NONE',  ( 0.9700000000000541522, 2.409391591991022707, 0.1445703570425588280 ) ) ;
#4403 = VERTEX_POINT ( 'NONE', #11026 ) ;
#4404 = CARTESIAN_POINT ( 'NONE',  ( 108.0308911515353856, 0.000000000000000000, -56.46518781845741586 ) ) ;
#4405 = CARTESIAN_POINT ( 'NONE',  ( 261.0000000000000568, 0.000000000000000000, -174.2174660514637310 ) ) ;
#4406 = VECTOR ( 'NONE', #8503, 1000.000000000000000 ) ;
#4407 = EDGE_CURVE ( 'NONE', #876, #7892, #6146, .T. ) ;
#4408 = DIRECTION ( 'NONE',  ( 0.000000000000000000, -1.000000000000000000, 0.000000000000000000 ) ) ;
#4409 = LINE ( 'NONE', #751, #2703 ) ;
#4410 = ORIENTED_EDGE ( 'NONE', *, *, #9689, .F. ) ;
#4411 = DIRECTION ( 'NONE',  ( 1.000000000000000000, -0.000000000000000000, -0.000000000000000000 ) ) ;
#4412 = ORIENTED_EDGE ( 'NONE', *, *, #1532, .T. ) ;
#4413 = VECTOR ( 'NONE', #2461, 1000.000000000000000 ) ;
#4414 = CARTESIAN_POINT ( 'NONE',  ( 0.9699999999999986411, 2.280059657658956240, 0.01740461005313165277 ) ) ;
#4415 = DIRECTION ( 'NONE',  ( 1.000000000000000000, -0.000000000000000000, -0.000000000000000000 ) ) ;
#4416 = CARTESIAN_POINT ( 'NONE',  ( 0.9699999999999986411, 2.496189298377360366, -0.4507503921453992479 ) ) ;
#4417 = CARTESIAN_POINT ( 'NONE',  ( 0.9843342201064364527, 2.473026928731552943, -0.05453024012896934281 ) ) ;
#4418 = VERTEX_POINT ( 'NONE', #2508 ) ;
#4419 = LINE ( 'NONE', #8245, #10065 ) ;
#4420 = VECTOR ( 'NONE', #3793, 1000.000000000000000 ) ;
#4421 = VECTOR ( 'NONE', #3406, 1000.000000000000000 ) ;
#4422 = EDGE_CURVE ( 'NONE', #7657, #9066, #6207, .T. ) ;
#4423 = FACE_OUTER_BOUND ( 'NONE', #11382, .T. ) ;
#4424 = EDGE_LOOP ( 'NONE', ( #5162, #9726, #2196, #9662 ) ) ;
#4425 = CARTESIAN_POINT ( 'NONE',  ( 2.469999999999972218, -1.543091786165323720, -1.254286625618925122 ) ) ;
#4426 = CARTESIAN_POINT ( 'NONE',  ( 313.0000000000000000, 0.000000000000000000, -179.2174660514637310 ) ) ;
#4427 = ORIENTED_EDGE ( 'NONE', *, *, #4612, .F. ) ;
#4428 = EDGE_LOOP ( 'NONE', ( #988, #4066, #9493, #3683 ) ) ;
#4429 = CARTESIAN_POINT ( 'NONE',  ( 313.0000000000000000, -1.500000000000000000, -179.2174660514637310 ) ) ;
#4430 = ORIENTED_EDGE ( 'NONE', *, *, #4978, .F. ) ;
#4431 = AXIS2_PLACEMENT_3D ( 'NONE', #11616, #4982, #4075 ) ;
#4432 = VECTOR ( 'NONE', #10661, 1000.000000000000000 ) ;
#4433 =( LENGTH_UNIT ( ) NAMED_UNIT ( * ) SI_UNIT ( .MILLI., .METRE. ) );
#4434 = VERTEX_POINT ( 'NONE', #3471 ) ;
#4435 = EDGE_CURVE ( 'NONE', #7712, #9958, #7179, .T. ) ;
#4436 = ADVANCED_FACE ( 'NONE', ( #6264 ), #5361, .F. ) ;
#4437 = ORIENTED_EDGE ( 'NONE', *, *, #11760, .F. ) ;
#4438 = CARTESIAN_POINT ( 'NONE',  ( 162.6317250824598943, -1.955208733304997892, -259.2591327181303313 ) ) ;
#4439 = CARTESIAN_POINT ( 'NONE',  ( 344.2500000000000000, -1.984850000000000225, -259.2674660514637139 ) ) ;
#4440 = CARTESIAN_POINT ( 'NONE',  ( 0.9843342201064364527, 2.235388494119194824, 0.2243451655704054026 ) ) ;
#4441 = VECTOR ( 'NONE', #5311, 1000.000000000000000 ) ;
#4442 = AXIS2_PLACEMENT_3D ( 'NONE', #11925, #7273, #3571 ) ;
#4443 = ORIENTED_EDGE ( 'NONE', *, *, #8423, .F. ) ;
#4444 = DIRECTION ( 'NONE',  ( 0.000000000000000000, 0.000000000000000000, -1.000000000000000000 ) ) ;
#4445 = LINE ( 'NONE', #10905, #2890 ) ;
#4446 = DIRECTION ( 'NONE',  ( 7.591233103568600577E-16, 0.2696926424169874825, -0.9629464567805122721 ) ) ;
#4447 = CARTESIAN_POINT ( 'NONE',  ( 0.9699999999999986411, 2.280059657658761729, -0.05286747059607410648 ) ) ;
#4448 = EDGE_LOOP ( 'NONE', ( #4468, #6582, #5033, #81 ) ) ;
#4449 = AXIS2_PLACEMENT_3D ( 'NONE', #8760, #2501, #7174 ) ;
#4450 = EDGE_CURVE ( 'NONE', #7234, #6027, #5218, .T. ) ;
#4451 = AXIS2_PLACEMENT_3D ( 'NONE', #8409, #7428, #8275 ) ;
#4452 = LINE ( 'NONE', #10966, #10296 ) ;
#4453 = DIRECTION ( 'NONE',  ( 1.000000000000000000, -0.000000000000000000, 0.000000000000000000 ) ) ;
#4454 = DIRECTION ( 'NONE',  ( -8.106457405266427972E-16, -0.1167030593493125074, 0.9931668520135530365 ) ) ;
#4455 = CARTESIAN_POINT ( 'NONE',  ( 338.4999999999999432, -1.224646799147346644E-18, -250.4628208825323554 ) ) ;
#4456 = CARTESIAN_POINT ( 'NONE',  ( 2.470000000000027729, -1.848407460854545326, -1.067178545096761244 ) ) ;
#4457 = VECTOR ( 'NONE', #8241, 1000.000000000000000 ) ;
#4458 = VERTEX_POINT ( 'NONE', #38 ) ;
#4459 = DIRECTION ( 'NONE',  ( -1.445076253180192051E-16, -1.000000000000000000, 2.553512956637819811E-15 ) ) ;
#4460 = DIRECTION ( 'NONE',  ( -1.000000000000000000, -1.722632009336724254E-16, 4.070211707061878303E-16 ) ) ;
#4461 = DIRECTION ( 'NONE',  ( -6.845769268624693726E-16, 5.551115123125739315E-16, 1.000000000000000000 ) ) ;
#4462 = PLANE ( 'NONE',  #4732 ) ;
#4463 = VERTEX_POINT ( 'NONE', #3658 ) ;
#4464 = ADVANCED_FACE ( 'NONE', ( #96 ), #11093, .T. ) ;
#4465 = PLANE ( 'NONE',  #10392 ) ;
#4466 = LINE ( 'NONE', #5623, #7180 ) ;
#4467 = DIRECTION ( 'NONE',  ( 0.000000000000000000, 5.645018411551103535E-16, 1.000000000000000000 ) ) ;
#4468 = ORIENTED_EDGE ( 'NONE', *, *, #1548, .T. ) ;
#4469 = CIRCLE ( 'NONE', #8935, 0.03983479767572151858 ) ;
#4470 = PLANE ( 'NONE',  #9685 ) ;
#4471 = LINE ( 'NONE', #1666, #7415 ) ;
#4472 = DIRECTION ( 'NONE',  ( -6.996234380641198462E-16, -0.1167030593493187662, 0.9931668520135523703 ) ) ;
#4473 = ORIENTED_EDGE ( 'NONE', *, *, #550, .F. ) ;
#4474 = CARTESIAN_POINT ( 'NONE',  ( 10.49999999999928413, -1.500000000000001332, -84.66964398456981655 ) ) ;
#4475 = VECTOR ( 'NONE', #4912, 1000.000000000000114 ) ;
#4476 = ORIENTED_EDGE ( 'NONE', *, *, #697, .T. ) ;
#4477 = LINE ( 'NONE', #5569, #8459 ) ;
#4478 = CYLINDRICAL_SURFACE ( 'NONE', #8784, 1.800000000000023803 ) ;
#4479 = ADVANCED_FACE ( 'NONE', ( #3785 ), #7420, .F. ) ;
#4480 = CARTESIAN_POINT ( 'NONE',  ( 2.470000000000055707, 1.882174645852108252, -0.9933455343580643859 ) ) ;
#4481 = EDGE_CURVE ( 'NONE', #4164, #4694, #6509, .T. ) ;
#4482 = LINE ( 'NONE', #11979, #7949 ) ;
#4483 = DIRECTION ( 'NONE',  ( 6.845769268624692740E-16, -5.551115123125739315E-16, -1.000000000000000000 ) ) ;
#4484 = ORIENTED_EDGE ( 'NONE', *, *, #4392, .T. ) ;
#4485 = DIRECTION ( 'NONE',  ( -1.000000000000000000, 0.000000000000000000, 0.000000000000000000 ) ) ;
#4486 = CARTESIAN_POINT ( 'NONE',  ( 243.4999999999999716, 0.000000000000000000, -181.7174660514637310 ) ) ;
#4487 = AXIS2_PLACEMENT_3D ( 'NONE', #6886, #10605, #6941 ) ;
#4488 = FACE_OUTER_BOUND ( 'NONE', #9482, .T. ) ;
#4489 = ORIENTED_EDGE ( 'NONE', *, *, #30, .F. ) ;
#4490 = DIRECTION ( 'NONE',  ( -1.000000000000000000, -2.000187765493021278E-16, 7.400880780937300593E-16 ) ) ;
#4491 = CARTESIAN_POINT ( 'NONE',  ( 2.470000000000055707, 1.936365843134446596, -1.024632836696709459 ) ) ;
#4492 = ORIENTED_EDGE ( 'NONE', *, *, #2014, .F. ) ;
#4493 = LINE ( 'NONE', #2423, #4565 ) ;
#4494 = CARTESIAN_POINT ( 'NONE',  ( 233.4999999999999716, 0.000000000000000000, -179.2174660514637310 ) ) ;
#4495 = VECTOR ( 'NONE', #11100, 1000.000000000000000 ) ;
#4496 = EDGE_CURVE ( 'NONE', #9856, #3227, #8337, .T. ) ;
#4497 = EDGE_CURVE ( 'NONE', #5203, #3660, #9869, .T. ) ;
#4498 = LINE ( 'NONE', #11016, #1087 ) ;
#4499 = CARTESIAN_POINT ( 'NONE',  ( 252.4999999999999432, 0.000000000000000000, -174.2174660514637310 ) ) ;
#4500 = VERTEX_POINT ( 'NONE', #6578 ) ;
#4501 = ORIENTED_EDGE ( 'NONE', *, *, #10622, .T. ) ;
#4502 = CARTESIAN_POINT ( 'NONE',  ( 162.5065068308329614, -1.815436971089819940, -259.2466327181302859 ) ) ;
#4503 = LINE ( 'NONE', #4440, #1533 ) ;
#4504 = VECTOR ( 'NONE', #11155, 1000.000000000000114 ) ;
#4505 = ORIENTED_EDGE ( 'NONE', *, *, #5666, .T. ) ;
#4506 = EDGE_CURVE ( 'NONE', #1195, #11906, #1950, .T. ) ;
#4507 = DIRECTION ( 'NONE',  ( -1.445076253180192051E-16, -1.000000000000000000, 2.553512956637819811E-15 ) ) ;
#4508 = EDGE_CURVE ( 'NONE', #9806, #9907, #189, .T. ) ;
#4509 = VERTEX_POINT ( 'NONE', #9362 ) ;
#4510 = CARTESIAN_POINT ( 'NONE',  ( 0.9699999999999986411, 2.280059657658872752, 0.03026883183794570886 ) ) ;
#4511 = CARTESIAN_POINT ( 'NONE',  ( 0.9700000000000541522, 2.383197238168627052, 0.2483830793201247111 ) ) ;
#4512 = ORIENTED_EDGE ( 'NONE', *, *, #8788, .F. ) ;
#4513 = ADVANCED_FACE ( 'NONE', ( #5716 ), #155, .F. ) ;
#4514 = CARTESIAN_POINT ( 'NONE',  ( 0.9843342201064364527, 2.314590793895038523, 0.2895770477463338599 ) ) ;
#4515 = EDGE_LOOP ( 'NONE', ( #8580, #5273, #4706, #8480 ) ) ;
#4516 = VECTOR ( 'NONE', #4081, 1000.000000000000114 ) ;
#4517 = DIRECTION ( 'NONE',  ( 0.000000000000000000, -1.000000000000000000, 0.000000000000000000 ) ) ;
#4518 = DIRECTION ( 'NONE',  ( -0.000000000000000000, 1.000000000000000000, -0.000000000000000000 ) ) ;
#4519 = CARTESIAN_POINT ( 'NONE',  ( 178.6688394328960499, 0.000000000000000000, -228.4456223450676191 ) ) ;
#4520 = CARTESIAN_POINT ( 'NONE',  ( 161.0000000000000284, -1.520925535675744511, -85.12291666666668277 ) ) ;
#4521 = DIRECTION ( 'NONE',  ( -7.045293848761031274E-16, 0.1547000690826086933, 0.9879614813472415991 ) ) ;
#4522 = CLOSED_SHELL ( 'NONE', ( #459, #7286, #9255, #9353, #11355, #7461, #673, #7631, #4064, #2558, #8381, #7793, #5764, #4739 ) ) ;
#4523 = ADVANCED_FACE ( 'NONE', ( #4423 ), #8127, .F. ) ;
#4524 = VECTOR ( 'NONE', #8430, 1000.000000000000000 ) ;
#4525 = EDGE_CURVE ( 'NONE', #1513, #2125, #10004, .T. ) ;
#4526 = VERTEX_POINT ( 'NONE', #3268 ) ;
#4527 = CARTESIAN_POINT ( 'NONE',  ( 0.9700000000000541522, 2.486879519042251019, 0.1903914117200589118 ) ) ;
#4528 = EDGE_CURVE ( 'NONE', #665, #7409, #2369, .T. ) ;
#4529 = DIRECTION ( 'NONE',  ( -1.000000000000000000, -2.000187765493021278E-16, 7.400880780937300593E-16 ) ) ;
#4530 = ORIENTED_EDGE ( 'NONE', *, *, #5718, .F. ) ;
#4531 = CARTESIAN_POINT ( 'NONE',  ( 0.9700000000000541522, 2.125255814197562820, 0.3948905628682330970 ) ) ;
#4532 = LINE ( 'NONE', #11577, #7308 ) ;
#4533 = FACE_BOUND ( 'NONE', #1261, .T. ) ;
#4534 = LINE ( 'NONE', #11965, #5126 ) ;
#4535 = VERTEX_POINT ( 'NONE', #5281 ) ;
#4536 = CARTESIAN_POINT ( 'NONE',  ( 299.4999999999999432, 0.000000000000000000, -245.7174660514637310 ) ) ;
#4537 = AXIS2_PLACEMENT_3D ( 'NONE', #6435, #12057, #967 ) ;
#4538 = LINE ( 'NONE', #747, #9305 ) ;
#4539 = CARTESIAN_POINT ( 'NONE',  ( 0.9699999999999986411, 2.486422737122351290, -0.4626929670481366719 ) ) ;
#4540 = FACE_OUTER_BOUND ( 'NONE', #5900, .T. ) ;
#4541 = EDGE_CURVE ( 'NONE', #4788, #6277, #6071, .T. ) ;
#4542 = VERTEX_POINT ( 'NONE', #8985 ) ;
#4543 = CARTESIAN_POINT ( 'NONE',  ( 0.9700000000000541522, 2.346987564757957223, 0.2517815795645694799 ) ) ;
#4544 = VERTEX_POINT ( 'NONE', #10331 ) ;
#4545 = CARTESIAN_POINT ( 'NONE',  ( 243.5000000000000000, 0.000000000000000000, -228.4456223450676191 ) ) ;
#4546 = FACE_OUTER_BOUND ( 'NONE', #6492, .T. ) ;
#4547 = DIRECTION ( 'NONE',  ( 1.000000000000000000, 2.000187765493029413E-16, 6.845769268624692740E-16 ) ) ;
#4548 = LINE ( 'NONE', #5515, #4457 ) ;
#4549 = AXIS2_PLACEMENT_3D ( 'NONE', #5804, #8599, #5861 ) ;
#4550 = CARTESIAN_POINT ( 'NONE',  ( 279.0000000000000000, -1.500000000000000000, -194.2174660514637310 ) ) ;
#4551 = EDGE_LOOP ( 'NONE', ( #7653, #5774, #1144 ) ) ;
#4552 = PLANE ( 'NONE',  #11068 ) ;
#4553 = CARTESIAN_POINT ( 'NONE',  ( 344.4790744643243556, -4.688327363052550405E-16, -259.2195493847970056 ) ) ;
#4554 = UNCERTAINTY_MEASURE_WITH_UNIT (LENGTH_MEASURE( 1.000000000000000082E-05 ), #10318, 'distance_accuracy_value', 'NONE');
#4555 = EDGE_CURVE ( 'NONE', #7047, #4929, #1995, .T. ) ;
#4556 = VERTEX_POINT ( 'NONE', #1931 ) ;
#4557 = ORIENTED_EDGE ( 'NONE', *, *, #847, .F. ) ;
#4558 = CARTESIAN_POINT ( 'NONE',  ( 345.3254567599560687, -3.149416974196816099, -85.13958333333334849 ) ) ;
#4559 = EDGE_LOOP ( 'NONE', ( #10609, #3862, #5705, #2110, #6376 ) ) ;
#4560 = ORIENTED_EDGE ( 'NONE', *, *, #7012, .T. ) ;
#4561 = PLANE ( 'NONE',  #6654 ) ;
#4562 = LINE ( 'NONE', #3833, #4200 ) ;
#4563 = LINE ( 'NONE', #3715, #238 ) ;
#4564 = ORIENTED_EDGE ( 'NONE', *, *, #3677, .T. ) ;
#4565 = VECTOR ( 'NONE', #9645, 1000.000000000000000 ) ;
#4566 = ORIENTED_EDGE ( 'NONE', *, *, #8545, .T. ) ;
#4567 = CARTESIAN_POINT ( 'NONE',  ( 162.2919412023711914, -0.04554781583046670079, -259.2216327181303086 ) ) ;
#4568 = DIRECTION ( 'NONE',  ( 1.000000000000000000, -0.000000000000000000, 0.000000000000000000 ) ) ;
#4569 = EDGE_CURVE ( 'NONE', #410, #2835, #10478, .T. ) ;
#4570 = EDGE_LOOP ( 'NONE', ( #8623, #9121, #329, #1715 ) ) ;
#4571 = EDGE_CURVE ( 'NONE', #11745, #2096, #6555, .T. ) ;
#4572 = CARTESIAN_POINT ( 'NONE',  ( 344.2500000000000000, -1.500000000000000444, -259.2174660514637026 ) ) ;
#4573 = EDGE_LOOP ( 'NONE', ( #2380, #4685, #7637, #5771 ) ) ;
#4574 = VECTOR ( 'NONE', #2297, 1000.000000000000000 ) ;
#4575 = DIRECTION ( 'NONE',  ( -1.000000000000000000, -2.000187765493021278E-16, 7.400880780937300593E-16 ) ) ;
#4576 = ORIENTED_EDGE ( 'NONE', *, *, #11524, .T. ) ;
#4577 = LINE ( 'NONE', #6581, #5760 ) ;
#4578 = ORIENTED_EDGE ( 'NONE', *, *, #145, .F. ) ;
#4579 = LINE ( 'NONE', #4388, #6988 ) ;
#4580 = CARTESIAN_POINT ( 'NONE',  ( 2.470000000000055707, 2.025379290920920283, -1.076024774737380341 ) ) ;
#4581 = FACE_OUTER_BOUND ( 'NONE', #11494, .T. ) ;
#4582 = VECTOR ( 'NONE', #6772, 1000.000000000000000 ) ;
#4583 = FACE_OUTER_BOUND ( 'NONE', #11023, .T. ) ;
#4584 = CARTESIAN_POINT ( 'NONE',  ( 0.9699999999999986411, 2.483238627135203380, -0.4477264981799095045 ) ) ;
#4585 = EDGE_CURVE ( 'NONE', #3499, #7661, #2729, .T. ) ;
#4586 = ORIENTED_EDGE ( 'NONE', *, *, #7565, .F. ) ;
#4587 = PLANE ( 'NONE',  #2293 ) ;
#4588 = LINE ( 'NONE', #10421, #11038 ) ;
#4589 = ORIENTED_EDGE ( 'NONE', *, *, #4978, .T. ) ;
#4590 = AXIS2_PLACEMENT_3D ( 'NONE', #5171, #2436, #9781 ) ;
#4591 = CARTESIAN_POINT ( 'NONE',  ( 0.9699999999999986411, 2.471364892679961400, -0.4643037271511718522 ) ) ;
#4592 = ORIENTED_EDGE ( 'NONE', *, *, #5489, .F. ) ;
#4593 = FACE_OUTER_BOUND ( 'NONE', #9848, .T. ) ;
#4594 = CARTESIAN_POINT ( 'NONE',  ( 279.0000000000000000, 0.000000000000000000, -179.2174660514637310 ) ) ;
#4595 = CARTESIAN_POINT ( 'NONE',  ( 2.450949999999951778, -1.675109521795836720, -1.025625200007360238 ) ) ;
#4596 = ADVANCED_FACE ( 'NONE', ( #4488 ), #8379, .F. ) ;
#4597 = DIRECTION ( 'NONE',  ( -9.621326830187598882E-16, -2.220446049250292373E-16, 1.000000000000000000 ) ) ;
#4598 = ADVANCED_FACE ( 'NONE', ( #9290 ), #1804, .F. ) ;
#4599 = DIRECTION ( 'NONE',  ( -0.000000000000000000, -0.000000000000000000, -1.000000000000000000 ) ) ;
#4600 = PLANE ( 'NONE',  #390 ) ;
#4601 = PRESENTATION_LAYER_ASSIGNMENT (  '', '', ( #10625 ) ) ;
#4602 = EDGE_CURVE ( 'NONE', #7088, #8034, #3753, .T. ) ;
#4603 = CARTESIAN_POINT ( 'NONE',  ( 0.9843342201064364527, 2.473521781208132264, -0.4638553493384323101 ) ) ;
#4604 = ORIENTED_EDGE ( 'NONE', *, *, #1655, .F. ) ;
#4605 = CARTESIAN_POINT ( 'NONE',  ( 161.0309382256804440, -2.211985015894135209, -85.12916666666666288 ) ) ;
#4606 = ORIENTED_EDGE ( 'NONE', *, *, #4963, .T. ) ;
#4607 = CARTESIAN_POINT ( 'NONE',  ( 20.00000000000000355, -1.500000000000000000, -105.9999999999999574 ) ) ;
#4608 = DIRECTION ( 'NONE',  ( -1.000000000000000000, -0.000000000000000000, -0.000000000000000000 ) ) ;
#4609 = VECTOR ( 'NONE', #5955, 1000.000000000000000 ) ;
#4610 = CARTESIAN_POINT ( 'NONE',  ( 0.9700000000000541522, 2.332881258751001496, 0.1446480485159939988 ) ) ;
#4611 = LINE ( 'NONE', #5574, #1836 ) ;
#4612 = EDGE_CURVE ( 'NONE', #8853, #8108, #7814, .T. ) ;
#4613 = CARTESIAN_POINT ( 'NONE',  ( 168.4999999999999147, -1.224646799147346644E-18, -33.16282088253234406 ) ) ;
#4614 = ORIENTED_EDGE ( 'NONE', *, *, #9571, .F. ) ;
#4615 = CARTESIAN_POINT ( 'NONE',  ( 345.6494169741968108, -0.6745432400438993170, -259.2320493847970511 ) ) ;
#4616 = EDGE_LOOP ( 'NONE', ( #3345, #6385, #5821, #1000 ) ) ;
#4617 = VECTOR ( 'NONE', #8792, 1000.000000000000000 ) ;
#4618 = DIRECTION ( 'NONE',  ( -1.000000000000000000, 0.000000000000000000, -0.000000000000000000 ) ) ;
#4619 = DIRECTION ( 'NONE',  ( 6.478296851166012099E-16, 0.1759558990890549290, -0.9843980503717804087 ) ) ;
#4620 = ORIENTED_EDGE ( 'NONE', *, *, #8276, .T. ) ;
#4621 = EDGE_LOOP ( 'NONE', ( #6194, #11945, #5332, #1248 ) ) ;
#4622 = DIRECTION ( 'NONE',  ( -2.844056349007911444E-16, -0.9427057099413181929, 0.3336254553298281800 ) ) ;
#4623 = DIRECTION ( 'NONE',  ( 1.000000000000000000, 3.110410790118177818E-16, -7.400880780937398214E-16 ) ) ;
#4624 = LINE ( 'NONE', #5527, #10157 ) ;
#4625 = VERTEX_POINT ( 'NONE', #5090 ) ;
#4626 = ADVANCED_FACE ( 'NONE', ( #9939 ), #11847, .F. ) ;
#4627 = VECTOR ( 'NONE', #1105, 1000.000000000000000 ) ;
#4628 = VERTEX_POINT ( 'NONE', #5148 ) ;
#4629 = CARTESIAN_POINT ( 'NONE',  ( 161.0309382256804440, -1.288014984105865013, -259.2382993847970170 ) ) ;
#4630 = DIRECTION ( 'NONE',  ( -4.619824724853955355E-16, -0.8660254037844390407, 0.4999999999999991673 ) ) ;
#4631 = ORIENTED_EDGE ( 'NONE', *, *, #11288, .F. ) ;
#4632 = FACE_OUTER_BOUND ( 'NONE', #10864, .T. ) ;
#4633 = VECTOR ( 'NONE', #2127, 1000.000000000000000 ) ;
#4635 = ORIENTED_EDGE ( 'NONE', *, *, #10750, .T. ) ;
#4634 = CIRCLE ( 'NONE', #11441, 0.03077947504423033526 ) ;
#4636 = CARTESIAN_POINT ( 'NONE',  ( 173.0000000000000000, 0.000000000000000000, -194.2174660514637310 ) ) ;
#4637 = ORIENTED_EDGE ( 'NONE', *, *, #8386, .F. ) ;
#4638 = LINE ( 'NONE', #5604, #4010 ) ;
#4639 = ORIENTED_EDGE ( 'NONE', *, *, #4667, .F. ) ;
#4640 = EDGE_CURVE ( 'NONE', #7648, #11268, #8912, .T. ) ;
#4641 = DIRECTION ( 'NONE',  ( -6.103146274316183875E-16, 0.4999999999999989453, 0.8660254037844393737 ) ) ;
#4642 = DIRECTION ( 'NONE',  ( 0.7071067812608411440, -2.510884813521907485E-16, -0.7071067811122538904 ) ) ;
#4643 = EDGE_CURVE ( 'NONE', #9192, #11081, #9820, .T. ) ;
#4644 = FACE_OUTER_BOUND ( 'NONE', #8462, .T. ) ;
#4645 = VECTOR ( 'NONE', #6014, 1000.000000000000000 ) ;
#4646 = AXIS2_PLACEMENT_3D ( 'NONE', #1436, #7881, #10942 ) ;
#4647 = FACE_OUTER_BOUND ( 'NONE', #3324, .T. ) ;
#4648 = LINE ( 'NONE', #7245, #10477 ) ;
#4649 = EDGE_LOOP ( 'NONE', ( #8443, #99, #2303, #11334 ) ) ;
#4650 = DIRECTION ( 'NONE',  ( 1.000000000000000000, -0.000000000000000000, -0.000000000000000000 ) ) ;
#4651 = DIRECTION ( 'NONE',  ( -1.000000000000000000, -2.000187765493021278E-16, 7.400880780937300593E-16 ) ) ;
#4652 = VECTOR ( 'NONE', #5238, 1000.000000000000000 ) ;
#4653 = ORIENTED_EDGE ( 'NONE', *, *, #3890, .T. ) ;
#4654 = VECTOR ( 'NONE', #1725, 1000.000000000000000 ) ;
#4655 = DIRECTION ( 'NONE',  ( 0.000000000000000000, 0.000000000000000000, 1.000000000000000000 ) ) ;
#4656 = ORIENTED_EDGE ( 'NONE', *, *, #11631, .T. ) ;
#4657 = LINE ( 'NONE', #4400, #9794 ) ;
#4658 = CARTESIAN_POINT ( 'NONE',  ( 321.4999999999999432, -9.797174393178824918E-17, -317.4174660514636912 ) ) ;
#4659 = DIRECTION ( 'NONE',  ( 7.582530560698107458E-16, 0.2897549509194221051, -0.9571008663759966728 ) ) ;
#4660 = ADVANCED_FACE ( 'NONE', ( #1487 ), #8789, .F. ) ;
#4661 = FACE_OUTER_BOUND ( 'NONE', #9778, .T. ) ;
#4662 = VECTOR ( 'NONE', #7351, 1000.000000000000000 ) ;
#4663 = DIRECTION ( 'NONE',  ( 1.000000000000000000, 0.000000000000000000, 0.000000000000000000 ) ) ;
#4664 = EDGE_LOOP ( 'NONE', ( #6514, #1058, #3663, #10335 ) ) ;
#4665 = EDGE_CURVE ( 'NONE', #6934, #11620, #9027, .T. ) ;
#4666 = CARTESIAN_POINT ( 'NONE',  ( 162.5500832894004759, -1.596363320006271236, -85.11458333333337123 ) ) ;
#4667 = EDGE_CURVE ( 'NONE', #8607, #278, #8911, .T. ) ;
#4668 = EDGE_LOOP ( 'NONE', ( #6531, #7200, #8011, #8268 ) ) ;
#4669 = DIRECTION ( 'NONE',  ( -4.619824724853993812E-16, -0.8660254037844352659, 0.5000000000000058842 ) ) ;
#4670 = DIRECTION ( 'NONE',  ( 1.000000000000000000, 2.000187765493021278E-16, -7.400880780937300593E-16 ) ) ;
#4671 = ORIENTED_EDGE ( 'NONE', *, *, #1795, .T. ) ;
#4672 = VECTOR ( 'NONE', #6051, 1000.000000000000000 ) ;
#4673 = PLANE ( 'NONE',  #7039 ) ;
#4674 = CARTESIAN_POINT ( 'NONE',  ( 0.9699999999999986411, 2.523629592551035472, -0.05453024012808116439 ) ) ;
#4675 = CARTESIAN_POINT ( 'NONE',  ( 2.470000000000055707, 1.810417492354610136, -0.7912649203304089607 ) ) ;
#4676 = CARTESIAN_POINT ( 'NONE',  ( 81.00000000000000000, -1.500000000000001332, -85.00000000000002842 ) ) ;
#4677 = LINE ( 'NONE', #2599, #6240 ) ;
#4678 = ORIENTED_EDGE ( 'NONE', *, *, #11886, .T. ) ;
#4679 = CARTESIAN_POINT ( 'NONE',  ( 0.9843342201064364527, 2.374112209465040202, -0.01773143027168633257 ) ) ;
#4680 = CARTESIAN_POINT ( 'NONE',  ( 345.9544521841694973, -1.291941202371259978, -259.2382993847970738 ) ) ;
#4681 = B_SPLINE_CURVE_WITH_KNOTS ( 'NONE', 3,
 ( #2090, #11236, #5559, #5624, #4719, #1909, #2892, #9387, #5743, #10370 ),
 .UNSPECIFIED., .F., .F.,
 ( 4, 2, 2, 2, 4 ),
 ( 0.000000000000000000, 0.2500000000000000000, 0.5000000000000000000, 0.7500000000000000000, 1.000000000000000000 ),
 .UNSPECIFIED. ) ;
#4682 = AXIS2_PLACEMENT_3D ( 'NONE', #3402, #2257, #4197 ) ;
#4683 = EDGE_LOOP ( 'NONE', ( #5540, #10631, #4073, #440 ) ) ;
#4684 = DIRECTION ( 'NONE',  ( -1.000000000000000000, -3.110410790118177818E-16, 7.400880780937398214E-16 ) ) ;
#4685 = ORIENTED_EDGE ( 'NONE', *, *, #10996, .T. ) ;
#4686 = EDGE_CURVE ( 'NONE', #10089, #7492, #626, .T. ) ;
#4687 = ORIENTED_EDGE ( 'NONE', *, *, #5278, .F. ) ;
#4688 = CARTESIAN_POINT ( 'NONE',  ( 0.9700000000000541522, 2.513397826239216482, 0.2400852859844870846 ) ) ;
#4689 = VERTEX_POINT ( 'NONE', #6001 ) ;
#4690 = CARTESIAN_POINT ( 'NONE',  ( 345.9999999999999432, 0.000000000000000000, -324.2174660514637594 ) ) ;
#4691 = DIRECTION ( 'NONE',  ( 1.000000000000000000, 2.000187765493029413E-16, 6.845769268624692740E-16 ) ) ;
#4692 = EDGE_CURVE ( 'NONE', #3640, #5283, #10273, .T. ) ;
#4693 = ORIENTED_EDGE ( 'NONE', *, *, #832, .F. ) ;
#4694 = VERTEX_POINT ( 'NONE', #8113 ) ;
#4695 = DIRECTION ( 'NONE',  ( 0.000000000000000000, 0.000000000000000000, 1.000000000000000000 ) ) ;
#4696 = CARTESIAN_POINT ( 'NONE',  ( 162.6317250824598943, -1.544791266695002330, -259.2257993847970283 ) ) ;
#4697 = CARTESIAN_POINT ( 'NONE',  ( 2.199500000017451384, -1.387778780781445676E-13, 2.220446049250313081E-13 ) ) ;
#4698 = ORIENTED_EDGE ( 'NONE', *, *, #2973, .F. ) ;
#4699 = CARTESIAN_POINT ( 'NONE',  ( 2.450950000000007289, -0.1701361911069509958, 1.963499999999882117 ) ) ;
#4700 = EDGE_CURVE ( 'NONE', #6629, #11972, #8055, .T. ) ;
#4701 = ORIENTED_EDGE ( 'NONE', *, *, #7638, .F. ) ;
#4702 = CARTESIAN_POINT ( 'NONE',  ( 0.9699999999999986411, 2.483238627135203380, -0.4477264981799095045 ) ) ;
#4703 = ORIENTED_EDGE ( 'NONE', *, *, #1941, .T. ) ;
#4704 = CARTESIAN_POINT ( 'NONE',  ( 2.469999999999972218, -1.675109521795753453, -1.025625200007374005 ) ) ;
#4705 = LINE ( 'NONE', #1659, #9951 ) ;
#4706 = ORIENTED_EDGE ( 'NONE', *, *, #7567, .T. ) ;
#4707 = VECTOR ( 'NONE', #3912, 1000.000000000000000 ) ;
#4708 = CARTESIAN_POINT ( 'NONE',  ( 161.0000000000000000, -1.500000000000000000, -324.2174660514637594 ) ) ;
#4709 = DIRECTION ( 'NONE',  ( -0.000000000000000000, -1.000000000000000000, -0.000000000000000000 ) ) ;
#4710 = EDGE_CURVE ( 'NONE', #979, #4625, #10748, .T. ) ;
#4711 = VERTEX_POINT ( 'NONE', #2532 ) ;
#4712 = DIRECTION ( 'NONE',  ( -5.995848866729697443E-16, 0.1329814728554886971, 0.9911185236273131194 ) ) ;
#4713 = DIRECTION ( 'NONE',  ( 0.000000000000000000, 0.000000000000000000, -1.000000000000000000 ) ) ;
#4714 = VECTOR ( 'NONE', #9119, 1000.000000000000000 ) ;
#4715 = VERTEX_POINT ( 'NONE', #3498 ) ;
#4716 = CARTESIAN_POINT ( 'NONE',  ( 164.3750000000000284, -3.500000000000000000, -85.15000000000000568 ) ) ;
#4717 = ORIENTED_EDGE ( 'NONE', *, *, #4541, .T. ) ;
#4718 = CARTESIAN_POINT ( 'NONE',  ( 330.0000000000000000, 0.000000000000000000, -194.2174660514637310 ) ) ;
#4719 = CARTESIAN_POINT ( 'NONE',  ( 344.5000000000000000, -1.815449846949787505, -85.12916666666667709 ) ) ;
#4720 = PLANE ( 'NONE',  #4156 ) ;
#4721 = CARTESIAN_POINT ( 'NONE',  ( 0.000000000000000000, -1.500000000000000000, 0.000000000000000000 ) ) ;
#4722 = CARTESIAN_POINT ( 'NONE',  ( 0.9843342201064364527, 2.478836439541304060, -0.4472441201540527933 ) ) ;
#4723 = VECTOR ( 'NONE', #4312, 1000.000000000000000 ) ;
#4724 = EDGE_CURVE ( 'NONE', #7032, #7685, #569, .T. ) ;
#4725 = ORIENTED_EDGE ( 'NONE', *, *, #9072, .F. ) ;
#4726 = EDGE_CURVE ( 'NONE', #8254, #5902, #501, .T. ) ;
#4727 = CARTESIAN_POINT ( 'NONE',  ( 162.6056737028139310, -1.937801757937212876, -85.13958333333336270 ) ) ;
#4728 = ORIENTED_EDGE ( 'NONE', *, *, #8824, .T. ) ;
#4729 = VECTOR ( 'NONE', #5917, 1000.000000000000000 ) ;
#4730 = CARTESIAN_POINT ( 'NONE',  ( 0.9699999999999986411, 2.523434647157873911, 0.2933406405774274806 ) ) ;
#4731 = ORIENTED_EDGE ( 'NONE', *, *, #11900, .T. ) ;
#4732 = AXIS2_PLACEMENT_3D ( 'NONE', #8166, #3548, #7251 ) ;
#4733 = CARTESIAN_POINT ( 'NONE',  ( 0.9699999999999986411, 2.485296480058463153, -0.4417785858740752580 ) ) ;
#4734 = LINE ( 'NONE', #823, #7172 ) ;
#4735 = PLANE ( 'NONE',  #11764 ) ;
#4736 = DIRECTION ( 'NONE',  ( -0.000000000000000000, 1.000000000000000000, -0.000000000000000000 ) ) ;
#4737 = DIRECTION ( 'NONE',  ( 6.612880984808103771E-16, 0.4166995485317765424, -0.9090442707885098006 ) ) ;
#4738 = ORIENTED_EDGE ( 'NONE', *, *, #568, .F. ) ;
#4739 = ADVANCED_FACE ( 'NONE', ( #1549 ), #2473, .T. ) ;
#4740 = DIRECTION ( 'NONE',  ( 9.561467977824831532E-16, 2.220446049250319490E-16, -1.000000000000000000 ) ) ;
#4741 = VERTEX_POINT ( 'NONE', #5269 ) ;
#4742 = CARTESIAN_POINT ( 'NONE',  ( 0.9699999999999986411, 2.463272841927127921, -0.4369951808727984277 ) ) ;
#4743 = ORIENTED_EDGE ( 'NONE', *, *, #10054, .F. ) ;
#4744 = VERTEX_POINT ( 'NONE', #6965 ) ;
#4745 = AXIS2_PLACEMENT_3D ( 'NONE', #8669, #319, #4057 ) ;
#4746 = ORIENTED_EDGE ( 'NONE', *, *, #2205, .F. ) ;
#4747 = DIRECTION ( 'NONE',  ( -0.000000000000000000, -1.000000000000000000, -0.000000000000000000 ) ) ;
#4748 = DIRECTION ( 'NONE',  ( 6.845769268624692740E-16, -5.551115123125739315E-16, -1.000000000000000000 ) ) ;
#4749 = VERTEX_POINT ( 'NONE', #8973 ) ;
#4750 = ORIENTED_EDGE ( 'NONE', *, *, #363, .F. ) ;
#4751 = ADVANCED_FACE ( 'NONE', ( #4350 ), #3436, .F. ) ;
#4752 = CYLINDRICAL_SURFACE ( 'NONE', #11635, 2.110000000000000764 ) ;
#4753 = ADVANCED_FACE ( 'NONE', ( #10689 ), #4234, .T. ) ;
#4754 = VECTOR ( 'NONE', #1724, 1000.000000000000114 ) ;
#4755 = CARTESIAN_POINT ( 'NONE',  ( 0.9699999999999986411, 2.374112209464956713, 0.03026883183825102019 ) ) ;
#4756 = ORIENTED_EDGE ( 'NONE', *, *, #10430, .T. ) ;
#4757 = EDGE_CURVE ( 'NONE', #9728, #7047, #11910, .T. ) ;
#4758 = DIRECTION ( 'NONE',  ( -1.000000000000000000, 0.000000000000000000, 0.000000000000000000 ) ) ;
#4759 = ORIENTED_EDGE ( 'NONE', *, *, #834, .T. ) ;
#4760 = DIRECTION ( 'NONE',  ( -8.106457405266428958E-16, -0.1167030593493125351, 0.9931668520135531475 ) ) ;
#4761 = VERTEX_POINT ( 'NONE', #3557 ) ;
#4762 = CARTESIAN_POINT ( 'NONE',  ( 345.6614119768328806, -0.6653250392442952021, -85.11458333333334281 ) ) ;
#4763 = VERTEX_POINT ( 'NONE', #1851 ) ;
#4764 = PLANE ( 'NONE',  #8365 ) ;
#4765 = CARTESIAN_POINT ( 'NONE',  ( 0.9700000000000541522, 1.975537752030187555, -0.3268890226826859369 ) ) ;
#4766 = FACE_OUTER_BOUND ( 'NONE', #9959, .T. ) ;
#4767 = ADVANCED_FACE ( 'NONE', ( #1914 ), #1729, .F. ) ;
#4768 = LINE ( 'NONE', #11036, #4043 ) ;
#4769 = FACE_OUTER_BOUND ( 'NONE', #5335, .T. ) ;
#4770 = VECTOR ( 'NONE', #619, 1000.000000000000114 ) ;
#4771 = ORIENTED_EDGE ( 'NONE', *, *, #11301, .T. ) ;
#4772 = CARTESIAN_POINT ( 'NONE',  ( 0.9843342201063809416, 2.474178410326627109, -0.4637087234186793028 ) ) ;
#4773 = DIRECTION ( 'NONE',  ( 1.000000000000000000, -0.000000000000000000, -0.000000000000000000 ) ) ;
#4774 = VERTEX_POINT ( 'NONE', #5564 ) ;
#4775 = CYLINDRICAL_SURFACE ( 'NONE', #9808, 1.750000000000000000 ) ;
#4776 = VERTEX_POINT ( 'NONE', #7260 ) ;
#4777 = DIRECTION ( 'NONE',  ( 0.000000000000000000, -1.000000000000000000, 0.000000000000000000 ) ) ;
#4778 = VECTOR ( 'NONE', #7451, 1000.000000000000000 ) ;
#4779 = DIRECTION ( 'NONE',  ( -1.445076253180178246E-16, -1.000000000000000000, 5.551115123125738329E-16 ) ) ;
#4780 = CARTESIAN_POINT ( 'NONE',  ( 0.9843342201063809416, 2.478158560289822621, -0.4607464548393724879 ) ) ;
#4781 = EDGE_CURVE ( 'NONE', #3951, #5377, #9205, .T. ) ;
#4782 = FACE_BOUND ( 'NONE', #8988, .T. ) ;
#4783 = VERTEX_POINT ( 'NONE', #2589 ) ;
#4784 = DIRECTION ( 'NONE',  ( -6.995041010479867029E-16, 0.3248433367098592650, 0.9457678396917528207 ) ) ;
#4785 = ORIENTED_EDGE ( 'NONE', *, *, #6521, .F. ) ;
#4786 = CARTESIAN_POINT ( 'NONE',  ( 161.0000000000000000, -1.500000000000001332, -324.2174660514637594 ) ) ;
#4787 = CARTESIAN_POINT ( 'NONE',  ( 161.0000000000000000, -1.500000000000000000, -259.9674660514636457 ) ) ;
#4788 = VERTEX_POINT ( 'NONE', #10988 ) ;
#4789 = CARTESIAN_POINT ( 'NONE',  ( 0.9699999999999986411, 2.497005303495503092, -0.4483746272442995506 ) ) ;
#4790 = CARTESIAN_POINT ( 'NONE',  ( 362.9755125916353791, -1.500000000000000000, -54.35518781845740932 ) ) ;
#4791 = LINE ( 'NONE', #8435, #3501 ) ;
#4792 = CARTESIAN_POINT ( 'NONE',  ( 168.4999999999999147, -1.224646799147346644E-18, -139.7028208825323645 ) ) ;
#4793 = VECTOR ( 'NONE', #7989, 1000.000000000000000 ) ;
#4794 = EDGE_LOOP ( 'NONE', ( #7522, #87, #25, #1599 ) ) ;
#4795 = EDGE_CURVE ( 'NONE', #11339, #4218, #2649, .T. ) ;
#4796 = DIRECTION ( 'NONE',  ( -1.000000000000000000, -0.000000000000000000, -0.000000000000000000 ) ) ;
#4797 = ORIENTED_EDGE ( 'NONE', *, *, #8043, .T. ) ;
#4798 = CARTESIAN_POINT ( 'NONE',  ( 279.0000000000000000, -1.500000000000000000, -179.2174660514637310 ) ) ;
#4799 = ORIENTED_EDGE ( 'NONE', *, *, #4710, .T. ) ;
#4800 = ORIENTED_EDGE ( 'NONE', *, *, #8085, .F. ) ;
#4801 = VECTOR ( 'NONE', #4811, 1000.000000000000000 ) ;
#4802 = DIRECTION ( 'NONE',  ( 0.000000000000000000, 0.000000000000000000, 1.000000000000000000 ) ) ;
#4803 = LINE ( 'NONE', #7528, #1198 ) ;
#4804 = ORIENTED_EDGE ( 'NONE', *, *, #4939, .T. ) ;
#4805 = ORIENTED_EDGE ( 'NONE', *, *, #11491, .T. ) ;
#4806 = ADVANCED_FACE ( 'NONE', ( #4540 ), #8233, .F. ) ;
#4807 = CARTESIAN_POINT ( 'NONE',  ( 2.470000000000027729, 0.06360232754365480190, 2.173161927247618586 ) ) ;
#4808 = VECTOR ( 'NONE', #8914, 1000.000000000000000 ) ;
#4809 = LINE ( 'NONE', #156, #9889 ) ;
#4810 = ORIENTED_EDGE ( 'NONE', *, *, #10068, .F. ) ;
#4811 = DIRECTION ( 'NONE',  ( -1.517883041479706208E-16, -0.000000000000000000, -1.000000000000000000 ) ) ;
#4812 = ORIENTED_EDGE ( 'NONE', *, *, #2427, .T. ) ;
#4813 = EDGE_CURVE ( 'NONE', #7657, #9347, #8362, .T. ) ;
#4814 = LINE ( 'NONE', #9547, #603 ) ;
#4815 = EDGE_LOOP ( 'NONE', ( #10469, #7689, #696, #8257 ) ) ;
#4816 = EDGE_CURVE ( 'NONE', #2796, #2403, #2714, .T. ) ;
#4817 = VECTOR ( 'NONE', #7918, 1000.000000000000114 ) ;
#4818 = CARTESIAN_POINT ( 'NONE',  ( 344.7119850158940153, -3.469061774319601277, -85.14583333333334281 ) ) ;
#4819 = DIRECTION ( 'NONE',  ( 0.000000000000000000, 0.000000000000000000, -1.000000000000000000 ) ) ;
#4820 = ORIENTED_EDGE ( 'NONE', *, *, #324, .T. ) ;
#4821 = CARTESIAN_POINT ( 'NONE',  ( 2.470000000000055707, 1.886350574325429408, -1.316829575592329160 ) ) ;
#4822 = LINE ( 'NONE', #2024, #11255 ) ;
#4823 = CARTESIAN_POINT ( 'NONE',  ( 344.2500000000000000, -3.500000000000000000, -259.2674660514637139 ) ) ;
#4824 = CARTESIAN_POINT ( 'NONE',  ( 313.0000000000000000, 0.000000000000000000, -233.2174660514637310 ) ) ;
#4825 = AXIS2_PLACEMENT_3D ( 'NONE', #11585, #9860, #8767 ) ;
#4826 = AXIS2_PLACEMENT_3D ( 'NONE', #8277, #7549, #5546 ) ;
#4827 = ORIENTED_EDGE ( 'NONE', *, *, #3203, .T. ) ;
#4828 = CARTESIAN_POINT ( 'NONE',  ( 0.9699999999999986411, 2.189101863973724527, -0.2588745816993337501 ) ) ;
#4829 = LINE ( 'NONE', #176, #8687 ) ;
#4830 = EDGE_CURVE ( 'NONE', #3403, #1286, #12029, .T. ) ;
#4831 = ORIENTED_EDGE ( 'NONE', *, *, #7060, .F. ) ;
#4832 = FACE_OUTER_BOUND ( 'NONE', #9973, .T. ) ;
#4833 = EDGE_LOOP ( 'NONE', ( #4158, #1047, #10697, #3865 ) ) ;
#4834 = AXIS2_PLACEMENT_3D ( 'NONE', #8938, #7113, #11696 ) ;
#4835 = VECTOR ( 'NONE', #9061, 1000.000000000000000 ) ;
#4836 = DIRECTION ( 'NONE',  ( 0.000000000000000000, 0.000000000000000000, 1.000000000000000000 ) ) ;
#4837 = FACE_OUTER_BOUND ( 'NONE', #6729, .T. ) ;
#4838 =( NAMED_UNIT ( * ) PLANE_ANGLE_UNIT ( ) SI_UNIT ( $, .RADIAN. ) );
#4839 = DIRECTION ( 'NONE',  ( 1.000000000000000000, 1.722632009336712421E-16, -4.625323219374409242E-16 ) ) ;
#4840 = AXIS2_PLACEMENT_3D ( 'NONE', #8560, #16, #139 ) ;
#4841 = ORIENTED_EDGE ( 'NONE', *, *, #4313, .T. ) ;
#4842 = VECTOR ( 'NONE', #841, 1000.000000000000000 ) ;
#4843 = ORIENTED_EDGE ( 'NONE', *, *, #1752, .T. ) ;
#4844 = CARTESIAN_POINT ( 'NONE',  ( 162.6056737028139310, -1.562198242062787124, -85.11041666666670835 ) ) ;
#4845 = EDGE_CURVE ( 'NONE', #9472, #4123, #875, .T. ) ;
#4846 = ORIENTED_EDGE ( 'NONE', *, *, #10172, .F. ) ;
#4847 = DIRECTION ( 'NONE',  ( -1.000000000000000000, 0.000000000000000000, 0.000000000000000000 ) ) ;
#4848 = CARTESIAN_POINT ( 'NONE',  ( 344.2500000000000000, -2.000000000000000000, -259.2674660514637139 ) ) ;
#4849 = EDGE_LOOP ( 'NONE', ( #11025, #2960, #5476, #7448 ) ) ;
#4850 = DIRECTION ( 'NONE',  ( -6.724135084613156604E-17, -0.9999670694423009598, 0.008115419334605227658 ) ) ;
#4851 = DIRECTION ( 'NONE',  ( 0.000000000000000000, 0.000000000000000000, -1.000000000000000000 ) ) ;
#4852 = FACE_OUTER_BOUND ( 'NONE', #6058, .T. ) ;
#4853 = AXIS2_PLACEMENT_3D ( 'NONE', #11520, #10538, #2999 ) ;
#4854 = FACE_OUTER_BOUND ( 'NONE', #1068, .T. ) ;
#4855 = DIRECTION ( 'NONE',  ( 4.645108056928865902E-16, -0.6322109769216863739, -0.7747962833285449991 ) ) ;
#4856 = VERTEX_POINT ( 'NONE', #50 ) ;
#4857 = CARTESIAN_POINT ( 'NONE',  ( 2.450950000000007289, -0.2359217314832906531, 1.963500000000471868 ) ) ;
#4858 = CARTESIAN_POINT ( 'NONE',  ( 345.3254567599560119, -3.149416974196815655, -259.2570493847970283 ) ) ;
#4859 = ORIENTED_EDGE ( 'NONE', *, *, #6698, .T. ) ;
#4860 = CARTESIAN_POINT ( 'NONE',  ( 0.9699999999999986411, 2.472865152089859464, -0.4640019752579910284 ) ) ;
#4861 = ORIENTED_EDGE ( 'NONE', *, *, #2867, .F. ) ;
#4862 = CIRCLE ( 'NONE', #1734, 2.110000000000000764 ) ;
#4863 = EDGE_CURVE ( 'NONE', #1973, #469, #4409, .T. ) ;
#4864 = EDGE_LOOP ( 'NONE', ( #1929, #6821, #7099, #754 ) ) ;
#4865 = EDGE_CURVE ( 'NONE', #6307, #6527, #11166, .T. ) ;
#4866 = CARTESIAN_POINT ( 'NONE',  ( 330.0000000000000000, 0.000000000000000000, -179.2174660514637310 ) ) ;
#4867 = ORIENTED_EDGE ( 'NONE', *, *, #1309, .F. ) ;
#4868 = ORIENTED_EDGE ( 'NONE', *, *, #6366, .F. ) ;
#4869 = CARTESIAN_POINT ( 'NONE',  ( 162.7192526882482753, -1.515149999999999997, -259.2195497588851936 ) ) ;
#4870 = VECTOR ( 'NONE', #7183, 1000.000000000000000 ) ;
#4871 = LINE ( 'NONE', #10403, #1343 ) ;
#4872 = VERTEX_POINT ( 'NONE', #7246 ) ;
#4873 = CYLINDRICAL_SURFACE ( 'NONE', #5372, 2.110000000000000764 ) ;
#4874 = EDGE_CURVE ( 'NONE', #10764, #386, #2632, .T. ) ;
#4875 = VERTEX_POINT ( 'NONE', #10038 ) ;
#4876 = ADVANCED_FACE ( 'NONE', ( #7368 ), #11106, .F. ) ;
#4877 = LINE ( 'NONE', #3844, #1008 ) ;
#4879 = ORIENTED_EDGE ( 'NONE', *, *, #1912, .F. ) ;
#4878 = AXIS2_PLACEMENT_3D ( 'NONE', #8616, #9636, #9462 ) ;
#4880 = CARTESIAN_POINT ( 'NONE',  ( 344.3114714906417362, -1.978737483115553974, -85.14583333333334281 ) ) ;
#4881 = ORIENTED_EDGE ( 'NONE', *, *, #3234, .T. ) ;
#4882 = CARTESIAN_POINT ( 'NONE',  ( 162.7500000000000284, -3.500000000000000000, -85.15000000000000568 ) ) ;
#4883 = DIRECTION ( 'NONE',  ( -5.882887990558551382E-16, -0.4999999999999998890, 0.8660254037844387076 ) ) ;
#4884 = CARTESIAN_POINT ( 'NONE',  ( 345.9690617743195844, -1.288014984105866567, -259.2382993847970738 ) ) ;
#4885 = LINE ( 'NONE', #5967, #3283 ) ;
#4886 = ADVANCED_FACE ( 'NONE', ( #4014 ), #11556, .F. ) ;
#4887 = VECTOR ( 'NONE', #4518, 1000.000000000000000 ) ;
#4888 = ORIENTED_EDGE ( 'NONE', *, *, #8058, .F. ) ;
#4889 = DIRECTION ( 'NONE',  ( 2.775557561562892929E-15, 0.000000000000000000, -1.000000000000000000 ) ) ;
#4890 = ORIENTED_EDGE ( 'NONE', *, *, #147, .F. ) ;
#4891 = DIRECTION ( 'NONE',  ( 5.882887990558569132E-16, 0.4999999999999927280, -0.8660254037844428154 ) ) ;
#4892 = VERTEX_POINT ( 'NONE', #3569 ) ;
#4893 = VECTOR ( 'NONE', #2787, 1000.000000000000000 ) ;
#4894 = DIRECTION ( 'NONE',  ( 9.621326830187600855E-16, 2.220446049250292373E-16, -1.000000000000000000 ) ) ;
#4895 = DIRECTION ( 'NONE',  ( 1.000000000000000000, 0.000000000000000000, 0.000000000000000000 ) ) ;
#4896 = DIRECTION ( 'NONE',  ( 6.845769268624692740E-16, -5.551115123125739315E-16, -1.000000000000000000 ) ) ;
#4897 = EDGE_CURVE ( 'NONE', #11642, #3959, #3701, .T. ) ;
#4898 = EDGE_CURVE ( 'NONE', #10653, #3909, #5416, .T. ) ;
#4899 = AXIS2_PLACEMENT_3D ( 'NONE', #7834, #5172, #2437 ) ;
#4900 = VECTOR ( 'NONE', #7716, 1000.000000000000000 ) ;
#4901 = VERTEX_POINT ( 'NONE', #7333 ) ;
#4902 = ORIENTED_EDGE ( 'NONE', *, *, #30, .T. ) ;
#4903 = EDGE_CURVE ( 'NONE', #11061, #8996, #9220, .T. ) ;
#4904 = CARTESIAN_POINT ( 'NONE',  ( 162.5315534029114701, -1.875904745092725090, -85.13333333333332575 ) ) ;
#4905 = ORIENTED_EDGE ( 'NONE', *, *, #11489, .T. ) ;
#4906 = DIRECTION ( 'NONE',  ( 0.000000000000000000, -0.000000000000000000, -1.000000000000000000 ) ) ;
#4907 = ORIENTED_EDGE ( 'NONE', *, *, #9785, .T. ) ;
#4908 = DIRECTION ( 'NONE',  ( -5.729747238077516113E-18, -1.000000000000000000, 3.497202527569202082E-15 ) ) ;
#4909 = CARTESIAN_POINT ( 'NONE',  ( 0.9699999999999986411, 2.323393438462634464, -0.3948934297111766911 ) ) ;
#4910 = CARTESIAN_POINT ( 'NONE',  ( 0.9699999999999986411, 2.471483893426634992, -0.4542524141098597257 ) ) ;
#4911 = VECTOR ( 'NONE', #4622, 1000.000000000000114 ) ;
#4912 = DIRECTION ( 'NONE',  ( -4.489966181392269624E-17, -0.9707037360529247039, -0.2402795388977053692 ) ) ;
#4913 = ORIENTED_EDGE ( 'NONE', *, *, #11073, .F. ) ;
#4914 = FACE_OUTER_BOUND ( 'NONE', #1498, .T. ) ;
#4915 = EDGE_CURVE ( 'NONE', #6864, #7982, #6486, .T. ) ;
#4916 = CARTESIAN_POINT ( 'NONE',  ( 345.9999999999999432, -1.979074464324256599, -259.2445493847970965 ) ) ;
#4917 = VERTEX_POINT ( 'NONE', #10567 ) ;
#4918 = PLANE ( 'NONE',  #1492 ) ;
#4919 = AXIS2_PLACEMENT_3D ( 'NONE', #3562, #3627, #7329 ) ;
#4920 = ORIENTED_EDGE ( 'NONE', *, *, #8836, .F. ) ;
#4921 = ORIENTED_EDGE ( 'NONE', *, *, #2133, .T. ) ;
#4922 = FACE_OUTER_BOUND ( 'NONE', #9579, .T. ) ;
#4923 = DIRECTION ( 'NONE',  ( 0.000000000000000000, 0.000000000000000000, 1.000000000000000000 ) ) ;
#4924 = ORIENTED_EDGE ( 'NONE', *, *, #9239, .T. ) ;
#4925 = VECTOR ( 'NONE', #2182, 1000.000000000000000 ) ;
#4926 = DIRECTION ( 'NONE',  ( -0.000000000000000000, 1.000000000000000000, -0.000000000000000000 ) ) ;
#4927 = EDGE_CURVE ( 'NONE', #7939, #11850, #6964, .T. ) ;
#4928 = CARTESIAN_POINT ( 'NONE',  ( 0.9700000000000541522, 1.975537752029993266, 0.3948905628680179913 ) ) ;
#4929 = VERTEX_POINT ( 'NONE', #7517 ) ;
#4930 = DIRECTION ( 'NONE',  ( 4.992923249691015501E-16, -0.4999999999999992228, -0.8660254037844391517 ) ) ;
#4931 = ORIENTED_EDGE ( 'NONE', *, *, #5264, .F. ) ;
#4932 = LINE ( 'NONE', #8461, #7792 ) ;
#4933 = ORIENTED_EDGE ( 'NONE', *, *, #3444, .F. ) ;
#4934 = CARTESIAN_POINT ( 'NONE',  ( 344.4934931691670386, -1.815436971089820384, -85.12916666666667709 ) ) ;
#4935 = ORIENTED_EDGE ( 'NONE', *, *, #6381, .T. ) ;
#4936 = AXIS2_PLACEMENT_3D ( 'NONE', #4040, #9507, #11471 ) ;
#4937 = ORIENTED_EDGE ( 'NONE', *, *, #516, .T. ) ;
#4938 = LINE ( 'NONE', #8876, #1507 ) ;
#4939 = EDGE_CURVE ( 'NONE', #8572, #8673, #203, .T. ) ;
#4940 = VECTOR ( 'NONE', #70, 1000.000000000000000 ) ;
#4941 = CARTESIAN_POINT ( 'NONE',  ( 344.2500000000000000, -1.515150000000000441, -259.2174660514637026 ) ) ;
#4942 = EDGE_CURVE ( 'NONE', #2306, #9823, #11303, .T. ) ;
#4943 = LINE ( 'NONE', #11463, #3476 ) ;
#4944 = CARTESIAN_POINT ( 'NONE',  ( 0.9700000000000541522, 2.381236316858021063, 0.1405888840665947548 ) ) ;
#4945 = DIRECTION ( 'NONE',  ( -0.000000000000000000, -1.000000000000000000, -0.000000000000000000 ) ) ;
#4946 = ORIENTED_EDGE ( 'NONE', *, *, #11605, .F. ) ;
#4947 = PLANE ( 'NONE',  #2529 ) ;
#4948 = DIRECTION ( 'NONE',  ( -0.000000000000000000, 1.000000000000000000, -0.000000000000000000 ) ) ;
#4949 = PRODUCT_CONTEXT ( 'NONE', #8441, 'mechanical' ) ;
#4950 = CARTESIAN_POINT ( 'NONE',  ( 0.9699999999999986411, 2.422424264911820835, -0.05453024012871954262 ) ) ;
#4951 = VECTOR ( 'NONE', #7510, 1000.000000000000000 ) ;
#4952 = EDGE_CURVE ( 'NONE', #3909, #6081, #1115, .T. ) ;
#4953 = VECTOR ( 'NONE', #135, 1000.000000000000114 ) ;
#4954 = ORIENTED_EDGE ( 'NONE', *, *, #2163, .F. ) ;
#4955 = VERTEX_POINT ( 'NONE', #4722 ) ;
#4956 = CARTESIAN_POINT ( 'NONE',  ( 299.4999999999999432, 0.000000000000000000, -245.7174660514637310 ) ) ;
#4957 = ORIENTED_EDGE ( 'NONE', *, *, #7727, .F. ) ;
#4958 = CIRCLE ( 'NONE', #3590, 1.229500000000014692 ) ;
#4959 = CARTESIAN_POINT ( 'NONE',  ( 166.0000000000000000, -2.000000000000000000, -85.15000000000000568 ) ) ;
#4960 = DIRECTION ( 'NONE',  ( 0.000000000000000000, 0.000000000000000000, -1.000000000000000000 ) ) ;
#4961 = ADVANCED_FACE ( 'NONE', ( #248, #6665, #10373, #3121, #62, #4782, #11417, #11474, #6781, #11239, #6605, #7621, #11361, #10312, #8485, #187, #10491, #9509, #2158, #1976, #9569, #123, #8657, #304, #7739, #6837, #3685, #6472, #5506, #1785, #9140, #9332, #996, #8422, #12026 ), #2774, .T. ) ;
#4962 = ORIENTED_EDGE ( 'NONE', *, *, #4508, .F. ) ;
#4963 = EDGE_CURVE ( 'NONE', #7542, #833, #6382, .T. ) ;
#4964 = DIRECTION ( 'NONE',  ( -1.050820771170668073E-16, 0.9571008663759965618, 0.2897549509194219941 ) ) ;
#4965 = CARTESIAN_POINT ( 'NONE',  ( 224.4999999999999716, -1.500000000000000000, -179.2174660514637310 ) ) ;
#4966 = DIRECTION ( 'NONE',  ( 0.000000000000000000, 0.000000000000000000, -1.000000000000000000 ) ) ;
#4967 = CARTESIAN_POINT ( 'NONE',  ( 161.2208738203800920, -2.631333215649074297, -259.2507993847970056 ) ) ;
#4968 = CARTESIAN_POINT ( 'NONE',  ( 288.0000000000000568, -1.500000000000000000, -194.2174660514637594 ) ) ;
#4969 = CARTESIAN_POINT ( 'NONE',  ( 2.469999999999972218, -1.792384863908286219, -0.8224983489919512891 ) ) ;
#4970 = ORIENTED_EDGE ( 'NONE', *, *, #1422, .T. ) ;
#4971 = EDGE_CURVE ( 'NONE', #3319, #2856, #4538, .T. ) ;
#4972 = LINE ( 'NONE', #9012, #1517 ) ;
#4973 = AXIS2_PLACEMENT_3D ( 'NONE', #5304, #6151, #7065 ) ;
#4974 = EDGE_LOOP ( 'NONE', ( #9545, #10569, #991, #10341, #6813 ) ) ;
#4975 = LINE ( 'NONE', #6004, #7511 ) ;
#4976 = ORIENTED_EDGE ( 'NONE', *, *, #5537, .F. ) ;
#4977 = ORIENTED_EDGE ( 'NONE', *, *, #2136, .T. ) ;
#4978 = EDGE_CURVE ( 'NONE', #69, #157, #10243, .T. ) ;
#4979 = VECTOR ( 'NONE', #4747, 1000.000000000000000 ) ;
#4980 = PLANE ( 'NONE',  #3954 ) ;
#4981 = VERTEX_POINT ( 'NONE', #7257 ) ;
#4982 = DIRECTION ( 'NONE',  ( 0.000000000000000000, 0.000000000000000000, -1.000000000000000000 ) ) ;
#4983 = ORIENTED_EDGE ( 'NONE', *, *, #8598, .T. ) ;
#4984 = AXIS2_PLACEMENT_3D ( 'NONE', #5597, #9307, #2616 ) ;
#4985 = DIRECTION ( 'NONE',  ( 0.000000000000000000, -1.000000000000000000, 0.000000000000000000 ) ) ;
#4986 = ORIENTED_EDGE ( 'NONE', *, *, #8676, .T. ) ;
#4987 = LINE ( 'NONE', #2134, #6443 ) ;
#4988 = ORIENTED_EDGE ( 'NONE', *, *, #2027, .F. ) ;
#4989 = EDGE_CURVE ( 'NONE', #8363, #6929, #11054, .T. ) ;
#4990 = CARTESIAN_POINT ( 'NONE',  ( 345.6494169741968676, -0.6745432400439187459, -85.11458333333334281 ) ) ;
#4991 = ORIENTED_EDGE ( 'NONE', *, *, #6956, .T. ) ;
#4992 = CARTESIAN_POINT ( 'NONE',  ( 0.9700000000000541522, 2.314344245309407633, 0.2847395351445458633 ) ) ;
#4993 = AXIS2_PLACEMENT_3D ( 'NONE', #11801, #4366, #4619 ) ;
#4994 = DIRECTION ( 'NONE',  ( -1.000000000000000000, -0.000000000000000000, -0.000000000000000000 ) ) ;
#4995 = ORIENTED_EDGE ( 'NONE', *, *, #10447, .F. ) ;
#4996 = CARTESIAN_POINT ( 'NONE',  ( 0.9699999999999986411, 2.466494824628933991, -0.2599725829592336446 ) ) ;
#4997 = CARTESIAN_POINT ( 'NONE',  ( 345.6494169741968676, -2.825456759956081587, -259.2528827181303654 ) ) ;
#4998 = CARTESIAN_POINT ( 'NONE',  ( 148.0308911515353998, -1.224646799147346644E-18, -56.46518781845741586 ) ) ;
#4999 = VECTOR ( 'NONE', #11060, 1000.000000000000000 ) ;
#5000 = CARTESIAN_POINT ( 'NONE',  ( 321.4999999999999432, -1.500000000000000000, -317.4174660514636912 ) ) ;
#5001 = EDGE_CURVE ( 'NONE', #1806, #2357, #811, .T. ) ;
#5002 = PLANE ( 'NONE',  #2447 ) ;
#5003 = ORIENTED_EDGE ( 'NONE', *, *, #9268, .F. ) ;
#5004 = DIRECTION ( 'NONE',  ( 6.394802481825513173E-17, -0.9514311915324672464, -0.3078614749836516840 ) ) ;
#5005 = DIRECTION ( 'NONE',  ( -5.968927584394130551E-16, -0.7714105483942449437, 0.6363377765197429925 ) ) ;
#5006 = PRODUCT_CONTEXT ( 'NONE', #12028, 'mechanical' ) ;
#5007 = CYLINDRICAL_SURFACE ( 'NONE', #923, 2.110000000000000764 ) ;
#5008 = AXIS2_PLACEMENT_3D ( 'NONE', #2953, #7738, #10608 ) ;
#5009 = VECTOR ( 'NONE', #8955, 1000.000000000000000 ) ;
#5010 = ORIENTED_EDGE ( 'NONE', *, *, #2401, .F. ) ;
#5011 = ORIENTED_EDGE ( 'NONE', *, *, #1, .F. ) ;
#5012 = LINE ( 'NONE', #3066, #9270 ) ;
#5013 = VECTOR ( 'NONE', #11329, 999.9999999999998863 ) ;
#5014 = ORIENTED_EDGE ( 'NONE', *, *, #9717, .T. ) ;
#5015 = AXIS2_PLACEMENT_3D ( 'NONE', #5911, #6883, #8762 ) ;
#5016 = EDGE_CURVE ( 'NONE', #9286, #443, #9497, .T. ) ;
#5017 = DIRECTION ( 'NONE',  ( 6.845769268624692740E-16, -5.551115123125739315E-16, -1.000000000000000000 ) ) ;
#5018 = CARTESIAN_POINT ( 'NONE',  ( 0.9843342201064364527, 2.380631412769562694, 0.2478931356767605232 ) ) ;
#5019 = ORIENTED_EDGE ( 'NONE', *, *, #2058, .F. ) ;
#5020 =( LENGTH_UNIT ( ) NAMED_UNIT ( * ) SI_UNIT ( .MILLI., .METRE. ) );
#5021 = DIRECTION ( 'NONE',  ( 0.7071067811865435759, 0.000000000000000000, 0.7071067811865514585 ) ) ;
#5022 = CARTESIAN_POINT ( 'NONE',  ( 362.9755125916353791, -1.500000000000000000, -56.46518781845741586 ) ) ;
#5023 = FACE_OUTER_BOUND ( 'NONE', #8897, .T. ) ;
#5024 = DIRECTION ( 'NONE',  ( -0.000000000000000000, -0.000000000000000000, 1.000000000000000000 ) ) ;
#5025 = LINE ( 'NONE', #5998, #8388 ) ;
#5026 = ORIENTED_EDGE ( 'NONE', *, *, #6147, .F. ) ;
#5027 = AXIS2_PLACEMENT_3D ( 'NONE', #483, #4214, #2516 ) ;
#5028 = VECTOR ( 'NONE', #7027, 1000.000000000000114 ) ;
#5029 = EDGE_CURVE ( 'NONE', #3183, #1409, #6348, .T. ) ;
#5030 = EDGE_CURVE ( 'NONE', #1824, #8363, #8230, .T. ) ;
#5031 = ORIENTED_EDGE ( 'NONE', *, *, #7071, .F. ) ;
#5032 = DIRECTION ( 'NONE',  ( -1.000000000000000000, -2.000187765493021278E-16, 7.400880780937300593E-16 ) ) ;
#5033 = ORIENTED_EDGE ( 'NONE', *, *, #9758, .F. ) ;
#5034 = ORIENTED_EDGE ( 'NONE', *, *, #7551, .T. ) ;
#5035 = DIRECTION ( 'NONE',  ( 2.483550222685513318E-16, -0.8463804217566113230, -0.5325788032461493682 ) ) ;
#5036 = LINE ( 'NONE', #3262, #406 ) ;
#5037 = VECTOR ( 'NONE', #4896, 1000.000000000000000 ) ;
#5038 = LINE ( 'NONE', #8741, #8022 ) ;
#5039 = EDGE_LOOP ( 'NONE', ( #7369, #4209, #256, #8976 ) ) ;
#5040 = CARTESIAN_POINT ( 'NONE',  ( 162.6195033353091617, -1.526943274097546377, -259.2257993847969146 ) ) ;
#5041 = EDGE_CURVE ( 'NONE', #9830, #8320, #7319, .T. ) ;
#5042 = AXIS2_PLACEMENT_3D ( 'NONE', #7807, #8728, #5933 ) ;
#5043 = EDGE_CURVE ( 'NONE', #11125, #11152, #3808, .T. ) ;
#5044 = ORIENTED_EDGE ( 'NONE', *, *, #6298, .T. ) ;
#5045 = ORIENTED_EDGE ( 'NONE', *, *, #3231, .F. ) ;
#5046 = DIRECTION ( 'NONE',  ( -0.000000000000000000, 1.000000000000000000, -0.000000000000000000 ) ) ;
#5047 = EDGE_LOOP ( 'NONE', ( #2256, #5799, #120, #9486 ) ) ;
#5048 = EDGE_CURVE ( 'NONE', #8607, #10232, #1975, .T. ) ;
#5049 = PLANE ( 'NONE',  #11139 ) ;
#5050 = EDGE_LOOP ( 'NONE', ( #5457, #9955, #2226, #2565 ) ) ;
#5051 = CARTESIAN_POINT ( 'NONE',  ( 0.9843342201064364527, 2.486652238561426476, -0.4525014031271507031 ) ) ;
#5052 = VERTEX_POINT ( 'NONE', #6408 ) ;
#5053 = VECTOR ( 'NONE', #680, 999.9999999999998863 ) ;
#5054 = DIRECTION ( 'NONE',  ( 1.431041851435017208E-16, 0.9999982027861449296, 0.001895896748269591033 ) ) ;
#5055 = CARTESIAN_POINT ( 'NONE',  ( 168.4999999999999147, -1.500000000000000000, -31.05282088253234107 ) ) ;
#5056 = VERTEX_POINT ( 'NONE', #9203 ) ;
#5057 = DIRECTION ( 'NONE',  ( -0.000000000000000000, 1.000000000000000000, -0.000000000000000000 ) ) ;
#5058 = CARTESIAN_POINT ( 'NONE',  ( 344.5000000000000000, -1.717275076525106581, -259.2403827181303768 ) ) ;
#5059 = LINE ( 'NONE', #9910, #7741 ) ;
#5060 = EDGE_CURVE ( 'NONE', #11802, #11292, #10180, .T. ) ;
#5061 = LINE ( 'NONE', #9914, #3225 ) ;
#5062 = VECTOR ( 'NONE', #288, 1000.000000000000000 ) ;
#5063 = DIRECTION ( 'NONE',  ( 6.845769268624692740E-16, -5.551115123125739315E-16, -1.000000000000000000 ) ) ;
#5064 = FACE_OUTER_BOUND ( 'NONE', #3303, .T. ) ;
#5065 = EDGE_LOOP ( 'NONE', ( #9884, #3013, #7356, #5761 ) ) ;
#5066 = LINE ( 'NONE', #6034, #1854 ) ;
#5067 = ORIENTED_EDGE ( 'NONE', *, *, #3904, .T. ) ;
#5068 = DIRECTION ( 'NONE',  ( 0.000000000000000000, 0.000000000000000000, 1.000000000000000000 ) ) ;
#5069 = CARTESIAN_POINT ( 'NONE',  ( 181.9999999999999716, -1.500000000000000000, -179.2174660514637310 ) ) ;
#5070 = VECTOR ( 'NONE', #3250, 1000.000000000000114 ) ;
#5071 = DIRECTION ( 'NONE',  ( 1.000000000000000000, 0.000000000000000000, 0.000000000000000000 ) ) ;
#5072 = ADVANCED_FACE ( 'NONE', ( #4661 ), #4470, .T. ) ;
#5073 = ORIENTED_EDGE ( 'NONE', *, *, #5524, .T. ) ;
#5074 = ORIENTED_EDGE ( 'NONE', *, *, #10827, .F. ) ;
#5075 = CARTESIAN_POINT ( 'NONE',  ( 162.7500000000000284, -3.500000000000000000, -85.15000000000000568 ) ) ;
#5076 = CIRCLE ( 'NONE', #9543, 2.000000000000001776 ) ;
#5077 = ORIENTED_EDGE ( 'NONE', *, *, #5048, .F. ) ;
#5078 = DIRECTION ( 'NONE',  ( 2.136401008211029947E-16, 0.9911185236273118981, -0.1329814728554983561 ) ) ;
#5079 = CARTESIAN_POINT ( 'NONE',  ( 0.9700000000000541522, 2.494624298165937226, 0.2021500591578295758 ) ) ;
#5080 = EDGE_LOOP ( 'NONE', ( #8604, #866, #28, #7231 ) ) ;
#5081 = CARTESIAN_POINT ( 'NONE',  ( 0.9699999999999986411, 2.523629592551035472, -0.05453024012808116439 ) ) ;
#5082 = DIRECTION ( 'NONE',  ( -0.000000000000000000, -0.000000000000000000, 1.000000000000000000 ) ) ;
#5083 = LINE ( 'NONE', #11664, #9024 ) ;
#5084 = EDGE_LOOP ( 'NONE', ( #9664, #11002 ) ) ;
#5085 = CARTESIAN_POINT ( 'NONE',  ( 345.9999999999999432, -1.500000000000000000, -324.2174660514637594 ) ) ;
#5086 = CARTESIAN_POINT ( 'NONE',  ( 168.4999999999999147, -1.224646799147346644E-18, -35.27282088253234349 ) ) ;
#5087 = PRESENTATION_LAYER_ASSIGNMENT (  '', '', ( #801 ) ) ;
#5088 = EDGE_CURVE ( 'NONE', #10602, #3343, #6943, .T. ) ;
#5089 = EDGE_CURVE ( 'NONE', #6738, #10115, #2602, .T. ) ;
#5090 = CARTESIAN_POINT ( 'NONE',  ( 189.4999999999999716, -1.500000000000000000, -179.2174660514637310 ) ) ;
#5091 = ORIENTED_EDGE ( 'NONE', *, *, #7481, .T. ) ;
#5092 = DIRECTION ( 'NONE',  ( 4.992923249691015501E-16, -0.4999999999999992228, -0.8660254037844391517 ) ) ;
#5093 = LINE ( 'NONE', #4177, #701 ) ;
#5094 = VERTEX_POINT ( 'NONE', #5626 ) ;
#5095 = ORIENTED_EDGE ( 'NONE', *, *, #7189, .T. ) ;
#5096 = CARTESIAN_POINT ( 'NONE',  ( 0.9699999999999986411, 2.497213554801619217, -0.4633155959534451807 ) ) ;
#5097 = DIRECTION ( 'NONE',  ( -0.000000000000000000, 1.000000000000000000, -0.000000000000000000 ) ) ;
#5098 = VECTOR ( 'NONE', #10828, 1000.000000000000000 ) ;
#5099 = DIRECTION ( 'NONE',  ( 7.059132076888118667E-16, -0.1498665402647731681, -0.9887062354961999588 ) ) ;
#5100 = LINE ( 'NONE', #9827, #6471 ) ;
#5101 = VERTEX_POINT ( 'NONE', #11530 ) ;
#5102 = LINE ( 'NONE', #8860, #7726 ) ;
#5103 = EDGE_CURVE ( 'NONE', #9454, #912, #5746, .T. ) ;
#5104 = CLOSED_SHELL ( 'NONE', ( #3767, #7686, #11586, #10636, #9379, #10915, #8923, #4479, #8067, #8615, #6303, #10350, #10696, #12066 ) ) ;
#5105 = AXIS2_PLACEMENT_3D ( 'NONE', #9888, #8302, #8978 ) ;
#5106 = ORIENTED_EDGE ( 'NONE', *, *, #1797, .T. ) ;
#5107 = EDGE_LOOP ( 'NONE', ( #5888, #10097, #10793, #9422 ) ) ;
#5108 = FACE_OUTER_BOUND ( 'NONE', #5471, .T. ) ;
#5109 = VERTEX_POINT ( 'NONE', #10427 ) ;
#5110 = DIRECTION ( 'NONE',  ( 1.302670539014002879E-16, 0.9998156855907742724, 0.01919882409550123167 ) ) ;
#5111 = EDGE_LOOP ( 'NONE', ( #5067, #1386, #7216, #9447 ) ) ;
#5112 = CARTESIAN_POINT ( 'NONE',  ( 344.4684465970885867, -1.624095254907275798, -85.11666666666667425 ) ) ;
#5113 = ORIENTED_EDGE ( 'NONE', *, *, #3205, .T. ) ;
#5114 = ADVANCED_FACE ( 'NONE', ( #8601, #3175 ), #3009, .T. ) ;
#5115 = AXIS2_PLACEMENT_3D ( 'NONE', #6805, #1078, #4011 ) ;
#5116 = EDGE_CURVE ( 'NONE', #8794, #6465, #8542, .T. ) ;
#5117 = DIRECTION ( 'NONE',  ( 1.000000000000000000, 2.000187765493021278E-16, -7.400880780937300593E-16 ) ) ;
#5118 = PLANE ( 'NONE',  #7344 ) ;
#5119 = CARTESIAN_POINT ( 'NONE',  ( 2.199500000017451828, -1.229499999965494084, 2.679777788554669874E-13 ) ) ;
#5120 = PRODUCT_DEFINITION ( 'UNKNOWN', '', #3967, #513 ) ;
#5121 = DIRECTION ( 'NONE',  ( -1.000000000000000000, -2.000187765493021278E-16, 7.400880780937300593E-16 ) ) ;
#5122 = VERTEX_POINT ( 'NONE', #4950 ) ;
#5123 = DIRECTION ( 'NONE',  ( 1.000000000000000000, 0.000000000000000000, 0.000000000000000000 ) ) ;
#5124 = CARTESIAN_POINT ( 'NONE',  ( 148.0308911515353998, -1.500000000000000000, -54.35518781845740932 ) ) ;
#5125 = DIRECTION ( 'NONE',  ( 0.000000000000000000, 0.000000000000000000, 1.000000000000000000 ) ) ;
#5126 = VECTOR ( 'NONE', #3615, 1000.000000000000000 ) ;
#5127 = LINE ( 'NONE', #7001, #9232 ) ;
#5128 = ORIENTED_EDGE ( 'NONE', *, *, #11631, .F. ) ;
#5129 = EDGE_CURVE ( 'NONE', #7290, #3266, #6595, .T. ) ;
#5130 = CARTESIAN_POINT ( 'NONE',  ( 206.0000000000000284, 0.000000000000000000, -264.2174660514636457 ) ) ;
#5131 = CARTESIAN_POINT ( 'NONE',  ( 148.0308911515353998, -1.500000000000000000, -54.35518781845740932 ) ) ;
#5132 = CARTESIAN_POINT ( 'NONE',  ( 161.0000000000000000, 0.000000000000000000, -324.2174660514637594 ) ) ;
#5133 = ORIENTED_EDGE ( 'NONE', *, *, #6354, .T. ) ;
#5134 = VERTEX_POINT ( 'NONE', #302 ) ;
#5135 = CARTESIAN_POINT ( 'NONE',  ( 0.9843342201064364527, 2.523239701764157239, 0.2897166630500269680 ) ) ;
#5136 = VERTEX_POINT ( 'NONE', #8655 ) ;
#5137 = CARTESIAN_POINT ( 'NONE',  ( 2.469999999999972218, -1.608496896752464878, -1.141001651006931628 ) ) ;
#5138 = DIRECTION ( 'NONE',  ( -6.845769268624693726E-16, 5.551115123125739315E-16, 1.000000000000000000 ) ) ;
#5139 = ORIENTED_EDGE ( 'NONE', *, *, #6003, .F. ) ;
#5140 = ADVANCED_FACE ( 'NONE', ( #246 ), #5007, .F. ) ;
#5141 =( NAMED_UNIT ( * ) PLANE_ANGLE_UNIT ( ) SI_UNIT ( $, .RADIAN. ) );
#5142 = CARTESIAN_POINT ( 'NONE',  ( 2.470000000000110774, 1.677594408828753103, -1.222539689753984860 ) ) ;
#5143 = DIRECTION ( 'NONE',  ( 1.000000000000000000, 2.000187765493021278E-16, -7.400880780937300593E-16 ) ) ;
#5144 = VECTOR ( 'NONE', #10698, 1000.000000000000114 ) ;
#5145 = DIRECTION ( 'NONE',  ( -1.000000000000000000, 0.000000000000000000, 0.000000000000000000 ) ) ;
#5146 = ORIENTED_EDGE ( 'NONE', *, *, #11301, .F. ) ;
#5147 = CARTESIAN_POINT ( 'NONE',  ( 0.9699999999999986411, 2.473521781208271264, -0.4638553493382935322 ) ) ;
#5148 = CARTESIAN_POINT ( 'NONE',  ( 2.450950000000035267, 2.025379290921086373, -1.076024774737269318 ) ) ;
#5149 = ORIENTED_EDGE ( 'NONE', *, *, #8466, .F. ) ;
#5150 = AXIS2_PLACEMENT_3D ( 'NONE', #6238, #5333, #9034 ) ;
#5151 = DIRECTION ( 'NONE',  ( -1.000000000000000000, -1.722632009336720063E-16, 7.400880780937477100E-16 ) ) ;
#5152 = VERTEX_POINT ( 'NONE', #4041 ) ;
#5153 = ORIENTED_EDGE ( 'NONE', *, *, #7758, .T. ) ;
#5154 = DIRECTION ( 'NONE',  ( -4.548242438785187417E-16, 0.2406903406729422046, 0.9706019575020148338 ) ) ;
#5155 = CARTESIAN_POINT ( 'NONE',  ( 189.4999999999999716, 0.000000000000000000, -194.2174660514637310 ) ) ;
#5156 = CARTESIAN_POINT ( 'NONE',  ( 500.4999999999998295, -1.500000000000001332, -62.27983018403563875 ) ) ;
#5157 = EDGE_CURVE ( 'NONE', #4123, #6307, #6663, .T. ) ;
#5158 = LINE ( 'NONE', #6120, #663 ) ;
#5159 = VECTOR ( 'NONE', #7731, 1000.000000000000000 ) ;
#5160 = DIRECTION ( 'NONE',  ( -3.935568541116142372E-16, 0.7714242457508507789, 0.6363211713181723406 ) ) ;
#5161 = PRODUCT_DEFINITION_CONTEXT ( 'detailed design', #3464, 'design' ) ;
#5162 = ORIENTED_EDGE ( 'NONE', *, *, #3386, .F. ) ;
#5163 = ORIENTED_EDGE ( 'NONE', *, *, #100, .T. ) ;
#5164 = CARTESIAN_POINT ( 'NONE',  ( 266.6723182195912614, 0.000000000000000000, -190.1763372145972824 ) ) ;
#5165 = ORIENTED_EDGE ( 'NONE', *, *, #7946, .T. ) ;
#5166 = ORIENTED_EDGE ( 'NONE', *, *, #9659, .F. ) ;
#5167 = AXIS2_PLACEMENT_3D ( 'NONE', #241, #2769, #11111 ) ;
#5168 = CARTESIAN_POINT ( 'NONE',  ( 20.00000000000001421, -1.500000000000001332, -85.00000000000002842 ) ) ;
#5169 = VERTEX_POINT ( 'NONE', #8484 ) ;
#5170 = EDGE_CURVE ( 'NONE', #1373, #1237, #9476, .T. ) ;
#5171 = CARTESIAN_POINT ( 'NONE',  ( 343.5000000000000000, -1.500000000000000444, -259.2174660514637026 ) ) ;
#5172 = DIRECTION ( 'NONE',  ( -0.000000000000000000, 1.000000000000000000, -0.000000000000000000 ) ) ;
#5173 = EDGE_LOOP ( 'NONE', ( #788, #8234, #1372, #9775, #8742, #242, #11234, #3431, #6368, #6017, #9705, #8678, #7865, #3486, #9042, #6755, #4771, #5906, #10874, #6979, #4185, #11610, #11455 ) ) ;
#5174 = CARTESIAN_POINT ( 'NONE',  ( 0.9699999999999986411, 2.521531062727372152, -0.1842807336882024138 ) ) ;
#5175 = DIRECTION ( 'NONE',  ( 1.387778780781445182E-16, 0.000000000000000000, 1.000000000000000000 ) ) ;
#5176 = VECTOR ( 'NONE', #10964, 1000.000000000000000 ) ;
#5177 = CARTESIAN_POINT ( 'NONE',  ( 0.9843342201064364527, 2.092235504760731057, -1.201323651667252079E-06 ) ) ;
#5178 = ADVANCED_FACE ( 'NONE', ( #2092 ), #3120, .T. ) ;
#5179 = CARTESIAN_POINT ( 'NONE',  ( 0.9843342201064364527, 2.409391591991022707, 0.1445703570425588280 ) ) ;
#5180 = EDGE_CURVE ( 'NONE', #1208, #9326, #7618, .T. ) ;
#5181 = DIRECTION ( 'NONE',  ( 0.000000000000000000, 0.000000000000000000, -1.000000000000000000 ) ) ;
#5182 = LINE ( 'NONE', #9735, #7026 ) ;
#5183 = AXIS2_PLACEMENT_3D ( 'NONE', #7019, #10741, #2408 ) ;
#5184 = DIRECTION ( 'NONE',  ( 0.000000000000000000, -1.000000000000000000, 0.000000000000000000 ) ) ;
#5185 = ORIENTED_EDGE ( 'NONE', *, *, #7178, .T. ) ;
#5186 = LINE ( 'NONE', #4274, #8752 ) ;
#5187 = DIRECTION ( 'NONE',  ( 0.000000000000000000, 0.000000000000000000, -1.000000000000000000 ) ) ;
#5188 = FACE_OUTER_BOUND ( 'NONE', #3034, .T. ) ;
#5189 = CARTESIAN_POINT ( 'NONE',  ( 178.6688394328960499, -1.500000000000000000, -208.4456223450676475 ) ) ;
#5190 = VECTOR ( 'NONE', #5046, 1000.000000000000000 ) ;
#5191 = EDGE_CURVE ( 'NONE', #4418, #5713, #11359, .T. ) ;
#5192 = VERTEX_POINT ( 'NONE', #7796 ) ;
#5193 = ORIENTED_EDGE ( 'NONE', *, *, #3620, .F. ) ;
#5194 = CARTESIAN_POINT ( 'NONE',  ( 0.9699999999999986411, 2.500674538437719363, -0.4614095828219255679 ) ) ;
#5195 = CARTESIAN_POINT ( 'NONE',  ( 230.8265096880607530, 0.000000000000000000, -208.4456223450676475 ) ) ;
#5196 = CARTESIAN_POINT ( 'NONE',  ( 338.9999999999999432, 0.000000000000000000, -194.2174660514637310 ) ) ;
#5197 = VERTEX_POINT ( 'NONE', #6719 ) ;
#5198 = FACE_OUTER_BOUND ( 'NONE', #8533, .T. ) ;
#5199 = DIRECTION ( 'NONE',  ( 6.845769268624692740E-16, -5.551115123125739315E-16, -1.000000000000000000 ) ) ;
#5200 = VECTOR ( 'NONE', #10493, 999.9999999999998863 ) ;
#5201 = FACE_BOUND ( 'NONE', #6507, .T. ) ;
#5202 = DIRECTION ( 'NONE',  ( -1.000000000000000000, -1.722632009336724254E-16, 4.070211707061878303E-16 ) ) ;
#5203 = VERTEX_POINT ( 'NONE', #1232 ) ;
#5204 = DIRECTION ( 'NONE',  ( 4.619824724853993812E-16, 0.8660254037844352659, -0.5000000000000058842 ) ) ;
#5205 = DIRECTION ( 'NONE',  ( -1.000000000000000000, -2.000187765493021278E-16, 7.400880780937300593E-16 ) ) ;
#5206 = PRODUCT_DEFINITION_SHAPE ( 'NONE', 'NONE',  #12089 ) ;
#5207 = DIRECTION ( 'NONE',  ( -0.000000000000000000, -0.000000000000000000, 1.000000000000000000 ) ) ;
#5208 = VECTOR ( 'NONE', #6749, 1000.000000000000000 ) ;
#5209 = EDGE_CURVE ( 'NONE', #4929, #11412, #5805, .T. ) ;
#5210 = ORIENTED_EDGE ( 'NONE', *, *, #6006, .T. ) ;
#5211 = VECTOR ( 'NONE', #9863, 1000.000000000000000 ) ;
#5212 = DIRECTION ( 'NONE',  ( 1.000000000000000000, 0.000000000000000000, -1.185034407704261130E-16 ) ) ;
#5213 = EDGE_LOOP ( 'NONE', ( #1355, #2975, #9352, #5026 ) ) ;
#5214 = CARTESIAN_POINT ( 'NONE',  ( 299.4999999999999432, 0.000000000000000000, -253.2174660514637310 ) ) ;
#5215 = CARTESIAN_POINT ( 'NONE',  ( 305.0000000000000568, 0.000000000000000000, -179.2174660514637310 ) ) ;
#5216 = LINE ( 'NONE', #6863, #10983 ) ;
#5217 = VECTOR ( 'NONE', #10445, 1000.000000000000114 ) ;
#5218 = CIRCLE ( 'NONE', #3265, 2.000000000000001776 ) ;
#5219 = DIRECTION ( 'NONE',  ( -0.000000000000000000, 1.000000000000000000, -0.000000000000000000 ) ) ;
#5220 = EDGE_CURVE ( 'NONE', #7742, #593, #3477, .T. ) ;
#5221 = ORIENTED_EDGE ( 'NONE', *, *, #4339, .F. ) ;
#5222 = EDGE_CURVE ( 'NONE', #10382, #9414, #2156, .T. ) ;
#5223 = VERTEX_POINT ( 'NONE', #6836 ) ;
#5224 = CARTESIAN_POINT ( 'NONE',  ( 0.9699999999999986411, 2.521531062727372152, -0.1294380075608364544 ) ) ;
#5225 = AXIS2_PLACEMENT_3D ( 'NONE', #3407, #8817, #7116 ) ;
#5227 = ORIENTED_EDGE ( 'NONE', *, *, #6860, .T. ) ;
#5226 = VECTOR ( 'NONE', #1668, 1000.000000000000000 ) ;
#5228 = CARTESIAN_POINT ( 'NONE',  ( 108.0308911515353856, 0.000000000000000000, -54.35518781845740932 ) ) ;
#5229 = EDGE_LOOP ( 'NONE', ( #3100, #5520, #6035, #3533 ) ) ;
#5230 = DIRECTION ( 'NONE',  ( 6.845769268624693726E-16, -5.551115123125739315E-16, -1.000000000000000000 ) ) ;
#5231 = DIRECTION ( 'NONE',  ( 6.193382601542251071E-16, -0.05089991897257698655, -0.9987037590039326007 ) ) ;
#5232 = EDGE_LOOP ( 'NONE', ( #11693, #11885, #672, #8649 ) ) ;
#5233 = DIRECTION ( 'NONE',  ( 0.000000000000000000, 1.000000000000000000, 0.000000000000000000 ) ) ;
#5234 = ORIENTED_EDGE ( 'NONE', *, *, #5882, .F. ) ;
#5235 = FACE_OUTER_BOUND ( 'NONE', #5240, .T. ) ;
#5236 = VECTOR ( 'NONE', #6335, 1000.000000000000000 ) ;
#5237 = CARTESIAN_POINT ( 'NONE',  ( 0.9843342201063809416, 2.494238536142306728, -0.4649539812289077423 ) ) ;
#5238 = DIRECTION ( 'NONE',  ( -6.845769268624692740E-16, 5.551115123125739315E-16, 1.000000000000000000 ) ) ;
#5239 = EDGE_CURVE ( 'NONE', #11268, #12064, #5862, .T. ) ;
#5240 = EDGE_LOOP ( 'NONE', ( #11966, #870, #8060, #8474 ) ) ;
#5241 = EDGE_CURVE ( 'NONE', #5811, #7626, #361, .T. ) ;
#5242 = PRESENTATION_STYLE_ASSIGNMENT (( #10721 ) ) ;
#5243 = LINE ( 'NONE', #599, #9669 ) ;
#5244 = FILL_AREA_STYLE_COLOUR ( '', #3524 ) ;
#5245 = VECTOR ( 'NONE', #2842, 1000.000000000000000 ) ;
#5246 = LINE ( 'NONE', #6210, #9618 ) ;
#5247 = ORIENTED_EDGE ( 'NONE', *, *, #11576, .F. ) ;
#5248 = DIRECTION ( 'NONE',  ( -0.000000000000000000, -1.000000000000000000, -0.000000000000000000 ) ) ;
#5249 = ADVANCED_FACE ( 'NONE', ( #4212 ), #11710, .T. ) ;
#5250 = FACE_OUTER_BOUND ( 'NONE', #10500, .T. ) ;
#5251 = CARTESIAN_POINT ( 'NONE',  ( 0.9699999999999986411, 2.463272841927127921, -0.4569093234565585471 ) ) ;
#5252 = CARTESIAN_POINT ( 'NONE',  ( 0.9843342201064364527, 2.463368113483577204, -0.4569185739850128991 ) ) ;
#5253 = AXIS2_PLACEMENT_3D ( 'NONE', #6832, #9386, #7735 ) ;
#5254 = VERTEX_POINT ( 'NONE', #481 ) ;
#5255 = CARTESIAN_POINT ( 'NONE',  ( 216.4999999999999716, 0.000000000000000000, -179.2174660514637310 ) ) ;
#5256 = DIRECTION ( 'NONE',  ( -1.000000000000000000, -0.000000000000000000, -0.000000000000000000 ) ) ;
#5257 = CARTESIAN_POINT ( 'NONE',  ( 0.9843342201064364527, 2.314344245309463144, 0.2847395351444903522 ) ) ;
#5258 = ORIENTED_EDGE ( 'NONE', *, *, #9367, .F. ) ;
#5259 = AXIS2_PLACEMENT_3D ( 'NONE', #2052, #3998, #7693 ) ;
#5260 = CARTESIAN_POINT ( 'NONE',  ( 344.4730567259024383, -1.880496664690820774, -259.2507993847970624 ) ) ;
#5261 = CARTESIAN_POINT ( 'NONE',  ( 338.5000000000000568, -1.500000000000000000, -139.7028208825323645 ) ) ;
#5262 = DIRECTION ( 'NONE',  ( 0.000000000000000000, 0.000000000000000000, -1.000000000000000000 ) ) ;
#5263 = CARTESIAN_POINT ( 'NONE',  ( 108.0308911515353856, 0.000000000000000000, -54.35518781845740932 ) ) ;
#5264 = EDGE_CURVE ( 'NONE', #9536, #7105, #6097, .T. ) ;
#5265 = EDGE_CURVE ( 'NONE', #4187, #10917, #7161, .T. ) ;
#5266 = CARTESIAN_POINT ( 'NONE',  ( 0.9699999999999986411, 2.483238627135203380, -0.4169470231356791623 ) ) ;
#5267 = DIRECTION ( 'NONE',  ( -7.400880780937299607E-16, -5.551115123125742273E-16, -1.000000000000000000 ) ) ;
#5268 = PRODUCT_DEFINITION ( 'UNKNOWN', '', #10763, #7948 ) ;
#5269 = CARTESIAN_POINT ( 'NONE',  ( 5.000000000000000000, -1.500000000000000000, -40.00000000000000000 ) ) ;
#5270 = VECTOR ( 'NONE', #9801, 999.9999999999998863 ) ;
#5271 = VERTEX_POINT ( 'NONE', #2514 ) ;
#5272 = LINE ( 'NONE', #4474, #10639 ) ;
#5273 = ORIENTED_EDGE ( 'NONE', *, *, #7299, .T. ) ;
#5274 = CARTESIAN_POINT ( 'NONE',  ( 2.199500000017450940, 1.229499999965216528, 2.595287281642485474E-13 ) ) ;
#5275 = DIRECTION ( 'NONE',  ( -0.000000000000000000, 1.000000000000000000, -0.000000000000000000 ) ) ;
#5276 = DIRECTION ( 'NONE',  ( -0.000000000000000000, -1.000000000000000000, -0.000000000000000000 ) ) ;
#5277 = VECTOR ( 'NONE', #567, 1000.000000000000114 ) ;
#5278 = EDGE_CURVE ( 'NONE', #10400, #10579, #8037, .T. ) ;
#5279 = DIRECTION ( 'NONE',  ( 3.329159345957562891E-17, 0.9829615588624287525, 0.1838112450280010857 ) ) ;
#5280 = CARTESIAN_POINT ( 'NONE',  ( 0.9700000000000541522, 2.453637029193628472, 0.1626438018062364987 ) ) ;
#5281 = CARTESIAN_POINT ( 'NONE',  ( 2.450950000000007289, -2.023130304122683576, -1.531436993182061501 ) ) ;
#5282 = ORIENTED_EDGE ( 'NONE', *, *, #11576, .T. ) ;
#5283 = VERTEX_POINT ( 'NONE', #11647 ) ;
#5284 = DIRECTION ( 'NONE',  ( -0.000000000000000000, -0.000000000000000000, 1.000000000000000000 ) ) ;
#5285 = VECTOR ( 'NONE', #4575, 1000.000000000000000 ) ;
#5286 = ORIENTED_EDGE ( 'NONE', *, *, #1353, .T. ) ;
#5287 = LINE ( 'NONE', #11687, #6452 ) ;
#5288 = VERTEX_POINT ( 'NONE', #3362 ) ;
#5289 = FILL_AREA_STYLE ('',( #3458 ) ) ;
#5290 = DIRECTION ( 'NONE',  ( 0.000000000000000000, 1.000000000000000000, 6.123233995736766036E-17 ) ) ;
#5291 = ORIENTED_EDGE ( 'NONE', *, *, #11617, .F. ) ;
#5292 = EDGE_CURVE ( 'NONE', #2403, #7553, #11769, .T. ) ;
#5293 = FACE_OUTER_BOUND ( 'NONE', #117, .T. ) ;
#5294 = ORIENTED_EDGE ( 'NONE', *, *, #2598, .F. ) ;
#5295 = VECTOR ( 'NONE', #5467, 1000.000000000000114 ) ;
#5296 = DIRECTION ( 'NONE',  ( 7.400880780937299607E-16, 5.551115123125742273E-16, 1.000000000000000000 ) ) ;
#5297 = PLANE ( 'NONE',  #5591 ) ;
#5298 = LINE ( 'NONE', #409, #7557 ) ;
#5299 = ORIENTED_EDGE ( 'NONE', *, *, #2493, .T. ) ;
#5300 = CARTESIAN_POINT ( 'NONE',  ( 0.9699999999999986411, 2.483238627135203380, -0.4477264981799095045 ) ) ;
#5301 = AXIS2_PLACEMENT_3D ( 'NONE', #892, #12049, #4618 ) ;
#5302 = CARTESIAN_POINT ( 'NONE',  ( 216.4999999999999716, -1.500000000000000000, -179.2174660514637310 ) ) ;
#5303 = AXIS2_PLACEMENT_3D ( 'NONE', #677, #616, #6342 ) ;
#5304 = CARTESIAN_POINT ( 'NONE',  ( 181.5000000000000284, -1.500000000000000000, -319.2174660514637026 ) ) ;
#5305 = ORIENTED_EDGE ( 'NONE', *, *, #5483, .T. ) ;
#5306 = PLANE ( 'NONE',  #8151 ) ;
#5307 = CARTESIAN_POINT ( 'NONE',  ( 168.4999999999999147, 0.000000000000000000, -141.8128208825323497 ) ) ;
#5308 = EDGE_CURVE ( 'NONE', #639, #10653, #3298, .T. ) ;
#5309 = CARTESIAN_POINT ( 'NONE',  ( 0.9843342201064364527, 2.300047294175100454, 0.1574800423556066420 ) ) ;
#5310 = DIRECTION ( 'NONE',  ( 0.000000000000000000, 0.000000000000000000, -1.000000000000000000 ) ) ;
#5311 = DIRECTION ( 'NONE',  ( -1.590523153858629728E-16, -0.000000000000000000, -1.000000000000000000 ) ) ;
#5312 = VECTOR ( 'NONE', #5891, 1000.000000000000114 ) ;
#5313 = VERTEX_POINT ( 'NONE', #9681 ) ;
#5314 = EDGE_LOOP ( 'NONE', ( #7090, #2015, #4924, #3000, #11170, #5044, #4307, #8516, #6908, #1966, #8249, #3670 ) ) ;
#5315 = VECTOR ( 'NONE', #200, 1000.000000000000000 ) ;
#5316 = CARTESIAN_POINT ( 'NONE',  ( 0.9699999999999986411, 2.374112209464901646, 0.01740461005357574198 ) ) ;
#5317 = LINE ( 'NONE', #803, #1656 ) ;
#5318 = CARTESIAN_POINT ( 'NONE',  ( 5.689939657365778001E-11, -1.499999999964546804, 5.245803791229815487E-15 ) ) ;
#5319 = ORIENTED_EDGE ( 'NONE', *, *, #2058, .T. ) ;
#5320 = LINE ( 'NONE', #3184, #9986 ) ;
#5321 = CARTESIAN_POINT ( 'NONE',  ( 181.9999999999999716, 0.000000000000000000, -179.2174660514637310 ) ) ;
#5322 = CARTESIAN_POINT ( 'NONE',  ( 201.0000000000001137, -84.71658488546623289, -329.2174660514637594 ) ) ;
#5323 = EDGE_CURVE ( 'NONE', #1646, #10590, #11047, .T. ) ;
#5324 = CARTESIAN_POINT ( 'NONE',  ( 162.7500000000000284, -1.500000000000000000, -85.00000000000001421 ) ) ;
#5325 = DIRECTION ( 'NONE',  ( -1.066020076567996562E-16, 0.8682403210875346833, 0.4961438751388700941 ) ) ;
#5326 =( GEOMETRIC_REPRESENTATION_CONTEXT ( 3 ) GLOBAL_UNCERTAINTY_ASSIGNED_CONTEXT ( ( #1868 ) ) GLOBAL_UNIT_ASSIGNED_CONTEXT ( ( #2213, #3008, #5918 ) ) REPRESENTATION_CONTEXT ( 'NONE', 'WORKASPACE' ) );
#5327 = CARTESIAN_POINT ( 'NONE',  ( 0.9700000000000541522, 1.737768876015038932, 0.1974452814341859375 ) ) ;
#5328 = ORIENTED_EDGE ( 'NONE', *, *, #9418, .T. ) ;
#5329 = EDGE_CURVE ( 'NONE', #11125, #6016, #10729, .T. ) ;
#5330 = DIRECTION ( 'NONE',  ( 1.445076253180192051E-16, 1.000000000000000000, -2.553512956637819811E-15 ) ) ;
#5331 = ADVANCED_FACE ( 'NONE', ( #5250 ), #8954, .F. ) ;
#5332 = ORIENTED_EDGE ( 'NONE', *, *, #4585, .F. ) ;
#5333 = DIRECTION ( 'NONE',  ( -1.000000000000000000, 0.000000000000000000, 0.000000000000000000 ) ) ;
#5334 = DIRECTION ( 'NONE',  ( 7.400880780937299607E-16, 5.551115123125742273E-16, 1.000000000000000000 ) ) ;
#5335 = EDGE_LOOP ( 'NONE', ( #5618, #8585, #9321, #4805 ) ) ;
#5336 = DIRECTION ( 'NONE',  ( 6.845769268624742044E-16, -2.886579864025370717E-15, -1.000000000000000000 ) ) ;
#5337 = PRESENTATION_LAYER_ASSIGNMENT (  '', '', ( #6499 ) ) ;
#5338 = DIRECTION ( 'NONE',  ( 1.000000000000000000, 0.000000000000000000, -0.000000000000000000 ) ) ;
#5339 = VECTOR ( 'NONE', #3682, 1000.000000000000000 ) ;
#5340 = ORIENTED_EDGE ( 'NONE', *, *, #11591, .F. ) ;
#5341 = DIRECTION ( 'NONE',  ( 6.845769268624692740E-16, -5.551115123125739315E-16, -1.000000000000000000 ) ) ;
#5342 = FACE_OUTER_BOUND ( 'NONE', #4053, .T. ) ;
#5343 = VERTEX_POINT ( 'NONE', #9803 ) ;
#5344 = EDGE_CURVE ( 'NONE', #2125, #11505, #1469, .T. ) ;
#5345 = ORIENTED_EDGE ( 'NONE', *, *, #2027, .T. ) ;
#5346 = DIRECTION ( 'NONE',  ( -0.000000000000000000, -1.000000000000000000, -0.000000000000000000 ) ) ;
#5347 = ORIENTED_EDGE ( 'NONE', *, *, #5043, .T. ) ;
#5348 = AXIS2_PLACEMENT_3D ( 'NONE', #2102, #5812, #4906 ) ;
#5349 = CARTESIAN_POINT ( 'NONE',  ( 0.9843342201064364527, 2.219308366003841293, -0.05453024012809504217 ) ) ;
#5350 = FACE_OUTER_BOUND ( 'NONE', #10908, .T. ) ;
#5351 = ORIENTED_EDGE ( 'NONE', *, *, #9367, .T. ) ;
#5352 = DIRECTION ( 'NONE',  ( -0.7071067811865475727, -0.000000000000000000, -0.7071067811865475727 ) ) ;
#5353 = ORIENTED_EDGE ( 'NONE', *, *, #1353, .F. ) ;
#5354 = CARTESIAN_POINT ( 'NONE',  ( 162.7500000000000284, -1.984850000000000225, -259.2674660514636571 ) ) ;
#5355 = CARTESIAN_POINT ( 'NONE',  ( 344.3943262971861259, -1.937801757937212876, -259.2570493847970283 ) ) ;
#5356 = LINE ( 'NONE', #2746, #8924 ) ;
#5357 = EDGE_LOOP ( 'NONE', ( #2220, #11248, #2159, #8299 ) ) ;
#5358 = AXIS2_PLACEMENT_3D ( 'NONE', #4151, #416, #1462 ) ;
#5359 = CARTESIAN_POINT ( 'NONE',  ( 296.0000000000000568, 0.000000000000000000, -194.2174660514637310 ) ) ;
#5360 = EDGE_CURVE ( 'NONE', #6431, #6804, #9921, .T. ) ;
#5361 = CYLINDRICAL_SURFACE ( 'NONE', #8325, 2.110000000000000764 ) ;
#5362 = DIRECTION ( 'NONE',  ( -0.000000000000000000, -0.000000000000000000, 1.000000000000000000 ) ) ;
#5363 = ORIENTED_EDGE ( 'NONE', *, *, #9996, .F. ) ;
#5364 = DIRECTION ( 'NONE',  ( -3.770112698009147343E-16, -0.9450420697512519341, 0.3269487519478700421 ) ) ;
#5365 = VERTEX_POINT ( 'NONE', #2333 ) ;
#5366 = DIRECTION ( 'NONE',  ( 0.000000000000000000, 1.000000000000000000, 6.123233995736766036E-17 ) ) ;
#5367 = DIRECTION ( 'NONE',  ( 0.000000000000000000, 6.123233995736766036E-17, -1.000000000000000000 ) ) ;
#5368 = CARTESIAN_POINT ( 'NONE',  ( 0.9843342201064364527, 2.419158929571618710, 0.2709282273876956193 ) ) ;
#5369 = LINE ( 'NONE', #9978, #9868 ) ;
#5370 = EDGE_CURVE ( 'NONE', #10571, #11832, #7135, .T. ) ;
#5371 = EDGE_LOOP ( 'NONE', ( #8697, #8958, #3011, #9721, #7608, #1838, #2777, #1268, #10821, #8943, #2422, #1985 ) ) ;
#5372 = AXIS2_PLACEMENT_3D ( 'NONE', #8578, #8633, #7952 ) ;
#5373 = ADVANCED_FACE ( 'NONE', ( #2397 ), #6038, .F. ) ;
#5374 = DIRECTION ( 'NONE',  ( -0.000000000000000000, -1.000000000000000000, -0.000000000000000000 ) ) ;
#5375 = CARTESIAN_POINT ( 'NONE',  ( 162.5269432740976470, -1.880496664690820774, -85.13333333333336839 ) ) ;
#5376 = CARTESIAN_POINT ( 'NONE',  ( 402.9755125916354359, 0.000000000000000000, -54.35518781845740932 ) ) ;
#5377 = VERTEX_POINT ( 'NONE', #8830 ) ;
#5378 = PLANE ( 'NONE',  #1059 ) ;
#5379 = DIRECTION ( 'NONE',  ( 0.000000000000000000, 0.000000000000000000, 1.000000000000000000 ) ) ;
#5380 = CYLINDRICAL_SURFACE ( 'NONE', #11552, 0.07202382437763348022 ) ;
#5381 = DIRECTION ( 'NONE',  ( -4.992923249690979017E-16, 0.5000000000000058842, 0.8660254037844352659 ) ) ;
#5382 = DIRECTION ( 'NONE',  ( -1.000000000000000000, -1.722632009336720063E-16, 7.400880780937477100E-16 ) ) ;
#5383 = AXIS2_PLACEMENT_3D ( 'NONE', #4742, #8442, #10333 ) ;
#5384 = ORIENTED_EDGE ( 'NONE', *, *, #8866, .T. ) ;
#5385 = EDGE_CURVE ( 'NONE', #2524, #10158, #4275, .T. ) ;
#5386 = CARTESIAN_POINT ( 'NONE',  ( 161.3385880231672616, -2.834674960755706241, -85.13541666666669983 ) ) ;
#5387 = ORIENTED_EDGE ( 'NONE', *, *, #11561, .F. ) ;
#5388 = AXIS2_PLACEMENT_3D ( 'NONE', #1354, #11478, #4102 ) ;
#5389 = DIRECTION ( 'NONE',  ( -1.000000000000000000, -0.000000000000000000, -0.000000000000000000 ) ) ;
#5390 = CARTESIAN_POINT ( 'NONE',  ( 0.9699999999999986411, 2.472612739809865179, -0.4539502272925405313 ) ) ;
#5391 = DIRECTION ( 'NONE',  ( 0.7071067811865514585, 0.000000000000000000, -0.7071067811865435759 ) ) ;
#5392 = CARTESIAN_POINT ( 'NONE',  ( 164.3750000000000284, -3.500000000000000000, -259.2674660514636571 ) ) ;
#5393 = ADVANCED_FACE ( 'NONE', ( #9010 ), #6942, .T. ) ;
#5394 = LINE ( 'NONE', #1680, #9496 ) ;
#5395 = EDGE_CURVE ( 'NONE', #8318, #6422, #3481, .T. ) ;
#5396 = AXIS2_PLACEMENT_3D ( 'NONE', #1348, #1528, #7005 ) ;
#5397 = VECTOR ( 'NONE', #175, 999.9999999999998863 ) ;
#5398 = EDGE_LOOP ( 'NONE', ( #9528, #5528, #2684, #9598 ) ) ;
#5399 = ADVANCED_FACE ( 'NONE', ( #4644 ), #11892, .F. ) ;
#5400 = ORIENTED_EDGE ( 'NONE', *, *, #9574, .T. ) ;
#5401 = CARTESIAN_POINT ( 'NONE',  ( 5.000000000000004441, -3.500000000000000000, -1.749999999999999778 ) ) ;
#5402 = EDGE_LOOP ( 'NONE', ( #11775, #9406, #7695, #6311 ) ) ;
#5403 = ORIENTED_EDGE ( 'NONE', *, *, #7165, .F. ) ;
#5404 = CARTESIAN_POINT ( 'NONE',  ( 0.9699999999999986411, 2.485296480058463153, -0.4417785858740752580 ) ) ;
#5405 = CIRCLE ( 'NONE', #6769, 2.110000000000000764 ) ;
#5406 = VECTOR ( 'NONE', #4324, 1000.000000000000000 ) ;
#5407 = FACE_OUTER_BOUND ( 'NONE', #6773, .T. ) ;
#5408 = DIRECTION ( 'NONE',  ( 6.845769268624693726E-16, -5.551115123125739315E-16, -1.000000000000000000 ) ) ;
#5409 = EDGE_LOOP ( 'NONE', ( #1137, #3643, #1116, #839 ) ) ;
#5410 = ORIENTED_EDGE ( 'NONE', *, *, #789, .T. ) ;
#5411 = ADVANCED_FACE ( 'NONE', ( #11163 ), #6456, .T. ) ;
#5412 = CARTESIAN_POINT ( 'NONE',  ( 162.7500000000000284, -3.500000000000000000, -259.2674660514636571 ) ) ;
#5413 = EDGE_CURVE ( 'NONE', #4138, #8139, #11101, .T. ) ;
#5414 = DIRECTION ( 'NONE',  ( 0.000000000000000000, -1.000000000000000000, 0.000000000000000000 ) ) ;
#5415 = VECTOR ( 'NONE', #4278, 1000.000000000000000 ) ;
#5416 = CIRCLE ( 'NONE', #2513, 1.800000000000023803 ) ;
#5417 = ORIENTED_EDGE ( 'NONE', *, *, #6121, .F. ) ;
#5418 = EDGE_CURVE ( 'NONE', #723, #6922, #1709, .T. ) ;
#5419 = LINE ( 'NONE', #8147, #10816 ) ;
#5420 = EDGE_LOOP ( 'NONE', ( #3197, #8736, #9541, #11733 ) ) ;
#5421 = CARTESIAN_POINT ( 'NONE',  ( 2.470000000016624675, 1.953053935977193202E-13, 1.499999999964902297 ) ) ;
#5422 = DIRECTION ( 'NONE',  ( -1.000000000000000000, -1.722632009336720063E-16, 7.400880780937477100E-16 ) ) ;
#5423 = ORIENTED_EDGE ( 'NONE', *, *, #749, .F. ) ;
#5424 = CARTESIAN_POINT ( 'NONE',  ( 293.4999999999999432, -1.500000000000000000, -293.4999999999999432 ) ) ;
#5425 = VERTEX_POINT ( 'NONE', #4708 ) ;
#5426 = VECTOR ( 'NONE', #11876, 1000.000000000000000 ) ;
#5427 = DIRECTION ( 'NONE',  ( -1.000000000000000000, -1.722632009336720063E-16, 7.400880780937477100E-16 ) ) ;
#5428 = FILL_AREA_STYLE ('',( #1588 ) ) ;
#5429 = DIRECTION ( 'NONE',  ( 3.039443235083193347E-17, 0.9822529701818395464, 0.1875609302838795178 ) ) ;
#5430 = ADVANCED_FACE ( 'NONE', ( #3665 ), #796, .T. ) ;
#5431 = PLANE ( 'NONE',  #10647 ) ;
#5432 = DIRECTION ( 'NONE',  ( 0.000000000000000000, 0.000000000000000000, -1.000000000000000000 ) ) ;
#5433 = VECTOR ( 'NONE', #11391, 1000.000000000000000 ) ;
#5434 = ORIENTED_EDGE ( 'NONE', *, *, #1015, .T. ) ;
#5435 = DIRECTION ( 'NONE',  ( -7.054589166432185917E-16, 5.551115123125740301E-16, 1.000000000000000000 ) ) ;
#5436 = DIRECTION ( 'NONE',  ( -0.000000000000000000, 1.000000000000000000, -0.000000000000000000 ) ) ;
#5437 = DIRECTION ( 'NONE',  ( 1.000000000000000000, -0.000000000000000000, 0.000000000000000000 ) ) ;
#5438 = ORIENTED_EDGE ( 'NONE', *, *, #1813, .T. ) ;
#5439 = DIRECTION ( 'NONE',  ( 0.000000000000000000, 0.000000000000000000, -1.000000000000000000 ) ) ;
#5440 = DIRECTION ( 'NONE',  ( 1.000000000000000000, -0.000000000000000000, 0.000000000000000000 ) ) ;
#5441 = LINE ( 'NONE', #10242, #6688 ) ;
#5442 = VECTOR ( 'NONE', #9314, 1000.000000000000000 ) ;
#5443 = DIRECTION ( 'NONE',  ( -6.845769268624692740E-16, 5.551115123125739315E-16, 1.000000000000000000 ) ) ;
#5444 = LINE ( 'NONE', #1607, #7602 ) ;
#5445 = EDGE_CURVE ( 'NONE', #2835, #410, #8132, .T. ) ;
#5446 = CARTESIAN_POINT ( 'NONE',  ( 343.5000000000000000, 0.000000000000000000, 0.000000000000000000 ) ) ;
#5447 = ORIENTED_EDGE ( 'NONE', *, *, #1245, .F. ) ;
#5448 = CARTESIAN_POINT ( 'NONE',  ( 0.9843342201063809416, 2.490921390337408337, -0.4417785858742834249 ) ) ;
#5449 = AXIS2_PLACEMENT_3D ( 'NONE', #10290, #9551, #9432 ) ;
#5450 = ORIENTED_EDGE ( 'NONE', *, *, #4264, .F. ) ;
#5451 = DIRECTION ( 'NONE',  ( 1.445076253180192051E-16, 1.000000000000000000, -2.553512956637819811E-15 ) ) ;
#5452 = CARTESIAN_POINT ( 'NONE',  ( 0.9699999999999986411, 2.472234731469206803, -0.4540512461818004830 ) ) ;
#5453 = CARTESIAN_POINT ( 'NONE',  ( 0.9843342201063809416, 2.481543631422500340, -0.4482944105907438193 ) ) ;
#5454 = CARTESIAN_POINT ( 'NONE',  ( 0.9700000000000541522, 2.375141406468856076, 0.2468665188329749460 ) ) ;
#5455 = CARTESIAN_POINT ( 'NONE',  ( 210.8265096880607814, -1.500000000000000000, -228.4456223450676191 ) ) ;
#5456 = EDGE_CURVE ( 'NONE', #6746, #5197, #12075, .T. ) ;
#5457 = ORIENTED_EDGE ( 'NONE', *, *, #11298, .T. ) ;
#5458 = ADVANCED_FACE ( 'NONE', ( #3733 ), #10100, .F. ) ;
#5459 = CARTESIAN_POINT ( 'NONE',  ( 207.5000000000000000, 0.000000000000000000, -194.2174660514637310 ) ) ;
#5460 = VECTOR ( 'NONE', #9935, 1000.000000000000000 ) ;
#5461 = DIRECTION ( 'NONE',  ( 5.445130630951742416E-17, -0.9552156769289564808, -0.2959104772547865303 ) ) ;
#5462 = ORIENTED_EDGE ( 'NONE', *, *, #10607, .F. ) ;
#5463 = LINE ( 'NONE', #9159, #4729 ) ;
#5464 = CARTESIAN_POINT ( 'NONE',  ( 0.9700000000000541522, 2.215529865583987235, 0.2851907763934818929 ) ) ;
#5465 = EDGE_LOOP ( 'NONE', ( #3460, #4410 ) ) ;
#5466 = VERTEX_POINT ( 'NONE', #2759 ) ;
#5467 = DIRECTION ( 'NONE',  ( 7.397930517278999036E-16, -0.001706393916686081919, -0.9999985441088407034 ) ) ;
#5468 = AXIS2_PLACEMENT_3D ( 'NONE', #695, #3699, #11189 ) ;
#5469 = CARTESIAN_POINT ( 'NONE',  ( 0.9699999999999986411, 2.478836439541054482, -0.4436910978696390062 ) ) ;
#5470 = ORIENTED_EDGE ( 'NONE', *, *, #10807, .T. ) ;
#5471 = EDGE_LOOP ( 'NONE', ( #9272, #5340, #1626, #207 ) ) ;
#5472 = EDGE_CURVE ( 'NONE', #1646, #7247, #7243, .T. ) ;
#5473 = CARTESIAN_POINT ( 'NONE',  ( 162.5212625168844909, -1.688528509358223184, -259.2382993847970170 ) ) ;
#5474 = CARTESIAN_POINT ( 'NONE',  ( 0.9843342201064364527, 2.489954509273251126, -0.4551746698936293134 ) ) ;
#5475 = VECTOR ( 'NONE', #9488, 1000.000000000000000 ) ;
#5476 = ORIENTED_EDGE ( 'NONE', *, *, #3386, .T. ) ;
#5477 = DIRECTION ( 'NONE',  ( 0.000000000000000000, 0.000000000000000000, 1.000000000000000000 ) ) ;
#5478 = ORIENTED_EDGE ( 'NONE', *, *, #2585, .F. ) ;
#5479 = DIRECTION ( 'NONE',  ( 0.000000000000000000, 0.000000000000000000, 1.000000000000000000 ) ) ;
#5480 = EDGE_CURVE ( 'NONE', #4500, #11412, #3536, .T. ) ;
#5481 = CARTESIAN_POINT ( 'NONE',  ( 0.9699999999999986411, 2.503303842999543782, -0.4528350302195616184 ) ) ;
#5482 = VERTEX_POINT ( 'NONE', #4519 ) ;
#5483 = EDGE_CURVE ( 'NONE', #7103, #8180, #10912, .T. ) ;
#5484 = FACE_OUTER_BOUND ( 'NONE', #2667, .T. ) ;
#5485 = ORIENTED_EDGE ( 'NONE', *, *, #577, .T. ) ;
#5486 = VECTOR ( 'NONE', #8017, 1000.000000000000000 ) ;
#5487 = CARTESIAN_POINT ( 'NONE',  ( 296.0000000000000568, -1.500000000000000000, -179.2174660514637310 ) ) ;
#5488 = LINE ( 'NONE', #1767, #6826 ) ;
#5489 = EDGE_CURVE ( 'NONE', #9174, #2615, #9977, .T. ) ;
#5490 = CARTESIAN_POINT ( 'NONE',  ( 0.9843342201064919639, 1.892261543406353885, -0.3948934297113709802 ) ) ;
#5491 = CARTESIAN_POINT ( 'NONE',  ( 161.8686667843509781, -3.279126179619951120, -85.14166666666670835 ) ) ;
#5492 = CARTESIAN_POINT ( 'NONE',  ( 168.4999999999999716, 0.000000000000000000, -248.3528208825323418 ) ) ;
#5493 = CONICAL_SURFACE ( 'NONE', #415, 1.499999999964541475, 0.7853981632923773271 ) ;
#5494 = ORIENTED_EDGE ( 'NONE', *, *, #2339, .T. ) ;
#5495 = FACE_OUTER_BOUND ( 'NONE', #581, .T. ) ;
#5496 = ADVANCED_FACE ( 'NONE', ( #729 ), #10165, .F. ) ;
#5497 = ORIENTED_EDGE ( 'NONE', *, *, #946, .T. ) ;
#5498 = CARTESIAN_POINT ( 'NONE',  ( 507.0000000000000000, -1.500000000000000000, -79.99999999999991473 ) ) ;
#5499 = ORIENTED_EDGE ( 'NONE', *, *, #10552, .F. ) ;
#5500 = CARTESIAN_POINT ( 'NONE',  ( 0.9699999999999986411, 2.482780464277939636, -0.4324412773114849617 ) ) ;
#5501 = CARTESIAN_POINT ( 'NONE',  ( 336.1545311035279724, 0.000000000000000000, -228.4456223450676475 ) ) ;
#5502 = LINE ( 'NONE', #8051, #8452 ) ;
#5503 = EDGE_LOOP ( 'NONE', ( #6219, #2779, #7720, #3382 ) ) ;
#5504 = FACE_OUTER_BOUND ( 'NONE', #10487, .T. ) ;
#5505 = VECTOR ( 'NONE', #11692, 1000.000000000000000 ) ;
#5506 = FACE_BOUND ( 'NONE', #8907, .T. ) ;
#5507 = LINE ( 'NONE', #9141, #10336 ) ;
#5508 = ORIENTED_EDGE ( 'NONE', *, *, #921, .F. ) ;
#5509 = FACE_OUTER_BOUND ( 'NONE', #7895, .T. ) ;
#5510 = ADVANCED_FACE ( 'NONE', ( #4581 ), #2628, .T. ) ;
#5511 = ORIENTED_EDGE ( 'NONE', *, *, #6882, .F. ) ;
#5512 = DIRECTION ( 'NONE',  ( 1.000000000000000000, 1.722632009336712421E-16, -4.625323219374409242E-16 ) ) ;
#5513 = DIRECTION ( 'NONE',  ( -0.000000000000000000, -0.000000000000000000, -1.000000000000000000 ) ) ;
#5514 = CARTESIAN_POINT ( 'NONE',  ( 0.9700000000000252864, -2.231857109454799949E-13, -2.637499999999750155 ) ) ;
#5515 = CARTESIAN_POINT ( 'NONE',  ( 330.0000000000000000, 0.000000000000000000, -179.2174660514637310 ) ) ;
#5516 = LINE ( 'NONE', #3632, #6889 ) ;
#5517 = ORIENTED_EDGE ( 'NONE', *, *, #10155, .F. ) ;
#5518 = DIRECTION ( 'NONE',  ( 1.167520497023887139E-16, 1.000000000000000000, -2.886579864025370717E-15 ) ) ;
#5519 = CARTESIAN_POINT ( 'NONE',  ( 344.2500000000000000, -4.336808689942017736E-16, -259.2174660514637026 ) ) ;
#5520 = ORIENTED_EDGE ( 'NONE', *, *, #6572, .F. ) ;
#5521 = ORIENTED_EDGE ( 'NONE', *, *, #9673, .T. ) ;
#5522 = LINE ( 'NONE', #7339, #8874 ) ;
#5523 = VERTEX_POINT ( 'NONE', #2692 ) ;
#5524 = EDGE_CURVE ( 'NONE', #9834, #6546, #1769, .T. ) ;
#5525 = CARTESIAN_POINT ( 'NONE',  ( 0.9843342201064364527, 2.125255814197729798, -0.07459528143372029518 ) ) ;
#5526 = LINE ( 'NONE', #10338, #290 ) ;
#5527 = CARTESIAN_POINT ( 'NONE',  ( 272.0000000000000000, 0.000000000000000000, -224.7174660514637594 ) ) ;
#5528 = ORIENTED_EDGE ( 'NONE', *, *, #2715, .T. ) ;
#5529 = AXIS2_PLACEMENT_3D ( 'NONE', #8966, #1479, #3428 ) ;
#5530 = ORIENTED_EDGE ( 'NONE', *, *, #32, .F. ) ;
#5531 = VECTOR ( 'NONE', #10000, 1000.000000000000000 ) ;
#5532 = CARTESIAN_POINT ( 'NONE',  ( 161.3505830258032177, -2.825456759956082475, -259.2528827181303654 ) ) ;
#5533 = CARTESIAN_POINT ( 'NONE',  ( 344.2500000000000000, -4.336808689942017736E-16, -85.10000000000000853 ) ) ;
#5534 = EDGE_LOOP ( 'NONE', ( #405, #5417, #9573, #5629 ) ) ;
#5535 = DIRECTION ( 'NONE',  ( -1.000000000000000000, 0.000000000000000000, -0.000000000000000000 ) ) ;
#5536 = AXIS2_PLACEMENT_3D ( 'NONE', #4068, #2362, #10633 ) ;
#5537 = EDGE_CURVE ( 'NONE', #5223, #8034, #1832, .T. ) ;
#5538 = CARTESIAN_POINT ( 'NONE',  ( 2.470000000000027729, 2.498001805406602216E-13, 1.492250000000305832 ) ) ;
#5539 = CARTESIAN_POINT ( 'NONE',  ( 0.9843342201064364527, 1.975537752030215310, 0.3268746884625972626 ) ) ;
#5540 = ORIENTED_EDGE ( 'NONE', *, *, #3144, .F. ) ;
#5541 = DIRECTION ( 'NONE',  ( 1.297740014824709051E-16, 0.9998027306933638947, 0.01986201646593062364 ) ) ;
#5542 = ORIENTED_EDGE ( 'NONE', *, *, #10568, .T. ) ;
#5543 = CARTESIAN_POINT ( 'NONE',  ( 2.450950000000007289, -1.940436768592790351, -1.120311690692626927 ) ) ;
#5544 = CARTESIAN_POINT ( 'NONE',  ( 0.9700000000000541522, 2.383197238168627052, 0.2483830793201247111 ) ) ;
#5545 = VECTOR ( 'NONE', #3864, 1000.000000000000000 ) ;
#5546 = DIRECTION ( 'NONE',  ( 6.845769268624693726E-16, -5.551115123125739315E-16, -1.000000000000000000 ) ) ;
#5547 = CARTESIAN_POINT ( 'NONE',  ( 246.6723182195912898, 0.000000000000000000, -190.1763372145972539 ) ) ;
#5548 = EDGE_CURVE ( 'NONE', #7492, #4761, #1959, .T. ) ;
#5549 = EDGE_CURVE ( 'NONE', #6994, #7558, #7723, .T. ) ;
#5550 = VERTEX_POINT ( 'NONE', #8643 ) ;
#5551 = DIRECTION ( 'NONE',  ( 0.000000000000000000, 1.000000000000000000, 0.000000000000000000 ) ) ;
#5552 = CARTESIAN_POINT ( 'NONE',  ( 0.9700000000000541522, 2.418816341710844142, 0.2702983817565729474 ) ) ;
#5553 = VERTEX_POINT ( 'NONE', #349 ) ;
#5554 = CIRCLE ( 'NONE', #10215, 1.499999999964547026 ) ;
#5555 = DIRECTION ( 'NONE',  ( -0.000000000000000000, 1.000000000000000000, -0.000000000000000000 ) ) ;
#5556 = VERTEX_POINT ( 'NONE', #2876 ) ;
#5557 = LINE ( 'NONE', #933, #7272 ) ;
#5558 = DIRECTION ( 'NONE',  ( -0.000000000000000000, 1.000000000000000000, -0.000000000000000000 ) ) ;
#5559 = CARTESIAN_POINT ( 'NONE',  ( 344.3804966646909520, -1.973056725902453179, -85.14166666666669414 ) ) ;
#5560 =( NAMED_UNIT ( * ) SI_UNIT ( $, .STERADIAN. ) SOLID_ANGLE_UNIT ( ) );
#5561 = CARTESIAN_POINT ( 'NONE',  ( 288.0000000000000568, 0.000000000000000000, -179.2174660514637310 ) ) ;
#5562 = EDGE_CURVE ( 'NONE', #477, #10572, #10358, .T. ) ;
#5563 = VECTOR ( 'NONE', #8265, 1000.000000000000000 ) ;
#5564 = CARTESIAN_POINT ( 'NONE',  ( 501.9999999999998863, 0.000000000000000000, -85.00000000000002842 ) ) ;
#5565 = ORIENTED_EDGE ( 'NONE', *, *, #3706, .T. ) ;
#5566 = ADVANCED_FACE ( 'NONE', ( #4766 ), #11458, .T. ) ;
#5567 = LINE ( 'NONE', #10433, #5582 ) ;
#5568 = EDGE_LOOP ( 'NONE', ( #4364, #4995, #10868, #1565 ) ) ;
#5569 = CARTESIAN_POINT ( 'NONE',  ( 0.9699999999999986411, 2.463272841927294010, -0.4667935467041195441 ) ) ;
#5570 = ORIENTED_EDGE ( 'NONE', *, *, #7189, .F. ) ;
#5571 = CARTESIAN_POINT ( 'NONE',  ( 8.499999999999285905, -1.500000000000001332, -80.66964398456984497 ) ) ;
#5572 = VECTOR ( 'NONE', #7045, 1000.000000000000000 ) ;
#5573 = LINE ( 'NONE', #11250, #2722 ) ;
#5574 = CARTESIAN_POINT ( 'NONE',  ( 278.0000000000000000, 0.000000000000000000, -236.2174660514637310 ) ) ;
#5575 = DIRECTION ( 'NONE',  ( 0.000000000000000000, 0.000000000000000000, 1.000000000000000000 ) ) ;
#5576 = ORIENTED_EDGE ( 'NONE', *, *, #5239, .F. ) ;
#5577 = LINE ( 'NONE', #8619, #2308 ) ;
#5578 = EDGE_CURVE ( 'NONE', #5288, #3725, #5672, .T. ) ;
#5579 = DIRECTION ( 'NONE',  ( -1.000000000000000000, -0.000000000000000000, -0.000000000000000000 ) ) ;
#5580 = B_SPLINE_CURVE_WITH_KNOTS ( 'NONE', 3,
 ( #3016, #6727, #9396, #3935 ),
 .UNSPECIFIED., .F., .F.,
 ( 4, 4 ),
 ( 0.000000000000000000, 1.000000000000000000 ),
 .UNSPECIFIED. ) ;
#5581 = ORIENTED_EDGE ( 'NONE', *, *, #9631, .F. ) ;
#5582 = VECTOR ( 'NONE', #3689, 1000.000000000000000 ) ;
#5583 = CARTESIAN_POINT ( 'NONE',  ( 344.7080587976287802, -0.04554781583044811843, -85.10416666666668561 ) ) ;
#5584 = ORIENTED_EDGE ( 'NONE', *, *, #11957, .F. ) ;
#5585 = ORIENTED_EDGE ( 'NONE', *, *, #10428, .F. ) ;
#5586 = LINE ( 'NONE', #3713, #3940 ) ;
#5587 = DIRECTION ( 'NONE',  ( 4.193914572568617596E-16, 0.9069667683935123126, -0.4212021854523420039 ) ) ;
#5588 = PLANE ( 'NONE',  #2765 ) ;
#5589 = ORIENTED_EDGE ( 'NONE', *, *, #11073, .T. ) ;
#5590 = VECTOR ( 'NONE', #3418, 1000.000000000000000 ) ;
#5591 = AXIS2_PLACEMENT_3D ( 'NONE', #11814, #6931, #8816 ) ;
#5592 = VERTEX_POINT ( 'NONE', #5789 ) ;
#5593 = CARTESIAN_POINT ( 'NONE',  ( 162.7500000000000284, 0.000000000000000000, -259.2174660514637026 ) ) ;
#5594 = EDGE_CURVE ( 'NONE', #1286, #7030, #5907, .T. ) ;
#5595 = LINE ( 'NONE', #33, #3885 ) ;
#5596 = ORIENTED_EDGE ( 'NONE', *, *, #7781, .T. ) ;
#5597 = CARTESIAN_POINT ( 'NONE',  ( 279.0000000000000000, 0.000000000000000000, -179.2174660514637310 ) ) ;
#5598 = VECTOR ( 'NONE', #10291, 1000.000000000000227 ) ;
#5600 = ORIENTED_EDGE ( 'NONE', *, *, #5089, .F. ) ;
#5599 = VECTOR ( 'NONE', #8414, 1000.000000000000000 ) ;
#5601 = DIRECTION ( 'NONE',  ( 1.445076253180178246E-16, 1.000000000000000000, -5.551115123125738329E-16 ) ) ;
#5602 = DIRECTION ( 'NONE',  ( -1.000000000000000000, -2.000187765493021278E-16, 7.400880780937300593E-16 ) ) ;
#5603 = ORIENTED_EDGE ( 'NONE', *, *, #3703, .T. ) ;
#5604 = CARTESIAN_POINT ( 'NONE',  ( 2.470000000000055707, 1.810417492354610136, -0.7912649203304089607 ) ) ;
#5605 = ORIENTED_EDGE ( 'NONE', *, *, #1490, .T. ) ;
#5606 = CARTESIAN_POINT ( 'NONE',  ( 502.0000000000000000, -1.500000000000000000, -1.750000000000000000 ) ) ;
#5607 = CARTESIAN_POINT ( 'NONE',  ( 20.00000000000000000, -1.500000000000000000, -137.7323475155762651 ) ) ;
#5608 = VECTOR ( 'NONE', #10135, 1000.000000000000000 ) ;
#5609 = EDGE_CURVE ( 'NONE', #4872, #2219, #6584, .T. ) ;
#5610 = VECTOR ( 'NONE', #3824, 1000.000000000000000 ) ;
#5611 = DIRECTION ( 'NONE',  ( 0.000000000000000000, 0.000000000000000000, 1.000000000000000000 ) ) ;
#5612 = ADVANCED_FACE ( 'NONE', ( #9376 ), #107, .F. ) ;
#5613 = DIRECTION ( 'NONE',  ( 1.000000000000000000, 0.000000000000000000, 0.000000000000000000 ) ) ;
#5614 = ORIENTED_EDGE ( 'NONE', *, *, #255, .F. ) ;
#5615 = CARTESIAN_POINT ( 'NONE',  ( 0.9843342201064364527, 2.520332721926532571, 0.2680507760427636166 ) ) ;
#5616 = LINE ( 'NONE', #5552, #11427 ) ;
#5617 = AXIS2_PLACEMENT_3D ( 'NONE', #9556, #10360, #109 ) ;
#5618 = ORIENTED_EDGE ( 'NONE', *, *, #7900, .F. ) ;
#5619 = AXIS2_PLACEMENT_3D ( 'NONE', #1406, #7126, #10789 ) ;
#5620 = CARTESIAN_POINT ( 'NONE',  ( 0.9700000000000541522, 2.476682154858606211, 0.1804060506515742235 ) ) ;
#5621 = EDGE_CURVE ( 'NONE', #4500, #3136, #7665, .T. ) ;
#5622 = ORIENTED_EDGE ( 'NONE', *, *, #11633, .T. ) ;
#5623 = CARTESIAN_POINT ( 'NONE',  ( 200.5000000000000000, 0.000000000000000000, -243.2174660514637310 ) ) ;
#5624 = CARTESIAN_POINT ( 'NONE',  ( 344.4730567259023815, -1.880496664690820552, -85.13333333333332575 ) ) ;
#5625 = PLANE ( 'NONE',  #2414 ) ;
#5626 = CARTESIAN_POINT ( 'NONE',  ( 0.9699999999999986411, 2.477361680291723101, -0.4515068968898167112 ) ) ;
#5627 = EDGE_CURVE ( 'NONE', #1106, #8934, #4822, .T. ) ;
#5628 = CIRCLE ( 'NONE', #356, 2.000000000000001776 ) ;
#5629 = ORIENTED_EDGE ( 'NONE', *, *, #11704, .T. ) ;
#5630 = CARTESIAN_POINT ( 'NONE',  ( 162.5208842375895699, -3.500000000000000000, -85.14791629107841686 ) ) ;
#5631 = VERTEX_POINT ( 'NONE', #5729 ) ;
#5632 = CARTESIAN_POINT ( 'NONE',  ( 296.0000000000000568, -1.500000000000000000, -179.2174660514637310 ) ) ;
#5633 = DIRECTION ( 'NONE',  ( 1.000000000000000000, 1.722632009336724254E-16, -4.070211707061878303E-16 ) ) ;
#5634 = EDGE_CURVE ( 'NONE', #4901, #365, #233, .T. ) ;
#5635 = ORIENTED_EDGE ( 'NONE', *, *, #1752, .F. ) ;
#5636 = AXIS2_PLACEMENT_3D ( 'NONE', #2580, #5558, #8419 ) ;
#5637 = EDGE_CURVE ( 'NONE', #3923, #11724, #9433, .T. ) ;
#5638 = DIRECTION ( 'NONE',  ( 1.000000000000000000, 2.000187765493021278E-16, -7.400880780937300593E-16 ) ) ;
#5639 = CARTESIAN_POINT ( 'NONE',  ( 2.279499999986057901, -1.390940443400589985E-13, 3.175000000055883120 ) ) ;
#5640 = DIRECTION ( 'NONE',  ( -1.000000000000000000, 0.000000000000000000, 1.387778780781445182E-16 ) ) ;
#5641 = PLANE ( 'NONE',  #1753 ) ;
#5642 = CARTESIAN_POINT ( 'NONE',  ( 0.9699999999999986411, 2.466494824628989946, -0.2095089610752998155 ) ) ;
#5643 = ORIENTED_EDGE ( 'NONE', *, *, #5549, .F. ) ;
#5644 = EDGE_CURVE ( 'NONE', #8187, #3064, #8526, .T. ) ;
#5645 = DIRECTION ( 'NONE',  ( 1.000000000000000000, 0.000000000000000000, 0.000000000000000000 ) ) ;
#5646 = AXIS2_PLACEMENT_3D ( 'NONE', #136, #3764, #8308 ) ;
#5647 = EDGE_LOOP ( 'NONE', ( #10463, #2402, #6171, #11215 ) ) ;
#5648 = DIRECTION ( 'NONE',  ( 0.000000000000000000, 0.000000000000000000, -1.000000000000000000 ) ) ;
#5649 = ORIENTED_EDGE ( 'NONE', *, *, #3979, .F. ) ;
#5650 = ORIENTED_EDGE ( 'NONE', *, *, #3661, .F. ) ;
#5651 = CARTESIAN_POINT ( 'NONE',  ( 0.9843342201064919639, 2.320155338140478030, 0.2698706486286006623 ) ) ;
#5652 = EDGE_LOOP ( 'NONE', ( #8803, #3247, #9207, #8152 ) ) ;
#5653 = EDGE_CURVE ( 'NONE', #6742, #430, #11345, .T. ) ;
#5654 = FACE_OUTER_BOUND ( 'NONE', #10832, .T. ) ;
#5655 = PLANE ( 'NONE',  #5115 ) ;
#5656 = ORIENTED_EDGE ( 'NONE', *, *, #3584, .F. ) ;
#5657 =( GEOMETRIC_REPRESENTATION_CONTEXT ( 3 ) GLOBAL_UNCERTAINTY_ASSIGNED_CONTEXT ( ( #10761 ) ) GLOBAL_UNIT_ASSIGNED_CONTEXT ( ( #7125, #7302, #6272 ) ) REPRESENTATION_CONTEXT ( 'NONE', 'WORKASPACE' ) );
#5658 = VERTEX_POINT ( 'NONE', #2080 ) ;
#5659 = DIRECTION ( 'NONE',  ( -1.000000000000000000, -2.000187765493021278E-16, 7.400880780937300593E-16 ) ) ;
#5660 = DIRECTION ( 'NONE',  ( 1.000000000000000000, 2.000187765493021278E-16, -7.400880780937300593E-16 ) ) ;
#5661 = ORIENTED_EDGE ( 'NONE', *, *, #4496, .F. ) ;
#5662 = LINE ( 'NONE', #9366, #105 ) ;
#5663 = AXIS2_PLACEMENT_3D ( 'NONE', #5699, #1190, #137 ) ;
#5664 = LINE ( 'NONE', #6873, #1592 ) ;
#5665 = ORIENTED_EDGE ( 'NONE', *, *, #2879, .F. ) ;
#5666 = EDGE_CURVE ( 'NONE', #4399, #8755, #8588, .T. ) ;
#5667 = DIRECTION ( 'NONE',  ( -4.619824724853993812E-16, -0.8660254037844352659, 0.5000000000000058842 ) ) ;
#5668 = EDGE_LOOP ( 'NONE', ( #5892, #7539, #9383, #7044 ) ) ;
#5669 = DIRECTION ( 'NONE',  ( 0.000000000000000000, 0.000000000000000000, -1.000000000000000000 ) ) ;
#5670 = DIRECTION ( 'NONE',  ( 0.000000000000000000, -1.000000000000000000, 0.000000000000000000 ) ) ;
#5671 = AXIS2_PLACEMENT_3D ( 'NONE', #9672, #10662, #5971 ) ;
#5672 = LINE ( 'NONE', #8701, #5987 ) ;
#5673 = CARTESIAN_POINT ( 'NONE',  ( 173.0000000000000000, -1.500000000000000000, -194.2174660514637310 ) ) ;
#5674 = LINE ( 'NONE', #10295, #10871 ) ;
#5675 = ORIENTED_EDGE ( 'NONE', *, *, #2879, .T. ) ;
#5676 = LINE ( 'NONE', #6461, #5397 ) ;
#5677 = CARTESIAN_POINT ( 'NONE',  ( 206.5000000000000000, 0.000000000000000000, -243.2174660514637310 ) ) ;
#5678 = VECTOR ( 'NONE', #11991, 1000.000000000000000 ) ;
#5679 = ORIENTED_EDGE ( 'NONE', *, *, #10776, .T. ) ;
#5680 = EDGE_CURVE ( 'NONE', #11932, #8385, #11404, .T. ) ;
#5681 = EDGE_CURVE ( 'NONE', #9090, #4774, #2142, .T. ) ;
#5682 = CARTESIAN_POINT ( 'NONE',  ( 338.4999999999999432, 0.000000000000000000, -250.4628208825323554 ) ) ;
#5683 = ORIENTED_EDGE ( 'NONE', *, *, #8085, .T. ) ;
#5684 = CARTESIAN_POINT ( 'NONE',  ( 261.0000000000000568, 0.000000000000000000, -174.2174660514637310 ) ) ;
#5685 = LINE ( 'NONE', #6534, #10315 ) ;
#5686 = CARTESIAN_POINT ( 'NONE',  ( 270.0000000000000000, -1.500000000000000000, -174.2174660514637310 ) ) ;
#5687 = CARTESIAN_POINT ( 'NONE',  ( 0.1119230769230927791, -5.551115123125782702E-14, 0.000000000000000000 ) ) ;
#5688 = AXIS2_PLACEMENT_3D ( 'NONE', #2103, #1122, #6728 ) ;
#5689 = ORIENTED_EDGE ( 'NONE', *, *, #8577, .F. ) ;
#5690 = DIRECTION ( 'NONE',  ( 3.339447371134777734E-16, 0.9457678396917528207, -0.3248433367098592650 ) ) ;
#5691 = EDGE_LOOP ( 'NONE', ( #9225, #6711, #9038, #11512 ) ) ;
#5692 = EDGE_CURVE ( 'NONE', #11152, #11683, #4938, .T. ) ;
#5693 = CARTESIAN_POINT ( 'NONE',  ( 2.469999999999972218, -1.675109521795753453, -1.025625200007374005 ) ) ;
#5694 = ORIENTED_EDGE ( 'NONE', *, *, #10957, .T. ) ;
#5695 = VECTOR ( 'NONE', #6820, 1000.000000000000000 ) ;
#5696 = DIRECTION ( 'NONE',  ( 3.882069932406776759E-16, 0.9313974768889483613, -0.3640037637784817592 ) ) ;
#5697 = CARTESIAN_POINT ( 'NONE',  ( 0.000000000000000000, 0.000000000000000000, -111.0000000000000000 ) ) ;
#5698 = CARTESIAN_POINT ( 'NONE',  ( 402.9755125916354359, -1.224646799147346644E-18, -54.35518781845740932 ) ) ;
#5699 = CARTESIAN_POINT ( 'NONE',  ( 2.469999999999805684, 0.06360232754379357978, 2.345481331187913909 ) ) ;
#5700 = ORIENTED_EDGE ( 'NONE', *, *, #699, .T. ) ;
#5701 = LINE ( 'NONE', #1930, #11449 ) ;
#5702 = DIRECTION ( 'NONE',  ( 0.000000000000000000, -1.000000000000000000, 0.000000000000000000 ) ) ;
#5703 = EDGE_CURVE ( 'NONE', #10110, #1973, #10717, .T. ) ;
#5704 = EDGE_CURVE ( 'NONE', #1955, #3642, #1905, .T. ) ;
#5705 = ORIENTED_EDGE ( 'NONE', *, *, #11968, .T. ) ;
#5706 = PLANE ( 'NONE',  #9644 ) ;
#5707 = EDGE_LOOP ( 'NONE', ( #4560, #11433, #2978, #4060 ) ) ;
#5708 = EDGE_LOOP ( 'NONE', ( #8621, #6255 ) ) ;
#5709 = AXIS2_PLACEMENT_3D ( 'NONE', #1723, #5440, #808 ) ;
#5710 = CARTESIAN_POINT ( 'NONE',  ( 0.9699999999999986411, 2.503720345611720965, -0.4496411351883611296 ) ) ;
#5711 = DIRECTION ( 'NONE',  ( 1.000000000000000000, 2.000187765493021278E-16, -7.400880780937300593E-16 ) ) ;
#5712 = DIRECTION ( 'NONE',  ( -4.220838325379444537E-16, -0.8660254037844209440, 0.5000000000000306422 ) ) ;
#5713 = VERTEX_POINT ( 'NONE', #9788 ) ;
#5714 = ORIENTED_EDGE ( 'NONE', *, *, #9558, .T. ) ;
#5715 = FACE_OUTER_BOUND ( 'NONE', #11611, .T. ) ;
#5716 = FACE_OUTER_BOUND ( 'NONE', #10483, .T. ) ;
#5717 = CARTESIAN_POINT ( 'NONE',  ( 344.2500000000000000, -4.336808689942017736E-16, -259.2174660514637026 ) ) ;
#5718 = EDGE_CURVE ( 'NONE', #10726, #7225, #932, .T. ) ;
#5719 = ORIENTED_EDGE ( 'NONE', *, *, #3609, .F. ) ;
#5720 = CARTESIAN_POINT ( 'NONE',  ( 2.470000000000055707, 1.841843850431706953, -1.291133606571764902 ) ) ;
#5721 = VERTEX_POINT ( 'NONE', #7964 ) ;
#5722 = LINE ( 'NONE', #5899, #1200 ) ;
#5723 = ORIENTED_EDGE ( 'NONE', *, *, #5594, .F. ) ;
#5724 = CARTESIAN_POINT ( 'NONE',  ( 230.8265096880607530, 0.000000000000000000, -208.4456223450676475 ) ) ;
#5725 = LINE ( 'NONE', #1093, #7237 ) ;
#5726 = ORIENTED_EDGE ( 'NONE', *, *, #10808, .T. ) ;
#5727 = DIRECTION ( 'NONE',  ( -1.622545286580093736E-16, -0.9980805391703141405, 0.06192929298397301802 ) ) ;
#5728 = CARTESIAN_POINT ( 'NONE',  ( 2.450950000000007289, -1.783111045144086804, -1.392861809400194772 ) ) ;
#5729 = CARTESIAN_POINT ( 'NONE',  ( 167.0000000000000000, 0.000000000000000000, -233.2174660514637310 ) ) ;
#5730 = CARTESIAN_POINT ( 'NONE',  ( 345.9544521841695541, -1.291941202371255759, -259.2382993847970738 ) ) ;
#5731 = DIRECTION ( 'NONE',  ( -1.185034407704261130E-16, -0.000000000000000000, -1.000000000000000000 ) ) ;
#5732 = EDGE_CURVE ( 'NONE', #8996, #10095, #3217, .T. ) ;
#5733 = VECTOR ( 'NONE', #1601, 1000.000000000000000 ) ;
#5734 = VECTOR ( 'NONE', #9152, 1000.000000000000000 ) ;
#5735 = VERTEX_POINT ( 'NONE', #2260 ) ;
#5736 = CARTESIAN_POINT ( 'NONE',  ( 181.5000000000000284, 0.000000000000000000, -321.0174660514637708 ) ) ;
#5737 = CARTESIAN_POINT ( 'NONE',  ( 301.6665948878440986, -1.500000000000000000, -208.4456223450676475 ) ) ;
#5738 = ORIENTED_EDGE ( 'NONE', *, *, #5264, .T. ) ;
#5739 = DIRECTION ( 'NONE',  ( -0.000000000000000000, 1.000000000000000000, -0.000000000000000000 ) ) ;
#5740 = EDGE_LOOP ( 'NONE', ( #7799, #602, #10281, #7798, #2606, #7450, #10031, #10283, #8618, #8074, #894, #492, #2859, #5299, #3544, #8437, #5781, #10083, #10766, #11014, #7483, #424, #11431, #7349, #3743, #2411, #4812, #3722, #4049, #8964, #12072, #2020, #4983, #8221, #770, #8336, #160, #3828, #6398, #29, #5825 ) ) ;
#5741 = FACE_OUTER_BOUND ( 'NONE', #6350, .T. ) ;
#5742 = VECTOR ( 'NONE', #1476, 1000.000000000000000 ) ;
#5743 = CARTESIAN_POINT ( 'NONE',  ( 344.3154498469497753, -1.500000000000000666, -85.10416666666667140 ) ) ;
#5744 = VERTEX_POINT ( 'NONE', #8025 ) ;
#5745 = CARTESIAN_POINT ( 'NONE',  ( -170.0170839775850595, 26.74589784213751642, 154.4752832394989639 ) ) ;
#5746 = LINE ( 'NONE', #2214, #6166 ) ;
#5747 = EDGE_CURVE ( 'NONE', #6446, #1809, #4319, .T. ) ;
#5748 = ADVANCED_FACE ( 'NONE', ( #466 ), #10593, .F. ) ;
#5749 = ORIENTED_EDGE ( 'NONE', *, *, #12058, .T. ) ;
#5751 = DIRECTION ( 'NONE',  ( -1.000000000000000000, -0.000000000000000000, -0.000000000000000000 ) ) ;
#5750 = AXIS2_PLACEMENT_3D ( 'NONE', #1356, #5078, #7858 ) ;
#5752 = CARTESIAN_POINT ( 'NONE',  ( 161.8686667843508928, -3.279126179619918702, -85.14166666666667993 ) ) ;
#5753 = EDGE_LOOP ( 'NONE', ( #1079, #3096, #4044, #326 ) ) ;
#5754 = CARTESIAN_POINT ( 'NONE',  ( 321.4999999999999432, 0.000000000000000000, -321.0174660514637708 ) ) ;
#5755 = ORIENTED_EDGE ( 'NONE', *, *, #10607, .T. ) ;
#5756 = CARTESIAN_POINT ( 'NONE',  ( 502.0000000000000000, -2.000000000000000000, -1.750000000000069278 ) ) ;
#5757 = LINE ( 'NONE', #199, #10880 ) ;
#5758 = PLANE ( 'NONE',  #6501 ) ;
#5759 = CARTESIAN_POINT ( 'NONE',  ( 2.470000000000027729, 1.983372645743053386, -1.399080837149263568 ) ) ;
#5760 = VECTOR ( 'NONE', #2813, 1000.000000000000000 ) ;
#5761 = ORIENTED_EDGE ( 'NONE', *, *, #3472, .F. ) ;
#5762 = DIRECTION ( 'NONE',  ( 1.000000000000000000, 0.000000000000000000, 0.000000000000000000 ) ) ;
#5763 = EDGE_CURVE ( 'NONE', #2048, #7732, #9665, .T. ) ;
#5764 = ADVANCED_FACE ( 'NONE', ( #5235 ), #5118, .F. ) ;
#5765 = ORIENTED_EDGE ( 'NONE', *, *, #7151, .F. ) ;
#5766 = CARTESIAN_POINT ( 'NONE',  ( 265.1087330257329882, -1.500000000000000000, -265.1087330257300891 ) ) ;
#5767 = VERTEX_POINT ( 'NONE', #8815 ) ;
#5768 = AXIS2_PLACEMENT_3D ( 'NONE', #718, #4444, #5535 ) ;
#5769 = CARTESIAN_POINT ( 'NONE',  ( 0.9843342201064364527, 2.125255814197951842, -0.2852079774575411175 ) ) ;
#5770 = CARTESIAN_POINT ( 'NONE',  ( 313.0000000000000000, -1.500000000000000000, -233.2174660514637310 ) ) ;
#5771 = ORIENTED_EDGE ( 'NONE', *, *, #9465, .T. ) ;
#5772 = EDGE_CURVE ( 'NONE', #2066, #10143, #3163, .T. ) ;
#5773 = EDGE_CURVE ( 'NONE', #10579, #2662, #2386, .T. ) ;
#5774 = ORIENTED_EDGE ( 'NONE', *, *, #8854, .F. ) ;
#5775 = CARTESIAN_POINT ( 'NONE',  ( 502.0000000000000000, -3.500000000000000000, -5.000000000000069278 ) ) ;
#5776 = LINE ( 'NONE', #219, #5433 ) ;
#5777 = EDGE_LOOP ( 'NONE', ( #6535, #10600 ) ) ;
#5778 = FACE_OUTER_BOUND ( 'NONE', #3993, .T. ) ;
#5779 = ORIENTED_EDGE ( 'NONE', *, *, #7028, .T. ) ;
#5780 = PLANE ( 'NONE',  #10131 ) ;
#5781 = ORIENTED_EDGE ( 'NONE', *, *, #10040, .F. ) ;
#5782 = VECTOR ( 'NONE', #10795, 1000.000000000000000 ) ;
#5783 = CARTESIAN_POINT ( 'NONE',  ( 345.1388875003545422, -3.292232975445307019, -85.14166666666666572 ) ) ;
#5784 = ORIENTED_EDGE ( 'NONE', *, *, #4927, .T. ) ;
#5785 = ADVANCED_FACE ( 'NONE', ( #407 ), #6085, .F. ) ;
#5786 = EDGE_CURVE ( 'NONE', #11468, #322, #6930, .T. ) ;
#5787 = LINE ( 'NONE', #4026, #10104 ) ;
#5788 = CARTESIAN_POINT ( 'NONE',  ( 0.9843342201064364527, 2.215529865583626190, 0.2812557462896769778 ) ) ;
#5789 = CARTESIAN_POINT ( 'NONE',  ( 308.4999999999998863, -1.500000000000000000, -245.7174660514637310 ) ) ;
#5790 = CARTESIAN_POINT ( 'NONE',  ( 344.4810796120361829, 0.01499999999999956403, -259.2195497604001844 ) ) ;
#5791 = EDGE_CURVE ( 'NONE', #2615, #9392, #5405, .T. ) ;
#5792 = CARTESIAN_POINT ( 'NONE',  ( 2.469999999999833662, -0.08615970197001221464, 2.517800735127910361 ) ) ;
#5793 = VECTOR ( 'NONE', #5310, 1000.000000000000000 ) ;
#5794 = AXIS2_PLACEMENT_3D ( 'NONE', #10166, #920, #8347 ) ;
#5795 = ORIENTED_EDGE ( 'NONE', *, *, #2136, .F. ) ;
#5796 = LINE ( 'NONE', #11291, #9297 ) ;
#5797 = APPLICATION_CONTEXT ( 'automotive_design' ) ;
#5798 = CARTESIAN_POINT ( 'NONE',  ( 0.9700000000000541522, 2.216586297605488198, 0.2753454606553157324 ) ) ;
#5799 = ORIENTED_EDGE ( 'NONE', *, *, #5704, .T. ) ;
#5800 = VECTOR ( 'NONE', #3969, 1000.000000000000000 ) ;
#5801 = EDGE_CURVE ( 'NONE', #4218, #11858, #2443, .T. ) ;
#5802 = VECTOR ( 'NONE', #10234, 1000.000000000000000 ) ;
#5803 = CARTESIAN_POINT ( 'NONE',  ( 167.0000000000000000, -1.500000000000000000, -233.2174660514637310 ) ) ;
#5804 = CARTESIAN_POINT ( 'NONE',  ( 0.000000000000000000, 0.000000000000000000, 0.000000000000000000 ) ) ;
#5805 = LINE ( 'NONE', #1177, #5037 ) ;
#5806 = VECTOR ( 'NONE', #1131, 1000.000000000000000 ) ;
#5807 = ORIENTED_EDGE ( 'NONE', *, *, #3858, .T. ) ;
#5808 = AXIS2_PLACEMENT_3D ( 'NONE', #7087, #7868, #7936 ) ;
#5809 = ORIENTED_EDGE ( 'NONE', *, *, #2651, .F. ) ;
#5810 = CARTESIAN_POINT ( 'NONE',  ( 161.0000000000000284, -1.979074464324255711, -85.12708333333334565 ) ) ;
#5811 = VERTEX_POINT ( 'NONE', #6200 ) ;
#5812 = DIRECTION ( 'NONE',  ( 0.000000000000000000, -1.000000000000000000, 0.000000000000000000 ) ) ;
#5813 = FACE_OUTER_BOUND ( 'NONE', #11144, .T. ) ;
#5814 = ORIENTED_EDGE ( 'NONE', *, *, #159, .F. ) ;
#5815 = EDGE_CURVE ( 'NONE', #979, #3594, #6878, .T. ) ;
#5816 =( NAMED_UNIT ( * ) SI_UNIT ( $, .STERADIAN. ) SOLID_ANGLE_UNIT ( ) );
#5817 = CARTESIAN_POINT ( 'NONE',  ( 425.9999999999999432, 0.000000000000000000, -85.00000000000002842 ) ) ;
#5818 = CARTESIAN_POINT ( 'NONE',  ( 2.450950000000062801, -1.808402244772827627, -1.256417057498612877 ) ) ;
#5819 = CIRCLE ( 'NONE', #551, 1.229499999965364854 ) ;
#5820 = CARTESIAN_POINT ( 'NONE',  ( 173.0000000000000000, -1.500000000000000000, -233.2174660514637310 ) ) ;
#5821 = ORIENTED_EDGE ( 'NONE', *, *, #6505, .F. ) ;
#5822 = LINE ( 'NONE', #2847, #9677 ) ;
#5823 = ORIENTED_EDGE ( 'NONE', *, *, #11809, .T. ) ;
#5824 = FACE_OUTER_BOUND ( 'NONE', #6175, .T. ) ;
#5825 = ORIENTED_EDGE ( 'NONE', *, *, #11787, .F. ) ;
#5826 = CIRCLE ( 'NONE', #5042, 1.750000000000000000 ) ;
#5827 = CARTESIAN_POINT ( 'NONE',  ( 2.469999999999972218, -1.825087419202175987, -0.7658558616864541424 ) ) ;
#5828 = ADVANCED_FACE ( 'NONE', ( #3404 ), #10947, .F. ) ;
#5829 = ADVANCED_FACE ( 'NONE', ( #5715 ), #4752, .F. ) ;
#5830 = PLANE ( 'NONE',  #3334 ) ;
#5831 = ORIENTED_EDGE ( 'NONE', *, *, #7323, .T. ) ;
#5832 = VERTEX_POINT ( 'NONE', #276 ) ;
#5833 = DIRECTION ( 'NONE',  ( 0.000000000000000000, 0.000000000000000000, 1.000000000000000000 ) ) ;
#5834 = VECTOR ( 'NONE', #4641, 999.9999999999998863 ) ;
#5835 = DIRECTION ( 'NONE',  ( 0.000000000000000000, 0.000000000000000000, 1.000000000000000000 ) ) ;
#5836 = ORIENTED_EDGE ( 'NONE', *, *, #8706, .F. ) ;
#5837 = DIRECTION ( 'NONE',  ( 0.7071067811865474617, 0.000000000000000000, -0.7071067811865474617 ) ) ;
#5838 = ORIENTED_EDGE ( 'NONE', *, *, #11185, .T. ) ;
#5839 = CARTESIAN_POINT ( 'NONE',  ( 230.8265096880607530, 0.000000000000000000, -215.2174660514637594 ) ) ;
#5841 = ORIENTED_EDGE ( 'NONE', *, *, #9531, .T. ) ;
#5840 = VECTOR ( 'NONE', #1128, 1000.000000000000114 ) ;
#5842 = EDGE_CURVE ( 'NONE', #4917, #9907, #3955, .T. ) ;
#5843 = CARTESIAN_POINT ( 'NONE',  ( 344.3759047450927255, -1.968446597088564287, -85.14166666666666572 ) ) ;
#5844 = VERTEX_POINT ( 'NONE', #2924 ) ;
#5845 = LINE ( 'NONE', #10413, #7388 ) ;
#5846 = LINE ( 'NONE', #7094, #7787 ) ;
#5847 = EDGE_LOOP ( 'NONE', ( #10008, #11212, #3771, #10391 ) ) ;
#5848 = CARTESIAN_POINT ( 'NONE',  ( 507.0000000000000000, 0.000000000000000000, -79.99999999999991473 ) ) ;
#5849 = CARTESIAN_POINT ( 'NONE',  ( 344.2500000000000000, -3.514999999999999680, -259.2674660514637139 ) ) ;
#5850 = DIRECTION ( 'NONE',  ( -0.000000000000000000, 1.000000000000000000, -0.000000000000000000 ) ) ;
#5851 = AXIS2_PLACEMENT_3D ( 'NONE', #5147, #7083, #623 ) ;
#5852 = ADVANCED_FACE ( 'NONE', ( #2184 ), #10278, .F. ) ;
#5853 = EDGE_CURVE ( 'NONE', #10444, #2428, #7590, .T. ) ;
#5854 = ORIENTED_EDGE ( 'NONE', *, *, #6973, .T. ) ;
#5855 = DIRECTION ( 'NONE',  ( 0.000000000000000000, 0.000000000000000000, -1.000000000000000000 ) ) ;
#5856 = DIRECTION ( 'NONE',  ( 0.000000000000000000, 0.000000000000000000, -1.000000000000000000 ) ) ;
#5857 = ORIENTED_EDGE ( 'NONE', *, *, #10666, .T. ) ;
#5858 = VECTOR ( 'NONE', #10534, 1000.000000000000000 ) ;
#5859 = CARTESIAN_POINT ( 'NONE',  ( 0.9843342201064364527, 2.125066602492426071, -0.1854790744887646614 ) ) ;
#5860 = LINE ( 'NONE', #6777, #783 ) ;
#5861 = DIRECTION ( 'NONE',  ( 1.000000000000000000, 0.000000000000000000, 0.000000000000000000 ) ) ;
#5862 = LINE ( 'NONE', #9567, #10646 ) ;
#5863 = VECTOR ( 'NONE', #7469, 1000.000000000000000 ) ;
#5864 = VECTOR ( 'NONE', #5325, 1000.000000000000114 ) ;
#5865 = EDGE_CURVE ( 'NONE', #826, #9052, #3837, .T. ) ;
#5866 = ORIENTED_EDGE ( 'NONE', *, *, #11044, .F. ) ;
#5867 = VERTEX_POINT ( 'NONE', #4807 ) ;
#5868 = PLANE ( 'NONE',  #5388 ) ;
#5869 = ORIENTED_EDGE ( 'NONE', *, *, #946, .F. ) ;
#5870 = CARTESIAN_POINT ( 'NONE',  ( 0.9843342201064364527, 2.125255814197868354, -0.2346925392432419599 ) ) ;
#5871 = FACE_OUTER_BOUND ( 'NONE', #232, .T. ) ;
#5872 = EDGE_LOOP ( 'NONE', ( #337, #3943, #383, #976 ) ) ;
#5873 = CARTESIAN_POINT ( 'NONE',  ( 344.2500000000000000, 0.000000000000000000, -85.10000000000000853 ) ) ;
#5874 = FACE_OUTER_BOUND ( 'NONE', #4133, .T. ) ;
#5875 = CARTESIAN_POINT ( 'NONE',  ( 0.9843342201064364527, 2.440789267712101029, 0.1548669140300634739 ) ) ;
#5876 = VECTOR ( 'NONE', #9767, 1000.000000000000000 ) ;
#5877 = CARTESIAN_POINT ( 'NONE',  ( 272.0000000000000000, -1.500000000000000000, -236.2174660514637310 ) ) ;
#5878 = CARTESIAN_POINT ( 'NONE',  ( 272.0000000000000000, 0.000000000000000000, -224.7174660514637594 ) ) ;
#5879 = EDGE_LOOP ( 'NONE', ( #3065, #8719 ) ) ;
#5880 = DIRECTION ( 'NONE',  ( -1.000000000000000000, -2.000187765493021278E-16, 7.400880780937300593E-16 ) ) ;
#5881 = CARTESIAN_POINT ( 'NONE',  ( 181.5000000000000284, -9.797174393178824918E-17, -319.2174660514637026 ) ) ;
#5882 = EDGE_CURVE ( 'NONE', #9471, #10917, #1943, .T. ) ;
#5883 = ORIENTED_EDGE ( 'NONE', *, *, #5773, .F. ) ;
#5884 = VECTOR ( 'NONE', #9953, 1000.000000000000000 ) ;
#5885 = CARTESIAN_POINT ( 'NONE',  ( 296.0000000000000568, 0.000000000000000000, -194.2174660514637310 ) ) ;
#5886 = VECTOR ( 'NONE', #2225, 1000.000000000000000 ) ;
#5887 = ORIENTED_EDGE ( 'NONE', *, *, #8261, .F. ) ;
#5888 = ORIENTED_EDGE ( 'NONE', *, *, #4362, .F. ) ;
#5889 = CARTESIAN_POINT ( 'NONE',  ( 0.9699999999999986411, 2.502887340387338622, -0.4560289252513310965 ) ) ;
#5890 = B_SPLINE_CURVE_WITH_KNOTS ( 'NONE', 3,
 ( #3330, #5951, #9596, #8922, #2304, #2426, #9650, #5040, #4305, #4128 ),
 .UNSPECIFIED., .F., .F.,
 ( 4, 2, 2, 2, 4 ),
 ( 0.000000000000000000, 0.2499999999999995559, 0.4999999999999996669, 0.7499999999999997780, 1.000000000000000000 ),
 .UNSPECIFIED. ) ;
#5891 = DIRECTION ( 'NONE',  ( -0.7071067811865474617, -0.000000000000000000, 0.7071067811865474617 ) ) ;
#5892 = ORIENTED_EDGE ( 'NONE', *, *, #4989, .T. ) ;
#5893 = VECTOR ( 'NONE', #6196, 1000.000000000000000 ) ;
#5894 = LINE ( 'NONE', #11680, #11643 ) ;
#5895 = ORIENTED_EDGE ( 'NONE', *, *, #5681, .F. ) ;
#5896 = ADVANCED_FACE ( 'NONE', ( #3093 ), #8514, .F. ) ;
#5897 = LINE ( 'NONE', #2865, #10429 ) ;
#5898 = ORIENTED_EDGE ( 'NONE', *, *, #1910, .T. ) ;
#5899 = CARTESIAN_POINT ( 'NONE',  ( 487.0000000000000000, -1.500000000000001332, -85.00000000000002842 ) ) ;
#5900 = EDGE_LOOP ( 'NONE', ( #7700, #9294, #2442, #1870 ) ) ;
#5901 = CARTESIAN_POINT ( 'NONE',  ( 344.2500000000000000, -1.984850000000000225, -85.15000000000000568 ) ) ;
#5902 = VERTEX_POINT ( 'NONE', #970 ) ;
#5903 = CARTESIAN_POINT ( 'NONE',  ( 2.470000000000027729, -2.192195559948734385, -1.053329161976146455 ) ) ;
#5904 = CARTESIAN_POINT ( 'NONE',  ( 243.4999999999999716, 0.000000000000000000, -174.2174660514637310 ) ) ;
#5905 = AXIS2_PLACEMENT_3D ( 'NONE', #2952, #121, #7795 ) ;
#5906 = ORIENTED_EDGE ( 'NONE', *, *, #2247, .T. ) ;
#5907 = LINE ( 'NONE', #7489, #12021 ) ;
#5908 = CARTESIAN_POINT ( 'NONE',  ( 346.0000000000000000, -1.979074464324277249, -259.2445493847970965 ) ) ;
#5909 = CARTESIAN_POINT ( 'NONE',  ( 2.199500000017451384, -1.387778780781445676E-13, 2.220446049250313081E-13 ) ) ;
#5910 = EDGE_CURVE ( 'NONE', #1279, #6975, #11269, .T. ) ;
#5911 = CARTESIAN_POINT ( 'NONE',  ( 8.499999999999285905, 0.000000000000000000, -84.66964398456981655 ) ) ;
#5912 = FACE_OUTER_BOUND ( 'NONE', #4368, .T. ) ;
#5913 = ORIENTED_EDGE ( 'NONE', *, *, #10231, .F. ) ;
#5914 = CARTESIAN_POINT ( 'NONE',  ( 0.9699999999999986411, 2.125255814197590798, 0.03526031801394380327 ) ) ;
#5915 = CARTESIAN_POINT ( 'NONE',  ( 168.4999999999999147, 0.000000000000000000, -143.9228208825323634 ) ) ;
#5916 = EDGE_CURVE ( 'NONE', #7681, #367, #10460, .T. ) ;
#5917 = DIRECTION ( 'NONE',  ( -0.000000000000000000, 1.000000000000000000, -0.000000000000000000 ) ) ;
#5918 =( NAMED_UNIT ( * ) SI_UNIT ( $, .STERADIAN. ) SOLID_ANGLE_UNIT ( ) );
#5919 = EDGE_CURVE ( 'NONE', #10022, #10400, #9361, .T. ) ;
#5920 = CARTESIAN_POINT ( 'NONE',  ( 0.9700000000000541522, 2.476682154858606211, 0.1804060506515742235 ) ) ;
#5921 = AXIS2_PLACEMENT_3D ( 'NONE', #493, #2466, #7925 ) ;
#5922 = LINE ( 'NONE', #1233, #523 ) ;
#5923 = AXIS2_PLACEMENT_3D ( 'NONE', #1923, #9344, #1007 ) ;
#5924 = ORIENTED_EDGE ( 'NONE', *, *, #12036, .T. ) ;
#5925 = ORIENTED_EDGE ( 'NONE', *, *, #6796, .T. ) ;
#5926 = LINE ( 'NONE', #11535, #2286 ) ;
#5927 = ORIENTED_EDGE ( 'NONE', *, *, #2732, .F. ) ;
#5928 = VECTOR ( 'NONE', #7572, 1000.000000000000000 ) ;
#5929 = DIRECTION ( 'NONE',  ( 1.000000000000000000, 2.000187765493021278E-16, -7.400880780937300593E-16 ) ) ;
#5930 = CARTESIAN_POINT ( 'NONE',  ( 0.9843342201064364527, 2.362123067768146178, 0.1402156209749927385 ) ) ;
#5931 = ORIENTED_EDGE ( 'NONE', *, *, #6206, .T. ) ;
#5932 = CARTESIAN_POINT ( 'NONE',  ( 20.00000000000001421, -154.7351134694656309, -85.00000000000002842 ) ) ;
#5933 = DIRECTION ( 'NONE',  ( 0.000000000000000000, 0.000000000000000000, 1.000000000000000000 ) ) ;
#5934 = CARTESIAN_POINT ( 'NONE',  ( 2.469999999999861195, -0.2359217314835682089, 2.240650367564128942 ) ) ;
#5935 = EDGE_CURVE ( 'NONE', #8200, #8896, #10402, .T. ) ;
#5936 = CARTESIAN_POINT ( 'NONE',  ( 0.9843342201063809416, 2.309420209805429280, -0.3948934297114264913 ) ) ;
#5937 = CARTESIAN_POINT ( 'NONE',  ( 0.9699999999999986411, 2.466294610879687710, -0.4655277348273173521 ) ) ;
#5938 = ORIENTED_EDGE ( 'NONE', *, *, #3966, .T. ) ;
#5939 = VECTOR ( 'NONE', #1645, 1000.000000000000000 ) ;
#5940 = ADVANCED_FACE ( 'NONE', ( #11206 ), #10342, .F. ) ;
#5941 = CARTESIAN_POINT ( 'NONE',  ( 345.1313332156491356, -3.279126179619951120, -259.2591327181303313 ) ) ;
#5942 = EDGE_LOOP ( 'NONE', ( #2542, #7749, #2376, #465 ) ) ;
#5943 = CARTESIAN_POINT ( 'NONE',  ( 0.9843342201064364527, 2.440789267712101029, 0.1548669140300634739 ) ) ;
#5944 = EDGE_LOOP ( 'NONE', ( #6736, #3891, #777, #7568 ) ) ;
#5945 = ORIENTED_EDGE ( 'NONE', *, *, #1194, .T. ) ;
#5946 = PLANE ( 'NONE',  #3389 ) ;
#5947 = AXIS2_PLACEMENT_3D ( 'NONE', #1875, #8326, #10080 ) ;
#5948 = CARTESIAN_POINT ( 'NONE',  ( 162.7500000000000284, -3.500000000000000000, -172.2087330257318456 ) ) ;
#5949 = EDGE_CURVE ( 'NONE', #252, #4689, #1132, .T. ) ;
#5950 = ORIENTED_EDGE ( 'NONE', *, *, #7151, .T. ) ;
#5951 = CARTESIAN_POINT ( 'NONE',  ( 162.6845501530502531, -2.000000000000000444, -259.2632993847971079 ) ) ;
#5952 = ORIENTED_EDGE ( 'NONE', *, *, #921, .T. ) ;
#5953 = VECTOR ( 'NONE', #10681, 1000.000000000000000 ) ;
#5954 = ORIENTED_EDGE ( 'NONE', *, *, #10447, .T. ) ;
#5955 = DIRECTION ( 'NONE',  ( 1.000000000000000000, 2.000187765493021278E-16, -7.400880780937300593E-16 ) ) ;
#5956 = EDGE_LOOP ( 'NONE', ( #8451, #4387 ) ) ;
#5957 = CARTESIAN_POINT ( 'NONE',  ( 502.0000000000000000, -2.000000000000000000, -5.000000000000069278 ) ) ;
#5958 = ORIENTED_EDGE ( 'NONE', *, *, #5041, .T. ) ;
#5959 = EDGE_LOOP ( 'NONE', ( #7589, #6566, #8566, #7467 ) ) ;
#5960 = ADVANCED_FACE ( 'NONE', ( #2068 ), #2010, .F. ) ;
#5961 = DIRECTION ( 'NONE',  ( 0.000000000000000000, -0.000000000000000000, -1.000000000000000000 ) ) ;
#5962 = AXIS2_PLACEMENT_3D ( 'NONE', #9589, #9704, #1371 ) ;
#5963 = CARTESIAN_POINT ( 'NONE',  ( 243.4999999999999716, 0.000000000000000000, -174.2174660514637310 ) ) ;
#5964 = ORIENTED_EDGE ( 'NONE', *, *, #3927, .T. ) ;
#5965 = DIRECTION ( 'NONE',  ( 1.000000000000000000, 2.000187765493021278E-16, -7.400880780937300593E-16 ) ) ;
#5966 = CARTESIAN_POINT ( 'NONE',  ( 345.3346749607557626, -3.161411976832768644, -259.2570493847970283 ) ) ;
#5967 = CARTESIAN_POINT ( 'NONE',  ( 0.9843342201064364527, 2.478836439541304060, -0.4472441201540527933 ) ) ;
#5968 = CARTESIAN_POINT ( 'NONE',  ( 162.7500000000000284, -3.500000000000000000, -259.2674660514636571 ) ) ;
#5969 = VECTOR ( 'NONE', #5986, 1000.000000000000000 ) ;
#5970 = CARTESIAN_POINT ( 'NONE',  ( 0.9843342201064364527, 1.975537752030048777, -1.201323485133798386E-06 ) ) ;
#5971 = DIRECTION ( 'NONE',  ( 6.038316523433158462E-16, 0.7714105483942460539, -0.6363377765197415492 ) ) ;
#5972 = CARTESIAN_POINT ( 'NONE',  ( 10.49999999999932854, 0.000000000000000000, -84.66964398456981655 ) ) ;
#5973 = ORIENTED_EDGE ( 'NONE', *, *, #5308, .T. ) ;
#5974 = PRODUCT_DEFINITION_SHAPE ( 'NONE', 'NONE',  #5120 ) ;
#5975 = EDGE_CURVE ( 'NONE', #4403, #4142, #10522, .T. ) ;
#5976 = PLANE ( 'NONE',  #9320 ) ;
#5977 = LINE ( 'NONE', #9679, #12086 ) ;
#5978 = EDGE_CURVE ( 'NONE', #11767, #7558, #5102, .T. ) ;
#5979 = CARTESIAN_POINT ( 'NONE',  ( -130.0170839775850595, 26.74589784213751997, 154.4752832394989639 ) ) ;
#5980 = CARTESIAN_POINT ( 'NONE',  ( 200.5000000000000000, -1.500000000000000000, -243.2174660514637310 ) ) ;
#5981 = VECTOR ( 'NONE', #4155, 1000.000000000000000 ) ;
#5982 = VECTOR ( 'NONE', #11697, 1000.000000000000000 ) ;
#5983 = ORIENTED_EDGE ( 'NONE', *, *, #8809, .T. ) ;
#5984 = EDGE_LOOP ( 'NONE', ( #7401, #6389, #8700, #7683 ) ) ;
#5985 = EDGE_CURVE ( 'NONE', #4082, #7247, #10577, .T. ) ;
#5986 = DIRECTION ( 'NONE',  ( 0.000000000000000000, -1.000000000000000000, 0.000000000000000000 ) ) ;
#5987 = VECTOR ( 'NONE', #289, 1000.000000000000000 ) ;
#5988 = ORIENTED_EDGE ( 'NONE', *, *, #3434, .T. ) ;
#5989 = VECTOR ( 'NONE', #5063, 1000.000000000000000 ) ;
#5990 = FACE_OUTER_BOUND ( 'NONE', #1993, .T. ) ;
#5991 = LINE ( 'NONE', #1357, #2782 ) ;
#5992 = ORIENTED_EDGE ( 'NONE', *, *, #8112, .F. ) ;
#5993 = DIRECTION ( 'NONE',  ( 0.000000000000000000, 1.000000000000000000, 0.000000000000000000 ) ) ;
#5994 = LINE ( 'NONE', #2467, #2145 ) ;
#5995 = CARTESIAN_POINT ( 'NONE',  ( 161.3505830258032177, -2.825456759956100683, -259.2528827181304223 ) ) ;
#5996 = ADVANCED_FACE ( 'NONE', ( #4245 ), #451, .T. ) ;
#5997 = CARTESIAN_POINT ( 'NONE',  ( 2.470000000000027729, -2.008307592792912821, -1.371832463991251583 ) ) ;
#5998 = CARTESIAN_POINT ( 'NONE',  ( 0.9699999999999986411, 2.125255814197451798, 0.03026883183820938683 ) ) ;
#5999 = VECTOR ( 'NONE', #2572, 1000.000000000000000 ) ;
#6000 = AXIS2_PLACEMENT_3D ( 'NONE', #11606, #3253, #7203 ) ;
#6001 = CARTESIAN_POINT ( 'NONE',  ( 0.9700000000000236211, -1.373137714644201424E-13, 2.637500000000270184 ) ) ;
#6002 = VERTEX_POINT ( 'NONE', #8009 ) ;
#6003 = EDGE_CURVE ( 'NONE', #3153, #2662, #335, .T. ) ;
#6004 = CARTESIAN_POINT ( 'NONE',  ( 0.9843342201063809416, 2.309420209805263191, -0.2852079774568611059 ) ) ;
#6005 = ORIENTED_EDGE ( 'NONE', *, *, #5562, .T. ) ;
#6006 = EDGE_CURVE ( 'NONE', #4399, #8382, #7096, .T. ) ;
#6007 = ORIENTED_EDGE ( 'NONE', *, *, #4700, .T. ) ;
#6008 = CARTESIAN_POINT ( 'NONE',  ( 0.7275000000000503286, -2.231857109454806259E-13, -2.637499999999770584 ) ) ;
#6009 = CARTESIAN_POINT ( 'NONE',  ( 0.9699999999999986411, 2.478836439541471037, -0.4415490844356245725 ) ) ;
#6010 = LINE ( 'NONE', #1615, #7620 ) ;
#6011 = DIRECTION ( 'NONE',  ( -7.504465202493400556E-17, -0.9861849009696147528, -0.1656482450844289633 ) ) ;
#6012 = ADVANCED_FACE ( 'NONE', ( #2246 ), #9829, .T. ) ;
#6013 = ORIENTED_EDGE ( 'NONE', *, *, #5170, .F. ) ;
#6014 = DIRECTION ( 'NONE',  ( 1.000000000000000000, 0.000000000000000000, -2.775557561562890858E-16 ) ) ;
#6015 = AXIS2_PLACEMENT_3D ( 'NONE', #71, #12040, #9151 ) ;
#6016 = VERTEX_POINT ( 'NONE', #10820 ) ;
#6017 = ORIENTED_EDGE ( 'NONE', *, *, #8881, .T. ) ;
#6018 = CARTESIAN_POINT ( 'NONE',  ( 0.000000000000000000, -1.500999999999999890, -40.00000000000000000 ) ) ;
#6019 = EDGE_CURVE ( 'NONE', #8660, #9823, #8686, .T. ) ;
#6020 = ORIENTED_EDGE ( 'NONE', *, *, #2283, .F. ) ;
#6021 = DIRECTION ( 'NONE',  ( 0.000000000000000000, -1.000000000000000000, 0.000000000000000000 ) ) ;
#6022 = ORIENTED_EDGE ( 'NONE', *, *, #4134, .T. ) ;
#6023 = CARTESIAN_POINT ( 'NONE',  ( 321.9999999999999432, 0.000000000000000000, -179.2174660514637310 ) ) ;
#6024 = EDGE_LOOP ( 'NONE', ( #11322, #5077, #573, #9655 ) ) ;
#6025 = VECTOR ( 'NONE', #5262, 1000.000000000000000 ) ;
#6026 = CARTESIAN_POINT ( 'NONE',  ( 301.6665948878440986, -1.500000000000000000, -228.4456223450676191 ) ) ;
#6027 = VERTEX_POINT ( 'NONE', #7038 ) ;
#6028 = CARTESIAN_POINT ( 'NONE',  ( 338.4999999999999432, -1.500000000000000000, -250.4628208825323554 ) ) ;
#6029 = CARTESIAN_POINT ( 'NONE',  ( 0.9699999999999986411, 2.497005303495281048, -0.4455356094380108489 ) ) ;
#6030 = DIRECTION ( 'NONE',  ( 1.445076253180192051E-16, 1.000000000000000000, -2.553512956637819811E-15 ) ) ;
#6031 = VECTOR ( 'NONE', #5961, 1000.000000000000000 ) ;
#6032 = EDGE_CURVE ( 'NONE', #9262, #8794, #6069, .T. ) ;
#6033 = CARTESIAN_POINT ( 'NONE',  ( 230.8265096880607530, 0.000000000000000000, -208.4456223450676475 ) ) ;
#6034 = CARTESIAN_POINT ( 'NONE',  ( 0.9700000000000541522, 2.418473753850569619, 0.2696685361248257751 ) ) ;
#6035 = ORIENTED_EDGE ( 'NONE', *, *, #7711, .F. ) ;
#6036 = LINE ( 'NONE', #5915, #11307 ) ;
#6037 = AXIS2_PLACEMENT_3D ( 'NONE', #2832, #3978, #6718 ) ;
#6038 = PLANE ( 'NONE',  #6567 ) ;
#6039 = LINE ( 'NONE', #3061, #2683 ) ;
#6040 = ORIENTED_EDGE ( 'NONE', *, *, #4392, .F. ) ;
#6041 = ORIENTED_EDGE ( 'NONE', *, *, #11895, .F. ) ;
#6042 = ADVANCED_FACE ( 'NONE', ( #3202 ), #8744, .F. ) ;
#6043 = PLANE ( 'NONE',  #709 ) ;
#6044 = AXIS2_PLACEMENT_3D ( 'NONE', #5963, #1332, #6241 ) ;
#6045 = EDGE_LOOP ( 'NONE', ( #9244, #1978, #3558, #10973 ) ) ;
#6046 = CARTESIAN_POINT ( 'NONE',  ( 0.9700000000000541522, 2.346987564757957223, 0.2517815795645694799 ) ) ;
#6047 = DIRECTION ( 'NONE',  ( -1.000000000000000000, -0.000000000000000000, -0.000000000000000000 ) ) ;
#6048 = ORIENTED_EDGE ( 'NONE', *, *, #1055, .F. ) ;
#6049 =( NAMED_UNIT ( * ) SI_UNIT ( $, .STERADIAN. ) SOLID_ANGLE_UNIT ( ) );
#6050 = FACE_OUTER_BOUND ( 'NONE', #1259, .T. ) ;
#6051 = DIRECTION ( 'NONE',  ( -6.845769268624692740E-16, 5.551115123125739315E-16, 1.000000000000000000 ) ) ;
#6052 = CARTESIAN_POINT ( 'NONE',  ( 161.6745432400439597, -0.3505830258031849000, -259.2278827181303313 ) ) ;
#6053 = EDGE_LOOP ( 'NONE', ( #9256, #4203, #10016, #553 ) ) ;
#6054 = LINE ( 'NONE', #7142, #5070 ) ;
#6055 = CARTESIAN_POINT ( 'NONE',  ( 0.9700000000000541522, 2.033886628395681129, -0.3948934297112322023 ) ) ;
#6056 = VECTOR ( 'NONE', #5362, 1000.000000000000000 ) ;
#6057 = DIRECTION ( 'NONE',  ( -9.842402700577628319E-17, 0.000000000000000000, -1.000000000000000000 ) ) ;
#6058 = EDGE_LOOP ( 'NONE', ( #2150, #5462, #2811, #5795 ) ) ;
#6059 = ADVANCED_FACE ( 'NONE', ( #7768 ), #2368, .F. ) ;
#6060 = CARTESIAN_POINT ( 'NONE',  ( 0.1119230769230948053, -5.504485756091526254E-14, -2.100000000000019629 ) ) ;
#6061 = CARTESIAN_POINT ( 'NONE',  ( 246.6723182195912898, 0.000000000000000000, -190.1763372145972539 ) ) ;
#6062 = ORIENTED_EDGE ( 'NONE', *, *, #3675, .F. ) ;
#6063 = ORIENTED_EDGE ( 'NONE', *, *, #9758, .T. ) ;
#6064 = DIRECTION ( 'NONE',  ( -0.000000000000000000, -0.000000000000000000, 1.000000000000000000 ) ) ;
#6065 = VECTOR ( 'NONE', #10950, 1000.000000000000114 ) ;
#6066 = CARTESIAN_POINT ( 'NONE',  ( 0.9700000000000541522, 2.409391591991022707, 0.1445703570425588280 ) ) ;
#6067 = DIRECTION ( 'NONE',  ( 1.000000000000000000, 2.000187765493021278E-16, -7.400880780937300593E-16 ) ) ;
#6068 = EDGE_CURVE ( 'NONE', #6742, #10260, #5894, .T. ) ;
#6069 = LINE ( 'NONE', #7880, #4048 ) ;
#6070 = EDGE_CURVE ( 'NONE', #5254, #469, #5890, .T. ) ;
#6071 = LINE ( 'NONE', #3331, #6183 ) ;
#6072 = VECTOR ( 'NONE', #8369, 1000.000000000000227 ) ;
#6073 = EDGE_LOOP ( 'NONE', ( #2469, #6326, #5866, #852 ) ) ;
#6074 = ORIENTED_EDGE ( 'NONE', *, *, #11561, .T. ) ;
#6075 = CARTESIAN_POINT ( 'NONE',  ( 0.9843342201064364527, 2.486652238561426476, -0.4525014031271507031 ) ) ;
#6076 = EDGE_LOOP ( 'NONE', ( #8547, #1304, #11294, #2372 ) ) ;
#6077 = ORIENTED_EDGE ( 'NONE', *, *, #7323, .F. ) ;
#6078 = CARTESIAN_POINT ( 'NONE',  ( 0.9700000000000541522, 2.215529865583709679, 0.2812557462897880001 ) ) ;
#6079 = ORIENTED_EDGE ( 'NONE', *, *, #172, .F. ) ;
#6080 = CARTESIAN_POINT ( 'NONE',  ( 344.4787374831155375, -1.811471490641777260, -85.12916666666667709 ) ) ;
#6081 = VERTEX_POINT ( 'NONE', #7824 ) ;
#6082 = AXIS2_PLACEMENT_3D ( 'NONE', #8933, #3277, #6986 ) ;
#6083 = CARTESIAN_POINT ( 'NONE',  ( 344.2500000000000000, -1.500000000000000444, -85.10000000000000853 ) ) ;
#6084 = ORIENTED_EDGE ( 'NONE', *, *, #8866, .F. ) ;
#6085 = PLANE ( 'NONE',  #4834 ) ;
#6086 = EDGE_CURVE ( 'NONE', #5343, #9385, #11557, .T. ) ;
#6087 = CARTESIAN_POINT ( 'NONE',  ( 344.4848499999999376, -1.719258206887685381, -259.2403827181303768 ) ) ;
#6088 = CARTESIAN_POINT ( 'NONE',  ( 296.0000000000000568, 0.000000000000000000, -179.2174660514637310 ) ) ;
#6089 = EDGE_LOOP ( 'NONE', ( #10931, #1266, #9468, #2848 ) ) ;
#6090 = PLANE ( 'NONE',  #6538 ) ;
#6091 = LINE ( 'NONE', #5421, #3667 ) ;
#6092 = CARTESIAN_POINT ( 'NONE',  ( 0.9843342201064364527, 2.300047294175100454, 0.1574800423556066420 ) ) ;
#6093 = CARTESIAN_POINT ( 'NONE',  ( 108.0308911515353856, -1.224646799147346644E-18, -52.24518781845740989 ) ) ;
#6094 = ORIENTED_EDGE ( 'NONE', *, *, #10202, .T. ) ;
#6095 = DIRECTION ( 'NONE',  ( 0.7071067811865513475, -0.000000000000000000, 0.7071067811865435759 ) ) ;
#6096 = FACE_OUTER_BOUND ( 'NONE', #5503, .T. ) ;
#6097 = LINE ( 'NONE', #5980, #5981 ) ;
#6098 = EDGE_CURVE ( 'NONE', #4761, #2733, #9714, .T. ) ;
#6099 = CYLINDRICAL_SURFACE ( 'NONE', #7138, 2.110000000000000764 ) ;
#6100 = CARTESIAN_POINT ( 'NONE',  ( 345.9999999999999432, -1.500000000000000000, -259.2174660514637026 ) ) ;
#6101 = VERTEX_POINT ( 'NONE', #10703 ) ;
#6102 = CARTESIAN_POINT ( 'NONE',  ( 0.9843342201064364527, 2.215529865583626190, 0.2812557462896769778 ) ) ;
#6103 = CARTESIAN_POINT ( 'NONE',  ( 299.4999999999999432, 0.000000000000000000, -245.7174660514637310 ) ) ;
#6104 = CARTESIAN_POINT ( 'NONE',  ( 5.000000000000004441, 0.000000000000000000, -1.750000000000000000 ) ) ;
#6105 = VERTEX_POINT ( 'NONE', #9770 ) ;
#6106 = CARTESIAN_POINT ( 'NONE',  ( 342.6250000000000000, -3.500000000000000000, -259.2674660514637139 ) ) ;
#6107 = CONICAL_SURFACE ( 'NONE', #9210, 1.499999999964547248, 0.7853981633974483900 ) ;
#6108 = DIRECTION ( 'NONE',  ( 3.380457028803539450E-16, -0.7714242457508521111, -0.6363211713181707863 ) ) ;
#6109 = ORIENTED_EDGE ( 'NONE', *, *, #6284, .F. ) ;
#6110 = CARTESIAN_POINT ( 'NONE',  ( 281.6665948878439849, 0.000000000000000000, -208.4456223450676475 ) ) ;
#6111 = CARTESIAN_POINT ( 'NONE',  ( 0.9699999999999986411, 2.463272841927182988, -0.4620023377169546475 ) ) ;
#6112 = EDGE_CURVE ( 'NONE', #1856, #8200, #1434, .T. ) ;
#6113 = EDGE_CURVE ( 'NONE', #5482, #7504, #6184, .T. ) ;
#6114 = CARTESIAN_POINT ( 'NONE',  ( 189.4999999999999716, 0.000000000000000000, -179.2174660514637310 ) ) ;
#6115 = ORIENTED_EDGE ( 'NONE', *, *, #4369, .F. ) ;
#6116 = CARTESIAN_POINT ( 'NONE',  ( 305.9999999999999432, -84.71658488546623289, -329.2174660514637594 ) ) ;
#6117 = ORIENTED_EDGE ( 'NONE', *, *, #5627, .T. ) ;
#6118 = DIRECTION ( 'NONE',  ( 6.845769268624693726E-16, -5.551115123125739315E-16, -1.000000000000000000 ) ) ;
#6119 = DIRECTION ( 'NONE',  ( -8.673617379884027583E-16, -1.000000000000000000, 0.000000000000000000 ) ) ;
#6120 = CARTESIAN_POINT ( 'NONE',  ( 167.0000000000000000, 0.000000000000000000, -233.2174660514637310 ) ) ;
#6121 = EDGE_CURVE ( 'NONE', #5466, #8794, #8313, .T. ) ;
#6122 = VECTOR ( 'NONE', #1278, 1000.000000000000000 ) ;
#6123 = ADVANCED_FACE ( 'NONE', ( #765 ), #11924, .F. ) ;
#6124 = DIRECTION ( 'NONE',  ( 1.644655055194374034E-16, -0.9313950474772354493, -0.3640099799935138103 ) ) ;
#6125 = ORIENTED_EDGE ( 'NONE', *, *, #9124, .T. ) ;
#6126 = EDGE_LOOP ( 'NONE', ( #370, #2610, #7973, #1758 ) ) ;
#6127 = CARTESIAN_POINT ( 'NONE',  ( 402.9755125916354359, -1.500000000000000000, -54.35518781845740932 ) ) ;
#6128 = ORIENTED_EDGE ( 'NONE', *, *, #5116, .F. ) ;
#6129 = EDGE_LOOP ( 'NONE', ( #9576, #190, #110, #2800 ) ) ;
#6130 = AXIS2_PLACEMENT_3D ( 'NONE', #2872, #2754, #10351 ) ;
#6131 = MANIFOLD_SOLID_BREP ( 'Cut-Extrude10', #819 ) ;
#6132 = EDGE_CURVE ( 'NONE', #11848, #3403, #4419, .T. ) ;
#6133 = LINE ( 'NONE', #8930, #220 ) ;
#6134 = VERTEX_POINT ( 'NONE', #7271 ) ;
#6135 = DIRECTION ( 'NONE',  ( 1.000000000000000000, 2.000187765493029413E-16, 6.845769268624692740E-16 ) ) ;
#6136 = ORIENTED_EDGE ( 'NONE', *, *, #1795, .F. ) ;
#6137 = DIRECTION ( 'NONE',  ( -3.836706503297411459E-17, 0.9707037360529219283, 0.2402795388977162216 ) ) ;
#6138 = ORIENTED_EDGE ( 'NONE', *, *, #7232, .F. ) ;
#6139 = EDGE_CURVE ( 'NONE', #8755, #7358, #8126, .T. ) ;
#6140 = CARTESIAN_POINT ( 'NONE',  ( 325.4999999999999432, -1.500000000000000000, -319.2174660514637026 ) ) ;
#6141 = AXIS2_PLACEMENT_3D ( 'NONE', #3223, #6935, #1581 ) ;
#6142 = CARTESIAN_POINT ( 'NONE',  ( 0.9843342201064364527, 2.483238627135203380, -0.4477264981799095045 ) ) ;
#6143 = DIRECTION ( 'NONE',  ( 0.000000000000000000, 1.000000000000000000, 6.123233995736766036E-17 ) ) ;
#6144 = ORIENTED_EDGE ( 'NONE', *, *, #4304, .T. ) ;
#6145 = LINE ( 'NONE', #7968, #8672 ) ;
#6146 = LINE ( 'NONE', #4510, #141 ) ;
#6147 = EDGE_CURVE ( 'NONE', #8456, #1936, #6423, .T. ) ;
#6148 = DIRECTION ( 'NONE',  ( 1.000000000000000000, 2.000187765493029413E-16, 6.845769268624692740E-16 ) ) ;
#6149 = EDGE_CURVE ( 'NONE', #4625, #228, #11859, .T. ) ;
#6150 = VECTOR ( 'NONE', #7218, 1000.000000000000000 ) ;
#6151 = DIRECTION ( 'NONE',  ( 0.000000000000000000, -1.000000000000000000, 0.000000000000000000 ) ) ;
#6152 = ORIENTED_EDGE ( 'NONE', *, *, #9268, .T. ) ;
#6153 = LINE ( 'NONE', #4580, #11688 ) ;
#6154 = ADVANCED_FACE ( 'NONE', ( #10884 ), #10003, .F. ) ;
#6155 = DIRECTION ( 'NONE',  ( -1.000000000000000000, -0.000000000000000000, -0.000000000000000000 ) ) ;
#6156 = CARTESIAN_POINT ( 'NONE',  ( 0.9843342201064364527, 2.418473753850569619, 0.2696685361248257751 ) ) ;
#6157 = LINE ( 'NONE', #9864, #149 ) ;
#6158 = VECTOR ( 'NONE', #6281, 1000.000000000000000 ) ;
#6159 = SHAPE_REPRESENTATION ( 'CLS-M3-1', ( #1424 ), #5326 ) ;
#6160 = VERTEX_POINT ( 'NONE', #1739 ) ;
#6161 = CARTESIAN_POINT ( 'NONE',  ( 0.9843342201064364527, 2.467563243836651488, -0.4555210470666981593 ) ) ;
#6162 = EDGE_CURVE ( 'NONE', #54, #11848, #827, .T. ) ;
#6163 = CARTESIAN_POINT ( 'NONE',  ( 0.9700000000000541522, 2.125255814197562820, 0.2850196258058906862 ) ) ;
#6164 = CARTESIAN_POINT ( 'NONE',  ( 308.4999999999998863, 0.000000000000000000, -245.7174660514637310 ) ) ;
#6165 = ORIENTED_EDGE ( 'NONE', *, *, #11365, .F. ) ;
#6166 = VECTOR ( 'NONE', #9620, 1000.000000000000000 ) ;
#6167 = CARTESIAN_POINT ( 'NONE',  ( 502.0000000000000000, 0.000000000000000000, -1.749999999999897193 ) ) ;
#6168 = CONICAL_SURFACE ( 'NONE', #8300, 3.175000000055685501, 0.7853981633974495002 ) ;
#6169 = DIRECTION ( 'NONE',  ( 0.000000000000000000, -1.000000000000000000, 0.000000000000000000 ) ) ;
#6170 = CARTESIAN_POINT ( 'NONE',  ( 161.0455478158304743, -1.291941202371259756, -259.2382993847970170 ) ) ;
#6171 = ORIENTED_EDGE ( 'NONE', *, *, #9647, .T. ) ;
#6172 = DIRECTION ( 'NONE',  ( 6.845769268624693726E-16, -5.551115123125739315E-16, -1.000000000000000000 ) ) ;
#6173 = CARTESIAN_POINT ( 'NONE',  ( 321.4999999999999432, -9.797174393178824918E-17, -321.0174660514637708 ) ) ;
#6174 = CARTESIAN_POINT ( 'NONE',  ( 0.9700000000000541522, 2.235388494119278313, 0.2243451655705858139 ) ) ;
#6175 = EDGE_LOOP ( 'NONE', ( #583, #1816, #1134, #3526 ) ) ;
#6176 = AXIS2_PLACEMENT_3D ( 'NONE', #10106, #11548, #8223 ) ;
#6177 = DIRECTION ( 'NONE',  ( 1.000000000000000000, 1.722632009336712421E-16, -4.625323219374409242E-16 ) ) ;
#6178 = EDGE_CURVE ( 'NONE', #960, #10073, #9156, .T. ) ;
#6179 = ORIENTED_EDGE ( 'NONE', *, *, #9239, .F. ) ;
#6180 = LINE ( 'NONE', #8004, #10198 ) ;
#6181 = CARTESIAN_POINT ( 'NONE',  ( 496.4999999999998295, -1.500000000000001332, -58.27983018403566717 ) ) ;
#6182 = DIRECTION ( 'NONE',  ( -9.680376540120748537E-16, -2.220446049250292373E-16, 1.000000000000000000 ) ) ;
#6183 = VECTOR ( 'NONE', #4247, 1000.000000000000000 ) ;
#6184 = LINE ( 'NONE', #10940, #8121 ) ;
#6185 = CARTESIAN_POINT ( 'NONE',  ( 279.0000000000000000, 0.000000000000000000, -179.2174660514637310 ) ) ;
#6186 = ORIENTED_EDGE ( 'NONE', *, *, #11240, .F. ) ;
#6187 = EDGE_LOOP ( 'NONE', ( #1564, #11914, #1689, #8487 ) ) ;
#6188 = CARTESIAN_POINT ( 'NONE',  ( 0.9843342201064364527, 2.380631412769562694, 0.2478931356767605232 ) ) ;
#6189 = CIRCLE ( 'NONE', #10672, 2.000000000000001776 ) ;
#6191 = ORIENTED_EDGE ( 'NONE', *, *, #9659, .T. ) ;
#6190 = VECTOR ( 'NONE', #10050, 1000.000000000000000 ) ;
#6192 = ADVANCED_FACE ( 'NONE', ( #2482 ), #4552, .F. ) ;
#6193 = LINE ( 'NONE', #5168, #5486 ) ;
#6194 = ORIENTED_EDGE ( 'NONE', *, *, #10779, .T. ) ;
#6195 = SURFACE_SIDE_STYLE ('',( #2494 ) ) ;
#6196 = DIRECTION ( 'NONE',  ( -0.000000000000000000, -1.000000000000000000, -0.000000000000000000 ) ) ;
#6197 = ORIENTED_EDGE ( 'NONE', *, *, #8080, .F. ) ;
#6198 = CARTESIAN_POINT ( 'NONE',  ( 2.470000000000055707, 1.700440880331027804, -0.9817499999997536531 ) ) ;
#6199 = ORIENTED_EDGE ( 'NONE', *, *, #7000, .T. ) ;
#6200 = CARTESIAN_POINT ( 'NONE',  ( 341.0000000000000000, 0.000000000000000000, -329.2174660514637594 ) ) ;
#6201 = VECTOR ( 'NONE', #2784, 1000.000000000000114 ) ;
#6202 = DIRECTION ( 'NONE',  ( 0.000000000000000000, 0.000000000000000000, -1.000000000000000000 ) ) ;
#6203 = CARTESIAN_POINT ( 'NONE',  ( 198.4999999999999432, -1.500000000000000000, -194.2174660514637310 ) ) ;
#6204 = ORIENTED_EDGE ( 'NONE', *, *, #3419, .T. ) ;
#6205 = DIRECTION ( 'NONE',  ( 1.000000000000000000, 0.000000000000000000, 0.000000000000000000 ) ) ;
#6206 = EDGE_CURVE ( 'NONE', #10236, #9228, #5394, .T. ) ;
#6207 = LINE ( 'NONE', #4384, #6951 ) ;
#6208 = CARTESIAN_POINT ( 'NONE',  ( 2.470000000000027729, -1.725772238865302954, -0.9378747999921333012 ) ) ;
#6209 = VECTOR ( 'NONE', #1587, 1000.000000000000000 ) ;
#6210 = CARTESIAN_POINT ( 'NONE',  ( 0.9700000000000541522, 1.975537752030215310, -7.167110113726060661E-06 ) ) ;
#6211 = ORIENTED_EDGE ( 'NONE', *, *, #6739, .T. ) ;
#6212 = DIRECTION ( 'NONE',  ( 0.000000000000000000, 0.000000000000000000, 1.000000000000000000 ) ) ;
#6213 = DIRECTION ( 'NONE',  ( 1.000000000000000000, 2.000187765493021278E-16, -7.400880780937300593E-16 ) ) ;
#6214 = CARTESIAN_POINT ( 'NONE',  ( 0.9699999999999986411, 2.483238627135203380, -0.4477264981799095045 ) ) ;
#6215 = CARTESIAN_POINT ( 'NONE',  ( 0.9699999999999986411, 2.472865152089859464, -0.4640019752579910284 ) ) ;
#6216 = EDGE_CURVE ( 'NONE', #3718, #7182, #10261, .T. ) ;
#6217 = CIRCLE ( 'NONE', #4091, 2.110000000000000764 ) ;
#6218 = ADVANCED_FACE ( 'NONE', ( #3024, #2791 ), #3889, .F. ) ;
#6219 = ORIENTED_EDGE ( 'NONE', *, *, #4277, .T. ) ;
#6220 = ORIENTED_EDGE ( 'NONE', *, *, #948, .F. ) ;
#6221 = EDGE_CURVE ( 'NONE', #3023, #5197, #3766, .T. ) ;
#6222 = CARTESIAN_POINT ( 'NONE',  ( 162.5269432740975617, -1.619503335309179670, -85.11666666666670267 ) ) ;
#6223 = CARTESIAN_POINT ( 'NONE',  ( 0.9700000000000541522, 2.523629592551229983, 0.3459275904864889117 ) ) ;
#6224 = LINE ( 'NONE', #6164, #3161 ) ;
#6225 = ORIENTED_EDGE ( 'NONE', *, *, #6748, .F. ) ;
#6226 = AXIS2_PLACEMENT_3D ( 'NONE', #1051, #4779, #8483 ) ;
#6227 = CARTESIAN_POINT ( 'NONE',  ( 344.2500000000000000, -2.000000000000000000, -259.2674660514637139 ) ) ;
#6228 = FACE_BOUND ( 'NONE', #5652, .T. ) ;
#6229 = PLANE ( 'NONE',  #1641 ) ;
#6230 = DIRECTION ( 'NONE',  ( -1.000000000000000000, -2.000187765493021278E-16, 7.400880780937300593E-16 ) ) ;
#6231 = DIRECTION ( 'NONE',  ( -0.7071067811865435759, 0.000000000000000000, -0.7071067811865514585 ) ) ;
#6232 = ADVANCED_FACE ( 'NONE', ( #2974 ), #8438, .F. ) ;
#6233 = CARTESIAN_POINT ( 'NONE',  ( 210.8265096880607814, 0.000000000000000000, -228.4456223450676191 ) ) ;
#6234 = VECTOR ( 'NONE', #9637, 1000.000000000000000 ) ;
#6235 = ORIENTED_EDGE ( 'NONE', *, *, #9206, .T. ) ;
#6236 = FACE_OUTER_BOUND ( 'NONE', #6268, .T. ) ;
#6237 = ORIENTED_EDGE ( 'NONE', *, *, #5644, .T. ) ;
#6238 = CARTESIAN_POINT ( 'NONE',  ( 300.9999999999999432, -84.71658488546623289, -259.2174660514637026 ) ) ;
#6239 = CARTESIAN_POINT ( 'NONE',  ( 266.6723182195912614, 0.000000000000000000, -190.1763372145972824 ) ) ;
#6240 = VECTOR ( 'NONE', #9095, 1000.000000000000000 ) ;
#6241 = DIRECTION ( 'NONE',  ( 0.000000000000000000, 0.000000000000000000, 1.000000000000000000 ) ) ;
#6242 = ORIENTED_EDGE ( 'NONE', *, *, #2313, .T. ) ;
#6243 = DIRECTION ( 'NONE',  ( 0.000000000000000000, 0.000000000000000000, -1.000000000000000000 ) ) ;
#6244 = EDGE_CURVE ( 'NONE', #10590, #1646, #2502, .T. ) ;
#6245 = EDGE_LOOP ( 'NONE', ( #8999, #9692 ) ) ;
#6246 = LINE ( 'NONE', #3708, #7432 ) ;
#6247 = CARTESIAN_POINT ( 'NONE',  ( 2.470000000000055707, 1.936365843134446596, -1.024632836696709459 ) ) ;
#6248 = VECTOR ( 'NONE', #1265, 1000.000000000000114 ) ;
#6249 = ORIENTED_EDGE ( 'NONE', *, *, #7152, .F. ) ;
#6250 = CARTESIAN_POINT ( 'NONE',  ( 0.9843342201064919639, 2.421942635116219655, 0.2887058138483500347 ) ) ;
#6251 = VERTEX_POINT ( 'NONE', #4857 ) ;
#6252 = DIRECTION ( 'NONE',  ( -1.000000000000000000, 0.000000000000000000, 0.000000000000000000 ) ) ;
#6253 = VERTEX_POINT ( 'NONE', #11254 ) ;
#6254 = CARTESIAN_POINT ( 'NONE',  ( 498.4999999999998295, 0.000000000000000000, -58.27983018403566717 ) ) ;
#6255 = ORIENTED_EDGE ( 'NONE', *, *, #9182, .F. ) ;
#6256 = VECTOR ( 'NONE', #11737, 1000.000000000000000 ) ;
#6257 = VECTOR ( 'NONE', #9295, 1000.000000000000000 ) ;
#6258 = CARTESIAN_POINT ( 'NONE',  ( 162.5208842375895699, -3.500000000000000000, -259.2653823425420683 ) ) ;
#6259 = EDGE_CURVE ( 'NONE', #9718, #10826, #2897, .T. ) ;
#6260 = CARTESIAN_POINT ( 'NONE',  ( 344.4552087333050281, -1.868274917540105884, -259.2507993847970624 ) ) ;
#6261 = ADVANCED_FACE ( 'NONE', ( #6554 ), #1867, .F. ) ;
#6262 = CARTESIAN_POINT ( 'NONE',  ( 2.450949999999951778, -1.792384863908286219, -0.8224983489919512891 ) ) ;
#6263 = PLANE ( 'NONE',  #5768 ) ;
#6264 = FACE_OUTER_BOUND ( 'NONE', #3041, .T. ) ;
#6265 = AXIS2_PLACEMENT_3D ( 'NONE', #9711, #5099, #635 ) ;
#6266 = LINE ( 'NONE', #4636, #9153 ) ;
#6267 =( GEOMETRIC_REPRESENTATION_CONTEXT ( 3 ) GLOBAL_UNCERTAINTY_ASSIGNED_CONTEXT ( ( #4554 ) ) GLOBAL_UNIT_ASSIGNED_CONTEXT ( ( #10318, #68, #3758 ) ) REPRESENTATION_CONTEXT ( 'NONE', 'WORKASPACE' ) );
#6268 = EDGE_LOOP ( 'NONE', ( #308, #6451, #5247, #5927 ) ) ;
#6269 = CARTESIAN_POINT ( 'NONE',  ( 0.9843342201064364527, 2.172282090100758012, -0.05453024012860852032 ) ) ;
#6270 = ORIENTED_EDGE ( 'NONE', *, *, #234, .F. ) ;
#6271 = ADVANCED_BREP_SHAPE_REPRESENTATION ( '', ( #2123, #1424 ), #5326 ) ;
#6272 =( NAMED_UNIT ( * ) SI_UNIT ( $, .STERADIAN. ) SOLID_ANGLE_UNIT ( ) );
#6273 = CARTESIAN_POINT ( 'NONE',  ( 301.6665948878440986, -1.500000000000000000, -228.4456223450676191 ) ) ;
#6274 = CARTESIAN_POINT ( 'NONE',  ( 0.9699999999999986411, 2.483238627135203380, -0.4785059732241398467 ) ) ;
#6275 = ADVANCED_FACE ( 'NONE', ( #4914 ), #2913, .F. ) ;
#6276 = FACE_OUTER_BOUND ( 'NONE', #552, .T. ) ;
#6277 = VERTEX_POINT ( 'NONE', #8377 ) ;
#6278 = VERTEX_POINT ( 'NONE', #3823 ) ;
#6279 = VECTOR ( 'NONE', #8185, 1000.000000000000000 ) ;
#6280 = CARTESIAN_POINT ( 'NONE',  ( 2.470000000000027729, 4.996003610813204432E-13, 1.963499999999889001 ) ) ;
#6281 = DIRECTION ( 'NONE',  ( -1.000000000000000000, -2.000187765493021278E-16, 7.400880780937300593E-16 ) ) ;
#6282 = CARTESIAN_POINT ( 'NONE',  ( 402.9755125916354359, -1.500000000000000000, -54.35518781845740932 ) ) ;
#6283 = DIRECTION ( 'NONE',  ( 0.000000000000000000, 0.000000000000000000, 1.000000000000000000 ) ) ;
#6284 = EDGE_CURVE ( 'NONE', #5553, #8021, #5577, .T. ) ;
#6285 = ORIENTED_EDGE ( 'NONE', *, *, #4939, .F. ) ;
#6286 = EDGE_CURVE ( 'NONE', #8777, #8103, #9287, .T. ) ;
#6287 = PLANE ( 'NONE',  #3192 ) ;
#6288 = PLANE ( 'NONE',  #3900 ) ;
#6289 = PLANE ( 'NONE',  #7837 ) ;
#6290 = CARTESIAN_POINT ( 'NONE',  ( 0.9700000000000541522, 2.453637029193628472, 0.1626438018062364987 ) ) ;
#6291 = DIRECTION ( 'NONE',  ( 1.000000000000000000, 2.000187765493021278E-16, -7.400880780937300593E-16 ) ) ;
#6292 = VECTOR ( 'NONE', #10114, 1000.000000000000000 ) ;
#6293 = EDGE_CURVE ( 'NONE', #3772, #4021, #5701, .T. ) ;
#6294 = EDGE_LOOP ( 'NONE', ( #8042, #9997, #8128, #398 ) ) ;
#6295 = DIRECTION ( 'NONE',  ( -8.673617379884027583E-16, -1.000000000000000000, 0.000000000000000000 ) ) ;
#6296 = ORIENTED_EDGE ( 'NONE', *, *, #5732, .T. ) ;
#6297 = FACE_OUTER_BOUND ( 'NONE', #8570, .T. ) ;
#6298 = EDGE_CURVE ( 'NONE', #8103, #2814, #956, .T. ) ;
#6299 = EDGE_CURVE ( 'NONE', #2519, #287, #10859, .T. ) ;
#6300 = DIRECTION ( 'NONE',  ( -0.000000000000000000, 1.000000000000000000, -0.000000000000000000 ) ) ;
#6301 = LINE ( 'NONE', #6239, #11569 ) ;
#6302 = FACE_OUTER_BOUND ( 'NONE', #7046, .T. ) ;
#6303 = ADVANCED_FACE ( 'NONE', ( #204 ), #9404, .F. ) ;
#6304 = DIRECTION ( 'NONE',  ( 0.000000000000000000, 0.000000000000000000, -1.000000000000000000 ) ) ;
#6305 = VECTOR ( 'NONE', #4608, 1000.000000000000000 ) ;
#6306 = VECTOR ( 'NONE', #10064, 1000.000000000000000 ) ;
#6307 = VERTEX_POINT ( 'NONE', #7462 ) ;
#6308 = EDGE_LOOP ( 'NONE', ( #8666, #8564, #7524, #1772 ) ) ;
#6309 = FACE_OUTER_BOUND ( 'NONE', #1573, .T. ) ;
#6310 = ORIENTED_EDGE ( 'NONE', *, *, #11513, .F. ) ;
#6311 = ORIENTED_EDGE ( 'NONE', *, *, #6574, .F. ) ;
#6312 = PLANE ( 'NONE',  #8979 ) ;
#6313 = EDGE_CURVE ( 'NONE', #11637, #7322, #11377, .T. ) ;
#6314 = VECTOR ( 'NONE', #1238, 1000.000000000000114 ) ;
#6315 = CARTESIAN_POINT ( 'NONE',  ( 344.4848499999999376, -1.780741793112315063, -85.12708333333334565 ) ) ;
#6316 = VERTEX_POINT ( 'NONE', #2112 ) ;
#6317 = ORIENTED_EDGE ( 'NONE', *, *, #8354, .F. ) ;
#6318 = CARTESIAN_POINT ( 'NONE',  ( 161.3385880231672616, -2.834674960755706241, -259.2528827181303654 ) ) ;
#6319 = CARTESIAN_POINT ( 'NONE',  ( 198.4999999999999432, 0.000000000000000000, -179.2174660514637310 ) ) ;
#6320 = EDGE_LOOP ( 'NONE', ( #2031, #4867, #3196, #4352 ) ) ;
#6321 = VECTOR ( 'NONE', #10042, 1000.000000000000000 ) ;
#6322 = FACE_OUTER_BOUND ( 'NONE', #1730, .T. ) ;
#6323 = ORIENTED_EDGE ( 'NONE', *, *, #3966, .F. ) ;
#6324 = DIRECTION ( 'NONE',  ( 1.000000000000000000, 2.000187765493021278E-16, -7.400880780937300593E-16 ) ) ;
#6325 = DIRECTION ( 'NONE',  ( 1.000000000000000000, 2.000187765493021278E-16, -7.400880780937300593E-16 ) ) ;
#6326 = ORIENTED_EDGE ( 'NONE', *, *, #6828, .T. ) ;
#6327 = EDGE_CURVE ( 'NONE', #7287, #3172, #5822, .T. ) ;
#6328 = DIRECTION ( 'NONE',  ( -1.000000000000000000, 0.000000000000000000, -0.000000000000000000 ) ) ;
#6329 = ORIENTED_EDGE ( 'NONE', *, *, #5222, .F. ) ;
#6330 = CARTESIAN_POINT ( 'NONE',  ( 2.450949999999840756, 0.03232682635359584999, 2.417505155565331965 ) ) ;
#6331 = VECTOR ( 'NONE', #10893, 1000.000000000000000 ) ;
#6332 = CARTESIAN_POINT ( 'NONE',  ( 2.470000000016625563, 1.942890293094023946E-13, 3.608224830031758756E-13 ) ) ;
#6333 = DIRECTION ( 'NONE',  ( 1.231038660478258832E-16, 0.000000000000000000, 1.000000000000000000 ) ) ;
#6334 = CARTESIAN_POINT ( 'NONE',  ( 2.470000000000027729, -1.848407460854545326, -1.067178545096761244 ) ) ;
#6335 = DIRECTION ( 'NONE',  ( -0.000000000000000000, 1.000000000000000000, -0.000000000000000000 ) ) ;
#6336 = ORIENTED_EDGE ( 'NONE', *, *, #1822, .T. ) ;
#6337 = VECTOR ( 'NONE', #7418, 1000.000000000000227 ) ;
#6338 = LINE ( 'NONE', #8960, #6758 ) ;
#6339 = EDGE_CURVE ( 'NONE', #1438, #4776, #1322, .T. ) ;
#6340 = EDGE_CURVE ( 'NONE', #3700, #4542, #4972, .T. ) ;
#6341 = DIRECTION ( 'NONE',  ( 0.000000000000000000, 0.000000000000000000, 1.000000000000000000 ) ) ;
#6342 = DIRECTION ( 'NONE',  ( 0.000000000000000000, -1.000000000000000000, -6.123233995736766036E-17 ) ) ;
#6343 = ORIENTED_EDGE ( 'NONE', *, *, #1520, .T. ) ;
#6344 = FACE_OUTER_BOUND ( 'NONE', #7348, .T. ) ;
#6345 = LINE ( 'NONE', #4718, #7575 ) ;
#6346 = CARTESIAN_POINT ( 'NONE',  ( 9.713178760686323601E-16, -5.572026907377893273E-14, 2.100000000000000089 ) ) ;
#6347 =( LENGTH_UNIT ( ) NAMED_UNIT ( * ) SI_UNIT ( .MILLI., .METRE. ) );
#6348 = LINE ( 'NONE', #3748, #6190 ) ;
#6349 = LINE ( 'NONE', #10051, #5864 ) ;
#6350 = EDGE_LOOP ( 'NONE', ( #9841, #8974, #850, #11562 ) ) ;
#6351 = CARTESIAN_POINT ( 'NONE',  ( 498.4999999999998295, -2.449293598294707770E-17, -58.27983018403566717 ) ) ;
#6352 = VERTEX_POINT ( 'NONE', #5189 ) ;
#6353 = CIRCLE ( 'NONE', #3440, 1.229499999965364854 ) ;
#6354 = EDGE_CURVE ( 'NONE', #6641, #3923, #2173, .T. ) ;
#6355 = DIRECTION ( 'NONE',  ( -1.000000000000000000, -2.000187765493021278E-16, 7.400880780937300593E-16 ) ) ;
#6356 = DIRECTION ( 'NONE',  ( 4.619824724853956341E-16, 0.8660254037844391517, -0.4999999999999992228 ) ) ;
#6357 = CARTESIAN_POINT ( 'NONE',  ( 0.9700000000000541522, 2.520332721926727082, 0.2680507760427636166 ) ) ;
#6358 = CARTESIAN_POINT ( 'NONE',  ( 288.0000000000000568, -1.500000000000000000, -179.2174660514637310 ) ) ;
#6359 = CARTESIAN_POINT ( 'NONE',  ( 0.9699999999999986411, 2.485296480058379665, -0.4476606227659940540 ) ) ;
#6360 = ORIENTED_EDGE ( 'NONE', *, *, #8980, .T. ) ;
#6361 = DIRECTION ( 'NONE',  ( 0.000000000000000000, -1.000000000000000000, 0.000000000000000000 ) ) ;
#6362 = CARTESIAN_POINT ( 'NONE',  ( 345.9999999999999432, 0.000000000000000000, -324.2174660514637594 ) ) ;
#6363 = VECTOR ( 'NONE', #11222, 1000.000000000000000 ) ;
#6364 = VECTOR ( 'NONE', #7679, 1000.000000000000000 ) ;
#6365 = EDGE_CURVE ( 'NONE', #6929, #3357, #5369, .T. ) ;
#6366 = EDGE_CURVE ( 'NONE', #9873, #4500, #10914, .T. ) ;
#6367 = ORIENTED_EDGE ( 'NONE', *, *, #6818, .T. ) ;
#6368 = ORIENTED_EDGE ( 'NONE', *, *, #10480, .T. ) ;
#6369 = PLANE ( 'NONE',  #4993 ) ;
#6370 = VERTEX_POINT ( 'NONE', #7007 ) ;
#6371 = ORIENTED_EDGE ( 'NONE', *, *, #6284, .T. ) ;
#6372 = DIRECTION ( 'NONE',  ( 1.000000000000000000, 0.000000000000000000, 0.000000000000000000 ) ) ;
#6373 = VECTOR ( 'NONE', #1341, 999.9999999999998863 ) ;
#6374 = CARTESIAN_POINT ( 'NONE',  ( 167.0000000000000000, 0.000000000000000000, -242.2174660514637310 ) ) ;
#6375 = CARTESIAN_POINT ( 'NONE',  ( 0.9699999999999986411, 2.478099059916527569, -0.4493755085220041412 ) ) ;
#6376 = ORIENTED_EDGE ( 'NONE', *, *, #2790, .F. ) ;
#6377 = ORIENTED_EDGE ( 'NONE', *, *, #7629, .F. ) ;
#6378 = CARTESIAN_POINT ( 'NONE',  ( 161.2208738203800920, -2.631333215649083179, -259.2507993847970056 ) ) ;
#6379 = LINE ( 'NONE', #7476, #8343 ) ;
#6380 = AXIS2_PLACEMENT_3D ( 'NONE', #3944, #9526, #1192 ) ;
#6381 = EDGE_CURVE ( 'NONE', #9499, #8317, #10855, .T. ) ;
#6382 = CIRCLE ( 'NONE', #11069, 0.03983479767572151858 ) ;
#6383 = VERTEX_POINT ( 'NONE', #6215 ) ;
#6384 = PLANE ( 'NONE',  #11794 ) ;
#6385 = ORIENTED_EDGE ( 'NONE', *, *, #11578, .F. ) ;
#6386 = DIRECTION ( 'NONE',  ( 7.401486830834371151E-15, -0.000000000000000000, 1.000000000000000000 ) ) ;
#6387 = ORIENTED_EDGE ( 'NONE', *, *, #8679, .F. ) ;
#6388 = CARTESIAN_POINT ( 'NONE',  ( 296.0000000000000568, 0.000000000000000000, -179.2174660514637310 ) ) ;
#6389 = ORIENTED_EDGE ( 'NONE', *, *, #3473, .T. ) ;
#6390 = CIRCLE ( 'NONE', #9103, 2.064999999980975609 ) ;
#6391 = LINE ( 'NONE', #1707, #2335 ) ;
#6392 = CARTESIAN_POINT ( 'NONE',  ( 243.4999999999999716, 0.000000000000000000, -174.2174660514637310 ) ) ;
#6393 = CARTESIAN_POINT ( 'NONE',  ( 2.470000000000027729, -0.1043506507307778719, 2.068330963623847385 ) ) ;
#6394 = CARTESIAN_POINT ( 'NONE',  ( 161.2208738203800635, -2.631333215649074742, -85.13333333333333997 ) ) ;
#6395 = DIRECTION ( 'NONE',  ( 0.000000000000000000, 0.000000000000000000, 1.000000000000000000 ) ) ;
#6396 = ADVANCED_FACE ( 'NONE', ( #11712 ), #8039, .F. ) ;
#6397 = VECTOR ( 'NONE', #3094, 1000.000000000000114 ) ;
#6398 = ORIENTED_EDGE ( 'NONE', *, *, #5418, .T. ) ;
#6399 = DIRECTION ( 'NONE',  ( 6.394802481825513173E-17, -0.9514311915324672464, -0.3078614749836516840 ) ) ;
#6400 = ORIENTED_EDGE ( 'NONE', *, *, #75, .T. ) ;
#6401 = CARTESIAN_POINT ( 'NONE',  ( 8.499999999999285905, -2.449293598294707770E-17, -78.66964398456984497 ) ) ;
#6402 = ORIENTED_EDGE ( 'NONE', *, *, #9465, .F. ) ;
#6403 = FACE_OUTER_BOUND ( 'NONE', #5568, .T. ) ;
#6404 = LINE ( 'NONE', #10113, #9519 ) ;
#6405 = CARTESIAN_POINT ( 'NONE',  ( 338.4999999999999432, 0.000000000000000000, -248.3528208825323418 ) ) ;
#6406 = CARTESIAN_POINT ( 'NONE',  ( 0.9843342201064364527, 2.486879519042556552, 0.1903914117196842115 ) ) ;
#6407 = AXIS2_PLACEMENT_3D ( 'NONE', #11033, #2625, #2756 ) ;
#6408 = CARTESIAN_POINT ( 'NONE',  ( 2.450950000000007289, -1.857789974495593910, -0.7092133743810680180 ) ) ;
#6409 = DIRECTION ( 'NONE',  ( -5.678280449645381938E-16, 0.4778152549999977738, 0.8784603474769291376 ) ) ;
#6410 = EDGE_CURVE ( 'NONE', #2219, #2922, #7128, .T. ) ;
#6411 = ADVANCED_FACE ( 'NONE', ( #10731 ), #9071, .T. ) ;
#6412 = DIRECTION ( 'NONE',  ( 0.000000000000000000, 0.000000000000000000, -1.000000000000000000 ) ) ;
#6413 = ORIENTED_EDGE ( 'NONE', *, *, #3091, .T. ) ;
#6414 = CARTESIAN_POINT ( 'NONE',  ( 161.6653250392442658, -3.161411976832769533, -85.13958333333336270 ) ) ;
#6415 = VECTOR ( 'NONE', #6137, 1000.000000000000114 ) ;
#6416 = ORIENTED_EDGE ( 'NONE', *, *, #4154, .T. ) ;
#6417 = FACE_OUTER_BOUND ( 'NONE', #8772, .T. ) ;
#6418 = CARTESIAN_POINT ( 'NONE',  ( 2.450950000000090334, 1.677594408828753103, -1.222539689753984860 ) ) ;
#6419 = LINE ( 'NONE', #8371, #4940 ) ;
#6420 = CARTESIAN_POINT ( 'NONE',  ( 498.4999999999998295, -1.500000000000001332, -56.27983018403566717 ) ) ;
#6421 = DIRECTION ( 'NONE',  ( 1.167520497023887139E-16, 1.000000000000000000, -2.886579864025370323E-15 ) ) ;
#6422 = VERTEX_POINT ( 'NONE', #4391 ) ;
#6423 = LINE ( 'NONE', #6362, #2701 ) ;
#6424 = STYLED_ITEM ( 'NONE', ( #9009 ), #8963 ) ;
#6425 = ADVANCED_FACE ( 'NONE', ( #6276 ), #9923, .F. ) ;
#6426 = CARTESIAN_POINT ( 'NONE',  ( 0.9700000000000541522, 2.224161932931678631, 0.2483908197990492006 ) ) ;
#6427 = ORIENTED_EDGE ( 'NONE', *, *, #10204, .F. ) ;
#6428 = DIRECTION ( 'NONE',  ( 1.302670539013764741E-16, 0.9998156855907736063, 0.01919882409553617594 ) ) ;
#6429 = LINE ( 'NONE', #10075, #6150 ) ;
#6430 = ORIENTED_EDGE ( 'NONE', *, *, #9182, .T. ) ;
#6431 = VERTEX_POINT ( 'NONE', #11650 ) ;
#6432 = DIRECTION ( 'NONE',  ( 9.057823736341609922E-17, 0.9940433422475589698, 0.1089854748730416656 ) ) ;
#6433 = VECTOR ( 'NONE', #9315, 1000.000000000000114 ) ;
#6434 = CARTESIAN_POINT ( 'NONE',  ( 2.450950000000035267, 2.079570488202703515, -1.107312077076247459 ) ) ;
#6435 = CARTESIAN_POINT ( 'NONE',  ( 338.4999999999999432, 0.000000000000000000, -250.4628208825323554 ) ) ;
#6436 = VERTEX_POINT ( 'NONE', #3079 ) ;
#6437 = EDGE_CURVE ( 'NONE', #3893, #8456, #1591, .T. ) ;
#6438 = EDGE_CURVE ( 'NONE', #2524, #11659, #3300, .T. ) ;
#6439 = ORIENTED_EDGE ( 'NONE', *, *, #3815, .F. ) ;
#6440 = CARTESIAN_POINT ( 'NONE',  ( 161.3385880231672616, -0.6653250392442942029, -259.2320493847969942 ) ) ;
#6441 = DIRECTION ( 'NONE',  ( 0.000000000000000000, -1.000000000000000000, 0.000000000000000000 ) ) ;
#6442 = VECTOR ( 'NONE', #6925, 1000.000000000000000 ) ;
#6443 = VECTOR ( 'NONE', #282, 1000.000000000000000 ) ;
#6444 = ORIENTED_EDGE ( 'NONE', *, *, #9072, .T. ) ;
#6445 = LINE ( 'NONE', #9116, #7694 ) ;
#6446 = VERTEX_POINT ( 'NONE', #9805 ) ;
#6447 = DIRECTION ( 'NONE',  ( -6.845769268624693726E-16, 5.551115123125739315E-16, 1.000000000000000000 ) ) ;
#6448 = LINE ( 'NONE', #1704, #5285 ) ;
#6449 = ORIENTED_EDGE ( 'NONE', *, *, #10231, .T. ) ;
#6450 = DIRECTION ( 'NONE',  ( 4.992923249690979017E-16, -0.5000000000000058842, -0.8660254037844352659 ) ) ;
#6451 = ORIENTED_EDGE ( 'NONE', *, *, #5472, .T. ) ;
#6452 = VECTOR ( 'NONE', #9656, 1000.000000000000000 ) ;
#6453 = EDGE_CURVE ( 'NONE', #5094, #6846, #7697, .T. ) ;
#6454 = CARTESIAN_POINT ( 'NONE',  ( 0.9699999999999986411, 2.486652238561370964, -0.4525014031271090698 ) ) ;
#6455 = LINE ( 'NONE', #106, #1579 ) ;
#6456 = PLANE ( 'NONE',  #10249 ) ;
#6457 = FACE_OUTER_BOUND ( 'NONE', #9897, .T. ) ;
#6458 = EDGE_CURVE ( 'NONE', #6160, #3064, #6799, .T. ) ;
#6459 = CARTESIAN_POINT ( 'NONE',  ( 0.9699999999999986411, 2.471364892679961400, -0.4643037271511718522 ) ) ;
#6460 = ORIENTED_EDGE ( 'NONE', *, *, #5681, .T. ) ;
#6461 = CARTESIAN_POINT ( 'NONE',  ( 2.450950000000007289, 1.955864932623119223, -1.196427175165007295 ) ) ;
#6462 = DIRECTION ( 'NONE',  ( -0.000000000000000000, -1.000000000000000000, -0.000000000000000000 ) ) ;
#6463 = VERTEX_POINT ( 'NONE', #7980 ) ;
#6464 = PLANE ( 'NONE',  #10415 ) ;
#6465 = VERTEX_POINT ( 'NONE', #7070 ) ;
#6466 = EDGE_CURVE ( 'NONE', #8801, #4021, #6157, .T. ) ;
#6467 = LINE ( 'NONE', #12022, #458 ) ;
#6468 = DIRECTION ( 'NONE',  ( 1.000000000000000000, 0.000000000000000000, 0.000000000000000000 ) ) ;
#6469 = CARTESIAN_POINT ( 'NONE',  ( 0.9700000000000541522, 2.393289962545313898, 0.2511517339338631416 ) ) ;
#6470 = LINE ( 'NONE', #1974, #4754 ) ;
#6471 = VECTOR ( 'NONE', #10700, 1000.000000000000000 ) ;
#6472 = FACE_BOUND ( 'NONE', #5084, .T. ) ;
#6473 = ORIENTED_EDGE ( 'NONE', *, *, #272, .F. ) ;
#6474 = LINE ( 'NONE', #6725, #1296 ) ;
#6475 = VERTEX_POINT ( 'NONE', #5252 ) ;
#6476 = LINE ( 'NONE', #690, #3398 ) ;
#6477 = SURFACE_STYLE_USAGE ( .BOTH. , #9456 ) ;
#6478 = ORIENTED_EDGE ( 'NONE', *, *, #11315, .F. ) ;
#6479 = EDGE_CURVE ( 'NONE', #9657, #9718, #8957, .T. ) ;
#6480 = DIRECTION ( 'NONE',  ( 6.845769268624692740E-16, -5.551115123125739315E-16, -1.000000000000000000 ) ) ;
#6481 = EDGE_CURVE ( 'NONE', #1151, #6489, #5674, .T. ) ;
#6482 = CARTESIAN_POINT ( 'NONE',  ( 502.0000000000000000, -2.000000000000000000, -3.375000000000034639 ) ) ;
#6483 = FACE_OUTER_BOUND ( 'NONE', #11179, .T. ) ;
#6484 = CARTESIAN_POINT ( 'NONE',  ( 206.0000000000000284, -84.71658488546623289, -324.2174660514637594 ) ) ;
#6485 = ORIENTED_EDGE ( 'NONE', *, *, #2416, .T. ) ;
#6486 = LINE ( 'NONE', #10196, #150 ) ;
#6487 = CARTESIAN_POINT ( 'NONE',  ( 0.9700000000000263967, -1.387778780781445676E-13, 2.498001805406602216E-13 ) ) ;
#6488 = CARTESIAN_POINT ( 'NONE',  ( 261.0000000000000568, 0.000000000000000000, -174.2174660514637310 ) ) ;
#6489 = VERTEX_POINT ( 'NONE', #10229 ) ;
#6490 = CARTESIAN_POINT ( 'NONE',  ( 1.624750000000011241, -1.380728864575075780E-13, -3.174999999999890576 ) ) ;
#6491 = ORIENTED_EDGE ( 'NONE', *, *, #8002, .F. ) ;
#6492 = EDGE_LOOP ( 'NONE', ( #4902, #1358, #6553, #2735 ) ) ;
#6493 = LINE ( 'NONE', #11080, #9364 ) ;
#6494 = ADVANCED_FACE ( 'NONE', ( #2762 ), #1834, .F. ) ;
#6495 = EDGE_CURVE ( 'NONE', #1153, #1167, #6588, .T. ) ;
#6496 = CARTESIAN_POINT ( 'NONE',  ( 0.9700000000000541522, 2.417556363763257110, 0.2676931372518620567 ) ) ;
#6497 = LINE ( 'NONE', #4499, #2792 ) ;
#6498 = ORIENTED_EDGE ( 'NONE', *, *, #257, .T. ) ;
#6499 = STYLED_ITEM ( 'NONE', ( #10438 ), #354 ) ;
#6500 = ORIENTED_EDGE ( 'NONE', *, *, #3103, .F. ) ;
#6501 = AXIS2_PLACEMENT_3D ( 'NONE', #11251, #8557, #260 ) ;
#6502 = CARTESIAN_POINT ( 'NONE',  ( 161.0000000000000284, -1.979074464324255711, -259.2445493847970397 ) ) ;
#6503 = DIRECTION ( 'NONE',  ( 0.000000000000000000, 0.000000000000000000, -1.000000000000000000 ) ) ;
#6504 = EDGE_LOOP ( 'NONE', ( #10553, #11490, #497, #10268, #1877 ) ) ;
#6505 = EDGE_CURVE ( 'NONE', #11932, #1688, #1895, .T. ) ;
#6506 = DIRECTION ( 'NONE',  ( 4.992923249690979017E-16, -0.5000000000000059952, -0.8660254037844352659 ) ) ;
#6507 = EDGE_LOOP ( 'NONE', ( #2084, #11588 ) ) ;
#6508 = VECTOR ( 'NONE', #8916, 1000.000000000000000 ) ;
#6509 = LINE ( 'NONE', #10154, #2694 ) ;
#6510 = FACE_OUTER_BOUND ( 'NONE', #6129, .T. ) ;
#6511 = VERTEX_POINT ( 'NONE', #1771 ) ;
#6512 = EDGE_CURVE ( 'NONE', #157, #8795, #4648, .T. ) ;
#6513 = DIRECTION ( 'NONE',  ( 7.433635759651520505E-16, 0.01986201646593062364, -0.9998027306933638947 ) ) ;
#6514 = ORIENTED_EDGE ( 'NONE', *, *, #172, .T. ) ;
#6515 = LINE ( 'NONE', #10224, #5442 ) ;
#6516 = CARTESIAN_POINT ( 'NONE',  ( 0.9843342201064364527, 2.503720345611720965, -0.4496411351883611296 ) ) ;
#6517 = DIRECTION ( 'NONE',  ( 1.000000000000000000, 1.722632009336712421E-16, -4.625323219374409242E-16 ) ) ;
#6518 = AXIS2_PLACEMENT_3D ( 'NONE', #9855, #10785, #1584 ) ;
#6519 = CARTESIAN_POINT ( 'NONE',  ( 316.1545311035279724, -1.500000000000000000, -208.4456223450676475 ) ) ;
#6520 = DIRECTION ( 'NONE',  ( -5.140241767647238086E-16, -0.8660254037844209440, 0.5000000000000306422 ) ) ;
#6521 = EDGE_CURVE ( 'NONE', #593, #9117, #7306, .T. ) ;
#6522 = ADVANCED_FACE ( 'NONE', ( #2631 ), #9128, .F. ) ;
#6523 = DIRECTION ( 'NONE',  ( 7.092527854639317895E-16, 0.5611319948292396997, -0.8277263342306792060 ) ) ;
#6524 = ORIENTED_EDGE ( 'NONE', *, *, #6894, .F. ) ;
#6525 = CARTESIAN_POINT ( 'NONE',  ( 281.6665948878440418, 0.000000000000000000, -228.4456223450676191 ) ) ;
#6526 = DIRECTION ( 'NONE',  ( 1.000000000000000000, -0.000000000000000000, 2.098219509928935952E-15 ) ) ;
#6527 = VERTEX_POINT ( 'NONE', #11165 ) ;
#6528 = VECTOR ( 'NONE', #9412, 1000.000000000000000 ) ;
#6529 = EDGE_CURVE ( 'NONE', #833, #7542, #2512, .T. ) ;
#6530 = CYLINDRICAL_SURFACE ( 'NONE', #7291, 2.110000000000000764 ) ;
#6531 = ORIENTED_EDGE ( 'NONE', *, *, #8367, .F. ) ;
#6532 = CARTESIAN_POINT ( 'NONE',  ( 305.0000000000000568, 0.000000000000000000, -179.2174660514637310 ) ) ;
#6533 = LINE ( 'NONE', #2641, #8737 ) ;
#6534 = CARTESIAN_POINT ( 'NONE',  ( 2.450949999999840756, -0.1043506507309166498, 2.269970088014890308 ) ) ;
#6535 = ORIENTED_EDGE ( 'NONE', *, *, #7000, .F. ) ;
#6536 = CARTESIAN_POINT ( 'NONE',  ( 0.2705000000000068461, 0.000000000000000000, 0.000000000000000000 ) ) ;
#6537 = CARTESIAN_POINT ( 'NONE',  ( 272.0000000000000000, -1.500000000000000000, -224.7174660514637594 ) ) ;
#6538 = AXIS2_PLACEMENT_3D ( 'NONE', #9793, #1457, #9850 ) ;
#6539 = DIRECTION ( 'NONE',  ( 0.000000000000000000, 0.000000000000000000, 1.000000000000000000 ) ) ;
#6540 = EDGE_CURVE ( 'NONE', #9499, #1240, #1713, .T. ) ;
#6541 = ORIENTED_EDGE ( 'NONE', *, *, #2378, .F. ) ;
#6542 = CARTESIAN_POINT ( 'NONE',  ( 162.5963633200063043, -1.949916710599544967, -85.13958333333336270 ) ) ;
#6543 = ORIENTED_EDGE ( 'NONE', *, *, #1323, .F. ) ;
#6544 = DIRECTION ( 'NONE',  ( 4.992923249690979017E-16, -0.5000000000000058842, -0.8660254037844352659 ) ) ;
#6545 = LINE ( 'NONE', #11370, #3355 ) ;
#6546 = VERTEX_POINT ( 'NONE', #10103 ) ;
#6547 = DIRECTION ( 'NONE',  ( 7.825778283652462915E-16, 0.5000000000000034417, -0.8660254037844367092 ) ) ;
#6548 = VECTOR ( 'NONE', #4309, 1000.000000000000114 ) ;
#6549 = DIRECTION ( 'NONE',  ( -1.000000000000000000, -2.000187765493021278E-16, 7.400880780937300593E-16 ) ) ;
#6550 = CARTESIAN_POINT ( 'NONE',  ( 0.9699999999999986411, 2.471864979150146802, -0.4642031431872565839 ) ) ;
#6551 = DIRECTION ( 'NONE',  ( 4.492251543829650196E-16, -0.5774751479090173278, -0.8164082640122273249 ) ) ;
#6552 = DIRECTION ( 'NONE',  ( 0.7071067811865435759, 0.000000000000000000, -0.7071067811865514585 ) ) ;
#6553 = ORIENTED_EDGE ( 'NONE', *, *, #3367, .F. ) ;
#6554 = FACE_OUTER_BOUND ( 'NONE', #4668, .T. ) ;
#6555 = LINE ( 'NONE', #6426, #5610 ) ;
#6556 = EDGE_CURVE ( 'NONE', #10712, #3172, #2820, .T. ) ;
#6557 = ORIENTED_EDGE ( 'NONE', *, *, #7804, .F. ) ;
#6558 = VECTOR ( 'NONE', #4773, 1000.000000000000000 ) ;
#6559 = FACE_OUTER_BOUND ( 'NONE', #5111, .T. ) ;
#6560 = ORIENTED_EDGE ( 'NONE', *, *, #6098, .T. ) ;
#6561 = ORIENTED_EDGE ( 'NONE', *, *, #9546, .F. ) ;
#6562 = CARTESIAN_POINT ( 'NONE',  ( 253.5000000000000000, -2.000000000000000000, -1.749999999999999778 ) ) ;
#6563 = VERTEX_POINT ( 'NONE', #922 ) ;
#6564 = DIRECTION ( 'NONE',  ( 8.390639450747329848E-16, 0.4961438751388700941, -0.8682403210875346833 ) ) ;
#6565 = CARTESIAN_POINT ( 'NONE',  ( 163.5000000000000284, 0.000000000000000000, 0.000000000000000000 ) ) ;
#6566 = ORIENTED_EDGE ( 'NONE', *, *, #10827, .T. ) ;
#6567 = AXIS2_PLACEMENT_3D ( 'NONE', #9739, #547, #1589 ) ;
#6568 = VECTOR ( 'NONE', #7915, 1000.000000000000000 ) ;
#6569 = ORIENTED_EDGE ( 'NONE', *, *, #3323, .T. ) ;
#6570 = CARTESIAN_POINT ( 'NONE',  ( 162.6885285093582354, -1.521262516884446026, -259.2216327181303086 ) ) ;
#6571 = DIRECTION ( 'NONE',  ( 4.764856878635322159E-16, 0.8875709788825882907, -0.4606709861120014682 ) ) ;
#6572 = EDGE_CURVE ( 'NONE', #2251, #10334, #11224, .T. ) ;
#6573 = ORIENTED_EDGE ( 'NONE', *, *, #9165, .F. ) ;
#6574 = EDGE_CURVE ( 'NONE', #410, #1368, #10971, .T. ) ;
#6575 = CARTESIAN_POINT ( 'NONE',  ( 0.9699999999999986411, 2.488600875783203215, -0.4638234741388275184 ) ) ;
#6576 = AXIS2_PLACEMENT_3D ( 'NONE', #9609, #10536, #3852 ) ;
#6577 = ORIENTED_EDGE ( 'NONE', *, *, #6259, .T. ) ;
#6578 = CARTESIAN_POINT ( 'NONE',  ( 0.9843342201063809416, 2.463272841927377499, -0.4415490844348612942 ) ) ;
#6579 = CARTESIAN_POINT ( 'NONE',  ( 2.199500000017451384, -1.387778780781445676E-13, 2.220446049250313081E-13 ) ) ;
#6580 = ORIENTED_EDGE ( 'NONE', *, *, #7770, .F. ) ;
#6581 = CARTESIAN_POINT ( 'NONE',  ( 224.4999999999999716, 0.000000000000000000, -179.2174660514637310 ) ) ;
#6582 = ORIENTED_EDGE ( 'NONE', *, *, #4407, .F. ) ;
#6583 = FACE_OUTER_BOUND ( 'NONE', #3840, .T. ) ;
#6584 = LINE ( 'NONE', #6823, #5598 ) ;
#6585 = AXIS2_PLACEMENT_3D ( 'NONE', #6487, #10388, #4740 ) ;
#6586 = VECTOR ( 'NONE', #4472, 1000.000000000000000 ) ;
#6587 = DIRECTION ( 'NONE',  ( 1.000000000000000000, 2.000187765493021278E-16, -7.400880780937300593E-16 ) ) ;
#6588 = LINE ( 'NONE', #2696, #10485 ) ;
#6589 = EDGE_CURVE ( 'NONE', #10733, #4509, #857, .T. ) ;
#6590 = ORIENTED_EDGE ( 'NONE', *, *, #1842, .T. ) ;
#6591 = CARTESIAN_POINT ( 'NONE',  ( 0.9699999999999986411, 2.472612739809865179, -0.4539502272925405313 ) ) ;
#6592 = DIRECTION ( 'NONE',  ( 2.098219509928935952E-15, 0.000000000000000000, -1.000000000000000000 ) ) ;
#6593 = AXIS2_PLACEMENT_3D ( 'NONE', #170, #5850, #8703 ) ;
#6594 = EDGE_LOOP ( 'NONE', ( #9962, #6285, #1872, #8524 ) ) ;
#6595 = CIRCLE ( 'NONE', #2681, 1.500000000021384894 ) ;
#6596 = FACE_OUTER_BOUND ( 'NONE', #51, .T. ) ;
#6597 = VERTEX_POINT ( 'NONE', #6459 ) ;
#6598 = DIRECTION ( 'NONE',  ( 6.845769268624693726E-16, -5.551115123125739315E-16, -1.000000000000000000 ) ) ;
#6599 = CARTESIAN_POINT ( 'NONE',  ( 2.470000000000027729, 1.983372645743053386, -1.399080837149263568 ) ) ;
#6600 = VERTEX_POINT ( 'NONE', #5547 ) ;
#6601 = EDGE_CURVE ( 'NONE', #430, #2115, #8218, .T. ) ;
#6602 = CARTESIAN_POINT ( 'NONE',  ( 507.0000000000000000, -1.500999999999999890, -40.00000000000007105 ) ) ;
#6603 = ADVANCED_FACE ( 'NONE', ( #8279, #12013 ), #3669, .T. ) ;
#6604 = CARTESIAN_POINT ( 'NONE',  ( 211.0000000000000284, -1.500000000000001332, -259.2174660514637026 ) ) ;
#6605 = FACE_BOUND ( 'NONE', #3126, .T. ) ;
#6606 = VECTOR ( 'NONE', #11998, 1000.000000000000000 ) ;
#6607 = ORIENTED_EDGE ( 'NONE', *, *, #1245, .T. ) ;
#6608 = CARTESIAN_POINT ( 'NONE',  ( 161.2208738203800920, -0.8686667843509169318, -85.11666666666668846 ) ) ;
#6609 = ORIENTED_EDGE ( 'NONE', *, *, #2643, .T. ) ;
#6610 = DIRECTION ( 'NONE',  ( -0.000000000000000000, 0.000000000000000000, -1.000000000000000000 ) ) ;
#6611 = FACE_OUTER_BOUND ( 'NONE', #9236, .T. ) ;
#6612 = ORIENTED_EDGE ( 'NONE', *, *, #8467, .T. ) ;
#6613 = VECTOR ( 'NONE', #4777, 1000.000000000000000 ) ;
#6614 = PLANE ( 'NONE',  #11956 ) ;
#6615 = CARTESIAN_POINT ( 'NONE',  ( 23.00000000000000000, -1.500000000000001332, -85.00000000000002842 ) ) ;
#6616 = DIRECTION ( 'NONE',  ( -5.882887990558569132E-16, -0.4999999999999927280, 0.8660254037844428154 ) ) ;
#6617 = EDGE_CURVE ( 'NONE', #10786, #8691, #3735, .T. ) ;
#6618 = CARTESIAN_POINT ( 'NONE',  ( 338.9999999999999432, -1.500000000000000000, -194.2174660514637310 ) ) ;
#6619 = ORIENTED_EDGE ( 'NONE', *, *, #10790, .F. ) ;
#6620 = CARTESIAN_POINT ( 'NONE',  ( 5.000000000000004441, -1.750000000000000000, -1.750000000000017097 ) ) ;
#6621 = AXIS2_PLACEMENT_3D ( 'NONE', #8023, #11755, #5054 ) ;
#6622 = VERTEX_POINT ( 'NONE', #983 ) ;
#6623 = PLANE ( 'NONE',  #5383 ) ;
#6624 = VERTEX_POINT ( 'NONE', #8530 ) ;
#6625 = ORIENTED_EDGE ( 'NONE', *, *, #6890, .F. ) ;
#6626 = LINE ( 'NONE', #6562, #6257 ) ;
#6627 = CYLINDRICAL_SURFACE ( 'NONE', #5947, 3.175000000000029576 ) ;
#6628 = CARTESIAN_POINT ( 'NONE',  ( 0.9700000000000541522, 2.371827334780057583, 0.1404019658359650924 ) ) ;
#6629 = VERTEX_POINT ( 'NONE', #7607 ) ;
#6630 = VECTOR ( 'NONE', #4153, 1000.000000000000000 ) ;
#6631 = EDGE_CURVE ( 'NONE', #4955, #4403, #4885, .T. ) ;
#6632 = ORIENTED_EDGE ( 'NONE', *, *, #10996, .F. ) ;
#6633 = CARTESIAN_POINT ( 'NONE',  ( 0.9700000000000541522, 2.425090429851589846, 0.1497186355366719734 ) ) ;
#6634 = CARTESIAN_POINT ( 'NONE',  ( 207.5000000000000000, -1.500000000000000000, -179.2174660514637310 ) ) ;
#6635 = VERTEX_POINT ( 'NONE', #3854 ) ;
#6636 = CARTESIAN_POINT ( 'NONE',  ( 0.000000000000000000, -1.500000000000000000, 0.000000000000000000 ) ) ;
#6637 = AXIS2_PLACEMENT_3D ( 'NONE', #9375, #2757, #12009 ) ;
#6638 = VERTEX_POINT ( 'NONE', #4998 ) ;
#6639 = DIRECTION ( 'NONE',  ( 0.000000000000000000, 0.000000000000000000, -1.000000000000000000 ) ) ;
#6640 = LINE ( 'NONE', #11452, #4900 ) ;
#6641 = VERTEX_POINT ( 'NONE', #7667 ) ;
#6642 = CARTESIAN_POINT ( 'NONE',  ( 345.3346749607557626, -3.161411976832768644, -85.13958333333333428 ) ) ;
#6643 = VERTEX_POINT ( 'NONE', #10481 ) ;
#6644 = ADVANCED_FACE ( 'NONE', ( #3052 ), #8645, .F. ) ;
#6645 = LINE ( 'NONE', #1097, #3517 ) ;
#6646 = EDGE_CURVE ( 'NONE', #7854, #8100, #10595, .T. ) ;
#6647 = VECTOR ( 'NONE', #10784, 1000.000000000000000 ) ;
#6648 = DIRECTION ( 'NONE',  ( -4.095427613025173208E-16, -0.9089994253807270885, 0.4167973664234312370 ) ) ;
#6649 = CARTESIAN_POINT ( 'NONE',  ( 0.9700000000000541522, 2.420550782343683593, 0.2798170206179256825 ) ) ;
#6650 = CARTESIAN_POINT ( 'NONE',  ( 0.9843342201064364527, 2.375141406468883609, 0.2468665188329194349 ) ) ;
#6651 = ORIENTED_EDGE ( 'NONE', *, *, #9771, .F. ) ;
#6652 = DIRECTION ( 'NONE',  ( 5.679160623960453748E-16, -0.4776621095428466579, -0.8785436295979145438 ) ) ;
#6653 = LINE ( 'NONE', #12017, #11811 ) ;
#6654 = AXIS2_PLACEMENT_3D ( 'NONE', #11933, #8135, #11867 ) ;
#6655 = EDGE_LOOP ( 'NONE', ( #654, #4280 ) ) ;
#6656 = DIRECTION ( 'NONE',  ( -1.000000000000000000, 0.000000000000000000, 0.000000000000000000 ) ) ;
#6657 = ORIENTED_EDGE ( 'NONE', *, *, #5772, .F. ) ;
#6658 = LINE ( 'NONE', #1228, #3495 ) ;
#6659 = DIRECTION ( 'NONE',  ( 1.000000000000000000, 0.000000000000000000, 0.000000000000000000 ) ) ;
#6660 = ADVANCED_FACE ( 'NONE', ( #8473 ), #2204, .T. ) ;
#6661 = ORIENTED_EDGE ( 'NONE', *, *, #7136, .T. ) ;
#6662 = DIRECTION ( 'NONE',  ( 1.000000000000000000, 0.000000000000000000, 0.000000000000000000 ) ) ;
#6663 = LINE ( 'NONE', #4780, #522 ) ;
#6664 = VECTOR ( 'NONE', #10255, 1000.000000000000000 ) ;
#6665 = FACE_BOUND ( 'NONE', #678, .T. ) ;
#6666 = ORIENTED_EDGE ( 'NONE', *, *, #687, .T. ) ;
#6667 = ORIENTED_EDGE ( 'NONE', *, *, #171, .T. ) ;
#6668 = ADVANCED_FACE ( 'NONE', ( #11287 ), #2026, .F. ) ;
#6669 = CARTESIAN_POINT ( 'NONE',  ( 162.7172692001267649, -1.500000000000000000, -85.10208370743650619 ) ) ;
#6670 = ADVANCED_FACE ( 'NONE', ( #2942 ), #9612, .F. ) ;
#6671 = ORIENTED_EDGE ( 'NONE', *, *, #4338, .F. ) ;
#6672 = DIRECTION ( 'NONE',  ( 5.933816903822598884E-16, 0.7463495512542417387, -0.6655541655963035375 ) ) ;
#6673 = DIRECTION ( 'NONE',  ( -1.000000000000000000, 0.000000000000000000, -0.000000000000000000 ) ) ;
#6674 = VECTOR ( 'NONE', #8811, 1000.000000000000000 ) ;
#6675 = DIRECTION ( 'NONE',  ( -1.000000000000000000, 0.000000000000000000, -0.000000000000000000 ) ) ;
#6676 = PLANE ( 'NONE',  #7566 ) ;
#6677 = FACE_BOUND ( 'NONE', #7714, .T. ) ;
#6678 = EDGE_CURVE ( 'NONE', #2276, #11748, #3971, .T. ) ;
#6679 = DIRECTION ( 'NONE',  ( 7.409193191692587076E-16, 0.004876496258989318835, -0.9999881098214298270 ) ) ;
#6680 = ORIENTED_EDGE ( 'NONE', *, *, #1432, .T. ) ;
#6681 = CARTESIAN_POINT ( 'NONE',  ( 338.5000000000000000, 0.000000000000000000, -33.16282088253234406 ) ) ;
#6682 = ORIENTED_EDGE ( 'NONE', *, *, #9502, .T. ) ;
#6683 = EDGE_CURVE ( 'NONE', #2731, #3725, #10417, .T. ) ;
#6684 = DIRECTION ( 'NONE',  ( 0.7071067811865435759, -0.000000000000000000, 0.7071067811865514585 ) ) ;
#6685 = ORIENTED_EDGE ( 'NONE', *, *, #1577, .T. ) ;
#6686 = EDGE_CURVE ( 'NONE', #632, #1391, #7361, .T. ) ;
#6687 = ORIENTED_EDGE ( 'NONE', *, *, #9136, .T. ) ;
#6688 = VECTOR ( 'NONE', #9139, 1000.000000000000114 ) ;
#6689 = PLANE ( 'NONE',  #1019 ) ;
#6690 = DIRECTION ( 'NONE',  ( -0.000000000000000000, 1.000000000000000000, -0.000000000000000000 ) ) ;
#6691 = ADVANCED_FACE ( 'NONE', ( #4769 ), #4090, .F. ) ;
#6692 = ORIENTED_EDGE ( 'NONE', *, *, #786, .T. ) ;
#6693 = EDGE_LOOP ( 'NONE', ( #8285, #3379, #1890, #11743 ) ) ;
#6694 = DIRECTION ( 'NONE',  ( 1.000000000000000000, 1.722632009336724254E-16, -4.070211707061878303E-16 ) ) ;
#6695 = LINE ( 'NONE', #9363, #10086 ) ;
#6696 = VERTEX_POINT ( 'NONE', #6650 ) ;
#6697 = FACE_OUTER_BOUND ( 'NONE', #8771, .T. ) ;
#6698 = EDGE_CURVE ( 'NONE', #11028, #8115, #8716, .T. ) ;
#6699 = EDGE_LOOP ( 'NONE', ( #6138, #8392, #5403, #8328 ) ) ;
#6700 = DIRECTION ( 'NONE',  ( 1.000000000000000000, 3.110410790118177818E-16, -7.400880780937398214E-16 ) ) ;
#6701 = VERTEX_POINT ( 'NONE', #3165 ) ;
#6702 = AXIS2_PLACEMENT_3D ( 'NONE', #2829, #8227, #1661 ) ;
#6703 = CARTESIAN_POINT ( 'NONE',  ( 321.9999999999999432, -1.500000000000000000, -194.2174660514637310 ) ) ;
#6704 = DIRECTION ( 'NONE',  ( -0.000000000000000000, 1.000000000000000000, -0.000000000000000000 ) ) ;
#6705 = VERTEX_POINT ( 'NONE', #4824 ) ;
#6706 = DIRECTION ( 'NONE',  ( 0.000000000000000000, 1.000000000000000000, 6.852157730108388023E-14 ) ) ;
#6707 = DIRECTION ( 'NONE',  ( 0.000000000000000000, 1.000000000000000000, 0.000000000000000000 ) ) ;
#6708 = CARTESIAN_POINT ( 'NONE',  ( 344.4934931691670386, -1.815436971089820384, -259.2466327181303427 ) ) ;
#6709 = CARTESIAN_POINT ( 'NONE',  ( 316.1545311035279724, 0.000000000000000000, -228.4456223450676475 ) ) ;
#6710 = EDGE_CURVE ( 'NONE', #9588, #8790, #7725, .T. ) ;
#6711 = ORIENTED_EDGE ( 'NONE', *, *, #8481, .T. ) ;
#6712 = CARTESIAN_POINT ( 'NONE',  ( 344.2500000000000000, -1.500000000000000444, -259.2174660514637026 ) ) ;
#6713 = CARTESIAN_POINT ( 'NONE',  ( 0.9700000000000541522, 1.499999999999973577, 3.053113317719180486E-13 ) ) ;
#6714 = CARTESIAN_POINT ( 'NONE',  ( 206.5000000000000000, -1.500000000000000000, -234.2174660514637310 ) ) ;
#6715 = EDGE_LOOP ( 'NONE', ( #10953, #4315, #7571, #10877 ) ) ;
#6716 = FACE_OUTER_BOUND ( 'NONE', #8610, .T. ) ;
#6717 = VECTOR ( 'NONE', #7374, 1000.000000000000000 ) ;
#6718 = DIRECTION ( 'NONE',  ( 1.000000000000000000, 0.000000000000000000, -0.000000000000000000 ) ) ;
#6719 = CARTESIAN_POINT ( 'NONE',  ( 0.9843342201064919639, 2.320155338140478030, 0.2698706486286006623 ) ) ;
#6720 = EDGE_CURVE ( 'NONE', #11125, #8266, #7786, .T. ) ;
#6721 = ORIENTED_EDGE ( 'NONE', *, *, #8467, .F. ) ;
#6723 = EDGE_LOOP ( 'NONE', ( #1947, #4249, #10201, #8576 ) ) ;
#6722 = STYLED_ITEM ( 'NONE', ( #707 ), #1852 ) ;
#6724 = EDGE_CURVE ( 'NONE', #6422, #6352, #1042, .T. ) ;
#6725 = CARTESIAN_POINT ( 'NONE',  ( 0.9699999999999986411, 2.323393438462745486, -0.07459528143413662882 ) ) ;
#6726 = EDGE_LOOP ( 'NONE', ( #1345, #11928, #6377, #3408 ) ) ;
#6727 = CARTESIAN_POINT ( 'NONE',  ( 0.9699999999999986411, 2.473302904835399829, -0.4639042246457896201 ) ) ;
#6728 = DIRECTION ( 'NONE',  ( 6.845769268624693726E-16, -5.551115123125739315E-16, -1.000000000000000000 ) ) ;
#6729 = EDGE_LOOP ( 'NONE', ( #11476, #2623, #5585, #1882 ) ) ;
#6730 = SURFACE_STYLE_FILL_AREA ( #3882 ) ;
#6731 = CARTESIAN_POINT ( 'NONE',  ( 281.6665948878439849, 0.000000000000000000, -208.4456223450676475 ) ) ;
#6732 = DIRECTION ( 'NONE',  ( 4.793297072451616343E-16, 0.8660254037844387076, -0.5000000000000001110 ) ) ;
#6733 = CARTESIAN_POINT ( 'NONE',  ( 2.450950000000007289, -1.958983899406990803, -0.9956019809840982449 ) ) ;
#6734 = DIRECTION ( 'NONE',  ( -1.000000000000000000, 0.000000000000000000, 0.000000000000000000 ) ) ;
#6735 = VECTOR ( 'NONE', #8197, 1000.000000000000000 ) ;
#6736 = ORIENTED_EDGE ( 'NONE', *, *, #1323, .T. ) ;
#6737 = CARTESIAN_POINT ( 'NONE',  ( -11.60873302573191168, -1.500000000000000000, -11.60873302573191168 ) ) ;
#6738 = VERTEX_POINT ( 'NONE', #1221 ) ;
#6739 = EDGE_CURVE ( 'NONE', #9347, #7648, #4943, .T. ) ;
#6740 = LINE ( 'NONE', #10450, #3054 ) ;
#6741 = ORIENTED_EDGE ( 'NONE', *, *, #2941, .T. ) ;
#6742 = VERTEX_POINT ( 'NONE', #8083 ) ;
#6743 = AXIS2_PLACEMENT_3D ( 'NONE', #11701, #3350, #1823 ) ;
#6744 = FACE_OUTER_BOUND ( 'NONE', #3690, .T. ) ;
#6745 = LINE ( 'NONE', #5948, #11926 ) ;
#6746 = VERTEX_POINT ( 'NONE', #2445 ) ;
#6747 = ORIENTED_EDGE ( 'NONE', *, *, #6244, .F. ) ;
#6748 = EDGE_CURVE ( 'NONE', #593, #7742, #6390, .T. ) ;
#6749 = DIRECTION ( 'NONE',  ( 0.000000000000000000, -1.000000000000000000, 0.000000000000000000 ) ) ;
#6750 = EDGE_CURVE ( 'NONE', #4763, #2687, #657, .T. ) ;
#6751 = VECTOR ( 'NONE', #2604, 999.9999999999998863 ) ;
#6752 = CARTESIAN_POINT ( 'NONE',  ( 0.9843342201064364527, 2.486422737122351290, -0.4626929670481366719 ) ) ;
#6753 = ORIENTED_EDGE ( 'NONE', *, *, #9028, .T. ) ;
#6754 = CYLINDRICAL_SURFACE ( 'NONE', #8081, 2.110000000000000764 ) ;
#6755 = ORIENTED_EDGE ( 'NONE', *, *, #5191, .T. ) ;
#6756 = DIRECTION ( 'NONE',  ( 1.000000000000000000, 2.000187765493021278E-16, -7.400880780937300593E-16 ) ) ;
#6757 = ORIENTED_EDGE ( 'NONE', *, *, #7398, .F. ) ;
#6758 = VECTOR ( 'NONE', #1536, 1000.000000000000000 ) ;
#6759 = CARTESIAN_POINT ( 'NONE',  ( 344.2500000000000000, -1.500000000000000444, -85.10000000000000853 ) ) ;
#6760 = CARTESIAN_POINT ( 'NONE',  ( 165.9999999999999432, 0.000000000000000000, -329.2174660514637594 ) ) ;
#6761 = VERTEX_POINT ( 'NONE', #3220 ) ;
#6762 = CARTESIAN_POINT ( 'NONE',  ( 6.499999999999287681, -1.500000000000001332, -80.66964398456984497 ) ) ;
#6763 = CARTESIAN_POINT ( 'NONE',  ( 2.450950000000007289, -2.337828492452564966, -0.9863637419448012533 ) ) ;
#6764 = ORIENTED_EDGE ( 'NONE', *, *, #8232, .F. ) ;
#6765 = CARTESIAN_POINT ( 'NONE',  ( 313.0000000000000000, 0.000000000000000000, -179.2174660514637310 ) ) ;
#6766 = EDGE_CURVE ( 'NONE', #7170, #10232, #9880, .T. ) ;
#6767 = CARTESIAN_POINT ( 'NONE',  ( 345.6494169741968676, -0.6745432400439187459, -259.2320493847971079 ) ) ;
#6768 = DIRECTION ( 'NONE',  ( 6.430931305686265125E-16, -0.3269487519467025871, -0.9450420697516558333 ) ) ;
#6769 = AXIS2_PLACEMENT_3D ( 'NONE', #7057, #5057, #10775 ) ;
#6770 = VECTOR ( 'NONE', #4263, 1000.000000000000114 ) ;
#6771 = DIRECTION ( 'NONE',  ( -1.000000000000000000, 0.000000000000000000, 0.000000000000000000 ) ) ;
#6772 = DIRECTION ( 'NONE',  ( -0.000000000000000000, -1.000000000000000000, -0.000000000000000000 ) ) ;
#6773 = EDGE_LOOP ( 'NONE', ( #3241, #9229, #3272, #526, #7465, #10059, #557, #2549, #6560, #6987, #4272, #1873, #9368, #2323, #2747, #2679, #2822, #1010, #2318, #10825, #4653, #10044, #5497, #7479 ) ) ;
#6774 = AXIS2_PLACEMENT_3D ( 'NONE', #264, #9467, #7639 ) ;
#6775 = CIRCLE ( 'NONE', #1711, 0.03077947504423033526 ) ;
#6776 = CARTESIAN_POINT ( 'NONE',  ( 189.4999999999999716, 0.000000000000000000, -179.2174660514637310 ) ) ;
#6777 = CARTESIAN_POINT ( 'NONE',  ( 0.9843342201064919639, 1.975537752030132044, -0.3268890226827969592 ) ) ;
#6778 = CARTESIAN_POINT ( 'NONE',  ( 362.9755125916353791, 0.000000000000000000, -54.35518781845740932 ) ) ;
#6779 = ADVANCED_FACE ( 'NONE', ( #468 ), #4202, .T. ) ;
#6780 = CARTESIAN_POINT ( 'NONE',  ( 14.99999999999988809, 0.000000000000000000, -111.0000000000000000 ) ) ;
#6781 = FACE_BOUND ( 'NONE', #10395, .T. ) ;
#6782 = AXIS2_PLACEMENT_3D ( 'NONE', #6993, #1454, #7841 ) ;
#6783 = ORIENTED_EDGE ( 'NONE', *, *, #4643, .F. ) ;
#6784 = VECTOR ( 'NONE', #1788, 1000.000000000000000 ) ;
#6785 = EDGE_LOOP ( 'NONE', ( #2828, #275, #10753, #1853 ) ) ;
#6786 = CARTESIAN_POINT ( 'NONE',  ( 10.49999999999928413, -1.500000000000000000, -80.66964398456984497 ) ) ;
#6787 = ORIENTED_EDGE ( 'NONE', *, *, #1442, .F. ) ;
#6788 = DIRECTION ( 'NONE',  ( -7.401486830834371151E-15, 0.000000000000000000, -1.000000000000000000 ) ) ;
#6789 = DIRECTION ( 'NONE',  ( -1.000000000000000000, -2.000187765493021278E-16, 7.400880780937300593E-16 ) ) ;
#6790 = VERTEX_POINT ( 'NONE', #10656 ) ;
#6791 = DIRECTION ( 'NONE',  ( 1.000000000000000000, 0.000000000000000000, -3.083952846180987322E-15 ) ) ;
#6792 = DIRECTION ( 'NONE',  ( 1.000000000000000000, 1.722632009336720063E-16, -7.400880780937477100E-16 ) ) ;
#6793 = PLANE ( 'NONE',  #5923 ) ;
#6794 = VECTOR ( 'NONE', #10088, 1000.000000000000000 ) ;
#6795 = CARTESIAN_POINT ( 'NONE',  ( 2.470000000000055707, 1.936365843134446596, -1.024632836696709459 ) ) ;
#6796 = EDGE_CURVE ( 'NONE', #4917, #10949, #10719, .T. ) ;
#6797 = ORIENTED_EDGE ( 'NONE', *, *, #8628, .F. ) ;
#6798 = EDGE_CURVE ( 'NONE', #7532, #9728, #1338, .T. ) ;
#6799 = LINE ( 'NONE', #2458, #5415 ) ;
#6800 = ORIENTED_EDGE ( 'NONE', *, *, #2093, .F. ) ;
#6801 = CARTESIAN_POINT ( 'NONE',  ( 336.1545311035279724, 0.000000000000000000, -228.4456223450676475 ) ) ;
#6802 = ORIENTED_EDGE ( 'NONE', *, *, #5703, .T. ) ;
#6803 = VECTOR ( 'NONE', #6849, 1000.000000000000000 ) ;
#6804 = VERTEX_POINT ( 'NONE', #2322 ) ;
#6805 = CARTESIAN_POINT ( 'NONE',  ( 2.469999999999805684, -0.1043506507306668496, 2.345481331188059571 ) ) ;
#6806 = ORIENTED_EDGE ( 'NONE', *, *, #8628, .T. ) ;
#6807 = ADVANCED_FACE ( 'NONE', ( #7898 ), #3467, .F. ) ;
#6808 = DIRECTION ( 'NONE',  ( -6.693404831851110114E-17, 0.9502094961207417922, 0.3116117993304584055 ) ) ;
#6809 = AXIS2_PLACEMENT_3D ( 'NONE', #10304, #7615, #4894 ) ;
#6810 = DIRECTION ( 'NONE',  ( -1.000000000000000000, -0.000000000000000000, -0.000000000000000000 ) ) ;
#6811 = ORIENTED_EDGE ( 'NONE', *, *, #11869, .F. ) ;
#6812 = DIRECTION ( 'NONE',  ( 4.619824724853956341E-16, 0.8660254037844391517, -0.4999999999999992228 ) ) ;
#6813 = ORIENTED_EDGE ( 'NONE', *, *, #1577, .F. ) ;
#6814 = EDGE_CURVE ( 'NONE', #6546, #11261, #8942, .T. ) ;
#6815 = CARTESIAN_POINT ( 'NONE',  ( 0.9843342201064364527, 2.237352282273952220, -0.1849315072807306004 ) ) ;
#6817 = ORIENTED_EDGE ( 'NONE', *, *, #7176, .F. ) ;
#6816 = VECTOR ( 'NONE', #4058, 1000.000000000000000 ) ;
#6818 = EDGE_CURVE ( 'NONE', #4173, #7234, #6189, .T. ) ;
#6819 = CARTESIAN_POINT ( 'NONE',  ( 344.4499167105995525, -1.903636679993728764, -85.13541666666667140 ) ) ;
#6820 = DIRECTION ( 'NONE',  ( -0.000000000000000000, 1.000000000000000000, 0.000000000000000000 ) ) ;
#6821 = ORIENTED_EDGE ( 'NONE', *, *, #2760, .F. ) ;
#6822 = DIRECTION ( 'NONE',  ( 1.000000000000000000, 1.722632009336712421E-16, -4.625323219374409242E-16 ) ) ;
#6823 = CARTESIAN_POINT ( 'NONE',  ( 0.9843342201064364527, 2.381236316858021063, 0.1405888840665114881 ) ) ;
#6824 = CARTESIAN_POINT ( 'NONE',  ( 344.4499167105995525, -1.903636679993728764, -259.2528827181303654 ) ) ;
#6825 = CARTESIAN_POINT ( 'NONE',  ( 161.0000000000000000, 0.000000000000000000, -259.2174660514637026 ) ) ;
#6826 = VECTOR ( 'NONE', #11825, 1000.000000000000000 ) ;
#6827 = DIRECTION ( 'NONE',  ( -0.000000000000000000, 1.000000000000000000, -0.000000000000000000 ) ) ;
#6828 = EDGE_CURVE ( 'NONE', #11989, #3951, #4265, .T. ) ;
#6829 = CARTESIAN_POINT ( 'NONE',  ( 299.4999999999999432, -1.500000000000000000, -245.7174660514637310 ) ) ;
#6830 = ORIENTED_EDGE ( 'NONE', *, *, #5692, .T. ) ;
#6831 = CIRCLE ( 'NONE', #6637, 1.800000000000023803 ) ;
#6832 = CARTESIAN_POINT ( 'NONE',  ( 362.9755125916353791, 0.000000000000000000, -54.35518781845740932 ) ) ;
#6833 = LINE ( 'NONE', #1405, #2540 ) ;
#6834 = ADVANCED_FACE ( 'NONE', ( #4146 ), #11815, .F. ) ;
#6835 = DIRECTION ( 'NONE',  ( 0.000000000000000000, 0.000000000000000000, 1.000000000000000000 ) ) ;
#6836 = CARTESIAN_POINT ( 'NONE',  ( 344.2500000000000000, -3.500000000000000000, -85.15000000000000568 ) ) ;
#6837 = FACE_BOUND ( 'NONE', #5777, .T. ) ;
#6838 = VECTOR ( 'NONE', #10986, 1000.000000000000000 ) ;
#6839 = EDGE_LOOP ( 'NONE', ( #7002, #2841 ) ) ;
#6840 = VERTEX_POINT ( 'NONE', #11698 ) ;
#6841 = CARTESIAN_POINT ( 'NONE',  ( 336.1545311035279724, -1.500000000000000000, -228.4456223450676475 ) ) ;
#6842 = EDGE_CURVE ( 'NONE', #2964, #5844, #3348, .T. ) ;
#6843 = EDGE_LOOP ( 'NONE', ( #1940, #4728, #3899, #10511 ) ) ;
#6844 = FACE_OUTER_BOUND ( 'NONE', #4573, .T. ) ;
#6845 = DIRECTION ( 'NONE',  ( -0.000000000000000000, -1.000000000000000000, -0.000000000000000000 ) ) ;
#6846 = VERTEX_POINT ( 'NONE', #4321 ) ;
#6847 = FACE_OUTER_BOUND ( 'NONE', #6693, .T. ) ;
#6848 = LINE ( 'NONE', #10561, #486 ) ;
#6849 = DIRECTION ( 'NONE',  ( 2.775557561562892929E-15, 0.000000000000000000, -1.000000000000000000 ) ) ;
#6850 = CARTESIAN_POINT ( 'NONE',  ( 161.8686667843509781, -0.2208738203800487410, -259.2257993847970283 ) ) ;
#6851 = AXIS2_PLACEMENT_3D ( 'NONE', #8751, #6021, #8991 ) ;
#6852 = LINE ( 'NONE', #1189, #1952 ) ;
#6853 = LINE ( 'NONE', #10565, #8961 ) ;
#6854 = EDGE_LOOP ( 'NONE', ( #1169, #7593, #3047, #1544 ) ) ;
#6855 = PRODUCT ( '550-00163-00', '550-00163-00', '', ( #3230 ) ) ;
#6856 = ORIENTED_EDGE ( 'NONE', *, *, #2732, .T. ) ;
#6857 = DIRECTION ( 'NONE',  ( -0.000000000000000000, 0.000000000000000000, 1.000000000000000000 ) ) ;
#6858 = VECTOR ( 'NONE', #1538, 1000.000000000000000 ) ;
#6859 = VERTEX_POINT ( 'NONE', #10901 ) ;
#6860 = EDGE_CURVE ( 'NONE', #5365, #12045, #9847, .T. ) ;
#6861 = ORIENTED_EDGE ( 'NONE', *, *, #8424, .T. ) ;
#6862 = CARTESIAN_POINT ( 'NONE',  ( 0.9843342201064364527, 2.411458586530551784, -0.2347371884625498728 ) ) ;
#6863 = CARTESIAN_POINT ( 'NONE',  ( 2.470000000000027729, -2.131491219643871560, -1.343750381945146843 ) ) ;
#6864 = VERTEX_POINT ( 'NONE', #6203 ) ;
#6865 = CARTESIAN_POINT ( 'NONE',  ( 0.9843342201064364527, 1.579261356762895474, 8.326672684688674053E-14 ) ) ;
#6866 = ORIENTED_EDGE ( 'NONE', *, *, #2533, .T. ) ;
#6867 = VECTOR ( 'NONE', #5145, 1000.000000000000000 ) ;
#6868 = EDGE_LOOP ( 'NONE', ( #8861, #4637 ) ) ;
#6869 = DIRECTION ( 'NONE',  ( 1.445076253180178246E-16, 1.000000000000000000, -5.551115123125738329E-16 ) ) ;
#6870 = EDGE_CURVE ( 'NONE', #10067, #8192, #5059, .T. ) ;
#6871 = ORIENTED_EDGE ( 'NONE', *, *, #8670, .F. ) ;
#6872 = EDGE_CURVE ( 'NONE', #10514, #10451, #5298, .T. ) ;
#6873 = CARTESIAN_POINT ( 'NONE',  ( 0.9699999999999986411, 2.468829751779949788, -0.4649157309895568524 ) ) ;
#6874 = ORIENTED_EDGE ( 'NONE', *, *, #802, .T. ) ;
#6875 = CARTESIAN_POINT ( 'NONE',  ( 344.2500000000000000, 0.000000000000000000, 0.000000000000000000 ) ) ;
#6876 = VERTEX_POINT ( 'NONE', #9002 ) ;
#6877 = CARTESIAN_POINT ( 'NONE',  ( 161.0000000000000284, 0.000000000000000000, -329.2174660514637594 ) ) ;
#6878 = LINE ( 'NONE', #11757, #2301 ) ;
#6879 = CARTESIAN_POINT ( 'NONE',  ( 344.4934931691670386, -1.684563028910180282, -259.2382993847970738 ) ) ;
#6880 = DIRECTION ( 'NONE',  ( 1.000000000000000000, 1.722632009336724254E-16, -4.070211707061878303E-16 ) ) ;
#6881 = EDGE_CURVE ( 'NONE', #3642, #1955, #11078, .T. ) ;
#6882 = EDGE_CURVE ( 'NONE', #6934, #716, #5595, .T. ) ;
#6883 = DIRECTION ( 'NONE',  ( -0.000000000000000000, 1.000000000000000000, -0.000000000000000000 ) ) ;
#6884 = CARTESIAN_POINT ( 'NONE',  ( 210.8265096880607814, -1.500000000000000000, -208.4456223450676475 ) ) ;
#6885 = ORIENTED_EDGE ( 'NONE', *, *, #1644, .F. ) ;
#6886 = CARTESIAN_POINT ( 'NONE',  ( 425.9999999999999432, -1.500000000000001332, -85.00000000000002842 ) ) ;
#6887 = CARTESIAN_POINT ( 'NONE',  ( -278.0479751291204593, 27.27589784213752111, 208.8304710579563732 ) ) ;
#6888 = DIRECTION ( 'NONE',  ( -1.000000000000000000, -2.000187765493021278E-16, 7.400880780937300593E-16 ) ) ;
#6889 = VECTOR ( 'NONE', #3506, 999.9999999999997726 ) ;
#6890 = EDGE_CURVE ( 'NONE', #3710, #8366, #11022, .T. ) ;
#6891 = ADVANCED_FACE ( 'NONE', ( #9173 ), #9303, .T. ) ;
#6892 = ORIENTED_EDGE ( 'NONE', *, *, #3166, .F. ) ;
#6893 = VERTEX_POINT ( 'NONE', #10958 ) ;
#6894 = EDGE_CURVE ( 'NONE', #1391, #3903, #5819, .T. ) ;
#6895 = CARTESIAN_POINT ( 'NONE',  ( 0.9700000000000541522, 1.737768876015094444, -0.1974467148554287510 ) ) ;
#6896 = ORIENTED_EDGE ( 'NONE', *, *, #6818, .F. ) ;
#6897 = FACE_OUTER_BOUND ( 'NONE', #12083, .T. ) ;
#6898 = DIRECTION ( 'NONE',  ( 1.445076253180192051E-16, 1.000000000000000000, -2.553512956637819811E-15 ) ) ;
#6899 = ORIENTED_EDGE ( 'NONE', *, *, #1445, .F. ) ;
#6900 = DIRECTION ( 'NONE',  ( 0.000000000000000000, 0.000000000000000000, 1.000000000000000000 ) ) ;
#6901 = LINE ( 'NONE', #2285, #500 ) ;
#6902 = FACE_BOUND ( 'NONE', #144, .T. ) ;
#6903 = DIRECTION ( 'NONE',  ( 1.167520497023887139E-16, 1.000000000000000000, -2.886579864025370323E-15 ) ) ;
#6904 = LINE ( 'NONE', #10623, #10308 ) ;
#6905 = DIRECTION ( 'NONE',  ( 0.000000000000000000, 0.000000000000000000, -1.000000000000000000 ) ) ;
#6906 = EDGE_CURVE ( 'NONE', #365, #7088, #11207, .T. ) ;
#6907 = AXIS2_PLACEMENT_3D ( 'NONE', #7250, #4340, #4397 ) ;
#6908 = ORIENTED_EDGE ( 'NONE', *, *, #4288, .T. ) ;
#6909 = CARTESIAN_POINT ( 'NONE',  ( 162.7500000000000284, 0.000000000000000000, -259.2674660514636571 ) ) ;
#6910 = ORIENTED_EDGE ( 'NONE', *, *, #6458, .T. ) ;
#6911 = ORIENTED_EDGE ( 'NONE', *, *, #1445, .T. ) ;
#6912 = DIRECTION ( 'NONE',  ( -1.000000000000000000, 0.000000000000000000, 0.000000000000000000 ) ) ;
#6913 = VECTOR ( 'NONE', #2018, 1000.000000000000000 ) ;
#6914 = DIRECTION ( 'NONE',  ( 1.000000000000000000, 2.000187765493021278E-16, -7.400880780937300593E-16 ) ) ;
#6915 = EDGE_LOOP ( 'NONE', ( #6317, #485, #11805, #2674 ) ) ;
#6916 = CARTESIAN_POINT ( 'NONE',  ( 507.0000000000000000, -1.500000000000000000, -40.00000000000007105 ) ) ;
#6917 = EDGE_CURVE ( 'NONE', #11832, #3759, #9114, .T. ) ;
#6918 = VERTEX_POINT ( 'NONE', #8203 ) ;
#6919 = VECTOR ( 'NONE', #9060, 1000.000000000000000 ) ;
#6920 = ORIENTED_EDGE ( 'NONE', *, *, #10995, .T. ) ;
#6921 = CARTESIAN_POINT ( 'NONE',  ( 2.469999999999944684, -0.2359217314834016754, 2.517800735128076894 ) ) ;
#6922 = VERTEX_POINT ( 'NONE', #1757 ) ;
#6923 = CARTESIAN_POINT ( 'NONE',  ( 345.9999999999999432, -1.500000000000001332, -329.2174660514637594 ) ) ;
#6924 = VERTEX_POINT ( 'NONE', #5474 ) ;
#6925 = DIRECTION ( 'NONE',  ( -1.000000000000000000, -2.000187765493021278E-16, 7.400880780937300593E-16 ) ) ;
#6926 = ORIENTED_EDGE ( 'NONE', *, *, #631, .F. ) ;
#6927 = DIRECTION ( 'NONE',  ( 0.000000000000000000, 1.000000000000000000, 0.000000000000000000 ) ) ;
#6928 = VECTOR ( 'NONE', #3947, 1000.000000000000000 ) ;
#6929 = VERTEX_POINT ( 'NONE', #11940 ) ;
#6930 = LINE ( 'NONE', #10654, #2099 ) ;
#6931 = DIRECTION ( 'NONE',  ( 3.837226142412815427E-16, -0.8277263342304166382, -0.5611319948296271676 ) ) ;
#6932 = EDGE_CURVE ( 'NONE', #7082, #6253, #8145, .T. ) ;
#6933 = CARTESIAN_POINT ( 'NONE',  ( 0.9699999999999986411, 2.503720345612054032, -0.4439715996293197575 ) ) ;
#6934 = VERTEX_POINT ( 'NONE', #3652 ) ;
#6935 = DIRECTION ( 'NONE',  ( -1.000000000000000000, -0.000000000000000000, -0.000000000000000000 ) ) ;
#6936 = AXIS2_PLACEMENT_3D ( 'NONE', #9031, #11913, #3500 ) ;
#6937 = CARTESIAN_POINT ( 'NONE',  ( 0.9843342201064364527, 2.473698157314324853, -0.4537679110708514596 ) ) ;
#6938 = CARTESIAN_POINT ( 'NONE',  ( 181.5000000000000284, 0.000000000000000000, -321.0174660514637708 ) ) ;
#6939 = ORIENTED_EDGE ( 'NONE', *, *, #3952, .F. ) ;
#6940 = DIRECTION ( 'NONE',  ( 1.000000000000000000, 0.000000000000000000, 0.000000000000000000 ) ) ;
#6941 = DIRECTION ( 'NONE',  ( 1.000000000000000000, 0.000000000000000000, 0.000000000000000000 ) ) ;
#6942 = CYLINDRICAL_SURFACE ( 'NONE', #8694, 2.637500000000020606 ) ;
#6943 = CIRCLE ( 'NONE', #4042, 2.110000000000000764 ) ;
#6944 = VECTOR ( 'NONE', #5551, 1000.000000000000000 ) ;
#6945 = DIRECTION ( 'NONE',  ( 0.000000000000000000, -1.000000000000000000, 0.000000000000000000 ) ) ;
#6946 = EDGE_CURVE ( 'NONE', #10089, #4749, #4503, .T. ) ;
#6947 = ORIENTED_EDGE ( 'NONE', *, *, #2895, .T. ) ;
#6948 = ORIENTED_EDGE ( 'NONE', *, *, #8261, .T. ) ;
#6949 = DIRECTION ( 'NONE',  ( 0.000000000000000000, 0.000000000000000000, 1.000000000000000000 ) ) ;
#6950 = ORIENTED_EDGE ( 'NONE', *, *, #7869, .F. ) ;
#6951 = VECTOR ( 'NONE', #8087, 1000.000000000000000 ) ;
#6952 = FACE_OUTER_BOUND ( 'NONE', #8310, .T. ) ;
#6953 = LINE ( 'NONE', #2406, #4139 ) ;
#6954 = ADVANCED_FACE ( 'NONE', ( #8395 ), #10213, .F. ) ;
#6955 = ORIENTED_EDGE ( 'NONE', *, *, #671, .T. ) ;
#6956 = EDGE_CURVE ( 'NONE', #9052, #5271, #7289, .T. ) ;
#6957 = FACE_OUTER_BOUND ( 'NONE', #8339, .T. ) ;
#6958 = FACE_BOUND ( 'NONE', #8271, .T. ) ;
#6959 = CARTESIAN_POINT ( 'NONE',  ( 0.7275000000000475531, -2.220446049250313081E-13, 2.498001805406602216E-13 ) ) ;
#6960 = ORIENTED_EDGE ( 'NONE', *, *, #9047, .T. ) ;
#6961 = CARTESIAN_POINT ( 'NONE',  ( 496.4999999999998863, 0.000000000000000000, -58.27983018403566717 ) ) ;
#6962 = CARTESIAN_POINT ( 'NONE',  ( 313.0000000000000000, -1.500000000000000000, -179.2174660514637310 ) ) ;
#6963 = VECTOR ( 'NONE', #11318, 999.9999999999998863 ) ;
#6964 = CIRCLE ( 'NONE', #3089, 0.07202382437763348022 ) ;
#6965 = CARTESIAN_POINT ( 'NONE',  ( 501.9999999999998863, -1.500000000000001332, -85.00000000000002842 ) ) ;
#6966 = EDGE_LOOP ( 'NONE', ( #7906, #4067, #6048, #2763 ) ) ;
#6967 = LINE ( 'NONE', #1653, #7728 ) ;
#6968 = FACE_OUTER_BOUND ( 'NONE', #11231, .T. ) ;
#6969 = ORIENTED_EDGE ( 'NONE', *, *, #6860, .F. ) ;
#6970 = EDGE_LOOP ( 'NONE', ( #4220, #7360, #10961, #10288 ) ) ;
#6971 = CARTESIAN_POINT ( 'NONE',  ( 189.4999999999999716, -1.500000000000000000, -179.2174660514637310 ) ) ;
#6972 = VECTOR ( 'NONE', #8590, 1000.000000000000000 ) ;
#6973 = EDGE_CURVE ( 'NONE', #9626, #10579, #2614, .T. ) ;
#6974 = DIRECTION ( 'NONE',  ( -0.000000000000000000, -0.000000000000000000, 1.000000000000000000 ) ) ;
#6975 = VERTEX_POINT ( 'NONE', #3781 ) ;
#6976 = DIRECTION ( 'NONE',  ( 0.000000000000000000, -0.000000000000000000, -1.000000000000000000 ) ) ;
#6977 = CARTESIAN_POINT ( 'NONE',  ( 487.0000000000000000, 0.000000000000000000, -85.00000000000002842 ) ) ;
#6978 = VECTOR ( 'NONE', #3883, 1000.000000000000000 ) ;
#6979 = ORIENTED_EDGE ( 'NONE', *, *, #10057, .T. ) ;
#6980 = ORIENTED_EDGE ( 'NONE', *, *, #5456, .F. ) ;
#6981 = LINE ( 'NONE', #6921, #306 ) ;
#6982 = ORIENTED_EDGE ( 'NONE', *, *, #5048, .T. ) ;
#6983 = DIRECTION ( 'NONE',  ( 0.000000000000000000, 0.000000000000000000, 1.000000000000000000 ) ) ;
#6984 = ORIENTED_EDGE ( 'NONE', *, *, #4898, .T. ) ;
#6985 = EDGE_CURVE ( 'NONE', #2922, #5466, #6379, .T. ) ;
#6986 = DIRECTION ( 'NONE',  ( 0.000000000000000000, 0.000000000000000000, 1.000000000000000000 ) ) ;
#6987 = ORIENTED_EDGE ( 'NONE', *, *, #2126, .T. ) ;
#6988 = VECTOR ( 'NONE', #8344, 1000.000000000000000 ) ;
#6989 = LINE ( 'NONE', #1331, #3119 ) ;
#6990 = EDGE_LOOP ( 'NONE', ( #5823, #6687, #9585, #2860 ) ) ;
#6991 = CARTESIAN_POINT ( 'NONE',  ( 0.9699999999999986411, 2.323393438462745486, -0.07459528143413662882 ) ) ;
#6992 = PLANE ( 'NONE',  #10458 ) ;
#6993 = CARTESIAN_POINT ( 'NONE',  ( 498.4999999999998295, -2.449293598294707770E-17, -62.27983018403563875 ) ) ;
#6994 = VERTEX_POINT ( 'NONE', #6262 ) ;
#6995 = FACE_OUTER_BOUND ( 'NONE', #2545, .T. ) ;
#6996 = VECTOR ( 'NONE', #5727, 1000.000000000000114 ) ;
#6997 = PLANE ( 'NONE',  #1133 ) ;
#6998 = CARTESIAN_POINT ( 'NONE',  ( 173.0000000000000000, 0.000000000000000000, -242.2174660514637310 ) ) ;
#6999 = ADVANCED_FACE ( 'NONE', ( #9966 ), #1697, .F. ) ;
#7000 = EDGE_CURVE ( 'NONE', #2012, #1388, #4862, .T. ) ;
#7001 = CARTESIAN_POINT ( 'NONE',  ( 296.0000000000000568, -1.500000000000000000, -194.2174660514637310 ) ) ;
#7002 = ORIENTED_EDGE ( 'NONE', *, *, #5016, .F. ) ;
#7003 = DIRECTION ( 'NONE',  ( -0.000000000000000000, 1.000000000000000000, -0.000000000000000000 ) ) ;
#7004 = AXIS2_PLACEMENT_3D ( 'NONE', #10032, #4331, #7184 ) ;
#7005 = DIRECTION ( 'NONE',  ( 9.561467977824831532E-16, 2.220446049250319490E-16, -1.000000000000000000 ) ) ;
#7006 = CARTESIAN_POINT ( 'NONE',  ( 224.4999999999999716, 0.000000000000000000, -179.2174660514637310 ) ) ;
#7007 = CARTESIAN_POINT ( 'NONE',  ( 2.450950000000090334, 1.886350574325429408, -1.316829575592079582 ) ) ;
#7008 = ORIENTED_EDGE ( 'NONE', *, *, #2507, .T. ) ;
#7009 = ORIENTED_EDGE ( 'NONE', *, *, #3976, .F. ) ;
#7010 = DIRECTION ( 'NONE',  ( 2.257209894334906016E-16, 0.9887062354961986266, -0.1498665402647817169 ) ) ;
#7011 = VECTOR ( 'NONE', #2910, 1000.000000000000000 ) ;
#7012 = EDGE_CURVE ( 'NONE', #11559, #8691, #5356, .T. ) ;
#7013 = ORIENTED_EDGE ( 'NONE', *, *, #10461, .F. ) ;
#7014 = ADVANCED_FACE ( 'NONE', ( #907 ), #9057, .F. ) ;
#7015 = LINE ( 'NONE', #8664, #1070 ) ;
#7016 = CARTESIAN_POINT ( 'NONE',  ( 325.4999999999999432, -1.500000000000000000, -321.0174660514637708 ) ) ;
#7017 = EDGE_LOOP ( 'NONE', ( #2915, #11376, #265, #10206 ) ) ;
#7018 = LINE ( 'NONE', #10740, #266 ) ;
#7019 = CARTESIAN_POINT ( 'NONE',  ( 272.0000000000000000, 0.000000000000000000, -236.2174660514637310 ) ) ;
#7020 = FACE_BOUND ( 'NONE', #5465, .T. ) ;
#7021 = PLANE ( 'NONE',  #4745 ) ;
#7022 = ORIENTED_EDGE ( 'NONE', *, *, #2588, .T. ) ;
#7023 = DIRECTION ( 'NONE',  ( 9.621326830187598882E-16, 1.110223024625154765E-15, -1.000000000000000000 ) ) ;
#7024 = CARTESIAN_POINT ( 'NONE',  ( 500.4999999999998295, -2.449293598294707770E-17, -58.27983018403566717 ) ) ;
#7025 = CIRCLE ( 'NONE', #630, 0.07202382437763348022 ) ;
#7026 = VECTOR ( 'NONE', #1460, 1000.000000000000000 ) ;
#7027 = DIRECTION ( 'NONE',  ( -3.582787080455031950E-16, 0.6934400527214990007, 0.7205143255214324638 ) ) ;
#7028 = EDGE_CURVE ( 'NONE', #8052, #9454, #2927, .T. ) ;
#7029 = EDGE_CURVE ( 'NONE', #6527, #364, #9540, .T. ) ;
#7030 = VERTEX_POINT ( 'NONE', #6634 ) ;
#7031 = CARTESIAN_POINT ( 'NONE',  ( 161.0000000000000000, -1.500000000000000000, -259.2174660514637026 ) ) ;
#7032 = VERTEX_POINT ( 'NONE', #8455 ) ;
#7033 = VERTEX_POINT ( 'NONE', #1147 ) ;
#7034 = PLANE ( 'NONE',  #5536 ) ;
#7035 = FACE_OUTER_BOUND ( 'NONE', #11496, .T. ) ;
#7036 = VECTOR ( 'NONE', #2119, 1000.000000000000114 ) ;
#7037 = PLANE ( 'NONE',  #10130 ) ;
#7038 = CARTESIAN_POINT ( 'NONE',  ( 500.4999999999998295, -1.500000000000001332, -58.27983018403566717 ) ) ;
#7039 = AXIS2_PLACEMENT_3D ( 'NONE', #5453, #4547, #1676 ) ;
#7040 = EDGE_CURVE ( 'NONE', #10067, #9940, #1029, .T. ) ;
#7041 = VECTOR ( 'NONE', #8404, 1000.000000000000000 ) ;
#7042 = EDGE_CURVE ( 'NONE', #10137, #3319, #9421, .T. ) ;
#7043 = EDGE_LOOP ( 'NONE', ( #82, #2003, #6343, #5163 ) ) ;
#7044 = ORIENTED_EDGE ( 'NONE', *, *, #5030, .T. ) ;
#7045 = DIRECTION ( 'NONE',  ( -1.000000000000000000, 0.000000000000000000, 9.842402700577628319E-17 ) ) ;
#7046 = EDGE_LOOP ( 'NONE', ( #12080, #3975, #9416, #11401 ) ) ;
#7047 = VERTEX_POINT ( 'NONE', #8631 ) ;
#7048 = EDGE_CURVE ( 'NONE', #1167, #6924, #6695, .T. ) ;
#7049 = CARTESIAN_POINT ( 'NONE',  ( 0.9699999999999986411, 2.219308366003841293, -0.05453024012809504217 ) ) ;
#7050 = EDGE_LOOP ( 'NONE', ( #1919, #4236, #7066, #7404 ) ) ;
#7051 = CARTESIAN_POINT ( 'NONE',  ( 0.9843342201064364527, 2.485296480058435620, -0.4476606227656887427 ) ) ;
#7052 = DIRECTION ( 'NONE',  ( 0.000000000000000000, 0.000000000000000000, 1.000000000000000000 ) ) ;
#7053 = ORIENTED_EDGE ( 'NONE', *, *, #3675, .T. ) ;
#7054 = VECTOR ( 'NONE', #4819, 1000.000000000000000 ) ;
#7055 = PLANE ( 'NONE',  #4682 ) ;
#7056 = ORIENTED_EDGE ( 'NONE', *, *, #3249, .F. ) ;
#7057 = CARTESIAN_POINT ( 'NONE',  ( 168.4999999999999147, -1.224646799147346644E-18, -33.16282088253234406 ) ) ;
#7058 = CARTESIAN_POINT ( 'NONE',  ( 185.5000000000000284, -1.500000000000000000, -317.4174660514636912 ) ) ;
#7059 = CARTESIAN_POINT ( 'NONE',  ( 344.2500000000000000, -1.500000000000001332, -85.00000000000001421 ) ) ;
#7060 = EDGE_CURVE ( 'NONE', #9359, #7170, #277, .T. ) ;
#7061 = EDGE_LOOP ( 'NONE', ( #6920, #10412, #2702, #9538 ) ) ;
#7062 = LINE ( 'NONE', #7970, #5406 ) ;
#7063 = CARTESIAN_POINT ( 'NONE',  ( 0.2705000000000064575, 1.229500000000000037, -4.705770390075646902E-15 ) ) ;
#7064 = CARTESIAN_POINT ( 'NONE',  ( 0.000000000000000000, 0.000000000000000000, 0.000000000000000000 ) ) ;
#7065 = DIRECTION ( 'NONE',  ( 0.000000000000000000, 0.000000000000000000, -1.000000000000000000 ) ) ;
#7066 = ORIENTED_EDGE ( 'NONE', *, *, #9689, .T. ) ;
#7067 = FACE_OUTER_BOUND ( 'NONE', #11537, .T. ) ;
#7068 = CARTESIAN_POINT ( 'NONE',  ( 253.5000000000000000, -3.500000000000000000, -5.000000000000034639 ) ) ;
#7069 = CARTESIAN_POINT ( 'NONE',  ( 5.000000000000000000, 0.000000000000000000, -40.00000000000000000 ) ) ;
#7070 = CARTESIAN_POINT ( 'NONE',  ( 0.9700000000000541522, 2.486879519042251019, 0.1903914117200589118 ) ) ;
#7071 = EDGE_CURVE ( 'NONE', #11683, #5365, #8574, .T. ) ;
#7072 = ORIENTED_EDGE ( 'NONE', *, *, #5815, .T. ) ;
#7073 = ORIENTED_EDGE ( 'NONE', *, *, #4643, .T. ) ;
#7074 = CARTESIAN_POINT ( 'NONE',  ( 0.9699999999999986411, 2.477361680291723101, -0.4515068968898167112 ) ) ;
#7075 = LINE ( 'NONE', #5870, #9993 ) ;
#7076 = CARTESIAN_POINT ( 'NONE',  ( 0.9699999999999986411, 2.486422737122351290, -0.4626929670481366719 ) ) ;
#7077 = EDGE_LOOP ( 'NONE', ( #10277, #3146, #8733, #4931 ) ) ;
#7078 =( LENGTH_UNIT ( ) NAMED_UNIT ( * ) SI_UNIT ( .MILLI., .METRE. ) );
#7079 = LINE ( 'NONE', #3373, #173 ) ;
#7080 = CIRCLE ( 'NONE', #6702, 2.110000000000000764 ) ;
#7081 = DIRECTION ( 'NONE',  ( -1.068786975720299338E-15, 5.551115123125700858E-16, 1.000000000000000000 ) ) ;
#7082 = VERTEX_POINT ( 'NONE', #4928 ) ;
#7083 = DIRECTION ( 'NONE',  ( 7.598409637072199363E-16, 0.2179336182189449134, -0.9759635946335289969 ) ) ;
#7084 = DIRECTION ( 'NONE',  ( 6.845769268624692740E-16, -5.551115123125739315E-16, -1.000000000000000000 ) ) ;
#7085 = EDGE_CURVE ( 'NONE', #7742, #4322, #2128, .T. ) ;
#7086 = EDGE_CURVE ( 'NONE', #6546, #8853, #3839, .T. ) ;
#7087 = CARTESIAN_POINT ( 'NONE',  ( 181.9999999999999716, 0.000000000000000000, -179.2174660514637310 ) ) ;
#7088 = VERTEX_POINT ( 'NONE', #5717 ) ;
#7089 = DIRECTION ( 'NONE',  ( 4.619824724853955355E-16, 0.8660254037844390407, -0.4999999999999991673 ) ) ;
#7090 = ORIENTED_EDGE ( 'NONE', *, *, #4127, .T. ) ;
#7091 = CARTESIAN_POINT ( 'NONE',  ( 0.9699999999999986411, 2.125255814197590798, -0.3400507035846989101 ) ) ;
#7092 = DIRECTION ( 'NONE',  ( -5.634365361779183014E-16, 0.3803437133059898723, 0.9248452085341691831 ) ) ;
#7093 = FACE_OUTER_BOUND ( 'NONE', #2930, .T. ) ;
#7094 = CARTESIAN_POINT ( 'NONE',  ( 0.9699999999999986411, 2.377886409619334174, 0.2473798272546595678 ) ) ;
#7095 = AXIS2_PLACEMENT_3D ( 'NONE', #10601, #2269, #10725 ) ;
#7096 = LINE ( 'NONE', #1495, #2491 ) ;
#7097 = EDGE_CURVE ( 'NONE', #8934, #1149, #9481, .T. ) ;
#7098 = UNCERTAINTY_MEASURE_WITH_UNIT (LENGTH_MEASURE( 1.000000000000000082E-05 ), #4433, 'distance_accuracy_value', 'NONE');
#7099 = ORIENTED_EDGE ( 'NONE', *, *, #9086, .F. ) ;
#7100 = ORIENTED_EDGE ( 'NONE', *, *, #8939, .T. ) ;
#7101 = DIRECTION ( 'NONE',  ( -0.000000000000000000, -0.000000000000000000, -1.000000000000000000 ) ) ;
#7102 = VERTEX_POINT ( 'NONE', #1205 ) ;
#7103 = VERTEX_POINT ( 'NONE', #1085 ) ;
#7104 = CARTESIAN_POINT ( 'NONE',  ( 0.9699999999999986411, 2.374112209464901646, 0.01740461005357574198 ) ) ;
#7105 = VERTEX_POINT ( 'NONE', #3956 ) ;
#7106 = CARTESIAN_POINT ( 'NONE',  ( 5.689893001203927270E-11, 0.000000000000000000, 0.000000000000000000 ) ) ;
#7107 = CARTESIAN_POINT ( 'NONE',  ( 343.5000000000000000, -1.500000000000000444, -259.9674660514637026 ) ) ;
#7108 = ORIENTED_EDGE ( 'NONE', *, *, #7124, .T. ) ;
#7109 = EDGE_CURVE ( 'NONE', #4875, #5136, #10280, .T. ) ;
#7110 = EDGE_CURVE ( 'NONE', #6600, #2789, #4809, .T. ) ;
#7111 = PLANE ( 'NONE',  #4287 ) ;
#7112 = ORIENTED_EDGE ( 'NONE', *, *, #1095, .F. ) ;
#7113 = DIRECTION ( 'NONE',  ( 4.992923249691015501E-16, -0.4999999999999992228, -0.8660254037844391517 ) ) ;
#7114 = AXIS2_PLACEMENT_3D ( 'NONE', #4166, #11542, #3185 ) ;
#7115 = DIRECTION ( 'NONE',  ( 5.882887990558551382E-16, 0.4999999999999998890, -0.8660254037844387076 ) ) ;
#7116 = DIRECTION ( 'NONE',  ( -1.000000000000000000, -2.000187765493021278E-16, 7.400880780937300593E-16 ) ) ;
#7117 = VERTEX_POINT ( 'NONE', #7592 ) ;
#7118 = LINE ( 'NONE', #2448, #11997 ) ;
#7119 = CARTESIAN_POINT ( 'NONE',  ( 2.470000000000027729, -2.038937518892725009, -1.120614449139356594 ) ) ;
#7120 = SURFACE_STYLE_FILL_AREA ( #3413 ) ;
#7121 = AXIS2_PLACEMENT_3D ( 'NONE', #6018, #8689, #338 ) ;
#7122 = DIRECTION ( 'NONE',  ( 2.834271818172938556E-16, -0.8971293181887268764, -0.4417680233405649748 ) ) ;
#7123 = ORIENTED_EDGE ( 'NONE', *, *, #3570, .F. ) ;
#7124 = EDGE_CURVE ( 'NONE', #5832, #7032, #4871, .T. ) ;
#7125 =( LENGTH_UNIT ( ) NAMED_UNIT ( * ) SI_UNIT ( .MILLI., .METRE. ) );
#7126 = DIRECTION ( 'NONE',  ( -3.083952846180987322E-15, 0.000000000000000000, -1.000000000000000000 ) ) ;
#7127 = DIRECTION ( 'NONE',  ( 6.965087437276567780E-16, 0.3640099799935137548, -0.9313950474772353383 ) ) ;
#7128 = LINE ( 'NONE', #11772, #10272 ) ;
#7129 = VECTOR ( 'NONE', #4395, 1000.000000000000000 ) ;
#7130 = EDGE_LOOP ( 'NONE', ( #4078, #5 ) ) ;
#7131 = EDGE_LOOP ( 'NONE', ( #4258, #4281, #5353, #11877 ) ) ;
#7132 = CARTESIAN_POINT ( 'NONE',  ( 200.5000000000000000, 0.000000000000000000, -243.2174660514637310 ) ) ;
#7133 = CARTESIAN_POINT ( 'NONE',  ( 167.0000000000000000, 0.000000000000000000, -233.2174660514637310 ) ) ;
#7134 = ORIENTED_EDGE ( 'NONE', *, *, #4865, .T. ) ;
#7135 = CIRCLE ( 'NONE', #9658, 2.110000000000000764 ) ;
#7136 = EDGE_CURVE ( 'NONE', #5343, #9451, #5776, .T. ) ;
#7137 = DIRECTION ( 'NONE',  ( -1.000000000000000000, -0.000000000000000000, -0.000000000000000000 ) ) ;
#7138 = AXIS2_PLACEMENT_3D ( 'NONE', #4390, #2630, #3420 ) ;
#7139 = LINE ( 'NONE', #4344, #572 ) ;
#7140 = CARTESIAN_POINT ( 'NONE',  ( 313.0000000000000000, 0.000000000000000000, -179.2174660514637310 ) ) ;
#7141 = ORIENTED_EDGE ( 'NONE', *, *, #2093, .T. ) ;
#7142 = CARTESIAN_POINT ( 'NONE',  ( 0.9843342201064364527, 2.489954509273251126, -0.4551746698936293134 ) ) ;
#7143 = DIRECTION ( 'NONE',  ( 1.000000000000000000, 1.722632009336720063E-16, -7.400880780937477100E-16 ) ) ;
#7144 = DIRECTION ( 'NONE',  ( 5.271287065735031647E-16, 0.3863680181001609149, -0.9223447048632922307 ) ) ;
#7145 = VECTOR ( 'NONE', #2939, 1000.000000000000000 ) ;
#7146 = ORIENTED_EDGE ( 'NONE', *, *, #7230, .F. ) ;
#7147 = AXIS2_PLACEMENT_3D ( 'NONE', #5124, #4147, #240 ) ;
#7148 = CARTESIAN_POINT ( 'NONE',  ( 206.5000000000000000, -1.500000000000000000, -234.2174660514637310 ) ) ;
#7149 = ORIENTED_EDGE ( 'NONE', *, *, #3751, .F. ) ;
#7150 = DIRECTION ( 'NONE',  ( 0.000000000000000000, -1.000000000000000000, 3.497202527569202082E-15 ) ) ;
#7151 = EDGE_CURVE ( 'NONE', #6307, #5713, #3037, .T. ) ;
#7152 = EDGE_CURVE ( 'NONE', #4463, #1801, #11920, .T. ) ;
#7153 = CARTESIAN_POINT ( 'NONE',  ( 0.9699999999999986411, 2.324442703374285379, 0.1250508761555940707 ) ) ;
#7154 = VECTOR ( 'NONE', #10792, 999.9999999999998863 ) ;
#7155 = VECTOR ( 'NONE', #685, 1000.000000000000000 ) ;
#7156 = DIRECTION ( 'NONE',  ( -0.000000000000000000, -0.000000000000000000, 1.000000000000000000 ) ) ;
#7157 = ORIENTED_EDGE ( 'NONE', *, *, #6894, .T. ) ;
#7158 = LINE ( 'NONE', #8069, #10352 ) ;
#7159 = DIRECTION ( 'NONE',  ( 0.000000000000000000, -1.000000000000000000, 0.000000000000000000 ) ) ;
#7160 = VECTOR ( 'NONE', #49, 1000.000000000000000 ) ;
#7162 = ORIENTED_EDGE ( 'NONE', *, *, #11327, .T. ) ;
#7161 = CIRCLE ( 'NONE', #4825, 1.800000000000023803 ) ;
#7163 = CARTESIAN_POINT ( 'NONE',  ( 330.0000000000000000, 0.000000000000000000, -179.2174660514637310 ) ) ;
#7164 = ORIENTED_EDGE ( 'NONE', *, *, #9175, .F. ) ;
#7165 = EDGE_CURVE ( 'NONE', #8790, #4045, #1678, .T. ) ;
#7166 = CARTESIAN_POINT ( 'NONE',  ( 344.2807473117517816, -1.515150000000000441, -85.10208370742148531 ) ) ;
#7167 = DIRECTION ( 'NONE',  ( -0.000000000000000000, -1.000000000000000000, -0.000000000000000000 ) ) ;
#7168 = ORIENTED_EDGE ( 'NONE', *, *, #3751, .T. ) ;
#7169 = DIRECTION ( 'NONE',  ( 1.000000000000000000, 0.000000000000000000, 0.000000000000000000 ) ) ;
#7170 = VERTEX_POINT ( 'NONE', #1922 ) ;
#7171 = CARTESIAN_POINT ( 'NONE',  ( 160.9850000000000421, -1.981037959732749210, -259.2445493847970397 ) ) ;
#7172 = VECTOR ( 'NONE', #8184, 1000.000000000000000 ) ;
#7173 = CARTESIAN_POINT ( 'NONE',  ( 344.4787374831155375, -1.811471490641777260, -259.2466327181303427 ) ) ;
#7174 = DIRECTION ( 'NONE',  ( 1.000000000000000000, 0.000000000000000000, -0.000000000000000000 ) ) ;
#7175 = ORIENTED_EDGE ( 'NONE', *, *, #11145, .F. ) ;
#7176 = EDGE_CURVE ( 'NONE', #287, #10022, #3762, .T. ) ;
#7177 = CARTESIAN_POINT ( 'NONE',  ( 2.470000000000027729, -2.131491219643871560, -1.343750381945146843 ) ) ;
#7178 = EDGE_CURVE ( 'NONE', #2886, #9536, #4734, .T. ) ;
#7179 = LINE ( 'NONE', #1640, #2503 ) ;
#7180 = VECTOR ( 'NONE', #6468, 1000.000000000000000 ) ;
#7181 = DIRECTION ( 'NONE',  ( 1.445076253180178246E-16, 1.000000000000000000, -5.551115123125738329E-16 ) ) ;
#7182 = VERTEX_POINT ( 'NONE', #7393 ) ;
#7183 = DIRECTION ( 'NONE',  ( -1.445076253180192051E-16, -1.000000000000000000, 2.553512956637819811E-15 ) ) ;
#7184 = DIRECTION ( 'NONE',  ( -1.000000000000000000, -2.000187765493021278E-16, 7.400880780937300593E-16 ) ) ;
#7185 = CARTESIAN_POINT ( 'NONE',  ( 330.0000000000000000, 0.000000000000000000, -179.2174660514637310 ) ) ;
#7186 = CARTESIAN_POINT ( 'NONE',  ( 108.0308911515353856, -1.500000000000000000, -56.46518781845741586 ) ) ;
#7187 = DIRECTION ( 'NONE',  ( 0.000000000000000000, 0.000000000000000000, -1.000000000000000000 ) ) ;
#7188 = AXIS2_PLACEMENT_3D ( 'NONE', #11375, #6679, #201 ) ;
#7189 = EDGE_CURVE ( 'NONE', #3934, #9983, #4482, .T. ) ;
#7190 = ORIENTED_EDGE ( 'NONE', *, *, #10860, .F. ) ;
#7191 = DIRECTION ( 'NONE',  ( -0.000000000000000000, 1.000000000000000000, -0.000000000000000000 ) ) ;
#7192 = EDGE_CURVE ( 'NONE', #1751, #9104, #3564, .T. ) ;
#7193 = DIRECTION ( 'NONE',  ( 1.000000000000000000, 0.000000000000000000, 0.000000000000000000 ) ) ;
#7194 = CARTESIAN_POINT ( 'NONE',  ( 233.4999999999999716, -1.500000000000000000, -179.2174660514637310 ) ) ;
#7195 = ORIENTED_EDGE ( 'NONE', *, *, #8654, .T. ) ;
#7196 = AXIS2_PLACEMENT_3D ( 'NONE', #728, #4453, #1708 ) ;
#7197 = CARTESIAN_POINT ( 'NONE',  ( 0.9700000000000541522, 2.375141406468856076, 0.2468665188329749460 ) ) ;
#7198 = FACE_OUTER_BOUND ( 'NONE', #9380, .T. ) ;
#7199 = LINE ( 'NONE', #10925, #3170 ) ;
#7200 = ORIENTED_EDGE ( 'NONE', *, *, #7341, .T. ) ;
#7201 = FACE_OUTER_BOUND ( 'NONE', #11204, .T. ) ;
#7202 = CARTESIAN_POINT ( 'NONE',  ( 2.470000000000027729, -2.229467576931182471, -1.174050353182798379 ) ) ;
#7203 = DIRECTION ( 'NONE',  ( 6.845769268624693726E-16, -5.551115123125739315E-16, -1.000000000000000000 ) ) ;
#7204 = AXIS2_PLACEMENT_3D ( 'NONE', #6332, #2454, #3360 ) ;
#7205 = ADVANCED_FACE ( 'NONE', ( #3817 ), #10191, .T. ) ;
#7206 = ORIENTED_EDGE ( 'NONE', *, *, #977, .T. ) ;
#7207 = LINE ( 'NONE', #8059, #3846 ) ;
#7208 = ORIENTED_EDGE ( 'NONE', *, *, #1958, .F. ) ;
#7209 = DIRECTION ( 'NONE',  ( 1.000000000000000000, 0.000000000000000000, -0.000000000000000000 ) ) ;
#7210 = FACE_OUTER_BOUND ( 'NONE', #4974, .T. ) ;
#7211 = CARTESIAN_POINT ( 'NONE',  ( 0.9699999999999986411, 2.466294610879687710, -0.4655277348273173521 ) ) ;
#7212 = DIRECTION ( 'NONE',  ( 7.845854836809278763E-17, 0.9803664598916860262, 0.1971841888170626222 ) ) ;
#7213 = VECTOR ( 'NONE', #2450, 1000.000000000000000 ) ;
#7214 = LINE ( 'NONE', #10939, #10121 ) ;
#7215 = EDGE_CURVE ( 'NONE', #7219, #9873, #5573, .T. ) ;
#7216 = ORIENTED_EDGE ( 'NONE', *, *, #1209, .F. ) ;
#7217 = ORIENTED_EDGE ( 'NONE', *, *, #7071, .T. ) ;
#7218 = DIRECTION ( 'NONE',  ( 0.000000000000000000, 0.000000000000000000, -1.000000000000000000 ) ) ;
#7219 = VERTEX_POINT ( 'NONE', #9281 ) ;
#7220 = ORIENTED_EDGE ( 'NONE', *, *, #3313, .F. ) ;
#7221 = PLANE ( 'NONE',  #10542 ) ;
#7222 = CARTESIAN_POINT ( 'NONE',  ( 301.6665948878440986, 0.000000000000000000, -228.4456223450676191 ) ) ;
#7223 = DIRECTION ( 'NONE',  ( 0.000000000000000000, 0.000000000000000000, -1.000000000000000000 ) ) ;
#7224 = ORIENTED_EDGE ( 'NONE', *, *, #3890, .F. ) ;
#7225 = VERTEX_POINT ( 'NONE', #950 ) ;
#7226 = VECTOR ( 'NONE', #6480, 1000.000000000000000 ) ;
#7227 = AXIS2_PLACEMENT_3D ( 'NONE', #227, #11400, #4083 ) ;
#7228 = CARTESIAN_POINT ( 'NONE',  ( 162.6885285093582354, -1.978737483115554419, -259.2632993847970511 ) ) ;
#7229 = DIRECTION ( 'NONE',  ( 1.000000000000000000, 0.000000000000000000, 0.000000000000000000 ) ) ;
#7230 = EDGE_CURVE ( 'NONE', #2428, #2066, #2659, .T. ) ;
#7231 = ORIENTED_EDGE ( 'NONE', *, *, #5292, .T. ) ;
#7232 = EDGE_CURVE ( 'NONE', #2789, #9588, #7330, .T. ) ;
#7233 = DIRECTION ( 'NONE',  ( 1.167520497023887139E-16, 1.000000000000000000, -2.886579864025370323E-15 ) ) ;
#7234 = VERTEX_POINT ( 'NONE', #6420 ) ;
#7235 = CARTESIAN_POINT ( 'NONE',  ( 0.9700000000000541522, 2.314467519602486867, 0.2871582914452386337 ) ) ;
#7236 = LINE ( 'NONE', #2686, #395 ) ;
#7237 = VECTOR ( 'NONE', #8584, 1000.000000000000000 ) ;
#7238 = VERTEX_POINT ( 'NONE', #1736 ) ;
#7239 = DIRECTION ( 'NONE',  ( -6.845769268624693726E-16, 5.551115123125739315E-16, 1.000000000000000000 ) ) ;
#7240 = EDGE_LOOP ( 'NONE', ( #6371, #5581, #3278, #10497 ) ) ;
#7241 = FACE_OUTER_BOUND ( 'NONE', #5229, .T. ) ;
#7242 = FACE_OUTER_BOUND ( 'NONE', #2603, .T. ) ;
#7243 = LINE ( 'NONE', #2818, #2881 ) ;
#7244 = LINE ( 'NONE', #6334, #11819 ) ;
#7245 = CARTESIAN_POINT ( 'NONE',  ( 235.1087330257295491, -0.000000000000000000, -235.1087330257347503 ) ) ;
#7246 = CARTESIAN_POINT ( 'NONE',  ( 0.9843342201064364527, 2.381236316858021063, 0.1405888840665114881 ) ) ;
#7247 = VERTEX_POINT ( 'NONE', #5639 ) ;
#7248 = VECTOR ( 'NONE', #2833, 1000.000000000000000 ) ;
#7249 = LINE ( 'NONE', #614, #3244 ) ;
#7250 = CARTESIAN_POINT ( 'NONE',  ( 362.9755125916353791, -1.500000000000000000, -54.35518781845740932 ) ) ;
#7251 = DIRECTION ( 'NONE',  ( -2.775557561562892534E-15, 0.000000000000000000, 1.000000000000000000 ) ) ;
#7252 = ORIENTED_EDGE ( 'NONE', *, *, #9826, .T. ) ;
#7253 = CARTESIAN_POINT ( 'NONE',  ( 338.5000000000000000, 0.000000000000000000, -35.27282088253234349 ) ) ;
#7254 = FACE_OUTER_BOUND ( 'NONE', #3206, .T. ) ;
#7255 = EDGE_CURVE ( 'NONE', #10184, #3449, #9343, .T. ) ;
#7256 = EDGE_CURVE ( 'NONE', #1106, #40, #11066, .T. ) ;
#7257 = CARTESIAN_POINT ( 'NONE',  ( 0.9843342201064364527, 2.125255814197646309, -0.05453024012823382005 ) ) ;
#7258 = LINE ( 'NONE', #8231, #6838 ) ;
#7259 = PRODUCT_RELATED_PRODUCT_CATEGORY ( 'part', '', ( #4232 ) ) ;
#7260 = CARTESIAN_POINT ( 'NONE',  ( 181.5000000000000284, -9.797174393178824918E-17, -317.4174660514636912 ) ) ;
#7261 = ORIENTED_EDGE ( 'NONE', *, *, #5763, .T. ) ;
#7262 = DIRECTION ( 'NONE',  ( -0.000000000000000000, 1.000000000000000000, -0.000000000000000000 ) ) ;
#7263 = ORIENTED_EDGE ( 'NONE', *, *, #9631, .T. ) ;
#7264 = DIRECTION ( 'NONE',  ( 0.000000000000000000, 0.000000000000000000, 1.000000000000000000 ) ) ;
#7265 = CARTESIAN_POINT ( 'NONE',  ( 507.0000000000000000, 0.000000000000000000, -40.00000000000007105 ) ) ;
#7266 = DIRECTION ( 'NONE',  ( -1.445076253180192051E-16, -1.000000000000000000, 2.553512956637819811E-15 ) ) ;
#7267 = CARTESIAN_POINT ( 'NONE',  ( 210.8265096880607814, -1.500000000000000000, -228.4456223450676191 ) ) ;
#7268 = EDGE_CURVE ( 'NONE', #455, #6696, #10256, .T. ) ;
#7269 = EDGE_LOOP ( 'NONE', ( #10691, #3755, #11652, #210 ) ) ;
#7270 = CARTESIAN_POINT ( 'NONE',  ( 0.9843342201064364527, 2.502369077289262833, 0.2139087065950867617 ) ) ;
#7271 = CARTESIAN_POINT ( 'NONE',  ( 502.0000000000000000, -3.500000000000000000, -1.750000000000017097 ) ) ;
#7272 = VECTOR ( 'NONE', #11048, 1000.000000000000000 ) ;
#7273 = DIRECTION ( 'NONE',  ( 6.845769268624742044E-16, -2.886579864025370717E-15, -1.000000000000000000 ) ) ;
#7274 = AXIS2_PLACEMENT_3D ( 'NONE', #2425, #4126, #9769 ) ;
#7275 = ORIENTED_EDGE ( 'NONE', *, *, #7900, .T. ) ;
#7276 = CARTESIAN_POINT ( 'NONE',  ( 0.9700000000000541522, 2.125255814197729798, 0.3399550943366663747 ) ) ;
#7277 = CARTESIAN_POINT ( 'NONE',  ( 162.7500000000000284, -1.750000000000000000, -259.2674660514636571 ) ) ;
#7278 = ORIENTED_EDGE ( 'NONE', *, *, #4816, .T. ) ;
#7279 = ORIENTED_EDGE ( 'NONE', *, *, #11435, .F. ) ;
#7280 = DIRECTION ( 'NONE',  ( -1.000000000000000000, -1.722632009336720063E-16, 7.400880780937477100E-16 ) ) ;
#7281 = ORIENTED_EDGE ( 'NONE', *, *, #9418, .F. ) ;
#7282 = VECTOR ( 'NONE', #4105, 1000.000000000000000 ) ;
#7283 = CARTESIAN_POINT ( 'NONE',  ( 0.9700000000000541522, 2.331064604498556125, 0.2959619118668987969 ) ) ;
#7284 = LINE ( 'NONE', #2673, #3553 ) ;
#7285 = ORIENTED_EDGE ( 'NONE', *, *, #5088, .T. ) ;
#7286 = ADVANCED_FACE ( 'NONE', ( #10 ), #1798, .F. ) ;
#7287 = VERTEX_POINT ( 'NONE', #4610 ) ;
#7288 = CARTESIAN_POINT ( 'NONE',  ( 162.5212625168844909, -1.811471490641776816, -259.2466327181302859 ) ) ;
#7289 = LINE ( 'NONE', #842, #2918 ) ;
#7290 = VERTEX_POINT ( 'NONE', #2906 ) ;
#7291 = AXIS2_PLACEMENT_3D ( 'NONE', #5682, #5739, #4655 ) ;
#7292 = DIRECTION ( 'NONE',  ( -0.7071067811865396902, 0.000000000000000000, 0.7071067811865553443 ) ) ;
#7293 = ORIENTED_EDGE ( 'NONE', *, *, #10568, .F. ) ;
#7294 = DIRECTION ( 'NONE',  ( -1.172565486536605705E-16, 0.9628491381317996201, 0.2700398807562516823 ) ) ;
#7295 = LINE ( 'NONE', #9970, #1776 ) ;
#7296 = ORIENTED_EDGE ( 'NONE', *, *, #6631, .F. ) ;
#7297 = PLANE ( 'NONE',  #675 ) ;
#7298 = ORIENTED_EDGE ( 'NONE', *, *, #7176, .T. ) ;
#7299 = EDGE_CURVE ( 'NONE', #10158, #6316, #4548, .T. ) ;
#7300 = PLANE ( 'NONE',  #6407 ) ;
#7301 = VECTOR ( 'NONE', #5993, 1000.000000000000000 ) ;
#7302 =( NAMED_UNIT ( * ) PLANE_ANGLE_UNIT ( ) SI_UNIT ( $, .RADIAN. ) );
#7303 = EDGE_CURVE ( 'NONE', #9115, #7732, #9216, .T. ) ;
#7304 = DIRECTION ( 'NONE',  ( -1.000000000000000000, 0.000000000000000000, 9.842402700577628319E-17 ) ) ;
#7305 = CARTESIAN_POINT ( 'NONE',  ( 148.0308911515353998, -1.224646799147346644E-18, -52.24518781845740989 ) ) ;
#7306 = LINE ( 'NONE', #7491, #8332 ) ;
#7307 = ORIENTED_EDGE ( 'NONE', *, *, #3190, .F. ) ;
#7308 = VECTOR ( 'NONE', #2324, 999.9999999999998863 ) ;
#7309 = CARTESIAN_POINT ( 'NONE',  ( 0.2238461538461855582, 0.000000000000000000, 4.163336342344337027E-14 ) ) ;
#7310 = LINE ( 'NONE', #7132, #11434 ) ;
#7311 = FACE_OUTER_BOUND ( 'NONE', #1317, .T. ) ;
#7312 = VERTEX_POINT ( 'NONE', #6615 ) ;
#7313 = DIRECTION ( 'NONE',  ( -0.000000000000000000, -1.000000000000000000, -0.000000000000000000 ) ) ;
#7314 = SURFACE_STYLE_FILL_AREA ( #3613 ) ;
#7315 = LINE ( 'NONE', #7253, #8349 ) ;
#7316 = LINE ( 'NONE', #3551, #2218 ) ;
#7317 = EDGE_CURVE ( 'NONE', #3605, #4376, #5757, .T. ) ;
#7318 = PLANE ( 'NONE',  #11362 ) ;
#7319 = LINE ( 'NONE', #2711, #4071 ) ;
#7320 = PLANE ( 'NONE',  #1977 ) ;
#7321 = AXIS2_PLACEMENT_3D ( 'NONE', #9101, #9227, #10888 ) ;
#7322 = VERTEX_POINT ( 'NONE', #4056 ) ;
#7323 = EDGE_CURVE ( 'NONE', #6876, #6251, #7752, .T. ) ;
#7324 = CARTESIAN_POINT ( 'NONE',  ( 2.469999999999972218, -0.1043506507305280717, 1.963500000000506507 ) ) ;
#7325 = EDGE_CURVE ( 'NONE', #1409, #7681, #5628, .T. ) ;
#7326 = EDGE_LOOP ( 'NONE', ( #9606, #9146, #1672, #10989 ) ) ;
#7327 = AXIS2_PLACEMENT_3D ( 'NONE', #3800, #7436, #9259 ) ;
#7328 = LINE ( 'NONE', #1733, #9804 ) ;
#7329 = DIRECTION ( 'NONE',  ( 1.000000000000000000, 0.000000000000000000, -0.000000000000000000 ) ) ;
#7330 = LINE ( 'NONE', #2724, #9313 ) ;
#7331 = DIRECTION ( 'NONE',  ( -6.724135084613157836E-17, -0.9999670694423009598, 0.008115419334605227658 ) ) ;
#7332 = ORIENTED_EDGE ( 'NONE', *, *, #5041, .F. ) ;
#7333 = CARTESIAN_POINT ( 'NONE',  ( 344.2500000000000000, -1.500000000000000444, -85.10000000000000853 ) ) ;
#7334 = AXIS2_PLACEMENT_3D ( 'NONE', #11444, #5833, #90 ) ;
#7335 = VECTOR ( 'NONE', #7127, 1000.000000000000114 ) ;
#7336 = CARTESIAN_POINT ( 'NONE',  ( 345.1313332156489651, -0.2208738203800490740, -259.2257993847970852 ) ) ;
#7337 = EDGE_LOOP ( 'NONE', ( #4063, #2336, #8658, #3898 ) ) ;
#7338 = ORIENTED_EDGE ( 'NONE', *, *, #7931, .T. ) ;
#7339 = CARTESIAN_POINT ( 'NONE',  ( 0.9700000000000541522, 2.125255814197646309, -0.3948934297112599578 ) ) ;
#7340 = ORIENTED_EDGE ( 'NONE', *, *, #890, .T. ) ;
#7341 = EDGE_CURVE ( 'NONE', #4354, #9174, #2327, .T. ) ;
#7342 = ORIENTED_EDGE ( 'NONE', *, *, #8397, .T. ) ;
#7343 = DIRECTION ( 'NONE',  ( -6.845769268624692740E-16, 5.551115123125739315E-16, 1.000000000000000000 ) ) ;
#7344 = AXIS2_PLACEMENT_3D ( 'NONE', #6991, #5296, #5965 ) ;
#7345 = CIRCLE ( 'NONE', #7921, 2.000000000000001776 ) ;
#7346 = PLANE ( 'NONE',  #8072 ) ;
#7347 = LINE ( 'NONE', #9234, #1805 ) ;
#7348 = EDGE_LOOP ( 'NONE', ( #11985, #7224, #7776, #4476 ) ) ;
#7349 = ORIENTED_EDGE ( 'NONE', *, *, #10651, .T. ) ;
#7350 = CARTESIAN_POINT ( 'NONE',  ( 162.2880149841058142, -0.03093822568044215723, -259.2216327181303086 ) ) ;
#7351 = DIRECTION ( 'NONE',  ( 0.000000000000000000, -1.000000000000000000, 0.000000000000000000 ) ) ;
#7352 = VECTOR ( 'NONE', #11004, 999.9999999999998863 ) ;
#7353 = VERTEX_POINT ( 'NONE', #259 ) ;
#7354 = CARTESIAN_POINT ( 'NONE',  ( 2.470000000000027729, -2.023130304122683576, -1.531436993182061501 ) ) ;
#7355 = ADVANCED_FACE ( 'NONE', ( #5874 ), #4110, .F. ) ;
#7356 = ORIENTED_EDGE ( 'NONE', *, *, #3327, .F. ) ;
#7357 = CARTESIAN_POINT ( 'NONE',  ( 278.0000000000000000, 0.000000000000000000, -224.7174660514637594 ) ) ;
#7358 = VERTEX_POINT ( 'NONE', #1297 ) ;
#7359 = PLANE ( 'NONE',  #3218 ) ;
#7360 = ORIENTED_EDGE ( 'NONE', *, *, #11677, .F. ) ;
#7361 = CIRCLE ( 'NONE', #12042, 1.229499999965364854 ) ;
#7362 = FACE_OUTER_BOUND ( 'NONE', #8504, .T. ) ;
#7363 = CARTESIAN_POINT ( 'NONE',  ( 246.6723182195912614, 0.000000000000000000, -210.1763372145972539 ) ) ;
#7364 = DIRECTION ( 'NONE',  ( 1.445076253180192051E-16, 1.000000000000000000, -2.553512956637819811E-15 ) ) ;
#7365 = DIRECTION ( 'NONE',  ( -1.000000000000000000, -1.722632009336732389E-16, -1.073154985481276528E-15 ) ) ;
#7366 = AXIS2_PLACEMENT_3D ( 'NONE', #10998, #5391, #1861 ) ;
#7367 = EDGE_CURVE ( 'NONE', #2662, #10764, #5826, .T. ) ;
#7368 = FACE_OUTER_BOUND ( 'NONE', #2268, .T. ) ;
#7369 = ORIENTED_EDGE ( 'NONE', *, *, #8642, .F. ) ;
#7370 = EDGE_CURVE ( 'NONE', #3269, #11559, #1065, .T. ) ;
#7371 = PLANE ( 'NONE',  #129 ) ;
#7372 = CARTESIAN_POINT ( 'NONE',  ( 321.4999999999999432, 0.000000000000000000, -317.4174660514637480 ) ) ;
#7373 = ORIENTED_EDGE ( 'NONE', *, *, #11105, .F. ) ;
#7374 = DIRECTION ( 'NONE',  ( -1.000000000000000000, -2.000187765493021278E-16, 7.400880780937300593E-16 ) ) ;
#7375 = ORIENTED_EDGE ( 'NONE', *, *, #3323, .F. ) ;
#7376 = CARTESIAN_POINT ( 'NONE',  ( 162.7500000000000284, -1.500000000000000000, -259.2174660514637026 ) ) ;
#7377 = DIRECTION ( 'NONE',  ( 0.000000000000000000, 0.000000000000000000, -1.000000000000000000 ) ) ;
#7378 = LINE ( 'NONE', #11115, #3193 ) ;
#7379 = ORIENTED_EDGE ( 'NONE', *, *, #4602, .F. ) ;
#7380 = FACE_OUTER_BOUND ( 'NONE', #5314, .T. ) ;
#7381 = VECTOR ( 'NONE', #5082, 1000.000000000000000 ) ;
#7382 = DIRECTION ( 'NONE',  ( 1.445076253180192051E-16, 1.000000000000000000, -2.553512956637819811E-15 ) ) ;
#7383 = CARTESIAN_POINT ( 'NONE',  ( 345.9999999999999432, 0.000000000000000000, -324.2174660514637594 ) ) ;
#7384 = EDGE_CURVE ( 'NONE', #11292, #11140, #7633, .T. ) ;
#7385 = EDGE_LOOP ( 'NONE', ( #5650, #1310, #3729, #3150, #11903, #5661, #5656, #9623, #11326, #7771, #8624, #2919, #6500, #7583 ) ) ;
#7386 = EDGE_CURVE ( 'NONE', #11912, #7287, #2169, .T. ) ;
#7387 = CARTESIAN_POINT ( 'NONE',  ( 162.7500000000000284, -2.000000000000000000, -85.15000000000000568 ) ) ;
#7388 = VECTOR ( 'NONE', #2140, 1000.000000000000000 ) ;
#7389 = ORIENTED_EDGE ( 'NONE', *, *, #3691, .F. ) ;
#7390 = CARTESIAN_POINT ( 'NONE',  ( 0.2705000000000068461, 0.000000000000000000, 0.000000000000000000 ) ) ;
#7391 = CARTESIAN_POINT ( 'NONE',  ( 0.9699999999999986411, 2.471483893426634992, -0.4542524141098597257 ) ) ;
#7392 = DIRECTION ( 'NONE',  ( 4.992923249691015501E-16, -0.4999999999999992228, -0.8660254037844391517 ) ) ;
#7393 = CARTESIAN_POINT ( 'NONE',  ( 252.4999999999999432, -1.500000000000000000, -174.2174660514637310 ) ) ;
#7394 = DIRECTION ( 'NONE',  ( -0.000000000000000000, -1.000000000000000000, -0.000000000000000000 ) ) ;
#7395 = FACE_OUTER_BOUND ( 'NONE', #2421, .T. ) ;
#7396 = CARTESIAN_POINT ( 'NONE',  ( 0.9699999999999986411, 2.521531062727233596, -0.2852079774567084502 ) ) ;
#7397 = VERTEX_POINT ( 'NONE', #3938 ) ;
#7398 = EDGE_CURVE ( 'NONE', #9907, #10236, #11486, .T. ) ;
#7399 = CARTESIAN_POINT ( 'NONE',  ( 173.0000000000000000, -1.500000000000000000, -179.2174660514637310 ) ) ;
#7400 = VECTOR ( 'NONE', #8847, 1000.000000000000000 ) ;
#7401 = ORIENTED_EDGE ( 'NONE', *, *, #11605, .T. ) ;
#7402 = VERTEX_POINT ( 'NONE', #11372 ) ;
#7403 = CARTESIAN_POINT ( 'NONE',  ( 161.0000000000000000, 0.000000000000000000, -259.9674660514636457 ) ) ;
#7404 = ORIENTED_EDGE ( 'NONE', *, *, #11971, .F. ) ;
#7405 = CARTESIAN_POINT ( 'NONE',  ( 0.9843342201064364527, 2.273044490338632428, 0.1765801039627645785 ) ) ;
#7406 = VECTOR ( 'NONE', #10259, 999.9999999999998863 ) ;
#7407 = CARTESIAN_POINT ( 'NONE',  ( 338.4999999999999432, -1.500000000000000000, -252.5728208825323691 ) ) ;
#7408 = LINE ( 'NONE', #3519, #4308 ) ;
#7409 = VERTEX_POINT ( 'NONE', #5817 ) ;
#7410 = ORIENTED_EDGE ( 'NONE', *, *, #10517, .T. ) ;
#7411 = ADVANCED_FACE ( 'NONE', ( #8668 ), #1243, .F. ) ;
#7412 = CARTESIAN_POINT ( 'NONE',  ( 162.7172692001267080, -2.000000000000000000, -259.2653823440271594 ) ) ;
#7413 = EDGE_CURVE ( 'NONE', #10039, #4892, #3132, .T. ) ;
#7414 = DIRECTION ( 'NONE',  ( -7.054589166432185917E-16, 5.551115123125740301E-16, 1.000000000000000000 ) ) ;
#7415 = VECTOR ( 'NONE', #8174, 1000.000000000000000 ) ;
#7416 = ORIENTED_EDGE ( 'NONE', *, *, #10760, .F. ) ;
#7417 = ORIENTED_CLOSED_SHELL ( 'NONE', *, #11148, .F. );
#7418 = DIRECTION ( 'NONE',  ( -3.939796879308687280E-16, 0.7152859658357441086, 0.6988318732559546387 ) ) ;
#7419 = ORIENTED_EDGE ( 'NONE', *, *, #10057, .F. ) ;
#7420 = PLANE ( 'NONE',  #2492 ) ;
#7421 = CARTESIAN_POINT ( 'NONE',  ( 308.4999999999998863, -1.500000000000000000, -245.7174660514637310 ) ) ;
#7422 = EDGE_LOOP ( 'NONE', ( #11011, #3292, #3307, #10340 ) ) ;
#7423 = CARTESIAN_POINT ( 'NONE',  ( 345.7922329754452448, -2.638887500354646587, -85.13333333333333997 ) ) ;
#7424 = ORIENTED_EDGE ( 'NONE', *, *, #6932, .F. ) ;
#7425 = VECTOR ( 'NONE', #8917, 1000.000000000000000 ) ;
#7426 = DIRECTION ( 'NONE',  ( -1.257674520083184650E-16, 0.000000000000000000, -1.000000000000000000 ) ) ;
#7427 = DIRECTION ( 'NONE',  ( -1.000000000000000000, -0.000000000000000000, -0.000000000000000000 ) ) ;
#7428 = DIRECTION ( 'NONE',  ( 6.687960947605179555E-16, 0.5970492305973766900, -0.8022045974956019121 ) ) ;
#7429 = EDGE_CURVE ( 'NONE', #7437, #6893, #11282, .T. ) ;
#7430 = CARTESIAN_POINT ( 'NONE',  ( 0.9700000000000263967, -1.387778780781445676E-13, 2.498001805406602216E-13 ) ) ;
#7431 = CARTESIAN_POINT ( 'NONE',  ( 2.470000000000027729, 2.070502786264333039, -1.449385447233317414 ) ) ;
#7432 = VECTOR ( 'NONE', #5751, 1000.000000000000000 ) ;
#7433 = VECTOR ( 'NONE', #11426, 1000.000000000000000 ) ;
#7434 = ORIENTED_EDGE ( 'NONE', *, *, #7843, .T. ) ;
#7435 = DIRECTION ( 'NONE',  ( -1.000000000000000000, 0.000000000000000000, 0.000000000000000000 ) ) ;
#7436 = DIRECTION ( 'NONE',  ( -1.000000000000000000, -1.722632009336724254E-16, 4.070211707061878303E-16 ) ) ;
#7437 = VERTEX_POINT ( 'NONE', #5022 ) ;
#7438 = LINE ( 'NONE', #1107, #11983 ) ;
#7439 = VERTEX_POINT ( 'NONE', #10440 ) ;
#7440 = PLANE ( 'NONE',  #1165 ) ;
#7441 = DIRECTION ( 'NONE',  ( 0.000000000000000000, 0.000000000000000000, 1.000000000000000000 ) ) ;
#7442 = ORIENTED_EDGE ( 'NONE', *, *, #1459, .T. ) ;
#7443 = DIRECTION ( 'NONE',  ( -6.768688488035121845E-16, 0.2406903406730367678, 0.9706019575019914081 ) ) ;
#7444 = DIRECTION ( 'NONE',  ( 0.000000000000000000, 0.000000000000000000, -1.000000000000000000 ) ) ;
#7445 = CIRCLE ( 'NONE', #828, 0.03983479767572151858 ) ;
#7446 = DIRECTION ( 'NONE',  ( 0.000000000000000000, 1.000000000000000000, 6.123233995736766036E-17 ) ) ;
#7447 = EDGE_CURVE ( 'NONE', #4463, #1327, #9521, .T. ) ;
#7448 = ORIENTED_EDGE ( 'NONE', *, *, #6366, .T. ) ;
#7449 = CARTESIAN_POINT ( 'NONE',  ( 0.9699999999999986411, 2.496189298377360366, -0.4507503921453992479 ) ) ;
#7450 = ORIENTED_EDGE ( 'NONE', *, *, #7842, .F. ) ;
#7451 = DIRECTION ( 'NONE',  ( 1.000000000000000000, 2.000187765493021278E-16, -7.400880780937300593E-16 ) ) ;
#7452 = DIRECTION ( 'NONE',  ( -1.068786975720299338E-15, 1.443289932012702714E-15, 1.000000000000000000 ) ) ;
#7453 = VERTEX_POINT ( 'NONE', #7576 ) ;
#7454 = LINE ( 'NONE', #9280, #8602 ) ;
#7455 = DIRECTION ( 'NONE',  ( -1.000000000000000000, -2.000187765493021278E-16, 7.400880780937300593E-16 ) ) ;
#7456 = PLANE ( 'NONE',  #8953 ) ;
#7457 = CARTESIAN_POINT ( 'NONE',  ( 305.0000000000000568, 0.000000000000000000, -179.2174660514637310 ) ) ;
#7458 = LINE ( 'NONE', #10897, #2155 ) ;
#7459 = LINE ( 'NONE', #4417, #10330 ) ;
#7460 = VERTEX_POINT ( 'NONE', #11313 ) ;
#7461 = ADVANCED_FACE ( 'NONE', ( #2967 ), #6676, .F. ) ;
#7462 = CARTESIAN_POINT ( 'NONE',  ( 0.9843342201064364527, 2.482952093663476134, -0.4576429775273588296 ) ) ;
#7463 = ORIENTED_EDGE ( 'NONE', *, *, #6521, .T. ) ;
#7464 = CARTESIAN_POINT ( 'NONE',  ( 246.6723182195912898, -1.500000000000000000, -190.1763372145972539 ) ) ;
#7465 = ORIENTED_EDGE ( 'NONE', *, *, #1309, .T. ) ;
#7466 = CARTESIAN_POINT ( 'NONE',  ( 0.9699999999999986411, 2.495373293259495195, -0.4531261570465683342 ) ) ;
#7467 = ORIENTED_EDGE ( 'NONE', *, *, #2356, .T. ) ;
#7468 = DIRECTION ( 'NONE',  ( 1.445076253180192051E-16, 1.000000000000000000, -2.553512956637819811E-15 ) ) ;
#7469 = DIRECTION ( 'NONE',  ( -0.000000000000000000, -1.000000000000000000, -0.000000000000000000 ) ) ;
#7470 = VERTEX_POINT ( 'NONE', #8613 ) ;
#7471 = AXIS2_PLACEMENT_3D ( 'NONE', #9824, #3198, #1493 ) ;
#7472 = ORIENTED_EDGE ( 'NONE', *, *, #4154, .F. ) ;
#7473 = EDGE_CURVE ( 'NONE', #3216, #9425, #3995, .T. ) ;
#7474 = VECTOR ( 'NONE', #4168, 1000.000000000000000 ) ;
#7475 = CARTESIAN_POINT ( 'NONE',  ( 2.450950000000007289, 2.180479398288054149, -1.258900367563611677 ) ) ;
#7476 = CARTESIAN_POINT ( 'NONE',  ( 0.9700000000000541522, 2.440789267712156985, 0.1548669140297720404 ) ) ;
#7477 = ORIENTED_EDGE ( 'NONE', *, *, #10054, .T. ) ;
#7478 = CARTESIAN_POINT ( 'NONE',  ( 210.8265096880607814, 0.000000000000000000, -208.4456223450676475 ) ) ;
#7479 = ORIENTED_EDGE ( 'NONE', *, *, #3116, .T. ) ;
#7480 = AXIS2_PLACEMENT_3D ( 'NONE', #10060, #2655, #10878 ) ;
#7481 = EDGE_CURVE ( 'NONE', #5271, #10448, #560, .T. ) ;
#7482 = DIRECTION ( 'NONE',  ( 1.000000000000000000, 0.000000000000000000, -1.387778780781445182E-16 ) ) ;
#7483 = ORIENTED_EDGE ( 'NONE', *, *, #2081, .F. ) ;
#7484 = EDGE_CURVE ( 'NONE', #3845, #6924, #5994, .T. ) ;
#7485 = FACE_OUTER_BOUND ( 'NONE', #10432, .T. ) ;
#7486 = FACE_OUTER_BOUND ( 'NONE', #944, .T. ) ;
#7487 = VERTEX_POINT ( 'NONE', #434 ) ;
#7488 = DIRECTION ( 'NONE',  ( 1.000000000000000000, 0.000000000000000000, 0.000000000000000000 ) ) ;
#7489 = CARTESIAN_POINT ( 'NONE',  ( 207.5000000000000000, 0.000000000000000000, -179.2174660514637310 ) ) ;
#7490 = PLANE ( 'NONE',  #5794 ) ;
#7491 = CARTESIAN_POINT ( 'NONE',  ( 0.2238461539150214119, 7.234694981581544350E-16, -2.099999999984425436 ) ) ;
#7492 = VERTEX_POINT ( 'NONE', #1362 ) ;
#7493 = CARTESIAN_POINT ( 'NONE',  ( 0.9699999999999986411, 2.475529918803315077, -0.4526374039800218352 ) ) ;
#7494 = PLANE ( 'NONE',  #2094 ) ;
#7495 = EDGE_CURVE ( 'NONE', #10158, #3575, #7079, .T. ) ;
#7496 = ORIENTED_EDGE ( 'NONE', *, *, #10819, .F. ) ;
#7497 = AXIS2_PLACEMENT_3D ( 'NONE', #9874, #1480, #1541 ) ;
#7498 = PLANE ( 'NONE',  #8849 ) ;
#7499 = ORIENTED_EDGE ( 'NONE', *, *, #3661, .T. ) ;
#7500 = PLANE ( 'NONE',  #3705 ) ;
#7501 = CARTESIAN_POINT ( 'NONE',  ( 2.469999999999805684, -0.1043506507302505160, 2.417505155565644159 ) ) ;
#7502 = VERTEX_POINT ( 'NONE', #618 ) ;
#7503 = DIRECTION ( 'NONE',  ( 0.000000000000000000, -0.000000000000000000, -1.000000000000000000 ) ) ;
#7504 = VERTEX_POINT ( 'NONE', #1542 ) ;
#7505 = CARTESIAN_POINT ( 'NONE',  ( 162.5447912666950572, -1.868274917540105884, -85.13333333333332575 ) ) ;
#7506 = EDGE_CURVE ( 'NONE', #1388, #2012, #8360, .T. ) ;
#7507 = EDGE_LOOP ( 'NONE', ( #4986, #12070, #11619, #10407 ) ) ;
#7508 = CARTESIAN_POINT ( 'NONE',  ( 0.9843342201064364527, 2.416638973676554780, 0.2657177383791342606 ) ) ;
#7509 = ORIENTED_EDGE ( 'NONE', *, *, #11718, .T. ) ;
#7510 = DIRECTION ( 'NONE',  ( -0.000000000000000000, 1.000000000000000000, -0.000000000000000000 ) ) ;
#7511 = VECTOR ( 'NONE', #4238, 1000.000000000000000 ) ;
#7512 = DIRECTION ( 'NONE',  ( 1.000000000000000000, 2.000187765493021278E-16, -7.400880780937300593E-16 ) ) ;
#7513 = FACE_BOUND ( 'NONE', #10168, .T. ) ;
#7514 = DIRECTION ( 'NONE',  ( -1.000000000000000000, 0.000000000000000000, 1.231038660478258832E-16 ) ) ;
#7515 = FACE_OUTER_BOUND ( 'NONE', #8177, .T. ) ;
#7516 = EDGE_LOOP ( 'NONE', ( #9410, #202, #8688, #2798 ) ) ;
#7517 = CARTESIAN_POINT ( 'NONE',  ( 0.9699999999999986411, 2.463272841927099943, -0.4324412773113461839 ) ) ;
#7518 = DIRECTION ( 'NONE',  ( -1.445076253180192051E-16, -1.000000000000000000, 2.553512956637819811E-15 ) ) ;
#7519 = ORIENTED_EDGE ( 'NONE', *, *, #3380, .F. ) ;
#7520 = AXIS2_PLACEMENT_3D ( 'NONE', #2404, #11423, #9745 ) ;
#7521 = PLANE ( 'NONE',  #10439 ) ;
#7522 = ORIENTED_EDGE ( 'NONE', *, *, #2038, .T. ) ;
#7523 = ADVANCED_FACE ( 'NONE', ( #7990 ), #2409, .F. ) ;
#7524 = ORIENTED_EDGE ( 'NONE', *, *, #832, .T. ) ;
#7525 = EDGE_CURVE ( 'NONE', #3849, #1625, #7139, .T. ) ;
#7526 = DIRECTION ( 'NONE',  ( -1.000000000000000000, -2.000187765493021278E-16, 7.400880780937300593E-16 ) ) ;
#7527 = DIRECTION ( 'NONE',  ( 0.000000000000000000, 1.000000000000000000, 0.000000000000000000 ) ) ;
#7528 = CARTESIAN_POINT ( 'NONE',  ( 0.9699999999999986411, 2.493745533049956720, -0.4541504134703971962 ) ) ;
#7529 = ORIENTED_EDGE ( 'NONE', *, *, #10622, .F. ) ;
#7530 = VECTOR ( 'NONE', #7848, 1000.000000000000000 ) ;
#7531 = VECTOR ( 'NONE', #12081, 1000.000000000000000 ) ;
#7532 = VERTEX_POINT ( 'NONE', #11663 ) ;
#7533 = DIRECTION ( 'NONE',  ( -0.000000000000000000, 1.000000000000000000, -0.000000000000000000 ) ) ;
#7534 = DIRECTION ( 'NONE',  ( 1.000000000000000000, 0.000000000000000000, 0.000000000000000000 ) ) ;
#7535 = ORIENTED_EDGE ( 'NONE', *, *, #7085, .F. ) ;
#7536 = LINE ( 'NONE', #3040, #4801 ) ;
#7537 = VECTOR ( 'NONE', #2997, 1000.000000000000000 ) ;
#7539 = ORIENTED_EDGE ( 'NONE', *, *, #6365, .T. ) ;
#7538 = VECTOR ( 'NONE', #5855, 1000.000000000000000 ) ;
#7540 = EDGE_CURVE ( 'NONE', #7030, #9192, #2348, .T. ) ;
#7541 = CARTESIAN_POINT ( 'NONE',  ( 0.9699999999999986411, 2.496594058078394074, -0.4418346858929278476 ) ) ;
#7542 = VERTEX_POINT ( 'NONE', #10802 ) ;
#7543 = LINE ( 'NONE', #8341, #1273 ) ;
#7544 = EDGE_LOOP ( 'NONE', ( #11590, #12054, #8028, #8136 ) ) ;
#7545 = LINE ( 'NONE', #230, #6996 ) ;
#7546 = CARTESIAN_POINT ( 'NONE',  ( 2.450950000000007289, 2.290456010312053259, -1.068415287893961896 ) ) ;
#7547 = DIRECTION ( 'NONE',  ( 7.133670101290322422E-16, 0.5483224662305562491, -0.8362669866895622306 ) ) ;
#7548 = AXIS2_PLACEMENT_3D ( 'NONE', #5327, #2418, #9699 ) ;
#7549 = DIRECTION ( 'NONE',  ( 1.000000000000000000, 2.000187765493029413E-16, 6.845769268624692740E-16 ) ) ;
#7550 = CARTESIAN_POINT ( 'NONE',  ( 0.9699999999999986411, 2.490921390337408337, -0.4417785858742279137 ) ) ;
#7551 = EDGE_CURVE ( 'NONE', #8801, #4399, #9814, .T. ) ;
#7552 = EDGE_CURVE ( 'NONE', #9088, #7532, #7863, .T. ) ;
#7553 = VERTEX_POINT ( 'NONE', #11782 ) ;
#7554 = ADVANCED_FACE ( 'NONE', ( #11599, #2526, #10619, #9695, #2287, #3429, #10682, #3311, #6228, #9931, #1602, #9021, #4227, #3245, #6958, #4401, #8106, #1481, #11840, #9752, #1417, #6902, #7927, #5201, #7020, #8905, #11722, #10047, #11904, #4533, #2830, #11114, #807, #9137, #993 ), #8228, .F. ) ;
#7555 = DIRECTION ( 'NONE',  ( -1.000000000000000000, -2.000187765493021278E-16, 7.400880780937300593E-16 ) ) ;
#7556 = FACE_OUTER_BOUND ( 'NONE', #1777, .T. ) ;
#7557 = VECTOR ( 'NONE', #2557, 999.9999999999998863 ) ;
#7558 = VERTEX_POINT ( 'NONE', #1722 ) ;
#7559 = DIRECTION ( 'NONE',  ( -1.000000000000000000, -0.000000000000000000, -0.000000000000000000 ) ) ;
#7560 = ORIENTED_EDGE ( 'NONE', *, *, #8324, .T. ) ;
#7561 = CARTESIAN_POINT ( 'NONE',  ( 0.9700000000000541522, 2.502369077289151811, 0.2139087065949202282 ) ) ;
#7562 = CARTESIAN_POINT ( 'NONE',  ( 5.000000000000004441, -2.000000000000000000, -3.375000000000034639 ) ) ;
#7563 = ORIENTED_EDGE ( 'NONE', *, *, #10818, .F. ) ;
#7564 = DIRECTION ( 'NONE',  ( 6.845769268624693726E-16, -5.551115123125739315E-16, -1.000000000000000000 ) ) ;
#7565 = EDGE_CURVE ( 'NONE', #7892, #10137, #6533, .T. ) ;
#7566 = AXIS2_PLACEMENT_3D ( 'NONE', #4909, #10384, #2050 ) ;
#7567 = EDGE_CURVE ( 'NONE', #6316, #4458, #6345, .T. ) ;
#7568 = ORIENTED_EDGE ( 'NONE', *, *, #4046, .F. ) ;
#7569 = EDGE_CURVE ( 'NONE', #3343, #8078, #7315, .T. ) ;
#7570 = CARTESIAN_POINT ( 'NONE',  ( 0.9843342201064364527, 2.478836439541415082, -0.4415490844356800837 ) ) ;
#7571 = ORIENTED_EDGE ( 'NONE', *, *, #7109, .F. ) ;
#7572 = DIRECTION ( 'NONE',  ( 0.000000000000000000, -1.000000000000000000, 0.000000000000000000 ) ) ;
#7573 = DIRECTION ( 'NONE',  ( -0.000000000000000000, -1.000000000000000000, -0.000000000000000000 ) ) ;
#7574 = ORIENTED_EDGE ( 'NONE', *, *, #3003, .T. ) ;
#7575 = VECTOR ( 'NONE', #3614, 1000.000000000000000 ) ;
#7576 = CARTESIAN_POINT ( 'NONE',  ( 2.470000000000055707, 1.590464268307195672, -1.172235079669542435 ) ) ;
#7577 = DIRECTION ( 'NONE',  ( 2.208597309011063731E-16, -0.8660254037844428154, -0.4999999999999927280 ) ) ;
#7578 = CARTESIAN_POINT ( 'NONE',  ( 0.000000000000000000, 0.000000000000000000, -40.00000000000000000 ) ) ;
#7579 = ORIENTED_EDGE ( 'NONE', *, *, #1207, .F. ) ;
#7580 = CARTESIAN_POINT ( 'NONE',  ( 5.689893001203927270E-11, 0.000000000000000000, 0.000000000000000000 ) ) ;
#7581 = EDGE_CURVE ( 'NONE', #11304, #5377, #11050, .T. ) ;
#7582 = VECTOR ( 'NONE', #5669, 1000.000000000000000 ) ;
#7583 = ORIENTED_EDGE ( 'NONE', *, *, #1013, .F. ) ;
#7584 = FACE_OUTER_BOUND ( 'NONE', #249, .T. ) ;
#7585 = EDGE_LOOP ( 'NONE', ( #742, #8510, #12006, #56 ) ) ;
#7586 = DIRECTION ( 'NONE',  ( 0.000000000000000000, -1.000000000000000000, 0.000000000000000000 ) ) ;
#7587 = VERTEX_POINT ( 'NONE', #9327 ) ;
#7588 = VECTOR ( 'NONE', #8597, 1000.000000000000000 ) ;
#7589 = ORIENTED_EDGE ( 'NONE', *, *, #7581, .T. ) ;
#7590 = LINE ( 'NONE', #11390, #3456 ) ;
#7591 = EDGE_CURVE ( 'NONE', #7939, #11172, #6404, .T. ) ;
#7592 = CARTESIAN_POINT ( 'NONE',  ( 0.9843342201064364527, 2.502887340387116577, -0.4560289252518168190 ) ) ;
#7593 = ORIENTED_EDGE ( 'NONE', *, *, #6339, .F. ) ;
#7594 = CARTESIAN_POINT ( 'NONE',  ( 344.2500000000000000, -1.750000000000000222, -85.10000000000000853 ) ) ;
#7595 = VECTOR ( 'NONE', #10882, 1000.000000000000000 ) ;
#7596 = EDGE_LOOP ( 'NONE', ( #11868, #11866, #3782, #5478 ) ) ;
#7597 = CARTESIAN_POINT ( 'NONE',  ( 2.470000000000027729, -0.2359217314832628976, 1.963500000000416357 ) ) ;
#7598 = ORIENTED_EDGE ( 'NONE', *, *, #6481, .T. ) ;
#7599 = CARTESIAN_POINT ( 'NONE',  ( 233.4999999999999716, 0.000000000000000000, -194.2174660514637310 ) ) ;
#7600 = EDGE_LOOP ( 'NONE', ( #3784, #5485, #8567, #5010 ) ) ;
#7601 = CARTESIAN_POINT ( 'NONE',  ( 164.3750000000000284, -2.000000000000000000, -259.2674660514636571 ) ) ;
#7602 = VECTOR ( 'NONE', #683, 1000.000000000000000 ) ;
#7603 = DIRECTION ( 'NONE',  ( 9.621326830187598882E-16, 2.220446049250292373E-16, -1.000000000000000000 ) ) ;
#7604 = ADVANCED_FACE ( 'NONE', ( #3745 ), #1782, .F. ) ;
#7605 = CARTESIAN_POINT ( 'NONE',  ( 344.4810796120358987, -3.514999999999999680, -259.2653823425272890 ) ) ;
#7606 = ADVANCED_FACE ( 'NONE', ( #8358 ), #10177, .F. ) ;
#7607 = CARTESIAN_POINT ( 'NONE',  ( 2.450950000000007289, -2.008307592792912821, -1.371832463991251583 ) ) ;
#7608 = ORIENTED_EDGE ( 'NONE', *, *, #11288, .T. ) ;
#7609 = FACE_OUTER_BOUND ( 'NONE', #3178, .T. ) ;
#7610 = DIRECTION ( 'NONE',  ( -6.845769268624742044E-16, 2.886579864025370717E-15, 1.000000000000000000 ) ) ;
#7611 = VECTOR ( 'NONE', #7280, 1000.000000000000000 ) ;
#7612 = ORIENTED_EDGE ( 'NONE', *, *, #4339, .T. ) ;
#7613 = PLANE ( 'NONE',  #3810 ) ;
#7614 = ORIENTED_EDGE ( 'NONE', *, *, #859, .T. ) ;
#7615 = DIRECTION ( 'NONE',  ( -1.000000000000000000, -1.722632009336712421E-16, 4.625323219374409242E-16 ) ) ;
#7616 = CARTESIAN_POINT ( 'NONE',  ( 0.9699999999999986411, 2.485974359310056059, -0.4500810129468568732 ) ) ;
#7617 =( LENGTH_UNIT ( ) NAMED_UNIT ( * ) SI_UNIT ( .MILLI., .METRE. ) );
#7618 = LINE ( 'NONE', #10372, #4235 ) ;
#7619 = EDGE_CURVE ( 'NONE', #7439, #7238, #7763, .T. ) ;
#7620 = VECTOR ( 'NONE', #4415, 1000.000000000000000 ) ;
#7621 = FACE_BOUND ( 'NONE', #7596, .T. ) ;
#7622 = VECTOR ( 'NONE', #6845, 1000.000000000000000 ) ;
#7623 = ORIENTED_EDGE ( 'NONE', *, *, #8746, .F. ) ;
#7624 = ORIENTED_EDGE ( 'NONE', *, *, #8814, .T. ) ;
#7625 = CARTESIAN_POINT ( 'NONE',  ( 162.6885285093582354, -1.521262516884446026, -85.10416666666668561 ) ) ;
#7626 = VERTEX_POINT ( 'NONE', #12023 ) ;
#7627 = FACE_OUTER_BOUND ( 'NONE', #6915, .T. ) ;
#7628 = FACE_OUTER_BOUND ( 'NONE', #818, .T. ) ;
#7629 = EDGE_CURVE ( 'NONE', #11533, #6622, #4469, .T. ) ;
#7630 = VECTOR ( 'NONE', #9430, 1000.000000000000000 ) ;
#7631 = ADVANCED_FACE ( 'NONE', ( #9082 ), #7440, .F. ) ;
#7632 = FACE_OUTER_BOUND ( 'NONE', #2795, .T. ) ;
#7633 = LINE ( 'NONE', #11543, #3894 ) ;
#7634 = CARTESIAN_POINT ( 'NONE',  ( 2.470000000000027729, -2.097809233474079438, -0.8477885581625460576 ) ) ;
#7635 = DIRECTION ( 'NONE',  ( -0.000000000000000000, 1.000000000000000000, -0.000000000000000000 ) ) ;
#7636 = PLANE ( 'NONE',  #3924 ) ;
#7637 = ORIENTED_EDGE ( 'NONE', *, *, #4193, .T. ) ;
#7638 = EDGE_CURVE ( 'NONE', #3357, #1824, #4466, .T. ) ;
#7639 = DIRECTION ( 'NONE',  ( 0.000000000000000000, 0.000000000000000000, 1.000000000000000000 ) ) ;
#7640 = ORIENTED_EDGE ( 'NONE', *, *, #11173, .T. ) ;
#7641 = CARTESIAN_POINT ( 'NONE',  ( 2.470000000000027729, -1.958983899407018558, -0.9956019809842647783 ) ) ;
#7642 = ORIENTED_EDGE ( 'NONE', *, *, #9722, .T. ) ;
#7643 = ORIENTED_EDGE ( 'NONE', *, *, #206, .T. ) ;
#7644 = VECTOR ( 'NONE', #11905, 1000.000000000000000 ) ;
#7645 = DIRECTION ( 'NONE',  ( 6.869264010158477017E-16, 0.6811833507215662165, -0.7321128619958399142 ) ) ;
#7646 = EDGE_CURVE ( 'NONE', #6790, #11670, #1846, .T. ) ;
#7647 = DIRECTION ( 'NONE',  ( 0.000000000000000000, -0.000000000000000000, -1.000000000000000000 ) ) ;
#7648 = VERTEX_POINT ( 'NONE', #3493 ) ;
#7649 = VERTEX_POINT ( 'NONE', #4658 ) ;
#7650 = CARTESIAN_POINT ( 'NONE',  ( 321.4999999999999432, 0.000000000000000000, -321.0174660514637708 ) ) ;
#7651 = APPLICATION_CONTEXT ( 'automotive_design' ) ;
#7652 = DIRECTION ( 'NONE',  ( 0.000000000000000000, 0.000000000000000000, -1.000000000000000000 ) ) ;
#7653 = ORIENTED_EDGE ( 'NONE', *, *, #6019, .F. ) ;
#7654 = CARTESIAN_POINT ( 'NONE',  ( 243.4999999999999716, 0.000000000000000000, -181.7174660514637310 ) ) ;
#7655 = VERTEX_POINT ( 'NONE', #8625 ) ;
#7656 = DIRECTION ( 'NONE',  ( -1.017177444479665533E-15, 1.443289932012700544E-15, 1.000000000000000000 ) ) ;
#7657 = VERTEX_POINT ( 'NONE', #11175 ) ;
#7658 = ADVANCED_FACE ( 'NONE', ( #7198 ), #6288, .F. ) ;
#7659 = AXIS2_PLACEMENT_3D ( 'NONE', #8048, #11661, #9750 ) ;
#7660 = CARTESIAN_POINT ( 'NONE',  ( 345.7791261796199365, -0.8686667843509187081, -85.11666666666667425 ) ) ;
#7661 = VERTEX_POINT ( 'NONE', #5684 ) ;
#7662 = CARTESIAN_POINT ( 'NONE',  ( 200.5000000000000000, 0.000000000000000000, -243.2174660514637310 ) ) ;
#7663 = PLANE ( 'NONE',  #6044 ) ;
#7664 = ORIENTED_EDGE ( 'NONE', *, *, #2643, .F. ) ;
#7665 = LINE ( 'NONE', #11285, #7145 ) ;
#7666 = CARTESIAN_POINT ( 'NONE',  ( 346.0000000000000000, -1.520925535675722973, -259.2403827181303768 ) ) ;
#7667 = CARTESIAN_POINT ( 'NONE',  ( 0.9843342201064364527, 2.472610150490550662, -0.4539506622168176797 ) ) ;
#7668 = VECTOR ( 'NONE', #5154, 1000.000000000000114 ) ;
#7669 = DIRECTION ( 'NONE',  ( 1.000000000000000000, -0.000000000000000000, 0.000000000000000000 ) ) ;
#7670 = ORIENTED_EDGE ( 'NONE', *, *, #6686, .T. ) ;
#7671 = EDGE_CURVE ( 'NONE', #9624, #3520, #1173, .T. ) ;
#7672 = PLANE ( 'NONE',  #4001 ) ;
#7673 = EDGE_LOOP ( 'NONE', ( #11424, #378, #4861, #3921 ) ) ;
#7674 = DIRECTION ( 'NONE',  ( -1.000000000000000000, 0.000000000000000000, 0.000000000000000000 ) ) ;
#7675 = VECTOR ( 'NONE', #1403, 1000.000000000000000 ) ;
#7676 = LINE ( 'NONE', #8541, #3724 ) ;
#7677 = SHAPE_DEFINITION_REPRESENTATION ( #625, #3530 ) ;
#7678 = DIRECTION ( 'NONE',  ( 1.000000000000000000, 1.722632009336712421E-16, -4.625323219374409242E-16 ) ) ;
#7679 = DIRECTION ( 'NONE',  ( -1.590523153858629728E-16, -0.000000000000000000, -1.000000000000000000 ) ) ;
#7680 = CARTESIAN_POINT ( 'NONE',  ( 0.000000000000000000, -1.500000000000000000, -317.4174660514636912 ) ) ;
#7681 = VERTEX_POINT ( 'NONE', #8482 ) ;
#7683 = ORIENTED_EDGE ( 'NONE', *, *, #10389, .F. ) ;
#7682 = AXIS2_PLACEMENT_3D ( 'NONE', #2688, #5364, #724 ) ;
#7684 = LINE ( 'NONE', #4219, #2871 ) ;
#7685 = VERTEX_POINT ( 'NONE', #118 ) ;
#7686 = ADVANCED_FACE ( 'NONE', ( #180 ), #7500, .F. ) ;
#7687 = LINE ( 'NONE', #10737, #7282 ) ;
#7688 = FACE_OUTER_BOUND ( 'NONE', #4367, .T. ) ;
#7689 = ORIENTED_EDGE ( 'NONE', *, *, #11886, .F. ) ;
#7690 = CARTESIAN_POINT ( 'NONE',  ( 2.450950000000090334, 1.882174645852108252, -0.9933455343580643859 ) ) ;
#7691 = DIRECTION ( 'NONE',  ( -0.000000000000000000, -1.000000000000000000, -0.000000000000000000 ) ) ;
#7692 = PLANE ( 'NONE',  #9213 ) ;
#7693 = DIRECTION ( 'NONE',  ( 1.000000000000000000, 2.000187765493021278E-16, -7.400880780937300593E-16 ) ) ;
#7694 = VECTOR ( 'NONE', #6506, 999.9999999999998863 ) ;
#7695 = ORIENTED_EDGE ( 'NONE', *, *, #1698, .T. ) ;
#7696 = DIRECTION ( 'NONE',  ( -0.000000000000000000, -0.000000000000000000, 1.000000000000000000 ) ) ;
#7697 = LINE ( 'NONE', #1471, #739 ) ;
#7698 = EDGE_CURVE ( 'NONE', #9504, #1488, #3805, .T. ) ;
#7699 = ADVANCED_FACE ( 'NONE', ( #5741 ), #300, .F. ) ;
#7700 = ORIENTED_EDGE ( 'NONE', *, *, #1979, .T. ) ;
#7701 = LINE ( 'NONE', #4860, #6928 ) ;
#7702 = VERTEX_POINT ( 'NONE', #5803 ) ;
#7703 = ORIENTED_EDGE ( 'NONE', *, *, #762, .F. ) ;
#7704 = AXIS2_PLACEMENT_3D ( 'NONE', #6351, #7262, #879 ) ;
#7705 = DIRECTION ( 'NONE',  ( 1.000000000000000000, 0.000000000000000000, -0.000000000000000000 ) ) ;
#7706 = LINE ( 'NONE', #2064, #8997 ) ;
#7707 = ORIENTED_EDGE ( 'NONE', *, *, #2895, .F. ) ;
#7708 = DIRECTION ( 'NONE',  ( -1.068786975720299338E-15, 1.443289932012702714E-15, 1.000000000000000000 ) ) ;
#7709 = VECTOR ( 'NONE', #5330, 1000.000000000000000 ) ;
#7710 = CARTESIAN_POINT ( 'NONE',  ( 336.1545311035279724, 0.000000000000000000, -228.4456223450676475 ) ) ;
#7711 = EDGE_CURVE ( 'NONE', #11642, #2251, #11295, .T. ) ;
#7712 = VERTEX_POINT ( 'NONE', #5859 ) ;
#7713 = PLANE ( 'NONE',  #4394 ) ;
#7714 = EDGE_LOOP ( 'NONE', ( #2552, #3391, #6191, #8211, #9247, #6667, #5679, #3674, #6242, #5565, #7261, #5755, #11442 ) ) ;
#7715 = EDGE_CURVE ( 'NONE', #2755, #11929, #12069, .T. ) ;
#7716 = DIRECTION ( 'NONE',  ( -1.000000000000000000, -2.000187765493021278E-16, 7.400880780937300593E-16 ) ) ;
#7717 = ORIENTED_EDGE ( 'NONE', *, *, #6410, .F. ) ;
#7718 = VECTOR ( 'NONE', #8543, 1000.000000000000000 ) ;
#7719 = CARTESIAN_POINT ( 'NONE',  ( 0.9700000000000541522, 2.411676466675976904, 0.2596360154718535540 ) ) ;
#7720 = ORIENTED_EDGE ( 'NONE', *, *, #2427, .F. ) ;
#7721 = LINE ( 'NONE', #1159, #183 ) ;
#7722 = LINE ( 'NONE', #11457, #5858 ) ;
#7723 = LINE ( 'NONE', #10414, #10657 ) ;
#7724 = CARTESIAN_POINT ( 'NONE',  ( 344.3154369710898095, -1.993493169167078971, -259.2632993847970511 ) ) ;
#7725 = LINE ( 'NONE', #292, #3088 ) ;
#7726 = VECTOR ( 'NONE', #1260, 1000.000000000000114 ) ;
#7727 = EDGE_CURVE ( 'NONE', #9471, #7649, #10885, .T. ) ;
#7728 = VECTOR ( 'NONE', #5374, 1000.000000000000000 ) ;
#7729 = LINE ( 'NONE', #11464, #6373 ) ;
#7730 = VERTEX_POINT ( 'NONE', #8651 ) ;
#7731 = DIRECTION ( 'NONE',  ( -1.185034407704261130E-16, -0.000000000000000000, -1.000000000000000000 ) ) ;
#7732 = VERTEX_POINT ( 'NONE', #9445 ) ;
#7733 = VECTOR ( 'NONE', #1803, 1000.000000000000000 ) ;
#7734 = AXIS2_PLACEMENT_3D ( 'NONE', #7119, #10782, #7294 ) ;
#7735 = DIRECTION ( 'NONE',  ( 0.000000000000000000, 0.000000000000000000, 1.000000000000000000 ) ) ;
#7736 = CARTESIAN_POINT ( 'NONE',  ( 189.4999999999999716, 0.000000000000000000, -194.2174660514637310 ) ) ;
#7737 = SHAPE_REPRESENTATION_RELATIONSHIP ( 'NONE' , 'NONE' ,  #8109, #7852 ) ;
#7738 = DIRECTION ( 'NONE',  ( -0.000000000000000000, 1.000000000000000000, -0.000000000000000000 ) ) ;
#7739 = FACE_BOUND ( 'NONE', #216, .T. ) ;
#7740 = EDGE_CURVE ( 'NONE', #115, #1203, #2950, .T. ) ;
#7741 = VECTOR ( 'NONE', #1578, 1000.000000000000000 ) ;
#7742 = VERTEX_POINT ( 'NONE', #10489 ) ;
#7743 = AXIS2_PLACEMENT_3D ( 'NONE', #10148, #1818, #4695 ) ;
#7744 = ORIENTED_EDGE ( 'NONE', *, *, #5985, .F. ) ;
#7745 = DIRECTION ( 'NONE',  ( 0.000000000000000000, 0.000000000000000000, -1.000000000000000000 ) ) ;
#7746 = VERTEX_POINT ( 'NONE', #9563 ) ;
#7747 = DIRECTION ( 'NONE',  ( 1.000000000000000000, 0.000000000000000000, 0.000000000000000000 ) ) ;
#7748 = LINE ( 'NONE', #7859, #8986 ) ;
#7749 = ORIENTED_EDGE ( 'NONE', *, *, #9533, .F. ) ;
#7750 = LINE ( 'NONE', #9458, #11566 ) ;
#7751 = DIRECTION ( 'NONE',  ( -5.729747238077516113E-18, -1.000000000000000000, 3.497202527569202082E-15 ) ) ;
#7752 = LINE ( 'NONE', #1987, #9510 ) ;
#7753 = LINE ( 'NONE', #10803, #4175 ) ;
#7754 = VECTOR ( 'NONE', #6571, 1000.000000000000227 ) ;
#7755 = CARTESIAN_POINT ( 'NONE',  ( 338.5000000000000000, -1.500000000000000000, -33.16282088253234406 ) ) ;
#7756 = CARTESIAN_POINT ( 'NONE',  ( 0.9700000000000541522, 2.229775213525436506, 0.2363679926843664791 ) ) ;
#7757 = ORIENTED_EDGE ( 'NONE', *, *, #10808, .F. ) ;
#7758 = EDGE_CURVE ( 'NONE', #6105, #5556, #1970, .T. ) ;
#7759 = EDGE_CURVE ( 'NONE', #3520, #6918, #1050, .T. ) ;
#7760 = ORIENTED_EDGE ( 'NONE', *, *, #2281, .T. ) ;
#7761 = CARTESIAN_POINT ( 'NONE',  ( 345.9999999999999432, -1.500000000000000000, -259.2174660514637026 ) ) ;
#7762 = EDGE_LOOP ( 'NONE', ( #7281, #436, #427, #1902, #3140, #4365 ) ) ;
#7763 = CIRCLE ( 'NONE', #5636, 2.110000000000000764 ) ;
#7764 = LINE ( 'NONE', #2241, #3014 ) ;
#7765 = CARTESIAN_POINT ( 'NONE',  ( 0.9699999999999986411, 2.472115022385090732, -0.4641528512045606236 ) ) ;
#7766 = EDGE_CURVE ( 'NONE', #1373, #8003, #8596, .T. ) ;
#7767 = EDGE_LOOP ( 'NONE', ( #4785, #11689, #10394, #6323 ) ) ;
#7768 = FACE_OUTER_BOUND ( 'NONE', #5402, .T. ) ;
#7769 = VECTOR ( 'NONE', #7893, 1000.000000000000000 ) ;
#7770 = EDGE_CURVE ( 'NONE', #3136, #4955, #6658, .T. ) ;
#7771 = ORIENTED_EDGE ( 'NONE', *, *, #9717, .F. ) ;
#7772 = DIRECTION ( 'NONE',  ( 1.000000000000000000, -0.000000000000000000, 0.000000000000000000 ) ) ;
#7773 = ORIENTED_EDGE ( 'NONE', *, *, #2941, .F. ) ;
#7774 = CARTESIAN_POINT ( 'NONE',  ( 0.9699999999999986411, 2.483080091157330305, -0.4574356840751914177 ) ) ;
#7776 = ORIENTED_EDGE ( 'NONE', *, *, #1166, .F. ) ;
#7775 = VECTOR ( 'NONE', #10178, 999.9999999999998863 ) ;
#7777 = CARTESIAN_POINT ( 'NONE',  ( 344.7119850158940153, -0.03093822568039899037, -85.10416666666667140 ) ) ;
#7778 = CARTESIAN_POINT ( 'NONE',  ( 0.9843342201064364527, 2.483238627135203380, -0.4477264981799095045 ) ) ;
#7779 = ORIENTED_EDGE ( 'NONE', *, *, #342, .T. ) ;
#7780 = ADVANCED_FACE ( 'NONE', ( #6716 ), #2211, .F. ) ;
#7781 = EDGE_CURVE ( 'NONE', #5767, #979, #3977, .T. ) ;
#7782 = LINE ( 'NONE', #464, #7769 ) ;
#7783 = CARTESIAN_POINT ( 'NONE',  ( 162.2880149841058142, -3.469061774319557756, -259.2632993847970511 ) ) ;
#7784 = CARTESIAN_POINT ( 'NONE',  ( 346.0149999999999864, -1.518962040267229252, -259.2403827181303768 ) ) ;
#7785 = ADVANCED_FACE ( 'NONE', ( #10369 ), #4947, .F. ) ;
#7786 = LINE ( 'NONE', #2083, #6972 ) ;
#7787 = VECTOR ( 'NONE', #5279, 1000.000000000000114 ) ;
#7788 = CARTESIAN_POINT ( 'NONE',  ( 162.7500000000000284, -1.500000000000000000, -85.10000000000003695 ) ) ;
#7789 = ORIENTED_EDGE ( 'NONE', *, *, #8828, .T. ) ;
#7790 = CARTESIAN_POINT ( 'NONE',  ( 0.9699999999999986411, 2.491505769002783310, -0.4649539812291714203 ) ) ;
#7791 = ORIENTED_EDGE ( 'NONE', *, *, #6178, .T. ) ;
#7792 = VECTOR ( 'NONE', #11278, 1000.000000000000114 ) ;
#7793 = ADVANCED_FACE ( 'NONE', ( #10787 ), #5976, .F. ) ;
#7794 = DIRECTION ( 'NONE',  ( 0.000000000000000000, -1.000000000000000000, 0.000000000000000000 ) ) ;
#7795 = DIRECTION ( 'NONE',  ( 1.000000000000000000, 0.000000000000000000, 0.000000000000000000 ) ) ;
#7796 = CARTESIAN_POINT ( 'NONE',  ( 2.470000000130311069, -1.400939140903011491E-13, -2.984499999910989132 ) ) ;
#7797 = AXIS2_PLACEMENT_3D ( 'NONE', #98, #2075, #7656 ) ;
#7798 = ORIENTED_EDGE ( 'NONE', *, *, #4863, .F. ) ;
#7799 = ORIENTED_EDGE ( 'NONE', *, *, #6720, .F. ) ;
#7800 = DIRECTION ( 'NONE',  ( -1.000000000000000000, 0.000000000000000000, 7.401486830834371151E-15 ) ) ;
#7801 = FACE_OUTER_BOUND ( 'NONE', #8805, .T. ) ;
#7802 = DIRECTION ( 'NONE',  ( 4.433975358533277689E-16, 0.8351291180228916922, -0.5500539575626260946 ) ) ;
#7803 = ORIENTED_EDGE ( 'NONE', *, *, #10987, .F. ) ;
#7804 = EDGE_CURVE ( 'NONE', #3803, #736, #3359, .T. ) ;
#7805 = CARTESIAN_POINT ( 'NONE',  ( 313.0000000000000000, 0.000000000000000000, -194.2174660514637310 ) ) ;
#7806 = DIRECTION ( 'NONE',  ( -0.000000000000000000, -0.000000000000000000, 1.000000000000000000 ) ) ;
#7807 = CARTESIAN_POINT ( 'NONE',  ( 5.000000000000004441, -1.750000000000000000, -1.750000000000017097 ) ) ;
#7808 = CARTESIAN_POINT ( 'NONE',  ( 321.9999999999999432, 0.000000000000000000, -194.2174660514637310 ) ) ;
#7809 = VECTOR ( 'NONE', #5275, 1000.000000000000000 ) ;
#7810 = AXIS2_PLACEMENT_3D ( 'NONE', #148, #212, #1937 ) ;
#7811 = CARTESIAN_POINT ( 'NONE',  ( 206.5000000000000000, 0.000000000000000000, -234.2174660514637310 ) ) ;
#7812 = PLANE ( 'NONE',  #992 ) ;
#7813 = ORIENTED_EDGE ( 'NONE', *, *, #3736, .T. ) ;
#7814 = LINE ( 'NONE', #8500, #340 ) ;
#7815 = ORIENTED_EDGE ( 'NONE', *, *, #5916, .F. ) ;
#7816 = CARTESIAN_POINT ( 'NONE',  ( 0.9843342201064364527, 2.471364892679961400, -0.4643037271511718522 ) ) ;
#7817 = PLANE ( 'NONE',  #11418 ) ;
#7818 = AXIS2_PLACEMENT_3D ( 'NONE', #691, #3693, #9944 ) ;
#7819 = ORIENTED_EDGE ( 'NONE', *, *, #7413, .T. ) ;
#7820 = EDGE_LOOP ( 'NONE', ( #4804, #9075, #6797, #11655 ) ) ;
#7821 = LINE ( 'NONE', #7875, #2831 ) ;
#7822 = EDGE_CURVE ( 'NONE', #5902, #723, #4095, .T. ) ;
#7823 = DIRECTION ( 'NONE',  ( 1.000000000000000000, 0.000000000000000000, 0.000000000000000000 ) ) ;
#7824 = CARTESIAN_POINT ( 'NONE',  ( 181.5000000000000284, -1.500000000000000000, -317.4174660514636912 ) ) ;
#7825 = ORIENTED_EDGE ( 'NONE', *, *, #11226, .T. ) ;
#7826 = VECTOR ( 'NONE', #7331, 1000.000000000000000 ) ;
#7827 = ORIENTED_EDGE ( 'NONE', *, *, #6678, .T. ) ;
#7828 = DIRECTION ( 'NONE',  ( 2.221955777182279408E-17, -0.9829615588623963340, -0.1838112450281748356 ) ) ;
#7829 = ORIENTED_EDGE ( 'NONE', *, *, #6293, .T. ) ;
#7830 = DIRECTION ( 'NONE',  ( 1.000000000000000000, 1.722632009336712421E-16, -4.625323219374409242E-16 ) ) ;
#7831 = EDGE_LOOP ( 'NONE', ( #5328, #8872, #4437, #535 ) ) ;
#7832 = ADVANCED_FACE ( 'NONE', ( #9800 ), #10603, .F. ) ;
#7833 = CARTESIAN_POINT ( 'NONE',  ( 345.9544521841695541, -2.208058797628746017, -85.12916666666667709 ) ) ;
#7834 = CARTESIAN_POINT ( 'NONE',  ( 8.499999999999285905, -1.500000000000001332, -80.66964398456984497 ) ) ;
#7835 = VERTEX_POINT ( 'NONE', #9678 ) ;
#7836 = CARTESIAN_POINT ( 'NONE',  ( 0.9843342201064364527, 2.374112209465095713, 0.01740461005333981959 ) ) ;
#7837 = AXIS2_PLACEMENT_3D ( 'NONE', #7140, #10867, #9987 ) ;
#7838 = ORIENTED_EDGE ( 'NONE', *, *, #3337, .F. ) ;
#7839 = DIRECTION ( 'NONE',  ( 1.000000000000000000, -8.673617379884026597E-16, 0.000000000000000000 ) ) ;
#7840 = CARTESIAN_POINT ( 'NONE',  ( 344.7080587976286097, -3.454452184169576334, -259.2632993847970511 ) ) ;
#7841 = DIRECTION ( 'NONE',  ( 0.000000000000000000, 0.000000000000000000, 1.000000000000000000 ) ) ;
#7842 = EDGE_CURVE ( 'NONE', #10583, #10110, #1346, .T. ) ;
#7843 = EDGE_CURVE ( 'NONE', #4080, #6761, #8886, .T. ) ;
#7844 = LINE ( 'NONE', #3528, #4835 ) ;
#7845 = CARTESIAN_POINT ( 'NONE',  ( 2.199500000017452273, 1.951866988704952867E-13, 1.229499999965577350 ) ) ;
#7846 = ORIENTED_EDGE ( 'NONE', *, *, #11563, .T. ) ;
#7847 = DIRECTION ( 'NONE',  ( -0.000000000000000000, -1.000000000000000000, -0.000000000000000000 ) ) ;
#7848 = DIRECTION ( 'NONE',  ( 0.000000000000000000, 0.000000000000000000, -1.000000000000000000 ) ) ;
#7849 = VECTOR ( 'NONE', #7313, 1000.000000000000000 ) ;
#7850 = VECTOR ( 'NONE', #7823, 1000.000000000000000 ) ;
#7851 = EDGE_CURVE ( 'NONE', #8100, #2096, #11161, .T. ) ;
#7852 = ADVANCED_BREP_SHAPE_REPRESENTATION ( '', ( #6131, #1424 ), #3565 ) ;
#7853 = ORIENTED_EDGE ( 'NONE', *, *, #8941, .F. ) ;
#7854 = VERTEX_POINT ( 'NONE', #3730 ) ;
#7855 = CARTESIAN_POINT ( 'NONE',  ( 166.0000000000000000, -3.500000000000000000, -259.2674660514636571 ) ) ;
#7856 = ORIENTED_EDGE ( 'NONE', *, *, #10977, .F. ) ;
#7857 = CIRCLE ( 'NONE', #8646, 2.110000000000000764 ) ;
#7858 = DIRECTION ( 'NONE',  ( -5.995848866729787176E-16, 0.1329814728554983283, 0.9911185236273117871 ) ) ;
#7859 = CARTESIAN_POINT ( 'NONE',  ( 2.469999999999972218, -1.543091786165323720, -1.254286625618925122 ) ) ;
#7860 = ORIENTED_EDGE ( 'NONE', *, *, #8799, .F. ) ;
#7861 = PLANE ( 'NONE',  #5921 ) ;
#7862 = LINE ( 'NONE', #11598, #5953 ) ;
#7863 = LINE ( 'NONE', #8780, #4672 ) ;
#7864 = CARTESIAN_POINT ( 'NONE',  ( 201.0000000000001137, 0.000000000000000000, -329.2174660514637594 ) ) ;
#7865 = ORIENTED_EDGE ( 'NONE', *, *, #9996, .T. ) ;
#7866 = LINE ( 'NONE', #4404, #3112 ) ;
#7867 = CARTESIAN_POINT ( 'NONE',  ( 0.9699999999999986411, 2.473026928731441920, -0.05453024012889995387 ) ) ;
#7868 = DIRECTION ( 'NONE',  ( 1.000000000000000000, -0.000000000000000000, 0.000000000000000000 ) ) ;
#7869 = EDGE_CURVE ( 'NONE', #1973, #6101, #3478, .T. ) ;
#7870 = ORIENTED_EDGE ( 'NONE', *, *, #10456, .T. ) ;
#7871 = DIRECTION ( 'NONE',  ( 0.000000000000000000, 0.000000000000000000, -1.000000000000000000 ) ) ;
#7872 = DIRECTION ( 'NONE',  ( -1.000000000000000000, 0.000000000000000000, 1.387778780781446267E-15 ) ) ;
#7873 = EDGE_LOOP ( 'NONE', ( #12056, #12059 ) ) ;
#7874 = ORIENTED_EDGE ( 'NONE', *, *, #11240, .T. ) ;
#7875 = CARTESIAN_POINT ( 'NONE',  ( 243.4999999999999716, -1.500000000000000000, -215.2174660514637594 ) ) ;
#7876 = CARTESIAN_POINT ( 'NONE',  ( 2.450950000000035267, 1.590464268307251183, -1.172235079669514679 ) ) ;
#7877 = CONICAL_SURFACE ( 'NONE', #1667, 1.499999999964547248, 0.7853981633974483900 ) ;
#7878 = CARTESIAN_POINT ( 'NONE',  ( 189.4999999999999716, 0.000000000000000000, -179.2174660514637310 ) ) ;
#7879 = ORIENTED_EDGE ( 'NONE', *, *, #8836, .T. ) ;
#7880 = CARTESIAN_POINT ( 'NONE',  ( 0.9700000000000541522, 2.466484790674877914, 0.1704206895832005575 ) ) ;
#7881 = DIRECTION ( 'NONE',  ( 0.000000000000000000, -0.000000000000000000, 1.000000000000000000 ) ) ;
#7882 = EDGE_CURVE ( 'NONE', #1327, #457, #792, .T. ) ;
#7883 = EDGE_LOOP ( 'NONE', ( #9049, #11193, #7803, #11208 ) ) ;
#7884 =( GEOMETRIC_REPRESENTATION_CONTEXT ( 3 ) GLOBAL_UNCERTAINTY_ASSIGNED_CONTEXT ( ( #1621 ) ) GLOBAL_UNIT_ASSIGNED_CONTEXT ( ( #472, #1519, #411 ) ) REPRESENTATION_CONTEXT ( 'NONE', 'WORKASPACE' ) );
#7885 = EDGE_CURVE ( 'NONE', #7453, #652, #1766, .T. ) ;
#7886 = ORIENTED_EDGE ( 'NONE', *, *, #8661, .T. ) ;
#7887 = LINE ( 'NONE', #4132, #5572 ) ;
#7888 = ORIENTED_EDGE ( 'NONE', *, *, #6206, .F. ) ;
#7889 = CARTESIAN_POINT ( 'NONE',  ( 200.5000000000000000, 0.000000000000000000, -234.2174660514637310 ) ) ;
#7890 = ORIENTED_EDGE ( 'NONE', *, *, #5029, .T. ) ;
#7891 = CARTESIAN_POINT ( 'NONE',  ( 344.5000000000000000, -1.717275076525106581, -85.12291666666666856 ) ) ;
#7892 = VERTEX_POINT ( 'NONE', #8092 ) ;
#7893 = DIRECTION ( 'NONE',  ( 1.000000000000000000, -0.000000000000000000, -0.000000000000000000 ) ) ;
#7894 = AXIS2_PLACEMENT_3D ( 'NONE', #9208, #6177, #9145 ) ;
#7895 = EDGE_LOOP ( 'NONE', ( #10006, #7838, #8921, #8605 ) ) ;
#7896 = DIRECTION ( 'NONE',  ( -1.000000000000000000, -2.000187765493021278E-16, 7.400880780937300593E-16 ) ) ;
#7897 = LINE ( 'NONE', #11632, #1508 ) ;
#7898 = FACE_OUTER_BOUND ( 'NONE', #3211, .T. ) ;
#7899 = ADVANCED_FACE ( 'NONE', ( #2567 ), #3597, .F. ) ;
#7900 = EDGE_CURVE ( 'NONE', #5254, #2172, #4452, .T. ) ;
#7901 = DIRECTION ( 'NONE',  ( 0.000000000000000000, 0.000000000000000000, 1.000000000000000000 ) ) ;
#7902 = VECTOR ( 'NONE', #6462, 1000.000000000000000 ) ;
#7903 = CARTESIAN_POINT ( 'NONE',  ( 8.499999999999285905, -2.449293598294707770E-17, -80.66964398456984497 ) ) ;
#7904 = LINE ( 'NONE', #6092, #10727 ) ;
#7905 = LINE ( 'NONE', #11641, #7675 ) ;
#7906 = ORIENTED_EDGE ( 'NONE', *, *, #7992, .F. ) ;
#7907 = B_SPLINE_SURFACE_WITH_KNOTS ( 'NONE', 1, 3, ( 
 ( #3728, #1889, #4818, #5783, #6642, #8523, #7423, #9311, #978, #11217, #9371, #1036, #4762, #101, #2137, #7777, #9661, #11399 ),
 ( #8754, #10470, #399, #10713, #3157, #4024, #1155, #7833, #11454, #345, #2381, #7660, #4990, #1328, #3045, #10587, #8637, #1267 ),
 ( #11567, #3101, #3212, #5843, #10648, #6819, #2314, #4934, #8696, #7891, #1389, #5112, #285, #10530, #9491, #8810, #2193, #6759 ),
 ( #5901, #460, #4880, #8583, #3962, #7957, #8871, #6080, #6315, #1447, #3341, #1629, #524, #650, #588, #11935, #7166, #11691 ) ),
 .UNSPECIFIED., .F., .F., .F.,
 ( 2, 1, 1, 2 ),
 ( 4, 2, 2, 2, 2, 2, 2, 2, 4 ),
 ( -0.01000000000000000021, 0.000000000000000000, 1.000000000000000000, 1.010099999999999998 ),
 ( 0.000000000000000000, 0.1250000000000000000, 0.2500000000000000000, 0.3750000000000000000, 0.5000000000000000000, 0.6250000000000000000, 0.7500000000000000000, 0.8750000000000000000, 1.000000000000000000 ),
 .UNSPECIFIED. ) ;
#7908 = CARTESIAN_POINT ( 'NONE',  ( 0.9699999999999986411, 2.125161208344938935, -0.1300371779613812562 ) ) ;
#7909 = LINE ( 'NONE', #1282, #5270 ) ;
#7910 = ADVANCED_FACE ( 'NONE', ( #7362 ), #5306, .T. ) ;
#7911 = EDGE_CURVE ( 'NONE', #8187, #7655, #727, .T. ) ;
#7912 = DIRECTION ( 'NONE',  ( -1.000000000000000000, 0.000000000000000000, 1.387778780781445429E-16 ) ) ;
#7913 = VECTOR ( 'NONE', #7547, 1000.000000000000114 ) ;
#7914 = CIRCLE ( 'NONE', #327, 2.637500000000020606 ) ;
#7915 = DIRECTION ( 'NONE',  ( 1.000000000000000000, 0.000000000000000000, 0.000000000000000000 ) ) ;
#7916 = CARTESIAN_POINT ( 'NONE',  ( 178.6688394328960499, 0.000000000000000000, -208.4456223450676475 ) ) ;
#7917 = ORIENTED_EDGE ( 'NONE', *, *, #2190, .T. ) ;
#7918 = DIRECTION ( 'NONE',  ( 6.478296851166037737E-16, 0.1759558990894249941, -0.9843980503717142394 ) ) ;
#7919 = AXIS2_PLACEMENT_3D ( 'NONE', #2202, #8469, #3108 ) ;
#7920 = ORIENTED_EDGE ( 'NONE', *, *, #6147, .T. ) ;
#7921 = AXIS2_PLACEMENT_3D ( 'NONE', #3352, #9004, #9969 ) ;
#7922 = PLANE ( 'NONE',  #10596 ) ;
#7923 = CARTESIAN_POINT ( 'NONE',  ( 0.9699999999999986411, 2.092235504760592057, -1.433421534247081297E-06 ) ) ;
#7924 = ORIENTED_EDGE ( 'NONE', *, *, #448, .T. ) ;
#7925 = DIRECTION ( 'NONE',  ( 1.000000000000000000, 0.000000000000000000, -0.000000000000000000 ) ) ;
#7926 = LINE ( 'NONE', #9633, #2072 ) ;
#7927 = FACE_BOUND ( 'NONE', #8501, .T. ) ;
#7928 = CARTESIAN_POINT ( 'NONE',  ( 161.0455478158305027, -2.208058797628740688, -259.2466327181302290 ) ) ;
#7929 = ORIENTED_EDGE ( 'NONE', *, *, #6313, .F. ) ;
#7930 = EDGE_CURVE ( 'NONE', #723, #6278, #4579, .T. ) ;
#7931 = EDGE_CURVE ( 'NONE', #2276, #3803, #11889, .T. ) ;
#7932 = FACE_OUTER_BOUND ( 'NONE', #8342, .T. ) ;
#7933 = DIRECTION ( 'NONE',  ( 6.845769268624693726E-16, -5.551115123125739315E-16, -1.000000000000000000 ) ) ;
#7934 = VECTOR ( 'NONE', #5443, 1000.000000000000000 ) ;
#7935 = ADVANCED_FACE ( 'NONE', ( #7241 ), #7300, .F. ) ;
#7936 = DIRECTION ( 'NONE',  ( 0.000000000000000000, 0.000000000000000000, -1.000000000000000000 ) ) ;
#7937 = ORIENTED_EDGE ( 'NONE', *, *, #6086, .T. ) ;
#7938 = FACE_OUTER_BOUND ( 'NONE', #9835, .T. ) ;
#7939 = VERTEX_POINT ( 'NONE', #6330 ) ;
#7940 = ORIENTED_EDGE ( 'NONE', *, *, #533, .F. ) ;
#7941 = DIRECTION ( 'NONE',  ( -7.504465202493400556E-17, -0.9861849009696147528, -0.1656482450844289633 ) ) ;
#7942 = LINE ( 'NONE', #2363, #9743 ) ;
#7943 = AXIS2_PLACEMENT_3D ( 'NONE', #4584, #8410, #10035 ) ;
#7944 = FACE_OUTER_BOUND ( 'NONE', #4428, .T. ) ;
#7945 = DIRECTION ( 'NONE',  ( -1.000000000000000000, -0.000000000000000000, -0.000000000000000000 ) ) ;
#7946 = EDGE_CURVE ( 'NONE', #4142, #6846, #6391, .T. ) ;
#7947 = CARTESIAN_POINT ( 'NONE',  ( 2.279499999986053460, -1.370153990265212334E-13, 3.175000000055907545 ) ) ;
#7948 = PRODUCT_DEFINITION_CONTEXT ( 'detailed design', #8270, 'design' ) ;
#7949 = VECTOR ( 'NONE', #10128, 1000.000000000000000 ) ;
#7950 = ORIENTED_EDGE ( 'NONE', *, *, #342, .F. ) ;
#7951 = VERTEX_POINT ( 'NONE', #8272 ) ;
#7952 = DIRECTION ( 'NONE',  ( 0.000000000000000000, 0.000000000000000000, 1.000000000000000000 ) ) ;
#7953 = ORIENTED_EDGE ( 'NONE', *, *, #1423, .T. ) ;
#7954 = ORIENTED_EDGE ( 'NONE', *, *, #2133, .F. ) ;
#7955 = CARTESIAN_POINT ( 'NONE',  ( 0.9843342201064364527, 2.362123067768146178, 0.1402156209749927385 ) ) ;
#7956 = VERTEX_POINT ( 'NONE', #6454 ) ;
#7957 = CARTESIAN_POINT ( 'NONE',  ( 344.4378017579372226, -1.894326297186109009, -85.13541666666667140 ) ) ;
#7958 = LINE ( 'NONE', #7107, #5505 ) ;
#7959 = ORIENTED_EDGE ( 'NONE', *, *, #6339, .T. ) ;
#7960 = VECTOR ( 'NONE', #3868, 1000.000000000000000 ) ;
#7961 = ADVANCED_FACE ( 'NONE', ( #12008 ), #10162, .F. ) ;
#7962 = LINE ( 'NONE', #5903, #6415 ) ;
#7963 = ORIENTED_EDGE ( 'NONE', *, *, #5621, .T. ) ;
#7964 = CARTESIAN_POINT ( 'NONE',  ( 162.7500000000000284, 0.000000000000000000, -259.2174660514637026 ) ) ;
#7965 = DIRECTION ( 'NONE',  ( -1.257674520083184650E-16, -0.000000000000000000, -1.000000000000000000 ) ) ;
#7966 = CARTESIAN_POINT ( 'NONE',  ( -1.380702519253262638E-30, -0.000000000000000000, -259.9674660514637026 ) ) ;
#7967 = ORIENTED_EDGE ( 'NONE', *, *, #297, .T. ) ;
#7968 = CARTESIAN_POINT ( 'NONE',  ( 162.7500000000000284, 0.000000000000000000, 0.000000000000000000 ) ) ;
#7969 = VECTOR ( 'NONE', #9345, 1000.000000000000000 ) ;
#7970 = CARTESIAN_POINT ( 'NONE',  ( 341.0000000000000000, -3.500000000000000000, -172.2087330257318740 ) ) ;
#7971 = FACE_BOUND ( 'NONE', #1049, .T. ) ;
#7972 = CARTESIAN_POINT ( 'NONE',  ( 330.0000000000000000, 0.000000000000000000, -194.2174660514637310 ) ) ;
#7973 = ORIENTED_EDGE ( 'NONE', *, *, #7097, .F. ) ;
#7974 = EDGE_CURVE ( 'NONE', #7504, #8318, #6515, .T. ) ;
#7975 = CARTESIAN_POINT ( 'NONE',  ( 316.1545311035279724, -1.500000000000000000, -228.4456223450676475 ) ) ;
#7976 = CARTESIAN_POINT ( 'NONE',  ( 181.5000000000000284, -9.797174393178824918E-17, -321.0174660514637708 ) ) ;
#7977 = EDGE_CURVE ( 'NONE', #4094, #2982, #7721, .T. ) ;
#7978 = CARTESIAN_POINT ( 'NONE',  ( 341.0000000000000000, -1.500000000000001332, -329.2174660514637594 ) ) ;
#7979 = DIRECTION ( 'NONE',  ( 3.398982180676707530E-17, -0.9628491381318011744, -0.2700398807562464087 ) ) ;
#7980 = CARTESIAN_POINT ( 'NONE',  ( 8.499999999999285905, -1.500000000000001332, -78.66964398456984497 ) ) ;
#7981 = ORIENTED_EDGE ( 'NONE', *, *, #9266, .T. ) ;
#7982 = VERTEX_POINT ( 'NONE', #104 ) ;
#7983 = DIRECTION ( 'NONE',  ( -1.000000000000000000, -0.000000000000000000, -0.000000000000000000 ) ) ;
#7984 = AXIS2_PLACEMENT_3D ( 'NONE', #11603, #438, #6905 ) ;
#7985 = CARTESIAN_POINT ( 'NONE',  ( 243.4999999999999716, 0.000000000000000000, -215.2174660514637594 ) ) ;
#7986 = LINE ( 'NONE', #7194, #10943 ) ;
#7987 = EDGE_LOOP ( 'NONE', ( #1643, #11281, #3177, #9350 ) ) ;
#7988 = DIRECTION ( 'NONE',  ( -1.000000000000000000, -2.000187765493021278E-16, 7.400880780937300593E-16 ) ) ;
#7989 = DIRECTION ( 'NONE',  ( 6.845769268624692740E-16, -5.551115123125739315E-16, -1.000000000000000000 ) ) ;
#7990 = FACE_OUTER_BOUND ( 'NONE', #8639, .T. ) ;
#7991 = CARTESIAN_POINT ( 'NONE',  ( 2.450950000000007289, 0.03232682635340156097, 2.273457506810558471 ) ) ;
#7992 = EDGE_CURVE ( 'NONE', #6352, #11468, #10356, .T. ) ;
#7993 = EDGE_LOOP ( 'NONE', ( #6498, #7953, #9019, #8680 ) ) ;
#7994 = CARTESIAN_POINT ( 'NONE',  ( 0.9699999999999986411, 2.280059657659233352, -0.01773143027100632096 ) ) ;
#7995 = PLANE ( 'NONE',  #7984 ) ;
#7996 = AXIS2_PLACEMENT_3D ( 'NONE', #1256, #4072, #2858 ) ;
#7997 = VECTOR ( 'NONE', #9179, 1000.000000000000227 ) ;
#7998 = CARTESIAN_POINT ( 'NONE',  ( 0.9699999999999986411, 2.464945227416581730, -0.4660929883733150314 ) ) ;
#7999 = ORIENTED_EDGE ( 'NONE', *, *, #11524, .F. ) ;
#8000 = ADVANCED_FACE ( 'NONE', ( #3965 ), #4764, .F. ) ;
#8001 = CARTESIAN_POINT ( 'NONE',  ( 344.2500000000000000, -1.500000000000001332, -85.00000000000001421 ) ) ;
#8002 = EDGE_CURVE ( 'NONE', #6696, #9326, #7545, .T. ) ;
#8003 = VERTEX_POINT ( 'NONE', #6762 ) ;
#8004 = CARTESIAN_POINT ( 'NONE',  ( 230.8265096880607530, -1.500000000000000000, -208.4456223450676475 ) ) ;
#8005 = AXIS2_PLACEMENT_3D ( 'NONE', #1811, #3454, #897 ) ;
#8006 = CARTESIAN_POINT ( 'NONE',  ( 0.9699999999999986411, 2.466294610879687710, -0.4655277348273173521 ) ) ;
#8007 = DIRECTION ( 'NONE',  ( -1.000000000000000000, -1.722632009336712421E-16, 4.625323219374409242E-16 ) ) ;
#8008 = LINE ( 'NONE', #8982, #11508 ) ;
#8009 = CARTESIAN_POINT ( 'NONE',  ( 0.9699999999999986411, 2.125255814197951842, -0.2852079774575411175 ) ) ;
#8010 = VECTOR ( 'NONE', #6898, 1000.000000000000000 ) ;
#8011 = ORIENTED_EDGE ( 'NONE', *, *, #5489, .T. ) ;
#8012 = VERTEX_POINT ( 'NONE', #2874 ) ;
#8013 = CARTESIAN_POINT ( 'NONE',  ( 0.9699999999999986411, 2.483238627135203380, -0.4875612958556310161 ) ) ;
#8014 = PRODUCT_DEFINITION_SHAPE ( 'NONE', 'NONE',  #12091 ) ;
#8015 = EDGE_CURVE ( 'NONE', #11336, #7238, #5845, .T. ) ;
#8016 = EDGE_LOOP ( 'NONE', ( #5675, #8915, #7612, #3906 ) ) ;
#8017 = DIRECTION ( 'NONE',  ( -1.000000000000000000, 0.000000000000000000, 0.000000000000000000 ) ) ;
#8018 = ORIENTED_EDGE ( 'NONE', *, *, #1269, .T. ) ;
#8019 = DIRECTION ( 'NONE',  ( 0.000000000000000000, 0.000000000000000000, 1.000000000000000000 ) ) ;
#8020 = LINE ( 'NONE', #1510, #6674 ) ;
#8021 = VERTEX_POINT ( 'NONE', #3850 ) ;
#8022 = VECTOR ( 'NONE', #3326, 1000.000000000000000 ) ;
#8023 = CARTESIAN_POINT ( 'NONE',  ( 0.9700000000000541522, 2.170392839890566972, 0.2851052010992560781 ) ) ;
#8024 = ORIENTED_EDGE ( 'NONE', *, *, #7303, .T. ) ;
#8025 = CARTESIAN_POINT ( 'NONE',  ( 341.0000000000000000, -3.500000000000000000, -259.2674660514637139 ) ) ;
#8026 = LINE ( 'NONE', #10837, #8512 ) ;
#8027 = DIRECTION ( 'NONE',  ( -1.000000000000000000, -0.000000000000000000, -0.000000000000000000 ) ) ;
#8028 = ORIENTED_EDGE ( 'NONE', *, *, #3904, .F. ) ;
#8029 = LINE ( 'NONE', #4383, #2658 ) ;
#8030 = EDGE_CURVE ( 'NONE', #9088, #10297, #44, .T. ) ;
#8031 = FACE_OUTER_BOUND ( 'NONE', #10804, .T. ) ;
#8032 = PLANE ( 'NONE',  #8587 ) ;
#8033 = LINE ( 'NONE', #5424, #11589 ) ;
#8034 = VERTEX_POINT ( 'NONE', #11342 ) ;
#8035 = DIRECTION ( 'NONE',  ( -0.000000000000000000, -1.000000000000000000, -0.000000000000000000 ) ) ;
#8036 = ITEM_DEFINED_TRANSFORMATION ( 'NONE', 'NONE', #4349,  #1424 ) ;
#8037 = LINE ( 'NONE', #7068, #1928 ) ;
#8038 = CARTESIAN_POINT ( 'NONE',  ( 2.470000000000027729, -2.077310761883277568, -1.437593687563382128 ) ) ;
#8039 = PLANE ( 'NONE',  #8711 ) ;
#8040 = ADVANCED_FACE ( 'NONE', ( #6583 ), #2021, .F. ) ;
#8041 = ORIENTED_EDGE ( 'NONE', *, *, #3166, .T. ) ;
#8042 = ORIENTED_EDGE ( 'NONE', *, *, #1043, .T. ) ;
#8043 = EDGE_CURVE ( 'NONE', #8382, #7358, #11283, .T. ) ;
#8044 = LINE ( 'NONE', #3424, #6158 ) ;
#8045 = DIRECTION ( 'NONE',  ( 0.000000000000000000, 0.000000000000000000, 1.000000000000000000 ) ) ;
#8046 = CARTESIAN_POINT ( 'NONE',  ( 108.0308911515353856, -1.224646799147346644E-18, -54.35518781845740932 ) ) ;
#8047 = ORIENTED_EDGE ( 'NONE', *, *, #5030, .F. ) ;
#8048 = CARTESIAN_POINT ( 'NONE',  ( 1.234999999999986109, -1.387778780781445676E-13, 2.636779683484746784E-13 ) ) ;
#8049 = DIRECTION ( 'NONE',  ( -0.000000000000000000, -1.000000000000000000, -0.000000000000000000 ) ) ;
#8050 = VECTOR ( 'NONE', #8904, 1000.000000000000000 ) ;
#8051 = CARTESIAN_POINT ( 'NONE',  ( 243.4999999999999716, -1.500000000000000000, -174.2174660514637310 ) ) ;
#8052 = VERTEX_POINT ( 'NONE', #4882 ) ;
#8053 = DIRECTION ( 'NONE',  ( -0.000000000000000000, 1.000000000000000000, -0.000000000000000000 ) ) ;
#8054 = DIRECTION ( 'NONE',  ( -8.673617379884027583E-16, -1.000000000000000000, 0.000000000000000000 ) ) ;
#8055 = LINE ( 'NONE', #10809, #5028 ) ;
#8056 = EDGE_LOOP ( 'NONE', ( #1686, #515, #11615, #4381, #2200, #10694, #4988, #10122, #385 ) ) ;
#8057 = AXIS2_PLACEMENT_3D ( 'NONE', #1612, #8061, #8181 ) ;
#8058 = EDGE_CURVE ( 'NONE', #8376, #9385, #5787, .T. ) ;
#8059 = CARTESIAN_POINT ( 'NONE',  ( 2.450950000000007289, 2.026937716003401668, -1.424233142190769907 ) ) ;
#8060 = ORIENTED_EDGE ( 'NONE', *, *, #1912, .T. ) ;
#8061 = DIRECTION ( 'NONE',  ( -0.000000000000000000, 1.000000000000000000, -0.000000000000000000 ) ) ;
#8062 = DIRECTION ( 'NONE',  ( -1.000000000000000000, 0.000000000000000000, 0.000000000000000000 ) ) ;
#8063 = LINE ( 'NONE', #2538, #1252 ) ;
#8064 = VECTOR ( 'NONE', #865, 1000.000000000000000 ) ;
#8065 = EDGE_CURVE ( 'NONE', #7247, #8350, #1559, .T. ) ;
#8066 = DIRECTION ( 'NONE',  ( -1.000000000000000000, -0.000000000000000000, -0.000000000000000000 ) ) ;
#8067 = ADVANCED_FACE ( 'NONE', ( #1512 ), #3280, .F. ) ;
#8068 = VERTEX_POINT ( 'NONE', #2317 ) ;
#8069 = CARTESIAN_POINT ( 'NONE',  ( 0.9700000000000541522, 2.125255814197562820, 0.3948905628682330970 ) ) ;
#8070 = CARTESIAN_POINT ( 'NONE',  ( 344.2500000000000000, -3.500000000000000000, -85.15000000000000568 ) ) ;
#8071 = ORIENTED_EDGE ( 'NONE', *, *, #5549, .T. ) ;
#8072 = AXIS2_PLACEMENT_3D ( 'NONE', #8390, #6564, #11142 ) ;
#8073 = DIRECTION ( 'NONE',  ( -1.000000000000000000, -2.000187765493021278E-16, 7.400880780937300593E-16 ) ) ;
#8074 = ORIENTED_EDGE ( 'NONE', *, *, #2812, .T. ) ;
#8075 = FACE_OUTER_BOUND ( 'NONE', #10471, .T. ) ;
#8076 = ORIENTED_EDGE ( 'NONE', *, *, #8983, .T. ) ;
#8077 = LINE ( 'NONE', #1572, #1176 ) ;
#8078 = VERTEX_POINT ( 'NONE', #347 ) ;
#8079 = CARTESIAN_POINT ( 'NONE',  ( 162.6240952549072745, -1.968446597088564287, -259.2591327181303313 ) ) ;
#8080 = EDGE_CURVE ( 'NONE', #9471, #2902, #7782, .T. ) ;
#8081 = AXIS2_PLACEMENT_3D ( 'NONE', #8517, #8457, #2131 ) ;
#8082 = PLANE ( 'NONE',  #10842 ) ;
#8083 = CARTESIAN_POINT ( 'NONE',  ( 313.0000000000000000, 0.000000000000000000, -179.2174660514637310 ) ) ;
#8084 = EDGE_LOOP ( 'NONE', ( #689, #7275, #4152, #5992 ) ) ;
#8085 = EDGE_CURVE ( 'NONE', #10514, #2008, #6989, .T. ) ;
#8086 = CARTESIAN_POINT ( 'NONE',  ( 0.9843342201063809416, 2.481543631422416851, -0.4649539812289771312 ) ) ;
#8087 = DIRECTION ( 'NONE',  ( -0.000000000000000000, -1.000000000000000000, -0.000000000000000000 ) ) ;
#8088 = LINE ( 'NONE', #4325, #2566 ) ;
#8089 = VECTOR ( 'NONE', #11746, 1000.000000000000000 ) ;
#8090 = LINE ( 'NONE', #2622, #8652 ) ;
#8091 = ORIENTED_EDGE ( 'NONE', *, *, #6410, .T. ) ;
#8092 = CARTESIAN_POINT ( 'NONE',  ( 0.9699999999999986411, 2.280059657658761729, -0.05286747059607410648 ) ) ;
#8093 = CARTESIAN_POINT ( 'NONE',  ( 2.470000000000055707, 1.886350574325429408, -1.316829575592329160 ) ) ;
#8094 = DIRECTION ( 'NONE',  ( 1.000000000000000000, 2.000187765493021278E-16, -7.400880780937300593E-16 ) ) ;
#8095 = EDGE_CURVE ( 'NONE', #4901, #3580, #8873, .T. ) ;
#8096 = DIRECTION ( 'NONE',  ( -0.000000000000000000, 1.000000000000000000, -0.000000000000000000 ) ) ;
#8097 = CARTESIAN_POINT ( 'NONE',  ( 299.4999999999999432, 0.000000000000000000, -253.2174660514637310 ) ) ;
#8098 = AXIS2_PLACEMENT_3D ( 'NONE', #7449, #5690, #4784 ) ;
#8099 = EDGE_LOOP ( 'NONE', ( #11290, #3568, #11800, #7338 ) ) ;
#8100 = VERTEX_POINT ( 'NONE', #9786 ) ;
#8101 = LINE ( 'NONE', #8163, #1888 ) ;
#8102 = DIRECTION ( 'NONE',  ( -1.000000000000000000, 0.000000000000000000, 0.000000000000000000 ) ) ;
#8103 = VERTEX_POINT ( 'NONE', #7836 ) ;
#8104 = AXIS2_PLACEMENT_3D ( 'NONE', #5544, #9186, #5429 ) ;
#8105 = VECTOR ( 'NONE', #1041, 1000.000000000000000 ) ;
#8106 = FACE_BOUND ( 'NONE', #1025, .T. ) ;
#8107 = LINE ( 'NONE', #3494, #8425 ) ;
#8108 = VERTEX_POINT ( 'NONE', #404 ) ;
#8109 = SHAPE_REPRESENTATION ( '550-00163-00', ( #1424 ), #3565 ) ;
#8110 = FACE_OUTER_BOUND ( 'NONE', #7673, .T. ) ;
#8111 = CARTESIAN_POINT ( 'NONE',  ( 0.9699999999999986411, 2.483238627135203380, -0.4477264981799095045 ) ) ;
#8112 = EDGE_CURVE ( 'NONE', #469, #5721, #11515, .T. ) ;
#8113 = CARTESIAN_POINT ( 'NONE',  ( 0.9699999999999986411, 2.237352282273868731, -0.1849315072806612115 ) ) ;
#8114 = AXIS2_PLACEMENT_3D ( 'NONE', #1028, #6694, #7708 ) ;
#8115 = VERTEX_POINT ( 'NONE', #3215 ) ;
#8116 = VECTOR ( 'NONE', #412, 1000.000000000000000 ) ;
#8117 = CARTESIAN_POINT ( 'NONE',  ( 162.2880149841058142, -0.03093822568044215723, -85.10416666666668561 ) ) ;
#8118 = ORIENTED_EDGE ( 'NONE', *, *, #10979, .T. ) ;
#8119 = DIRECTION ( 'NONE',  ( -0.000000000000000000, 1.000000000000000000, -0.000000000000000000 ) ) ;
#8120 = DIRECTION ( 'NONE',  ( -6.995041010479867029E-16, 0.3248433367098593205, 0.9457678396917528207 ) ) ;
#8121 = VECTOR ( 'NONE', #1558, 1000.000000000000000 ) ;
#8122 = CARTESIAN_POINT ( 'NONE',  ( 2.470000000000027729, -2.192195559948734385, -1.053329161976146455 ) ) ;
#8123 = ADVANCED_FACE ( 'NONE', ( #1392 ), #8936, .F. ) ;
#8124 = AXIS2_PLACEMENT_3D ( 'NONE', #3622, #939, #6539 ) ;
#8125 = ADVANCED_FACE ( 'NONE', ( #10715 ), #2384, .F. ) ;
#8126 = LINE ( 'NONE', #7399, #940 ) ;
#8127 = PLANE ( 'NONE',  #4646 ) ;
#8128 = ORIENTED_EDGE ( 'NONE', *, *, #7048, .T. ) ;
#8129 = LINE ( 'NONE', #11008, #9950 ) ;
#8130 = CARTESIAN_POINT ( 'NONE',  ( 2.470000000000027729, -2.023130304122683576, -1.531436993182061501 ) ) ;
#8131 = VECTOR ( 'NONE', #2144, 1000.000000000000000 ) ;
#8133 = ORIENTED_EDGE ( 'NONE', *, *, #7565, .T. ) ;
#8132 = CIRCLE ( 'NONE', #3855, 2.110000000000000764 ) ;
#8134 = EDGE_CURVE ( 'NONE', #9240, #1279, #7962, .T. ) ;
#8135 = DIRECTION ( 'NONE',  ( 0.000000000000000000, 0.000000000000000000, -1.000000000000000000 ) ) ;
#8136 = ORIENTED_EDGE ( 'NONE', *, *, #324, .F. ) ;
#8137 = CARTESIAN_POINT ( 'NONE',  ( 230.8265096880607530, 0.000000000000000000, -208.4456223450676475 ) ) ;
#8138 = FACE_BOUND ( 'NONE', #8440, .T. ) ;
#8139 = VERTEX_POINT ( 'NONE', #5174 ) ;
#8140 = ORIENTED_EDGE ( 'NONE', *, *, #7325, .T. ) ;
#8141 = ADVANCED_FACE ( 'NONE', ( #10591 ), #4316, .F. ) ;
#8142 = CARTESIAN_POINT ( 'NONE',  ( 162.7500000000000284, 0.01500000000000000118, -259.2174660514637026 ) ) ;
#8143 = VECTOR ( 'NONE', #10063, 1000.000000000000000 ) ;
#8144 = DIRECTION ( 'NONE',  ( 3.714157047468351224E-16, 0.9248452085341691831, -0.3803437133059899278 ) ) ;
#8145 = LINE ( 'NONE', #3586, #961 ) ;
#8146 = ORIENTED_EDGE ( 'NONE', *, *, #4942, .T. ) ;
#8147 = CARTESIAN_POINT ( 'NONE',  ( 0.9699999999999431299, 2.181395787244327700, -0.2852079774574439730 ) ) ;
#8148 = DIRECTION ( 'NONE',  ( -0.000000000000000000, 1.000000000000000000, -0.000000000000000000 ) ) ;
#8149 = EDGE_CURVE ( 'NONE', #5713, #6307, #8813, .T. ) ;
#8150 = CARTESIAN_POINT ( 'NONE',  ( 5.689846345042076538E-11, 1.499999999964547692, -5.062106771362057811E-15 ) ) ;
#8152 = ORIENTED_EDGE ( 'NONE', *, *, #10860, .T. ) ;
#8151 = AXIS2_PLACEMENT_3D ( 'NONE', #5543, #666, #9067 ) ;
#8153 = EDGE_CURVE ( 'NONE', #3499, #10005, #1449, .T. ) ;
#8154 = DIRECTION ( 'NONE',  ( -4.992923249691015501E-16, 0.4999999999999992228, 0.8660254037844391517 ) ) ;
#8155 = EDGE_LOOP ( 'NONE', ( #2740, #11328, #10028, #4799 ) ) ;
#8156 = DIRECTION ( 'NONE',  ( -1.000000000000000000, -0.000000000000000000, -0.000000000000000000 ) ) ;
#8157 = PRODUCT_DEFINITION ( 'UNKNOWN', '', #642, #5161 ) ;
#8158 = DIRECTION ( 'NONE',  ( 1.000000000000000000, 2.000187765493021278E-16, -7.400880780937300593E-16 ) ) ;
#8159 = LINE ( 'NONE', #3363, #6568 ) ;
#8160 = DIRECTION ( 'NONE',  ( 1.000000000000000000, 2.000187765493021278E-16, -7.400880780937300593E-16 ) ) ;
#8161 = ORIENTED_EDGE ( 'NONE', *, *, #10279, .T. ) ;
#8162 = PLANE ( 'NONE',  #6176 ) ;
#8163 = CARTESIAN_POINT ( 'NONE',  ( 224.4999999999999716, 0.000000000000000000, -179.2174660514637310 ) ) ;
#8164 = ADVANCED_FACE ( 'NONE', ( #4259 ), #7055, .T. ) ;
#8165 = DIRECTION ( 'NONE',  ( 1.445076253180178246E-16, 1.000000000000000000, -5.551115123125738329E-16 ) ) ;
#8166 = CARTESIAN_POINT ( 'NONE',  ( 281.6665948878439849, 0.000000000000000000, -208.4456223450676475 ) ) ;
#8167 = VERTEX_POINT ( 'NONE', #9842 ) ;
#8168 = AXIS2_PLACEMENT_3D ( 'NONE', #9817, #4170, #4347 ) ;
#8169 = CARTESIAN_POINT ( 'NONE',  ( 0.9699999999999986411, 2.521531062727233596, -0.2852079774567084502 ) ) ;
#8170 = CARTESIAN_POINT ( 'NONE',  ( 0.9843342201064364527, 2.483238627135203380, -0.4477264981799095045 ) ) ;
#8171 = CARTESIAN_POINT ( 'NONE',  ( 2.450949999999951778, -1.700440880330444937, -0.9817499999996981419 ) ) ;
#8172 = ORIENTED_EDGE ( 'NONE', *, *, #7040, .T. ) ;
#8173 = DIRECTION ( 'NONE',  ( 0.000000000000000000, 0.000000000000000000, 1.000000000000000000 ) ) ;
#8174 = DIRECTION ( 'NONE',  ( 1.000000000000000000, 2.000187765493021278E-16, -7.400880780937300593E-16 ) ) ;
#8175 = DIRECTION ( 'NONE',  ( -1.000000000000000000, 0.000000000000000000, 9.842402700577628319E-17 ) ) ;
#8176 = VECTOR ( 'NONE', #8274, 1000.000000000000000 ) ;
#8177 = EDGE_LOOP ( 'NONE', ( #3945, #2801, #1251, #6680 ) ) ;
#8178 = DIRECTION ( 'NONE',  ( 0.000000000000000000, -1.000000000000000000, 0.000000000000000000 ) ) ;
#8179 = EDGE_CURVE ( 'NONE', #11838, #5288, #10533, .T. ) ;
#8180 = VERTEX_POINT ( 'NONE', #6026 ) ;
#8181 = DIRECTION ( 'NONE',  ( 0.000000000000000000, 0.000000000000000000, 1.000000000000000000 ) ) ;
#8182 = CARTESIAN_POINT ( 'NONE',  ( 321.4999999999999432, 0.000000000000000000, -319.2174660514637026 ) ) ;
#8183 = CARTESIAN_POINT ( 'NONE',  ( 301.9999999999999432, -1.500000000000000000, -243.2174660514637310 ) ) ;
#8184 = DIRECTION ( 'NONE',  ( 0.000000000000000000, 0.000000000000000000, -1.000000000000000000 ) ) ;
#8185 = DIRECTION ( 'NONE',  ( 1.000000000000000000, 0.000000000000000000, 0.000000000000000000 ) ) ;
#8186 = AXIS2_PLACEMENT_3D ( 'NONE', #539, #1342, #5125 ) ;
#8187 = VERTEX_POINT ( 'NONE', #9727 ) ;
#8188 = EDGE_LOOP ( 'NONE', ( #9178, #1444, #908, #6871 ) ) ;
#8189 = DIRECTION ( 'NONE',  ( -0.000000000000000000, -1.000000000000000000, -0.000000000000000000 ) ) ;
#8190 = FACE_OUTER_BOUND ( 'NONE', #6320, .T. ) ;
#8191 = VECTOR ( 'NONE', #4009, 1000.000000000000000 ) ;
#8192 = VERTEX_POINT ( 'NONE', #10652 ) ;
#8193 = VERTEX_POINT ( 'NONE', #4992 ) ;
#8194 = ADVANCED_FACE ( 'NONE', ( #8698 ), #8756, .F. ) ;
#8195 = DIRECTION ( 'NONE',  ( 0.000000000000000000, 6.123233995736766036E-17, -1.000000000000000000 ) ) ;
#8196 = VERTEX_POINT ( 'NONE', #11252 ) ;
#8197 = DIRECTION ( 'NONE',  ( -0.000000000000000000, -1.000000000000000000, -0.000000000000000000 ) ) ;
#8198 = DIRECTION ( 'NONE',  ( -1.000000000000000000, -2.000187765493021278E-16, 7.400880780937300593E-16 ) ) ;
#8199 = VERTEX_POINT ( 'NONE', #6618 ) ;
#8200 = VERTEX_POINT ( 'NONE', #10193 ) ;
#8201 = AXIS2_PLACEMENT_3D ( 'NONE', #1675, #8062, #3442 ) ;
#8202 = CARTESIAN_POINT ( 'NONE',  ( 161.8686667843508928, -0.2208738203800812705, -259.2257993847970283 ) ) ;
#8203 = CARTESIAN_POINT ( 'NONE',  ( 0.000000000000000000, -1.500000000000000000, -106.0000000000000000 ) ) ;
#8204 = ORIENTED_EDGE ( 'NONE', *, *, #4149, .F. ) ;
#8205 = CARTESIAN_POINT ( 'NONE',  ( 0.9699999999999986411, 2.488600875783203215, -0.4638234741388275184 ) ) ;
#8206 = ORIENTED_EDGE ( 'NONE', *, *, #7766, .T. ) ;
#8207 = EDGE_CURVE ( 'NONE', #10110, #10716, #8077, .T. ) ;
#8208 = DIRECTION ( 'NONE',  ( 0.000000000000000000, -0.000000000000000000, -1.000000000000000000 ) ) ;
#8209 = CARTESIAN_POINT ( 'NONE',  ( 278.0000000000000000, 0.000000000000000000, -224.7174660514637594 ) ) ;
#8210 = AXIS2_PLACEMENT_3D ( 'NONE', #10353, #6704, #10531 ) ;
#8211 = ORIENTED_EDGE ( 'NONE', *, *, #7192, .T. ) ;
#8212 = DIRECTION ( 'NONE',  ( 0.000000000000000000, 0.000000000000000000, -1.000000000000000000 ) ) ;
#8213 = ORIENTED_EDGE ( 'NONE', *, *, #186, .T. ) ;
#8214 = CARTESIAN_POINT ( 'NONE',  ( 0.9700000000000541522, 2.220902331279694941, 0.2589129974102100107 ) ) ;
#8215 = FACE_OUTER_BOUND ( 'NONE', #3397, .T. ) ;
#8216 = CARTESIAN_POINT ( 'NONE',  ( 168.4999999999999147, 0.000000000000000000, -31.05282088253234107 ) ) ;
#8217 = LINE ( 'NONE', #11286, #4237 ) ;
#8218 = LINE ( 'NONE', #9254, #2713 ) ;
#8219 = ADVANCED_FACE ( 'NONE', ( #5293 ), #2909, .F. ) ;
#8220 = ADVANCED_FACE ( 'NONE', ( #8497 ), #1009, .F. ) ;
#8221 = ORIENTED_EDGE ( 'NONE', *, *, #1827, .T. ) ;
#8222 = AXIS2_PLACEMENT_3D ( 'NONE', #6887, #6835, #6662 ) ;
#8223 = DIRECTION ( 'NONE',  ( 0.000000000000000000, 0.000000000000000000, -1.000000000000000000 ) ) ;
#8224 = CARTESIAN_POINT ( 'NONE',  ( 0.9699999999999986411, 2.490779014444583161, -0.4649539812294212204 ) ) ;
#8225 = DIRECTION ( 'NONE',  ( 8.673617379884026597E-16, 1.000000000000000000, 0.000000000000000000 ) ) ;
#8226 = EDGE_LOOP ( 'NONE', ( #3141, #10556 ) ) ;
#8227 = DIRECTION ( 'NONE',  ( -0.000000000000000000, 1.000000000000000000, -0.000000000000000000 ) ) ;
#8228 = PLANE ( 'NONE',  #9894 ) ;
#8229 = DIRECTION ( 'NONE',  ( 0.000000000000000000, 0.000000000000000000, -1.000000000000000000 ) ) ;
#8230 = LINE ( 'NONE', #11969, #954 ) ;
#8231 = CARTESIAN_POINT ( 'NONE',  ( 325.4999999999999432, 0.000000000000000000, -317.4174660514636912 ) ) ;
#8232 = EDGE_CURVE ( 'NONE', #9392, #2615, #975, .T. ) ;
#8233 = PLANE ( 'NONE',  #8124 ) ;
#8234 = ORIENTED_EDGE ( 'NONE', *, *, #4555, .T. ) ;
#8235 = PLANE ( 'NONE',  #9073 ) ;
#8236 = ORIENTED_EDGE ( 'NONE', *, *, #8563, .F. ) ;
#8237 = STYLED_ITEM ( 'NONE', ( #9693 ), #389 ) ;
#8238 = PLANE ( 'NONE',  #1847 ) ;
#8239 = PLANE ( 'NONE',  #4919 ) ;
#8240 = LINE ( 'NONE', #3761, #1792 ) ;
#8241 = DIRECTION ( 'NONE',  ( 0.000000000000000000, 0.000000000000000000, -1.000000000000000000 ) ) ;
#8242 = CARTESIAN_POINT ( 'NONE',  ( 2.450950000000007289, 1.983372645742748075, -1.399080837149180301 ) ) ;
#8243 = DIRECTION ( 'NONE',  ( -4.992923249690979017E-16, 0.5000000000000058842, 0.8660254037844352659 ) ) ;
#8244 = EDGE_LOOP ( 'NONE', ( #7640, #10829, #8725, #1631 ) ) ;
#8245 = CARTESIAN_POINT ( 'NONE',  ( 216.4999999999999716, 0.000000000000000000, -179.2174660514637310 ) ) ;
#8246 = ADVANCED_FACE ( 'NONE', ( #1067 ), #5641, .F. ) ;
#8247 = VECTOR ( 'NONE', #3070, 1000.000000000000000 ) ;
#8248 = ORIENTED_EDGE ( 'NONE', *, *, #431, .T. ) ;
#8249 = ORIENTED_EDGE ( 'NONE', *, *, #1600, .T. ) ;
#8250 = DIRECTION ( 'NONE',  ( 3.402826124941148042E-16, -0.7693267868930279141, -0.6388554570236132379 ) ) ;
#8251 = ORIENTED_EDGE ( 'NONE', *, *, #9870, .T. ) ;
#8252 = ORIENTED_EDGE ( 'NONE', *, *, #9976, .F. ) ;
#8253 = CARTESIAN_POINT ( 'NONE',  ( 344.2500000000000000, -1.500000000000000444, -259.2174660514637026 ) ) ;
#8254 = VERTEX_POINT ( 'NONE', #4375 ) ;
#8255 = AXIS2_PLACEMENT_3D ( 'NONE', #1596, #1778, #8225 ) ;
#8256 = PLANE ( 'NONE',  #2845 ) ;
#8257 = ORIENTED_EDGE ( 'NONE', *, *, #3502, .T. ) ;
#8258 = ORIENTED_EDGE ( 'NONE', *, *, #3320, .T. ) ;
#8259 = CARTESIAN_POINT ( 'NONE',  ( 162.5315534029114701, -1.875904745092725090, -259.2507993847970056 ) ) ;
#8260 = EDGE_CURVE ( 'NONE', #7238, #7439, #6217, .T. ) ;
#8261 = EDGE_CURVE ( 'NONE', #10143, #12048, #4791, .T. ) ;
#8262 = CARTESIAN_POINT ( 'NONE',  ( 5.000000000000004441, -3.500000000000000000, -5.000000000000000000 ) ) ;
#8263 = ORIENTED_EDGE ( 'NONE', *, *, #7930, .F. ) ;
#8264 = AXIS2_PLACEMENT_3D ( 'NONE', #163, #6513, #5541 ) ;
#8265 = DIRECTION ( 'NONE',  ( -1.000000000000000000, 0.000000000000000000, 0.000000000000000000 ) ) ;
#8266 = VERTEX_POINT ( 'NONE', #4676 ) ;
#8267 = DIRECTION ( 'NONE',  ( 3.039443235083192730E-17, 0.9822529701818394354, 0.1875609302838794901 ) ) ;
#8268 = ORIENTED_EDGE ( 'NONE', *, *, #5791, .T. ) ;
#8269 = DIRECTION ( 'NONE',  ( -1.167520497023887139E-16, -1.000000000000000000, 2.886579864025370323E-15 ) ) ;
#8270 = APPLICATION_CONTEXT ( 'automotive_design' ) ;
#8271 = EDGE_LOOP ( 'NONE', ( #5210, #6861, #4907, #5034 ) ) ;
#8272 = CARTESIAN_POINT ( 'NONE',  ( 0.9699999999999986411, 2.490779014444583161, -0.4649539812294212204 ) ) ;
#8273 = VECTOR ( 'NONE', #5837, 1000.000000000000114 ) ;
#8274 = DIRECTION ( 'NONE',  ( 1.000000000000000000, 2.000187765493021278E-16, -7.400880780937300593E-16 ) ) ;
#8275 = DIRECTION ( 'NONE',  ( -2.481675346006243732E-16, 0.8022045974956018011, 0.5970492305973765790 ) ) ;
#8276 = EDGE_CURVE ( 'NONE', #5313, #153, #10896, .T. ) ;
#8277 = CARTESIAN_POINT ( 'NONE',  ( 0.9699999999999986411, 2.324343390079197658, 0.03026883183826489798 ) ) ;
#8278 = ADVANCED_FACE ( 'NONE', ( #653 ), #9906, .F. ) ;
#8279 = FACE_OUTER_BOUND ( 'NONE', #8226, .T. ) ;
#8280 = DIRECTION ( 'NONE',  ( 1.000000000000000000, 0.000000000000000000, 0.000000000000000000 ) ) ;
#8281 = ORIENTED_EDGE ( 'NONE', *, *, #11536, .T. ) ;
#8282 = AXIS2_PLACEMENT_3D ( 'NONE', #11275, #2013, #2929 ) ;
#8283 = FACE_OUTER_BOUND ( 'NONE', #6073, .T. ) ;
#8284 = DIRECTION ( 'NONE',  ( 0.000000000000000000, 1.000000000000000000, 0.000000000000000000 ) ) ;
#8285 = ORIENTED_EDGE ( 'NONE', *, *, #6479, .F. ) ;
#8286 = CARTESIAN_POINT ( 'NONE',  ( 2.470000000000027729, -1.725772238865302954, -0.9378747999921333012 ) ) ;
#8287 = ADVANCED_FACE ( 'NONE', ( #1991 ), #7111, .T. ) ;
#8288 = ORIENTED_EDGE ( 'NONE', *, *, #10119, .T. ) ;
#8289 = CARTESIAN_POINT ( 'NONE',  ( 0.9843342201064364527, 2.309420209805207236, -0.2346925392427978707 ) ) ;
#8290 = DIRECTION ( 'NONE',  ( -1.000000000000000000, 0.000000000000000000, 0.000000000000000000 ) ) ;
#8291 = DIRECTION ( 'NONE',  ( -0.000000000000000000, -0.000000000000000000, 1.000000000000000000 ) ) ;
#8292 = DIRECTION ( 'NONE',  ( -2.775557561562890858E-16, 0.000000000000000000, -1.000000000000000000 ) ) ;
#8293 = CARTESIAN_POINT ( 'NONE',  ( 0.9699999999999986411, 2.485296480058268642, -0.4439227243228788256 ) ) ;
#8294 = LINE ( 'NONE', #11908, #4310 ) ;
#8295 = VECTOR ( 'NONE', #6684, 1000.000000000000000 ) ;
#8296 = CARTESIAN_POINT ( 'NONE',  ( 243.4999999999999716, 0.000000000000000000, -174.2174660514637310 ) ) ;
#8297 = ORIENTED_EDGE ( 'NONE', *, *, #2188, .T. ) ;
#8298 = CARTESIAN_POINT ( 'NONE',  ( 162.2919412023711914, -0.04554781583046670079, -85.10416666666668561 ) ) ;
#8299 = ORIENTED_EDGE ( 'NONE', *, *, #6070, .T. ) ;
#8300 = AXIS2_PLACEMENT_3D ( 'NONE', #2521, #4460, #674 ) ;
#8301 = CARTESIAN_POINT ( 'NONE',  ( 0.9699999999999986411, 2.483238627135203380, -0.4078917005041883259 ) ) ;
#8302 = DIRECTION ( 'NONE',  ( 1.000000000000000000, 2.000187765493029413E-16, 6.845769268624692740E-16 ) ) ;
#8303 = EDGE_CURVE ( 'NONE', #4101, #2519, #2786, .T. ) ;
#8304 = EDGE_CURVE ( 'NONE', #1044, #5550, #7458, .T. ) ;
#8305 = LINE ( 'NONE', #10062, #1017 ) ;
#8306 = DIRECTION ( 'NONE',  ( 1.000000000000000000, 1.722632009336720063E-16, -7.400880780937477100E-16 ) ) ;
#8307 = CARTESIAN_POINT ( 'NONE',  ( 2.470000000000055707, 1.827983448570907887, -0.9620582320193360459 ) ) ;
#8308 = DIRECTION ( 'NONE',  ( 0.000000000000000000, 0.000000000000000000, -1.000000000000000000 ) ) ;
#8309 = LINE ( 'NONE', #7396, #4893 ) ;
#8310 = EDGE_LOOP ( 'NONE', ( #8837, #3911, #2331, #11958 ) ) ;
#8311 = ADVANCED_FACE ( 'NONE', ( #7395 ), #3819, .F. ) ;
#8312 = CARTESIAN_POINT ( 'NONE',  ( 0.9843342201064919639, 2.215529865583626190, 0.2959619118673012528 ) ) ;
#8313 = LINE ( 'NONE', #5280, #1139 ) ;
#8314 = AXIS2_PLACEMENT_3D ( 'NONE', #1574, #7839, #4199 ) ;
#8315 = CIRCLE ( 'NONE', #9081, 0.03077947504423033526 ) ;
#8316 = DIRECTION ( 'NONE',  ( -1.445076253180192051E-16, -1.000000000000000000, 2.553512956637819811E-15 ) ) ;
#8317 = VERTEX_POINT ( 'NONE', #2844 ) ;
#8318 = VERTEX_POINT ( 'NONE', #8374 ) ;
#8319 = LINE ( 'NONE', #11930, #8494 ) ;
#8320 = VERTEX_POINT ( 'NONE', #11188 ) ;
#8321 = ORIENTED_EDGE ( 'NONE', *, *, #6112, .F. ) ;
#8322 = CARTESIAN_POINT ( 'NONE',  ( 338.5000000000000568, -1.224646799147346644E-18, -141.8128208825323497 ) ) ;
#8323 = VECTOR ( 'NONE', #2663, 999.9999999999998863 ) ;
#8324 = EDGE_CURVE ( 'NONE', #9719, #10566, #10258, .T. ) ;
#8325 = AXIS2_PLACEMENT_3D ( 'NONE', #721, #8148, #5479 ) ;
#8326 = DIRECTION ( 'NONE',  ( 1.000000000000000000, 1.722632009336712421E-16, -4.625323219374409242E-16 ) ) ;
#8327 = FACE_OUTER_BOUND ( 'NONE', #5047, .T. ) ;
#8328 = ORIENTED_EDGE ( 'NONE', *, *, #6710, .F. ) ;
#8329 = ORIENTED_EDGE ( 'NONE', *, *, #6686, .F. ) ;
#8330 = CARTESIAN_POINT ( 'NONE',  ( 161.0455478158304743, -2.208058797628745573, -259.2466327181302859 ) ) ;
#8331 = CARTESIAN_POINT ( 'NONE',  ( 341.0000000000000000, -3.500000000000000000, -172.2087330257318740 ) ) ;
#8332 = VECTOR ( 'NONE', #11037, 999.9999999999998863 ) ;
#8333 = AXIS2_PLACEMENT_3D ( 'NONE', #2353, #6057, #8175 ) ;
#8334 = ORIENTED_EDGE ( 'NONE', *, *, #10651, .F. ) ;
#8335 = FACE_OUTER_BOUND ( 'NONE', #1086, .T. ) ;
#8336 = ORIENTED_EDGE ( 'NONE', *, *, #1084, .T. ) ;
#8337 = LINE ( 'NONE', #10219, #10056 ) ;
#8338 = PLANE ( 'NONE',  #3930 ) ;
#8339 = EDGE_LOOP ( 'NONE', ( #1180, #7175, #10320, #8875 ) ) ;
#8340 = ADVANCED_FACE ( 'NONE', ( #4854 ), #4112, .F. ) ;
#8341 = CARTESIAN_POINT ( 'NONE',  ( 224.4999999999999716, 0.000000000000000000, -194.2174660514637310 ) ) ;
#8342 = EDGE_LOOP ( 'NONE', ( #7643, #8675, #10455, #2575 ) ) ;
#8343 = VECTOR ( 'NONE', #9238, 1000.000000000000000 ) ;
#8344 = DIRECTION ( 'NONE',  ( 0.000000000000000000, 1.000000000000000000, 0.000000000000000000 ) ) ;
#8345 = LINE ( 'NONE', #4821, #1377 ) ;
#8346 = DIRECTION ( 'NONE',  ( 0.000000000000000000, -1.000000000000000000, 0.000000000000000000 ) ) ;
#8347 = DIRECTION ( 'NONE',  ( 2.208597309011063731E-16, -0.8660254037844428154, -0.4999999999999927280 ) ) ;
#8348 = CARTESIAN_POINT ( 'NONE',  ( 0.4850000000000131983, -1.387778780781445676E-13, 1.804112415015879378E-13 ) ) ;
#8349 = VECTOR ( 'NONE', #1662, 1000.000000000000000 ) ;
#8350 = VERTEX_POINT ( 'NONE', #2970 ) ;
#8351 = FACE_OUTER_BOUND ( 'NONE', #4036, .T. ) ;
#8352 = CARTESIAN_POINT ( 'NONE',  ( 261.0000000000000568, 0.000000000000000000, -174.2174660514637310 ) ) ;
#8353 = ORIENTED_EDGE ( 'NONE', *, *, #4585, .T. ) ;
#8354 = EDGE_CURVE ( 'NONE', #2687, #7102, #3942, .T. ) ;
#8355 = CARTESIAN_POINT ( 'NONE',  ( 301.9999999999999432, 0.000000000000000000, -233.2174660514637310 ) ) ;
#8356 = EDGE_LOOP ( 'NONE', ( #6084, #14, #11403, #8582 ) ) ;
#8357 = DIRECTION ( 'NONE',  ( 6.439929498164031749E-16, -0.3248433367106058345, -0.9457678396914963592 ) ) ;
#8358 = FACE_OUTER_BOUND ( 'NONE', #1571, .T. ) ;
#8359 = PLANE ( 'NONE',  #6226 ) ;
#8360 = CIRCLE ( 'NONE', #10501, 2.110000000000000764 ) ;
#8361 = DIRECTION ( 'NONE',  ( 0.000000000000000000, 0.000000000000000000, -1.000000000000000000 ) ) ;
#8362 = LINE ( 'NONE', #11056, #4842 ) ;
#8363 = VERTEX_POINT ( 'NONE', #7811 ) ;
#8364 = CARTESIAN_POINT ( 'NONE',  ( 162.5621982420628342, -1.894326297186109009, -85.13541666666669983 ) ) ;
#8365 = AXIS2_PLACEMENT_3D ( 'NONE', #7662, #1038, #3048 ) ;
#8366 = VERTEX_POINT ( 'NONE', #7578 ) ;
#8367 = EDGE_CURVE ( 'NONE', #4354, #9392, #2231, .T. ) ;
#8368 = DIRECTION ( 'NONE',  ( 7.301626448894610956E-16, 0.2959104772545312345, -0.9552156769290354177 ) ) ;
#8369 = DIRECTION ( 'NONE',  ( -2.208597309011006539E-16, 0.8660254037844450359, 0.4999999999999889533 ) ) ;
#8370 = EDGE_LOOP ( 'NONE', ( #3582, #9299, #3455, #3949 ) ) ;
#8371 = CARTESIAN_POINT ( 'NONE',  ( 0.9843342201064364527, 2.422424264911876790, -0.01856281503725965010 ) ) ;
#8372 = DIRECTION ( 'NONE',  ( -1.387778780781446464E-15, 0.000000000000000000, -1.000000000000000000 ) ) ;
#8373 = DIRECTION ( 'NONE',  ( -1.000000000000000000, -0.000000000000000000, -0.000000000000000000 ) ) ;
#8374 = CARTESIAN_POINT ( 'NONE',  ( 198.6688394328960499, 0.000000000000000000, -208.4456223450676475 ) ) ;
#8375 = FACE_OUTER_BOUND ( 'NONE', #5944, .T. ) ;
#8376 = VERTEX_POINT ( 'NONE', #2107 ) ;
#8377 = CARTESIAN_POINT ( 'NONE',  ( 0.9699999999999986411, 2.521531062727372152, -0.3948934297109130132 ) ) ;
#8378 = PRESENTATION_LAYER_ASSIGNMENT (  '', '', ( #6424 ) ) ;
#8379 = PLANE ( 'NONE',  #4442 ) ;
#8380 = EDGE_CURVE ( 'NONE', #8021, #8320, #11545, .T. ) ;
#8381 = ADVANCED_FACE ( 'NONE', ( #1364 ), #2289, .F. ) ;
#8382 = VERTEX_POINT ( 'NONE', #11488 ) ;
#8383 = CARTESIAN_POINT ( 'NONE',  ( 216.4999999999999716, 0.000000000000000000, -179.2174660514637310 ) ) ;
#8384 = ORIENTED_EDGE ( 'NONE', *, *, #4816, .F. ) ;
#8385 = VERTEX_POINT ( 'NONE', #5877 ) ;
#8386 = EDGE_CURVE ( 'NONE', #3343, #10602, #776, .T. ) ;
#8387 = CARTESIAN_POINT ( 'NONE',  ( 233.4999999999999716, 0.000000000000000000, -194.2174660514637310 ) ) ;
#8389 = EDGE_LOOP ( 'NONE', ( #3439, #1467, #2192, #2883 ) ) ;
#8388 = VECTOR ( 'NONE', #7084, 1000.000000000000000 ) ;
#8390 = CARTESIAN_POINT ( 'NONE',  ( 0.9700000000000541522, 2.406246664099720434, 0.2565332301880385302 ) ) ;
#8391 = CARTESIAN_POINT ( 'NONE',  ( 336.1545311035279724, 0.000000000000000000, -208.4456223450676475 ) ) ;
#8392 = ORIENTED_EDGE ( 'NONE', *, *, #2416, .F. ) ;
#8393 = EDGE_LOOP ( 'NONE', ( #8236, #10559, #10074, #2534 ) ) ;
#8394 = DIRECTION ( 'NONE',  ( 6.845769268624692740E-16, -5.551115123125739315E-16, -1.000000000000000000 ) ) ;
#8395 = FACE_OUTER_BOUND ( 'NONE', #11297, .T. ) ;
#8396 = AXIS2_PLACEMENT_3D ( 'NONE', #3433, #6291, #2531 ) ;
#8397 = EDGE_CURVE ( 'NONE', #142, #8673, #2171, .T. ) ;
#8398 = ORIENTED_EDGE ( 'NONE', *, *, #5882, .T. ) ;
#8399 = CARTESIAN_POINT ( 'NONE',  ( 0.9843342201063809416, 2.495373293259689262, -0.4531261570458744448 ) ) ;
#8400 = ORIENTED_EDGE ( 'NONE', *, *, #789, .F. ) ;
#8401 = LINE ( 'NONE', #8209, #6056 ) ;
#8402 = ORIENTED_EDGE ( 'NONE', *, *, #380, .T. ) ;
#8403 = CARTESIAN_POINT ( 'NONE',  ( 2.470000000000027729, 2.058567165613784056, -1.268840108281543699 ) ) ;
#8404 = DIRECTION ( 'NONE',  ( -0.000000000000000000, -1.000000000000000000, -0.000000000000000000 ) ) ;
#8405 = EDGE_LOOP ( 'NONE', ( #5351, #8428, #11942, #6367, #79 ) ) ;
#8406 = CIRCLE ( 'NONE', #3148, 1.500000000021384894 ) ;
#8407 = CARTESIAN_POINT ( 'NONE',  ( 178.6688394328960499, -1.500000000000000000, -208.4456223450676475 ) ) ;
#8408 = PLANE ( 'NONE',  #8579 ) ;
#8409 = CARTESIAN_POINT ( 'NONE',  ( 0.9699999999999986411, 2.478158560289850598, -0.4607464548394973880 ) ) ;
#8410 = DIRECTION ( 'NONE',  ( 1.000000000000000000, 2.000187765493021278E-16, -7.400880780937300593E-16 ) ) ;
#8411 = EDGE_CURVE ( 'NONE', #1388, #5735, #6852, .T. ) ;
#8412 = VECTOR ( 'NONE', #2463, 1000.000000000000000 ) ;
#8413 = ORIENTED_EDGE ( 'NONE', *, *, #11797, .F. ) ;
#8414 = DIRECTION ( 'NONE',  ( 0.000000000000000000, 0.000000000000000000, -1.000000000000000000 ) ) ;
#8415 = CARTESIAN_POINT ( 'NONE',  ( 0.9843342201064364527, 2.521531062727455641, -0.2346925392427562373 ) ) ;
#8416 = ORIENTED_EDGE ( 'NONE', *, *, #4602, .T. ) ;
#8417 = PLANE ( 'NONE',  #11396 ) ;
#8418 = ORIENTED_EDGE ( 'NONE', *, *, #6286, .F. ) ;
#8419 = DIRECTION ( 'NONE',  ( 0.000000000000000000, 0.000000000000000000, 1.000000000000000000 ) ) ;
#8420 = CARTESIAN_POINT ( 'NONE',  ( 296.0000000000000568, 0.000000000000000000, -194.2174660514637310 ) ) ;
#8421 = CARTESIAN_POINT ( 'NONE',  ( 20.00000000000000711, 0.000000000000000000, -85.00000000000004263 ) ) ;
#8422 = FACE_BOUND ( 'NONE', #8405, .T. ) ;
#8423 = EDGE_CURVE ( 'NONE', #8691, #1856, #9584, .T. ) ;
#8424 = EDGE_CURVE ( 'NONE', #8382, #6436, #6904, .T. ) ;
#8425 = VECTOR ( 'NONE', #8291, 1000.000000000000000 ) ;
#8426 = EDGE_LOOP ( 'NONE', ( #10153, #5605, #7813, #11198 ) ) ;
#8427 = CARTESIAN_POINT ( 'NONE',  ( 161.3505830258032177, -2.825456759956082475, -85.13541666666669983 ) ) ;
#8428 = ORIENTED_EDGE ( 'NONE', *, *, #4362, .T. ) ;
#8429 = DIRECTION ( 'NONE',  ( -1.000000000000000000, 0.000000000000000000, 0.000000000000000000 ) ) ;
#8430 = DIRECTION ( 'NONE',  ( -1.000000000000000000, 0.000000000000000000, 0.000000000000000000 ) ) ;
#8431 = EDGE_LOOP ( 'NONE', ( #7929, #10978, #9441, #3657 ) ) ;
#8432 = LINE ( 'NONE', #11065, #843 ) ;
#8433 = CARTESIAN_POINT ( 'NONE',  ( 2.469999999999972218, -1.543091786165323720, -1.254286625618925122 ) ) ;
#8434 = CARTESIAN_POINT ( 'NONE',  ( 0.9699999999999986411, 2.472365065619993807, -0.4641025592230662578 ) ) ;
#8435 = CARTESIAN_POINT ( 'NONE',  ( 0.9699999999999986411, 2.324343390078947635, 0.1250508761554830484 ) ) ;
#8436 = CARTESIAN_POINT ( 'NONE',  ( 338.9999999999999432, -1.500000000000000000, -179.2174660514637310 ) ) ;
#8437 = ORIENTED_EDGE ( 'NONE', *, *, #6313, .T. ) ;
#8438 = CYLINDRICAL_SURFACE ( 'NONE', #3673, 2.110000000000000764 ) ;
#8439 = EDGE_CURVE ( 'NONE', #6975, #8167, #3022, .T. ) ;
#8440 = EDGE_LOOP ( 'NONE', ( #3340, #11046, #10223, #4161, #6491, #2578, #7293, #4286, #10146, #8663, #9059, #1841, #4342, #11937 ) ) ;
#8441 = APPLICATION_CONTEXT ( 'automotive_design' ) ;
#8442 = DIRECTION ( 'NONE',  ( -1.445076253180178246E-16, -1.000000000000000000, 5.551115123125738329E-16 ) ) ;
#8443 = ORIENTED_EDGE ( 'NONE', *, *, #15, .F. ) ;
#8444 = EDGE_LOOP ( 'NONE', ( #6125, #7022, #8863, #3086 ) ) ;
#8445 = CYLINDRICAL_SURFACE ( 'NONE', #93, 0.2500000000000000000 ) ;
#8446 = FACE_OUTER_BOUND ( 'NONE', #8016, .T. ) ;
#8447 = ORIENTED_EDGE ( 'NONE', *, *, #764, .F. ) ;
#8448 = EDGE_CURVE ( 'NONE', #735, #8180, #10386, .T. ) ;
#8449 = ADVANCED_FACE ( 'NONE', ( #3886 ), #10442, .F. ) ;
#8450 = COLOUR_RGB ( '',1.000000000000000000, 0.5019607843137254832, 0.2509803921568627416 ) ;
#8451 = ORIENTED_EDGE ( 'NONE', *, *, #5220, .T. ) ;
#8452 = VECTOR ( 'NONE', #8229, 1000.000000000000000 ) ;
#8453 = DIRECTION ( 'NONE',  ( -7.544538134627805428E-16, -0.1089854748730416656, 0.9940433422475589698 ) ) ;
#8454 = EDGE_CURVE ( 'NONE', #9104, #1149, #11430, .T. ) ;
#8455 = CARTESIAN_POINT ( 'NONE',  ( 0.9843342201063809416, 2.237535760291314624, -0.2852079774566251835 ) ) ;
#8456 = VERTEX_POINT ( 'NONE', #5085 ) ;
#8457 = DIRECTION ( 'NONE',  ( -0.000000000000000000, 1.000000000000000000, -0.000000000000000000 ) ) ;
#8458 = ORIENTED_EDGE ( 'NONE', *, *, #2788, .F. ) ;
#8459 = VECTOR ( 'NONE', #6355, 1000.000000000000000 ) ;
#8460 = CARTESIAN_POINT ( 'NONE',  ( 498.4999999999998295, -1.500000000000001332, -58.27983018403566717 ) ) ;
#8461 = CARTESIAN_POINT ( 'NONE',  ( 20.00000000000000355, 0.000000000000000000, -105.9999999999999432 ) ) ;
#8462 = EDGE_LOOP ( 'NONE', ( #6910, #3450, #2582, #6387 ) ) ;
#8463 = CARTESIAN_POINT ( 'NONE',  ( 2.450950000000007289, 0.06360232754365480190, 2.173161927247618586 ) ) ;
#8464 = DIRECTION ( 'NONE',  ( 0.000000000000000000, 0.000000000000000000, -1.000000000000000000 ) ) ;
#8465 = VERTEX_POINT ( 'NONE', #4968 ) ;
#8466 = EDGE_CURVE ( 'NONE', #4774, #4744, #3076, .T. ) ;
#8467 = EDGE_CURVE ( 'NONE', #10140, #2488, #10564, .T. ) ;
#8468 = CARTESIAN_POINT ( 'NONE',  ( 0.9699999999999986411, 2.486652238561370964, -0.4525014031271090698 ) ) ;
#8469 = DIRECTION ( 'NONE',  ( 1.000000000000000000, 2.000187765493021278E-16, -7.400880780937300593E-16 ) ) ;
#8470 = CIRCLE ( 'NONE', #2252, 2.110000000000000764 ) ;
#8471 = PLANE ( 'NONE',  #1897 ) ;
#8472 = EDGE_CURVE ( 'NONE', #9834, #5658, #8730, .T. ) ;
#8473 = FACE_OUTER_BOUND ( 'NONE', #985, .T. ) ;
#8474 = ORIENTED_EDGE ( 'NONE', *, *, #11895, .T. ) ;
#8475 = FACE_OUTER_BOUND ( 'NONE', #1511, .T. ) ;
#8476 = CARTESIAN_POINT ( 'NONE',  ( 330.0000000000000000, -1.500000000000000000, -179.2174660514637310 ) ) ;
#8477 = ORIENTED_EDGE ( 'NONE', *, *, #9196, .T. ) ;
#8478 = AXIS2_PLACEMENT_3D ( 'NONE', #1954, #914, #10222 ) ;
#8479 = CARTESIAN_POINT ( 'NONE',  ( 5.000000000000004441, -1.750000000000000000, -1.750000000000017097 ) ) ;
#8480 = ORIENTED_EDGE ( 'NONE', *, *, #3313, .T. ) ;
#8481 = EDGE_CURVE ( 'NONE', #3640, #10467, #7866, .T. ) ;
#8482 = CARTESIAN_POINT ( 'NONE',  ( 6.499999999999286793, -1.500000000000001332, -84.66964398456981655 ) ) ;
#8483 = DIRECTION ( 'NONE',  ( 6.845769268624693726E-16, -5.551115123125739315E-16, -1.000000000000000000 ) ) ;
#8484 = CARTESIAN_POINT ( 'NONE',  ( 0.2705000000000068461, -1.229500000000014692, 4.299810507646385227E-15 ) ) ;
#8485 = FACE_BOUND ( 'NONE', #3160, .T. ) ;
#8486 = AXIS2_PLACEMENT_3D ( 'NONE', #9670, #3411, #1339 ) ;
#8487 = ORIENTED_EDGE ( 'NONE', *, *, #2328, .F. ) ;
#8488 = CARTESIAN_POINT ( 'NONE',  ( 162.5065068308329614, -1.684563028910180060, -85.12083333333335133 ) ) ;
#8489 = VERTEX_POINT ( 'NONE', #682 ) ;
#8490 = LINE ( 'NONE', #11309, #668 ) ;
#8491 = CARTESIAN_POINT ( 'NONE',  ( 301.6665948878440986, -1.500000000000000000, -208.4456223450676475 ) ) ;
#8492 = EDGE_LOOP ( 'NONE', ( #10659, #4614, #11032, #775 ) ) ;
#8493 = ADVANCED_FACE ( 'NONE', ( #7201 ), #11785, .F. ) ;
#8494 = VECTOR ( 'NONE', #9954, 1000.000000000000000 ) ;
#8495 = DIRECTION ( 'NONE',  ( 0.000000000000000000, -1.000000000000000000, 0.000000000000000000 ) ) ;
#8496 = DIRECTION ( 'NONE',  ( 2.117687389415051237E-16, 0.9985562776716353506, -0.05371555010020874488 ) ) ;
#8497 = FACE_OUTER_BOUND ( 'NONE', #6843, .T. ) ;
#8498 = ORIENTED_EDGE ( 'NONE', *, *, #3419, .F. ) ;
#8499 = DIRECTION ( 'NONE',  ( -0.000000000000000000, 1.000000000000000000, -0.000000000000000000 ) ) ;
#8500 = CARTESIAN_POINT ( 'NONE',  ( 0.9699999999999986411, 2.092235504760592057, -1.433421534247081297E-06 ) ) ;
#8501 = EDGE_LOOP ( 'NONE', ( #209, #1585, #11862, #4843, #6607, #10437 ) ) ;
#8502 = VECTOR ( 'NONE', #10058, 1000.000000000000000 ) ;
#8503 = DIRECTION ( 'NONE',  ( -1.000000000000000000, -0.000000000000000000, -0.000000000000000000 ) ) ;
#8504 = EDGE_LOOP ( 'NONE', ( #179, #6007, #450, #861, #3270, #4656, #4977, #11395, #6400, #4935, #7442, #6753, #6117 ) ) ;
#8505 = VERTEX_POINT ( 'NONE', #9025 ) ;
#8506 = LINE ( 'NONE', #963, #1787 ) ;
#8507 = ADVANCED_FACE ( 'NONE', ( #10926 ), #2586, .F. ) ;
#8508 = EDGE_CURVE ( 'NONE', #4123, #4418, #2530, .T. ) ;
#8509 = DIRECTION ( 'NONE',  ( 7.872806842835568418E-16, 0.1971841888170626778, -0.9803664598916861372 ) ) ;
#8510 = ORIENTED_EDGE ( 'NONE', *, *, #5692, .F. ) ;
#8511 = AXIS2_PLACEMENT_3D ( 'NONE', #11953, #3599, #7304 ) ;
#8512 = VECTOR ( 'NONE', #7965, 1000.000000000000000 ) ;
#8513 = EDGE_LOOP ( 'NONE', ( #3092, #8288, #11398, #6969 ) ) ;
#8514 = PLANE ( 'NONE',  #140 ) ;
#8515 = CARTESIAN_POINT ( 'NONE',  ( 0.2238461539150173596, -4.662936703391124295E-16, 2.099999999984508925 ) ) ;
#8516 = ORIENTED_EDGE ( 'NONE', *, *, #5360, .T. ) ;
#8517 = CARTESIAN_POINT ( 'NONE',  ( 148.0308911515353998, 0.000000000000000000, -54.35518781845740932 ) ) ;
#8518 = VECTOR ( 'NONE', #3282, 1000.000000000000000 ) ;
#8519 = ORIENTED_EDGE ( 'NONE', *, *, #4665, .F. ) ;
#8520 = CARTESIAN_POINT ( 'NONE',  ( 2.450950000000035267, 1.841843850431540419, -1.291133606572028469 ) ) ;
#8521 = ORIENTED_EDGE ( 'NONE', *, *, #10390, .F. ) ;
#8522 = ADVANCED_FACE ( 'NONE', ( #1420 ), #9878, .F. ) ;
#8523 = CARTESIAN_POINT ( 'NONE',  ( 345.6614119768328806, -2.834674960755705353, -85.13541666666667140 ) ) ;
#8524 = ORIENTED_EDGE ( 'NONE', *, *, #11120, .F. ) ;
#8525 = CARTESIAN_POINT ( 'NONE',  ( 81.00000000000000000, -154.7351134694656309, -85.00000000000002842 ) ) ;
#8526 = LINE ( 'NONE', #3913, #4243 ) ;
#8527 = AXIS2_PLACEMENT_3D ( 'NONE', #7580, #10197, #10329 ) ;
#8528 = VECTOR ( 'NONE', #2955, 1000.000000000000000 ) ;
#8529 = CARTESIAN_POINT ( 'NONE',  ( 344.7119850158940153, -0.03093822568039899037, -259.2216327181303654 ) ) ;
#8530 = CARTESIAN_POINT ( 'NONE',  ( 243.4999999999999716, -1.500000000000000000, -174.2174660514637310 ) ) ;
#8531 = ADVANCED_FACE ( 'NONE', ( #8110 ), #10805, .F. ) ;
#8532 = EDGE_CURVE ( 'NONE', #10039, #11506, #3315, .T. ) ;
#8533 = EDGE_LOOP ( 'NONE', ( #6666, #4933, #5689, #7598 ) ) ;
#8534 = DIRECTION ( 'NONE',  ( 1.445076253180192051E-16, 1.000000000000000000, -2.553512956637819811E-15 ) ) ;
#8535 = PLANE ( 'NONE',  #1496 ) ;
#8536 = AXIS2_PLACEMENT_3D ( 'NONE', #9378, #9319, #6395 ) ;
#8537 = EDGE_LOOP ( 'NONE', ( #2726, #4957, #1091, #702 ) ) ;
#8538 = PLANE ( 'NONE',  #9037 ) ;
#8539 = ORIENTED_EDGE ( 'NONE', *, *, #11690, .F. ) ;
#8540 = DIRECTION ( 'NONE',  ( -6.221421824593029792E-18, 0.9720757995434984311, 0.2346670832091035386 ) ) ;
#8541 = CARTESIAN_POINT ( 'NONE',  ( 2.450950000000007289, -0.1043506507306113384, 2.068330963623861596 ) ) ;
#8542 = LINE ( 'NONE', #5920, #325 ) ;
#8543 = DIRECTION ( 'NONE',  ( 1.000000000000000000, 0.000000000000000000, 0.000000000000000000 ) ) ;
#8544 = AXIS2_PLACEMENT_3D ( 'NONE', #11151, #2804, #7652 ) ;
#8545 = EDGE_CURVE ( 'NONE', #11929, #2755, #1760, .T. ) ;
#8546 = ORIENTED_EDGE ( 'NONE', *, *, #8232, .T. ) ;
#8547 = ORIENTED_EDGE ( 'NONE', *, *, #447, .T. ) ;
#8548 = CARTESIAN_POINT ( 'NONE',  ( 162.5000000000000284, -1.717275076525106359, -85.12291666666666856 ) ) ;
#8549 = EDGE_LOOP ( 'NONE', ( #2039, #8553, #5011, #1399 ) ) ;
#8550 = DIRECTION ( 'NONE',  ( -1.000000000000000000, 0.000000000000000000, 0.000000000000000000 ) ) ;
#8551 = B_SPLINE_CURVE_WITH_KNOTS ( 'NONE', 3,
 ( #1833, #10293, #1960, #3853, #9127, #1712, #9187, #9377, #4520, #3602, #2695, #6394, #10102, #1770, #5491, #12076, #8702, #3219 ),
 .UNSPECIFIED., .F., .F.,
 ( 4, 2, 2, 2, 2, 2, 2, 2, 4 ),
 ( 0.000000000000000000, 0.1250000000000000000, 0.2500000000000000000, 0.3750000000000000000, 0.5000000000000000000, 0.6250000000000000000, 0.7500000000000000000, 0.8750000000000000000, 1.000000000000000000 ),
 .UNSPECIFIED. ) ;
#8552 = CARTESIAN_POINT ( 'NONE',  ( 2.470000000016625563, 1.942890293094023946E-13, 3.608224830031758756E-13 ) ) ;
#8553 = ORIENTED_EDGE ( 'NONE', *, *, #35, .F. ) ;
#8554 = VECTOR ( 'NONE', #1281, 1000.000000000000000 ) ;
#8555 = CARTESIAN_POINT ( 'NONE',  ( 161.0000000000000284, -84.71658488546623289, -329.2174660514637594 ) ) ;
#8556 = CARTESIAN_POINT ( 'NONE',  ( 2.450950000000007289, 2.058567165613673033, -1.268840108281585444 ) ) ;
#8557 = DIRECTION ( 'NONE',  ( 1.000000000000000000, 1.722632009336709216E-16, 9.621326830187598882E-16 ) ) ;
#8558 = DIRECTION ( 'NONE',  ( 0.000000000000000000, 0.000000000000000000, -1.000000000000000000 ) ) ;
#8559 = ORIENTED_EDGE ( 'NONE', *, *, #1619, .F. ) ;
#8560 = CARTESIAN_POINT ( 'NONE',  ( 0.9699999999999986411, 2.249684011831370789, 0.01740461005372839765 ) ) ;
#8561 = CARTESIAN_POINT ( 'NONE',  ( 344.4790744643242419, -3.500000000000000888, -259.2653827181303541 ) ) ;
#8562 = AXIS2_PLACEMENT_3D ( 'NONE', #592, #11694, #1270 ) ;
#8563 = EDGE_CURVE ( 'NONE', #5203, #11526, #3432, .T. ) ;
#8564 = ORIENTED_EDGE ( 'NONE', *, *, #7367, .F. ) ;
#8565 = CARTESIAN_POINT ( 'NONE',  ( 346.0000000000000000, -1.979074464324257043, -85.12708333333335986 ) ) ;
#8566 = ORIENTED_EDGE ( 'NONE', *, *, #4012, .F. ) ;
#8567 = ORIENTED_EDGE ( 'NONE', *, *, #10621, .T. ) ;
#8568 = CARTESIAN_POINT ( 'NONE',  ( 0.9699999999999986411, 2.371827334780224561, 0.1404019658357985589 ) ) ;
#8569 = CARTESIAN_POINT ( 'NONE',  ( 0.9843342201064919639, 2.092235504760592057, 0.3948905628676016577 ) ) ;
#8570 = EDGE_LOOP ( 'NONE', ( #9301, #6896, #6439, #2124 ) ) ;
#8571 = VECTOR ( 'NONE', #2332, 1000.000000000000000 ) ;
#8572 = VERTEX_POINT ( 'NONE', #1546 ) ;
#8573 = CARTESIAN_POINT ( 'NONE',  ( 6.499999999999286793, 0.000000000000000000, -84.66964398456981655 ) ) ;
#8574 = LINE ( 'NONE', #10343, #9697 ) ;
#8575 = ADVANCED_FACE ( 'NONE', ( #7932 ), #1665, .F. ) ;
#8576 = ORIENTED_EDGE ( 'NONE', *, *, #10626, .T. ) ;
#8577 = EDGE_CURVE ( 'NONE', #1151, #9891, #4230, .T. ) ;
#8578 = CARTESIAN_POINT ( 'NONE',  ( 338.5000000000000000, 0.000000000000000000, -33.16282088253234406 ) ) ;
#8579 = AXIS2_PLACEMENT_3D ( 'NONE', #2995, #3792, #11516 ) ;
#8580 = ORIENTED_EDGE ( 'NONE', *, *, #5385, .T. ) ;
#8581 = CARTESIAN_POINT ( 'NONE',  ( 342.6250000000000000, -2.000000000000000000, -85.15000000000000568 ) ) ;
#8582 = ORIENTED_EDGE ( 'NONE', *, *, #502, .T. ) ;
#8583 = CARTESIAN_POINT ( 'NONE',  ( 344.3682749175401341, -1.955208733304997004, -85.14166666666666572 ) ) ;
#8584 = DIRECTION ( 'NONE',  ( -0.000000000000000000, -1.000000000000000000, -0.000000000000000000 ) ) ;
#8585 = ORIENTED_EDGE ( 'NONE', *, *, #9017, .F. ) ;
#8586 = VECTOR ( 'NONE', #10518, 1000.000000000000000 ) ;
#8587 = AXIS2_PLACEMENT_3D ( 'NONE', #11765, #6148, #8947 ) ;
#8588 = LINE ( 'NONE', #1161, #5800 ) ;
#8589 = CARTESIAN_POINT ( 'NONE',  ( 344.4499167105995525, -1.596363320006271680, -259.2320493847971079 ) ) ;
#8590 = DIRECTION ( 'NONE',  ( -1.000000000000000000, 0.000000000000000000, 0.000000000000000000 ) ) ;
#8591 = ADVANCED_FACE ( 'NONE', ( #8970 ), #437, .F. ) ;
#8592 = ORIENTED_EDGE ( 'NONE', *, *, #660, .F. ) ;
#8593 = CARTESIAN_POINT ( 'NONE',  ( 425.9999999999999432, 0.000000000000000000, -85.00000000000002842 ) ) ;
#8594 = FACE_OUTER_BOUND ( 'NONE', #7050, .T. ) ;
#8595 = EDGE_LOOP ( 'NONE', ( #2183, #1746, #7924, #10883 ) ) ;
#8596 = LINE ( 'NONE', #3006, #6613 ) ;
#8597 = DIRECTION ( 'NONE',  ( -1.000000000000000000, -1.722632009336720063E-16, 7.400880780937477100E-16 ) ) ;
#8598 = EDGE_CURVE ( 'NONE', #4101, #4741, #11602, .T. ) ;
#8599 = DIRECTION ( 'NONE',  ( 0.000000000000000000, 0.000000000000000000, 1.000000000000000000 ) ) ;
#8600 = EDGE_CURVE ( 'NONE', #6924, #11006, #6054, .T. ) ;
#8601 = FACE_OUTER_BOUND ( 'NONE', #5173, .T. ) ;
#8602 = VECTOR ( 'NONE', #11978, 1000.000000000000000 ) ;
#8603 = VECTOR ( 'NONE', #10798, 1000.000000000000000 ) ;
#8604 = ORIENTED_EDGE ( 'NONE', *, *, #1250, .T. ) ;
#8605 = ORIENTED_EDGE ( 'NONE', *, *, #3841, .T. ) ;
#8606 = DIRECTION ( 'NONE',  ( -1.445076253180192051E-16, -1.000000000000000000, 2.553512956637819811E-15 ) ) ;
#8607 = VERTEX_POINT ( 'NONE', #6961 ) ;
#8608 = CARTESIAN_POINT ( 'NONE',  ( 266.6723182195912614, 0.000000000000000000, -190.1763372145972824 ) ) ;
#8609 = FILL_AREA_STYLE ('',( #11310 ) ) ;
#8610 = EDGE_LOOP ( 'NONE', ( #10581, #1562, #10271, #8258 ) ) ;
#8611 = VECTOR ( 'NONE', #2315, 1000.000000000000000 ) ;
#8612 = DIRECTION ( 'NONE',  ( -1.167520497023887139E-16, -1.000000000000000000, 2.886579864025370323E-15 ) ) ;
#8613 = CARTESIAN_POINT ( 'NONE',  ( 0.9699999999999986411, 2.140667967656273429, -0.2325411859420839500 ) ) ;
#8614 = CARTESIAN_POINT ( 'NONE',  ( 2.450949999999951778, -1.825087419202175987, -0.7658558616864541424 ) ) ;
#8615 = ADVANCED_FACE ( 'NONE', ( #498 ), #1484, .F. ) ;
#8616 = CARTESIAN_POINT ( 'NONE',  ( 338.9999999999999432, 0.000000000000000000, -179.2174660514637310 ) ) ;
#8617 = FACE_OUTER_BOUND ( 'NONE', #6089, .T. ) ;
#8618 = ORIENTED_EDGE ( 'NONE', *, *, #7758, .F. ) ;
#8619 = CARTESIAN_POINT ( 'NONE',  ( 167.0000000000000000, -1.500000000000000000, -242.2174660514637310 ) ) ;
#8620 = ADVANCED_FACE ( 'NONE', ( #9265 ), #3926, .F. ) ;
#8621 = ORIENTED_EDGE ( 'NONE', *, *, #11072, .F. ) ;
#8622 = FACE_OUTER_BOUND ( 'NONE', #4833, .T. ) ;
#8623 = ORIENTED_EDGE ( 'NONE', *, *, #1095, .T. ) ;
#8624 = ORIENTED_EDGE ( 'NONE', *, *, #9110, .F. ) ;
#8625 = CARTESIAN_POINT ( 'NONE',  ( 2.450950000000007289, -0.1043506507306113384, 2.173161927247376113 ) ) ;
#8626 = CARTESIAN_POINT ( 'NONE',  ( 0.9699999999999986411, 2.219308366003591715, -0.01856281503796741728 ) ) ;
#8627 = FACE_OUTER_BOUND ( 'NONE', #11349, .T. ) ;
#8628 = EDGE_CURVE ( 'NONE', #6563, #142, #5685, .T. ) ;
#8629 = ORIENTED_EDGE ( 'NONE', *, *, #2283, .T. ) ;
#8630 = DIRECTION ( 'NONE',  ( 0.000000000000000000, 5.505339963068690462E-16, 1.000000000000000000 ) ) ;
#8631 = CARTESIAN_POINT ( 'NONE',  ( 0.9699999999999986411, 2.502365463612932217, -0.4324412773112490394 ) ) ;
#8632 = ORIENTED_EDGE ( 'NONE', *, *, #5916, .T. ) ;
#8633 = DIRECTION ( 'NONE',  ( -0.000000000000000000, 1.000000000000000000, -0.000000000000000000 ) ) ;
#8634 = ORIENTED_EDGE ( 'NONE', *, *, #7759, .F. ) ;
#8635 = CARTESIAN_POINT ( 'NONE',  ( 336.1545311035279724, 0.000000000000000000, -208.4456223450676475 ) ) ;
#8636 = AXIS2_PLACEMENT_3D ( 'NONE', #10239, #10112, #10923 ) ;
#8637 = CARTESIAN_POINT ( 'NONE',  ( 344.4791157624106290, -4.376892387809220238E-16, -85.10208370892161156 ) ) ;
#8638 = VECTOR ( 'NONE', #11, 1000.000000000000114 ) ;
#8639 = EDGE_LOOP ( 'NONE', ( #4512, #7614, #517, #11622 ) ) ;
#8640 = EDGE_CURVE ( 'NONE', #2292, #6790, #11176, .T. ) ;
#8641 = DIRECTION ( 'NONE',  ( -0.000000000000000000, -1.000000000000000000, -0.000000000000000000 ) ) ;
#8642 = EDGE_CURVE ( 'NONE', #8505, #4901, #4681, .T. ) ;
#8643 = CARTESIAN_POINT ( 'NONE',  ( 308.4999999999998863, 0.000000000000000000, -253.2174660514637310 ) ) ;
#8644 = CARTESIAN_POINT ( 'NONE',  ( 344.2500000000000000, 0.01499999999999956750, -259.2174660514637026 ) ) ;
#8645 = PLANE ( 'NONE',  #9304 ) ;
#8646 = AXIS2_PLACEMENT_3D ( 'NONE', #10935, #1793, #3692 ) ;
#8647 = PLANE ( 'NONE',  #732 ) ;
#8648 = LINE ( 'NONE', #2330, #3025 ) ;
#8649 = ORIENTED_EDGE ( 'NONE', *, *, #8894, .T. ) ;
#8650 = EDGE_CURVE ( 'NONE', #9228, #7956, #11296, .T. ) ;
#8651 = CARTESIAN_POINT ( 'NONE',  ( 341.0000000000000000, -2.000000000000000000, -259.2674660514637139 ) ) ;
#8652 = VECTOR ( 'NONE', #2510, 1000.000000000000000 ) ;
#8653 = CARTESIAN_POINT ( 'NONE',  ( 0.9843342201064364527, 2.422424264911654745, 0.01740461005371451986 ) ) ;
#8654 = EDGE_CURVE ( 'NONE', #6859, #9600, #9506, .T. ) ;
#8655 = CARTESIAN_POINT ( 'NONE',  ( 2.469999999999888729, 0.06360232754346051287, 2.517800735127605272 ) ) ;
#8656 = DIRECTION ( 'NONE',  ( 6.845769268624692740E-16, -5.551115123125739315E-16, -1.000000000000000000 ) ) ;
#8657 = FACE_BOUND ( 'NONE', #2698, .T. ) ;
#8658 = ORIENTED_EDGE ( 'NONE', *, *, #2067, .T. ) ;
#8660 = VERTEX_POINT ( 'NONE', #11357 ) ;
#8659 = VECTOR ( 'NONE', #2993, 1000.000000000000000 ) ;
#8661 = EDGE_CURVE ( 'NONE', #4544, #12048, #1848, .T. ) ;
#8662 = DIRECTION ( 'NONE',  ( -1.387778780781445182E-16, -0.000000000000000000, -1.000000000000000000 ) ) ;
#8663 = ORIENTED_EDGE ( 'NONE', *, *, #9242, .F. ) ;
#8664 = CARTESIAN_POINT ( 'NONE',  ( 246.6723182195912898, 0.000000000000000000, -190.1763372145972539 ) ) ;
#8665 = CARTESIAN_POINT ( 'NONE',  ( 163.5000000000000284, -0.000000000000000000, -259.9674660514636457 ) ) ;
#8666 = ORIENTED_EDGE ( 'NONE', *, *, #4874, .F. ) ;
#8667 = LINE ( 'NONE', #315, #8050 ) ;
#8668 = FACE_OUTER_BOUND ( 'NONE', #11547, .T. ) ;
#8669 = CARTESIAN_POINT ( 'NONE',  ( 210.8265096880607814, 0.000000000000000000, -208.4456223450676475 ) ) ;
#8670 = EDGE_CURVE ( 'NONE', #10733, #3700, #119, .T. ) ;
#8671 = CARTESIAN_POINT ( 'NONE',  ( 501.9999999999998863, -1.500000000000001332, -85.00000000000002842 ) ) ;
#8672 = VECTOR ( 'NONE', #7901, 1000.000000000000000 ) ;
#8673 = VERTEX_POINT ( 'NONE', #7501 ) ;
#8674 = DIRECTION ( 'NONE',  ( -1.142289708722712923E-17, 0.9502094961207547819, 0.3116117993304191036 ) ) ;
#8675 = ORIENTED_EDGE ( 'NONE', *, *, #10669, .F. ) ;
#8676 = EDGE_CURVE ( 'NONE', #7835, #7287, #936, .T. ) ;
#8677 = DIRECTION ( 'NONE',  ( -1.000000000000000000, 0.000000000000000000, -0.000000000000000000 ) ) ;
#8678 = ORIENTED_EDGE ( 'NONE', *, *, #9338, .T. ) ;
#8679 = EDGE_CURVE ( 'NONE', #6160, #7655, #7676, .T. ) ;
#8680 = ORIENTED_EDGE ( 'NONE', *, *, #5060, .T. ) ;
#8681 = AXIS2_PLACEMENT_3D ( 'NONE', #4426, #703, #11076 ) ;
#8682 = DIRECTION ( 'NONE',  ( -0.000000000000000000, -1.000000000000000000, -0.000000000000000000 ) ) ;
#8683 = CARTESIAN_POINT ( 'NONE',  ( 0.9699999999999986411, 2.473698157314324853, -0.4537679110707681929 ) ) ;
#8684 = PRODUCT_RELATED_PRODUCT_CATEGORY ( 'part', '', ( #1501 ) ) ;
#8685 = ORIENTED_EDGE ( 'NONE', *, *, #12033, .T. ) ;
#8686 = LINE ( 'NONE', #6865, #9288 ) ;
#8687 = VECTOR ( 'NONE', #3920, 1000.000000000000000 ) ;
#8688 = ORIENTED_EDGE ( 'NONE', *, *, #1164, .F. ) ;
#8689 = DIRECTION ( 'NONE',  ( 0.000000000000000000, 0.000000000000000000, -1.000000000000000000 ) ) ;
#8690 = ADVANCED_FACE ( 'NONE', ( #9328 ), #11414, .T. ) ;
#8691 = VERTEX_POINT ( 'NONE', #6599 ) ;
#8692 = PLANE ( 'NONE',  #10344 ) ;
#8693 = ORIENTED_EDGE ( 'NONE', *, *, #3327, .T. ) ;
#8694 = AXIS2_PLACEMENT_3D ( 'NONE', #2273, #4389, #10670 ) ;
#8695 = AXIS2_PLACEMENT_3D ( 'NONE', #3545, #5092, #1716 ) ;
#8696 = CARTESIAN_POINT ( 'NONE',  ( 344.5000000000000000, -1.782724923474893863, -85.12708333333334565 ) ) ;
#8697 = ORIENTED_EDGE ( 'NONE', *, *, #9016, .T. ) ;
#8698 = FACE_OUTER_BOUND ( 'NONE', #3149, .T. ) ;
#8699 = FACE_OUTER_BOUND ( 'NONE', #829, .T. ) ;
#8700 = ORIENTED_EDGE ( 'NONE', *, *, #536, .T. ) ;
#8701 = CARTESIAN_POINT ( 'NONE',  ( 165.9999999999999432, 0.000000000000000000, -329.2174660514637594 ) ) ;
#8702 = CARTESIAN_POINT ( 'NONE',  ( 162.5209255356757581, -3.500000000000000888, -85.14791666666668846 ) ) ;
#8703 = DIRECTION ( 'NONE',  ( 0.000000000000000000, 0.000000000000000000, 1.000000000000000000 ) ) ;
#8704 = AXIS2_PLACEMENT_3D ( 'NONE', #6140, #4261, #1334 ) ;
#8705 = AXIS2_PLACEMENT_3D ( 'NONE', #7493, #1964, #2884 ) ;
#8706 = EDGE_CURVE ( 'NONE', #11850, #6563, #10305, .T. ) ;
#8707 = FACE_OUTER_BOUND ( 'NONE', #4359, .T. ) ;
#8708 = CARTESIAN_POINT ( 'NONE',  ( 0.9700000000000541522, 2.414157720176640431, 0.2626768769259379965 ) ) ;
#8709 = DIRECTION ( 'NONE',  ( -1.000000000000000000, -2.000187765493021278E-16, 7.400880780937300593E-16 ) ) ;
#8710 = EDGE_LOOP ( 'NONE', ( #9249, #7707, #7190, #10124 ) ) ;
#8711 = AXIS2_PLACEMENT_3D ( 'NONE', #8097, #7187, #11432 ) ;
#8712 = AXIS2_PLACEMENT_3D ( 'NONE', #10930, #9760, #11728 ) ;
#8713 = LINE ( 'NONE', #7976, #6630 ) ;
#8714 = APPLICATION_PROTOCOL_DEFINITION ( 'draft international standard', 'automotive_design', 1998, #5797 ) ;
#8715 = DIRECTION ( 'NONE',  ( -0.000000000000000000, -0.000000000000000000, 1.000000000000000000 ) ) ;
#8716 = CIRCLE ( 'NONE', #3687, 2.637500000000020606 ) ;
#8717 = EDGE_LOOP ( 'NONE', ( #5423, #958 ) ) ;
#8718 = AXIS2_PLACEMENT_3D ( 'NONE', #6393, #9317, #9252 ) ;
#8719 = ORIENTED_EDGE ( 'NONE', *, *, #10941, .T. ) ;
#8720 = ADVANCED_FACE ( 'NONE', ( #4837 ), #8359, .F. ) ;
#8721 = DIRECTION ( 'NONE',  ( -1.000000000000000000, 0.000000000000000000, -0.000000000000000000 ) ) ;
#8722 = ORIENTED_EDGE ( 'NONE', *, *, #1502, .T. ) ;
#8723 = CARTESIAN_POINT ( 'NONE',  ( 81.00000000000000000, -1.500000000000001332, -259.2174660514637026 ) ) ;
#8724 = DIRECTION ( 'NONE',  ( 1.445076253180178246E-16, 1.000000000000000000, -5.551115123125738329E-16 ) ) ;
#8725 = ORIENTED_EDGE ( 'NONE', *, *, #6132, .F. ) ;
#8726 =( NAMED_UNIT ( * ) PLANE_ANGLE_UNIT ( ) SI_UNIT ( $, .RADIAN. ) );
#8727 = CARTESIAN_POINT ( 'NONE',  ( 0.9843342201064919639, 2.400816861523324963, 0.2534304449036267615 ) ) ;
#8728 = DIRECTION ( 'NONE',  ( -1.000000000000000000, -0.000000000000000000, -0.000000000000000000 ) ) ;
#8729 = AXIS2_PLACEMENT_3D ( 'NONE', #1187, #3074, #9399 ) ;
#8730 = LINE ( 'NONE', #376, #9915 ) ;
#8731 = PLANE ( 'NONE',  #1193 ) ;
#8732 = ORIENTED_EDGE ( 'NONE', *, *, #9124, .F. ) ;
#8733 = ORIENTED_EDGE ( 'NONE', *, *, #3091, .F. ) ;
#8734 = ADVANCED_FACE ( 'NONE', ( #9446 ), #7456, .F. ) ;
#8735 = FACE_OUTER_BOUND ( 'NONE', #7883, .T. ) ;
#8736 = ORIENTED_EDGE ( 'NONE', *, *, #10337, .F. ) ;
#8737 = VECTOR ( 'NONE', #9985, 1000.000000000000000 ) ;
#8738 = EDGE_LOOP ( 'NONE', ( #6800, #2312, #10495, #5499 ) ) ;
#8739 = CARTESIAN_POINT ( 'NONE',  ( 487.0000000000000000, 0.000000000000000000, -85.00000000000002842 ) ) ;
#8740 = CARTESIAN_POINT ( 'NONE',  ( 108.0308911515353856, -1.224646799147346644E-18, -56.46518781845741586 ) ) ;
#8741 = CARTESIAN_POINT ( 'NONE',  ( 2.470000000000027729, -2.192195559948734385, -1.053329161976146455 ) ) ;
#8742 = ORIENTED_EDGE ( 'NONE', *, *, #1956, .T. ) ;
#8743 = EDGE_CURVE ( 'NONE', #9626, #3153, #3007, .T. ) ;
#8744 = PLANE ( 'NONE',  #4431 ) ;
#8745 = VECTOR ( 'NONE', #11571, 1000.000000000000000 ) ;
#8746 = EDGE_CURVE ( 'NONE', #5313, #9286, #2396, .T. ) ;
#8747 = ORIENTED_EDGE ( 'NONE', *, *, #2328, .T. ) ;
#8748 = ORIENTED_EDGE ( 'NONE', *, *, #7974, .F. ) ;
#8749 = LINE ( 'NONE', #394, #9257 ) ;
#8750 = EDGE_LOOP ( 'NONE', ( #686, #4604, #9365, #11167 ) ) ;
#8751 = CARTESIAN_POINT ( 'NONE',  ( 168.4999999999999147, -1.500000000000000000, -33.16282088253234406 ) ) ;
#8753 = ORIENTED_EDGE ( 'NONE', *, *, #4874, .T. ) ;
#8752 = VECTOR ( 'NONE', #9619, 1000.000000000000000 ) ;
#8754 = CARTESIAN_POINT ( 'NONE',  ( 344.2500000000000000, -3.500000000000000000, -85.15000000000000568 ) ) ;
#8755 = VERTEX_POINT ( 'NONE', #5069 ) ;
#8756 = PLANE ( 'NONE',  #9527 ) ;
#8757 = CARTESIAN_POINT ( 'NONE',  ( 161.8611124996453157, -3.292232975445231968, -259.2591327181303313 ) ) ;
#8758 = EDGE_CURVE ( 'NONE', #3403, #9630, #8766, .T. ) ;
#8759 = CARTESIAN_POINT ( 'NONE',  ( 345.6614119768328806, -2.834674960755705353, -259.2528827181303654 ) ) ;
#8760 = CARTESIAN_POINT ( 'NONE',  ( 301.9999999999999432, 0.000000000000000000, -233.2174660514637310 ) ) ;
#8761 = AXIS2_PLACEMENT_3D ( 'NONE', #917, #7427, #2938 ) ;
#8762 = DIRECTION ( 'NONE',  ( 0.000000000000000000, 0.000000000000000000, 1.000000000000000000 ) ) ;
#8763 = CARTESIAN_POINT ( 'NONE',  ( 1.234999999999986109, -1.387778780781445676E-13, 2.636779683484746784E-13 ) ) ;
#8764 = DIRECTION ( 'NONE',  ( -1.000000000000000000, -2.000187765493021278E-16, 7.400880780937300593E-16 ) ) ;
#8765 = EDGE_LOOP ( 'NONE', ( #2132, #5719, #10398, #2340 ) ) ;
#8766 = LINE ( 'NONE', #11470, #11113 ) ;
#8767 = DIRECTION ( 'NONE',  ( 0.000000000000000000, 0.000000000000000000, -1.000000000000000000 ) ) ;
#8768 = EDGE_CURVE ( 'NONE', #1438, #3957, #8713, .T. ) ;
#8769 = CARTESIAN_POINT ( 'NONE',  ( 108.0308911515353856, -1.500000000000000000, -54.35518781845740932 ) ) ;
#8770 = AXIS2_PLACEMENT_3D ( 'NONE', #4255, #3210, #3396 ) ;
#8771 = EDGE_LOOP ( 'NONE', ( #9608, #7053, #4671, #2452 ) ) ;
#8772 = EDGE_LOOP ( 'NONE', ( #8248, #7279, #7860, #5958 ) ) ;
#8773 = CARTESIAN_POINT ( 'NONE',  ( 500.4999999999998295, -1.500000000000001332, -58.27983018403566717 ) ) ;
#8774 = ORIENTED_EDGE ( 'NONE', *, *, #11878, .F. ) ;
#8775 = FACE_OUTER_BOUND ( 'NONE', #6726, .T. ) ;
#8776 = DIRECTION ( 'NONE',  ( -6.845769268624693726E-16, 5.551115123125739315E-16, 1.000000000000000000 ) ) ;
#8777 = VERTEX_POINT ( 'NONE', #8653 ) ;
#8778 = CARTESIAN_POINT ( 'NONE',  ( 344.2500000000000000, -1.500000000000000444, -259.2174660514637026 ) ) ;
#8779 = FACE_OUTER_BOUND ( 'NONE', #7767, .T. ) ;
#8780 = CARTESIAN_POINT ( 'NONE',  ( 0.9843342201064364527, 2.503720345612137077, -0.4482944105899250298 ) ) ;
#8781 = CARTESIAN_POINT ( 'NONE',  ( 161.3505830258032745, -0.6745432400438988729, -259.2320493847969942 ) ) ;
#8783 = ORIENTED_EDGE ( 'NONE', *, *, #2002, .F. ) ;
#8782 = VECTOR ( 'NONE', #6547, 1000.000000000000000 ) ;
#8784 = AXIS2_PLACEMENT_3D ( 'NONE', #8182, #11917, #10994 ) ;
#8785 = DIRECTION ( 'NONE',  ( 0.000000000000000000, 0.000000000000000000, -1.000000000000000000 ) ) ;
#8786 = FACE_OUTER_BOUND ( 'NONE', #11107, .T. ) ;
#8787 = EDGE_CURVE ( 'NONE', #228, #6864, #9738, .T. ) ;
#8788 = EDGE_CURVE ( 'NONE', #10585, #7730, #10668, .T. ) ;
#8789 = PLANE ( 'NONE',  #7548 ) ;
#8790 = VERTEX_POINT ( 'NONE', #3228 ) ;
#8791 = CARTESIAN_POINT ( 'NONE',  ( 0.9843342201064364527, 2.483238627135203380, -0.4477264981799095045 ) ) ;
#8792 = DIRECTION ( 'NONE',  ( 0.000000000000000000, -1.000000000000000000, 0.000000000000000000 ) ) ;
#8793 = AXIS2_PLACEMENT_3D ( 'NONE', #3090, #7586, #1939 ) ;
#8794 = VERTEX_POINT ( 'NONE', #10547 ) ;
#8795 = VERTEX_POINT ( 'NONE', #5130 ) ;
#8796 = FACE_OUTER_BOUND ( 'NONE', #7585, .T. ) ;
#8797 = CARTESIAN_POINT ( 'NONE',  ( 230.8265096880607530, -1.500000000000000000, -208.4456223450676475 ) ) ;
#8798 = ORIENTED_EDGE ( 'NONE', *, *, #8276, .F. ) ;
#8799 = EDGE_CURVE ( 'NONE', #9830, #5631, #8887, .T. ) ;
#8800 = CARTESIAN_POINT ( 'NONE',  ( 0.9700000000000541522, 2.262313893167195111, 0.1881129874340137231 ) ) ;
#8801 = VERTEX_POINT ( 'NONE', #4210 ) ;
#8802 = VECTOR ( 'NONE', #11053, 1000.000000000000000 ) ;
#8803 = ORIENTED_EDGE ( 'NONE', *, *, #2216, .T. ) ;
#8804 = DIRECTION ( 'NONE',  ( 1.000000000000000000, 2.000187765493021278E-16, -7.400880780937300593E-16 ) ) ;
#8805 = EDGE_LOOP ( 'NONE', ( #5988, #9360, #2061, #1997 ) ) ;
#8806 = ADVANCED_FACE ( 'NONE', ( #6096 ), #2212, .F. ) ;
#8807 = FACE_OUTER_BOUND ( 'NONE', #506, .T. ) ;
#8808 = ORIENTED_EDGE ( 'NONE', *, *, #9994, .F. ) ;
#8809 = EDGE_CURVE ( 'NONE', #3594, #228, #4039, .T. ) ;
#8810 = CARTESIAN_POINT ( 'NONE',  ( 344.3154369710898095, -1.506506830832921695, -85.10416666666667140 ) ) ;
#8811 = DIRECTION ( 'NONE',  ( -0.000000000000000000, 1.000000000000000000, -0.000000000000000000 ) ) ;
#8812 = EDGE_LOOP ( 'NONE', ( #2977, #1699, #11607, #4859 ) ) ;
#8813 = LINE ( 'NONE', #3344, #1359 ) ;
#8814 = EDGE_CURVE ( 'NONE', #4694, #7470, #10728, .T. ) ;
#8815 = CARTESIAN_POINT ( 'NONE',  ( 198.4999999999999432, 0.000000000000000000, -179.2174660514637310 ) ) ;
#8816 = DIRECTION ( 'NONE',  ( 6.814972098481683752E-16, 0.5611319948296271676, -0.8277263342304166382 ) ) ;
#8817 = DIRECTION ( 'NONE',  ( -7.400880780937299607E-16, -5.551115123125742273E-16, -1.000000000000000000 ) ) ;
#8818 = EDGE_LOOP ( 'NONE', ( #9123, #11453, #10092, #4937 ) ) ;
#8819 = FACE_OUTER_BOUND ( 'NONE', #8549, .T. ) ;
#8820 = VECTOR ( 'NONE', #743, 1000.000000000000000 ) ;
#8821 = CARTESIAN_POINT ( 'NONE',  ( 206.0000000000000284, 0.000000000000000000, -324.2174660514637594 ) ) ;
#8822 = EDGE_CURVE ( 'NONE', #153, #443, #6036, .T. ) ;
#8823 = LINE ( 'NONE', #11640, #9553 ) ;
#8824 = EDGE_CURVE ( 'NONE', #7234, #278, #5186, .T. ) ;
#8825 = LINE ( 'NONE', #3171, #84 ) ;
#8826 = ORIENTED_EDGE ( 'NONE', *, *, #10956, .T. ) ;
#8827 = CARTESIAN_POINT ( 'NONE',  ( 0.9699999999999986411, 2.189010124965001580, -0.2087363466107827747 ) ) ;
#8828 = EDGE_CURVE ( 'NONE', #7353, #11620, #6833, .T. ) ;
#8829 = CONTEXT_DEPENDENT_SHAPE_REPRESENTATION ( #3302, #9857 ) ;
#8830 = CARTESIAN_POINT ( 'NONE',  ( 343.5000000000000000, 0.000000000000000000, -259.2174660514637026 ) ) ;
#8831 = VECTOR ( 'NONE', #7988, 1000.000000000000000 ) ;
#8832 = DIRECTION ( 'NONE',  ( 0.000000000000000000, 0.000000000000000000, 1.000000000000000000 ) ) ;
#8833 = VECTOR ( 'NONE', #4483, 1000.000000000000000 ) ;
#8834 = ORIENTED_EDGE ( 'NONE', *, *, #4264, .T. ) ;
#8835 = DIRECTION ( 'NONE',  ( 0.000000000000000000, 0.000000000000000000, -1.000000000000000000 ) ) ;
#8836 = EDGE_CURVE ( 'NONE', #7117, #9088, #7909, .T. ) ;
#8837 = ORIENTED_EDGE ( 'NONE', *, *, #3103, .T. ) ;
#8838 = AXIS2_PLACEMENT_3D ( 'NONE', #11480, #4051, #3181 ) ;
#8839 = CARTESIAN_POINT ( 'NONE',  ( -53.00000000000000711, -1.500000000000000000, -53.00000000000000711 ) ) ;
#8840 = DIRECTION ( 'NONE',  ( -5.788261997329872229E-16, 0.5500539575626259836, 0.8351291180228915811 ) ) ;
#8841 = ORIENTED_EDGE ( 'NONE', *, *, #11503, .T. ) ;
#8842 = CARTESIAN_POINT ( 'NONE',  ( 344.3154498469498321, -1.500000000000000666, -259.2216327181303654 ) ) ;
#8843 = DIRECTION ( 'NONE',  ( -0.000000000000000000, 0.000000000000000000, 1.000000000000000000 ) ) ;
#8844 = DIRECTION ( 'NONE',  ( -1.000000000000000000, 0.000000000000000000, 0.000000000000000000 ) ) ;
#8845 = CARTESIAN_POINT ( 'NONE',  ( 162.2919412023713335, -3.454452184169553242, -259.2632993847971647 ) ) ;
#8846 = VERTEX_POINT ( 'NONE', #4096 ) ;
#8847 = DIRECTION ( 'NONE',  ( 1.000000000000000000, 2.000187765493021278E-16, -7.400880780937300593E-16 ) ) ;
#8848 = FACE_OUTER_BOUND ( 'NONE', #2742, .T. ) ;
#8849 = AXIS2_PLACEMENT_3D ( 'NONE', #1967, #10367, #11293 ) ;
#8850 = DIRECTION ( 'NONE',  ( -1.000000000000000000, -2.000187765493021278E-16, 7.400880780937300593E-16 ) ) ;
#8851 = ORIENTED_EDGE ( 'NONE', *, *, #3515, .T. ) ;
#8852 = PLANE ( 'NONE',  #1685 ) ;
#8853 = VERTEX_POINT ( 'NONE', #11645 ) ;
#8854 = EDGE_CURVE ( 'NONE', #1254, #8660, #5860, .T. ) ;
#8855 = ORIENTED_EDGE ( 'NONE', *, *, #8650, .F. ) ;
#8856 = LINE ( 'NONE', #4241, #10399 ) ;
#8857 = PLANE ( 'NONE',  #611 ) ;
#8858 = VECTOR ( 'NONE', #373, 999.9999999999998863 ) ;
#8859 = CARTESIAN_POINT ( 'NONE',  ( 0.9699999999999986411, 2.125255814197979376, -0.07459528143360927288 ) ) ;
#8860 = CARTESIAN_POINT ( 'NONE',  ( 2.470000000000027729, -1.857789974495566154, -0.7092133743810125068 ) ) ;
#8861 = ORIENTED_EDGE ( 'NONE', *, *, #5088, .F. ) ;
#8862 = AXIS2_PLACEMENT_3D ( 'NONE', #3654, #11879, #9243 ) ;
#8863 = ORIENTED_EDGE ( 'NONE', *, *, #6113, .T. ) ;
#8864 = FACE_OUTER_BOUND ( 'NONE', #3115, .T. ) ;
#8865 = ORIENTED_EDGE ( 'NONE', *, *, #7540, .T. ) ;
#8866 = EDGE_CURVE ( 'NONE', #287, #6134, #544, .T. ) ;
#8867 = ORIENTED_EDGE ( 'NONE', *, *, #11878, .T. ) ;
#8868 = ADVANCED_FACE ( 'NONE', ( #11527 ), #10490, .F. ) ;
#8869 = DIRECTION ( 'NONE',  ( 7.579809933602500181E-16, 0.2948001005894973492, -0.9555589467387254343 ) ) ;
#8870 = ORIENTED_EDGE ( 'NONE', *, *, #7727, .T. ) ;
#8871 = CARTESIAN_POINT ( 'NONE',  ( 344.4552087333050281, -1.868274917540105884, -85.13333333333333997 ) ) ;
#8872 = ORIENTED_EDGE ( 'NONE', *, *, #6481, .F. ) ;
#8873 = LINE ( 'NONE', #6083, #6031 ) ;
#8874 = VECTOR ( 'NONE', #2544, 1000.000000000000000 ) ;
#8875 = ORIENTED_EDGE ( 'NONE', *, *, #5278, .T. ) ;
#8876 = CARTESIAN_POINT ( 'NONE',  ( 20.00000000000001421, 0.000000000000000000, -85.00000000000002842 ) ) ;
#8877 = DIRECTION ( 'NONE',  ( -0.000000000000000000, 1.000000000000000000, -0.000000000000000000 ) ) ;
#8878 = ORIENTED_EDGE ( 'NONE', *, *, #4497, .F. ) ;
#8879 = FACE_OUTER_BOUND ( 'NONE', #1074, .T. ) ;
#8880 = VECTOR ( 'NONE', #2030, 1000.000000000000000 ) ;
#8881 = EDGE_CURVE ( 'NONE', #11724, #11040, #5977, .T. ) ;
#8882 = LINE ( 'NONE', #8946, #3082 ) ;
#8883 = FACE_OUTER_BOUND ( 'NONE', #7269, .T. ) ;
#8884 = DIRECTION ( 'NONE',  ( 1.000000000000000000, 2.000187765493021278E-16, -7.400880780937300593E-16 ) ) ;
#8885 = ORIENTED_EDGE ( 'NONE', *, *, #9189, .T. ) ;
#8886 = LINE ( 'NONE', #5487, #1552 ) ;
#8887 = LINE ( 'NONE', #359, #382 ) ;
#8888 = CARTESIAN_POINT ( 'NONE',  ( 243.4999999999999716, 0.000000000000000000, -181.7174660514637310 ) ) ;
#8889 = VECTOR ( 'NONE', #9845, 1000.000000000000000 ) ;
#8890 = VECTOR ( 'NONE', #4334, 1000.000000000000000 ) ;
#8891 = CARTESIAN_POINT ( 'NONE',  ( 2.469999999999972218, -1.700440880330583715, -0.9817499999996426308 ) ) ;
#8892 = DIRECTION ( 'NONE',  ( 0.000000000000000000, 0.000000000000000000, 1.000000000000000000 ) ) ;
#8893 = EDGE_CURVE ( 'NONE', #6929, #2886, #5488, .T. ) ;
#8894 = EDGE_CURVE ( 'NONE', #11802, #8465, #9125, .T. ) ;
#8895 =( REPRESENTATION_RELATIONSHIP ('NONE','NONE', #3530, #6159 ) REPRESENTATION_RELATIONSHIP_WITH_TRANSFORMATION ( #2455 )SHAPE_REPRESENTATION_RELATIONSHIP( ) );
#8896 = VERTEX_POINT ( 'NONE', #8093 ) ;
#8897 = EDGE_LOOP ( 'NONE', ( #3518, #1255, #9832, #5983 ) ) ;
#8898 = CARTESIAN_POINT ( 'NONE',  ( 162.6195033353091617, -1.526943274097546599, -85.10833333333336270 ) ) ;
#8899 = AXIS2_PLACEMENT_3D ( 'NONE', #6620, #4796, #9348 ) ;
#8900 = VECTOR ( 'NONE', #4889, 1000.000000000000000 ) ;
#8901 = CARTESIAN_POINT ( 'NONE',  ( 8.499999999999285905, 0.000000000000000000, -80.66964398456984497 ) ) ;
#8902 = LINE ( 'NONE', #5196, #7622 ) ;
#8903 = ORIENTED_EDGE ( 'NONE', *, *, #3410, .F. ) ;
#8904 = DIRECTION ( 'NONE',  ( 3.957937637253830343E-16, -0.7693267868930248055, -0.6388554570236169017 ) ) ;
#8905 = FACE_BOUND ( 'NONE', #489, .T. ) ;
#8906 = CARTESIAN_POINT ( 'NONE',  ( 243.4999999999999716, 0.000000000000000000, -215.2174660514637594 ) ) ;
#8907 = EDGE_LOOP ( 'NONE', ( #8140, #9511, #8213, #8118, #7890 ) ) ;
#8908 = CARTESIAN_POINT ( 'NONE',  ( 0.000000000000000000, 0.000000000000000000, 0.000000000000000000 ) ) ;
#8909 = LINE ( 'NONE', #10747, #11699 ) ;
#8910 = ADVANCED_FACE ( 'NONE', ( #7067 ), #11034, .F. ) ;
#8911 = CIRCLE ( 'NONE', #8712, 2.000000000000001776 ) ;
#8912 = LINE ( 'NONE', #1425, #3274 ) ;
#8913 = ORIENTED_EDGE ( 'NONE', *, *, #7506, .T. ) ;
#8914 = DIRECTION ( 'NONE',  ( 0.000000000000000000, 1.000000000000000000, 0.000000000000000000 ) ) ;
#8915 = ORIENTED_EDGE ( 'NONE', *, *, #9865, .T. ) ;
#8916 = DIRECTION ( 'NONE',  ( -0.000000000000000000, -1.000000000000000000, -0.000000000000000000 ) ) ;
#8917 = DIRECTION ( 'NONE',  ( -0.000000000000000000, -1.000000000000000000, -0.000000000000000000 ) ) ;
#8918 = AXIS2_PLACEMENT_3D ( 'NONE', #7550, #1275, #11347 ) ;
#8919 = CARTESIAN_POINT ( 'NONE',  ( 2.450949999999840756, -0.1043506507302505160, 2.417505155565546904 ) ) ;
#8920 = PLANE ( 'NONE',  #11156 ) ;
#8921 = ORIENTED_EDGE ( 'NONE', *, *, #4179, .T. ) ;
#8922 = CARTESIAN_POINT ( 'NONE',  ( 162.5269432740975617, -1.880496664690820552, -259.2507993847970056 ) ) ;
#8923 = ADVANCED_FACE ( 'NONE', ( #8215 ), #793, .F. ) ;
#8924 = VECTOR ( 'NONE', #10150, 1000.000000000000000 ) ;
#8925 = ORIENTED_EDGE ( 'NONE', *, *, #7028, .F. ) ;
#8926 = VERTEX_POINT ( 'NONE', #10910 ) ;
#8927 = LINE ( 'NONE', #8013, #4609 ) ;
#8928 = VERTEX_POINT ( 'NONE', #2626 ) ;
#8929 = ORIENTED_EDGE ( 'NONE', *, *, #97, .F. ) ;
#8930 = CARTESIAN_POINT ( 'NONE',  ( 198.4999999999999432, 0.000000000000000000, -179.2174660514637310 ) ) ;
#8931 = ORIENTED_EDGE ( 'NONE', *, *, #5772, .T. ) ;
#8932 = CARTESIAN_POINT ( 'NONE',  ( 181.9999999999999716, -1.500000000000000000, -179.2174660514637310 ) ) ;
#8933 = CARTESIAN_POINT ( 'NONE',  ( 496.4999999999998295, 0.000000000000000000, -58.27983018403566717 ) ) ;
#8934 = VERTEX_POINT ( 'NONE', #854 ) ;
#8935 = AXIS2_PLACEMENT_3D ( 'NONE', #8170, #3681, #7377 ) ;
#8936 = PLANE ( 'NONE',  #9905 ) ;
#8937 = VERTEX_POINT ( 'NONE', #10849 ) ;
#8938 = CARTESIAN_POINT ( 'NONE',  ( 2.470000000000027729, 2.026937716003429646, -1.424233142190645118 ) ) ;
#8939 = EDGE_CURVE ( 'NONE', #5283, #1503, #10099, .T. ) ;
#8940 = CARTESIAN_POINT ( 'NONE',  ( 344.3114714906417362, -1.978737483115553974, -259.2632993847970511 ) ) ;
#8941 = EDGE_CURVE ( 'NONE', #4856, #6352, #11952, .T. ) ;
#8942 = LINE ( 'NONE', #5177, #4652 ) ;
#8943 = ORIENTED_EDGE ( 'NONE', *, *, #8423, .T. ) ;
#8944 = DIRECTION ( 'NONE',  ( -0.000000000000000000, -0.000000000000000000, 1.000000000000000000 ) ) ;
#8945 = VECTOR ( 'NONE', #10506, 1000.000000000000000 ) ;
#8946 = CARTESIAN_POINT ( 'NONE',  ( 2.470000000000055707, 2.133761685484680815, -1.138599379414545476 ) ) ;
#8947 = DIRECTION ( 'NONE',  ( 6.845769268624693726E-16, -5.551115123125739315E-16, -1.000000000000000000 ) ) ;
#8948 = LINE ( 'NONE', #11822, #11200 ) ;
#8949 = ORIENTED_EDGE ( 'NONE', *, *, #3556, .F. ) ;
#8950 = CARTESIAN_POINT ( 'NONE',  ( 207.5000000000000000, 0.000000000000000000, -179.2174660514637310 ) ) ;
#8951 = CARTESIAN_POINT ( 'NONE',  ( 288.0000000000000568, 0.000000000000000000, -194.2174660514637594 ) ) ;
#8952 = CONTEXT_DEPENDENT_SHAPE_REPRESENTATION ( #11007, #3358 ) ;
#8953 = AXIS2_PLACEMENT_3D ( 'NONE', #181, #7441, #1111 ) ;
#8954 = PLANE ( 'NONE',  #5619 ) ;
#8955 = DIRECTION ( 'NONE',  ( 7.544538134627805428E-16, 0.1089854748730416656, -0.9940433422475589698 ) ) ;
#8956 = EDGE_CURVE ( 'NONE', #4628, #8200, #6153, .T. ) ;
#8957 = LINE ( 'NONE', #670, #4070 ) ;
#8958 = ORIENTED_EDGE ( 'NONE', *, *, #6750, .T. ) ;
#8959 = EDGE_LOOP ( 'NONE', ( #9291, #5530, #10419, #5954 ) ) ;
#8960 = CARTESIAN_POINT ( 'NONE',  ( 0.9699999999999986411, 2.463272841927099943, -0.4324412773113461839 ) ) ;
#8961 = VECTOR ( 'NONE', #2232, 1000.000000000000000 ) ;
#8962 = CARTESIAN_POINT ( 'NONE',  ( 0.9843342201064919639, 1.975537752030132044, -0.3268890226827969592 ) ) ;
#8963 = ADVANCED_FACE ( 'NONE', ( #7242 ), #3509, .F. ) ;
#8964 = ORIENTED_EDGE ( 'NONE', *, *, #6086, .F. ) ;
#8965 = ADVANCED_FACE ( 'NONE', ( #3479 ), #9068, .F. ) ;
#8966 = CARTESIAN_POINT ( 'NONE',  ( 243.4999999999999716, 0.000000000000000000, -215.2174660514637594 ) ) ;
#8967 = LINE ( 'NONE', #4343, #9046 ) ;
#8968 = DIRECTION ( 'NONE',  ( -1.000000000000000000, -2.000187765493021278E-16, 7.400880780937300593E-16 ) ) ;
#8969 = DIRECTION ( 'NONE',  ( 0.000000000000000000, 0.000000000000000000, 1.000000000000000000 ) ) ;
#8970 = FACE_OUTER_BOUND ( 'NONE', #11479, .T. ) ;
#8971 = CARTESIAN_POINT ( 'NONE',  ( 8.499999999999285905, -2.449293598294707770E-17, -84.66964398456981655 ) ) ;
#8972 = VECTOR ( 'NONE', #7143, 1000.000000000000000 ) ;
#8973 = CARTESIAN_POINT ( 'NONE',  ( 0.9843342201064364527, 2.251583295995729372, 0.1996458709049714342 ) ) ;
#8974 = ORIENTED_EDGE ( 'NONE', *, *, #7429, .T. ) ;
#8975 = PLANE ( 'NONE',  #6936 ) ;
#8976 = ORIENTED_EDGE ( 'NONE', *, *, #5634, .F. ) ;
#8977 = CARTESIAN_POINT ( 'NONE',  ( 181.5000000000000284, -1.500000000000000000, -321.0174660514637708 ) ) ;
#8978 = DIRECTION ( 'NONE',  ( 6.845769268624693726E-16, -5.551115123125739315E-16, -1.000000000000000000 ) ) ;
#8979 = AXIS2_PLACEMENT_3D ( 'NONE', #8253, #8195, #10012 ) ;
#8980 = EDGE_CURVE ( 'NONE', #1302, #2886, #9858, .T. ) ;
#8981 = DIRECTION ( 'NONE',  ( 0.000000000000000000, 0.000000000000000000, 1.000000000000000000 ) ) ;
#8982 = CARTESIAN_POINT ( 'NONE',  ( 2.470000000000027729, -2.008307592792912821, -1.371832463991251583 ) ) ;
#8983 = EDGE_CURVE ( 'NONE', #2796, #6624, #10967, .T. ) ;
#8984 = FILL_AREA_STYLE_COLOUR ( '', #10465 ) ;
#8985 = CARTESIAN_POINT ( 'NONE',  ( 0.9843342201064364527, 2.418473753850236552, 0.2696685361246731194 ) ) ;
#8986 = VECTOR ( 'NONE', #11595, 1000.000000000000000 ) ;
#8987 = ORIENTED_EDGE ( 'NONE', *, *, #4865, .F. ) ;
#8988 = EDGE_LOOP ( 'NONE', ( #9045, #11950, #5291, #18 ) ) ;
#8989 = LINE ( 'NONE', #4491, #6751 ) ;
#8990 = VERTEX_POINT ( 'NONE', #1527 ) ;
#8991 = DIRECTION ( 'NONE',  ( 0.000000000000000000, 0.000000000000000000, -1.000000000000000000 ) ) ;
#8992 = ORIENTED_EDGE ( 'NONE', *, *, #8983, .F. ) ;
#8993 = EDGE_CURVE ( 'NONE', #5109, #3957, #6831, .T. ) ;
#8994 = SURFACE_STYLE_USAGE ( .BOTH. , #6195 ) ;
#8995 = DIRECTION ( 'NONE',  ( -1.387778780781446464E-15, 0.000000000000000000, -1.000000000000000000 ) ) ;
#8996 = VERTEX_POINT ( 'NONE', #5788 ) ;
#8997 = VECTOR ( 'NONE', #2921, 1000.000000000000000 ) ;
#8998 = DIRECTION ( 'NONE',  ( 0.000000000000000000, 0.000000000000000000, 1.000000000000000000 ) ) ;
#8999 = ORIENTED_EDGE ( 'NONE', *, *, #3997, .F. ) ;
#9000 = CARTESIAN_POINT ( 'NONE',  ( 5.000000000000004441, -3.500000000000000000, -3.375000000000000000 ) ) ;
#9001 = CARTESIAN_POINT ( 'NONE',  ( 344.2807473117516679, -1.984850000000000225, -259.2653823440422229 ) ) ;
#9002 = CARTESIAN_POINT ( 'NONE',  ( 2.450949999999924245, -0.2359217314835959645, 2.517800735127875722 ) ) ;
#9003 = VERTEX_POINT ( 'NONE', #4765 ) ;
#9004 = DIRECTION ( 'NONE',  ( -0.000000000000000000, 1.000000000000000000, -0.000000000000000000 ) ) ;
#9005 = EDGE_CURVE ( 'NONE', #2519, #386, #3731, .T. ) ;
#9006 = FACE_OUTER_BOUND ( 'NONE', #8765, .T. ) ;
#9007 = EDGE_LOOP ( 'NONE', ( #5434, #4890, #7950, #3963 ) ) ;
#9008 = CARTESIAN_POINT ( 'NONE',  ( 0.9700000000000541522, 2.324442703374090868, 0.3948905628676988022 ) ) ;
#9009 = PRESENTATION_STYLE_ASSIGNMENT (( #11768 ) ) ;
#9010 = FACE_OUTER_BOUND ( 'NONE', #8812, .T. ) ;
#9011 = CARTESIAN_POINT ( 'NONE',  ( 206.0000000000000284, -1.500000000000001332, -324.2174660514637594 ) ) ;
#9012 = CARTESIAN_POINT ( 'NONE',  ( 0.9843342201064364527, 2.418816341711011120, 0.2702983817564619251 ) ) ;
#9013 = ORIENTED_EDGE ( 'NONE', *, *, #9479, .T. ) ;
#9014 = EDGE_LOOP ( 'NONE', ( #10434, #9275, #3932, #8091 ) ) ;
#9015 = LINE ( 'NONE', #8224, #7129 ) ;
#9016 = EDGE_CURVE ( 'NONE', #8896, #4763, #8345, .T. ) ;
#9017 = EDGE_CURVE ( 'NONE', #2994, #5254, #3664, .T. ) ;
#9018 = CARTESIAN_POINT ( 'NONE',  ( 243.4999999999999716, -1.500000000000000000, -181.7174660514637310 ) ) ;
#9019 = ORIENTED_EDGE ( 'NONE', *, *, #295, .T. ) ;
#9020 = DIRECTION ( 'NONE',  ( 1.000000000000000000, 8.673617379884412646E-17, 0.000000000000000000 ) ) ;
#9021 = FACE_BOUND ( 'NONE', #4515, .T. ) ;
#9022 = AXIS2_PLACEMENT_3D ( 'NONE', #5500, #1781, #1906 ) ;
#9023 = CARTESIAN_POINT ( 'NONE',  ( 0.9700000000000541522, 2.300047294175100454, 0.1574800423556066420 ) ) ;
#9024 = VECTOR ( 'NONE', #6903, 1000.000000000000000 ) ;
#9025 = CARTESIAN_POINT ( 'NONE',  ( 344.2500000000000000, -2.000000000000000000, -85.15000000000000568 ) ) ;
#9026 = CARTESIAN_POINT ( 'NONE',  ( 301.6665948878440986, 0.000000000000000000, -208.4456223450676475 ) ) ;
#9027 = LINE ( 'NONE', #6233, #7155 ) ;
#9028 = EDGE_CURVE ( 'NONE', #4535, #1106, #1957, .T. ) ;
#9029 = VERTEX_POINT ( 'NONE', #1831 ) ;
#9030 = AXIS2_PLACEMENT_3D ( 'NONE', #4221, #3239, #1291 ) ;
#9031 = CARTESIAN_POINT ( 'NONE',  ( 344.2500000000000000, -1.500000000000000444, -259.2174660514637026 ) ) ;
#9032 = ORIENTED_EDGE ( 'NONE', *, *, #5978, .F. ) ;
#9033 = EDGE_CURVE ( 'NONE', #4094, #9588, #9494, .T. ) ;
#9034 = DIRECTION ( 'NONE',  ( 0.000000000000000000, 0.000000000000000000, 1.000000000000000000 ) ) ;
#9035 = CARTESIAN_POINT ( 'NONE',  ( 168.4999999999999147, 0.000000000000000000, -33.16282088253234406 ) ) ;
#9036 = CARTESIAN_POINT ( 'NONE',  ( 0.9700000000000541522, 2.368266714505629089, 0.2891414307972656195 ) ) ;
#9037 = AXIS2_PLACEMENT_3D ( 'NONE', #2887, #3802, #178 ) ;
#9038 = ORIENTED_EDGE ( 'NONE', *, *, #10818, .T. ) ;
#9039 = PRESENTATION_STYLE_ASSIGNMENT (( #11005 ) ) ;
#9040 = EDGE_CURVE ( 'NONE', #7956, #11006, #10163, .T. ) ;
#9041 = EDGE_CURVE ( 'NONE', #11683, #8266, #1160, .T. ) ;
#9042 = ORIENTED_EDGE ( 'NONE', *, *, #965, .T. ) ;
#9043 = ORIENTED_EDGE ( 'NONE', *, *, #10245, .F. ) ;
#9044 = PLANE ( 'NONE',  #7321 ) ;
#9045 = ORIENTED_EDGE ( 'NONE', *, *, #5344, .F. ) ;
#9046 = VECTOR ( 'NONE', #11485, 1000.000000000000000 ) ;
#9047 = EDGE_CURVE ( 'NONE', #2519, #5343, #6455, .T. ) ;
#9048 = CARTESIAN_POINT ( 'NONE',  ( 0.9843342201064364527, 2.357842869644382944, 0.2479398652344699805 ) ) ;
#9049 = ORIENTED_EDGE ( 'NONE', *, *, #7232, .T. ) ;
#9050 = LINE ( 'NONE', #8137, #6735 ) ;
#9051 = CARTESIAN_POINT ( 'NONE',  ( 0.9843342201064364527, 2.331064604498611637, 0.2959619118668155302 ) ) ;
#9052 = VERTEX_POINT ( 'NONE', #7546 ) ;
#9053 = ORIENTED_EDGE ( 'NONE', *, *, #8893, .F. ) ;
#9054 = CARTESIAN_POINT ( 'NONE',  ( 162.6845630289102189, -1.506506830832921251, -259.2216327181303086 ) ) ;
#9055 = VECTOR ( 'NONE', #7101, 1000.000000000000000 ) ;
#9056 = CARTESIAN_POINT ( 'NONE',  ( 344.4552087333050281, -1.631725082459895004, -259.2341327181304109 ) ) ;
#9057 = PLANE ( 'NONE',  #8544 ) ;
#9058 = ADVANCED_FACE ( 'NONE', ( #11284 ), #9251, .F. ) ;
#9059 = ORIENTED_EDGE ( 'NONE', *, *, #3736, .F. ) ;
#9060 = DIRECTION ( 'NONE',  ( 1.505080776930061409E-16, 0.9999670694423009598, -0.008115419334607694435 ) ) ;
#9061 = DIRECTION ( 'NONE',  ( -1.445076253180192051E-16, -1.000000000000000000, 2.553512956637819811E-15 ) ) ;
#9062 = PLANE ( 'NONE',  #2767 ) ;
#9063 = EDGE_LOOP ( 'NONE', ( #8400, #1721, #10078, #5938 ) ) ;
#9064 = VECTOR ( 'NONE', #6857, 1000.000000000000000 ) ;
#9065 = DIRECTION ( 'NONE',  ( 0.7071067811865474617, 0.000000000000000000, 0.7071067811865474617 ) ) ;
#9066 = VERTEX_POINT ( 'NONE', #10357 ) ;
#9067 = DIRECTION ( 'NONE',  ( 6.845769268624693726E-16, -5.551115123125739315E-16, -1.000000000000000000 ) ) ;
#9068 = PLANE ( 'NONE',  #7196 ) ;
#9069 = DIRECTION ( 'NONE',  ( -0.000000000000000000, 1.000000000000000000, -0.000000000000000000 ) ) ;
#9070 = LINE ( 'NONE', #10969, #9276 ) ;
#9071 = PLANE ( 'NONE',  #5027 ) ;
#9072 = EDGE_CURVE ( 'NONE', #1779, #3266, #6645, .T. ) ;
#9073 = AXIS2_PLACEMENT_3D ( 'NONE', #816, #629, #2591 ) ;
#9074 = VERTEX_POINT ( 'NONE', #12074 ) ;
#9075 = ORIENTED_EDGE ( 'NONE', *, *, #8397, .F. ) ;
#9076 = CARTESIAN_POINT ( 'NONE',  ( 2.450950000000035267, 2.133761685484652837, -1.138599379414545476 ) ) ;
#9077 = CARTESIAN_POINT ( 'NONE',  ( 321.9999999999999432, 0.000000000000000000, -179.2174660514637310 ) ) ;
#9078 = FACE_OUTER_BOUND ( 'NONE', #6045, .T. ) ;
#9079 = ORIENTED_EDGE ( 'NONE', *, *, #5578, .F. ) ;
#9080 = AXIS2_PLACEMENT_3D ( 'NONE', #6214, #8094, #667 ) ;
#9081 = AXIS2_PLACEMENT_3D ( 'NONE', #6142, #1576, #1635 ) ;
#9082 = FACE_OUTER_BOUND ( 'NONE', #3765, .T. ) ;
#9083 = CARTESIAN_POINT ( 'NONE',  ( 2.469999999999805684, 0.03232682635370687230, 2.345481331187900143 ) ) ;
#9084 = CARTESIAN_POINT ( 'NONE',  ( 496.4999999999998295, -2.449293598294707770E-17, -58.27983018403566717 ) ) ;
#9085 = CARTESIAN_POINT ( 'NONE',  ( 2.450950000000062801, -1.848407460854489814, -1.067178545096830744 ) ) ;
#9086 = EDGE_CURVE ( 'NONE', #4535, #2361, #11162, .T. ) ;
#9087 = AXIS2_PLACEMENT_3D ( 'NONE', #391, #11740, #6976 ) ;
#9088 = VERTEX_POINT ( 'NONE', #6516 ) ;
#9089 = CARTESIAN_POINT ( 'NONE',  ( 162.5208842375895131, -4.008369786718104686E-18, -85.10208370892162577 ) ) ;
#9090 = VERTEX_POINT ( 'NONE', #10226 ) ;
#9091 = DIRECTION ( 'NONE',  ( -0.000000000000000000, -1.000000000000000000, -0.000000000000000000 ) ) ;
#9092 = DIRECTION ( 'NONE',  ( -0.000000000000000000, -0.000000000000000000, 1.000000000000000000 ) ) ;
#9093 = LINE ( 'NONE', #1799, #10401 ) ;
#9094 = VECTOR ( 'NONE', #2399, 999.9999999999998863 ) ;
#9095 = DIRECTION ( 'NONE',  ( -6.845769268624692740E-16, 5.551115123125739315E-16, 1.000000000000000000 ) ) ;
#9096 = AXIS2_PLACEMENT_3D ( 'NONE', #10052, #4663, #11121 ) ;
#9097 = SURFACE_SIDE_STYLE ('',( #12047 ) ) ;
#9098 = EDGE_CURVE ( 'NONE', #1213, #9834, #1892, .T. ) ;
#9099 = ORIENTED_EDGE ( 'NONE', *, *, #4971, .T. ) ;
#9100 = CARTESIAN_POINT ( 'NONE',  ( 0.9700000000000541522, 2.366975201274018836, 0.1403087934058744324 ) ) ;
#9101 = CARTESIAN_POINT ( 'NONE',  ( 0.9700000000000541522, 2.395313954424410419, 0.1425796205553053753 ) ) ;
#9102 = ORIENTED_EDGE ( 'NONE', *, *, #9449, .T. ) ;
#9103 = AXIS2_PLACEMENT_3D ( 'NONE', #2388, #11634, #9730 ) ;
#9104 = VERTEX_POINT ( 'NONE', #980 ) ;
#9105 = LINE ( 'NONE', #2797, #5678 ) ;
#9106 = DIRECTION ( 'NONE',  ( -1.000000000000000000, -2.000187765493021278E-16, 7.400880780937300593E-16 ) ) ;
#9107 = DIRECTION ( 'NONE',  ( 0.000000000000000000, 5.645018411551103535E-16, 1.000000000000000000 ) ) ;
#9108 = ORIENTED_EDGE ( 'NONE', *, *, #10218, .F. ) ;
#9109 = ADVANCED_FACE ( 'NONE', ( #11343 ), #8408, .F. ) ;
#9110 = EDGE_CURVE ( 'NONE', #455, #10965, #5846, .T. ) ;
#9111 = ORIENTED_EDGE ( 'NONE', *, *, #7977, .F. ) ;
#9112 = CARTESIAN_POINT ( 'NONE',  ( 162.6845630289102189, -1.993493169167078971, -259.2632993847970511 ) ) ;
#9113 = AXIS2_PLACEMENT_3D ( 'NONE', #2105, #3020, #4966 ) ;
#9114 = LINE ( 'NONE', #715, #6794 ) ;
#9115 = VERTEX_POINT ( 'NONE', #6763 ) ;
#9116 = CARTESIAN_POINT ( 'NONE',  ( 2.450950000000035267, 1.866851484836312691, -1.145035237124516936 ) ) ;
#9117 = VERTEX_POINT ( 'NONE', #1218 ) ;
#9118 = PLANE ( 'NONE',  #7734 ) ;
#9119 = DIRECTION ( 'NONE',  ( -0.000000000000000000, -0.000000000000000000, 1.000000000000000000 ) ) ;
#9121 = ORIENTED_EDGE ( 'NONE', *, *, #10987, .T. ) ;
#9120 = VECTOR ( 'NONE', #2034, 1000.000000000000114 ) ;
#9122 = CARTESIAN_POINT ( 'NONE',  ( 0.9700000000000279510, -1.390940443400534449E-13, 3.175000000000250289 ) ) ;
#9123 = ORIENTED_EDGE ( 'NONE', *, *, #11981, .T. ) ;
#9124 = EDGE_CURVE ( 'NONE', #8318, #4856, #11402, .T. ) ;
#9125 = LINE ( 'NONE', #8951, #1567 ) ;
#9126 = DIRECTION ( 'NONE',  ( 0.000000000000000000, 0.000000000000000000, -1.000000000000000000 ) ) ;
#9127 = CARTESIAN_POINT ( 'NONE',  ( 161.6745432400439313, -0.3505830258031847890, -85.11041666666670835 ) ) ;
#9128 = PLANE ( 'NONE',  #8536 ) ;
#9129 = VECTOR ( 'NONE', #9607, 1000.000000000000000 ) ;
#9130 = ORIENTED_EDGE ( 'NONE', *, *, #9960, .T. ) ;
#9131 = DIRECTION ( 'NONE',  ( 1.000000000000000000, 3.110410790118177818E-16, -7.400880780937398214E-16 ) ) ;
#9132 = CARTESIAN_POINT ( 'NONE',  ( 0.9843342201063809416, 2.492117772841445422, -0.4551746698942260583 ) ) ;
#9133 = DIRECTION ( 'NONE',  ( 0.000000000000000000, 0.000000000000000000, -1.000000000000000000 ) ) ;
#9134 = ORIENTED_EDGE ( 'NONE', *, *, #2699, .F. ) ;
#9135 = VECTOR ( 'NONE', #7794, 1000.000000000000000 ) ;
#9136 = EDGE_CURVE ( 'NONE', #1426, #8660, #7722, .T. ) ;
#9137 = FACE_BOUND ( 'NONE', #8537, .T. ) ;
#9138 = CARTESIAN_POINT ( 'NONE',  ( 0.9843342201064364527, 2.125255814197618776, 0.2850196258058629306 ) ) ;
#9139 = DIRECTION ( 'NONE',  ( -5.632329301163381972E-16, 0.05371555010096586841, 0.9985562776715946054 ) ) ;
#9140 = FACE_BOUND ( 'NONE', #6699, .T. ) ;
#9141 = CARTESIAN_POINT ( 'NONE',  ( 338.5000000000000568, 0.000000000000000000, -139.7028208825323645 ) ) ;
#9142 = CARTESIAN_POINT ( 'NONE',  ( 0.9700000000000541522, 2.376531825819094834, 0.1404954249514256404 ) ) ;
#9143 = VECTOR ( 'NONE', #6552, 1000.000000000000000 ) ;
#9144 = ORIENTED_EDGE ( 'NONE', *, *, #4046, .T. ) ;
#9145 = DIRECTION ( 'NONE',  ( 9.561467977824831532E-16, 2.220446049250319490E-16, -1.000000000000000000 ) ) ;
#9146 = ORIENTED_EDGE ( 'NONE', *, *, #4525, .F. ) ;
#9147 = CARTESIAN_POINT ( 'NONE',  ( 0.000000000000000000, -0.000000000000000000, -259.9674660514636457 ) ) ;
#9148 = EDGE_CURVE ( 'NONE', #6629, #9104, #8008, .T. ) ;
#9149 = PLANE ( 'NONE',  #9170 ) ;
#9150 = ADVANCED_FACE ( 'NONE', ( #638 ), #2258, .T. ) ;
#9151 = DIRECTION ( 'NONE',  ( -6.845769268624693726E-16, 5.551115123125739315E-16, 1.000000000000000000 ) ) ;
#9152 = DIRECTION ( 'NONE',  ( -1.000000000000000000, -0.000000000000000000, -0.000000000000000000 ) ) ;
#9153 = VECTOR ( 'NONE', #3786, 1000.000000000000000 ) ;
#9154 = DIRECTION ( 'NONE',  ( 6.036596741689403522E-16, 0.6811833507215914185, -0.7321128619958164885 ) ) ;
#9155 = ORIENTED_EDGE ( 'NONE', *, *, #8367, .T. ) ;
#9156 = LINE ( 'NONE', #3636, #7733 ) ;
#9157 = DIRECTION ( 'NONE',  ( 6.468959180425695233E-16, 0.2959104772547865303, -0.9552156769289564808 ) ) ;
#9158 = ORIENTED_EDGE ( 'NONE', *, *, #4355, .T. ) ;
#9159 = CARTESIAN_POINT ( 'NONE',  ( 338.5000000000000000, 0.000000000000000000, -31.05282088253234107 ) ) ;
#9160 = CARTESIAN_POINT ( 'NONE',  ( 344.7080587976287234, -3.454452184169553242, -85.14583333333337123 ) ) ;
#9161 = CIRCLE ( 'NONE', #11909, 2.110000000000000764 ) ;
#9162 = ORIENTED_EDGE ( 'NONE', *, *, #11044, .T. ) ;
#9163 = EDGE_LOOP ( 'NONE', ( #6063, #11555, #2633, #4346 ) ) ;
#9164 = CARTESIAN_POINT ( 'NONE',  ( 0.9699999999999986411, 2.523629592551174028, 0.1250508761553026371 ) ) ;
#9165 = EDGE_CURVE ( 'NONE', #3718, #2796, #2199, .T. ) ;
#9166 = ADVANCED_FACE ( 'NONE', ( #8699 ), #7663, .F. ) ;
#9167 = LINE ( 'NONE', #4965, #10610 ) ;
#9168 = EDGE_LOOP ( 'NONE', ( #1942, #8447, #784, #5073 ) ) ;
#9169 = ORIENTED_EDGE ( 'NONE', *, *, #7268, .T. ) ;
#9170 = AXIS2_PLACEMENT_3D ( 'NONE', #4480, #7392, #6356 ) ;
#9171 = VECTOR ( 'NONE', #131, 1000.000000000000000 ) ;
#9172 = CARTESIAN_POINT ( 'NONE',  ( 162.5447912666950572, -1.631725082459894338, -259.2341327181303541 ) ) ;
#9173 = FACE_OUTER_BOUND ( 'NONE', #3787, .T. ) ;
#9174 = VERTEX_POINT ( 'NONE', #5055 ) ;
#9175 = EDGE_CURVE ( 'NONE', #5425, #5556, #4141, .T. ) ;
#9176 = DIRECTION ( 'NONE',  ( 1.000000000000000000, 0.000000000000000000, -0.000000000000000000 ) ) ;
#9177 = EDGE_CURVE ( 'NONE', #833, #6622, #7214, .T. ) ;
#9178 = ORIENTED_EDGE ( 'NONE', *, *, #6589, .T. ) ;
#9179 = DIRECTION ( 'NONE',  ( -5.450653880985232072E-16, 0.1293109790943751392, 0.9916040896878420829 ) ) ;
#9180 = CIRCLE ( 'NONE', #8793, 2.110000000000000764 ) ;
#9181 = EDGE_LOOP ( 'NONE', ( #725, #1215 ) ) ;
#9182 = EDGE_CURVE ( 'NONE', #8078, #3078, #9926, .T. ) ;
#9183 = CYLINDRICAL_SURFACE ( 'NONE', #3821, 0.2499999999999997780 ) ;
#9184 = EDGE_LOOP ( 'NONE', ( #5106, #1330, #815, #7819 ) ) ;
#9185 = DIRECTION ( 'NONE',  ( 0.000000000000000000, 0.000000000000000000, 1.000000000000000000 ) ) ;
#9186 = DIRECTION ( 'NONE',  ( 7.870191347401749298E-16, 0.1875609302838795178, -0.9822529701818395464 ) ) ;
#9187 = CARTESIAN_POINT ( 'NONE',  ( 161.2208738203800920, -0.8686667843509262577, -85.11666666666670267 ) ) ;
#9188 = DIRECTION ( 'NONE',  ( -0.7071067811865435759, 0.7071067811865515695, -1.862978718107982974E-15 ) ) ;
#9189 = EDGE_CURVE ( 'NONE', #3549, #477, #8309, .T. ) ;
#9190 = ADVANCED_FACE ( 'NONE', ( #6302 ), #1618, .F. ) ;
#9191 = CARTESIAN_POINT ( 'NONE',  ( 0.9843342201063809416, 2.483264967316822780, -0.4580349378334735988 ) ) ;
#9192 = VERTEX_POINT ( 'NONE', #3507 ) ;
#9193 = LINE ( 'NONE', #6060, #1701 ) ;
#9194 = CARTESIAN_POINT ( 'NONE',  ( 2.469999999999861195, -0.03601191218843835529, 2.417505155565887076 ) ) ;
#9195 = EDGE_LOOP ( 'NONE', ( #4954, #1812, #503, #4530 ) ) ;
#9196 = EDGE_CURVE ( 'NONE', #10572, #8139, #1864, .T. ) ;
#9197 = LINE ( 'NONE', #676, #8064 ) ;
#9198 = ORIENTED_EDGE ( 'NONE', *, *, #9716, .F. ) ;
#9199 = DIRECTION ( 'NONE',  ( 1.000000000000000000, 0.000000000000000000, 0.000000000000000000 ) ) ;
#9200 = LINE ( 'NONE', #2581, #4770 ) ;
#9201 = ORIENTED_EDGE ( 'NONE', *, *, #2900, .T. ) ;
#9202 = CARTESIAN_POINT ( 'NONE',  ( 206.5000000000000000, 0.000000000000000000, -234.2174660514637310 ) ) ;
#9203 = CARTESIAN_POINT ( 'NONE',  ( 2.470000000000027729, -2.131491219643871560, -1.343750381945146843 ) ) ;
#9204 = DIRECTION ( 'NONE',  ( 6.845769268624693726E-16, -5.551115123125739315E-16, -1.000000000000000000 ) ) ;
#9205 = LINE ( 'NONE', #5446, #5226 ) ;
#9206 = EDGE_CURVE ( 'NONE', #10073, #5134, #4677, .T. ) ;
#9207 = ORIENTED_EDGE ( 'NONE', *, *, #8304, .T. ) ;
#9208 = CARTESIAN_POINT ( 'NONE',  ( 1.624750000000008132, -1.387778780781445676E-13, 1.387778780781445676E-13 ) ) ;
#9209 = ORIENTED_EDGE ( 'NONE', *, *, #2205, .T. ) ;
#9210 = AXIS2_PLACEMENT_3D ( 'NONE', #9520, #1186, #4908 ) ;
#9211 = LINE ( 'NONE', #755, #2629 ) ;
#9212 = B_SPLINE_CURVE_WITH_KNOTS ( 'NONE', 3,
 ( #8778, #8842, #432, #3242, #1540, #11597, #5260, #9813, #11781, #6227 ),
 .UNSPECIFIED., .F., .F.,
 ( 4, 2, 2, 2, 4 ),
 ( 0.000000000000000000, 0.2500000000000000000, 0.5000000000000000000, 0.7500000000000000000, 1.000000000000000000 ),
 .UNSPECIFIED. ) ;
#9213 = AXIS2_PLACEMENT_3D ( 'NONE', #10324, #5640, #2170 ) ;
#9214 = CARTESIAN_POINT ( 'NONE',  ( 198.4999999999999432, 0.000000000000000000, -194.2174660514637310 ) ) ;
#9215 = LINE ( 'NONE', #2595, #11747 ) ;
#9216 = LINE ( 'NONE', #883, #10686 ) ;
#9217 = DIRECTION ( 'NONE',  ( -1.000000000000000000, -2.000187765493021278E-16, 7.400880780937300593E-16 ) ) ;
#9218 = DIRECTION ( 'NONE',  ( -0.000000000000000000, 1.000000000000000000, -0.000000000000000000 ) ) ;
#9219 = ORIENTED_EDGE ( 'NONE', *, *, #2965, .F. ) ;
#9220 = LINE ( 'NONE', #8312, #11644 ) ;
#9221 = DIRECTION ( 'NONE',  ( 6.845769268624692740E-16, -5.551115123125739315E-16, -1.000000000000000000 ) ) ;
#9222 = VECTOR ( 'NONE', #9998, 1000.000000000000000 ) ;
#9223 = CARTESIAN_POINT ( 'NONE',  ( 345.3254567599560687, -0.3505830258031853441, -259.2278827181304450 ) ) ;
#9224 = ADVANCED_FACE ( 'NONE', ( #8375 ), #3567, .F. ) ;
#9225 = ORIENTED_EDGE ( 'NONE', *, *, #3600, .T. ) ;
#9226 = FACE_OUTER_BOUND ( 'NONE', #12015, .T. ) ;
#9227 = DIRECTION ( 'NONE',  ( 7.014062513729522323E-16, 0.1400182091686649755, -0.9901489287481959334 ) ) ;
#9228 = VERTEX_POINT ( 'NONE', #6359 ) ;
#9229 = ORIENTED_EDGE ( 'NONE', *, *, #35, .T. ) ;
#9230 = LINE ( 'NONE', #9048, #4911 ) ;
#9231 = ORIENTED_EDGE ( 'NONE', *, *, #2465, .F. ) ;
#9232 = VECTOR ( 'NONE', #2394, 1000.000000000000000 ) ;
#9233 = CARTESIAN_POINT ( 'NONE',  ( 163.5000000000000284, -1.500000000000000000, -259.2174660514637026 ) ) ;
#9234 = CARTESIAN_POINT ( 'NONE',  ( 216.4999999999999716, -1.500000000000000000, -179.2174660514637310 ) ) ;
#9235 = ORIENTED_EDGE ( 'NONE', *, *, #6828, .F. ) ;
#9236 = EDGE_LOOP ( 'NONE', ( #5726, #4299, #621, #864, #9130, #9144, #5898, #3827, #799, #9590, #4991, #5091 ) ) ;
#9237 = CARTESIAN_POINT ( 'NONE',  ( 161.2208738203800920, -0.8686667843509169318, -259.2341327181303541 ) ) ;
#9238 = DIRECTION ( 'NONE',  ( -1.000000000000000000, -2.000187765493021278E-16, 7.400880780937300593E-16 ) ) ;
#9239 = EDGE_CURVE ( 'NONE', #2428, #4715, #7459, .T. ) ;
#9240 = VERTEX_POINT ( 'NONE', #8122 ) ;
#9241 =( GEOMETRIC_REPRESENTATION_CONTEXT ( 3 ) GLOBAL_UNCERTAINTY_ASSIGNED_CONTEXT ( ( #7098 ) ) GLOBAL_UNIT_ASSIGNED_CONTEXT ( ( #4433, #11992, #2920 ) ) REPRESENTATION_CONTEXT ( 'NONE', 'WORKASPACE' ) );
#9242 = EDGE_CURVE ( 'NONE', #972, #10300, #11982, .T. ) ;
#9243 = DIRECTION ( 'NONE',  ( -1.517883041479706208E-16, 0.000000000000000000, -1.000000000000000000 ) ) ;
#9244 = ORIENTED_EDGE ( 'NONE', *, *, #4215, .T. ) ;
#9245 = DIRECTION ( 'NONE',  ( 1.131409647180080362E-16, 0.9999881098214298270, 0.004876496258989318835 ) ) ;
#9246 = FACE_OUTER_BOUND ( 'NONE', #763, .T. ) ;
#9247 = ORIENTED_EDGE ( 'NONE', *, *, #8454, .T. ) ;
#9248 = DIRECTION ( 'NONE',  ( -0.000000000000000000, 0.000000000000000000, 1.000000000000000000 ) ) ;
#9249 = ORIENTED_EDGE ( 'NONE', *, *, #9799, .T. ) ;
#9250 = CARTESIAN_POINT ( 'NONE',  ( 2.469999999999972218, -0.1043506507305280717, 2.173161927247216241 ) ) ;
#9251 = PLANE ( 'NONE',  #8761 ) ;
#9252 = DIRECTION ( 'NONE',  ( -6.845769268624744016E-16, 9.436895709313777345E-16, 1.000000000000000000 ) ) ;
#9253 = FACE_OUTER_BOUND ( 'NONE', #4025, .T. ) ;
#9254 = CARTESIAN_POINT ( 'NONE',  ( 313.0000000000000000, 0.000000000000000000, -194.2174660514637310 ) ) ;
#9255 = ADVANCED_FACE ( 'NONE', ( #8617 ), #7636, .F. ) ;
#9256 = ORIENTED_EDGE ( 'NONE', *, *, #9148, .T. ) ;
#9257 = VECTOR ( 'NONE', #8804, 1000.000000000000000 ) ;
#9258 = PLANE ( 'NONE',  #3856 ) ;
#9259 = DIRECTION ( 'NONE',  ( -9.561467977657224227E-16, 5.551115123125740301E-16, 1.000000000000000000 ) ) ;
#9260 = ORIENTED_EDGE ( 'NONE', *, *, #32, .T. ) ;
#9261 = DIRECTION ( 'NONE',  ( 0.000000000000000000, 0.000000000000000000, 1.000000000000000000 ) ) ;
#9262 = VERTEX_POINT ( 'NONE', #262 ) ;
#9263 = DIRECTION ( 'NONE',  ( 1.000000000000000000, -0.000000000000000000, 0.000000000000000000 ) ) ;
#9264 = CARTESIAN_POINT ( 'NONE',  ( 305.0000000000000568, 0.000000000000000000, -179.2174660514637310 ) ) ;
#9265 = FACE_OUTER_BOUND ( 'NONE', #8959, .T. ) ;
#9266 = EDGE_CURVE ( 'NONE', #8199, #11659, #9463, .T. ) ;
#9267 = DIRECTION ( 'NONE',  ( 1.000000000000000000, 2.000187765493029413E-16, 6.845769268624692740E-16 ) ) ;
#9268 = EDGE_CURVE ( 'NONE', #9630, #7030, #321, .T. ) ;
#9269 = DIRECTION ( 'NONE',  ( -1.445076253180178246E-16, -1.000000000000000000, 5.551115123125738329E-16 ) ) ;
#9270 = VECTOR ( 'NONE', #8662, 1000.000000000000000 ) ;
#9271 = CARTESIAN_POINT ( 'NONE',  ( 0.9699999999999986411, 2.502417623771957533, -0.4328851709106545931 ) ) ;
#9272 = ORIENTED_EDGE ( 'NONE', *, *, #7165, .T. ) ;
#9273 = CARTESIAN_POINT ( 'NONE',  ( 162.6845630289102189, -1.506506830832921251, -85.10416666666668561 ) ) ;
#9274 = VECTOR ( 'NONE', #8715, 1000.000000000000000 ) ;
#9275 = ORIENTED_EDGE ( 'NONE', *, *, #3611, .F. ) ;
#9276 = VECTOR ( 'NONE', #733, 999.9999999999998863 ) ;
#9277 = PLANE ( 'NONE',  #10990 ) ;
#9278 = CARTESIAN_POINT ( 'NONE',  ( 5.000000000000004441, -3.500000000000000000, -5.000000000000000000 ) ) ;
#9279 = ORIENTED_EDGE ( 'NONE', *, *, #7843, .F. ) ;
#9280 = CARTESIAN_POINT ( 'NONE',  ( 313.0000000000000000, 0.000000000000000000, -233.2174660514637310 ) ) ;
#9281 = CARTESIAN_POINT ( 'NONE',  ( 0.9843342201063809416, 2.502365463612904684, -0.4324412773111796504 ) ) ;
#9282 = PLANE ( 'NONE',  #2596 ) ;
#9283 = ADVANCED_FACE ( 'NONE', ( #7515 ), #1129, .F. ) ;
#9284 = DIRECTION ( 'NONE',  ( 0.000000000000000000, 0.000000000000000000, 1.000000000000000000 ) ) ;
#9285 = DIRECTION ( 'NONE',  ( -2.073106433702512030E-16, 0.9090442707885098006, 0.4166995485317765424 ) ) ;
#9286 = VERTEX_POINT ( 'NONE', #4792 ) ;
#9287 = LINE ( 'NONE', #4000, #4061 ) ;
#9288 = VECTOR ( 'NONE', #5160, 1000.000000000000114 ) ;
#9289 = VECTOR ( 'NONE', #10484, 1000.000000000000000 ) ;
#9290 = FACE_OUTER_BOUND ( 'NONE', #6785, .T. ) ;
#9291 = ORIENTED_EDGE ( 'NONE', *, *, #919, .T. ) ;
#9292 = CARTESIAN_POINT ( 'NONE',  ( 345.9999999999999432, -1.520925535675744511, -85.12291666666666856 ) ) ;
#9293 = EDGE_LOOP ( 'NONE', ( #11593, #5113, #10349, #6980 ) ) ;
#9294 = ORIENTED_EDGE ( 'NONE', *, *, #11503, .F. ) ;
#9295 = DIRECTION ( 'NONE',  ( 1.000000000000000000, 0.000000000000000000, 0.000000000000000000 ) ) ;
#9296 =( GEOMETRIC_REPRESENTATION_CONTEXT ( 3 ) GLOBAL_UNCERTAINTY_ASSIGNED_CONTEXT ( ( #1014 ) ) GLOBAL_UNIT_ASSIGNED_CONTEXT ( ( #2600, #9892, #11071 ) ) REPRESENTATION_CONTEXT ( 'NONE', 'WORKASPACE' ) );
#9297 = VECTOR ( 'NONE', #7555, 1000.000000000000000 ) ;
#9298 = CYLINDRICAL_SURFACE ( 'NONE', #4537, 2.110000000000000764 ) ;
#9299 = ORIENTED_EDGE ( 'NONE', *, *, #11015, .T. ) ;
#9300 = EDGE_CURVE ( 'NONE', #5136, #5867, #1768, .T. ) ;
#9301 = ORIENTED_EDGE ( 'NONE', *, *, #8824, .F. ) ;
#9302 = CARTESIAN_POINT ( 'NONE',  ( 0.9843342201064364527, 2.477361680291723101, -0.4515068968898167112 ) ) ;
#9303 = PLANE ( 'NONE',  #1727 ) ;
#9304 = AXIS2_PLACEMENT_3D ( 'NONE', #5792, #9437, #3111 ) ;
#9305 = VECTOR ( 'NONE', #7382, 1000.000000000000000 ) ;
#9306 = ORIENTED_EDGE ( 'NONE', *, *, #8893, .T. ) ;
#9307 = DIRECTION ( 'NONE',  ( 0.000000000000000000, 0.000000000000000000, 1.000000000000000000 ) ) ;
#9308 = ORIENTED_EDGE ( 'NONE', *, *, #1590, .T. ) ;
#9309 = LINE ( 'NONE', #4511, #11132 ) ;
#9310 = ORIENTED_EDGE ( 'NONE', *, *, #9700, .F. ) ;
#9311 = CARTESIAN_POINT ( 'NONE',  ( 345.9690617743195844, -2.211985015894135653, -85.12916666666667709 ) ) ;
#9312 = ORIENTED_EDGE ( 'NONE', *, *, #7822, .F. ) ;
#9313 = VECTOR ( 'NONE', #8372, 1000.000000000000000 ) ;
#9314 = DIRECTION ( 'NONE',  ( -0.000000000000000000, -0.000000000000000000, 1.000000000000000000 ) ) ;
#9315 = DIRECTION ( 'NONE',  ( 5.290098081985867463E-16, 0.7693245073750122343, -0.6388582020700638298 ) ) ;
#9316 = ADVANCED_FACE ( 'NONE', ( #10326 ), #1992, .T. ) ;
#9317 = DIRECTION ( 'NONE',  ( 1.167520497023873827E-16, 1.000000000000000000, -9.436895709313777345E-16 ) ) ;
#9318 = DIRECTION ( 'NONE',  ( -0.000000000000000000, 1.000000000000000000, -0.000000000000000000 ) ) ;
#9319 = DIRECTION ( 'NONE',  ( -1.000000000000000000, 0.000000000000000000, 0.000000000000000000 ) ) ;
#9320 = AXIS2_PLACEMENT_3D ( 'NONE', #7908, #4273, #478 ) ;
#9321 = ORIENTED_EDGE ( 'NONE', *, *, #3144, .T. ) ;
#9322 = CARTESIAN_POINT ( 'NONE',  ( 207.5000000000000000, 0.000000000000000000, -179.2174660514637310 ) ) ;
#9323 = FACE_OUTER_BOUND ( 'NONE', #8513, .T. ) ;
#9324 = ORIENTED_EDGE ( 'NONE', *, *, #4074, .T. ) ;
#9325 = DIRECTION ( 'NONE',  ( 5.660447941780802497E-16, 0.6996406021111182261, -0.7144949460126306384 ) ) ;
#9326 = VERTEX_POINT ( 'NONE', #2108 ) ;
#9327 = CARTESIAN_POINT ( 'NONE',  ( 168.4999999999999716, -1.224646799147346644E-18, -252.5728208825323691 ) ) ;
#9328 = FACE_OUTER_BOUND ( 'NONE', #7337, .T. ) ;
#9329 = EDGE_CURVE ( 'NONE', #2096, #7492, #3135, .T. ) ;
#9330 = CARTESIAN_POINT ( 'NONE',  ( 0.000000000000000000, 4.163336342344337027E-13, 1.050000000000488098 ) ) ;
#9331 = AXIS2_PLACEMENT_3D ( 'NONE', #4086, #11628, #9663 ) ;
#9332 = FACE_BOUND ( 'NONE', #8738, .T. ) ;
#9333 = CARTESIAN_POINT ( 'NONE',  ( 0.9700000000000541522, 1.975537752030187555, 0.3268746884626805294 ) ) ;
#9334 = ORIENTED_EDGE ( 'NONE', *, *, #4134, .F. ) ;
#9335 = EDGE_CURVE ( 'NONE', #7558, #9240, #3077, .T. ) ;
#9336 = CARTESIAN_POINT ( 'NONE',  ( 162.5963633200063043, -1.550083289400455033, -85.11041666666670835 ) ) ;
#9337 = COLOUR_RGB ( '',1.000000000000000000, 0.5019607843137254832, 0.2509803921568627416 ) ;
#9338 = EDGE_CURVE ( 'NONE', #10316, #250, #1927, .T. ) ;
#9339 = ORIENTED_EDGE ( 'NONE', *, *, #6453, .F. ) ;
#9340 = CARTESIAN_POINT ( 'NONE',  ( 342.6250000000000000, -3.500000000000000000, -259.2674660514637139 ) ) ;
#9341 = ORIENTED_EDGE ( 'NONE', *, *, #5323, .F. ) ;
#9342 = CARTESIAN_POINT ( 'NONE',  ( 0.9699999999999986411, 2.422424264911737790, 0.03026883183826489798 ) ) ;
#9343 = LINE ( 'NONE', #6357, #3485 ) ;
#9344 = DIRECTION ( 'NONE',  ( -6.389032458023217278E-16, -0.6363211713181708973, 0.7714242457508521111 ) ) ;
#9345 = DIRECTION ( 'NONE',  ( -1.000000000000000000, -0.000000000000000000, -0.000000000000000000 ) ) ;
#9346 = DIRECTION ( 'NONE',  ( -1.000000000000000000, -0.000000000000000000, -0.000000000000000000 ) ) ;
#9347 = VERTEX_POINT ( 'NONE', #2413 ) ;
#9348 = DIRECTION ( 'NONE',  ( 0.000000000000000000, -1.000000000000000000, 0.000000000000000000 ) ) ;
#9349 = VECTOR ( 'NONE', #4994, 1000.000000000000000 ) ;
#9350 = ORIENTED_EDGE ( 'NONE', *, *, #5157, .T. ) ;
#9351 = DIRECTION ( 'NONE',  ( 0.000000000000000000, 0.000000000000000000, -1.000000000000000000 ) ) ;
#9352 = ORIENTED_EDGE ( 'NONE', *, *, #9557, .F. ) ;
#9353 = ADVANCED_FACE ( 'NONE', ( #8786 ), #10624, .F. ) ;
#9354 = ORIENTED_EDGE ( 'NONE', *, *, #5747, .F. ) ;
#9355 = PLANE ( 'NONE',  #11713 ) ;
#9356 = DIRECTION ( 'NONE',  ( 0.000000000000000000, -0.000000000000000000, -1.000000000000000000 ) ) ;
#9357 = CARTESIAN_POINT ( 'NONE',  ( 305.9999999999999432, 0.000000000000000000, -329.2174660514637594 ) ) ;
#9358 = EDGE_CURVE ( 'NONE', #4981, #4544, #9879, .T. ) ;
#9359 = VERTEX_POINT ( 'NONE', #7024 ) ;
#9360 = ORIENTED_EDGE ( 'NONE', *, *, #711, .F. ) ;
#9361 = LINE ( 'NONE', #5775, #4633 ) ;
#9362 = CARTESIAN_POINT ( 'NONE',  ( 0.9700000000000541522, 2.421942635116247633, 0.2887058138483639125 ) ) ;
#9363 = CARTESIAN_POINT ( 'NONE',  ( 0.9843342201064364527, 2.481543631422555851, -0.4551746698938236024 ) ) ;
#9364 = VECTOR ( 'NONE', #7343, 1000.000000000000000 ) ;
#9365 = ORIENTED_EDGE ( 'NONE', *, *, #8304, .F. ) ;
#9366 = CARTESIAN_POINT ( 'NONE',  ( 0.7275000000000447775, -2.205804983113068829E-13, 2.637500000000270184 ) ) ;
#9367 = EDGE_CURVE ( 'NONE', #6027, #10744, #8909, .T. ) ;
#9368 = ORIENTED_EDGE ( 'NONE', *, *, #631, .T. ) ;
#9369 = CARTESIAN_POINT ( 'NONE',  ( 0.9700000000000541522, 2.416638973676554780, 0.2657177383791342606 ) ) ;
#9370 = EDGE_LOOP ( 'NONE', ( #4412, #10494, #7959, #5614 ) ) ;
#9371 = CARTESIAN_POINT ( 'NONE',  ( 345.9690617743195844, -1.288014984105866567, -85.12083333333333712 ) ) ;
#9372 = DIRECTION ( 'NONE',  ( 4.619824724853955355E-16, 0.8660254037844390407, -0.4999999999999991673 ) ) ;
#9373 = ORIENTED_EDGE ( 'NONE', *, *, #8179, .T. ) ;
#9374 = VECTOR ( 'NONE', #7526, 1000.000000000000000 ) ;
#9375 = CARTESIAN_POINT ( 'NONE',  ( 185.5000000000000284, -9.797174393178824918E-17, -319.2174660514637026 ) ) ;
#9376 = FACE_OUTER_BOUND ( 'NONE', #11363, .T. ) ;
#9377 = CARTESIAN_POINT ( 'NONE',  ( 161.0455478158305027, -1.291941202371259312, -85.12083333333336554 ) ) ;
#9378 = CARTESIAN_POINT ( 'NONE',  ( 316.1545311035279724, 0.000000000000000000, -228.4456223450676475 ) ) ;
#9379 = ADVANCED_FACE ( 'NONE', ( #624 ), #8731, .F. ) ;
#9380 = EDGE_LOOP ( 'NONE', ( #10082, #5363, #4578, #8834 ) ) ;
#9381 = CARTESIAN_POINT ( 'NONE',  ( 5.000000000000004441, -1.500000000000000000, -1.750000000000000000 ) ) ;
#9382 = LINE ( 'NONE', #8352, #7902 ) ;
#9383 = ORIENTED_EDGE ( 'NONE', *, *, #7638, .T. ) ;
#9384 = CARTESIAN_POINT ( 'NONE',  ( 168.4999999999999716, -1.224646799147346644E-18, -248.3528208825323418 ) ) ;
#9385 = VERTEX_POINT ( 'NONE', #4293 ) ;
#9386 = DIRECTION ( 'NONE',  ( -0.000000000000000000, 1.000000000000000000, -0.000000000000000000 ) ) ;
#9387 = CARTESIAN_POINT ( 'NONE',  ( 344.3804966646908383, -1.526943274097547931, -85.10833333333334849 ) ) ;
#9388 = CARTESIAN_POINT ( 'NONE',  ( 300.9999999999999432, 0.000000000000000000, -264.2174660514637594 ) ) ;
#9389 = DIRECTION ( 'NONE',  ( 0.000000000000000000, 0.000000000000000000, 1.000000000000000000 ) ) ;
#9390 = VECTOR ( 'NONE', #5276, 1000.000000000000000 ) ;
#9391 = ADVANCED_FACE ( 'NONE', ( #3189 ), #7995, .F. ) ;
#9392 = VERTEX_POINT ( 'NONE', #5086 ) ;
#9393 = ADVANCED_FACE ( 'NONE', ( #11727 ), #2352, .F. ) ;
#9394 = CARTESIAN_POINT ( 'NONE',  ( 162.7500000000000284, -1.984850000000000225, -85.15000000000000568 ) ) ;
#9395 = ORIENTED_EDGE ( 'NONE', *, *, #11809, .F. ) ;
#9396 = CARTESIAN_POINT ( 'NONE',  ( 0.9699999999999986411, 2.473740657580960178, -0.4638064740327032531 ) ) ;
#9397 = LINE ( 'NONE', #2962, #9171 ) ;
#9398 = DIRECTION ( 'NONE',  ( 0.000000000000000000, 0.000000000000000000, -1.000000000000000000 ) ) ;
#9399 = DIRECTION ( 'NONE',  ( 0.000000000000000000, 0.000000000000000000, -1.000000000000000000 ) ) ;
#9400 = VECTOR ( 'NONE', #3430, 1000.000000000000000 ) ;
#9401 = CARTESIAN_POINT ( 'NONE',  ( 0.9699999999999986411, 2.523434647157873911, 0.2933406405774274806 ) ) ;
#9402 = DIRECTION ( 'NONE',  ( 1.000000000000000000, 0.000000000000000000, 0.000000000000000000 ) ) ;
#9403 = EDGE_LOOP ( 'NONE', ( #9444, #11601, #9686, #1441 ) ) ;
#9404 = PLANE ( 'NONE',  #4840 ) ;
#9405 = UNCERTAINTY_MEASURE_WITH_UNIT (LENGTH_MEASURE( 1.000000000000000082E-05 ), #7617, 'distance_accuracy_value', 'NONE');
#9406 = ORIENTED_EDGE ( 'NONE', *, *, #15, .T. ) ;
#9407 = EDGE_CURVE ( 'NONE', #12048, #960, #5025, .T. ) ;
#9408 = DIRECTION ( 'NONE',  ( -4.489966181392269624E-17, -0.9707037360529247039, -0.2402795388977053970 ) ) ;
#9409 = ORIENTED_EDGE ( 'NONE', *, *, #5949, .T. ) ;
#9410 = ORIENTED_EDGE ( 'NONE', *, *, #2867, .T. ) ;
#9411 = CARTESIAN_POINT ( 'NONE',  ( 0.9699999999999986411, 2.497005303495281048, -0.4475883723130680281 ) ) ;
#9412 = DIRECTION ( 'NONE',  ( 6.845769268624692740E-16, -5.551115123125739315E-16, -1.000000000000000000 ) ) ;
#9413 = CARTESIAN_POINT ( 'NONE',  ( 0.9699999999999986411, 2.472974545644746058, -0.4538894552190421705 ) ) ;
#9414 = VERTEX_POINT ( 'NONE', #1547 ) ;
#9415 = VECTOR ( 'NONE', #8612, 1000.000000000000000 ) ;
#9416 = ORIENTED_EDGE ( 'NONE', *, *, #10850, .F. ) ;
#9417 = VECTOR ( 'NONE', #11429, 1000.000000000000000 ) ;
#9418 = EDGE_CURVE ( 'NONE', #6643, #6489, #3251, .T. ) ;
#9419 = DIRECTION ( 'NONE',  ( 2.976118894601008090E-16, -0.8509796880745748027, -0.5251986009925190269 ) ) ;
#9420 = ADVANCED_FACE ( 'NONE', ( #2290 ), #7812, .F. ) ;
#9421 = LINE ( 'NONE', #4755, #564 ) ;
#9422 = ORIENTED_EDGE ( 'NONE', *, *, #10418, .F. ) ;
#9423 = ORIENTED_CLOSED_SHELL ( 'NONE', *, #3756, .F. );
#9424 = DIRECTION ( 'NONE',  ( -1.000000000000000000, -0.000000000000000000, 1.387778780781448239E-15 ) ) ;
#9425 = VERTEX_POINT ( 'NONE', #11546 ) ;
#9426 = AXIS2_PLACEMENT_3D ( 'NONE', #11246, #130, #6788 ) ;
#9427 = CARTESIAN_POINT ( 'NONE',  ( 0.9843342201063809416, 2.463272841927349965, -0.4324412773112212838 ) ) ;
#9428 = EDGE_LOOP ( 'NONE', ( #3044, #4962, #4564, #3752 ) ) ;
#9429 = FACE_OUTER_BOUND ( 'NONE', #2164, .T. ) ;
#9430 = DIRECTION ( 'NONE',  ( 0.000000000000000000, 0.000000000000000000, -1.000000000000000000 ) ) ;
#9431 = ORIENTED_EDGE ( 'NONE', *, *, #9611, .F. ) ;
#9432 = DIRECTION ( 'NONE',  ( 1.000000000000000000, 0.000000000000000000, -0.000000000000000000 ) ) ;
#9433 = LINE ( 'NONE', #9554, #1710 ) ;
#9434 = EDGE_CURVE ( 'NONE', #11227, #10260, #10806, .T. ) ;
#9435 = AXIS2_PLACEMENT_3D ( 'NONE', #5376, #5436, #8045 ) ;
#9436 = CARTESIAN_POINT ( 'NONE',  ( 345.1313332156489651, -0.2208738203800077737, -259.2257993847970852 ) ) ;
#9437 = DIRECTION ( 'NONE',  ( -6.845769268624742044E-16, 2.886579864025370717E-15, 1.000000000000000000 ) ) ;
#9438 = ORIENTED_EDGE ( 'NONE', *, *, #4363, .F. ) ;
#9439 = DIRECTION ( 'NONE',  ( -0.000000000000000000, 0.000000000000000000, -1.000000000000000000 ) ) ;
#9440 = CARTESIAN_POINT ( 'NONE',  ( 20.00000000000001421, -154.7351134694656309, -85.00000000000002842 ) ) ;
#9441 = ORIENTED_EDGE ( 'NONE', *, *, #11274, .F. ) ;
#9442 = VECTOR ( 'NONE', #7527, 1000.000000000000000 ) ;
#9443 = LINE ( 'NONE', #1171, #2636 ) ;
#9444 = ORIENTED_EDGE ( 'NONE', *, *, #9434, .T. ) ;
#9445 = CARTESIAN_POINT ( 'NONE',  ( 2.470000000000027729, -2.337828492452703522, -0.9863637419449261534 ) ) ;
#9446 = FACE_OUTER_BOUND ( 'NONE', #11700, .T. ) ;
#9447 = ORIENTED_EDGE ( 'NONE', *, *, #11749, .T. ) ;
#9448 = DIRECTION ( 'NONE',  ( 5.782411586506919702E-16, -5.551115123125739315E-16, -1.000000000000000000 ) ) ;
#9449 = EDGE_CURVE ( 'NONE', #1488, #367, #5076, .T. ) ;
#9450 = CIRCLE ( 'NONE', #6141, 0.2500000000000000000 ) ;
#9451 = VERTEX_POINT ( 'NONE', #1365 ) ;
#9452 = LINE ( 'NONE', #1623, #1604 ) ;
#9453 = CARTESIAN_POINT ( 'NONE',  ( 162.6240952549072745, -1.968446597088564287, -85.14166666666667993 ) ) ;
#9454 = VERTEX_POINT ( 'NONE', #4171 ) ;
#9455 = CARTESIAN_POINT ( 'NONE',  ( 0.9699999999999986411, 2.422424264911820835, -0.05453024012871954262 ) ) ;
#9456 = SURFACE_SIDE_STYLE ('',( #1185 ) ) ;
#9457 = ORIENTED_EDGE ( 'NONE', *, *, #10404, .T. ) ;
#9458 = CARTESIAN_POINT ( 'NONE',  ( 0.9700000000000541522, 2.393289962545313898, 0.2511517339338631416 ) ) ;
#9459 = AXIS2_PLACEMENT_3D ( 'NONE', #5164, #7772, #3271 ) ;
#9460 = DIRECTION ( 'NONE',  ( -0.000000000000000000, 1.000000000000000000, -0.000000000000000000 ) ) ;
#9461 = CARTESIAN_POINT ( 'NONE',  ( 0.9843342201064364527, 2.502369077289262833, 0.2139087065950867617 ) ) ;
#9462 = DIRECTION ( 'NONE',  ( 0.000000000000000000, 0.000000000000000000, -1.000000000000000000 ) ) ;
#9463 = LINE ( 'NONE', #8436, #7011 ) ;
#9464 = ORIENTED_EDGE ( 'NONE', *, *, #7540, .F. ) ;
#9465 = EDGE_CURVE ( 'NONE', #9504, #3183, #2471, .T. ) ;
#9466 = DIRECTION ( 'NONE',  ( 0.000000000000000000, 5.645018411551103535E-16, 1.000000000000000000 ) ) ;
#9467 = DIRECTION ( 'NONE',  ( 1.000000000000000000, 0.000000000000000000, 0.000000000000000000 ) ) ;
#9468 = ORIENTED_EDGE ( 'NONE', *, *, #1269, .F. ) ;
#9469 = VECTOR ( 'NONE', #11959, 1000.000000000000000 ) ;
#9470 = CARTESIAN_POINT ( 'NONE',  ( 0.9843342201064364527, 2.374112209465151224, -0.05286747059592145082 ) ) ;
#9471 = VERTEX_POINT ( 'NONE', #6173 ) ;
#9472 = VERTEX_POINT ( 'NONE', #1421 ) ;
#9473 = CARTESIAN_POINT ( 'NONE',  ( 0.9843342201064364527, 2.327085933561928499, -0.05286747059674024030 ) ) ;
#9474 = LINE ( 'NONE', #9535, #9580 ) ;
#9475 = ORIENTED_EDGE ( 'NONE', *, *, #9759, .T. ) ;
#9476 = CIRCLE ( 'NONE', #5008, 2.000000000000001776 ) ;
#9477 = CIRCLE ( 'NONE', #1305, 2.110000000000000764 ) ;
#9478 = ORIENTED_EDGE ( 'NONE', *, *, #5853, .F. ) ;
#9479 = EDGE_CURVE ( 'NONE', #7219, #7047, #6853, .T. ) ;
#9480 = CARTESIAN_POINT ( 'NONE',  ( 0.9699999999999986411, 2.496811927282488242, -0.4437718483764896416 ) ) ;
#9481 = LINE ( 'NONE', #2011, #10492 ) ;
#9482 = EDGE_LOOP ( 'NONE', ( #3688, #6939, #11672, #6020 ) ) ;
#9483 = CARTESIAN_POINT ( 'NONE',  ( 246.6723182195912898, -1.500000000000000000, -190.1763372145972539 ) ) ;
#9484 = VECTOR ( 'NONE', #4186, 1000.000000000000000 ) ;
#9486 = ORIENTED_EDGE ( 'NONE', *, *, #3629, .T. ) ;
#9485 = AXIS2_PLACEMENT_3D ( 'NONE', #10284, #2868, #6639 ) ;
#9487 = ADVANCED_FACE ( 'NONE', ( #8848, #3686 ), #4600, .T. ) ;
#9488 = DIRECTION ( 'NONE',  ( 1.000000000000000000, 0.000000000000000000, 0.000000000000000000 ) ) ;
#9489 = ORIENTED_EDGE ( 'NONE', *, *, #1822, .F. ) ;
#9490 = EDGE_CURVE ( 'NONE', #6527, #10794, #3497, .T. ) ;
#9491 = CARTESIAN_POINT ( 'NONE',  ( 344.3759047450927255, -1.531553402911435935, -85.10833333333334849 ) ) ;
#9492 = LINE ( 'NONE', #6760, #5695 ) ;
#9493 = ORIENTED_EDGE ( 'NONE', *, *, #8676, .F. ) ;
#9494 = LINE ( 'NONE', #7363, #1969 ) ;
#9495 = DIRECTION ( 'NONE',  ( -1.000000000000000000, -2.000187765493021278E-16, 7.400880780937300593E-16 ) ) ;
#9496 = VECTOR ( 'NONE', #9221, 1000.000000000000000 ) ;
#9497 = CIRCLE ( 'NONE', #11461, 2.110000000000000764 ) ;
#9498 = DIRECTION ( 'NONE',  ( -1.000000000000000000, -2.000187765493021278E-16, 7.400880780937300593E-16 ) ) ;
#9499 = VERTEX_POINT ( 'NONE', #9085 ) ;
#9500 = LINE ( 'NONE', #3288, #8900 ) ;
#9501 = VECTOR ( 'NONE', #5121, 1000.000000000000000 ) ;
#9502 = EDGE_CURVE ( 'NONE', #7661, #6859, #9991, .T. ) ;
#9503 = CARTESIAN_POINT ( 'NONE',  ( 0.9700000000000541522, 2.523629592551063006, 0.3948905628681914637 ) ) ;
#9504 = VERTEX_POINT ( 'NONE', #748 ) ;
#9505 = CARTESIAN_POINT ( 'NONE',  ( 5.000000000000004441, 0.000000000000000000, -111.0000000000000000 ) ) ;
#9506 = LINE ( 'NONE', #58, #3916 ) ;
#9507 = DIRECTION ( 'NONE',  ( 0.03981353859121387201, -1.836970198721028455E-16, 0.9992071267484265995 ) ) ;
#9508 = CARTESIAN_POINT ( 'NONE',  ( 0.9699999999999986411, 2.481543631422500340, -0.4482944105907438193 ) ) ;
#9509 = FACE_BOUND ( 'NONE', #2235, .T. ) ;
#9510 = VECTOR ( 'NONE', #2229, 1000.000000000000000 ) ;
#9511 = ORIENTED_EDGE ( 'NONE', *, *, #2507, .F. ) ;
#9512 = EDGE_LOOP ( 'NONE', ( #11018, #5387, #4223, #998 ) ) ;
#9513 = CARTESIAN_POINT ( 'NONE',  ( 162.5315534029114701, -1.624095254907275132, -85.11666666666668846 ) ) ;
#9514 = EDGE_CURVE ( 'NONE', #5254, #8937, #10870, .T. ) ;
#9515 = ORIENTED_EDGE ( 'NONE', *, *, #3857, .T. ) ;
#9516 = CARTESIAN_POINT ( 'NONE',  ( 2.470000000000055707, 1.866851484836312691, -1.145035237124516936 ) ) ;
#9517 = LINE ( 'NONE', #1921, #6072 ) ;
#9518 = VERTEX_POINT ( 'NONE', #9026 ) ;
#9519 = VECTOR ( 'NONE', #1908, 1000.000000000000000 ) ;
#9520 = CARTESIAN_POINT ( 'NONE',  ( 5.689893001203927270E-11, 0.000000000000000000, 0.000000000000000000 ) ) ;
#9521 = LINE ( 'NONE', #374, #6978 ) ;
#9522 = DIRECTION ( 'NONE',  ( 1.000000000000000000, 0.000000000000000000, 0.000000000000000000 ) ) ;
#9523 = DIRECTION ( 'NONE',  ( 0.000000000000000000, -1.000000000000000000, 0.000000000000000000 ) ) ;
#9524 = DIRECTION ( 'NONE',  ( 6.879636247973200176E-16, 0.4230480959310515821, -0.9061072279422076603 ) ) ;
#9525 = EDGE_LOOP ( 'NONE', ( #4239, #6764 ) ) ;
#9526 = DIRECTION ( 'NONE',  ( 1.000000000000000000, 2.000187765493029413E-16, 6.845769268624692740E-16 ) ) ;
#9527 = AXIS2_PLACEMENT_3D ( 'NONE', #4140, #7514, #12043 ) ;
#9528 = ORIENTED_EDGE ( 'NONE', *, *, #9110, .T. ) ;
#9529 = DIRECTION ( 'NONE',  ( -0.000000000000000000, 0.000000000000000000, 1.000000000000000000 ) ) ;
#9530 = EDGE_LOOP ( 'NONE', ( #5635, #10640, #10189, #9489 ) ) ;
#9531 = EDGE_CURVE ( 'NONE', #8012, #2048, #3555, .T. ) ;
#9532 = EDGE_LOOP ( 'NONE', ( #3129, #4489, #6619, #2898 ) ) ;
#9533 = EDGE_CURVE ( 'NONE', #7182, #6624, #5444, .T. ) ;
#9534 = LINE ( 'NONE', #1076, #4125 ) ;
#9535 = CARTESIAN_POINT ( 'NONE',  ( 0.9843342201064364527, 2.125255814197757331, 0.2959619118675094196 ) ) ;
#9536 = VERTEX_POINT ( 'NONE', #10118 ) ;
#9537 = VECTOR ( 'NONE', #2035, 1000.000000000000000 ) ;
#9538 = ORIENTED_EDGE ( 'NONE', *, *, #4435, .T. ) ;
#9539 = DIRECTION ( 'NONE',  ( -1.000000000000000000, -2.000187765493021278E-16, 7.400880780937300593E-16 ) ) ;
#9540 = LINE ( 'NONE', #6752, #7754 ) ;
#9541 = ORIENTED_EDGE ( 'NONE', *, *, #4506, .T. ) ;
#9542 = PLANE ( 'NONE',  #11220 ) ;
#9543 = AXIS2_PLACEMENT_3D ( 'NONE', #8971, #9818, #1485 ) ;
#9544 = EDGE_CURVE ( 'NONE', #8167, #6994, #8294, .T. ) ;
#9545 = ORIENTED_EDGE ( 'NONE', *, *, #6814, .F. ) ;
#9546 = EDGE_CURVE ( 'NONE', #6465, #2251, #1726, .T. ) ;
#9547 = CARTESIAN_POINT ( 'NONE',  ( 0.9700000000000541522, 2.033886628395292995, 0.3948905628681290136 ) ) ;
#9548 = ORIENTED_EDGE ( 'NONE', *, *, #6710, .T. ) ;
#9549 = LINE ( 'NONE', #6875, #7054 ) ;
#9550 = ORIENTED_EDGE ( 'NONE', *, *, #1548, .F. ) ;
#9551 = DIRECTION ( 'NONE',  ( 0.000000000000000000, 0.000000000000000000, 1.000000000000000000 ) ) ;
#9552 = CIRCLE ( 'NONE', #4899, 2.000000000000001776 ) ;
#9553 = VECTOR ( 'NONE', #3354, 1000.000000000000000 ) ;
#9554 = CARTESIAN_POINT ( 'NONE',  ( 0.9699999999999986411, 2.471483893426634992, -0.4542524141098597257 ) ) ;
#9555 = CARTESIAN_POINT ( 'NONE',  ( 344.4036366799937241, -1.949916710599544967, -259.2570493847970283 ) ) ;
#9556 = CARTESIAN_POINT ( 'NONE',  ( 164.3750000000000284, -3.500000000000000000, -259.2674660514636571 ) ) ;
#9557 = EDGE_CURVE ( 'NONE', #1936, #5811, #10927, .T. ) ;
#9558 = EDGE_CURVE ( 'NONE', #1670, #4875, #12, .T. ) ;
#9559 = LINE ( 'NONE', #3973, #7538 ) ;
#9560 = VECTOR ( 'NONE', #10515, 1000.000000000000000 ) ;
#9561 = DIRECTION ( 'NONE',  ( -0.000000000000000000, -1.000000000000000000, -0.000000000000000000 ) ) ;
#9562 = ORIENTED_EDGE ( 'NONE', *, *, #3222, .T. ) ;
#9563 = CARTESIAN_POINT ( 'NONE',  ( 0.9699999999999986411, 2.478836439541471037, -0.4415490844356245725 ) ) ;
#9564 = DIRECTION ( 'NONE',  ( -0.000000000000000000, 0.000000000000000000, 1.000000000000000000 ) ) ;
#9565 = ORIENTED_EDGE ( 'NONE', *, *, #8454, .F. ) ;
#9566 = APPLICATION_PROTOCOL_DEFINITION ( 'draft international standard', 'automotive_design', 1998, #3464 ) ;
#9567 = CARTESIAN_POINT ( 'NONE',  ( 301.9999999999999432, -1.500000000000000000, -233.2174660514637310 ) ) ;
#9568 = EDGE_CURVE ( 'NONE', #10448, #7453, #4471, .T. ) ;
#9569 = FACE_BOUND ( 'NONE', #6655, .T. ) ;
#9570 = VECTOR ( 'NONE', #2343, 1000.000000000000000 ) ;
#9571 = EDGE_CURVE ( 'NONE', #2917, #7225, #7258, .T. ) ;
#9572 = ORIENTED_EDGE ( 'NONE', *, *, #6132, .T. ) ;
#9573 = ORIENTED_EDGE ( 'NONE', *, *, #6985, .F. ) ;
#9574 = EDGE_CURVE ( 'NONE', #2012, #8489, #5507, .T. ) ;
#9575 = DIRECTION ( 'NONE',  ( 0.000000000000000000, 0.000000000000000000, -1.000000000000000000 ) ) ;
#9576 = ORIENTED_EDGE ( 'NONE', *, *, #8650, .T. ) ;
#9577 = FACE_OUTER_BOUND ( 'NONE', #9749, .T. ) ;
#9578 = CARTESIAN_POINT ( 'NONE',  ( 278.0000000000000000, -1.500000000000000000, -236.2174660514637310 ) ) ;
#9579 = EDGE_LOOP ( 'NONE', ( #8402, #1202, #7856, #9354 ) ) ;
#9580 = VECTOR ( 'NONE', #4748, 1000.000000000000000 ) ;
#9581 = CARTESIAN_POINT ( 'NONE',  ( 6.499999999999286793, 0.000000000000000000, -84.66964398456981655 ) ) ;
#9582 = CARTESIAN_POINT ( 'NONE',  ( 0.9699999999999986411, 2.490921390337408337, -0.4417785858742279137 ) ) ;
#9583 = DIRECTION ( 'NONE',  ( -2.913847039840516826E-16, 0.8554820535829087413, 0.5178324593896845851 ) ) ;
#9584 = LINE ( 'NONE', #5759, #5840 ) ;
#9585 = ORIENTED_EDGE ( 'NONE', *, *, #6019, .T. ) ;
#9586 = DIRECTION ( 'NONE',  ( 2.534765650491129084E-16, 0.9887062354961998478, -0.1498665402647731404 ) ) ;
#9587 = EDGE_CURVE ( 'NONE', #1082, #4711, #6349, .T. ) ;
#9588 = VERTEX_POINT ( 'NONE', #1786 ) ;
#9589 = CARTESIAN_POINT ( 'NONE',  ( 325.4999999999999432, -9.797174393178824918E-17, -319.2174660514637026 ) ) ;
#9590 = ORIENTED_EDGE ( 'NONE', *, *, #5865, .T. ) ;
#9591 = ORIENTED_EDGE ( 'NONE', *, *, #4757, .F. ) ;
#9592 = AXIS2_PLACEMENT_3D ( 'NONE', #4536, #11117, #3807 ) ;
#9593 = LINE ( 'NONE', #4357, #2393 ) ;
#9594 = PLANE ( 'NONE',  #11732 ) ;
#9595 = ORIENTED_EDGE ( 'NONE', *, *, #4813, .T. ) ;
#9596 = CARTESIAN_POINT ( 'NONE',  ( 162.6195033353092185, -1.973056725902453179, -259.2591327181303882 ) ) ;
#9597 = ADVANCED_FACE ( 'NONE', ( #11970 ), #7320, .T. ) ;
#9598 = ORIENTED_EDGE ( 'NONE', *, *, #7268, .F. ) ;
#9599 = CARTESIAN_POINT ( 'NONE',  ( 2.470000000000055707, 1.827983448570907887, -0.9620582320193360459 ) ) ;
#9600 = VERTEX_POINT ( 'NONE', #4206 ) ;
#9601 = CARTESIAN_POINT ( 'NONE',  ( 0.9843342201064919639, 2.400816861523324963, 0.2534304449036267615 ) ) ;
#9602 = ORIENTED_EDGE ( 'NONE', *, *, #4915, .F. ) ;
#9603 = VECTOR ( 'NONE', #2905, 1000.000000000000000 ) ;
#9604 = FACE_OUTER_BOUND ( 'NONE', #8492, .T. ) ;
#9605 = AXIS2_PLACEMENT_3D ( 'NONE', #11678, #8007, #6182 ) ;
#9606 = ORIENTED_EDGE ( 'NONE', *, *, #2838, .T. ) ;
#9607 = DIRECTION ( 'NONE',  ( -1.000000000000000000, -0.000000000000000000, -0.000000000000000000 ) ) ;
#9608 = ORIENTED_EDGE ( 'NONE', *, *, #4190, .T. ) ;
#9609 = CARTESIAN_POINT ( 'NONE',  ( 0.9700000000000541522, 2.243485895057573121, 0.2119955182379174019 ) ) ;
#9610 = CARTESIAN_POINT ( 'NONE',  ( 344.3759047450927255, -1.968446597088564287, -259.2591327181303313 ) ) ;
#9611 = EDGE_CURVE ( 'NONE', #63, #7835, #7904, .T. ) ;
#9612 = CYLINDRICAL_SURFACE ( 'NONE', #6593, 2.000000000000001776 ) ;
#9613 = VECTOR ( 'NONE', #8429, 1000.000000000000000 ) ;
#9614 = DIRECTION ( 'NONE',  ( -6.221421824520457671E-18, 0.9720757995435219678, 0.2346670832090060055 ) ) ;
#9615 = CARTESIAN_POINT ( 'NONE',  ( 316.1545311035279724, 0.000000000000000000, -228.4456223450676475 ) ) ;
#9616 = ORIENTED_EDGE ( 'NONE', *, *, #11160, .F. ) ;
#9617 = CARTESIAN_POINT ( 'NONE',  ( 321.4999999999999432, -9.797174393178824918E-17, -319.2174660514637026 ) ) ;
#9618 = VECTOR ( 'NONE', #664, 1000.000000000000000 ) ;
#9619 = DIRECTION ( 'NONE',  ( -0.000000000000000000, 1.000000000000000000, -0.000000000000000000 ) ) ;
#9620 = DIRECTION ( 'NONE',  ( 0.000000000000000000, 0.000000000000000000, -1.000000000000000000 ) ) ;
#9621 = PLANE ( 'NONE',  #11049 ) ;
#9622 = EDGE_CURVE ( 'NONE', #6918, #8928, #8823, .T. ) ;
#9623 = ORIENTED_EDGE ( 'NONE', *, *, #9587, .F. ) ;
#9624 = VERTEX_POINT ( 'NONE', #1401 ) ;
#9625 = CARTESIAN_POINT ( 'NONE',  ( 206.0000000000000284, -84.71658488546623289, -264.2174660514636457 ) ) ;
#9626 = VERTEX_POINT ( 'NONE', #4385 ) ;
#9627 = DIRECTION ( 'NONE',  ( -1.000000000000000000, -0.000000000000000000, 1.387778780781448239E-15 ) ) ;
#9628 = CARTESIAN_POINT ( 'NONE',  ( 0.9843342201063809416, 2.463272841927294010, -0.4667935467041195441 ) ) ;
#9629 = EDGE_CURVE ( 'NONE', #2407, #7353, #5182, .T. ) ;
#9630 = VERTEX_POINT ( 'NONE', #5302 ) ;
#9631 = EDGE_CURVE ( 'NONE', #8846, #8021, #3289, .T. ) ;
#9632 = DIRECTION ( 'NONE',  ( 1.000000000000000000, 0.000000000000000000, -3.083952846180987322E-15 ) ) ;
#9633 = CARTESIAN_POINT ( 'NONE',  ( 178.6688394328960499, 0.000000000000000000, -228.4456223450676191 ) ) ;
#9634 = DIRECTION ( 'NONE',  ( 0.000000000000000000, 0.000000000000000000, 1.000000000000000000 ) ) ;
#9635 = CARTESIAN_POINT ( 'NONE',  ( 162.5209255356757865, -3.499999999999999556, -259.2653827181301835 ) ) ;
#9636 = DIRECTION ( 'NONE',  ( 1.000000000000000000, -0.000000000000000000, 0.000000000000000000 ) ) ;
#9637 = DIRECTION ( 'NONE',  ( -6.845769268624692740E-16, 5.551115123125739315E-16, 1.000000000000000000 ) ) ;
#9638 = MECHANICAL_DESIGN_GEOMETRIC_PRESENTATION_REPRESENTATION (  '', ( #10625 ), #7884 ) ;
#9639 = ORIENTED_EDGE ( 'NONE', *, *, #11089, .T. ) ;
#9640 = ORIENTED_EDGE ( 'NONE', *, *, #5578, .T. ) ;
#9641 = CARTESIAN_POINT ( 'NONE',  ( 325.4999999999999432, -9.797174393178824918E-17, -321.0174660514637708 ) ) ;
#9642 = ORIENTED_EDGE ( 'NONE', *, *, #8095, .T. ) ;
#9643 = ORIENTED_EDGE ( 'NONE', *, *, #10132, .T. ) ;
#9644 = AXIS2_PLACEMENT_3D ( 'NONE', #2916, #208, #5648 ) ;
#9645 = DIRECTION ( 'NONE',  ( 0.000000000000000000, 0.000000000000000000, -1.000000000000000000 ) ) ;
#9646 = CARTESIAN_POINT ( 'NONE',  ( 2.450950000000035267, 1.827983448570463798, -0.9620582320191140013 ) ) ;
#9647 = EDGE_CURVE ( 'NONE', #5101, #8846, #8088, .T. ) ;
#9648 = DIRECTION ( 'NONE',  ( 1.000000000000000000, -0.000000000000000000, 0.000000000000000000 ) ) ;
#9649 = ORIENTED_EDGE ( 'NONE', *, *, #5456, .T. ) ;
#9650 = CARTESIAN_POINT ( 'NONE',  ( 162.5269432740976185, -1.619503335309179670, -259.2341327181303541 ) ) ;
#9651 = VECTOR ( 'NONE', #6399, 1000.000000000000114 ) ;
#9652 = EDGE_LOOP ( 'NONE', ( #146, #12060, #9102, #7815 ) ) ;
#9653 = ORIENTED_EDGE ( 'NONE', *, *, #7591, .T. ) ;
#9654 = DIRECTION ( 'NONE',  ( -6.845769268624693726E-16, 5.551115123125739315E-16, 1.000000000000000000 ) ) ;
#9655 = ORIENTED_EDGE ( 'NONE', *, *, #10488, .T. ) ;
#9656 = DIRECTION ( 'NONE',  ( -1.000000000000000000, 0.000000000000000000, 0.000000000000000000 ) ) ;
#9657 = VERTEX_POINT ( 'NONE', #7063 ) ;
#9658 = AXIS2_PLACEMENT_3D ( 'NONE', #5131, #11826, #5187 ) ;
#9659 = EDGE_CURVE ( 'NONE', #1279, #1751, #9796, .T. ) ;
#9660 = AXIS2_PLACEMENT_3D ( 'NONE', #8891, #548, #10034 ) ;
#9661 = CARTESIAN_POINT ( 'NONE',  ( 344.4810796120360123, 0.01499999999999956403, -85.10208370893646190 ) ) ;
#9662 = ORIENTED_EDGE ( 'NONE', *, *, #7215, .T. ) ;
#9663 = DIRECTION ( 'NONE',  ( -1.000000000000000000, -2.000187765493021278E-16, 7.400880780937300593E-16 ) ) ;
#9664 = ORIENTED_EDGE ( 'NONE', *, *, #4569, .F. ) ;
#9665 = LINE ( 'NONE', #11518, #532 ) ;
#9666 = CARTESIAN_POINT ( 'NONE',  ( 345.3254567599561256, -0.3505830258032045510, -259.2278827181303882 ) ) ;
#9667 = DIRECTION ( 'NONE',  ( 0.000000000000000000, -1.000000000000000000, 0.000000000000000000 ) ) ;
#9668 = AXIS2_PLACEMENT_3D ( 'NONE', #1204, #4926, #4015 ) ;
#9669 = VECTOR ( 'NONE', #11820, 1000.000000000000000 ) ;
#9670 = CARTESIAN_POINT ( 'NONE',  ( 0.9700000000000541522, 2.125255814197729798, 0.3399550943366663747 ) ) ;
#9671 = LINE ( 'NONE', #7788, #8116 ) ;
#9672 = CARTESIAN_POINT ( 'NONE',  ( 0.9700000000000541522, 1.777399554396624781, -0.1634445113407462236 ) ) ;
#9673 = EDGE_CURVE ( 'NONE', #11745, #10089, #1522, .T. ) ;
#9674 = ADVANCED_FACE ( 'NONE', ( #8883 ), #2326, .T. ) ;
#9675 = LINE ( 'NONE', #9615, #10604 ) ;
#9676 = EDGE_LOOP ( 'NONE', ( #6817, #5384, #9562, #888 ) ) ;
#9677 = VECTOR ( 'NONE', #9586, 1000.000000000000114 ) ;
#9678 = CARTESIAN_POINT ( 'NONE',  ( 0.9843342201064364527, 2.332881258751279496, 0.1446480485160217544 ) ) ;
#9679 = CARTESIAN_POINT ( 'NONE',  ( 0.9699999999999986411, 2.463431047482644853, -0.4568581317406228415 ) ) ;
#9680 = DIRECTION ( 'NONE',  ( -1.561251128379127371E-16, -0.9999999999999998890, -3.330669073875469128E-16 ) ) ;
#9681 = CARTESIAN_POINT ( 'NONE',  ( 168.4999999999999147, -1.500000000000000000, -139.7028208825323645 ) ) ;
#9682 = LINE ( 'NONE', #2215, #6364 ) ;
#9683 = VECTOR ( 'NONE', #237, 1000.000000000000000 ) ;
#9684 = ORIENTED_EDGE ( 'NONE', *, *, #5985, .T. ) ;
#9685 = AXIS2_PLACEMENT_3D ( 'NONE', #8293, #9269, #11178 ) ;
#9686 = ORIENTED_EDGE ( 'NONE', *, *, #11633, .F. ) ;
#9687 = CARTESIAN_POINT ( 'NONE',  ( 0.9700000000000541522, 2.418473753850569619, 0.2696685361248257751 ) ) ;
#9688 = ORIENTED_EDGE ( 'NONE', *, *, #10970, .T. ) ;
#9689 = EDGE_CURVE ( 'NONE', #8990, #9919, #1586, .T. ) ;
#9690 = PLANE ( 'NONE',  #5750 ) ;
#9691 = PLANE ( 'NONE',  #10745 ) ;
#9692 = ORIENTED_EDGE ( 'NONE', *, *, #3927, .F. ) ;
#9693 = PRESENTATION_STYLE_ASSIGNMENT (( #1415 ) ) ;
#9694 = LINE ( 'NONE', #8727, #8858 ) ;
#9695 = FACE_BOUND ( 'NONE', #1524, .T. ) ;
#9696 = CARTESIAN_POINT ( 'NONE',  ( 161.0000000000000284, -1.979074464324255711, -259.2445493847970397 ) ) ;
#9697 = VECTOR ( 'NONE', #6810, 1000.000000000000000 ) ;
#9698 = DIRECTION ( 'NONE',  ( 1.000000000000000000, 2.000187765493021278E-16, -7.400880780937300593E-16 ) ) ;
#9699 = DIRECTION ( 'NONE',  ( 3.402826124941147549E-16, -0.7693267868930279141, -0.6388554570236131269 ) ) ;
#9700 = EDGE_CURVE ( 'NONE', #1887, #7409, #475, .T. ) ;
#9701 = ADVANCED_FACE ( 'NONE', ( #5064, #7971 ), #8032, .T. ) ;
#9702 = ORIENTED_EDGE ( 'NONE', *, *, #3917, .T. ) ;
#9703 = CARTESIAN_POINT ( 'NONE',  ( 487.0000000000000000, -1.500000000000001332, -85.00000000000002842 ) ) ;
#9704 = DIRECTION ( 'NONE',  ( -0.000000000000000000, 1.000000000000000000, -0.000000000000000000 ) ) ;
#9705 = ORIENTED_EDGE ( 'NONE', *, *, #3585, .T. ) ;
#9706 = VECTOR ( 'NONE', #12073, 1000.000000000000000 ) ;
#9707 = EDGE_LOOP ( 'NONE', ( #3835, #10173, #7920, #11320 ) ) ;
#9708 = ADVANCED_FACE ( 'NONE', ( #9917 ), #2267, .F. ) ;
#9709 = DIRECTION ( 'NONE',  ( -1.000000000000000000, -0.000000000000000000, -0.000000000000000000 ) ) ;
#9710 = CARTESIAN_POINT ( 'NONE',  ( 0.9843342201064364527, 2.523629592551174028, 0.1250508761553026371 ) ) ;
#9711 = CARTESIAN_POINT ( 'NONE',  ( 0.9700000000000541522, 2.347502163259545860, 0.1424318347458125578 ) ) ;
#9712 = LINE ( 'NONE', #1313, #3984 ) ;
#9713 = ORIENTED_EDGE ( 'NONE', *, *, #236, .F. ) ;
#9714 = LINE ( 'NONE', #8800, #3468 ) ;
#9715 = VECTOR ( 'NONE', #9698, 1000.000000000000000 ) ;
#9716 = EDGE_CURVE ( 'NONE', #1609, #10297, #787, .T. ) ;
#9717 = EDGE_CURVE ( 'NONE', #10965, #3605, #9309, .T. ) ;
#9718 = VERTEX_POINT ( 'NONE', #8150 ) ;
#9719 = VERTEX_POINT ( 'NONE', #7357 ) ;
#9720 = PLANE ( 'NONE',  #1880 ) ;
#9721 = ORIENTED_EDGE ( 'NONE', *, *, #2465, .T. ) ;
#9722 = EDGE_CURVE ( 'NONE', #10300, #9971, #10027, .T. ) ;
#9723 = CARTESIAN_POINT ( 'NONE',  ( 300.9999999999999432, -84.71658488546623289, -324.2174660514637594 ) ) ;
#9725 = EDGE_LOOP ( 'NONE', ( #2464, #8041, #9595, #3214 ) ) ;
#9724 = VECTOR ( 'NONE', #9564, 1000.000000000000000 ) ;
#9726 = ORIENTED_EDGE ( 'NONE', *, *, #4555, .F. ) ;
#9727 = CARTESIAN_POINT ( 'NONE',  ( 2.469999999999972218, -0.1043506507305280717, 2.173161927247216241 ) ) ;
#9728 = VERTEX_POINT ( 'NONE', #10093 ) ;
#9729 = CARTESIAN_POINT ( 'NONE',  ( 0.9700000000000541522, 2.215529865583709679, 0.2812557462897880001 ) ) ;
#9730 = DIRECTION ( 'NONE',  ( -9.713191375867612216E-16, -2.220446049250337733E-16, 1.000000000000000000 ) ) ;
#9731 = VECTOR ( 'NONE', #8156, 1000.000000000000000 ) ;
#9732 = ADVANCED_FACE ( 'NONE', ( #1761 ), #2562, .F. ) ;
#9733 = LINE ( 'NONE', #2265, #2079 ) ;
#9734 = LINE ( 'NONE', #11579, #1518 ) ;
#9735 = CARTESIAN_POINT ( 'NONE',  ( 210.8265096880607814, 0.000000000000000000, -208.4456223450676475 ) ) ;
#9736 = FACE_OUTER_BOUND ( 'NONE', #10637, .T. ) ;
#9737 = ORIENTED_EDGE ( 'NONE', *, *, #11550, .F. ) ;
#9738 = LINE ( 'NONE', #1466, #2162 ) ;
#9739 = CARTESIAN_POINT ( 'NONE',  ( 342.6250000000000000, -3.500000000000000000, -85.15000000000000568 ) ) ;
#9740 = LINE ( 'NONE', #303, #7718 ) ;
#9741 = EDGE_CURVE ( 'NONE', #1688, #9719, #8401, .T. ) ;
#9742 = DIRECTION ( 'NONE',  ( 1.000000000000000000, 2.000187765493021278E-16, -7.400880780937300593E-16 ) ) ;
#9743 = VECTOR ( 'NONE', #5097, 1000.000000000000000 ) ;
#9744 = ORIENTED_EDGE ( 'NONE', *, *, #10302, .F. ) ;
#9745 = DIRECTION ( 'NONE',  ( 6.845769268624693726E-16, -5.551115123125739315E-16, -1.000000000000000000 ) ) ;
#9746 = ORIENTED_EDGE ( 'NONE', *, *, #731, .F. ) ;
#9747 = LINE ( 'NONE', #8723, #3601 ) ;
#9748 = CARTESIAN_POINT ( 'NONE',  ( 0.9699999999999986411, 2.523629592551285050, 0.03526031801355522521 ) ) ;
#9749 = EDGE_LOOP ( 'NONE', ( #7424, #11384, #3322, #6685 ) ) ;
#9750 = DIRECTION ( 'NONE',  ( 0.000000000000000000, -1.000000000000000000, 3.497202527569185121E-15 ) ) ;
#9751 = PLANE ( 'NONE',  #3829 ) ;
#9752 = FACE_BOUND ( 'NONE', #4570, .T. ) ;
#9753 = CARTESIAN_POINT ( 'NONE',  ( 216.4999999999999716, 0.000000000000000000, -194.2174660514637310 ) ) ;
#9754 = ORIENTED_EDGE ( 'NONE', *, *, #8207, .T. ) ;
#9755 = PRESENTATION_LAYER_ASSIGNMENT (  '', '', ( #622 ) ) ;
#9756 = DIRECTION ( 'NONE',  ( 1.000000000000000000, -0.000000000000000000, 0.000000000000000000 ) ) ;
#9757 = DIRECTION ( 'NONE',  ( -5.454296380062759763E-16, 0.4167973664234312370, 0.9089994253807270885 ) ) ;
#9758 = EDGE_CURVE ( 'NONE', #6804, #876, #6448, .T. ) ;
#9759 = EDGE_CURVE ( 'NONE', #2350, #1568, #7236, .T. ) ;
#9760 = DIRECTION ( 'NONE',  ( -0.000000000000000000, 1.000000000000000000, -0.000000000000000000 ) ) ;
#9761 = ORIENTED_EDGE ( 'NONE', *, *, #9741, .T. ) ;
#9762 = DIRECTION ( 'NONE',  ( 1.167520497023887139E-16, 1.000000000000000000, -2.886579864025370717E-15 ) ) ;
#9763 = AXIS2_PLACEMENT_3D ( 'NONE', #774, #7223, #10952 ) ;
#9764 = ORIENTED_EDGE ( 'NONE', *, *, #61, .T. ) ;
#9765 = ORIENTED_EDGE ( 'NONE', *, *, #699, .F. ) ;
#9766 = FACE_OUTER_BOUND ( 'NONE', #9512, .T. ) ;
#9767 = DIRECTION ( 'NONE',  ( -1.000000000000000000, -2.000187765493021278E-16, 7.400880780937300593E-16 ) ) ;
#9768 = CARTESIAN_POINT ( 'NONE',  ( 295.9999999999999432, 0.000000000000000000, -259.2174660514637026 ) ) ;
#9769 = DIRECTION ( 'NONE',  ( 2.775557561562890858E-16, 0.000000000000000000, 1.000000000000000000 ) ) ;
#9770 = CARTESIAN_POINT ( 'NONE',  ( 201.0000000000001137, -1.500000000000001332, -329.2174660514637594 ) ) ;
#9771 = EDGE_CURVE ( 'NONE', #10254, #2733, #39, .T. ) ;
#9772 = UNCERTAINTY_MEASURE_WITH_UNIT (LENGTH_MEASURE( 1.000000000000000082E-05 ), #6347, 'distance_accuracy_value', 'NONE');
#9773 = ORIENTED_EDGE ( 'NONE', *, *, #7481, .F. ) ;
#9774 = AXIS2_PLACEMENT_3D ( 'NONE', #5979, #182, #245 ) ;
#9775 = ORIENTED_EDGE ( 'NONE', *, *, #2014, .T. ) ;
#9776 = DIRECTION ( 'NONE',  ( 1.000000000000000000, 0.000000000000000000, 0.000000000000000000 ) ) ;
#9777 = ORIENTED_EDGE ( 'NONE', *, *, #7109, .T. ) ;
#9778 = EDGE_LOOP ( 'NONE', ( #5931, #1016, #74, #6270 ) ) ;
#9779 = DIRECTION ( 'NONE',  ( -0.000000000000000000, -0.000000000000000000, 1.000000000000000000 ) ) ;
#9780 = ORIENTED_EDGE ( 'NONE', *, *, #4149, .T. ) ;
#9781 = DIRECTION ( 'NONE',  ( 0.000000000000000000, 0.000000000000000000, -1.000000000000000000 ) ) ;
#9782 = DIRECTION ( 'NONE',  ( -1.000000000000000000, -1.722632009336712421E-16, 4.625323219374409242E-16 ) ) ;
#9783 = ORIENTED_EDGE ( 'NONE', *, *, #4525, .T. ) ;
#9784 = ADVANCED_FACE ( 'NONE', ( #6510 ), #9062, .T. ) ;
#9785 = EDGE_CURVE ( 'NONE', #6436, #8801, #6266, .T. ) ;
#9786 = CARTESIAN_POINT ( 'NONE',  ( 0.9700000000000541522, 2.217642729627267162, 0.2694351750214263319 ) ) ;
#9787 = ORIENTED_EDGE ( 'NONE', *, *, #4508, .T. ) ;
#9788 = CARTESIAN_POINT ( 'NONE',  ( 0.9699999999999986411, 2.482971839966680250, -0.4576594937241856842 ) ) ;
#9789 = LINE ( 'NONE', #530, #4421 ) ;
#9790 = EDGE_CURVE ( 'NONE', #3638, #10576, #3593, .T. ) ;
#9791 = DIRECTION ( 'NONE',  ( -1.000000000000000000, 0.000000000000000000, 0.000000000000000000 ) ) ;
#9792 = VERTEX_POINT ( 'NONE', #10156 ) ;
#9793 = CARTESIAN_POINT ( 'NONE',  ( 207.5000000000000000, 0.000000000000000000, -194.2174660514637310 ) ) ;
#9794 = VECTOR ( 'NONE', #8357, 999.9999999999998863 ) ;
#9795 = CARTESIAN_POINT ( 'NONE',  ( 0.2238461538461865297, -4.662936703530177793E-16, 2.099999999993733546 ) ) ;
#9796 = LINE ( 'NONE', #6208, #2181 ) ;
#9797 = FACE_OUTER_BOUND ( 'NONE', #6723, .T. ) ;
#9798 = ORIENTED_EDGE ( 'NONE', *, *, #6870, .T. ) ;
#9799 = EDGE_CURVE ( 'NONE', #931, #5592, #3726, .T. ) ;
#9800 = FACE_OUTER_BOUND ( 'NONE', #11882, .T. ) ;
#9801 = DIRECTION ( 'NONE',  ( -5.450653880985942047E-16, 0.1293109790941140702, 0.9916040896878762778 ) ) ;
#9802 = ITEM_DEFINED_TRANSFORMATION ( 'NONE', 'NONE', #8222,  #1424 ) ;
#9803 = CARTESIAN_POINT ( 'NONE',  ( 502.0000000000000000, -1.500000000000000000, -40.00000000000007105 ) ) ;
#9804 = VECTOR ( 'NONE', #5451, 1000.000000000000000 ) ;
#9805 = CARTESIAN_POINT ( 'NONE',  ( 0.9843342201064364527, 2.219308366004063338, 0.01740461005328430844 ) ) ;
#9806 = VERTEX_POINT ( 'NONE', #10220 ) ;
#9807 = LINE ( 'NONE', #9625, #10449 ) ;
#9808 = AXIS2_PLACEMENT_3D ( 'NONE', #8479, #7559, #1226 ) ;
#9809 = CARTESIAN_POINT ( 'NONE',  ( 299.4999999999999432, 0.000000000000000000, -253.2174660514637310 ) ) ;
#9810 = DIRECTION ( 'NONE',  ( 1.431041851435087466E-16, 0.9999982027861449296, 0.001895896748272975912 ) ) ;
#9811 = ORIENTED_EDGE ( 'NONE', *, *, #10790, .T. ) ;
#9812 = EDGE_CURVE ( 'NONE', #1625, #7182, #7295, .T. ) ;
#9813 = CARTESIAN_POINT ( 'NONE',  ( 344.3804966646908383, -1.973056725902453179, -259.2591327181304450 ) ) ;
#9814 = LINE ( 'NONE', #5321, #7381 ) ;
#9815 = DIRECTION ( 'NONE',  ( 6.845769268624744016E-16, -9.436895709313777345E-16, -1.000000000000000000 ) ) ;
#9816 = ORIENTED_EDGE ( 'NONE', *, *, #8746, .T. ) ;
#9817 = CARTESIAN_POINT ( 'NONE',  ( 2.470000000000055707, 1.634029338568238066, -1.197387384711673386 ) ) ;
#9818 = DIRECTION ( 'NONE',  ( -0.000000000000000000, 1.000000000000000000, -0.000000000000000000 ) ) ;
#9819 = VECTOR ( 'NONE', #836, 1000.000000000000114 ) ;
#9820 = LINE ( 'NONE', #1608, #3676 ) ;
#9821 = ORIENTED_EDGE ( 'NONE', *, *, #5029, .F. ) ;
#9822 = DIRECTION ( 'NONE',  ( -0.000000000000000000, -1.000000000000000000, -0.000000000000000000 ) ) ;
#9823 = VERTEX_POINT ( 'NONE', #5539 ) ;
#9824 = CARTESIAN_POINT ( 'NONE',  ( 168.4999999999999147, -1.224646799147346644E-18, -141.8128208825323497 ) ) ;
#9825 = VECTOR ( 'NONE', #3287, 1000.000000000000000 ) ;
#9826 = EDGE_CURVE ( 'NONE', #5592, #1450, #12002, .T. ) ;
#9827 = CARTESIAN_POINT ( 'NONE',  ( 198.4999999999999432, 0.000000000000000000, -179.2174660514637310 ) ) ;
#9828 = ORIENTED_EDGE ( 'NONE', *, *, #1, .T. ) ;
#9829 = PLANE ( 'NONE',  #3866 ) ;
#9830 = VERTEX_POINT ( 'NONE', #11884 ) ;
#9831 = VECTOR ( 'NONE', #9822, 1000.000000000000000 ) ;
#9832 = ORIENTED_EDGE ( 'NONE', *, *, #10430, .F. ) ;
#9833 = CARTESIAN_POINT ( 'NONE',  ( 0.9699999999999986411, 2.189010124965001580, -0.2087363466107827747 ) ) ;
#9834 = VERTEX_POINT ( 'NONE', #3659 ) ;
#9835 = EDGE_LOOP ( 'NONE', ( #7164, #10405, #9079, #310 ) ) ;
#9836 = CARTESIAN_POINT ( 'NONE',  ( 0.9843342201064364527, 2.411458586530551784, -0.2347371884625498728 ) ) ;
#9837 = ORIENTED_EDGE ( 'NONE', *, *, #9098, .T. ) ;
#9838 = EDGE_CURVE ( 'NONE', #11061, #2768, #3529, .T. ) ;
#9839 = CARTESIAN_POINT ( 'NONE',  ( 206.0000000000000284, 0.000000000000000000, -324.2174660514637594 ) ) ;
#9840 = LINE ( 'NONE', #400, #423 ) ;
#9841 = ORIENTED_EDGE ( 'NONE', *, *, #3405, .F. ) ;
#9842 = CARTESIAN_POINT ( 'NONE',  ( 2.450950000000007289, -2.192195559948734385, -1.053329161976146455 ) ) ;
#9843 = AXIS2_PLACEMENT_3D ( 'NONE', #6801, #1871, #8677 ) ;
#9844 = ORIENTED_EDGE ( 'NONE', *, *, #2038, .F. ) ;
#9845 = DIRECTION ( 'NONE',  ( 6.845769268624692740E-16, -5.551115123125739315E-16, -1.000000000000000000 ) ) ;
#9846 = CARTESIAN_POINT ( 'NONE',  ( 252.4999999999998863, 0.000000000000000000, -181.7174660514637310 ) ) ;
#9847 = LINE ( 'NONE', #1516, #11271 ) ;
#9848 = EDGE_LOOP ( 'NONE', ( #4738, #700, #541, #6721, #3366, #10133, #10545, #1478, #1899, #6427, #6041, #10010 ) ) ;
#9849 = ADVANCED_FACE ( 'NONE', ( #9246 ), #8338, .F. ) ;
#9850 = DIRECTION ( 'NONE',  ( -1.000000000000000000, 0.000000000000000000, -0.000000000000000000 ) ) ;
#9851 = EDGE_CURVE ( 'NONE', #1208, #455, #3960, .T. ) ;
#9852 = VECTOR ( 'NONE', #11042, 1000.000000000000000 ) ;
#9853 = DIRECTION ( 'NONE',  ( 6.845769268624692740E-16, -5.551115123125739315E-16, -1.000000000000000000 ) ) ;
#9854 = DIRECTION ( 'NONE',  ( 1.000000000000000000, 0.000000000000000000, 0.000000000000000000 ) ) ;
#9855 = CARTESIAN_POINT ( 'NONE',  ( 2.470000000000027729, -1.989949340249208554, -1.205464463520919516 ) ) ;
#9856 = VERTEX_POINT ( 'NONE', #9369 ) ;
#9857 = PRODUCT_DEFINITION_SHAPE ( 'NONE', 'NONE',  #12088 ) ;
#9858 = LINE ( 'NONE', #11890, #9731 ) ;
#9859 = APPLICATION_PROTOCOL_DEFINITION ( 'draft international standard', 'automotive_design', 1998, #7651 ) ;
#9860 = DIRECTION ( 'NONE',  ( 0.000000000000000000, -1.000000000000000000, 0.000000000000000000 ) ) ;
#9861 = VECTOR ( 'NONE', #8453, 1000.000000000000000 ) ;
#9862 = VECTOR ( 'NONE', #2294, 1000.000000000000000 ) ;
#9863 = DIRECTION ( 'NONE',  ( 5.431665045778600655E-16, -0.4212021854520828779, -0.9069667683936326608 ) ) ;
#9864 = CARTESIAN_POINT ( 'NONE',  ( 181.9999999999999716, 0.000000000000000000, -194.2174660514637310 ) ) ;
#9865 = EDGE_CURVE ( 'NONE', #1684, #8505, #3043, .T. ) ;
#9866 = VERTEX_POINT ( 'NONE', #1152 ) ;
#9867 = CARTESIAN_POINT ( 'NONE',  ( 162.6195033353091617, -1.973056725902452735, -85.14166666666667993 ) ) ;
#9868 = VECTOR ( 'NONE', #734, 1000.000000000000000 ) ;
#9869 = CIRCLE ( 'NONE', #9485, 0.03077947504423033526 ) ;
#9870 = EDGE_CURVE ( 'NONE', #10451, #11497, #4877, .T. ) ;
#9871 = FACE_OUTER_BOUND ( 'NONE', #2344, .T. ) ;
#9872 = CARTESIAN_POINT ( 'NONE',  ( 2.450950000000035267, 1.634029338568265821, -1.197387384711520841 ) ) ;
#9873 = VERTEX_POINT ( 'NONE', #9427 ) ;
#9874 = CARTESIAN_POINT ( 'NONE',  ( 253.5000000000000000, -3.500000000000000000, -5.000000000000034639 ) ) ;
#9875 = CARTESIAN_POINT ( 'NONE',  ( 2.450950000000035267, 1.700440880331000049, -0.9817499999996703863 ) ) ;
#9876 = DIRECTION ( 'NONE',  ( -1.445076253180192051E-16, -1.000000000000000000, 2.553512956637819811E-15 ) ) ;
#9877 = ORIENTED_EDGE ( 'NONE', *, *, #12024, .T. ) ;
#9878 = PLANE ( 'NONE',  #4097 ) ;
#9879 = LINE ( 'NONE', #3316, #6234 ) ;
#9880 = CIRCLE ( 'NONE', #6782, 2.000000000000001776 ) ;
#9881 = VECTOR ( 'NONE', #4294, 1000.000000000000000 ) ;
#9882 = DIRECTION ( 'NONE',  ( -0.000000000000000000, -1.000000000000000000, -0.000000000000000000 ) ) ;
#9883 = EDGE_CURVE ( 'NONE', #5192, #4082, #3336, .T. ) ;
#9884 = ORIENTED_EDGE ( 'NONE', *, *, #2493, .F. ) ;
#9885 = CARTESIAN_POINT ( 'NONE',  ( 230.8265096880607530, -1.500000000000000000, -215.2174660514637594 ) ) ;
#9886 = ORIENTED_EDGE ( 'NONE', *, *, #5975, .F. ) ;
#9887 = FACE_OUTER_BOUND ( 'NONE', #545, .T. ) ;
#9888 = CARTESIAN_POINT ( 'NONE',  ( 0.9843342201064364527, 1.892261543406409396, -1.201323915345220428E-06 ) ) ;
#9889 = VECTOR ( 'NONE', #3901, 1000.000000000000000 ) ;
#9890 = LINE ( 'NONE', #449, #9390 ) ;
#9891 = VERTEX_POINT ( 'NONE', #5839 ) ;
#9892 =( NAMED_UNIT ( * ) PLANE_ANGLE_UNIT ( ) SI_UNIT ( $, .RADIAN. ) );
#9893 = DIRECTION ( 'NONE',  ( -1.000000000000000000, 0.000000000000000000, 9.842402700577628319E-17 ) ) ;
#9894 = AXIS2_PLACEMENT_3D ( 'NONE', #11963, #3550, #10980 ) ;
#9895 = EDGE_CURVE ( 'NONE', #7532, #7219, #1034, .T. ) ;
#9896 = ORIENTED_EDGE ( 'NONE', *, *, #9329, .F. ) ;
#9897 = EDGE_LOOP ( 'NONE', ( #1004, #9565, #10665, #2254 ) ) ;
#9898 = FACE_OUTER_BOUND ( 'NONE', #1320, .T. ) ;
#9899 = ORIENTED_EDGE ( 'NONE', *, *, #8532, .F. ) ;
#9900 = FACE_OUTER_BOUND ( 'NONE', #1732, .T. ) ;
#9901 = ORIENTED_EDGE ( 'NONE', *, *, #6631, .T. ) ;
#9902 = CARTESIAN_POINT ( 'NONE',  ( 0.9843342201065474750, 2.125255814197673843, 0.3948905628681984026 ) ) ;
#9903 = DIRECTION ( 'NONE',  ( -0.000000000000000000, 1.000000000000000000, -0.000000000000000000 ) ) ;
#9904 = ORIENTED_EDGE ( 'NONE', *, *, #234, .T. ) ;
#9905 = AXIS2_PLACEMENT_3D ( 'NONE', #3162, #2441, #6927 ) ;
#9906 = PLANE ( 'NONE',  #371 ) ;
#9907 = VERTEX_POINT ( 'NONE', #7541 ) ;
#9908 = DIRECTION ( 'NONE',  ( 0.000000000000000000, 0.000000000000000000, 1.000000000000000000 ) ) ;
#9909 = CARTESIAN_POINT ( 'NONE',  ( 0.9699999999999986411, 2.125255814197951842, -0.2852079774575411175 ) ) ;
#9910 = CARTESIAN_POINT ( 'NONE',  ( 336.1545311035279724, 0.000000000000000000, -228.4456223450676475 ) ) ;
#9911 = ADVANCED_FACE ( 'NONE', ( #2191 ), #5780, .F. ) ;
#9912 = ORIENTED_EDGE ( 'NONE', *, *, #11358, .T. ) ;
#9913 = EDGE_CURVE ( 'NONE', #6278, #3587, #4932, .T. ) ;
#9914 = CARTESIAN_POINT ( 'NONE',  ( 261.0000000000000000, -1.500000000000000000, -181.7174660514637310 ) ) ;
#9915 = VECTOR ( 'NONE', #6230, 1000.000000000000000 ) ;
#9916 = LINE ( 'NONE', #785, #10466 ) ;
#9917 = FACE_OUTER_BOUND ( 'NONE', #4559, .T. ) ;
#9918 = CARTESIAN_POINT ( 'NONE',  ( 0.9699999999999986411, 2.502887340387116577, -0.4560289252518168190 ) ) ;
#9919 = VERTEX_POINT ( 'NONE', #11397 ) ;
#9920 = EDGE_CURVE ( 'NONE', #1885, #11850, #6640, .T. ) ;
#9921 = LINE ( 'NONE', #2456, #351 ) ;
#9922 = DIRECTION ( 'NONE',  ( 2.208597309011112295E-16, -0.8660254037844387076, -0.4999999999999998890 ) ) ;
#9923 = PLANE ( 'NONE',  #3873 ) ;
#9924 = ORIENTED_EDGE ( 'NONE', *, *, #7317, .T. ) ;
#9925 = CARTESIAN_POINT ( 'NONE',  ( 18.39126697426809898, 0.000000000000000000, 18.39126697426809898 ) ) ;
#9926 = CIRCLE ( 'NONE', #5468, 2.110000000000000764 ) ;
#9927 = CYLINDRICAL_SURFACE ( 'NONE', #9435, 2.110000000000000764 ) ;
#9928 = DIRECTION ( 'NONE',  ( -0.000000000000000000, -0.000000000000000000, 1.000000000000000000 ) ) ;
#9929 = EDGE_LOOP ( 'NONE', ( #4759, #3999, #11147, #2486 ) ) ;
#9930 = LINE ( 'NONE', #11541, #5733 ) ;
#9931 = FACE_BOUND ( 'NONE', #9725, .T. ) ;
#9932 = CYLINDRICAL_SURFACE ( 'NONE', #462, 2.110000000000000764 ) ;
#9933 = EDGE_CURVE ( 'NONE', #6251, #3934, #4022, .T. ) ;
#9934 = EDGE_CURVE ( 'NONE', #8505, #5223, #4987, .T. ) ;
#9935 = DIRECTION ( 'NONE',  ( -1.000000000000000000, -2.000187765493021278E-16, 7.400880780937300593E-16 ) ) ;
#9936 = DIRECTION ( 'NONE',  ( -7.401486830834371151E-15, 0.000000000000000000, -1.000000000000000000 ) ) ;
#9937 = VECTOR ( 'NONE', #11027, 1000.000000000000000 ) ;
#9938 = EDGE_CURVE ( 'NONE', #8108, #7082, #4814, .T. ) ;
#9939 = FACE_OUTER_BOUND ( 'NONE', #1063, .T. ) ;
#9940 = VERTEX_POINT ( 'NONE', #8635 ) ;
#9941 = CARTESIAN_POINT ( 'NONE',  ( 161.2077670245547836, -0.8611124996453533020, -85.11666666666668846 ) ) ;
#9942 = VERTEX_POINT ( 'NONE', #3099 ) ;
#9943 = LINE ( 'NONE', #1857, #11770 ) ;
#9944 = DIRECTION ( 'NONE',  ( 1.000000000000000000, 0.000000000000000000, -0.000000000000000000 ) ) ;
#9945 = AXIS2_PLACEMENT_3D ( 'NONE', #456, #7830, #10644 ) ;
#9946 = DIRECTION ( 'NONE',  ( -0.000000000000000000, -1.000000000000000000, -0.000000000000000000 ) ) ;
#9947 = EDGE_CURVE ( 'NONE', #1887, #2964, #5722, .T. ) ;
#9948 = ORIENTED_EDGE ( 'NONE', *, *, #4143, .T. ) ;
#9949 = CARTESIAN_POINT ( 'NONE',  ( 246.6723182195912614, 0.000000000000000000, -210.1763372145972539 ) ) ;
#9950 = VECTOR ( 'NONE', #11863, 1000.000000000000000 ) ;
#9951 = VECTOR ( 'NONE', #2638, 1000.000000000000000 ) ;
#9952 = ORIENTED_EDGE ( 'NONE', *, *, #5480, .F. ) ;
#9953 = DIRECTION ( 'NONE',  ( -0.000000000000000000, 1.000000000000000000, -0.000000000000000000 ) ) ;
#9954 = DIRECTION ( 'NONE',  ( -1.000000000000000000, -2.000187765493021278E-16, 7.400880780937300593E-16 ) ) ;
#9955 = ORIENTED_EDGE ( 'NONE', *, *, #10389, .T. ) ;
#9956 = ORIENTED_EDGE ( 'NONE', *, *, #11435, .T. ) ;
#9957 = CARTESIAN_POINT ( 'NONE',  ( 0.9843342201063809416, 2.125255814197646309, -0.3948934297112599578 ) ) ;
#9958 = VERTEX_POINT ( 'NONE', #6815 ) ;
#9959 = EDGE_LOOP ( 'NONE', ( #8878, #647, #5964, #1738 ) ) ;
#9960 = EDGE_CURVE ( 'NONE', #1764, #6370, #10348, .T. ) ;
#9961 = CARTESIAN_POINT ( 'NONE',  ( 185.5000000000000284, 0.000000000000000000, -319.2174660514637026 ) ) ;
#9962 = ORIENTED_EDGE ( 'NONE', *, *, #11489, .F. ) ;
#9963 = CARTESIAN_POINT ( 'NONE',  ( 161.6745432400439029, -0.3505830258032034408, -259.2278827181302745 ) ) ;
#9964 = CARTESIAN_POINT ( 'NONE',  ( 2.470000000000027729, -2.283648034691970530, -1.080207047563647160 ) ) ;
#9965 = CONICAL_SURFACE ( 'NONE', #9605, 2.099999999984467181, 0.1332267516750969827 ) ;
#9966 = FACE_OUTER_BOUND ( 'NONE', #11079, .T. ) ;
#9967 = ORIENTED_EDGE ( 'NONE', *, *, #5344, .T. ) ;
#9968 = PLANE ( 'NONE',  #896 ) ;
#9969 = DIRECTION ( 'NONE',  ( 0.000000000000000000, 0.000000000000000000, 1.000000000000000000 ) ) ;
#9970 = CARTESIAN_POINT ( 'NONE',  ( 252.4999999999999432, -1.500000000000000000, -174.2174660514637310 ) ) ;
#9971 = VERTEX_POINT ( 'NONE', #9601 ) ;
#9972 = PLANE ( 'NONE',  #7682 ) ;
#9973 = EDGE_LOOP ( 'NONE', ( #10507, #9169, #964, #11010 ) ) ;
#9974 = CARTESIAN_POINT ( 'NONE',  ( 0.9700000000000541522, 2.316464276462898653, 0.1510640454359946094 ) ) ;
#9975 = SURFACE_STYLE_FILL_AREA ( #5428 ) ;
#9976 = EDGE_CURVE ( 'NONE', #1426, #9003, #3907, .T. ) ;
#9977 = LINE ( 'NONE', #8216, #11243 ) ;
#9978 = CARTESIAN_POINT ( 'NONE',  ( 200.5000000000000000, 0.000000000000000000, -234.2174660514637310 ) ) ;
#9979 = EDGE_LOOP ( 'NONE', ( #8024, #11253, #3010, #8949 ) ) ;
#9980 = CARTESIAN_POINT ( 'NONE',  ( 338.5000000000000000, -1.500000000000000000, -35.27282088253234349 ) ) ;
#9981 = PLANE ( 'NONE',  #11001 ) ;
#9982 = CARTESIAN_POINT ( 'NONE',  ( 0.9700000000000541522, 2.251583295995729372, 0.1996458709049714342 ) ) ;
#9983 = VERTEX_POINT ( 'NONE', #2990 ) ;
#9984 = CARTESIAN_POINT ( 'NONE',  ( 0.9700000000000541522, 2.381236316858021063, 0.1405888840665947548 ) ) ;
#9985 = DIRECTION ( 'NONE',  ( 1.445076253180192051E-16, 1.000000000000000000, -2.553512956637819811E-15 ) ) ;
#9986 = VECTOR ( 'NONE', #6900, 1000.000000000000000 ) ;
#9987 = DIRECTION ( 'NONE',  ( 0.000000000000000000, 0.000000000000000000, 1.000000000000000000 ) ) ;
#9988 = ADVANCED_FACE ( 'NONE', ( #10409 ), #8692, .F. ) ;
#9989 = VECTOR ( 'NONE', #9522, 1000.000000000000000 ) ;
#9990 = DIRECTION ( 'NONE',  ( 6.945799702660596533E-16, 0.5178324593895957673, -0.8554820535829625872 ) ) ;
#9991 = LINE ( 'NONE', #4405, #10525 ) ;
#9992 = ORIENTED_EDGE ( 'NONE', *, *, #6946, .T. ) ;
#9993 = VECTOR ( 'NONE', #5017, 1000.000000000000000 ) ;
#9994 = EDGE_CURVE ( 'NONE', #1779, #632, #2185, .T. ) ;
#9995 = LINE ( 'NONE', #7148, #4999 ) ;
#9996 = EDGE_CURVE ( 'NONE', #250, #6597, #5664, .T. ) ;
#9997 = ORIENTED_EDGE ( 'NONE', *, *, #6495, .T. ) ;
#9998 = DIRECTION ( 'NONE',  ( -1.000000000000000000, 0.000000000000000000, 0.000000000000000000 ) ) ;
#9999 = CARTESIAN_POINT ( 'NONE',  ( 2.470000000000027729, -1.857789974495566154, -0.7092133743810125068 ) ) ;
#10000 = DIRECTION ( 'NONE',  ( -0.000000000000000000, -1.000000000000000000, -0.000000000000000000 ) ) ;
#10001 = CARTESIAN_POINT ( 'NONE',  ( 0.9699999999999986411, 2.466494824628989946, -0.2095089610752998155 ) ) ;
#10002 = VECTOR ( 'NONE', #298, 1000.000000000000000 ) ;
#10003 = PLANE ( 'NONE',  #3273 ) ;
#10004 = LINE ( 'NONE', #6185, #534 ) ;
#10005 = VERTEX_POINT ( 'NONE', #1566 ) ;
#10006 = ORIENTED_EDGE ( 'NONE', *, *, #3264, .F. ) ;
#10007 = FACE_OUTER_BOUND ( 'NONE', #9403, .T. ) ;
#10008 = ORIENTED_EDGE ( 'NONE', *, *, #762, .T. ) ;
#10009 = ADVANCED_FACE ( 'NONE', ( #9900 ), #1326, .F. ) ;
#10010 = ORIENTED_EDGE ( 'NONE', *, *, #3463, .F. ) ;
#10011 = CIRCLE ( 'NONE', #1865, 2.110000000000000764 ) ;
#10012 = DIRECTION ( 'NONE',  ( 0.000000000000000000, 1.000000000000000000, 6.123233995736766036E-17 ) ) ;
#10013 = VERTEX_POINT ( 'NONE', #9836 ) ;
#10014 = CARTESIAN_POINT ( 'NONE',  ( 2.199500000017450496, 1.935043883257741599E-13, -1.229499999965133261 ) ) ;
#10015 = CARTESIAN_POINT ( 'NONE',  ( 296.0000000000000568, 0.000000000000000000, -179.2174660514637310 ) ) ;
#10016 = ORIENTED_EDGE ( 'NONE', *, *, #977, .F. ) ;
#10017 = CARTESIAN_POINT ( 'NONE',  ( 0.9700000000000541522, 2.516865274082874748, 0.2540680310140347453 ) ) ;
#10018 = ORIENTED_EDGE ( 'NONE', *, *, #10328, .F. ) ;
#10019 = CARTESIAN_POINT ( 'NONE',  ( 162.5208842375896268, -4.008369786715976919E-18, -259.2195497603852345 ) ) ;
#10020 = CONICAL_SURFACE ( 'NONE', #7114, 2.099999999984467181, 0.1332267516750969827 ) ;
#10021 = DIRECTION ( 'NONE',  ( 0.000000000000000000, 0.000000000000000000, -1.000000000000000000 ) ) ;
#10022 = VERTEX_POINT ( 'NONE', #5957 ) ;
#10023 = CARTESIAN_POINT ( 'NONE',  ( 0.9843342201064364527, 2.314590793895038523, 0.2895770477463338599 ) ) ;
#10024 = EDGE_CURVE ( 'NONE', #9940, #2276, #5287, .T. ) ;
#10025 = ORIENTED_EDGE ( 'NONE', *, *, #9913, .T. ) ;
#10026 = DIRECTION ( 'NONE',  ( 0.000000000000000000, 1.000000000000000000, 0.000000000000000000 ) ) ;
#10027 = LINE ( 'NONE', #2810, #4504 ) ;
#10028 = ORIENTED_EDGE ( 'NONE', *, *, #5815, .F. ) ;
#10029 = VECTOR ( 'NONE', #328, 1000.000000000000000 ) ;
#10030 = LINE ( 'NONE', #4447, #11777 ) ;
#10031 = ORIENTED_EDGE ( 'NONE', *, *, #1442, .T. ) ;
#10032 = CARTESIAN_POINT ( 'NONE',  ( 0.9699999999999986411, 2.398268237188666774, 0.01740461005361737534 ) ) ;
#10033 = CARTESIAN_POINT ( 'NONE',  ( 198.6688394328960499, 0.000000000000000000, -208.4456223450676475 ) ) ;
#10034 = DIRECTION ( 'NONE',  ( -5.882887990558551382E-16, -0.4999999999999998890, 0.8660254037844387076 ) ) ;
#10035 = DIRECTION ( 'NONE',  ( 0.000000000000000000, 0.000000000000000000, -1.000000000000000000 ) ) ;
#10036 = VECTOR ( 'NONE', #1410, 1000.000000000000000 ) ;
#10037 = ADVANCED_FACE ( 'NONE', ( #3154 ), #5049, .F. ) ;
#10038 = CARTESIAN_POINT ( 'NONE',  ( 2.450949999999868290, 0.06360232754354377960, 2.517800735127667444 ) ) ;
#10039 = VERTEX_POINT ( 'NONE', #10584 ) ;
#10040 = EDGE_CURVE ( 'NONE', #7626, #7322, #3339, .T. ) ;
#10041 = CARTESIAN_POINT ( 'NONE',  ( 2.199500000017451384, -1.387778780781445676E-13, 2.220446049250313081E-13 ) ) ;
#10042 = DIRECTION ( 'NONE',  ( 1.000000000000000000, 0.000000000000000000, 0.000000000000000000 ) ) ;
#10043 = FACE_OUTER_BOUND ( 'NONE', #10136, .T. ) ;
#10044 = ORIENTED_EDGE ( 'NONE', *, *, #660, .T. ) ;
#10045 = VECTOR ( 'NONE', #11472, 999.9999999999998863 ) ;
#10046 = AXIS2_PLACEMENT_3D ( 'NONE', #609, #2457, #2571 ) ;
#10047 = FACE_BOUND ( 'NONE', #5708, .T. ) ;
#10048 = DIRECTION ( 'NONE',  ( 0.000000000000000000, 0.000000000000000000, -1.000000000000000000 ) ) ;
#10049 =( NAMED_UNIT ( * ) PLANE_ANGLE_UNIT ( ) SI_UNIT ( $, .RADIAN. ) );
#10050 = DIRECTION ( 'NONE',  ( -0.000000000000000000, -0.000000000000000000, -1.000000000000000000 ) ) ;
#10051 = CARTESIAN_POINT ( 'NONE',  ( 0.9700000000000541522, 2.406246664099720434, 0.2565332301880385302 ) ) ;
#10052 = CARTESIAN_POINT ( 'NONE',  ( 5.000000000000004441, -1.750000000000000000, -1.750000000000017097 ) ) ;
#10053 = VECTOR ( 'NONE', #5659, 1000.000000000000000 ) ;
#10054 = EDGE_CURVE ( 'NONE', #9174, #4354, #21, .T. ) ;
#10055 = ORIENTED_EDGE ( 'NONE', *, *, #9017, .T. ) ;
#10056 = VECTOR ( 'NONE', #11277, 1000.000000000000114 ) ;
#10057 = EDGE_CURVE ( 'NONE', #2873, #3260, #397, .T. ) ;
#10058 = DIRECTION ( 'NONE',  ( 3.815501495555647197E-16, 0.9427057099412800012, -0.3336254553299362602 ) ) ;
#10059 = ORIENTED_EDGE ( 'NONE', *, *, #7851, .T. ) ;
#10060 = CARTESIAN_POINT ( 'NONE',  ( 498.4999999999998295, 0.000000000000000000, -58.27983018403566717 ) ) ;
#10061 = LINE ( 'NONE', #6181, #4326 ) ;
#10062 = CARTESIAN_POINT ( 'NONE',  ( 0.9700000000000541522, 2.215529865583654168, 0.2832232613420165857 ) ) ;
#10063 = DIRECTION ( 'NONE',  ( 1.000000000000000000, 1.722632009336720063E-16, -7.400880780937477100E-16 ) ) ;
#10064 = DIRECTION ( 'NONE',  ( -0.000000000000000000, -0.000000000000000000, 1.000000000000000000 ) ) ;
#10065 = VECTOR ( 'NONE', #7156, 1000.000000000000000 ) ;
#10066 = VECTOR ( 'NONE', #11788, 1000.000000000000000 ) ;
#10067 = VERTEX_POINT ( 'NONE', #2490 ) ;
#10068 = EDGE_CURVE ( 'NONE', #10712, #4434, #2253, .T. ) ;
#10069 = DIRECTION ( 'NONE',  ( 0.000000000000000000, 0.000000000000000000, -1.000000000000000000 ) ) ;
#10070 = DIRECTION ( 'NONE',  ( -1.000000000000000000, 0.000000000000000000, -0.000000000000000000 ) ) ;
#10071 = ADVANCED_FACE ( 'NONE', ( #8807 ), #11511, .T. ) ;
#10072 = CARTESIAN_POINT ( 'NONE',  ( 168.4999999999999716, -1.500000000000000000, -250.4628208825323554 ) ) ;
#10073 = VERTEX_POINT ( 'NONE', #7049 ) ;
#10074 = ORIENTED_EDGE ( 'NONE', *, *, #10134, .T. ) ;
#10075 = CARTESIAN_POINT ( 'NONE',  ( 272.0000000000000000, -1.500000000000000000, -224.7174660514637594 ) ) ;
#10076 = ORIENTED_EDGE ( 'NONE', *, *, #473, .T. ) ;
#10077 = AXIS2_PLACEMENT_3D ( 'NONE', #8348, #7365, #12077 ) ;
#10078 = ORIENTED_EDGE ( 'NONE', *, *, #3979, .T. ) ;
#10079 = LINE ( 'NONE', #4494, #2385 ) ;
#10080 = DIRECTION ( 'NONE',  ( 9.561467977824831532E-16, 2.220446049250319490E-16, -1.000000000000000000 ) ) ;
#10081 = CARTESIAN_POINT ( 'NONE',  ( 288.0000000000000568, -1.500000000000000000, -179.2174660514637310 ) ) ;
#10082 = ORIENTED_EDGE ( 'NONE', *, *, #1164, .T. ) ;
#10083 = ORIENTED_EDGE ( 'NONE', *, *, #1998, .T. ) ;
#10084 = EDGE_CURVE ( 'NONE', #6511, #11637, #11564, .T. ) ;
#10085 = CARTESIAN_POINT ( 'NONE',  ( 162.5151500000000340, -1.719258206887684937, -259.2403827181303200 ) ) ;
#10086 = VECTOR ( 'NONE', #91, 1000.000000000000000 ) ;
#10087 = ADVANCED_FACE ( 'NONE', ( #4194 ), #1387, .F. ) ;
#10088 = DIRECTION ( 'NONE',  ( -0.000000000000000000, 1.000000000000000000, -0.000000000000000000 ) ) ;
#10089 = VERTEX_POINT ( 'NONE', #11623 ) ;
#10090 = ADVANCED_FACE ( 'NONE', ( #3276 ), #1505, .F. ) ;
#10091 = PLANE ( 'NONE',  #8862 ) ;
#10092 = ORIENTED_EDGE ( 'NONE', *, *, #10750, .F. ) ;
#10093 = CARTESIAN_POINT ( 'NONE',  ( 0.9699999999999986411, 2.503720345612054032, -0.4439715996293197575 ) ) ;
#10095 = VERTEX_POINT ( 'NONE', #6078 ) ;
#10094 = VECTOR ( 'NONE', #11356, 1000.000000000000000 ) ;
#10096 = CARTESIAN_POINT ( 'NONE',  ( 308.4999999999998863, 0.000000000000000000, -253.2174660514637310 ) ) ;
#10097 = ORIENTED_EDGE ( 'NONE', *, *, #127, .F. ) ;
#10098 = DIRECTION ( 'NONE',  ( 0.000000000000000000, 0.000000000000000000, -1.000000000000000000 ) ) ;
#10099 = LINE ( 'NONE', #2691, #4887 ) ;
#10100 = PLANE ( 'NONE',  #4451 ) ;
#10101 = EDGE_CURVE ( 'NONE', #1491, #5767, #6133, .T. ) ;
#10102 = CARTESIAN_POINT ( 'NONE',  ( 161.3505830258032745, -2.825456759956101571, -85.13541666666671404 ) ) ;
#10103 = CARTESIAN_POINT ( 'NONE',  ( 0.9843342201064919639, 2.092235504760481035, -0.3948934297112738356 ) ) ;
#10104 = VECTOR ( 'NONE', #11456, 1000.000000000000000 ) ;
#10105 = EDGE_LOOP ( 'NONE', ( #5305, #1056, #348, #11873 ) ) ;
#10106 = CARTESIAN_POINT ( 'NONE',  ( 502.0000000000000000, -1.750000000000000000, -1.750000000000017097 ) ) ;
#10107 = CARTESIAN_POINT ( 'NONE',  ( 162.7500000000000284, -1.500000000000000000, -85.10000000000003695 ) ) ;
#10108 = EDGE_LOOP ( 'NONE', ( #9746, #4297, #11665, #915 ) ) ;
#10109 = DIRECTION ( 'NONE',  ( 0.000000000000000000, -1.000000000000000000, 0.000000000000000000 ) ) ;
#10110 = VERTEX_POINT ( 'NONE', #585 ) ;
#10111 = VECTOR ( 'NONE', #8035, 1000.000000000000000 ) ;
#10112 = DIRECTION ( 'NONE',  ( 1.000000000000000000, 0.000000000000000000, 0.000000000000000000 ) ) ;
#10113 = CARTESIAN_POINT ( 'NONE',  ( 2.469999999999805684, 0.03232682635356809442, 2.417505155565317754 ) ) ;
#10114 = DIRECTION ( 'NONE',  ( -0.000000000000000000, 1.000000000000000000, -0.000000000000000000 ) ) ;
#10115 = VERTEX_POINT ( 'NONE', #1443 ) ;
#10116 = CARTESIAN_POINT ( 'NONE',  ( 507.0000000000000000, -1.500999999999999890, -40.00000000000007105 ) ) ;
#10117 = DIRECTION ( 'NONE',  ( 1.000000000000000000, 2.000187765493021278E-16, -7.400880780937300593E-16 ) ) ;
#10118 = CARTESIAN_POINT ( 'NONE',  ( 200.5000000000000000, -1.500000000000000000, -243.2174660514637310 ) ) ;
#10119 = EDGE_CURVE ( 'NONE', #7312, #6922, #6193, .T. ) ;
#10120 = CARTESIAN_POINT ( 'NONE',  ( 207.5000000000000000, 0.000000000000000000, -179.2174660514637310 ) ) ;
#10121 = VECTOR ( 'NONE', #886, 1000.000000000000000 ) ;
#10122 = ORIENTED_EDGE ( 'NONE', *, *, #3677, .F. ) ;
#10123 = CARTESIAN_POINT ( 'NONE',  ( 162.2880149841058142, -3.469061774319557756, -85.14583333333335702 ) ) ;
#10124 = ORIENTED_EDGE ( 'NONE', *, *, #1655, .T. ) ;
#10125 = LINE ( 'NONE', #9147, #9222 ) ;
#10126 = PLANE ( 'NONE',  #3542 ) ;
#10127 = FACE_OUTER_BOUND ( 'NONE', #215, .T. ) ;
#10128 = DIRECTION ( 'NONE',  ( -9.621326830187598882E-16, -2.220446049250292373E-16, 1.000000000000000000 ) ) ;
#10129 = LINE ( 'NONE', #824, #5531 ) ;
#10130 = AXIS2_PLACEMENT_3D ( 'NONE', #10817, #9648, #3145 ) ;
#10131 = AXIS2_PLACEMENT_3D ( 'NONE', #2016, #11214, #10468 ) ;
#10132 = EDGE_CURVE ( 'NONE', #8103, #3319, #11750, .T. ) ;
#10133 = ORIENTED_EDGE ( 'NONE', *, *, #2954, .F. ) ;
#10134 = EDGE_CURVE ( 'NONE', #3660, #7397, #9105, .T. ) ;
#10135 = DIRECTION ( 'NONE',  ( 1.000000000000000000, 0.000000000000000000, 0.000000000000000000 ) ) ;
#10136 = EDGE_LOOP ( 'NONE', ( #9754, #6692, #2459, #10630 ) ) ;
#10137 = VERTEX_POINT ( 'NONE', #1627 ) ;
#10138 = CARTESIAN_POINT ( 'NONE',  ( 0.9700000000000541522, 2.421942635116247633, 0.2887058138483639125 ) ) ;
#10139 = AXIS2_PLACEMENT_3D ( 'NONE', #5228, #2379, #2433 ) ;
#10140 = VERTEX_POINT ( 'NONE', #9957 ) ;
#10141 = ORIENTED_EDGE ( 'NONE', *, *, #8260, .F. ) ;
#10142 = CARTESIAN_POINT ( 'NONE',  ( 0.9699999999999986411, 2.140667967656273429, -0.2325411859420839500 ) ) ;
#10143 = VERTEX_POINT ( 'NONE', #9164 ) ;
#10144 = CARTESIAN_POINT ( 'NONE',  ( 301.6665948878440986, 0.000000000000000000, -208.4456223450676475 ) ) ;
#10145 = ORIENTED_EDGE ( 'NONE', *, *, #3222, .F. ) ;
#10146 = ORIENTED_EDGE ( 'NONE', *, *, #9722, .F. ) ;
#10147 = EDGE_CURVE ( 'NONE', #5832, #7470, #11013, .T. ) ;
#10148 = CARTESIAN_POINT ( 'NONE',  ( 338.5000000000000568, 0.000000000000000000, -141.8128208825323497 ) ) ;
#10149 = CARTESIAN_POINT ( 'NONE',  ( 161.6653250392442658, -0.3385880231672309670, -259.2278827181302745 ) ) ;
#10150 = DIRECTION ( 'NONE',  ( 1.000000000000000000, 2.000187765493021278E-16, -7.400880780937300593E-16 ) ) ;
#10151 = EDGE_LOOP ( 'NONE', ( #9643, #1319, #7999, #11279 ) ) ;
#10152 = DIRECTION ( 'NONE',  ( 0.000000000000000000, 1.000000000000000000, 6.852157730108388023E-14 ) ) ;
#10153 = ORIENTED_EDGE ( 'NONE', *, *, #4496, .T. ) ;
#10154 = CARTESIAN_POINT ( 'NONE',  ( 0.9699999999999986411, 2.181209442382980868, -0.1852052908850321256 ) ) ;
#10155 = EDGE_CURVE ( 'NONE', #9414, #1290, #10079, .T. ) ;
#10156 = CARTESIAN_POINT ( 'NONE',  ( 0.9699999999999986411, 2.521531062727539130, -0.07459528143340110606 ) ) ;
#10157 = VECTOR ( 'NONE', #3579, 1000.000000000000000 ) ;
#10158 = VERTEX_POINT ( 'NONE', #7163 ) ;
#10159 = ADVANCED_FACE ( 'NONE', ( #2672 ), #6312, .T. ) ;
#10160 = PLANE ( 'NONE',  #8264 ) ;
#10161 = ORIENTED_EDGE ( 'NONE', *, *, #8065, .T. ) ;
#10162 = PLANE ( 'NONE',  #10695 ) ;
#10163 = LINE ( 'NONE', #8468, #8176 ) ;
#10164 = EDGE_CURVE ( 'NONE', #8937, #1094, #3644, .T. ) ;
#10165 = PLANE ( 'NONE',  #2291 ) ;
#10166 = CARTESIAN_POINT ( 'NONE',  ( 2.470000000000027729, -1.808402244772827627, -1.256417057498612877 ) ) ;
#10167 = CARTESIAN_POINT ( 'NONE',  ( 0.9700000000000541522, 2.362123067768035156, 0.1402156209755617278 ) ) ;
#10168 = EDGE_LOOP ( 'NONE', ( #1968, #11582, #6237, #11842, #5095, #3870 ) ) ;
#10169 = CIRCLE ( 'NONE', #2023, 1.229500000000014692 ) ;
#10170 = FACE_OUTER_BOUND ( 'NONE', #3625, .T. ) ;
#10171 = FACE_OUTER_BOUND ( 'NONE', #3122, .T. ) ;
#10172 = EDGE_CURVE ( 'NONE', #6277, #477, #6493, .T. ) ;
#10173 = ORIENTED_EDGE ( 'NONE', *, *, #6437, .T. ) ;
#10174 = CARTESIAN_POINT ( 'NONE',  ( 2.470000000000027729, -1.992290211928787746, -0.9379137554843958169 ) ) ;
#10175 = ORIENTED_EDGE ( 'NONE', *, *, #6505, .T. ) ;
#10176 = DIRECTION ( 'NONE',  ( 1.000000000000000000, 2.000187765493021278E-16, -7.400880780937300593E-16 ) ) ;
#10177 = PLANE ( 'NONE',  #1741 ) ;
#10178 = DIRECTION ( 'NONE',  ( 7.591233103568601563E-16, 0.2696926424169874825, -0.9629464567805123831 ) ) ;
#10179 = CARTESIAN_POINT ( 'NONE',  ( 345.9999999999999432, 0.000000000000000000, -259.9674660514637026 ) ) ;
#10180 = LINE ( 'NONE', #5561, #1303 ) ;
#10181 = ORIENTED_EDGE ( 'NONE', *, *, #4692, .T. ) ;
#10182 = CARTESIAN_POINT ( 'NONE',  ( 162.7500000000000284, -1.515149999999999997, -85.10000000000003695 ) ) ;
#10183 = ADVANCED_FACE ( 'NONE', ( #2736 ), #7221, .T. ) ;
#10184 = VERTEX_POINT ( 'NONE', #10205 ) ;
#10185 = VECTOR ( 'NONE', #9709, 1000.000000000000000 ) ;
#10186 = CARTESIAN_POINT ( 'NONE',  ( 167.0000000000000000, 0.000000000000000000, -233.2174660514637310 ) ) ;
#10187 = VECTOR ( 'NONE', #8120, 999.9999999999998863 ) ;
#10188 = CARTESIAN_POINT ( 'NONE',  ( 0.9843342201064364527, 2.385763063567691855, 0.2488730229634472657 ) ) ;
#10189 = ORIENTED_EDGE ( 'NONE', *, *, #637, .T. ) ;
#10190 = LINE ( 'NONE', #9999, #6664 ) ;
#10191 = PLANE ( 'NONE',  #7366 ) ;
#10192 = LINE ( 'NONE', #884, #4150 ) ;
#10193 = CARTESIAN_POINT ( 'NONE',  ( 2.470000000000055707, 2.025379290920920283, -1.076024774737380341 ) ) ;
#10194 = DIRECTION ( 'NONE',  ( 4.890418742754255516E-16, -0.7321128619958164885, -0.6811833507215914185 ) ) ;
#10195 = ORIENTED_EDGE ( 'NONE', *, *, #3480, .T. ) ;
#10196 = CARTESIAN_POINT ( 'NONE',  ( 198.4999999999999432, -1.500000000000000000, -179.2174660514637310 ) ) ;
#10197 = DIRECTION ( 'NONE',  ( 1.000000000000000000, 3.110410790118177818E-16, -7.400880780937398214E-16 ) ) ;
#10198 = VECTOR ( 'NONE', #6064, 1000.000000000000000 ) ;
#10199 = ORIENTED_EDGE ( 'NONE', *, *, #11374, .T. ) ;
#10200 = CARTESIAN_POINT ( 'NONE',  ( 0.9700000000000541522, 2.273044490338632428, 0.1765801039627645785 ) ) ;
#10201 = ORIENTED_EDGE ( 'NONE', *, *, #7567, .F. ) ;
#10202 = EDGE_CURVE ( 'NONE', #1503, #10467, #11523, .T. ) ;
#10203 = ORIENTED_EDGE ( 'NONE', *, *, #9358, .F. ) ;
#10204 = EDGE_CURVE ( 'NONE', #4229, #7712, #10891, .T. ) ;
#10205 = CARTESIAN_POINT ( 'NONE',  ( 0.9843342201064364527, 2.520332721926532571, 0.2680507760427636166 ) ) ;
#10206 = ORIENTED_EDGE ( 'NONE', *, *, #379, .T. ) ;
#10207 = CIRCLE ( 'NONE', #4973, 1.800000000000023803 ) ;
#10208 = LINE ( 'NONE', #6374, #4979 ) ;
#10209 = DIRECTION ( 'NONE',  ( -0.000000000000000000, -0.000000000000000000, -1.000000000000000000 ) ) ;
#10210 = ORIENTED_EDGE ( 'NONE', *, *, #5395, .T. ) ;
#10211 = VERTEX_POINT ( 'NONE', #648 ) ;
#10212 = CARTESIAN_POINT ( 'NONE',  ( 162.7192526882483605, -1.984850000000000225, -259.2653823440421661 ) ) ;
#10213 = PLANE ( 'NONE',  #2517 ) ;
#10214 = ORIENTED_EDGE ( 'NONE', *, *, #11408, .F. ) ;
#10215 = AXIS2_PLACEMENT_3D ( 'NONE', #1815, #4623, #2738 ) ;
#10216 = CARTESIAN_POINT ( 'NONE',  ( 0.9700000000000541522, 1.975537752030187555, 0.3268746884626805294 ) ) ;
#10217 = ORIENTED_EDGE ( 'NONE', *, *, #6814, .T. ) ;
#10218 = EDGE_CURVE ( 'NONE', #3266, #7290, #8406, .T. ) ;
#10219 = CARTESIAN_POINT ( 'NONE',  ( 0.9700000000000541522, 2.417556363763257110, 0.2676931372518620567 ) ) ;
#10220 = CARTESIAN_POINT ( 'NONE',  ( 0.9843342201064364527, 2.496588361724144889, -0.4418366081777036491 ) ) ;
#10221 = ORIENTED_EDGE ( 'NONE', *, *, #1461, .F. ) ;
#10222 = DIRECTION ( 'NONE',  ( 0.000000000000000000, 0.000000000000000000, 1.000000000000000000 ) ) ;
#10223 = ORIENTED_EDGE ( 'NONE', *, *, #6221, .F. ) ;
#10224 = CARTESIAN_POINT ( 'NONE',  ( 198.6688394328960499, 0.000000000000000000, -208.4456223450676475 ) ) ;
#10225 = AXIS2_PLACEMENT_3D ( 'NONE', #6575, #3783, #4019 ) ;
#10226 = CARTESIAN_POINT ( 'NONE',  ( 507.0000000000000000, 0.000000000000000000, -79.99999999999994316 ) ) ;
#10227 = CARTESIAN_POINT ( 'NONE',  ( 163.5000000000000284, -1.500000000000000000, -259.2174660514637026 ) ) ;
#10228 = CYLINDRICAL_SURFACE ( 'NONE', #2882, 2.000000000000001776 ) ;
#10229 = CARTESIAN_POINT ( 'NONE',  ( 243.4999999999999716, -1.500000000000000000, -215.2174660514637594 ) ) ;
#10230 = EDGE_CURVE ( 'NONE', #9326, #3023, #9230, .T. ) ;
#10231 = EDGE_CURVE ( 'NONE', #8489, #5735, #9161, .T. ) ;
#10232 = VERTEX_POINT ( 'NONE', #1691 ) ;
#10233 = VECTOR ( 'NONE', #4684, 1000.000000000000000 ) ;
#10234 = DIRECTION ( 'NONE',  ( -0.000000000000000000, -1.000000000000000000, -0.000000000000000000 ) ) ;
#10235 = CARTESIAN_POINT ( 'NONE',  ( 0.000000000000000000, 0.000000000000000000, -106.0000000000000000 ) ) ;
#10236 = VERTEX_POINT ( 'NONE', #5404 ) ;
#10237 = CARTESIAN_POINT ( 'NONE',  ( 233.4999999999999716, -1.500000000000000000, -179.2174660514637310 ) ) ;
#10238 = VERTEX_POINT ( 'NONE', #1874 ) ;
#10239 = CARTESIAN_POINT ( 'NONE',  ( 502.0000000000000000, -1.750000000000000000, -1.750000000000017097 ) ) ;
#10240 = CARTESIAN_POINT ( 'NONE',  ( 343.5000000000000000, -1.500000000000000444, -259.2174660514637026 ) ) ;
#10241 = CARTESIAN_POINT ( 'NONE',  ( 0.9700000000000541522, 2.419158929571618710, 0.2709282273876956193 ) ) ;
#10242 = CARTESIAN_POINT ( 'NONE',  ( 0.9843342201064364527, 2.523239701764157239, 0.2897166630500269680 ) ) ;
#10243 = LINE ( 'NONE', #6604, #1141 ) ;
#10244 = VECTOR ( 'NONE', #4651, 1000.000000000000000 ) ;
#10245 = EDGE_CURVE ( 'NONE', #6790, #10269, #5586, .T. ) ;
#10246 = ORIENTED_EDGE ( 'NONE', *, *, #4363, .T. ) ;
#10247 = EDGE_CURVE ( 'NONE', #4556, #3700, #2547, .T. ) ;
#10248 = CARTESIAN_POINT ( 'NONE',  ( 162.5151500000000340, -1.780741793112315063, -85.12708333333334565 ) ) ;
#10249 = AXIS2_PLACEMENT_3D ( 'NONE', #10227, #5367, #2570 ) ;
#10250 = ORIENTED_EDGE ( 'NONE', *, *, #10876, .F. ) ;
#10251 = AXIS2_PLACEMENT_3D ( 'NONE', #8038, #9922, #4213 ) ;
#10252 = CARTESIAN_POINT ( 'NONE',  ( 0.9843342201064919639, 2.217642729627683273, 0.2694351750214957208 ) ) ;
#10253 = PLANE ( 'NONE',  #5688 ) ;
#10254 = VERTEX_POINT ( 'NONE', #7405 ) ;
#10255 = DIRECTION ( 'NONE',  ( 1.000000000000000000, 1.722632009336720063E-16, -7.400880780937477100E-16 ) ) ;
#10256 = LINE ( 'NONE', #5454, #12062 ) ;
#10257 = FACE_OUTER_BOUND ( 'NONE', #6990, .T. ) ;
#10258 = LINE ( 'NONE', #1926, #7969 ) ;
#10259 = DIRECTION ( 'NONE',  ( 2.208597309011155190E-16, -0.8660254037844345998, -0.5000000000000069944 ) ) ;
#10260 = VERTEX_POINT ( 'NONE', #4429 ) ;
#10261 = LINE ( 'NONE', #11135, #5806 ) ;
#10262 = VECTOR ( 'NONE', #7533, 1000.000000000000000 ) ;
#10263 = ADVANCED_FACE ( 'NONE', ( #772 ), #4561, .F. ) ;
#10264 = VECTOR ( 'NONE', #10599, 1000.000000000000000 ) ;
#10265 = UNCERTAINTY_MEASURE_WITH_UNIT (LENGTH_MEASURE( 1.000000000000000082E-05 ), #5020, 'distance_accuracy_value', 'NONE');
#10266 = ORIENTED_EDGE ( 'NONE', *, *, #4927, .F. ) ;
#10267 = CARTESIAN_POINT ( 'NONE',  ( 345.1313332156491356, -0.2208738203800491573, -85.10833333333334849 ) ) ;
#10268 = ORIENTED_EDGE ( 'NONE', *, *, #10578, .T. ) ;
#10269 = VERTEX_POINT ( 'NONE', #3516 ) ;
#10270 = CARTESIAN_POINT ( 'NONE',  ( 261.0000000000000568, 0.000000000000000000, -174.2174660514637310 ) ) ;
#10271 = ORIENTED_EDGE ( 'NONE', *, *, #5637, .F. ) ;
#10272 = VECTOR ( 'NONE', #8674, 999.9999999999998863 ) ;
#10273 = CIRCLE ( 'NONE', #11264, 2.110000000000000764 ) ;
#10274 = CARTESIAN_POINT ( 'NONE',  ( 162.7500000000000284, -1.750000000000000000, -259.2674660514636571 ) ) ;
#10275 = CARTESIAN_POINT ( 'NONE',  ( 321.9999999999999432, -1.500000000000000000, -179.2174660514637310 ) ) ;
#10276 = EDGE_LOOP ( 'NONE', ( #10141, #1664 ) ) ;
#10277 = ORIENTED_EDGE ( 'NONE', *, *, #7178, .F. ) ;
#10278 = PLANE ( 'NONE',  #7334 ) ;
#10279 = EDGE_CURVE ( 'NONE', #4434, #11339, #3577, .T. ) ;
#10280 = LINE ( 'NONE', #1946, #3095 ) ;
#10281 = ORIENTED_EDGE ( 'NONE', *, *, #10472, .F. ) ;
#10282 = DIRECTION ( 'NONE',  ( 0.000000000000000000, 0.000000000000000000, 1.000000000000000000 ) ) ;
#10283 = ORIENTED_EDGE ( 'NONE', *, *, #9175, .T. ) ;
#10284 = CARTESIAN_POINT ( 'NONE',  ( 0.9699999999999986411, 2.483238627135203380, -0.4477264981799095045 ) ) ;
#10285 = DIRECTION ( 'NONE',  ( -7.054589166432185917E-16, 5.551115123125740301E-16, 1.000000000000000000 ) ) ;
#10286 = ORIENTED_EDGE ( 'NONE', *, *, #6842, .T. ) ;
#10287 = PLANE ( 'NONE',  #6130 ) ;
#10288 = ORIENTED_EDGE ( 'NONE', *, *, #6956, .F. ) ;
#10289 = AXIS2_PLACEMENT_3D ( 'NONE', #1126, #4851, #318 ) ;
#10290 = CARTESIAN_POINT ( 'NONE',  ( 178.6688394328960499, 0.000000000000000000, -208.4456223450676475 ) ) ;
#10291 = DIRECTION ( 'NONE',  ( 1.224515677766954392E-16, 0.9901489287481997081, 0.1400182091686376640 ) ) ;
#10292 = ADVANCED_FACE ( 'NONE', ( #11385 ), #3031, .F. ) ;
#10293 = CARTESIAN_POINT ( 'NONE',  ( 162.5209255356757865, -3.811648262644350293E-17, -85.10208333333339681 ) ) ;
#10294 = ADVANCED_FACE ( 'NONE', ( #2855 ), #11439, .F. ) ;
#10295 = CARTESIAN_POINT ( 'NONE',  ( 243.4999999999999716, 0.000000000000000000, -215.2174660514637594 ) ) ;
#10296 = VECTOR ( 'NONE', #4517, 1000.000000000000000 ) ;
#10297 = VERTEX_POINT ( 'NONE', #5710 ) ;
#10298 = CARTESIAN_POINT ( 'NONE',  ( 0.9843342201064364527, 2.324442703374368868, 0.1250508761556634596 ) ) ;
#10299 = LINE ( 'NONE', #5677, #3649 ) ;
#10300 = VERTEX_POINT ( 'NONE', #2180 ) ;
#10301 = DIRECTION ( 'NONE',  ( -3.947144821217413832E-16, 0.7144949460126306384, 0.6996406021111182261 ) ) ;
#10302 = EDGE_CURVE ( 'NONE', #3153, #287, #6626, .T. ) ;
#10303 = ORIENTED_EDGE ( 'NONE', *, *, #11717, .T. ) ;
#10304 = CARTESIAN_POINT ( 'NONE',  ( 0.000000000000000000, 0.000000000000000000, 0.000000000000000000 ) ) ;
#10305 = LINE ( 'NONE', #1971, #11493 ) ;
#10306 = ORIENTED_EDGE ( 'NONE', *, *, #11587, .F. ) ;
#10307 = FACE_OUTER_BOUND ( 'NONE', #177, .T. ) ;
#10308 = VECTOR ( 'NONE', #8558, 1000.000000000000000 ) ;
#10309 = DIRECTION ( 'NONE',  ( -0.000000000000000000, -1.000000000000000000, -0.000000000000000000 ) ) ;
#10310 = ADVANCED_FACE ( 'NONE', ( #6744 ), #6689, .T. ) ;
#10311 =( REPRESENTATION_RELATIONSHIP ('NONE','NONE', #3530, #6159 ) REPRESENTATION_RELATIONSHIP_WITH_TRANSFORMATION ( #8036 )SHAPE_REPRESENTATION_RELATIONSHIP( ) );
#10312 = FACE_BOUND ( 'NONE', #7762, .T. ) ;
#10313 = ORIENTED_EDGE ( 'NONE', *, *, #9533, .T. ) ;
#10314 = CARTESIAN_POINT ( 'NONE',  ( 162.7500000000000284, -1.500000000000000000, -85.10000000000003695 ) ) ;
#10315 = VECTOR ( 'NONE', #10426, 1000.000000000000000 ) ;
#10316 = VERTEX_POINT ( 'NONE', #2979 ) ;
#10317 = LINE ( 'NONE', #10252, #470 ) ;
#10318 =( LENGTH_UNIT ( ) NAMED_UNIT ( * ) SI_UNIT ( .MILLI., .METRE. ) );
#10319 = EDGE_CURVE ( 'NONE', #4082, #5192, #2969, .T. ) ;
#10320 = ORIENTED_EDGE ( 'NONE', *, *, #5919, .T. ) ;
#10321 = EDGE_CURVE ( 'NONE', #5197, #10889, #1199, .T. ) ;
#10322 = DIRECTION ( 'NONE',  ( -1.000000000000000000, -2.000187765493021278E-16, 7.400880780937300593E-16 ) ) ;
#10323 = DIRECTION ( 'NONE',  ( -1.445076253180192051E-16, -1.000000000000000000, 2.553512956637819811E-15 ) ) ;
#10324 = CARTESIAN_POINT ( 'NONE',  ( 502.0000000000000000, -3.500000000000000000, -3.375000000000069278 ) ) ;
#10325 = DIRECTION ( 'NONE',  ( -4.619824724853993812E-16, -0.8660254037844352659, 0.5000000000000058842 ) ) ;
#10326 = FACE_OUTER_BOUND ( 'NONE', #1916, .T. ) ;
#10327 = ORIENTED_EDGE ( 'NONE', *, *, #2954, .T. ) ;
#10328 = EDGE_CURVE ( 'NONE', #4749, #10254, #8506, .T. ) ;
#10329 = DIRECTION ( 'NONE',  ( -5.729747238077516883E-18, -1.000000000000000000, 3.497202527569202082E-15 ) ) ;
#10330 = VECTOR ( 'NONE', #825, 1000.000000000000000 ) ;
#10331 = CARTESIAN_POINT ( 'NONE',  ( 0.9843342201064364527, 2.125255814197507753, 0.1250508761559548931 ) ) ;
#10332 = EDGE_LOOP ( 'NONE', ( #3221, #9209, #6830, #7217, #5227, #6899, #10025, #10459, #10645, #8867, #6625, #11999, #8753, #2053, #11931, #3572, #6460, #452, #10674, #4266, #5694, #752, #5074, #3102, #9235, #2944, #3259, #9948, #3107, #590, #8693, #7389, #1404, #7162, #6416, #9373, #9640, #11803, #1235, #6186, #2826 ) ) ;
#10333 = DIRECTION ( 'NONE',  ( 6.845769268624693726E-16, -5.551115123125739315E-16, -1.000000000000000000 ) ) ;
#10334 = VERTEX_POINT ( 'NONE', #4688 ) ;
#10335 = ORIENTED_EDGE ( 'NONE', *, *, #4422, .T. ) ;
#10336 = VECTOR ( 'NONE', #2647, 1000.000000000000000 ) ;
#10337 = EDGE_CURVE ( 'NONE', #1195, #2768, #9534, .T. ) ;
#10338 = CARTESIAN_POINT ( 'NONE',  ( 0.9699999999999986411, 2.521531062727539130, -0.07459528143340110606 ) ) ;
#10339 = CARTESIAN_POINT ( 'NONE',  ( 0.9699999999999986411, 2.472612739809865179, -0.4539502272925405313 ) ) ;
#10340 = ORIENTED_EDGE ( 'NONE', *, *, #9040, .F. ) ;
#10341 = ORIENTED_EDGE ( 'NONE', *, *, #379, .F. ) ;
#10342 = CYLINDRICAL_SURFACE ( 'NONE', #11827, 0.1723194039403193323 ) ;
#10343 = CARTESIAN_POINT ( 'NONE',  ( 20.00000000000001421, 0.000000000000000000, -85.00000000000002842 ) ) ;
#10344 = AXIS2_PLACEMENT_3D ( 'NONE', #343, #7482, #2869 ) ;
#10345 = ORIENTED_EDGE ( 'NONE', *, *, #8706, .T. ) ;
#10346 = DIRECTION ( 'NONE',  ( 1.000000000000000000, 0.000000000000000000, 0.000000000000000000 ) ) ;
#10347 = ORIENTED_EDGE ( 'NONE', *, *, #3110, .T. ) ;
#10348 = LINE ( 'NONE', #8520, #4129 ) ;
#10349 = ORIENTED_EDGE ( 'NONE', *, *, #6221, .T. ) ;
#10350 = ADVANCED_FACE ( 'NONE', ( #4922 ), #9355, .F. ) ;
#10351 = DIRECTION ( 'NONE',  ( 0.000000000000000000, 1.000000000000000000, 0.000000000000000000 ) ) ;
#10352 = VECTOR ( 'NONE', #4490, 1000.000000000000000 ) ;
#10353 = CARTESIAN_POINT ( 'NONE',  ( 325.4999999999999432, 0.000000000000000000, -319.2174660514637026 ) ) ;
#10354 = ORIENTED_EDGE ( 'NONE', *, *, #9490, .F. ) ;
#10355 = AXIS2_PLACEMENT_3D ( 'NONE', #5079, #7802, #8840 ) ;
#10356 = LINE ( 'NONE', #8407, #7582 ) ;
#10357 = CARTESIAN_POINT ( 'NONE',  ( 301.9999999999999432, -1.500000000000000000, -243.2174660514637310 ) ) ;
#10358 = LINE ( 'NONE', #4996, #1315 ) ;
#10359 = CARTESIAN_POINT ( 'NONE',  ( 344.4791157624107996, -4.376892387809241438E-16, -259.2195497603852914 ) ) ;
#10360 = DIRECTION ( 'NONE',  ( -0.000000000000000000, 0.000000000000000000, 1.000000000000000000 ) ) ;
#10361 = AXIS2_PLACEMENT_3D ( 'NONE', #151, #6690, #1024 ) ;
#10362 = ORIENTED_EDGE ( 'NONE', *, *, #8411, .F. ) ;
#10363 = DIRECTION ( 'NONE',  ( 4.701583009046197764E-16, 0.8785436295979144328, -0.4776621095428466024 ) ) ;
#10364 = CARTESIAN_POINT ( 'NONE',  ( 270.0000000000000000, 0.000000000000000000, -174.2174660514637310 ) ) ;
#10365 = ORIENTED_EDGE ( 'NONE', *, *, #10684, .F. ) ;
#10366 = EDGE_CURVE ( 'NONE', #10444, #10143, #271, .T. ) ;
#10367 = DIRECTION ( 'NONE',  ( -0.7071067811865436870, 0.000000000000000000, 0.7071067811865513475 ) ) ;
#10368 = ORIENTED_EDGE ( 'NONE', *, *, #12024, .F. ) ;
#10369 = FACE_OUTER_BOUND ( 'NONE', #11241, .T. ) ;
#10370 = CARTESIAN_POINT ( 'NONE',  ( 344.2500000000000000, -1.500000000000000444, -85.10000000000000853 ) ) ;
#10371 = DIRECTION ( 'NONE',  ( 0.2274056061277857366, -3.120068117885606133E-16, 0.9738001285179902489 ) ) ;
#10372 = CARTESIAN_POINT ( 'NONE',  ( 0.9700000000000541522, 2.357842869644438899, 0.2479398652346503917 ) ) ;
#10373 = FACE_BOUND ( 'NONE', #9532, .T. ) ;
#10374 = AXIS2_PLACEMENT_3D ( 'NONE', #9202, #810, #7444 ) ;
#10375 = ORIENTED_EDGE ( 'NONE', *, *, #10684, .T. ) ;
#10376 = VERTEX_POINT ( 'NONE', #5769 ) ;
#10377 = CARTESIAN_POINT ( 'NONE',  ( 162.5212625168844909, -1.688528509358223184, -85.12083333333335133 ) ) ;
#10378 = ORIENTED_EDGE ( 'NONE', *, *, #1740, .F. ) ;
#10379 = EDGE_CURVE ( 'NONE', #2814, #6431, #1022, .T. ) ;
#10380 = LINE ( 'NONE', #9455, #2055 ) ;
#10381 = CARTESIAN_POINT ( 'NONE',  ( 210.8265096880607814, 0.000000000000000000, -228.4456223450676191 ) ) ;
#10382 = VERTEX_POINT ( 'NONE', #8387 ) ;
#10383 = LINE ( 'NONE', #1241, #4360 ) ;
#10384 = DIRECTION ( 'NONE',  ( -7.400880780937299607E-16, -5.551115123125742273E-16, -1.000000000000000000 ) ) ;
#10385 = CARTESIAN_POINT ( 'NONE',  ( 0.9699999999999986411, 2.472865152089859464, -0.4640019752579910284 ) ) ;
#10386 = LINE ( 'NONE', #1246, #10510 ) ;
#10387 = ORIENTED_EDGE ( 'NONE', *, *, #4724, .F. ) ;
#10388 = DIRECTION ( 'NONE',  ( 1.000000000000000000, 1.722632009336712421E-16, -4.625323219374409242E-16 ) ) ;
#10389 = EDGE_CURVE ( 'NONE', #10211, #2305, #24, .T. ) ;
#10390 = EDGE_CURVE ( 'NONE', #2982, #8790, #1138, .T. ) ;
#10391 = ORIENTED_EDGE ( 'NONE', *, *, #2002, .T. ) ;
#10392 = AXIS2_PLACEMENT_3D ( 'NONE', #10017, #2709, #7443 ) ;
#10393 = DIRECTION ( 'NONE',  ( 6.845769268624693726E-16, -5.551115123125739315E-16, -1.000000000000000000 ) ) ;
#10394 = ORIENTED_EDGE ( 'NONE', *, *, #7085, .T. ) ;
#10395 = EDGE_LOOP ( 'NONE', ( #11975, #1414, #613, #5193 ) ) ;
#10396 = CARTESIAN_POINT ( 'NONE',  ( 0.9699999999999986411, 2.523629592551174028, 0.1250508761553026371 ) ) ;
#10397 = CARTESIAN_POINT ( 'NONE',  ( 2.470000000000110774, 1.677594408828753103, -1.222539689753984860 ) ) ;
#10398 = ORIENTED_EDGE ( 'NONE', *, *, #8030, .F. ) ;
#10399 = VECTOR ( 'NONE', #7941, 1000.000000000000000 ) ;
#10400 = VERTEX_POINT ( 'NONE', #10699 ) ;
#10401 = VECTOR ( 'NONE', #694, 1000.000000000000000 ) ;
#10402 = LINE ( 'NONE', #1146, #5013 ) ;
#10403 = CARTESIAN_POINT ( 'NONE',  ( 0.9843342201064364527, 2.140667967656273429, -0.2325411859420839500 ) ) ;
#10404 = EDGE_CURVE ( 'NONE', #9518, #3525, #10755, .T. ) ;
#10405 = ORIENTED_EDGE ( 'NONE', *, *, #1001, .F. ) ;
#10406 = CARTESIAN_POINT ( 'NONE',  ( 300.9999999999999432, -1.500000000000001332, -264.2174660514637594 ) ) ;
#10407 = ORIENTED_EDGE ( 'NONE', *, *, #9611, .T. ) ;
#10408 = VECTOR ( 'NONE', #3626, 1000.000000000000000 ) ;
#10409 = FACE_OUTER_BOUND ( 'NONE', #1428, .T. ) ;
#10410 = ORIENTED_EDGE ( 'NONE', *, *, #2559, .F. ) ;
#10411 = DIRECTION ( 'NONE',  ( 0.000000000000000000, -1.000000000000000000, 0.000000000000000000 ) ) ;
#10412 = ORIENTED_EDGE ( 'NONE', *, *, #4481, .F. ) ;
#10413 = CARTESIAN_POINT ( 'NONE',  ( 402.9755125916354359, 0.000000000000000000, -52.24518781845740989 ) ) ;
#10414 = CARTESIAN_POINT ( 'NONE',  ( 2.469999999999972218, -1.792384863908286219, -0.8224983489919512891 ) ) ;
#10415 = AXIS2_PLACEMENT_3D ( 'NONE', #8355, #6656, #9261 ) ;
#10416 = FACE_OUTER_BOUND ( 'NONE', #3275, .T. ) ;
#10417 = LINE ( 'NONE', #6825, #11651 ) ;
#10418 = EDGE_CURVE ( 'NONE', #4104, #10232, #7942, .T. ) ;
#10419 = ORIENTED_EDGE ( 'NONE', *, *, #834, .F. ) ;
#10420 = LINE ( 'NONE', #926, #333 ) ;
#10421 = CARTESIAN_POINT ( 'NONE',  ( 300.9999999999999432, -84.71658488546623289, -264.2174660514637594 ) ) ;
#10422 = AXIS2_PLACEMENT_3D ( 'NONE', #7283, #6135, #5230 ) ;
#10423 = DIRECTION ( 'NONE',  ( 0.000000000000000000, 0.000000000000000000, -1.000000000000000000 ) ) ;
#10424 = ORIENTED_EDGE ( 'NONE', *, *, #10977, .T. ) ;
#10425 = CARTESIAN_POINT ( 'NONE',  ( 200.5000000000000000, 0.000000000000000000, -234.2174660514637310 ) ) ;
#10426 = DIRECTION ( 'NONE',  ( -6.845769268624692740E-16, 5.551115123125739315E-16, 1.000000000000000000 ) ) ;
#10427 = CARTESIAN_POINT ( 'NONE',  ( 185.5000000000000284, 0.000000000000000000, -317.4174660514637480 ) ) ;
#10428 = EDGE_CURVE ( 'NONE', #3136, #7746, #10634, .T. ) ;
#10429 = VECTOR ( 'NONE', #10346, 1000.000000000000000 ) ;
#10430 = EDGE_CURVE ( 'NONE', #3594, #1491, #11676, .T. ) ;
#10431 = ORIENTED_EDGE ( 'NONE', *, *, #9189, .F. ) ;
#10432 = EDGE_LOOP ( 'NONE', ( #1844, #10055, #11509, #1378 ) ) ;
#10433 = CARTESIAN_POINT ( 'NONE',  ( 0.9700000000000541522, 2.523629592551229983, 0.3459275904864889117 ) ) ;
#10434 = ORIENTED_EDGE ( 'NONE', *, *, #6985, .T. ) ;
#10435 = PLANE ( 'NONE',  #5348 ) ;
#10436 = DIRECTION ( 'NONE',  ( -5.815000796663748403E-17, -0.9822529701818841774, -0.1875609302836455661 ) ) ;
#10437 = ORIENTED_EDGE ( 'NONE', *, *, #565, .T. ) ;
#10438 = PRESENTATION_STYLE_ASSIGNMENT (( #11484 ) ) ;
#10439 = AXIS2_PLACEMENT_3D ( 'NONE', #7641, #2849, #9408 ) ;
#10440 = CARTESIAN_POINT ( 'NONE',  ( 402.9755125916354359, -1.224646799147346644E-18, -56.46518781845741586 ) ) ;
#10441 = LINE ( 'NONE', #5697, #9989 ) ;
#10442 = PLANE ( 'NONE',  #5259 ) ;
#10443 = DIRECTION ( 'NONE',  ( 0.000000000000000000, 0.000000000000000000, 1.000000000000000000 ) ) ;
#10444 = VERTEX_POINT ( 'NONE', #9710 ) ;
#10445 = DIRECTION ( 'NONE',  ( 0.7071067811865474617, -0.000000000000000000, -0.7071067811865474617 ) ) ;
#10446 = ADVANCED_FACE ( 'NONE', ( #7035 ), #8857, .F. ) ;
#10447 = EDGE_CURVE ( 'NONE', #11670, #4306, #509, .T. ) ;
#10448 = VERTEX_POINT ( 'NONE', #7876 ) ;
#10449 = VECTOR ( 'NONE', #1289, 1000.000000000000000 ) ;
#10450 = CARTESIAN_POINT ( 'NONE',  ( 341.0000000000000000, -2.000000000000000000, -172.2087330257318740 ) ) ;
#10451 = VERTEX_POINT ( 'NONE', #9646 ) ;
#10452 = EDGE_LOOP ( 'NONE', ( #5622, #11558, #5945, #3255 ) ) ;
#10453 = DIRECTION ( 'NONE',  ( 1.445076253180178246E-16, 1.000000000000000000, -5.551115123125738329E-16 ) ) ;
#10454 = FACE_OUTER_BOUND ( 'NONE', #7820, .T. ) ;
#10455 = ORIENTED_EDGE ( 'NONE', *, *, #3804, .F. ) ;
#10456 = EDGE_CURVE ( 'NONE', #11378, #7117, #5036, .T. ) ;
#10457 = VECTOR ( 'NONE', #1083, 999.9999999999998863 ) ;
#10458 = AXIS2_PLACEMENT_3D ( 'NONE', #9964, #2500, #7115 ) ;
#10459 = ORIENTED_EDGE ( 'NONE', *, *, #11717, .F. ) ;
#10460 = LINE ( 'NONE', #8573, #10262 ) ;
#10461 = EDGE_CURVE ( 'NONE', #3260, #1609, #10814, .T. ) ;
#10462 = DIRECTION ( 'NONE',  ( -0.000000000000000000, -0.000000000000000000, -1.000000000000000000 ) ) ;
#10463 = ORIENTED_EDGE ( 'NONE', *, *, #8799, .T. ) ;
#10464 = CARTESIAN_POINT ( 'NONE',  ( 0.9843342201064919639, 2.523629592551035472, -0.05453024012808116439 ) ) ;
#10465 = COLOUR_RGB ( '',0.7921568627450980005, 0.8196078431372548767, 0.9333333333333333481 ) ;
#10467 = VERTEX_POINT ( 'NONE', #8740 ) ;
#10466 = VECTOR ( 'NONE', #10843, 1000.000000000000000 ) ;
#10468 = DIRECTION ( 'NONE',  ( -4.992923249690979017E-16, 0.5000000000000058842, 0.8660254037844352659 ) ) ;
#10469 = ORIENTED_EDGE ( 'NONE', *, *, #11957, .T. ) ;
#10470 = CARTESIAN_POINT ( 'NONE',  ( 344.4791157624106290, -3.500000000000000000, -85.14791629107840265 ) ) ;
#10471 = EDGE_LOOP ( 'NONE', ( #9162, #37, #88, #4115 ) ) ;
#10472 = EDGE_CURVE ( 'NONE', #469, #6016, #9593, .T. ) ;
#10473 = ADVANCED_FACE ( 'NONE', ( #2721 ), #11793, .F. ) ;
#10474 = CARTESIAN_POINT ( 'NONE',  ( 0.9699999999999986411, 2.503720345611720965, -0.4496411351883611296 ) ) ;
#10475 = ORIENTED_EDGE ( 'NONE', *, *, #7136, .F. ) ;
#10476 = DIRECTION ( 'NONE',  ( -0.000000000000000000, -1.000000000000000000, -0.000000000000000000 ) ) ;
#10477 = VECTOR ( 'NONE', #3796, 1000.000000000000000 ) ;
#10478 = CIRCLE ( 'NONE', #1917, 2.110000000000000764 ) ;
#10479 = CARTESIAN_POINT ( 'NONE',  ( 344.3154369710898095, -1.506506830832921695, -259.2216327181303654 ) ) ;
#10480 = EDGE_CURVE ( 'NONE', #4119, #11724, #12035, .T. ) ;
#10481 = CARTESIAN_POINT ( 'NONE',  ( 243.5000000000000000, -1.500000000000000000, -228.4456223450676191 ) ) ;
#10482 = DIRECTION ( 'NONE',  ( 3.458811576222608189E-17, 0.9759635946335289969, 0.2179336182189449134 ) ) ;
#10483 = EDGE_LOOP ( 'NONE', ( #1695, #1652, #10959, #2100 ) ) ;
#10484 = DIRECTION ( 'NONE',  ( -0.7071067811865435759, -0.000000000000000000, -0.7071067811865514585 ) ) ;
#10485 = VECTOR ( 'NONE', #1961, 1000.000000000000000 ) ;
#10486 = CARTESIAN_POINT ( 'NONE',  ( 279.0000000000000000, 0.000000000000000000, -194.2174660514637310 ) ) ;
#10487 = EDGE_LOOP ( 'NONE', ( #6413, #2669, #8047, #2605 ) ) ;
#10488 = EDGE_CURVE ( 'NONE', #4173, #4104, #10061, .T. ) ;
#10489 = CARTESIAN_POINT ( 'NONE',  ( 0.4850000000260459299, -1.392364001873105284E-13, 2.064999999981155909 ) ) ;
#10490 = PLANE ( 'NONE',  #193 ) ;
#10491 = FACE_BOUND ( 'NONE', #9195, .T. ) ;
#10492 = VECTOR ( 'NONE', #2863, 1000.000000000000000 ) ;
#10493 = DIRECTION ( 'NONE',  ( -4.645108056928707144E-16, 0.6322109769216978092, 0.7747962833285357842 ) ) ;
#10494 = ORIENTED_EDGE ( 'NONE', *, *, #1451, .F. ) ;
#10495 = ORIENTED_EDGE ( 'NONE', *, *, #4215, .F. ) ;
#10496 = LINE ( 'NONE', #6102, #4817 ) ;
#10497 = ORIENTED_EDGE ( 'NONE', *, *, #1883, .T. ) ;
#10498 = PLANE ( 'NONE',  #4371 ) ;
#10499 = PLANE ( 'NONE',  #3948 ) ;
#10500 = EDGE_LOOP ( 'NONE', ( #1419, #8, #2937, #3452 ) ) ;
#10501 = AXIS2_PLACEMENT_3D ( 'NONE', #495, #6169, #10742 ) ;
#10502 = ADVANCED_FACE ( 'NONE', ( #2478 ), #11852, .F. ) ;
#10503 = LINE ( 'NONE', #7690, #1435 ) ;
#10504 = CARTESIAN_POINT ( 'NONE',  ( 8.499999999999285905, -1.500000000000001332, -84.66964398456981655 ) ) ;
#10505 = CARTESIAN_POINT ( 'NONE',  ( 300.9999999999999432, -1.500000000000001332, -324.2174660514637594 ) ) ;
#10506 = DIRECTION ( 'NONE',  ( -1.000000000000000000, -2.000187765493021278E-16, 7.400880780937300593E-16 ) ) ;
#10507 = ORIENTED_EDGE ( 'NONE', *, *, #9851, .T. ) ;
#10508 = CARTESIAN_POINT ( 'NONE',  ( 2.450949999999840756, 0.03232682635370687230, 2.345481331187900143 ) ) ;
#10509 = DIRECTION ( 'NONE',  ( 6.845769268624692740E-16, -5.551115123125739315E-16, -1.000000000000000000 ) ) ;
#10510 = VECTOR ( 'NONE', #261, 1000.000000000000000 ) ;
#10511 = ORIENTED_EDGE ( 'NONE', *, *, #3190, .T. ) ;
#10512 = FACE_OUTER_BOUND ( 'NONE', #1172, .T. ) ;
#10513 = ORIENTED_EDGE ( 'NONE', *, *, #3248, .F. ) ;
#10514 = VERTEX_POINT ( 'NONE', #6418 ) ;
#10515 = DIRECTION ( 'NONE',  ( -1.000000000000000000, -1.722632009336720063E-16, 7.400880780937477100E-16 ) ) ;
#10516 = ADVANCED_FACE ( 'NONE', ( #7210, #1613 ), #3505, .F. ) ;
#10517 = EDGE_CURVE ( 'NONE', #1491, #6864, #1555, .T. ) ;
#10518 = DIRECTION ( 'NONE',  ( 0.000000000000000000, 0.000000000000000000, -1.000000000000000000 ) ) ;
#10519 = VECTOR ( 'NONE', #3118, 1000.000000000000114 ) ;
#10520 = ORIENTED_EDGE ( 'NONE', *, *, #5621, .F. ) ;
#10521 = CARTESIAN_POINT ( 'NONE',  ( 189.4999999999999716, 0.000000000000000000, -179.2174660514637310 ) ) ;
#10522 = LINE ( 'NONE', #9302, #2693 ) ;
#10523 = ORIENTED_EDGE ( 'NONE', *, *, #1925, .F. ) ;
#10524 = LINE ( 'NONE', #279, #2853 ) ;
#10525 = VECTOR ( 'NONE', #9936, 1000.000000000000000 ) ;
#10526 = ORIENTED_EDGE ( 'NONE', *, *, #3351, .T. ) ;
#10527 = CARTESIAN_POINT ( 'NONE',  ( 0.9700000000000541522, 2.366492138056563999, 0.2474031920336461354 ) ) ;
#10528 = VERTEX_POINT ( 'NONE', #7265 ) ;
#10529 = ADVANCED_FACE ( 'NONE', ( #10879 ), #821, .F. ) ;
#10530 = CARTESIAN_POINT ( 'NONE',  ( 344.4036366799937241, -1.550083289400455477, -85.11041666666667993 ) ) ;
#10531 = DIRECTION ( 'NONE',  ( 0.000000000000000000, 0.000000000000000000, 1.000000000000000000 ) ) ;
#10532 = ORIENTED_EDGE ( 'NONE', *, *, #8814, .F. ) ;
#10533 = LINE ( 'NONE', #6877, #9129 ) ;
#10534 = DIRECTION ( 'NONE',  ( 1.000000000000000000, 2.000187765493021278E-16, -7.400880780937300593E-16 ) ) ;
#10535 = MECHANICAL_DESIGN_GEOMETRIC_PRESENTATION_REPRESENTATION (  '', ( #801 ), #2956 ) ;
#10536 = DIRECTION ( 'NONE',  ( 2.617488922459230047E-16, -0.8362669866895622306, -0.5483224662305562491 ) ) ;
#10537 = CARTESIAN_POINT ( 'NONE',  ( 344.2827307998732067, -1.500000000000000444, -259.2195497589002002 ) ) ;
#10538 = DIRECTION ( 'NONE',  ( 1.832516816959995352E-16, 0.9916040896878421940, -0.1293109790943751947 ) ) ;
#10539 = ADVANCED_FACE ( 'NONE', ( #2594 ), #4478, .F. ) ;
#10540 = ADVANCED_FACE ( 'NONE', ( #4546 ), #8239, .F. ) ;
#10541 = CYLINDRICAL_SURFACE ( 'NONE', #5015, 2.000000000000001776 ) ;
#10542 = AXIS2_PLACEMENT_3D ( 'NONE', #4370, #6432, #2607 ) ;
#10543 = ADVANCED_FACE ( 'NONE', ( #11064 ), #10126, .F. ) ;
#10544 = LINE ( 'NONE', #6938, #1456 ) ;
#10545 = ORIENTED_EDGE ( 'NONE', *, *, #7124, .F. ) ;
#10546 = DIRECTION ( 'NONE',  ( 6.845769268624692740E-16, -5.551115123125739315E-16, -1.000000000000000000 ) ) ;
#10547 = CARTESIAN_POINT ( 'NONE',  ( 0.9700000000000541522, 2.466484790674877914, 0.1704206895832005575 ) ) ;
#10548 =( NAMED_UNIT ( * ) SI_UNIT ( $, .STERADIAN. ) SOLID_ANGLE_UNIT ( ) );
#10549 = DIRECTION ( 'NONE',  ( -1.000000000000000000, -0.000000000000000000, -0.000000000000000000 ) ) ;
#10550 = CLOSED_SHELL ( 'NONE', ( #3527, #10597, #3026, #9708, #1852, #11742, #10071, #11473, #2069, #5178, #6603, #4464, #12010, #5393, #2963, #11232, #3445, #11941, #354, #2439, #9701, #7910, #10580, #389, #1898, #5399, #4596, #11824, #6644, #5940, #6192, #3721, #9109, #3832, #3062, #2221, #3646, #1560, #4380, #3874, #11660, #10294, #1314, #2802, #161, #9911, #8591, #8246, #1614, #8575, #5785, #1673, #3941, #9224, #2440, #930, #8963, #3296, #11741 ) ) ;
#10551 = VECTOR ( 'NONE', #1003, 1000.000000000000114 ) ;
#10552 = EDGE_CURVE ( 'NONE', #3525, #11506, #2047, .T. ) ;
#10553 = ORIENTED_EDGE ( 'NONE', *, *, #4612, .T. ) ;
#10554 = ORIENTED_EDGE ( 'NONE', *, *, #7473, .T. ) ;
#10555 = CARTESIAN_POINT ( 'NONE',  ( 261.0000000000000000, 0.000000000000000000, -181.7174660514637310 ) ) ;
#10556 = ORIENTED_EDGE ( 'NONE', *, *, #10621, .F. ) ;
#10557 = CYLINDRICAL_SURFACE ( 'NONE', #868, 2.000000000000001776 ) ;
#10558 = DIRECTION ( 'NONE',  ( -1.000000000000000000, 0.000000000000000000, -0.000000000000000000 ) ) ;
#10559 = ORIENTED_EDGE ( 'NONE', *, *, #4313, .F. ) ;
#10560 = VECTOR ( 'NONE', #10209, 1000.000000000000000 ) ;
#10561 = CARTESIAN_POINT ( 'NONE',  ( 278.0000000000000000, -1.500000000000000000, -224.7174660514637594 ) ) ;
#10562 = DIRECTION ( 'NONE',  ( 4.992923249690979017E-16, -0.5000000000000059952, -0.8660254037844352659 ) ) ;
#10563 = CARTESIAN_POINT ( 'NONE',  ( 288.0000000000000568, 0.000000000000000000, -194.2174660514637594 ) ) ;
#10564 = LINE ( 'NONE', #5936, #11300 ) ;
#10565 = CARTESIAN_POINT ( 'NONE',  ( 0.9699999999999986411, 2.502365463612932217, -0.4324412773112490394 ) ) ;
#10566 = VERTEX_POINT ( 'NONE', #3814 ) ;
#10567 = CARTESIAN_POINT ( 'NONE',  ( 0.9699999999999986411, 2.497005303495281048, -0.4455356094380108489 ) ) ;
#10568 = EDGE_CURVE ( 'NONE', #4376, #10749, #1062, .T. ) ;
#10569 = ORIENTED_EDGE ( 'NONE', *, *, #5524, .F. ) ;
#10570 = CARTESIAN_POINT ( 'NONE',  ( 266.6723182195912614, 0.000000000000000000, -210.1763372145972539 ) ) ;
#10571 = VERTEX_POINT ( 'NONE', #1858 ) ;
#10572 = VERTEX_POINT ( 'NONE', #3936 ) ;
#10573 = VECTOR ( 'NONE', #10984, 1000.000000000000000 ) ;
#10574 = DIRECTION ( 'NONE',  ( -2.616347117162466861E-16, 0.8759515744415719007, 0.4823990456389102288 ) ) ;
#10575 = CARTESIAN_POINT ( 'NONE',  ( 168.4999999999999716, 0.000000000000000000, -250.4628208825323554 ) ) ;
#10576 = VERTEX_POINT ( 'NONE', #11184 ) ;
#10577 = LINE ( 'NONE', #7947, #9484 ) ;
#10578 = EDGE_CURVE ( 'NONE', #9074, #5658, #2904, .T. ) ;
#10579 = VERTEX_POINT ( 'NONE', #9278 ) ;
#10580 = ADVANCED_FACE ( 'NONE', ( #6611 ), #10253, .T. ) ;
#10581 = ORIENTED_EDGE ( 'NONE', *, *, #3750, .T. ) ;
#10582 = LINE ( 'NONE', #10707, #2472 ) ;
#10583 = VERTEX_POINT ( 'NONE', #4787 ) ;
#10584 = CARTESIAN_POINT ( 'NONE',  ( 281.6665948878439849, -0.000000000000000000, -208.4456223450676475 ) ) ;
#10585 = VERTEX_POINT ( 'NONE', #4848 ) ;
#10586 = AXIS2_PLACEMENT_3D ( 'NONE', #8555, #9398, #6675 ) ;
#10587 = CARTESIAN_POINT ( 'NONE',  ( 344.7080587976286097, -0.04554781583042397108, -85.10416666666667140 ) ) ;
#10588 = DIRECTION ( 'NONE',  ( 1.000000000000000000, 2.000187765493021278E-16, -7.400880780937300593E-16 ) ) ;
#10589 = AXIS2_PLACEMENT_3D ( 'NONE', #5934, #3374, #9815 ) ;
#10590 = VERTEX_POINT ( 'NONE', #11247 ) ;
#10591 = FACE_OUTER_BOUND ( 'NONE', #5420, .T. ) ;
#10592 = DIRECTION ( 'NONE',  ( 1.000000000000000000, 1.722632009336720063E-16, -7.400880780937477100E-16 ) ) ;
#10593 = PLANE ( 'NONE',  #8314 ) ;
#10594 = CARTESIAN_POINT ( 'NONE',  ( 344.5000000000000000, -1.782724923474893863, -259.2445493847970965 ) ) ;
#10595 = LINE ( 'NONE', #3915, #750 ) ;
#10596 = AXIS2_PLACEMENT_3D ( 'NONE', #3369, #11656, #10797 ) ;
#10597 = ADVANCED_FACE ( 'NONE', ( #5813 ), #5493, .F. ) ;
#10598 = CARTESIAN_POINT ( 'NONE',  ( 2.450950000000007289, -2.097809233474079438, -0.8477885581625321798 ) ) ;
#10599 = DIRECTION ( 'NONE',  ( 1.000000000000000000, 0.000000000000000000, 0.000000000000000000 ) ) ;
#10600 = ORIENTED_EDGE ( 'NONE', *, *, #7506, .F. ) ;
#10601 = CARTESIAN_POINT ( 'NONE',  ( 173.0000000000000000, 0.000000000000000000, -233.2174660514637310 ) ) ;
#10602 = VERTEX_POINT ( 'NONE', #1984 ) ;
#10603 = PLANE ( 'NONE',  #3104 ) ;
#10604 = VECTOR ( 'NONE', #9561, 1000.000000000000000 ) ;
#10605 = DIRECTION ( 'NONE',  ( -0.000000000000000000, 0.000000000000000000, 1.000000000000000000 ) ) ;
#10606 = EDGE_CURVE ( 'NONE', #7712, #4164, #6545, .T. ) ;
#10607 = EDGE_CURVE ( 'NONE', #7732, #11767, #9517, .T. ) ;
#10608 = DIRECTION ( 'NONE',  ( 0.000000000000000000, 0.000000000000000000, 1.000000000000000000 ) ) ;
#10609 = ORIENTED_EDGE ( 'NONE', *, *, #3410, .T. ) ;
#10611 = ORIENTED_EDGE ( 'NONE', *, *, #10776, .F. ) ;
#10610 = VECTOR ( 'NONE', #899, 1000.000000000000000 ) ;
#10612 = DIRECTION ( 'NONE',  ( 4.593161372622970225E-16, -0.6388582020700594999, -0.7693245073750160090 ) ) ;
#10613 = ORIENTED_EDGE ( 'NONE', *, *, #3367, .T. ) ;
#10614 = CARTESIAN_POINT ( 'NONE',  ( 299.4999999999999432, -1.500000000000000000, -253.2174660514637310 ) ) ;
#10615 = LINE ( 'NONE', #3128, #8010 ) ;
#10616 = EDGE_LOOP ( 'NONE', ( #9702, #10799, #3072, #2233 ) ) ;
#10617 = FILL_AREA_STYLE_COLOUR ( '', #3581 ) ;
#10618 = PLANE ( 'NONE',  #7497 ) ;
#10619 = FACE_BOUND ( 'NONE', #3589, .T. ) ;
#10620 = FACE_OUTER_BOUND ( 'NONE', #11995, .T. ) ;
#10621 = EDGE_CURVE ( 'NONE', #8115, #11028, #11918, .T. ) ;
#10622 = EDGE_CURVE ( 'NONE', #6641, #4119, #9397, .T. ) ;
#10623 = CARTESIAN_POINT ( 'NONE',  ( 173.0000000000000000, 0.000000000000000000, -179.2174660514637310 ) ) ;
#10624 = PLANE ( 'NONE',  #3328 ) ;
#10625 = STYLED_ITEM ( 'NONE', ( #5242 ), #2123 ) ;
#10626 = EDGE_CURVE ( 'NONE', #6316, #1179, #2781, .T. ) ;
#10627 = ORIENTED_EDGE ( 'NONE', *, *, #8354, .T. ) ;
#10628 = CARTESIAN_POINT ( 'NONE',  ( 330.0000000000000000, -1.500000000000000000, -179.2174660514637310 ) ) ;
#10629 = DIRECTION ( 'NONE',  ( -0.7071067811865514585, -0.000000000000000000, -0.7071067811865435759 ) ) ;
#10630 = ORIENTED_EDGE ( 'NONE', *, *, #7842, .T. ) ;
#10631 = ORIENTED_EDGE ( 'NONE', *, *, #47, .F. ) ;
#10632 = AXIS2_PLACEMENT_3D ( 'NONE', #6127, #10642, #3335 ) ;
#10633 = DIRECTION ( 'NONE',  ( -1.000000000000000000, 0.000000000000000000, -0.000000000000000000 ) ) ;
#10634 = LINE ( 'NONE', #6009, #5876 ) ;
#10635 = CARTESIAN_POINT ( 'NONE',  ( 0.9843342201063809416, 2.500674538437719363, -0.4614095828219255679 ) ) ;
#10636 = ADVANCED_FACE ( 'NONE', ( #7628 ), #11657, .F. ) ;
#10637 = EDGE_LOOP ( 'NONE', ( #2719, #3711, #6955, #10944 ) ) ;
#10638 = DIRECTION ( 'NONE',  ( 0.000000000000000000, 0.000000000000000000, 1.000000000000000000 ) ) ;
#10639 = VECTOR ( 'NONE', #6295, 1000.000000000000000 ) ;
#10640 = ORIENTED_EDGE ( 'NONE', *, *, #3444, .T. ) ;
#10641 = VERTEX_POINT ( 'NONE', #9628 ) ;
#10642 = DIRECTION ( 'NONE',  ( 0.000000000000000000, -1.000000000000000000, 0.000000000000000000 ) ) ;
#10643 = ORIENTED_EDGE ( 'NONE', *, *, #4571, .F. ) ;
#10644 = DIRECTION ( 'NONE',  ( 9.615840696448729589E-16, 2.220446049250282512E-16, -1.000000000000000000 ) ) ;
#10645 = ORIENTED_EDGE ( 'NONE', *, *, #7671, .T. ) ;
#10646 = VECTOR ( 'NONE', #10549, 1000.000000000000000 ) ;
#10647 = AXIS2_PLACEMENT_3D ( 'NONE', #6649, #2761, #982 ) ;
#10648 = CARTESIAN_POINT ( 'NONE',  ( 344.4036366799937241, -1.949916710599544967, -85.13958333333333428 ) ) ;
#10649 = CARTESIAN_POINT ( 'NONE',  ( 0.9699999999999986411, 2.237352282273868731, -0.1849315072806612115 ) ) ;
#10650 = ORIENTED_EDGE ( 'NONE', *, *, #2371, .T. ) ;
#10651 = EDGE_CURVE ( 'NONE', #4901, #2964, #4163, .T. ) ;
#10652 = CARTESIAN_POINT ( 'NONE',  ( 336.1545311035279724, -1.500000000000000000, -228.4456223450676475 ) ) ;
#10653 = VERTEX_POINT ( 'NONE', #313 ) ;
#10654 = CARTESIAN_POINT ( 'NONE',  ( 178.6688394328960499, -1.500000000000000000, -228.4456223450676191 ) ) ;
#10655 = CARTESIAN_POINT ( 'NONE',  ( 344.4378017579372226, -1.894326297186109009, -259.2528827181303654 ) ) ;
#10656 = CARTESIAN_POINT ( 'NONE',  ( 305.0000000000000568, 0.000000000000000000, -194.2174660514637310 ) ) ;
#10657 = VECTOR ( 'NONE', #1098, 1000.000000000000000 ) ;
#10658 = VECTOR ( 'NONE', #3412, 1000.000000000000114 ) ;
#10659 = ORIENTED_EDGE ( 'NONE', *, *, #5718, .T. ) ;
#10660 = LINE ( 'NONE', #11638, #9825 ) ;
#10661 = DIRECTION ( 'NONE',  ( -1.445076253180192051E-16, -1.000000000000000000, 2.553512956637819811E-15 ) ) ;
#10662 = DIRECTION ( 'NONE',  ( 4.612941679240482221E-16, -0.6363377765197415492, -0.7714105483942460539 ) ) ;
#10663 = ORIENTED_EDGE ( 'NONE', *, *, #9895, .F. ) ;
#10664 = LINE ( 'NONE', #2209, #2836 ) ;
#10665 = ORIENTED_EDGE ( 'NONE', *, *, #9148, .F. ) ;
#10666 = EDGE_CURVE ( 'NONE', #2488, #6277, #556, .T. ) ;
#10667 = AXIS2_PLACEMENT_3D ( 'NONE', #10521, #4485, #11923 ) ;
#10668 = LINE ( 'NONE', #11584, #10903 ) ;
#10669 = EDGE_CURVE ( 'NONE', #396, #10786, #2166, .T. ) ;
#10670 = DIRECTION ( 'NONE',  ( -1.068786975720299338E-15, 5.551115123125700858E-16, 1.000000000000000000 ) ) ;
#10671 = DIRECTION ( 'NONE',  ( 0.000000000000000000, 0.000000000000000000, -1.000000000000000000 ) ) ;
#10672 = AXIS2_PLACEMENT_3D ( 'NONE', #1398, #8877, #531 ) ;
#10673 = ORIENTED_EDGE ( 'NONE', *, *, #7591, .F. ) ;
#10674 = ORIENTED_EDGE ( 'NONE', *, *, #4528, .T. ) ;
#10675 = DIRECTION ( 'NONE',  ( 1.000000000000000000, 1.722632009336720063E-16, -7.400880780937477100E-16 ) ) ;
#10676 = ORIENTED_EDGE ( 'NONE', *, *, #11226, .F. ) ;
#10677 = CARTESIAN_POINT ( 'NONE',  ( 0.9700000000000541522, 2.336132259871254391, 0.2556232938958347134 ) ) ;
#10678 = CARTESIAN_POINT ( 'NONE',  ( 261.0000000000000568, -1.500000000000000000, -174.2174660514637310 ) ) ;
#10679 = ORIENTED_EDGE ( 'NONE', *, *, #6540, .F. ) ;
#10680 = PLANE ( 'NONE',  #5529 ) ;
#10681 = DIRECTION ( 'NONE',  ( -0.000000000000000000, -0.000000000000000000, 1.000000000000000000 ) ) ;
#10682 = FACE_BOUND ( 'NONE', #9929, .T. ) ;
#10683 = CARTESIAN_POINT ( 'NONE',  ( 162.7500000000000284, 0.000000000000000000, -259.2174660514637026 ) ) ;
#10684 = EDGE_CURVE ( 'NONE', #5122, #2066, #10615, .T. ) ;
#10685 = ORIENTED_EDGE ( 'NONE', *, *, #186, .F. ) ;
#10686 = VECTOR ( 'NONE', #8306, 1000.000000000000000 ) ;
#10687 = DIRECTION ( 'NONE',  ( -0.000000000000000000, 0.000000000000000000, 1.000000000000000000 ) ) ;
#10688 = CARTESIAN_POINT ( 'NONE',  ( 10.49999999999928413, -1.500000000000001332, -80.66964398456984497 ) ) ;
#10689 = FACE_OUTER_BOUND ( 'NONE', #3035, .T. ) ;
#10690 = DIRECTION ( 'NONE',  ( -1.000000000000000000, 0.000000000000000000, 0.000000000000000000 ) ) ;
#10691 = ORIENTED_EDGE ( 'NONE', *, *, #9976, .T. ) ;
#10692 = EDGE_CURVE ( 'NONE', #4458, #8199, #8902, .T. ) ;
#10693 = LINE ( 'NONE', #1253, #9831 ) ;
#10694 = ORIENTED_EDGE ( 'NONE', *, *, #536, .F. ) ;
#10695 = AXIS2_PLACEMENT_3D ( 'NONE', #2815, #1830, #7426 ) ;
#10696 = ADVANCED_FACE ( 'NONE', ( #3182 ), #10499, .F. ) ;
#10697 = ORIENTED_EDGE ( 'NONE', *, *, #4076, .F. ) ;
#10698 = DIRECTION ( 'NONE',  ( -9.628834090771747916E-17, 0.9090442707885191265, 0.4166995485317561143 ) ) ;
#10699 = CARTESIAN_POINT ( 'NONE',  ( 502.0000000000000000, -3.500000000000000000, -5.000000000000069278 ) ) ;
#10700 = DIRECTION ( 'NONE',  ( -0.000000000000000000, -1.000000000000000000, -0.000000000000000000 ) ) ;
#10701 = PRODUCT_RELATED_PRODUCT_CATEGORY ( 'part', '', ( #6855 ) ) ;
#10702 = ORIENTED_EDGE ( 'NONE', *, *, #2611, .F. ) ;
#10703 = CARTESIAN_POINT ( 'NONE',  ( 163.5000000000000284, 0.000000000000000000, -259.2174660514637026 ) ) ;
#10704 = AXIS2_PLACEMENT_3D ( 'NONE', #5324, #9756, #10746 ) ;
#10705 = VERTEX_POINT ( 'NONE', #9578 ) ;
#10706 = ORIENTED_EDGE ( 'NONE', *, *, #6178, .F. ) ;
#10707 = CARTESIAN_POINT ( 'NONE',  ( 330.0000000000000000, -1.500000000000000000, -194.2174660514637310 ) ) ;
#10708 = ORIENTED_EDGE ( 'NONE', *, *, #2569, .T. ) ;
#10709 = ADVANCED_FACE ( 'NONE', ( #5871 ), #1239, .F. ) ;
#10710 = ORIENTED_EDGE ( 'NONE', *, *, #4665, .T. ) ;
#10711 = DIRECTION ( 'NONE',  ( -1.000000000000000000, 0.000000000000000000, 0.000000000000000000 ) ) ;
#10712 = VERTEX_POINT ( 'NONE', #5930 ) ;
#10713 = CARTESIAN_POINT ( 'NONE',  ( 345.1313332156489651, -3.279126179619992865, -85.14166666666666572 ) ) ;
#10714 = ORIENTED_EDGE ( 'NONE', *, *, #11164, .T. ) ;
#10715 = FACE_OUTER_BOUND ( 'NONE', #4794, .T. ) ;
#10716 = VERTEX_POINT ( 'NONE', #8665 ) ;
#10717 = LINE ( 'NONE', #529, #332 ) ;
#10718 = LINE ( 'NONE', #1453, #5982 ) ;
#10719 = LINE ( 'NONE', #6029, #1525 ) ;
#10720 = AXIS2_PLACEMENT_3D ( 'NONE', #761, #2661, #8243 ) ;
#10721 = SURFACE_STYLE_USAGE ( .BOTH. , #11817 ) ;
#10722 = ADVANCED_FACE ( 'NONE', ( #7688 ), #1292, .F. ) ;
#10723 = DIRECTION ( 'NONE',  ( 0.000000000000000000, 0.000000000000000000, -1.000000000000000000 ) ) ;
#10724 = DIRECTION ( 'NONE',  ( 6.437999502871085279E-16, 0.5000000000000245359, -0.8660254037844243857 ) ) ;
#10725 = DIRECTION ( 'NONE',  ( 0.000000000000000000, 0.000000000000000000, -1.000000000000000000 ) ) ;
#10726 = VERTEX_POINT ( 'NONE', #7016 ) ;
#10727 = VECTOR ( 'NONE', #600, 1000.000000000000000 ) ;
#10728 = LINE ( 'NONE', #8827, #10519 ) ;
#10729 = LINE ( 'NONE', #10851, #5793 ) ;
#10730 = CARTESIAN_POINT ( 'NONE',  ( 338.4999999999999432, -1.500000000000000000, -248.3528208825323418 ) ) ;
#10731 = FACE_OUTER_BOUND ( 'NONE', #5398, .T. ) ;
#10732 = AXIS2_PLACEMENT_3D ( 'NONE', #10270, #4802, #7705 ) ;
#10733 = VERTEX_POINT ( 'NONE', #2280 ) ;
#10734 = EDGE_CURVE ( 'NONE', #2982, #1033, #5991, .T. ) ;
#10735 = DIRECTION ( 'NONE',  ( 7.401486830834371151E-15, 0.000000000000000000, 1.000000000000000000 ) ) ;
#10736 = ORIENTED_EDGE ( 'NONE', *, *, #6438, .F. ) ;
#10737 = CARTESIAN_POINT ( 'NONE',  ( 0.9699999999999986411, 2.490494262658515812, -0.4551746698937819691 ) ) ;
#10738 = CARTESIAN_POINT ( 'NONE',  ( 344.2500000000000000, -1.500000000000000444, -259.2174660514637026 ) ) ;
#10739 = ORIENTED_EDGE ( 'NONE', *, *, #1714, .T. ) ;
#10740 = CARTESIAN_POINT ( 'NONE',  ( 167.0000000000000000, -1.500000000000000000, -233.2174660514637310 ) ) ;
#10741 = DIRECTION ( 'NONE',  ( 0.000000000000000000, 0.000000000000000000, -1.000000000000000000 ) ) ;
#10742 = DIRECTION ( 'NONE',  ( 0.000000000000000000, 0.000000000000000000, -1.000000000000000000 ) ) ;
#10743 = CYLINDRICAL_SURFACE ( 'NONE', #4361, 2.637500000000020606 ) ;
#10744 = VERTEX_POINT ( 'NONE', #429 ) ;
#10745 = AXIS2_PLACEMENT_3D ( 'NONE', #7923, #8724, #8776 ) ;
#10746 = DIRECTION ( 'NONE',  ( 0.000000000000000000, 0.000000000000000000, -1.000000000000000000 ) ) ;
#10747 = CARTESIAN_POINT ( 'NONE',  ( 500.4999999999998295, -1.500000000000001332, -58.27983018403566717 ) ) ;
#10748 = LINE ( 'NONE', #6114, #11836 ) ;
#10749 = VERTEX_POINT ( 'NONE', #5018 ) ;
#10750 = EDGE_CURVE ( 'NONE', #9600, #3499, #4222, .T. ) ;
#10751 = CARTESIAN_POINT ( 'NONE',  ( 166.0000000000000000, -2.000000000000000000, -259.2674660514636571 ) ) ;
#10752 = VECTOR ( 'NONE', #11806, 1000.000000000000000 ) ;
#10753 = ORIENTED_EDGE ( 'NONE', *, *, #6646, .F. ) ;
#10754 = LINE ( 'NONE', #5214, #6508 ) ;
#10755 = LINE ( 'NONE', #2242, #1206 ) ;
#10756 = CARTESIAN_POINT ( 'NONE',  ( 300.9999999999999432, -1.500000000000001332, -264.2174660514637594 ) ) ;
#10757 = FACE_OUTER_BOUND ( 'NONE', #11112, .T. ) ;
#10758 = ADVANCED_FACE ( 'NONE', ( #3240 ), #9691, .F. ) ;
#10759 = DIRECTION ( 'NONE',  ( -0.000000000000000000, -1.000000000000000000, -0.000000000000000000 ) ) ;
#10760 = EDGE_CURVE ( 'NONE', #11906, #11061, #6953, .T. ) ;
#10761 = UNCERTAINTY_MEASURE_WITH_UNIT (LENGTH_MEASURE( 1.000000000000000082E-05 ), #7125, 'distance_accuracy_value', 'NONE');
#10762 = EDGE_LOOP ( 'NONE', ( #3487, #2277, #1455, #7298 ) ) ;
#10763 = PRODUCT_DEFINITION_FORMATION_WITH_SPECIFIED_SOURCE ( 'ANY', '', #6855, .NOT_KNOWN. ) ;
#10764 = VERTEX_POINT ( 'NONE', #6104 ) ;
#10765 = DIRECTION ( 'NONE',  ( 1.000000000000000000, 2.000187765493021278E-16, -7.400880780937300593E-16 ) ) ;
#10766 = ORIENTED_EDGE ( 'NONE', *, *, #6437, .F. ) ;
#10767 = ORIENTED_EDGE ( 'NONE', *, *, #4726, .F. ) ;
#10768 = DIRECTION ( 'NONE',  ( 1.000000000000000000, 0.000000000000000000, -0.000000000000000000 ) ) ;
#10769 = ORIENTED_EDGE ( 'NONE', *, *, #6479, .T. ) ;
#10770 = LINE ( 'NONE', #8932, #3416 ) ;
#10771 = CARTESIAN_POINT ( 'NONE',  ( 161.0000000000000000, -1.500000000000000000, -259.9674660514636457 ) ) ;
#10772 = ORIENTED_EDGE ( 'NONE', *, *, #9785, .F. ) ;
#10773 = CARTESIAN_POINT ( 'NONE',  ( 162.7500000000000284, -1.500000000000000000, -259.2174660514637026 ) ) ;
#10774 = ORIENTED_EDGE ( 'NONE', *, *, #5562, .F. ) ;
#10775 = DIRECTION ( 'NONE',  ( 0.000000000000000000, 0.000000000000000000, 1.000000000000000000 ) ) ;
#10776 = EDGE_CURVE ( 'NONE', #40, #2361, #7748, .T. ) ;
#10777 = DIRECTION ( 'NONE',  ( -0.000000000000000000, -1.000000000000000000, -0.000000000000000000 ) ) ;
#10778 = ORIENTED_EDGE ( 'NONE', *, *, #3473, .F. ) ;
#10779 = EDGE_CURVE ( 'NONE', #10005, #6701, #11481, .T. ) ;
#10780 = DIRECTION ( 'NONE',  ( -1.000000000000000000, 0.000000000000000000, 0.000000000000000000 ) ) ;
#10781 = VECTOR ( 'NONE', #372, 1000.000000000000000 ) ;
#10782 = DIRECTION ( 'NONE',  ( 7.313555267573670662E-16, 0.2700398807562516823, -0.9628491381317996201 ) ) ;
#10783 = VECTOR ( 'NONE', #9217, 1000.000000000000000 ) ;
#10784 = DIRECTION ( 'NONE',  ( 0.000000000000000000, 1.000000000000000000, 0.000000000000000000 ) ) ;
#10785 = DIRECTION ( 'NONE',  ( -5.803686921052500001E-16, -0.6988318732559525293, 0.7152859658357463291 ) ) ;
#10786 = VERTEX_POINT ( 'NONE', #42 ) ;
#10787 = FACE_OUTER_BOUND ( 'NONE', #4198, .T. ) ;
#10788 = DIRECTION ( 'NONE',  ( -0.000000000000000000, -1.000000000000000000, -0.000000000000000000 ) ) ;
#10789 = DIRECTION ( 'NONE',  ( -1.000000000000000000, 0.000000000000000000, 3.083952846180987322E-15 ) ) ;
#10790 = EDGE_CURVE ( 'NONE', #8926, #1290, #7986, .T. ) ;
#10791 = LINE ( 'NONE', #6156, #5211 ) ;
#10792 = DIRECTION ( 'NONE',  ( 4.494908391621278370E-16, -0.7152859658357463291, -0.6988318732559525293 ) ) ;
#10793 = ORIENTED_EDGE ( 'NONE', *, *, #6766, .T. ) ;
#10794 = VERTEX_POINT ( 'NONE', #7076 ) ;
#10795 = DIRECTION ( 'NONE',  ( -0.000000000000000000, -0.000000000000000000, 1.000000000000000000 ) ) ;
#10796 = AXIS2_PLACEMENT_3D ( 'NONE', #6046, #490, #1412 ) ;
#10797 = DIRECTION ( 'NONE',  ( -1.000000000000000000, 0.000000000000000000, -0.000000000000000000 ) ) ;
#10798 = DIRECTION ( 'NONE',  ( -1.000000000000000000, -2.000187765493021278E-16, 7.400880780937300593E-16 ) ) ;
#10799 = ORIENTED_EDGE ( 'NONE', *, *, #10626, .F. ) ;
#10800 = CARTESIAN_POINT ( 'NONE',  ( 0.9699999999999986411, 2.219308366003869271, 0.01740461005332594180 ) ) ;
#10801 = LINE ( 'NONE', #4109, #684 ) ;
#10802 = CARTESIAN_POINT ( 'NONE',  ( 0.9699999999999986411, 2.483238627135203380, -0.4875612958556310161 ) ) ;
#10803 = CARTESIAN_POINT ( 'NONE',  ( 0.9700000000000541522, 1.777399554396486003, 0.1634373442320619096 ) ) ;
#10804 = EDGE_LOOP ( 'NONE', ( #5841, #771, #10679, #1611 ) ) ;
#10805 = PLANE ( 'NONE',  #5851 ) ;
#10806 = LINE ( 'NONE', #6962, #2174 ) ;
#10807 = EDGE_CURVE ( 'NONE', #8363, #1302, #4341, .T. ) ;
#10808 = EDGE_CURVE ( 'NONE', #10448, #10514, #1597, .T. ) ;
#10809 = CARTESIAN_POINT ( 'NONE',  ( 2.450950000000007289, -1.841708557294291504, -1.198728831998729927 ) ) ;
#10810 = ORIENTED_EDGE ( 'NONE', *, *, #11550, .T. ) ;
#10811 = CYLINDRICAL_SURFACE ( 'NONE', #7894, 3.175000000000029576 ) ;
#10812 = VERTEX_POINT ( 'NONE', #11779 ) ;
#10813 = CARTESIAN_POINT ( 'NONE',  ( 345.9999999999999432, -1.500000000000000222, -259.9674660514637026 ) ) ;
#10814 = LINE ( 'NONE', #5889, #11331 ) ;
#10815 = PLANE ( 'NONE',  #6265 ) ;
#10816 = VECTOR ( 'NONE', #4507, 1000.000000000000000 ) ;
#10817 = CARTESIAN_POINT ( 'NONE',  ( 308.4999999999998863, 0.000000000000000000, -245.7174660514637310 ) ) ;
#10818 = EDGE_CURVE ( 'NONE', #10467, #1503, #1794, .T. ) ;
#10819 = EDGE_CURVE ( 'NONE', #3881, #2873, #3789, .T. ) ;
#10820 = CARTESIAN_POINT ( 'NONE',  ( 162.7500000000000284, -1.500000000000000000, -85.10000000000003695 ) ) ;
#10821 = ORIENTED_EDGE ( 'NONE', *, *, #6617, .T. ) ;
#10822 = AXIS2_PLACEMENT_3D ( 'NONE', #7761, #11609, #1307 ) ;
#10823 = ORIENTED_EDGE ( 'NONE', *, *, #8545, .F. ) ;
#10824 = CARTESIAN_POINT ( 'NONE',  ( 2.469999999999888729, 5.273559366969493567E-13, 2.517800735128208789 ) ) ;
#10825 = ORIENTED_EDGE ( 'NONE', *, *, #6572, .T. ) ;
#10826 = VERTEX_POINT ( 'NONE', #5318 ) ;
#10827 = EDGE_CURVE ( 'NONE', #5377, #7088, #10976, .T. ) ;
#10828 = DIRECTION ( 'NONE',  ( -1.000000000000000000, -2.000187765493021278E-16, 7.400880780937300593E-16 ) ) ;
#10829 = ORIENTED_EDGE ( 'NONE', *, *, #8758, .F. ) ;
#10830 = FACE_BOUND ( 'NONE', #7385, .T. ) ;
#10831 = PLANE ( 'NONE',  #6082 ) ;
#10832 = EDGE_LOOP ( 'NONE', ( #11077, #9688, #7642, #11368 ) ) ;
#10833 = DIRECTION ( 'NONE',  ( 0.000000000000000000, -1.000000000000000000, 0.000000000000000000 ) ) ;
#10834 = VECTOR ( 'NONE', #11776, 1000.000000000000114 ) ;
#10835 = ORIENTED_EDGE ( 'NONE', *, *, #11201, .F. ) ;
#10836 = CARTESIAN_POINT ( 'NONE',  ( 162.7500000000000284, -3.514999999999999680, -259.2674660514636571 ) ) ;
#10837 = CARTESIAN_POINT ( 'NONE',  ( 502.0000000000000000, 0.000000000000000000, -40.00000000000007105 ) ) ;
#10838 = DIRECTION ( 'NONE',  ( 0.000000000000000000, 0.000000000000000000, 1.000000000000000000 ) ) ;
#10839 = ORIENTED_EDGE ( 'NONE', *, *, #6540, .T. ) ;
#10840 = DIRECTION ( 'NONE',  ( 2.208597309011063978E-16, -0.8660254037844428154, -0.4999999999999927280 ) ) ;
#10841 = AXIS2_PLACEMENT_3D ( 'NONE', #5687, #4839, #184 ) ;
#10842 = AXIS2_PLACEMENT_3D ( 'NONE', #4201, #8144, #10900 ) ;
#10843 = DIRECTION ( 'NONE',  ( -0.000000000000000000, 1.000000000000000000, 0.000000000000000000 ) ) ;
#10844 = ADVANCED_FACE ( 'NONE', ( #10043 ), #11902, .T. ) ;
#10845 = SURFACE_SIDE_STYLE ('',( #7120 ) ) ;
#10846 = ADVANCED_FACE ( 'NONE', ( #7486 ), #11218, .T. ) ;
#10847 = PLANE ( 'NONE',  #6518 ) ;
#10848 = ORIENTED_EDGE ( 'NONE', *, *, #5129, .F. ) ;
#10849 = CARTESIAN_POINT ( 'NONE',  ( 162.7500000000000284, -2.000000000000000000, -85.15000000000000568 ) ) ;
#10850 = EDGE_CURVE ( 'NONE', #4749, #4761, #3370, .T. ) ;
#10851 = CARTESIAN_POINT ( 'NONE',  ( 162.7500000000000284, -1.500000000000000000, -85.00000000000001421 ) ) ;
#10852 = VECTOR ( 'NONE', #6707, 1000.000000000000000 ) ;
#10853 = AXIS2_PLACEMENT_3D ( 'NONE', #474, #3113, #2147 ) ;
#10854 = PLANE ( 'NONE',  #10251 ) ;
#10855 = LINE ( 'NONE', #11830, #7154 ) ;
#10856 = ORIENTED_EDGE ( 'NONE', *, *, #1590, .F. ) ;
#10857 = ORIENTED_EDGE ( 'NONE', *, *, #3083, .F. ) ;
#10858 = LINE ( 'NONE', #9925, #10834 ) ;
#10859 = CIRCLE ( 'NONE', #6774, 0.2500000000000000000 ) ;
#10860 = EDGE_CURVE ( 'NONE', #5550, #7402, #6224, .T. ) ;
#10861 = VECTOR ( 'NONE', #4295, 1000.000000000000000 ) ;
#10862 = CARTESIAN_POINT ( 'NONE',  ( 2.470000000000027729, -1.848407460854545326, -1.067178545096761244 ) ) ;
#10863 = CARTESIAN_POINT ( 'NONE',  ( 0.9699999999999986411, 2.494238536142306728, -0.4649539812289077423 ) ) ;
#10864 = EDGE_LOOP ( 'NONE', ( #4084, #9896, #10643, #5521 ) ) ;
#10865 = CARTESIAN_POINT ( 'NONE',  ( 168.4999999999999147, -1.224646799147346644E-18, -143.9228208825323634 ) ) ;
#10866 = CARTESIAN_POINT ( 'NONE',  ( 207.5000000000000000, -1.500000000000000000, -179.2174660514637310 ) ) ;
#10867 = DIRECTION ( 'NONE',  ( -1.000000000000000000, 0.000000000000000000, 0.000000000000000000 ) ) ;
#10868 = ORIENTED_EDGE ( 'NONE', *, *, #7646, .F. ) ;
#10869 = DIRECTION ( 'NONE',  ( -1.517883041479706208E-16, 0.000000000000000000, -1.000000000000000000 ) ) ;
#10870 = LINE ( 'NONE', #812, #12087 ) ;
#10871 = VECTOR ( 'NONE', #3604, 1000.000000000000000 ) ;
#10872 = VECTOR ( 'NONE', #7446, 1000.000000000000000 ) ;
#10873 = DIRECTION ( 'NONE',  ( -1.270603127286871089E-16, 0.9223447048632922307, 0.3863680181001609149 ) ) ;
#10874 = ORIENTED_EDGE ( 'NONE', *, *, #1531, .T. ) ;
#10875 = CARTESIAN_POINT ( 'NONE',  ( 161.2077670245547836, -2.638887500354647031, -85.13333333333332575 ) ) ;
#10876 = EDGE_CURVE ( 'NONE', #8385, #10705, #4705, .T. ) ;
#10877 = ORIENTED_EDGE ( 'NONE', *, *, #9558, .F. ) ;
#10878 = DIRECTION ( 'NONE',  ( 0.000000000000000000, 0.000000000000000000, 1.000000000000000000 ) ) ;
#10879 = FACE_OUTER_BOUND ( 'NONE', #1472, .T. ) ;
#10880 = VECTOR ( 'NONE', #6792, 1000.000000000000000 ) ;
#10881 = LINE ( 'NONE', #9036, #7826 ) ;
#10882 = DIRECTION ( 'NONE',  ( -1.000000000000000000, -0.000000000000000000, -0.000000000000000000 ) ) ;
#10883 = ORIENTED_EDGE ( 'NONE', *, *, #3472, .T. ) ;
#10884 = FACE_OUTER_BOUND ( 'NONE', #5080, .T. ) ;
#10885 = CIRCLE ( 'NONE', #2730, 1.800000000000023803 ) ;
#10886 = EDGE_LOOP ( 'NONE', ( #7252, #12067, #562, #6947 ) ) ;
#10887 = DIRECTION ( 'NONE',  ( 6.877477688584548560E-16, 0.01919882409553617594, -0.9998156855907736063 ) ) ;
#10888 = DIRECTION ( 'NONE',  ( 9.469599216104743275E-17, 0.9901489287481959334, 0.1400182091686649755 ) ) ;
#10889 = VERTEX_POINT ( 'NONE', #5257 ) ;
#10890 = ADVANCED_FACE ( 'NONE', ( #9078 ), #4462, .F. ) ;
#10891 = LINE ( 'NONE', #5525, #5295 ) ;
#10892 = ORIENTED_EDGE ( 'NONE', *, *, #10480, .F. ) ;
#10893 = DIRECTION ( 'NONE',  ( 1.000000000000000000, -0.000000000000000000, -0.000000000000000000 ) ) ;
#10894 = CARTESIAN_POINT ( 'NONE',  ( 198.6688394328960499, 0.000000000000000000, -228.4456223450676191 ) ) ;
#10895 = ORIENTED_EDGE ( 'NONE', *, *, #8598, .F. ) ;
#10896 = CIRCLE ( 'NONE', #5646, 2.110000000000000764 ) ;
#10897 = CARTESIAN_POINT ( 'NONE',  ( 299.4999999999999432, 0.000000000000000000, -253.2174660514637310 ) ) ;
#10898 = ORIENTED_EDGE ( 'NONE', *, *, #4830, .T. ) ;
#10899 = CARTESIAN_POINT ( 'NONE',  ( 162.6240952549072745, -1.531553402911435491, -259.2257993847970283 ) ) ;
#10900 = DIRECTION ( 'NONE',  ( -5.634365361779184000E-16, 0.3803437133059899278, 0.9248452085341691831 ) ) ;
#10901 = CARTESIAN_POINT ( 'NONE',  ( 261.0000000000000000, 0.000000000000000000, -181.7174660514637310 ) ) ;
#10902 = DIRECTION ( 'NONE',  ( 1.000000000000000000, 2.000187765493021278E-16, -7.400880780937300593E-16 ) ) ;
#10903 = VECTOR ( 'NONE', #420, 1000.000000000000000 ) ;
#10904 = EDGE_CURVE ( 'NONE', #5556, #5288, #9492, .T. ) ;
#10905 = CARTESIAN_POINT ( 'NONE',  ( 185.5000000000000284, 0.000000000000000000, -321.0174660514637708 ) ) ;
#10906 = CARTESIAN_POINT ( 'NONE',  ( 224.4999999999999716, 0.000000000000000000, -179.2174660514637310 ) ) ;
#10907 = LINE ( 'NONE', #3414, #3409 ) ;
#10908 = EDGE_LOOP ( 'NONE', ( #6249, #3475, #1506, #2671, #314, #2846, #9438, #1637, #138, #7717, #1224, #1448, #4810, #10513, #9431, #4157, #10018, #11070, #11388, #6220, #5045, #11988, #7416, #2186 ) ) ;
#10909 = CARTESIAN_POINT ( 'NONE',  ( 2.470000000000055707, 1.590464268307195672, -1.172235079669542435 ) ) ;
#10910 = CARTESIAN_POINT ( 'NONE',  ( 233.4999999999999716, -1.500000000000000000, -194.2174660514637310 ) ) ;
#10911 = VECTOR ( 'NONE', #8054, 1000.000000000000000 ) ;
#10912 = LINE ( 'NONE', #6273, #3254 ) ;
#10913 = CARTESIAN_POINT ( 'NONE',  ( 0.9700000000000541522, 2.317249791725151109, 0.2773050918867953074 ) ) ;
#10914 = LINE ( 'NONE', #4335, #339 ) ;
#10915 = ADVANCED_FACE ( 'NONE', ( #11338 ), #102, .F. ) ;
#10916 = ADVANCED_FACE ( 'NONE', ( #9604 ), #1156, .F. ) ;
#10917 = VERTEX_POINT ( 'NONE', #2019 ) ;
#10918 = ORIENTED_EDGE ( 'NONE', *, *, #7398, .T. ) ;
#10919 = DIRECTION ( 'NONE',  ( 0.000000000000000000, -1.000000000000000000, 0.000000000000000000 ) ) ;
#10920 = VECTOR ( 'NONE', #1825, 1000.000000000000000 ) ;
#10921 = FACE_OUTER_BOUND ( 'NONE', #8389, .T. ) ;
#10922 = ORIENTED_EDGE ( 'NONE', *, *, #8956, .T. ) ;
#10923 = DIRECTION ( 'NONE',  ( 0.000000000000000000, 0.000000000000000000, 1.000000000000000000 ) ) ;
#10924 = CARTESIAN_POINT ( 'NONE',  ( 0.9699999999999431299, 2.181395787244327700, -0.2852079774574439730 ) ) ;
#10925 = CARTESIAN_POINT ( 'NONE',  ( 0.9843342201064364527, 2.309420209805401747, -0.07459528143308191694 ) ) ;
#10926 = FACE_OUTER_BOUND ( 'NONE', #5534, .T. ) ;
#10927 = LINE ( 'NONE', #7383, #11899 ) ;
#10928 = AXIS2_PLACEMENT_3D ( 'NONE', #6579, #6700, #10285 ) ;
#10929 = EDGE_CURVE ( 'NONE', #716, #6643, #5725, .T. ) ;
#10930 = CARTESIAN_POINT ( 'NONE',  ( 498.4999999999998295, -2.449293598294707770E-17, -58.27983018403566717 ) ) ;
#10931 = ORIENTED_EDGE ( 'NONE', *, *, #5413, .T. ) ;
#10932 = LINE ( 'NONE', #5448, #7709 ) ;
#10933 = ORIENTED_EDGE ( 'NONE', *, *, #11491, .F. ) ;
#10934 = VECTOR ( 'NONE', #510, 1000.000000000000000 ) ;
#10935 = CARTESIAN_POINT ( 'NONE',  ( 362.9755125916353791, -1.224646799147346644E-18, -54.35518781845740932 ) ) ;
#10936 = DIRECTION ( 'NONE',  ( 0.000000000000000000, 0.000000000000000000, 1.000000000000000000 ) ) ;
#10937 = DIRECTION ( 'NONE',  ( 6.845769268624692740E-16, -5.551115123125739315E-16, -1.000000000000000000 ) ) ;
#10938 = LINE ( 'NONE', #6358, #6306 ) ;
#10939 = CARTESIAN_POINT ( 'NONE',  ( 0.9699999999999986411, 2.483238627135203380, -0.4078917005041879928 ) ) ;
#10940 = CARTESIAN_POINT ( 'NONE',  ( 178.6688394328960499, 0.000000000000000000, -228.4456223450676191 ) ) ;
#10941 = EDGE_CURVE ( 'NONE', #6622, #11533, #7445, .T. ) ;
#10942 = DIRECTION ( 'NONE',  ( 1.000000000000000000, 0.000000000000000000, -0.000000000000000000 ) ) ;
#10943 = VECTOR ( 'NONE', #9928, 1000.000000000000000 ) ;
#10944 = ORIENTED_EDGE ( 'NONE', *, *, #2378, .T. ) ;
#10945 = ORIENTED_EDGE ( 'NONE', *, *, #5157, .F. ) ;
#10946 = DIRECTION ( 'NONE',  ( 1.000000000000000000, 2.000187765493021278E-16, -7.400880780937300593E-16 ) ) ;
#10947 = B_SPLINE_SURFACE_WITH_KNOTS ( 'NONE', 1, 3, ( 
 ( #10836, #2499, #7783, #8757, #840, #6318, #12061, #1756, #7171, #4377, #4629, #2744, #6440, #10149, #2613, #7350, #11020, #8142 ),
 ( #5412, #6258, #3522, #1819, #11874, #5532, #6378, #8330, #6502, #11150, #3719, #9237, #11086, #9963, #8202, #4567, #10019, #5593 ),
 ( #11813, #7412, #9112, #8079, #655, #1696, #8259, #4502, #779, #903, #3465, #1634, #2803, #712, #10899, #9054, #2555, #11996 ),
 ( #5354, #10212, #7228, #4438, #10955, #11939, #3583, #7288, #2677, #10085, #5473, #9172, #3651, #1879, #4696, #6570, #4869, #3780 ) ),
 .UNSPECIFIED., .F., .F., .F.,
 ( 2, 1, 1, 2 ),
 ( 4, 2, 2, 2, 2, 2, 2, 2, 4 ),
 ( -0.01000000000000000021, 0.000000000000000000, 1.000000000000000000, 1.010099999999999998 ),
 ( 0.000000000000000000, 0.1250000000000000000, 0.2500000000000000000, 0.3750000000000000000, 0.5000000000000000000, 0.6250000000000000000, 0.7500000000000000000, 0.8750000000000000000, 1.000000000000000000 ),
 .UNSPECIFIED. ) ;
#10948 = EDGE_LOOP ( 'NONE', ( #7560, #5838, #10175, #9761 ) ) ;
#10949 = VERTEX_POINT ( 'NONE', #3046 ) ;
#10950 = DIRECTION ( 'NONE',  ( 8.155516873386966815E-16, -0.1547000690823326641, -0.9879614813472847867 ) ) ;
#10951 = LINE ( 'NONE', #2608, #3621 ) ;
#10952 = DIRECTION ( 'NONE',  ( -1.000000000000000000, 0.000000000000000000, -0.000000000000000000 ) ) ;
#10953 = ORIENTED_EDGE ( 'NONE', *, *, #2651, .T. ) ;
#10954 = ORIENTED_EDGE ( 'NONE', *, *, #7012, .F. ) ;
#10955 = CARTESIAN_POINT ( 'NONE',  ( 162.6056737028139310, -1.937801757937212876, -259.2570493847970283 ) ) ;
#10956 = EDGE_CURVE ( 'NONE', #7702, #5553, #3159, .T. ) ;
#10957 = EDGE_CURVE ( 'NONE', #5844, #365, #9549, .T. ) ;
#10958 = CARTESIAN_POINT ( 'NONE',  ( 362.9755125916353791, -1.500000000000000000, -52.24518781845740989 ) ) ;
#10959 = ORIENTED_EDGE ( 'NONE', *, *, #8324, .F. ) ;
#10960 = FACE_OUTER_BOUND ( 'NONE', #7326, .T. ) ;
#10961 = ORIENTED_EDGE ( 'NONE', *, *, #1669, .F. ) ;
#10962 = CARTESIAN_POINT ( 'NONE',  ( 168.4999999999999147, -1.500000000000000000, -35.27282088253234349 ) ) ;
#10963 = CARTESIAN_POINT ( 'NONE',  ( 0.9700000000000541522, 2.273044490338632428, 0.1765801039627645785 ) ) ;
#10964 = DIRECTION ( 'NONE',  ( 0.000000000000000000, 0.000000000000000000, -1.000000000000000000 ) ) ;
#10965 = VERTEX_POINT ( 'NONE', #1214 ) ;
#10966 = CARTESIAN_POINT ( 'NONE',  ( 162.7500000000000284, -3.500000000000000000, -259.2674660514636571 ) ) ;
#10967 = LINE ( 'NONE', #6392, #2548 ) ;
#10968 = CARTESIAN_POINT ( 'NONE',  ( 0.9700000000000541522, 2.320155338140645007, 0.2698706486283231065 ) ) ;
#10969 = CARTESIAN_POINT ( 'NONE',  ( 0.9843342201064364527, 2.273044490338632428, 0.1765801039627645785 ) ) ;
#10970 = EDGE_CURVE ( 'NONE', #4711, #10300, #286, .T. ) ;
#10971 = LINE ( 'NONE', #5492, #5236 ) ;
#10972 = EDGE_LOOP ( 'NONE', ( #11354, #7670, #7157, #2429, #11551 ) ) ;
#10973 = ORIENTED_EDGE ( 'NONE', *, *, #8532, .T. ) ;
#10974 = CARTESIAN_POINT ( 'NONE',  ( 162.5000000000000284, -1.815449846949787727, -85.12916666666667709 ) ) ;
#10975 = CARTESIAN_POINT ( 'NONE',  ( 0.9843342201064919639, 1.499999999999973577, 3.053113317719180486E-13 ) ) ;
#10976 = LINE ( 'NONE', #4284, #6858 ) ;
#10977 = EDGE_CURVE ( 'NONE', #1809, #10073, #2195, .T. ) ;
#10978 = ORIENTED_EDGE ( 'NONE', *, *, #10084, .F. ) ;
#10979 = EDGE_CURVE ( 'NONE', #6463, #3183, #9552, .T. ) ;
#10980 = DIRECTION ( 'NONE',  ( 0.000000000000000000, -0.000000000000000000, -1.000000000000000000 ) ) ;
#10981 = MECHANICAL_DESIGN_GEOMETRIC_PRESENTATION_REPRESENTATION (  '', ( #8237 ), #3982 ) ;
#10982 = PLANE ( 'NONE',  #5709 ) ;
#10983 = VECTOR ( 'NONE', #3199, 1000.000000000000000 ) ;
#10984 = DIRECTION ( 'NONE',  ( 0.000000000000000000, 1.000000000000000000, 0.000000000000000000 ) ) ;
#10985 = CARTESIAN_POINT ( 'NONE',  ( 0.9699999999999986411, 2.483238627135203380, -0.4477264981799095045 ) ) ;
#10986 = DIRECTION ( 'NONE',  ( 0.000000000000000000, -1.000000000000000000, 0.000000000000000000 ) ) ;
#10987 = EDGE_CURVE ( 'NONE', #6600, #4094, #9840, .T. ) ;
#10988 = CARTESIAN_POINT ( 'NONE',  ( 0.9700000000000541522, 2.125255814197646309, -0.3948934297112599578 ) ) ;
#10989 = ORIENTED_EDGE ( 'NONE', *, *, #7384, .T. ) ;
#10990 = AXIS2_PLACEMENT_3D ( 'NONE', #9516, #4669, #6544 ) ;
#10991 = CARTESIAN_POINT ( 'NONE',  ( 338.5000000000000000, -1.224646799147346644E-18, -31.05282088253234107 ) ) ;
#10992 = ORIENTED_EDGE ( 'NONE', *, *, #7525, .T. ) ;
#10993 = PLANE ( 'NONE',  #5150 ) ;
#10994 = DIRECTION ( 'NONE',  ( 0.000000000000000000, 0.000000000000000000, 1.000000000000000000 ) ) ;
#10995 = EDGE_CURVE ( 'NONE', #9958, #4694, #2495, .T. ) ;
#10996 = EDGE_CURVE ( 'NONE', #6463, #1237, #8020, .T. ) ;
#10997 = FACE_OUTER_BOUND ( 'NONE', #3961, .T. ) ;
#10998 = CARTESIAN_POINT ( 'NONE',  ( 345.9999999999999432, -1.500000000000000000, -324.2174660514637594 ) ) ;
#10999 = DIRECTION ( 'NONE',  ( -6.829619984040905016E-16, -7.899236820207974901E-14, 1.000000000000000000 ) ) ;
#11000 = CARTESIAN_POINT ( 'NONE',  ( 0.9700000000000541522, 2.262313893167195111, 0.1881129874340137231 ) ) ;
#11001 = AXIS2_PLACEMENT_3D ( 'NONE', #7133, #8102, #6341 ) ;
#11002 = ORIENTED_EDGE ( 'NONE', *, *, #5445, .F. ) ;
#11003 = ADVANCED_FACE ( 'NONE', ( #461 ), #11753, .T. ) ;
#11004 = DIRECTION ( 'NONE',  ( -6.151416554694809738E-16, 0.3882672511710619223, 0.9215468201171700402 ) ) ;
#11005 = SURFACE_STYLE_USAGE ( .BOTH. , #9097 ) ;
#11006 = VERTEX_POINT ( 'NONE', #5051 ) ;
#11007 =( REPRESENTATION_RELATIONSHIP ('NONE','NONE', #3530, #6159 ) REPRESENTATION_RELATIONSHIP_WITH_TRANSFORMATION ( #607 )SHAPE_REPRESENTATION_RELATIONSHIP( ) );
#11008 = CARTESIAN_POINT ( 'NONE',  ( 166.0000000000000000, -2.000000000000000000, -172.2087330257318456 ) ) ;
#11009 = DIRECTION ( 'NONE',  ( 1.000000000000000000, 1.722632009336712421E-16, -4.625323219374409242E-16 ) ) ;
#11010 = ORIENTED_EDGE ( 'NONE', *, *, #5180, .F. ) ;
#11011 = ORIENTED_EDGE ( 'NONE', *, *, #3380, .T. ) ;
#11012 = VECTOR ( 'NONE', #9106, 1000.000000000000000 ) ;
#11013 = LINE ( 'NONE', #10142, #7611 ) ;
#11014 = ORIENTED_EDGE ( 'NONE', *, *, #546, .F. ) ;
#11015 = EDGE_CURVE ( 'NONE', #9856, #972, #11626, .T. ) ;
#11016 = CARTESIAN_POINT ( 'NONE',  ( 0.000000000000000000, -1.500000000000000000, -40.00000000000000000 ) ) ;
#11017 = CARTESIAN_POINT ( 'NONE',  ( 2.469999999999805684, 0.03232682635370687230, 2.345481331187900143 ) ) ;
#11018 = ORIENTED_EDGE ( 'NONE', *, *, #2653, .T. ) ;
#11019 = EDGE_LOOP ( 'NONE', ( #10898, #6022, #2043, #9572 ) ) ;
#11020 = CARTESIAN_POINT ( 'NONE',  ( 162.5189203879642434, 0.01499999999999999771, -259.2195497604001275 ) ) ;
#11021 = VECTOR ( 'NONE', #10152, 1000.000000000000000 ) ;
#11022 = LINE ( 'NONE', #1636, #5426 ) ;
#11023 = EDGE_LOOP ( 'NONE', ( #6948, #3401, #7791, #6235, #2210, #1580, #8133, #3596, #9099, #11190, #10375, #8931 ) ) ;
#11024 = CARTESIAN_POINT ( 'NONE',  ( 0.9700000000000541522, 2.502369077289151811, 0.2139087065949202282 ) ) ;
#11025 = ORIENTED_EDGE ( 'NONE', *, *, #5480, .T. ) ;
#11026 = CARTESIAN_POINT ( 'NONE',  ( 0.9843342201064364527, 2.477361680291723101, -0.4515068968898167112 ) ) ;
#11027 = DIRECTION ( 'NONE',  ( 0.000000000000000000, 0.000000000000000000, -1.000000000000000000 ) ) ;
#11028 = VERTEX_POINT ( 'NONE', #3213 ) ;
#11029 = EDGE_CURVE ( 'NONE', #6840, #11227, #3400, .T. ) ;
#11030 = VECTOR ( 'NONE', #10946, 1000.000000000000000 ) ;
#11031 = DIRECTION ( 'NONE',  ( -4.619824724853956341E-16, -0.8660254037844391517, 0.4999999999999992228 ) ) ;
#11032 = ORIENTED_EDGE ( 'NONE', *, *, #2896, .T. ) ;
#11033 = CARTESIAN_POINT ( 'NONE',  ( 0.9700000000000541522, 2.507883451764309157, 0.2269969962893081394 ) ) ;
#11034 = CYLINDRICAL_SURFACE ( 'NONE', #3125, 2.110000000000000764 ) ;
#11035 = DIRECTION ( 'NONE',  ( 1.000000000000000000, -0.000000000000000000, -0.000000000000000000 ) ) ;
#11036 = CARTESIAN_POINT ( 'NONE',  ( 0.9699999999999986411, 2.497005303495281048, -0.4475883723130680281 ) ) ;
#11037 = DIRECTION ( 'NONE',  ( -0.9911384352235829143, -1.249744823414514259E-16, -0.1328329861990150129 ) ) ;
#11038 = VECTOR ( 'NONE', #8284, 1000.000000000000000 ) ;
#11039 = CARTESIAN_POINT ( 'NONE',  ( 5.000000000000004441, 0.000000000000000000, -1.749999999999897193 ) ) ;
#11040 = VERTEX_POINT ( 'NONE', #3342 ) ;
#11041 = DIRECTION ( 'NONE',  ( -1.000000000000000000, -1.722632009336712421E-16, 4.625323219374409242E-16 ) ) ;
#11042 = DIRECTION ( 'NONE',  ( -1.000000000000000000, -1.722632009336720063E-16, 7.400880780937477100E-16 ) ) ;
#11043 = EDGE_CURVE ( 'NONE', #7504, #322, #1390, .T. ) ;
#11044 = EDGE_CURVE ( 'NONE', #174, #3951, #7958, .T. ) ;
#11045 = LINE ( 'NONE', #3608, #479 ) ;
#11046 = ORIENTED_EDGE ( 'NONE', *, *, #10321, .F. ) ;
#11047 = CIRCLE ( 'NONE', #5396, 3.175000000000029576 ) ;
#11048 = DIRECTION ( 'NONE',  ( 0.000000000000000000, 1.000000000000000000, 0.000000000000000000 ) ) ;
#11049 = AXIS2_PLACEMENT_3D ( 'NONE', #669, #11648, #11771 ) ;
#11050 = LINE ( 'NONE', #10240, #11475 ) ;
#11051 = LINE ( 'NONE', #6405, #6292 ) ;
#11052 = ORIENTED_EDGE ( 'NONE', *, *, #9629, .T. ) ;
#11053 = DIRECTION ( 'NONE',  ( -1.000000000000000000, 0.000000000000000000, 0.000000000000000000 ) ) ;
#11054 = LINE ( 'NONE', #2834, #4654 ) ;
#11055 = DIRECTION ( 'NONE',  ( 4.459711669232670599E-16, 0.8784603474769291376, -0.4778152549999977738 ) ) ;
#11056 = CARTESIAN_POINT ( 'NONE',  ( 301.9999999999999432, 0.000000000000000000, -243.2174660514637310 ) ) ;
#11057 = VECTOR ( 'NONE', #10476, 1000.000000000000000 ) ;
#11058 = ORIENTED_EDGE ( 'NONE', *, *, #8179, .F. ) ;
#11059 = AXIS2_PLACEMENT_3D ( 'NONE', #2484, #1497, #5338 ) ;
#11060 = DIRECTION ( 'NONE',  ( -0.000000000000000000, -0.000000000000000000, 1.000000000000000000 ) ) ;
#11061 = VERTEX_POINT ( 'NONE', #4195 ) ;
#11062 = ADVANCED_FACE ( 'NONE', ( #1329 ), #10831, .F. ) ;
#11063 = CARTESIAN_POINT ( 'NONE',  ( 173.0000000000000000, -1.500000000000000000, -179.2174660514637310 ) ) ;
#11064 = FACE_OUTER_BOUND ( 'NONE', #1483, .T. ) ;
#11065 = CARTESIAN_POINT ( 'NONE',  ( 507.0000000000000000, 0.000000000000000000, -40.00000000000007105 ) ) ;
#11066 = LINE ( 'NONE', #8433, #8143 ) ;
#11067 = DIRECTION ( 'NONE',  ( 7.397930517279139059E-16, -0.001706393916729271329, -0.9999985441088405924 ) ) ;
#11068 = AXIS2_PLACEMENT_3D ( 'NONE', #1620, #5336, #5518 ) ;
#11069 = AXIS2_PLACEMENT_3D ( 'NONE', #10985, #10117, #2646 ) ;
#11070 = ORIENTED_EDGE ( 'NONE', *, *, #6946, .F. ) ;
#11071 =( NAMED_UNIT ( * ) SI_UNIT ( $, .STERADIAN. ) SOLID_ANGLE_UNIT ( ) );
#11072 = EDGE_CURVE ( 'NONE', #3078, #8078, #1774, .T. ) ;
#11073 = EDGE_CURVE ( 'NONE', #4322, #9117, #2984, .T. ) ;
#11074 = ORIENTED_EDGE ( 'NONE', *, *, #1207, .T. ) ;
#11075 = EDGE_LOOP ( 'NONE', ( #8334, #330, #4003, #3790 ) ) ;
#11076 = DIRECTION ( 'NONE',  ( 1.000000000000000000, 0.000000000000000000, -0.000000000000000000 ) ) ;
#11077 = ORIENTED_EDGE ( 'NONE', *, *, #9587, .T. ) ;
#11078 = CIRCLE ( 'NONE', #2320, 2.110000000000000764 ) ;
#11079 = EDGE_LOOP ( 'NONE', ( #463, #6165, #612, #7410 ) ) ;
#11080 = CARTESIAN_POINT ( 'NONE',  ( 0.9699999999999986411, 2.521531062727455641, -0.3400507035838801206 ) ) ;
#11081 = VERTEX_POINT ( 'NONE', #4373 ) ;
#11082 = FACE_OUTER_BOUND ( 'NONE', #2071, .T. ) ;
#11083 = CARTESIAN_POINT ( 'NONE',  ( 162.7500000000000284, -1.500000000000000000, -85.00000000000001421 ) ) ;
#11084 = EDGE_LOOP ( 'NONE', ( #453, #1197, #6651, #5603 ) ) ;
#11085 = ORIENTED_EDGE ( 'NONE', *, *, #1531, .F. ) ;
#11086 = CARTESIAN_POINT ( 'NONE',  ( 161.3505830258032177, -0.6745432400439176357, -259.2320493847969942 ) ) ;
#11087 = VECTOR ( 'NONE', #7455, 1000.000000000000000 ) ;
#11088 = CARTESIAN_POINT ( 'NONE',  ( 338.5000000000000568, -1.500000000000000000, -141.8128208825323497 ) ) ;
#11089 = EDGE_CURVE ( 'NONE', #10583, #2731, #525, .T. ) ;
#11090 = ORIENTED_EDGE ( 'NONE', *, *, #61, .F. ) ;
#11091 = DIRECTION ( 'NONE',  ( 3.758717262572422033E-16, 0.8875709788823042956, -0.4606709861125486416 ) ) ;
#11092 = ORIENTED_EDGE ( 'NONE', *, *, #5329, .F. ) ;
#11093 = PLANE ( 'NONE',  #11450 ) ;
#11094 = DIRECTION ( 'NONE',  ( -1.000000000000000000, -3.110410790118177818E-16, 7.400880780937398214E-16 ) ) ;
#11096 = ORIENTED_EDGE ( 'NONE', *, *, #7740, .T. ) ;
#11095 = AXIS2_PLACEMENT_3D ( 'NONE', #9974, #11951, #853 ) ;
#11097 = PLANE ( 'NONE',  #2648 ) ;
#11098 = ORIENTED_EDGE ( 'NONE', *, *, #9490, .T. ) ;
#11099 = DIRECTION ( 'NONE',  ( -0.000000000000000000, -1.000000000000000000, -0.000000000000000000 ) ) ;
#11100 = DIRECTION ( 'NONE',  ( -1.000000000000000000, -0.000000000000000000, -0.000000000000000000 ) ) ;
#11101 = LINE ( 'NONE', #1647, #11846 ) ;
#11102 = CARTESIAN_POINT ( 'NONE',  ( 8.499999999999285905, 0.000000000000000000, -80.66964398456984497 ) ) ;
#11103 = CARTESIAN_POINT ( 'NONE',  ( 272.0000000000000000, 0.000000000000000000, -236.2174660514637310 ) ) ;
#11104 = AXIS2_PLACEMENT_3D ( 'NONE', #7755, #9523, #8785 ) ;
#11105 = EDGE_CURVE ( 'NONE', #1373, #367, #2551, .T. ) ;
#11106 = CYLINDRICAL_SURFACE ( 'NONE', #7743, 2.110000000000000764 ) ;
#11107 = EDGE_LOOP ( 'NONE', ( #8018, #10774, #10431, #3707 ) ) ;
#11108 = DIRECTION ( 'NONE',  ( -0.000000000000000000, 1.000000000000000000, -0.000000000000000000 ) ) ;
#11109 = LINE ( 'NONE', #2766, #1114 ) ;
#11110 = ORIENTED_EDGE ( 'NONE', *, *, #11105, .T. ) ;
#11111 = DIRECTION ( 'NONE',  ( 0.000000000000000000, -0.000000000000000000, -1.000000000000000000 ) ) ;
#11112 = EDGE_LOOP ( 'NONE', ( #4888, #4484, #8297, #11437 ) ) ;
#11113 = VECTOR ( 'NONE', #7847, 1000.000000000000000 ) ;
#11114 = FACE_BOUND ( 'NONE', #10276, .T. ) ;
#11115 = CARTESIAN_POINT ( 'NONE',  ( 261.0000000000000000, 0.000000000000000000, -181.7174660514637310 ) ) ;
#11116 = VERTEX_POINT ( 'NONE', #10015 ) ;
#11117 = DIRECTION ( 'NONE',  ( 0.000000000000000000, 0.000000000000000000, 1.000000000000000000 ) ) ;
#11118 = CARTESIAN_POINT ( 'NONE',  ( 168.4999999999999147, -1.224646799147346644E-18, -141.8128208825323497 ) ) ;
#11119 = ADVANCED_FACE ( 'NONE', ( #5350, #8138 ), #5588, .F. ) ;
#11120 = EDGE_CURVE ( 'NONE', #11172, #1885, #7025, .T. ) ;
#11121 = DIRECTION ( 'NONE',  ( 0.000000000000000000, 0.000000000000000000, -1.000000000000000000 ) ) ;
#11122 = AXIS2_PLACEMENT_3D ( 'NONE', #6111, #4113, #7933 ) ;
#11123 = ORIENTED_EDGE ( 'NONE', *, *, #7230, .T. ) ;
#11124 = CARTESIAN_POINT ( 'NONE',  ( 161.0455478158304743, -2.208058797628745573, -85.12916666666666288 ) ) ;
#11125 = VERTEX_POINT ( 'NONE', #11083 ) ;
#11126 = CARTESIAN_POINT ( 'NONE',  ( 253.5000000000000000, -3.500000000000000000, -1.750000000000034417 ) ) ;
#11127 = CARTESIAN_POINT ( 'NONE',  ( 0.4850000000000131983, -1.387778780781445676E-13, 1.804112415015879378E-13 ) ) ;
#11128 = LINE ( 'NONE', #3994, #9415 ) ;
#11129 = CARTESIAN_POINT ( 'NONE',  ( 0.9843342201064919639, 2.331064604498389592, 0.3948905628680041136 ) ) ;
#11130 = CARTESIAN_POINT ( 'NONE',  ( 281.6665948878439849, -1.500000000000000000, -208.4456223450676475 ) ) ;
#11131 = VECTOR ( 'NONE', #7167, 1000.000000000000000 ) ;
#11132 = VECTOR ( 'NONE', #8267, 1000.000000000000000 ) ;
#11133 = DIRECTION ( 'NONE',  ( -0.000000000000000000, 1.000000000000000000, -0.000000000000000000 ) ) ;
#11134 = ORIENTED_EDGE ( 'NONE', *, *, #3279, .T. ) ;
#11135 = CARTESIAN_POINT ( 'NONE',  ( 252.4999999999999432, 0.000000000000000000, -174.2174660514637310 ) ) ;
#11136 = EDGE_CURVE ( 'NONE', #8928, #8366, #4563, .T. ) ;
#11137 = ORIENTED_EDGE ( 'NONE', *, *, #7992, .T. ) ;
#11138 = PLANE ( 'NONE',  #8681 ) ;
#11139 = AXIS2_PLACEMENT_3D ( 'NONE', #7774, #520, #8869 ) ;
#11140 = VERTEX_POINT ( 'NONE', #10081 ) ;
#11141 = DIRECTION ( 'NONE',  ( 5.782411586506919702E-16, -5.551115123125739315E-16, -1.000000000000000000 ) ) ;
#11142 = DIRECTION ( 'NONE',  ( -1.066020076567996685E-16, 0.8682403210875346833, 0.4961438751388700941 ) ) ;
#11143 = PLANE ( 'NONE',  #9763 ) ;
#11144 = EDGE_LOOP ( 'NONE', ( #6524, #6144, #9108, #4725, #8903 ) ) ;
#11145 = EDGE_CURVE ( 'NONE', #10022, #9626, #7408, .T. ) ;
#11146 = ADVANCED_FACE ( 'NONE', ( #2739 ), #11143, .T. ) ;
#11147 = ORIENTED_EDGE ( 'NONE', *, *, #8640, .T. ) ;
#11148 = CLOSED_SHELL ( 'NONE', ( #10516, #1071, #10758, #9420, #3252, #4660, #2627, #11729, #9674, #3176 ) ) ;
#11149 = VECTOR ( 'NONE', #11977, 1000.000000000000000 ) ;
#11150 = CARTESIAN_POINT ( 'NONE',  ( 161.0000000000000284, -1.520925535675744511, -259.2403827181303200 ) ) ;
#11151 = CARTESIAN_POINT ( 'NONE',  ( 288.0000000000000568, 0.000000000000000000, -179.2174660514637310 ) ) ;
#11152 = VERTEX_POINT ( 'NONE', #27 ) ;
#11153 = CARTESIAN_POINT ( 'NONE',  ( 5.000000000000004441, -1.500000000000000000, -1.750000000000000000 ) ) ;
#11154 = ORIENTED_EDGE ( 'NONE', *, *, #7766, .F. ) ;
#11155 = DIRECTION ( 'NONE',  ( 2.176243101192543091E-16, -0.8682403210875766497, -0.4961438751387966528 ) ) ;
#11156 = AXIS2_PLACEMENT_3D ( 'NONE', #4358, #2300, #6011 ) ;
#11157 = ORIENTED_EDGE ( 'NONE', *, *, #4076, .T. ) ;
#11158 = CARTESIAN_POINT ( 'NONE',  ( 278.0000000000000000, 0.000000000000000000, -236.2174660514637310 ) ) ;
#11159 = ORIENTED_EDGE ( 'NONE', *, *, #4088, .T. ) ;
#11160 = EDGE_CURVE ( 'NONE', #3849, #3718, #6497, .T. ) ;
#11161 = LINE ( 'NONE', #8214, #1944 ) ;
#11162 = LINE ( 'NONE', #11221, #4707 ) ;
#11163 = FACE_OUTER_BOUND ( 'NONE', #239, .T. ) ;
#11164 = EDGE_CURVE ( 'NONE', #9940, #4783, #11936, .T. ) ;
#11165 = CARTESIAN_POINT ( 'NONE',  ( 0.9843342201064364527, 2.486422737122351290, -0.4626929670481366719 ) ) ;
#11166 = LINE ( 'NONE', #9191, #2899 ) ;
#11167 = ORIENTED_EDGE ( 'NONE', *, *, #711, .T. ) ;
#11168 = CARTESIAN_POINT ( 'NONE',  ( 496.4999999999998295, -1.500000000000001332, -62.27983018403563875 ) ) ;
#11169 = FACE_OUTER_BOUND ( 'NONE', #7831, .T. ) ;
#11170 = ORIENTED_EDGE ( 'NONE', *, *, #6286, .T. ) ;
#11171 = FACE_OUTER_BOUND ( 'NONE', #11627, .T. ) ;
#11172 = VERTEX_POINT ( 'NONE', #1876 ) ;
#11173 = EDGE_CURVE ( 'NONE', #11081, #9630, #7347, .T. ) ;
#11174 = LINE ( 'NONE', #3744, #2037 ) ;
#11175 = CARTESIAN_POINT ( 'NONE',  ( 301.9999999999999432, 0.000000000000000000, -243.2174660514637310 ) ) ;
#11176 = LINE ( 'NONE', #8420, #2750 ) ;
#11177 = DIRECTION ( 'NONE',  ( 1.000000000000000000, 3.110410790118177818E-16, -7.400880780937398214E-16 ) ) ;
#11178 = DIRECTION ( 'NONE',  ( 6.845769268624693726E-16, -5.551115123125739315E-16, -1.000000000000000000 ) ) ;
#11179 = EDGE_LOOP ( 'NONE', ( #7886, #5887, #11244, #132 ) ) ;
#11180 = CARTESIAN_POINT ( 'NONE',  ( 161.6745432400439029, -0.3505830258032034408, -85.11041666666670835 ) ) ;
#11181 = EDGE_LOOP ( 'NONE', ( #9811, #5517, #6329, #4260 ) ) ;
#11182 = LINE ( 'NONE', #1184, #1648 ) ;
#11183 = VECTOR ( 'NONE', #760, 999.9999999999998863 ) ;
#11184 = CARTESIAN_POINT ( 'NONE',  ( 224.4999999999999716, 0.000000000000000000, -194.2174660514637310 ) ) ;
#11185 = EDGE_CURVE ( 'NONE', #10566, #11932, #4624, .T. ) ;
#11186 = DIRECTION ( 'NONE',  ( -1.445076253180192051E-16, -1.000000000000000000, 2.553512956637819811E-15 ) ) ;
#11187 = CARTESIAN_POINT ( 'NONE',  ( 81.00000000000000000, 0.000000000000000000, -85.00000000000002842 ) ) ;
#11188 = CARTESIAN_POINT ( 'NONE',  ( 173.0000000000000000, -1.500000000000000000, -233.2174660514637310 ) ) ;
#11189 = DIRECTION ( 'NONE',  ( 0.000000000000000000, 0.000000000000000000, 1.000000000000000000 ) ) ;
#11190 = ORIENTED_EDGE ( 'NONE', *, *, #147, .T. ) ;
#11191 = DIRECTION ( 'NONE',  ( 6.845769268624692740E-16, -5.551115123125739315E-16, -1.000000000000000000 ) ) ;
#11192 = VECTOR ( 'NONE', #945, 999.9999999999998863 ) ;
#11193 = ORIENTED_EDGE ( 'NONE', *, *, #9033, .F. ) ;
#11194 = CARTESIAN_POINT ( 'NONE',  ( 345.9544521841694973, -1.291941202371260200, -85.12083333333335133 ) ) ;
#11195 = ORIENTED_EDGE ( 'NONE', *, *, #6299, .T. ) ;
#11196 = ORIENTED_EDGE ( 'NONE', *, *, #11881, .T. ) ;
#11197 = DIRECTION ( 'NONE',  ( 1.000000000000000000, 2.000187765493021278E-16, -7.400880780937300593E-16 ) ) ;
#11198 = ORIENTED_EDGE ( 'NONE', *, *, #11015, .F. ) ;
#11199 = EDGE_CURVE ( 'NONE', #10889, #1568, #7284, .T. ) ;
#11200 = VECTOR ( 'NONE', #7122, 1000.000000000000114 ) ;
#11201 = EDGE_CURVE ( 'NONE', #2601, #5094, #11203, .T. ) ;
#11202 = FACE_OUTER_BOUND ( 'NONE', #5357, .T. ) ;
#11203 = LINE ( 'NONE', #6375, #2009 ) ;
#11204 = EDGE_LOOP ( 'NONE', ( #1293, #11092, #5347, #4746 ) ) ;
#11205 = ORIENTED_EDGE ( 'NONE', *, *, #431, .F. ) ;
#11206 = FACE_OUTER_BOUND ( 'NONE', #6715, .T. ) ;
#11207 = LINE ( 'NONE', #5533, #6606 ) ;
#11208 = ORIENTED_EDGE ( 'NONE', *, *, #7110, .T. ) ;
#11209 = VECTOR ( 'NONE', #5021, 1000.000000000000000 ) ;
#11210 = ADVANCED_FACE ( 'NONE', ( #8327 ), #9298, .F. ) ;
#11211 = PLANE ( 'NONE',  #8282 ) ;
#11212 = ORIENTED_EDGE ( 'NONE', *, *, #3585, .F. ) ;
#11213 = DIRECTION ( 'NONE',  ( -0.000000000000000000, 1.000000000000000000, -0.000000000000000000 ) ) ;
#11214 = DIRECTION ( 'NONE',  ( 4.619824724853993812E-16, 0.8660254037844352659, -0.5000000000000058842 ) ) ;
#11215 = ORIENTED_EDGE ( 'NONE', *, *, #4327, .T. ) ;
#11216 = EDGE_CURVE ( 'NONE', #1801, #11906, #9474, .T. ) ;
#11217 = CARTESIAN_POINT ( 'NONE',  ( 346.0149999999999864, -1.518962040267229252, -85.12291666666666856 ) ) ;
#11218 = PLANE ( 'NONE',  #1605 ) ;
#11219 = EDGE_LOOP ( 'NONE', ( #8774, #3427, #1037, #444 ) ) ;
#11220 = AXIS2_PLACEMENT_3D ( 'NONE', #6636, #4758, #10282 ) ;
#11221 = CARTESIAN_POINT ( 'NONE',  ( 2.470000000000027729, -2.023130304122794598, -1.531436993182339057 ) ) ;
#11222 = DIRECTION ( 'NONE',  ( -0.000000000000000000, -0.000000000000000000, -1.000000000000000000 ) ) ;
#11223 = DIRECTION ( 'NONE',  ( -1.068786975720299338E-15, 5.551115123125700858E-16, 1.000000000000000000 ) ) ;
#11224 = LINE ( 'NONE', #11894, #11459 ) ;
#11225 = EDGE_CURVE ( 'NONE', #9942, #9866, #11348, .T. ) ;
#11226 = EDGE_CURVE ( 'NONE', #153, #5313, #9180, .T. ) ;
#11227 = VERTEX_POINT ( 'NONE', #10275 ) ;
#11228 = VECTOR ( 'NONE', #11436, 1000.000000000000000 ) ;
#11229 = LINE ( 'NONE', #6525, #5802 ) ;
#11230 = LINE ( 'NONE', #2885, #8880 ) ;
#11231 = EDGE_LOOP ( 'NONE', ( #10739, #11392, #5836, #3314 ) ) ;
#11232 = ADVANCED_FACE ( 'NONE', ( #10454 ), #5655, .T. ) ;
#11233 = CARTESIAN_POINT ( 'NONE',  ( 6.499999999999298339, 0.000000000000000000, -80.66964398456984497 ) ) ;
#11234 = ORIENTED_EDGE ( 'NONE', *, *, #6453, .T. ) ;
#11235 = CARTESIAN_POINT ( 'NONE',  ( 0.9699999999999986411, 2.468829751779949788, -0.4649157309895568524 ) ) ;
#11236 = CARTESIAN_POINT ( 'NONE',  ( 344.3154498469498321, -1.999999999999999112, -85.14583333333331439 ) ) ;
#11237 = DIRECTION ( 'NONE',  ( -0.000000000000000000, -0.000000000000000000, 1.000000000000000000 ) ) ;
#11238 = VECTOR ( 'NONE', #9575, 1000.000000000000000 ) ;
#11239 = FACE_BOUND ( 'NONE', #1932, .T. ) ;
#11240 = EDGE_CURVE ( 'NONE', #6101, #10716, #273, .T. ) ;
#11241 = EDGE_LOOP ( 'NONE', ( #5185, #4107, #11715, #9306 ) ) ;
#11242 = CARTESIAN_POINT ( 'NONE',  ( 162.6885285093582354, -1.978737483115554419, -85.14583333333335702 ) ) ;
#11243 = VECTOR ( 'NONE', #9069, 1000.000000000000000 ) ;
#11244 = ORIENTED_EDGE ( 'NONE', *, *, #10366, .F. ) ;
#11245 = VECTOR ( 'NONE', #714, 1000.000000000000000 ) ;
#11246 = CARTESIAN_POINT ( 'NONE',  ( 252.4999999999999432, 0.000000000000000000, -174.2174660514637310 ) ) ;
#11247 = CARTESIAN_POINT ( 'NONE',  ( 0.9700000000000293943, -1.380728864575075780E-13, -3.174999999999779554 ) ) ;
#11248 = ORIENTED_EDGE ( 'NONE', *, *, #3337, .T. ) ;
#11249 = LINE ( 'NONE', #1125, #4951 ) ;
#11250 = CARTESIAN_POINT ( 'NONE',  ( 0.9843342201064364527, 2.482780464277939636, -0.4324412773114988395 ) ) ;
#11251 = CARTESIAN_POINT ( 'NONE',  ( 2.470000000000027729, 2.498001805406602216E-13, 1.492250000000305832 ) ) ;
#11252 = CARTESIAN_POINT ( 'NONE',  ( 321.9999999999999432, 0.000000000000000000, -194.2174660514637310 ) ) ;
#11253 = ORIENTED_EDGE ( 'NONE', *, *, #5763, .F. ) ;
#11254 = CARTESIAN_POINT ( 'NONE',  ( 0.9843342201064919639, 1.975537752030132044, 0.3948905628679624802 ) ) ;
#11255 = VECTOR ( 'NONE', #4883, 1000.000000000000000 ) ;
#11256 = VECTOR ( 'NONE', #4268, 1000.000000000000227 ) ;
#11257 = ADVANCED_FACE ( 'NONE', ( #8446 ), #4980, .F. ) ;
#11258 = ORIENTED_EDGE ( 'NONE', *, *, #9165, .T. ) ;
#11259 = CARTESIAN_POINT ( 'NONE',  ( 345.9544521841694973, -2.208058797628740688, -85.12916666666669130 ) ) ;
#11260 = ORIENTED_EDGE ( 'NONE', *, *, #1520, .F. ) ;
#11261 = VERTEX_POINT ( 'NONE', #8569 ) ;
#11262 = DIRECTION ( 'NONE',  ( -6.845769268624693726E-16, 5.551115123125739315E-16, 1.000000000000000000 ) ) ;
#11263 = AXIS2_PLACEMENT_3D ( 'NONE', #2054, #76, #1994 ) ;
#11264 = AXIS2_PLACEMENT_3D ( 'NONE', #1366, #4408, #439 ) ;
#11265 = LINE ( 'NONE', #4055, #11209 ) ;
#11266 = CARTESIAN_POINT ( 'NONE',  ( 343.5000000000000000, -1.500000000000000444, -259.2174660514637026 ) ) ;
#11267 = ORIENTED_EDGE ( 'NONE', *, *, #4541, .F. ) ;
#11268 = VERTEX_POINT ( 'NONE', #5770 ) ;
#11269 = LINE ( 'NONE', #3036, #10053 ) ;
#11270 = CARTESIAN_POINT ( 'NONE',  ( 164.3750000000000284, -3.500000000000000000, -85.15000000000000568 ) ) ;
#11271 = VECTOR ( 'NONE', #8027, 1000.000000000000000 ) ;
#11272 = AXIS2_PLACEMENT_3D ( 'NONE', #3981, #7678, #11416 ) ;
#11273 = ORIENTED_EDGE ( 'NONE', *, *, #11043, .F. ) ;
#11274 = EDGE_CURVE ( 'NONE', #4526, #6511, #2122, .T. ) ;
#11275 = CARTESIAN_POINT ( 'NONE',  ( 0.9700000000000263967, -1.387778780781445676E-13, 1.587500000001032419 ) ) ;
#11276 = ORIENTED_EDGE ( 'NONE', *, *, #1055, .T. ) ;
#11277 = DIRECTION ( 'NONE',  ( -5.986776558089818140E-16, 0.4212021854523419484, 0.9069667683935123126 ) ) ;
#11278 = DIRECTION ( 'NONE',  ( -0.7071067811865513475, -0.000000000000000000, -0.7071067811865435759 ) ) ;
#11279 = ORIENTED_EDGE ( 'NONE', *, *, #6298, .F. ) ;
#11280 = DIRECTION ( 'NONE',  ( 0.000000000000000000, -0.000000000000000000, -1.000000000000000000 ) ) ;
#11281 = ORIENTED_EDGE ( 'NONE', *, *, #5191, .F. ) ;
#11282 = CIRCLE ( 'NONE', #757, 2.110000000000000764 ) ;
#11283 = LINE ( 'NONE', #1217, #11872 ) ;
#11284 = FACE_OUTER_BOUND ( 'NONE', #4683, .T. ) ;
#11285 = CARTESIAN_POINT ( 'NONE',  ( 0.9843342201064364527, 2.481543631422305829, -0.4415490844352637501 ) ) ;
#11286 = CARTESIAN_POINT ( 'NONE',  ( 2.470000000000027729, 2.290456010312191815, -1.068415287893975663 ) ) ;
#11287 = FACE_OUTER_BOUND ( 'NONE', #2259, .T. ) ;
#11288 = EDGE_CURVE ( 'NONE', #2008, #7453, #86, .T. ) ;
#11289 = VECTOR ( 'NONE', #11099, 1000.000000000000000 ) ;
#11290 = ORIENTED_EDGE ( 'NONE', *, *, #7804, .T. ) ;
#11291 = CARTESIAN_POINT ( 'NONE',  ( 0.9700000000000541522, 1.975537752030187555, -0.3268890226826859369 ) ) ;
#11292 = VERTEX_POINT ( 'NONE', #3834 ) ;
#11293 = DIRECTION ( 'NONE',  ( 0.000000000000000000, 1.000000000000000000, 0.000000000000000000 ) ) ;
#11294 = ORIENTED_EDGE ( 'NONE', *, *, #5653, .F. ) ;
#11295 = LINE ( 'NONE', #7561, #7960 ) ;
#11296 = LINE ( 'NONE', #7616, #7775 ) ;
#11297 = EDGE_LOOP ( 'NONE', ( #11260, #5665, #9201, #937 ) ) ;
#11298 = EDGE_CURVE ( 'NONE', #1153, #10211, #4803, .T. ) ;
#11299 = DIRECTION ( 'NONE',  ( -6.461844948013601496E-17, -1.000000000000000000, -3.053113317719180486E-16 ) ) ;
#11300 = VECTOR ( 'NONE', #1300, 1000.000000000000000 ) ;
#11301 = EDGE_CURVE ( 'NONE', #5713, #10794, #1201, .T. ) ;
#11302 = DIRECTION ( 'NONE',  ( -0.000000000000000000, 1.000000000000000000, -0.000000000000000000 ) ) ;
#11303 = LINE ( 'NONE', #9333, #1718 ) ;
#11304 = VERTEX_POINT ( 'NONE', #11266 ) ;
#11305 = FACE_OUTER_BOUND ( 'NONE', #3394, .T. ) ;
#11306 = CARTESIAN_POINT ( 'NONE',  ( 161.2208738203800920, -2.631333215649083179, -85.13333333333332575 ) ) ;
#11307 = VECTOR ( 'NONE', #4948, 1000.000000000000000 ) ;
#11308 = ORIENTED_EDGE ( 'NONE', *, *, #890, .F. ) ;
#11309 = CARTESIAN_POINT ( 'NONE',  ( 0.9700000000000541522, 2.328143799005921721, 0.2627469712620095210 ) ) ;
#11310 = FILL_AREA_STYLE_COLOUR ( '', #2584 ) ;
#11311 = ORIENTED_EDGE ( 'NONE', *, *, #7551, .F. ) ;
#11312 = CARTESIAN_POINT ( 'NONE',  ( 313.0000000000000000, -1.500000000000000000, -194.2174660514637310 ) ) ;
#11313 = CARTESIAN_POINT ( 'NONE',  ( 0.9843342201063809416, 2.497005303495586581, -0.4483746272443411840 ) ) ;
#11314 = FACE_OUTER_BOUND ( 'NONE', #7873, .T. ) ;
#11315 = EDGE_CURVE ( 'NONE', #6846, #4119, #3702, .T. ) ;
#11316 = CARTESIAN_POINT ( 'NONE',  ( 168.4999999999999147, 0.000000000000000000, -35.27282088253234349 ) ) ;
#11317 = ORIENTED_EDGE ( 'NONE', *, *, #5975, .T. ) ;
#11318 = DIRECTION ( 'NONE',  ( -4.754204940159365997E-16, -0.7463495512540802013, 0.6655541655964849479 ) ) ;
#11319 = VECTOR ( 'NONE', #2875, 1000.000000000000114 ) ;
#11320 = ORIENTED_EDGE ( 'NONE', *, *, #3603, .F. ) ;
#11321 = PLANE ( 'NONE',  #507 ) ;
#11322 = ORIENTED_EDGE ( 'NONE', *, *, #10418, .T. ) ;
#11323 = EDGE_LOOP ( 'NONE', ( #270, #2057, #9616, #10992 ) ) ;
#11324 = AXIS2_PLACEMENT_3D ( 'NONE', #4702, #6325, #849 ) ;
#11325 = DIRECTION ( 'NONE',  ( -3.593773247311037172E-16, 0.8463804217565837895, 0.5325788032461932220 ) ) ;
#11326 = ORIENTED_EDGE ( 'NONE', *, *, #336, .F. ) ;
#11327 = EDGE_CURVE ( 'NONE', #8795, #1826, #7706, .T. ) ;
#11328 = ORIENTED_EDGE ( 'NONE', *, *, #8809, .F. ) ;
#11329 = DIRECTION ( 'NONE',  ( 3.882700225065658788E-16, -0.5000000000000253131, -0.8660254037844240527 ) ) ;
#11330 = CARTESIAN_POINT ( 'NONE',  ( 0.9700000000000541522, 2.092235504760342479, -0.3948934297108852576 ) ) ;
#11331 = VECTOR ( 'NONE', #11499, 999.9999999999998863 ) ;
#11332 = ORIENTED_EDGE ( 'NONE', *, *, #6683, .T. ) ;
#11333 = CYLINDRICAL_SURFACE ( 'NONE', #3049, 1.749999999999999778 ) ;
#11334 = ORIENTED_EDGE ( 'NONE', *, *, #484, .T. ) ;
#11335 = DIRECTION ( 'NONE',  ( 4.619824724853955355E-16, 0.8660254037844390407, -0.4999999999999991673 ) ) ;
#11336 = VERTEX_POINT ( 'NONE', #2981 ) ;
#11337 = LINE ( 'NONE', #7599, #6913 ) ;
#11338 = FACE_OUTER_BOUND ( 'NONE', #9007, .T. ) ;
#11339 = VERTEX_POINT ( 'NONE', #6628 ) ;
#11340 = VECTOR ( 'NONE', #10436, 1000.000000000000114 ) ;
#11341 = ADVANCED_FACE ( 'NONE', ( #1143 ), #9594, .F. ) ;
#11342 = CARTESIAN_POINT ( 'NONE',  ( 344.2500000000000000, -3.500000000000000000, -259.2674660514637139 ) ) ;
#11343 = FACE_OUTER_BOUND ( 'NONE', #6053, .T. ) ;
#11344 = ADVANCED_FACE ( 'NONE', ( #3033 ), #5830, .F. ) ;
#11345 = LINE ( 'NONE', #6765, #7537 ) ;
#11346 = CARTESIAN_POINT ( 'NONE',  ( 345.1313332156489651, -3.279126179619992865, -259.2591327181303313 ) ) ;
#11347 = DIRECTION ( 'NONE',  ( 1.000000000000000000, 2.000187765493021278E-16, -7.400880780937300593E-16 ) ) ;
#11348 = CIRCLE ( 'NONE', #10361, 2.110000000000000764 ) ;
#11349 = EDGE_LOOP ( 'NONE', ( #8885, #4846, #11816, #9515 ) ) ;
#11350 = CARTESIAN_POINT ( 'NONE',  ( 338.4999999999999432, 0.000000000000000000, -252.5728208825323691 ) ) ;
#11351 = LINE ( 'NONE', #6713, #10244 ) ;
#11352 = ORIENTED_EDGE ( 'NONE', *, *, #8481, .F. ) ;
#11353 = LINE ( 'NONE', #5798, #11973 ) ;
#11354 = ORIENTED_EDGE ( 'NONE', *, *, #11968, .F. ) ;
#11355 = ADVANCED_FACE ( 'NONE', ( #8627 ), #11386, .F. ) ;
#11356 = DIRECTION ( 'NONE',  ( 0.000000000000000000, -1.000000000000000000, 0.000000000000000000 ) ) ;
#11357 = CARTESIAN_POINT ( 'NONE',  ( 0.9843342201064364527, 1.579261356762895474, 8.326672684688674053E-14 ) ) ;
#11358 = EDGE_CURVE ( 'NONE', #2172, #8052, #6745, .T. ) ;
#11359 = LINE ( 'NONE', #1113, #10045 ) ;
#11360 = CARTESIAN_POINT ( 'NONE',  ( 189.4999999999999716, 0.000000000000000000, -194.2174660514637310 ) ) ;
#11361 = FACE_BOUND ( 'NONE', #7077, .T. ) ;
#11362 = AXIS2_PLACEMENT_3D ( 'NONE', #10116, #8292, #1784 ) ;
#11363 = EDGE_LOOP ( 'NONE', ( #768, #3201, #2091, #9992 ) ) ;
#11364 = ORIENTED_EDGE ( 'NONE', *, *, #9086, .T. ) ;
#11365 = EDGE_CURVE ( 'NONE', #5767, #7982, #5100, .T. ) ;
#11366 = CARTESIAN_POINT ( 'NONE',  ( 162.7192526882483605, -1.984850000000000225, -85.14791629257852890 ) ) ;
#11367 = ADVANCED_FACE ( 'NONE', ( #11738 ), #7037, .F. ) ;
#11368 = ORIENTED_EDGE ( 'NONE', *, *, #2263, .F. ) ;
#11369 = FACE_OUTER_BOUND ( 'NONE', #10762, .T. ) ;
#11370 = CARTESIAN_POINT ( 'NONE',  ( 0.9699999999999986411, 2.125066602492426071, -0.1854790744887646614 ) ) ;
#11371 = ORIENTED_EDGE ( 'NONE', *, *, #2598, .T. ) ;
#11372 = CARTESIAN_POINT ( 'NONE',  ( 308.4999999999998863, 0.000000000000000000, -245.7174660514637310 ) ) ;
#11373 = LINE ( 'NONE', #2843, #9417 ) ;
#11374 = EDGE_CURVE ( 'NONE', #8167, #9240, #5038, .T. ) ;
#11375 = CARTESIAN_POINT ( 'NONE',  ( 0.9699999999999986411, 2.181209442382980868, -0.1852052908850321256 ) ) ;
#11376 = ORIENTED_EDGE ( 'NONE', *, *, #2682, .F. ) ;
#11377 = LINE ( 'NONE', #6737, #5217 ) ;
#11378 = VERTEX_POINT ( 'NONE', #10635 ) ;
#11379 = VECTOR ( 'NONE', #2477, 1000.000000000000000 ) ;
#11380 = ADVANCED_FACE ( 'NONE', ( #2481 ), #1557, .F. ) ;
#11381 = DIRECTION ( 'NONE',  ( -1.445076253180178246E-16, -1.000000000000000000, 5.551115123125738329E-16 ) ) ;
#11382 = EDGE_LOOP ( 'NONE', ( #955, #9899, #962, #9457 ) ) ;
#11383 = ADVANCED_FACE ( 'NONE', ( #2365 ), #8920, .F. ) ;
#11384 = ORIENTED_EDGE ( 'NONE', *, *, #9938, .F. ) ;
#11385 = FACE_OUTER_BOUND ( 'NONE', #4621, .T. ) ;
#11386 = PLANE ( 'NONE',  #7996 ) ;
#11387 = EDGE_CURVE ( 'NONE', #8193, #10889, #9712, .T. ) ;
#11388 = ORIENTED_EDGE ( 'NONE', *, *, #9673, .F. ) ;
#11389 = ORIENTED_EDGE ( 'NONE', *, *, #533, .T. ) ;
#11390 = CARTESIAN_POINT ( 'NONE',  ( 0.9843342201064919639, 2.523629592551285050, 0.03526031801355522521 ) ) ;
#11391 = DIRECTION ( 'NONE',  ( 0.000000000000000000, 1.000000000000000000, 0.000000000000000000 ) ) ;
#11392 = ORIENTED_EDGE ( 'NONE', *, *, #778, .F. ) ;
#11393 = LINE ( 'NONE', #9483, #1277 ) ;
#11394 = ADVANCED_FACE ( 'NONE', ( #10757 ), #388, .T. ) ;
#11395 = ORIENTED_EDGE ( 'NONE', *, *, #3556, .T. ) ;
#11396 = AXIS2_PLACEMENT_3D ( 'NONE', #10174, #4891, #1843 ) ;
#11397 = CARTESIAN_POINT ( 'NONE',  ( 338.4999999999999432, -1.224646799147346644E-18, -248.3528208825323418 ) ) ;
#11398 = ORIENTED_EDGE ( 'NONE', *, *, #2041, .T. ) ;
#11399 = CARTESIAN_POINT ( 'NONE',  ( 344.2500000000000000, 0.01499999999999956750, -85.10000000000000853 ) ) ;
#11400 = DIRECTION ( 'NONE',  ( -1.445076253180178246E-16, -1.000000000000000000, 5.551115123125738329E-16 ) ) ;
#11401 = ORIENTED_EDGE ( 'NONE', *, *, #10328, .T. ) ;
#11402 = LINE ( 'NONE', #4028, #7595 ) ;
#11403 = ORIENTED_EDGE ( 'NONE', *, *, #9005, .T. ) ;
#11404 = LINE ( 'NONE', #3050, #11057 ) ;
#11405 = VECTOR ( 'NONE', #1763, 1000.000000000000000 ) ;
#11406 = CARTESIAN_POINT ( 'NONE',  ( 345.7791261796199365, -2.631333215649082735, -259.2507993847970624 ) ) ;
#11407 = CARTESIAN_POINT ( 'NONE',  ( 0.4850000000000131983, -1.387778780781445676E-13, 1.804112415015879378E-13 ) ) ;
#11408 = EDGE_CURVE ( 'NONE', #8317, #5056, #5216, .T. ) ;
#11409 = FACE_OUTER_BOUND ( 'NONE', #9652, .T. ) ;
#11410 = VECTOR ( 'NONE', #5123, 1000.000000000000000 ) ;
#11411 = PLANE ( 'NONE',  #5358 ) ;
#11412 = VERTEX_POINT ( 'NONE', #511 ) ;
#11413 = CARTESIAN_POINT ( 'NONE',  ( 0.000000000000000000, -1.500000000000001332, -106.0000000000000000 ) ) ;
#11414 = PLANE ( 'NONE',  #2943 ) ;
#11415 = APPLICATION_PROTOCOL_DEFINITION ( 'draft international standard', 'automotive_design', 1998, #12028 ) ;
#11416 = DIRECTION ( 'NONE',  ( -9.713191375867612216E-16, -2.220446049250337733E-16, 1.000000000000000000 ) ) ;
#11417 = FACE_BOUND ( 'NONE', #3779, .T. ) ;
#11418 = AXIS2_PLACEMENT_3D ( 'NONE', #6061, #7872, #442 ) ;
#11419 = EDGE_CURVE ( 'NONE', #2403, #3849, #11614, .T. ) ;
#11420 = ORIENTED_EDGE ( 'NONE', *, *, #5910, .T. ) ;
#11421 = VERTEX_POINT ( 'NONE', #8797 ) ;
#11422 = EDGE_CURVE ( 'NONE', #6705, #11268, #9890, .T. ) ;
#11423 = DIRECTION ( 'NONE',  ( 1.000000000000000000, 2.000187765493029413E-16, 6.845769268624692740E-16 ) ) ;
#11424 = ORIENTED_EDGE ( 'NONE', *, *, #8508, .T. ) ;
#11425 = LINE ( 'NONE', #9340, #9613 ) ;
#11426 = DIRECTION ( 'NONE',  ( 0.000000000000000000, -4.978615276910213017E-18, 1.000000000000000000 ) ) ;
#11427 = VECTOR ( 'NONE', #12082, 999.9999999999998863 ) ;
#11428 = CARTESIAN_POINT ( 'NONE',  ( 0.9700000000000541522, 2.523239701764268261, 0.2897166630501657458 ) ) ;
#11429 = DIRECTION ( 'NONE',  ( -1.000000000000000000, 0.000000000000000000, 9.842402700577628319E-17 ) ) ;
#11430 = LINE ( 'NONE', #5997, #12078 ) ;
#11431 = ORIENTED_EDGE ( 'NONE', *, *, #8095, .F. ) ;
#11432 = DIRECTION ( 'NONE',  ( -1.000000000000000000, 0.000000000000000000, -0.000000000000000000 ) ) ;
#11433 = ORIENTED_EDGE ( 'NONE', *, *, #6617, .F. ) ;
#11434 = VECTOR ( 'NONE', #2700, 1000.000000000000000 ) ;
#11435 = EDGE_CURVE ( 'NONE', #5631, #7702, #5158, .T. ) ;
#11436 = DIRECTION ( 'NONE',  ( -0.7071067811865439090, -4.277359865764932165E-16, -0.7071067811865512365 ) ) ;
#11437 = ORIENTED_EDGE ( 'NONE', *, *, #12033, .F. ) ;
#11438 = ORIENTED_EDGE ( 'NONE', *, *, #4193, .F. ) ;
#11439 = PLANE ( 'NONE',  #1394 ) ;
#11440 = CARTESIAN_POINT ( 'NONE',  ( 342.6250000000000000, -2.000000000000000000, -172.2087330257318740 ) ) ;
#11441 = AXIS2_PLACEMENT_3D ( 'NONE', #8791, #4176, #7871 ) ;
#11442 = ORIENTED_EDGE ( 'NONE', *, *, #5978, .T. ) ;
#11443 = EDGE_CURVE ( 'NONE', #9228, #1806, #11554, .T. ) ;
#11444 = CARTESIAN_POINT ( 'NONE',  ( 210.8265096880607814, 0.000000000000000000, -208.4456223450676475 ) ) ;
#11445 = ADVANCED_FACE ( 'NONE', ( #3385 ), #4183, .F. ) ;
#11446 = DIRECTION ( 'NONE',  ( -6.845769268624692740E-16, 5.551115123125739315E-16, 1.000000000000000000 ) ) ;
#11447 = EDGE_LOOP ( 'NONE', ( #11074, #2367, #3057, #8929 ) ) ;
#11448 = FACE_BOUND ( 'NONE', #392, .T. ) ;
#11449 = VECTOR ( 'NONE', #5762, 1000.000000000000000 ) ;
#11451 = VERTEX_POINT ( 'NONE', #8859 ) ;
#11450 = AXIS2_PLACEMENT_3D ( 'NONE', #5538, #2931, #2752 ) ;
#11452 = CARTESIAN_POINT ( 'NONE',  ( 2.470000000000027729, 0.03232682635359584999, 2.273457506810267148 ) ) ;
#11453 = ORIENTED_EDGE ( 'NONE', *, *, #8153, .F. ) ;
#11454 = CARTESIAN_POINT ( 'NONE',  ( 346.0000000000000000, -1.979074464324277249, -85.12708333333334565 ) ) ;
#11455 = ORIENTED_EDGE ( 'NONE', *, *, #3609, .T. ) ;
#11456 = DIRECTION ( 'NONE',  ( 2.775557561562890858E-16, 0.000000000000000000, 1.000000000000000000 ) ) ;
#11457 = CARTESIAN_POINT ( 'NONE',  ( 0.9700000000000541522, 1.579261356762756696, -8.326672684688674053E-14 ) ) ;
#11458 = CYLINDRICAL_SURFACE ( 'NONE', #7919, 0.03077947504423033526 ) ;
#11459 = VECTOR ( 'NONE', #3538, 1000.000000000000114 ) ;
#11460 = EDGE_CURVE ( 'NONE', #6705, #6635, #2243, .T. ) ;
#11461 = AXIS2_PLACEMENT_3D ( 'NONE', #11118, #1850, #8173 ) ;
#11462 = CARTESIAN_POINT ( 'NONE',  ( 344.2807473117515542, -1.515150000000000441, -259.2195497588852504 ) ) ;
#11463 = CARTESIAN_POINT ( 'NONE',  ( 313.0000000000000000, 0.000000000000000000, -243.2174660514637310 ) ) ;
#11464 = CARTESIAN_POINT ( 'NONE',  ( 0.9843342201064364527, 2.521531062727400130, -0.2852079774567778392 ) ) ;
#11465 = VECTOR ( 'NONE', #3631, 1000.000000000000000 ) ;
#11466 = ORIENTED_EDGE ( 'NONE', *, *, #859, .F. ) ;
#11467 = LINE ( 'NONE', #3114, #6122 ) ;
#11468 = VERTEX_POINT ( 'NONE', #4302 ) ;
#11469 = DIRECTION ( 'NONE',  ( -0.000000000000000000, 1.000000000000000000, -0.000000000000000000 ) ) ;
#11470 = CARTESIAN_POINT ( 'NONE',  ( 216.4999999999999716, 0.000000000000000000, -179.2174660514637310 ) ) ;
#11471 = DIRECTION ( 'NONE',  ( -7.313628389767670998E-18, -1.000000000000000000, -1.835513714186525641E-16 ) ) ;
#11472 = DIRECTION ( 'NONE',  ( -2.481675346006243732E-16, 0.8022045974956019121, 0.5970492305973765790 ) ) ;
#11473 = ADVANCED_FACE ( 'NONE', ( #7093 ), #9965, .T. ) ;
#11474 = FACE_BOUND ( 'NONE', #7544, .T. ) ;
#11475 = VECTOR ( 'NONE', #2706, 1000.000000000000000 ) ;
#11476 = ORIENTED_EDGE ( 'NONE', *, *, #2973, .T. ) ;
#11477 = ORIENTED_EDGE ( 'NONE', *, *, #10904, .T. ) ;
#11478 = DIRECTION ( 'NONE',  ( -7.594557642088578986E-16, -0.2587968170644511234, 0.9659317819997998988 ) ) ;
#11479 = EDGE_LOOP ( 'NONE', ( #3235, #4631, #4800, #7757 ) ) ;
#11480 = CARTESIAN_POINT ( 'NONE',  ( 0.9700000000000541522, 2.033886628395292995, 0.3948905628681290136 ) ) ;
#11481 = LINE ( 'NONE', #10678, #229 ) ;
#11482 = EDGE_LOOP ( 'NONE', ( #2852, #10378, #2520, #8841 ) ) ;
#11483 = AXIS2_PLACEMENT_3D ( 'NONE', #4613, #11133, #8998 ) ;
#11484 = SURFACE_STYLE_USAGE ( .BOTH. , #198 ) ;
#11485 = DIRECTION ( 'NONE',  ( 1.445076253180192051E-16, 1.000000000000000000, -2.553512956637819811E-15 ) ) ;
#11486 = LINE ( 'NONE', #9582, #11853 ) ;
#11487 = CARTESIAN_POINT ( 'NONE',  ( 161.2208738203800635, -0.8686667843509263687, -259.2341327181303541 ) ) ;
#11488 = CARTESIAN_POINT ( 'NONE',  ( 173.0000000000000000, 0.000000000000000000, -179.2174660514637310 ) ) ;
#11489 = EDGE_CURVE ( 'NONE', #8673, #11172, #1679, .T. ) ;
#11490 = ORIENTED_EDGE ( 'NONE', *, *, #9938, .T. ) ;
#11491 = EDGE_CURVE ( 'NONE', #912, #2172, #2597, .T. ) ;
#11492 = CARTESIAN_POINT ( 'NONE',  ( 345.6494169741968108, -2.825456759956101571, -259.2528827181303654 ) ) ;
#11493 = VECTOR ( 'NONE', #3869, 1000.000000000000000 ) ;
#11494 = EDGE_LOOP ( 'NONE', ( #6866, #1075, #2065, #10523 ) ) ;
#11495 = LINE ( 'NONE', #6909, #9064 ) ;
#11496 = EDGE_LOOP ( 'NONE', ( #3098, #3338, #3798, #10714 ) ) ;
#11497 = VERTEX_POINT ( 'NONE', #8307 ) ;
#11498 = LINE ( 'NONE', #3142, #4574 ) ;
#11499 = DIRECTION ( 'NONE',  ( -4.524142337153980128E-16, 0.3803437133060071362, 0.9248452085341621887 ) ) ;
#11500 = DIRECTION ( 'NONE',  ( 0.000000000000000000, 0.000000000000000000, 1.000000000000000000 ) ) ;
#11501 = VECTOR ( 'NONE', #4292, 1000.000000000000000 ) ;
#11502 = ORIENTED_EDGE ( 'NONE', *, *, #8112, .T. ) ;
#11503 = EDGE_CURVE ( 'NONE', #10576, #2040, #10129, .T. ) ;
#11504 = CARTESIAN_POINT ( 'NONE',  ( 0.9700000000000541522, 2.317249791725151109, 0.2773050918867953074 ) ) ;
#11505 = VERTEX_POINT ( 'NONE', #4550 ) ;
#11506 = VERTEX_POINT ( 'NONE', #11130 ) ;
#11507 = CARTESIAN_POINT ( 'NONE',  ( 0.9700000000000541522, 1.975537752030215310, -7.167110113726060661E-06 ) ) ;
#11508 = VECTOR ( 'NONE', #10592, 1000.000000000000000 ) ;
#11509 = ORIENTED_EDGE ( 'NONE', *, *, #9514, .T. ) ;
#11510 = EDGE_CURVE ( 'NONE', #5523, #4463, #9093, .T. ) ;
#11511 = CYLINDRICAL_SURFACE ( 'NONE', #9945, 2.100000000000019629 ) ;
#11512 = ORIENTED_EDGE ( 'NONE', *, *, #8939, .F. ) ;
#11513 = EDGE_CURVE ( 'NONE', #5169, #10826, #5516, .T. ) ;
#11514 = ORIENTED_EDGE ( 'NONE', *, *, #1222, .T. ) ;
#11515 = LINE ( 'NONE', #10773, #3717 ) ;
#11516 = DIRECTION ( 'NONE',  ( -3.582787080455031950E-16, 0.6934400527214990007, 0.7205143255214324638 ) ) ;
#11517 = VECTOR ( 'NONE', #911, 1000.000000000000000 ) ;
#11518 = CARTESIAN_POINT ( 'NONE',  ( 2.470000000000027729, -2.229467576931182471, -1.174050353182798379 ) ) ;
#11519 = CARTESIAN_POINT ( 'NONE',  ( 345.1388875003545422, -3.292232975445307019, -259.2591327181303313 ) ) ;
#11520 = CARTESIAN_POINT ( 'NONE',  ( 0.9699999999999986411, 2.503303842999543782, -0.4528350302195616184 ) ) ;
#11521 = DIRECTION ( 'NONE',  ( -1.000000000000000000, 0.000000000000000000, 0.000000000000000000 ) ) ;
#11522 = VECTOR ( 'NONE', #6119, 1000.000000000000000 ) ;
#11523 = CIRCLE ( 'NONE', #8005, 2.110000000000000764 ) ;
#11524 = EDGE_CURVE ( 'NONE', #2814, #10137, #12041, .T. ) ;
#11525 = PLANE ( 'NONE',  #7095 ) ;
#11526 = VERTEX_POINT ( 'NONE', #11857 ) ;
#11527 = FACE_OUTER_BOUND ( 'NONE', #3333, .T. ) ;
#11528 = EDGE_CURVE ( 'NONE', #4509, #2350, #10881, .T. ) ;
#11529 = DIRECTION ( 'NONE',  ( 0.000000000000000000, 0.000000000000000000, 1.000000000000000000 ) ) ;
#11530 = CARTESIAN_POINT ( 'NONE',  ( 167.0000000000000000, 0.000000000000000000, -242.2174660514637310 ) ) ;
#11531 = VECTOR ( 'NONE', #1556, 999.9999999999998863 ) ;
#11532 = VECTOR ( 'NONE', #9372, 1000.000000000000114 ) ;
#11533 = VERTEX_POINT ( 'NONE', #2785 ) ;
#11534 = EDGE_LOOP ( 'NONE', ( #3005, #1534, #5779, #2316 ) ) ;
#11535 = CARTESIAN_POINT ( 'NONE',  ( 0.9700000000000541522, 2.336132259871254391, 0.2556232938958347134 ) ) ;
#11536 = EDGE_CURVE ( 'NONE', #3881, #11378, #1862, .T. ) ;
#11537 = EDGE_LOOP ( 'NONE', ( #4620, #3068, #3610, #7623 ) ) ;
#11538 = PLANE ( 'NONE',  #8838 ) ;
#11539 = CARTESIAN_POINT ( 'NONE',  ( 0.9699999999999986411, 2.521531062727372152, -0.3948934297109130132 ) ) ;
#11540 = ORIENTED_EDGE ( 'NONE', *, *, #6872, .F. ) ;
#11541 = CARTESIAN_POINT ( 'NONE',  ( 313.0000000000000000, -1.500000000000000000, -179.2174660514637310 ) ) ;
#11542 = DIRECTION ( 'NONE',  ( -1.000000000000000000, -1.722632009336712421E-16, 4.625323219374409242E-16 ) ) ;
#11543 = CARTESIAN_POINT ( 'NONE',  ( 288.0000000000000568, 0.000000000000000000, -179.2174660514637310 ) ) ;
#11544 = CARTESIAN_POINT ( 'NONE',  ( 2.470000000000027729, -1.857789974495566154, -0.7092133743810125068 ) ) ;
#11545 = LINE ( 'NONE', #5820, #579 ) ;
#11546 = CARTESIAN_POINT ( 'NONE',  ( 0.9700000000000541522, 2.523239701764268261, 0.2897166630501657458 ) ) ;
#11547 = EDGE_LOOP ( 'NONE', ( #11276, #2639, #8748, #165 ) ) ;
#11548 = DIRECTION ( 'NONE',  ( 1.000000000000000000, 0.000000000000000000, 0.000000000000000000 ) ) ;
#11549 = DIRECTION ( 'NONE',  ( 6.845769268624742044E-16, -2.886579864025370717E-15, -1.000000000000000000 ) ) ;
#11550 = EDGE_CURVE ( 'NONE', #11451, #4164, #10192, .T. ) ;
#11551 = ORIENTED_EDGE ( 'NONE', *, *, #817, .F. ) ;
#11552 = AXIS2_PLACEMENT_3D ( 'NONE', #9083, #745, #4467 ) ;
#11553 = LINE ( 'NONE', #6008, #860 ) ;
#11554 = LINE ( 'NONE', #576, #267 ) ;
#11555 = ORIENTED_EDGE ( 'NONE', *, *, #11773, .F. ) ;
#11556 = PLANE ( 'NONE',  #10667 ) ;
#11557 = LINE ( 'NONE', #6916, #4645 ) ;
#11558 = ORIENTED_EDGE ( 'NONE', *, *, #5653, .T. ) ;
#11559 = VERTEX_POINT ( 'NONE', #8242 ) ;
#11560 = LINE ( 'NONE', #6188, #1677 ) ;
#11561 = EDGE_CURVE ( 'NONE', #6002, #4788, #3566, .T. ) ;
#11562 = ORIENTED_EDGE ( 'NONE', *, *, #749, .T. ) ;
#11563 = EDGE_CURVE ( 'NONE', #11620, #6643, #11795, .T. ) ;
#11564 = LINE ( 'NONE', #9723, #4723 ) ;
#11565 = ORIENTED_EDGE ( 'NONE', *, *, #2190, .F. ) ;
#11566 = VECTOR ( 'NONE', #4964, 1000.000000000000114 ) ;
#11567 = CARTESIAN_POINT ( 'NONE',  ( 344.2500000000000000, -2.000000000000000000, -85.15000000000000568 ) ) ;
#11568 = CARTESIAN_POINT ( 'NONE',  ( 0.9700000000000541522, 2.314467519602486867, 0.2871582914452386337 ) ) ;
#11569 = VECTOR ( 'NONE', #9946, 1000.000000000000000 ) ;
#11570 = ORIENTED_EDGE ( 'NONE', *, *, #11327, .F. ) ;
#11571 = DIRECTION ( 'NONE',  ( -0.000000000000000000, -1.000000000000000000, -0.000000000000000000 ) ) ;
#11572 = ORIENTED_EDGE ( 'NONE', *, *, #4724, .T. ) ;
#11573 = DIRECTION ( 'NONE',  ( 0.000000000000000000, 0.000000000000000000, -1.000000000000000000 ) ) ;
#11574 = CARTESIAN_POINT ( 'NONE',  ( 344.4684465970885867, -1.875904745092725090, -259.2507993847970624 ) ) ;
#11575 = DIRECTION ( 'NONE',  ( 1.000000000000000000, 2.000187765493021278E-16, -7.400880780937300593E-16 ) ) ;
#11576 = EDGE_CURVE ( 'NONE', #8350, #7247, #1039, .T. ) ;
#11577 = CARTESIAN_POINT ( 'NONE',  ( 0.9699999999999986411, 2.286545892256880208, 0.1670300731590745880 ) ) ;
#11578 = EDGE_CURVE ( 'NONE', #1688, #10705, #4611, .T. ) ;
#11579 = CARTESIAN_POINT ( 'NONE',  ( 345.9999999999999432, 0.000000000000000000, -329.2174660514637594 ) ) ;
#11580 =( NAMED_UNIT ( * ) PLANE_ANGLE_UNIT ( ) SI_UNIT ( $, .RADIAN. ) );
#11581 = CARTESIAN_POINT ( 'NONE',  ( 0.9700000000000541522, 1.579261356762756696, -8.326672684688674053E-14 ) ) ;
#11582 = ORIENTED_EDGE ( 'NONE', *, *, #4148, .T. ) ;
#11583 = AXIS2_PLACEMENT_3D ( 'NONE', #4162, #5929, #428 ) ;
#11584 = CARTESIAN_POINT ( 'NONE',  ( 342.6250000000000000, -2.000000000000000000, -259.2674660514637139 ) ) ;
#11585 = CARTESIAN_POINT ( 'NONE',  ( 321.4999999999999432, -1.500000000000000000, -319.2174660514637026 ) ) ;
#11586 = ADVANCED_FACE ( 'NONE', ( #6483 ), #9282, .F. ) ;
#11587 = EDGE_CURVE ( 'NONE', #3986, #9472, #8063, .T. ) ;
#11588 = ORIENTED_EDGE ( 'NONE', *, *, #1698, .F. ) ;
#11590 = ORIENTED_EDGE ( 'NONE', *, *, #447, .F. ) ;
#11589 = VECTOR ( 'NONE', #9065, 1000.000000000000114 ) ;
#11591 = EDGE_CURVE ( 'NONE', #1033, #4045, #6301, .T. ) ;
#11592 = FACE_BOUND ( 'NONE', #2612, .T. ) ;
#11593 = ORIENTED_EDGE ( 'NONE', *, *, #1013, .T. ) ;
#11594 = LINE ( 'NONE', #8839, #6314 ) ;
#11595 = DIRECTION ( 'NONE',  ( 1.653485796698553254E-16, -0.8660254037844369313, -0.5000000000000029976 ) ) ;
#11596 = ORIENTED_EDGE ( 'NONE', *, *, #9335, .F. ) ;
#11597 = CARTESIAN_POINT ( 'NONE',  ( 344.5000000000000000, -1.815449846949787505, -259.2466327181303996 ) ) ;
#11598 = CARTESIAN_POINT ( 'NONE',  ( 301.6665948878440986, -1.500000000000000000, -208.4456223450676475 ) ) ;
#11599 = FACE_BOUND ( 'NONE', #1949, .T. ) ;
#11600 = CARTESIAN_POINT ( 'NONE',  ( 161.6745432400439313, -3.149416974196816099, -259.2570493847970283 ) ) ;
#11601 = ORIENTED_EDGE ( 'NONE', *, *, #6068, .F. ) ;
#11602 = LINE ( 'NONE', #2351, #2355 ) ;
#11603 = CARTESIAN_POINT ( 'NONE',  ( 270.0000000000000000, 0.000000000000000000, -174.2174660514637310 ) ) ;
#11604 = VECTOR ( 'NONE', #10840, 1000.000000000000114 ) ;
#11605 = EDGE_CURVE ( 'NONE', #10211, #341, #1617, .T. ) ;
#11606 = CARTESIAN_POINT ( 'NONE',  ( 0.9699999999999986411, 2.309420209805124191, -0.2346925392426868484 ) ) ;
#11607 = ORIENTED_EDGE ( 'NONE', *, *, #2401, .T. ) ;
#11608 = LINE ( 'NONE', #2358, #934 ) ;
#11609 = DIRECTION ( 'NONE',  ( -1.000000000000000000, 0.000000000000000000, 1.590523153858629728E-16 ) ) ;
#11610 = ORIENTED_EDGE ( 'NONE', *, *, #9716, .T. ) ;
#11611 = EDGE_LOOP ( 'NONE', ( #6062, #1553, #4169, #5952 ) ) ;
#11612 = VECTOR ( 'NONE', #5032, 1000.000000000000000 ) ;
#11613 = LINE ( 'NONE', #3261, #7668 ) ;
#11614 = LINE ( 'NONE', #1376, #7850 ) ;
#11615 = ORIENTED_EDGE ( 'NONE', *, *, #8600, .F. ) ;
#11616 = CARTESIAN_POINT ( 'NONE',  ( 167.0000000000000000, 0.000000000000000000, -242.2174660514637310 ) ) ;
#11617 = EDGE_CURVE ( 'NONE', #8465, #11140, #10938, .T. ) ;
#11618 = AXIS2_PLACEMENT_3D ( 'NONE', #6895, #10612, #2278 ) ;
#11619 = ORIENTED_EDGE ( 'NONE', *, *, #3015, .F. ) ;
#11620 = VERTEX_POINT ( 'NONE', #5455 ) ;
#11621 = PLANE ( 'NONE',  #9459 ) ;
#11622 = ORIENTED_EDGE ( 'NONE', *, *, #2900, .F. ) ;
#11623 = CARTESIAN_POINT ( 'NONE',  ( 0.9843342201064364527, 2.235388494119194824, 0.2243451655704054026 ) ) ;
#11624 = VECTOR ( 'NONE', #7364, 1000.000000000000000 ) ;
#11625 = CIRCLE ( 'NONE', #3656, 2.110000000000000764 ) ;
#11626 = LINE ( 'NONE', #1570, #8611 ) ;
#11627 = EDGE_LOOP ( 'NONE', ( #10199, #11596, #5643, #283 ) ) ;
#11628 = DIRECTION ( 'NONE',  ( -7.400880780937299607E-16, -5.551115123125742273E-16, -1.000000000000000000 ) ) ;
#11629 = ORIENTED_EDGE ( 'NONE', *, *, #6381, .F. ) ;
#11630 = DIRECTION ( 'NONE',  ( -1.000000000000000000, -0.000000000000000000, -0.000000000000000000 ) ) ;
#11631 = EDGE_CURVE ( 'NONE', #6994, #5052, #11980, .T. ) ;
#11632 = CARTESIAN_POINT ( 'NONE',  ( 330.0000000000000000, -1.500000000000000000, -179.2174660514637310 ) ) ;
#11633 = EDGE_CURVE ( 'NONE', #6840, #6742, #3996, .T. ) ;
#11634 = DIRECTION ( 'NONE',  ( 1.000000000000000000, 1.722632009336712421E-16, -4.625323219374409242E-16 ) ) ;
#11635 = AXIS2_PLACEMENT_3D ( 'NONE', #154, #217, #2861 ) ;
#11636 = VECTOR ( 'NONE', #9742, 1000.000000000000000 ) ;
#11637 = VERTEX_POINT ( 'NONE', #10505 ) ;
#11638 = CARTESIAN_POINT ( 'NONE',  ( 299.4999999999999432, 0.000000000000000000, -245.7174660514637310 ) ) ;
#11639 = FACE_OUTER_BOUND ( 'NONE', #3281, .T. ) ;
#11640 = CARTESIAN_POINT ( 'NONE',  ( 0.000000000000000000, -1.500000000000000000, 0.000000000000000000 ) ) ;
#11641 = CARTESIAN_POINT ( 'NONE',  ( 2.450950000000062801, -2.077310761883333079, -1.437593687563285094 ) ) ;
#11642 = VERTEX_POINT ( 'NONE', #9461 ) ;
#11643 = VECTOR ( 'NONE', #10759, 1000.000000000000000 ) ;
#11644 = VECTOR ( 'NONE', #12046, 1000.000000000000000 ) ;
#11645 = CARTESIAN_POINT ( 'NONE',  ( 0.9700000000000541522, 2.092235504760342479, -0.3948934297108852576 ) ) ;
#11646 = ITEM_DEFINED_TRANSFORMATION ( 'NONE', 'NONE', #4936,  #1424 ) ;
#11647 = CARTESIAN_POINT ( 'NONE',  ( 108.0308911515353856, -1.500000000000000000, -52.24518781845740989 ) ) ;
#11648 = DIRECTION ( 'NONE',  ( 5.487362164760627942E-16, -0.6655541655963036485, -0.7463495512542417387 ) ) ;
#11649 = EDGE_CURVE ( 'NONE', #8934, #6629, #1127, .T. ) ;
#11650 = CARTESIAN_POINT ( 'NONE',  ( 0.9843342201064364527, 2.280059657658817240, -0.05286747059607410648 ) ) ;
#11651 = VECTOR ( 'NONE', #5731, 1000.000000000000000 ) ;
#11652 = ORIENTED_EDGE ( 'NONE', *, *, #8854, .T. ) ;
#11653 = ORIENTED_EDGE ( 'NONE', *, *, #3463, .T. ) ;
#11654 = FACE_OUTER_BOUND ( 'NONE', #6504, .T. ) ;
#11655 = ORIENTED_EDGE ( 'NONE', *, *, #778, .T. ) ;
#11656 = DIRECTION ( 'NONE',  ( 0.000000000000000000, 0.000000000000000000, -1.000000000000000000 ) ) ;
#11657 = PLANE ( 'NONE',  #1402 ) ;
#11658 = ADVANCED_FACE ( 'NONE', ( #2106 ), #7692, .F. ) ;
#11659 = VERTEX_POINT ( 'NONE', #3939 ) ;
#11660 = ADVANCED_FACE ( 'NONE', ( #4852 ), #3763, .F. ) ;
#11661 = DIRECTION ( 'NONE',  ( -1.000000000000000000, -3.110410790118177818E-16, 7.400880780937398214E-16 ) ) ;
#11662 = CARTESIAN_POINT ( 'NONE',  ( 0.9843342201064364527, 2.497005303495308581, -0.4482944105899250298 ) ) ;
#11663 = CARTESIAN_POINT ( 'NONE',  ( 0.9843342201063809416, 2.503720345612054032, -0.4439715996293197575 ) ) ;
#11664 = CARTESIAN_POINT ( 'NONE',  ( 2.450950000000007289, -0.02037416159333949039, 2.173161927247598157 ) ) ;
#11665 = ORIENTED_EDGE ( 'NONE', *, *, #1842, .F. ) ;
#11666 = VECTOR ( 'NONE', #7534, 1000.000000000000000 ) ;
#11667 = DIRECTION ( 'NONE',  ( -1.803624015214571671E-16, 0.8554820535829624761, 0.5178324593895956562 ) ) ;
#11668 = DIRECTION ( 'NONE',  ( -4.095427613025172715E-16, -0.9089994253807270885, 0.4167973664234312370 ) ) ;
#11669 = DIRECTION ( 'NONE',  ( 1.000000000000000000, 0.000000000000000000, 0.000000000000000000 ) ) ;
#11670 = VERTEX_POINT ( 'NONE', #7457 ) ;
#11671 = CARTESIAN_POINT ( 'NONE',  ( 165.9999999999999432, -84.71658488546623289, -329.2174660514637594 ) ) ;
#11672 = ORIENTED_EDGE ( 'NONE', *, *, #6458, .F. ) ;
#11673 = VECTOR ( 'NONE', #7674, 1000.000000000000000 ) ;
#11674 = ORIENTED_EDGE ( 'NONE', *, *, #7569, .F. ) ;
#11675 = LINE ( 'NONE', #6862, #5144 ) ;
#11676 = LINE ( 'NONE', #5155, #2776 ) ;
#11677 = EDGE_CURVE ( 'NONE', #652, #396, #3818, .T. ) ;
#11678 = CARTESIAN_POINT ( 'NONE',  ( 0.2238461539150193857, 0.000000000000000000, 4.163336342344337027E-14 ) ) ;
#11679 = ORIENTED_EDGE ( 'NONE', *, *, #6601, .T. ) ;
#11680 = CARTESIAN_POINT ( 'NONE',  ( 313.0000000000000000, 0.000000000000000000, -179.2174660514637310 ) ) ;
#11681 = AXIS2_PLACEMENT_3D ( 'NONE', #3106, #6822, #1891 ) ;
#11682 = ORIENTED_EDGE ( 'NONE', *, *, #878, .F. ) ;
#11683 = VERTEX_POINT ( 'NONE', #11187 ) ;
#11684 = LINE ( 'NONE', #5224, #8089 ) ;
#11685 = ORIENTED_EDGE ( 'NONE', *, *, #8043, .F. ) ;
#11686 = ORIENTED_EDGE ( 'NONE', *, *, #10379, .F. ) ;
#11687 = CARTESIAN_POINT ( 'NONE',  ( 336.1545311035279724, 0.000000000000000000, -208.4456223450676475 ) ) ;
#11689 = ORIENTED_EDGE ( 'NONE', *, *, #5220, .F. ) ;
#11688 = VECTOR ( 'NONE', #6213, 1000.000000000000000 ) ;
#11690 = EDGE_CURVE ( 'NONE', #7409, #5844, #11373, .T. ) ;
#11691 = CARTESIAN_POINT ( 'NONE',  ( 344.2500000000000000, -1.515150000000000441, -85.10000000000000853 ) ) ;
#11692 = DIRECTION ( 'NONE',  ( 0.000000000000000000, 1.000000000000000000, 6.123233995736766036E-17 ) ) ;
#11693 = ORIENTED_EDGE ( 'NONE', *, *, #11617, .T. ) ;
#11694 = DIRECTION ( 'NONE',  ( 1.000000000000000000, -0.000000000000000000, 0.000000000000000000 ) ) ;
#11695 = EDGE_LOOP ( 'NONE', ( #10424, #10706, #393, #809 ) ) ;
#11696 = DIRECTION ( 'NONE',  ( 4.619824724853956341E-16, 0.8660254037844391517, -0.4999999999999992228 ) ) ;
#11697 = DIRECTION ( 'NONE',  ( -0.000000000000000000, -0.000000000000000000, 1.000000000000000000 ) ) ;
#11698 = CARTESIAN_POINT ( 'NONE',  ( 321.9999999999999432, 0.000000000000000000, -179.2174660514637310 ) ) ;
#11699 = VECTOR ( 'NONE', #11786, 1000.000000000000000 ) ;
#11700 = EDGE_LOOP ( 'NONE', ( #2146, #11685, #3918, #4505 ) ) ;
#11701 = CARTESIAN_POINT ( 'NONE',  ( 2.470000000000027729, -1.783111045144086804, -1.392861809400222750 ) ) ;
#11702 = CARTESIAN_POINT ( 'NONE',  ( 305.0000000000000568, -1.500000000000000000, -179.2174660514637310 ) ) ;
#11703 = CARTESIAN_POINT ( 'NONE',  ( 0.9843342201064364527, 2.224161932931761676, 0.2483908197990214450 ) ) ;
#11704 = EDGE_CURVE ( 'NONE', #2922, #9262, #1988, .T. ) ;
#11705 = EDGE_CURVE ( 'NONE', #6597, #6383, #4396, .T. ) ;
#11706 = CARTESIAN_POINT ( 'NONE',  ( 279.0000000000000000, 0.000000000000000000, -179.2174660514637310 ) ) ;
#11707 = AXIS2_PLACEMENT_3D ( 'NONE', #10575, #1494, #8981 ) ;
#11708 = ORIENTED_EDGE ( 'NONE', *, *, #5594, .T. ) ;
#11709 = VECTOR ( 'NONE', #6756, 1000.000000000000000 ) ;
#11710 = CYLINDRICAL_SURFACE ( 'NONE', #9080, 0.03077947504423033526 ) ;
#11711 = CARTESIAN_POINT ( 'NONE',  ( 148.0308911515353998, 0.000000000000000000, -56.46518781845741586 ) ) ;
#11712 = FACE_OUTER_BOUND ( 'NONE', #8750, .T. ) ;
#11713 = AXIS2_PLACEMENT_3D ( 'NONE', #8626, #2004, #11262 ) ;
#11714 = ORIENTED_EDGE ( 'NONE', *, *, #2207, .T. ) ;
#11715 = ORIENTED_EDGE ( 'NONE', *, *, #6365, .F. ) ;
#11716 = LINE ( 'NONE', #11834, #3060 ) ;
#11717 = EDGE_CURVE ( 'NONE', #9624, #3587, #10441, .T. ) ;
#11718 = EDGE_CURVE ( 'NONE', #7470, #7685, #1188, .T. ) ;
#11719 = CARTESIAN_POINT ( 'NONE',  ( 198.6688394328960499, -1.500000000000000000, -208.4456223450676475 ) ) ;
#11720 = ORIENTED_EDGE ( 'NONE', *, *, #10319, .F. ) ;
#11721 = CARTESIAN_POINT ( 'NONE',  ( 2.470000000000027729, 2.290456010312191815, -1.068415287893975663 ) ) ;
#11722 = FACE_BOUND ( 'NONE', #6839, .T. ) ;
#11723 = CARTESIAN_POINT ( 'NONE',  ( 20.00000000000001421, -1.500000000000001332, -85.00000000000002842 ) ) ;
#11724 = VERTEX_POINT ( 'NONE', #4910 ) ;
#11725 = MECHANICAL_DESIGN_GEOMETRIC_PRESENTATION_REPRESENTATION (  '', ( #622 ), #6267 ) ;
#11726 = DIRECTION ( 'NONE',  ( -1.445076253180178246E-16, -1.000000000000000000, 5.551115123125738329E-16 ) ) ;
#11727 = FACE_OUTER_BOUND ( 'NONE', #5847, .T. ) ;
#11728 = DIRECTION ( 'NONE',  ( 0.000000000000000000, 0.000000000000000000, 1.000000000000000000 ) ) ;
#11729 = ADVANCED_FACE ( 'NONE', ( #10257 ), #6793, .T. ) ;
#11730 = ORIENTED_EDGE ( 'NONE', *, *, #4903, .T. ) ;
#11731 = CARTESIAN_POINT ( 'NONE',  ( 0.9700000000000541522, 2.300047294175100454, 0.1574800423556066420 ) ) ;
#11732 = AXIS2_PLACEMENT_3D ( 'NONE', #7765, #8509, #3897 ) ;
#11733 = ORIENTED_EDGE ( 'NONE', *, *, #10760, .T. ) ;
#11734 = ADVANCED_FACE ( 'NONE', ( #3884 ), #4735, .F. ) ;
#11735 = DIRECTION ( 'NONE',  ( 1.000000000000000000, -0.000000000000000000, -0.000000000000000000 ) ) ;
#11736 = DIRECTION ( 'NONE',  ( -0.000000000000000000, -1.000000000000000000, -0.000000000000000000 ) ) ;
#11737 = DIRECTION ( 'NONE',  ( -1.000000000000000000, -2.000187765493021278E-16, 7.400880780937300593E-16 ) ) ;
#11738 = FACE_OUTER_BOUND ( 'NONE', #8710, .T. ) ;
#11739 = ORIENTED_EDGE ( 'NONE', *, *, #7215, .F. ) ;
#11740 = DIRECTION ( 'NONE',  ( 0.000000000000000000, -1.000000000000000000, 0.000000000000000000 ) ) ;
#11741 = ADVANCED_FACE ( 'NONE', ( #11314, #2051, #2968, #6677, #7513 ), #5758, .T. ) ;
#11742 = ADVANCED_FACE ( 'NONE', ( #375 ), #10743, .T. ) ;
#11743 = ORIENTED_EDGE ( 'NONE', *, *, #6259, .F. ) ;
#11744 =( GEOMETRIC_REPRESENTATION_CONTEXT ( 3 ) GLOBAL_UNCERTAINTY_ASSIGNED_CONTEXT ( ( #9405 ) ) GLOBAL_UNIT_ASSIGNED_CONTEXT ( ( #7617, #4838, #10548 ) ) REPRESENTATION_CONTEXT ( 'NONE', 'WORKASPACE' ) );
#11745 = VERTEX_POINT ( 'NONE', #3187 ) ;
#11746 = DIRECTION ( 'NONE',  ( -6.845769268624692740E-16, 5.551115123125739315E-16, 1.000000000000000000 ) ) ;
#11747 = VECTOR ( 'NONE', #6300, 1000.000000000000000 ) ;
#11748 = VERTEX_POINT ( 'NONE', #435 ) ;
#11749 = EDGE_CURVE ( 'NONE', #8196, #1755, #4111, .T. ) ;
#11750 = LINE ( 'NONE', #7104, #5098 ) ;
#11751 = ORIENTED_EDGE ( 'NONE', *, *, #8380, .T. ) ;
#11752 = DIRECTION ( 'NONE',  ( 0.000000000000000000, -1.000000000000000000, 0.000000000000000000 ) ) ;
#11753 = PLANE ( 'NONE',  #2206 ) ;
#11754 = ORIENTED_EDGE ( 'NONE', *, *, #5842, .F. ) ;
#11755 = DIRECTION ( 'NONE',  ( 7.404133412396956277E-16, 0.001895896748269591250, -0.9999982027861450407 ) ) ;
#11756 = EDGE_LOOP ( 'NONE', ( #6152, #5723, #3972, #3989 ) ) ;
#11757 = CARTESIAN_POINT ( 'NONE',  ( 189.4999999999999716, 0.000000000000000000, -179.2174660514637310 ) ) ;
#11758 = CARTESIAN_POINT ( 'NONE',  ( 344.4848499999999376, -1.780741793112315063, -259.2445493847970965 ) ) ;
#11759 = CARTESIAN_POINT ( 'NONE',  ( 2.470000000000055707, 1.797337126538345320, -1.265437637551755756 ) ) ;
#11760 = EDGE_CURVE ( 'NONE', #716, #1151, #4228, .T. ) ;
#11761 = PLANE ( 'NONE',  #8486 ) ;
#11762 = CIRCLE ( 'NONE', #7471, 2.110000000000000764 ) ;
#11763 = DIRECTION ( 'NONE',  ( -1.000000000000000000, -2.000187765493021278E-16, 7.400880780937300593E-16 ) ) ;
#11764 = AXIS2_PLACEMENT_3D ( 'NONE', #9401, #8496, #72 ) ;
#11765 = CARTESIAN_POINT ( 'NONE',  ( 2.450949999999840756, -0.06106376598072338346, 2.269970088014078513 ) ) ;
#11766 = CARTESIAN_POINT ( 'NONE',  ( 0.9699999999999986411, 2.503720345611776033, -0.4485786285236964543 ) ) ;
#11767 = VERTEX_POINT ( 'NONE', #11544 ) ;
#11768 = SURFACE_STYLE_USAGE ( .BOTH. , #3598 ) ;
#11769 = LINE ( 'NONE', #8888, #5590 ) ;
#11770 = VECTOR ( 'NONE', #5389, 1000.000000000000000 ) ;
#11771 = DIRECTION ( 'NONE',  ( 5.933816903822598884E-16, 0.7463495512542417387, -0.6655541655963036485 ) ) ;
#11772 = CARTESIAN_POINT ( 'NONE',  ( 0.9843342201064364527, 2.409391591991022707, 0.1445703570425588280 ) ) ;
#11773 = EDGE_CURVE ( 'NONE', #5134, #876, #3133, .T. ) ;
#11774 = ORIENTED_EDGE ( 'NONE', *, *, #11387, .T. ) ;
#11775 = ORIENTED_EDGE ( 'NONE', *, *, #4569, .T. ) ;
#11776 = DIRECTION ( 'NONE',  ( -0.7071067811865474617, 0.000000000000000000, 0.7071067811865474617 ) ) ;
#11777 = VECTOR ( 'NONE', #1705, 1000.000000000000000 ) ;
#11778 = CARTESIAN_POINT ( 'NONE',  ( 295.9999999999999432, -1.500000000000001332, -259.2174660514637026 ) ) ;
#11779 = CARTESIAN_POINT ( 'NONE',  ( 206.0000000000000284, -1.500000000000001332, -264.2174660514636457 ) ) ;
#11780 = ORIENTED_EDGE ( 'NONE', *, *, #6512, .F. ) ;
#11781 = CARTESIAN_POINT ( 'NONE',  ( 344.3154498469497753, -2.000000000000000444, -259.2632993847971079 ) ) ;
#11782 = CARTESIAN_POINT ( 'NONE',  ( 243.4999999999999716, -1.500000000000000000, -181.7174660514637310 ) ) ;
#11783 = FACE_OUTER_BOUND ( 'NONE', #5691, .T. ) ;
#11784 = ORIENTED_EDGE ( 'NONE', *, *, #1299, .F. ) ;
#11785 = PLANE ( 'NONE',  #10704 ) ;
#11786 = DIRECTION ( 'NONE',  ( -0.000000000000000000, -0.000000000000000000, -1.000000000000000000 ) ) ;
#11787 = EDGE_CURVE ( 'NONE', #8266, #7312, #2410, .T. ) ;
#11788 = DIRECTION ( 'NONE',  ( -1.000000000000000000, -2.000187765493021278E-16, 7.400880780937300593E-16 ) ) ;
#11789 = ORIENTED_EDGE ( 'NONE', *, *, #6906, .F. ) ;
#11790 = CARTESIAN_POINT ( 'NONE',  ( 160.9850000000000421, -1.981037959732749210, -85.12708333333334565 ) ) ;
#11791 = ORIENTED_EDGE ( 'NONE', *, *, #10172, .T. ) ;
#11792 = CARTESIAN_POINT ( 'NONE',  ( 344.2500000000000000, -3.500000000000000000, -259.2674660514637139 ) ) ;
#11793 = PLANE ( 'NONE',  #7818 ) ;
#11794 = AXIS2_PLACEMENT_3D ( 'NONE', #1759, #5477, #9176 ) ;
#11795 = LINE ( 'NONE', #7267, #6279 ) ;
#11796 = CARTESIAN_POINT ( 'NONE',  ( 189.4999999999999716, -1.500000000000000000, -179.2174660514637310 ) ) ;
#11797 = EDGE_CURVE ( 'NONE', #7655, #1670, #5083, .T. ) ;
#11798 = ORIENTED_EDGE ( 'NONE', *, *, #100, .F. ) ;
#11799 = AXIS2_PLACEMENT_3D ( 'NONE', #9833, #2374, #582 ) ;
#11800 = ORIENTED_EDGE ( 'NONE', *, *, #6678, .F. ) ;
#11801 = CARTESIAN_POINT ( 'NONE',  ( 0.9700000000000541522, 2.216586297605488198, 0.2753454606553157324 ) ) ;
#11802 = VERTEX_POINT ( 'NONE', #10563 ) ;
#11803 = ORIENTED_EDGE ( 'NONE', *, *, #6683, .F. ) ;
#11804 = DIRECTION ( 'NONE',  ( -0.000000000000000000, 1.000000000000000000, -0.000000000000000000 ) ) ;
#11805 = ORIENTED_EDGE ( 'NONE', *, *, #473, .F. ) ;
#11806 = DIRECTION ( 'NONE',  ( -1.000000000000000000, -2.000187765493021278E-16, 7.400880780937300593E-16 ) ) ;
#11807 = ORIENTED_EDGE ( 'NONE', *, *, #10941, .F. ) ;
#11808 = EDGE_CURVE ( 'NONE', #5631, #5101, #1482, .T. ) ;
#11809 = EDGE_CURVE ( 'NONE', #2306, #1426, #7753, .T. ) ;
#11810 = CARTESIAN_POINT ( 'NONE',  ( 0.9699999999999986411, 2.286545892256880208, 0.1670300731590745880 ) ) ;
#11811 = VECTOR ( 'NONE', #113, 1000.000000000000000 ) ;
#11812 = ORIENTED_EDGE ( 'NONE', *, *, #6216, .T. ) ;
#11813 = CARTESIAN_POINT ( 'NONE',  ( 162.7500000000000284, -2.000000000000000000, -259.2674660514636571 ) ) ;
#11814 = CARTESIAN_POINT ( 'NONE',  ( 0.9699999999999986411, 2.484843852219587035, -0.4603639524410063633 ) ) ;
#11815 = PLANE ( 'NONE',  #4449 ) ;
#11816 = ORIENTED_EDGE ( 'NONE', *, *, #10666, .F. ) ;
#11817 = SURFACE_SIDE_STYLE ('',( #7314 ) ) ;
#11818 = VECTOR ( 'NONE', #4333, 1000.000000000000000 ) ;
#11819 = VECTOR ( 'NONE', #7979, 999.9999999999998863 ) ;
#11820 = DIRECTION ( 'NONE',  ( -0.000000000000000000, -0.000000000000000000, 1.000000000000000000 ) ) ;
#11821 =( NAMED_UNIT ( * ) SI_UNIT ( $, .STERADIAN. ) SOLID_ANGLE_UNIT ( ) );
#11822 = CARTESIAN_POINT ( 'NONE',  ( 0.9843342201064364527, 2.237352282273952220, -0.1849315072807306004 ) ) ;
#11823 = ORIENTED_EDGE ( 'NONE', *, *, #11981, .F. ) ;
#11824 = ADVANCED_FACE ( 'NONE', ( #10620 ), #2288, .F. ) ;
#11825 = DIRECTION ( 'NONE',  ( -0.000000000000000000, -1.000000000000000000, -0.000000000000000000 ) ) ;
#11826 = DIRECTION ( 'NONE',  ( 0.000000000000000000, -1.000000000000000000, 0.000000000000000000 ) ) ;
#11827 = AXIS2_PLACEMENT_3D ( 'NONE', #2985, #9539, #8630 ) ;
#11828 = VECTOR ( 'NONE', #4712, 1000.000000000000114 ) ;
#11829 = FACE_OUTER_BOUND ( 'NONE', #5050, .T. ) ;
#11830 = CARTESIAN_POINT ( 'NONE',  ( 2.450950000000007289, -1.989949340249319576, -1.205464463520850016 ) ) ;
#11831 = ORIENTED_EDGE ( 'NONE', *, *, #3691, .T. ) ;
#11832 = VERTEX_POINT ( 'NONE', #4290 ) ;
#11833 = CARTESIAN_POINT ( 'NONE',  ( 343.5000000000000000, 0.000000000000000000, -259.9674660514637026 ) ) ;
#11834 = CARTESIAN_POINT ( 'NONE',  ( 0.9699999999999986411, 2.488303373917672090, -0.4538380365110561421 ) ) ;
#11835 = AXIS2_PLACEMENT_3D ( 'NONE', #9949, #3446, #889 ) ;
#11836 = VECTOR ( 'NONE', #9882, 1000.000000000000000 ) ;
#11837 = DIRECTION ( 'NONE',  ( 0.000000000000000000, -1.000000000000000000, 0.000000000000000000 ) ) ;
#11838 = VERTEX_POINT ( 'NONE', #7864 ) ;
#11839 = EDGE_CURVE ( 'NONE', #2172, #5721, #4252, .T. ) ;
#11840 = FACE_BOUND ( 'NONE', #8444, .T. ) ;
#11841 = DIRECTION ( 'NONE',  ( -1.000000000000000000, 0.000000000000000000, -0.000000000000000000 ) ) ;
#11842 = ORIENTED_EDGE ( 'NONE', *, *, #3952, .T. ) ;
#11843 = DIRECTION ( 'NONE',  ( -1.000000000000000000, -1.722632009336712421E-16, 4.625323219374409242E-16 ) ) ;
#11844 = DIRECTION ( 'NONE',  ( 1.000000000000000000, 2.000187765493029413E-16, 6.845769268624692740E-16 ) ) ;
#11845 = VECTOR ( 'NONE', #4521, 1000.000000000000227 ) ;
#11846 = VECTOR ( 'NONE', #1893, 1000.000000000000000 ) ;
#11847 = PLANE ( 'NONE',  #5808 ) ;
#11848 = VERTEX_POINT ( 'NONE', #9753 ) ;
#11849 = CARTESIAN_POINT ( 'NONE',  ( 162.7500000000000284, 0.000000000000000000, -85.10000000000003695 ) ) ;
#11850 = VERTEX_POINT ( 'NONE', #7991 ) ;
#11851 = CARTESIAN_POINT ( 'NONE',  ( 2.450950000000062801, 2.070502786264361017, -1.449385447233358937 ) ) ;
#11852 = PLANE ( 'NONE',  #8201 ) ;
#11853 = VECTOR ( 'NONE', #10323, 1000.000000000000000 ) ;
#11854 = ADVANCED_FACE ( 'NONE', ( #3312 ), #7021, .F. ) ;
#11855 = CARTESIAN_POINT ( 'NONE',  ( 211.0000000000000284, -1.500000000000001332, -259.2174660514637026 ) ) ;
#11856 = ADVANCED_FACE ( 'NONE', ( #5023 ), #6229, .F. ) ;
#11857 = CARTESIAN_POINT ( 'NONE',  ( 0.9843342201064364527, 2.483238627135203380, -0.4169470231356793843 ) ) ;
#11858 = VERTEX_POINT ( 'NONE', #4402 ) ;
#11859 = LINE ( 'NONE', #11796, #3666 ) ;
#11860 = UNCERTAINTY_MEASURE_WITH_UNIT (LENGTH_MEASURE( 1.000000000000000082E-05 ), #7078, 'distance_accuracy_value', 'NONE');
#11861 = VECTOR ( 'NONE', #935, 1000.000000000000000 ) ;
#11862 = ORIENTED_EDGE ( 'NONE', *, *, #8577, .T. ) ;
#11863 = DIRECTION ( 'NONE',  ( 0.000000000000000000, -0.000000000000000000, -1.000000000000000000 ) ) ;
#11864 = LINE ( 'NONE', #2734, #111 ) ;
#11865 = ORIENTED_EDGE ( 'NONE', *, *, #2851, .T. ) ;
#11866 = ORIENTED_EDGE ( 'NONE', *, *, #3987, .F. ) ;
#11867 = DIRECTION ( 'NONE',  ( -1.000000000000000000, 0.000000000000000000, -0.000000000000000000 ) ) ;
#11868 = ORIENTED_EDGE ( 'NONE', *, *, #3917, .F. ) ;
#11869 = EDGE_CURVE ( 'NONE', #11838, #6105, #4345, .T. ) ;
#11870 = DIRECTION ( 'NONE',  ( -1.000000000000000000, -0.000000000000000000, -0.000000000000000000 ) ) ;
#11871 = ORIENTED_EDGE ( 'NONE', *, *, #5609, .T. ) ;
#11872 = VECTOR ( 'NONE', #8641, 1000.000000000000000 ) ;
#11873 = ORIENTED_EDGE ( 'NONE', *, *, #4114, .T. ) ;
#11874 = CARTESIAN_POINT ( 'NONE',  ( 161.6745432400439029, -3.149416974196797003, -259.2570493847970283 ) ) ;
#11875 = CARTESIAN_POINT ( 'NONE',  ( 345.9999999999999432, -1.500000000000000222, -259.9674660514637026 ) ) ;
#11876 = DIRECTION ( 'NONE',  ( -1.000000000000000000, -0.000000000000000000, -0.000000000000000000 ) ) ;
#11877 = ORIENTED_EDGE ( 'NONE', *, *, #11510, .T. ) ;
#11878 = EDGE_CURVE ( 'NONE', #3520, #8366, #8107, .T. ) ;
#11879 = DIRECTION ( 'NONE',  ( 1.000000000000000000, 0.000000000000000000, -1.517883041479706208E-16 ) ) ;
#11880 = AXIS2_PLACEMENT_3D ( 'NONE', #3496, #5204, #5381 ) ;
#11881 = EDGE_CURVE ( 'NONE', #6624, #7553, #5502, .T. ) ;
#11882 = EDGE_LOOP ( 'NONE', ( #8865, #11308, #9334, #11708 ) ) ;
#11883 = DIRECTION ( 'NONE',  ( 1.131409647180080362E-16, 0.9999881098214298270, 0.004876496258989318835 ) ) ;
#11884 = CARTESIAN_POINT ( 'NONE',  ( 173.0000000000000000, 0.000000000000000000, -233.2174660514637310 ) ) ;
#11885 = ORIENTED_EDGE ( 'NONE', *, *, #7384, .F. ) ;
#11886 = EDGE_CURVE ( 'NONE', #6859, #7033, #7378, .T. ) ;
#11887 = CARTESIAN_POINT ( 'NONE',  ( 2.470000000000055707, 2.050436751333539753, -0.9298401041122894561 ) ) ;
#11888 = ORIENTED_EDGE ( 'NONE', *, *, #1502, .F. ) ;
#11889 = LINE ( 'NONE', #3535, #11289 ) ;
#11890 = CARTESIAN_POINT ( 'NONE',  ( 200.5000000000000000, -1.500000000000000000, -234.2174660514637310 ) ) ;
#11891 = AXIS2_PLACEMENT_3D ( 'NONE', #5878, #6734, #3887 ) ;
#11892 = PLANE ( 'NONE',  #8718 ) ;
#11893 = CARTESIAN_POINT ( 'NONE',  ( 252.4999999999999432, 0.000000000000000000, -174.2174660514637310 ) ) ;
#11894 = CARTESIAN_POINT ( 'NONE',  ( 0.9700000000000541522, 2.507883451764309157, 0.2269969962893081394 ) ) ;
#11895 = EDGE_CURVE ( 'NONE', #9029, #4229, #7199, .T. ) ;
#11896 = ADVANCED_FACE ( 'NONE', ( #11783 ), #9932, .F. ) ;
#11897 = ORIENTED_EDGE ( 'NONE', *, *, #10147, .T. ) ;
#11898 = LINE ( 'NONE', #3546, #4413 ) ;
#11899 = VECTOR ( 'NONE', #6231, 1000.000000000000000 ) ;
#11900 = EDGE_CURVE ( 'NONE', #4434, #4872, #9200, .T. ) ;
#11901 = CARTESIAN_POINT ( 'NONE',  ( 0.9699999999999986411, 2.492117772841445422, -0.4551746698942260583 ) ) ;
#11902 = PLANE ( 'NONE',  #5303 ) ;
#11903 = ORIENTED_EDGE ( 'NONE', *, *, #3515, .F. ) ;
#11904 = FACE_BOUND ( 'NONE', #9525, .T. ) ;
#11905 = DIRECTION ( 'NONE',  ( -5.882887990558551382E-16, -0.4999999999999998890, 0.8660254037844387076 ) ) ;
#11906 = VERTEX_POINT ( 'NONE', #9138 ) ;
#11907 = CARTESIAN_POINT ( 'NONE',  ( 338.5000000000000000, -1.500000000000000000, -33.16282088253234406 ) ) ;
#11908 = CARTESIAN_POINT ( 'NONE',  ( 2.450950000000007289, -1.992290211928704480, -0.9379137554844513280 ) ) ;
#11909 = AXIS2_PLACEMENT_3D ( 'NONE', #8322, #11804, #705 ) ;
#11910 = LINE ( 'NONE', #9271, #6586 ) ;
#11911 = EDGE_CURVE ( 'NONE', #3180, #1044, #869, .T. ) ;
#11912 = VERTEX_POINT ( 'NONE', #9023 ) ;
#11913 = DIRECTION ( 'NONE',  ( -1.000000000000000000, 0.000000000000000000, 0.000000000000000000 ) ) ;
#11914 = ORIENTED_EDGE ( 'NONE', *, *, #6003, .T. ) ;
#11915 = AXIS2_PLACEMENT_3D ( 'NONE', #9100, #10887, #6428 ) ;
#11916 = LINE ( 'NONE', #11792, #1446 ) ;
#11917 = DIRECTION ( 'NONE',  ( -0.000000000000000000, 1.000000000000000000, -0.000000000000000000 ) ) ;
#11918 = CIRCLE ( 'NONE', #822, 2.637500000000020606 ) ;
#11919 = CARTESIAN_POINT ( 'NONE',  ( 343.5000000000000000, -1.500000000000000444, -259.9674660514637026 ) ) ;
#11920 = LINE ( 'NONE', #11129, #1935 ) ;
#11921 = CARTESIAN_POINT ( 'NONE',  ( 2.469999999999861195, -0.03601191218843835529, 2.417505155565887076 ) ) ;
#11922 = EDGE_LOOP ( 'NONE', ( #10526, #3030, #10354, #4017 ) ) ;
#11923 = DIRECTION ( 'NONE',  ( 0.000000000000000000, 0.000000000000000000, 1.000000000000000000 ) ) ;
#11924 = PLANE ( 'NONE',  #11835 ) ;
#11925 = CARTESIAN_POINT ( 'NONE',  ( 2.470000000000027729, -0.1701361911069509958, 1.963499999999882117 ) ) ;
#11926 = VECTOR ( 'NONE', #6974, 1000.000000000000000 ) ;
#11927 = ADVANCED_FACE ( 'NONE', ( #681 ), #6289, .F. ) ;
#11928 = ORIENTED_EDGE ( 'NONE', *, *, #9177, .T. ) ;
#11929 = VERTEX_POINT ( 'NONE', #6346 ) ;
#11930 = CARTESIAN_POINT ( 'NONE',  ( 0.9700000000000541522, 2.092235504760536990, 0.3948905628675530854 ) ) ;
#11931 = ORIENTED_EDGE ( 'NONE', *, *, #236, .T. ) ;
#11932 = VERTEX_POINT ( 'NONE', #1663 ) ;
#11933 = CARTESIAN_POINT ( 'NONE',  ( 224.4999999999999716, 0.000000000000000000, -194.2174660514637310 ) ) ;
#11934 = ORIENTED_EDGE ( 'NONE', *, *, #4355, .F. ) ;
#11935 = CARTESIAN_POINT ( 'NONE',  ( 344.3114714906417362, -1.521262516884446914, -85.10416666666667140 ) ) ;
#11936 = LINE ( 'NONE', #8391, #5863 ) ;
#11937 = ORIENTED_EDGE ( 'NONE', *, *, #2281, .F. ) ;
#11938 = ORIENTED_EDGE ( 'NONE', *, *, #5704, .F. ) ;
#11939 = CARTESIAN_POINT ( 'NONE',  ( 162.5621982420628342, -1.894326297186109009, -259.2528827181303654 ) ) ;
#11940 = CARTESIAN_POINT ( 'NONE',  ( 200.5000000000000000, 0.000000000000000000, -234.2174660514637310 ) ) ;
#11941 = ADVANCED_FACE ( 'NONE', ( #2527 ), #5380, .T. ) ;
#11942 = ORIENTED_EDGE ( 'NONE', *, *, #10488, .F. ) ;
#11943 = EDGE_CURVE ( 'NONE', #11972, #6975, #2707, .T. ) ;
#11944 = CARTESIAN_POINT ( 'NONE',  ( 0.9700000000000541522, 2.314590793894927501, 0.2895770477463893711 ) ) ;
#11945 = ORIENTED_EDGE ( 'NONE', *, *, #3502, .F. ) ;
#11946 = CARTESIAN_POINT ( 'NONE',  ( 206.0000000000000284, -84.71658488546623289, -324.2174660514637594 ) ) ;
#11947 = DIRECTION ( 'NONE',  ( 6.147164604532359450E-17, -0.9629464567805122721, -0.2696926424169874825 ) ) ;
#11948 = ORIENTED_EDGE ( 'NONE', *, *, #402, .F. ) ;
#11949 = CARTESIAN_POINT ( 'NONE',  ( 0.9843342201064919639, 1.892261543406631441, 0.3948905628682192193 ) ) ;
#11950 = ORIENTED_EDGE ( 'NONE', *, *, #2838, .F. ) ;
#11951 = DIRECTION ( 'NONE',  ( 4.600782614179524222E-16, -0.3640037637784818148, -0.9313974768889484723 ) ) ;
#11952 = LINE ( 'NONE', #2568, #10111 ) ;
#11953 = CARTESIAN_POINT ( 'NONE',  ( 487.0000000000000000, -154.7351134694656025, -85.00000000000002842 ) ) ;
#11954 = DIRECTION ( 'NONE',  ( 1.000000000000000000, 1.722632009336724254E-16, -4.070211707061878303E-16 ) ) ;
#11955 = CARTESIAN_POINT ( 'NONE',  ( 301.6665948878440986, 0.000000000000000000, -228.4456223450676191 ) ) ;
#11956 = AXIS2_PLACEMENT_3D ( 'NONE', #1294, #258, #4850 ) ;
#11957 = EDGE_CURVE ( 'NONE', #6701, #7033, #7316, .T. ) ;
#11958 = ORIENTED_EDGE ( 'NONE', *, *, #3205, .F. ) ;
#11959 = DIRECTION ( 'NONE',  ( -1.000000000000000000, -1.722632009336720063E-16, 7.400880780937477100E-16 ) ) ;
#11960 = DIRECTION ( 'NONE',  ( 0.000000000000000000, 0.000000000000000000, -1.000000000000000000 ) ) ;
#11961 = ORIENTED_EDGE ( 'NONE', *, *, #7086, .F. ) ;
#11962 = FILL_AREA_STYLE_COLOUR ( '', #2460 ) ;
#11963 = CARTESIAN_POINT ( 'NONE',  ( 0.000000000000000000, 0.000000000000000000, 0.000000000000000000 ) ) ;
#11964 = CIRCLE ( 'NONE', #4184, 2.110000000000000764 ) ;
#11965 = CARTESIAN_POINT ( 'NONE',  ( 1.234999999999986109, 1.229499999999875914, 2.595287281647834582E-13 ) ) ;
#11966 = ORIENTED_EDGE ( 'NONE', *, *, #1461, .T. ) ;
#11967 = ADVANCED_FACE ( 'NONE', ( #7254 ), #10982, .F. ) ;
#11968 = EDGE_CURVE ( 'NONE', #632, #9657, #4534, .T. ) ;
#11969 = CARTESIAN_POINT ( 'NONE',  ( 206.5000000000000000, 0.000000000000000000, -234.2174660514637310 ) ) ;
#11970 = FACE_OUTER_BOUND ( 'NONE', #2496, .T. ) ;
#11971 = EDGE_CURVE ( 'NONE', #3642, #9919, #11051, .T. ) ;
#11972 = VERTEX_POINT ( 'NONE', #4595 ) ;
#11973 = VECTOR ( 'NONE', #12084, 1000.000000000000114 ) ;
#11974 = CARTESIAN_POINT ( 'NONE',  ( 161.8611124996453157, -0.2077670245547677264, -85.10833333333334849 ) ) ;
#11975 = ORIENTED_EDGE ( 'NONE', *, *, #3434, .F. ) ;
#11976 = CYLINDRICAL_SURFACE ( 'NONE', #7480, 2.000000000000001776 ) ;
#11977 = DIRECTION ( 'NONE',  ( -0.000000000000000000, -1.000000000000000000, -0.000000000000000000 ) ) ;
#11978 = DIRECTION ( 'NONE',  ( -0.000000000000000000, -0.000000000000000000, 1.000000000000000000 ) ) ;
#11979 = CARTESIAN_POINT ( 'NONE',  ( 2.470000000000027729, -0.2359217314835682089, 1.492250000000493237 ) ) ;
#11980 = LINE ( 'NONE', #8614, #5315 ) ;
#11981 = EDGE_CURVE ( 'NONE', #5152, #10005, #12025, .T. ) ;
#11982 = LINE ( 'NONE', #3633, #597 ) ;
#11983 = VECTOR ( 'NONE', #3922, 1000.000000000000000 ) ;
#11984 = ORIENTED_EDGE ( 'NONE', *, *, #7370, .F. ) ;
#11985 = ORIENTED_EDGE ( 'NONE', *, *, #7255, .T. ) ;
#11986 = LINE ( 'NONE', #7276, #2194 ) ;
#11987 = CARTESIAN_POINT ( 'NONE',  ( 345.6494169741968108, -2.825456759956100683, -85.13541666666667140 ) ) ;
#11988 = ORIENTED_EDGE ( 'NONE', *, *, #4903, .F. ) ;
#11989 = VERTEX_POINT ( 'NONE', #10179 ) ;
#11990 = CIRCLE ( 'NONE', #8478, 2.110000000000000764 ) ;
#11991 = DIRECTION ( 'NONE',  ( 1.000000000000000000, 2.000187765493021278E-16, -7.400880780937300593E-16 ) ) ;
#11992 =( NAMED_UNIT ( * ) PLANE_ANGLE_UNIT ( ) SI_UNIT ( $, .RADIAN. ) );
#11993 = ORIENTED_EDGE ( 'NONE', *, *, #7711, .T. ) ;
#11994 = ADVANCED_FACE ( 'NONE', ( #5504 ), #3747, .F. ) ;
#11995 = EDGE_LOOP ( 'NONE', ( #4393, #5570, #1742, #6077 ) ) ;
#11996 = CARTESIAN_POINT ( 'NONE',  ( 162.7500000000000284, -1.500000000000000000, -259.2174660514637026 ) ) ;
#11997 = VECTOR ( 'NONE', #2506, 1000.000000000000000 ) ;
#11998 = DIRECTION ( 'NONE',  ( 0.000000000000000000, -0.000000000000000000, -1.000000000000000000 ) ) ;
#11999 = ORIENTED_EDGE ( 'NONE', *, *, #2371, .F. ) ;
#12000 = CARTESIAN_POINT ( 'NONE',  ( 0.9843342201064364527, 2.485296480058463153, -0.4417785858740752580 ) ) ;
#12001 = ORIENTED_EDGE ( 'NONE', *, *, #4640, .T. ) ;
#12002 = LINE ( 'NONE', #1642, #11517 ) ;
#12003 = VERTEX_POINT ( 'NONE', #6406 ) ;
#12004 = VECTOR ( 'NONE', #3512, 1000.000000000000000 ) ;
#12005 = LINE ( 'NONE', #5724, #8659 ) ;
#12006 = ORIENTED_EDGE ( 'NONE', *, *, #5043, .F. ) ;
#12007 = EDGE_CURVE ( 'NONE', #7225, #4187, #2710, .T. ) ;
#12008 = FACE_OUTER_BOUND ( 'NONE', #3836, .T. ) ;
#12009 = DIRECTION ( 'NONE',  ( 0.000000000000000000, 0.000000000000000000, 1.000000000000000000 ) ) ;
#12010 = ADVANCED_FACE ( 'NONE', ( #2773, #871 ), #5625, .T. ) ;
#12011 = CARTESIAN_POINT ( 'NONE',  ( 0.9699999999999986411, 2.503095591693260680, -0.4386548162824549513 ) ) ;
#12012 = FACE_OUTER_BOUND ( 'NONE', #8188, .T. ) ;
#12013 = FACE_BOUND ( 'NONE', #5956, .T. ) ;
#12014 = AXIS2_PLACEMENT_3D ( 'NONE', #10555, #7745, #8721 ) ;
#12015 = EDGE_LOOP ( 'NONE', ( #2175, #11273, #3812, #5319 ) ) ;
#12016 = DIRECTION ( 'NONE',  ( 1.000000000000000000, -0.000000000000000000, 0.000000000000000000 ) ) ;
#12017 = CARTESIAN_POINT ( 'NONE',  ( 0.9699999999999986411, 2.497005303495586581, -0.4483746272441330172 ) ) ;
#12018 = ORIENTED_EDGE ( 'NONE', *, *, #5418, .F. ) ;
#12019 = LINE ( 'NONE', #4591, #6717 ) ;
#12020 = ORIENTED_EDGE ( 'NONE', *, *, #2727, .T. ) ;
#12021 = VECTOR ( 'NONE', #4029, 1000.000000000000000 ) ;
#12022 = CARTESIAN_POINT ( 'NONE',  ( 2.470000000000055707, 1.797337126538345320, -1.265437637551755756 ) ) ;
#12023 = CARTESIAN_POINT ( 'NONE',  ( 341.0000000000000000, -1.500000000000001332, -329.2174660514637594 ) ) ;
#12024 = EDGE_CURVE ( 'NONE', #10641, #10238, #6470, .T. ) ;
#12025 = LINE ( 'NONE', #5686, #7248 ) ;
#12026 = FACE_OUTER_BOUND ( 'NONE', #5740, .T. ) ;
#12027 = DIRECTION ( 'NONE',  ( -5.788261997329873215E-16, 0.5500539575626259836, 0.8351291180228915811 ) ) ;
#12028 = APPLICATION_CONTEXT ( 'automotive_design' ) ;
#12029 = LINE ( 'NONE', #10120, #6784 ) ;
#12030 = AXIS2_PLACEMENT_3D ( 'NONE', #5881, #1249, #8892 ) ;
#12031 = VERTEX_POINT ( 'NONE', #9388 ) ;
#12032 = VECTOR ( 'NONE', #9893, 1000.000000000000000 ) ;
#12033 = EDGE_CURVE ( 'NONE', #9385, #10528, #3552, .T. ) ;
#12034 = CARTESIAN_POINT ( 'NONE',  ( 14.99999999999988809, -1.500000000000001332, -111.0000000000000000 ) ) ;
#12035 = B_SPLINE_CURVE_WITH_KNOTS ( 'NONE', 3,
 ( #5390, #5452, #2656, #7391 ),
 .UNSPECIFIED., .F., .F.,
 ( 4, 4 ),
 ( 0.000000000000000000, 1.000000000000000000 ),
 .UNSPECIFIED. ) ;
#12036 = EDGE_CURVE ( 'NONE', #5169, #9657, #10169, .T. ) ;
#12037 = EDGE_LOOP ( 'NONE', ( #5950, #3937 ) ) ;
#12038 = CARTESIAN_POINT ( 'NONE',  ( 2.469999999999861195, -0.1043506507306668496, 2.273457506810690365 ) ) ;
#12039 = LINE ( 'NONE', #758, #8782 ) ;
#12040 = DIRECTION ( 'NONE',  ( 1.445076253180178246E-16, 1.000000000000000000, -5.551115123125738329E-16 ) ) ;
#12041 = LINE ( 'NONE', #1737, #10783 ) ;
#12042 = AXIS2_PLACEMENT_3D ( 'NONE', #5909, #1163, #353 ) ;
#12043 = DIRECTION ( 'NONE',  ( 1.231038660478258832E-16, 0.000000000000000000, 1.000000000000000000 ) ) ;
#12044 = VECTOR ( 'NONE', #8316, 1000.000000000000000 ) ;
#12045 = VERTEX_POINT ( 'NONE', #8421 ) ;
#12046 = DIRECTION ( 'NONE',  ( 6.845769268624692740E-16, -5.551115123125739315E-16, -1.000000000000000000 ) ) ;
#12047 = SURFACE_STYLE_FILL_AREA ( #640 ) ;
#12048 = VERTEX_POINT ( 'NONE', #3617 ) ;
#12049 = DIRECTION ( 'NONE',  ( 0.000000000000000000, 0.000000000000000000, -1.000000000000000000 ) ) ;
#12050 = LINE ( 'NONE', #8130, #12004 ) ;
#12051 = ORIENTED_EDGE ( 'NONE', *, *, #4989, .F. ) ;
#12052 = VECTOR ( 'NONE', #8968, 1000.000000000000000 ) ;
#12053 = ADVANCED_FACE ( 'NONE', ( #10307 ), #7318, .F. ) ;
#12054 = ORIENTED_EDGE ( 'NONE', *, *, #9434, .F. ) ;
#12055 = CARTESIAN_POINT ( 'NONE',  ( 2.470000000073468982, 1.942890293094023946E-13, 3.608224830031758756E-13 ) ) ;
#12056 = ORIENTED_EDGE ( 'NONE', *, *, #10319, .T. ) ;
#12057 = DIRECTION ( 'NONE',  ( -0.000000000000000000, 1.000000000000000000, -0.000000000000000000 ) ) ;
#12058 = EDGE_CURVE ( 'NONE', #3216, #5523, #5441, .T. ) ;
#12059 = ORIENTED_EDGE ( 'NONE', *, *, #9883, .T. ) ;
#12060 = ORIENTED_EDGE ( 'NONE', *, *, #3053, .F. ) ;
#12061 = CARTESIAN_POINT ( 'NONE',  ( 161.2077670245547836, -2.638887500354647031, -259.2507993847970056 ) ) ;
#12062 = VECTOR ( 'NONE', #7512, 1000.000000000000000 ) ;
#12063 = DIRECTION ( 'NONE',  ( 1.000000000000000000, 0.000000000000000000, -0.000000000000000000 ) ) ;
#12064 = VERTEX_POINT ( 'NONE', #1911 ) ;
#12065 = PLANE ( 'NONE',  #3423 ) ;
#12066 = ADVANCED_FACE ( 'NONE', ( #7380 ), #4720, .F. ) ;
#12067 = ORIENTED_EDGE ( 'NONE', *, *, #1096, .F. ) ;
#12068 = CARTESIAN_POINT ( 'NONE',  ( 0.9699999999999986411, 2.471054640734354990, -0.4415490844347086385 ) ) ;
#12070 = ORIENTED_EDGE ( 'NONE', *, *, #7386, .F. ) ;
#12069 = CIRCLE ( 'NONE', #6809, 2.100000000000019629 ) ;
#12071 = DIRECTION ( 'NONE',  ( 1.000000000000000000, 0.000000000000000000, 0.000000000000000000 ) ) ;
#12072 = ORIENTED_EDGE ( 'NONE', *, *, #9047, .F. ) ;
#12073 = DIRECTION ( 'NONE',  ( -1.000000000000000000, -2.000187765493021278E-16, 7.400880780937300593E-16 ) ) ;
#12074 = CARTESIAN_POINT ( 'NONE',  ( 0.9700000000000541522, 1.499999999999973577, 3.053113317719180486E-13 ) ) ;
#12075 = LINE ( 'NONE', #10968, #1119 ) ;
#12076 = CARTESIAN_POINT ( 'NONE',  ( 162.2919412023712482, -3.454452184169553242, -85.14583333333337123 ) ) ;
#12077 = DIRECTION ( 'NONE',  ( -1.073154985481276528E-15, 5.551115123125739315E-16, 1.000000000000000000 ) ) ;
#12078 = VECTOR ( 'NONE', #3134, 999.9999999999998863 ) ;
#12079 = ADVANCED_FACE ( 'NONE', ( #1849 ), #59, .F. ) ;
#12080 = ORIENTED_EDGE ( 'NONE', *, *, #9771, .T. ) ;
#12081 = DIRECTION ( 'NONE',  ( 0.000000000000000000, 1.000000000000000000, 0.000000000000000000 ) ) ;
#12082 = DIRECTION ( 'NONE',  ( -5.678280449645382924E-16, 0.4778152549999977738, 0.8784603474769291376 ) ) ;
#12083 = EDGE_LOOP ( 'NONE', ( #5031, #401, #1351, #9324 ) ) ;
#12084 = DIRECTION ( 'NONE',  ( 6.478296851166013085E-16, 0.1759558990890549290, -0.9843980503717804087 ) ) ;
#12085 = ORIENTED_EDGE ( 'NONE', *, *, #5472, .F. ) ;
#12086 = VECTOR ( 'NONE', #1347, 1000.000000000000114 ) ;
#12087 = VECTOR ( 'NONE', #2587, 1000.000000000000000 ) ;
#12088 = NEXT_ASSEMBLY_USAGE_OCCURRENCE ( 'NAUO1', ' ', ' ', #8157, #5268, $ ) ;
#12089 = NEXT_ASSEMBLY_USAGE_OCCURRENCE ( 'NAUO2', ' ', ' ', #8157, #5120, $ ) ;
#12090 = NEXT_ASSEMBLY_USAGE_OCCURRENCE ( 'NAUO3', ' ', ' ', #8157, #5120, $ ) ;
#12091 = NEXT_ASSEMBLY_USAGE_OCCURRENCE ( 'NAUO4', ' ', ' ', #8157, #5120, $ ) ;
#12092 = NEXT_ASSEMBLY_USAGE_OCCURRENCE ( 'NAUO5', ' ', ' ', #8157, #5120, $ ) ;
ENDSEC;
END-ISO-10303-21;
