ISO-10303-21;
HEADER;
FILE_DESCRIPTION (( 'STEP AP214' ),
    '1' );
FILE_NAME ('550-00201-00.step',
    '2026-02-27T00:20:09',
    ( '' ),
    ( '' ),
    'SwSTEP 2.0',
    'SolidWorks 2023',
    '' );
FILE_SCHEMA (( 'AUTOMOTIVE_DESIGN' ));
ENDSEC;

DATA;
#1 = ORIENTED_EDGE ( 'NONE', *, *, #3508, .T. ) ;
#2 = VECTOR ( 'NONE', #2868, 1000.000000000000000 ) ;
#3 = ORIENTED_EDGE ( 'NONE', *, *, #4531, .T. ) ;
#4 = ORIENTED_EDGE ( 'NONE', *, *, #5774, .F. ) ;
#5 = DIRECTION ( 'NONE',  ( -6.845769268624693726E-16, 5.551115123125739315E-16, 1.000000000000000000 ) ) ;
#6 = DIRECTION ( 'NONE',  ( 4.992923249691015501E-16, -0.4999999999999992228, -0.8660254037844391517 ) ) ;
#7 = ORIENTED_EDGE ( 'NONE', *, *, #7704, .F. ) ;
#8 = DIRECTION ( 'NONE',  ( -3.939796879308687280E-16, 0.7152859658357441086, 0.6988318732559546387 ) ) ;
#9 = LINE ( 'NONE', #3784, #5005 ) ;
#10 = COLOUR_RGB ( '',0.7921568627450980005, 0.8196078431372548767, 0.9333333333333333481 ) ;
#11 = VECTOR ( 'NONE', #4134, 999.9999999999998863 ) ;
#12 = DIRECTION ( 'NONE',  ( 0.000000000000000000, 0.000000000000000000, 1.000000000000000000 ) ) ;
#13 = CARTESIAN_POINT ( 'NONE',  ( 120.0000000000000284, -8.799999999999947420, 174.4099643838293616 ) ) ;
#14 = VECTOR ( 'NONE', #6805, 1000.000000000000000 ) ;
#15 = AXIS2_PLACEMENT_3D ( 'NONE', #6117, #5492, #8020 ) ;
#16 = DIRECTION ( 'NONE',  ( -0.7071067811865467956, -0.000000000000000000, 0.7071067811865483499 ) ) ;
#17 = ORIENTED_EDGE ( 'NONE', *, *, #893, .F. ) ;
#18 = VERTEX_POINT ( 'NONE', #7056 ) ;
#19 = DIRECTION ( 'NONE',  ( 6.478296851166012099E-16, 0.1759558990890549290, -0.9843980503717804087 ) ) ;
#20 = VECTOR ( 'NONE', #5582, 999.9999999999998863 ) ;
#21 = DIRECTION ( 'NONE',  ( -6.693404831851108881E-17, 0.9502094961207419033, 0.3116117993304583500 ) ) ;
#22 = VECTOR ( 'NONE', #5089, 1000.000000000000000 ) ;
#23 = ORIENTED_EDGE ( 'NONE', *, *, #5282, .F. ) ;
#24 = CARTESIAN_POINT ( 'NONE',  ( 80.00000000000002842, -7.799999999999994493, 185.4436021838136242 ) ) ;
#25 = ORIENTED_EDGE ( 'NONE', *, *, #1788, .T. ) ;
#26 = AXIS2_PLACEMENT_3D ( 'NONE', #5328, #5454, #3376 ) ;
#27 = VERTEX_POINT ( 'NONE', #7719 ) ;
#28 = CARTESIAN_POINT ( 'NONE',  ( -60.00000000000044764, -8.799999999999947420, 54.40996438383039902 ) ) ;
#29 = EDGE_CURVE ( 'NONE', #162, #323, #6432, .T. ) ;
#30 = CARTESIAN_POINT ( 'NONE',  ( 0.9699999999999986411, 2.280059657658761729, -0.05286747059607410648 ) ) ;
#31 = LINE ( 'NONE', #7539, #1442 ) ;
#32 = CIRCLE ( 'NONE', #5958, 1.000000000000000888 ) ;
#33 = CARTESIAN_POINT ( 'NONE',  ( 0.9700000000000541522, 1.737768876015094444, -0.1974467148554287510 ) ) ;
#34 = ORIENTED_EDGE ( 'NONE', *, *, #7608, .F. ) ;
#35 = ADVANCED_FACE ( 'NONE', ( #2673 ), #5854, .F. ) ;
#36 = ORIENTED_EDGE ( 'NONE', *, *, #3757, .T. ) ;
#37 = ADVANCED_FACE ( 'NONE', ( #7325 ), #3452, .T. ) ;
#38 = CARTESIAN_POINT ( 'NONE',  ( 0.9700000000000541522, 2.523239701764268261, 0.2897166630501657458 ) ) ;
#39 = ADVANCED_FACE ( 'NONE', ( #7836 ), #2043, .F. ) ;
#40 = AXIS2_PLACEMENT_3D ( 'NONE', #8101, #6066, #4861 ) ;
#41 = DIRECTION ( 'NONE',  ( -0.000000000000000000, 1.000000000000000000, -0.000000000000000000 ) ) ;
#42 = FACE_BOUND ( 'NONE', #4405, .T. ) ;
#43 = FACE_OUTER_BOUND ( 'NONE', #2622, .T. ) ;
#44 = VECTOR ( 'NONE', #6573, 1000.000000000000000 ) ;
#45 = VERTEX_POINT ( 'NONE', #4231 ) ;
#46 = EDGE_CURVE ( 'NONE', #382, #7874, #2872, .T. ) ;
#47 = ORIENTED_EDGE ( 'NONE', *, *, #1250, .T. ) ;
#48 = EDGE_LOOP ( 'NONE', ( #2005, #4404, #2582, #1434 ) ) ;
#49 = VERTEX_POINT ( 'NONE', #5398 ) ;
#50 = EDGE_CURVE ( 'NONE', #5012, #6960, #1108, .T. ) ;
#51 = DIRECTION ( 'NONE',  ( 7.400880780937299607E-16, 5.551115123125742273E-16, 1.000000000000000000 ) ) ;
#52 = AXIS2_PLACEMENT_3D ( 'NONE', #3877, #3831, #3213 ) ;
#53 = DIRECTION ( 'NONE',  ( -0.000000000000000000, 1.000000000000000000, -0.000000000000000000 ) ) ;
#54 = AXIS2_PLACEMENT_3D ( 'NONE', #4641, #5842, #1421 ) ;
#55 = LINE ( 'NONE', #841, #2905 ) ;
#56 = VERTEX_POINT ( 'NONE', #7925 ) ;
#57 = LINE ( 'NONE', #7605, #2272 ) ;
#58 = ORIENTED_EDGE ( 'NONE', *, *, #2236, .T. ) ;
#59 = PLANE ( 'NONE',  #1705 ) ;
#60 = CONTEXT_DEPENDENT_SHAPE_REPRESENTATION ( #4022, #589 ) ;
#61 = ORIENTED_EDGE ( 'NONE', *, *, #7635, .F. ) ;
#62 = LINE ( 'NONE', #763, #1573 ) ;
#63 = DIRECTION ( 'NONE',  ( -4.992923249690979017E-16, 0.5000000000000058842, 0.8660254037844352659 ) ) ;
#64 = ORIENTED_EDGE ( 'NONE', *, *, #648, .F. ) ;
#65 = ORIENTED_EDGE ( 'NONE', *, *, #7152, .F. ) ;
#66 = DIRECTION ( 'NONE',  ( -1.000000000000000000, -2.000187765493021278E-16, 7.400880780937300593E-16 ) ) ;
#67 = PLANE ( 'NONE',  #7267 ) ;
#68 = DIRECTION ( 'NONE',  ( 1.445076253180192051E-16, 1.000000000000000000, -2.553512956637819811E-15 ) ) ;
#69 = DIRECTION ( 'NONE',  ( 0.000000000000000000, 0.9396926207859093161, -0.3420201433256660484 ) ) ;
#70 = EDGE_CURVE ( 'NONE', #3899, #5124, #4688, .T. ) ;
#71 = EDGE_LOOP ( 'NONE', ( #7467, #6177, #5249, #1292 ) ) ;
#72 = ORIENTED_EDGE ( 'NONE', *, *, #842, .T. ) ;
#73 = LINE ( 'NONE', #616, #3169 ) ;
#74 = DIRECTION ( 'NONE',  ( 1.297740014824709051E-16, 0.9998027306933638947, 0.01986201646593062364 ) ) ;
#75 = DIRECTION ( 'NONE',  ( -1.000000000000000000, -2.000187765493021278E-16, 7.400880780937300593E-16 ) ) ;
#76 = EDGE_CURVE ( 'NONE', #775, #3061, #2256, .T. ) ;
#77 = EDGE_CURVE ( 'NONE', #7697, #4498, #1550, .T. ) ;
#78 = ORIENTED_EDGE ( 'NONE', *, *, #2589, .F. ) ;
#79 = ORIENTED_EDGE ( 'NONE', *, *, #4364, .F. ) ;
#80 = ORIENTED_EDGE ( 'NONE', *, *, #1502, .F. ) ;
#81 = ORIENTED_EDGE ( 'NONE', *, *, #7240, .T. ) ;
#82 = DIRECTION ( 'NONE',  ( 5.933816903822598884E-16, 0.7463495512542417387, -0.6655541655963036485 ) ) ;
#83 = CARTESIAN_POINT ( 'NONE',  ( 0.9699999999999986411, 2.463431047482644853, -0.4568581317406228415 ) ) ;
#84 = EDGE_CURVE ( 'NONE', #3971, #6202, #449, .T. ) ;
#85 = EDGE_CURVE ( 'NONE', #3591, #3664, #2427, .T. ) ;
#86 = EDGE_CURVE ( 'NONE', #3090, #6212, #3079, .T. ) ;
#87 = CARTESIAN_POINT ( 'NONE',  ( 0.9699999999999986411, 2.502365463612932217, -0.4324412773112490394 ) ) ;
#88 = FACE_OUTER_BOUND ( 'NONE', #7020, .T. ) ;
#89 = DIRECTION ( 'NONE',  ( 4.612941679240482221E-16, -0.6363377765197415492, -0.7714105483942460539 ) ) ;
#90 = ORIENTED_EDGE ( 'NONE', *, *, #29, .F. ) ;
#91 = DIRECTION ( 'NONE',  ( -0.000000000000000000, 1.000000000000000000, -0.000000000000000000 ) ) ;
#92 = ORIENTED_EDGE ( 'NONE', *, *, #3152, .T. ) ;
#93 = LINE ( 'NONE', #3263, #4866 ) ;
#94 = DIRECTION ( 'NONE',  ( 0.000000000000000000, 0.3420201433256661594, 0.9396926207859093161 ) ) ;
#95 = CIRCLE ( 'NONE', #4699, 2.199999999999993516 ) ;
#96 = CARTESIAN_POINT ( 'NONE',  ( 0.000000000000000000, -1.199999999999999956, 0.000000000000000000 ) ) ;
#97 = ORIENTED_EDGE ( 'NONE', *, *, #7333, .T. ) ;
#98 = EDGE_LOOP ( 'NONE', ( #4363, #601, #7011, #2804 ) ) ;
#99 = LINE ( 'NONE', #2034, #4039 ) ;
#100 = DIRECTION ( 'NONE',  ( -1.000000000000000000, -6.162975822039154730E-33, 1.224646799147353207E-16 ) ) ;
#101 = DIRECTION ( 'NONE',  ( -7.400880780937299607E-16, -5.551115123125742273E-16, -1.000000000000000000 ) ) ;
#102 = LINE ( 'NONE', #4477, #4660 ) ;
#103 = ORIENTED_EDGE ( 'NONE', *, *, #7006, .F. ) ;
#104 = VERTEX_POINT ( 'NONE', #3699 ) ;
#105 = VERTEX_POINT ( 'NONE', #3037 ) ;
#106 = CARTESIAN_POINT ( 'NONE',  ( 0.9700000000000252864, -2.231857109454799949E-13, -2.637499999999750155 ) ) ;
#107 = CARTESIAN_POINT ( 'NONE',  ( 2.775557561562891351E-14, -7.800000000000022027, 95.44360218381365257 ) ) ;
#108 = CARTESIAN_POINT ( 'NONE',  ( 2.279499999986056569, -1.387778780781445676E-13, 2.220446049250313081E-13 ) ) ;
#109 = ADVANCED_FACE ( 'NONE', ( #5561 ), #4314, .F. ) ;
#110 = CARTESIAN_POINT ( 'NONE',  ( 2.470000000000027729, -2.023130304122794598, -1.531436993182339057 ) ) ;
#111 = VECTOR ( 'NONE', #7830, 1000.000000000000000 ) ;
#112 = ORIENTED_EDGE ( 'NONE', *, *, #8108, .F. ) ;
#113 = ORIENTED_EDGE ( 'NONE', *, *, #650, .F. ) ;
#114 = ORIENTED_EDGE ( 'NONE', *, *, #3148, .T. ) ;
#115 = CARTESIAN_POINT ( 'NONE',  ( 0.9699999999999986411, 2.472234731469206803, -0.4540512461818004830 ) ) ;
#116 = CIRCLE ( 'NONE', #5524, 2.110000000000000764 ) ;
#117 = ORIENTED_EDGE ( 'NONE', *, *, #5163, .T. ) ;
#118 = DIRECTION ( 'NONE',  ( 7.133670101290322422E-16, 0.5483224662305562491, -0.8362669866895622306 ) ) ;
#119 = SURFACE_SIDE_STYLE ('',( #628 ) ) ;
#120 = EDGE_CURVE ( 'NONE', #2621, #2558, #5513, .T. ) ;
#121 = VECTOR ( 'NONE', #1787, 1000.000000000000000 ) ;
#122 = VERTEX_POINT ( 'NONE', #1110 ) ;
#123 = CARTESIAN_POINT ( 'NONE',  ( 0.9700000000000541522, 1.975537752030187555, -0.3268890226826859369 ) ) ;
#124 = EDGE_CURVE ( 'NONE', #2978, #4719, #6261, .T. ) ;
#125 = PLANE ( 'NONE',  #1071 ) ;
#126 = EDGE_LOOP ( 'NONE', ( #7631, #4001, #6369, #8024 ) ) ;
#127 = VECTOR ( 'NONE', #5117, 1000.000000000000000 ) ;
#128 = VECTOR ( 'NONE', #3678, 1000.000000000000000 ) ;
#129 = FILL_AREA_STYLE ('',( #5780 ) ) ;
#130 = EDGE_LOOP ( 'NONE', ( #199, #1762, #7270, #2143 ) ) ;
#131 = DIRECTION ( 'NONE',  ( -4.992923249690985919E-16, 0.4999999999999898415, 0.8660254037844444808 ) ) ;
#132 = EDGE_CURVE ( 'NONE', #4077, #3124, #5641, .T. ) ;
#133 = EDGE_CURVE ( 'NONE', #7057, #315, #5602, .T. ) ;
#134 = FACE_OUTER_BOUND ( 'NONE', #8011, .T. ) ;
#135 = AXIS2_PLACEMENT_3D ( 'NONE', #8051, #4940, #7465 ) ;
#136 = AXIS2_PLACEMENT_3D ( 'NONE', #5402, #1068, #2381 ) ;
#137 = ORIENTED_EDGE ( 'NONE', *, *, #7885, .T. ) ;
#138 = ADVANCED_FACE ( 'NONE', ( #6802 ), #8133, .F. ) ;
#139 = VERTEX_POINT ( 'NONE', #4979 ) ;
#140 = ORIENTED_EDGE ( 'NONE', *, *, #5426, .T. ) ;
#141 = LINE ( 'NONE', #3351, #3129 ) ;
#142 = EDGE_CURVE ( 'NONE', #7632, #426, #4233, .T. ) ;
#143 = CIRCLE ( 'NONE', #4749, 2.110000000000000764 ) ;
#144 = AXIS2_PLACEMENT_3D ( 'NONE', #697, #6302, #7547 ) ;
#145 = FACE_OUTER_BOUND ( 'NONE', #511, .T. ) ;
#146 = CARTESIAN_POINT ( 'NONE',  ( 68.00000000000002842, -8.800000000000002487, -12.40996438382938649 ) ) ;
#147 = CARTESIAN_POINT ( 'NONE',  ( 0.9699999999999986411, 2.219308366003869271, 0.01740461005332594180 ) ) ;
#148 = VECTOR ( 'NONE', #4945, 999.9999999999998863 ) ;
#149 = ORIENTED_EDGE ( 'NONE', *, *, #431, .F. ) ;
#150 = DIRECTION ( 'NONE',  ( -9.621326830187598882E-16, -2.220446049250292373E-16, 1.000000000000000000 ) ) ;
#151 = ORIENTED_EDGE ( 'NONE', *, *, #5480, .T. ) ;
#152 = ORIENTED_EDGE ( 'NONE', *, *, #7782, .T. ) ;
#153 = DIRECTION ( 'NONE',  ( -2.481675346006243732E-16, 0.8022045974956019121, 0.5970492305973765790 ) ) ;
#154 = DIRECTION ( 'NONE',  ( 4.992923249690979017E-16, -0.5000000000000058842, -0.8660254037844352659 ) ) ;
#155 = LINE ( 'NONE', #5311, #7497 ) ;
#156 = VECTOR ( 'NONE', #3614, 999.9999999999998863 ) ;
#157 = DIRECTION ( 'NONE',  ( 1.000000000000000000, 2.000187765493021278E-16, -7.400880780937300593E-16 ) ) ;
#158 = EDGE_LOOP ( 'NONE', ( #7438, #6485, #113, #2154 ) ) ;
#159 = DIRECTION ( 'NONE',  ( -1.000000000000000000, -2.000187765493021278E-16, 7.400880780937300593E-16 ) ) ;
#160 = ORIENTED_EDGE ( 'NONE', *, *, #3449, .F. ) ;
#161 = VECTOR ( 'NONE', #6788, 1000.000000000000000 ) ;
#162 = VERTEX_POINT ( 'NONE', #1880 ) ;
#163 = LINE ( 'NONE', #6558, #3034 ) ;
#164 = CARTESIAN_POINT ( 'NONE',  ( 2.470000000000055707, 1.700440880331027804, -0.9817499999997536531 ) ) ;
#165 = CARTESIAN_POINT ( 'NONE',  ( 0.9843342201064364527, 2.380631412769562694, 0.2478931356767605232 ) ) ;
#166 = CIRCLE ( 'NONE', #6632, 1.000000000000000000 ) ;
#167 = EDGE_CURVE ( 'NONE', #5372, #49, #4937, .T. ) ;
#168 = CYLINDRICAL_SURFACE ( 'NONE', #4320, 1.229500000000014692 ) ;
#169 = CARTESIAN_POINT ( 'NONE',  ( 7.000000000000000000, -8.799999999999998934, -14.90996438382937761 ) ) ;
#170 = EDGE_LOOP ( 'NONE', ( #505, #1647, #6624, #7439 ) ) ;
#171 = AXIS2_PLACEMENT_3D ( 'NONE', #7176, #3990, #3535 ) ;
#172 = FACE_OUTER_BOUND ( 'NONE', #6036, .T. ) ;
#173 = EDGE_LOOP ( 'NONE', ( #3754, #2544, #3036, #5811 ) ) ;
#174 = CARTESIAN_POINT ( 'NONE',  ( 0.9699999999999986411, 2.374112209464956713, 0.03026883183825102019 ) ) ;
#175 = CARTESIAN_POINT ( 'NONE',  ( 2.470000000000027729, 1.983372645743053386, -1.399080837149263568 ) ) ;
#176 = EDGE_CURVE ( 'NONE', #5751, #8132, #3655, .T. ) ;
#177 = AXIS2_PLACEMENT_3D ( 'NONE', #310, #2735, #3394 ) ;
#178 = ADVANCED_FACE ( 'NONE', ( #8004 ), #7502, .F. ) ;
#179 = ADVANCED_FACE ( 'NONE', ( #6763 ), #6179, .F. ) ;
#180 = ORIENTED_EDGE ( 'NONE', *, *, #6076, .F. ) ;
#181 = CARTESIAN_POINT ( 'NONE',  ( 2.450950000000035267, 1.752788928699816617, -1.092298960886806114 ) ) ;
#182 = ORIENTED_EDGE ( 'NONE', *, *, #85, .F. ) ;
#183 = VERTEX_POINT ( 'NONE', #2960 ) ;
#184 = CARTESIAN_POINT ( 'NONE',  ( 75.00000000000002842, -1.857979856674333963, -0.9396926207859089830 ) ) ;
#185 = DIRECTION ( 'NONE',  ( -6.845769268624692740E-16, 5.551115123125739315E-16, 1.000000000000000000 ) ) ;
#186 = EDGE_CURVE ( 'NONE', #3579, #3090, #5477, .T. ) ;
#187 = LINE ( 'NONE', #2820, #7432 ) ;
#188 = EDGE_CURVE ( 'NONE', #6358, #2140, #2996, .T. ) ;
#189 = ORIENTED_EDGE ( 'NONE', *, *, #8114, .F. ) ;
#190 = LINE ( 'NONE', #2700, #5239 ) ;
#191 = LINE ( 'NONE', #5039, #4899 ) ;
#192 = ORIENTED_EDGE ( 'NONE', *, *, #6023, .F. ) ;
#193 = VERTEX_POINT ( 'NONE', #4275 ) ;
#194 = CARTESIAN_POINT ( 'NONE',  ( 2.450950000000007289, -2.097809233474079438, -0.8477885581625321798 ) ) ;
#195 = CARTESIAN_POINT ( 'NONE',  ( 0.9699999999999986411, 2.502887340387116577, -0.4560289252518168190 ) ) ;
#196 = LINE ( 'NONE', #2080, #1349 ) ;
#197 = LINE ( 'NONE', #2708, #6181 ) ;
#198 = CARTESIAN_POINT ( 'NONE',  ( 0.2238461539150193857, 0.000000000000000000, 4.163336342344337027E-14 ) ) ;
#199 = ORIENTED_EDGE ( 'NONE', *, *, #76, .F. ) ;
#200 = ORIENTED_EDGE ( 'NONE', *, *, #3874, .F. ) ;
#201 = ORIENTED_EDGE ( 'NONE', *, *, #5229, .F. ) ;
#202 = DIRECTION ( 'NONE',  ( 0.000000000000000000, 0.000000000000000000, -1.000000000000000000 ) ) ;
#203 = DIRECTION ( 'NONE',  ( 1.000000000000000000, 2.000187765493021278E-16, -7.400880780937300593E-16 ) ) ;
#204 = DIRECTION ( 'NONE',  ( 0.000000000000000000, 5.551115123125781470E-17, -1.000000000000000000 ) ) ;
#205 = LINE ( 'NONE', #7177, #7126 ) ;
#206 = CLOSED_SHELL ( 'NONE', ( #3750, #7200, #7753, #2303, #5536, #1992, #2710, #7282, #2841, #994, #2351, #6743, #3748, #5635 ) ) ;
#207 = ORIENTED_EDGE ( 'NONE', *, *, #4362, .T. ) ;
#208 = CARTESIAN_POINT ( 'NONE',  ( 2.450950000000035267, 1.700440880331000049, -0.9817499999996703863 ) ) ;
#209 = CARTESIAN_POINT ( 'NONE',  ( 0.9700000000000541522, 2.229775213525436506, 0.2363679926843664791 ) ) ;
#210 = CARTESIAN_POINT ( 'NONE',  ( 0.9699999999999986411, 2.473521781208271264, -0.4638553493382935322 ) ) ;
#211 = ORIENTED_EDGE ( 'NONE', *, *, #7543, .F. ) ;
#212 = PLANE ( 'NONE',  #2934 ) ;
#213 = CARTESIAN_POINT ( 'NONE',  ( 0.4850000000000120881, -2.231857109454822163E-13, -2.637499999999819877 ) ) ;
#214 = CARTESIAN_POINT ( 'NONE',  ( 1.102182119232617753E-14, 84.96166196726210273, 29.38305942580864283 ) ) ;
#215 = VERTEX_POINT ( 'NONE', #2007 ) ;
#216 = DIRECTION ( 'NONE',  ( 0.000000000000000000, 0.000000000000000000, 1.000000000000000000 ) ) ;
#217 = ORIENTED_EDGE ( 'NONE', *, *, #2651, .T. ) ;
#218 = ORIENTED_EDGE ( 'NONE', *, *, #3264, .F. ) ;
#219 = CARTESIAN_POINT ( 'NONE',  ( 0.9700000000000541522, 2.507883451764309157, 0.2269969962893081394 ) ) ;
#220 = CARTESIAN_POINT ( 'NONE',  ( 0.9843342201064364527, 2.478836439541304060, -0.4472441201540527933 ) ) ;
#221 = EDGE_CURVE ( 'NONE', #1514, #8137, #3121, .T. ) ;
#222 = LINE ( 'NONE', #6459, #7653 ) ;
#223 = DIRECTION ( 'NONE',  ( 6.845769268624692740E-16, -5.551115123125739315E-16, -1.000000000000000000 ) ) ;
#224 = CARTESIAN_POINT ( 'NONE',  ( 75.00000000000002842, -0.02109807546056357425, -0.2711223285582200493 ) ) ;
#225 = DIRECTION ( 'NONE',  ( -0.000000000000000000, 1.000000000000000000, -0.000000000000000000 ) ) ;
#226 = EDGE_LOOP ( 'NONE', ( #2487, #1397, #919, #1710 ) ) ;
#227 = ADVANCED_FACE ( 'NONE', ( #6964 ), #5298, .F. ) ;
#228 = AXIS2_PLACEMENT_3D ( 'NONE', #2412, #470, #1741 ) ;
#229 = CARTESIAN_POINT ( 'NONE',  ( 0.9843342201064364527, 2.219308366003591715, -0.01856281503796741728 ) ) ;
#230 = FACE_OUTER_BOUND ( 'NONE', #3283, .T. ) ;
#231 = CARTESIAN_POINT ( 'NONE',  ( 0.9700000000000541522, 2.375141406468856076, 0.2468665188329749460 ) ) ;
#232 = LINE ( 'NONE', #902, #7629 ) ;
#233 = ADVANCED_FACE ( 'NONE', ( #4788 ), #459, .T. ) ;
#234 = EDGE_CURVE ( 'NONE', #6174, #4343, #7431, .T. ) ;
#235 = CARTESIAN_POINT ( 'NONE',  ( 0.9699999999999986411, 2.495373293259495195, -0.4531261570465683342 ) ) ;
#236 = CIRCLE ( 'NONE', #6696, 2.199999999999993516 ) ;
#237 = EDGE_LOOP ( 'NONE', ( #2904, #342, #2766, #2064 ) ) ;
#238 = ORIENTED_EDGE ( 'NONE', *, *, #5927, .T. ) ;
#239 = EDGE_LOOP ( 'NONE', ( #7912, #3762, #1416, #5559 ) ) ;
#240 = LINE ( 'NONE', #7327, #4836 ) ;
#241 = ADVANCED_FACE ( 'NONE', ( #6026 ), #372, .F. ) ;
#242 = CARTESIAN_POINT ( 'NONE',  ( 2.450950000000035267, 1.841843850431540419, -1.291133606572028469 ) ) ;
#243 = PLANE ( 'NONE',  #2808 ) ;
#244 = DIRECTION ( 'NONE',  ( 7.582530560698107458E-16, 0.2897549509194221051, -0.9571008663759966728 ) ) ;
#245 = VECTOR ( 'NONE', #3401, 999.9999999999998863 ) ;
#246 = SURFACE_SIDE_STYLE ('',( #5901 ) ) ;
#247 = CARTESIAN_POINT ( 'NONE',  ( -37.55515787506016068, -7.800000000000013145, -5.443602183813634809 ) ) ;
#248 = CARTESIAN_POINT ( 'NONE',  ( 0.9843342201064364527, 2.486422737122351290, -0.4626929670481366719 ) ) ;
#249 = ORIENTED_EDGE ( 'NONE', *, *, #2554, .T. ) ;
#250 = LINE ( 'NONE', #373, #4516 ) ;
#251 = CARTESIAN_POINT ( 'NONE',  ( 0.9843342201064364527, 2.422424264911654745, 0.01740461005371451986 ) ) ;
#252 = AXIS2_PLACEMENT_3D ( 'NONE', #619, #4402, #5071 ) ;
#253 = CARTESIAN_POINT ( 'NONE',  ( 2.469999999999861195, -0.03601191218843835529, 2.417505155565887076 ) ) ;
#254 = VECTOR ( 'NONE', #5292, 1000.000000000000000 ) ;
#255 = EDGE_LOOP ( 'NONE', ( #6800, #5999 ) ) ;
#256 = VECTOR ( 'NONE', #6514, 1000.000000000000000 ) ;
#257 = LINE ( 'NONE', #96, #6862 ) ;
#258 = VERTEX_POINT ( 'NONE', #4081 ) ;
#259 = ORIENTED_EDGE ( 'NONE', *, *, #7180, .T. ) ;
#260 = CARTESIAN_POINT ( 'NONE',  ( 68.00000000000002842, -10.00000000000001421, -9.909964383829382939 ) ) ;
#261 = MECHANICAL_DESIGN_GEOMETRIC_PRESENTATION_REPRESENTATION (  '', ( #3816 ), #5664 ) ;
#262 = DIRECTION ( 'NONE',  ( -6.845769268624743030E-16, 9.436895709313777345E-16, 1.000000000000000000 ) ) ;
#263 = VECTOR ( 'NONE', #3844, 1000.000000000000000 ) ;
#264 = CARTESIAN_POINT ( 'NONE',  ( 0.9843342201064919639, 1.975537752030132044, -0.3268890226827969592 ) ) ;
#265 = ORIENTED_EDGE ( 'NONE', *, *, #3906, .F. ) ;
#266 = ADVANCED_FACE ( 'NONE', ( #1000 ), #3505, .T. ) ;
#267 = CARTESIAN_POINT ( 'NONE',  ( 1.102182119232617753E-14, 0.3893260965302236531, 91.39875347350131563 ) ) ;
#268 = EDGE_LOOP ( 'NONE', ( #1818, #5041, #36, #4654 ) ) ;
#269 = VECTOR ( 'NONE', #2093, 1000.000000000000000 ) ;
#270 = VECTOR ( 'NONE', #3657, 1000.000000000000000 ) ;
#271 = DIRECTION ( 'NONE',  ( -0.000000000000000000, 1.000000000000000000, -0.000000000000000000 ) ) ;
#272 = DIRECTION ( 'NONE',  ( -1.000000000000000000, -2.000187765493021278E-16, 7.400880780937300593E-16 ) ) ;
#273 = PLANE ( 'NONE',  #3304 ) ;
#274 = DIRECTION ( 'NONE',  ( -0.000000000000000000, 1.000000000000000000, -0.000000000000000000 ) ) ;
#275 = DIRECTION ( 'NONE',  ( 0.000000000000000000, 0.000000000000000000, 1.000000000000000000 ) ) ;
#276 = VECTOR ( 'NONE', #6200, 1000.000000000000000 ) ;
#277 = EDGE_CURVE ( 'NONE', #4719, #4279, #7638, .T. ) ;
#278 = VECTOR ( 'NONE', #735, 999.9999999999998863 ) ;
#279 = VERTEX_POINT ( 'NONE', #7784 ) ;
#280 = EDGE_CURVE ( 'NONE', #2814, #7531, #5259, .T. ) ;
#281 = DIRECTION ( 'NONE',  ( -1.000000000000000000, -1.722632009336720063E-16, 7.400880780937477100E-16 ) ) ;
#282 = ORIENTED_EDGE ( 'NONE', *, *, #4800, .T. ) ;
#283 = CARTESIAN_POINT ( 'NONE',  ( 2.470000000000027729, 2.290456010312191815, -1.068415287893975663 ) ) ;
#284 = ADVANCED_FACE ( 'NONE', ( #4595 ), #974, .F. ) ;
#285 = LINE ( 'NONE', #2832, #3775 ) ;
#286 = DIRECTION ( 'NONE',  ( -1.000000000000000000, -1.722632009336720063E-16, 7.400880780937477100E-16 ) ) ;
#287 = VECTOR ( 'NONE', #3668, 1000.000000000000000 ) ;
#288 = CARTESIAN_POINT ( 'NONE',  ( 2.450949999999840756, -0.06106376598072338346, 2.269970088014078513 ) ) ;
#289 = DIRECTION ( 'NONE',  ( 5.093471763814038141E-16, 0.7772448707074812724, -0.6291982286679697056 ) ) ;
#290 = ADVANCED_FACE ( 'NONE', ( #3477 ), #5965, .F. ) ;
#291 = VECTOR ( 'NONE', #1345, 1000.000000000000000 ) ;
#292 = ORIENTED_EDGE ( 'NONE', *, *, #5469, .T. ) ;
#293 = PLANE ( 'NONE',  #5910 ) ;
#294 = EDGE_CURVE ( 'NONE', #6300, #6081, #5384, .T. ) ;
#295 = DIRECTION ( 'NONE',  ( 1.000000000000000000, 1.722632009336720063E-16, -7.400880780937477100E-16 ) ) ;
#296 = DIRECTION ( 'NONE',  ( -1.000000000000000000, 0.000000000000000000, 0.000000000000000000 ) ) ;
#297 = VERTEX_POINT ( 'NONE', #5881 ) ;
#298 = SURFACE_STYLE_FILL_AREA ( #129 ) ;
#299 = CARTESIAN_POINT ( 'NONE',  ( 160.0000000000000284, -8.799999999999947420, 154.4099643838293048 ) ) ;
#300 = CIRCLE ( 'NONE', #7944, 2.499999999999996891 ) ;
#301 = DIRECTION ( 'NONE',  ( 6.845769268624693726E-16, -5.551115123125739315E-16, -1.000000000000000000 ) ) ;
#302 = CIRCLE ( 'NONE', #4646, 2.200000000000007283 ) ;
#303 = ORIENTED_EDGE ( 'NONE', *, *, #4414, .T. ) ;
#304 = DIRECTION ( 'NONE',  ( 0.000000000000000000, 0.000000000000000000, -1.000000000000000000 ) ) ;
#305 = EDGE_LOOP ( 'NONE', ( #6478, #7251, #8061, #2941 ) ) ;
#306 = ORIENTED_EDGE ( 'NONE', *, *, #3400, .F. ) ;
#307 = CARTESIAN_POINT ( 'NONE',  ( 0.000000000000000000, -2.199999999999999734, 90.00000000000000000 ) ) ;
#308 = VECTOR ( 'NONE', #6600, 1000.000000000000000 ) ;
#309 = DIRECTION ( 'NONE',  ( 6.845769268624692740E-16, -5.551115123125739315E-16, -1.000000000000000000 ) ) ;
#310 = CARTESIAN_POINT ( 'NONE',  ( 0.9700000000000541522, 2.425090429851589846, 0.1497186355366719734 ) ) ;
#311 = ORIENTED_EDGE ( 'NONE', *, *, #3051, .F. ) ;
#312 = DIRECTION ( 'NONE',  ( 1.000000000000000000, 2.000187765493029413E-16, 6.845769268624692740E-16 ) ) ;
#313 = ORIENTED_EDGE ( 'NONE', *, *, #3843, .T. ) ;
#314 = CIRCLE ( 'NONE', #2022, 2.500000000000002220 ) ;
#315 = VERTEX_POINT ( 'NONE', #6625 ) ;
#316 = FACE_OUTER_BOUND ( 'NONE', #2692, .T. ) ;
#317 = PLANE ( 'NONE',  #6877 ) ;
#318 = LINE ( 'NONE', #7243, #1949 ) ;
#319 = DIRECTION ( 'NONE',  ( 0.000000000000000000, 0.000000000000000000, 1.000000000000000000 ) ) ;
#320 = EDGE_LOOP ( 'NONE', ( #6377, #3395, #2712, #7264 ) ) ;
#321 = CARTESIAN_POINT ( 'NONE',  ( 0.9700000000000541522, 2.235388494119278313, 0.2243451655705858139 ) ) ;
#322 = FILL_AREA_STYLE ('',( #5232 ) ) ;
#323 = VERTEX_POINT ( 'NONE', #6004 ) ;
#324 = CARTESIAN_POINT ( 'NONE',  ( 80.00000000000002842, 0.000000000000000000, 180.0000000000000000 ) ) ;
#325 = DIRECTION ( 'NONE',  ( -0.000000000000000000, 1.000000000000000000, -0.000000000000000000 ) ) ;
#326 = LINE ( 'NONE', #5237, #6903 ) ;
#327 = FACE_OUTER_BOUND ( 'NONE', #3551, .T. ) ;
#328 = EDGE_CURVE ( 'NONE', #6670, #1910, #7277, .T. ) ;
#329 = ADVANCED_FACE ( 'NONE', ( #3441 ), #2119, .F. ) ;
#330 = CARTESIAN_POINT ( 'NONE',  ( 0.4850000000000103673, -1.373137714644201424E-13, 2.637500000000200906 ) ) ;
#331 = CARTESIAN_POINT ( 'NONE',  ( 2.279499999986057901, -1.390940443400589985E-13, 3.175000000055883120 ) ) ;
#332 = DIRECTION ( 'NONE',  ( 0.000000000000000000, 0.000000000000000000, -1.000000000000000000 ) ) ;
#333 = VERTEX_POINT ( 'NONE', #348 ) ;
#334 = ADVANCED_FACE ( 'NONE', ( #3396 ), #2196, .F. ) ;
#335 = CARTESIAN_POINT ( 'NONE',  ( 0.9699999999999986411, 2.521531062727372152, -0.1842807336882024138 ) ) ;
#336 = DIRECTION ( 'NONE',  ( -2.073106433702512277E-16, 0.9090442707885098006, 0.4166995485317765424 ) ) ;
#337 = EDGE_CURVE ( 'NONE', #2691, #1950, #5844, .T. ) ;
#338 = EDGE_CURVE ( 'NONE', #5000, #3107, #4135, .T. ) ;
#339 = PRESENTATION_LAYER_ASSIGNMENT (  '', '', ( #2173 ) ) ;
#340 = ORIENTED_EDGE ( 'NONE', *, *, #338, .T. ) ;
#341 = PLANE ( 'NONE',  #3032 ) ;
#342 = ORIENTED_EDGE ( 'NONE', *, *, #4056, .T. ) ;
#343 = EDGE_CURVE ( 'NONE', #2275, #3579, #190, .T. ) ;
#344 = ORIENTED_EDGE ( 'NONE', *, *, #7973, .T. ) ;
#345 = DIRECTION ( 'NONE',  ( -6.845769268624692740E-16, 5.551115123125739315E-16, 1.000000000000000000 ) ) ;
#346 = CARTESIAN_POINT ( 'NONE',  ( 0.9699999999999986411, 2.485296480058268642, -0.4439227243228788256 ) ) ;
#347 = DIRECTION ( 'NONE',  ( 0.002535560577290190548, -1.836970198721026976E-16, 0.9999967854611128137 ) ) ;
#348 = CARTESIAN_POINT ( 'NONE',  ( 0.9843342201064364527, 2.125255814197951842, -0.2852079774575411175 ) ) ;
#349 = CARTESIAN_POINT ( 'NONE',  ( 0.9699999999999986411, 2.422424264911820835, -0.05453024012871954262 ) ) ;
#350 = VERTEX_POINT ( 'NONE', #1052 ) ;
#351 = ORIENTED_EDGE ( 'NONE', *, *, #6098, .T. ) ;
#352 = DIRECTION ( 'NONE',  ( -5.596305042383074563E-16, 0.3882672511708800123, 0.9215468201172465346 ) ) ;
#353 = DIRECTION ( 'NONE',  ( 6.814972098481683752E-16, 0.5611319948296271676, -0.8277263342304166382 ) ) ;
#354 = CARTESIAN_POINT ( 'NONE',  ( 120.0000000000000284, -9.999999999999953815, 194.4099643838293616 ) ) ;
#355 = DIRECTION ( 'NONE',  ( -1.000000000000000000, -2.000187765493021278E-16, 7.400880780937300593E-16 ) ) ;
#356 = CARTESIAN_POINT ( 'NONE',  ( 68.00000000000002842, -10.00000000000001421, -12.40996438382938649 ) ) ;
#357 = ORIENTED_EDGE ( 'NONE', *, *, #3796, .T. ) ;
#358 = CARTESIAN_POINT ( 'NONE',  ( 0.9843342201063809416, 2.474178410326627109, -0.4637087234186793028 ) ) ;
#359 = VECTOR ( 'NONE', #607, 999.9999999999998863 ) ;
#360 = ORIENTED_EDGE ( 'NONE', *, *, #6430, .F. ) ;
#361 = CARTESIAN_POINT ( 'NONE',  ( 110.0000000000000284, -1.199999999999999956, 10.00000000000000178 ) ) ;
#362 = LINE ( 'NONE', #1794, #1198 ) ;
#363 = DIRECTION ( 'NONE',  ( 1.000000000000000000, 2.000187765493021278E-16, -7.400880780937300593E-16 ) ) ;
#364 = DIRECTION ( 'NONE',  ( -1.050820771170668073E-16, 0.9571008663759965618, 0.2897549509194220496 ) ) ;
#365 = CARTESIAN_POINT ( 'NONE',  ( 0.9700000000000541522, 2.347502163259545860, 0.1424318347458125578 ) ) ;
#366 = DIRECTION ( 'NONE',  ( 4.764856878635322159E-16, 0.8875709788825882907, -0.4606709861120014682 ) ) ;
#367 = LINE ( 'NONE', #3993, #6096 ) ;
#368 = VECTOR ( 'NONE', #7808, 1000.000000000000114 ) ;
#369 = FACE_OUTER_BOUND ( 'NONE', #7382, .T. ) ;
#370 = EDGE_CURVE ( 'NONE', #469, #5509, #1667, .T. ) ;
#371 = ORIENTED_EDGE ( 'NONE', *, *, #5122, .T. ) ;
#372 = PLANE ( 'NONE',  #4034 ) ;
#373 = CARTESIAN_POINT ( 'NONE',  ( 2.470000000000055707, 1.936365843134446596, -1.024632836696709459 ) ) ;
#374 = CARTESIAN_POINT ( 'NONE',  ( 2.469999999999944684, -0.2359217314834016754, 2.517800735128076894 ) ) ;
#375 = CARTESIAN_POINT ( 'NONE',  ( 2.469999999999805684, 0.03232682635370687230, 2.345481331187900143 ) ) ;
#376 = AXIS2_PLACEMENT_3D ( 'NONE', #2369, #3570, #395 ) ;
#377 = ADVANCED_FACE ( 'NONE', ( #5499 ), #6043, .F. ) ;
#378 = ORIENTED_EDGE ( 'NONE', *, *, #7398, .T. ) ;
#379 = DIRECTION ( 'NONE',  ( 1.000000000000000000, 2.000187765493021278E-16, -7.400880780937300593E-16 ) ) ;
#380 = ADVANCED_FACE ( 'NONE', ( #6164 ), #3516, .T. ) ;
#381 = CARTESIAN_POINT ( 'NONE',  ( 0.000000000000000000, -9.999999999999953815, 185.4436021838136242 ) ) ;
#382 = VERTEX_POINT ( 'NONE', #506 ) ;
#383 = EDGE_CURVE ( 'NONE', #3318, #2519, #7314, .T. ) ;
#384 = VECTOR ( 'NONE', #1913, 999.9999999999998863 ) ;
#385 = VERTEX_POINT ( 'NONE', #4297 ) ;
#386 = CARTESIAN_POINT ( 'NONE',  ( 120.0000000000000284, -8.552444315316460433, 183.3762784180846381 ) ) ;
#387 = EDGE_CURVE ( 'NONE', #2607, #6434, #6825, .T. ) ;
#388 = AXIS2_PLACEMENT_3D ( 'NONE', #8040, #7998, #2456 ) ;
#389 =( NAMED_UNIT ( * ) SI_UNIT ( $, .STERADIAN. ) SOLID_ANGLE_UNIT ( ) );
#390 = DIRECTION ( 'NONE',  ( 6.945799702660596533E-16, 0.5178324593895957673, -0.8554820535829625872 ) ) ;
#391 = DIRECTION ( 'NONE',  ( 5.291915657678352384E-16, -0.3336254553299362602, -0.9427057099412800012 ) ) ;
#392 = ORIENTED_EDGE ( 'NONE', *, *, #1090, .T. ) ;
#393 = ADVANCED_FACE ( 'NONE', ( #4262 ), #6208, .F. ) ;
#394 = VERTEX_POINT ( 'NONE', #3021 ) ;
#395 = DIRECTION ( 'NONE',  ( 0.000000000000000000, 0.000000000000000000, 1.000000000000000000 ) ) ;
#396 = CARTESIAN_POINT ( 'NONE',  ( 0.9699999999999986411, 2.483238627135203380, -0.4477264981799095045 ) ) ;
#397 = VECTOR ( 'NONE', #4462, 1000.000000000000000 ) ;
#398 = CARTESIAN_POINT ( 'NONE',  ( 0.9699999999999986411, 2.482971839966680250, -0.4576594937241856842 ) ) ;
#399 = DIRECTION ( 'NONE',  ( -1.000000000000000000, -2.000187765493021278E-16, 7.400880780937300593E-16 ) ) ;
#400 = FACE_OUTER_BOUND ( 'NONE', #7236, .T. ) ;
#401 = AXIS2_PLACEMENT_3D ( 'NONE', #6521, #5942, #4070 ) ;
#402 = ORIENTED_EDGE ( 'NONE', *, *, #1288, .T. ) ;
#403 = CARTESIAN_POINT ( 'NONE',  ( 2.450950000000062801, -2.077310761883333079, -1.437593687563285094 ) ) ;
#404 = VERTEX_POINT ( 'NONE', #2449 ) ;
#405 = DIRECTION ( 'NONE',  ( 1.131409647180080362E-16, 0.9999881098214298270, 0.004876496258989318835 ) ) ;
#406 = DIRECTION ( 'NONE',  ( -5.632329301163381972E-16, 0.05371555010096586841, 0.9985562776715946054 ) ) ;
#407 = CARTESIAN_POINT ( 'NONE',  ( 120.0000000000000284, -1.857979856674324415, 180.9396926207859053 ) ) ;
#408 = CYLINDRICAL_SURFACE ( 'NONE', #2895, 2.200000000000007283 ) ;
#409 = VECTOR ( 'NONE', #7568, 1000.000000000000000 ) ;
#410 = VECTOR ( 'NONE', #1354, 1000.000000000000000 ) ;
#411 = DIRECTION ( 'NONE',  ( 2.534765650491129084E-16, 0.9887062354961998478, -0.1498665402647731404 ) ) ;
#412 = ORIENTED_EDGE ( 'NONE', *, *, #6133, .F. ) ;
#413 = LINE ( 'NONE', #7336, #4710 ) ;
#414 = AXIS2_PLACEMENT_3D ( 'NONE', #1280, #4408, #6933 ) ;
#415 = CARTESIAN_POINT ( 'NONE',  ( 0.9699999999999986411, 2.471364892679961400, -0.4643037271511718522 ) ) ;
#416 = CARTESIAN_POINT ( 'NONE',  ( 0.4850000000000131983, -1.387778780781445676E-13, 1.804112415015879378E-13 ) ) ;
#417 = ORIENTED_EDGE ( 'NONE', *, *, #636, .T. ) ;
#418 = DIRECTION ( 'NONE',  ( 0.000000000000000000, 0.000000000000000000, 1.000000000000000000 ) ) ;
#419 = CARTESIAN_POINT ( 'NONE',  ( 5.000000000000057732, -10.00000000000001421, -19.40996438382938294 ) ) ;
#420 = CARTESIAN_POINT ( 'NONE',  ( 25.00000000000001421, -8.800000000000002487, 104.4099643838293758 ) ) ;
#421 = VECTOR ( 'NONE', #3647, 1000.000000000000000 ) ;
#422 = FACE_OUTER_BOUND ( 'NONE', #7317, .T. ) ;
#423 = ADVANCED_FACE ( 'NONE', ( #7356 ), #6667, .F. ) ;
#424 = ORIENTED_EDGE ( 'NONE', *, *, #5764, .F. ) ;
#425 = CARTESIAN_POINT ( 'NONE',  ( 0.9700000000000541522, 2.411676466675976904, 0.2596360154718535540 ) ) ;
#426 = VERTEX_POINT ( 'NONE', #1174 ) ;
#427 = VECTOR ( 'NONE', #4160, 999.9999999999998863 ) ;
#428 = VERTEX_POINT ( 'NONE', #3067 ) ;
#429 = CARTESIAN_POINT ( 'NONE',  ( 75.00000000000004263, -2.199999999999999734, 7.347880794884117764E-17 ) ) ;
#430 = CARTESIAN_POINT ( 'NONE',  ( 2.450950000000007289, 2.180479398288054149, -1.258900367563611677 ) ) ;
#431 = EDGE_CURVE ( 'NONE', #2111, #3769, #1133, .T. ) ;
#432 = ADVANCED_FACE ( 'NONE', ( #2946 ), #2981, .T. ) ;
#433 = VECTOR ( 'NONE', #2573, 1000.000000000000000 ) ;
#434 = ORIENTED_EDGE ( 'NONE', *, *, #636, .F. ) ;
#435 = CARTESIAN_POINT ( 'NONE',  ( 110.0000000000000568, 0.000000000000000000, 172.1099999999999852 ) ) ;
#436 = VERTEX_POINT ( 'NONE', #2902 ) ;
#437 = EDGE_LOOP ( 'NONE', ( #4606, #5831 ) ) ;
#438 = CARTESIAN_POINT ( 'NONE',  ( 120.0000000000000284, -1.199999999999999956, 5.000000000000087930 ) ) ;
#439 = AXIS2_PLACEMENT_3D ( 'NONE', #4152, #7211, #5320 ) ;
#440 = ADVANCED_FACE ( 'NONE', ( #5591 ), #8080, .T. ) ;
#441 = PLANE ( 'NONE',  #553 ) ;
#442 = DIRECTION ( 'NONE',  ( 1.000000000000000000, 0.000000000000000000, 0.000000000000000000 ) ) ;
#443 = DIRECTION ( 'NONE',  ( 6.845769268624693726E-16, -5.551115123125739315E-16, -1.000000000000000000 ) ) ;
#444 = EDGE_CURVE ( 'NONE', #1425, #1301, #1779, .T. ) ;
#445 = AXIS2_PLACEMENT_3D ( 'NONE', #5144, #7666, #6384 ) ;
#446 = ORIENTED_EDGE ( 'NONE', *, *, #7817, .T. ) ;
#447 = FILL_AREA_STYLE ('',( #2917 ) ) ;
#448 = ORIENTED_EDGE ( 'NONE', *, *, #6389, .F. ) ;
#449 = LINE ( 'NONE', #572, #7724 ) ;
#450 = DIRECTION ( 'NONE',  ( 4.593161372622970225E-16, -0.6388582020700594999, -0.7693245073750160090 ) ) ;
#451 = DIRECTION ( 'NONE',  ( 0.000000000000000000, 0.000000000000000000, 1.000000000000000000 ) ) ;
#452 = CARTESIAN_POINT ( 'NONE',  ( 2.450949999999924245, -0.2359217314835959645, 2.517800735127875722 ) ) ;
#453 = LINE ( 'NONE', #365, #4703 ) ;
#454 = ORIENTED_EDGE ( 'NONE', *, *, #29, .T. ) ;
#455 = DIRECTION ( 'NONE',  ( 6.845769268624692740E-16, -5.551115123125739315E-16, -1.000000000000000000 ) ) ;
#456 = CARTESIAN_POINT ( 'NONE',  ( 0.9843342201063809416, 2.490921390337408337, -0.4417785858742834249 ) ) ;
#457 = CARTESIAN_POINT ( 'NONE',  ( 2.470000000000055707, 1.841843850431706953, -1.291133606571764902 ) ) ;
#458 = ORIENTED_EDGE ( 'NONE', *, *, #4156, .T. ) ;
#459 = PLANE ( 'NONE',  #5103 ) ;
#460 = LINE ( 'NONE', #6275, #4384 ) ;
#461 = LINE ( 'NONE', #2973, #3942 ) ;
#462 = DIRECTION ( 'NONE',  ( 0.000000000000000000, 0.000000000000000000, -1.000000000000000000 ) ) ;
#463 = DIRECTION ( 'NONE',  ( 4.645108056928865902E-16, -0.6322109769216863739, -0.7747962833285449991 ) ) ;
#464 = CARTESIAN_POINT ( 'NONE',  ( 2.470000000000027729, -1.725772238865302954, -0.9378747999921333012 ) ) ;
#465 = ORIENTED_EDGE ( 'NONE', *, *, #5426, .F. ) ;
#466 = ORIENTED_EDGE ( 'NONE', *, *, #940, .F. ) ;
#467 = FACE_BOUND ( 'NONE', #1604, .T. ) ;
#468 = VECTOR ( 'NONE', #7207, 1000.000000000000000 ) ;
#469 = VERTEX_POINT ( 'NONE', #3518 ) ;
#470 = DIRECTION ( 'NONE',  ( -0.000000000000000000, 1.000000000000000000, -0.000000000000000000 ) ) ;
#471 = CARTESIAN_POINT ( 'NONE',  ( 64.03805922287433816, 0.000000000000000000, 101.9238815542511674 ) ) ;
#472 = ORIENTED_EDGE ( 'NONE', *, *, #2589, .T. ) ;
#473 = VERTEX_POINT ( 'NONE', #7951 ) ;
#474 = DIRECTION ( 'NONE',  ( 1.445076253180192051E-16, 1.000000000000000000, -2.553512956637819811E-15 ) ) ;
#475 = ADVANCED_FACE ( 'NONE', ( #2283 ), #4174, .T. ) ;
#476 = DIRECTION ( 'NONE',  ( -0.000000000000000000, 1.000000000000000000, -0.000000000000000000 ) ) ;
#477 = CARTESIAN_POINT ( 'NONE',  ( 0.000000000000000000, 84.55123779527127681, 59.48930942924828003 ) ) ;
#478 = CARTESIAN_POINT ( 'NONE',  ( 0.9699999999999986411, 2.481543631422583829, -0.4324412773119151732 ) ) ;
#479 = ORIENTED_EDGE ( 'NONE', *, *, #4315, .F. ) ;
#480 = LINE ( 'NONE', #5510, #5248 ) ;
#481 = ADVANCED_FACE ( 'NONE', ( #4610 ), #2714, .T. ) ;
#482 = EDGE_LOOP ( 'NONE', ( #4272, #1844, #855, #6725 ) ) ;
#483 = EDGE_LOOP ( 'NONE', ( #47, #7866, #4106, #2088 ) ) ;
#484 = CARTESIAN_POINT ( 'NONE',  ( 0.9843342201064364527, 2.486879519042556552, 0.1903914117196842115 ) ) ;
#485 = EDGE_CURVE ( 'NONE', #5932, #3770, #2168, .T. ) ;
#486 = CARTESIAN_POINT ( 'NONE',  ( 25.00000000000001066, -1.857979856674338404, 90.93969262078590532 ) ) ;
#487 = EDGE_CURVE ( 'NONE', #1051, #1968, #285, .T. ) ;
#488 = CARTESIAN_POINT ( 'NONE',  ( 0.9700000000000541522, 2.395313954424410419, 0.1425796205553053753 ) ) ;
#489 = DIRECTION ( 'NONE',  ( 1.445076253180178246E-16, 1.000000000000000000, -5.551115123125738329E-16 ) ) ;
#490 = AXIS2_PLACEMENT_3D ( 'NONE', #6301, #7711, #654 ) ;
#491 = ORIENTED_EDGE ( 'NONE', *, *, #7079, .F. ) ;
#492 = DIRECTION ( 'NONE',  ( 0.000000000000000000, 0.000000000000000000, -1.000000000000000000 ) ) ;
#493 = ORIENTED_EDGE ( 'NONE', *, *, #7322, .T. ) ;
#494 = DIRECTION ( 'NONE',  ( 1.224646799147353207E-16, 0.000000000000000000, 1.000000000000000000 ) ) ;
#495 = CARTESIAN_POINT ( 'NONE',  ( 0.9700000000000541522, 2.216586297605488198, 0.2753454606553157324 ) ) ;
#496 = ORIENTED_EDGE ( 'NONE', *, *, #387, .T. ) ;
#497 = EDGE_CURVE ( 'NONE', #4719, #8130, #2874, .T. ) ;
#498 = PLANE ( 'NONE',  #1748 ) ;
#499 = AXIS2_PLACEMENT_3D ( 'NONE', #6110, #4784, #1157 ) ;
#500 = CARTESIAN_POINT ( 'NONE',  ( -9.999999999999969802, -8.800000000000013145, -4.409964383829322543 ) ) ;
#501 = ORIENTED_EDGE ( 'NONE', *, *, #4959, .T. ) ;
#502 = ORIENTED_EDGE ( 'NONE', *, *, #8145, .T. ) ;
#503 = VECTOR ( 'NONE', #659, 1000.000000000000000 ) ;
#504 = PLANE ( 'NONE',  #3158 ) ;
#505 = ORIENTED_EDGE ( 'NONE', *, *, #6243, .T. ) ;
#506 = CARTESIAN_POINT ( 'NONE',  ( 0.9843342201064364527, 2.381236316858021063, 0.1405888840665114881 ) ) ;
#507 = AXIS2_PLACEMENT_3D ( 'NONE', #2232, #970, #6782 ) ;
#508 = CARTESIAN_POINT ( 'NONE',  ( 0.9699999999999986411, 2.422424264911820835, -0.05453024012871954262 ) ) ;
#509 = DIRECTION ( 'NONE',  ( -1.387778780781445182E-16, 0.000000000000000000, -1.000000000000000000 ) ) ;
#510 = ORIENTED_EDGE ( 'NONE', *, *, #7693, .F. ) ;
#511 = EDGE_LOOP ( 'NONE', ( #3737, #2893, #1362, #200 ) ) ;
#512 = DIRECTION ( 'NONE',  ( 4.530394626533123162E-16, 0.9215468201172465346, -0.3882672511708800123 ) ) ;
#513 = LINE ( 'NONE', #4180, #2530 ) ;
#514 = DIRECTION ( 'NONE',  ( 5.431665045778600655E-16, -0.4212021854520828779, -0.9069667683936326608 ) ) ;
#515 = LINE ( 'NONE', #4269, #5401 ) ;
#516 = VECTOR ( 'NONE', #3868, 1000.000000000000000 ) ;
#517 = EDGE_CURVE ( 'NONE', #1370, #897, #95, .T. ) ;
#518 = UNCERTAINTY_MEASURE_WITH_UNIT (LENGTH_MEASURE( 1.000000000000000082E-05 ), #3490, 'distance_accuracy_value', 'NONE');
#519 = ORIENTED_EDGE ( 'NONE', *, *, #6246, .T. ) ;
#520 = ORIENTED_EDGE ( 'NONE', *, *, #6590, .F. ) ;
#521 = ORIENTED_EDGE ( 'NONE', *, *, #3311, .T. ) ;
#522 = DIRECTION ( 'NONE',  ( 6.394802481825513173E-17, -0.9514311915324672464, -0.3078614749836516840 ) ) ;
#523 = VECTOR ( 'NONE', #4747, 1000.000000000000000 ) ;
#524 = AXIS2_PLACEMENT_3D ( 'NONE', #1259, #678, #6988 ) ;
#525 = CARTESIAN_POINT ( 'NONE',  ( 0.000000000000000000, -8.800000000000002487, 95.44360218381365257 ) ) ;
#526 = DIRECTION ( 'NONE',  ( 7.014062513729522323E-16, 0.1400182091686649755, -0.9901489287481959334 ) ) ;
#527 = DIRECTION ( 'NONE',  ( -1.000000000000000000, 0.000000000000000000, 0.000000000000000000 ) ) ;
#528 = EDGE_CURVE ( 'NONE', #8130, #7214, #1515, .T. ) ;
#529 = AXIS2_PLACEMENT_3D ( 'NONE', #3307, #5176, #7695 ) ;
#530 = CIRCLE ( 'NONE', #2227, 2.499999999999996891 ) ;
#531 = EDGE_CURVE ( 'NONE', #6537, #1051, #1636, .T. ) ;
#532 = ADVANCED_FACE ( 'NONE', ( #6016 ), #6557, .T. ) ;
#533 = ORIENTED_EDGE ( 'NONE', *, *, #5621, .T. ) ;
#534 = ORIENTED_EDGE ( 'NONE', *, *, #5577, .T. ) ;
#535 = DIRECTION ( 'NONE',  ( -0.000000000000000000, 1.000000000000000000, -0.000000000000000000 ) ) ;
#536 = CARTESIAN_POINT ( 'NONE',  ( 25.00000000000001066, -1.447555684683535127, 92.06732376572901444 ) ) ;
#537 = CARTESIAN_POINT ( 'NONE',  ( 2.470000000000055707, 1.936365843134446596, -1.024632836696709459 ) ) ;
#538 = VERTEX_POINT ( 'NONE', #1552 ) ;
#539 = CARTESIAN_POINT ( 'NONE',  ( 0.9699999999999986411, 2.500674538437719363, -0.4614095828219255679 ) ) ;
#540 = AXIS2_PLACEMENT_3D ( 'NONE', #7349, #4041, #1007 ) ;
#541 = CIRCLE ( 'NONE', #7127, 2.064999999980975609 ) ;
#542 = SURFACE_STYLE_FILL_AREA ( #1767 ) ;
#543 = PLANE ( 'NONE',  #6327 ) ;
#544 = EDGE_CURVE ( 'NONE', #6234, #4419, #240, .T. ) ;
#545 = EDGE_CURVE ( 'NONE', #4442, #1054, #8009, .T. ) ;
#546 = AXIS2_PLACEMENT_3D ( 'NONE', #1311, #3280, #2586 ) ;
#547 = AXIS2_PLACEMENT_3D ( 'NONE', #2027, #5127, #3964 ) ;
#548 = CARTESIAN_POINT ( 'NONE',  ( 0.9843342201064364527, 2.466484790674988936, 0.1704206895829646351 ) ) ;
#549 = FACE_OUTER_BOUND ( 'NONE', #3330, .T. ) ;
#550 = ORIENTED_EDGE ( 'NONE', *, *, #3063, .F. ) ;
#551 = VERTEX_POINT ( 'NONE', #1669 ) ;
#552 = FACE_OUTER_BOUND ( 'NONE', #2442, .T. ) ;
#553 = AXIS2_PLACEMENT_3D ( 'NONE', #1785, #4226, #4968 ) ;
#554 = CARTESIAN_POINT ( 'NONE',  ( 0.9843342201063809416, 2.125255814197646309, -0.3948934297112599578 ) ) ;
#555 = SHAPE_DEFINITION_REPRESENTATION ( #4852, #2116 ) ;
#556 = CIRCLE ( 'NONE', #5827, 3.175000000055671734 ) ;
#557 = ORIENTED_EDGE ( 'NONE', *, *, #892, .T. ) ;
#558 = DIRECTION ( 'NONE',  ( 8.390639450747329848E-16, 0.4961438751388700941, -0.8682403210875346833 ) ) ;
#559 = DIRECTION ( 'NONE',  ( 6.845769268624692740E-16, -5.551115123125739315E-16, -1.000000000000000000 ) ) ;
#560 = DIRECTION ( 'NONE',  ( -0.000000000000000000, 1.000000000000000000, -0.000000000000000000 ) ) ;
#561 = ORIENTED_EDGE ( 'NONE', *, *, #1789, .T. ) ;
#562 = VERTEX_POINT ( 'NONE', #1595 ) ;
#563 = CARTESIAN_POINT ( 'NONE',  ( 1.102182119232617753E-14, -1.199999999999999956, 90.00000000000000000 ) ) ;
#564 = CYLINDRICAL_SURFACE ( 'NONE', #4369, 0.03983479767572151858 ) ;
#565 = LINE ( 'NONE', #4515, #1819 ) ;
#566 = STYLED_ITEM ( 'NONE', ( #5531 ), #7456 ) ;
#567 = DIRECTION ( 'NONE',  ( 4.600782614179524222E-16, -0.3640037637784818148, -0.9313974768889484723 ) ) ;
#568 = DIRECTION ( 'NONE',  ( 2.208597309011112295E-16, -0.8660254037844387076, -0.4999999999999998890 ) ) ;
#569 = EDGE_LOOP ( 'NONE', ( #114, #1415, #3885, #344, #7592, #8161, #6320, #2151, #4524, #4837, #4548, #152 ) ) ;
#570 = ORIENTED_EDGE ( 'NONE', *, *, #7665, .F. ) ;
#571 = EDGE_LOOP ( 'NONE', ( #3722, #6312, #3115, #2295 ) ) ;
#572 = CARTESIAN_POINT ( 'NONE',  ( 0.9843342201064364527, 2.235388494119194824, 0.2243451655704054026 ) ) ;
#573 = AXIS2_PLACEMENT_3D ( 'NONE', #8006, #1069, #1840 ) ;
#574 = LINE ( 'NONE', #6925, #7370 ) ;
#575 = CARTESIAN_POINT ( 'NONE',  ( 25.00000000000001066, -10.00000000000000888, 95.44360218381363836 ) ) ;
#576 = CARTESIAN_POINT ( 'NONE',  ( 0.9700000000000541522, 2.409391591991022707, 0.1445703570425588280 ) ) ;
#577 = ORIENTED_CLOSED_SHELL ( 'NONE', *, #206, .F. );
#578 = EDGE_LOOP ( 'NONE', ( #7091, #1015, #1701, #5590, #6994, #81 ) ) ;
#579 = ORIENTED_EDGE ( 'NONE', *, *, #849, .T. ) ;
#580 = ORIENTED_EDGE ( 'NONE', *, *, #4821, .F. ) ;
#581 = DIRECTION ( 'NONE',  ( 0.000000000000000000, -1.000000000000000000, 0.000000000000000000 ) ) ;
#582 = CARTESIAN_POINT ( 'NONE',  ( 110.0000000000000284, 0.000000000000000000, 10.00000000000000178 ) ) ;
#583 = DIRECTION ( 'NONE',  ( 6.478296851166013085E-16, 0.1759558990890549290, -0.9843980503717804087 ) ) ;
#584 = ORIENTED_EDGE ( 'NONE', *, *, #6084, .F. ) ;
#585 =( GEOMETRIC_REPRESENTATION_CONTEXT ( 3 ) GLOBAL_UNCERTAINTY_ASSIGNED_CONTEXT ( ( #1591 ) ) GLOBAL_UNIT_ASSIGNED_CONTEXT ( ( #1576, #5462, #4798 ) ) REPRESENTATION_CONTEXT ( 'NONE', 'WORKASPACE' ) );
#586 =( NAMED_UNIT ( * ) SI_UNIT ( $, .STERADIAN. ) SOLID_ANGLE_UNIT ( ) );
#587 = DIRECTION ( 'NONE',  ( -1.000000000000000000, -2.000187765493021278E-16, 7.400880780937300593E-16 ) ) ;
#588 = EDGE_CURVE ( 'NONE', #2245, #6442, #4573, .T. ) ;
#589 = PRODUCT_DEFINITION_SHAPE ( 'NONE', 'NONE',  #8176 ) ;
#590 = PRODUCT_DEFINITION_FORMATION_WITH_SPECIFIED_SOURCE ( 'ANY', '', #7504, .NOT_KNOWN. ) ;
#591 = EDGE_CURVE ( 'NONE', #1642, #3349, #6057, .T. ) ;
#592 = CARTESIAN_POINT ( 'NONE',  ( 2.450950000000007289, 2.058567165613673033, -1.268840108281585444 ) ) ;
#593 = ORIENTED_EDGE ( 'NONE', *, *, #1788, .F. ) ;
#594 = DIRECTION ( 'NONE',  ( 0.000000000000000000, 0.000000000000000000, -1.000000000000000000 ) ) ;
#595 = EDGE_LOOP ( 'NONE', ( #4965, #3608, #5618, #7681 ) ) ;
#596 = LINE ( 'NONE', #7915, #7391 ) ;
#597 = ADVANCED_FACE ( 'NONE', ( #6718, #5937 ), #2795, .T. ) ;
#598 = ADVANCED_FACE ( 'NONE', ( #2132 ), #4110, .F. ) ;
#599 = CARTESIAN_POINT ( 'NONE',  ( 25.00000000000001066, -10.00000000000000888, 84.40996438382939004 ) ) ;
#600 = ITEM_DEFINED_TRANSFORMATION ( 'NONE', 'NONE', #3869,  #4255 ) ;
#601 = ORIENTED_EDGE ( 'NONE', *, *, #2199, .T. ) ;
#602 = EDGE_CURVE ( 'NONE', #2931, #5855, #5318, .T. ) ;
#603 = LINE ( 'NONE', #7486, #7522 ) ;
#604 = CARTESIAN_POINT ( 'NONE',  ( 0.000000000000000000, -8.142020143325655823, 184.5039095630276904 ) ) ;
#605 = ORIENTED_EDGE ( 'NONE', *, *, #1444, .F. ) ;
#606 = ORIENTED_EDGE ( 'NONE', *, *, #5217, .F. ) ;
#607 = DIRECTION ( 'NONE',  ( -5.678280449645382924E-16, 0.4778152549999977738, 0.8784603474769291376 ) ) ;
#608 = DIRECTION ( 'NONE',  ( -1.000000000000000000, -2.000187765493021278E-16, 7.400880780937300593E-16 ) ) ;
#609 = AXIS2_PLACEMENT_3D ( 'NONE', #7546, #6222, #522 ) ;
#610 = DIRECTION ( 'NONE',  ( 6.658257786628596484E-16, -0.5000000000000158762, -0.8660254037844294928 ) ) ;
#611 = DIRECTION ( 'NONE',  ( 1.653485796698553254E-16, -0.8660254037844369313, -0.5000000000000029976 ) ) ;
#612 = ORIENTED_EDGE ( 'NONE', *, *, #3965, .T. ) ;
#613 = ORIENTED_EDGE ( 'NONE', *, *, #46, .F. ) ;
#614 = EDGE_LOOP ( 'NONE', ( #8091, #4811, #6878, #1363 ) ) ;
#615 = CARTESIAN_POINT ( 'NONE',  ( 0.9843342201064364527, 2.486652238561426476, -0.4525014031271507031 ) ) ;
#616 = CARTESIAN_POINT ( 'NONE',  ( 2.470000000000055707, 1.827983448570907887, -0.9620582320193360459 ) ) ;
#617 = DIRECTION ( 'NONE',  ( 0.000000000000000000, 0.000000000000000000, -1.000000000000000000 ) ) ;
#618 = DIRECTION ( 'NONE',  ( 0.000000000000000000, 0.000000000000000000, 1.000000000000000000 ) ) ;
#619 = CARTESIAN_POINT ( 'NONE',  ( 0.9699999999999986411, 2.181209442382980868, -0.1852052908850321256 ) ) ;
#620 = ORIENTED_EDGE ( 'NONE', *, *, #5082, .F. ) ;
#621 = ORIENTED_EDGE ( 'NONE', *, *, #6992, .F. ) ;
#622 = ORIENTED_EDGE ( 'NONE', *, *, #4403, .F. ) ;
#623 = DIRECTION ( 'NONE',  ( -1.066020076567996562E-16, 0.8682403210875346833, 0.4961438751388700941 ) ) ;
#624 = CARTESIAN_POINT ( 'NONE',  ( 0.9843342201064364527, 2.125255814197729798, -0.07459528143372029518 ) ) ;
#625 = LINE ( 'NONE', #3127, #2646 ) ;
#626 = VERTEX_POINT ( 'NONE', #5359 ) ;
#627 = DIRECTION ( 'NONE',  ( 1.000000000000000000, 2.000187765493029413E-16, 6.845769268624692740E-16 ) ) ;
#628 = SURFACE_STYLE_FILL_AREA ( #6437 ) ;
#629 = FACE_OUTER_BOUND ( 'NONE', #3986, .T. ) ;
#630 = ADVANCED_FACE ( 'NONE', ( #7209 ), #4066, .T. ) ;
#631 = LINE ( 'NONE', #3673, #1718 ) ;
#632 = ORIENTED_EDGE ( 'NONE', *, *, #3201, .T. ) ;
#633 = ORIENTED_EDGE ( 'NONE', *, *, #2397, .F. ) ;
#634 = DIRECTION ( 'NONE',  ( -2.763708821323848338E-16, 0.8660254037844328234, 0.5000000000000103251 ) ) ;
#635 = CARTESIAN_POINT ( 'NONE',  ( 0.9699999999999986411, 2.472610150490411662, -0.4539506622169009464 ) ) ;
#636 = EDGE_CURVE ( 'NONE', #2003, #6434, #7879, .T. ) ;
#637 = CIRCLE ( 'NONE', #2732, 2.100000000000019629 ) ;
#638 = APPLICATION_PROTOCOL_DEFINITION ( 'draft international standard', 'automotive_design', 1998, #5566 ) ;
#639 = EDGE_CURVE ( 'NONE', #6003, #4586, #7252, .T. ) ;
#640 = EDGE_CURVE ( 'NONE', #404, #6865, #5059, .T. ) ;
#641 = EDGE_LOOP ( 'NONE', ( #987, #8074, #6353, #2269 ) ) ;
#642 = VECTOR ( 'NONE', #2636, 1000.000000000000000 ) ;
#643 = ORIENTED_EDGE ( 'NONE', *, *, #4864, .T. ) ;
#644 = DIRECTION ( 'NONE',  ( 4.459711669232670599E-16, 0.8784603474769291376, -0.4778152549999977738 ) ) ;
#645 = DIRECTION ( 'NONE',  ( 1.445076253180192051E-16, 1.000000000000000000, -2.553512956637819811E-15 ) ) ;
#646 = DIRECTION ( 'NONE',  ( 0.000000000000000000, 0.000000000000000000, 1.000000000000000000 ) ) ;
#647 = CARTESIAN_POINT ( 'NONE',  ( 80.00000000000002842, -8.552444315316432011, 183.3762784180846097 ) ) ;
#648 = EDGE_CURVE ( 'NONE', #2702, #1389, #1343, .T. ) ;
#649 = VECTOR ( 'NONE', #474, 1000.000000000000000 ) ;
#650 = EDGE_CURVE ( 'NONE', #2140, #4427, #7615, .T. ) ;
#651 = ORIENTED_EDGE ( 'NONE', *, *, #142, .T. ) ;
#652 = EDGE_LOOP ( 'NONE', ( #580, #3123, #1232, #7512 ) ) ;
#653 = ORIENTED_EDGE ( 'NONE', *, *, #294, .T. ) ;
#654 = DIRECTION ( 'NONE',  ( 5.782411586506919702E-16, -5.551115123125739315E-16, -1.000000000000000000 ) ) ;
#655 = PRODUCT ( '550-00201-00', '550-00201-00', '', ( #3103 ) ) ;
#656 = DIRECTION ( 'NONE',  ( -1.000000000000000000, -2.000187765493021278E-16, 7.400880780937300593E-16 ) ) ;
#657 = VECTOR ( 'NONE', #5791, 1000.000000000000114 ) ;
#658 = DIRECTION ( 'NONE',  ( 7.433635759651520505E-16, 0.01986201646593062364, -0.9998027306933638947 ) ) ;
#659 = DIRECTION ( 'NONE',  ( -6.845769268624692740E-16, 5.551115123125739315E-16, 1.000000000000000000 ) ) ;
#660 = VERTEX_POINT ( 'NONE', #2576 ) ;
#661 = VECTOR ( 'NONE', #2659, 1000.000000000000000 ) ;
#662 = ORIENTED_EDGE ( 'NONE', *, *, #4812, .F. ) ;
#663 = EDGE_LOOP ( 'NONE', ( #1994, #6210 ) ) ;
#664 = ORIENTED_EDGE ( 'NONE', *, *, #133, .F. ) ;
#665 = PLANE ( 'NONE',  #3597 ) ;
#666 = CARTESIAN_POINT ( 'NONE',  ( 0.9699999999999986411, 2.483238627135203380, -0.4477264981799095045 ) ) ;
#667 = AXIS2_PLACEMENT_3D ( 'NONE', #5575, #4203, #3633 ) ;
#668 = VECTOR ( 'NONE', #2409, 1000.000000000000000 ) ;
#669 = CARTESIAN_POINT ( 'NONE',  ( 0.4850000000260479283, -1.387778780781445676E-13, 1.804112415015879378E-13 ) ) ;
#670 = VECTOR ( 'NONE', #3702, 1000.000000000000114 ) ;
#671 = VECTOR ( 'NONE', #953, 1000.000000000000000 ) ;
#672 = CARTESIAN_POINT ( 'NONE',  ( 0.9843342201064364527, 2.280059657658817240, -0.05286747059607410648 ) ) ;
#673 = VERTEX_POINT ( 'NONE', #4391 ) ;
#674 = DIRECTION ( 'NONE',  ( 1.000000000000000000, 0.000000000000000000, 0.000000000000000000 ) ) ;
#675 = EDGE_LOOP ( 'NONE', ( #3824, #4964, #1319, #137, #3849, #7544 ) ) ;
#676 = LINE ( 'NONE', #174, #3436 ) ;
#677 = EDGE_CURVE ( 'NONE', #2971, #6308, #7579, .T. ) ;
#678 = DIRECTION ( 'NONE',  ( -1.445076253180178246E-16, -1.000000000000000000, 5.551115123125738329E-16 ) ) ;
#679 = SHAPE_DEFINITION_REPRESENTATION ( #4329, #3489 ) ;
#680 = VERTEX_POINT ( 'NONE', #5096 ) ;
#681 = FACE_OUTER_BOUND ( 'NONE', #2405, .T. ) ;
#682 = EDGE_LOOP ( 'NONE', ( #2513, #706, #6971, #584 ) ) ;
#683 = AXIS2_PLACEMENT_3D ( 'NONE', #1205, #2346, #1850 ) ;
#684 = ORIENTED_EDGE ( 'NONE', *, *, #7845, .T. ) ;
#685 = CARTESIAN_POINT ( 'NONE',  ( 1.347111479062088207E-14, -10.00000000000000888, 104.4099643838293474 ) ) ;
#686 = CARTESIAN_POINT ( 'NONE',  ( 2.470000000000027729, -1.958983899407018558, -0.9956019809842647783 ) ) ;
#687 = DIRECTION ( 'NONE',  ( -1.000000000000000000, -2.000187765493021278E-16, 7.400880780937300593E-16 ) ) ;
#688 = ADVANCED_FACE ( 'NONE', ( #7491 ), #1951, .T. ) ;
#689 = ADVANCED_FACE ( 'NONE', ( #7452 ), #4471, .F. ) ;
#690 = CYLINDRICAL_SURFACE ( 'NONE', #4206, 2.500000000000002220 ) ;
#691 = AXIS2_PLACEMENT_3D ( 'NONE', #247, #2764, #6022 ) ;
#692 = DIRECTION ( 'NONE',  ( 1.000000000000000000, 2.000187765493021278E-16, -7.400880780937300593E-16 ) ) ;
#693 = VERTEX_POINT ( 'NONE', #6291 ) ;
#694 = EDGE_LOOP ( 'NONE', ( #2721, #1224, #752, #7945 ) ) ;
#695 = VERTEX_POINT ( 'NONE', #3189 ) ;
#696 = EDGE_CURVE ( 'NONE', #8156, #2226, #4436, .T. ) ;
#697 = CARTESIAN_POINT ( 'NONE',  ( 120.0000000000000284, -1.199999999999999956, -7.056100142781005064E-16 ) ) ;
#698 = AXIS2_PLACEMENT_3D ( 'NONE', #1541, #5346, #7865 ) ;
#699 = CARTESIAN_POINT ( 'NONE',  ( 64.03805922287433816, 0.000000000000000000, 101.9238815542511674 ) ) ;
#700 = CARTESIAN_POINT ( 'NONE',  ( 0.9699999999999986411, 2.485296480058268642, -0.4439227243228788256 ) ) ;
#701 = EDGE_CURVE ( 'NONE', #2978, #897, #3110, .T. ) ;
#702 = ADVANCED_FACE ( 'NONE', ( #5671 ), #3147, .T. ) ;
#703 = CIRCLE ( 'NONE', #7154, 2.199999999999998845 ) ;
#704 = VERTEX_POINT ( 'NONE', #1911 ) ;
#705 = ORIENTED_EDGE ( 'NONE', *, *, #7445, .F. ) ;
#706 = ORIENTED_EDGE ( 'NONE', *, *, #1211, .T. ) ;
#707 = ORIENTED_EDGE ( 'NONE', *, *, #2543, .F. ) ;
#708 = FACE_OUTER_BOUND ( 'NONE', #6909, .T. ) ;
#709 = PRESENTATION_STYLE_ASSIGNMENT (( #6314 ) ) ;
#710 = VECTOR ( 'NONE', #1027, 1000.000000000000000 ) ;
#711 = DIRECTION ( 'NONE',  ( -9.713191375867612216E-16, -2.220446049250337733E-16, 1.000000000000000000 ) ) ;
#712 = EDGE_LOOP ( 'NONE', ( #4882, #878, #2907, #4687 ) ) ;
#713 = DIRECTION ( 'NONE',  ( 0.000000000000000000, 0.000000000000000000, -1.000000000000000000 ) ) ;
#714 = AXIS2_PLACEMENT_3D ( 'NONE', #6666, #1012, #6041 ) ;
#715 = DIRECTION ( 'NONE',  ( 6.038316523433158462E-16, 0.7714105483942460539, -0.6363377765197415492 ) ) ;
#716 = EDGE_LOOP ( 'NONE', ( #4557, #5196, #593, #2816 ) ) ;
#717 = DIRECTION ( 'NONE',  ( -6.845769268624693726E-16, 5.551115123125739315E-16, 1.000000000000000000 ) ) ;
#718 = ORIENTED_EDGE ( 'NONE', *, *, #485, .F. ) ;
#719 = CARTESIAN_POINT ( 'NONE',  ( 0.9843342201063809416, 2.497213554801675173, -0.4633155959534729362 ) ) ;
#720 = DIRECTION ( 'NONE',  ( 0.000000000000000000, 0.000000000000000000, 1.000000000000000000 ) ) ;
#721 = DIRECTION ( 'NONE',  ( -1.445076253180192051E-16, -1.000000000000000000, 2.553512956637819811E-15 ) ) ;
#722 = FACE_BOUND ( 'NONE', #4934, .T. ) ;
#723 = ORIENTED_CLOSED_SHELL ( 'NONE', *, #874, .F. );
#724 = ORIENTED_EDGE ( 'NONE', *, *, #1431, .F. ) ;
#725 = ORIENTED_EDGE ( 'NONE', *, *, #487, .T. ) ;
#726 = LINE ( 'NONE', #5873, #1936 ) ;
#727 = CARTESIAN_POINT ( 'NONE',  ( 25.00000000000001066, -1.199999999999999956, 90.00000000000000000 ) ) ;
#728 = CARTESIAN_POINT ( 'NONE',  ( 2.470000000000055707, 2.025379290920920283, -1.076024774737380341 ) ) ;
#729 = DIRECTION ( 'NONE',  ( 0.000000000000000000, 0.000000000000000000, 1.000000000000000000 ) ) ;
#730 = CARTESIAN_POINT ( 'NONE',  ( 0.9699999999999986411, 2.189010124965001580, -0.2087363466107827747 ) ) ;
#731 = ORIENTED_EDGE ( 'NONE', *, *, #6273, .F. ) ;
#732 = EDGE_CURVE ( 'NONE', #1959, #1307, #6378, .T. ) ;
#733 = ORIENTED_EDGE ( 'NONE', *, *, #4307, .T. ) ;
#734 = EDGE_LOOP ( 'NONE', ( #5864, #1830, #1654, #1289 ) ) ;
#735 = DIRECTION ( 'NONE',  ( 1.328376527327713652E-16, -0.9571008663759672519, -0.2897549509195191941 ) ) ;
#736 = CARTESIAN_POINT ( 'NONE',  ( 0.9700000000000541522, 2.368266714505629089, 0.2891414307972656195 ) ) ;
#737 = DIRECTION ( 'NONE',  ( 1.000000000000000000, 1.722632009336720063E-16, -7.400880780937477100E-16 ) ) ;
#738 = EDGE_CURVE ( 'NONE', #6798, #961, #3071, .T. ) ;
#739 = AXIS2_PLACEMENT_3D ( 'NONE', #4894, #1067, #3580 ) ;
#740 = EDGE_LOOP ( 'NONE', ( #6376, #7450, #7407, #4130 ) ) ;
#741 = EDGE_CURVE ( 'NONE', #4787, #323, #5714, .T. ) ;
#742 = EDGE_LOOP ( 'NONE', ( #6185, #756, #5629, #4133 ) ) ;
#743 = EDGE_LOOP ( 'NONE', ( #149, #4698, #5214, #1066 ) ) ;
#744 = FACE_OUTER_BOUND ( 'NONE', #3778, .T. ) ;
#745 = EDGE_CURVE ( 'NONE', #1496, #5541, #1302, .T. ) ;
#746 = EDGE_LOOP ( 'NONE', ( #5431, #6000 ) ) ;
#747 = CARTESIAN_POINT ( 'NONE',  ( 120.0000000000000284, -9.999999999999953815, 174.4099643838293900 ) ) ;
#748 = CARTESIAN_POINT ( 'NONE',  ( 25.00000000000001066, -1.199999999999999956, 90.00000000000000000 ) ) ;
#749 = DIRECTION ( 'NONE',  ( 7.301626448894610956E-16, 0.2959104772545312345, -0.9552156769290354177 ) ) ;
#750 = EDGE_CURVE ( 'NONE', #3195, #6617, #3764, .T. ) ;
#751 = CARTESIAN_POINT ( 'NONE',  ( 113.0000000000000284, -8.799999999999998934, 192.4099643838293332 ) ) ;
#752 = ORIENTED_EDGE ( 'NONE', *, *, #2552, .T. ) ;
#753 = DIRECTION ( 'NONE',  ( -1.000000000000000000, -2.000187765493021278E-16, 7.400880780937300593E-16 ) ) ;
#754 = EDGE_CURVE ( 'NONE', #6781, #5489, #2417, .T. ) ;
#755 = DIRECTION ( 'NONE',  ( 0.000000000000000000, -1.000000000000000000, 3.497202527569202082E-15 ) ) ;
#756 = ORIENTED_EDGE ( 'NONE', *, *, #2400, .T. ) ;
#757 = LINE ( 'NONE', #2566, #1873 ) ;
#758 = ORIENTED_EDGE ( 'NONE', *, *, #4403, .T. ) ;
#759 = LINE ( 'NONE', #3792, #5682 ) ;
#760 = CARTESIAN_POINT ( 'NONE',  ( 0.9700000000000263967, -1.387778780781445676E-13, 2.498001805406602216E-13 ) ) ;
#761 = AXIS2_PLACEMENT_3D ( 'NONE', #6597, #951, #3455 ) ;
#762 = EDGE_LOOP ( 'NONE', ( #797, #1969, #4661, #3924 ) ) ;
#763 = CARTESIAN_POINT ( 'NONE',  ( 0.9699999999999986411, 2.463272841927127921, -0.4369951808727984277 ) ) ;
#764 = CARTESIAN_POINT ( 'NONE',  ( 0.9699999999999986411, 2.466494824628933991, -0.2599725829592336446 ) ) ;
#765 = EDGE_LOOP ( 'NONE', ( #1366, #2555, #5730, #2329, #5092, #1201, #5608, #6046, #6839, #1570, #643, #5525 ) ) ;
#766 = ORIENTED_EDGE ( 'NONE', *, *, #1128, .F. ) ;
#767 = DIRECTION ( 'NONE',  ( 3.957937637253830343E-16, -0.7693267868930248055, -0.6388554570236169017 ) ) ;
#768 = AXIS2_PLACEMENT_3D ( 'NONE', #5837, #1461, #7659 ) ;
#769 = DIRECTION ( 'NONE',  ( 1.445076253180178246E-16, 1.000000000000000000, -5.551115123125738329E-16 ) ) ;
#770 = CARTESIAN_POINT ( 'NONE',  ( 0.9843342201064364527, 2.477361680291723101, -0.4515068968898167112 ) ) ;
#771 = PLANE ( 'NONE',  #177 ) ;
#772 = ORIENTED_EDGE ( 'NONE', *, *, #6491, .F. ) ;
#773 = AXIS2_PLACEMENT_3D ( 'NONE', #5164, #7685, #753 ) ;
#774 = CARTESIAN_POINT ( 'NONE',  ( 2.199500000017451384, -1.387778780781445676E-13, 2.220446049250313081E-13 ) ) ;
#775 = VERTEX_POINT ( 'NONE', #2453 ) ;
#776 = ORIENTED_EDGE ( 'NONE', *, *, #5427, .T. ) ;
#777 = LINE ( 'NONE', #194, #7222 ) ;
#778 = FACE_OUTER_BOUND ( 'NONE', #4292, .T. ) ;
#779 = CARTESIAN_POINT ( 'NONE',  ( 0.2238461538461855582, 0.000000000000000000, 4.163336342344337027E-14 ) ) ;
#780 = LINE ( 'NONE', #1312, #4717 ) ;
#781 = PLANE ( 'NONE',  #1692 ) ;
#782 = VECTOR ( 'NONE', #1703, 1000.000000000000114 ) ;
#783 = EDGE_CURVE ( 'NONE', #2858, #1301, #898, .T. ) ;
#784 = ORIENTED_EDGE ( 'NONE', *, *, #6694, .F. ) ;
#785 = EDGE_LOOP ( 'NONE', ( #622, #5102, #966, #1331 ) ) ;
#786 = EDGE_LOOP ( 'NONE', ( #7136, #7867, #2195, #1271 ) ) ;
#787 = VECTOR ( 'NONE', #1313, 999.9999999999998863 ) ;
#788 = ORIENTED_EDGE ( 'NONE', *, *, #1839, .T. ) ;
#789 = EDGE_CURVE ( 'NONE', #3747, #4390, #6253, .T. ) ;
#790 = DIRECTION ( 'NONE',  ( 3.083952846180991267E-16, -0.9396926207859094271, 0.3420201433256661039 ) ) ;
#791 = FACE_OUTER_BOUND ( 'NONE', #130, .T. ) ;
#792 = EDGE_CURVE ( 'NONE', #693, #7067, #637, .T. ) ;
#793 = EDGE_CURVE ( 'NONE', #6527, #4574, #5254, .T. ) ;
#794 = VECTOR ( 'NONE', #2327, 1000.000000000000000 ) ;
#795 = DIRECTION ( 'NONE',  ( -1.000000000000000000, -2.000187765493021278E-16, 7.400880780937300593E-16 ) ) ;
#796 = CARTESIAN_POINT ( 'NONE',  ( 2.470000000000027729, -1.725772238865302954, -0.9378747999921333012 ) ) ;
#797 = ORIENTED_EDGE ( 'NONE', *, *, #5217, .T. ) ;
#798 = VECTOR ( 'NONE', #2809, 1000.000000000000000 ) ;
#799 = EDGE_CURVE ( 'NONE', #3260, #7268, #726, .T. ) ;
#800 = VECTOR ( 'NONE', #7153, 1000.000000000000114 ) ;
#801 = CARTESIAN_POINT ( 'NONE',  ( 18.07611844574883619, 0.000000000000000000, 53.85194077712551319 ) ) ;
#802 = VERTEX_POINT ( 'NONE', #7778 ) ;
#803 = DIRECTION ( 'NONE',  ( -6.996234380641198462E-16, -0.1167030593493187662, 0.9931668520135523703 ) ) ;
#804 = ADVANCED_FACE ( 'NONE', ( #4008 ), #6538, .F. ) ;
#805 = DIRECTION ( 'NONE',  ( 1.000000000000000000, 1.722632009336712421E-16, -4.625323219374409242E-16 ) ) ;
#806 = VECTOR ( 'NONE', #6683, 1000.000000000000000 ) ;
#807 = AXIS2_PLACEMENT_3D ( 'NONE', #253, #4670, #2647 ) ;
#808 = VERTEX_POINT ( 'NONE', #888 ) ;
#809 = CARTESIAN_POINT ( 'NONE',  ( 0.9843342201064364527, 2.374112209465151224, -0.05286747059592145082 ) ) ;
#810 = ORIENTED_EDGE ( 'NONE', *, *, #1038, .F. ) ;
#811 = VERTEX_POINT ( 'NONE', #3891 ) ;
#812 = CARTESIAN_POINT ( 'NONE',  ( 18.07611844574883619, -1.199999999999999956, 55.96194077712551262 ) ) ;
#813 = AXIS2_PLACEMENT_3D ( 'NONE', #416, #4123, #2765 ) ;
#814 = AXIS2_PLACEMENT_3D ( 'NONE', #1169, #6672, #1018 ) ;
#815 = FACE_BOUND ( 'NONE', #5307, .T. ) ;
#816 = PLANE ( 'NONE',  #5934 ) ;
#817 = DIRECTION ( 'NONE',  ( -1.457702563158423527E-16, -0.9999985441088407034, 0.001706393916729271546 ) ) ;
#818 = CIRCLE ( 'NONE', #683, 1.229499999965364854 ) ;
#819 = ORIENTED_EDGE ( 'NONE', *, *, #889, .F. ) ;
#820 = CARTESIAN_POINT ( 'NONE',  ( 25.00000000000001421, -10.00000000000000888, 104.4099643838293758 ) ) ;
#821 = VERTEX_POINT ( 'NONE', #3272 ) ;
#822 = EDGE_LOOP ( 'NONE', ( #3084, #2017, #2666, #2726 ) ) ;
#823 = DIRECTION ( 'NONE',  ( 0.000000000000000000, 0.000000000000000000, 1.000000000000000000 ) ) ;
#824 = DIRECTION ( 'NONE',  ( -0.000000000000000000, 1.000000000000000000, -0.000000000000000000 ) ) ;
#825 = DIRECTION ( 'NONE',  ( 6.879636247973199190E-16, 0.4230480959310515821, -0.9061072279422076603 ) ) ;
#826 = CARTESIAN_POINT ( 'NONE',  ( 0.9699999999999431299, 2.181395787244327700, -0.2852079774574439730 ) ) ;
#827 = PRESENTATION_LAYER_ASSIGNMENT (  '', '', ( #6882 ) ) ;
#828 = CARTESIAN_POINT ( 'NONE',  ( 0.9700000000000541522, 2.357842869644438899, 0.2479398652346503917 ) ) ;
#829 = ORIENTED_EDGE ( 'NONE', *, *, #1258, .T. ) ;
#830 = EDGE_LOOP ( 'NONE', ( #2279, #292, #4534, #6124, #1790, #4409 ) ) ;
#831 = VERTEX_POINT ( 'NONE', #1501 ) ;
#832 = VECTOR ( 'NONE', #150, 1000.000000000000000 ) ;
#833 = ORIENTED_EDGE ( 'NONE', *, *, #2557, .T. ) ;
#834 = CARTESIAN_POINT ( 'NONE',  ( 0.9843342201064364527, 2.483238627135203380, -0.4078917005041883259 ) ) ;
#835 = CARTESIAN_POINT ( 'NONE',  ( 0.9700000000000541522, 2.033886628395292995, 0.3948905628681290136 ) ) ;
#836 = LINE ( 'NONE', #4116, #5413 ) ;
#837 = AXIS2_PLACEMENT_3D ( 'NONE', #3918, #1375, #717 ) ;
#838 = ORIENTED_EDGE ( 'NONE', *, *, #4817, .T. ) ;
#839 = DIRECTION ( 'NONE',  ( -1.000000000000000000, -1.722632009336720063E-16, 7.400880780937477100E-16 ) ) ;
#840 = CYLINDRICAL_SURFACE ( 'NONE', #6757, 2.110000000000000764 ) ;
#841 = CARTESIAN_POINT ( 'NONE',  ( 68.00000000000002842, -8.800000000000002487, -9.909964383829382939 ) ) ;
#842 = EDGE_CURVE ( 'NONE', #7279, #7477, #2862, .T. ) ;
#843 = ORIENTED_EDGE ( 'NONE', *, *, #4518, .T. ) ;
#844 = AXIS2_PLACEMENT_3D ( 'NONE', #3468, #3091, #1855 ) ;
#845 = FACE_OUTER_BOUND ( 'NONE', #2411, .T. ) ;
#846 = LINE ( 'NONE', #4504, #1057 ) ;
#847 = DIRECTION ( 'NONE',  ( 1.000000000000000000, 0.000000000000000000, 0.000000000000000000 ) ) ;
#848 = VECTOR ( 'NONE', #223, 1000.000000000000000 ) ;
#849 = EDGE_CURVE ( 'NONE', #8122, #6537, #2693, .T. ) ;
#850 = ORIENTED_EDGE ( 'NONE', *, *, #7103, .T. ) ;
#851 = LINE ( 'NONE', #181, #6593 ) ;
#852 = EDGE_CURVE ( 'NONE', #5067, #1971, #4636, .T. ) ;
#853 = VERTEX_POINT ( 'NONE', #5180 ) ;
#854 = EDGE_CURVE ( 'NONE', #4671, #4729, #3782, .T. ) ;
#855 = ORIENTED_EDGE ( 'NONE', *, *, #7331, .F. ) ;
#856 = CARTESIAN_POINT ( 'NONE',  ( 0.9699999999999986411, 2.463272841927294010, -0.4667935467041195441 ) ) ;
#857 = PLANE ( 'NONE',  #1961 ) ;
#858 = CARTESIAN_POINT ( 'NONE',  ( 87.00000000000004263, -8.799999999999998934, 189.9099643838293332 ) ) ;
#859 = EDGE_CURVE ( 'NONE', #4279, #6628, #236, .T. ) ;
#860 = ORIENTED_EDGE ( 'NONE', *, *, #7600, .F. ) ;
#861 = DIRECTION ( 'NONE',  ( 1.431041851435017208E-16, 0.9999982027861449296, 0.001895896748269591033 ) ) ;
#862 = CARTESIAN_POINT ( 'NONE',  ( 0.9699999999999986411, 2.468829751779949788, -0.4649157309895568524 ) ) ;
#863 = ORIENTED_EDGE ( 'NONE', *, *, #2554, .F. ) ;
#864 = PLANE ( 'NONE',  #4223 ) ;
#865 = DIRECTION ( 'NONE',  ( 1.000000000000000000, 0.000000000000000000, 0.000000000000000000 ) ) ;
#866 = PLANE ( 'NONE',  #5656 ) ;
#867 = LINE ( 'NONE', #2709, #3151 ) ;
#868 = VERTEX_POINT ( 'NONE', #5137 ) ;
#869 = ORIENTED_EDGE ( 'NONE', *, *, #1255, .F. ) ;
#870 = ORIENTED_EDGE ( 'NONE', *, *, #6978, .T. ) ;
#871 = DIRECTION ( 'NONE',  ( 1.000000000000000000, 2.000187765493021278E-16, -7.400880780937300593E-16 ) ) ;
#872 = DIRECTION ( 'NONE',  ( -1.270603127286871089E-16, 0.9223447048632922307, 0.3863680181001609149 ) ) ;
#873 = DIRECTION ( 'NONE',  ( 0.000000000000000000, 0.000000000000000000, 1.000000000000000000 ) ) ;
#874 = CLOSED_SHELL ( 'NONE', ( #329, #7921, #4420, #598, #1725, #5623, #2731, #393, #6842, #5081, #2497, #8168, #2177, #1935 ) ) ;
#875 = ORIENTED_EDGE ( 'NONE', *, *, #8067, .T. ) ;
#876 = DIRECTION ( 'NONE',  ( -3.593773247311037172E-16, 0.8463804217565837895, 0.5325788032461932220 ) ) ;
#877 = DIRECTION ( 'NONE',  ( 6.845769268624693726E-16, -5.551115123125739315E-16, -1.000000000000000000 ) ) ;
#878 = ORIENTED_EDGE ( 'NONE', *, *, #5035, .F. ) ;
#879 = CARTESIAN_POINT ( 'NONE',  ( 80.00000000000002842, -1.199999999999999956, 180.0000000000000000 ) ) ;
#880 = LINE ( 'NONE', #1649, #3157 ) ;
#881 = DIRECTION ( 'NONE',  ( 6.845769268624692740E-16, -5.551115123125739315E-16, -1.000000000000000000 ) ) ;
#882 = EDGE_CURVE ( 'NONE', #3591, #6670, #3389, .T. ) ;
#883 = ADVANCED_BREP_SHAPE_REPRESENTATION ( '', ( #4640, #4255 ), #585 ) ;
#884 = VERTEX_POINT ( 'NONE', #7736 ) ;
#885 = DIRECTION ( 'NONE',  ( 4.193914572568617596E-16, 0.9069667683935123126, -0.4212021854523420039 ) ) ;
#886 = VERTEX_POINT ( 'NONE', #5790 ) ;
#887 = ORIENTED_EDGE ( 'NONE', *, *, #5729, .T. ) ;
#888 = CARTESIAN_POINT ( 'NONE',  ( 2.450950000000007289, -2.229467576931126516, -1.174050353182798379 ) ) ;
#889 = EDGE_CURVE ( 'NONE', #808, #7636, #3228, .T. ) ;
#890 = DIRECTION ( 'NONE',  ( 0.000000000000000000, 0.000000000000000000, 1.000000000000000000 ) ) ;
#891 = DIRECTION ( 'NONE',  ( 4.619824724853956341E-16, 0.8660254037844391517, -0.4999999999999992228 ) ) ;
#892 = EDGE_CURVE ( 'NONE', #436, #4312, #141, .T. ) ;
#893 = EDGE_CURVE ( 'NONE', #3669, #4609, #99, .T. ) ;
#894 = CARTESIAN_POINT ( 'NONE',  ( 0.9699999999999986411, 2.494238536142306728, -0.4649539812289077423 ) ) ;
#895 = ORIENTED_EDGE ( 'NONE', *, *, #754, .F. ) ;
#896 = CARTESIAN_POINT ( 'NONE',  ( 0.9700000000000541522, 2.324442703374090868, 0.3948905628676988022 ) ) ;
#897 = VERTEX_POINT ( 'NONE', #2068 ) ;
#898 = CIRCLE ( 'NONE', #3652, 3.175000000055671734 ) ;
#899 = CARTESIAN_POINT ( 'NONE',  ( 2.470000000000027729, 2.498001805406602216E-13, 1.492250000000305832 ) ) ;
#900 = EDGE_CURVE ( 'NONE', #6099, #2607, #2730, .T. ) ;
#901 = LINE ( 'NONE', #4102, #5033 ) ;
#902 = CARTESIAN_POINT ( 'NONE',  ( 2.279499999986059677, -1.401515317710317873E-13, -3.175000000055463456 ) ) ;
#903 = DIRECTION ( 'NONE',  ( -2.844056349007911444E-16, -0.9427057099413181929, 0.3336254553298281800 ) ) ;
#904 = ADVANCED_FACE ( 'NONE', ( #629 ), #3879, .F. ) ;
#905 = VECTOR ( 'NONE', #6149, 1000.000000000000000 ) ;
#906 = ORIENTED_EDGE ( 'NONE', *, *, #4114, .T. ) ;
#907 = ORIENTED_EDGE ( 'NONE', *, *, #5118, .F. ) ;
#908 = EDGE_LOOP ( 'NONE', ( #3825, #7081, #1652, #4802 ) ) ;
#909 = DIRECTION ( 'NONE',  ( 6.845769268624693726E-16, -5.551115123125739315E-16, -1.000000000000000000 ) ) ;
#910 = DIRECTION ( 'NONE',  ( 0.000000000000000000, 1.451836795974971827E-12, 1.000000000000000000 ) ) ;
#911 = VECTOR ( 'NONE', #53, 1000.000000000000000 ) ;
#912 = CYLINDRICAL_SURFACE ( 'NONE', #439, 3.175000000000029576 ) ;
#913 = FACE_OUTER_BOUND ( 'NONE', #3005, .T. ) ;
#914 = AXIS2_PLACEMENT_3D ( 'NONE', #3903, #7550, #618 ) ;
#915 = VERTEX_POINT ( 'NONE', #2524 ) ;
#916 = CARTESIAN_POINT ( 'NONE',  ( 0.9699999999999986411, 2.371827334780224561, 0.1404019658357985589 ) ) ;
#917 = CARTESIAN_POINT ( 'NONE',  ( 2.450950000000007289, -2.192195559948734385, -1.053329161976146455 ) ) ;
#918 = FACE_OUTER_BOUND ( 'NONE', #5432, .T. ) ;
#919 = ORIENTED_EDGE ( 'NONE', *, *, #3007, .T. ) ;
#920 = CARTESIAN_POINT ( 'NONE',  ( 0.000000000000000000, -10.00000000000001243, -5.443602183813635698 ) ) ;
#921 = CARTESIAN_POINT ( 'NONE',  ( 2.470000000000055707, 1.810417492354610136, -0.7912649203304089607 ) ) ;
#922 = VECTOR ( 'NONE', #3766, 1000.000000000000000 ) ;
#923 = DIRECTION ( 'NONE',  ( 1.000000000000000000, 1.722632009336724254E-16, -4.070211707061878303E-16 ) ) ;
#924 = AXIS2_PLACEMENT_3D ( 'NONE', #1807, #4328, #6858 ) ;
#925 = ORIENTED_EDGE ( 'NONE', *, *, #3757, .F. ) ;
#926 = CIRCLE ( 'NONE', #7113, 2.499999999999998668 ) ;
#927 = CYLINDRICAL_SURFACE ( 'NONE', #4345, 0.03077947504423033526 ) ;
#928 = CARTESIAN_POINT ( 'NONE',  ( 120.0000000000000284, -7.799999999999994493, 185.4436021838136242 ) ) ;
#929 = ORIENTED_EDGE ( 'NONE', *, *, #2995, .T. ) ;
#930 = VERTEX_POINT ( 'NONE', #4331 ) ;
#931 = EDGE_CURVE ( 'NONE', #1055, #4671, #1933, .T. ) ;
#932 = CARTESIAN_POINT ( 'NONE',  ( 0.9700000000000541522, 2.368266714505629089, 0.2891414307972656195 ) ) ;
#933 = VECTOR ( 'NONE', #5832, 1000.000000000000000 ) ;
#934 = DIRECTION ( 'NONE',  ( 0.000000000000000000, 1.000000000000000000, 0.000000000000000000 ) ) ;
#935 = VECTOR ( 'NONE', #847, 1000.000000000000000 ) ;
#936 = CARTESIAN_POINT ( 'NONE',  ( 85.00000000000007105, -9.999999999999980460, 199.4099643838293616 ) ) ;
#937 = CARTESIAN_POINT ( 'NONE',  ( 0.9700000000000541522, 2.092235504760536990, 0.3948905628675530854 ) ) ;
#938 = VERTEX_POINT ( 'NONE', #4497 ) ;
#939 = CIRCLE ( 'NONE', #5544, 0.1723194039403193323 ) ;
#940 = EDGE_CURVE ( 'NONE', #7311, #6234, #4997, .T. ) ;
#941 = DIRECTION ( 'NONE',  ( 6.845769268624744016E-16, -9.436895709313777345E-16, -1.000000000000000000 ) ) ;
#942 = EDGE_CURVE ( 'NONE', #5145, #5583, #4177, .T. ) ;
#943 = CARTESIAN_POINT ( 'NONE',  ( 2.470000000000027729, -0.2359217314832628976, 1.963500000000416357 ) ) ;
#944 = DIRECTION ( 'NONE',  ( 6.845769268624693726E-16, -5.551115123125739315E-16, -1.000000000000000000 ) ) ;
#945 = DIRECTION ( 'NONE',  ( 1.000000000000000000, 0.000000000000000000, 0.000000000000000000 ) ) ;
#946 = VECTOR ( 'NONE', #2463, 1000.000000000000114 ) ;
#947 = EDGE_LOOP ( 'NONE', ( #4501, #4841, #7171, #1390, #8142 ) ) ;
#948 = EDGE_CURVE ( 'NONE', #45, #7487, #3834, .T. ) ;
#949 =( NAMED_UNIT ( * ) SI_UNIT ( $, .STERADIAN. ) SOLID_ANGLE_UNIT ( ) );
#950 = EDGE_LOOP ( 'NONE', ( #5178, #5856, #906, #6404 ) ) ;
#951 = DIRECTION ( 'NONE',  ( 1.000000000000000000, 0.000000000000000000, 0.000000000000000000 ) ) ;
#952 = ADVANCED_FACE ( 'NONE', ( #2562 ), #6362, .F. ) ;
#953 = DIRECTION ( 'NONE',  ( -1.000000000000000000, -2.000187765493021278E-16, 7.400880780937300593E-16 ) ) ;
#954 = EDGE_CURVE ( 'NONE', #7426, #6979, #1285, .T. ) ;
#955 = VECTOR ( 'NONE', #463, 1000.000000000000000 ) ;
#956 = CARTESIAN_POINT ( 'NONE',  ( 2.470000000000027729, -1.857789974495566154, -0.7092133743810125068 ) ) ;
#957 = VECTOR ( 'NONE', #6772, 1000.000000000000000 ) ;
#958 = EDGE_CURVE ( 'NONE', #5638, #7148, #1294, .T. ) ;
#959 = DIRECTION ( 'NONE',  ( 5.933816903822598884E-16, 0.7463495512542417387, -0.6655541655963035375 ) ) ;
#960 = CARTESIAN_POINT ( 'NONE',  ( 0.9843342201064364527, 2.467563243836651488, -0.4555210470666981593 ) ) ;
#961 = VERTEX_POINT ( 'NONE', #3173 ) ;
#962 = FACE_OUTER_BOUND ( 'NONE', #985, .T. ) ;
#963 = CARTESIAN_POINT ( 'NONE',  ( 110.0000000000000426, 0.000000000000000000, 55.96194077712566894 ) ) ;
#964 = AXIS2_PLACEMENT_3D ( 'NONE', #6546, #2120, #3932 ) ;
#965 = VECTOR ( 'NONE', #4080, 1000.000000000000000 ) ;
#966 = ORIENTED_EDGE ( 'NONE', *, *, #5339, .F. ) ;
#967 = CARTESIAN_POINT ( 'NONE',  ( 0.9700000000000541522, 2.314344245309407633, 0.2847395351445458633 ) ) ;
#968 = ORIENTED_EDGE ( 'NONE', *, *, #5829, .T. ) ;
#969 = ORIENTED_EDGE ( 'NONE', *, *, #3556, .T. ) ;
#970 = DIRECTION ( 'NONE',  ( 1.000000000000000000, -0.000000000000000000, -0.000000000000000000 ) ) ;
#971 = VECTOR ( 'NONE', #790, 1000.000000000000000 ) ;
#972 = LINE ( 'NONE', #7703, #3680 ) ;
#973 = EDGE_LOOP ( 'NONE', ( #4510, #1160, #4975, #5959 ) ) ;
#974 = PLANE ( 'NONE',  #1154 ) ;
#975 = CARTESIAN_POINT ( 'NONE',  ( 75.00000000000001421, -10.00000000000001243, -5.443602183813633921 ) ) ;
#976 = ORIENTED_EDGE ( 'NONE', *, *, #3043, .F. ) ;
#977 = AXIS2_PLACEMENT_3D ( 'NONE', #488, #526, #3659 ) ;
#978 = ORIENTED_EDGE ( 'NONE', *, *, #5773, .T. ) ;
#979 = LINE ( 'NONE', #5433, #782 ) ;
#980 = LINE ( 'NONE', #6631, #6075 ) ;
#981 = CARTESIAN_POINT ( 'NONE',  ( 2.470000000000027729, -1.808402244772827627, -1.256417057498612877 ) ) ;
#982 = LINE ( 'NONE', #3484, #1554 ) ;
#983 = CARTESIAN_POINT ( 'NONE',  ( 0.9843342201064364527, 2.125255814197868354, -0.2346925392432419599 ) ) ;
#984 = EDGE_CURVE ( 'NONE', #5694, #7735, #5903, .T. ) ;
#985 = EDGE_LOOP ( 'NONE', ( #3888, #3653, #7451, #6006 ) ) ;
#986 = DIRECTION ( 'NONE',  ( 1.000000000000000000, 2.000187765493021278E-16, -7.400880780937300593E-16 ) ) ;
#987 = ORIENTED_EDGE ( 'NONE', *, *, #2496, .F. ) ;
#988 = DIRECTION ( 'NONE',  ( -1.068786975720299338E-15, 1.443289932012702714E-15, 1.000000000000000000 ) ) ;
#989 = LINE ( 'NONE', #3493, #1843 ) ;
#990 = DIRECTION ( 'NONE',  ( 5.271287065735031647E-16, 0.3863680181001609149, -0.9223447048632922307 ) ) ;
#991 = DIRECTION ( 'NONE',  ( 1.131409647180080362E-16, 0.9999881098214298270, 0.004876496258989318835 ) ) ;
#992 = ADVANCED_FACE ( 'NONE', ( #3216 ), #5109, .T. ) ;
#993 = ADVANCED_FACE ( 'NONE', ( #2439 ), #7474, .T. ) ;
#994 = ADVANCED_FACE ( 'NONE', ( #3586 ), #1641, .F. ) ;
#995 = DIRECTION ( 'NONE',  ( 1.445076253180192051E-16, 1.000000000000000000, -2.553512956637819811E-15 ) ) ;
#996 = LINE ( 'NONE', #5287, #2789 ) ;
#997 = DIRECTION ( 'NONE',  ( 0.000000000000000000, 0.000000000000000000, 1.000000000000000000 ) ) ;
#998 = ORIENTED_EDGE ( 'NONE', *, *, #1775, .F. ) ;
#999 = DIRECTION ( 'NONE',  ( 0.000000000000000000, 0.000000000000000000, 1.000000000000000000 ) ) ;
#1000 = FACE_OUTER_BOUND ( 'NONE', #2129, .T. ) ;
#1001 = CARTESIAN_POINT ( 'NONE',  ( 0.9699999999999986411, 2.422424264911626768, 0.01740461005388105331 ) ) ;
#1002 =( GEOMETRIC_REPRESENTATION_CONTEXT ( 3 ) GLOBAL_UNCERTAINTY_ASSIGNED_CONTEXT ( ( #518 ) ) GLOBAL_UNIT_ASSIGNED_CONTEXT ( ( #3490, #4810, #7877 ) ) REPRESENTATION_CONTEXT ( 'NONE', 'WORKASPACE' ) );
#1003 = EDGE_CURVE ( 'NONE', #6780, #4935, #5523, .T. ) ;
#1004 = FACE_OUTER_BOUND ( 'NONE', #5846, .T. ) ;
#1005 = EDGE_CURVE ( 'NONE', #4671, #8156, #1603, .T. ) ;
#1006 = ORIENTED_EDGE ( 'NONE', *, *, #5927, .F. ) ;
#1007 = DIRECTION ( 'NONE',  ( 0.000000000000000000, 0.000000000000000000, -1.000000000000000000 ) ) ;
#1008 = ORIENTED_EDGE ( 'NONE', *, *, #120, .T. ) ;
#1009 = EDGE_LOOP ( 'NONE', ( #733, #6452, #5720, #5853 ) ) ;
#1010 = DIRECTION ( 'NONE',  ( 1.000000000000000000, 0.000000000000000000, 0.000000000000000000 ) ) ;
#1011 = LINE ( 'NONE', #430, #1568 ) ;
#1012 = DIRECTION ( 'NONE',  ( 0.002535560577290190548, -1.836970198721026976E-16, 0.9999967854611128137 ) ) ;
#1013 = CARTESIAN_POINT ( 'NONE',  ( 0.9700000000000541522, 2.453637029193628472, 0.1626438018062364987 ) ) ;
#1014 = FACE_OUTER_BOUND ( 'NONE', #3803, .T. ) ;
#1015 = ORIENTED_EDGE ( 'NONE', *, *, #485, .T. ) ;
#1016 = ORIENTED_EDGE ( 'NONE', *, *, #3108, .T. ) ;
#1017 = DIRECTION ( 'NONE',  ( 6.965087437276567780E-16, 0.3640099799935137548, -0.9313950474772353383 ) ) ;
#1018 = DIRECTION ( 'NONE',  ( 5.782411586506919702E-16, -5.551115123125739315E-16, -1.000000000000000000 ) ) ;
#1019 = DIRECTION ( 'NONE',  ( 0.000000000000000000, 5.505339963068690462E-16, 1.000000000000000000 ) ) ;
#1020 = CARTESIAN_POINT ( 'NONE',  ( 0.000000000000000000, -9.999999999999994671, -5.590035616170642818 ) ) ;
#1021 = PLANE ( 'NONE',  #388 ) ;
#1022 = VERTEX_POINT ( 'NONE', #3537 ) ;
#1023 = VECTOR ( 'NONE', #7838, 1000.000000000000114 ) ;
#1024 = EDGE_LOOP ( 'NONE', ( #3498, #6121, #90, #282 ) ) ;
#1025 = DIRECTION ( 'NONE',  ( 0.000000000000000000, 0.000000000000000000, 1.000000000000000000 ) ) ;
#1026 = CARTESIAN_POINT ( 'NONE',  ( 2.470000000000027729, 1.983372645743053386, -1.399080837149263568 ) ) ;
#1027 = DIRECTION ( 'NONE',  ( -6.845769268624692740E-16, 5.551115123125739315E-16, 1.000000000000000000 ) ) ;
#1028 = DIRECTION ( 'NONE',  ( -1.000000000000000000, -2.000187765493021278E-16, 7.400880780937300593E-16 ) ) ;
#1029 = ADVANCED_FACE ( 'NONE', ( #2302 ), #2388, .T. ) ;
#1030 = VECTOR ( 'NONE', #6317, 1000.000000000000000 ) ;
#1031 = CARTESIAN_POINT ( 'NONE',  ( 7.000000000000000000, -8.799999999999998934, -12.40996438382937939 ) ) ;
#1032 = VECTOR ( 'NONE', #6906, 1000.000000000000000 ) ;
#1033 = DIRECTION ( 'NONE',  ( 1.224515677766954392E-16, 0.9901489287481997081, 0.1400182091686376640 ) ) ;
#1034 = EDGE_LOOP ( 'NONE', ( #6932, #6140, #4168, #6536 ) ) ;
#1035 = CARTESIAN_POINT ( 'NONE',  ( 0.9700000000000236211, -1.373137714644201424E-13, 2.637500000000270184 ) ) ;
#1036 = CARTESIAN_POINT ( 'NONE',  ( 0.9843342201064364527, 2.502369077289262833, 0.2139087065950867617 ) ) ;
#1037 = EDGE_CURVE ( 'NONE', #5347, #7045, #4818, .T. ) ;
#1038 = EDGE_CURVE ( 'NONE', #5297, #8137, #5483, .T. ) ;
#1039 = DIRECTION ( 'NONE',  ( 1.000000000000000000, 0.000000000000000000, 0.000000000000000000 ) ) ;
#1040 = VECTOR ( 'NONE', #7281, 1000.000000000000000 ) ;
#1041 = ORIENTED_EDGE ( 'NONE', *, *, #1482, .F. ) ;
#1042 = EDGE_CURVE ( 'NONE', #6960, #7101, #453, .T. ) ;
#1043 = CARTESIAN_POINT ( 'NONE',  ( 0.9843342201064364527, 2.483238627135203380, -0.4477264981799095045 ) ) ;
#1044 = EDGE_LOOP ( 'NONE', ( #2239, #3815, #2006, #3011 ) ) ;
#1045 = AXIS2_PLACEMENT_3D ( 'NONE', #6712, #1060, #6756 ) ;
#1046 = VERTEX_POINT ( 'NONE', #7884 ) ;
#1047 = EDGE_CURVE ( 'NONE', #6679, #2931, #5986, .T. ) ;
#1048 = LINE ( 'NONE', #8077, #7120 ) ;
#1049 = CIRCLE ( 'NONE', #2223, 2.100000000000019629 ) ;
#1050 = CARTESIAN_POINT ( 'NONE',  ( 11.47239360336573633, -20.02048139190353027, -92.08070974601012892 ) ) ;
#1051 = VERTEX_POINT ( 'NONE', #4118 ) ;
#1052 = CARTESIAN_POINT ( 'NONE',  ( 2.450950000000007289, -2.023130304122683576, -1.531436993182061501 ) ) ;
#1053 = CARTESIAN_POINT ( 'NONE',  ( 0.000000000000000000, -8.800000000000013145, -5.443602183813635698 ) ) ;
#1054 = VERTEX_POINT ( 'NONE', #330 ) ;
#1055 = VERTEX_POINT ( 'NONE', #2215 ) ;
#1056 = CARTESIAN_POINT ( 'NONE',  ( 0.9699999999999986411, 2.497005303495586581, -0.4483746272441330172 ) ) ;
#1057 = VECTOR ( 'NONE', #6409, 1000.000000000000000 ) ;
#1058 = VECTOR ( 'NONE', #1574, 1000.000000000000000 ) ;
#1059 = LINE ( 'NONE', #2910, #3582 ) ;
#1060 = DIRECTION ( 'NONE',  ( 7.400880780937299607E-16, 5.551115123125742273E-16, 1.000000000000000000 ) ) ;
#1061 = CARTESIAN_POINT ( 'NONE',  ( 0.9699999999999986411, 2.125255814197590798, -0.3400507035846989101 ) ) ;
#1062 = VECTOR ( 'NONE', #6847, 1000.000000000000000 ) ;
#1063 = ORIENTED_EDGE ( 'NONE', *, *, #4981, .T. ) ;
#1064 = STYLED_ITEM ( 'NONE', ( #2353 ), #3461 ) ;
#1065 = DIRECTION ( 'NONE',  ( -1.000000000000000000, -1.150791560227851995E-16, 4.188538737676959717E-17 ) ) ;
#1066 = ORIENTED_EDGE ( 'NONE', *, *, #8167, .T. ) ;
#1067 = DIRECTION ( 'NONE',  ( -0.000000000000000000, 1.000000000000000000, -0.000000000000000000 ) ) ;
#1068 = DIRECTION ( 'NONE',  ( -7.400880780937299607E-16, -5.551115123125742273E-16, -1.000000000000000000 ) ) ;
#1069 = DIRECTION ( 'NONE',  ( 1.000000000000000000, 1.722632009336712421E-16, -4.625323219374409242E-16 ) ) ;
#1070 = DIRECTION ( 'NONE',  ( -1.000000000000000000, 0.000000000000000000, 0.000000000000000000 ) ) ;
#1071 = AXIS2_PLACEMENT_3D ( 'NONE', #1487, #3176, #7686 ) ;
#1072 = VECTOR ( 'NONE', #3482, 1000.000000000000114 ) ;
#1073 = DIRECTION ( 'NONE',  ( 1.000000000000000000, 0.000000000000000000, 0.000000000000000000 ) ) ;
#1074 = LINE ( 'NONE', #2434, #905 ) ;
#1075 = VECTOR ( 'NONE', #1394, 1000.000000000000000 ) ;
#1076 = DIRECTION ( 'NONE',  ( 1.000000000000000000, 1.722632009336712421E-16, -4.625323219374409242E-16 ) ) ;
#1077 = DIRECTION ( 'NONE',  ( -1.445076253180192051E-16, -1.000000000000000000, 2.553512956637819811E-15 ) ) ;
#1078 = ORIENTED_EDGE ( 'NONE', *, *, #6289, .T. ) ;
#1079 = DIRECTION ( 'NONE',  ( 1.000000000000000000, 0.000000000000000000, 0.000000000000000000 ) ) ;
#1080 = DIRECTION ( 'NONE',  ( -1.000000000000000000, 0.000000000000000000, 5.551115123125782702E-16 ) ) ;
#1081 = VECTOR ( 'NONE', #4514, 1000.000000000000114 ) ;
#1082 = FACE_OUTER_BOUND ( 'NONE', #5789, .T. ) ;
#1083 = ADVANCED_FACE ( 'NONE', ( #2838 ), #2966, .T. ) ;
#1084 = ORIENTED_EDGE ( 'NONE', *, *, #3464, .T. ) ;
#1085 = CYLINDRICAL_SURFACE ( 'NONE', #4083, 3.175000000000029576 ) ;
#1086 = VERTEX_POINT ( 'NONE', #7258 ) ;
#1087 = VECTOR ( 'NONE', #2969, 1000.000000000000000 ) ;
#1088 = ORIENTED_EDGE ( 'NONE', *, *, #1005, .T. ) ;
#1089 = DIRECTION ( 'NONE',  ( -0.9911384352235829143, -1.249744823414514259E-16, -0.1328329861990150129 ) ) ;
#1090 = EDGE_CURVE ( 'NONE', #6442, #2245, #6429, .T. ) ;
#1091 = VECTOR ( 'NONE', #2146, 1000.000000000000000 ) ;
#1092 = EDGE_CURVE ( 'NONE', #6685, #6679, #4239, .T. ) ;
#1093 = ADVANCED_FACE ( 'NONE', ( #4848 ), #7966, .T. ) ;
#1094 = DIRECTION ( 'NONE',  ( -0.000000000000000000, 1.000000000000000000, -0.000000000000000000 ) ) ;
#1095 = LINE ( 'NONE', #6750, #4238 ) ;
#1096 = VERTEX_POINT ( 'NONE', #6137 ) ;
#1097 = VERTEX_POINT ( 'NONE', #321 ) ;
#1098 = LINE ( 'NONE', #6130, #503 ) ;
#1099 = AXIS2_PLACEMENT_3D ( 'NONE', #7563, #3783, #82 ) ;
#1100 = LINE ( 'NONE', #6673, #6748 ) ;
#1101 = DIRECTION ( 'NONE',  ( 0.000000000000000000, 0.000000000000000000, 1.000000000000000000 ) ) ;
#1102 = DIRECTION ( 'NONE',  ( -1.000000000000000000, -1.722632009336712421E-16, 4.625323219374409242E-16 ) ) ;
#1103 = ADVANCED_FACE ( 'NONE', ( #7324 ), #1666, .T. ) ;
#1104 = EDGE_CURVE ( 'NONE', #6913, #8171, #7367, .T. ) ;
#1105 = AXIS2_PLACEMENT_3D ( 'NONE', #1465, #3930, #3314 ) ;
#1106 = ORIENTED_EDGE ( 'NONE', *, *, #5586, .T. ) ;
#1107 = DIRECTION ( 'NONE',  ( 1.224646799147353207E-16, 0.000000000000000000, 1.000000000000000000 ) ) ;
#1108 = LINE ( 'NONE', #2166, #6665 ) ;
#1109 = ORIENTED_EDGE ( 'NONE', *, *, #1005, .F. ) ;
#1110 = CARTESIAN_POINT ( 'NONE',  ( 0.9843342201064364527, 2.219308366003841293, -0.05453024012809504217 ) ) ;
#1111 = PRODUCT_DEFINITION_SHAPE ( 'NONE', 'NONE',  #8173 ) ;
#1112 = DIRECTION ( 'NONE',  ( 1.000000000000000000, 0.000000000000000000, 0.000000000000000000 ) ) ;
#1113 = FACE_OUTER_BOUND ( 'NONE', #3114, .T. ) ;
#1114 = DIRECTION ( 'NONE',  ( 3.399077683617227228E-32, -0.3420201433256661594, -0.9396926207859093161 ) ) ;
#1115 = VECTOR ( 'NONE', #1737, 1000.000000000000000 ) ;
#1116 = VERTEX_POINT ( 'NONE', #358 ) ;
#1117 = CARTESIAN_POINT ( 'NONE',  ( 2.470000000000055707, 1.886350574325429408, -1.316829575592329160 ) ) ;
#1118 = ORIENTED_EDGE ( 'NONE', *, *, #5662, .T. ) ;
#1119 = CARTESIAN_POINT ( 'NONE',  ( 2.470000000000027729, -0.1043506507305835829, 1.492250000000514110 ) ) ;
#1120 = CARTESIAN_POINT ( 'NONE',  ( 2.279499999986056569, -1.387778780781445676E-13, 2.220446049250313081E-13 ) ) ;
#1121 = DIRECTION ( 'NONE',  ( -1.050820771170668073E-16, 0.9571008663759965618, 0.2897549509194219941 ) ) ;
#1122 = ORIENTED_EDGE ( 'NONE', *, *, #7052, .T. ) ;
#1123 = LINE ( 'NONE', #6901, #5450 ) ;
#1124 = DIRECTION ( 'NONE',  ( 1.445076253180192051E-16, 1.000000000000000000, -2.553512956637819811E-15 ) ) ;
#1125 = VERTEX_POINT ( 'NONE', #3577 ) ;
#1126 = EDGE_LOOP ( 'NONE', ( #870, #72 ) ) ;
#1127 = DIRECTION ( 'NONE',  ( -4.489966181392269624E-17, -0.9707037360529247039, -0.2402795388977053692 ) ) ;
#1128 = EDGE_CURVE ( 'NONE', #5244, #215, #3488, .T. ) ;
#1129 = CARTESIAN_POINT ( 'NONE',  ( 0.9699999999999986411, 2.466294610879687710, -0.4655277348273173521 ) ) ;
#1130 = VECTOR ( 'NONE', #1148, 1000.000000000000000 ) ;
#1131 = CARTESIAN_POINT ( 'NONE',  ( -52.56566561950877770, -19.79048139190352984, -102.0807097460101289 ) ) ;
#1132 = EDGE_LOOP ( 'NONE', ( #5270, #664, #1270, #2502, #5767, #4264, #6997, #1792, #7190 ) ) ;
#1133 = LINE ( 'NONE', #5547, #2725 ) ;
#1134 = DIRECTION ( 'NONE',  ( 2.208597309011155190E-16, -0.8660254037844345998, -0.5000000000000069944 ) ) ;
#1135 = DIRECTION ( 'NONE',  ( -8.352866218058003595E-16, -0.3640099799935267999, 0.9313950474772303423 ) ) ;
#1136 = EDGE_LOOP ( 'NONE', ( #3227, #3681, #2387, #2614, #3035, #2424 ) ) ;
#1137 = EDGE_CURVE ( 'NONE', #6865, #1324, #480, .T. ) ;
#1138 = ORIENTED_EDGE ( 'NONE', *, *, #4972, .F. ) ;
#1139 = FACE_OUTER_BOUND ( 'NONE', #6651, .T. ) ;
#1140 = LINE ( 'NONE', #4267, #7675 ) ;
#1141 = LINE ( 'NONE', #3649, #1557 ) ;
#1142 = EDGE_CURVE ( 'NONE', #7268, #3025, #3132, .T. ) ;
#1143 = ADVANCED_FACE ( 'NONE', ( #7248 ), #1593, .F. ) ;
#1144 = FACE_OUTER_BOUND ( 'NONE', #48, .T. ) ;
#1145 = ORIENTED_EDGE ( 'NONE', *, *, #1572, .T. ) ;
#1146 = ORIENTED_EDGE ( 'NONE', *, *, #7600, .T. ) ;
#1147 = EDGE_LOOP ( 'NONE', ( #6742, #6566 ) ) ;
#1148 = DIRECTION ( 'NONE',  ( 1.000000000000000000, 0.000000000000000000, 0.000000000000000000 ) ) ;
#1149 = EDGE_CURVE ( 'NONE', #5992, #350, #1631, .T. ) ;
#1150 = CARTESIAN_POINT ( 'NONE',  ( 0.9699999999999986411, 2.323393438462745486, -0.07459528143413662882 ) ) ;
#1151 = CARTESIAN_POINT ( 'NONE',  ( 2.470000000000027729, 2.058567165613784056, -1.268840108281543699 ) ) ;
#1152 = DIRECTION ( 'NONE',  ( 0.000000000000000000, 0.000000000000000000, 1.000000000000000000 ) ) ;
#1153 = EDGE_CURVE ( 'NONE', #7280, #3308, #5442, .T. ) ;
#1154 = AXIS2_PLACEMENT_3D ( 'NONE', #4094, #7123, #861 ) ;
#1155 = VERTEX_POINT ( 'NONE', #1252 ) ;
#1156 = VERTEX_POINT ( 'NONE', #123 ) ;
#1157 = DIRECTION ( 'NONE',  ( -5.882887990558551382E-16, -0.4999999999999998890, 0.8660254037844387076 ) ) ;
#1158 = DIRECTION ( 'NONE',  ( 1.000000000000000000, 0.000000000000000000, 0.000000000000000000 ) ) ;
#1159 = CARTESIAN_POINT ( 'NONE',  ( 0.9700000000000541522, 2.320155338140645007, 0.2698706486283231065 ) ) ;
#1160 = ORIENTED_EDGE ( 'NONE', *, *, #7503, .T. ) ;
#1161 = VECTOR ( 'NONE', #4550, 1000.000000000000000 ) ;
#1162 = CARTESIAN_POINT ( 'NONE',  ( 18.07611844574883619, -1.199999999999999956, 58.07194077712551206 ) ) ;
#1163 = DIRECTION ( 'NONE',  ( -6.100319300594403953E-16, -0.6388554570236131269, 0.7693267868930279141 ) ) ;
#1164 = VECTOR ( 'NONE', #995, 1000.000000000000000 ) ;
#1165 = CARTESIAN_POINT ( 'NONE',  ( 0.9843342201064364527, 2.473521781208132264, -0.4638553493384323101 ) ) ;
#1166 = ORIENTED_EDGE ( 'NONE', *, *, #5282, .T. ) ;
#1167 = CARTESIAN_POINT ( 'NONE',  ( 0.9700000000000541522, 1.975537752029993266, 0.3948905628680179913 ) ) ;
#1168 = VERTEX_POINT ( 'NONE', #3174 ) ;
#1169 = CARTESIAN_POINT ( 'NONE',  ( 2.470000000073468982, 1.942890293094023946E-13, 3.608224830031758756E-13 ) ) ;
#1170 = AXIS2_PLACEMENT_3D ( 'NONE', #1358, #3865, #6927 ) ;
#1171 = DIRECTION ( 'NONE',  ( 0.000000000000000000, 0.000000000000000000, 1.000000000000000000 ) ) ;
#1172 = SHAPE_DEFINITION_REPRESENTATION ( #2352, #3175 ) ;
#1173 = ORIENTED_EDGE ( 'NONE', *, *, #1092, .F. ) ;
#1174 = CARTESIAN_POINT ( 'NONE',  ( 0.9843342201064364527, 2.502369077289262833, 0.2139087065950867617 ) ) ;
#1175 = VECTOR ( 'NONE', #2988, 1000.000000000000114 ) ;
#1176 = DIRECTION ( 'NONE',  ( -7.504465202493400556E-17, -0.9861849009696147528, -0.1656482450844289633 ) ) ;
#1177 = CARTESIAN_POINT ( 'NONE',  ( 0.9843342201064919639, 2.320155338140478030, 0.2698706486286006623 ) ) ;
#1178 = EDGE_LOOP ( 'NONE', ( #3909, #2472 ) ) ;
#1179 = ORIENTED_EDGE ( 'NONE', *, *, #7332, .F. ) ;
#1180 = CARTESIAN_POINT ( 'NONE',  ( 0.9700000000000541522, 2.418816341710844142, 0.2702983817565729474 ) ) ;
#1181 = CARTESIAN_POINT ( 'NONE',  ( 0.9843342201064364527, 2.496811927282544197, -0.4437718483763369859 ) ) ;
#1182 = DIRECTION ( 'NONE',  ( 4.619824724853955355E-16, 0.8660254037844390407, -0.4999999999999991673 ) ) ;
#1183 = FACE_OUTER_BOUND ( 'NONE', #5057, .T. ) ;
#1184 = AXIS2_PLACEMENT_3D ( 'NONE', #3273, #4517, #3767 ) ;
#1185 = UNCERTAINTY_MEASURE_WITH_UNIT (LENGTH_MEASURE( 1.000000000000000082E-05 ), #3517, 'distance_accuracy_value', 'NONE');
#1186 = ORIENTED_EDGE ( 'NONE', *, *, #7245, .T. ) ;
#1187 = ADVANCED_FACE ( 'NONE', ( #3835 ), #5047, .F. ) ;
#1188 = ORIENTED_EDGE ( 'NONE', *, *, #3913, .T. ) ;
#1189 = EDGE_CURVE ( 'NONE', #4062, #1448, #3257, .T. ) ;
#1190 = DIRECTION ( 'NONE',  ( -0.7071067811865474617, -0.000000000000000000, 0.7071067811865474617 ) ) ;
#1191 = VECTOR ( 'NONE', #4082, 1000.000000000000114 ) ;
#1192 = AXIS2_PLACEMENT_3D ( 'NONE', #1219, #6283, #5589 ) ;
#1193 = CARTESIAN_POINT ( 'NONE',  ( 0.9699999999999986411, 2.422424264911737790, 0.03026883183826489798 ) ) ;
#1194 = PLANE ( 'NONE',  #3334 ) ;
#1195 = CARTESIAN_POINT ( 'NONE',  ( 0.9699999999999986411, 2.478836439541276526, -0.4472441201542332045 ) ) ;
#1196 = AXIS2_PLACEMENT_3D ( 'NONE', #2065, #4585, #216 ) ;
#1197 = ADVANCED_FACE ( 'NONE', ( #88 ), #3133, .T. ) ;
#1198 = VECTOR ( 'NONE', #1757, 1000.000000000000000 ) ;
#1199 = ORIENTED_EDGE ( 'NONE', *, *, #2506, .T. ) ;
#1200 = EDGE_CURVE ( 'NONE', #5074, #4352, #1858, .T. ) ;
#1201 = ORIENTED_EDGE ( 'NONE', *, *, #8013, .T. ) ;
#1202 = CARTESIAN_POINT ( 'NONE',  ( 25.00000000000001421, -10.00000000000000888, 104.4099643838293474 ) ) ;
#1203 = EDGE_CURVE ( 'NONE', #104, #4355, #7062, .T. ) ;
#1204 = DIRECTION ( 'NONE',  ( -5.882887990558551382E-16, -0.4999999999999998890, 0.8660254037844387076 ) ) ;
#1205 = CARTESIAN_POINT ( 'NONE',  ( 2.199500000017451384, -1.387778780781445676E-13, 2.220446049250313081E-13 ) ) ;
#1206 = ORIENTED_EDGE ( 'NONE', *, *, #2145, .T. ) ;
#1207 = AXIS2_PLACEMENT_3D ( 'NONE', #2720, #7726, #2099 ) ;
#1208 = AXIS2_PLACEMENT_3D ( 'NONE', #1392, #3980, #3901 ) ;
#1209 = SURFACE_STYLE_USAGE ( .BOTH. , #6857 ) ;
#1210 = CARTESIAN_POINT ( 'NONE',  ( 0.9843342201064364527, 1.975537752030048777, -1.201323485133798386E-06 ) ) ;
#1211 = EDGE_CURVE ( 'NONE', #5347, #7092, #7521, .T. ) ;
#1212 = AXIS2_PLACEMENT_3D ( 'NONE', #3819, #3772, #617 ) ;
#1213 = DIRECTION ( 'NONE',  ( -1.445076253180192051E-16, -1.000000000000000000, 2.553512956637819811E-15 ) ) ;
#1214 = LINE ( 'NONE', #4250, #7931 ) ;
#1215 = ORIENTED_EDGE ( 'NONE', *, *, #8155, .F. ) ;
#1216 = ORIENTED_EDGE ( 'NONE', *, *, #2098, .F. ) ;
#1217 = DIRECTION ( 'NONE',  ( 1.167520497023887139E-16, 1.000000000000000000, -2.886579864025370717E-15 ) ) ;
#1218 = VECTOR ( 'NONE', #876, 1000.000000000000227 ) ;
#1219 = CARTESIAN_POINT ( 'NONE',  ( 0.9699999999999986411, 2.472115022385090732, -0.4641528512045606236 ) ) ;
#1220 = VECTOR ( 'NONE', #1135, 1000.000000000000114 ) ;
#1221 = ORIENTED_EDGE ( 'NONE', *, *, #5023, .T. ) ;
#1222 = CARTESIAN_POINT ( 'NONE',  ( 0.9699999999999986411, 2.473698157314324853, -0.4537679110707681929 ) ) ;
#1223 = DIRECTION ( 'NONE',  ( -1.167520497023887139E-16, -1.000000000000000000, 2.886579864025370717E-15 ) ) ;
#1224 = ORIENTED_EDGE ( 'NONE', *, *, #280, .T. ) ;
#1225 = ORIENTED_EDGE ( 'NONE', *, *, #1888, .F. ) ;
#1226 = DIRECTION ( 'NONE',  ( 0.000000000000000000, 0.3420201433256661039, 0.9396926207859094271 ) ) ;
#1227 = LINE ( 'NONE', #30, #4896 ) ;
#1228 = VECTOR ( 'NONE', #4042, 1000.000000000000000 ) ;
#1229 = DIRECTION ( 'NONE',  ( 0.000000000000000000, 0.000000000000000000, 1.000000000000000000 ) ) ;
#1230 = LINE ( 'NONE', #5636, #7289 ) ;
#1231 = EDGE_LOOP ( 'NONE', ( #7010, #5058, #7822, #2108 ) ) ;
#1232 = ORIENTED_EDGE ( 'NONE', *, *, #337, .T. ) ;
#1233 = ORIENTED_EDGE ( 'NONE', *, *, #4455, .T. ) ;
#1234 = CARTESIAN_POINT ( 'NONE',  ( 2.470000000000027729, -0.1043506507307778719, 2.068330963623847385 ) ) ;
#1235 = CIRCLE ( 'NONE', #52, 2.200000000000007283 ) ;
#1236 = CARTESIAN_POINT ( 'NONE',  ( 18.07611844574883619, 0.000000000000000000, 58.07194077712551206 ) ) ;
#1237 = PLANE ( 'NONE',  #1495 ) ;
#1238 = DIRECTION ( 'NONE',  ( 1.000000000000000000, 1.722632009336724254E-16, -4.070211707061878303E-16 ) ) ;
#1239 = EDGE_CURVE ( 'NONE', #660, #1477, #3749, .T. ) ;
#1240 = AXIS2_PLACEMENT_3D ( 'NONE', #3141, #6207, #7575 ) ;
#1241 = EDGE_LOOP ( 'NONE', ( #5607, #5455, #7710, #2198 ) ) ;
#1242 = ORIENTED_EDGE ( 'NONE', *, *, #6784, .T. ) ;
#1243 = VERTEX_POINT ( 'NONE', #7566 ) ;
#1244 = DIRECTION ( 'NONE',  ( -1.000000000000000000, 0.000000000000000000, 0.000000000000000000 ) ) ;
#1245 = LINE ( 'NONE', #3010, #4890 ) ;
#1246 = EDGE_LOOP ( 'NONE', ( #5758, #392 ) ) ;
#1247 = EDGE_CURVE ( 'NONE', #626, #7743, #4416, .T. ) ;
#1248 = DIRECTION ( 'NONE',  ( -1.445076253180192051E-16, -1.000000000000000000, 2.553512956637819811E-15 ) ) ;
#1249 = CARTESIAN_POINT ( 'NONE',  ( 19.99999999999998224, -10.00000000000000888, 109.4099643838293900 ) ) ;
#1250 = EDGE_CURVE ( 'NONE', #2468, #4885, #7601, .T. ) ;
#1251 = EDGE_CURVE ( 'NONE', #1155, #1414, #4046, .T. ) ;
#1252 = CARTESIAN_POINT ( 'NONE',  ( 0.9699999999999986411, 2.483238627135203380, -0.4785059732241398467 ) ) ;
#1253 = LINE ( 'NONE', #3014, #2243 ) ;
#1254 = ORIENTED_EDGE ( 'NONE', *, *, #2697, .F. ) ;
#1255 = EDGE_CURVE ( 'NONE', #5745, #1551, #3992, .T. ) ;
#1256 = ORIENTED_EDGE ( 'NONE', *, *, #4868, .T. ) ;
#1257 = DIRECTION ( 'NONE',  ( 3.837226142412815427E-16, -0.8277263342304166382, -0.5611319948296271676 ) ) ;
#1258 = EDGE_CURVE ( 'NONE', #2365, #6330, #4695, .T. ) ;
#1259 = CARTESIAN_POINT ( 'NONE',  ( 0.9699999999999986411, 2.463272841927127921, -0.4369951808727984277 ) ) ;
#1260 = CONTEXT_DEPENDENT_SHAPE_REPRESENTATION ( #7994, #3080 ) ;
#1261 = EDGE_LOOP ( 'NONE', ( #4731, #1084, #1216, #4907 ) ) ;
#1262 = PLANE ( 'NONE',  #5280 ) ;
#1263 = ORIENTED_EDGE ( 'NONE', *, *, #2510, .F. ) ;
#1264 = ORIENTED_EDGE ( 'NONE', *, *, #1784, .F. ) ;
#1265 = DIRECTION ( 'NONE',  ( -1.000000000000000000, -2.000187765493021278E-16, 7.400880780937300593E-16 ) ) ;
#1266 = LINE ( 'NONE', #5017, #291 ) ;
#1267 = MECHANICAL_DESIGN_GEOMETRIC_PRESENTATION_REPRESENTATION (  '', ( #6799 ), #1002 ) ;
#1268 = DIRECTION ( 'NONE',  ( -1.000000000000000000, -2.000187765493021278E-16, 7.400880780937300593E-16 ) ) ;
#1269 = ORIENTED_EDGE ( 'NONE', *, *, #3102, .T. ) ;
#1270 = ORIENTED_EDGE ( 'NONE', *, *, #2552, .F. ) ;
#1271 = ORIENTED_EDGE ( 'NONE', *, *, #2458, .T. ) ;
#1272 = DIRECTION ( 'NONE',  ( 5.290098081985867463E-16, 0.7693245073750122343, -0.6388582020700638298 ) ) ;
#1273 = DIRECTION ( 'NONE',  ( 4.494908391621278370E-16, -0.7152859658357463291, -0.6988318732559525293 ) ) ;
#1274 = DIRECTION ( 'NONE',  ( -1.000000000000000000, -2.000187765493021278E-16, 7.400880780937300593E-16 ) ) ;
#1275 = CARTESIAN_POINT ( 'NONE',  ( 0.9699999999999986411, 2.237535760291203601, -0.2852079774565696724 ) ) ;
#1276 = ORIENTED_EDGE ( 'NONE', *, *, #1047, .F. ) ;
#1277 = EDGE_LOOP ( 'NONE', ( #7359, #6414, #7065, #4443 ) ) ;
#1278 = ORIENTED_EDGE ( 'NONE', *, *, #6844, .T. ) ;
#1279 = DIRECTION ( 'NONE',  ( 0.000000000000000000, 0.000000000000000000, 1.000000000000000000 ) ) ;
#1280 = CARTESIAN_POINT ( 'NONE',  ( 0.9700000000000541522, 2.383197238168627052, 0.2483830793201247111 ) ) ;
#1281 = EDGE_CURVE ( 'NONE', #562, #7776, #1559, .T. ) ;
#1282 = ORIENTED_EDGE ( 'NONE', *, *, #50, .F. ) ;
#1283 = DIRECTION ( 'NONE',  ( 0.000000000000000000, 1.000000000000000000, 0.000000000000000000 ) ) ;
#1284 =( NAMED_UNIT ( * ) PLANE_ANGLE_UNIT ( ) SI_UNIT ( $, .RADIAN. ) );
#1285 = LINE ( 'NONE', #3785, #1030 ) ;
#1286 = VECTOR ( 'NONE', #6879, 1000.000000000000000 ) ;
#1287 = DIRECTION ( 'NONE',  ( -1.445076253180192051E-16, -1.000000000000000000, 2.553512956637819811E-15 ) ) ;
#1288 = EDGE_CURVE ( 'NONE', #6037, #1476, #5240, .T. ) ;
#1289 = ORIENTED_EDGE ( 'NONE', *, *, #6684, .T. ) ;
#1290 = ADVANCED_FACE ( 'NONE', ( #6524 ), #168, .F. ) ;
#1291 = DIRECTION ( 'NONE',  ( -1.445076253180192051E-16, -1.000000000000000000, 2.553512956637819811E-15 ) ) ;
#1292 = ORIENTED_EDGE ( 'NONE', *, *, #4056, .F. ) ;
#1293 = CARTESIAN_POINT ( 'NONE',  ( 80.00000000000001421, -9.999999999999953815, 129.4099643838293332 ) ) ;
#1294 = CIRCLE ( 'NONE', #4311, 2.064999999980975609 ) ;
#1295 = EDGE_CURVE ( 'NONE', #6873, #2535, #5945, .T. ) ;
#1296 = APPLICATION_PROTOCOL_DEFINITION ( 'draft international standard', 'automotive_design', 1998, #5043 ) ;
#1297 = DIRECTION ( 'NONE',  ( 4.992923249690979017E-16, -0.5000000000000059952, -0.8660254037844352659 ) ) ;
#1298 = ORIENTED_EDGE ( 'NONE', *, *, #3201, .F. ) ;
#1299 = EDGE_CURVE ( 'NONE', #1940, #695, #6605, .T. ) ;
#1300 = AXIS2_PLACEMENT_3D ( 'NONE', #2928, #6065, #4282 ) ;
#1301 = VERTEX_POINT ( 'NONE', #331 ) ;
#1302 = LINE ( 'NONE', #5596, #7483 ) ;
#1303 = FACE_OUTER_BOUND ( 'NONE', #5997, .T. ) ;
#1304 = DIRECTION ( 'NONE',  ( 6.877477688584548560E-16, 0.01919882409553617594, -0.9998156855907736063 ) ) ;
#1305 = DIRECTION ( 'NONE',  ( 1.000000000000000000, 0.000000000000000000, 0.000000000000000000 ) ) ;
#1306 = VECTOR ( 'NONE', #1017, 1000.000000000000114 ) ;
#1307 = VERTEX_POINT ( 'NONE', #1406 ) ;
#1308 = ORIENTED_EDGE ( 'NONE', *, *, #7806, .T. ) ;
#1309 = LINE ( 'NONE', #3700, #5551 ) ;
#1310 = VECTOR ( 'NONE', #7320, 1000.000000000000000 ) ;
#1311 = CARTESIAN_POINT ( 'NONE',  ( 2.469999999999805684, -0.1043506507306668496, 2.345481331188059571 ) ) ;
#1312 = CARTESIAN_POINT ( 'NONE',  ( 2.450950000000007289, -1.841708557294291504, -1.198728831998729927 ) ) ;
#1313 = DIRECTION ( 'NONE',  ( -6.221421824520457671E-18, 0.9720757995435219678, 0.2346670832090060055 ) ) ;
#1314 = ORIENTED_EDGE ( 'NONE', *, *, #1629, .T. ) ;
#1315 = AXIS2_PLACEMENT_3D ( 'NONE', #1061, #4933, #443 ) ;
#1316 = ORIENTED_EDGE ( 'NONE', *, *, #6797, .T. ) ;
#1317 = ORIENTED_EDGE ( 'NONE', *, *, #7909, .T. ) ;
#1318 = CARTESIAN_POINT ( 'NONE',  ( 69.99999999999998579, -10.00000000000001421, -19.40996438382938294 ) ) ;
#1319 = ORIENTED_EDGE ( 'NONE', *, *, #1239, .T. ) ;
#1320 = DIRECTION ( 'NONE',  ( -4.619824724853993812E-16, -0.8660254037844352659, 0.5000000000000058842 ) ) ;
#1321 = CYLINDRICAL_SURFACE ( 'NONE', #6458, 2.500000000000002220 ) ;
#1322 = AXIS2_PLACEMENT_3D ( 'NONE', #4926, #2572, #4298 ) ;
#1323 = CIRCLE ( 'NONE', #5794, 2.984499999911372825 ) ;
#1324 = VERTEX_POINT ( 'NONE', #4620 ) ;
#1325 = DIRECTION ( 'NONE',  ( -1.000000000000000000, -2.000187765493021278E-16, 7.400880780937300593E-16 ) ) ;
#1326 = AXIS2_PLACEMENT_3D ( 'NONE', #1780, #2534, #1176 ) ;
#1327 = AXIS2_PLACEMENT_3D ( 'NONE', #2134, #4734, #203 ) ;
#1328 = DIRECTION ( 'NONE',  ( 7.598409637072199363E-16, 0.2179336182189449134, -0.9759635946335289969 ) ) ;
#1329 = ORIENTED_EDGE ( 'NONE', *, *, #954, .T. ) ;
#1330 = CARTESIAN_POINT ( 'NONE',  ( 0.000000000000000000, -2.199999999999999734, 7.347880794884117764E-17 ) ) ;
#1331 = ORIENTED_EDGE ( 'NONE', *, *, #1931, .F. ) ;
#1332 = DIRECTION ( 'NONE',  ( 9.469599216104743275E-17, 0.9901489287481959334, 0.1400182091686650032 ) ) ;
#1333 = AXIS2_PLACEMENT_3D ( 'NONE', #7476, #6157, #1810 ) ;
#1334 = LINE ( 'NONE', #1293, #6860 ) ;
#1335 = VECTOR ( 'NONE', #1863, 1000.000000000000000 ) ;
#1336 = EDGE_CURVE ( 'NONE', #323, #6960, #5363, .T. ) ;
#1337 = PRODUCT_CONTEXT ( 'NONE', #2339, 'mechanical' ) ;
#1338 = ORIENTED_EDGE ( 'NONE', *, *, #5339, .T. ) ;
#1339 = PLANE ( 'NONE',  #4614 ) ;
#1340 = ORIENTED_EDGE ( 'NONE', *, *, #3406, .T. ) ;
#1341 = VECTOR ( 'NONE', #5572, 1000.000000000000000 ) ;
#1342 = ORIENTED_EDGE ( 'NONE', *, *, #5868, .T. ) ;
#1343 = LINE ( 'NONE', #6213, #5899 ) ;
#1344 = ADVANCED_FACE ( 'NONE', ( #3956 ), #293, .F. ) ;
#1345 = DIRECTION ( 'NONE',  ( -7.498798913309290776E-33, 1.000000000000000000, -6.123233995736766036E-17 ) ) ;
#1346 = DIRECTION ( 'NONE',  ( 0.000000000000000000, 1.000000000000000000, 0.000000000000000000 ) ) ;
#1347 = EDGE_CURVE ( 'NONE', #2892, #1520, #2763, .T. ) ;
#1348 = ADVANCED_FACE ( 'NONE', ( #2218 ), #4741, .T. ) ;
#1349 = VECTOR ( 'NONE', #6170, 1000.000000000000114 ) ;
#1350 = LINE ( 'NONE', #33, #7700 ) ;
#1351 = ORIENTED_EDGE ( 'NONE', *, *, #2294, .F. ) ;
#1352 = ORIENTED_EDGE ( 'NONE', *, *, #5388, .T. ) ;
#1353 = ORIENTED_EDGE ( 'NONE', *, *, #2075, .T. ) ;
#1354 = DIRECTION ( 'NONE',  ( 1.445076253180192051E-16, 1.000000000000000000, -2.553512956637819811E-15 ) ) ;
#1355 = VECTOR ( 'NONE', #7560, 999.9999999999998863 ) ;
#1356 = EDGE_CURVE ( 'NONE', #6574, #2501, #2097, .T. ) ;
#1357 = CARTESIAN_POINT ( 'NONE',  ( 5.000000000000046185, -10.00000000000000888, 109.4099643838293900 ) ) ;
#1358 = CARTESIAN_POINT ( 'NONE',  ( 1.387778780781445676E-14, -7.800000000000022027, 95.44360218381365257 ) ) ;
#1359 = CARTESIAN_POINT ( 'NONE',  ( 0.9700000000000541522, 2.523629592551063006, 0.3948905628681914637 ) ) ;
#1360 = ADVANCED_FACE ( 'NONE', ( #3375, #1722, #8012 ), #2304, .T. ) ;
#1361 = VECTOR ( 'NONE', #5704, 1000.000000000000000 ) ;
#1362 = ORIENTED_EDGE ( 'NONE', *, *, #8003, .T. ) ;
#1363 = ORIENTED_EDGE ( 'NONE', *, *, #7132, .T. ) ;
#1364 = ORIENTED_EDGE ( 'NONE', *, *, #176, .F. ) ;
#1365 = CARTESIAN_POINT ( 'NONE',  ( 0.9700000000000541522, 1.975537752029993266, 0.3948905628680179913 ) ) ;
#1366 = ORIENTED_EDGE ( 'NONE', *, *, #2002, .T. ) ;
#1367 = LINE ( 'NONE', #747, #5839 ) ;
#1368 = DIRECTION ( 'NONE',  ( 0.000000000000000000, 0.000000000000000000, 1.000000000000000000 ) ) ;
#1369 = AXIS2_PLACEMENT_3D ( 'NONE', #835, #5697, #6481 ) ;
#1370 = VERTEX_POINT ( 'NONE', #7934 ) ;
#1371 = CARTESIAN_POINT ( 'NONE',  ( 0.9700000000000541522, 2.380631412769535160, 0.2478931356766911343 ) ) ;
#1372 = AXIS2_PLACEMENT_3D ( 'NONE', #5382, #7907, #7234 ) ;
#1373 = CARTESIAN_POINT ( 'NONE',  ( 120.0000000000000284, -1.857979856674324415, 180.9396926207859053 ) ) ;
#1374 = ORIENTED_EDGE ( 'NONE', *, *, #3704, .T. ) ;
#1375 = DIRECTION ( 'NONE',  ( 1.445076253180178246E-16, 1.000000000000000000, -5.551115123125738329E-16 ) ) ;
#1376 = EDGE_LOOP ( 'NONE', ( #7967, #4824, #5075, #7670 ) ) ;
#1377 = LINE ( 'NONE', #3886, #1965 ) ;
#1378 = DIRECTION ( 'NONE',  ( 0.000000000000000000, 1.000000000000000000, 0.000000000000000000 ) ) ;
#1379 = VERTEX_POINT ( 'NONE', #4860 ) ;
#1380 = ORIENTED_EDGE ( 'NONE', *, *, #124, .T. ) ;
#1381 = CARTESIAN_POINT ( 'NONE',  ( 25.00000000000000355, -2.199999999999999734, 90.00000000000000000 ) ) ;
#1382 = ADVANCED_FACE ( 'NONE', ( #1763 ), #6189, .T. ) ;
#1383 = PLANE ( 'NONE',  #6580 ) ;
#1384 = DIRECTION ( 'NONE',  ( -0.000000000000000000, 1.000000000000000000, -0.000000000000000000 ) ) ;
#1385 = FACE_OUTER_BOUND ( 'NONE', #734, .T. ) ;
#1386 = ORIENTED_EDGE ( 'NONE', *, *, #6939, .T. ) ;
#1387 = EDGE_CURVE ( 'NONE', #2314, #3061, #7352, .T. ) ;
#1388 = LINE ( 'NONE', #6420, #5962 ) ;
#1389 = VERTEX_POINT ( 'NONE', #1643 ) ;
#1390 = ORIENTED_EDGE ( 'NONE', *, *, #1038, .T. ) ;
#1391 = EDGE_CURVE ( 'NONE', #3770, #3318, #4241, .T. ) ;
#1392 = CARTESIAN_POINT ( 'NONE',  ( 0.9699999999999986411, 2.523434647157873911, 0.2933406405774274806 ) ) ;
#1393 = EDGE_CURVE ( 'NONE', #5583, #5145, #2345, .T. ) ;
#1394 = DIRECTION ( 'NONE',  ( -6.724135084613157836E-17, -0.9999670694423009598, 0.008115419334605227658 ) ) ;
#1395 = PLANE ( 'NONE',  #6311 ) ;
#1396 = VECTOR ( 'NONE', #159, 1000.000000000000000 ) ;
#1397 = ORIENTED_EDGE ( 'NONE', *, *, #2800, .F. ) ;
#1398 = ADVANCED_FACE ( 'NONE', ( #3006 ), #2343, .F. ) ;
#1399 = ORIENTED_EDGE ( 'NONE', *, *, #4315, .T. ) ;
#1400 = ORIENTED_EDGE ( 'NONE', *, *, #6937, .F. ) ;
#1401 = EDGE_LOOP ( 'NONE', ( #4863, #6811, #311, #3880 ) ) ;
#1402 = EDGE_CURVE ( 'NONE', #1520, #385, #413, .T. ) ;
#1403 = CARTESIAN_POINT ( 'NONE',  ( 0.9699999999999986411, 2.490921390337408337, -0.4417785858742279137 ) ) ;
#1404 = DIRECTION ( 'NONE',  ( -1.445076253180178246E-16, -1.000000000000000000, 5.551115123125738329E-16 ) ) ;
#1405 = EDGE_LOOP ( 'NONE', ( #5467, #5186, #23, #3434, #7595, #5157, #6744, #4137, #6885 ) ) ;
#1406 = CARTESIAN_POINT ( 'NONE',  ( 0.9700000000000541522, 1.579261356762756696, -8.326672684688674053E-14 ) ) ;
#1407 = PLANE ( 'NONE',  #6603 ) ;
#1408 = ORIENTED_EDGE ( 'NONE', *, *, #6541, .T. ) ;
#1409 = LINE ( 'NONE', #3261, #7818 ) ;
#1410 = ORIENTED_EDGE ( 'NONE', *, *, #5374, .F. ) ;
#1411 = LINE ( 'NONE', #7030, #7134 ) ;
#1412 = SURFACE_STYLE_FILL_AREA ( #4544 ) ;
#1413 = VECTOR ( 'NONE', #2783, 1000.000000000000000 ) ;
#1414 = VERTEX_POINT ( 'NONE', #3665 ) ;
#1415 = ORIENTED_EDGE ( 'NONE', *, *, #1453, .T. ) ;
#1416 = ORIENTED_EDGE ( 'NONE', *, *, #7191, .T. ) ;
#1417 = CARTESIAN_POINT ( 'NONE',  ( 2.470000000000027729, -2.229467576931182471, -1.174050353182798379 ) ) ;
#1418 = DIRECTION ( 'NONE',  ( 5.679358808856674180E-16, 0.7205143255214324638, -0.6934400527214990007 ) ) ;
#1419 = AXIS2_PLACEMENT_3D ( 'NONE', #1808, #1073, #492 ) ;
#1420 = LINE ( 'NONE', #4711, #1058 ) ;
#1421 = DIRECTION ( 'NONE',  ( 0.000000000000000000, 0.000000000000000000, 1.000000000000000000 ) ) ;
#1422 = ORIENTED_EDGE ( 'NONE', *, *, #4615, .T. ) ;
#1423 = AXIS2_PLACEMENT_3D ( 'NONE', #8043, #4063, #7875 ) ;
#1424 = ORIENTED_EDGE ( 'NONE', *, *, #133, .T. ) ;
#1425 = VERTEX_POINT ( 'NONE', #2968 ) ;
#1426 = DIRECTION ( 'NONE',  ( -1.167520497023873827E-16, -1.000000000000000000, 9.436895709313777345E-16 ) ) ;
#1427 = PLANE ( 'NONE',  #546 ) ;
#1428 = LINE ( 'NONE', #826, #4060 ) ;
#1429 = CARTESIAN_POINT ( 'NONE',  ( 7.000000000000000000, -8.799999999999998934, -9.909964383829381163 ) ) ;
#1430 = VECTOR ( 'NONE', #4564, 1000.000000000000114 ) ;
#1431 = EDGE_CURVE ( 'NONE', #5231, #802, #5526, .T. ) ;
#1432 = ORIENTED_EDGE ( 'NONE', *, *, #588, .F. ) ;
#1433 = VERTEX_POINT ( 'NONE', #5452 ) ;
#1434 = ORIENTED_EDGE ( 'NONE', *, *, #5484, .F. ) ;
#1435 = CARTESIAN_POINT ( 'NONE',  ( 2.469999999999972218, -1.543091786165323720, -1.254286625618925122 ) ) ;
#1436 = VECTOR ( 'NONE', #2081, 999.9999999999998863 ) ;
#1437 = ORIENTED_EDGE ( 'NONE', *, *, #6227, .F. ) ;
#1438 = CARTESIAN_POINT ( 'NONE',  ( 0.9700000000000541522, 1.892261543406409396, -1.201323915345220428E-06 ) ) ;
#1439 = FACE_OUTER_BOUND ( 'NONE', #1376, .T. ) ;
#1440 = LINE ( 'NONE', #6482, #3558 ) ;
#1441 = ADVANCED_FACE ( 'NONE', ( #4197 ), #3628, .T. ) ;
#1442 = VECTOR ( 'NONE', #4349, 1000.000000000000114 ) ;
#1443 = EDGE_CURVE ( 'NONE', #680, #802, #7975, .T. ) ;
#1444 = EDGE_CURVE ( 'NONE', #1155, #3078, #1074, .T. ) ;
#1445 = EDGE_LOOP ( 'NONE', ( #7999, #6576, #976, #7721 ) ) ;
#1446 = CARTESIAN_POINT ( 'NONE',  ( 0.000000000000000000, -10.00000000000001421, -19.40996438382938294 ) ) ;
#1447 = CARTESIAN_POINT ( 'NONE',  ( 0.9699999999999986411, 2.482609094366761138, -0.4574340979242447203 ) ) ;
#1448 = VERTEX_POINT ( 'NONE', #8058 ) ;
#1449 = AXIS2_PLACEMENT_3D ( 'NONE', #4791, #4667, #336 ) ;
#1450 = VECTOR ( 'NONE', #5840, 1000.000000000000000 ) ;
#1451 = DIRECTION ( 'NONE',  ( 5.320708281056154538E-16, -0.3269487519478700421, -0.9450420697512519341 ) ) ;
#1452 = CARTESIAN_POINT ( 'NONE',  ( 2.470000000000027729, -2.038937518892725009, -1.120614449139356594 ) ) ;
#1453 = EDGE_CURVE ( 'NONE', #3491, #3899, #1605, .T. ) ;
#1454 = CARTESIAN_POINT ( 'NONE',  ( 0.9843342201064364527, 2.473154153902395791, -0.4538592866441121254 ) ) ;
#1455 = AXIS2_PLACEMENT_3D ( 'NONE', #5362, #7255, #7841 ) ;
#1456 = VECTOR ( 'NONE', #2676, 1000.000000000000227 ) ;
#1457 = EDGE_LOOP ( 'NONE', ( #2307, #4653, #5336, #103 ) ) ;
#1458 = LINE ( 'NONE', #5133, #6069 ) ;
#1459 = EDGE_LOOP ( 'NONE', ( #6545, #1276, #1173, #7671 ) ) ;
#1460 = ORIENTED_EDGE ( 'NONE', *, *, #3908, .F. ) ;
#1461 = DIRECTION ( 'NONE',  ( 7.059132076888118667E-16, -0.1498665402647731681, -0.9887062354961999588 ) ) ;
#1462 = VECTOR ( 'NONE', #7856, 1000.000000000000000 ) ;
#1463 = CIRCLE ( 'NONE', #6608, 0.03983479767572151858 ) ;
#1464 = DIRECTION ( 'NONE',  ( 4.492251543829650196E-16, -0.5774751479090173278, -0.8164082640122273249 ) ) ;
#1465 = CARTESIAN_POINT ( 'NONE',  ( 0.9699999999999986411, 2.503720345611776033, -0.4485786285236964543 ) ) ;
#1466 = VECTOR ( 'NONE', #4057, 1000.000000000000000 ) ;
#1467 = ORIENTED_EDGE ( 'NONE', *, *, #5435, .T. ) ;
#1468 = DIRECTION ( 'NONE',  ( 4.701583009046197764E-16, 0.8785436295979144328, -0.4776621095428466024 ) ) ;
#1469 = ORIENTED_EDGE ( 'NONE', *, *, #8073, .T. ) ;
#1470 = FACE_OUTER_BOUND ( 'NONE', #126, .T. ) ;
#1471 = DIRECTION ( 'NONE',  ( -2.097103295180202106E-16, -0.9987037590039326007, 0.05089991897257698655 ) ) ;
#1472 = CARTESIAN_POINT ( 'NONE',  ( 0.9699999999999986411, 2.466494824628989946, -0.2095089610752998155 ) ) ;
#1473 = AXIS2_PLACEMENT_3D ( 'NONE', #686, #5716, #6880 ) ;
#1474 = FACE_OUTER_BOUND ( 'NONE', #7772, .T. ) ;
#1475 = ORIENTED_EDGE ( 'NONE', *, *, #4463, .F. ) ;
#1476 = VERTEX_POINT ( 'NONE', #2389 ) ;
#1477 = VERTEX_POINT ( 'NONE', #4903 ) ;
#1478 = AXIS2_PLACEMENT_3D ( 'NONE', #4989, #4014, #5187 ) ;
#1479 = DIRECTION ( 'NONE',  ( 0.000000000000000000, 0.000000000000000000, 1.000000000000000000 ) ) ;
#1480 = CARTESIAN_POINT ( 'NONE',  ( 0.000000000000000000, -2.199999999999999734, 7.347880794884117764E-17 ) ) ;
#1481 = CARTESIAN_POINT ( 'NONE',  ( 25.00000000000001421, -7.800000000000022027, 95.44360218381365257 ) ) ;
#1482 = EDGE_CURVE ( 'NONE', #6730, #4609, #4121, .T. ) ;
#1483 = ORIENTED_EDGE ( 'NONE', *, *, #1587, .F. ) ;
#1484 = FILL_AREA_STYLE_COLOUR ( '', #2074 ) ;
#1485 = PLANE ( 'NONE',  #5299 ) ;
#1486 = EDGE_CURVE ( 'NONE', #5713, #6699, #3499, .T. ) ;
#1487 = CARTESIAN_POINT ( 'NONE',  ( 80.00000000000002842, -2.199999999999999734, 180.0000000000000000 ) ) ;
#1488 = ORIENTED_EDGE ( 'NONE', *, *, #1685, .T. ) ;
#1489 = AXIS2_PLACEMENT_3D ( 'NONE', #5481, #2464, #451 ) ;
#1490 = DIRECTION ( 'NONE',  ( 1.000000000000000000, 3.110410790118177818E-16, -7.400880780937398214E-16 ) ) ;
#1491 = PLANE ( 'NONE',  #1449 ) ;
#1492 = EDGE_CURVE ( 'NONE', #5344, #868, #2881, .T. ) ;
#1493 = EDGE_CURVE ( 'NONE', #3907, #930, #6829, .T. ) ;
#1494 = CARTESIAN_POINT ( 'NONE',  ( 5.689893001203927270E-11, 0.000000000000000000, 0.000000000000000000 ) ) ;
#1495 = AXIS2_PLACEMENT_3D ( 'NONE', #1151, #4939, #4191 ) ;
#1496 = VERTEX_POINT ( 'NONE', #5077 ) ;
#1497 = ADVANCED_FACE ( 'NONE', ( #3709 ), #4943, .F. ) ;
#1498 = DIRECTION ( 'NONE',  ( -1.000000000000000000, -2.000187765493021278E-16, 7.400880780937300593E-16 ) ) ;
#1499 = VERTEX_POINT ( 'NONE', #3125 ) ;
#1500 = VERTEX_POINT ( 'NONE', #1318 ) ;
#1501 = CARTESIAN_POINT ( 'NONE',  ( -1.111840790695933873E-15, -8.142020143325671810, -4.503909563027724161 ) ) ;
#1502 = EDGE_CURVE ( 'NONE', #961, #6670, #1970, .T. ) ;
#1503 = DIRECTION ( 'NONE',  ( 0.000000000000000000, -1.000000000000000000, 3.497202527569202082E-15 ) ) ;
#1504 = CARTESIAN_POINT ( 'NONE',  ( 110.0000000000000568, -1.199999999999999956, 172.1099999999999852 ) ) ;
#1505 = PLANE ( 'NONE',  #1478 ) ;
#1506 = ORIENTED_EDGE ( 'NONE', *, *, #7495, .F. ) ;
#1507 = FACE_BOUND ( 'NONE', #2807, .T. ) ;
#1508 = DIRECTION ( 'NONE',  ( 1.445076253180192051E-16, 1.000000000000000000, -2.553512956637819811E-15 ) ) ;
#1509 = CARTESIAN_POINT ( 'NONE',  ( 2.450950000000007289, 1.983372645742748075, -1.399080837149180301 ) ) ;
#1510 = CARTESIAN_POINT ( 'NONE',  ( 2.450950000000035267, 2.025379290921086373, -1.076024774737269318 ) ) ;
#1511 = CARTESIAN_POINT ( 'NONE',  ( 0.9843342201064364527, 2.374112209465095713, 0.01740461005333981959 ) ) ;
#1512 = VERTEX_POINT ( 'NONE', #3827 ) ;
#1513 = ORIENTED_EDGE ( 'NONE', *, *, #3451, .F. ) ;
#1514 = VERTEX_POINT ( 'NONE', #4490 ) ;
#1515 = LINE ( 'NONE', #3532, #4172 ) ;
#1516 = DIRECTION ( 'NONE',  ( 0.000000000000000000, 0.000000000000000000, 1.000000000000000000 ) ) ;
#1517 = PLANE ( 'NONE',  #2144 ) ;
#1518 = DIRECTION ( 'NONE',  ( 1.000000000000000000, 1.722632009336720063E-16, -7.400880780937477100E-16 ) ) ;
#1519 = EDGE_CURVE ( 'NONE', #2321, #6617, #3836, .T. ) ;
#1520 = VERTEX_POINT ( 'NONE', #4407 ) ;
#1521 = DIRECTION ( 'NONE',  ( -1.000000000000000000, -3.110410790118177818E-16, 7.400880780937398214E-16 ) ) ;
#1522 =( NAMED_UNIT ( * ) SI_UNIT ( $, .STERADIAN. ) SOLID_ANGLE_UNIT ( ) );
#1523 = DIRECTION ( 'NONE',  ( 4.619824724853956341E-16, 0.8660254037844391517, -0.4999999999999992228 ) ) ;
#1524 = ORIENTED_EDGE ( 'NONE', *, *, #942, .T. ) ;
#1525 = CARTESIAN_POINT ( 'NONE',  ( 0.9699999999999986411, 2.483238627135203380, -0.4078917005041883259 ) ) ;
#1526 = CARTESIAN_POINT ( 'NONE',  ( 0.9699999999999986411, 2.485296480058379665, -0.4476606227659940540 ) ) ;
#1527 = SURFACE_SIDE_STYLE ('',( #1412 ) ) ;
#1528 = EDGE_CURVE ( 'NONE', #4062, #3798, #1927, .T. ) ;
#1529 = EDGE_CURVE ( 'NONE', #7158, #3747, #2516, .T. ) ;
#1530 = ORIENTED_EDGE ( 'NONE', *, *, #6778, .T. ) ;
#1531 = LINE ( 'NONE', #967, #5286 ) ;
#1532 = ORIENTED_EDGE ( 'NONE', *, *, #2397, .T. ) ;
#1533 = ORIENTED_EDGE ( 'NONE', *, *, #528, .F. ) ;
#1534 = FACE_OUTER_BOUND ( 'NONE', #2736, .T. ) ;
#1535 = DIRECTION ( 'NONE',  ( -1.000000000000000000, -1.722632009336720063E-16, 7.400880780937477100E-16 ) ) ;
#1536 = EDGE_CURVE ( 'NONE', #2077, #938, #3779, .T. ) ;
#1537 = VECTOR ( 'NONE', #1577, 1000.000000000000000 ) ;
#1538 = PLANE ( 'NONE',  #5060 ) ;
#1539 = ADVANCED_FACE ( 'NONE', ( #744 ), #3246, .T. ) ;
#1540 = EDGE_CURVE ( 'NONE', #4545, #6762, #6852, .T. ) ;
#1541 = CARTESIAN_POINT ( 'NONE',  ( 18.07611844574883619, -1.199999999999999956, 55.96194077712551262 ) ) ;
#1542 = ORIENTED_EDGE ( 'NONE', *, *, #4817, .F. ) ;
#1543 = VECTOR ( 'NONE', #7536, 1000.000000000000000 ) ;
#1544 = DIRECTION ( 'NONE',  ( 0.000000000000000000, 0.000000000000000000, 1.000000000000000000 ) ) ;
#1545 = LINE ( 'NONE', #1626, #6745 ) ;
#1546 = CARTESIAN_POINT ( 'NONE',  ( 80.00000000000002842, -1.857979856674339292, 180.9396926207859053 ) ) ;
#1547 = CARTESIAN_POINT ( 'NONE',  ( 0.9843342201064364527, 2.489954509273251126, -0.4551746698936293134 ) ) ;
#1548 = VECTOR ( 'NONE', #839, 1000.000000000000000 ) ;
#1549 = ORIENTED_EDGE ( 'NONE', *, *, #7387, .F. ) ;
#1550 = LINE ( 'NONE', #4064, #7988 ) ;
#1551 = VERTEX_POINT ( 'NONE', #283 ) ;
#1552 = CARTESIAN_POINT ( 'NONE',  ( 12.50000000000001421, -9.999999999999994671, 99.90996438382937583 ) ) ;
#1553 = CARTESIAN_POINT ( 'NONE',  ( 0.9699999999999986411, 2.503720345611720965, -0.4496411351883611296 ) ) ;
#1554 = VECTOR ( 'NONE', #7203, 1000.000000000000000 ) ;
#1555 = CARTESIAN_POINT ( 'NONE',  ( 0.9843342201064364527, 2.125255814197618776, 0.03526031801388829212 ) ) ;
#1556 = CARTESIAN_POINT ( 'NONE',  ( 0.9700000000000541522, 2.409391591991022707, 0.1445703570425588280 ) ) ;
#1557 = VECTOR ( 'NONE', #1707, 999.9999999999998863 ) ;
#1558 = ORIENTED_EDGE ( 'NONE', *, *, #7657, .T. ) ;
#1559 = LINE ( 'NONE', #4074, #3786 ) ;
#1560 = CARTESIAN_POINT ( 'NONE',  ( 110.0000000000000284, 0.000000000000000000, 10.00000000000000178 ) ) ;
#1561 = DIRECTION ( 'NONE',  ( 1.000000000000000000, 0.000000000000000000, 0.000000000000000000 ) ) ;
#1562 = ORIENTED_EDGE ( 'NONE', *, *, #2051, .F. ) ;
#1563 = FACE_OUTER_BOUND ( 'NONE', #8113, .T. ) ;
#1564 = CIRCLE ( 'NONE', #1184, 1.000000000000000888 ) ;
#1565 = DIRECTION ( 'NONE',  ( -5.729747238077516883E-18, -1.000000000000000000, 3.497202527569202082E-15 ) ) ;
#1566 = AXIS2_PLACEMENT_3D ( 'NONE', #963, #2845, #5369 ) ;
#1567 = VERTEX_POINT ( 'NONE', #1435 ) ;
#1568 = VECTOR ( 'NONE', #5543, 999.9999999999998863 ) ;
#1569 = DIRECTION ( 'NONE',  ( -1.000000000000000000, -2.000187765493021278E-16, 7.400880780937300593E-16 ) ) ;
#1570 = ORIENTED_EDGE ( 'NONE', *, *, #1482, .T. ) ;
#1571 = EDGE_LOOP ( 'NONE', ( #2415, #5460, #1612, #3872 ) ) ;
#1572 = EDGE_CURVE ( 'NONE', #6922, #7101, #4559, .T. ) ;
#1573 = VECTOR ( 'NONE', #6453, 1000.000000000000000 ) ;
#1574 = DIRECTION ( 'NONE',  ( 1.000000000000000000, 2.000187765493021278E-16, -7.400880780937300593E-16 ) ) ;
#1575 = CIRCLE ( 'NONE', #5016, 1.499999999964547026 ) ;
#1576 =( LENGTH_UNIT ( ) NAMED_UNIT ( * ) SI_UNIT ( .MILLI., .METRE. ) );
#1577 = DIRECTION ( 'NONE',  ( 1.000000000000000000, 2.000187765493021278E-16, -7.400880780937300593E-16 ) ) ;
#1578 = ORIENTED_EDGE ( 'NONE', *, *, #3913, .F. ) ;
#1579 = CIRCLE ( 'NONE', #1980, 2.110000000000000764 ) ;
#1580 = EDGE_CURVE ( 'NONE', #897, #4279, #5884, .T. ) ;
#1581 = VECTOR ( 'NONE', #3038, 1000.000000000000000 ) ;
#1582 = ORIENTED_EDGE ( 'NONE', *, *, #6076, .T. ) ;
#1583 = LINE ( 'NONE', #4266, #6044 ) ;
#1584 = CARTESIAN_POINT ( 'NONE',  ( 0.9699999999999986411, 2.485296480058463153, -0.4417785858740752580 ) ) ;
#1585 = FACE_OUTER_BOUND ( 'NONE', #1846, .T. ) ;
#1586 = CARTESIAN_POINT ( 'NONE',  ( 0.9700000000000541522, 1.975537752030187555, 0.3268746884626805294 ) ) ;
#1587 = EDGE_CURVE ( 'NONE', #5522, #122, #7789, .T. ) ;
#1588 = EDGE_CURVE ( 'NONE', #6202, #3919, #5848, .T. ) ;
#1589 = PLANE ( 'NONE',  #2499 ) ;
#1590 = AXIS2_PLACEMENT_3D ( 'NONE', #5069, #658, #74 ) ;
#1591 = UNCERTAINTY_MEASURE_WITH_UNIT (LENGTH_MEASURE( 1.000000000000000082E-05 ), #1576, 'distance_accuracy_value', 'NONE');
#1592 = ORIENTED_EDGE ( 'NONE', *, *, #7845, .F. ) ;
#1593 = PLANE ( 'NONE',  #8026 ) ;
#1594 = VERTEX_POINT ( 'NONE', #2122 ) ;
#1595 = CARTESIAN_POINT ( 'NONE',  ( 0.9843342201064364527, 2.521531062727400130, -0.2852079774567778392 ) ) ;
#1596 = ADVANCED_FACE ( 'NONE', ( #1507, #4016, #5802 ), #5308, .F. ) ;
#1597 = DIRECTION ( 'NONE',  ( -6.845769268624692740E-16, 5.551115123125739315E-16, 1.000000000000000000 ) ) ;
#1598 = VECTOR ( 'NONE', #3056, 1000.000000000000114 ) ;
#1599 = DIRECTION ( 'NONE',  ( -0.000000000000000000, 1.000000000000000000, -0.000000000000000000 ) ) ;
#1600 = DIRECTION ( 'NONE',  ( 3.604514176250175531E-16, 0.9313974768889592415, -0.3640037637784540592 ) ) ;
#1601 = EDGE_CURVE ( 'NONE', #7214, #2003, #4526, .T. ) ;
#1602 = VECTOR ( 'NONE', #3478, 1000.000000000000000 ) ;
#1603 = LINE ( 'NONE', #5407, #2991 ) ;
#1604 = EDGE_LOOP ( 'NONE', ( #7648, #5552 ) ) ;
#1605 = LINE ( 'NONE', #3588, #1944 ) ;
#1606 = CARTESIAN_POINT ( 'NONE',  ( 0.9699999999999986411, 2.280059657658956240, 0.01740461005313165277 ) ) ;
#1607 = LINE ( 'NONE', #960, #5417 ) ;
#1608 = VERTEX_POINT ( 'NONE', #6548 ) ;
#1609 = CARTESIAN_POINT ( 'NONE',  ( 85.00000000000007105, -8.799999999999974065, 199.4099643838293616 ) ) ;
#1610 = AXIS2_PLACEMENT_3D ( 'NONE', #7107, #91, #5087 ) ;
#1611 = VECTOR ( 'NONE', #6846, 1000.000000000000000 ) ;
#1612 = ORIENTED_EDGE ( 'NONE', *, *, #2086, .F. ) ;
#1613 = DIRECTION ( 'NONE',  ( 1.000000000000000000, 1.722632009336712421E-16, -4.625323219374409242E-16 ) ) ;
#1614 = VERTEX_POINT ( 'NONE', #5924 ) ;
#1615 = ORIENTED_EDGE ( 'NONE', *, *, #1776, .F. ) ;
#1616 = CARTESIAN_POINT ( 'NONE',  ( 0.9843342201064364527, 2.483238627135203380, -0.4785059732241398467 ) ) ;
#1617 = DIRECTION ( 'NONE',  ( -4.657749217521145443E-19, -1.000000000000000000, -1.836964293708888604E-16 ) ) ;
#1618 = CARTESIAN_POINT ( 'NONE',  ( 80.00000000000002842, -1.857979856674324415, 180.9396926207859053 ) ) ;
#1619 = EDGE_CURVE ( 'NONE', #1594, #3308, #6570, .T. ) ;
#1620 = CARTESIAN_POINT ( 'NONE',  ( 0.9699999999999986411, 2.488303373917672090, -0.4538380365110561421 ) ) ;
#1621 = EDGE_LOOP ( 'NONE', ( #6830, #1254, #2452, #2565 ) ) ;
#1622 = ORIENTED_EDGE ( 'NONE', *, *, #3566, .F. ) ;
#1623 = CARTESIAN_POINT ( 'NONE',  ( 0.9700000000000541522, 2.414157720176640431, 0.2626768769259379965 ) ) ;
#1624 = DIRECTION ( 'NONE',  ( -1.000000000000000000, 0.000000000000000000, 0.000000000000000000 ) ) ;
#1625 = LINE ( 'NONE', #4140, #1072 ) ;
#1626 = CARTESIAN_POINT ( 'NONE',  ( 5.689892141741841679E-11, -1.499999999964547248, 5.245803791229817854E-15 ) ) ;
#1627 = DIRECTION ( 'NONE',  ( 0.000000000000000000, 1.000000000000000000, 0.000000000000000000 ) ) ;
#1628 = DIRECTION ( 'NONE',  ( 4.619824724853956341E-16, 0.8660254037844391517, -0.4999999999999992228 ) ) ;
#1629 = EDGE_CURVE ( 'NONE', #2915, #1891, #777, .T. ) ;
#1630 = ORIENTED_EDGE ( 'NONE', *, *, #1588, .F. ) ;
#1631 = LINE ( 'NONE', #403, #4984 ) ;
#1632 = EDGE_CURVE ( 'NONE', #5011, #1940, #5468, .T. ) ;
#1633 = DIRECTION ( 'NONE',  ( 5.782411586726047512E-16, -5.551115123125739315E-16, -1.000000000000000000 ) ) ;
#1634 = VERTEX_POINT ( 'NONE', #438 ) ;
#1635 = EDGE_CURVE ( 'NONE', #2077, #6619, #1583, .T. ) ;
#1636 = LINE ( 'NONE', #7968, #7876 ) ;
#1637 = CARTESIAN_POINT ( 'NONE',  ( 75.00000000000002842, -8.800000000000013145, -14.40996438382936518 ) ) ;
#1638 = FACE_OUTER_BOUND ( 'NONE', #712, .T. ) ;
#1639 = CARTESIAN_POINT ( 'NONE',  ( 2.470000000000055707, 2.025379290920920283, -1.076024774737380341 ) ) ;
#1640 = EDGE_CURVE ( 'NONE', #6300, #2468, #3408, .T. ) ;
#1641 = PLANE ( 'NONE',  #7883 ) ;
#1642 = VERTEX_POINT ( 'NONE', #5503 ) ;
#1643 = CARTESIAN_POINT ( 'NONE',  ( 75.00000000000004263, -1.199999999999999734, -1.102182119232618034E-16 ) ) ;
#1644 = ADVANCED_FACE ( 'NONE', ( #2908 ), #4764, .F. ) ;
#1645 = DIRECTION ( 'NONE',  ( 0.000000000000000000, 0.000000000000000000, 1.000000000000000000 ) ) ;
#1646 = CARTESIAN_POINT ( 'NONE',  ( 0.9843342201064364527, 1.579261356762895474, 8.326672684688674053E-14 ) ) ;
#1647 = ORIENTED_EDGE ( 'NONE', *, *, #6945, .F. ) ;
#1648 = SURFACE_STYLE_USAGE ( .BOTH. , #7265 ) ;
#1649 = CARTESIAN_POINT ( 'NONE',  ( 2.470000000000027729, -1.857789974495566154, -0.7092133743810125068 ) ) ;
#1650 = VECTOR ( 'NONE', #5027, 1000.000000000000000 ) ;
#1651 =( NAMED_UNIT ( * ) PLANE_ANGLE_UNIT ( ) SI_UNIT ( $, .RADIAN. ) );
#1652 = ORIENTED_EDGE ( 'NONE', *, *, #984, .T. ) ;
#1653 = DIRECTION ( 'NONE',  ( 0.000000000000000000, 0.000000000000000000, -1.000000000000000000 ) ) ;
#1654 = ORIENTED_EDGE ( 'NONE', *, *, #4950, .F. ) ;
#1655 = VERTEX_POINT ( 'NONE', #6093 ) ;
#1656 = LINE ( 'NONE', #2896, #7520 ) ;
#1657 = DIRECTION ( 'NONE',  ( 1.000000000000000000, 2.000187765493021278E-16, -7.400880780937300593E-16 ) ) ;
#1658 = CARTESIAN_POINT ( 'NONE',  ( 2.450950000000007289, -0.02037416159333949039, 2.173161927247598157 ) ) ;
#1659 = ORIENTED_EDGE ( 'NONE', *, *, #7905, .T. ) ;
#1660 = VERTEX_POINT ( 'NONE', #4721 ) ;
#1661 = DIRECTION ( 'NONE',  ( 2.208597309011063978E-16, -0.8660254037844428154, -0.4999999999999927280 ) ) ;
#1662 = LINE ( 'NONE', #3525, #6087 ) ;
#1663 = FACE_OUTER_BOUND ( 'NONE', #268, .T. ) ;
#1664 = DIRECTION ( 'NONE',  ( 6.162975822039154730E-33, -1.000000000000000000, 0.000000000000000000 ) ) ;
#1665 = VERTEX_POINT ( 'NONE', #3481 ) ;
#1666 = CYLINDRICAL_SURFACE ( 'NONE', #6031, 2.199999999999993516 ) ;
#1667 = CIRCLE ( 'NONE', #228, 2.110000000000000764 ) ;
#1668 = ORIENTED_EDGE ( 'NONE', *, *, #1941, .T. ) ;
#1669 = CARTESIAN_POINT ( 'NONE',  ( 0.9843342201064364527, 2.513397826239216482, 0.2400852859844870846 ) ) ;
#1670 = DIRECTION ( 'NONE',  ( 6.468959180425696219E-16, 0.2959104772547865303, -0.9552156769289564808 ) ) ;
#1671 = CARTESIAN_POINT ( 'NONE',  ( 25.00000000000001066, -8.552444315316487078, 93.37627841808463813 ) ) ;
#1672 = CARTESIAN_POINT ( 'NONE',  ( 0.9699999999999986411, 2.521531062727455641, -0.3400507035838801206 ) ) ;
#1673 = VECTOR ( 'NONE', #5215, 999.9999999999998863 ) ;
#1674 = EDGE_CURVE ( 'NONE', #1901, #5594, #7913, .T. ) ;
#1675 = ORIENTED_EDGE ( 'NONE', *, *, #4354, .T. ) ;
#1676 = CARTESIAN_POINT ( 'NONE',  ( 110.0000000000000284, -1.224646799147322569E-18, 10.00000000000000178 ) ) ;
#1677 = DIRECTION ( 'NONE',  ( 0.000000000000000000, 0.000000000000000000, 1.000000000000000000 ) ) ;
#1678 = VECTOR ( 'NONE', #2525, 1000.000000000000000 ) ;
#1679 = LINE ( 'NONE', #6899, #148 ) ;
#1680 = EDGE_LOOP ( 'NONE', ( #1804, #1622, #2843, #6419 ) ) ;
#1681 = EDGE_CURVE ( 'NONE', #56, #7043, #2288, .T. ) ;
#1682 = CARTESIAN_POINT ( 'NONE',  ( 0.9699999999999986411, 2.483238627135203380, -0.4477264981799095045 ) ) ;
#1683 = FACE_BOUND ( 'NONE', #6749, .T. ) ;
#1684 = EDGE_CURVE ( 'NONE', #5135, #5546, #4225, .T. ) ;
#1685 = EDGE_CURVE ( 'NONE', #7158, #279, #6008, .T. ) ;
#1686 = DIRECTION ( 'NONE',  ( -1.000000000000000000, -2.000187765493021278E-16, 7.400880780937300593E-16 ) ) ;
#1687 = AXIS2_PLACEMENT_3D ( 'NONE', #7409, #2201, #1747 ) ;
#1688 = ORIENTED_EDGE ( 'NONE', *, *, #3914, .F. ) ;
#1689 = DIRECTION ( 'NONE',  ( -1.000000000000000000, -2.000187765493021278E-16, 7.400880780937300593E-16 ) ) ;
#1690 = ORIENTED_EDGE ( 'NONE', *, *, #5334, .F. ) ;
#1691 = ADVANCED_FACE ( 'NONE', ( #4139 ), #6791, .T. ) ;
#1692 = AXIS2_PLACEMENT_3D ( 'NONE', #3821, #7086, #6351 ) ;
#1693 = ORIENTED_EDGE ( 'NONE', *, *, #6796, .T. ) ;
#1694 = LINE ( 'NONE', #4756, #2488 ) ;
#1695 = FACE_BOUND ( 'NONE', #4265, .T. ) ;
#1696 = VECTOR ( 'NONE', #3081, 1000.000000000000000 ) ;
#1697 = AXIS2_PLACEMENT_3D ( 'NONE', #6958, #1305, #69 ) ;
#1698 = ORIENTED_EDGE ( 'NONE', *, *, #3566, .T. ) ;
#1699 = DIRECTION ( 'NONE',  ( 7.400880780937299607E-16, 5.551115123125742273E-16, 1.000000000000000000 ) ) ;
#1700 = DIRECTION ( 'NONE',  ( 3.815501495555647690E-16, 0.9427057099412800012, -0.3336254553299362602 ) ) ;
#1701 = ORIENTED_EDGE ( 'NONE', *, *, #1391, .T. ) ;
#1702 = ORIENTED_EDGE ( 'NONE', *, *, #2751, .F. ) ;
#1703 = DIRECTION ( 'NONE',  ( -2.208597309011063978E-16, 0.8660254037844428154, 0.4999999999999927280 ) ) ;
#1704 = VECTOR ( 'NONE', #6154, 1000.000000000000000 ) ;
#1705 = AXIS2_PLACEMENT_3D ( 'NONE', #3793, #7573, #5004 ) ;
#1706 = LINE ( 'NONE', #4805, #421 ) ;
#1707 = DIRECTION ( 'NONE',  ( 0.000000000000000000, -0.3420201433256660484, 0.9396926207859094271 ) ) ;
#1708 = DIRECTION ( 'NONE',  ( 0.000000000000000000, -1.000000000000000000, 0.000000000000000000 ) ) ;
#1709 = AXIS2_PLACEMENT_3D ( 'NONE', #7972, #4318, #6106 ) ;
#1710 = ORIENTED_EDGE ( 'NONE', *, *, #792, .T. ) ;
#1711 = AXIS2_PLACEMENT_3D ( 'NONE', #2715, #325, #1516 ) ;
#1712 = CARTESIAN_POINT ( 'NONE',  ( 0.9700000000000541522, 2.381236316858021063, 0.1405888840665947548 ) ) ;
#1713 = ORIENTED_EDGE ( 'NONE', *, *, #750, .T. ) ;
#1714 = DIRECTION ( 'NONE',  ( 7.688781613602364267E-16, 0.5483224662306819264, -0.8362669866894797410 ) ) ;
#1715 = CARTESIAN_POINT ( 'NONE',  ( 35.00000000000014921, 0.000000000000000000, 90.00000000000000000 ) ) ;
#1716 = DIRECTION ( 'NONE',  ( -1.387778780781444936E-16, 0.000000000000000000, -1.000000000000000000 ) ) ;
#1717 = CARTESIAN_POINT ( 'NONE',  ( 0.9699999999999986411, 2.463272841927127921, -0.4569093234565585471 ) ) ;
#1718 = VECTOR ( 'NONE', #4290, 1000.000000000000000 ) ;
#1719 = VECTOR ( 'NONE', #3771, 1000.000000000000114 ) ;
#1720 = DIRECTION ( 'NONE',  ( 0.000000000000000000, 1.000000000000000000, 0.000000000000000000 ) ) ;
#1721 = ORIENTED_EDGE ( 'NONE', *, *, #7488, .F. ) ;
#1722 = FACE_BOUND ( 'NONE', #3923, .T. ) ;
#1723 = DIRECTION ( 'NONE',  ( 1.000000000000000000, 0.000000000000000000, 0.000000000000000000 ) ) ;
#1724 = CARTESIAN_POINT ( 'NONE',  ( 0.9700000000000541522, 2.251583295995729372, 0.1996458709049714342 ) ) ;
#1725 = ADVANCED_FACE ( 'NONE', ( #2951 ), #4842, .F. ) ;
#1726 = ORIENTED_EDGE ( 'NONE', *, *, #3356, .F. ) ;
#1727 = FACE_OUTER_BOUND ( 'NONE', #4176, .T. ) ;
#1728 = VECTOR ( 'NONE', #7104, 1000.000000000000114 ) ;
#1729 = CARTESIAN_POINT ( 'NONE',  ( 0.1119230769230927791, -5.551115123125782702E-14, 0.000000000000000000 ) ) ;
#1730 = ADVANCED_FACE ( 'NONE', ( #1139 ), #3645, .F. ) ;
#1731 = CARTESIAN_POINT ( 'NONE',  ( 0.9700000000000541522, 1.579261356762756696, -8.326672684688674053E-14 ) ) ;
#1732 = EDGE_CURVE ( 'NONE', #3090, #2257, #2864, .T. ) ;
#1733 = ORIENTED_EDGE ( 'NONE', *, *, #1529, .T. ) ;
#1734 = EDGE_CURVE ( 'NONE', #6817, #821, #5349, .T. ) ;
#1735 = VECTOR ( 'NONE', #6668, 1000.000000000000000 ) ;
#1736 = ORIENTED_EDGE ( 'NONE', *, *, #639, .T. ) ;
#1737 = DIRECTION ( 'NONE',  ( -1.000000000000000000, -2.000187765493021278E-16, 7.400880780937300593E-16 ) ) ;
#1738 = FACE_BOUND ( 'NONE', #6970, .T. ) ;
#1739 = EDGE_CURVE ( 'NONE', #3349, #4062, #6671, .T. ) ;
#1740 = ORIENTED_EDGE ( 'NONE', *, *, #3554, .F. ) ;
#1741 = DIRECTION ( 'NONE',  ( 0.000000000000000000, 0.000000000000000000, 1.000000000000000000 ) ) ;
#1742 = CARTESIAN_POINT ( 'NONE',  ( 0.9699999999999986411, 2.485974359310056059, -0.4500810129468568732 ) ) ;
#1743 = CARTESIAN_POINT ( 'NONE',  ( 0.9699999999999986411, 2.463272841927349965, -0.4482944105900776854 ) ) ;
#1744 = EDGE_LOOP ( 'NONE', ( #2750, #2753 ) ) ;
#1745 = EDGE_CURVE ( 'NONE', #350, #1168, #979, .T. ) ;
#1746 = ORIENTED_EDGE ( 'NONE', *, *, #3651, .T. ) ;
#1747 = DIRECTION ( 'NONE',  ( 1.400676323190712302E-30, 0.000000000000000000, 1.000000000000000000 ) ) ;
#1748 = AXIS2_PLACEMENT_3D ( 'NONE', #4327, #3012, #8065 ) ;
#1749 = DIRECTION ( 'NONE',  ( 7.544538134627805428E-16, 0.1089854748730416656, -0.9940433422475589698 ) ) ;
#1750 = PLANE ( 'NONE',  #3414 ) ;
#1751 = CARTESIAN_POINT ( 'NONE',  ( 0.9843342201063809416, 2.485296480058518664, -0.4482944105909103527 ) ) ;
#1752 = VECTOR ( 'NONE', #2922, 1000.000000000000000 ) ;
#1753 = ORIENTED_EDGE ( 'NONE', *, *, #5933, .F. ) ;
#1754 = ORIENTED_EDGE ( 'NONE', *, *, #6438, .T. ) ;
#1755 = ORIENTED_EDGE ( 'NONE', *, *, #3874, .T. ) ;
#1756 = DIRECTION ( 'NONE',  ( 5.551115123125780730E-16, 0.000000000000000000, 1.000000000000000000 ) ) ;
#1757 = DIRECTION ( 'NONE',  ( 1.000000000000000000, 2.000187765493021278E-16, -7.400880780937300593E-16 ) ) ;
#1758 = CARTESIAN_POINT ( 'NONE',  ( 2.469999999999972218, -0.1043506507305280717, 1.963500000000506507 ) ) ;
#1759 = LINE ( 'NONE', #7330, #14 ) ;
#1760 = ORIENTED_EDGE ( 'NONE', *, *, #2836, .T. ) ;
#1761 = CARTESIAN_POINT ( 'NONE',  ( 0.9700000000000541522, 2.383197238168627052, 0.2483830793201247111 ) ) ;
#1762 = ORIENTED_EDGE ( 'NONE', *, *, #5587, .F. ) ;
#1763 = FACE_OUTER_BOUND ( 'NONE', #3146, .T. ) ;
#1764 = FACE_OUTER_BOUND ( 'NONE', #1457, .T. ) ;
#1765 = FACE_OUTER_BOUND ( 'NONE', #5569, .T. ) ;
#1766 = ORIENTED_EDGE ( 'NONE', *, *, #7040, .T. ) ;
#1767 = FILL_AREA_STYLE ('',( #5993 ) ) ;
#1768 = FACE_OUTER_BOUND ( 'NONE', #1621, .T. ) ;
#1769 = CARTESIAN_POINT ( 'NONE',  ( 0.9843342201063809416, 2.463272841927349965, -0.4324412773112212838 ) ) ;
#1770 = DIRECTION ( 'NONE',  ( 1.000000000000000000, -0.000000000000000000, -0.000000000000000000 ) ) ;
#1771 = ORIENTED_EDGE ( 'NONE', *, *, #5023, .F. ) ;
#1772 = ORIENTED_EDGE ( 'NONE', *, *, #5662, .F. ) ;
#1773 = DIRECTION ( 'NONE',  ( 1.000000000000000000, 2.000187765493021278E-16, -7.400880780937300593E-16 ) ) ;
#1774 = CARTESIAN_POINT ( 'NONE',  ( 0.000000000000000000, 0.000000000000000000, 0.000000000000000000 ) ) ;
#1775 = EDGE_CURVE ( 'NONE', #7466, #5836, #7318, .T. ) ;
#1776 = EDGE_CURVE ( 'NONE', #3669, #562, #1098, .T. ) ;
#1777 = CONTEXT_DEPENDENT_SHAPE_REPRESENTATION ( #4288, #1111 ) ;
#1778 = ORIENTED_EDGE ( 'NONE', *, *, #1042, .F. ) ;
#1779 = LINE ( 'NONE', #4799, #1932 ) ;
#1780 = CARTESIAN_POINT ( 'NONE',  ( 0.9699999999999986411, 2.473154153902451746, -0.4538592866440843698 ) ) ;
#1781 = ORIENTED_EDGE ( 'NONE', *, *, #4672, .F. ) ;
#1782 = ORIENTED_EDGE ( 'NONE', *, *, #6020, .T. ) ;
#1783 = DIRECTION ( 'NONE',  ( 0.7071067811865513475, -0.000000000000000000, 0.7071067811865435759 ) ) ;
#1784 = EDGE_CURVE ( 'NONE', #428, #6979, #4530, .T. ) ;
#1785 = CARTESIAN_POINT ( 'NONE',  ( 2.470000000000027729, 2.180479398288165171, -1.258900367563681177 ) ) ;
#1786 = LINE ( 'NONE', #4306, #5919 ) ;
#1787 = DIRECTION ( 'NONE',  ( -1.000000000000000000, -3.110410790118177818E-16, 7.400880780937398214E-16 ) ) ;
#1788 = EDGE_CURVE ( 'NONE', #7311, #2461, #5151, .T. ) ;
#1789 = EDGE_CURVE ( 'NONE', #1520, #2971, #780, .T. ) ;
#1790 = ORIENTED_EDGE ( 'NONE', *, *, #6602, .T. ) ;
#1791 = ORIENTED_EDGE ( 'NONE', *, *, #2901, .T. ) ;
#1792 = ORIENTED_EDGE ( 'NONE', *, *, #6246, .F. ) ;
#1793 = DIRECTION ( 'NONE',  ( 0.000000000000000000, -0.9396926207859093161, -0.3420201433256661039 ) ) ;
#1794 = CARTESIAN_POINT ( 'NONE',  ( 0.9699999999999986411, 2.521531062727539130, -0.07459528143340110606 ) ) ;
#1795 = ADVANCED_FACE ( 'NONE', ( #2587 ), #7674, .F. ) ;
#1796 = FACE_OUTER_BOUND ( 'NONE', #3763, .T. ) ;
#1797 = LINE ( 'NONE', #1672, #1842 ) ;
#1798 = AXIS2_PLACEMENT_3D ( 'NONE', #6786, #558, #2366 ) ;
#1799 = EDGE_LOOP ( 'NONE', ( #612, #895, #776, #1782 ) ) ;
#1800 = EDGE_LOOP ( 'NONE', ( #3058, #182, #4754, #5723 ) ) ;
#1801 = DIRECTION ( 'NONE',  ( -1.000000000000000000, 0.000000000000000000, 0.000000000000000000 ) ) ;
#1802 = CARTESIAN_POINT ( 'NONE',  ( 0.9699999999999986411, 2.486652238561370964, -0.4525014031271090698 ) ) ;
#1803 = DIRECTION ( 'NONE',  ( 0.000000000000000000, 0.000000000000000000, 1.000000000000000000 ) ) ;
#1804 = ORIENTED_EDGE ( 'NONE', *, *, #2992, .T. ) ;
#1805 = VECTOR ( 'NONE', #1213, 1000.000000000000000 ) ;
#1806 = CARTESIAN_POINT ( 'NONE',  ( 0.9699999999999986411, 2.472865152089859464, -0.4640019752579910284 ) ) ;
#1807 = CARTESIAN_POINT ( 'NONE',  ( 75.00000000000001421, -7.800000000000013145, -5.443602183813634809 ) ) ;
#1808 = CARTESIAN_POINT ( 'NONE',  ( 120.0000000000000284, -9.999999999999953815, 174.4099643838293900 ) ) ;
#1809 = AXIS2_PLACEMENT_3D ( 'NONE', #5609, #4988, #1279 ) ;
#1810 = DIRECTION ( 'NONE',  ( 0.000000000000000000, 0.000000000000000000, -1.000000000000000000 ) ) ;
#1811 = ORIENTED_EDGE ( 'NONE', *, *, #1619, .T. ) ;
#1812 = DIRECTION ( 'NONE',  ( -1.000000000000000000, -0.000000000000000000, -0.000000000000000000 ) ) ;
#1813 = VERTEX_POINT ( 'NONE', #5106 ) ;
#1814 = DIRECTION ( 'NONE',  ( 1.000000000000000000, 2.000187765493021278E-16, -7.400880780937300593E-16 ) ) ;
#1815 = CIRCLE ( 'NONE', #2876, 1.000000000000000000 ) ;
#1816 = LINE ( 'NONE', #635, #8054 ) ;
#1817 = ITEM_DEFINED_TRANSFORMATION ( 'NONE', 'NONE', #6907,  #4255 ) ;
#1818 = ORIENTED_EDGE ( 'NONE', *, *, #7665, .T. ) ;
#1819 = VECTOR ( 'NONE', #68, 1000.000000000000000 ) ;
#1820 = LINE ( 'NONE', #6165, #4744 ) ;
#1821 = LINE ( 'NONE', #604, #7548 ) ;
#1822 = ORIENTED_EDGE ( 'NONE', *, *, #6238, .F. ) ;
#1823 = EDGE_LOOP ( 'NONE', ( #6290, #6421, #1408, #5156 ) ) ;
#1824 = DIRECTION ( 'NONE',  ( -6.829619984040905016E-16, -7.899236820207974901E-14, 1.000000000000000000 ) ) ;
#1825 = EDGE_CURVE ( 'NONE', #7591, #7280, #2484, .T. ) ;
#1826 = DIRECTION ( 'NONE',  ( 1.000000000000000000, 1.722632009336720063E-16, -7.400880780937477100E-16 ) ) ;
#1827 = CARTESIAN_POINT ( 'NONE',  ( 2.470000000000027729, 2.290456010312191815, -1.068415287893975663 ) ) ;
#1828 = VECTOR ( 'NONE', #1708, 1000.000000000000000 ) ;
#1829 = DIRECTION ( 'NONE',  ( -0.000000000000000000, 1.000000000000000000, -0.000000000000000000 ) ) ;
#1830 = ORIENTED_EDGE ( 'NONE', *, *, #3311, .F. ) ;
#1831 = ADVANCED_FACE ( 'NONE', ( #7627, #42 ), #1395, .F. ) ;
#1832 = ORIENTED_EDGE ( 'NONE', *, *, #6449, .F. ) ;
#1833 = EDGE_LOOP ( 'NONE', ( #2937, #6867, #3267, #8124 ) ) ;
#1834 = DIRECTION ( 'NONE',  ( -0.000000000000000000, 1.000000000000000000, -0.000000000000000000 ) ) ;
#1835 = AXIS2_PLACEMENT_3D ( 'NONE', #5532, #1163, #3714 ) ;
#1836 = AXIS2_PLACEMENT_3D ( 'NONE', #3353, #4591, #891 ) ;
#1837 = EDGE_CURVE ( 'NONE', #7366, #3858, #6973, .T. ) ;
#1838 = CARTESIAN_POINT ( 'NONE',  ( 0.9699999999999986411, 2.474178410326627109, -0.4637087234186793028 ) ) ;
#1839 = EDGE_CURVE ( 'NONE', #3245, #6730, #4484, .T. ) ;
#1840 = DIRECTION ( 'NONE',  ( 9.561467977824831532E-16, 2.220446049250319490E-16, -1.000000000000000000 ) ) ;
#1841 = CARTESIAN_POINT ( 'NONE',  ( 0.9700000000000541522, 1.975537752030187555, 0.3268746884626805294 ) ) ;
#1842 = VECTOR ( 'NONE', #4855, 1000.000000000000000 ) ;
#1843 = VECTOR ( 'NONE', #406, 1000.000000000000114 ) ;
#1844 = ORIENTED_EDGE ( 'NONE', *, *, #6989, .F. ) ;
#1845 = EDGE_CURVE ( 'NONE', #2612, #7306, #7014, .T. ) ;
#1846 = EDGE_LOOP ( 'NONE', ( #1862, #2514, #6231, #5367 ) ) ;
#1847 = ORIENTED_EDGE ( 'NONE', *, *, #4156, .F. ) ;
#1848 = CARTESIAN_POINT ( 'NONE',  ( 0.9699999999999986411, 2.471859312447933110, -0.4541518301459911977 ) ) ;
#1849 = CARTESIAN_POINT ( 'NONE',  ( 2.470000000000027729, -0.2359217314835682089, 1.492250000000493237 ) ) ;
#1850 = DIRECTION ( 'NONE',  ( -7.054589166432185917E-16, 5.551115123125740301E-16, 1.000000000000000000 ) ) ;
#1851 = ORIENTED_EDGE ( 'NONE', *, *, #7006, .T. ) ;
#1852 = ADVANCED_FACE ( 'NONE', ( #6304 ), #3773, .T. ) ;
#1853 = AXIS2_PLACEMENT_3D ( 'NONE', #4332, #5048, #6816 ) ;
#1854 = CIRCLE ( 'NONE', #2386, 2.110000000000000764 ) ;
#1855 = DIRECTION ( 'NONE',  ( -5.729747238077516113E-18, -1.000000000000000000, 3.497202527569202082E-15 ) ) ;
#1856 = FACE_OUTER_BOUND ( 'NONE', #4093, .T. ) ;
#1857 = VECTOR ( 'NONE', #1921, 1000.000000000000000 ) ;
#1858 = LINE ( 'NONE', #5776, #642 ) ;
#1859 = LINE ( 'NONE', #548, #1598 ) ;
#1860 = CARTESIAN_POINT ( 'NONE',  ( 2.450950000000007289, -1.575794341459019199, -1.197644138312789597 ) ) ;
#1861 = ORIENTED_EDGE ( 'NONE', *, *, #750, .F. ) ;
#1862 = ORIENTED_EDGE ( 'NONE', *, *, #2224, .T. ) ;
#1863 = DIRECTION ( 'NONE',  ( 0.000000000000000000, 1.000000000000000000, 0.000000000000000000 ) ) ;
#1864 = AXIS2_PLACEMENT_3D ( 'NONE', #5504, #7410, #1019 ) ;
#1865 = FACE_OUTER_BOUND ( 'NONE', #4300, .T. ) ;
#1866 = VECTOR ( 'NONE', #4283, 1000.000000000000000 ) ;
#1867 = EDGE_LOOP ( 'NONE', ( #6355, #6229, #1733, #2984 ) ) ;
#1868 = DIRECTION ( 'NONE',  ( 7.591233103568600577E-16, 0.2696926424169874825, -0.9629464567805122721 ) ) ;
#1869 = ORIENTED_EDGE ( 'NONE', *, *, #4659, .T. ) ;
#1870 = EDGE_LOOP ( 'NONE', ( #6465, #4819, #620, #1063 ) ) ;
#1871 = DIRECTION ( 'NONE',  ( -1.000000000000000000, 0.000000000000000000, 1.568022253951334609E-17 ) ) ;
#1872 = LINE ( 'NONE', #3765, #3447 ) ;
#1873 = VECTOR ( 'NONE', #7066, 1000.000000000000114 ) ;
#1874 = CARTESIAN_POINT ( 'NONE',  ( 0.9699999999999986411, 2.327085933562039521, -0.05286747059678187366 ) ) ;
#1875 = EDGE_CURVE ( 'NONE', #7045, #6032, #3162, .T. ) ;
#1876 = CARTESIAN_POINT ( 'NONE',  ( 0.9699999999999986411, 2.477361680291723101, -0.4515068968898167112 ) ) ;
#1877 = ORIENTED_EDGE ( 'NONE', *, *, #4856, .T. ) ;
#1878 = VERTEX_POINT ( 'NONE', #3239 ) ;
#1879 = ORIENTED_EDGE ( 'NONE', *, *, #4676, .T. ) ;
#1880 = CARTESIAN_POINT ( 'NONE',  ( 0.9843342201064364527, 2.300047294175100454, 0.1574800423556066420 ) ) ;
#1881 = VECTOR ( 'NONE', #7597, 999.9999999999998863 ) ;
#1882 = DIRECTION ( 'NONE',  ( -7.045293848761031274E-16, 0.1547000690826086933, 0.9879614813472415991 ) ) ;
#1883 = CYLINDRICAL_SURFACE ( 'NONE', #4229, 2.199999999999993516 ) ;
#1884 = DIRECTION ( 'NONE',  ( -1.068786975720299338E-15, 5.551115123125700858E-16, 1.000000000000000000 ) ) ;
#1885 = FACE_OUTER_BOUND ( 'NONE', #6931, .T. ) ;
#1886 = CIRCLE ( 'NONE', #2423, 1.229499999965364854 ) ;
#1887 = ADVANCED_FACE ( 'NONE', ( #5762 ), #5070, .T. ) ;
#1888 = EDGE_CURVE ( 'NONE', #3621, #5893, #6264, .T. ) ;
#1889 = ORIENTED_EDGE ( 'NONE', *, *, #1443, .F. ) ;
#1890 = ORIENTED_EDGE ( 'NONE', *, *, #1989, .F. ) ;
#1891 = VERTEX_POINT ( 'NONE', #1922 ) ;
#1892 = PLANE ( 'NONE',  #414 ) ;
#1893 = ORIENTED_EDGE ( 'NONE', *, *, #3007, .F. ) ;
#1894 = DIRECTION ( 'NONE',  ( -5.986776558089818140E-16, 0.4212021854523419484, 0.9069667683935123126 ) ) ;
#1895 = DIRECTION ( 'NONE',  ( 6.687960947605179555E-16, 0.5970492305973766900, -0.8022045974956019121 ) ) ;
#1896 = ADVANCED_FACE ( 'NONE', ( #4983 ), #5775, .T. ) ;
#1897 = EDGE_CURVE ( 'NONE', #1959, #6770, #7508, .T. ) ;
#1898 = DIRECTION ( 'NONE',  ( 0.000000000000000000, 0.3420201433256661039, -0.9396926207859094271 ) ) ;
#1899 = CARTESIAN_POINT ( 'NONE',  ( 0.9699999999999986411, 2.140667967656273429, -0.2325411859420839500 ) ) ;
#1900 = CYLINDRICAL_SURFACE ( 'NONE', #8062, 1.000000000000000888 ) ;
#1901 = VERTEX_POINT ( 'NONE', #6891 ) ;
#1902 = LINE ( 'NONE', #6942, #3721 ) ;
#1903 = ORIENTED_EDGE ( 'NONE', *, *, #2913, .F. ) ;
#1904 = LINE ( 'NONE', #7691, #22 ) ;
#1905 = CARTESIAN_POINT ( 'NONE',  ( 0.9700000000000541522, 2.243485895057573121, 0.2119955182379174019 ) ) ;
#1906 = ITEM_DEFINED_TRANSFORMATION ( 'NONE', 'NONE', #6775,  #4255 ) ;
#1907 = ORIENTED_EDGE ( 'NONE', *, *, #6033, .T. ) ;
#1908 = CARTESIAN_POINT ( 'NONE',  ( 0.9700000000000541522, 2.416638973676554780, 0.2657177383791342606 ) ) ;
#1909 = ORIENTED_EDGE ( 'NONE', *, *, #6098, .F. ) ;
#1910 = VERTEX_POINT ( 'NONE', #4439 ) ;
#1911 = CARTESIAN_POINT ( 'NONE',  ( 0.9699999999999986411, 2.483238627135203380, -0.4875612958556310161 ) ) ;
#1912 = CARTESIAN_POINT ( 'NONE',  ( 0.9843342201064364527, 2.215529865583626190, 0.2812557462896769778 ) ) ;
#1913 = DIRECTION ( 'NONE',  ( 3.882700225065658788E-16, -0.5000000000000253131, -0.8660254037844240527 ) ) ;
#1914 = COLOUR_RGB ( '',1.000000000000000000, 0.5019607843137254832, 0.2509803921568627416 ) ;
#1915 = FACE_OUTER_BOUND ( 'NONE', #8025, .T. ) ;
#1916 = CARTESIAN_POINT ( 'NONE',  ( 0.9843342201064364527, 2.422424264911876790, -0.01856281503725965010 ) ) ;
#1917 = EDGE_LOOP ( 'NONE', ( #412, #4891, #5211, #3838 ) ) ;
#1918 = VERTEX_POINT ( 'NONE', #6349 ) ;
#1919 = ORIENTED_EDGE ( 'NONE', *, *, #5835, .F. ) ;
#1920 = LINE ( 'NONE', #4482, #6871 ) ;
#1921 = DIRECTION ( 'NONE',  ( 1.000000000000000000, 1.722632009336720063E-16, -7.400880780937477100E-16 ) ) ;
#1922 = CARTESIAN_POINT ( 'NONE',  ( 2.450950000000007289, -2.337828492452564966, -0.9863637419448012533 ) ) ;
#1923 = CARTESIAN_POINT ( 'NONE',  ( 2.470000000000027729, -0.2359217314832628976, 1.963500000000416357 ) ) ;
#1924 = ORIENTED_EDGE ( 'NONE', *, *, #3854, .T. ) ;
#1925 = ORIENTED_EDGE ( 'NONE', *, *, #3303, .T. ) ;
#1926 = ORIENTED_EDGE ( 'NONE', *, *, #5621, .F. ) ;
#1927 = LINE ( 'NONE', #3210, #2477 ) ;
#1928 = VERTEX_POINT ( 'NONE', #7130 ) ;
#1929 = CARTESIAN_POINT ( 'NONE',  ( 0.9843342201064364527, 2.521531062727539130, -0.1842807336881469027 ) ) ;
#1930 = LINE ( 'NONE', #4449, #5792 ) ;
#1931 = EDGE_CURVE ( 'NONE', #3662, #3685, #318, .T. ) ;
#1932 = VECTOR ( 'NONE', #3641, 1000.000000000000000 ) ;
#1933 = LINE ( 'NONE', #4450, #6298 ) ;
#1934 = EDGE_LOOP ( 'NONE', ( #4533, #7878, #633, #6923 ) ) ;
#1935 = ADVANCED_FACE ( 'NONE', ( #5971 ), #6589, .T. ) ;
#1936 = VECTOR ( 'NONE', #7074, 1000.000000000000000 ) ;
#1937 = DIRECTION ( 'NONE',  ( 1.000000000000000000, 3.110410790118177818E-16, -7.400880780937398214E-16 ) ) ;
#1938 = ORIENTED_EDGE ( 'NONE', *, *, #2458, .F. ) ;
#1939 = DIRECTION ( 'NONE',  ( -6.845769268624692740E-16, 5.551115123125739315E-16, 1.000000000000000000 ) ) ;
#1940 = VERTEX_POINT ( 'NONE', #2828 ) ;
#1941 = EDGE_CURVE ( 'NONE', #7033, #961, #1815, .T. ) ;
#1942 = EDGE_CURVE ( 'NONE', #7350, #2858, #232, .T. ) ;
#1943 = CARTESIAN_POINT ( 'NONE',  ( 2.469999999999972218, -0.1043506507305280717, 1.963500000000506507 ) ) ;
#1944 = VECTOR ( 'NONE', #455, 1000.000000000000000 ) ;
#1945 = APPLICATION_PROTOCOL_DEFINITION ( 'draft international standard', 'automotive_design', 1998, #4603 ) ;
#1946 = EDGE_CURVE ( 'NONE', #2468, #7029, #6471, .T. ) ;
#1947 = CARTESIAN_POINT ( 'NONE',  ( 120.0000000000000284, -9.999999999999953815, 185.4436021838136242 ) ) ;
#1948 = VERTEX_POINT ( 'NONE', #1510 ) ;
#1949 = VECTOR ( 'NONE', #2125, 1000.000000000000000 ) ;
#1950 = VERTEX_POINT ( 'NONE', #1546 ) ;
#1951 = PLANE ( 'NONE',  #2325 ) ;
#1952 = EDGE_CURVE ( 'NONE', #5522, #8122, #3404, .T. ) ;
#1953 = CARTESIAN_POINT ( 'NONE',  ( 1.102182119232617753E-14, -10.00000000000000888, 84.40996438382939004 ) ) ;
#1954 = LINE ( 'NONE', #3733, #7770 ) ;
#1955 = CARTESIAN_POINT ( 'NONE',  ( 0.9700000000000541522, 1.975537752030215310, -7.167110113726060661E-06 ) ) ;
#1956 = AXIS2_PLACEMENT_3D ( 'NONE', #3523, #6169, #6048 ) ;
#1957 = ORIENTED_EDGE ( 'NONE', *, *, #1734, .F. ) ;
#1958 = ORIENTED_EDGE ( 'NONE', *, *, #931, .F. ) ;
#1959 = VERTEX_POINT ( 'NONE', #1586 ) ;
#1960 = FACE_OUTER_BOUND ( 'NONE', #785, .T. ) ;
#1961 = AXIS2_PLACEMENT_3D ( 'NONE', #2070, #4590, #2818 ) ;
#1962 = PLANE ( 'NONE',  #1590 ) ;
#1963 = DIRECTION ( 'NONE',  ( 6.845769268624693726E-16, -5.551115123125739315E-16, -1.000000000000000000 ) ) ;
#1964 = CARTESIAN_POINT ( 'NONE',  ( 2.450949999999951778, -1.792384863908286219, -0.8224983489919512891 ) ) ;
#1965 = VECTOR ( 'NONE', #2180, 1000.000000000000114 ) ;
#1966 = VERTEX_POINT ( 'NONE', #2746 ) ;
#1967 = VECTOR ( 'NONE', #7834, 1000.000000000000000 ) ;
#1968 = VERTEX_POINT ( 'NONE', #4685 ) ;
#1969 = ORIENTED_EDGE ( 'NONE', *, *, #701, .T. ) ;
#1970 = LINE ( 'NONE', #7594, #3266 ) ;
#1971 = VERTEX_POINT ( 'NONE', #4103 ) ;
#1972 = PLANE ( 'NONE',  #1369 ) ;
#1973 = DIRECTION ( 'NONE',  ( -1.000000000000000000, -1.722632009336720063E-16, 7.400880780937477100E-16 ) ) ;
#1974 = AXIS2_PLACEMENT_3D ( 'NONE', #7034, #5870, #4466 ) ;
#1975 = CIRCLE ( 'NONE', #2629, 3.175000000000029576 ) ;
#1976 = DIRECTION ( 'NONE',  ( 0.000000000000000000, 1.000000000000000000, -6.123233995736766036E-17 ) ) ;
#1977 = EDGE_CURVE ( 'NONE', #3135, #1551, #982, .T. ) ;
#1978 = ORIENTED_EDGE ( 'NONE', *, *, #2440, .F. ) ;
#1979 = CARTESIAN_POINT ( 'NONE',  ( -37.55515787506016068, -7.800000000000013145, -5.443602183813634809 ) ) ;
#1980 = AXIS2_PLACEMENT_3D ( 'NONE', #3553, #2184, #6119 ) ;
#1981 = VECTOR ( 'NONE', #3989, 1000.000000000000000 ) ;
#1982 = DIRECTION ( 'NONE',  ( -1.000000000000000000, -2.000187765493021278E-16, 7.400880780937300593E-16 ) ) ;
#1983 = ORIENTED_EDGE ( 'NONE', *, *, #2400, .F. ) ;
#1984 = CARTESIAN_POINT ( 'NONE',  ( 64.03805922287433816, 0.000000000000000000, 104.0338815542511668 ) ) ;
#1985 = ORIENTED_EDGE ( 'NONE', *, *, #1255, .T. ) ;
#1986 = CARTESIAN_POINT ( 'NONE',  ( 64.03805922287450869, -1.199999999999999956, 12.11000000000001187 ) ) ;
#1987 = AXIS2_PLACEMENT_3D ( 'NONE', #4823, #5948, #5411 ) ;
#1988 = FACE_OUTER_BOUND ( 'NONE', #4978, .T. ) ;
#1989 = EDGE_CURVE ( 'NONE', #7735, #5694, #6173, .T. ) ;
#1990 = VECTOR ( 'NONE', #272, 1000.000000000000000 ) ;
#1991 = EDGE_CURVE ( 'NONE', #695, #6817, #155, .T. ) ;
#1992 = ADVANCED_FACE ( 'NONE', ( #7833 ), #2670, .F. ) ;
#1993 = EDGE_LOOP ( 'NONE', ( #1145, #1778, #1282, #6739 ) ) ;
#1994 = ORIENTED_EDGE ( 'NONE', *, *, #958, .T. ) ;
#1995 = DIRECTION ( 'NONE',  ( -1.000000000000000000, -2.000187765493021278E-16, 7.400880780937300593E-16 ) ) ;
#1996 = LINE ( 'NONE', #1912, #1081 ) ;
#1997 = CARTESIAN_POINT ( 'NONE',  ( 0.9843342201064364527, 2.502887340387116577, -0.4560289252518168190 ) ) ;
#1998 = DIRECTION ( 'NONE',  ( 0.000000000000000000, -0.9396926207859093161, -0.3420201433256660484 ) ) ;
#1999 = EDGE_CURVE ( 'NONE', #1243, #4956, #7792, .T. ) ;
#2000 = AXIS2_PLACEMENT_3D ( 'NONE', #1620, #5465, #2284 ) ;
#2001 = DIRECTION ( 'NONE',  ( 1.724048793547733205E-16, -0.8971293181887333157, -0.4417680233405519297 ) ) ;
#2002 = EDGE_CURVE ( 'NONE', #49, #7355, #3446, .T. ) ;
#2003 = VERTEX_POINT ( 'NONE', #7085 ) ;
#2004 = DIRECTION ( 'NONE',  ( 1.445076253180178246E-16, 1.000000000000000000, -5.551115123125738329E-16 ) ) ;
#2005 = ORIENTED_EDGE ( 'NONE', *, *, #3663, .T. ) ;
#2006 = ORIENTED_EDGE ( 'NONE', *, *, #5933, .T. ) ;
#2007 = CARTESIAN_POINT ( 'NONE',  ( -1.351230921470203127E-15, -8.800000000000013145, -5.443602183813635698 ) ) ;
#2008 = CARTESIAN_POINT ( 'NONE',  ( 0.000000000000000000, -10.00000000000001421, 5.590035616170625943 ) ) ;
#2009 = LINE ( 'NONE', #7585, #1719 ) ;
#2010 = CIRCLE ( 'NONE', #6103, 2.100000000000019629 ) ;
#2011 = CARTESIAN_POINT ( 'NONE',  ( 0.9699999999999986411, 2.374112209465178758, -0.05286747059585206188 ) ) ;
#2012 = CARTESIAN_POINT ( 'NONE',  ( 140.1033255933994042, -7.799999999999994493, 185.4436021838136242 ) ) ;
#2013 = COLOUR_RGB ( '',1.000000000000000000, 0.5019607843137254832, 0.2509803921568627416 ) ;
#2014 = ORIENTED_EDGE ( 'NONE', *, *, #3549, .T. ) ;
#2015 = ORIENTED_EDGE ( 'NONE', *, *, #3941, .T. ) ;
#2016 = EDGE_LOOP ( 'NONE', ( #5599, #2927, #2918, #3696 ) ) ;
#2017 = ORIENTED_EDGE ( 'NONE', *, *, #1137, .T. ) ;
#2018 = CARTESIAN_POINT ( 'NONE',  ( 7.000000000000000000, -10.00000000000001421, -9.909964383829379386 ) ) ;
#2019 = CARTESIAN_POINT ( 'NONE',  ( 0.9699999999999986411, 2.521531062727372152, -0.3948934297109130132 ) ) ;
#2020 = AXIS2_PLACEMENT_3D ( 'NONE', #1682, #627, #4947 ) ;
#2021 = DIRECTION ( 'NONE',  ( 0.000000000000000000, 0.000000000000000000, -1.000000000000000000 ) ) ;
#2022 = AXIS2_PLACEMENT_3D ( 'NONE', #5679, #6959, #5756 ) ;
#2023 = LINE ( 'NONE', #1447, #5680 ) ;
#2024 = EDGE_LOOP ( 'NONE', ( #3399, #6354, #7312, #6136 ) ) ;
#2025 = CARTESIAN_POINT ( 'NONE',  ( 0.000000000000000000, -7.800000000000013145, -5.443602183813634809 ) ) ;
#2026 = ORIENTED_EDGE ( 'NONE', *, *, #4669, .T. ) ;
#2027 = CARTESIAN_POINT ( 'NONE',  ( 80.00000000000004263, -9.999999999999980460, 199.4099643838293616 ) ) ;
#2028 = EDGE_CURVE ( 'NONE', #183, #4273, #1428, .T. ) ;
#2029 = CARTESIAN_POINT ( 'NONE',  ( 5.689893001203927270E-11, 0.000000000000000000, 0.000000000000000000 ) ) ;
#2030 = ORIENTED_EDGE ( 'NONE', *, *, #4294, .T. ) ;
#2031 = LINE ( 'NONE', #1947, #933 ) ;
#2032 = ORIENTED_EDGE ( 'NONE', *, *, #221, .T. ) ;
#2033 = EDGE_LOOP ( 'NONE', ( #1754, #7017, #3276, #5389 ) ) ;
#2034 = CARTESIAN_POINT ( 'NONE',  ( 0.9699999999999986411, 2.521531062727372152, -0.3948934297109130132 ) ) ;
#2035 = FACE_OUTER_BOUND ( 'NONE', #6147, .T. ) ;
#2036 = EDGE_CURVE ( 'NONE', #6109, #1514, #197, .T. ) ;
#2037 = DIRECTION ( 'NONE',  ( 6.758753175277436510E-16, 0.1838112450280011134, -0.9829615588624288636 ) ) ;
#2038 = CARTESIAN_POINT ( 'NONE',  ( 0.000000000000000000, -8.800000000000002487, -5.590035616170656141 ) ) ;
#2039 = ORIENTED_EDGE ( 'NONE', *, *, #2961, .F. ) ;
#2040 = DIRECTION ( 'NONE',  ( 5.679160623960453748E-16, -0.4776621095428466579, -0.8785436295979145438 ) ) ;
#2041 = VERTEX_POINT ( 'NONE', #4020 ) ;
#2042 = EDGE_CURVE ( 'NONE', #2217, #853, #5227, .T. ) ;
#2043 = CONICAL_SURFACE ( 'NONE', #3362, 1.499999999964541475, 0.7853981632923773271 ) ;
#2044 = DIRECTION ( 'NONE',  ( 0.000000000000000000, 0.000000000000000000, 1.000000000000000000 ) ) ;
#2045 = CARTESIAN_POINT ( 'NONE',  ( 5.689939657365778001E-11, -1.499999999964546804, 5.245803791229815487E-15 ) ) ;
#2046 = DIRECTION ( 'NONE',  ( -1.167520497023887139E-16, -1.000000000000000000, 2.886579864025370323E-15 ) ) ;
#2047 = ADVANCED_FACE ( 'NONE', ( #4601, #3983 ), #866, .T. ) ;
#2048 = ADVANCED_FACE ( 'NONE', ( #3572 ), #2326, .F. ) ;
#2049 = EDGE_LOOP ( 'NONE', ( #2030, #6259, #5412, #3895, #2491, #2575 ) ) ;
#2050 = ORIENTED_EDGE ( 'NONE', *, *, #2341, .T. ) ;
#2051 = EDGE_CURVE ( 'NONE', #3814, #6628, #5394, .T. ) ;
#2052 = ORIENTED_EDGE ( 'NONE', *, *, #5014, .F. ) ;
#2053 = CARTESIAN_POINT ( 'NONE',  ( 75.00000000000002842, -1.447555684683534460, -2.067323765729000229 ) ) ;
#2054 = DIRECTION ( 'NONE',  ( -1.000000000000000000, -2.000187765493021278E-16, 7.400880780937300593E-16 ) ) ;
#2055 = ORIENTED_EDGE ( 'NONE', *, *, #2992, .F. ) ;
#2056 = FILL_AREA_STYLE ('',( #1484 ) ) ;
#2057 = CARTESIAN_POINT ( 'NONE',  ( 87.00000000000004263, -8.799999999999998934, 192.4099643838293332 ) ) ;
#2058 = ORIENTED_EDGE ( 'NONE', *, *, #186, .F. ) ;
#2059 = CARTESIAN_POINT ( 'NONE',  ( 80.00000000000001421, -1.199999999999999956, 135.0000000000000000 ) ) ;
#2060 = VERTEX_POINT ( 'NONE', #4268 ) ;
#2061 = DIRECTION ( 'NONE',  ( -1.172565486536605705E-16, 0.9628491381317996201, 0.2700398807562516823 ) ) ;
#2062 = CARTESIAN_POINT ( 'NONE',  ( 0.000000000000000000, -1.199999999999999956, 180.0000000000000000 ) ) ;
#2063 = VECTOR ( 'NONE', #5345, 1000.000000000000000 ) ;
#2064 = ORIENTED_EDGE ( 'NONE', *, *, #6736, .T. ) ;
#2065 = CARTESIAN_POINT ( 'NONE',  ( 64.03805922287450869, 0.000000000000000000, 10.00000000000001066 ) ) ;
#2066 = VERTEX_POINT ( 'NONE', #6674 ) ;
#2067 = ORIENTED_EDGE ( 'NONE', *, *, #5581, .F. ) ;
#2068 = CARTESIAN_POINT ( 'NONE',  ( 1.102182119232617753E-14, 0.000000000000000000, 90.00000000000000000 ) ) ;
#2069 = VECTOR ( 'NONE', #4930, 1000.000000000000000 ) ;
#2070 = CARTESIAN_POINT ( 'NONE',  ( 0.9699999999999986411, 2.523629592551285050, 0.03526031801355522521 ) ) ;
#2071 = LINE ( 'NONE', #7825, #2768 ) ;
#2072 = DIRECTION ( 'NONE',  ( -1.000000000000000000, -2.000187765493021278E-16, 7.400880780937300593E-16 ) ) ;
#2073 = EDGE_LOOP ( 'NONE', ( #3931, #1215, #465, #7859 ) ) ;
#2074 = COLOUR_RGB ( '',1.000000000000000000, 0.5019607843137254832, 0.2509803921568627416 ) ;
#2075 = EDGE_CURVE ( 'NONE', #5086, #4178, #6011, .T. ) ;
#2076 = PLANE ( 'NONE',  #3716 ) ;
#2077 = VERTEX_POINT ( 'NONE', #3615 ) ;
#2078 = DIRECTION ( 'NONE',  ( 6.845769268624692740E-16, -5.551115123125739315E-16, -1.000000000000000000 ) ) ;
#2079 = FACE_BOUND ( 'NONE', #1246, .T. ) ;
#2080 = CARTESIAN_POINT ( 'NONE',  ( 2.470000000000027729, -2.192195559948734385, -1.053329161976146455 ) ) ;
#2081 = DIRECTION ( 'NONE',  ( -5.450653880985942047E-16, 0.1293109790941140702, 0.9916040896878762778 ) ) ;
#2082 = PLANE ( 'NONE',  #2624 ) ;
#2083 = VECTOR ( 'NONE', #3612, 1000.000000000000000 ) ;
#2084 = EDGE_CURVE ( 'NONE', #3135, #6873, #7919, .T. ) ;
#2085 = ORIENTED_EDGE ( 'NONE', *, *, #7652, .T. ) ;
#2086 = EDGE_CURVE ( 'NONE', #6234, #6139, #6051, .T. ) ;
#2087 = ORIENTED_EDGE ( 'NONE', *, *, #859, .T. ) ;
#2088 = ORIENTED_EDGE ( 'NONE', *, *, #1640, .T. ) ;
#2089 = EDGE_CURVE ( 'NONE', #2535, #4166, #3526, .T. ) ;
#2090 = VECTOR ( 'NONE', #687, 1000.000000000000000 ) ;
#2091 = FACE_OUTER_BOUND ( 'NONE', #5732, .T. ) ;
#2092 = CARTESIAN_POINT ( 'NONE',  ( 2.450950000000062801, -1.848407460854489814, -1.067178545096830744 ) ) ;
#2093 = DIRECTION ( 'NONE',  ( 1.000000000000000000, 0.000000000000000000, 0.000000000000000000 ) ) ;
#2094 = EDGE_CURVE ( 'NONE', #5489, #884, #7411, .T. ) ;
#2095 = AXIS2_PLACEMENT_3D ( 'NONE', #3485, #2205, #4725 ) ;
#2096 = ORIENTED_EDGE ( 'NONE', *, *, #6196, .F. ) ;
#2097 = LINE ( 'NONE', #7145, #368 ) ;
#2098 = EDGE_CURVE ( 'NONE', #1389, #1022, #4227, .T. ) ;
#2099 = DIRECTION ( 'NONE',  ( 0.000000000000000000, 0.000000000000000000, 1.000000000000000000 ) ) ;
#2100 = EDGE_LOOP ( 'NONE', ( #1386, #4124, #3367, #5315 ) ) ;
#2101 = AXIS2_PLACEMENT_3D ( 'NONE', #1481, #4029, #7882 ) ;
#2102 = CIRCLE ( 'NONE', #3284, 2.637500000000020606 ) ;
#2103 = LINE ( 'NONE', #4626, #1361 ) ;
#2104 = DIRECTION ( 'NONE',  ( 0.000000000000000000, 0.000000000000000000, -1.000000000000000000 ) ) ;
#2105 = CARTESIAN_POINT ( 'NONE',  ( 80.00000000000002842, -9.999999999999953815, 174.4099643838293900 ) ) ;
#2106 = VECTOR ( 'NONE', #1028, 1000.000000000000000 ) ;
#2107 = COLOUR_RGB ( '',1.000000000000000000, 0.5019607843137254832, 0.2509803921568627416 ) ;
#2108 = ORIENTED_EDGE ( 'NONE', *, *, #1897, .F. ) ;
#2109 = CARTESIAN_POINT ( 'NONE',  ( 0.9699999999999986411, 2.483238627135203380, -0.4875612958556310161 ) ) ;
#2110 = VERTEX_POINT ( 'NONE', #8086 ) ;
#2111 = VERTEX_POINT ( 'NONE', #5471 ) ;
#2112 = DIRECTION ( 'NONE',  ( -1.000000000000000000, -1.722632009336712421E-16, 4.625323219374409242E-16 ) ) ;
#2113 = VECTOR ( 'NONE', #1569, 1000.000000000000000 ) ;
#2114 = AXIS2_PLACEMENT_3D ( 'NONE', #5149, #4399, #7672 ) ;
#2115 = DIRECTION ( 'NONE',  ( 2.257209894334906016E-16, 0.9887062354961986266, -0.1498665402647817169 ) ) ;
#2116 = SHAPE_REPRESENTATION ( '550-00201-00', ( #1240, #6907, #6775, #3205, #714, #5982, #2813, #3869 ), #4789 ) ;
#2117 = DIRECTION ( 'NONE',  ( 1.000000000000000000, 2.000187765493021278E-16, -7.400880780937300593E-16 ) ) ;
#2118 = VECTOR ( 'NONE', #7870, 1000.000000000000000 ) ;
#2119 = PLANE ( 'NONE',  #5759 ) ;
#2120 = DIRECTION ( 'NONE',  ( -1.000000000000000000, 1.150791560227851995E-16, 4.188538737676959717E-17 ) ) ;
#2121 = EDGE_LOOP ( 'NONE', ( #351, #7228, #3859, #7606 ) ) ;
#2122 = CARTESIAN_POINT ( 'NONE',  ( 110.0000000000000426, -1.224646799147322569E-18, 58.07194077712566838 ) ) ;
#2123 = FACE_BOUND ( 'NONE', #1126, .T. ) ;
#2124 = DIRECTION ( 'NONE',  ( 1.000000000000000000, 2.000187765493021278E-16, -7.400880780937300593E-16 ) ) ;
#2125 = DIRECTION ( 'NONE',  ( 0.000000000000000000, 1.000000000000000000, 0.000000000000000000 ) ) ;
#2126 = VECTOR ( 'NONE', #2290, 1000.000000000000000 ) ;
#2127 = FACE_OUTER_BOUND ( 'NONE', #1241, .T. ) ;
#2128 = ADVANCED_FACE ( 'NONE', ( #5555, #4932 ), #1750, .F. ) ;
#2129 = EDGE_LOOP ( 'NONE', ( #4584, #3128, #6454, #1592 ) ) ;
#2130 = EDGE_LOOP ( 'NONE', ( #4763, #5110 ) ) ;
#2131 = ORIENTED_EDGE ( 'NONE', *, *, #5784, .F. ) ;
#2132 = FACE_OUTER_BOUND ( 'NONE', #3070, .T. ) ;
#2133 = AXIS2_PLACEMENT_3D ( 'NONE', #6045, #4681, #3519 ) ;
#2134 = CARTESIAN_POINT ( 'NONE',  ( 0.9700000000000541522, 2.324442703374090868, 0.3948905628676988022 ) ) ;
#2135 = DIRECTION ( 'NONE',  ( -2.208597309011063731E-16, 0.8660254037844428154, 0.4999999999999927280 ) ) ;
#2136 = CARTESIAN_POINT ( 'NONE',  ( 0.9700000000000541522, 2.273044490338632428, 0.1765801039627645785 ) ) ;
#2137 = EDGE_CURVE ( 'NONE', #4829, #2314, #1786, .T. ) ;
#2138 = EDGE_CURVE ( 'NONE', #4751, #6913, #6834, .T. ) ;
#2139 = CIRCLE ( 'NONE', #7553, 1.499999999964547026 ) ;
#2140 = VERTEX_POINT ( 'NONE', #7363 ) ;
#2141 = DIRECTION ( 'NONE',  ( 4.793297072451616343E-16, 0.8660254037844387076, -0.5000000000000001110 ) ) ;
#2142 = PLANE ( 'NONE',  #4351 ) ;
#2143 = ORIENTED_EDGE ( 'NONE', *, *, #1387, .T. ) ;
#2144 = AXIS2_PLACEMENT_3D ( 'NONE', #7929, #5941, #2135 ) ;
#2145 = EDGE_CURVE ( 'NONE', #7033, #1389, #6095, .T. ) ;
#2146 = DIRECTION ( 'NONE',  ( 1.000000000000000000, 2.000187765493021278E-16, -7.400880780937300593E-16 ) ) ;
#2147 = DIRECTION ( 'NONE',  ( -1.000000000000000000, -1.722632009336724254E-16, 4.070211707061878303E-16 ) ) ;
#2148 = EDGE_CURVE ( 'NONE', #2111, #4209, #116, .T. ) ;
#2149 = EDGE_CURVE ( 'NONE', #3664, #1910, #1141, .T. ) ;
#2150 = FACE_OUTER_BOUND ( 'NONE', #571, .T. ) ;
#2151 = ORIENTED_EDGE ( 'NONE', *, *, #7332, .T. ) ;
#2152 = CARTESIAN_POINT ( 'NONE',  ( 0.9700000000000541522, 2.466484790674877914, 0.1704206895832005575 ) ) ;
#2153 = ORIENTED_EDGE ( 'NONE', *, *, #3102, .F. ) ;
#2154 = ORIENTED_EDGE ( 'NONE', *, *, #6741, .F. ) ;
#2155 = CARTESIAN_POINT ( 'NONE',  ( 0.9699999999999986411, 2.474178410326627109, -0.4637087234186793028 ) ) ;
#2156 = DIRECTION ( 'NONE',  ( 0.000000000000000000, 0.000000000000000000, 1.000000000000000000 ) ) ;
#2157 = DIRECTION ( 'NONE',  ( 4.992923249691015501E-16, -0.4999999999999992228, -0.8660254037844391517 ) ) ;
#2158 = CARTESIAN_POINT ( 'NONE',  ( 2.470000000000055707, 1.827983448570907887, -0.9620582320193360459 ) ) ;
#2159 = VERTEX_POINT ( 'NONE', #2291 ) ;
#2160 = CYLINDRICAL_SURFACE ( 'NONE', #2638, 2.500000000000002220 ) ;
#2161 = CARTESIAN_POINT ( 'NONE',  ( 113.0000000000000284, -8.800000000000002487, 189.9099643838293332 ) ) ;
#2162 = CARTESIAN_POINT ( 'NONE',  ( 0.000000000000000000, -2.199999999999999734, 7.347880794884117764E-17 ) ) ;
#2163 = CARTESIAN_POINT ( 'NONE',  ( 0.9699999999999986411, 2.521531062727539130, -0.07459528143340110606 ) ) ;
#2164 = UNCERTAINTY_MEASURE_WITH_UNIT (LENGTH_MEASURE( 1.000000000000000082E-05 ), #3620, 'distance_accuracy_value', 'NONE');
#2165 = ORIENTED_EDGE ( 'NONE', *, *, #4362, .F. ) ;
#2166 = CARTESIAN_POINT ( 'NONE',  ( 0.9700000000000541522, 2.332881258751001496, 0.1446480485159939988 ) ) ;
#2167 = ORIENTED_EDGE ( 'NONE', *, *, #6396, .F. ) ;
#2168 = LINE ( 'NONE', #7927, #7340 ) ;
#2169 = EDGE_CURVE ( 'NONE', #4987, #3626, #4142, .T. ) ;
#2170 = LINE ( 'NONE', #5979, #4616 ) ;
#2171 = PLANE ( 'NONE',  #7285 ) ;
#2172 = CARTESIAN_POINT ( 'NONE',  ( 0.9843342201064364527, 2.478836439541471037, -0.4482944105899944187 ) ) ;
#2173 = STYLED_ITEM ( 'NONE', ( #4849 ), #35 ) ;
#2174 = DIRECTION ( 'NONE',  ( -1.803624015214571918E-16, 0.8554820535829624761, 0.5178324593895956562 ) ) ;
#2175 = FACE_OUTER_BOUND ( 'NONE', #482, .T. ) ;
#2176 = DIRECTION ( 'NONE',  ( 6.394802481825513173E-17, -0.9514311915324672464, -0.3078614749836516840 ) ) ;
#2177 = ADVANCED_FACE ( 'NONE', ( #1663 ), #2953, .F. ) ;
#2178 = ORIENTED_EDGE ( 'NONE', *, *, #6280, .T. ) ;
#2179 = CARTESIAN_POINT ( 'NONE',  ( 2.470000000130311069, -1.400939140903011491E-13, -2.984499999910989132 ) ) ;
#2180 = DIRECTION ( 'NONE',  ( 4.619824724853955355E-16, 0.8660254037844390407, -0.4999999999999991673 ) ) ;
#2181 = DIRECTION ( 'NONE',  ( -1.000000000000000000, 0.000000000000000000, 5.551115123125779744E-16 ) ) ;
#2182 = EDGE_CURVE ( 'NONE', #4847, #6679, #7997, .T. ) ;
#2183 = ORIENTED_EDGE ( 'NONE', *, *, #6729, .T. ) ;
#2184 = DIRECTION ( 'NONE',  ( 0.000000000000000000, 1.000000000000000000, 0.000000000000000000 ) ) ;
#2185 = ADVANCED_FACE ( 'NONE', ( #7618 ), #6957, .F. ) ;
#2186 = DIRECTION ( 'NONE',  ( 0.000000000000000000, 0.000000000000000000, -1.000000000000000000 ) ) ;
#2187 = ORIENTED_EDGE ( 'NONE', *, *, #4108, .F. ) ;
#2188 = EDGE_CURVE ( 'NONE', #193, #8098, #565, .T. ) ;
#2189 = ORIENTED_EDGE ( 'NONE', *, *, #6684, .F. ) ;
#2190 = DIRECTION ( 'NONE',  ( -4.645108056928707144E-16, 0.6322109769216978092, 0.7747962833285357842 ) ) ;
#2191 = PLANE ( 'NONE',  #1836 ) ;
#2192 = VECTOR ( 'NONE', #2240, 1000.000000000000000 ) ;
#2193 = ADVANCED_FACE ( 'NONE', ( #8165 ), #3806, .F. ) ;
#2194 = DIRECTION ( 'NONE',  ( 0.000000000000000000, 0.000000000000000000, -1.000000000000000000 ) ) ;
#2195 = ORIENTED_EDGE ( 'NONE', *, *, #338, .F. ) ;
#2196 = CYLINDRICAL_SURFACE ( 'NONE', #3252, 0.1723194039403193323 ) ;
#2197 = LINE ( 'NONE', #2822, #3055 ) ;
#2198 = ORIENTED_EDGE ( 'NONE', *, *, #2965, .T. ) ;
#2199 = EDGE_CURVE ( 'NONE', #1901, #2883, #7538, .T. ) ;
#2200 = VERTEX_POINT ( 'NONE', #6255 ) ;
#2201 = DIRECTION ( 'NONE',  ( 1.000000000000000000, -5.595620758047739225E-31, -1.286904669755700108E-30 ) ) ;
#2202 = DIRECTION ( 'NONE',  ( 0.000000000000000000, 0.000000000000000000, 1.000000000000000000 ) ) ;
#2203 = DIRECTION ( 'NONE',  ( 1.000000000000000000, 2.000187765493021278E-16, -7.400880780937300593E-16 ) ) ;
#2204 = DIRECTION ( 'NONE',  ( -7.498798913309289408E-33, 0.3420201433256661594, 0.9396926207859093161 ) ) ;
#2205 = DIRECTION ( 'NONE',  ( -1.445076253180178246E-16, -1.000000000000000000, 5.551115123125738329E-16 ) ) ;
#2206 = AXIS2_PLACEMENT_3D ( 'NONE', #3540, #7303, #5486 ) ;
#2207 = ORIENTED_EDGE ( 'NONE', *, *, #8118, .F. ) ;
#2208 = DIRECTION ( 'NONE',  ( 1.000000000000000000, 2.000187765493021278E-16, -7.400880780937300593E-16 ) ) ;
#2209 = VERTEX_POINT ( 'NONE', #7663 ) ;
#2210 = DIRECTION ( 'NONE',  ( 1.000000000000000000, 0.000000000000000000, 0.000000000000000000 ) ) ;
#2211 = CARTESIAN_POINT ( 'NONE',  ( 0.9699999999999986411, 2.486422737122351290, -0.4626929670481366719 ) ) ;
#2212 = AXIS2_PLACEMENT_3D ( 'NONE', #7169, #6634, #944 ) ;
#2213 = DIRECTION ( 'NONE',  ( 0.000000000000000000, 1.774149009521734761E-15, -1.000000000000000000 ) ) ;
#2214 = LINE ( 'NONE', #2262, #7787 ) ;
#2215 = CARTESIAN_POINT ( 'NONE',  ( 2.450949999999840756, -0.1043506507302505160, 2.417505155565546904 ) ) ;
#2216 = CIRCLE ( 'NONE', #5783, 1.000000000000000888 ) ;
#2217 = VERTEX_POINT ( 'NONE', #1997 ) ;
#2218 = FACE_OUTER_BOUND ( 'NONE', #6092, .T. ) ;
#2219 = CARTESIAN_POINT ( 'NONE',  ( 0.9699999999999986411, 2.484843852219587035, -0.4603639524410063633 ) ) ;
#2220 = VERTEX_POINT ( 'NONE', #5754 ) ;
#2221 =( NAMED_UNIT ( * ) PLANE_ANGLE_UNIT ( ) SI_UNIT ( $, .RADIAN. ) );
#2222 = LINE ( 'NONE', #3998, #3419 ) ;
#2223 = AXIS2_PLACEMENT_3D ( 'NONE', #6758, #1102, #3616 ) ;
#2224 = EDGE_CURVE ( 'NONE', #3971, #1097, #2495, .T. ) ;
#2225 = AXIS2_PLACEMENT_3D ( 'NONE', #2759, #244, #364 ) ;
#2226 = VERTEX_POINT ( 'NONE', #8127 ) ;
#2227 = AXIS2_PLACEMENT_3D ( 'NONE', #6821, #4878, #1171 ) ;
#2228 = CARTESIAN_POINT ( 'NONE',  ( 2.199500000017450496, 1.935043883257741599E-13, -1.229499999965133261 ) ) ;
#2229 = ORIENTED_EDGE ( 'NONE', *, *, #4922, .T. ) ;
#2230 = ORIENTED_EDGE ( 'NONE', *, *, #3140, .F. ) ;
#2231 = EDGE_CURVE ( 'NONE', #4279, #2110, #5633, .T. ) ;
#2232 = CARTESIAN_POINT ( 'NONE',  ( 120.0000000000000284, -2.199999999999999734, 180.0000000000000000 ) ) ;
#2233 = VECTOR ( 'NONE', #1498, 1000.000000000000000 ) ;
#2234 = CARTESIAN_POINT ( 'NONE',  ( 115.0000000000000142, -9.999999999999980460, 199.4099643838293616 ) ) ;
#2235 = MECHANICAL_DESIGN_GEOMETRIC_PRESENTATION_REPRESENTATION (  '', ( #1064 ), #3560 ) ;
#2236 = EDGE_CURVE ( 'NONE', #1971, #6913, #1954, .T. ) ;
#2237 = EDGE_CURVE ( 'NONE', #7513, #3360, #7002, .T. ) ;
#2238 = CARTESIAN_POINT ( 'NONE',  ( 57.43433438049128625, -20.02048139190353027, 67.91929025398985686 ) ) ;
#2239 = ORIENTED_EDGE ( 'NONE', *, *, #5829, .F. ) ;
#2240 = DIRECTION ( 'NONE',  ( 3.399077683617227228E-32, -0.3420201433256661594, -0.9396926207859093161 ) ) ;
#2241 = LINE ( 'NONE', #1053, #1602 ) ;
#2242 = VERTEX_POINT ( 'NONE', #3691 ) ;
#2243 = VECTOR ( 'NONE', #6864, 1000.000000000000114 ) ;
#2244 = AXIS2_PLACEMENT_3D ( 'NONE', #5585, #4382, #2865 ) ;
#2245 = VERTEX_POINT ( 'NONE', #6215 ) ;
#2246 = CARTESIAN_POINT ( 'NONE',  ( 0.9700000000000541522, 2.317249791725151109, 0.2773050918867953074 ) ) ;
#2247 = CARTESIAN_POINT ( 'NONE',  ( 0.9699999999999986411, 2.484843852219587035, -0.4603639524410063633 ) ) ;
#2248 = ADVANCED_FACE ( 'NONE', ( #4970 ), #7493, .F. ) ;
#2249 = CARTESIAN_POINT ( 'NONE',  ( 25.00000000000001066, -0.02109807546057940186, 90.27112232855823493 ) ) ;
#2250 = CARTESIAN_POINT ( 'NONE',  ( 2.450950000000035267, 1.634029338568265821, -1.197387384711520841 ) ) ;
#2251 = CYLINDRICAL_SURFACE ( 'NONE', #4733, 2.200000000000007283 ) ;
#2252 = ADVANCED_FACE ( 'NONE', ( #1534 ), #4047, .T. ) ;
#2253 = VECTOR ( 'NONE', #2124, 1000.000000000000000 ) ;
#2254 = EDGE_LOOP ( 'NONE', ( #8045, #3217, #4929, #2230 ) ) ;
#2255 = DIRECTION ( 'NONE',  ( -5.995848866729787176E-16, 0.1329814728554983561, 0.9911185236273118981 ) ) ;
#2256 = LINE ( 'NONE', #4148, #468 ) ;
#2257 = VERTEX_POINT ( 'NONE', #5838 ) ;
#2258 = DIRECTION ( 'NONE',  ( 1.000000000000000000, 2.000187765493029413E-16, 6.845769268624692740E-16 ) ) ;
#2259 = DIRECTION ( 'NONE',  ( 6.439929498164031749E-16, -0.3248433367106058345, -0.9457678396914963592 ) ) ;
#2260 = AXIS2_PLACEMENT_3D ( 'NONE', #4019, #5887, #825 ) ;
#2261 = FACE_OUTER_BOUND ( 'NONE', #5954, .T. ) ;
#2262 = CARTESIAN_POINT ( 'NONE',  ( 0.9843342201064364527, 2.300047294175100454, 0.1574800423556066420 ) ) ;
#2263 = VECTOR ( 'NONE', #5527, 1000.000000000000114 ) ;
#2264 = CARTESIAN_POINT ( 'NONE',  ( 0.9699999999999986411, 2.478836439541054482, -0.4436910978696390062 ) ) ;
#2265 = EDGE_LOOP ( 'NONE', ( #454, #4342, #3387, #6517 ) ) ;
#2266 = CARTESIAN_POINT ( 'NONE',  ( 0.000000000000000000, -8.800000000000013145, 5.590035616170625943 ) ) ;
#2267 = LINE ( 'NONE', #4944, #2263 ) ;
#2268 = DIRECTION ( 'NONE',  ( 1.000000000000000000, 1.722632009336724254E-16, -4.070211707061878303E-16 ) ) ;
#2269 = ORIENTED_EDGE ( 'NONE', *, *, #6993, .T. ) ;
#2270 = LINE ( 'NONE', #7307, #4909 ) ;
#2271 = CARTESIAN_POINT ( 'NONE',  ( 64.03805922287433816, -1.199999999999999956, 101.9238815542511674 ) ) ;
#2272 = VECTOR ( 'NONE', #1939, 1000.000000000000000 ) ;
#2273 = FACE_OUTER_BOUND ( 'NONE', #5705, .T. ) ;
#2274 =( GEOMETRIC_REPRESENTATION_CONTEXT ( 3 ) GLOBAL_UNCERTAINTY_ASSIGNED_CONTEXT ( ( #2422 ) ) GLOBAL_UNIT_ASSIGNED_CONTEXT ( ( #8106, #6812, #586 ) ) REPRESENTATION_CONTEXT ( 'NONE', 'WORKASPACE' ) );
#2275 = VERTEX_POINT ( 'NONE', #4009 ) ;
#2276 = DIRECTION ( 'NONE',  ( 0.000000000000000000, 0.000000000000000000, 1.000000000000000000 ) ) ;
#2277 = CARTESIAN_POINT ( 'NONE',  ( 0.4850000000260469291, 7.399341843961924634E-16, -2.064999999980776213 ) ) ;
#2278 = ORIENTED_EDGE ( 'NONE', *, *, #4410, .T. ) ;
#2279 = ORIENTED_EDGE ( 'NONE', *, *, #2396, .T. ) ;
#2280 = CIRCLE ( 'NONE', #54, 2.110000000000000764 ) ;
#2281 = LINE ( 'NONE', #6703, #11 ) ;
#2282 = DIRECTION ( 'NONE',  ( -4.657749217521145443E-19, -1.000000000000000000, -1.836964293708888604E-16 ) ) ;
#2283 = FACE_OUTER_BOUND ( 'NONE', #5905, .T. ) ;
#2284 = DIRECTION ( 'NONE',  ( 5.093471763814038141E-16, 0.7772448707074812724, -0.6291982286679697056 ) ) ;
#2285 = EDGE_LOOP ( 'NONE', ( #4918, #1041, #3350, #2014 ) ) ;
#2286 = ADVANCED_FACE ( 'NONE', ( #7121 ), #3976, .F. ) ;
#2287 = EDGE_LOOP ( 'NONE', ( #7290, #2052, #2055, #7461 ) ) ;
#2288 = LINE ( 'NONE', #6630, #1040 ) ;
#2289 = EDGE_CURVE ( 'NONE', #868, #5036, #7702, .T. ) ;
#2290 = DIRECTION ( 'NONE',  ( -6.845769268624692740E-16, 5.551115123125739315E-16, 1.000000000000000000 ) ) ;
#2291 = CARTESIAN_POINT ( 'NONE',  ( 9.713178760686323601E-16, -5.572026907377893273E-14, 2.100000000000000089 ) ) ;
#2292 = DIRECTION ( 'NONE',  ( -5.882887990558569132E-16, -0.4999999999999927280, 0.8660254037844428154 ) ) ;
#2293 = ORIENTED_EDGE ( 'NONE', *, *, #3004, .T. ) ;
#2294 = EDGE_CURVE ( 'NONE', #5012, #6922, #6457, .T. ) ;
#2295 = ORIENTED_EDGE ( 'NONE', *, *, #6590, .T. ) ;
#2296 = DIRECTION ( 'NONE',  ( 1.445076253180192051E-16, 1.000000000000000000, -2.553512956637819811E-15 ) ) ;
#2297 = ADVANCED_FACE ( 'NONE', ( #2035, #815 ), #5341, .F. ) ;
#2298 = LINE ( 'NONE', #7419, #6199 ) ;
#2299 = EDGE_CURVE ( 'NONE', #3122, #2978, #2216, .T. ) ;
#2300 = DIRECTION ( 'NONE',  ( 1.832516816959995352E-16, 0.9916040896878421940, -0.1293109790943751947 ) ) ;
#2301 = CARTESIAN_POINT ( 'NONE',  ( 12.50000000000001421, -8.800000000000002487, 104.9099643838293758 ) ) ;
#2302 = FACE_OUTER_BOUND ( 'NONE', #7614, .T. ) ;
#2303 = ADVANCED_FACE ( 'NONE', ( #7823 ), #857, .F. ) ;
#2304 = PLANE ( 'NONE',  #6969 ) ;
#2305 = CARTESIAN_POINT ( 'NONE',  ( 2.469999999999972218, -1.700440880330583715, -0.9817499999996426308 ) ) ;
#2306 = CARTESIAN_POINT ( 'NONE',  ( 0.9843342201064364527, 2.215529865584015212, 0.2851907763935096485 ) ) ;
#2307 = ORIENTED_EDGE ( 'NONE', *, *, #677, .T. ) ;
#2308 = LINE ( 'NONE', #5950, #2410 ) ;
#2309 = CARTESIAN_POINT ( 'NONE',  ( -54.99999999999999289, -8.800000000000002487, 49.40996438382934031 ) ) ;
#2310 = DIRECTION ( 'NONE',  ( 9.615840696448729589E-16, 2.220446049250282512E-16, -1.000000000000000000 ) ) ;
#2311 = DIRECTION ( 'NONE',  ( 5.445130630951742416E-17, -0.9552156769289564808, -0.2959104772547865303 ) ) ;
#2312 = VERTEX_POINT ( 'NONE', #260 ) ;
#2313 = FACE_BOUND ( 'NONE', #578, .T. ) ;
#2314 = VERTEX_POINT ( 'NONE', #7160 ) ;
#2315 = ORIENTED_EDGE ( 'NONE', *, *, #4099, .T. ) ;
#2316 = DIRECTION ( 'NONE',  ( 0.000000000000000000, 0.000000000000000000, 1.000000000000000000 ) ) ;
#2317 = LINE ( 'NONE', #8029, #7781 ) ;
#2318 = ORIENTED_EDGE ( 'NONE', *, *, #8123, .T. ) ;
#2319 = DIRECTION ( 'NONE',  ( -1.000000000000000000, -1.722632009336724254E-16, 4.070211707061878303E-16 ) ) ;
#2320 = PLANE ( 'NONE',  #2133 ) ;
#2321 = VERTEX_POINT ( 'NONE', #3973 ) ;
#2322 = ORIENTED_EDGE ( 'NONE', *, *, #3613, .F. ) ;
#2323 = DIRECTION ( 'NONE',  ( -1.000000000000000000, -2.000187765493021278E-16, 7.400880780937300593E-16 ) ) ;
#2324 = CARTESIAN_POINT ( 'NONE',  ( 0.9699999999999986411, 2.521531062727372152, -0.1294380075608364544 ) ) ;
#2325 = AXIS2_PLACEMENT_3D ( 'NONE', #3687, #644, #3026 ) ;
#2326 = PLANE ( 'NONE',  #7634 ) ;
#2327 = DIRECTION ( 'NONE',  ( -1.445076253180192051E-16, -1.000000000000000000, 2.553512956637819811E-15 ) ) ;
#2328 = ADVANCED_FACE ( 'NONE', ( #6504 ), #1383, .T. ) ;
#2329 = ORIENTED_EDGE ( 'NONE', *, *, #2688, .T. ) ;
#2330 = CARTESIAN_POINT ( 'NONE',  ( 0.9700000000000541522, 2.317249791725151109, 0.2773050918867953074 ) ) ;
#2331 = VECTOR ( 'NONE', #1783, 1000.000000000000114 ) ;
#2332 = ORIENTED_EDGE ( 'NONE', *, *, #3604, .T. ) ;
#2333 = CARTESIAN_POINT ( 'NONE',  ( 0.9699999999999986411, 2.125255814197451798, 0.03026883183820938683 ) ) ;
#2334 = DIRECTION ( 'NONE',  ( 1.000000000000000000, 1.722632009336712421E-16, -4.625323219374409242E-16 ) ) ;
#2335 = LINE ( 'NONE', #575, #3326 ) ;
#2336 = LINE ( 'NONE', #5449, #3027 ) ;
#2337 = EDGE_CURVE ( 'NONE', #1086, #2863, #3352, .T. ) ;
#2338 = AXIS2_PLACEMENT_3D ( 'NONE', #751, #4951, #3255 ) ;
#2339 = APPLICATION_CONTEXT ( 'automotive_design' ) ;
#2340 = ADVANCED_FACE ( 'NONE', ( #145 ), #3892, .F. ) ;
#2341 = EDGE_CURVE ( 'NONE', #7542, #2536, #5410, .T. ) ;
#2342 = EDGE_LOOP ( 'NONE', ( #705, #434, #4924, #4366 ) ) ;
#2343 = PLANE ( 'NONE',  #499 ) ;
#2344 = LINE ( 'NONE', #4242, #957 ) ;
#2345 = CIRCLE ( 'NONE', #3397, 2.110000000000000764 ) ;
#2346 = DIRECTION ( 'NONE',  ( 1.000000000000000000, 3.110410790118177818E-16, -7.400880780937398214E-16 ) ) ;
#2347 = EDGE_LOOP ( 'NONE', ( #969, #6331, #6297, #2574 ) ) ;
#2348 = DIRECTION ( 'NONE',  ( -1.000000000000000000, 6.162975822039154730E-33, 1.224646799147353207E-16 ) ) ;
#2349 = CARTESIAN_POINT ( 'NONE',  ( 0.9699999999999986411, 2.497005303495503092, -0.4483746272442995506 ) ) ;
#2350 = CARTESIAN_POINT ( 'NONE',  ( 2.469999999999888729, 0.06360232754346051287, 2.517800735127605272 ) ) ;
#2351 = ADVANCED_FACE ( 'NONE', ( #5255 ), #4677, .F. ) ;
#2352 = PRODUCT_DEFINITION_SHAPE ( 'NONE', 'NONE',  #5812 ) ;
#2353 = PRESENTATION_STYLE_ASSIGNMENT (( #6734 ) ) ;
#2354 = VECTOR ( 'NONE', #1274, 1000.000000000000000 ) ;
#2355 = EDGE_CURVE ( 'NONE', #3919, #162, #4834, .T. ) ;
#2356 = FILL_AREA_STYLE ('',( #8110 ) ) ;
#2357 = LINE ( 'NONE', #1731, #6735 ) ;
#2358 = ORIENTED_EDGE ( 'NONE', *, *, #4628, .F. ) ;
#2359 = VECTOR ( 'NONE', #7038, 1000.000000000000000 ) ;
#2360 = EDGE_LOOP ( 'NONE', ( #7396, #7446, #3050, #3636 ) ) ;
#2361 = DIRECTION ( 'NONE',  ( 1.000000000000000000, 2.000187765493021278E-16, -7.400880780937300593E-16 ) ) ;
#2362 = AXIS2_PLACEMENT_3D ( 'NONE', #2560, #1895, #4412 ) ;
#2363 = VECTOR ( 'NONE', #945, 1000.000000000000000 ) ;
#2364 = SHAPE_REPRESENTATION_RELATIONSHIP ( 'NONE' , 'NONE' ,  #3489, #4713 ) ;
#2365 = VERTEX_POINT ( 'NONE', #8027 ) ;
#2366 = DIRECTION ( 'NONE',  ( -1.066020076567996685E-16, 0.8682403210875346833, 0.4961438751388700941 ) ) ;
#2367 = ORIENTED_EDGE ( 'NONE', *, *, #1153, .F. ) ;
#2368 = ORIENTED_EDGE ( 'NONE', *, *, #6084, .T. ) ;
#2369 = CARTESIAN_POINT ( 'NONE',  ( 110.0000000000000568, 0.000000000000000000, 169.9999999999999716 ) ) ;
#2370 = CIRCLE ( 'NONE', #1974, 2.110000000000000764 ) ;
#2371 = AXIS2_PLACEMENT_3D ( 'NONE', #7119, #1464, #3974 ) ;
#2372 = CARTESIAN_POINT ( 'NONE',  ( 0.9843342201064364527, 2.251583295995729372, 0.1996458709049714342 ) ) ;
#2373 = CARTESIAN_POINT ( 'NONE',  ( 0.9700000000000541522, 2.215529865583654168, 0.2832232613420165857 ) ) ;
#2374 = CARTESIAN_POINT ( 'NONE',  ( 2.470000000000027729, 2.070502786264333039, -1.449385447233317414 ) ) ;
#2375 = CIRCLE ( 'NONE', #3829, 2.500000000000002220 ) ;
#2376 = EDGE_LOOP ( 'NONE', ( #3674, #5606 ) ) ;
#2377 = CONICAL_SURFACE ( 'NONE', #3292, 1.499999999964547248, 0.7853981633974483900 ) ;
#2378 = ORIENTED_EDGE ( 'NONE', *, *, #5731, .T. ) ;
#2379 = ORIENTED_EDGE ( 'NONE', *, *, #1037, .F. ) ;
#2380 = DIRECTION ( 'NONE',  ( -4.122927460393691967E-16, 0.5500539575623862865, 0.8351291180230495659 ) ) ;
#2381 = DIRECTION ( 'NONE',  ( -1.000000000000000000, -2.000187765493021278E-16, 7.400880780937300593E-16 ) ) ;
#2382 = CARTESIAN_POINT ( 'NONE',  ( 2.199500000017451384, -1.387778780781445676E-13, 2.220446049250313081E-13 ) ) ;
#2383 = CARTESIAN_POINT ( 'NONE',  ( 2.450950000000062801, 2.070502786264361017, -1.449385447233358937 ) ) ;
#2384 = EDGE_CURVE ( 'NONE', #6670, #1389, #3013, .T. ) ;
#2385 = VECTOR ( 'NONE', #4952, 1000.000000000000000 ) ;
#2386 = AXIS2_PLACEMENT_3D ( 'NONE', #4100, #3524, #6009 ) ;
#2387 = ORIENTED_EDGE ( 'NONE', *, *, #6598, .F. ) ;
#2388 = PLANE ( 'NONE',  #7617 ) ;
#2389 = CARTESIAN_POINT ( 'NONE',  ( 0.9700000000000541522, 2.466484790674877914, 0.1704206895832005575 ) ) ;
#2390 = VECTOR ( 'NONE', #1273, 999.9999999999998863 ) ;
#2391 = CARTESIAN_POINT ( 'NONE',  ( 0.9843342201064364527, 2.490779014444583161, -0.4649539812294212204 ) ) ;
#2392 = DIRECTION ( 'NONE',  ( 1.297740014824709051E-16, 0.9998027306933638947, 0.01986201646593062364 ) ) ;
#2393 = ORIENTED_EDGE ( 'NONE', *, *, #2847, .T. ) ;
#2394 = DIRECTION ( 'NONE',  ( 0.000000000000000000, 0.000000000000000000, 1.000000000000000000 ) ) ;
#2395 = DIRECTION ( 'NONE',  ( 6.845769268624693726E-16, -5.551115123125739315E-16, -1.000000000000000000 ) ) ;
#2396 = EDGE_CURVE ( 'NONE', #3104, #2209, #1694, .T. ) ;
#2397 = EDGE_CURVE ( 'NONE', #6202, #5900, #4090, .T. ) ;
#2398 = AXIS2_PLACEMENT_3D ( 'NONE', #6919, #7616, #4472 ) ;
#2399 = FACE_OUTER_BOUND ( 'NONE', #3099, .T. ) ;
#2400 = EDGE_CURVE ( 'NONE', #2607, #4352, #2879, .T. ) ;
#2401 = DIRECTION ( 'NONE',  ( 1.000000000000000000, 2.000187765493021278E-16, -7.400880780937300593E-16 ) ) ;
#2402 = ORIENTED_EDGE ( 'NONE', *, *, #5229, .T. ) ;
#2403 = VECTOR ( 'NONE', #1723, 1000.000000000000000 ) ;
#2404 = DIRECTION ( 'NONE',  ( -1.445076253180192051E-16, -1.000000000000000000, 2.553512956637819811E-15 ) ) ;
#2405 = EDGE_LOOP ( 'NONE', ( #4372, #6080, #5648, #4043 ) ) ;
#2406 = CYLINDRICAL_SURFACE ( 'NONE', #7669, 2.110000000000000764 ) ;
#2407 = EDGE_CURVE ( 'NONE', #1878, #6574, #4254, .T. ) ;
#2408 = EDGE_CURVE ( 'NONE', #2257, #8122, #5379, .T. ) ;
#2409 = DIRECTION ( 'NONE',  ( 0.000000000000000000, -1.000000000000000000, 0.000000000000000000 ) ) ;
#2410 = VECTOR ( 'NONE', #7848, 1000.000000000000000 ) ;
#2411 = EDGE_LOOP ( 'NONE', ( #5078, #2058, #5766, #4386 ) ) ;
#2412 = CARTESIAN_POINT ( 'NONE',  ( 64.03805922287433816, -1.224646799147322569E-18, 101.9238815542511674 ) ) ;
#2413 = EDGE_CURVE ( 'NONE', #2607, #2242, #3638, .T. ) ;
#2414 = PLANE ( 'NONE',  #3822 ) ;
#2415 = ORIENTED_EDGE ( 'NONE', *, *, #5427, .F. ) ;
#2416 = VERTEX_POINT ( 'NONE', #7903 ) ;
#2417 = LINE ( 'NONE', #3850, #2069 ) ;
#2418 = VECTOR ( 'NONE', #6935, 1000.000000000000000 ) ;
#2419 = DIRECTION ( 'NONE',  ( 0.000000000000000000, 0.000000000000000000, 1.000000000000000000 ) ) ;
#2420 = CARTESIAN_POINT ( 'NONE',  ( 2.450950000000035267, 2.050436751333373220, -0.9298401041124421118 ) ) ;
#2421 = FACE_OUTER_BOUND ( 'NONE', #3890, .T. ) ;
#2422 = UNCERTAINTY_MEASURE_WITH_UNIT (LENGTH_MEASURE( 1.000000000000000082E-05 ), #8106, 'distance_accuracy_value', 'NONE');
#2423 = AXIS2_PLACEMENT_3D ( 'NONE', #2382, #3154, #3811 ) ;
#2424 = ORIENTED_EDGE ( 'NONE', *, *, #7132, .F. ) ;
#2425 = VERTEX_POINT ( 'NONE', #1429 ) ;
#2426 = ORIENTED_EDGE ( 'NONE', *, *, #4294, .F. ) ;
#2427 = LINE ( 'NONE', #2504, #4147 ) ;
#2428 = CARTESIAN_POINT ( 'NONE',  ( 0.9843342201064919639, 1.975537752030132044, 0.3948905628679624802 ) ) ;
#2429 = CARTESIAN_POINT ( 'NONE',  ( 110.0000000000000284, 0.000000000000000000, 12.11000000000000298 ) ) ;
#2430 = CARTESIAN_POINT ( 'NONE',  ( 0.9700000000000541522, 2.486879519042251019, 0.1903914117200589118 ) ) ;
#2431 = DIRECTION ( 'NONE',  ( 1.000000000000000000, 2.000187765493021278E-16, -7.400880780937300593E-16 ) ) ;
#2432 = ORIENTED_EDGE ( 'NONE', *, *, #3596, .F. ) ;
#2433 = ORIENTED_EDGE ( 'NONE', *, *, #984, .F. ) ;
#2434 = CARTESIAN_POINT ( 'NONE',  ( 0.9699999999999986411, 2.483238627135203380, -0.4785059732241398467 ) ) ;
#2435 = CARTESIAN_POINT ( 'NONE',  ( -1.111840790695933873E-15, -8.552444315316472867, -3.376278418084626587 ) ) ;
#2436 = ORIENTED_EDGE ( 'NONE', *, *, #328, .F. ) ;
#2437 = LINE ( 'NONE', #4373, #5974 ) ;
#2438 = DIRECTION ( 'NONE',  ( -7.400880780937299607E-16, -5.551115123125742273E-16, -1.000000000000000000 ) ) ;
#2439 = FACE_OUTER_BOUND ( 'NONE', #5251, .T. ) ;
#2440 = EDGE_CURVE ( 'NONE', #680, #5011, #4440, .T. ) ;
#2441 = DIRECTION ( 'NONE',  ( 4.619824724853955355E-16, 0.8660254037844390407, -0.4999999999999991673 ) ) ;
#2442 = EDGE_LOOP ( 'NONE', ( #3698, #4097, #6201, #4421 ) ) ;
#2443 = EDGE_LOOP ( 'NONE', ( #249, #5495 ) ) ;
#2444 = DIRECTION ( 'NONE',  ( 7.591364965763771829E-16, 0.4823990456389102288, -0.8759515744415719007 ) ) ;
#2445 = CARTESIAN_POINT ( 'NONE',  ( 64.03805922287450869, -1.224646799147322569E-18, 12.11000000000001187 ) ) ;
#2446 = EDGE_CURVE ( 'NONE', #2558, #5893, #5645, .T. ) ;
#2447 = EDGE_CURVE ( 'NONE', #1243, #4470, #6305, .T. ) ;
#2448 = EDGE_CURVE ( 'NONE', #7214, #5220, #5108, .T. ) ;
#2449 = CARTESIAN_POINT ( 'NONE',  ( 0.9700000000000541522, 2.418473753850569619, 0.2696685361248257751 ) ) ;
#2450 = LINE ( 'NONE', #5625, #4078 ) ;
#2451 = ORIENTED_EDGE ( 'NONE', *, *, #6278, .F. ) ;
#2452 = ORIENTED_EDGE ( 'NONE', *, *, #948, .F. ) ;
#2453 = CARTESIAN_POINT ( 'NONE',  ( 87.00000000000004263, -9.999999999999980460, 189.9099643838293332 ) ) ;
#2454 = DIRECTION ( 'NONE',  ( 4.890418742754255516E-16, -0.7321128619958164885, -0.6811833507215914185 ) ) ;
#2455 = CARTESIAN_POINT ( 'NONE',  ( 0.000000000000000000, -8.552444315316460433, 183.3762784180846381 ) ) ;
#2456 = DIRECTION ( 'NONE',  ( -5.634365361779184000E-16, 0.3803437133059899278, 0.9248452085341691831 ) ) ;
#2457 = ADVANCED_FACE ( 'NONE', ( #43 ), #781, .F. ) ;
#2458 = EDGE_CURVE ( 'NONE', #5000, #2077, #6968, .T. ) ;
#2459 = EDGE_LOOP ( 'NONE', ( #160, #3713, #1615, #7125, #78, #6221, #4033, #5121, #3643, #5206, #65, #5348 ) ) ;
#2460 = EDGE_LOOP ( 'NONE', ( #3601, #2503 ) ) ;
#2461 = VERTEX_POINT ( 'NONE', #1359 ) ;
#2462 = DIRECTION ( 'NONE',  ( -4.220838325379444537E-16, -0.8660254037844209440, 0.5000000000000306422 ) ) ;
#2463 = DIRECTION ( 'NONE',  ( -1.270603127286871336E-16, 0.9223447048632922307, 0.3863680181001609149 ) ) ;
#2464 = DIRECTION ( 'NONE',  ( 0.000000000000000000, 1.000000000000000000, 0.000000000000000000 ) ) ;
#2465 = DIRECTION ( 'NONE',  ( 1.000000000000000000, 2.000187765493021278E-16, -7.400880780937300593E-16 ) ) ;
#2466 = AXIS2_PLACEMENT_3D ( 'NONE', #6582, #2157, #3358 ) ;
#2467 = ORIENTED_EDGE ( 'NONE', *, *, #176, .T. ) ;
#2468 = VERTEX_POINT ( 'NONE', #5152 ) ;
#2469 = ORIENTED_EDGE ( 'NONE', *, *, #7229, .F. ) ;
#2470 = CARTESIAN_POINT ( 'NONE',  ( 75.00000000000004263, -2.199999999999999734, 7.347880794884117764E-17 ) ) ;
#2471 = DIRECTION ( 'NONE',  ( -6.845769268624692740E-16, 5.551115123125739315E-16, 1.000000000000000000 ) ) ;
#2472 = ORIENTED_EDGE ( 'NONE', *, *, #7296, .F. ) ;
#2473 = VECTOR ( 'NONE', #1107, 1000.000000000000000 ) ;
#2474 = LINE ( 'NONE', #3671, #5579 ) ;
#2475 = CARTESIAN_POINT ( 'NONE',  ( 2.470000000000027729, -2.229467576931182471, -1.174050353182798379 ) ) ;
#2476 = CARTESIAN_POINT ( 'NONE',  ( 0.000000000000000000, -0.02109807546056357425, -0.2711223285582200493 ) ) ;
#2477 = VECTOR ( 'NONE', #5734, 1000.000000000000114 ) ;
#2478 = CARTESIAN_POINT ( 'NONE',  ( 110.0000000000000426, 0.000000000000000000, 53.85194077712566951 ) ) ;
#2479 = LINE ( 'NONE', #7524, #5542 ) ;
#2480 = CARTESIAN_POINT ( 'NONE',  ( 2.470000000000027729, 0.06360232754365480190, 2.173161927247618586 ) ) ;
#2481 = ORIENTED_EDGE ( 'NONE', *, *, #1104, .T. ) ;
#2482 = ORIENTED_EDGE ( 'NONE', *, *, #2028, .F. ) ;
#2483 = DIRECTION ( 'NONE',  ( -6.103146274316183875E-16, 0.4999999999999989453, 0.8660254037844393737 ) ) ;
#2484 = CIRCLE ( 'NONE', #914, 2.110000000000000764 ) ;
#2485 = EDGE_CURVE ( 'NONE', #7055, #2931, #3774, .T. ) ;
#2486 = CARTESIAN_POINT ( 'NONE',  ( 35.00000000000014921, -1.199999999999999956, 90.00000000000000000 ) ) ;
#2487 = ORIENTED_EDGE ( 'NONE', *, *, #3704, .F. ) ;
#2488 = VECTOR ( 'NONE', #1010, 1000.000000000000000 ) ;
#2489 = CARTESIAN_POINT ( 'NONE',  ( 2.199500000017450940, 1.229499999965216528, 2.595287281642485474E-13 ) ) ;
#2490 = CARTESIAN_POINT ( 'NONE',  ( 0.9843342201064364527, 2.486652238561426476, -0.4525014031271507031 ) ) ;
#2491 = ORIENTED_EDGE ( 'NONE', *, *, #3617, .T. ) ;
#2492 = ORIENTED_EDGE ( 'NONE', *, *, #3693, .T. ) ;
#2493 = CARTESIAN_POINT ( 'NONE',  ( 0.000000000000000000, 84.96166196726208852, 60.61694057419136783 ) ) ;
#2494 = DIRECTION ( 'NONE',  ( 0.000000000000000000, 0.000000000000000000, 1.000000000000000000 ) ) ;
#2495 = LINE ( 'NONE', #3230, #2090 ) ;
#2496 = EDGE_CURVE ( 'NONE', #6358, #297, #7365, .T. ) ;
#2497 = ADVANCED_FACE ( 'NONE', ( #1885 ), #7716, .F. ) ;
#2498 = FACE_OUTER_BOUND ( 'NONE', #7019, .T. ) ;
#2499 = AXIS2_PLACEMENT_3D ( 'NONE', #7963, #567, #3692 ) ;
#2500 = DIRECTION ( 'NONE',  ( -2.208597309011063731E-16, 0.8660254037844428154, 0.4999999999999927280 ) ) ;
#2501 = VERTEX_POINT ( 'NONE', #1964 ) ;
#2502 = ORIENTED_EDGE ( 'NONE', *, *, #5381, .F. ) ;
#2503 = ORIENTED_EDGE ( 'NONE', *, *, #4112, .T. ) ;
#2504 = CARTESIAN_POINT ( 'NONE',  ( 75.00000000000002842, 0.3893260965302358101, -1.398753473501311406 ) ) ;
#2505 = AXIS2_PLACEMENT_3D ( 'NONE', #666, #6936, #3832 ) ;
#2506 = EDGE_CURVE ( 'NONE', #2060, #1022, #7588, .T. ) ;
#2507 = AXIS2_PLACEMENT_3D ( 'NONE', #5877, #2734, #1503 ) ;
#2508 = CARTESIAN_POINT ( 'NONE',  ( 0.9700000000000541522, 2.420550782343683593, 0.2798170206179256825 ) ) ;
#2509 = DIRECTION ( 'NONE',  ( 1.431041851435087466E-16, 0.9999982027861449296, 0.001895896748272975912 ) ) ;
#2510 = EDGE_CURVE ( 'NONE', #3798, #183, #6928, .T. ) ;
#2511 = AXIS2_PLACEMENT_3D ( 'NONE', #6572, #5373, #2276 ) ;
#2512 = VECTOR ( 'NONE', #2797, 1000.000000000000000 ) ;
#2513 = ORIENTED_EDGE ( 'NONE', *, *, #6653, .T. ) ;
#2514 = ORIENTED_EDGE ( 'NONE', *, *, #6532, .F. ) ;
#2515 = ORIENTED_EDGE ( 'NONE', *, *, #5381, .T. ) ;
#2516 = LINE ( 'NONE', #1365, #2869 ) ;
#2517 = CARTESIAN_POINT ( 'NONE',  ( 0.9699999999999986411, 2.478836439541471037, -0.4415490844356245725 ) ) ;
#2518 = CARTESIAN_POINT ( 'NONE',  ( 0.9699999999999986411, 2.503720345611776033, -0.4485786285236964543 ) ) ;
#2519 = VERTEX_POINT ( 'NONE', #1923 ) ;
#2520 = AXIS2_PLACEMENT_3D ( 'NONE', #7766, #89, #715 ) ;
#2521 = FACE_BOUND ( 'NONE', #1132, .T. ) ;
#2522 = DIRECTION ( 'NONE',  ( -6.845769268624692740E-16, 5.551115123125739315E-16, 1.000000000000000000 ) ) ;
#2523 = AXIS2_PLACEMENT_3D ( 'NONE', #4991, #5488, #8015 ) ;
#2524 = CARTESIAN_POINT ( 'NONE',  ( 25.00000000000001066, -10.00000000000000888, 95.44360218381363836 ) ) ;
#2525 = DIRECTION ( 'NONE',  ( 0.000000000000000000, 0.000000000000000000, -1.000000000000000000 ) ) ;
#2526 = CARTESIAN_POINT ( 'NONE',  ( 0.9843342201064919639, 2.092235504760592057, 0.3948905628676016577 ) ) ;
#2527 = ORIENTED_EDGE ( 'NONE', *, *, #444, .F. ) ;
#2528 = ORIENTED_EDGE ( 'NONE', *, *, #591, .T. ) ;
#2529 = CARTESIAN_POINT ( 'NONE',  ( 1.347111479062088207E-14, -8.800000000000002487, 104.4099643838293758 ) ) ;
#2530 = VECTOR ( 'NONE', #6214, 1000.000000000000000 ) ;
#2531 = DIRECTION ( 'NONE',  ( -1.167520497023887139E-16, -1.000000000000000000, 2.886579864025370323E-15 ) ) ;
#2532 = DIRECTION ( 'NONE',  ( 0.002535560577290190548, -1.836970198721026976E-16, 0.9999967854611128137 ) ) ;
#2533 = VECTOR ( 'NONE', #3359, 1000.000000000000000 ) ;
#2534 = DIRECTION ( 'NONE',  ( -7.306432093153147741E-16, -0.1656482450844289911, 0.9861849009696148638 ) ) ;
#2535 = VERTEX_POINT ( 'NONE', #5728 ) ;
#2536 = VERTEX_POINT ( 'NONE', #2588 ) ;
#2537 = CARTESIAN_POINT ( 'NONE',  ( 0.000000000000000000, -0.02109807546056357425, -0.2711223285582200493 ) ) ;
#2538 = DIRECTION ( 'NONE',  ( 1.000000000000000000, 0.000000000000000000, -0.000000000000000000 ) ) ;
#2539 = CIRCLE ( 'NONE', #5703, 2.110000000000000764 ) ;
#2540 = DIRECTION ( 'NONE',  ( 0.000000000000000000, 1.000000000000000000, 0.000000000000000000 ) ) ;
#2541 = FACE_OUTER_BOUND ( 'NONE', #239, .T. ) ;
#2542 = VERTEX_POINT ( 'NONE', #6394 ) ;
#2543 = EDGE_CURVE ( 'NONE', #350, #626, #5763, .T. ) ;
#2544 = ORIENTED_EDGE ( 'NONE', *, *, #854, .T. ) ;
#2545 = VERTEX_POINT ( 'NONE', #2163 ) ;
#2546 = VECTOR ( 'NONE', #4359, 1000.000000000000000 ) ;
#2547 = FACE_OUTER_BOUND ( 'NONE', #1833, .T. ) ;
#2548 = CARTESIAN_POINT ( 'NONE',  ( 2.470000000000055707, 1.866851484836312691, -1.145035237124516936 ) ) ;
#2549 = CARTESIAN_POINT ( 'NONE',  ( 0.9700000000000541522, 2.385763063567691855, 0.2488730229634472657 ) ) ;
#2550 = DIRECTION ( 'NONE',  ( 1.000000000000000000, -0.000000000000000000, -0.000000000000000000 ) ) ;
#2551 = AXIS2_PLACEMENT_3D ( 'NONE', #7783, #3439, #5920 ) ;
#2552 = EDGE_CURVE ( 'NONE', #7531, #7057, #2790, .T. ) ;
#2553 = ORIENTED_EDGE ( 'NONE', *, *, #7058, .T. ) ;
#2554 = EDGE_CURVE ( 'NONE', #2312, #3260, #5659, .T. ) ;
#2555 = ORIENTED_EDGE ( 'NONE', *, *, #6238, .T. ) ;
#2556 = EDGE_LOOP ( 'NONE', ( #7163, #6715, #6972, #1138 ) ) ;
#2557 = EDGE_CURVE ( 'NONE', #3770, #2628, #5972, .T. ) ;
#2558 = VERTEX_POINT ( 'NONE', #6635 ) ;
#2559 = DIRECTION ( 'NONE',  ( -4.992923249690979017E-16, 0.5000000000000058842, 0.8660254037844352659 ) ) ;
#2560 = CARTESIAN_POINT ( 'NONE',  ( 0.9699999999999986411, 2.478158560289850598, -0.4607464548394973880 ) ) ;
#2561 = EDGE_CURVE ( 'NONE', #4312, #6817, #867, .T. ) ;
#2562 = FACE_OUTER_BOUND ( 'NONE', #2852, .T. ) ;
#2563 = ADVANCED_FACE ( 'NONE', ( #1474 ), #4072, .T. ) ;
#2564 = PLANE ( 'NONE',  #2637 ) ;
#2565 = ORIENTED_EDGE ( 'NONE', *, *, #2961, .T. ) ;
#2566 = CARTESIAN_POINT ( 'NONE',  ( 0.9843342201064364527, 2.513397826239216482, 0.2400852859844870846 ) ) ;
#2567 = EDGE_LOOP ( 'NONE', ( #1233, #2187, #6309, #2644 ) ) ;
#2568 = PLANE ( 'NONE',  #547 ) ;
#2569 = PLANE ( 'NONE',  #1192 ) ;
#2570 = DIRECTION ( 'NONE',  ( -4.657749217521145443E-19, -1.000000000000000000, -1.836964293708888604E-16 ) ) ;
#2571 = ORIENTED_EDGE ( 'NONE', *, *, #5073, .T. ) ;
#2572 = DIRECTION ( 'NONE',  ( -7.400550866706241219E-16, -0.4417680233405519852, 0.8971293181887333157 ) ) ;
#2573 = DIRECTION ( 'NONE',  ( -1.000000000000000000, -2.000187765493021278E-16, 7.400880780937300593E-16 ) ) ;
#2574 = ORIENTED_EDGE ( 'NONE', *, *, #3717, .T. ) ;
#2575 = ORIENTED_EDGE ( 'NONE', *, *, #1999, .T. ) ;
#2576 = CARTESIAN_POINT ( 'NONE',  ( 120.0000000000000284, -8.799999999999947420, 194.4099643838293616 ) ) ;
#2577 = DIRECTION ( 'NONE',  ( 1.224646799147353207E-16, 0.000000000000000000, 1.000000000000000000 ) ) ;
#2578 = DIRECTION ( 'NONE',  ( -1.000000000000000000, -2.000187765493021278E-16, 7.400880780937300593E-16 ) ) ;
#2579 = VECTOR ( 'NONE', #6761, 1000.000000000000000 ) ;
#2580 = CARTESIAN_POINT ( 'NONE',  ( 0.9843342201063809416, 2.503720345612054032, -0.4439715996293197575 ) ) ;
#2581 = DIRECTION ( 'NONE',  ( -6.845769268624692740E-16, 5.551115123125739315E-16, 1.000000000000000000 ) ) ;
#2582 = ORIENTED_EDGE ( 'NONE', *, *, #5841, .F. ) ;
#2583 = ORIENTED_EDGE ( 'NONE', *, *, #1042, .T. ) ;
#2584 = ORIENTED_EDGE ( 'NONE', *, *, #6640, .T. ) ;
#2585 = DIRECTION ( 'NONE',  ( 6.602080491817028384E-16, 0.4230480959309589339, -0.9061072279422508480 ) ) ;
#2586 = DIRECTION ( 'NONE',  ( 6.845769268624744016E-16, -9.436895709313777345E-16, -1.000000000000000000 ) ) ;
#2587 = FACE_OUTER_BOUND ( 'NONE', #641, .T. ) ;
#2588 = CARTESIAN_POINT ( 'NONE',  ( 0.9699999999999986411, 2.474178410326627109, -0.4637087234186793028 ) ) ;
#2589 = EDGE_CURVE ( 'NONE', #333, #3245, #3984, .T. ) ;
#2590 = ORIENTED_EDGE ( 'NONE', *, *, #2697, .T. ) ;
#2591 = ORIENTED_EDGE ( 'NONE', *, *, #6503, .F. ) ;
#2592 = ORIENTED_EDGE ( 'NONE', *, *, #124, .F. ) ;
#2593 = ORIENTED_EDGE ( 'NONE', *, *, #8145, .F. ) ;
#2594 = ADVANCED_FACE ( 'NONE', ( #2127 ), #2082, .F. ) ;
#2595 = LINE ( 'NONE', #6401, #1881 ) ;
#2596 = LINE ( 'NONE', #3131, #127 ) ;
#2597 = VECTOR ( 'NONE', #5429, 1000.000000000000000 ) ;
#2598 = EDGE_CURVE ( 'NONE', #7526, #6780, #6592, .T. ) ;
#2599 = ADVANCED_FACE ( 'NONE', ( #4602 ), #7872, .F. ) ;
#2600 = CARTESIAN_POINT ( 'NONE',  ( 68.00000000000002842, -8.800000000000002487, -12.40996438382938649 ) ) ;
#2601 = ORIENTED_EDGE ( 'NONE', *, *, #8003, .F. ) ;
#2602 = AXIS2_PLACEMENT_3D ( 'NONE', #2476, #1898, #4415 ) ;
#2603 = CARTESIAN_POINT ( 'NONE',  ( 110.0000000000000284, -1.224646799147322569E-18, 7.890000000000001457 ) ) ;
#2604 = ORIENTED_EDGE ( 'NONE', *, *, #7142, .F. ) ;
#2605 = EDGE_CURVE ( 'NONE', #1370, #6628, #7793, .T. ) ;
#2606 = LINE ( 'NONE', #1984, #4380 ) ;
#2607 = VERTEX_POINT ( 'NONE', #5395 ) ;
#2608 = PLANE ( 'NONE',  #4089 ) ;
#2609 = ADVANCED_FACE ( 'NONE', ( #3366, #7920 ), #7750, .T. ) ;
#2610 = CARTESIAN_POINT ( 'NONE',  ( 0.9700000000000541522, 2.033886628395292995, 0.3948905628681290136 ) ) ;
#2611 = PLANE ( 'NONE',  #2511 ) ;
#2612 = VERTEX_POINT ( 'NONE', #1511 ) ;
#2613 = VECTOR ( 'NONE', #3935, 1000.000000000000000 ) ;
#2614 = ORIENTED_EDGE ( 'NONE', *, *, #5072, .T. ) ;
#2615 = CARTESIAN_POINT ( 'NONE',  ( 120.0000000000000284, -1.199999999999999956, 180.0000000000000000 ) ) ;
#2616 = CARTESIAN_POINT ( 'NONE',  ( 25.00000000000001776, -7.800000000000022027, 95.44360218381365257 ) ) ;
#2617 = DIRECTION ( 'NONE',  ( 1.000000000000000000, 3.110410790118177818E-16, -7.400880780937398214E-16 ) ) ;
#2618 = VECTOR ( 'NONE', #2190, 999.9999999999998863 ) ;
#2619 = LINE ( 'NONE', #3768, #5322 ) ;
#2620 = ORIENTED_EDGE ( 'NONE', *, *, #4821, .T. ) ;
#2621 = VERTEX_POINT ( 'NONE', #235 ) ;
#2622 = EDGE_LOOP ( 'NONE', ( #25, #7089, #4542, #8099 ) ) ;
#2623 = CARTESIAN_POINT ( 'NONE',  ( 0.9843342201064364527, 2.483238627135203380, -0.4875612958556310161 ) ) ;
#2624 = AXIS2_PLACEMENT_3D ( 'NONE', #4771, #7131, #2829 ) ;
#2625 = CARTESIAN_POINT ( 'NONE',  ( 110.0000000000000568, 0.000000000000000000, 167.8899999999999864 ) ) ;
#2626 = DIRECTION ( 'NONE',  ( 0.000000000000000000, -1.000000000000000000, 5.551115123125780237E-17 ) ) ;
#2627 = AXIS2_PLACEMENT_3D ( 'NONE', #7473, #1080, #6116 ) ;
#2628 = VERTEX_POINT ( 'NONE', #7244 ) ;
#2629 = AXIS2_PLACEMENT_3D ( 'NONE', #760, #805, #3967 ) ;
#2630 = ORIENTED_EDGE ( 'NONE', *, *, #6487, .F. ) ;
#2631 = VERTEX_POINT ( 'NONE', #828 ) ;
#2632 = ORIENTED_EDGE ( 'NONE', *, *, #7232, .F. ) ;
#2633 = LINE ( 'NONE', #4537, #5708 ) ;
#2634 = VECTOR ( 'NONE', #6286, 1000.000000000000114 ) ;
#2635 = PRESENTATION_LAYER_ASSIGNMENT (  '', '', ( #1064 ) ) ;
#2636 = DIRECTION ( 'NONE',  ( -0.000000000000000000, 0.9396926207859093161, -0.3420201433256661039 ) ) ;
#2637 = AXIS2_PLACEMENT_3D ( 'NONE', #6405, #3297, #1982 ) ;
#2638 = AXIS2_PLACEMENT_3D ( 'NONE', #5191, #7712, #2044 ) ;
#2639 = DIRECTION ( 'NONE',  ( 0.000000000000000000, 0.000000000000000000, 1.000000000000000000 ) ) ;
#2640 = ADVANCED_FACE ( 'NONE', ( #2747 ), #2251, .T. ) ;
#2641 = ORIENTED_EDGE ( 'NONE', *, *, #3843, .F. ) ;
#2642 = EDGE_CURVE ( 'NONE', #3122, #4356, #6472, .T. ) ;
#2643 = DIRECTION ( 'NONE',  ( 0.000000000000000000, 0.000000000000000000, -1.000000000000000000 ) ) ;
#2644 = ORIENTED_EDGE ( 'NONE', *, *, #1295, .F. ) ;
#2645 = LINE ( 'NONE', #4422, #6722 ) ;
#2646 = VECTOR ( 'NONE', #6854, 1000.000000000000000 ) ;
#2647 = DIRECTION ( 'NONE',  ( -1.167520497023887139E-16, -1.000000000000000000, 2.886579864025370717E-15 ) ) ;
#2648 = EDGE_CURVE ( 'NONE', #2814, #3621, #3325, .T. ) ;
#2649 = EDGE_LOOP ( 'NONE', ( #1582, #4322, #6489, #5733 ) ) ;
#2650 = DIRECTION ( 'NONE',  ( 6.845769268624692740E-16, -5.551115123125739315E-16, -1.000000000000000000 ) ) ;
#2651 = EDGE_CURVE ( 'NONE', #7603, #1496, #926, .T. ) ;
#2652 = CARTESIAN_POINT ( 'NONE',  ( 2.450950000000035267, 2.133761685484652837, -1.138599379414545476 ) ) ;
#2653 = EDGE_LOOP ( 'NONE', ( #3480, #4274, #7902, #3208 ) ) ;
#2654 = ADVANCED_FACE ( 'NONE', ( #3448 ), #1589, .F. ) ;
#2655 = AXIS2_PLACEMENT_3D ( 'NONE', #1953, #100, #2577 ) ;
#2656 = ORIENTED_EDGE ( 'NONE', *, *, #4165, .T. ) ;
#2657 = DIRECTION ( 'NONE',  ( -5.596305042383073577E-16, 0.3882672511708799568, 0.9215468201172465346 ) ) ;
#2658 = DIRECTION ( 'NONE',  ( -1.000000000000000000, -0.000000000000000000, -0.000000000000000000 ) ) ;
#2659 = DIRECTION ( 'NONE',  ( 1.000000000000000000, 2.000187765493021278E-16, -7.400880780937300593E-16 ) ) ;
#2660 = AXIS2_PLACEMENT_3D ( 'NONE', #3023, #6875, #1223 ) ;
#2661 = ADVANCED_FACE ( 'NONE', ( #400 ), #1021, .F. ) ;
#2662 = CARTESIAN_POINT ( 'NONE',  ( 0.9699999999999986411, 2.125161208344938935, -0.1300371779613812562 ) ) ;
#2663 = ORIENTED_EDGE ( 'NONE', *, *, #3613, .T. ) ;
#2664 = CARTESIAN_POINT ( 'NONE',  ( 80.00000000000004263, -9.999999999999953815, 194.4099643838293616 ) ) ;
#2665 = ORIENTED_EDGE ( 'NONE', *, *, #5275, .F. ) ;
#2666 = ORIENTED_EDGE ( 'NONE', *, *, #6278, .T. ) ;
#2667 = LINE ( 'NONE', #5351, #7009 ) ;
#2668 = VECTOR ( 'NONE', #6985, 1000.000000000000000 ) ;
#2669 = PLANE ( 'NONE',  #5158 ) ;
#2670 = PLANE ( 'NONE',  #3925 ) ;
#2671 = CARTESIAN_POINT ( 'NONE',  ( 2.469999999999888729, 0.06360232754346051287, 2.517800735127605272 ) ) ;
#2672 = ORIENTED_EDGE ( 'NONE', *, *, #5440, .F. ) ;
#2673 = FACE_OUTER_BOUND ( 'NONE', #2977, .T. ) ;
#2674 = ORIENTED_EDGE ( 'NONE', *, *, #3400, .T. ) ;
#2675 = ORIENTED_EDGE ( 'NONE', *, *, #5370, .F. ) ;
#2676 = DIRECTION ( 'NONE',  ( 2.976118894602368875E-16, -0.8509796880744739944, -0.5251986009926823407 ) ) ;
#2677 = LINE ( 'NONE', #7723, #6638 ) ;
#2678 = FILL_AREA_STYLE_COLOUR ( '', #10 ) ;
#2679 = AXIS2_PLACEMENT_3D ( 'NONE', #6218, #568, #8129 ) ;
#2680 = ORIENTED_EDGE ( 'NONE', *, *, #4248, .F. ) ;
#2681 = DIRECTION ( 'NONE',  ( 0.000000000000000000, -1.000000000000000000, 3.497202527569185121E-15 ) ) ;
#2682 = DIRECTION ( 'NONE',  ( -1.000000000000000000, -2.000187765493021278E-16, 7.400880780937300593E-16 ) ) ;
#2683 = ORIENTED_EDGE ( 'NONE', *, *, #2900, .T. ) ;
#2684 = PLANE ( 'NONE',  #6764 ) ;
#2685 = ORIENTED_EDGE ( 'NONE', *, *, #8000, .T. ) ;
#2686 = DIRECTION ( 'NONE',  ( 1.224646799147353700E-16, 0.000000000000000000, 1.000000000000000000 ) ) ;
#2687 = DIRECTION ( 'NONE',  ( 0.000000000000000000, 0.000000000000000000, -1.000000000000000000 ) ) ;
#2688 = EDGE_CURVE ( 'NONE', #1655, #1499, #6675, .T. ) ;
#2689 = ORIENTED_EDGE ( 'NONE', *, *, #5260, .F. ) ;
#2690 = PLANE ( 'NONE',  #529 ) ;
#2691 = VERTEX_POINT ( 'NONE', #6135 ) ;
#2692 = EDGE_LOOP ( 'NONE', ( #5222, #1832, #6897, #2950 ) ) ;
#2693 = LINE ( 'NONE', #6456, #3521 ) ;
#2694 = EDGE_CURVE ( 'NONE', #6003, #6081, #4182, .T. ) ;
#2695 = CARTESIAN_POINT ( 'NONE',  ( 0.9699999999999986411, 2.497005303495281048, -0.4475883723130680281 ) ) ;
#2696 = EDGE_CURVE ( 'NONE', #8119, #3410, #5556, .T. ) ;
#2697 = EDGE_CURVE ( 'NONE', #7487, #1966, #3573, .T. ) ;
#2698 = LINE ( 'NONE', #4593, #5847 ) ;
#2699 = ORIENTED_EDGE ( 'NONE', *, *, #2289, .F. ) ;
#2700 = CARTESIAN_POINT ( 'NONE',  ( 0.9699999999999986411, 2.125255814197451798, 0.1250508761559410154 ) ) ;
#2701 = DIRECTION ( 'NONE',  ( 7.397930517278999036E-16, -0.001706393916686081919, -0.9999985441088407034 ) ) ;
#2702 = VERTEX_POINT ( 'NONE', #6713 ) ;
#2703 = ORIENTED_EDGE ( 'NONE', *, *, #900, .F. ) ;
#2704 = VECTOR ( 'NONE', #4398, 1000.000000000000000 ) ;
#2705 = DIRECTION ( 'NONE',  ( 1.000000000000000000, 2.000187765493029413E-16, 6.845769268624692740E-16 ) ) ;
#2706 = EDGE_CURVE ( 'NONE', #3104, #6003, #7413, .T. ) ;
#2707 = CARTESIAN_POINT ( 'NONE',  ( 2.450950000000035267, 1.827983448570463798, -0.9620582320191140013 ) ) ;
#2708 = CARTESIAN_POINT ( 'NONE',  ( 2.470000000016624675, 1.953053935977193202E-13, 1.499999999964902297 ) ) ;
#2709 = CARTESIAN_POINT ( 'NONE',  ( 0.9843342201064364527, 2.357842869644382944, 0.2479398652344699805 ) ) ;
#2710 = ADVANCED_FACE ( 'NONE', ( #2421 ), #4889, .F. ) ;
#2711 = EDGE_LOOP ( 'NONE', ( #3934, #4184, #3166, #5617 ) ) ;
#2712 = ORIENTED_EDGE ( 'NONE', *, *, #4959, .F. ) ;
#2713 = ORIENTED_EDGE ( 'NONE', *, *, #2355, .F. ) ;
#2714 = PLANE ( 'NONE',  #4969 ) ;
#2715 = CARTESIAN_POINT ( 'NONE',  ( 18.07611844574883619, -1.224646799147322569E-18, 55.96194077712551262 ) ) ;
#2716 = CARTESIAN_POINT ( 'NONE',  ( 0.9843342201064364527, 2.486879519042556552, 0.1903914117196842115 ) ) ;
#2717 = DIRECTION ( 'NONE',  ( 1.000000000000000000, 1.722632009336712421E-16, -4.625323219374409242E-16 ) ) ;
#2718 = DIRECTION ( 'NONE',  ( 4.992923249690979017E-16, -0.5000000000000059952, -0.8660254037844352659 ) ) ;
#2719 = LINE ( 'NONE', #7765, #4104 ) ;
#2720 = CARTESIAN_POINT ( 'NONE',  ( 87.00000000000004263, -9.999999999999980460, 192.4099643838293332 ) ) ;
#2721 = ORIENTED_EDGE ( 'NONE', *, *, #4768, .T. ) ;
#2722 = DIRECTION ( 'NONE',  ( -6.162975822039154730E-33, 1.000000000000000000, 0.000000000000000000 ) ) ;
#2723 = CARTESIAN_POINT ( 'NONE',  ( -1.351230921470203127E-15, -10.00000000000001954, -5.443602183813635698 ) ) ;
#2724 = DIRECTION ( 'NONE',  ( 1.000000000000000000, 2.000187765493021278E-16, -7.400880780937300593E-16 ) ) ;
#2725 = VECTOR ( 'NONE', #1094, 1000.000000000000000 ) ;
#2726 = ORIENTED_EDGE ( 'NONE', *, *, #5388, .F. ) ;
#2727 = FACE_OUTER_BOUND ( 'NONE', #652, .T. ) ;
#2728 = EDGE_LOOP ( 'NONE', ( #6230, #5987, #4875, #4132, #579, #7414, #725, #4708, #5376, #1188, #6244, #7799 ) ) ;
#2729 = ORIENTED_EDGE ( 'NONE', *, *, #5519, .F. ) ;
#2730 = LINE ( 'NONE', #2615, #7751 ) ;
#2731 = ADVANCED_FACE ( 'NONE', ( #7364 ), #5472, .F. ) ;
#2732 = AXIS2_PLACEMENT_3D ( 'NONE', #5752, #2112, #4512 ) ;
#2733 = DIRECTION ( 'NONE',  ( -0.000000000000000000, 1.000000000000000000, -0.000000000000000000 ) ) ;
#2734 = DIRECTION ( 'NONE',  ( 1.000000000000000000, 3.110410790118177818E-16, -7.400880780937398214E-16 ) ) ;
#2735 = DIRECTION ( 'NONE',  ( 6.181400876936336067E-16, 0.3116117993304584610, -0.9502094961207419033 ) ) ;
#2736 = EDGE_LOOP ( 'NONE', ( #2993, #5154, #4196, #998 ) ) ;
#2737 = CARTESIAN_POINT ( 'NONE',  ( 0.9699999999999986411, 2.489954509273251126, -0.4551746698936293134 ) ) ;
#2738 = VECTOR ( 'NONE', #2805, 1000.000000000000114 ) ;
#2739 = LINE ( 'NONE', #4522, #1355 ) ;
#2740 = ORIENTED_EDGE ( 'NONE', *, *, #7425, .T. ) ;
#2741 = CARTESIAN_POINT ( 'NONE',  ( 0.9843342201064364527, 2.251583295995729372, 0.1996458709049714342 ) ) ;
#2742 = EDGE_CURVE ( 'NONE', #3919, #4787, #515, .T. ) ;
#2743 = DIRECTION ( 'NONE',  ( 0.000000000000000000, -0.000000000000000000, 1.000000000000000000 ) ) ;
#2744 = EDGE_CURVE ( 'NONE', #1379, #1500, #6835, .T. ) ;
#2745 = LINE ( 'NONE', #231, #7261 ) ;
#2746 = CARTESIAN_POINT ( 'NONE',  ( 0.9699999999999986411, 2.463272841927099943, -0.4324412773113461839 ) ) ;
#2747 = FACE_OUTER_BOUND ( 'NONE', #3813, .T. ) ;
#2748 = VECTOR ( 'NONE', #6754, 1000.000000000000000 ) ;
#2749 = UNCERTAINTY_MEASURE_WITH_UNIT (LENGTH_MEASURE( 1.000000000000000082E-05 ), #3759, 'distance_accuracy_value', 'NONE');
#2750 = ORIENTED_EDGE ( 'NONE', *, *, #5587, .T. ) ;
#2751 = EDGE_CURVE ( 'NONE', #7339, #7423, #6052, .T. ) ;
#2752 = ORIENTED_EDGE ( 'NONE', *, *, #859, .F. ) ;
#2753 = ORIENTED_EDGE ( 'NONE', *, *, #2954, .T. ) ;
#2754 = DIRECTION ( 'NONE',  ( -1.445076253180192051E-16, -1.000000000000000000, 2.553512956637819811E-15 ) ) ;
#2755 = VECTOR ( 'NONE', #399, 1000.000000000000000 ) ;
#2756 = DIRECTION ( 'NONE',  ( 4.619824724853955355E-16, 0.8660254037844390407, -0.4999999999999991673 ) ) ;
#2757 = EDGE_CURVE ( 'NONE', #7490, #1433, #2912, .T. ) ;
#2758 = LINE ( 'NONE', #407, #308 ) ;
#2759 = CARTESIAN_POINT ( 'NONE',  ( 0.9700000000000541522, 2.393289962545313898, 0.2511517339338631416 ) ) ;
#2760 = AXIS2_PLACEMENT_3D ( 'NONE', #6987, #6370, #7649 ) ;
#2761 = AXIS2_PLACEMENT_3D ( 'NONE', #3031, #4971, #1628 ) ;
#2762 = ORIENTED_EDGE ( 'NONE', *, *, #5235, .T. ) ;
#2763 = LINE ( 'NONE', #5284, #2738 ) ;
#2764 = DIRECTION ( 'NONE',  ( 1.000000000000000000, 0.000000000000000000, 0.000000000000000000 ) ) ;
#2765 = DIRECTION ( 'NONE',  ( -1.068786975720299338E-15, 5.551115123125700858E-16, 1.000000000000000000 ) ) ;
#2766 = ORIENTED_EDGE ( 'NONE', *, *, #3354, .F. ) ;
#2767 = AXIS2_PLACEMENT_3D ( 'NONE', #5491, #1404, #5772 ) ;
#2768 = VECTOR ( 'NONE', #7780, 999.9999999999998863 ) ;
#2769 = CARTESIAN_POINT ( 'NONE',  ( 0.9843342201064364527, 2.411676466676087927, 0.2596360154718119206 ) ) ;
#2770 = LINE ( 'NONE', #299, #1191 ) ;
#2771 = CARTESIAN_POINT ( 'NONE',  ( 0.9700000000000541522, 2.125255814197729798, 0.3399550943366663747 ) ) ;
#2772 = VECTOR ( 'NONE', #1134, 999.9999999999998863 ) ;
#2773 = VECTOR ( 'NONE', #5200, 1000.000000000000000 ) ;
#2774 = ORIENTED_EDGE ( 'NONE', *, *, #1999, .F. ) ;
#2775 = CARTESIAN_POINT ( 'NONE',  ( 0.9699999999999986411, 2.483264967316822780, -0.4580349378334735988 ) ) ;
#2776 = ORIENTED_EDGE ( 'NONE', *, *, #7058, .F. ) ;
#2777 = ORIENTED_EDGE ( 'NONE', *, *, #1402, .T. ) ;
#2778 = AXIS2_PLACEMENT_3D ( 'NONE', #1043, #1689, #304 ) ;
#2779 = AXIS2_PLACEMENT_3D ( 'NONE', #899, #7128, #2826 ) ;
#2780 = FACE_OUTER_BOUND ( 'NONE', #2121, .T. ) ;
#2781 = CARTESIAN_POINT ( 'NONE',  ( 2.470000000073467650, 1.934563620409330223E-13, -1.500000000021022073 ) ) ;
#2782 = VECTOR ( 'NONE', #4905, 1000.000000000000000 ) ;
#2783 = DIRECTION ( 'NONE',  ( -1.000000000000000000, -2.000187765493021278E-16, 7.400880780937300593E-16 ) ) ;
#2784 = DIRECTION ( 'NONE',  ( 6.845769268624692740E-16, -5.551115123125739315E-16, -1.000000000000000000 ) ) ;
#2785 = ORIENTED_EDGE ( 'NONE', *, *, #783, .T. ) ;
#2786 = FACE_OUTER_BOUND ( 'NONE', #1917, .T. ) ;
#2787 = PLANE ( 'NONE',  #3703 ) ;
#2788 = DIRECTION ( 'NONE',  ( -0.7071067811865439090, -4.277359865764932165E-16, -0.7071067811865512365 ) ) ;
#2789 = VECTOR ( 'NONE', #7809, 1000.000000000000000 ) ;
#2790 = LINE ( 'NONE', #1547, #3810 ) ;
#2791 = ADVANCED_FACE ( 'NONE', ( #1183 ), #4228, .F. ) ;
#2792 = ORIENTED_EDGE ( 'NONE', *, *, #1281, .F. ) ;
#2793 = CARTESIAN_POINT ( 'NONE',  ( 0.9699999999999986411, 2.523629592551035472, -0.05453024012808116439 ) ) ;
#2794 = EDGE_LOOP ( 'NONE', ( #887, #3409, #6917, #5076 ) ) ;
#2795 = PLANE ( 'NONE',  #6554 ) ;
#2796 = CIRCLE ( 'NONE', #698, 2.110000000000000764 ) ;
#2797 = DIRECTION ( 'NONE',  ( 1.445076253180192051E-16, 1.000000000000000000, -2.553512956637819811E-15 ) ) ;
#2798 = FACE_OUTER_BOUND ( 'NONE', #2049, .T. ) ;
#2799 = FACE_OUTER_BOUND ( 'NONE', #7046, .T. ) ;
#2800 = EDGE_CURVE ( 'NONE', #4635, #2159, #1049, .T. ) ;
#2801 = VECTOR ( 'NONE', #1451, 1000.000000000000000 ) ;
#2802 = EDGE_CURVE ( 'NONE', #315, #7643, #2989, .T. ) ;
#2803 = ADVANCED_FACE ( 'NONE', ( #1144 ), #5506, .F. ) ;
#2804 = ORIENTED_EDGE ( 'NONE', *, *, #4869, .F. ) ;
#2805 = DIRECTION ( 'NONE',  ( 2.208597309011063978E-16, -0.8660254037844428154, -0.4999999999999927280 ) ) ;
#2806 = LINE ( 'NONE', #4032, #7528 ) ;
#2807 = EDGE_LOOP ( 'NONE', ( #217, #6642 ) ) ;
#2808 = AXIS2_PLACEMENT_3D ( 'NONE', #288, #6060, #3458 ) ;
#2809 = DIRECTION ( 'NONE',  ( 1.000000000000000000, 2.000187765493021278E-16, -7.400880780937300593E-16 ) ) ;
#2810 = ADVANCED_FACE ( 'NONE', ( #4143 ), #6256, .F. ) ;
#2811 = CARTESIAN_POINT ( 'NONE',  ( 0.9843342201064364527, 2.472610150490550662, -0.4539506622168176797 ) ) ;
#2812 = EDGE_CURVE ( 'NONE', #1156, #1959, #3856, .T. ) ;
#2813 = AXIS2_PLACEMENT_3D ( 'NONE', #1050, #3795, #2570 ) ;
#2814 = VERTEX_POINT ( 'NONE', #6881 ) ;
#2815 = DIRECTION ( 'NONE',  ( -1.000000000000000000, -2.000187765493021278E-16, 7.400880780937300593E-16 ) ) ;
#2816 = ORIENTED_EDGE ( 'NONE', *, *, #940, .T. ) ;
#2817 = EDGE_LOOP ( 'NONE', ( #8151, #7326, #17, #7479 ) ) ;
#2818 = DIRECTION ( 'NONE',  ( -6.845769268624693726E-16, 5.551115123125739315E-16, 1.000000000000000000 ) ) ;
#2819 = LINE ( 'NONE', #5182, #1450 ) ;
#2820 = CARTESIAN_POINT ( 'NONE',  ( -2.449293598294716374E-15, -10.00000000000000888, -14.40996438382931366 ) ) ;
#2821 = CARTESIAN_POINT ( 'NONE',  ( 0.000000000000000000, -9.999999999999994671, -5.590035616170642818 ) ) ;
#2822 = CARTESIAN_POINT ( 'NONE',  ( 0.9700000000000541522, 1.975537752030187555, -0.3268890226826859369 ) ) ;
#2823 = VERTEX_POINT ( 'NONE', #5718 ) ;
#2824 = ORIENTED_EDGE ( 'NONE', *, *, #3199, .T. ) ;
#2825 = CARTESIAN_POINT ( 'NONE',  ( 0.000000000000000000, 0.000000000000000000, 90.00000000000000000 ) ) ;
#2826 = DIRECTION ( 'NONE',  ( 9.621326830187598882E-16, 2.220446049250292373E-16, -1.000000000000000000 ) ) ;
#2827 = CARTESIAN_POINT ( 'NONE',  ( 0.9700000000000541522, 2.314467519602486867, 0.2871582914452386337 ) ) ;
#2828 = CARTESIAN_POINT ( 'NONE',  ( 0.9700000000000541522, 2.320155338140645007, 0.2698706486283231065 ) ) ;
#2829 = DIRECTION ( 'NONE',  ( -8.106457405266427972E-16, -0.1167030593493125074, 0.9931668520135530365 ) ) ;
#2830 = ORIENTED_EDGE ( 'NONE', *, *, #5063, .F. ) ;
#2831 = ORIENTED_EDGE ( 'NONE', *, *, #2648, .T. ) ;
#2832 = CARTESIAN_POINT ( 'NONE',  ( 0.9699999999999986411, 2.324343390079142146, -0.05286747059574103957 ) ) ;
#2833 = CARTESIAN_POINT ( 'NONE',  ( 0.9843342201064364527, 2.520332721926532571, 0.2680507760427636166 ) ) ;
#2834 = DIRECTION ( 'NONE',  ( 1.445076253180192051E-16, 1.000000000000000000, -2.553512956637819811E-15 ) ) ;
#2835 = PLANE ( 'NONE',  #1455 ) ;
#2836 = EDGE_CURVE ( 'NONE', #4428, #1928, #7639, .T. ) ;
#2837 = CLOSED_SHELL ( 'NONE', ( #7552, #4555, #2594, #2286, #7908, #2661, #4144, #5890, #3405, #4061, #4668, #5521, #3253, #3302, #7737, #2599, #138, #7457, #5042, #1143, #4973, #4874, #1187, #3251, #7555, #1887, #5028, #6905, #4560, #4705, #5330, #2252, #1382, #597, #3809 ) ) ;
#2838 = FACE_OUTER_BOUND ( 'NONE', #226, .T. ) ;
#2839 = CARTESIAN_POINT ( 'NONE',  ( 0.9700000000000541522, 2.328143799005921721, 0.2627469712620095210 ) ) ;
#2840 = DIRECTION ( 'NONE',  ( 4.494908391621278370E-16, -0.7152859658357462180, -0.6988318732559524182 ) ) ;
#2841 = ADVANCED_FACE ( 'NONE', ( #5062 ), #3150, .F. ) ;
#2842 = CARTESIAN_POINT ( 'NONE',  ( 1.408343819019456097E-14, -10.00000000000000888, 109.4099643838293900 ) ) ;
#2843 = ORIENTED_EDGE ( 'NONE', *, *, #8073, .F. ) ;
#2844 = CARTESIAN_POINT ( 'NONE',  ( 0.9843342201064364527, 1.579261356762895474, 8.326672684688674053E-14 ) ) ;
#2845 = DIRECTION ( 'NONE',  ( -0.000000000000000000, 1.000000000000000000, -0.000000000000000000 ) ) ;
#2846 = ADVANCED_FACE ( 'NONE', ( #3893 ), #3232, .T. ) ;
#2847 = EDGE_CURVE ( 'NONE', #6099, #5594, #1564, .T. ) ;
#2848 = ORIENTED_EDGE ( 'NONE', *, *, #1402, .F. ) ;
#2849 = EDGE_CURVE ( 'NONE', #1891, #808, #6416, .T. ) ;
#2850 = DIRECTION ( 'NONE',  ( 9.621326830187598882E-16, 2.220446049250292373E-16, -1.000000000000000000 ) ) ;
#2851 = DIRECTION ( 'NONE',  ( 8.155516873386966815E-16, -0.1547000690823326641, -0.9879614813472847867 ) ) ;
#2852 = EDGE_LOOP ( 'NONE', ( #4013, #7835, #2436, #80 ) ) ;
#2853 = EDGE_LOOP ( 'NONE', ( #3226, #5197, #4839, #7525 ) ) ;
#2854 = ADVANCED_FACE ( 'NONE', ( #2498 ), #690, .F. ) ;
#2855 = DIRECTION ( 'NONE',  ( -0.000000000000000000, -0.000000000000000000, -1.000000000000000000 ) ) ;
#2856 = DIRECTION ( 'NONE',  ( 1.000000000000000000, 1.722632009336724254E-16, -4.070211707061878303E-16 ) ) ;
#2857 = AXIS2_PLACEMENT_3D ( 'NONE', #5252, #4201, #418 ) ;
#2858 = VERTEX_POINT ( 'NONE', #4475 ) ;
#2859 = CARTESIAN_POINT ( 'NONE',  ( 2.469999999999805684, 0.06360232754379357978, 2.345481331187913909 ) ) ;
#2860 = DIRECTION ( 'NONE',  ( -1.000000000000000000, -2.000187765493021278E-16, 7.400880780937300593E-16 ) ) ;
#2861 = VERTEX_POINT ( 'NONE', #4393 ) ;
#2862 = CIRCLE ( 'NONE', #7088, 2.110000000000000764 ) ;
#2863 = VERTEX_POINT ( 'NONE', #770 ) ;
#2864 = LINE ( 'NONE', #2985, #649 ) ;
#2865 = DIRECTION ( 'NONE',  ( 0.000000000000000000, 0.000000000000000000, 1.000000000000000000 ) ) ;
#2866 = LINE ( 'NONE', #354, #2118 ) ;
#2867 = CARTESIAN_POINT ( 'NONE',  ( 64.03805922287450869, -1.199999999999999956, 10.00000000000001066 ) ) ;
#2868 = DIRECTION ( 'NONE',  ( 1.000000000000000000, 0.000000000000000000, 0.000000000000000000 ) ) ;
#2869 = VECTOR ( 'NONE', #3873, 1000.000000000000000 ) ;
#2870 = VERTEX_POINT ( 'NONE', #2580 ) ;
#2871 = DIRECTION ( 'NONE',  ( -1.000000000000000000, -0.000000000000000000, -0.000000000000000000 ) ) ;
#2872 = LINE ( 'NONE', #1712, #2579 ) ;
#2873 = ORIENTED_EDGE ( 'NONE', *, *, #6992, .T. ) ;
#2874 = LINE ( 'NONE', #2919, #7610 ) ;
#2875 = CARTESIAN_POINT ( 'NONE',  ( 0.9843342201064364527, 2.523239701764157239, 0.2897166630500269680 ) ) ;
#2876 = AXIS2_PLACEMENT_3D ( 'NONE', #2162, #5930, #6551 ) ;
#2877 = CARTESIAN_POINT ( 'NONE',  ( 0.9699999999999986411, 2.324442703374285379, 0.1250508761555940707 ) ) ;
#2878 = CARTESIAN_POINT ( 'NONE',  ( 25.00000000000000355, -1.199999999999999734, 90.00000000000000000 ) ) ;
#2879 = CIRCLE ( 'NONE', #507, 2.200000000000007283 ) ;
#2880 = ORIENTED_EDGE ( 'NONE', *, *, #6334, .T. ) ;
#2881 = LINE ( 'NONE', #6270, #3000 ) ;
#2882 = CARTESIAN_POINT ( 'NONE',  ( 113.0000000000000284, -8.799999999999998934, 189.9099643838293332 ) ) ;
#2883 = VERTEX_POINT ( 'NONE', #647 ) ;
#2884 = CARTESIAN_POINT ( 'NONE',  ( 0.000000000000000000, -8.800000000000013145, -19.40996438382937939 ) ) ;
#2885 = LINE ( 'NONE', #1036, #2888 ) ;
#2886 = VECTOR ( 'NONE', #4807, 1000.000000000000000 ) ;
#2887 = EDGE_CURVE ( 'NONE', #6109, #7490, #5786, .T. ) ;
#2888 = VECTOR ( 'NONE', #3506, 999.9999999999998863 ) ;
#2889 = ORIENTED_EDGE ( 'NONE', *, *, #5083, .F. ) ;
#2890 = CARTESIAN_POINT ( 'NONE',  ( 0.000000000000000000, 169.1235736660031819, 118.7074965299383109 ) ) ;
#2891 = LINE ( 'NONE', #6535, #1228 ) ;
#2892 = VERTEX_POINT ( 'NONE', #5099 ) ;
#2893 = ORIENTED_EDGE ( 'NONE', *, *, #7232, .T. ) ;
#2894 = CARTESIAN_POINT ( 'NONE',  ( 0.9699999999999986411, 2.219308366003869271, 0.03026883183765427532 ) ) ;
#2895 = AXIS2_PLACEMENT_3D ( 'NONE', #2923, #6721, #5482 ) ;
#2896 = CARTESIAN_POINT ( 'NONE',  ( 2.470000000000027729, -2.192195559948734385, -1.053329161976146455 ) ) ;
#2897 = EDGE_CURVE ( 'NONE', #2220, #3979, #3734, .T. ) ;
#2898 = AXIS2_PLACEMENT_3D ( 'NONE', #3548, #1039, #462 ) ;
#2899 = CARTESIAN_POINT ( 'NONE',  ( -34.48954717375992374, -20.02048139190353027, -46.11876896888461630 ) ) ;
#2900 = EDGE_CURVE ( 'NONE', #1551, #8119, #7496, .T. ) ;
#2901 = EDGE_CURVE ( 'NONE', #4574, #3107, #31, .T. ) ;
#2902 = CARTESIAN_POINT ( 'NONE',  ( 0.9843342201064364527, 2.375141406468883609, 0.2468665188329194349 ) ) ;
#2903 = DIRECTION ( 'NONE',  ( -0.000000000000000000, 1.000000000000000000, -0.000000000000000000 ) ) ;
#2904 = ORIENTED_EDGE ( 'NONE', *, *, #6598, .T. ) ;
#2905 = VECTOR ( 'NONE', #3339, 1000.000000000000000 ) ;
#2906 = VECTOR ( 'NONE', #131, 1000.000000000000114 ) ;
#2907 = ORIENTED_EDGE ( 'NONE', *, *, #4518, .F. ) ;
#2908 = FACE_OUTER_BOUND ( 'NONE', #3443, .T. ) ;
#2909 = CARTESIAN_POINT ( 'NONE',  ( 0.9843342201064364527, 2.409391591991022707, 0.1445703570425588280 ) ) ;
#2910 = CARTESIAN_POINT ( 'NONE',  ( 0.9843342201064364527, 2.362123067768146178, 0.1402156209749927385 ) ) ;
#2911 = CARTESIAN_POINT ( 'NONE',  ( 25.00000000000001066, 0.3893260965302236531, 91.39875347350131563 ) ) ;
#2912 = LINE ( 'NONE', #2956, #121 ) ;
#2913 = EDGE_CURVE ( 'NONE', #7982, #5693, #3193, .T. ) ;
#2914 = UNCERTAINTY_MEASURE_WITH_UNIT (LENGTH_MEASURE( 1.000000000000000082E-05 ), #5414, 'distance_accuracy_value', 'NONE');
#2915 = VERTEX_POINT ( 'NONE', #5019 ) ;
#2916 = DIRECTION ( 'NONE',  ( 5.882887990558551382E-16, 0.4999999999999998890, -0.8660254037844387076 ) ) ;
#2917 = FILL_AREA_STYLE_COLOUR ( '', #1914 ) ;
#2918 = ORIENTED_EDGE ( 'NONE', *, *, #1189, .F. ) ;
#2919 = CARTESIAN_POINT ( 'NONE',  ( 25.00000000000001066, -1.199999999999999956, 90.00000000000000000 ) ) ;
#2920 = DIRECTION ( 'NONE',  ( -1.000000000000000000, -2.000187765493021278E-16, 7.400880780937300593E-16 ) ) ;
#2921 = AXIS2_PLACEMENT_3D ( 'NONE', #6131, #476, #2419 ) ;
#2922 = DIRECTION ( 'NONE',  ( 3.815501495555647197E-16, 0.9427057099412800012, -0.3336254553299362602 ) ) ;
#2923 = CARTESIAN_POINT ( 'NONE',  ( 140.1033255933994042, -7.799999999999994493, 185.4436021838136242 ) ) ;
#2924 =( REPRESENTATION_RELATIONSHIP ('NONE','NONE', #2116, #3489 ) REPRESENTATION_RELATIONSHIP_WITH_TRANSFORMATION ( #7484 )SHAPE_REPRESENTATION_RELATIONSHIP( ) );
#2925 = VECTOR ( 'NONE', #2784, 1000.000000000000000 ) ;
#2926 = DIRECTION ( 'NONE',  ( 6.845769268624742044E-16, -2.886579864025370717E-15, -1.000000000000000000 ) ) ;
#2927 = ORIENTED_EDGE ( 'NONE', *, *, #4726, .F. ) ;
#2928 = CARTESIAN_POINT ( 'NONE',  ( 87.00000000000004263, -8.799999999999998934, 192.4099643838293332 ) ) ;
#2929 = FACE_OUTER_BOUND ( 'NONE', #4832, .T. ) ;
#2930 = CARTESIAN_POINT ( 'NONE',  ( 0.9843342201064364527, 2.324343390079225635, 0.03026883183819550904 ) ) ;
#2931 = VERTEX_POINT ( 'NONE', #6920 ) ;
#2932 = DIRECTION ( 'NONE',  ( -6.845769268624692740E-16, 5.551115123125739315E-16, 1.000000000000000000 ) ) ;
#2933 = FACE_OUTER_BOUND ( 'NONE', #8032, .T. ) ;
#2934 = AXIS2_PLACEMENT_3D ( 'NONE', #1330, #3839, #2643 ) ;
#2935 = CYLINDRICAL_SURFACE ( 'NONE', #4879, 2.100000000000019629 ) ;
#2936 = VECTOR ( 'NONE', #118, 1000.000000000000114 ) ;
#2937 = ORIENTED_EDGE ( 'NONE', *, *, #7713, .F. ) ;
#2938 = DIRECTION ( 'NONE',  ( 1.000000000000000000, 2.000187765493021278E-16, -7.400880780937300593E-16 ) ) ;
#2939 = LINE ( 'NONE', #4004, #7027 ) ;
#2940 = ORIENTED_EDGE ( 'NONE', *, *, #1347, .T. ) ;
#2941 = ORIENTED_EDGE ( 'NONE', *, *, #5508, .F. ) ;
#2942 = EDGE_CURVE ( 'NONE', #930, #3907, #5264, .T. ) ;
#2943 = PLANE ( 'NONE',  #7377 ) ;
#2944 = DIRECTION ( 'NONE',  ( 0.000000000000000000, 0.000000000000000000, 1.000000000000000000 ) ) ;
#2945 = ORIENTED_EDGE ( 'NONE', *, *, #2094, .F. ) ;
#2946 = FACE_OUTER_BOUND ( 'NONE', #5355, .T. ) ;
#2947 = PLANE ( 'NONE',  #2000 ) ;
#2948 = ORIENTED_EDGE ( 'NONE', *, *, #6430, .T. ) ;
#2949 = ADVANCED_FACE ( 'NONE', ( #1915 ), #4431, .T. ) ;
#2950 = ORIENTED_EDGE ( 'NONE', *, *, #696, .F. ) ;
#2951 = FACE_OUTER_BOUND ( 'NONE', #2817, .T. ) ;
#2952 = CARTESIAN_POINT ( 'NONE',  ( 120.0000000000000284, -2.199999999999999734, 180.0000000000000000 ) ) ;
#2953 = PLANE ( 'NONE',  #1045 ) ;
#2954 = EDGE_CURVE ( 'NONE', #775, #4829, #7371, .T. ) ;
#2955 = ADVANCED_FACE ( 'NONE', ( #7194 ), #6540, .T. ) ;
#2956 = CARTESIAN_POINT ( 'NONE',  ( 1.234999999999986109, -1.229500000000153470, 2.679777788561210478E-13 ) ) ;
#2957 = EDGE_LOOP ( 'NONE', ( #3828, #4214, #5595, #651 ) ) ;
#2958 = SURFACE_SIDE_STYLE ('',( #3578 ) ) ;
#2959 = ORIENTED_EDGE ( 'NONE', *, *, #5677, .T. ) ;
#2960 = CARTESIAN_POINT ( 'NONE',  ( 0.9699999999999986411, 2.237535760291203601, -0.2852079774565696724 ) ) ;
#2961 = EDGE_CURVE ( 'NONE', #45, #6447, #6621, .T. ) ;
#2962 = PLANE ( 'NONE',  #4745 ) ;
#2963 = CARTESIAN_POINT ( 'NONE',  ( 2.450950000000007289, 1.955864932623119223, -1.196427175165007295 ) ) ;
#2964 = LINE ( 'NONE', #1717, #7246 ) ;
#2965 = EDGE_CURVE ( 'NONE', #2870, #45, #2071, .T. ) ;
#2966 = CYLINDRICAL_SURFACE ( 'NONE', #3258, 2.100000000000019629 ) ;
#2967 = VERTEX_POINT ( 'NONE', #3476 ) ;
#2968 = CARTESIAN_POINT ( 'NONE',  ( 0.9700000000000279510, -1.390940443400534449E-13, 3.175000000000250289 ) ) ;
#2969 = DIRECTION ( 'NONE',  ( 1.445076253180192051E-16, 1.000000000000000000, -2.553512956637819811E-15 ) ) ;
#2970 = LINE ( 'NONE', #4284, #5424 ) ;
#2971 = VERTEX_POINT ( 'NONE', #7076 ) ;
#2972 = CARTESIAN_POINT ( 'NONE',  ( 0.9843342201064364527, 2.478836439541415082, -0.4415490844356800837 ) ) ;
#2973 = CARTESIAN_POINT ( 'NONE',  ( 2.469999999999861195, -0.03601191218843835529, 2.417505155565887076 ) ) ;
#2974 = CYLINDRICAL_SURFACE ( 'NONE', #7788, 2.500000000000002220 ) ;
#2975 = FACE_OUTER_BOUND ( 'NONE', #3329, .T. ) ;
#2976 = LINE ( 'NONE', #8111, #6341 ) ;
#2977 = EDGE_LOOP ( 'NONE', ( #491, #6855, #6013, #7276, #550 ) ) ;
#2978 = VERTEX_POINT ( 'NONE', #7230 ) ;
#2979 = DIRECTION ( 'NONE',  ( 0.000000000000000000, 0.000000000000000000, -1.000000000000000000 ) ) ;
#2980 = ORIENTED_EDGE ( 'NONE', *, *, #7947, .T. ) ;
#2981 = PLANE ( 'NONE',  #1798 ) ;
#2982 = ADVANCED_FACE ( 'NONE', ( #2780 ), #816, .F. ) ;
#2983 = EDGE_LOOP ( 'NONE', ( #1890, #2433 ) ) ;
#2984 = ORIENTED_EDGE ( 'NONE', *, *, #789, .T. ) ;
#2985 = CARTESIAN_POINT ( 'NONE',  ( 0.9699999999999986411, 2.324343390078947635, -0.05453024012842810908 ) ) ;
#2986 = PLANE ( 'NONE',  #7402 ) ;
#2987 = VECTOR ( 'NONE', #405, 1000.000000000000114 ) ;
#2988 = DIRECTION ( 'NONE',  ( -4.619824724853955355E-16, -0.8660254037844390407, 0.4999999999999991673 ) ) ;
#2989 = LINE ( 'NONE', #1751, #2886 ) ;
#2990 = ORIENTED_EDGE ( 'NONE', *, *, #3196, .F. ) ;
#2991 = VECTOR ( 'NONE', #4280, 1000.000000000000000 ) ;
#2992 = EDGE_CURVE ( 'NONE', #1665, #4253, #5918, .T. ) ;
#2993 = ORIENTED_EDGE ( 'NONE', *, *, #3637, .T. ) ;
#2994 = ORIENTED_EDGE ( 'NONE', *, *, #7141, .F. ) ;
#2995 = EDGE_CURVE ( 'NONE', #808, #7697, #5961, .T. ) ;
#2996 = LINE ( 'NONE', #4851, #5350 ) ;
#2997 = DIRECTION ( 'NONE',  ( 1.000000000000000000, 2.000187765493021278E-16, -7.400880780937300593E-16 ) ) ;
#2998 = LINE ( 'NONE', #1758, #7422 ) ;
#2999 = LINE ( 'NONE', #8136, #3425 ) ;
#3000 = VECTOR ( 'NONE', #623, 1000.000000000000114 ) ;
#3001 = ADVANCED_FACE ( 'NONE', ( #6579 ), #2191, .F. ) ;
#3002 = ORIENTED_EDGE ( 'NONE', *, *, #4463, .T. ) ;
#3003 = DIRECTION ( 'NONE',  ( 6.845769268624693726E-16, -5.551115123125739315E-16, -1.000000000000000000 ) ) ;
#3004 = EDGE_CURVE ( 'NONE', #3777, #2823, #6001, .T. ) ;
#3005 = EDGE_LOOP ( 'NONE', ( #6930, #4379, #2332, #5112, #5283, #446, #7679, #151, #6242, #7272, #7725, #7709 ) ) ;
#3006 = FACE_OUTER_BOUND ( 'NONE', #1009, .T. ) ;
#3007 = EDGE_CURVE ( 'NONE', #4635, #693, #2819, .T. ) ;
#3008 = DIRECTION ( 'NONE',  ( -2.208597309011112295E-16, 0.8660254037844387076, 0.4999999999999998890 ) ) ;
#3009 = VECTOR ( 'NONE', #2465, 1000.000000000000000 ) ;
#3010 = CARTESIAN_POINT ( 'NONE',  ( 0.9700000000000541522, 2.393289962545313898, 0.2511517339338631416 ) ) ;
#3011 = ORIENTED_EDGE ( 'NONE', *, *, #3413, .F. ) ;
#3012 = DIRECTION ( 'NONE',  ( -7.594557642088578986E-16, -0.2587968170644511234, 0.9659317819997998988 ) ) ;
#3013 = CIRCLE ( 'NONE', #6845, 1.000000000000000000 ) ;
#3014 = CARTESIAN_POINT ( 'NONE',  ( 67.50000000000001421, -8.800000000000002487, 61.90996438382936162 ) ) ;
#3015 = EDGE_LOOP ( 'NONE', ( #5295, #869, #5872, #8090 ) ) ;
#3016 = AXIS2_PLACEMENT_3D ( 'NONE', #6577, #3437, #6620 ) ;
#3017 = EDGE_LOOP ( 'NONE', ( #3479, #3848, #4523, #7727 ) ) ;
#3018 = FACE_OUTER_BOUND ( 'NONE', #6476, .T. ) ;
#3019 = AXIS2_PLACEMENT_3D ( 'NONE', #8128, #2292, #6216 ) ;
#3020 = EDGE_LOOP ( 'NONE', ( #7821, #8089, #621, #4456 ) ) ;
#3021 = CARTESIAN_POINT ( 'NONE',  ( 5.000000000000057732, -10.00000000000001421, -19.40996438382938294 ) ) ;
#3022 = LINE ( 'NONE', #4426, #2634 ) ;
#3023 = CARTESIAN_POINT ( 'NONE',  ( 2.469999999999833662, -0.08615970197001221464, 2.517800735127910361 ) ) ;
#3024 = ORIENTED_EDGE ( 'NONE', *, *, #6134, .T. ) ;
#3025 = VERTEX_POINT ( 'NONE', #5256 ) ;
#3026 = DIRECTION ( 'NONE',  ( -5.678280449645381938E-16, 0.4778152549999977738, 0.8784603474769291376 ) ) ;
#3027 = VECTOR ( 'NONE', #1114, 1000.000000000000000 ) ;
#3028 = VECTOR ( 'NONE', #262, 1000.000000000000000 ) ;
#3029 = CARTESIAN_POINT ( 'NONE',  ( 0.9699999999999986411, 2.092235504760592057, -1.433421534247081297E-06 ) ) ;
#3030 = CARTESIAN_POINT ( 'NONE',  ( 0.9700000000000541522, 2.125255814197562820, 0.3948905628682330970 ) ) ;
#3031 = CARTESIAN_POINT ( 'NONE',  ( 2.470000000000027729, 2.026937716003429646, -1.424233142190645118 ) ) ;
#3032 = AXIS2_PLACEMENT_3D ( 'NONE', #2890, #7983, #4167 ) ;
#3033 = ORIENTED_EDGE ( 'NONE', *, *, #2138, .T. ) ;
#3034 = VECTOR ( 'NONE', #871, 1000.000000000000000 ) ;
#3035 = ORIENTED_EDGE ( 'NONE', *, *, #3291, .F. ) ;
#3036 = ORIENTED_EDGE ( 'NONE', *, *, #7185, .T. ) ;
#3037 = CARTESIAN_POINT ( 'NONE',  ( 80.00000000000002842, -9.999999999999957367, 194.4099643838293900 ) ) ;
#3038 = DIRECTION ( 'NONE',  ( -1.445076253180192051E-16, -1.000000000000000000, 2.553512956637819811E-15 ) ) ;
#3039 = DIRECTION ( 'NONE',  ( -4.992923249690979017E-16, 0.5000000000000059952, 0.8660254037844352659 ) ) ;
#3040 = FACE_OUTER_BOUND ( 'NONE', #7144, .T. ) ;
#3041 = VECTOR ( 'NONE', #2392, 1000.000000000000000 ) ;
#3042 = VECTOR ( 'NONE', #3200, 1000.000000000000000 ) ;
#3043 = EDGE_CURVE ( 'NONE', #7070, #4859, #1420, .T. ) ;
#3044 = ORIENTED_EDGE ( 'NONE', *, *, #4270, .T. ) ;
#3045 = VERTEX_POINT ( 'NONE', #3928 ) ;
#3046 = DIRECTION ( 'NONE',  ( 1.000000000000000000, 1.722632009336720063E-16, -7.400880780937477100E-16 ) ) ;
#3047 = AXIS2_PLACEMENT_3D ( 'NONE', #2249, #4766, #5850 ) ;
#3048 = DIRECTION ( 'NONE',  ( -0.000000000000000000, 1.000000000000000000, -0.000000000000000000 ) ) ;
#3049 = CARTESIAN_POINT ( 'NONE',  ( 37.66499003874636742, -7.800000000000022027, 95.44360218381365257 ) ) ;
#3050 = ORIENTED_EDGE ( 'NONE', *, *, #6033, .F. ) ;
#3051 = EDGE_CURVE ( 'NONE', #4390, #279, #972, .T. ) ;
#3052 = DIRECTION ( 'NONE',  ( -6.993111015183585649E-16, -0.5000000000000119904, 0.8660254037844317132 ) ) ;
#3053 = EDGE_CURVE ( 'NONE', #258, #5463, #222, .T. ) ;
#3054 = ADVANCED_FACE ( 'NONE', ( #5218 ), #4638, .F. ) ;
#3055 = VECTOR ( 'NONE', #2860, 1000.000000000000000 ) ;
#3056 = DIRECTION ( 'NONE',  ( -4.502256333528836914E-16, 0.7144949460127318908, 0.6996406021110148643 ) ) ;
#3057 = LINE ( 'NONE', #592, #20 ) ;
#3058 = ORIENTED_EDGE ( 'NONE', *, *, #2149, .F. ) ;
#3059 = VECTOR ( 'NONE', #5331, 1000.000000000000000 ) ;
#3060 = EDGE_CURVE ( 'NONE', #4213, #2628, #6506, .T. ) ;
#3061 = VERTEX_POINT ( 'NONE', #858 ) ;
#3062 = FACE_OUTER_BOUND ( 'NONE', #5340, .T. ) ;
#3063 = EDGE_CURVE ( 'NONE', #104, #1433, #4211, .T. ) ;
#3064 = CARTESIAN_POINT ( 'NONE',  ( 0.9843342201063809416, 2.494238536142306728, -0.4649539812289077423 ) ) ;
#3065 = CIRCLE ( 'NONE', #573, 3.175000000000029576 ) ;
#3066 = EDGE_LOOP ( 'NONE', ( #4084, #6007 ) ) ;
#3067 = CARTESIAN_POINT ( 'NONE',  ( 75.00000000000002842, -8.800000000000013145, -5.443602183813635698 ) ) ;
#3068 = PLANE ( 'NONE',  #1326 ) ;
#3069 = EDGE_LOOP ( 'NONE', ( #7744, #1437, #3802, #3557 ) ) ;
#3070 = EDGE_LOOP ( 'NONE', ( #6583, #6501, #2792, #5300 ) ) ;
#3071 = LINE ( 'NONE', #2537, #5242 ) ;
#3072 = VECTOR ( 'NONE', #7299, 1000.000000000000000 ) ;
#3073 = CARTESIAN_POINT ( 'NONE',  ( 0.9843342201065474750, 2.125255814197673843, 0.3948905628681984026 ) ) ;
#3074 = DIRECTION ( 'NONE',  ( 7.397930517279139059E-16, -0.001706393916729271329, -0.9999985441088405924 ) ) ;
#3075 = VECTOR ( 'NONE', #2581, 1000.000000000000000 ) ;
#3076 = ORIENTED_EDGE ( 'NONE', *, *, #958, .F. ) ;
#3077 = ORIENTED_EDGE ( 'NONE', *, *, #6029, .T. ) ;
#3078 = VERTEX_POINT ( 'NONE', #1616 ) ;
#3079 = LINE ( 'NONE', #4357, #1650 ) ;
#3080 = PRODUCT_DEFINITION_SHAPE ( 'NONE', 'NONE',  #8174 ) ;
#3081 = DIRECTION ( 'NONE',  ( 6.845769268624692740E-16, -5.551115123125739315E-16, -1.000000000000000000 ) ) ;
#3082 = FACE_BOUND ( 'NONE', #2983, .T. ) ;
#3083 = FACE_OUTER_BOUND ( 'NONE', #3017, .T. ) ;
#3084 = ORIENTED_EDGE ( 'NONE', *, *, #640, .T. ) ;
#3085 = ORIENTED_EDGE ( 'NONE', *, *, #4571, .T. ) ;
#3086 = ORIENTED_EDGE ( 'NONE', *, *, #8052, .T. ) ;
#3087 = PLANE ( 'NONE',  #4508 ) ;
#3088 = LINE ( 'NONE', #1159, #1341 ) ;
#3089 = EDGE_CURVE ( 'NONE', #6574, #4652, #1656, .T. ) ;
#3090 = VERTEX_POINT ( 'NONE', #7948 ) ;
#3091 = DIRECTION ( 'NONE',  ( -1.000000000000000000, -3.110410790118177818E-16, 7.400880780937398214E-16 ) ) ;
#3092 = CARTESIAN_POINT ( 'NONE',  ( 2.470000000000027729, -1.848407460854545326, -1.067178545096761244 ) ) ;
#3093 = ADVANCED_FACE ( 'NONE', ( #5461, #1738, #467, #1695, #4256, #4217, #6664 ), #504, .T. ) ;
#3094 = CARTESIAN_POINT ( 'NONE',  ( 0.9700000000000541522, 2.215529865583987235, 0.2851907763934818929 ) ) ;
#3095 = EDGE_CURVE ( 'NONE', #2041, #2702, #7441, .T. ) ;
#3096 =( GEOMETRIC_REPRESENTATION_CONTEXT ( 3 ) GLOBAL_UNCERTAINTY_ASSIGNED_CONTEXT ( ( #2164 ) ) GLOBAL_UNIT_ASSIGNED_CONTEXT ( ( #3620, #6055, #949 ) ) REPRESENTATION_CONTEXT ( 'NONE', 'WORKASPACE' ) );
#3097 = ORIENTED_EDGE ( 'NONE', *, *, #277, .T. ) ;
#3098 = ADVANCED_FACE ( 'NONE', ( #3018 ), #6746, .F. ) ;
#3099 = EDGE_LOOP ( 'NONE', ( #2402, #306, #2393, #3947 ) ) ;
#3100 = LINE ( 'NONE', #5003, #1335 ) ;
#3101 = CARTESIAN_POINT ( 'NONE',  ( 0.9699999999999986411, 2.468829751779949788, -0.4649157309895568524 ) ) ;
#3102 = EDGE_CURVE ( 'NONE', #7148, #693, #1048, .T. ) ;
#3103 = PRODUCT_CONTEXT ( 'NONE', #4603, 'mechanical' ) ;
#3104 = VERTEX_POINT ( 'NONE', #7313 ) ;
#3105 = DIRECTION ( 'NONE',  ( 1.020184258668090813E-16, 0.9998027306933630065, 0.01986201646597140699 ) ) ;
#3106 = DIRECTION ( 'NONE',  ( 0.000000000000000000, 0.000000000000000000, 1.000000000000000000 ) ) ;
#3107 = VERTEX_POINT ( 'NONE', #1129 ) ;
#3108 = EDGE_CURVE ( 'NONE', #8171, #3626, #2281, .T. ) ;
#3109 = ORIENTED_EDGE ( 'NONE', *, *, #6352, .T. ) ;
#3110 = LINE ( 'NONE', #563, #1543 ) ;
#3111 = DIRECTION ( 'NONE',  ( 0.000000000000000000, 0.000000000000000000, 1.000000000000000000 ) ) ;
#3112 = DIRECTION ( 'NONE',  ( 1.000000000000000000, 0.000000000000000000, 0.000000000000000000 ) ) ;
#3113 = CARTESIAN_POINT ( 'NONE',  ( 0.9699999999999986411, 2.483238627135203380, -0.4477264981799095045 ) ) ;
#3114 = EDGE_LOOP ( 'NONE', ( #925, #1822, #7897, #1467 ) ) ;
#3115 = ORIENTED_EDGE ( 'NONE', *, *, #188, .F. ) ;
#3116 = EDGE_LOOP ( 'NONE', ( #8036, #6507, #833, #7430 ) ) ;
#3117 = CARTESIAN_POINT ( 'NONE',  ( 115.0000000000000142, -9.999999999999980460, 199.4099643838293616 ) ) ;
#3118 = DIRECTION ( 'NONE',  ( -1.000000000000000000, -2.000187765493021278E-16, 7.400880780937300593E-16 ) ) ;
#3119 = CARTESIAN_POINT ( 'NONE',  ( -2.393901307742723596E-16, -1.857979856674329522, -0.9396926207859017666 ) ) ;
#3120 = CARTESIAN_POINT ( 'NONE',  ( 0.9843342201064364527, 2.466294610879687710, -0.4655277348273173521 ) ) ;
#3121 = CIRCLE ( 'NONE', #490, 1.500000000021384894 ) ;
#3122 = VERTEX_POINT ( 'NONE', #3639 ) ;
#3123 = ORIENTED_EDGE ( 'NONE', *, *, #3812, .F. ) ;
#3124 = VERTEX_POINT ( 'NONE', #2234 ) ;
#3125 = CARTESIAN_POINT ( 'NONE',  ( 0.9699999999999986411, 2.125066602492426071, -0.1854790744887646614 ) ) ;
#3126 = CARTESIAN_POINT ( 'NONE',  ( 0.9843342201064364527, 1.975537752030215310, 0.3268746884625972626 ) ) ;
#3127 = CARTESIAN_POINT ( 'NONE',  ( 0.9700000000000541522, 2.400816861523547008, 0.2534304449035990059 ) ) ;
#3128 = ORIENTED_EDGE ( 'NONE', *, *, #7855, .T. ) ;
#3129 = VECTOR ( 'NONE', #7699, 1000.000000000000114 ) ;
#3130 = CARTESIAN_POINT ( 'NONE',  ( 2.469999999999805684, -0.1043506507302505160, 2.417505155565644159 ) ) ;
#3131 = CARTESIAN_POINT ( 'NONE',  ( 2.450950000000007289, -0.1701361911069509958, 1.963499999999882117 ) ) ;
#3132 = CIRCLE ( 'NONE', #1423, 2.500000000000002220 ) ;
#3133 = CYLINDRICAL_SURFACE ( 'NONE', #5646, 2.199999999999999734 ) ;
#3134 = CARTESIAN_POINT ( 'NONE',  ( 0.000000000000000000, -7.800000000000013145, -5.443602183813634809 ) ) ;
#3135 = VERTEX_POINT ( 'NONE', #7273 ) ;
#3136 = ORIENTED_EDGE ( 'NONE', *, *, #2543, .T. ) ;
#3137 = CYLINDRICAL_SURFACE ( 'NONE', #3296, 2.110000000000000764 ) ;
#3138 = VECTOR ( 'NONE', #581, 1000.000000000000000 ) ;
#3139 = DIRECTION ( 'NONE',  ( 3.083952846180990774E-16, -5.551115123125781470E-17, 1.000000000000000000 ) ) ;
#3140 = EDGE_CURVE ( 'NONE', #4833, #3135, #1011, .T. ) ;
#3141 = CARTESIAN_POINT ( 'NONE',  ( 0.000000000000000000, 0.000000000000000000, 0.000000000000000000 ) ) ;
#3142 = VECTOR ( 'NONE', #5437, 1000.000000000000000 ) ;
#3143 = CARTESIAN_POINT ( 'NONE',  ( 2.470000000000027729, -2.337828492452703522, -0.9863637419449261534 ) ) ;
#3144 = DIRECTION ( 'NONE',  ( 0.000000000000000000, 0.000000000000000000, 1.000000000000000000 ) ) ;
#3145 = ORIENTED_EDGE ( 'NONE', *, *, #4676, .F. ) ;
#3146 = EDGE_LOOP ( 'NONE', ( #5502, #6219, #519, #7173 ) ) ;
#3147 = PLANE ( 'NONE',  #7213 ) ;
#3148 = EDGE_CURVE ( 'NONE', #2275, #3491, #3515, .T. ) ;
#3149 = CARTESIAN_POINT ( 'NONE',  ( 0.9700000000000541522, 2.220902331279694941, 0.2589129974102100107 ) ) ;
#3150 = PLANE ( 'NONE',  #4067 ) ;
#3151 = VECTOR ( 'NONE', #903, 1000.000000000000114 ) ;
#3152 = EDGE_CURVE ( 'NONE', #1966, #6447, #4835, .T. ) ;
#3153 = ADVANCED_FACE ( 'NONE', ( #5497 ), #2943, .T. ) ;
#3154 = DIRECTION ( 'NONE',  ( 1.000000000000000000, 3.110410790118177818E-16, -7.400880780937398214E-16 ) ) ;
#3155 = ORIENTED_EDGE ( 'NONE', *, *, #3413, .T. ) ;
#3156 = EDGE_LOOP ( 'NONE', ( #3278, #5949, #5843, #2752 ) ) ;
#3157 = VECTOR ( 'NONE', #5415, 1000.000000000000114 ) ;
#3158 = AXIS2_PLACEMENT_3D ( 'NONE', #1774, #4797, #5425 ) ;
#3159 = PLANE ( 'NONE',  #6737 ) ;
#3160 = EDGE_CURVE ( 'NONE', #2220, #7043, #2317, .T. ) ;
#3161 = LINE ( 'NONE', #736, #1075 ) ;
#3162 = LINE ( 'NONE', #2549, #5385 ) ;
#3163 = VECTOR ( 'NONE', #286, 1000.000000000000000 ) ;
#3164 = ORIENTED_EDGE ( 'NONE', *, *, #4271, .F. ) ;
#3165 = ORIENTED_EDGE ( 'NONE', *, *, #5128, .F. ) ;
#3166 = ORIENTED_EDGE ( 'NONE', *, *, #86, .T. ) ;
#3167 = EDGE_LOOP ( 'NONE', ( #5647, #5750 ) ) ;
#3168 = VECTOR ( 'NONE', #5821, 1000.000000000000227 ) ;
#3169 = VECTOR ( 'NONE', #2431, 1000.000000000000000 ) ;
#3170 = CARTESIAN_POINT ( 'NONE',  ( 2.469999999999972218, -1.608496896752464878, -1.141001651006931628 ) ) ;
#3171 = LINE ( 'NONE', #83, #5141 ) ;
#3172 = AXIS2_PLACEMENT_3D ( 'NONE', #4076, #5991, #332 ) ;
#3173 = CARTESIAN_POINT ( 'NONE',  ( 0.000000000000000000, -1.857979856674333963, -0.9396926207859092051 ) ) ;
#3174 = CARTESIAN_POINT ( 'NONE',  ( 2.450950000000007289, -1.543091786165323720, -1.254286625618925122 ) ) ;
#3175 = SHAPE_REPRESENTATION ( '550-00201-00', ( #4255 ), #585 ) ;
#3176 = DIRECTION ( 'NONE',  ( 1.000000000000000000, 0.000000000000000000, 0.000000000000000000 ) ) ;
#3177 = ORIENTED_EDGE ( 'NONE', *, *, #4868, .F. ) ;
#3178 = DIRECTION ( 'NONE',  ( 0.000000000000000000, 0.000000000000000000, -1.000000000000000000 ) ) ;
#3179 = ORIENTED_EDGE ( 'NONE', *, *, #3199, .F. ) ;
#3180 = CARTESIAN_POINT ( 'NONE',  ( 0.9699999999999986411, 2.502417623771957533, -0.4328851709106545931 ) ) ;
#3181 = VECTOR ( 'NONE', #7887, 1000.000000000000114 ) ;
#3182 = LINE ( 'NONE', #8117, #6195 ) ;
#3183 = VECTOR ( 'NONE', #4718, 1000.000000000000000 ) ;
#3184 = ORIENTED_EDGE ( 'NONE', *, *, #2337, .F. ) ;
#3185 = CARTESIAN_POINT ( 'NONE',  ( 2.469999999999972218, -1.792384863908286219, -0.8224983489919512891 ) ) ;
#3186 = CARTESIAN_POINT ( 'NONE',  ( 0.9700000000000541522, 1.777399554396624781, -0.1634445113407462236 ) ) ;
#3187 = ORIENTED_EDGE ( 'NONE', *, *, #7302, .F. ) ;
#3188 = ORIENTED_EDGE ( 'NONE', *, *, #5171, .F. ) ;
#3189 = CARTESIAN_POINT ( 'NONE',  ( 0.9700000000000541522, 2.336132259871254391, 0.2556232938958347134 ) ) ;
#3190 = EDGE_CURVE ( 'NONE', #2425, #5541, #530, .T. ) ;
#3191 = LINE ( 'NONE', #6955, #8075 ) ;
#3192 = VECTOR ( 'NONE', #7647, 1000.000000000000000 ) ;
#3193 = LINE ( 'NONE', #7003, #6058 ) ;
#3194 = DIRECTION ( 'NONE',  ( -6.995041010479867029E-16, 0.3248433367098593205, 0.9457678396917528207 ) ) ;
#3195 = VERTEX_POINT ( 'NONE', #7353 ) ;
#3196 = EDGE_CURVE ( 'NONE', #3725, #7350, #1323, .T. ) ;
#3197 = ORIENTED_EDGE ( 'NONE', *, *, #4659, .F. ) ;
#3198 = ORIENTED_EDGE ( 'NONE', *, *, #6690, .T. ) ;
#3199 = EDGE_CURVE ( 'NONE', #2226, #4729, #5380, .T. ) ;
#3200 = DIRECTION ( 'NONE',  ( -0.000000000000000000, 1.000000000000000000, -0.000000000000000000 ) ) ;
#3201 = EDGE_CURVE ( 'NONE', #1901, #5074, #6040, .T. ) ;
#3202 = LINE ( 'NONE', #3902, #2390 ) ;
#3203 = CARTESIAN_POINT ( 'NONE',  ( 0.9699999999999986411, 2.374112209464901646, 0.01740461005357574198 ) ) ;
#3204 = DIRECTION ( 'NONE',  ( 1.000000000000000000, 0.000000000000000000, 0.000000000000000000 ) ) ;
#3205 = AXIS2_PLACEMENT_3D ( 'NONE', #7275, #6704, #1617 ) ;
#3206 = ORIENTED_EDGE ( 'NONE', *, *, #6029, .F. ) ;
#3207 = EDGE_CURVE ( 'NONE', #8130, #2110, #6870, .T. ) ;
#3208 = ORIENTED_EDGE ( 'NONE', *, *, #1137, .F. ) ;
#3209 = ORIENTED_EDGE ( 'NONE', *, *, #7296, .T. ) ;
#3210 = CARTESIAN_POINT ( 'NONE',  ( 0.9843342201064364527, 2.140667967656273429, -0.2325411859420839500 ) ) ;
#3211 = ORIENTED_EDGE ( 'NONE', *, *, #1356, .T. ) ;
#3212 = EDGE_CURVE ( 'NONE', #6949, #7158, #6947, .T. ) ;
#3213 = DIRECTION ( 'NONE',  ( 0.000000000000000000, 0.000000000000000000, 1.000000000000000000 ) ) ;
#3214 = DIRECTION ( 'NONE',  ( 0.000000000000000000, 0.000000000000000000, -1.000000000000000000 ) ) ;
#3215 = LINE ( 'NONE', #6402, #7376 ) ;
#3216 = FACE_OUTER_BOUND ( 'NONE', #5512, .T. ) ;
#3217 = ORIENTED_EDGE ( 'NONE', *, *, #2900, .F. ) ;
#3218 = DIRECTION ( 'NONE',  ( -7.045293848761032260E-16, 0.1547000690826087488, 0.9879614813472417101 ) ) ;
#3219 = EDGE_LOOP ( 'NONE', ( #2873, #1578, #1475, #3587 ) ) ;
#3220 = CARTESIAN_POINT ( 'NONE',  ( 110.0000000000000426, -1.199999999999999956, 53.85194077712566951 ) ) ;
#3221 = ORIENTED_EDGE ( 'NONE', *, *, #7397, .T. ) ;
#3222 = DIRECTION ( 'NONE',  ( -6.710827157943493112E-17, -0.9843980503717804087, -0.1759558990890549290 ) ) ;
#3223 = CARTESIAN_POINT ( 'NONE',  ( 120.0000000000000284, -1.199999999999999956, 180.0000000000000000 ) ) ;
#3224 = FACE_OUTER_BOUND ( 'NONE', #1136, .T. ) ;
#3225 = CARTESIAN_POINT ( 'NONE',  ( 0.9699999999999986411, 2.490779014444583161, -0.4649539812294212204 ) ) ;
#3226 = ORIENTED_EDGE ( 'NONE', *, *, #3043, .T. ) ;
#3227 = ORIENTED_EDGE ( 'NONE', *, *, #7655, .F. ) ;
#3228 = LINE ( 'NONE', #1417, #8154 ) ;
#3229 = FACE_OUTER_BOUND ( 'NONE', #4775, .T. ) ;
#3230 = CARTESIAN_POINT ( 'NONE',  ( 0.9700000000000541522, 2.235388494119278313, 0.2243451655705858139 ) ) ;
#3231 = VECTOR ( 'NONE', #3876, 1000.000000000000000 ) ;
#3232 = PLANE ( 'NONE',  #5132 ) ;
#3233 = PLANE ( 'NONE',  #5588 ) ;
#3234 = ORIENTED_EDGE ( 'NONE', *, *, #4259, .T. ) ;
#3235 = ORIENTED_EDGE ( 'NONE', *, *, #1681, .T. ) ;
#3236 = ORIENTED_EDGE ( 'NONE', *, *, #3605, .T. ) ;
#3237 = DIRECTION ( 'NONE',  ( 7.579809933602500181E-16, 0.2948001005894973492, -0.9555589467387254343 ) ) ;
#3238 = CARTESIAN_POINT ( 'NONE',  ( 0.9843342201064364527, 2.385763063567691855, 0.2488730229634472657 ) ) ;
#3239 = CARTESIAN_POINT ( 'NONE',  ( 2.450950000000007289, -1.725772238865469488, -0.9378747999924663681 ) ) ;
#3240 = CARTESIAN_POINT ( 'NONE',  ( 80.00000000000001421, -1.199999999999999956, 135.0000000000000000 ) ) ;
#3241 = EDGE_CURVE ( 'NONE', #6762, #915, #7529, .T. ) ;
#3242 = EDGE_CURVE ( 'NONE', #2226, #2066, #6371, .T. ) ;
#3243 = VERTEX_POINT ( 'NONE', #3758 ) ;
#3244 = ORIENTED_EDGE ( 'NONE', *, *, #1090, .F. ) ;
#3245 = VERTEX_POINT ( 'NONE', #554 ) ;
#3246 = PLANE ( 'NONE',  #3534 ) ;
#3247 = ORIENTED_EDGE ( 'NONE', *, *, #7909, .F. ) ;
#3248 = DIRECTION ( 'NONE',  ( 0.000000000000000000, 0.000000000000000000, 1.000000000000000000 ) ) ;
#3249 = DIRECTION ( 'NONE',  ( 0.000000000000000000, 1.000000000000000000, 0.000000000000000000 ) ) ;
#3250 = CARTESIAN_POINT ( 'NONE',  ( 2.020478634339414875E-15, 4.662936703425657667E-16, -2.100000000000019629 ) ) ;
#3251 = ADVANCED_FACE ( 'NONE', ( #1865 ), #4958, .F. ) ;
#3252 = AXIS2_PLACEMENT_3D ( 'NONE', #2859, #7910, #5921 ) ;
#3253 = ADVANCED_FACE ( 'NONE', ( #1988 ), #2569, .F. ) ;
#3254 = ADVANCED_FACE ( 'NONE', ( #5747 ), #5620, .F. ) ;
#3255 = DIRECTION ( 'NONE',  ( 0.000000000000000000, 0.000000000000000000, 1.000000000000000000 ) ) ;
#3256 = ORIENTED_EDGE ( 'NONE', *, *, #2413, .T. ) ;
#3257 = LINE ( 'NONE', #1899, #4583 ) ;
#3258 = AXIS2_PLACEMENT_3D ( 'NONE', #6724, #4857, #7378 ) ;
#3259 = FACE_OUTER_BOUND ( 'NONE', #7767, .T. ) ;
#3260 = VERTEX_POINT ( 'NONE', #4383 ) ;
#3261 = CARTESIAN_POINT ( 'NONE',  ( 1.347111479062088207E-14, -10.00000000000000888, 104.4099643838293474 ) ) ;
#3262 = ORIENTED_EDGE ( 'NONE', *, *, #1629, .F. ) ;
#3263 = CARTESIAN_POINT ( 'NONE',  ( 0.9699999999999986411, 2.280059657658956240, 0.01740461005313165277 ) ) ;
#3264 = EDGE_CURVE ( 'NONE', #2242, #2041, #3182, .T. ) ;
#3265 = PLANE ( 'NONE',  #7241 ) ;
#3266 = VECTOR ( 'NONE', #7558, 1000.000000000000000 ) ;
#3267 = ORIENTED_EDGE ( 'NONE', *, *, #648, .T. ) ;
#3268 = CARTESIAN_POINT ( 'NONE',  ( 0.9843342201063809416, 2.463272841927349965, -0.4482944105900776854 ) ) ;
#3269 = ORIENTED_EDGE ( 'NONE', *, *, #1492, .F. ) ;
#3270 = AXIS2_PLACEMENT_3D ( 'NONE', #5390, #512, #352 ) ;
#3271 = ORIENTED_EDGE ( 'NONE', *, *, #6142, .T. ) ;
#3272 = CARTESIAN_POINT ( 'NONE',  ( 0.9843342201064919639, 2.320155338140478030, 0.2698706486286006623 ) ) ;
#3273 = CARTESIAN_POINT ( 'NONE',  ( 120.0000000000000284, -2.199999999999999734, 180.0000000000000000 ) ) ;
#3274 = VECTOR ( 'NONE', #345, 1000.000000000000000 ) ;
#3275 = CARTESIAN_POINT ( 'NONE',  ( 2.470000000000110774, 1.677594408828753103, -1.222539689753984860 ) ) ;
#3276 = ORIENTED_EDGE ( 'NONE', *, *, #701, .F. ) ;
#3277 = CARTESIAN_POINT ( 'NONE',  ( 0.9843342201064364527, 2.336132259871254391, 0.2556232938958347134 ) ) ;
#3278 = ORIENTED_EDGE ( 'NONE', *, *, #1580, .F. ) ;
#3279 = AXIS2_PLACEMENT_3D ( 'NONE', #3808, #2540, #7581 ) ;
#3280 = DIRECTION ( 'NONE',  ( -1.167520497023873827E-16, -1.000000000000000000, 9.436895709313777345E-16 ) ) ;
#3281 = CARTESIAN_POINT ( 'NONE',  ( 0.9700000000000541522, 2.125255814197646309, -0.3948934297112599578 ) ) ;
#3282 = CIRCLE ( 'NONE', #2101, 2.200000000000007283 ) ;
#3283 = EDGE_LOOP ( 'NONE', ( #303, #6167, #1909, #2426 ) ) ;
#3284 = AXIS2_PLACEMENT_3D ( 'NONE', #4037, #923, #7731 ) ;
#3285 = CARTESIAN_POINT ( 'NONE',  ( 0.9700000000000541522, 2.300047294175100454, 0.1574800423556066420 ) ) ;
#3286 = ORIENTED_EDGE ( 'NONE', *, *, #4928, .T. ) ;
#3287 = ORIENTED_EDGE ( 'NONE', *, *, #2149, .T. ) ;
#3288 = LINE ( 'NONE', #3371, #1981 ) ;
#3289 = DIRECTION ( 'NONE',  ( 4.619824724853993812E-16, 0.8660254037844352659, -0.5000000000000058842 ) ) ;
#3290 = CARTESIAN_POINT ( 'NONE',  ( 0.9700000000000541522, 2.523629592551229983, 0.3459275904864889117 ) ) ;
#3291 = EDGE_CURVE ( 'NONE', #1813, #105, #1334, .T. ) ;
#3292 = AXIS2_PLACEMENT_3D ( 'NONE', #2029, #6614, #4128 ) ;
#3293 = DIRECTION ( 'NONE',  ( -1.000000000000000000, -1.722632009336724254E-16, 4.070211707061878303E-16 ) ) ;
#3294 = VECTOR ( 'NONE', #1124, 1000.000000000000000 ) ;
#3295 = EDGE_CURVE ( 'NONE', #3430, #2321, #1816, .T. ) ;
#3296 = AXIS2_PLACEMENT_3D ( 'NONE', #5661, #7284, #2202 ) ;
#3297 = DIRECTION ( 'NONE',  ( -7.400880780937299607E-16, -5.551115123125742273E-16, -1.000000000000000000 ) ) ;
#3298 = ORIENTED_EDGE ( 'NONE', *, *, #5938, .T. ) ;
#3299 = DIRECTION ( 'NONE',  ( 1.344989530423940680E-16, 0.9980805391703133633, -0.06192929298398618804 ) ) ;
#3300 = ORIENTED_EDGE ( 'NONE', *, *, #6235, .T. ) ;
#3301 = CARTESIAN_POINT ( 'NONE',  ( 0.9699999999999986411, 2.125255814197951842, -0.2852079774575411175 ) ) ;
#3302 = ADVANCED_FACE ( 'NONE', ( #5707 ), #4506, .F. ) ;
#3303 = EDGE_CURVE ( 'NONE', #6099, #1634, #8153, .T. ) ;
#3304 = AXIS2_PLACEMENT_3D ( 'NONE', #2827, #1471, #6010 ) ;
#3305 = LINE ( 'NONE', #5170, #935 ) ;
#3306 = ADVANCED_FACE ( 'NONE', ( #3887 ), #59, .T. ) ;
#3307 = CARTESIAN_POINT ( 'NONE',  ( 80.00000000000002842, -0.02109807546055164629, 180.2711223285582207 ) ) ;
#3308 = VERTEX_POINT ( 'NONE', #5090 ) ;
#3309 = ORIENTED_EDGE ( 'NONE', *, *, #5122, .F. ) ;
#3310 = DIRECTION ( 'NONE',  ( 1.445076253180192051E-16, 1.000000000000000000, -2.553512956637819811E-15 ) ) ;
#3311 = EDGE_CURVE ( 'NONE', #4709, #6037, #7609, .T. ) ;
#3312 = DIRECTION ( 'NONE',  ( -1.445076253180192051E-16, -1.000000000000000000, 2.553512956637819811E-15 ) ) ;
#3313 = VECTOR ( 'NONE', #4596, 1000.000000000000000 ) ;
#3314 = DIRECTION ( 'NONE',  ( -6.845769268624693726E-16, 5.551115123125739315E-16, 1.000000000000000000 ) ) ;
#3315 = ORIENTED_EDGE ( 'NONE', *, *, #1247, .F. ) ;
#3316 = CARTESIAN_POINT ( 'NONE',  ( 0.9699999999999986411, 2.466294610879687710, -0.4655277348273173521 ) ) ;
#3317 = FACE_OUTER_BOUND ( 'NONE', #2016, .T. ) ;
#3318 = VERTEX_POINT ( 'NONE', #1943 ) ;
#3319 = EDGE_LOOP ( 'NONE', ( #1558, #1352, #1353, #6413 ) ) ;
#3320 = CARTESIAN_POINT ( 'NONE',  ( 80.00000000000001421, -1.199999999999999956, 135.0000000000000000 ) ) ;
#3321 = PLANE ( 'NONE',  #3568 ) ;
#3322 = VECTOR ( 'NONE', #4831, 1000.000000000000000 ) ;
#3323 = PLANE ( 'NONE',  #3047 ) ;
#3324 = CARTESIAN_POINT ( 'NONE',  ( 0.9699999999999986411, 2.422424264911876790, -0.01856281503725965010 ) ) ;
#3325 = LINE ( 'NONE', #4021, #3420 ) ;
#3326 = VECTOR ( 'NONE', #6225, 1000.000000000000000 ) ;
#3327 = VERTEX_POINT ( 'NONE', #3064 ) ;
#3328 = VERTEX_POINT ( 'NONE', #2445 ) ;
#3329 = EDGE_LOOP ( 'NONE', ( #6168, #4339, #1847, #810, #3708 ) ) ;
#3330 = EDGE_LOOP ( 'NONE', ( #1380, #6610, #6943, #4138 ) ) ;
#3331 = LINE ( 'NONE', #2833, #8064 ) ;
#3332 = FACE_OUTER_BOUND ( 'NONE', #6594, .T. ) ;
#3333 = DIRECTION ( 'NONE',  ( -1.506124092537379592E-16, 0.8759515744415703464, 0.4823990456389129489 ) ) ;
#3334 = AXIS2_PLACEMENT_3D ( 'NONE', #7971, #2300, #4815 ) ;
#3335 = ADVANCED_FACE ( 'NONE', ( #4337 ), #5052, .F. ) ;
#3336 = ORIENTED_EDGE ( 'NONE', *, *, #5478, .F. ) ;
#3337 = DIRECTION ( 'NONE',  ( -0.7071067811865475727, 0.000000000000000000, -0.7071067811865475727 ) ) ;
#3338 = LINE ( 'NONE', #6525, #1218 ) ;
#3339 = DIRECTION ( 'NONE',  ( -0.000000000000000000, 1.000000000000000000, -0.000000000000000000 ) ) ;
#3340 = ORIENTED_EDGE ( 'NONE', *, *, #1142, .T. ) ;
#3341 = LINE ( 'NONE', #4579, #3192 ) ;
#3342 = PLANE ( 'NONE',  #3807 ) ;
#3343 = CARTESIAN_POINT ( 'NONE',  ( 0.9699999999999986411, 2.488600875783203215, -0.4638234741388275184 ) ) ;
#3344 = ADVANCED_FACE ( 'NONE', ( #6494 ), #7069, .F. ) ;
#3345 = EDGE_CURVE ( 'NONE', #4365, #6527, #7816, .T. ) ;
#3346 = ORIENTED_EDGE ( 'NONE', *, *, #5878, .T. ) ;
#3347 = CARTESIAN_POINT ( 'NONE',  ( 0.9700000000000541522, 2.224161932931678631, 0.2483908197990492006 ) ) ;
#3348 = DIRECTION ( 'NONE',  ( -1.000000000000000000, -3.110410790118177818E-16, 7.400880780937398214E-16 ) ) ;
#3349 = VERTEX_POINT ( 'NONE', #5335 ) ;
#3350 = ORIENTED_EDGE ( 'NONE', *, *, #1839, .F. ) ;
#3351 = CARTESIAN_POINT ( 'NONE',  ( 0.9843342201064364527, 2.375141406468883609, 0.2468665188329194349 ) ) ;
#3352 = LINE ( 'NONE', #220, #657 ) ;
#3353 = CARTESIAN_POINT ( 'NONE',  ( 2.470000000000055707, 1.882174645852108252, -0.9933455343580643859 ) ) ;
#3354 = EDGE_CURVE ( 'NONE', #4427, #6934, #3305, .T. ) ;
#3355 = CARTESIAN_POINT ( 'NONE',  ( 0.9843342201064364527, 2.217642729627267162, 0.2694351750214263319 ) ) ;
#3356 = EDGE_CURVE ( 'NONE', #1665, #3430, #5785, .T. ) ;
#3357 = ORIENTED_EDGE ( 'NONE', *, *, #4445, .F. ) ;
#3358 = DIRECTION ( 'NONE',  ( 4.619824724853956341E-16, 0.8660254037844391517, -0.4999999999999992228 ) ) ;
#3359 = DIRECTION ( 'NONE',  ( -6.221421824593029792E-18, 0.9720757995434984311, 0.2346670832091035108 ) ) ;
#3360 = VERTEX_POINT ( 'NONE', #5209 ) ;
#3361 = CARTESIAN_POINT ( 'NONE',  ( 0.9700000000000541522, 2.362123067768035156, 0.1402156209755617278 ) ) ;
#3362 = AXIS2_PLACEMENT_3D ( 'NONE', #6641, #986, #1633 ) ;
#3363 = CARTESIAN_POINT ( 'NONE',  ( 7.000000000000000000, -8.800000000000002487, -12.40996438382937939 ) ) ;
#3364 = CARTESIAN_POINT ( 'NONE',  ( 0.9843342201063809416, 2.500674538437719363, -0.4614095828219255679 ) ) ;
#3365 = CARTESIAN_POINT ( 'NONE',  ( 0.9700000000000263967, -1.387778780781445676E-13, 1.587500000001032419 ) ) ;
#3366 = FACE_OUTER_BOUND ( 'NONE', #4666, .T. ) ;
#3367 = ORIENTED_EDGE ( 'NONE', *, *, #2051, .T. ) ;
#3368 = ORIENTED_EDGE ( 'NONE', *, *, #7635, .T. ) ;
#3369 = ORIENTED_EDGE ( 'NONE', *, *, #3392, .F. ) ;
#3370 = DIRECTION ( 'NONE',  ( 6.845769268624692740E-16, -5.551115123125739315E-16, -1.000000000000000000 ) ) ;
#3371 = CARTESIAN_POINT ( 'NONE',  ( 0.9700000000000541522, 2.092235504760342479, -0.3948934297108852576 ) ) ;
#3372 = FACE_OUTER_BOUND ( 'NONE', #3473, .T. ) ;
#3373 = LINE ( 'NONE', #2172, #4877 ) ;
#3374 = ORIENTED_EDGE ( 'NONE', *, *, #7608, .T. ) ;
#3375 = FACE_BOUND ( 'NONE', #6431, .T. ) ;
#3376 = DIRECTION ( 'NONE',  ( 5.882887990558551382E-16, 0.4999999999999998890, -0.8660254037844387076 ) ) ;
#3377 = ORIENTED_EDGE ( 'NONE', *, *, #4354, .F. ) ;
#3378 = VECTOR ( 'NONE', #6998, 1000.000000000000000 ) ;
#3379 = CARTESIAN_POINT ( 'NONE',  ( 2.470000000000055707, 2.025379290920920283, -1.076024774737380341 ) ) ;
#3380 = DIRECTION ( 'NONE',  ( -3.582787080455031950E-16, 0.6934400527214990007, 0.7205143255214324638 ) ) ;
#3381 = DIRECTION ( 'NONE',  ( -7.498798913309288039E-33, 1.000000000000000000, -5.551115123125780237E-17 ) ) ;
#3382 = ORIENTED_CLOSED_SHELL ( 'NONE', *, #6138, .F. );
#3383 = LINE ( 'NONE', #2062, #6723 ) ;
#3384 = VECTOR ( 'NONE', #66, 1000.000000000000000 ) ;
#3385 = VERTEX_POINT ( 'NONE', #6569 ) ;
#3386 = DIRECTION ( 'NONE',  ( -5.986776558089818140E-16, 0.4212021854523420039, 0.9069667683935123126 ) ) ;
#3387 = ORIENTED_EDGE ( 'NONE', *, *, #2742, .F. ) ;
#3388 = ORIENTED_EDGE ( 'NONE', *, *, #1745, .F. ) ;
#3389 = LINE ( 'NONE', #184, #1673 ) ;
#3390 = VECTOR ( 'NONE', #4303, 1000.000000000000114 ) ;
#3391 = CARTESIAN_POINT ( 'NONE',  ( 0.9699999999999986411, 2.473740657580960178, -0.4638064740327032531 ) ) ;
#3392 = EDGE_CURVE ( 'NONE', #3858, #7366, #2102, .T. ) ;
#3393 = CARTESIAN_POINT ( 'NONE',  ( 0.9699999999999986411, 2.377886409619334174, 0.2473798272546595678 ) ) ;
#3394 = DIRECTION ( 'NONE',  ( -6.693404831851110114E-17, 0.9502094961207417922, 0.3116117993304584055 ) ) ;
#3395 = ORIENTED_EDGE ( 'NONE', *, *, #7040, .F. ) ;
#3396 = FACE_OUTER_BOUND ( 'NONE', #3069, .T. ) ;
#3397 = AXIS2_PLACEMENT_3D ( 'NONE', #1676, #535, #5408 ) ;
#3398 = DIRECTION ( 'NONE',  ( -1.445076253180192051E-16, -1.000000000000000000, 2.553512956637819811E-15 ) ) ;
#3399 = ORIENTED_EDGE ( 'NONE', *, *, #2812, .T. ) ;
#3400 = EDGE_CURVE ( 'NONE', #6099, #5220, #3383, .T. ) ;
#3401 = DIRECTION ( 'NONE',  ( 6.869264010158477017E-16, 0.6811833507215662165, -0.7321128619958399142 ) ) ;
#3402 = CARTESIAN_POINT ( 'NONE',  ( 0.9700000000000541522, 2.217642729627267162, 0.2694351750214263319 ) ) ;
#3403 = CARTESIAN_POINT ( 'NONE',  ( 0.9700000000000541522, 1.975537752030354088, -0.3948934297118011916 ) ) ;
#3404 = LINE ( 'NONE', #7871, #5120 ) ;
#3405 = ADVANCED_FACE ( 'NONE', ( #6410 ), #5828, .F. ) ;
#3406 = EDGE_CURVE ( 'NONE', #1425, #673, #1975, .T. ) ;
#3407 = DIRECTION ( 'NONE',  ( 1.445076253180192051E-16, 1.000000000000000000, -2.553512956637819811E-15 ) ) ;
#3408 = CIRCLE ( 'NONE', #1687, 2.200000000000007283 ) ;
#3409 = ORIENTED_EDGE ( 'NONE', *, *, #5886, .F. ) ;
#3410 = VERTEX_POINT ( 'NONE', #175 ) ;
#3411 = ORIENTED_EDGE ( 'NONE', *, *, #7195, .F. ) ;
#3412 = DIRECTION ( 'NONE',  ( 1.000000000000000000, 1.722632009336724254E-16, -4.070211707061878303E-16 ) ) ;
#3413 = EDGE_CURVE ( 'NONE', #831, #7533, #3427, .T. ) ;
#3414 = AXIS2_PLACEMENT_3D ( 'NONE', #1020, #1627, #7454 ) ;
#3415 = PLANE ( 'NONE',  #5281 ) ;
#3416 = DIRECTION ( 'NONE',  ( -1.000000000000000000, -0.000000000000000000, -0.000000000000000000 ) ) ;
#3417 = PLANE ( 'NONE',  #5405 ) ;
#3418 = ADVANCED_FACE ( 'NONE', ( #5953 ), #3265, .F. ) ;
#3419 = VECTOR ( 'NONE', #3426, 1000.000000000000000 ) ;
#3420 = VECTOR ( 'NONE', #3407, 1000.000000000000000 ) ;
#3421 = CARTESIAN_POINT ( 'NONE',  ( 1.234999999999986109, -1.387778780781445676E-13, 2.636779683484746784E-13 ) ) ;
#3422 = CARTESIAN_POINT ( 'NONE',  ( 0.9700000000000541522, 2.092235504760342479, -0.3948934297108852576 ) ) ;
#3423 = CYLINDRICAL_SURFACE ( 'NONE', #1987, 2.199999999999999734 ) ;
#3424 = EDGE_LOOP ( 'NONE', ( #5397, #4479, #4200, #1078 ) ) ;
#3425 = VECTOR ( 'NONE', #3660, 1000.000000000000000 ) ;
#3426 = DIRECTION ( 'NONE',  ( 0.7071067811865470176, -0.000000000000000000, 0.7071067811865480168 ) ) ;
#3427 = LINE ( 'NONE', #214, #6595 ) ;
#3428 = VECTOR ( 'NONE', #4872, 1000.000000000000000 ) ;
#3429 = CIRCLE ( 'NONE', #7924, 0.03077947504423033526 ) ;
#3430 = VERTEX_POINT ( 'NONE', #2811 ) ;
#3431 = FACE_OUTER_BOUND ( 'NONE', #5649, .T. ) ;
#3432 = CARTESIAN_POINT ( 'NONE',  ( 0.9699999999999986411, 2.472865152089859464, -0.4640019752579910284 ) ) ;
#3433 = EDGE_LOOP ( 'NONE', ( #5667, #3875 ) ) ;
#3434 = ORIENTED_EDGE ( 'NONE', *, *, #3160, .F. ) ;
#3435 = VECTOR ( 'NONE', #2509, 1000.000000000000000 ) ;
#3436 = VECTOR ( 'NONE', #4581, 1000.000000000000000 ) ;
#3437 = DIRECTION ( 'NONE',  ( -7.400880780937299607E-16, -5.551115123125742273E-16, -1.000000000000000000 ) ) ;
#3438 = DIRECTION ( 'NONE',  ( 1.167520497023887139E-16, 1.000000000000000000, -2.886579864025370717E-15 ) ) ;
#3439 = DIRECTION ( 'NONE',  ( -1.000000000000000000, -1.722632009336709216E-16, -9.621326830187598882E-16 ) ) ;
#3440 = VECTOR ( 'NONE', #5105, 999.9999999999998863 ) ;
#3441 = FACE_OUTER_BOUND ( 'NONE', #2459, .T. ) ;
#3442 = ADVANCED_FACE ( 'NONE', ( #2150 ), #7852, .T. ) ;
#3443 = EDGE_LOOP ( 'NONE', ( #907, #6962, #3221, #3926 ) ) ;
#3444 = CARTESIAN_POINT ( 'NONE',  ( 0.9843342201064364527, 1.892261543406409396, -1.201323915345220428E-06 ) ) ;
#3445 = CARTESIAN_POINT ( 'NONE',  ( 2.470000000000027729, -1.848407460854545326, -1.067178545096761244 ) ) ;
#3446 = LINE ( 'NONE', #1472, #1430 ) ;
#3447 = VECTOR ( 'NONE', #4392, 1000.000000000000000 ) ;
#3448 = FACE_OUTER_BOUND ( 'NONE', #1024, .T. ) ;
#3449 = EDGE_CURVE ( 'NONE', #5372, #7557, #4630, .T. ) ;
#3450 = EDGE_LOOP ( 'NONE', ( #1530, #3198, #1424, #3357 ) ) ;
#3451 = EDGE_CURVE ( 'NONE', #4355, #5977, #1575, .T. ) ;
#3452 = PLANE ( 'NONE',  #4017 ) ;
#3453 = ORIENTED_EDGE ( 'NONE', *, *, #2236, .F. ) ;
#3454 = ADVANCED_FACE ( 'NONE', ( #134 ), #5909, .T. ) ;
#3455 = DIRECTION ( 'NONE',  ( 0.000000000000000000, 0.000000000000000000, -1.000000000000000000 ) ) ;
#3456 = CIRCLE ( 'NONE', #40, 2.110000000000000764 ) ;
#3457 = CARTESIAN_POINT ( 'NONE',  ( 0.9843342201063809416, 2.309420209805429280, -0.3948934297114264913 ) ) ;
#3458 = DIRECTION ( 'NONE',  ( 6.845769268624693726E-16, -5.551115123125739315E-16, -1.000000000000000000 ) ) ;
#3459 = LINE ( 'NONE', #5279, #5800 ) ;
#3460 = AXIS2_PLACEMENT_3D ( 'NONE', #5291, #7891, #999 ) ;
#3461 = ADVANCED_FACE ( 'NONE', ( #3999 ), #2377, .F. ) ;
#3462 = DIRECTION ( 'NONE',  ( 0.7071067812608411440, -2.510884813521907485E-16, -0.7071067811122538904 ) ) ;
#3463 =( LENGTH_UNIT ( ) NAMED_UNIT ( * ) SI_UNIT ( .MILLI., .METRE. ) );
#3464 = EDGE_CURVE ( 'NONE', #3591, #1022, #7661, .T. ) ;
#3465 = DIRECTION ( 'NONE',  ( 6.814972098481682766E-16, 0.5611319948296270566, -0.8277263342304165272 ) ) ;
#3466 = ORIENTED_EDGE ( 'NONE', *, *, #6591, .T. ) ;
#3467 = CIRCLE ( 'NONE', #4525, 2.110000000000000764 ) ;
#3468 = CARTESIAN_POINT ( 'NONE',  ( 5.689893001203927270E-11, 0.000000000000000000, 0.000000000000000000 ) ) ;
#3469 = CARTESIAN_POINT ( 'NONE',  ( 120.0000000000000284, -1.447555684683521360, 182.0673237657289860 ) ) ;
#3470 = CIRCLE ( 'NONE', #4920, 0.03983479767572151858 ) ;
#3471 = ORIENTED_EDGE ( 'NONE', *, *, #602, .T. ) ;
#3472 = PLANE ( 'NONE',  #6473 ) ;
#3473 = EDGE_LOOP ( 'NONE', ( #4434, #1506, #1721, #5166 ) ) ;
#3474 = ORIENTED_EDGE ( 'NONE', *, *, #3715, .F. ) ;
#3475 = CARTESIAN_POINT ( 'NONE',  ( 2.450950000000007289, -1.958983899406990803, -0.9956019809840982449 ) ) ;
#3476 = CARTESIAN_POINT ( 'NONE',  ( 0.9699999999999986411, 2.477361680291723101, -0.4515068968898167112 ) ) ;
#3477 = FACE_OUTER_BOUND ( 'NONE', #4173, .T. ) ;
#3478 = DIRECTION ( 'NONE',  ( 1.000000000000000000, 0.000000000000000000, 0.000000000000000000 ) ) ;
#3479 = ORIENTED_EDGE ( 'NONE', *, *, #5082, .T. ) ;
#3480 = ORIENTED_EDGE ( 'NONE', *, *, #3797, .T. ) ;
#3481 = CARTESIAN_POINT ( 'NONE',  ( 0.9843342201064364527, 2.473698157314324853, -0.4537679110708514596 ) ) ;
#3482 = DIRECTION ( 'NONE',  ( -5.815000796663748403E-17, -0.9822529701818841774, -0.1875609302836455661 ) ) ;
#3483 = DIRECTION ( 'NONE',  ( 1.445076253180178246E-16, 1.000000000000000000, -5.551115123125738329E-16 ) ) ;
#3484 = CARTESIAN_POINT ( 'NONE',  ( 2.470000000000027729, 2.290456010312191815, -1.068415287893975663 ) ) ;
#3485 = CARTESIAN_POINT ( 'NONE',  ( 0.9699999999999986411, 2.463272841927182988, -0.4620023377169546475 ) ) ;
#3486 = PRODUCT_RELATED_PRODUCT_CATEGORY ( 'part', '', ( #655 ) ) ;
#3487 = ORIENTED_EDGE ( 'NONE', *, *, #1251, .T. ) ;
#3488 = LINE ( 'NONE', #4730, #2473 ) ;
#3489 = SHAPE_REPRESENTATION ( 'CLS-M3-1', ( #4255 ), #4125 ) ;
#3490 =( LENGTH_UNIT ( ) NAMED_UNIT ( * ) SI_UNIT ( .MILLI., .METRE. ) );
#3491 = VERTEX_POINT ( 'NONE', #4792 ) ;
#3492 = CARTESIAN_POINT ( 'NONE',  ( 0.000000000000000000, -2.199999999999999734, 90.00000000000000000 ) ) ;
#3493 = CARTESIAN_POINT ( 'NONE',  ( 0.9843342201064364527, 2.523239701764157239, 0.2897166630500269680 ) ) ;
#3494 = LINE ( 'NONE', #5403, #7694 ) ;
#3495 = LINE ( 'NONE', #5898, #4605 ) ;
#3496 = ADVANCED_FACE ( 'NONE', ( #1004 ), #3509, .T. ) ;
#3497 = PRESENTATION_LAYER_ASSIGNMENT (  '', '', ( #6799 ) ) ;
#3498 = ORIENTED_EDGE ( 'NONE', *, *, #50, .T. ) ;
#3499 = LINE ( 'NONE', #6021, #6564 ) ;
#3500 = CARTESIAN_POINT ( 'NONE',  ( 0.9700000000000541522, 2.516865274082874748, 0.2540680310140347453 ) ) ;
#3501 = CARTESIAN_POINT ( 'NONE',  ( 0.9699999999999986411, 2.323393438462634464, -0.3948934297111766911 ) ) ;
#3502 = ORIENTED_EDGE ( 'NONE', *, *, #531, .F. ) ;
#3503 = ADVANCED_FACE ( 'NONE', ( #2273 ), #2974, .F. ) ;
#3504 = LINE ( 'NONE', #2884, #3855 ) ;
#3505 = PLANE ( 'NONE',  #6691 ) ;
#3506 = DIRECTION ( 'NONE',  ( -6.151416554694809738E-16, 0.3882672511710619223, 0.9215468201171700402 ) ) ;
#3507 = ADVANCED_FACE ( 'NONE', ( #422 ), #2935, .T. ) ;
#3508 = EDGE_CURVE ( 'NONE', #6496, #3078, #3429, .T. ) ;
#3509 = CYLINDRICAL_SURFACE ( 'NONE', #7000, 0.07202382437763348022 ) ;
#3510 = ORIENTED_EDGE ( 'NONE', *, *, #1632, .F. ) ;
#3511 = CARTESIAN_POINT ( 'NONE',  ( 0.9843342201064364527, 2.314344245309463144, 0.2847395351444903522 ) ) ;
#3512 = ORIENTED_EDGE ( 'NONE', *, *, #1239, .F. ) ;
#3513 = ADVANCED_FACE ( 'NONE', ( #1082 ), #3595, .T. ) ;
#3514 = VERTEX_POINT ( 'NONE', #834 ) ;
#3515 = LINE ( 'NONE', #3559, #128 ) ;
#3516 = CONICAL_SURFACE ( 'NONE', #6156, 3.175000000055685501, 0.7853981633974495002 ) ;
#3517 =( LENGTH_UNIT ( ) NAMED_UNIT ( * ) SI_UNIT ( .MILLI., .METRE. ) );
#3518 = CARTESIAN_POINT ( 'NONE',  ( 64.03805922287433816, -1.224646799147322569E-18, 104.0338815542511668 ) ) ;
#3519 = DIRECTION ( 'NONE',  ( 6.162975822039154730E-33, 1.000000000000000000, 0.000000000000000000 ) ) ;
#3520 = ORIENTED_EDGE ( 'NONE', *, *, #2413, .F. ) ;
#3521 = VECTOR ( 'NONE', #3310, 1000.000000000000000 ) ;
#3522 = EDGE_LOOP ( 'NONE', ( #1469, #3187, #3197, #4873 ) ) ;
#3523 = CARTESIAN_POINT ( 'NONE',  ( 0.9699999999999986411, 2.521531062727455641, -0.3400507035838801206 ) ) ;
#3524 = DIRECTION ( 'NONE',  ( 0.000000000000000000, 1.000000000000000000, 0.000000000000000000 ) ) ;
#3525 = CARTESIAN_POINT ( 'NONE',  ( 2.469999999999972218, -1.675109521795753453, -1.025625200007374005 ) ) ;
#3526 = LINE ( 'NONE', #2250, #4592 ) ;
#3527 = DIRECTION ( 'NONE',  ( -0.7071067811865474617, 0.000000000000000000, -0.7071067811865474617 ) ) ;
#3528 = VECTOR ( 'NONE', #5202, 1000.000000000000114 ) ;
#3529 = EDGE_LOOP ( 'NONE', ( #3697, #7094, #5860, #7593 ) ) ;
#3530 = DIRECTION ( 'NONE',  ( 1.000000000000000000, 2.000187765493021278E-16, -7.400880780937300593E-16 ) ) ;
#3531 = ORIENTED_EDGE ( 'NONE', *, *, #7180, .F. ) ;
#3532 = CARTESIAN_POINT ( 'NONE',  ( 35.00000000000014921, -1.199999999999999956, 90.00000000000000000 ) ) ;
#3533 = CARTESIAN_POINT ( 'NONE',  ( 0.9843342201063809416, 2.497005303495586581, -0.4483746272443411840 ) ) ;
#3534 = AXIS2_PLACEMENT_3D ( 'NONE', #7468, #1801, #4323 ) ;
#3535 = DIRECTION ( 'NONE',  ( -5.882887990558551382E-16, -0.4999999999999998890, 0.8660254037844387076 ) ) ;
#3536 = LINE ( 'NONE', #3625, #5537 ) ;
#3537 = CARTESIAN_POINT ( 'NONE',  ( 75.00000000000002842, 0.000000000000000000, 0.000000000000000000 ) ) ;
#3538 = VECTOR ( 'NONE', #6382, 1000.000000000000000 ) ;
#3539 = ORIENTED_EDGE ( 'NONE', *, *, #6626, .F. ) ;
#3540 = CARTESIAN_POINT ( 'NONE',  ( 0.9699999999999986411, 2.496811927282488242, -0.4437718483764896416 ) ) ;
#3541 = DIRECTION ( 'NONE',  ( -0.000000000000000000, 1.000000000000000000, -0.000000000000000000 ) ) ;
#3542 = PLANE ( 'NONE',  #26 ) ;
#3543 = ADVANCED_FACE ( 'NONE', ( #4113 ), #5360, .F. ) ;
#3544 = ORIENTED_EDGE ( 'NONE', *, *, #4551, .T. ) ;
#3545 = DIRECTION ( 'NONE',  ( -1.000000000000000000, -0.000000000000000000, 0.000000000000000000 ) ) ;
#3546 = DIRECTION ( 'NONE',  ( -1.000000000000000000, -2.000187765493021278E-16, 7.400880780937300593E-16 ) ) ;
#3547 = VECTOR ( 'NONE', #1664, 1000.000000000000000 ) ;
#3548 = CARTESIAN_POINT ( 'NONE',  ( 75.00000000000004263, -2.199999999999999734, 7.347880794884117764E-17 ) ) ;
#3549 = EDGE_CURVE ( 'NONE', #3245, #3669, #5277, .T. ) ;
#3550 = CIRCLE ( 'NONE', #6586, 2.110000000000000764 ) ;
#3551 = EDGE_LOOP ( 'NONE', ( #3346, #8016, #1924, #7569 ) ) ;
#3552 = VECTOR ( 'NONE', #3312, 1000.000000000000000 ) ;
#3553 = CARTESIAN_POINT ( 'NONE',  ( 64.03805922287450869, -1.199999999999999956, 10.00000000000001066 ) ) ;
#3554 = EDGE_CURVE ( 'NONE', #3243, #5883, #7249, .T. ) ;
#3555 = ORIENTED_EDGE ( 'NONE', *, *, #5676, .T. ) ;
#3556 = EDGE_CURVE ( 'NONE', #5713, #5383, #7722, .T. ) ;
#3557 = ORIENTED_EDGE ( 'NONE', *, *, #3617, .F. ) ;
#3558 = VECTOR ( 'NONE', #3333, 1000.000000000000114 ) ;
#3559 = CARTESIAN_POINT ( 'NONE',  ( 0.9843342201064364527, 2.324442703374368868, 0.1250508761556634596 ) ) ;
#3560 =( GEOMETRIC_REPRESENTATION_CONTEXT ( 3 ) GLOBAL_UNCERTAINTY_ASSIGNED_CONTEXT ( ( #7873 ) ) GLOBAL_UNIT_ASSIGNED_CONTEXT ( ( #4748, #1651, #7893 ) ) REPRESENTATION_CONTEXT ( 'NONE', 'WORKASPACE' ) );
#3561 = EDGE_CURVE ( 'NONE', #18, #2066, #163, .T. ) ;
#3562 = VERTEX_POINT ( 'NONE', #1553 ) ;
#3563 = CARTESIAN_POINT ( 'NONE',  ( 0.9700000000000541522, 2.494624298165937226, 0.2021500591578295758 ) ) ;
#3564 = PLANE ( 'NONE',  #5567 ) ;
#3565 = ORIENTED_EDGE ( 'NONE', *, *, #1299, .T. ) ;
#3566 = EDGE_CURVE ( 'NONE', #2967, #4253, #6519, .T. ) ;
#3567 = CIRCLE ( 'NONE', #1333, 0.03077947504423033526 ) ;
#3568 = AXIS2_PLACEMENT_3D ( 'NONE', #6549, #4645, #2743 ) ;
#3569 = ORIENTED_EDGE ( 'NONE', *, *, #7444, .F. ) ;
#3570 = DIRECTION ( 'NONE',  ( -0.000000000000000000, 1.000000000000000000, -0.000000000000000000 ) ) ;
#3571 = CARTESIAN_POINT ( 'NONE',  ( 2.469999999999972218, -1.675109521795753453, -1.025625200007374005 ) ) ;
#3572 = FACE_OUTER_BOUND ( 'NONE', #5660, .T. ) ;
#3573 = LINE ( 'NONE', #478, #794 ) ;
#3574 = VECTOR ( 'NONE', #5289, 1000.000000000000000 ) ;
#3575 = UNCERTAINTY_MEASURE_WITH_UNIT (LENGTH_MEASURE( 1.000000000000000082E-05 ), #5698, 'distance_accuracy_value', 'NONE');
#3576 = VERTEX_POINT ( 'NONE', #5236 ) ;
#3577 = CARTESIAN_POINT ( 'NONE',  ( 12.50000000000001421, -9.999999999999994671, 104.9099643838293758 ) ) ;
#3578 = SURFACE_STYLE_FILL_AREA ( #447 ) ;
#3579 = VERTEX_POINT ( 'NONE', #5319 ) ;
#3580 = DIRECTION ( 'NONE',  ( 0.000000000000000000, 0.000000000000000000, 1.000000000000000000 ) ) ;
#3581 = DIRECTION ( 'NONE',  ( -1.000000000000000000, -2.000187765493021278E-16, 7.400880780937300593E-16 ) ) ;
#3582 = VECTOR ( 'NONE', #6755, 1000.000000000000114 ) ;
#3583 = LINE ( 'NONE', #1671, #4117 ) ;
#3584 = CARTESIAN_POINT ( 'NONE',  ( 2.470000000000055707, 2.133761685484680815, -1.138599379414545476 ) ) ;
#3585 = AXIS2_PLACEMENT_3D ( 'NONE', #7164, #2004, #5 ) ;
#3586 = FACE_OUTER_BOUND ( 'NONE', #6759, .T. ) ;
#3587 = ORIENTED_EDGE ( 'NONE', *, *, #7973, .F. ) ;
#3588 = CARTESIAN_POINT ( 'NONE',  ( 0.9843342201064919639, 2.523629592551285050, 0.03526031801355522521 ) ) ;
#3589 = LINE ( 'NONE', #456, #1087 ) ;
#3590 = PLANE ( 'NONE',  #2523 ) ;
#3591 = VERTEX_POINT ( 'NONE', #2053 ) ;
#3592 = PLANE ( 'NONE',  #3861 ) ;
#3593 = DIRECTION ( 'NONE',  ( 1.000000000000000000, 2.000187765493029413E-16, 6.845769268624692740E-16 ) ) ;
#3594 = VECTOR ( 'NONE', #3299, 1000.000000000000114 ) ;
#3595 = CYLINDRICAL_SURFACE ( 'NONE', #15, 2.637500000000020606 ) ;
#3596 = EDGE_CURVE ( 'NONE', #7148, #5638, #541, .T. ) ;
#3597 = AXIS2_PLACEMENT_3D ( 'NONE', #5160, #3289, #2559 ) ;
#3598 = LINE ( 'NONE', #4828, #3842 ) ;
#3599 = ORIENTED_EDGE ( 'NONE', *, *, #2744, .T. ) ;
#3600 = CARTESIAN_POINT ( 'NONE',  ( 0.9699999999999986411, 2.483238627135203380, -0.4477264981799095045 ) ) ;
#3601 = ORIENTED_EDGE ( 'NONE', *, *, #8068, .T. ) ;
#3602 = EDGE_LOOP ( 'NONE', ( #6556, #6516, #7406, #4491 ) ) ;
#3603 = DIRECTION ( 'NONE',  ( 1.000000000000000000, 0.000000000000000000, 0.000000000000000000 ) ) ;
#3604 = EDGE_CURVE ( 'NONE', #6113, #3385, #2170, .T. ) ;
#3605 = EDGE_CURVE ( 'NONE', #3327, #8098, #4691, .T. ) ;
#3606 = PRODUCT ( 'CLS-M3-1', 'CLS-M3-1', '', ( #4464 ) ) ;
#3607 =( NAMED_UNIT ( * ) PLANE_ANGLE_UNIT ( ) SI_UNIT ( $, .RADIAN. ) );
#3608 = ORIENTED_EDGE ( 'NONE', *, *, #7435, .F. ) ;
#3609 = CARTESIAN_POINT ( 'NONE',  ( 0.000000000000000000, -1.199999999999999734, 2.571758278209441464E-16 ) ) ;
#3610 = ORIENTED_EDGE ( 'NONE', *, *, #3554, .T. ) ;
#3611 = ORIENTED_EDGE ( 'NONE', *, *, #4782, .T. ) ;
#3612 = DIRECTION ( 'NONE',  ( 3.402826124941148042E-16, -0.7693267868930279141, -0.6388554570236132379 ) ) ;
#3613 = EDGE_CURVE ( 'NONE', #4751, #3781, #3331, .T. ) ;
#3614 = DIRECTION ( 'NONE',  ( 5.678280449645382924E-16, -0.4778152549999977738, -0.8784603474769291376 ) ) ;
#3615 = CARTESIAN_POINT ( 'NONE',  ( 0.9843342201064364527, 2.471364892679961400, -0.4643037271511718522 ) ) ;
#3616 = DIRECTION ( 'NONE',  ( 9.621326830187600855E-16, 2.220446049250292373E-16, -1.000000000000000000 ) ) ;
#3617 = EDGE_CURVE ( 'NONE', #6176, #1243, #939, .T. ) ;
#3618 = ADVANCED_FACE ( 'NONE', ( #2091, #7801 ), #3415, .T. ) ;
#3619 = ORIENTED_EDGE ( 'NONE', *, *, #5377, .F. ) ;
#3620 =( LENGTH_UNIT ( ) NAMED_UNIT ( * ) SI_UNIT ( .MILLI., .METRE. ) );
#3621 = VERTEX_POINT ( 'NONE', #5896 ) ;
#3622 = CARTESIAN_POINT ( 'NONE',  ( 12.50000000000001421, -8.800000000000002487, 102.4099643838293758 ) ) ;
#3623 = CARTESIAN_POINT ( 'NONE',  ( 0.9699999999999986411, 2.219308366003841293, -0.05453024012809504217 ) ) ;
#3624 = PLANE ( 'NONE',  #7567 ) ;
#3625 = CARTESIAN_POINT ( 'NONE',  ( 0.000000000000000000, -1.857979856674324415, 180.9396926207859053 ) ) ;
#3626 = VERTEX_POINT ( 'NONE', #4068 ) ;
#3627 = ORIENTED_EDGE ( 'NONE', *, *, #5741, .T. ) ;
#3628 = PLANE ( 'NONE',  #4447 ) ;
#3629 = CYLINDRICAL_SURFACE ( 'NONE', #4639, 2.110000000000000764 ) ;
#3630 = PLANE ( 'NONE',  #7667 ) ;
#3631 = VERTEX_POINT ( 'NONE', #5939 ) ;
#3632 = FACE_BOUND ( 'NONE', #4761, .T. ) ;
#3633 = DIRECTION ( 'NONE',  ( 0.000000000000000000, 0.000000000000000000, 1.000000000000000000 ) ) ;
#3634 = CARTESIAN_POINT ( 'NONE',  ( 0.9843342201064364527, 2.411458586530551784, -0.2347371884625498728 ) ) ;
#3635 = ORIENTED_EDGE ( 'NONE', *, *, #5520, .T. ) ;
#3636 = ORIENTED_EDGE ( 'NONE', *, *, #6946, .F. ) ;
#3637 = EDGE_CURVE ( 'NONE', #7466, #2220, #6599, .T. ) ;
#3638 = LINE ( 'NONE', #6161, #3929 ) ;
#3639 = CARTESIAN_POINT ( 'NONE',  ( 0.000000000000000000, -1.857979856674332408, 90.93969262078590532 ) ) ;
#3640 = EDGE_LOOP ( 'NONE', ( #3300, #5055, #6518, #4333 ) ) ;
#3641 = DIRECTION ( 'NONE',  ( 1.000000000000000000, 1.722632009336712421E-16, -4.625323219374409242E-16 ) ) ;
#3642 = DIRECTION ( 'NONE',  ( -3.770112698009147343E-16, -0.9450420697512519341, 0.3269487519478700421 ) ) ;
#3643 = ORIENTED_EDGE ( 'NONE', *, *, #591, .F. ) ;
#3644 = ORIENTED_EDGE ( 'NONE', *, *, #3941, .F. ) ;
#3645 = PLANE ( 'NONE',  #3270 ) ;
#3646 = EDGE_CURVE ( 'NONE', #538, #1125, #6070, .T. ) ;
#3647 = DIRECTION ( 'NONE',  ( 0.7071067811865474617, -0.000000000000000000, 0.7071067811865475727 ) ) ;
#3648 = AXIS2_PLACEMENT_3D ( 'NONE', #4925, #4962, #7447 ) ;
#3649 = CARTESIAN_POINT ( 'NONE',  ( 75.00000000000002842, -8.552444315316478196, -3.376278418084634136 ) ) ;
#3650 = DIRECTION ( 'NONE',  ( -5.140241767647238086E-16, -0.8660254037844209440, 0.5000000000000306422 ) ) ;
#3651 = EDGE_CURVE ( 'NONE', #258, #6500, #3288, .T. ) ;
#3652 = AXIS2_PLACEMENT_3D ( 'NONE', #5013, #4966, #1824 ) ;
#3653 = ORIENTED_EDGE ( 'NONE', *, *, #1203, .T. ) ;
#3654 = ORIENTED_EDGE ( 'NONE', *, *, #5677, .F. ) ;
#3655 = LINE ( 'NONE', #7462, #7590 ) ;
#3656 = EDGE_CURVE ( 'NONE', #6979, #3662, #3948, .T. ) ;
#3657 = DIRECTION ( 'NONE',  ( 7.092527854639317895E-16, 0.5611319948292396997, -0.8277263342306792060 ) ) ;
#3658 = EDGE_CURVE ( 'NONE', #7055, #6685, #6479, .T. ) ;
#3659 = DIRECTION ( 'NONE',  ( 9.469599216104743275E-17, 0.9901489287481959334, 0.1400182091686649755 ) ) ;
#3660 = DIRECTION ( 'NONE',  ( -0.000000000000000000, 1.000000000000000000, -0.000000000000000000 ) ) ;
#3661 = AXIS2_PLACEMENT_3D ( 'NONE', #6443, #3293, #7764 ) ;
#3662 = VERTEX_POINT ( 'NONE', #7372 ) ;
#3663 = EDGE_CURVE ( 'NONE', #6158, #3410, #7970, .T. ) ;
#3664 = VERTEX_POINT ( 'NONE', #7297 ) ;
#3665 = CARTESIAN_POINT ( 'NONE',  ( 0.9699999999999986411, 2.483238627135203380, -0.4169470231356793843 ) ) ;
#3666 = LINE ( 'NONE', #6809, #1866 ) ;
#3667 = AXIS2_PLACEMENT_3D ( 'NONE', #1623, #8037, #4886 ) ;
#3668 = DIRECTION ( 'NONE',  ( 1.000000000000000000, 2.000187765493021278E-16, -7.400880780937300593E-16 ) ) ;
#3669 = VERTEX_POINT ( 'NONE', #8005 ) ;
#3670 = EDGE_CURVE ( 'NONE', #5836, #2558, #6059, .T. ) ;
#3671 = CARTESIAN_POINT ( 'NONE',  ( 0.9699999999999986411, 2.523629592551174028, 0.1250508761553026371 ) ) ;
#3672 = CYLINDRICAL_SURFACE ( 'NONE', #667, 2.500000000000002220 ) ;
#3673 = CARTESIAN_POINT ( 'NONE',  ( 0.9700000000000541522, 2.418473753850569619, 0.2696685361248257751 ) ) ;
#3674 = ORIENTED_EDGE ( 'NONE', *, *, #6289, .F. ) ;
#3675 = PLANE ( 'NONE',  #4777 ) ;
#3676 = ORIENTED_EDGE ( 'NONE', *, *, #1493, .T. ) ;
#3677 = DIRECTION ( 'NONE',  ( 0.000000000000000000, 0.000000000000000000, 1.000000000000000000 ) ) ;
#3678 = DIRECTION ( 'NONE',  ( 1.445076253180192051E-16, 1.000000000000000000, -2.553512956637819811E-15 ) ) ;
#3679 = PRESENTATION_LAYER_ASSIGNMENT (  '', '', ( #3816 ) ) ;
#3680 = VECTOR ( 'NONE', #4010, 1000.000000000000000 ) ;
#3681 = ORIENTED_EDGE ( 'NONE', *, *, #132, .T. ) ;
#3682 = DIRECTION ( 'NONE',  ( 4.433975358533277689E-16, 0.8351291180228916922, -0.5500539575626260946 ) ) ;
#3683 = CARTESIAN_POINT ( 'NONE',  ( 0.7275000000000503286, -2.231857109454806259E-13, -2.637499999999770584 ) ) ;
#3684 = FACE_OUTER_BOUND ( 'NONE', #3946, .T. ) ;
#3685 = VERTEX_POINT ( 'NONE', #1637 ) ;
#3686 = ORIENTED_EDGE ( 'NONE', *, *, #4950, .T. ) ;
#3687 = CARTESIAN_POINT ( 'NONE',  ( 0.9700000000000541522, 2.418816341710844142, 0.2702983817565729474 ) ) ;
#3688 = VECTOR ( 'NONE', #3847, 1000.000000000000000 ) ;
#3689 = VECTOR ( 'NONE', #1112, 1000.000000000000000 ) ;
#3690 = FACE_OUTER_BOUND ( 'NONE', #742, .T. ) ;
#3691 = CARTESIAN_POINT ( 'NONE',  ( 120.0000000000000284, 0.000000000000000000, 5.000000000000031974 ) ) ;
#3692 = DIRECTION ( 'NONE',  ( 3.882069932406777745E-16, 0.9313974768889484723, -0.3640037637784818148 ) ) ;
#3693 = EDGE_CURVE ( 'NONE', #1660, #3631, #5515, .T. ) ;
#3694 = PLANE ( 'NONE',  #2679 ) ;
#3695 = VECTOR ( 'NONE', #2815, 1000.000000000000000 ) ;
#3696 = ORIENTED_EDGE ( 'NONE', *, *, #1528, .T. ) ;
#3697 = ORIENTED_EDGE ( 'NONE', *, *, #6784, .F. ) ;
#3698 = ORIENTED_EDGE ( 'NONE', *, *, #889, .T. ) ;
#3699 = CARTESIAN_POINT ( 'NONE',  ( 0.2705000000000064575, 1.229500000000000037, -4.705770390075646902E-15 ) ) ;
#3700 = CARTESIAN_POINT ( 'NONE',  ( 0.9843342201064364527, 2.224161932931761676, 0.2483908197990214450 ) ) ;
#3701 = LINE ( 'NONE', #8135, #1752 ) ;
#3702 = DIRECTION ( 'NONE',  ( -0.9911384352235825812, -2.002315273615767751E-16, 0.1328329861990159011 ) ) ;
#3703 = AXIS2_PLACEMENT_3D ( 'NONE', #981, #7832, #7791 ) ;
#3704 = EDGE_CURVE ( 'NONE', #2159, #7067, #6143, .T. ) ;
#3705 = EDGE_CURVE ( 'NONE', #2545, #1655, #4151, .T. ) ;
#3706 = EDGE_CURVE ( 'NONE', #6628, #4356, #5562, .T. ) ;
#3707 = ORIENTED_EDGE ( 'NONE', *, *, #7149, .F. ) ;
#3708 = ORIENTED_EDGE ( 'NONE', *, *, #6797, .F. ) ;
#3709 = FACE_OUTER_BOUND ( 'NONE', #158, .T. ) ;
#3710 = CIRCLE ( 'NONE', #1864, 0.1723194039403193323 ) ;
#3711 = DIRECTION ( 'NONE',  ( 0.000000000000000000, 0.000000000000000000, -1.000000000000000000 ) ) ;
#3712 = CARTESIAN_POINT ( 'NONE',  ( 0.9699999999999986411, 2.463272841927377499, -0.4415490844348612942 ) ) ;
#3713 = ORIENTED_EDGE ( 'NONE', *, *, #4006, .F. ) ;
#3714 = DIRECTION ( 'NONE',  ( 3.402826124941147549E-16, -0.7693267868930279141, -0.6388554570236131269 ) ) ;
#3715 = EDGE_CURVE ( 'NONE', #2110, #2003, #4895, .T. ) ;
#3716 = AXIS2_PLACEMENT_3D ( 'NONE', #7708, #2040, #1468 ) ;
#3717 = EDGE_CURVE ( 'NONE', #3943, #5713, #7328, .T. ) ;
#3718 = PRESENTATION_STYLE_ASSIGNMENT (( #4871 ) ) ;
#3719 = CARTESIAN_POINT ( 'NONE',  ( 47.50000000000005684, -8.800000000000013145, -41.90996438382936162 ) ) ;
#3720 = EDGE_LOOP ( 'NONE', ( #7112, #2990, #850, #2584 ) ) ;
#3721 = VECTOR ( 'NONE', #4917, 1000.000000000000000 ) ;
#3722 = ORIENTED_EDGE ( 'NONE', *, *, #3291, .T. ) ;
#3723 = CARTESIAN_POINT ( 'NONE',  ( 0.9843342201064364527, 2.416638973676554780, 0.2657177383791342606 ) ) ;
#3724 = CARTESIAN_POINT ( 'NONE',  ( 2.470000000000055707, 2.050436751333539753, -0.9298401041122894561 ) ) ;
#3725 = VERTEX_POINT ( 'NONE', #8094 ) ;
#3726 = CARTESIAN_POINT ( 'NONE',  ( 0.9699999999999986411, 2.473336351479572759, -0.4538286831452240100 ) ) ;
#3727 = CARTESIAN_POINT ( 'NONE',  ( 0.9699999999999986411, 2.496594058078394074, -0.4418346858929278476 ) ) ;
#3728 = ORIENTED_EDGE ( 'NONE', *, *, #3904, .T. ) ;
#3729 = ORIENTED_EDGE ( 'NONE', *, *, #7195, .T. ) ;
#3730 = CARTESIAN_POINT ( 'NONE',  ( 0.9700000000000541522, 1.777399554396486003, 0.1634373442320619096 ) ) ;
#3731 = VECTOR ( 'NONE', #7582, 1000.000000000000227 ) ;
#3732 = FACE_OUTER_BOUND ( 'NONE', #3961, .T. ) ;
#3733 = CARTESIAN_POINT ( 'NONE',  ( 0.9700000000000541522, 2.516865274082874748, 0.2540680310140347453 ) ) ;
#3734 = LINE ( 'NONE', #7619, #661 ) ;
#3735 = ORIENTED_EDGE ( 'NONE', *, *, #4672, .T. ) ;
#3736 = ORIENTED_EDGE ( 'NONE', *, *, #4423, .F. ) ;
#3737 = ORIENTED_EDGE ( 'NONE', *, *, #842, .F. ) ;
#3738 = DIRECTION ( 'NONE',  ( 1.167520497023873827E-16, 1.000000000000000000, -9.436895709313777345E-16 ) ) ;
#3739 = DIRECTION ( 'NONE',  ( 8.132597263676724836E-17, -0.9555589467387254343, -0.2948001005894973492 ) ) ;
#3740 = PLANE ( 'NONE',  #977 ) ;
#3741 = DIRECTION ( 'NONE',  ( 1.000000000000000000, 2.000187765493029413E-16, 6.845769268624692740E-16 ) ) ;
#3742 = ORIENTED_EDGE ( 'NONE', *, *, #1519, .F. ) ;
#3743 = EDGE_LOOP ( 'NONE', ( #7911, #4, #5923, #5101 ) ) ;
#3744 = ORIENTED_EDGE ( 'NONE', *, *, #2849, .T. ) ;
#3745 = FACE_OUTER_BOUND ( 'NONE', #8131, .T. ) ;
#3746 = DIRECTION ( 'NONE',  ( 4.619824724853956341E-16, 0.8660254037844391517, -0.4999999999999992228 ) ) ;
#3747 = VERTEX_POINT ( 'NONE', #2428 ) ;
#3748 = ADVANCED_FACE ( 'NONE', ( #4234 ), #6180, .F. ) ;
#3749 = LINE ( 'NONE', #13, #1678 ) ;
#3750 = ADVANCED_FACE ( 'NONE', ( #6017 ), #2962, .T. ) ;
#3751 = DIRECTION ( 'NONE',  ( -6.845769268624692740E-16, 5.551115123125739315E-16, 1.000000000000000000 ) ) ;
#3752 = CLOSED_SHELL ( 'NONE', ( #6284, #5228, #7509, #3344, #4413, #1831 ) ) ;
#3753 = ORIENTED_EDGE ( 'NONE', *, *, #5879, .F. ) ;
#3754 = ORIENTED_EDGE ( 'NONE', *, *, #931, .T. ) ;
#3755 = CARTESIAN_POINT ( 'NONE',  ( 0.9843342201064364527, 2.140667967656273429, -0.2325411859420839500 ) ) ;
#3756 = EDGE_CURVE ( 'NONE', #7677, #2861, #2298, .T. ) ;
#3757 = EDGE_CURVE ( 'NONE', #2545, #7571, #362, .T. ) ;
#3758 = CARTESIAN_POINT ( 'NONE',  ( 18.07611844574883619, -1.224646799147322569E-18, 58.07194077712551206 ) ) ;
#3759 =( LENGTH_UNIT ( ) NAMED_UNIT ( * ) SI_UNIT ( .MILLI., .METRE. ) );
#3760 = EDGE_CURVE ( 'NONE', #122, #2257, #6803, .T. ) ;
#3761 = CARTESIAN_POINT ( 'NONE',  ( 0.9699999999999986411, 2.472612739809865179, -0.4539502272925405313 ) ) ;
#3762 = ORIENTED_EDGE ( 'NONE', *, *, #1153, .T. ) ;
#3763 = EDGE_LOOP ( 'NONE', ( #3686, #5683, #613, #2959 ) ) ;
#3764 = LINE ( 'NONE', #3804, #3384 ) ;
#3765 = CARTESIAN_POINT ( 'NONE',  ( 1.126121132310044462E-14, -1.857979856674338404, 90.93969262078590532 ) ) ;
#3766 = DIRECTION ( 'NONE',  ( -1.000000000000000000, -2.000187765493021278E-16, 7.400880780937300593E-16 ) ) ;
#3767 = DIRECTION ( 'NONE',  ( 0.000000000000000000, 0.000000000000000000, 1.000000000000000000 ) ) ;
#3768 = CARTESIAN_POINT ( 'NONE',  ( 2.470000000000055707, 1.590464268307195672, -1.172235079669542435 ) ) ;
#3769 = VERTEX_POINT ( 'NONE', #6104 ) ;
#3770 = VERTEX_POINT ( 'NONE', #4276 ) ;
#3771 = DIRECTION ( 'NONE',  ( 1.302670539013764741E-16, 0.9998156855907736063, 0.01919882409553617594 ) ) ;
#3772 = DIRECTION ( 'NONE',  ( 1.000000000000000000, 0.000000000000000000, 0.000000000000000000 ) ) ;
#3773 = PLANE ( 'NONE',  #1170 ) ;
#3774 = LINE ( 'NONE', #6265, #6315 ) ;
#3775 = VECTOR ( 'NONE', #2296, 1000.000000000000000 ) ;
#3776 = ORIENTED_EDGE ( 'NONE', *, *, #7392, .F. ) ;
#3777 = VERTEX_POINT ( 'NONE', #7463 ) ;
#3778 = EDGE_LOOP ( 'NONE', ( #968, #7403, #5008, #3619 ) ) ;
#3779 = LINE ( 'NONE', #6310, #7489 ) ;
#3780 = PLANE ( 'NONE',  #1212 ) ;
#3781 = VERTEX_POINT ( 'NONE', #2875 ) ;
#3782 = CIRCLE ( 'NONE', #5639, 0.07202382437763348022 ) ;
#3783 = DIRECTION ( 'NONE',  ( 5.487362164760627942E-16, -0.6655541655963036485, -0.7463495512542417387 ) ) ;
#3784 = CARTESIAN_POINT ( 'NONE',  ( 0.9843342201064364527, 2.503720345612137077, -0.4482944105899250298 ) ) ;
#3785 = CARTESIAN_POINT ( 'NONE',  ( 0.000000000000000000, -10.00000000000001243, -5.443602183813635698 ) ) ;
#3786 = VECTOR ( 'NONE', #795, 1000.000000000000000 ) ;
#3787 = ADVANCED_FACE ( 'NONE', ( #4189 ), #5447, .F. ) ;
#3788 = CARTESIAN_POINT ( 'NONE',  ( 0.9699999999999986411, 2.486422737122351290, -0.4626929670481366719 ) ) ;
#3789 = EDGE_LOOP ( 'NONE', ( #3627, #7741 ) ) ;
#3790 = CARTESIAN_POINT ( 'NONE',  ( 2.450949999999840756, -0.06106376598083440577, 2.273457506809878126 ) ) ;
#3791 = ORIENTED_EDGE ( 'NONE', *, *, #793, .F. ) ;
#3792 = CARTESIAN_POINT ( 'NONE',  ( 2.450949999999840756, -0.2359217314835682089, 2.240650367564128942 ) ) ;
#3793 = CARTESIAN_POINT ( 'NONE',  ( 0.9700000000000541522, 2.366492138056563999, 0.2474031920336461354 ) ) ;
#3794 = EDGE_CURVE ( 'NONE', #3781, #4987, #989, .T. ) ;
#3795 = DIRECTION ( 'NONE',  ( 0.002535560577290190548, -1.836970198721026976E-16, 0.9999967854611128137 ) ) ;
#3796 = EDGE_CURVE ( 'NONE', #5558, #884, #4853, .T. ) ;
#3797 = EDGE_CURVE ( 'NONE', #6865, #3360, #3863, .T. ) ;
#3798 = VERTEX_POINT ( 'NONE', #6346 ) ;
#3799 = AXIS2_PLACEMENT_3D ( 'NONE', #5194, #2550, #7054 ) ;
#3800 = CARTESIAN_POINT ( 'NONE',  ( 0.9843342201064364527, 2.466294610879687710, -0.4655277348273173521 ) ) ;
#3801 = LINE ( 'NONE', #3186, #5174 ) ;
#3802 = ORIENTED_EDGE ( 'NONE', *, *, #2447, .F. ) ;
#3803 = EDGE_LOOP ( 'NONE', ( #1659, #259, #3917, #7578 ) ) ;
#3804 = CARTESIAN_POINT ( 'NONE',  ( 0.9699999999999986411, 2.471483893426634992, -0.4542524141098597257 ) ) ;
#3805 = PLANE ( 'NONE',  #2398 ) ;
#3806 = PLANE ( 'NONE',  #6977 ) ;
#3807 = AXIS2_PLACEMENT_3D ( 'NONE', #5207, #3222, #19 ) ;
#3808 = CARTESIAN_POINT ( 'NONE',  ( 113.0000000000000284, -9.999999999999980460, 192.4099643838293332 ) ) ;
#3809 = ADVANCED_FACE ( 'NONE', ( #6223 ), #3159, .F. ) ;
#3810 = VECTOR ( 'NONE', #6012, 1000.000000000000114 ) ;
#3811 = DIRECTION ( 'NONE',  ( -7.054589166432185917E-16, 5.551115123125740301E-16, 1.000000000000000000 ) ) ;
#3812 = EDGE_CURVE ( 'NONE', #2691, #297, #3818, .T. ) ;
#3813 = EDGE_LOOP ( 'NONE', ( #34, #4232, #1983, #496 ) ) ;
#3814 = VERTEX_POINT ( 'NONE', #5029 ) ;
#3815 = ORIENTED_EDGE ( 'NONE', *, *, #738, .T. ) ;
#3816 = STYLED_ITEM ( 'NONE', ( #709 ), #4640 ) ;
#3817 = VECTOR ( 'NONE', #721, 1000.000000000000000 ) ;
#3818 = LINE ( 'NONE', #6965, #5808 ) ;
#3819 = CARTESIAN_POINT ( 'NONE',  ( 120.0000000000000284, -1.199999999999999956, 180.0000000000000000 ) ) ;
#3820 = DIRECTION ( 'NONE',  ( -9.561467977657224227E-16, 5.551115123125740301E-16, 1.000000000000000000 ) ) ;
#3821 = CARTESIAN_POINT ( 'NONE',  ( 0.9700000000000541522, 2.523629592551229983, 0.3459275904864889117 ) ) ;
#3822 = AXIS2_PLACEMENT_3D ( 'NONE', #1742, #6951, #1868 ) ;
#3823 = VECTOR ( 'NONE', #7928, 1000.000000000000000 ) ;
#3824 = ORIENTED_EDGE ( 'NONE', *, *, #3354, .T. ) ;
#3825 = ORIENTED_EDGE ( 'NONE', *, *, #2942, .F. ) ;
#3826 = ORIENTED_EDGE ( 'NONE', *, *, #5235, .F. ) ;
#3827 = CARTESIAN_POINT ( 'NONE',  ( 0.9699999999999986411, 2.523629592551174028, 0.1250508761553026371 ) ) ;
#3828 = ORIENTED_EDGE ( 'NONE', *, *, #8163, .T. ) ;
#3829 = AXIS2_PLACEMENT_3D ( 'NONE', #2057, #3837, #2639 ) ;
#3830 = VECTOR ( 'NONE', #1508, 1000.000000000000000 ) ;
#3831 = DIRECTION ( 'NONE',  ( -1.000000000000000000, 0.000000000000000000, 0.000000000000000000 ) ) ;
#3832 = DIRECTION ( 'NONE',  ( 0.000000000000000000, 0.000000000000000000, -1.000000000000000000 ) ) ;
#3833 = VECTOR ( 'NONE', #5611, 999.9999999999998863 ) ;
#3834 = LINE ( 'NONE', #87, #4840 ) ;
#3835 = FACE_OUTER_BOUND ( 'NONE', #5146, .T. ) ;
#3836 = B_SPLINE_CURVE_WITH_KNOTS ( 'NONE', 3,
 ( #7514, #115, #1848, #6356 ),
 .UNSPECIFIED., .F., .F.,
 ( 4, 4 ),
 ( 0.000000000000000000, 1.000000000000000000 ),
 .UNSPECIFIED. ) ;
#3837 = DIRECTION ( 'NONE',  ( -0.000000000000000000, 1.000000000000000000, -0.000000000000000000 ) ) ;
#3838 = ORIENTED_EDGE ( 'NONE', *, *, #1989, .T. ) ;
#3839 = DIRECTION ( 'NONE',  ( 1.000000000000000000, 0.000000000000000000, 0.000000000000000000 ) ) ;
#3840 = ORIENTED_EDGE ( 'NONE', *, *, #5129, .T. ) ;
#3841 = FACE_OUTER_BOUND ( 'NONE', #237, .T. ) ;
#3842 = VECTOR ( 'NONE', #7347, 1000.000000000000000 ) ;
#3843 = EDGE_CURVE ( 'NONE', #6064, #6500, #6262, .T. ) ;
#3844 = DIRECTION ( 'NONE',  ( 0.000000000000000000, 0.000000000000000000, -1.000000000000000000 ) ) ;
#3845 = VECTOR ( 'NONE', #6191, 1000.000000000000000 ) ;
#3846 = ORIENTED_EDGE ( 'NONE', *, *, #7052, .F. ) ;
#3847 = DIRECTION ( 'NONE',  ( 1.000000000000000000, 2.000187765493021278E-16, -7.400880780937300593E-16 ) ) ;
#3848 = ORIENTED_EDGE ( 'NONE', *, *, #6280, .F. ) ;
#3849 = ORIENTED_EDGE ( 'NONE', *, *, #188, .T. ) ;
#3850 = CARTESIAN_POINT ( 'NONE',  ( 0.9700000000000541522, 2.170392839890566972, 0.2851052010992560781 ) ) ;
#3851 = CARTESIAN_POINT ( 'NONE',  ( 80.00000000000002842, -8.799999999999947420, 185.4436021838136242 ) ) ;
#3852 = DIRECTION ( 'NONE',  ( -7.400880780937299607E-16, -5.551115123125742273E-16, -1.000000000000000000 ) ) ;
#3853 = EDGE_CURVE ( 'NONE', #3781, #8171, #4358, .T. ) ;
#3854 = EDGE_CURVE ( 'NONE', #7423, #6032, #7625, .T. ) ;
#3855 = VECTOR ( 'NONE', #3545, 1000.000000000000000 ) ;
#3856 = LINE ( 'NONE', #1955, #7511 ) ;
#3857 = LINE ( 'NONE', #6884, #3731 ) ;
#3858 = VERTEX_POINT ( 'NONE', #106 ) ;
#3859 = ORIENTED_EDGE ( 'NONE', *, *, #7807, .F. ) ;
#3860 = ORIENTED_EDGE ( 'NONE', *, *, #4812, .T. ) ;
#3861 = AXIS2_PLACEMENT_3D ( 'NONE', #4245, #6115, #5490 ) ;
#3862 = EDGE_CURVE ( 'NONE', #6279, #3943, #1920, .T. ) ;
#3863 = LINE ( 'NONE', #2508, #3952 ) ;
#3864 = CARTESIAN_POINT ( 'NONE',  ( 0.9843342201064364527, 2.125255814197618776, 0.2850196258058629306 ) ) ;
#3865 = DIRECTION ( 'NONE',  ( -1.000000000000000000, 5.595620758047739225E-31, 1.286904669755700108E-30 ) ) ;
#3866 = EDGE_CURVE ( 'NONE', #3576, #3971, #1309, .T. ) ;
#3867 = ADVANCED_FACE ( 'NONE', ( #2547 ), #5760, .T. ) ;
#3868 = DIRECTION ( 'NONE',  ( -1.000000000000000000, -2.000187765493021278E-16, 7.400880780937300593E-16 ) ) ;
#3869 = AXIS2_PLACEMENT_3D ( 'NONE', #4385, #2532, #5091 ) ;
#3870 = VERTEX_POINT ( 'NONE', #2623 ) ;
#3871 = ORIENTED_EDGE ( 'NONE', *, *, #5735, .T. ) ;
#3872 = ORIENTED_EDGE ( 'NONE', *, *, #544, .T. ) ;
#3873 = DIRECTION ( 'NONE',  ( 1.000000000000000000, 2.000187765493021278E-16, -7.400880780937300593E-16 ) ) ;
#3874 = EDGE_CURVE ( 'NONE', #7477, #3243, #5642, .T. ) ;
#3875 = ORIENTED_EDGE ( 'NONE', *, *, #5520, .F. ) ;
#3876 = DIRECTION ( 'NONE',  ( 1.000000000000000000, 2.000187765493021278E-16, -7.400880780937300593E-16 ) ) ;
#3877 = CARTESIAN_POINT ( 'NONE',  ( 80.00000000000002842, -2.199999999999999734, 180.0000000000000000 ) ) ;
#3878 = DIRECTION ( 'NONE',  ( -0.000000000000000000, 1.000000000000000000, -0.000000000000000000 ) ) ;
#3879 = CYLINDRICAL_SURFACE ( 'NONE', #8018, 2.500000000000002220 ) ;
#3880 = ORIENTED_EDGE ( 'NONE', *, *, #3906, .T. ) ;
#3881 = DIRECTION ( 'NONE',  ( -1.000000000000000000, -1.722632009336720063E-16, 7.400880780937477100E-16 ) ) ;
#3882 = CARTESIAN_POINT ( 'NONE',  ( 0.9843342201064364527, 2.215529865583626190, 0.2812557462896769778 ) ) ;
#3883 = ORIENTED_EDGE ( 'NONE', *, *, #4271, .T. ) ;
#3884 = LINE ( 'NONE', #5744, #3594 ) ;
#3885 = ORIENTED_EDGE ( 'NONE', *, *, #4906, .T. ) ;
#3886 = CARTESIAN_POINT ( 'NONE',  ( 2.450950000000035267, 2.079570488202703515, -1.107312077076247459 ) ) ;
#3887 = FACE_OUTER_BOUND ( 'NONE', #4992, .T. ) ;
#3888 = ORIENTED_EDGE ( 'NONE', *, *, #5519, .T. ) ;
#3889 = EDGE_LOOP ( 'NONE', ( #4961, #5399, #8055, #5179 ) ) ;
#3890 = EDGE_LOOP ( 'NONE', ( #3002, #2675, #4054, #2131 ) ) ;
#3891 = CARTESIAN_POINT ( 'NONE',  ( 0.000000000000000000, -10.00000000000001421, -14.40996438382933320 ) ) ;
#3892 = CYLINDRICAL_SURFACE ( 'NONE', #4330, 2.110000000000000764 ) ;
#3893 = FACE_OUTER_BOUND ( 'NONE', #1800, .T. ) ;
#3894 = PLANE ( 'NONE',  #4129 ) ;
#3895 = ORIENTED_EDGE ( 'NONE', *, *, #6893, .T. ) ;
#3896 = ADVANCED_FACE ( 'NONE', ( #1960 ), #5725, .F. ) ;
#3897 = DIRECTION ( 'NONE',  ( -4.880033246250719980E-16, -0.8660254037844102859, 0.5000000000000491829 ) ) ;
#3898 = EDGE_LOOP ( 'NONE', ( #5500, #2590, #7797, #7036, #4663, #5002, #1698, #7656, #7078, #3085, #1766, #1791, #1278, #7073, #2050, #533, #2378, #4578, #5051, #3860, #1342, #4625, #4567 ) ) ;
#3899 = VERTEX_POINT ( 'NONE', #5603 ) ;
#3900 = CARTESIAN_POINT ( 'NONE',  ( 110.0000000000000426, -1.224646799147322569E-18, 55.96194077712566894 ) ) ;
#3901 = DIRECTION ( 'NONE',  ( -6.742552325790028473E-16, 0.05371555010020873794, 0.9985562776716352396 ) ) ;
#3902 = CARTESIAN_POINT ( 'NONE',  ( 2.450950000000007289, -1.989949340249319576, -1.205464463520850016 ) ) ;
#3903 = CARTESIAN_POINT ( 'NONE',  ( 110.0000000000000426, -1.199999999999999956, 55.96194077712566894 ) ) ;
#3904 = EDGE_CURVE ( 'NONE', #6113, #6963, #73, .T. ) ;
#3905 = ORIENTED_EDGE ( 'NONE', *, *, #7398, .F. ) ;
#3906 = EDGE_CURVE ( 'NONE', #4390, #1046, #574, .T. ) ;
#3907 = VERTEX_POINT ( 'NONE', #5104 ) ;
#3908 = EDGE_CURVE ( 'NONE', #7101, #6330, #2009, .T. ) ;
#3909 = ORIENTED_EDGE ( 'NONE', *, *, #4769, .F. ) ;
#3910 = CARTESIAN_POINT ( 'NONE',  ( 120.0000000000000284, -1.199999999999999956, 5.000000000000031974 ) ) ;
#3911 = CARTESIAN_POINT ( 'NONE',  ( 0.9699999999999986411, 2.478836439541276526, -0.4472441201542332045 ) ) ;
#3912 = AXIS2_PLACEMENT_3D ( 'NONE', #6705, #5198, #202 ) ;
#3913 = EDGE_CURVE ( 'NONE', #6398, #5066, #6843, .T. ) ;
#3914 = EDGE_CURVE ( 'NONE', #6527, #5000, #8134, .T. ) ;
#3915 = AXIS2_PLACEMENT_3D ( 'NONE', #2330, #6760, #4107 ) ;
#3916 = DIRECTION ( 'NONE',  ( -2.481675346006243732E-16, 0.8022045974956019121, 0.5970492305973765790 ) ) ;
#3917 = ORIENTED_EDGE ( 'NONE', *, *, #2561, .T. ) ;
#3918 = CARTESIAN_POINT ( 'NONE',  ( 0.9699999999999986411, 2.374112209465067735, -0.01773143027149204354 ) ) ;
#3919 = VERTEX_POINT ( 'NONE', #4980 ) ;
#3920 = DIRECTION ( 'NONE',  ( -2.616347117162467354E-16, 0.8759515744415719007, 0.4823990456389102843 ) ) ;
#3921 = CARTESIAN_POINT ( 'NONE',  ( 0.9699999999999986411, 2.483238627135203380, -0.4477264981799095045 ) ) ;
#3922 =( GEOMETRIC_REPRESENTATION_CONTEXT ( 3 ) GLOBAL_UNCERTAINTY_ASSIGNED_CONTEXT ( ( #4145 ) ) GLOBAL_UNIT_ASSIGNED_CONTEXT ( ( #3463, #7102, #5988 ) ) REPRESENTATION_CONTEXT ( 'NONE', 'WORKASPACE' ) );
#3923 = EDGE_LOOP ( 'NONE', ( #6533, #6851 ) ) ;
#3924 = ORIENTED_EDGE ( 'NONE', *, *, #6352, .F. ) ;
#3925 = AXIS2_PLACEMENT_3D ( 'NONE', #3324, #4058, #5193 ) ;
#3926 = ORIENTED_EDGE ( 'NONE', *, *, #6904, .F. ) ;
#3927 = DIRECTION ( 'NONE',  ( -1.000000000000000000, -2.000187765493021278E-16, 7.400880780937300593E-16 ) ) ;
#3928 = CARTESIAN_POINT ( 'NONE',  ( 0.9699999999999986411, 2.237352282273868731, -0.1849315072806612115 ) ) ;
#3929 = VECTOR ( 'NONE', #2855, 1000.000000000000000 ) ;
#3930 = DIRECTION ( 'NONE',  ( 1.445076253180178246E-16, 1.000000000000000000, -5.551115123125738329E-16 ) ) ;
#3931 = ORIENTED_EDGE ( 'NONE', *, *, #5676, .F. ) ;
#3932 = DIRECTION ( 'NONE',  ( 1.224646799147353454E-16, 0.9396926207859093161, 0.3420201433256660484 ) ) ;
#3933 = ORIENTED_EDGE ( 'NONE', *, *, #2849, .F. ) ;
#3934 = ORIENTED_EDGE ( 'NONE', *, *, #3760, .T. ) ;
#3935 = DIRECTION ( 'NONE',  ( -1.000000000000000000, -2.000187765493021278E-16, 7.400880780937300593E-16 ) ) ;
#3936 = CARTESIAN_POINT ( 'NONE',  ( 0.9843342201064364527, 2.497005303495281048, -0.4455356094380108489 ) ) ;
#3937 = VECTOR ( 'NONE', #7676, 1000.000000000000000 ) ;
#3938 = LINE ( 'NONE', #5031, #1857 ) ;
#3939 = DIRECTION ( 'NONE',  ( 1.000000000000000000, 1.722632009336720063E-16, -7.400880780937477100E-16 ) ) ;
#3940 = DIRECTION ( 'NONE',  ( 0.000000000000000000, 0.000000000000000000, 1.000000000000000000 ) ) ;
#3941 = EDGE_CURVE ( 'NONE', #1116, #2536, #7505, .T. ) ;
#3942 = VECTOR ( 'NONE', #4908, 1000.000000000000000 ) ;
#3943 = VERTEX_POINT ( 'NONE', #4055 ) ;
#3944 = VECTOR ( 'NONE', #4758, 1000.000000000000000 ) ;
#3945 = VERTEX_POINT ( 'NONE', #195 ) ;
#3946 = EDGE_LOOP ( 'NONE', ( #1690, #6629, #97, #5627 ) ) ;
#3947 = ORIENTED_EDGE ( 'NONE', *, *, #4869, .T. ) ;
#3948 = LINE ( 'NONE', #5814, #2773 ) ;
#3949 = CARTESIAN_POINT ( 'NONE',  ( 0.9843342201064919639, 2.521531062727594197, -0.07459528143333171712 ) ) ;
#3950 = CARTESIAN_POINT ( 'NONE',  ( 2.450950000000007289, 0.03232682635340156097, 2.273457506810558471 ) ) ;
#3951 = AXIS2_PLACEMENT_3D ( 'NONE', #4736, #7930, #873 ) ;
#3952 = VECTOR ( 'NONE', #1882, 1000.000000000000227 ) ;
#3953 = ADVANCED_FACE ( 'NONE', ( #7201 ), #5803, .F. ) ;
#3954 = ADVANCED_FACE ( 'NONE', ( #230 ), #864, .F. ) ;
#3955 = ORIENTED_EDGE ( 'NONE', *, *, #4307, .F. ) ;
#3956 = FACE_OUTER_BOUND ( 'NONE', #71, .T. ) ;
#3957 = VECTOR ( 'NONE', #16, 999.9999999999998863 ) ;
#3958 = DIRECTION ( 'NONE',  ( 3.314532638683736039E-16, 0.9706019575019914081, -0.2406903406730367678 ) ) ;
#3959 = VECTOR ( 'NONE', #1814, 1000.000000000000000 ) ;
#3960 = CARTESIAN_POINT ( 'NONE',  ( 0.2705000000000068461, 0.000000000000000000, 0.000000000000000000 ) ) ;
#3961 = EDGE_LOOP ( 'NONE', ( #4096, #4540, #7135, #7900 ) ) ;
#3962 = ADVANCED_FACE ( 'NONE', ( #6511, #2079, #7083, #2123, #5309, #5885, #7746 ), #3321, .F. ) ;
#3963 = DIRECTION ( 'NONE',  ( -1.445076253180178246E-16, -1.000000000000000000, 5.551115123125738329E-16 ) ) ;
#3964 = DIRECTION ( 'NONE',  ( 1.000000000000000000, 0.000000000000000000, 0.000000000000000000 ) ) ;
#3965 = EDGE_CURVE ( 'NONE', #5712, #5489, #4598, .T. ) ;
#3966 = AXIS2_PLACEMENT_3D ( 'NONE', #6655, #6526, #1523 ) ;
#3967 = DIRECTION ( 'NONE',  ( 9.561467977824831532E-16, 2.220446049250319490E-16, -1.000000000000000000 ) ) ;
#3968 = ORIENTED_EDGE ( 'NONE', *, *, #2231, .T. ) ;
#3969 = LINE ( 'NONE', #7156, #6990 ) ;
#3970 = ORIENTED_EDGE ( 'NONE', *, *, #4301, .T. ) ;
#3971 = VERTEX_POINT ( 'NONE', #7790 ) ;
#3972 = DIRECTION ( 'NONE',  ( 0.000000000000000000, 1.000000000000000000, 0.000000000000000000 ) ) ;
#3973 = CARTESIAN_POINT ( 'NONE',  ( 0.9699999999999986411, 2.472612739809865179, -0.4539502272925405313 ) ) ;
#3974 = DIRECTION ( 'NONE',  ( 4.916917402473335227E-16, 0.8164082640122273249, -0.5774751479090173278 ) ) ;
#3975 = VECTOR ( 'NONE', #509, 1000.000000000000000 ) ;
#3976 = PLANE ( 'NONE',  #1105 ) ;
#3977 = ORIENTED_EDGE ( 'NONE', *, *, #5940, .T. ) ;
#3978 = DIRECTION ( 'NONE',  ( -7.054589166432185917E-16, 5.551115123125740301E-16, 1.000000000000000000 ) ) ;
#3979 = VERTEX_POINT ( 'NONE', #3936 ) ;
#3980 = DIRECTION ( 'NONE',  ( 2.117687389415051237E-16, 0.9985562776716353506, -0.05371555010020874488 ) ) ;
#3981 = PRESENTATION_LAYER_ASSIGNMENT (  '', '', ( #8093 ) ) ;
#3982 = CARTESIAN_POINT ( 'NONE',  ( 12.50000000000001421, -8.799999999999998934, 104.9099643838293758 ) ) ;
#3983 = FACE_BOUND ( 'NONE', #1147, .T. ) ;
#3984 = LINE ( 'NONE', #983, #256 ) ;
#3985 = AXIS2_PLACEMENT_3D ( 'NONE', #6646, #990, #872 ) ;
#3986 = EDGE_LOOP ( 'NONE', ( #7668, #6258, #3340, #2067 ) ) ;
#3987 = ORIENTED_EDGE ( 'NONE', *, *, #954, .F. ) ;
#3988 = VERTEX_POINT ( 'NONE', #5849 ) ;
#3989 = DIRECTION ( 'NONE',  ( -1.000000000000000000, -2.000187765493021278E-16, 7.400880780937300593E-16 ) ) ;
#3990 = DIRECTION ( 'NONE',  ( -2.208597309011112295E-16, 0.8660254037844387076, 0.4999999999999998890 ) ) ;
#3991 = DIRECTION ( 'NONE',  ( 7.458953646862285020E-16, 0.5325788032461932220, -0.8463804217565837895 ) ) ;
#3992 = LINE ( 'NONE', #5820, #7888 ) ;
#3993 = CARTESIAN_POINT ( 'NONE',  ( 2.470000000000027729, -2.337828492452703522, -0.9863637419449261534 ) ) ;
#3994 = CARTESIAN_POINT ( 'NONE',  ( 0.4850000000260459299, -1.392364001873105284E-13, 2.064999999981155909 ) ) ;
#3995 = EDGE_CURVE ( 'NONE', #5066, #5124, #5926, .T. ) ;
#3996 = ORIENTED_EDGE ( 'NONE', *, *, #6653, .F. ) ;
#3997 = DIRECTION ( 'NONE',  ( -3.935568541116142372E-16, 0.7714242457508507789, 0.6363211713181723406 ) ) ;
#3998 = CARTESIAN_POINT ( 'NONE',  ( 75.00000000000002842, -10.00000000000001421, -14.40996438382934386 ) ) ;
#3999 = FACE_OUTER_BOUND ( 'NONE', #4644, .T. ) ;
#4000 = ADVANCED_FACE ( 'NONE', ( #778, #6585 ), #7831, .F. ) ;
#4001 = ORIENTED_EDGE ( 'NONE', *, *, #3108, .F. ) ;
#4002 = FACE_OUTER_BOUND ( 'NONE', #3319, .T. ) ;
#4003 = ADVANCED_FACE ( 'NONE', ( #316 ), #5225, .T. ) ;
#4004 = CARTESIAN_POINT ( 'NONE',  ( 0.9843342201064919639, 2.421942635116219655, 0.2887058138483500347 ) ) ;
#4005 = ORIENTED_EDGE ( 'NONE', *, *, #3812, .T. ) ;
#4006 = EDGE_CURVE ( 'NONE', #562, #5372, #2667, .T. ) ;
#4007 = EDGE_LOOP ( 'NONE', ( #2527, #1340, #838, #4285 ) ) ;
#4008 = FACE_OUTER_BOUND ( 'NONE', #1993, .T. ) ;
#4009 = CARTESIAN_POINT ( 'NONE',  ( 0.9843342201064364527, 2.125255814197507753, 0.1250508761559548931 ) ) ;
#4010 = DIRECTION ( 'NONE',  ( -1.000000000000000000, -2.000187765493021278E-16, 7.400880780937300593E-16 ) ) ;
#4011 = EDGE_CURVE ( 'NONE', #1116, #3943, #4527, .T. ) ;
#4012 = LINE ( 'NONE', #6461, #4532 ) ;
#4013 = ORIENTED_EDGE ( 'NONE', *, *, #738, .F. ) ;
#4014 = DIRECTION ( 'NONE',  ( -0.7071067811865475727, 0.000000000000000000, 0.7071067811865474617 ) ) ;
#4015 = EDGE_LOOP ( 'NONE', ( #3776, #2207, #6422 ) ) ;
#4016 = FACE_BOUND ( 'NONE', #2443, .T. ) ;
#4017 = AXIS2_PLACEMENT_3D ( 'NONE', #7293, #1065, #5357 ) ;
#4018 = CARTESIAN_POINT ( 'NONE',  ( 0.9843342201063809416, 2.478158560289822621, -0.4607464548393724879 ) ) ;
#4019 = CARTESIAN_POINT ( 'NONE',  ( 0.9700000000000541522, 2.229775213525436506, 0.2363679926843664791 ) ) ;
#4020 = CARTESIAN_POINT ( 'NONE',  ( 114.9999999999999858, 0.000000000000000000, -6.272089015805333014E-16 ) ) ;
#4021 = CARTESIAN_POINT ( 'NONE',  ( 0.9699999999999986411, 2.490494262658515812, -0.4551746698937819691 ) ) ;
#4022 =( REPRESENTATION_RELATIONSHIP ('NONE','NONE', #2116, #3489 ) REPRESENTATION_RELATIONSHIP_WITH_TRANSFORMATION ( #6872 )SHAPE_REPRESENTATION_RELATIONSHIP( ) );
#4023 = ORIENTED_EDGE ( 'NONE', *, *, #789, .F. ) ;
#4024 = ORIENTED_EDGE ( 'NONE', *, *, #2561, .F. ) ;
#4025 = ORIENTED_EDGE ( 'NONE', *, *, #5478, .T. ) ;
#4026 = DIRECTION ( 'NONE',  ( 0.000000000000000000, 0.000000000000000000, 1.000000000000000000 ) ) ;
#4027 = CARTESIAN_POINT ( 'NONE',  ( 0.9699999999999986411, 2.475529918803315077, -0.4526374039800218352 ) ) ;
#4028 = LINE ( 'NONE', #5278, #3072 ) ;
#4029 = DIRECTION ( 'NONE',  ( -1.000000000000000000, -0.000000000000000000, -0.000000000000000000 ) ) ;
#4030 = SURFACE_STYLE_USAGE ( .BOTH. , #246 ) ;
#4031 = CYLINDRICAL_SURFACE ( 'NONE', #691, 1.000000000000000000 ) ;
#4032 = CARTESIAN_POINT ( 'NONE',  ( 5.000000000000057732, -10.00000000000001421, -19.40996438382938294 ) ) ;
#4033 = ORIENTED_EDGE ( 'NONE', *, *, #1528, .F. ) ;
#4034 = AXIS2_PLACEMENT_3D ( 'NONE', #5715, #1418, #3380 ) ;
#4035 = LINE ( 'NONE', #419, #6228 ) ;
#4036 = CARTESIAN_POINT ( 'NONE',  ( 0.9699999999999986411, 2.500674538437719363, -0.4614095828219255679 ) ) ;
#4037 = CARTESIAN_POINT ( 'NONE',  ( 0.9700000000000263967, -1.387778780781445676E-13, 2.498001805406602216E-13 ) ) ;
#4038 = ADVANCED_FACE ( 'NONE', ( #1470 ), #7049, .F. ) ;
#4039 = VECTOR ( 'NONE', #3927, 1000.000000000000000 ) ;
#4040 = ORIENTED_EDGE ( 'NONE', *, *, #4469, .F. ) ;
#4041 = DIRECTION ( 'NONE',  ( -1.000000000000000000, -0.000000000000000000, -0.000000000000000000 ) ) ;
#4042 = DIRECTION ( 'NONE',  ( -0.7071067811865441310, 2.707146371418424745E-16, 0.7071067811865507924 ) ) ;
#4043 = ORIENTED_EDGE ( 'NONE', *, *, #1739, .T. ) ;
#4044 = ORIENTED_EDGE ( 'NONE', *, *, #1492, .T. ) ;
#4045 = EDGE_CURVE ( 'NONE', #8082, #7677, #6425, .T. ) ;
#4046 = CIRCLE ( 'NONE', #6306, 0.03077947504423033526 ) ;
#4047 = PLANE ( 'NONE',  #8041 ) ;
#4048 = DIRECTION ( 'NONE',  ( -1.172565486536605458E-16, 0.9628491381317997311, 0.2700398807562517378 ) ) ;
#4049 = ADVANCED_FACE ( 'NONE', ( #2786 ), #2160, .F. ) ;
#4050 = EDGE_CURVE ( 'NONE', #4719, #4356, #6343, .T. ) ;
#4051 = LINE ( 'NONE', #264, #6380 ) ;
#4052 = VECTOR ( 'NONE', #2204, 1000.000000000000000 ) ;
#4053 = FACE_OUTER_BOUND ( 'NONE', #2073, .T. ) ;
#4054 = ORIENTED_EDGE ( 'NONE', *, *, #1845, .F. ) ;
#4055 = CARTESIAN_POINT ( 'NONE',  ( 0.9843342201064364527, 2.482952093663476134, -0.4576429775273588296 ) ) ;
#4056 = EDGE_CURVE ( 'NONE', #3124, #6934, #3100, .T. ) ;
#4057 = DIRECTION ( 'NONE',  ( 0.000000000000000000, -0.9396926207859093161, 0.3420201433256661039 ) ) ;
#4058 = DIRECTION ( 'NONE',  ( -1.445076253180178246E-16, -1.000000000000000000, 5.551115123125738329E-16 ) ) ;
#4059 = DIRECTION ( 'NONE',  ( -1.073154985481276528E-15, 5.551115123125739315E-16, 1.000000000000000000 ) ) ;
#4060 = VECTOR ( 'NONE', #5851, 1000.000000000000000 ) ;
#4061 = ADVANCED_FACE ( 'NONE', ( #7527 ), #6911, .F. ) ;
#4062 = VERTEX_POINT ( 'NONE', #3755 ) ;
#4063 = DIRECTION ( 'NONE',  ( -0.000000000000000000, 1.000000000000000000, -0.000000000000000000 ) ) ;
#4064 = CARTESIAN_POINT ( 'NONE',  ( 2.470000000000027729, -1.848407460854545326, -1.067178545096761244 ) ) ;
#4065 = ORIENTED_EDGE ( 'NONE', *, *, #7850, .T. ) ;
#4066 = PLANE ( 'NONE',  #761 ) ;
#4067 = AXIS2_PLACEMENT_3D ( 'NONE', #1874, #101, #1268 ) ;
#4068 = CARTESIAN_POINT ( 'NONE',  ( 0.9700000000000541522, 2.523629592550951983, 0.2969646181048418709 ) ) ;
#4069 = FACE_BOUND ( 'NONE', #173, .T. ) ;
#4070 = DIRECTION ( 'NONE',  ( 6.845769268624693726E-16, -5.551115123125739315E-16, -1.000000000000000000 ) ) ;
#4071 = VECTOR ( 'NONE', #5044, 1000.000000000000114 ) ;
#4072 = CONICAL_SURFACE ( 'NONE', #4476, 2.099999999984467181, 0.1332267516750969827 ) ;
#4073 = ORIENTED_EDGE ( 'NONE', *, *, #4011, .F. ) ;
#4074 = CARTESIAN_POINT ( 'NONE',  ( 0.9699999999999986411, 2.521531062727233596, -0.2852079774567084502 ) ) ;
#4075 = DIRECTION ( 'NONE',  ( 0.000000000000000000, 0.000000000000000000, 1.000000000000000000 ) ) ;
#4076 = CARTESIAN_POINT ( 'NONE',  ( 0.9843342201064364527, 2.483238627135203380, -0.4477264981799095045 ) ) ;
#4077 = VERTEX_POINT ( 'NONE', #6282 ) ;
#4078 = VECTOR ( 'NONE', #6874, 1000.000000000000000 ) ;
#4079 = AXIS2_PLACEMENT_3D ( 'NONE', #6123, #3603, #2979 ) ;
#4080 = DIRECTION ( 'NONE',  ( 3.399077683617227775E-32, -1.000000000000000000, 6.123233995736766036E-17 ) ) ;
#4081 = CARTESIAN_POINT ( 'NONE',  ( 0.9843342201064919639, 2.092235504760481035, -0.3948934297112738356 ) ) ;
#4082 = DIRECTION ( 'NONE',  ( 0.7071067811865474617, -0.000000000000000000, -0.7071067811865474617 ) ) ;
#4083 = AXIS2_PLACEMENT_3D ( 'NONE', #4212, #1613, #6740 ) ;
#4084 = ORIENTED_EDGE ( 'NONE', *, *, #1619, .F. ) ;
#4085 = FACE_BOUND ( 'NONE', #5684, .T. ) ;
#4086 = EDGE_LOOP ( 'NONE', ( #3256, #7941, #5540, #6509, #3970, #4433, #3968, #7501, #417, #5199 ) ) ;
#4087 = ORIENTED_EDGE ( 'NONE', *, *, #2448, .F. ) ;
#4088 = VECTOR ( 'NONE', #41, 1000.000000000000000 ) ;
#4089 = AXIS2_PLACEMENT_3D ( 'NONE', #1452, #6324, #2061 ) ;
#4090 = LINE ( 'NONE', #7400, #1115 ) ;
#4091 = CARTESIAN_POINT ( 'NONE',  ( 0.9699999999999986411, 2.473698157314324853, -0.4537679110707681929 ) ) ;
#4092 = AXIS2_PLACEMENT_3D ( 'NONE', #6094, #2454, #7362 ) ;
#4093 = EDGE_LOOP ( 'NONE', ( #2831, #7936, #2515, #6910 ) ) ;
#4094 = CARTESIAN_POINT ( 'NONE',  ( 0.9700000000000541522, 2.170392839890566972, 0.2851052010992560781 ) ) ;
#4095 = CARTESIAN_POINT ( 'NONE',  ( 2.450950000000035267, 1.810417492354471358, -0.7912649203304505940 ) ) ;
#4096 = ORIENTED_EDGE ( 'NONE', *, *, #2231, .F. ) ;
#4097 = ORIENTED_EDGE ( 'NONE', *, *, #6085, .F. ) ;
#4098 = CARTESIAN_POINT ( 'NONE',  ( 0.9843342201064364527, 2.237352282273952220, -0.1849315072807306004 ) ) ;
#4099 = EDGE_CURVE ( 'NONE', #385, #4803, #5392, .T. ) ;
#4100 = CARTESIAN_POINT ( 'NONE',  ( 110.0000000000000568, -1.199999999999999956, 169.9999999999999716 ) ) ;
#4101 = ADVANCED_FACE ( 'NONE', ( #6245 ), #3137, .F. ) ;
#4102 = CARTESIAN_POINT ( 'NONE',  ( 0.9699999999999986411, 2.483238627135203380, -0.4169470231356791623 ) ) ;
#4103 = CARTESIAN_POINT ( 'NONE',  ( 0.9700000000000541522, 2.513397826239216482, 0.2400852859844870846 ) ) ;
#4104 = VECTOR ( 'NONE', #4622, 1000.000000000000000 ) ;
#4105 = DIRECTION ( 'NONE',  ( 0.000000000000000000, 1.000000000000000000, 0.000000000000000000 ) ) ;
#4106 = ORIENTED_EDGE ( 'NONE', *, *, #7494, .F. ) ;
#4107 = DIRECTION ( 'NONE',  ( 6.965087437276568767E-16, 0.3640099799935138103, -0.9313950474772354493 ) ) ;
#4108 = EDGE_CURVE ( 'NONE', #8132, #5745, #5619, .T. ) ;
#4109 = ORIENTED_EDGE ( 'NONE', *, *, #2965, .F. ) ;
#4110 = PLANE ( 'NONE',  #6956 ) ;
#4111 = VECTOR ( 'NONE', #1291, 1000.000000000000000 ) ;
#4112 = EDGE_CURVE ( 'NONE', #7415, #704, #1463, .T. ) ;
#4113 = FACE_OUTER_BOUND ( 'NONE', #716, .T. ) ;
#4114 = EDGE_CURVE ( 'NONE', #6032, #7092, #1625, .T. ) ;
#4115 = FACE_OUTER_BOUND ( 'NONE', #6385, .T. ) ;
#4116 = CARTESIAN_POINT ( 'NONE',  ( 0.9699999999999986411, 2.181209442382980868, -0.1852052908850321256 ) ) ;
#4117 = VECTOR ( 'NONE', #6105, 1000.000000000000000 ) ;
#4118 = CARTESIAN_POINT ( 'NONE',  ( 0.9699999999999986411, 2.280059657658761729, -0.05286747059607410648 ) ) ;
#4119 = EDGE_CURVE ( 'NONE', #4586, #2209, #596, .T. ) ;
#4120 = EDGE_LOOP ( 'NONE', ( #5114, #6269, #3635, #5810 ) ) ;
#4121 = LINE ( 'NONE', #6652, #1164 ) ;
#4122 =( NAMED_UNIT ( * ) PLANE_ANGLE_UNIT ( ) SI_UNIT ( $, .RADIAN. ) );
#4123 = DIRECTION ( 'NONE',  ( 1.000000000000000000, 1.722632009336724254E-16, -4.070211707061878303E-16 ) ) ;
#4124 = ORIENTED_EDGE ( 'NONE', *, *, #6146, .T. ) ;
#4125 =( GEOMETRIC_REPRESENTATION_CONTEXT ( 3 ) GLOBAL_UNCERTAINTY_ASSIGNED_CONTEXT ( ( #1185 ) ) GLOBAL_UNIT_ASSIGNED_CONTEXT ( ( #3517, #3607, #389 ) ) REPRESENTATION_CONTEXT ( 'NONE', 'WORKASPACE' ) );
#4126 =( NAMED_UNIT ( * ) SI_UNIT ( $, .STERADIAN. ) SOLID_ANGLE_UNIT ( ) );
#4127 = CARTESIAN_POINT ( 'NONE',  ( 110.0000000000000568, -1.224646799147322569E-18, 167.8899999999999864 ) ) ;
#4128 = DIRECTION ( 'NONE',  ( -5.729747238077516113E-18, -1.000000000000000000, 3.497202527569202082E-15 ) ) ;
#4129 = AXIS2_PLACEMENT_3D ( 'NONE', #2662, #817, #5184 ) ;
#4130 = ORIENTED_EDGE ( 'NONE', *, *, #7855, .F. ) ;
#4131 = DIRECTION ( 'NONE',  ( -1.000000000000000000, -2.000187765493021278E-16, 7.400880780937300593E-16 ) ) ;
#4132 = ORIENTED_EDGE ( 'NONE', *, *, #2408, .T. ) ;
#4133 = ORIENTED_EDGE ( 'NONE', *, *, #2847, .F. ) ;
#4134 = DIRECTION ( 'NONE',  ( -6.742552325790029459E-16, 0.05371555010020874488, 0.9985562776716353506 ) ) ;
#4135 = LINE ( 'NONE', #3316, #1413 ) ;
#4136 = CARTESIAN_POINT ( 'NONE',  ( 115.0000000000000142, -8.799999999999974065, 199.4099643838293616 ) ) ;
#4137 = ORIENTED_EDGE ( 'NONE', *, *, #2648, .F. ) ;
#4138 = ORIENTED_EDGE ( 'NONE', *, *, #2299, .T. ) ;
#4139 = FACE_OUTER_BOUND ( 'NONE', #973, .T. ) ;
#4140 = CARTESIAN_POINT ( 'NONE',  ( 0.9843342201064364527, 2.385763063567691855, 0.2488730229634472657 ) ) ;
#4141 = LINE ( 'NONE', #2324, #8078 ) ;
#4142 = LINE ( 'NONE', #4806, #1310 ) ;
#4143 = FACE_OUTER_BOUND ( 'NONE', #7734, .T. ) ;
#4144 = ADVANCED_FACE ( 'NONE', ( #7957 ), #6819, .F. ) ;
#4145 = UNCERTAINTY_MEASURE_WITH_UNIT (LENGTH_MEASURE( 1.000000000000000082E-05 ), #3463, 'distance_accuracy_value', 'NONE');
#4146 = ORIENTED_EDGE ( 'NONE', *, *, #4414, .F. ) ;
#4147 = VECTOR ( 'NONE', #1793, 1000.000000000000000 ) ;
#4148 = CARTESIAN_POINT ( 'NONE',  ( 87.00000000000004263, -8.800000000000002487, 189.9099643838293332 ) ) ;
#4149 = ORIENTED_EDGE ( 'NONE', *, *, #545, .T. ) ;
#4150 = CARTESIAN_POINT ( 'NONE',  ( 0.9699999999999986411, 2.481543631422500340, -0.4482944105907438193 ) ) ;
#4151 = LINE ( 'NONE', #1150, #1581 ) ;
#4152 = CARTESIAN_POINT ( 'NONE',  ( 1.624750000000008132, -1.387778780781445676E-13, 1.387778780781445676E-13 ) ) ;
#4153 = DIRECTION ( 'NONE',  ( -1.445076253180192051E-16, -1.000000000000000000, 2.553512956637819811E-15 ) ) ;
#4154 = EDGE_CURVE ( 'NONE', #3777, #7643, #7238, .T. ) ;
#4155 = ADVANCED_FACE ( 'NONE', ( #3062 ), #6203, .F. ) ;
#4156 = EDGE_CURVE ( 'NONE', #8137, #1514, #5947, .T. ) ;
#4157 = DIRECTION ( 'NONE',  ( 1.167520497023887139E-16, 1.000000000000000000, -2.886579864025370717E-15 ) ) ;
#4158 = ORIENTED_EDGE ( 'NONE', *, *, #3556, .F. ) ;
#4159 = CARTESIAN_POINT ( 'NONE',  ( 0.9843342201064364527, 2.314344245309463144, 0.2847395351444903522 ) ) ;
#4160 = DIRECTION ( 'NONE',  ( -1.142289708722712923E-17, 0.9502094961207547819, 0.3116117993304191036 ) ) ;
#4161 = DIRECTION ( 'NONE',  ( -1.000000000000000000, -2.000187765493021278E-16, 7.400880780937300593E-16 ) ) ;
#4162 = ORIENTED_EDGE ( 'NONE', *, *, #5764, .T. ) ;
#4163 = LINE ( 'NONE', #5866, #4208 ) ;
#4164 = EDGE_CURVE ( 'NONE', #8159, #1608, #1854, .T. ) ;
#4165 = EDGE_CURVE ( 'NONE', #6442, #5583, #980, .T. ) ;
#4166 = VERTEX_POINT ( 'NONE', #7440 ) ;
#4167 = DIRECTION ( 'NONE',  ( 0.000000000000000000, -0.9396926207859093161, 0.3420201433256660484 ) ) ;
#4168 = ORIENTED_EDGE ( 'NONE', *, *, #3670, .T. ) ;
#4169 = ORIENTED_EDGE ( 'NONE', *, *, #2408, .F. ) ;
#4170 = CARTESIAN_POINT ( 'NONE',  ( 0.9843342201064364527, 2.273044490338632428, 0.1765801039627645785 ) ) ;
#4171 = CARTESIAN_POINT ( 'NONE',  ( 114.9999999999999858, -1.199999999999999956, -6.272089015805332027E-16 ) ) ;
#4172 = VECTOR ( 'NONE', #5445, 1000.000000000000000 ) ;
#4173 = EDGE_LOOP ( 'NONE', ( #4251, #1364, #189, #6148 ) ) ;
#4174 = PLANE ( 'NONE',  #3912 ) ;
#4175 = LINE ( 'NONE', #6707, #2925 ) ;
#4176 = EDGE_LOOP ( 'NONE', ( #4109, #6068, #5724, #1549, #3164, #5624, #4900, #7510, #4073, #3336, #7335, #1938, #1688, #5871, #1772, #8079, #1726, #7577, #3184, #6025, #2167, #7654, #2039 ) ) ;
#4177 = CIRCLE ( 'NONE', #7346, 2.110000000000000764 ) ;
#4178 = VERTEX_POINT ( 'NONE', #3723 ) ;
#4179 = CARTESIAN_POINT ( 'NONE',  ( 0.9843342201064364527, 2.327085933561928499, -0.05286747059674024030 ) ) ;
#4180 = CARTESIAN_POINT ( 'NONE',  ( 0.9699999999999986411, 2.503720345611720965, -0.4496411351883611296 ) ) ;
#4181 = CARTESIAN_POINT ( 'NONE',  ( 0.9843342201064364527, 2.418473753850569619, 0.2696685361248257751 ) ) ;
#4182 = LINE ( 'NONE', #5439, #6984 ) ;
#4183 = STYLED_ITEM ( 'NONE', ( #7843 ), #1290 ) ;
#4184 = ORIENTED_EDGE ( 'NONE', *, *, #1732, .F. ) ;
#4185 = DIRECTION ( 'NONE',  ( 0.000000000000000000, 0.000000000000000000, 1.000000000000000000 ) ) ;
#4186 = SURFACE_STYLE_FILL_AREA ( #322 ) ;
#4187 = VERTEX_POINT ( 'NONE', #2909 ) ;
#4188 = CARTESIAN_POINT ( 'NONE',  ( 0.9843342201064364527, 2.125066602492426071, -0.1854790744887646614 ) ) ;
#4189 = FACE_OUTER_BOUND ( 'NONE', #1401, .T. ) ;
#4190 = VECTOR ( 'NONE', #7956, 1000.000000000000000 ) ;
#4191 = DIRECTION ( 'NONE',  ( 4.992923249690979017E-16, -0.5000000000000058842, -0.8660254037844352659 ) ) ;
#4192 = LINE ( 'NONE', #4237, #670 ) ;
#4193 = ADVANCED_FACE ( 'NONE', ( #5434 ), #2406, .F. ) ;
#4194 = DIRECTION ( 'NONE',  ( 3.039443235083192730E-17, 0.9822529701818394354, 0.1875609302838794901 ) ) ;
#4195 = VECTOR ( 'NONE', #2115, 1000.000000000000000 ) ;
#4196 = ORIENTED_EDGE ( 'NONE', *, *, #5030, .T. ) ;
#4197 = FACE_OUTER_BOUND ( 'NONE', #762, .T. ) ;
#4198 = PLANE ( 'NONE',  #7814 ) ;
#4199 = LINE ( 'NONE', #495, #4629 ) ;
#4200 = ORIENTED_EDGE ( 'NONE', *, *, #6904, .T. ) ;
#4201 = DIRECTION ( 'NONE',  ( -0.000000000000000000, 1.000000000000000000, -0.000000000000000000 ) ) ;
#4202 = CARTESIAN_POINT ( 'NONE',  ( 2.470000000000027729, -2.131491219643871560, -1.343750381945146843 ) ) ;
#4203 = DIRECTION ( 'NONE',  ( -0.000000000000000000, 1.000000000000000000, -0.000000000000000000 ) ) ;
#4204 = ADVANCED_FACE ( 'NONE', ( #552 ), #2608, .F. ) ;
#4205 = EDGE_CURVE ( 'NONE', #1968, #7306, #676, .T. ) ;
#4206 = AXIS2_PLACEMENT_3D ( 'NONE', #146, #5755, #1229 ) ;
#4207 = DIRECTION ( 'NONE',  ( 0.000000000000000000, 0.000000000000000000, -1.000000000000000000 ) ) ;
#4208 = VECTOR ( 'NONE', #2147, 1000.000000000000000 ) ;
#4209 = VERTEX_POINT ( 'NONE', #1986 ) ;
#4210 = EDGE_CURVE ( 'NONE', #2416, #7487, #7109, .T. ) ;
#4211 = CIRCLE ( 'NONE', #2507, 1.229500000000014692 ) ;
#4212 = CARTESIAN_POINT ( 'NONE',  ( 1.624750000000008132, -1.387778780781445676E-13, 1.387778780781445676E-13 ) ) ;
#4213 = VERTEX_POINT ( 'NONE', #4543 ) ;
#4214 = ORIENTED_EDGE ( 'NONE', *, *, #6785, .F. ) ;
#4215 = ADVANCED_FACE ( 'NONE', ( #3841 ), #2568, .T. ) ;
#4216 = AXIS2_PLACEMENT_3D ( 'NONE', #5518, #1070, #1152 ) ;
#4217 = FACE_BOUND ( 'NONE', #3066, .T. ) ;
#4218 = AXIS2_PLACEMENT_3D ( 'NONE', #6645, #7138, #1479 ) ;
#4219 = DIRECTION ( 'NONE',  ( -1.803624015214571671E-16, 0.8554820535829624761, 0.5178324593895956562 ) ) ;
#4220 = LINE ( 'NONE', #267, #7271 ) ;
#4221 = EDGE_LOOP ( 'NONE', ( #5658, #1242, #4682, #4795, #5223, #4941 ) ) ;
#4222 = CIRCLE ( 'NONE', #813, 2.637500000000020606 ) ;
#4223 = AXIS2_PLACEMENT_3D ( 'NONE', #4561, #1426, #941 ) ;
#4224 = ORIENTED_EDGE ( 'NONE', *, *, #8067, .F. ) ;
#4225 = LINE ( 'NONE', #4179, #8033 ) ;
#4226 = DIRECTION ( 'NONE',  ( 4.619824724853993812E-16, 0.8660254037844352659, -0.5000000000000058842 ) ) ;
#4227 = LINE ( 'NONE', #4844, #3142 ) ;
#4228 = PLANE ( 'NONE',  #3019 ) ;
#4229 = AXIS2_PLACEMENT_3D ( 'NONE', #7013, #7549, #6392 ) ;
#4230 = ORIENTED_EDGE ( 'NONE', *, *, #7103, .F. ) ;
#4231 = CARTESIAN_POINT ( 'NONE',  ( 0.9843342201063809416, 2.502365463612904684, -0.4324412773111796504 ) ) ;
#4232 = ORIENTED_EDGE ( 'NONE', *, *, #5735, .F. ) ;
#4233 = LINE ( 'NONE', #484, #6266 ) ;
#4234 = FACE_OUTER_BOUND ( 'NONE', #2711, .T. ) ;
#4235 = VECTOR ( 'NONE', #865, 1000.000000000000000 ) ;
#4236 = CARTESIAN_POINT ( 'NONE',  ( 0.000000000000000000, -8.799999999999947420, 185.4436021838136242 ) ) ;
#4237 = CARTESIAN_POINT ( 'NONE',  ( 0.2238461539150173596, -4.662936703391124295E-16, 2.099999999984508925 ) ) ;
#4238 = VECTOR ( 'NONE', #7278, 1000.000000000000227 ) ;
#4239 = LINE ( 'NONE', #1117, #5371 ) ;
#4240 = ORIENTED_EDGE ( 'NONE', *, *, #2496, .T. ) ;
#4241 = LINE ( 'NONE', #1119, #8160 ) ;
#4242 = CARTESIAN_POINT ( 'NONE',  ( 85.00000000000007105, -9.999999999999980460, 199.4099643838293616 ) ) ;
#4243 = FACE_OUTER_BOUND ( 'NONE', #950, .T. ) ;
#4244 = ORIENTED_EDGE ( 'NONE', *, *, #2094, .T. ) ;
#4245 = CARTESIAN_POINT ( 'NONE',  ( 0.9843342201063809416, 2.481543631422500340, -0.4482944105907438193 ) ) ;
#4246 = PLANE ( 'NONE',  #1835 ) ;
#4247 = AXIS2_PLACEMENT_3D ( 'NONE', #471, #560, #3106 ) ;
#4248 = EDGE_CURVE ( 'NONE', #1496, #7603, #5159, .T. ) ;
#4249 =( LENGTH_UNIT ( ) NAMED_UNIT ( * ) SI_UNIT ( .MILLI., .METRE. ) );
#4250 = CARTESIAN_POINT ( 'NONE',  ( 0.9843342201064364527, 2.521531062727455641, -0.2346925392427562373 ) ) ;
#4251 = ORIENTED_EDGE ( 'NONE', *, *, #7961, .T. ) ;
#4252 = DIRECTION ( 'NONE',  ( 0.000000000000000000, 0.000000000000000000, 1.000000000000000000 ) ) ;
#4253 = VERTEX_POINT ( 'NONE', #6448 ) ;
#4254 = LINE ( 'NONE', #3475, #5130 ) ;
#4255 = AXIS2_PLACEMENT_3D ( 'NONE', #5545, #8031, #6623 ) ;
#4256 = FACE_BOUND ( 'NONE', #3167, .T. ) ;
#4257 = EDGE_CURVE ( 'NONE', #3410, #4859, #7068, .T. ) ;
#4258 = PRODUCT_DEFINITION_SHAPE ( 'NONE', 'NONE',  #8175 ) ;
#4259 = EDGE_CURVE ( 'NONE', #7874, #4709, #5706, .T. ) ;
#4260 = EDGE_CURVE ( 'NONE', #333, #4273, #1411, .T. ) ;
#4261 = ORIENTED_EDGE ( 'NONE', *, *, #6339, .F. ) ;
#4262 = FACE_OUTER_BOUND ( 'NONE', #5147, .T. ) ;
#4263 = CARTESIAN_POINT ( 'NONE',  ( 0.9700000000000541522, 2.314344245309407633, 0.2847395351445458633 ) ) ;
#4264 = ORIENTED_EDGE ( 'NONE', *, *, #3670, .F. ) ;
#4265 = EDGE_LOOP ( 'NONE', ( #1740, #2601 ) ) ;
#4266 = CARTESIAN_POINT ( 'NONE',  ( 0.9699999999999986411, 2.471364892679961400, -0.4643037271511718522 ) ) ;
#4267 = CARTESIAN_POINT ( 'NONE',  ( 0.9699999999999986411, 2.502887340387338622, -0.4560289252513310965 ) ) ;
#4268 = CARTESIAN_POINT ( 'NONE',  ( 0.000000000000000000, 0.000000000000000000, -6.123233995736764803E-17 ) ) ;
#4269 = CARTESIAN_POINT ( 'NONE',  ( 0.9700000000000541522, 2.273044490338632428, 0.1765801039627645785 ) ) ;
#4270 = EDGE_CURVE ( 'NONE', #3798, #333, #1904, .T. ) ;
#4271 = EDGE_CURVE ( 'NONE', #3327, #6174, #4460, .T. ) ;
#4272 = ORIENTED_EDGE ( 'NONE', *, *, #5474, .F. ) ;
#4273 = VERTEX_POINT ( 'NONE', #3301 ) ;
#4274 = ORIENTED_EDGE ( 'NONE', *, *, #2237, .F. ) ;
#4275 = CARTESIAN_POINT ( 'NONE',  ( 0.9699999999999986411, 2.490779014444583161, -0.4649539812294212204 ) ) ;
#4276 = CARTESIAN_POINT ( 'NONE',  ( 2.469999999999972218, -0.1043506507305280717, 2.173161927247216241 ) ) ;
#4277 = CARTESIAN_POINT ( 'NONE',  ( 0.000000000000000000, -10.00000000000001421, 5.590035616170625943 ) ) ;
#4278 = PLANE ( 'NONE',  #1709 ) ;
#4279 = VERTEX_POINT ( 'NONE', #5169 ) ;
#4280 = DIRECTION ( 'NONE',  ( 1.000000000000000000, 2.000187765493021278E-16, -7.400880780937300593E-16 ) ) ;
#4281 = ORIENTED_EDGE ( 'NONE', *, *, #6747, .T. ) ;
#4282 = DIRECTION ( 'NONE',  ( 0.000000000000000000, 0.000000000000000000, 1.000000000000000000 ) ) ;
#4283 = DIRECTION ( 'NONE',  ( -1.000000000000000000, -2.000187765493021278E-16, 7.400880780937300593E-16 ) ) ;
#4284 = CARTESIAN_POINT ( 'NONE',  ( 0.9843342201064364527, 2.249684011831426744, 0.01740461005364513092 ) ) ;
#4285 = ORIENTED_EDGE ( 'NONE', *, *, #6640, .F. ) ;
#4286 = LINE ( 'NONE', #4826, #7519 ) ;
#4287 = VECTOR ( 'NONE', #7417, 1000.000000000000000 ) ;
#4288 =( REPRESENTATION_RELATIONSHIP ('NONE','NONE', #2116, #3175 ) REPRESENTATION_RELATIONSHIP_WITH_TRANSFORMATION ( #1817 )SHAPE_REPRESENTATION_RELATIONSHIP( ) );
#4289 = LINE ( 'NONE', #6198, #4496 ) ;
#4290 = DIRECTION ( 'NONE',  ( 1.000000000000000000, 2.000187765493021278E-16, -7.400880780937300593E-16 ) ) ;
#4291 = ORIENTED_EDGE ( 'NONE', *, *, #7345, .F. ) ;
#4292 = EDGE_LOOP ( 'NONE', ( #6249, #1400, #265, #4023, #6952 ) ) ;
#4293 = DIRECTION ( 'NONE',  ( -0.000000000000000000, 1.000000000000000000, -0.000000000000000000 ) ) ;
#4294 = EDGE_CURVE ( 'NONE', #4956, #886, #759, .T. ) ;
#4295 = DIRECTION ( 'NONE',  ( -7.544538134627805428E-16, -0.1089854748730416656, 0.9940433422475589698 ) ) ;
#4296 = ORIENTED_EDGE ( 'NONE', *, *, #6184, .T. ) ;
#4297 = CARTESIAN_POINT ( 'NONE',  ( 2.470000000000027729, -2.008307592792912821, -1.371832463991251583 ) ) ;
#4298 = DIRECTION ( 'NONE',  ( 1.724048793547732958E-16, -0.8971293181887333157, -0.4417680233405519852 ) ) ;
#4299 = PLANE ( 'NONE',  #2660 ) ;
#4300 = EDGE_LOOP ( 'NONE', ( #534, #2889, #92, #3840 ) ) ;
#4301 = EDGE_CURVE ( 'NONE', #2060, #897, #2645, .T. ) ;
#4302 = EDGE_LOOP ( 'NONE', ( #6662, #6669, #784, #6285 ) ) ;
#4303 = DIRECTION ( 'NONE',  ( 3.380457028803539450E-16, -0.7714242457508521111, -0.6363211713181707863 ) ) ;
#4304 = DIRECTION ( 'NONE',  ( -1.000000000000000000, 0.000000000000000000, 0.000000000000000000 ) ) ;
#4305 = AXIS2_PLACEMENT_3D ( 'NONE', #361, #4776, #1025 ) ;
#4306 = CARTESIAN_POINT ( 'NONE',  ( 87.00000000000004263, -8.800000000000002487, 194.9099643838293616 ) ) ;
#4307 = EDGE_CURVE ( 'NONE', #1168, #1567, #846, .T. ) ;
#4308 = ADVANCED_FACE ( 'NONE', ( #5782 ), #3342, .F. ) ;
#4309 = CARTESIAN_POINT ( 'NONE',  ( 0.9699999999999986411, 2.125161208344938935, -0.1300371779613812562 ) ) ;
#4310 = VERTEX_POINT ( 'NONE', #2529 ) ;
#4311 = AXIS2_PLACEMENT_3D ( 'NONE', #669, #7024, #711 ) ;
#4312 = VERTEX_POINT ( 'NONE', #6944 ) ;
#4313 = ORIENTED_EDGE ( 'NONE', *, *, #7292, .F. ) ;
#4314 = PLANE ( 'NONE',  #7853 ) ;
#4315 = EDGE_CURVE ( 'NONE', #6886, #6537, #93, .T. ) ;
#4316 = CARTESIAN_POINT ( 'NONE',  ( 0.9700000000000541522, 1.737768876015094444, -0.1974467148554287510 ) ) ;
#4317 = LINE ( 'NONE', #2963, #4911 ) ;
#4318 = DIRECTION ( 'NONE',  ( -0.7071067811865475727, 0.000000000000000000, -0.7071067811865475727 ) ) ;
#4319 = EDGE_CURVE ( 'NONE', #1948, #7070, #1377, .T. ) ;
#4320 = AXIS2_PLACEMENT_3D ( 'NONE', #3421, #1521, #2681 ) ;
#4321 = EDGE_LOOP ( 'NONE', ( #2680, #6129, #6828, #7 ) ) ;
#4322 = ORIENTED_EDGE ( 'NONE', *, *, #1946, .T. ) ;
#4323 = DIRECTION ( 'NONE',  ( 0.000000000000000000, 0.000000000000000000, 1.000000000000000000 ) ) ;
#4324 = CARTESIAN_POINT ( 'NONE',  ( 0.9699999999999986411, 2.483238627135203380, -0.4078917005041879928 ) ) ;
#4325 = AXIS2_PLACEMENT_3D ( 'NONE', #6393, #1238, #1884 ) ;
#4326 = ORIENTED_EDGE ( 'NONE', *, *, #3212, .T. ) ;
#4327 = CARTESIAN_POINT ( 'NONE',  ( 0.9699999999999986411, 2.472047021958523327, -0.4541015381633595194 ) ) ;
#4328 = DIRECTION ( 'NONE',  ( 1.000000000000000000, 0.000000000000000000, 0.000000000000000000 ) ) ;
#4329 = PRODUCT_DEFINITION_SHAPE ( 'NONE', 'NONE',  #6820 ) ;
#4330 = AXIS2_PLACEMENT_3D ( 'NONE', #5917, #2733, #890 ) ;
#4331 = CARTESIAN_POINT ( 'NONE',  ( 113.0000000000000284, -9.999999999999980460, 189.9099643838293332 ) ) ;
#4332 = CARTESIAN_POINT ( 'NONE',  ( 75.00000000000001421, -7.800000000000013145, -5.443602183813634809 ) ) ;
#4333 = ORIENTED_EDGE ( 'NONE', *, *, #3449, .T. ) ;
#4334 = AXIS2_PLACEMENT_3D ( 'NONE', #3393, #2037, #7739 ) ;
#4335 = VERTEX_POINT ( 'NONE', #251 ) ;
#4336 = DIRECTION ( 'NONE',  ( -2.616347117162466861E-16, 0.8759515744415719007, 0.4823990456389102288 ) ) ;
#4337 = FACE_OUTER_BOUND ( 'NONE', #7351, .T. ) ;
#4338 = AXIS2_PLACEMENT_3D ( 'NONE', #2105, #2181, #4702 ) ;
#4339 = ORIENTED_EDGE ( 'NONE', *, *, #2036, .T. ) ;
#4340 = CARTESIAN_POINT ( 'NONE',  ( 0.9700000000000541522, 2.502369077289151811, 0.2139087065949202282 ) ) ;
#4341 = CARTESIAN_POINT ( 'NONE',  ( 25.00000000000001066, -8.800000000000002487, 84.40996438382939004 ) ) ;
#4342 = ORIENTED_EDGE ( 'NONE', *, *, #741, .F. ) ;
#4343 = VERTEX_POINT ( 'NONE', #4036 ) ;
#4344 = DIRECTION ( 'NONE',  ( 0.000000000000000000, -0.9396926207859093161, 0.3420201433256660484 ) ) ;
#4345 = AXIS2_PLACEMENT_3D ( 'NONE', #3600, #5955, #1653 ) ;
#4346 = AXIS2_PLACEMENT_3D ( 'NONE', #4316, #450, #5479 ) ;
#4347 = CARTESIAN_POINT ( 'NONE',  ( 0.9699999999999986411, 2.422424264911626768, 0.01740461005388105331 ) ) ;
#4348 = CARTESIAN_POINT ( 'NONE',  ( 25.00000000000001066, -2.199999999999999734, 90.00000000000000000 ) ) ;
#4349 = DIRECTION ( 'NONE',  ( -2.380826151912095669E-16, 0.9223447048632910095, 0.3863680181001638569 ) ) ;
#4350 = DIRECTION ( 'NONE',  ( 0.000000000000000000, 0.000000000000000000, 1.000000000000000000 ) ) ;
#4351 = AXIS2_PLACEMENT_3D ( 'NONE', #2930, #6067, #877 ) ;
#4352 = VERTEX_POINT ( 'NONE', #3469 ) ;
#4353 = AXIS2_PLACEMENT_3D ( 'NONE', #8152, #6868, #1217 ) ;
#4354 = EDGE_CURVE ( 'NONE', #7624, #2542, #880, .T. ) ;
#4355 = VERTEX_POINT ( 'NONE', #4701 ) ;
#4356 = VERTEX_POINT ( 'NONE', #7151 ) ;
#4357 = CARTESIAN_POINT ( 'NONE',  ( 0.9699999999999986411, 2.125255814197590798, -0.05453024012817830890 ) ) ;
#4358 = LINE ( 'NONE', #38, #5418 ) ;
#4359 = DIRECTION ( 'NONE',  ( -1.000000000000000000, 0.000000000000000000, 0.000000000000000000 ) ) ;
#4360 = DIRECTION ( 'NONE',  ( 1.000000000000000000, 2.000187765493021278E-16, -7.400880780937300593E-16 ) ) ;
#4361 = AXIS2_PLACEMENT_3D ( 'NONE', #2842, #997, #1561 ) ;
#4362 = EDGE_CURVE ( 'NONE', #1928, #4428, #3550, .T. ) ;
#4363 = ORIENTED_EDGE ( 'NONE', *, *, #1674, .F. ) ;
#4364 = EDGE_CURVE ( 'NONE', #7366, #1054, #4163, .T. ) ;
#4365 = VERTEX_POINT ( 'NONE', #6028 ) ;
#4366 = ORIENTED_EDGE ( 'NONE', *, *, #2448, .T. ) ;
#4367 = DIRECTION ( 'NONE',  ( 7.845854836809278763E-17, 0.9803664598916860262, 0.1971841888170626222 ) ) ;
#4368 = EDGE_CURVE ( 'NONE', #6934, #660, #2770, .T. ) ;
#4369 = AXIS2_PLACEMENT_3D ( 'NONE', #5554, #5470, #8126 ) ;
#4370 = PLANE ( 'NONE',  #7023 ) ;
#4371 = DIRECTION ( 'NONE',  ( 0.000000000000000000, -0.9396926207859093161, 0.3420201433256660484 ) ) ;
#4372 = ORIENTED_EDGE ( 'NONE', *, *, #1189, .T. ) ;
#4373 = CARTESIAN_POINT ( 'NONE',  ( 0.000000000000000000, -10.00000000000000888, 95.44360218381363836 ) ) ;
#4374 = LINE ( 'NONE', #2309, #6062 ) ;
#4375 = VECTOR ( 'NONE', #225, 1000.000000000000000 ) ;
#4376 = EDGE_CURVE ( 'NONE', #7426, #215, #7849, .T. ) ;
#4377 = DIRECTION ( 'NONE',  ( -0.000000000000000000, 1.000000000000000000, -0.000000000000000000 ) ) ;
#4378 = LINE ( 'NONE', #464, #2385 ) ;
#4379 = ORIENTED_EDGE ( 'NONE', *, *, #5171, .T. ) ;
#4380 = VECTOR ( 'NONE', #7028, 1000.000000000000000 ) ;
#4381 = ORIENTED_EDGE ( 'NONE', *, *, #85, .T. ) ;
#4382 = DIRECTION ( 'NONE',  ( 1.000000000000000000, -0.000000000000000000, -0.000000000000000000 ) ) ;
#4383 = CARTESIAN_POINT ( 'NONE',  ( 68.00000000000002842, -10.00000000000001421, -14.90996438382938827 ) ) ;
#4384 = VECTOR ( 'NONE', #8019, 1000.000000000000000 ) ;
#4385 = CARTESIAN_POINT ( 'NONE',  ( 57.43433438049125783, -20.02048139190353027, -92.08070974601012892 ) ) ;
#4386 = ORIENTED_EDGE ( 'NONE', *, *, #7782, .F. ) ;
#4387 = CARTESIAN_POINT ( 'NONE',  ( 0.9843342201064364527, 2.332881258751279496, 0.1446480485160217544 ) ) ;
#4388 = DIRECTION ( 'NONE',  ( -5.882887990558551382E-16, -0.4999999999999998890, 0.8660254037844387076 ) ) ;
#4389 = ORIENTED_EDGE ( 'NONE', *, *, #6700, .F. ) ;
#4390 = VERTEX_POINT ( 'NONE', #7892 ) ;
#4391 = CARTESIAN_POINT ( 'NONE',  ( 0.9700000000000293943, -1.380728864575075780E-13, -3.174999999999779554 ) ) ;
#4392 = DIRECTION ( 'NONE',  ( -7.498798913309289408E-33, 0.3420201433256661594, 0.9396926207859093161 ) ) ;
#4393 = CARTESIAN_POINT ( 'NONE',  ( 0.9700000000000541522, 2.224161932931678631, 0.2483908197990492006 ) ) ;
#4394 = DIRECTION ( 'NONE',  ( -1.000000000000000000, -1.722632009336720063E-16, 7.400880780937477100E-16 ) ) ;
#4395 = EDGE_LOOP ( 'NONE', ( #4796, #7247 ) ) ;
#4396 = ORIENTED_EDGE ( 'NONE', *, *, #852, .F. ) ;
#4397 = EDGE_LOOP ( 'NONE', ( #843, #3377, #3145, #3309 ) ) ;
#4398 = DIRECTION ( 'NONE',  ( -1.000000000000000000, -2.000187765493021278E-16, 7.400880780937300593E-16 ) ) ;
#4399 = DIRECTION ( 'NONE',  ( -0.7071067811865480168, -0.000000000000000000, 0.7071067811865470176 ) ) ;
#4400 = CARTESIAN_POINT ( 'NONE',  ( 68.00000000000002842, -10.00000000000001421, -12.40996438382938649 ) ) ;
#4401 = DIRECTION ( 'NONE',  ( -1.000000000000000000, -2.000187765493021278E-16, 7.400880780937300593E-16 ) ) ;
#4402 = DIRECTION ( 'NONE',  ( 7.409193191692587076E-16, 0.004876496258989318835, -0.9999881098214298270 ) ) ;
#4403 = EDGE_CURVE ( 'NONE', #1500, #3662, #2222, .T. ) ;
#4404 = ORIENTED_EDGE ( 'NONE', *, *, #2696, .F. ) ;
#4405 = EDGE_LOOP ( 'NONE', ( #1410, #7752 ) ) ;
#4406 = EDGE_LOOP ( 'NONE', ( #1907, #6252, #360, #4674 ) ) ;
#4407 = CARTESIAN_POINT ( 'NONE',  ( 2.450950000000007289, -2.008307592792912821, -1.371832463991251583 ) ) ;
#4408 = DIRECTION ( 'NONE',  ( 7.870191347401749298E-16, 0.1875609302838795178, -0.9822529701818395464 ) ) ;
#4409 = ORIENTED_EDGE ( 'NONE', *, *, #4469, .T. ) ;
#4410 = EDGE_CURVE ( 'NONE', #6300, #1660, #7308, .T. ) ;
#4411 = FACE_OUTER_BOUND ( 'NONE', #2567, .T. ) ;
#4412 = DIRECTION ( 'NONE',  ( -2.481675346006243732E-16, 0.8022045974956018011, 0.5970492305973765790 ) ) ;
#4413 = ADVANCED_FACE ( 'NONE', ( #5332 ), #5908, .T. ) ;
#4414 = EDGE_CURVE ( 'NONE', #4956, #6281, #6693, .T. ) ;
#4415 = DIRECTION ( 'NONE',  ( 0.000000000000000000, 0.9396926207859093161, 0.3420201433256660484 ) ) ;
#4416 = LINE ( 'NONE', #6938, #7759 ) ;
#4417 = DIRECTION ( 'NONE',  ( 0.000000000000000000, 0.000000000000000000, 1.000000000000000000 ) ) ;
#4418 = VECTOR ( 'NONE', #1190, 1000.000000000000114 ) ;
#4419 = VERTEX_POINT ( 'NONE', #7813 ) ;
#4420 = ADVANCED_FACE ( 'NONE', ( #7220 ), #1491, .F. ) ;
#4421 = ORIENTED_EDGE ( 'NONE', *, *, #2995, .F. ) ;
#4422 = CARTESIAN_POINT ( 'NONE',  ( 1.102182119232617753E-14, 0.000000000000000000, 90.00000000000000000 ) ) ;
#4423 = EDGE_CURVE ( 'NONE', #426, #551, #2885, .T. ) ;
#4424 = DIRECTION ( 'NONE',  ( 2.617488922459230047E-16, -0.8362669866895622306, -0.5483224662305562491 ) ) ;
#4425 = EDGE_LOOP ( 'NONE', ( #1925, #1146, #3520, #2703 ) ) ;
#4426 = CARTESIAN_POINT ( 'NONE',  ( 80.00000000000004263, -9.999999999999980460, 194.4099643838293616 ) ) ;
#4427 = VERTEX_POINT ( 'NONE', #1609 ) ;
#4428 = VERTEX_POINT ( 'NONE', #7183 ) ;
#4429 = DIRECTION ( 'NONE',  ( 0.000000000000000000, 0.9396926207859093161, 0.3420201433256661039 ) ) ;
#4430 = CARTESIAN_POINT ( 'NONE',  ( 2.469999999999972218, -1.608496896752464878, -1.141001651006931628 ) ) ;
#4431 = PLANE ( 'NONE',  #1697 ) ;
#4432 = LINE ( 'NONE', #730, #7829 ) ;
#4433 = ORIENTED_EDGE ( 'NONE', *, *, #1580, .T. ) ;
#4434 = ORIENTED_EDGE ( 'NONE', *, *, #343, .T. ) ;
#4435 = ORIENTED_EDGE ( 'NONE', *, *, #6085, .T. ) ;
#4436 = CIRCLE ( 'NONE', #5493, 0.07202382437763348022 ) ;
#4437 = DIRECTION ( 'NONE',  ( 1.000000000000000000, 2.000187765493021278E-16, -7.400880780937300593E-16 ) ) ;
#4438 = DIRECTION ( 'NONE',  ( 0.000000000000000000, 0.000000000000000000, 1.000000000000000000 ) ) ;
#4439 = CARTESIAN_POINT ( 'NONE',  ( 75.00000000000001421, -8.552444315316476420, -3.376278418084634581 ) ) ;
#4440 = LINE ( 'NONE', #5806, #4996 ) ;
#4441 = VECTOR ( 'NONE', #3462, 999.9999999999998863 ) ;
#4442 = VERTEX_POINT ( 'NONE', #213 ) ;
#4443 = ORIENTED_EDGE ( 'NONE', *, *, #5173, .F. ) ;
#4444 = EDGE_LOOP ( 'NONE', ( #2777, #2096, #4558, #7819 ) ) ;
#4445 = EDGE_CURVE ( 'NONE', #2823, #315, #6612, .T. ) ;
#4446 = ORIENTED_EDGE ( 'NONE', *, *, #8008, .F. ) ;
#4447 = AXIS2_PLACEMENT_3D ( 'NONE', #7427, #6771, #6726 ) ;
#4448 = LINE ( 'NONE', #3170, #2418 ) ;
#4449 = CARTESIAN_POINT ( 'NONE',  ( 25.00000000000001066, -0.02109807546057940186, 90.27112232855823493 ) ) ;
#4450 = CARTESIAN_POINT ( 'NONE',  ( 2.450949999999840756, -0.06106376598072338346, 2.417505155565546904 ) ) ;
#4451 = VECTOR ( 'NONE', #6686, 999.9999999999998863 ) ;
#4452 = ORIENTED_EDGE ( 'NONE', *, *, #2188, .F. ) ;
#4453 = CARTESIAN_POINT ( 'NONE',  ( 0.000000000000000000, -8.552444315316487078, 93.37627841808463813 ) ) ;
#4454 = FACE_OUTER_BOUND ( 'NONE', #305, .T. ) ;
#4455 = EDGE_CURVE ( 'NONE', #6873, #5745, #6568, .T. ) ;
#4456 = ORIENTED_EDGE ( 'NONE', *, *, #4906, .F. ) ;
#4457 = ADVANCED_FACE ( 'NONE', ( #1563 ), #7266, .F. ) ;
#4458 = FACE_OUTER_BOUND ( 'NONE', #2360, .T. ) ;
#4459 = VERTEX_POINT ( 'NONE', #4127 ) ;
#4460 = LINE ( 'NONE', #719, #4623 ) ;
#4461 = VECTOR ( 'NONE', #7868, 999.9999999999998863 ) ;
#4462 = DIRECTION ( 'NONE',  ( -1.387778780781445182E-16, 0.000000000000000000, -1.000000000000000000 ) ) ;
#4463 = EDGE_CURVE ( 'NONE', #4335, #6398, #6659, .T. ) ;
#4464 = PRODUCT_CONTEXT ( 'NONE', #5043, 'mechanical' ) ;
#4465 = AXIS2_PLACEMENT_3D ( 'NONE', #5301, #7075, #5876 ) ;
#4466 = DIRECTION ( 'NONE',  ( 0.000000000000000000, 0.000000000000000000, 1.000000000000000000 ) ) ;
#4467 = ADVANCED_FACE ( 'NONE', ( #7386 ), #4246, .F. ) ;
#4468 = ORIENTED_EDGE ( 'NONE', *, *, #5622, .T. ) ;
#4469 = EDGE_CURVE ( 'NONE', #4310, #3104, #4374, .T. ) ;
#4470 = VERTEX_POINT ( 'NONE', #2350 ) ;
#4471 = PLANE ( 'NONE',  #6948 ) ;
#4472 = DIRECTION ( 'NONE',  ( -5.995848866729787176E-16, 0.1329814728554983283, 0.9911185236273117871 ) ) ;
#4473 = DIRECTION ( 'NONE',  ( -6.768688488035121845E-16, 0.2406903406730367956, 0.9706019575019914081 ) ) ;
#4474 = CIRCLE ( 'NONE', #2505, 0.03077947504423033526 ) ;
#4475 = CARTESIAN_POINT ( 'NONE',  ( 2.279499999986055236, -1.380728864574964708E-13, -3.175000000055438143 ) ) ;
#4476 = AXIS2_PLACEMENT_3D ( 'NONE', #198, #5312, #7204 ) ;
#4477 = CARTESIAN_POINT ( 'NONE',  ( 0.9699999999999986411, 2.496189298377360366, -0.4507503921453992479 ) ) ;
#4478 = ORIENTED_EDGE ( 'NONE', *, *, #3190, .T. ) ;
#4479 = ORIENTED_EDGE ( 'NONE', *, *, #4164, .F. ) ;
#4480 = VECTOR ( 'NONE', #2650, 1000.000000000000000 ) ;
#4481 = AXIS2_PLACEMENT_3D ( 'NONE', #1905, #4424, #6529 ) ;
#4482 = CARTESIAN_POINT ( 'NONE',  ( 0.9699999999999986411, 2.482991741358548055, -0.4571493088654787762 ) ) ;
#4483 = CARTESIAN_POINT ( 'NONE',  ( 2.450950000000007289, -2.131491219643871560, -1.343750381945146843 ) ) ;
#4484 = LINE ( 'NONE', #3281, #6441 ) ;
#4485 = CARTESIAN_POINT ( 'NONE',  ( 0.000000000000000000, 0.000000000000000000, 0.000000000000000000 ) ) ;
#4486 = VECTOR ( 'NONE', #1287, 1000.000000000000000 ) ;
#4487 = ORIENTED_EDGE ( 'NONE', *, *, #3656, .F. ) ;
#4488 = ORIENTED_EDGE ( 'NONE', *, *, #854, .F. ) ;
#4489 = ORIENTED_EDGE ( 'NONE', *, *, #6146, .F. ) ;
#4490 = CARTESIAN_POINT ( 'NONE',  ( 2.470000000073470314, 1.953053935977692267E-13, 1.500000000021747715 ) ) ;
#4491 = ORIENTED_EDGE ( 'NONE', *, *, #4628, .T. ) ;
#4492 = AXIS2_PLACEMENT_3D ( 'NONE', #107, #7050, #7626 ) ;
#4493 = CARTESIAN_POINT ( 'NONE',  ( 0.9843342201064364527, 2.485296480058463153, -0.4417785858740752580 ) ) ;
#4494 = PLANE ( 'NONE',  #2362 ) ;
#4495 = PRODUCT_RELATED_PRODUCT_CATEGORY ( 'part', '', ( #7504 ) ) ;
#4496 = VECTOR ( 'NONE', #6077, 1000.000000000000114 ) ;
#4497 = CARTESIAN_POINT ( 'NONE',  ( 0.9843342201064364527, 2.472865152089914531, -0.4640019752579355172 ) ) ;
#4498 = VERTEX_POINT ( 'NONE', #3092 ) ;
#4499 = DIRECTION ( 'NONE',  ( -0.7071067811865435759, 0.7071067811865515695, -1.862978718107982974E-15 ) ) ;
#4500 = FACE_OUTER_BOUND ( 'NONE', #7116, .T. ) ;
#4501 = ORIENTED_EDGE ( 'NONE', *, *, #2036, .F. ) ;
#4502 = CARTESIAN_POINT ( 'NONE',  ( 0.9699999999999986411, 2.374112209464901646, 0.01740461005357574198 ) ) ;
#4503 = ORIENTED_EDGE ( 'NONE', *, *, #2651, .F. ) ;
#4504 = CARTESIAN_POINT ( 'NONE',  ( 2.469999999999972218, -1.543091786165323720, -1.254286625618925122 ) ) ;
#4505 = AXIS2_PLACEMENT_3D ( 'NONE', #6155, #6814, #4912 ) ;
#4506 = PLANE ( 'NONE',  #5006 ) ;
#4507 = ADVANCED_FACE ( 'NONE', ( #5614 ), #3672, .F. ) ;
#4508 = AXIS2_PLACEMENT_3D ( 'NONE', #5453, #1158, #3711 ) ;
#4509 = CARTESIAN_POINT ( 'NONE',  ( 0.9843342201064364527, 2.380631412769562694, 0.2478931356767605232 ) ) ;
#4510 = ORIENTED_EDGE ( 'NONE', *, *, #2289, .T. ) ;
#4511 = ORIENTED_EDGE ( 'NONE', *, *, #7223, .T. ) ;
#4512 = DIRECTION ( 'NONE',  ( 9.680376540049056858E-16, 2.220446049250292373E-16, -1.000000000000000000 ) ) ;
#4513 = ADVANCED_FACE ( 'NONE', ( #6194, #1683 ), #8066, .T. ) ;
#4514 = DIRECTION ( 'NONE',  ( 6.478296851166037737E-16, 0.1759558990894249941, -0.9843980503717142394 ) ) ;
#4515 = CARTESIAN_POINT ( 'NONE',  ( 0.9699999999999986411, 2.491505769002783310, -0.4649539812291714203 ) ) ;
#4516 = VECTOR ( 'NONE', #6658, 999.9999999999998863 ) ;
#4517 = DIRECTION ( 'NONE',  ( 1.000000000000000000, -0.000000000000000000, -0.000000000000000000 ) ) ;
#4518 = EDGE_CURVE ( 'NONE', #2501, #2542, #4286, .T. ) ;
#4519 = EDGE_CURVE ( 'NONE', #6770, #7226, #6813, .T. ) ;
#4520 = DIRECTION ( 'NONE',  ( 6.845769268624692740E-16, -5.551115123125739315E-16, -1.000000000000000000 ) ) ;
#4521 = ORIENTED_EDGE ( 'NONE', *, *, #3904, .F. ) ;
#4522 = CARTESIAN_POINT ( 'NONE',  ( 0.9699999999999986411, 2.485974359310056059, -0.4500810129468568732 ) ) ;
#4523 = ORIENTED_EDGE ( 'NONE', *, *, #3651, .F. ) ;
#4524 = ORIENTED_EDGE ( 'NONE', *, *, #5822, .T. ) ;
#4525 = AXIS2_PLACEMENT_3D ( 'NONE', #5613, #8143, #2394 ) ;
#4526 = LINE ( 'NONE', #3320, #5651 ) ;
#4527 = LINE ( 'NONE', #4018, #5288 ) ;
#4528 = ADVANCED_FACE ( 'NONE', ( #7342 ), #8144, .T. ) ;
#4529 = LINE ( 'NONE', #3119, #3440 ) ;
#4530 = LINE ( 'NONE', #5644, #5914 ) ;
#4531 = EDGE_CURVE ( 'NONE', #7517, #8156, #461, .T. ) ;
#4532 = VECTOR ( 'NONE', #2072, 1000.000000000000000 ) ;
#4533 = ORIENTED_EDGE ( 'NONE', *, *, #2742, .T. ) ;
#4534 = ORIENTED_EDGE ( 'NONE', *, *, #7004, .T. ) ;
#4535 = EDGE_LOOP ( 'NONE', ( #501, #6047, #1861, #1118 ) ) ;
#4536 = ORIENTED_EDGE ( 'NONE', *, *, #6386, .T. ) ;
#4537 = CARTESIAN_POINT ( 'NONE',  ( 0.9700000000000541522, 2.417556363763257110, 0.2676931372518620567 ) ) ;
#4538 =( NAMED_UNIT ( * ) SI_UNIT ( $, .STERADIAN. ) SOLID_ANGLE_UNIT ( ) );
#4539 = DIRECTION ( 'NONE',  ( 0.000000000000000000, 0.000000000000000000, 1.000000000000000000 ) ) ;
#4540 = ORIENTED_EDGE ( 'NONE', *, *, #277, .F. ) ;
#4541 = DIRECTION ( 'NONE',  ( 6.845769268624693726E-16, -5.551115123125739315E-16, -1.000000000000000000 ) ) ;
#4542 = ORIENTED_EDGE ( 'NONE', *, *, #2169, .F. ) ;
#4543 = CARTESIAN_POINT ( 'NONE',  ( 2.450950000000007289, -0.1043506507305280717, 1.963500000000506507 ) ) ;
#4544 = FILL_AREA_STYLE ('',( #7184 ) ) ;
#4545 = VERTEX_POINT ( 'NONE', #420 ) ;
#4546 = CARTESIAN_POINT ( 'NONE',  ( 110.0000000000000284, -1.224646799147322569E-18, 12.11000000000000298 ) ) ;
#4547 = LINE ( 'NONE', #7775, #6894 ) ;
#4548 = ORIENTED_EDGE ( 'NONE', *, *, #7717, .T. ) ;
#4549 = ORIENTED_EDGE ( 'NONE', *, *, #3561, .F. ) ;
#4550 = DIRECTION ( 'NONE',  ( -1.000000000000000000, -2.000187765493021278E-16, 7.400880780937300593E-16 ) ) ;
#4551 = EDGE_CURVE ( 'NONE', #7636, #27, #7434, .T. ) ;
#4552 = CARTESIAN_POINT ( 'NONE',  ( 0.9843342201064364527, 2.482780464277939636, -0.4324412773114988395 ) ) ;
#4553 = FACE_OUTER_BOUND ( 'NONE', #6445, .T. ) ;
#4554 = EDGE_LOOP ( 'NONE', ( #2278, #3977, #6639, #8115 ) ) ;
#4555 = ADVANCED_FACE ( 'NONE', ( #1768 ), #543, .F. ) ;
#4556 = DIRECTION ( 'NONE',  ( -0.7071067811865474617, -0.000000000000000000, 0.7071067811865474617 ) ) ;
#4557 = ORIENTED_EDGE ( 'NONE', *, *, #2086, .T. ) ;
#4558 = ORIENTED_EDGE ( 'NONE', *, *, #677, .F. ) ;
#4559 = LINE ( 'NONE', #3361, #2613 ) ;
#4560 = ADVANCED_FACE ( 'NONE', ( #1856 ), #6902, .T. ) ;
#4561 = CARTESIAN_POINT ( 'NONE',  ( 2.469999999999861195, -0.2359217314835682089, 2.240650367564128942 ) ) ;
#4562 = ADVANCED_FACE ( 'NONE', ( #6072 ), #4948, .T. ) ;
#4563 = FACE_OUTER_BOUND ( 'NONE', #483, .T. ) ;
#4564 = DIRECTION ( 'NONE',  ( -2.073106433702512030E-16, 0.9090442707885098006, 0.4166995485317765424 ) ) ;
#4565 = ORIENTED_EDGE ( 'NONE', *, *, #8068, .F. ) ;
#4566 = ADVANCED_FACE ( 'NONE', ( #2933 ), #7980, .F. ) ;
#4567 = ORIENTED_EDGE ( 'NONE', *, *, #5886, .T. ) ;
#4568 = ORIENTED_EDGE ( 'NONE', *, *, #4769, .T. ) ;
#4569 = EDGE_LOOP ( 'NONE', ( #424, #5944, #2785, #4230 ) ) ;
#4570 = DIRECTION ( 'NONE',  ( -9.713191375867612216E-16, -2.220446049250337733E-16, 1.000000000000000000 ) ) ;
#4571 = EDGE_CURVE ( 'NONE', #6617, #139, #3171, .T. ) ;
#4572 = CARTESIAN_POINT ( 'NONE',  ( 0.9700000000000541522, 2.217642729627267162, 0.2694351750214263319 ) ) ;
#4573 = CIRCLE ( 'NONE', #4305, 2.110000000000000764 ) ;
#4574 = VERTEX_POINT ( 'NONE', #5655 ) ;
#4575 = CARTESIAN_POINT ( 'NONE',  ( 0.9843342201064364527, 2.477361680291723101, -0.4515068968898167112 ) ) ;
#4576 = VECTOR ( 'NONE', #2657, 1000.000000000000114 ) ;
#4577 = CARTESIAN_POINT ( 'NONE',  ( 110.0000000000000426, -1.199999999999999956, 55.96194077712566894 ) ) ;
#4578 = ORIENTED_EDGE ( 'NONE', *, *, #6483, .T. ) ;
#4579 = CARTESIAN_POINT ( 'NONE',  ( 2.469999999999888729, 5.273559366969493567E-13, 2.517800735128208789 ) ) ;
#4580 = ORIENTED_EDGE ( 'NONE', *, *, #1536, .T. ) ;
#4581 = DIRECTION ( 'NONE',  ( -6.845769268624692740E-16, 5.551115123125739315E-16, 1.000000000000000000 ) ) ;
#4582 = DIRECTION ( 'NONE',  ( -7.504465202493400556E-17, -0.9861849009696147528, -0.1656482450844289633 ) ) ;
#4583 = VECTOR ( 'NONE', #3881, 1000.000000000000000 ) ;
#4584 = ORIENTED_EDGE ( 'NONE', *, *, #6339, .T. ) ;
#4585 = DIRECTION ( 'NONE',  ( -0.000000000000000000, 1.000000000000000000, -0.000000000000000000 ) ) ;
#4586 = VERTEX_POINT ( 'NONE', #1249 ) ;
#4587 = AXIS2_PLACEMENT_3D ( 'NONE', #3900, #271, #6424 ) ;
#4588 = ORIENTED_EDGE ( 'NONE', *, *, #6020, .F. ) ;
#4589 = DIRECTION ( 'NONE',  ( 0.000000000000000000, 5.645018411551103535E-16, 1.000000000000000000 ) ) ;
#4590 = DIRECTION ( 'NONE',  ( 1.445076253180178246E-16, 1.000000000000000000, -5.551115123125738329E-16 ) ) ;
#4591 = DIRECTION ( 'NONE',  ( 4.992923249691015501E-16, -0.4999999999999992228, -0.8660254037844391517 ) ) ;
#4592 = VECTOR ( 'NONE', #1182, 1000.000000000000114 ) ;
#4593 = CARTESIAN_POINT ( 'NONE',  ( 0.9700000000000541522, 2.513397826239216482, 0.2400852859844870846 ) ) ;
#4594 = ORIENTED_EDGE ( 'NONE', *, *, #5334, .T. ) ;
#4595 = FACE_OUTER_BOUND ( 'NONE', #1799, .T. ) ;
#4596 = DIRECTION ( 'NONE',  ( 0.000000000000000000, 1.000000000000000000, 0.000000000000000000 ) ) ;
#4597 = EDGE_LOOP ( 'NONE', ( #6397, #6996, #4040, #7754 ) ) ;
#4598 = LINE ( 'NONE', #5263, #4750 ) ;
#4599 = VECTOR ( 'NONE', #6795, 1000.000000000000114 ) ;
#4600 = DIRECTION ( 'NONE',  ( 1.000000000000000000, 2.000187765493021278E-16, -7.400880780937300593E-16 ) ) ;
#4601 = FACE_OUTER_BOUND ( 'NONE', #437, .T. ) ;
#4602 = FACE_OUTER_BOUND ( 'NONE', #320, .T. ) ;
#4603 = APPLICATION_CONTEXT ( 'automotive_design' ) ;
#4604 = ADVANCED_FACE ( 'NONE', ( #791 ), #1321, .F. ) ;
#4605 = VECTOR ( 'NONE', #6647, 1000.000000000000000 ) ;
#4606 = ORIENTED_EDGE ( 'NONE', *, *, #7815, .F. ) ;
#4607 = VECTOR ( 'NONE', #2531, 1000.000000000000000 ) ;
#4608 = ORIENTED_EDGE ( 'NONE', *, *, #1299, .F. ) ;
#4609 = VERTEX_POINT ( 'NONE', #2019 ) ;
#4610 = FACE_OUTER_BOUND ( 'NONE', #5065, .T. ) ;
#4611 = DIRECTION ( 'NONE',  ( 6.845769268624693726E-16, -5.551115123125739315E-16, -1.000000000000000000 ) ) ;
#4612 = FACE_OUTER_BOUND ( 'NONE', #4397, .T. ) ;
#4613 = DIRECTION ( 'NONE',  ( -1.000000000000000000, -2.000187765493021278E-16, 7.400880780937300593E-16 ) ) ;
#4614 = AXIS2_PLACEMENT_3D ( 'NONE', #6534, #885, #3386 ) ;
#4615 = EDGE_CURVE ( 'NONE', #3626, #2461, #5817, .T. ) ;
#4616 = VECTOR ( 'NONE', #7095, 1000.000000000000114 ) ;
#4617 = EDGE_CURVE ( 'NONE', #7092, #436, #5161, .T. ) ;
#4618 = EDGE_CURVE ( 'NONE', #886, #4213, #2596, .T. ) ;
#4619 = ORIENTED_EDGE ( 'NONE', *, *, #1952, .T. ) ;
#4620 = CARTESIAN_POINT ( 'NONE',  ( 0.9843342201064364527, 2.419158929571618710, 0.2709282273876956193 ) ) ;
#4621 = AXIS2_PLACEMENT_3D ( 'NONE', #5863, #5701, #3218 ) ;
#4622 = DIRECTION ( 'NONE',  ( 3.399077683617226133E-32, -1.000000000000000000, 5.551115123125780237E-17 ) ) ;
#4623 = VECTOR ( 'NONE', #3920, 999.9999999999998863 ) ;
#4624 = DIRECTION ( 'NONE',  ( -0.7071067811865486830, 0.000000000000000000, 0.7071067811865464625 ) ) ;
#4625 = ORIENTED_EDGE ( 'NONE', *, *, #6945, .T. ) ;
#4626 = CARTESIAN_POINT ( 'NONE',  ( 2.450949999999840756, -0.1043506507309166498, 2.269970088014890308 ) ) ;
#4627 = DIRECTION ( 'NONE',  ( 0.000000000000000000, 0.000000000000000000, 1.000000000000000000 ) ) ;
#4628 = EDGE_CURVE ( 'NONE', #8082, #3576, #3215, .T. ) ;
#4629 = VECTOR ( 'NONE', #583, 1000.000000000000114 ) ;
#4630 = LINE ( 'NONE', #7692, #800 ) ;
#4631 = ORIENTED_EDGE ( 'NONE', *, *, #1486, .T. ) ;
#4632 = DIRECTION ( 'NONE',  ( -5.882887990558551382E-16, -0.4999999999999998890, 0.8660254037844387076 ) ) ;
#4633 = ORIENTED_EDGE ( 'NONE', *, *, #444, .T. ) ;
#4634 = AXIS2_PLACEMENT_3D ( 'NONE', #727, #3111, #2538 ) ;
#4635 = VERTEX_POINT ( 'NONE', #3250 ) ;
#4636 = LINE ( 'NONE', #219, #4576 ) ;
#4637 = DIRECTION ( 'NONE',  ( -6.831545672378266472E-16, 0.008115419334605227658, 0.9999670694423009598 ) ) ;
#4638 = PLANE ( 'NONE',  #2371 ) ;
#4639 = AXIS2_PLACEMENT_3D ( 'NONE', #582, #3048, #1645 ) ;
#4640 = MANIFOLD_SOLID_BREP ( 'Ø4.2 (4.22) Diameter Hole1', #5210 ) ;
#4641 = CARTESIAN_POINT ( 'NONE',  ( 64.03805922287450869, -1.224646799147322569E-18, 10.00000000000001066 ) ) ;
#4642 = DIRECTION ( 'NONE',  ( 6.845769268624693726E-16, -5.551115123125739315E-16, -1.000000000000000000 ) ) ;
#4643 = CARTESIAN_POINT ( 'NONE',  ( 0.9843342201064364527, 2.422424264911820835, -0.05453024012871954262 ) ) ;
#4644 = EDGE_LOOP ( 'NONE', ( #4936, #7018, #3271, #1513 ) ) ;
#4645 = DIRECTION ( 'NONE',  ( 0.000000000000000000, 1.000000000000000000, 0.000000000000000000 ) ) ;
#4646 = AXIS2_PLACEMENT_3D ( 'NONE', #928, #5956, #2186 ) ;
#4647 = DIRECTION ( 'NONE',  ( -6.845769268624693726E-16, 5.551115123125739315E-16, 1.000000000000000000 ) ) ;
#4648 = CARTESIAN_POINT ( 'NONE',  ( 2.450949999999868290, -0.08615970196992894792, 2.517800735127965872 ) ) ;
#4649 = DIRECTION ( 'NONE',  ( -1.000000000000000000, -2.000187765493021278E-16, 7.400880780937300593E-16 ) ) ;
#4650 = PRODUCT_DEFINITION_CONTEXT ( 'detailed design', #7574, 'design' ) ;
#4651 = VECTOR ( 'NONE', #2834, 1000.000000000000000 ) ;
#4652 = VERTEX_POINT ( 'NONE', #6276 ) ;
#4653 = ORIENTED_EDGE ( 'NONE', *, *, #5622, .F. ) ;
#4654 = ORIENTED_EDGE ( 'NONE', *, *, #7152, .T. ) ;
#4655 = DIRECTION ( 'NONE',  ( -4.095427613025172715E-16, -0.9089994253807270885, 0.4167973664234312370 ) ) ;
#4656 = CARTESIAN_POINT ( 'NONE',  ( 0.4850000000260479283, -1.387778780781445676E-13, 1.804112415015879378E-13 ) ) ;
#4657 = DIRECTION ( 'NONE',  ( 7.400880780937299607E-16, 5.551115123125742273E-16, 1.000000000000000000 ) ) ;
#4658 = CARTESIAN_POINT ( 'NONE',  ( 2.469999999999972218, -1.608496896752464878, -1.141001651006931628 ) ) ;
#4659 = EDGE_CURVE ( 'NONE', #1086, #4935, #7061, .T. ) ;
#4660 = VECTOR ( 'NONE', #3194, 999.9999999999998863 ) ;
#4661 = ORIENTED_EDGE ( 'NONE', *, *, #4301, .F. ) ;
#4662 = CARTESIAN_POINT ( 'NONE',  ( 0.9700000000000541522, 2.316464276462898653, 0.1510640454359946094 ) ) ;
#4663 = ORIENTED_EDGE ( 'NONE', *, *, #1003, .T. ) ;
#4664 = EDGE_CURVE ( 'NONE', #853, #2870, #9, .T. ) ;
#4665 = DIRECTION ( 'NONE',  ( -7.400880780937299607E-16, -5.551115123125742273E-16, -1.000000000000000000 ) ) ;
#4666 = EDGE_LOOP ( 'NONE', ( #5441, #8057 ) ) ;
#4667 = DIRECTION ( 'NONE',  ( 6.612880984808103771E-16, 0.4166995485317765424, -0.9090442707885098006 ) ) ;
#4668 = ADVANCED_FACE ( 'NONE', ( #7564 ), #4494, .F. ) ;
#4669 = EDGE_CURVE ( 'NONE', #1414, #1155, #4474, .T. ) ;
#4670 = DIRECTION ( 'NONE',  ( -6.845769268624742044E-16, 2.886579864025370717E-15, 1.000000000000000000 ) ) ;
#4671 = VERTEX_POINT ( 'NONE', #5080 ) ;
#4672 = EDGE_CURVE ( 'NONE', #4885, #4356, #1930, .T. ) ;
#4673 = FACE_BOUND ( 'NONE', #5612, .T. ) ;
#4674 = ORIENTED_EDGE ( 'NONE', *, *, #1684, .F. ) ;
#4675 = ORIENTED_EDGE ( 'NONE', *, *, #4914, .T. ) ;
#4676 = EDGE_CURVE ( 'NONE', #2915, #7624, #6360, .T. ) ;
#4677 = PLANE ( 'NONE',  #3016 ) ;
#4678 = DIRECTION ( 'NONE',  ( 6.845769268624742044E-16, -2.886579864025370717E-15, -1.000000000000000000 ) ) ;
#4679 = FACE_OUTER_BOUND ( 'NONE', #2130, .T. ) ;
#4680 = ORIENTED_EDGE ( 'NONE', *, *, #7240, .F. ) ;
#4681 = DIRECTION ( 'NONE',  ( 0.7071067811865483499, -4.357881996052628527E-33, 0.7071067811865467956 ) ) ;
#4682 = ORIENTED_EDGE ( 'NONE', *, *, #639, .F. ) ;
#4683 = CLOSED_SHELL ( 'NONE', ( #380, #6492, #7758, #1290, #7456, #1348, #3507, #2563, #992, #1083, #2609, #4003, #8103, #3513, #1029, #5984, #3454, #3496, #3461, #2047, #7796, #532, #4757, #35, #5285, #109, #2982, #3954, #7039, #334, #4155, #6636, #241, #6086, #1398, #7954, #8063, #6522, #4204, #5689, #2791, #7701, #7747, #6400, #3001, #7090, #290, #7596, #3254, #6326, #2803, #7895, #5685, #7599, #5770, #5996, #39, #1896, #5272 ) ) ;
#4684 = DIRECTION ( 'NONE',  ( -0.000000000000000000, 1.000000000000000000, -0.000000000000000000 ) ) ;
#4685 = CARTESIAN_POINT ( 'NONE',  ( 0.9699999999999986411, 2.374112209465178758, -0.05286747059585206188 ) ) ;
#4686 = CARTESIAN_POINT ( 'NONE',  ( 0.4850000000000131983, -1.387778780781445676E-13, 1.804112415015879378E-13 ) ) ;
#4687 = ORIENTED_EDGE ( 'NONE', *, *, #1356, .F. ) ;
#4688 = LINE ( 'NONE', #2793, #6929 ) ;
#4689 = ORIENTED_EDGE ( 'NONE', *, *, #1837, .F. ) ;
#4690 = CARTESIAN_POINT ( 'NONE',  ( 2.470000000000055707, 1.797337126538345320, -1.265437637551755756 ) ) ;
#4691 = LINE ( 'NONE', #7175, #671 ) ;
#4692 = DIRECTION ( 'NONE',  ( 1.000000000000000000, 2.000187765493021278E-16, -7.400880780937300593E-16 ) ) ;
#4693 = LINE ( 'NONE', #5404, #5672 ) ;
#4694 = ORIENTED_EDGE ( 'NONE', *, *, #6937, .T. ) ;
#4695 = LINE ( 'NONE', #916, #1548 ) ;
#4696 = LINE ( 'NONE', #209, #3181 ) ;
#4697 = CARTESIAN_POINT ( 'NONE',  ( 0.000000000000000000, -1.447555684683521360, 182.0673237657289860 ) ) ;
#4698 = ORIENTED_EDGE ( 'NONE', *, *, #5313, .F. ) ;
#4699 = AXIS2_PLACEMENT_3D ( 'NONE', #3492, #5400, #4026 ) ;
#4700 = LINE ( 'NONE', #879, #965 ) ;
#4701 = CARTESIAN_POINT ( 'NONE',  ( 5.689846345042076538E-11, 1.499999999964547692, -5.062106771362057811E-15 ) ) ;
#4702 = DIRECTION ( 'NONE',  ( 5.551115123125779744E-16, 0.000000000000000000, 1.000000000000000000 ) ) ;
#4703 = VECTOR ( 'NONE', #411, 1000.000000000000114 ) ;
#4704 = EDGE_CURVE ( 'NONE', #1642, #1499, #3495, .T. ) ;
#4705 = ADVANCED_FACE ( 'NONE', ( #2799 ), #3417, .T. ) ;
#4706 = ORIENTED_EDGE ( 'NONE', *, *, #7185, .F. ) ;
#4707 = CARTESIAN_POINT ( 'NONE',  ( -2.449293598294717951E-15, -8.800000000000009592, -14.40996438382942380 ) ) ;
#4708 = ORIENTED_EDGE ( 'NONE', *, *, #4205, .T. ) ;
#4709 = VERTEX_POINT ( 'NONE', #1556 ) ;
#4710 = VECTOR ( 'NONE', #3046, 1000.000000000000000 ) ;
#4711 = CARTESIAN_POINT ( 'NONE',  ( 2.470000000000055707, 2.133761685484680815, -1.138599379414545476 ) ) ;
#4712 = ADVANCED_FACE ( 'NONE', ( #327 ), #6560, .T. ) ;
#4713 = ADVANCED_BREP_SHAPE_REPRESENTATION ( '', ( #7334, #4255 ), #4125 ) ;
#4714 = CARTESIAN_POINT ( 'NONE',  ( 2.469999999999805684, 0.03232682635356809442, 2.417505155565317754 ) ) ;
#4715 = EDGE_CURVE ( 'NONE', #4885, #915, #3282, .T. ) ;
#4716 = EDGE_CURVE ( 'NONE', #5855, #3385, #4693, .T. ) ;
#4717 = VECTOR ( 'NONE', #6967, 1000.000000000000114 ) ;
#4718 = DIRECTION ( 'NONE',  ( 1.167520497023887139E-16, 1.000000000000000000, -2.886579864025370323E-15 ) ) ;
#4719 = VERTEX_POINT ( 'NONE', #2878 ) ;
#4720 = EDGE_LOOP ( 'NONE', ( #1713, #3742, #5233, #7630 ) ) ;
#4721 = CARTESIAN_POINT ( 'NONE',  ( 1.237305211379637238E-14, -8.800000000000002487, 95.44360218381365257 ) ) ;
#4722 = DIRECTION ( 'NONE',  ( -0.000000000000000000, 1.000000000000000000, 0.000000000000000000 ) ) ;
#4723 = CARTESIAN_POINT ( 'NONE',  ( 120.0000000000000284, -1.199999999999999956, 180.0000000000000000 ) ) ;
#4724 = DIRECTION ( 'NONE',  ( -1.000000000000000000, -2.000187765493021278E-16, 7.400880780937300593E-16 ) ) ;
#4725 = DIRECTION ( 'NONE',  ( 6.845769268624693726E-16, -5.551115123125739315E-16, -1.000000000000000000 ) ) ;
#4726 = EDGE_CURVE ( 'NONE', #1448, #183, #3459, .T. ) ;
#4727 = VECTOR ( 'NONE', #355, 1000.000000000000000 ) ;
#4728 = UNCERTAINTY_MEASURE_WITH_UNIT (LENGTH_MEASURE( 1.000000000000000082E-05 ), #4249, 'distance_accuracy_value', 'NONE');
#4729 = VERTEX_POINT ( 'NONE', #3950 ) ;
#4730 = CARTESIAN_POINT ( 'NONE',  ( 1.102182119232617753E-14, -8.800000000000009592, 95.59003561617066680 ) ) ;
#4731 = ORIENTED_EDGE ( 'NONE', *, *, #882, .F. ) ;
#4732 = DIRECTION ( 'NONE',  ( 5.551115123125783688E-16, 0.000000000000000000, 1.000000000000000000 ) ) ;
#4733 = AXIS2_PLACEMENT_3D ( 'NONE', #5267, #7288, #3940 ) ;
#4734 = DIRECTION ( 'NONE',  ( 7.400880780937299607E-16, 5.551115123125742273E-16, 1.000000000000000000 ) ) ;
#4735 = LINE ( 'NONE', #7803, #6372 ) ;
#4736 = CARTESIAN_POINT ( 'NONE',  ( 12.50000000000001421, -8.799999999999998934, 102.4099643838293758 ) ) ;
#4737 = VECTOR ( 'NONE', #3052, 1000.000000000000114 ) ;
#4738 = VECTOR ( 'NONE', #1378, 1000.000000000000000 ) ;
#4739 = DIRECTION ( 'NONE',  ( -3.977977038742048129E-16, -0.8660254037844781205, 0.4999999999999313327 ) ) ;
#4740 = EDGE_LOOP ( 'NONE', ( #3244, #2656, #6876, #6709 ) ) ;
#4741 = CYLINDRICAL_SURFACE ( 'NONE', #3661, 2.637500000000020606 ) ;
#4742 = CARTESIAN_POINT ( 'NONE',  ( 2.470000000130312401, 1.942890293094023946E-13, 3.608224830031758756E-13 ) ) ;
#4743 = EDGE_LOOP ( 'NONE', ( #6753, #4503, #7923, #4478 ) ) ;
#4744 = VECTOR ( 'NONE', #8157, 1000.000000000000000 ) ;
#4745 = AXIS2_PLACEMENT_3D ( 'NONE', #6765, #4938, #6681 ) ;
#4746 = PRESENTATION_STYLE_ASSIGNMENT (( #1648 ) ) ;
#4747 = DIRECTION ( 'NONE',  ( 1.000000000000000000, 2.000187765493021278E-16, -7.400880780937300593E-16 ) ) ;
#4748 =( LENGTH_UNIT ( ) NAMED_UNIT ( * ) SI_UNIT ( .MILLI., .METRE. ) );
#4749 = AXIS2_PLACEMENT_3D ( 'NONE', #4577, #5085, #4539 ) ;
#4750 = VECTOR ( 'NONE', #7167, 1000.000000000000000 ) ;
#4751 = VERTEX_POINT ( 'NONE', #7804 ) ;
#4752 = LINE ( 'NONE', #7269, #5021 ) ;
#4753 = ORIENTED_EDGE ( 'NONE', *, *, #7047, .F. ) ;
#4754 = ORIENTED_EDGE ( 'NONE', *, *, #882, .T. ) ;
#4755 = VECTOR ( 'NONE', #5761, 1000.000000000000000 ) ;
#4756 = CARTESIAN_POINT ( 'NONE',  ( 1.408343819019456097E-14, -8.799999999999988276, 109.4099643838293900 ) ) ;
#4757 = ADVANCED_FACE ( 'NONE', ( #913 ), #7761, .T. ) ;
#4758 = DIRECTION ( 'NONE',  ( -1.000000000000000000, -2.000187765493021278E-16, 7.400880780937300593E-16 ) ) ;
#4759 = DIRECTION ( 'NONE',  ( -4.657749217521145443E-19, -1.000000000000000000, -1.836964293708888604E-16 ) ) ;
#4760 = LINE ( 'NONE', #7315, #5303 ) ;
#4761 = EDGE_LOOP ( 'NONE', ( #3487, #2026 ) ) ;
#4762 = EDGE_CURVE ( 'NONE', #6798, #1910, #5238, .T. ) ;
#4763 = ORIENTED_EDGE ( 'NONE', *, *, #2800, .T. ) ;
#4764 = CYLINDRICAL_SURFACE ( 'NONE', #376, 2.110000000000000764 ) ;
#4765 = CARTESIAN_POINT ( 'NONE',  ( 2.470000000000027729, -2.008307592792912821, -1.371832463991251583 ) ) ;
#4766 = DIRECTION ( 'NONE',  ( 1.000000000000000000, 1.304085479583590730E-16, -4.746482975071881178E-17 ) ) ;
#4767 = DIRECTION ( 'NONE',  ( -0.000000000000000000, 1.000000000000000000, -0.000000000000000000 ) ) ;
#4768 = EDGE_CURVE ( 'NONE', #2200, #2814, #6601, .T. ) ;
#4769 = EDGE_CURVE ( 'NONE', #6101, #1614, #6197, .T. ) ;
#4770 = CIRCLE ( 'NONE', #7412, 2.200000000000007283 ) ;
#4771 = CARTESIAN_POINT ( 'NONE',  ( 0.9699999999999986411, 2.503095591693260680, -0.4386548162824549513 ) ) ;
#4772 = ORIENTED_EDGE ( 'NONE', *, *, #799, .F. ) ;
#4773 = DIRECTION ( 'NONE',  ( -6.647611627454597566E-16, -0.5251986009926824517, 0.8509796880744741054 ) ) ;
#4774 = DIRECTION ( 'NONE',  ( 0.000000000000000000, -1.000000000000000000, 3.497202527569185121E-15 ) ) ;
#4775 = EDGE_LOOP ( 'NONE', ( #653, #1186, #6464, #5692 ) ) ;
#4776 = DIRECTION ( 'NONE',  ( 0.000000000000000000, 1.000000000000000000, 0.000000000000000000 ) ) ;
#4777 = AXIS2_PLACEMENT_3D ( 'NONE', #5391, #1624, #6866 ) ;
#4778 = ADVANCED_FACE ( 'NONE', ( #5981 ), #2835, .F. ) ;
#4779 = CARTESIAN_POINT ( 'NONE',  ( 0.9843342201063809416, 2.483264967316822780, -0.4580349378334735988 ) ) ;
#4780 = CARTESIAN_POINT ( 'NONE',  ( 2.470000000000027729, -2.131491219643871560, -1.343750381945146843 ) ) ;
#4781 = PLANE ( 'NONE',  #135 ) ;
#4782 = EDGE_CURVE ( 'NONE', #7526, #1086, #3373, .T. ) ;
#4783 = VECTOR ( 'NONE', #4854, 1000.000000000000000 ) ;
#4784 = DIRECTION ( 'NONE',  ( -2.208597309011112295E-16, 0.8660254037844387076, 0.4999999999999998890 ) ) ;
#4785 = LINE ( 'NONE', #1802, #6618 ) ;
#4786 = LINE ( 'NONE', #2219, #6606 ) ;
#4787 = VERTEX_POINT ( 'NONE', #2136 ) ;
#4788 = FACE_OUTER_BOUND ( 'NONE', #5892, .T. ) ;
#4789 =( GEOMETRIC_REPRESENTATION_CONTEXT ( 3 ) GLOBAL_UNCERTAINTY_ASSIGNED_CONTEXT ( ( #2749 ) ) GLOBAL_UNIT_ASSIGNED_CONTEXT ( ( #3759, #4960, #5054 ) ) REPRESENTATION_CONTEXT ( 'NONE', 'WORKASPACE' ) );
#4790 = DIRECTION ( 'NONE',  ( 6.162975822039154730E-33, 1.000000000000000000, 0.000000000000000000 ) ) ;
#4791 = CARTESIAN_POINT ( 'NONE',  ( 0.9699999999999986411, 2.466494824628989946, -0.2095089610752998155 ) ) ;
#4792 = CARTESIAN_POINT ( 'NONE',  ( 0.9843342201064364527, 2.523629592551174028, 0.1250508761553026371 ) ) ;
#4793 = EDGE_LOOP ( 'NONE', ( #7707, #4565, #7157, #2665 ) ) ;
#4794 = FACE_OUTER_BOUND ( 'NONE', #98, .T. ) ;
#4795 = ORIENTED_EDGE ( 'NONE', *, *, #2694, .T. ) ;
#4796 = ORIENTED_EDGE ( 'NONE', *, *, #5313, .T. ) ;
#4797 = DIRECTION ( 'NONE',  ( 0.000000000000000000, 1.000000000000000000, 0.000000000000000000 ) ) ;
#4798 =( NAMED_UNIT ( * ) SI_UNIT ( $, .STERADIAN. ) SOLID_ANGLE_UNIT ( ) );
#4799 = CARTESIAN_POINT ( 'NONE',  ( 1.624750000000005024, -1.390940443400522585E-13, 3.175000000000168132 ) ) ;
#4800 = EDGE_CURVE ( 'NONE', #162, #5012, #2214, .T. ) ;
#4801 = CARTESIAN_POINT ( 'NONE',  ( 0.9843342201064364527, 2.362123067768146178, 0.1402156209749927385 ) ) ;
#4802 = ORIENTED_EDGE ( 'NONE', *, *, #7442, .F. ) ;
#4803 = VERTEX_POINT ( 'NONE', #4658 ) ;
#4804 = DIRECTION ( 'NONE',  ( 2.834271818172938556E-16, -0.8971293181887268764, -0.4417680233405649748 ) ) ;
#4805 = CARTESIAN_POINT ( 'NONE',  ( 120.0000000000000284, -1.199999999999999956, 5.000000000000031974 ) ) ;
#4806 = CARTESIAN_POINT ( 'NONE',  ( 0.9700000000000541522, 2.523629592550951983, 0.2969646181048418709 ) ) ;
#4807 = DIRECTION ( 'NONE',  ( -6.845769268624692740E-16, 5.551115123125739315E-16, 1.000000000000000000 ) ) ;
#4808 = ORIENTED_EDGE ( 'NONE', *, *, #2598, .T. ) ;
#4809 = EDGE_CURVE ( 'NONE', #1499, #3045, #836, .T. ) ;
#4810 =( NAMED_UNIT ( * ) PLANE_ANGLE_UNIT ( ) SI_UNIT ( $, .RADIAN. ) );
#4811 = ORIENTED_EDGE ( 'NONE', *, *, #2199, .F. ) ;
#4812 = EDGE_CURVE ( 'NONE', #8098, #4343, #1440, .T. ) ;
#4813 = CARTESIAN_POINT ( 'NONE',  ( 0.4850000000000131983, -1.387778780781445676E-13, 1.804112415015879378E-13 ) ) ;
#4814 = CARTESIAN_POINT ( 'NONE',  ( 0.1119230769230907530, -5.572026907377945022E-14, 2.100000000000019629 ) ) ;
#4815 = DIRECTION ( 'NONE',  ( -5.450653880985233058E-16, 0.1293109790943751669, 0.9916040896878420829 ) ) ;
#4816 = CARTESIAN_POINT ( 'NONE',  ( 87.00000000000004263, -9.999999999999980460, 194.9099643838293616 ) ) ;
#4817 = EDGE_CURVE ( 'NONE', #673, #2858, #205, .T. ) ;
#4818 = LINE ( 'NONE', #1761, #6961 ) ;
#4819 = ORIENTED_EDGE ( 'NONE', *, *, #3212, .F. ) ;
#4820 = DIRECTION ( 'NONE',  ( 9.621326830187598882E-16, 2.220446049250292373E-16, -1.000000000000000000 ) ) ;
#4821 = EDGE_CURVE ( 'NONE', #297, #2883, #2336, .T. ) ;
#4822 = CARTESIAN_POINT ( 'NONE',  ( 2.470000000000055707, 1.886350574325429408, -1.316829575592329160 ) ) ;
#4823 = CARTESIAN_POINT ( 'NONE',  ( -37.53506594195680179, -2.199999999999999734, 7.347880794884117764E-17 ) ) ;
#4824 = ORIENTED_EDGE ( 'NONE', *, *, #2182, .F. ) ;
#4825 = LINE ( 'NONE', #6528, #7683 ) ;
#4826 = CARTESIAN_POINT ( 'NONE',  ( 2.469999999999972218, -1.792384863908286219, -0.8224983489919512891 ) ) ;
#4827 = CARTESIAN_POINT ( 'NONE',  ( 0.9843342201064364527, 2.483238627135203380, -0.4477264981799095045 ) ) ;
#4828 = CARTESIAN_POINT ( 'NONE',  ( 2.469999999999805684, -0.1043506507306668496, 2.345481331188059571 ) ) ;
#4829 = VERTEX_POINT ( 'NONE', #4816 ) ;
#4830 = CARTESIAN_POINT ( 'NONE',  ( 2.470000000000027729, 2.498001805406602216E-13, 1.492250000000305832 ) ) ;
#4831 = DIRECTION ( 'NONE',  ( 1.000000000000000000, 2.000187765493021278E-16, -7.400880780937300593E-16 ) ) ;
#4832 = EDGE_LOOP ( 'NONE', ( #6801, #1432, #7224, #1524 ) ) ;
#4833 = VERTEX_POINT ( 'NONE', #2383 ) ;
#4834 = LINE ( 'NONE', #4170, #6575 ) ;
#4835 = LINE ( 'NONE', #4921, #6063 ) ;
#4836 = VECTOR ( 'NONE', #3370, 1000.000000000000000 ) ;
#4837 = ORIENTED_EDGE ( 'NONE', *, *, #1587, .T. ) ;
#4838 = CARTESIAN_POINT ( 'NONE',  ( 0.000000000000000000, 0.000000000000000000, 180.0000000000000000 ) ) ;
#4839 = ORIENTED_EDGE ( 'NONE', *, *, #3663, .F. ) ;
#4840 = VECTOR ( 'NONE', #5046, 1000.000000000000000 ) ;
#4841 = ORIENTED_EDGE ( 'NONE', *, *, #5779, .F. ) ;
#4842 = PLANE ( 'NONE',  #1956 ) ;
#4843 = LINE ( 'NONE', #1181, #6484 ) ;
#4844 = CARTESIAN_POINT ( 'NONE',  ( 75.00000000000002842, -1.199999999999999956, 0.000000000000000000 ) ) ;
#4845 = CARTESIAN_POINT ( 'NONE',  ( 69.99999999999998579, -10.00000000000001421, -19.40996438382938294 ) ) ;
#4846 = VECTOR ( 'NONE', #4499, 999.9999999999998863 ) ;
#4847 = VERTEX_POINT ( 'NONE', #1639 ) ;
#4848 = FACE_OUTER_BOUND ( 'NONE', #7562, .T. ) ;
#4849 = PRESENTATION_STYLE_ASSIGNMENT (( #8001 ) ) ;
#4850 = ORIENTED_EDGE ( 'NONE', *, *, #3190, .F. ) ;
#4851 = CARTESIAN_POINT ( 'NONE',  ( 80.00000000000002842, -8.799999999999947420, 174.4099643838293616 ) ) ;
#4852 = PRODUCT_DEFINITION_SHAPE ( 'NONE', 'NONE',  #6417 ) ;
#4853 = LINE ( 'NONE', #6719, #7523 ) ;
#4854 = DIRECTION ( 'NONE',  ( -0.000000000000000000, 1.000000000000000000, -0.000000000000000000 ) ) ;
#4855 = DIRECTION ( 'NONE',  ( -6.845769268624692740E-16, 5.551115123125739315E-16, 1.000000000000000000 ) ) ;
#4856 = EDGE_CURVE ( 'NONE', #5074, #1477, #5015, .T. ) ;
#4857 = DIRECTION ( 'NONE',  ( 1.000000000000000000, 1.722632009336712421E-16, -4.625323219374409242E-16 ) ) ;
#4858 = VECTOR ( 'NONE', #3204, 1000.000000000000000 ) ;
#4859 = VERTEX_POINT ( 'NONE', #3584 ) ;
#4860 = CARTESIAN_POINT ( 'NONE',  ( 69.99999999999998579, -8.800000000000013145, -19.40996438382937939 ) ) ;
#4861 = DIRECTION ( 'NONE',  ( 0.000000000000000000, 0.000000000000000000, 1.000000000000000000 ) ) ;
#4862 = DIRECTION ( 'NONE',  ( 0.000000000000000000, 0.3420201433256661039, 0.9396926207859094271 ) ) ;
#4863 = ORIENTED_EDGE ( 'NONE', *, *, #5128, .T. ) ;
#4864 = EDGE_CURVE ( 'NONE', #4609, #7776, #1797, .T. ) ;
#4865 = PLANE ( 'NONE',  #2020 ) ;
#4866 = VECTOR ( 'NONE', #5746, 1000.000000000000000 ) ;
#4867 = AXIS2_PLACEMENT_3D ( 'NONE', #4686, #5889, #4059 ) ;
#4868 = EDGE_CURVE ( 'NONE', #5638, #7067, #4192, .T. ) ;
#4869 = EDGE_CURVE ( 'NONE', #5594, #1950, #3536, .T. ) ;
#4870 = VECTOR ( 'NONE', #5548, 1000.000000000000227 ) ;
#4871 = SURFACE_STYLE_USAGE ( .BOTH. , #6240 ) ;
#4872 = DIRECTION ( 'NONE',  ( -0.000000000000000000, 1.000000000000000000, -0.000000000000000000 ) ) ;
#4873 = ORIENTED_EDGE ( 'NONE', *, *, #2337, .T. ) ;
#4874 = ADVANCED_FACE ( 'NONE', ( #3040 ), #4781, .F. ) ;
#4875 = ORIENTED_EDGE ( 'NONE', *, *, #1732, .T. ) ;
#4876 = EDGE_CURVE ( 'NONE', #4209, #3328, #2999, .T. ) ;
#4877 = VECTOR ( 'NONE', #7098, 1000.000000000000000 ) ;
#4878 = DIRECTION ( 'NONE',  ( -0.000000000000000000, 1.000000000000000000, -0.000000000000000000 ) ) ;
#4879 = AXIS2_PLACEMENT_3D ( 'NONE', #1729, #7981, #2310 ) ;
#4880 = ORIENTED_EDGE ( 'NONE', *, *, #337, .F. ) ;
#4881 = DIRECTION ( 'NONE',  ( -5.788261997329872229E-16, 0.5500539575626259836, 0.8351291180228915811 ) ) ;
#4882 = ORIENTED_EDGE ( 'NONE', *, *, #3089, .T. ) ;
#4883 = CIRCLE ( 'NONE', #5943, 2.199999999999999289 ) ;
#4884 = AXIS2_PLACEMENT_3D ( 'NONE', #3444, #2705, #5968 ) ;
#4885 = VERTEX_POINT ( 'NONE', #7421 ) ;
#4886 = DIRECTION ( 'NONE',  ( -4.645108056928707144E-16, 0.6322109769216976982, 0.7747962833285356732 ) ) ;
#4887 = CARTESIAN_POINT ( 'NONE',  ( 0.9843342201064364527, 2.125255814197646309, -0.05453024012823382005 ) ) ;
#4888 = DIRECTION ( 'NONE',  ( 6.845769268624692740E-16, -5.551115123125739315E-16, -1.000000000000000000 ) ) ;
#4889 = PLANE ( 'NONE',  #6587 ) ;
#4890 = VECTOR ( 'NONE', #1121, 1000.000000000000114 ) ;
#4891 = ORIENTED_EDGE ( 'NONE', *, *, #1493, .F. ) ;
#4892 = EDGE_LOOP ( 'NONE', ( #1399, #7059, #7974, #6807 ) ) ;
#4893 = ORIENTED_EDGE ( 'NONE', *, *, #640, .F. ) ;
#4894 = CARTESIAN_POINT ( 'NONE',  ( 7.000000000000000000, -8.800000000000002487, -12.40996438382937939 ) ) ;
#4895 = LINE ( 'NONE', #1715, #6206 ) ;
#4896 = VECTOR ( 'NONE', #608, 1000.000000000000000 ) ;
#4897 = FACE_OUTER_BOUND ( 'NONE', #740, .T. ) ;
#4898 = LINE ( 'NONE', #2430, #1062 ) ;
#4899 = VECTOR ( 'NONE', #3897, 999.9999999999998863 ) ;
#4900 = ORIENTED_EDGE ( 'NONE', *, *, #1486, .F. ) ;
#4901 = CARTESIAN_POINT ( 'NONE',  ( 0.9699999999999986411, 2.280059657659233352, -0.01773143027100632096 ) ) ;
#4902 = EDGE_LOOP ( 'NONE', ( #1736, #5274, #6596, #5049 ) ) ;
#4903 = CARTESIAN_POINT ( 'NONE',  ( 120.0000000000000284, -8.799999999999947420, 185.4436021838136242 ) ) ;
#4904 = LINE ( 'NONE', #7304, #3845 ) ;
#4905 = DIRECTION ( 'NONE',  ( -1.445076253180192051E-16, -1.000000000000000000, 2.553512956637819811E-15 ) ) ;
#4906 = EDGE_CURVE ( 'NONE', #3899, #6774, #6183, .T. ) ;
#4907 = ORIENTED_EDGE ( 'NONE', *, *, #2384, .F. ) ;
#4908 = DIRECTION ( 'NONE',  ( 1.167520497023887139E-16, 1.000000000000000000, -2.886579864025370323E-15 ) ) ;
#4909 = VECTOR ( 'NONE', #2932, 1000.000000000000000 ) ;
#4910 = ADVANCED_FACE ( 'NONE', ( #5565 ), #4278, .F. ) ;
#4911 = VECTOR ( 'NONE', #3039, 999.9999999999998863 ) ;
#4912 = DIRECTION ( 'NONE',  ( 0.000000000000000000, 0.000000000000000000, 1.000000000000000000 ) ) ;
#4913 = LINE ( 'NONE', #3719, #409 ) ;
#4914 = EDGE_CURVE ( 'NONE', #6699, #3327, #1759, .T. ) ;
#4915 = ORIENTED_EDGE ( 'NONE', *, *, #8123, .F. ) ;
#4916 = ADVANCED_FACE ( 'NONE', ( #3083 ), #5605, .F. ) ;
#4917 = DIRECTION ( 'NONE',  ( 1.000000000000000000, 2.000187765493021278E-16, -7.400880780937300593E-16 ) ) ;
#4918 = ORIENTED_EDGE ( 'NONE', *, *, #893, .T. ) ;
#4919 = CARTESIAN_POINT ( 'NONE',  ( 110.0000000000000568, 0.000000000000000000, 169.9999999999999716 ) ) ;
#4920 = AXIS2_PLACEMENT_3D ( 'NONE', #3113, #8170, #5020 ) ;
#4921 = CARTESIAN_POINT ( 'NONE',  ( 0.9699999999999986411, 2.463272841927099943, -0.4324412773113461839 ) ) ;
#4922 = EDGE_CURVE ( 'NONE', #7632, #1918, #4898, .T. ) ;
#4923 = CONTEXT_DEPENDENT_SHAPE_REPRESENTATION ( #5875, #8030 ) ;
#4924 = ORIENTED_EDGE ( 'NONE', *, *, #1601, .F. ) ;
#4925 = CARTESIAN_POINT ( 'NONE',  ( 0.9700000000000541522, 1.777399554396486003, 0.1634373442320619096 ) ) ;
#4926 = CARTESIAN_POINT ( 'NONE',  ( 0.9699999999999986411, 2.189010124965001580, -0.2087363466107827747 ) ) ;
#4927 = ORIENTED_EDGE ( 'NONE', *, *, #2075, .F. ) ;
#4928 = EDGE_CURVE ( 'NONE', #1125, #6101, #7300, .T. ) ;
#4929 = ORIENTED_EDGE ( 'NONE', *, *, #1977, .F. ) ;
#4930 = DIRECTION ( 'NONE',  ( 1.431041851435017208E-16, 0.9999982027861449296, 0.001895896748269591033 ) ) ;
#4931 = CARTESIAN_POINT ( 'NONE',  ( 1.387778780781445044E-14, -10.00000000000002309, 95.44360218381362415 ) ) ;
#4932 = FACE_OUTER_BOUND ( 'NONE', #4221, .T. ) ;
#4933 = DIRECTION ( 'NONE',  ( -1.445076253180178246E-16, -1.000000000000000000, 5.551115123125738329E-16 ) ) ;
#4934 = EDGE_LOOP ( 'NONE', ( #3676, #5466 ) ) ;
#4935 = VERTEX_POINT ( 'NONE', #1195 ) ;
#4936 = ORIENTED_EDGE ( 'NONE', *, *, #1203, .F. ) ;
#4937 = LINE ( 'NONE', #6102, #2704 ) ;
#4938 = DIRECTION ( 'NONE',  ( 1.000000000000000000, 2.000187765493029413E-16, 6.845769268624692740E-16 ) ) ;
#4939 = DIRECTION ( 'NONE',  ( -4.619824724853993812E-16, -0.8660254037844352659, 0.5000000000000058842 ) ) ;
#4940 = DIRECTION ( 'NONE',  ( -1.445076253180178246E-16, -1.000000000000000000, 5.551115123125738329E-16 ) ) ;
#4941 = ORIENTED_EDGE ( 'NONE', *, *, #7494, .T. ) ;
#4942 = ORIENTED_EDGE ( 'NONE', *, *, #5377, .T. ) ;
#4943 = PLANE ( 'NONE',  #6435 ) ;
#4944 = CARTESIAN_POINT ( 'NONE',  ( 0.9699999999999986411, 2.377886409619334174, 0.2473798272546595678 ) ) ;
#4945 = DIRECTION ( 'NONE',  ( -4.524142337153980128E-16, 0.3803437133060071362, 0.9248452085341621887 ) ) ;
#4946 = ORIENTED_EDGE ( 'NONE', *, *, #4164, .T. ) ;
#4947 = DIRECTION ( 'NONE',  ( 6.845769268624693726E-16, -5.551115123125739315E-16, -1.000000000000000000 ) ) ;
#4948 = PLANE ( 'NONE',  #924 ) ;
#4949 = CLOSED_SHELL ( 'NONE', ( #4000, #7604, #4916, #2193, #3787, #4467, #6122, #440, #5576, #3618 ) ) ;
#4950 = EDGE_CURVE ( 'NONE', #4187, #4709, #6226, .T. ) ;
#4951 = DIRECTION ( 'NONE',  ( -0.000000000000000000, 1.000000000000000000, -0.000000000000000000 ) ) ;
#4952 = DIRECTION ( 'NONE',  ( -1.000000000000000000, -2.000187765493021278E-16, 7.400880780937300593E-16 ) ) ;
#4953 = LINE ( 'NONE', #2480, #3322 ) ;
#4954 = ORIENTED_EDGE ( 'NONE', *, *, #4108, .T. ) ;
#4955 = FACE_OUTER_BOUND ( 'NONE', #6555, .T. ) ;
#4956 = VERTEX_POINT ( 'NONE', #452 ) ;
#4957 = CARTESIAN_POINT ( 'NONE',  ( 2.470000000000055707, 1.590464268307195672, -1.172235079669542435 ) ) ;
#4958 = PLANE ( 'NONE',  #524 ) ;
#4959 = EDGE_CURVE ( 'NONE', #4365, #139, #2964, .T. ) ;
#4960 =( NAMED_UNIT ( * ) PLANE_ANGLE_UNIT ( ) SI_UNIT ( $, .RADIAN. ) );
#4961 = ORIENTED_EDGE ( 'NONE', *, *, #4045, .T. ) ;
#4962 = DIRECTION ( 'NONE',  ( -6.389032458023217278E-16, -0.6363211713181708973, 0.7714242457508521111 ) ) ;
#4963 = FACE_OUTER_BOUND ( 'NONE', #2287, .T. ) ;
#4964 = ORIENTED_EDGE ( 'NONE', *, *, #4368, .T. ) ;
#4965 = ORIENTED_EDGE ( 'NONE', *, *, #7488, .T. ) ;
#4966 = DIRECTION ( 'NONE',  ( 1.000000000000000000, 1.722632009336712421E-16, -4.625323219374409242E-16 ) ) ;
#4967 = ADVANCED_FACE ( 'NONE', ( #6767 ), #408, .T. ) ;
#4968 = DIRECTION ( 'NONE',  ( -4.992923249690979017E-16, 0.5000000000000058842, 0.8660254037844352659 ) ) ;
#4969 = AXIS2_PLACEMENT_3D ( 'NONE', #5234, #7756, #7295 ) ;
#4970 = FACE_OUTER_BOUND ( 'NONE', #6399, .T. ) ;
#4971 = DIRECTION ( 'NONE',  ( 4.992923249691015501E-16, -0.4999999999999992228, -0.8660254037844391517 ) ) ;
#4972 = EDGE_CURVE ( 'NONE', #3385, #7055, #8007, .T. ) ;
#4973 = ADVANCED_FACE ( 'NONE', ( #6209 ), #1262, .F. ) ;
#4974 = CARTESIAN_POINT ( 'NONE',  ( 110.0000000000000426, 0.000000000000000000, 55.96194077712566894 ) ) ;
#4975 = ORIENTED_EDGE ( 'NONE', *, *, #6487, .T. ) ;
#4976 = VECTOR ( 'NONE', #2255, 1000.000000000000000 ) ;
#4977 = EDGE_LOOP ( 'NONE', ( #1562, #684, #3735, #5957 ) ) ;
#4978 = EDGE_LOOP ( 'NONE', ( #2740, #2994, #7137, #4580 ) ) ;
#4979 = CARTESIAN_POINT ( 'NONE',  ( 0.9699999999999986411, 2.463351944705066465, -0.4568993438546498087 ) ) ;
#4980 = CARTESIAN_POINT ( 'NONE',  ( 0.9843342201064364527, 2.273044490338632428, 0.1765801039627645785 ) ) ;
#4981 = EDGE_CURVE ( 'NONE', #5463, #3747, #1820, .T. ) ;
#4982 = DIRECTION ( 'NONE',  ( 1.000000000000000000, 0.000000000000000000, -1.387778780781444936E-16 ) ) ;
#4983 = FACE_OUTER_BOUND ( 'NONE', #3720, .T. ) ;
#4984 = VECTOR ( 'NONE', #2916, 1000.000000000000000 ) ;
#4985 = ORIENTED_EDGE ( 'NONE', *, *, #3797, .F. ) ;
#4986 = ORIENTED_EDGE ( 'NONE', *, *, #1572, .F. ) ;
#4987 = VERTEX_POINT ( 'NONE', #5056 ) ;
#4988 = DIRECTION ( 'NONE',  ( 0.000000000000000000, 1.000000000000000000, 0.000000000000000000 ) ) ;
#4989 = CARTESIAN_POINT ( 'NONE',  ( 120.0000000000000284, -1.199999999999999956, 5.000000000000031974 ) ) ;
#4990 = VECTOR ( 'NONE', #2046, 1000.000000000000000 ) ;
#4991 = CARTESIAN_POINT ( 'NONE',  ( 0.9699999999999986411, 2.491505769002783310, -0.4649539812291714203 ) ) ;
#4992 = EDGE_LOOP ( 'NONE', ( #6042, #2368, #557, #3531 ) ) ;
#4993 = CARTESIAN_POINT ( 'NONE',  ( 2.199500000017451828, -1.229499999965494084, 2.679777788554669874E-13 ) ) ;
#4994 = CARTESIAN_POINT ( 'NONE',  ( 0.9699999999999986411, 2.482780464277939636, -0.4324412773114849617 ) ) ;
#4995 = PRODUCT_DEFINITION_SHAPE ( 'NONE', 'NONE',  #8178 ) ;
#4996 = VECTOR ( 'NONE', #7628, 1000.000000000000227 ) ;
#4997 = LINE ( 'NONE', #8146, #1805 ) ;
#4998 = CARTESIAN_POINT ( 'NONE',  ( 5.689893860666012860E-11, 1.499999999964547248, -5.062106771362056233E-15 ) ) ;
#4999 = LINE ( 'NONE', #500, #3957 ) ;
#5000 = VERTEX_POINT ( 'NONE', #3800 ) ;
#5001 = AXIS2_PLACEMENT_3D ( 'NONE', #6383, #2617, #7664 ) ;
#5002 = ORIENTED_EDGE ( 'NONE', *, *, #7302, .T. ) ;
#5003 = CARTESIAN_POINT ( 'NONE',  ( 115.0000000000000142, -9.999999999999980460, 199.4099643838293616 ) ) ;
#5004 = DIRECTION ( 'NONE',  ( 1.344989530423940433E-16, 0.9980805391703134744, -0.06192929298398618110 ) ) ;
#5005 = VECTOR ( 'NONE', #2522, 1000.000000000000000 ) ;
#5006 = AXIS2_PLACEMENT_3D ( 'NONE', #3101, #7031, #6247 ) ;
#5007 = CONTEXT_DEPENDENT_SHAPE_REPRESENTATION ( #7408, #5514 ) ;
#5008 = ORIENTED_EDGE ( 'NONE', *, *, #4376, .F. ) ;
#5009 = CARTESIAN_POINT ( 'NONE',  ( 0.9699999999999986411, 2.478099059916527569, -0.4493755085220041412 ) ) ;
#5010 = FACE_OUTER_BOUND ( 'NONE', #7008, .T. ) ;
#5011 = VERTEX_POINT ( 'NONE', #4263 ) ;
#5012 = VERTEX_POINT ( 'NONE', #4387 ) ;
#5013 = CARTESIAN_POINT ( 'NONE',  ( 2.279499999986056569, -1.387778780781445676E-13, 2.220446049250313081E-13 ) ) ;
#5014 = EDGE_CURVE ( 'NONE', #4253, #2321, #8028, .T. ) ;
#5015 = CIRCLE ( 'NONE', #4216, 1.000000000000000888 ) ;
#5016 = AXIS2_PLACEMENT_3D ( 'NONE', #1494, #7221, #1565 ) ;
#5017 = CARTESIAN_POINT ( 'NONE',  ( -4.622231866529366047E-30, -1.200000000000005285, 0.000000000000000000 ) ) ;
#5018 = CARTESIAN_POINT ( 'NONE',  ( 0.9700000000000541522, 2.421942635116247633, 0.2887058138483639125 ) ) ;
#5019 = CARTESIAN_POINT ( 'NONE',  ( 2.450950000000007289, -1.857789974495593910, -0.7092133743810680180 ) ) ;
#5020 = DIRECTION ( 'NONE',  ( 0.000000000000000000, 0.000000000000000000, -1.000000000000000000 ) ) ;
#5021 = VECTOR ( 'NONE', #4131, 1000.000000000000000 ) ;
#5022 = ORIENTED_EDGE ( 'NONE', *, *, #528, .T. ) ;
#5023 = EDGE_CURVE ( 'NONE', #3858, #4442, #7448, .T. ) ;
#5024 = AXIS2_PLACEMENT_3D ( 'NONE', #2247, #1257, #353 ) ;
#5025 = ORIENTED_EDGE ( 'NONE', *, *, #4376, .T. ) ;
#5026 = VERTEX_POINT ( 'NONE', #2489 ) ;
#5027 = DIRECTION ( 'NONE',  ( 1.000000000000000000, 2.000187765493021278E-16, -7.400880780937300593E-16 ) ) ;
#5028 = ADVANCED_FACE ( 'NONE', ( #6250 ), #2414, .T. ) ;
#5029 = CARTESIAN_POINT ( 'NONE',  ( 25.00000000000001776, -8.142020143325686021, 94.50390956302773304 ) ) ;
#5030 = EDGE_CURVE ( 'NONE', #3979, #5836, #8081, .T. ) ;
#5031 = CARTESIAN_POINT ( 'NONE',  ( 2.470000000000027729, -2.131491219643871560, -1.343750381945146843 ) ) ;
#5032 = DIRECTION ( 'NONE',  ( 0.000000000000000000, 0.000000000000000000, 1.000000000000000000 ) ) ;
#5033 = VECTOR ( 'NONE', #4600, 1000.000000000000000 ) ;
#5034 = EDGE_LOOP ( 'NONE', ( #2015, #6547, #7556, #4025 ) ) ;
#5035 = EDGE_CURVE ( 'NONE', #2542, #4652, #6787, .T. ) ;
#5036 = VERTEX_POINT ( 'NONE', #1908 ) ;
#5037 = ORIENTED_EDGE ( 'NONE', *, *, #4099, .F. ) ;
#5038 = VECTOR ( 'NONE', #5674, 1000.000000000000000 ) ;
#5039 = CARTESIAN_POINT ( 'NONE',  ( 2.470000000000055707, 2.133761685484680815, -1.138599379414545476 ) ) ;
#5040 = LINE ( 'NONE', #6192, #2782 ) ;
#5041 = ORIENTED_EDGE ( 'NONE', *, *, #3705, .F. ) ;
#5042 = ADVANCED_FACE ( 'NONE', ( #4963 ), #3068, .F. ) ;
#5043 = APPLICATION_CONTEXT ( 'automotive_design' ) ;
#5044 = DIRECTION ( 'NONE',  ( 2.221955777182279408E-17, -0.9829615588623963340, -0.1838112450281748356 ) ) ;
#5045 = VECTOR ( 'NONE', #4556, 1000.000000000000114 ) ;
#5046 = DIRECTION ( 'NONE',  ( -1.000000000000000000, -2.000187765493021278E-16, 7.400880780937300593E-16 ) ) ;
#5047 = PLANE ( 'NONE',  #773 ) ;
#5048 = DIRECTION ( 'NONE',  ( -1.000000000000000000, -0.000000000000000000, -0.000000000000000000 ) ) ;
#5049 = ORIENTED_EDGE ( 'NONE', *, *, #2706, .T. ) ;
#5050 = AXIS2_PLACEMENT_3D ( 'NONE', #5787, #5177, #63 ) ;
#5051 = ORIENTED_EDGE ( 'NONE', *, *, #2188, .T. ) ;
#5052 = PLANE ( 'NONE',  #4481 ) ;
#5053 = AXIS2_PLACEMENT_3D ( 'NONE', #1480, #3416, #2213 ) ;
#5054 =( NAMED_UNIT ( * ) SI_UNIT ( $, .STERADIAN. ) SOLID_ANGLE_UNIT ( ) );
#5055 = ORIENTED_EDGE ( 'NONE', *, *, #2002, .F. ) ;
#5056 = CARTESIAN_POINT ( 'NONE',  ( 0.9843342201064919639, 2.523629592550979961, 0.2969646181048141154 ) ) ;
#5057 = EDGE_LOOP ( 'NONE', ( #1879, #7678, #5669, #3262 ) ) ;
#5058 = ORIENTED_EDGE ( 'NONE', *, *, #5508, .T. ) ;
#5059 = LINE ( 'NONE', #1180, #359 ) ;
#5060 = AXIS2_PLACEMENT_3D ( 'NONE', #2038, #7077, #5880 ) ;
#5061 = LINE ( 'NONE', #7580, #7540 ) ;
#5062 = FACE_OUTER_BOUND ( 'NONE', #4406, .T. ) ;
#5063 = EDGE_CURVE ( 'NONE', #2365, #382, #603, .T. ) ;
#5064 = DIRECTION ( 'NONE',  ( 5.914598533337641276E-16, 0.7693245073750160090, -0.6388582020700594999 ) ) ;
#5065 = EDGE_LOOP ( 'NONE', ( #3539, #3155, #4536, #4381 ) ) ;
#5066 = VERTEX_POINT ( 'NONE', #508 ) ;
#5067 = VERTEX_POINT ( 'NONE', #4340 ) ;
#5068 = CARTESIAN_POINT ( 'NONE',  ( 0.9843342201064364527, 2.464945227416554197, -0.4660929883733982981 ) ) ;
#5069 = CARTESIAN_POINT ( 'NONE',  ( 0.9700000000000541522, 2.376531825819094834, 0.1404954249514256404 ) ) ;
#5070 = PLANE ( 'NONE',  #7357 ) ;
#5071 = DIRECTION ( 'NONE',  ( 1.131409647180080362E-16, 0.9999881098214298270, 0.004876496258989318835 ) ) ;
#5072 = EDGE_CURVE ( 'NONE', #8150, #105, #3022, .T. ) ;
#5073 = EDGE_CURVE ( 'NONE', #27, #7624, #8120, .T. ) ;
#5074 = VERTEX_POINT ( 'NONE', #5668 ) ;
#5075 = ORIENTED_EDGE ( 'NONE', *, *, #7375, .F. ) ;
#5076 = ORIENTED_EDGE ( 'NONE', *, *, #4664, .T. ) ;
#5077 = CARTESIAN_POINT ( 'NONE',  ( 7.000000000000000000, -10.00000000000001421, -14.90996438382937761 ) ) ;
#5078 = ORIENTED_EDGE ( 'NONE', *, *, #86, .F. ) ;
#5079 = CARTESIAN_POINT ( 'NONE',  ( 2.470000000000027729, -1.857789974495566154, -0.7092133743810125068 ) ) ;
#5080 = CARTESIAN_POINT ( 'NONE',  ( 2.450949999999840756, 0.03232682635359584999, 2.417505155565331965 ) ) ;
#5081 = ADVANCED_FACE ( 'NONE', ( #681 ), #5710, .F. ) ;
#5082 = EDGE_CURVE ( 'NONE', #5463, #6949, #2450, .T. ) ;
#5083 = EDGE_CURVE ( 'NONE', #1966, #5825, #62, .T. ) ;
#5084 = DIRECTION ( 'NONE',  ( -6.715555259027492743E-16, -0.4999999999999877320, 0.8660254037844457020 ) ) ;
#5085 = DIRECTION ( 'NONE',  ( 0.000000000000000000, 1.000000000000000000, 0.000000000000000000 ) ) ;
#5086 = VERTEX_POINT ( 'NONE', #5250 ) ;
#5087 = DIRECTION ( 'NONE',  ( 0.000000000000000000, 0.000000000000000000, 1.000000000000000000 ) ) ;
#5088 = ORIENTED_EDGE ( 'NONE', *, *, #5940, .F. ) ;
#5089 = DIRECTION ( 'NONE',  ( -1.445076253180192051E-16, -1.000000000000000000, 2.553512956637819811E-15 ) ) ;
#5090 = CARTESIAN_POINT ( 'NONE',  ( 110.0000000000000426, -1.224646799147322569E-18, 53.85194077712566951 ) ) ;
#5091 = DIRECTION ( 'NONE',  ( -4.657749217521145443E-19, -1.000000000000000000, -1.836964293708888604E-16 ) ) ;
#5092 = ORIENTED_EDGE ( 'NONE', *, *, #4809, .T. ) ;
#5093 = DIRECTION ( 'NONE',  ( -0.000000000000000000, -0.000000000000000000, 1.000000000000000000 ) ) ;
#5094 = ORIENTED_EDGE ( 'NONE', *, *, #3756, .T. ) ;
#5095 = ORIENTED_EDGE ( 'NONE', *, *, #4154, .T. ) ;
#5096 = CARTESIAN_POINT ( 'NONE',  ( 0.9700000000000541522, 2.314590793894927501, 0.2895770477463893711 ) ) ;
#5097 = PLANE ( 'NONE',  #2655 ) ;
#5098 = CARTESIAN_POINT ( 'NONE',  ( 25.00000000000001066, 0.000000000000000000, 90.00000000000000000 ) ) ;
#5099 = CARTESIAN_POINT ( 'NONE',  ( 2.450949999999951778, -1.608496896752464878, -1.141001651006931628 ) ) ;
#5100 = DIRECTION ( 'NONE',  ( 5.882887990558569132E-16, 0.4999999999999927280, -0.8660254037844428154 ) ) ;
#5101 = ORIENTED_EDGE ( 'NONE', *, *, #5063, .T. ) ;
#5102 = ORIENTED_EDGE ( 'NONE', *, *, #2744, .F. ) ;
#5103 = AXIS2_PLACEMENT_3D ( 'NONE', #8017, #2348, #5530 ) ;
#5104 = CARTESIAN_POINT ( 'NONE',  ( 113.0000000000000284, -9.999999999999980460, 194.9099643838293616 ) ) ;
#5105 = DIRECTION ( 'NONE',  ( -7.498798913309289408E-33, 0.3420201433256660484, -0.9396926207859094271 ) ) ;
#5106 = CARTESIAN_POINT ( 'NONE',  ( 80.00000000000002842, -9.999999999999994671, 185.4436021838136242 ) ) ;
#5107 = PRODUCT_RELATED_PRODUCT_CATEGORY ( 'part', '', ( #3606 ) ) ;
#5108 = LINE ( 'NONE', #3240, #5396 ) ;
#5109 = CONICAL_SURFACE ( 'NONE', #8021, 2.099999999984467181, 0.1332267516750969827 ) ;
#5110 = ORIENTED_EDGE ( 'NONE', *, *, #7343, .T. ) ;
#5111 = ORIENTED_EDGE ( 'NONE', *, *, #4704, .F. ) ;
#5112 = ORIENTED_EDGE ( 'NONE', *, *, #4972, .T. ) ;
#5113 = DIRECTION ( 'NONE',  ( 0.7071067811865436870, -0.000000000000000000, -0.7071067811865513475 ) ) ;
#5114 = ORIENTED_EDGE ( 'NONE', *, *, #2954, .F. ) ;
#5115 = VECTOR ( 'NONE', #959, 1000.000000000000114 ) ;
#5116 = DIRECTION ( 'NONE',  ( 1.000000000000000000, 2.000187765493021278E-16, -7.400880780937300593E-16 ) ) ;
#5117 = DIRECTION ( 'NONE',  ( 1.167520497023887139E-16, 1.000000000000000000, -2.886579864025370323E-15 ) ) ;
#5118 = EDGE_CURVE ( 'NONE', #1608, #8159, #2370, .T. ) ;
#5119 = DIRECTION ( 'NONE',  ( -9.680376540120748537E-16, -2.220446049250292373E-16, 1.000000000000000000 ) ) ;
#5120 = VECTOR ( 'NONE', #4724, 1000.000000000000000 ) ;
#5121 = ORIENTED_EDGE ( 'NONE', *, *, #1739, .F. ) ;
#5122 = EDGE_CURVE ( 'NONE', #2501, #2915, #1458, .T. ) ;
#5123 = PLANE ( 'NONE',  #4621 ) ;
#5124 = VERTEX_POINT ( 'NONE', #6411 ) ;
#5125 = CARTESIAN_POINT ( 'NONE',  ( 0.9843342201064919639, 1.975537752030132044, -0.3268890226827969592 ) ) ;
#5126 = EDGE_LOOP ( 'NONE', ( #5796, #7583, #4313, #7943 ) ) ;
#5127 = DIRECTION ( 'NONE',  ( 0.000000000000000000, 0.000000000000000000, 1.000000000000000000 ) ) ;
#5128 = EDGE_CURVE ( 'NONE', #1046, #6064, #3969, .T. ) ;
#5129 = EDGE_CURVE ( 'NONE', #6447, #5358, #5749, .T. ) ;
#5130 = VECTOR ( 'NONE', #1127, 1000.000000000000114 ) ;
#5131 = DIRECTION ( 'NONE',  ( -4.619824724853956341E-16, -0.8660254037844391517, 0.4999999999999992228 ) ) ;
#5132 = AXIS2_PLACEMENT_3D ( 'NONE', #8166, #3112, #1998 ) ;
#5133 = CARTESIAN_POINT ( 'NONE',  ( 2.450949999999951778, -1.825087419202175987, -0.7658558616864541424 ) ) ;
#5134 = DIRECTION ( 'NONE',  ( 6.038316523433158462E-16, 0.7714105483942460539, -0.6363377765197416602 ) ) ;
#5135 = VERTEX_POINT ( 'NONE', #809 ) ;
#5136 = ORIENTED_EDGE ( 'NONE', *, *, #4704, .T. ) ;
#5137 = CARTESIAN_POINT ( 'NONE',  ( 0.9700000000000541522, 2.411676466675976904, 0.2596360154718535540 ) ) ;
#5138 = ADVANCED_FACE ( 'NONE', ( #2727 ), #2690, .T. ) ;
#5139 = PLANE ( 'NONE',  #4634 ) ;
#5140 = CARTESIAN_POINT ( 'NONE',  ( 0.9700000000000541522, 2.033886628395681129, -0.3948934297112322023 ) ) ;
#5141 = VECTOR ( 'NONE', #7598, 1000.000000000000114 ) ;
#5142 = DIRECTION ( 'NONE',  ( -6.845769268624692740E-16, 5.551115123125739315E-16, 1.000000000000000000 ) ) ;
#5143 = VECTOR ( 'NONE', #4582, 1000.000000000000000 ) ;
#5144 = CARTESIAN_POINT ( 'NONE',  ( 18.07611844574883619, -1.224646799147322569E-18, 55.96194077712551262 ) ) ;
#5145 = VERTEX_POINT ( 'NONE', #4546 ) ;
#5146 = EDGE_LOOP ( 'NONE', ( #4808, #510, #5423, #6663 ) ) ;
#5147 = EDGE_LOOP ( 'NONE', ( #6941, #2482, #1263, #3044 ) ) ;
#5148 = VECTOR ( 'NONE', #21, 999.9999999999998863 ) ;
#5149 = CARTESIAN_POINT ( 'NONE',  ( 75.00000000000002842, -10.00000000000001421, -14.40996438382934386 ) ) ;
#5150 = CARTESIAN_POINT ( 'NONE',  ( 0.9700000000000541522, 2.440789267712156985, 0.1548669140297720404 ) ) ;
#5151 = LINE ( 'NONE', #5688, #2354 ) ;
#5152 = CARTESIAN_POINT ( 'NONE',  ( 1.387778780781445360E-14, -8.552444315316483525, 93.37627841808463813 ) ) ;
#5153 = VECTOR ( 'NONE', #2997, 1000.000000000000000 ) ;
#5154 = ORIENTED_EDGE ( 'NONE', *, *, #2897, .T. ) ;
#5155 = ORIENTED_EDGE ( 'NONE', *, *, #7298, .F. ) ;
#5156 = ORIENTED_EDGE ( 'NONE', *, *, #2237, .T. ) ;
#5157 = ORIENTED_EDGE ( 'NONE', *, *, #7969, .F. ) ;
#5158 = AXIS2_PLACEMENT_3D ( 'NONE', #2548, #5804, #154 ) ;
#5159 = CIRCLE ( 'NONE', #2760, 2.499999999999998668 ) ;
#5160 = CARTESIAN_POINT ( 'NONE',  ( 2.470000000000027729, 1.955864932623258001, -1.196427175165035273 ) ) ;
#5161 = LINE ( 'NONE', #165, #4071 ) ;
#5162 = VECTOR ( 'NONE', #1826, 1000.000000000000000 ) ;
#5163 = EDGE_CURVE ( 'NONE', #5195, #1477, #2031, .T. ) ;
#5164 = CARTESIAN_POINT ( 'NONE',  ( 0.9699999999999986411, 2.471054640734354990, -0.4415490844347086385 ) ) ;
#5165 = FACE_OUTER_BOUND ( 'NONE', #2653, .T. ) ;
#5166 = ORIENTED_EDGE ( 'NONE', *, *, #3148, .F. ) ;
#5167 = LINE ( 'NONE', #7689, #2801 ) ;
#5168 = ORIENTED_EDGE ( 'NONE', *, *, #3646, .F. ) ;
#5169 = CARTESIAN_POINT ( 'NONE',  ( 25.00000000000000355, 0.000000000000000000, 90.00000000000000000 ) ) ;
#5170 = CARTESIAN_POINT ( 'NONE',  ( 80.00000000000004263, -8.799999999999974065, 199.4099643838293616 ) ) ;
#5171 = EDGE_CURVE ( 'NONE', #4166, #6113, #851, .T. ) ;
#5172 = ADVANCED_FACE ( 'NONE', ( #7774 ), #7733, .F. ) ;
#5173 = EDGE_CURVE ( 'NONE', #704, #3870, #6375, .T. ) ;
#5174 = VECTOR ( 'NONE', #5134, 1000.000000000000000 ) ;
#5175 = ORIENTED_EDGE ( 'NONE', *, *, #4669, .F. ) ;
#5176 = DIRECTION ( 'NONE',  ( -1.000000000000000000, -5.216341918334362920E-16, 1.898593190028752471E-16 ) ) ;
#5177 = DIRECTION ( 'NONE',  ( 4.619824724853993812E-16, 0.8660254037844352659, -0.5000000000000058842 ) ) ;
#5178 = ORIENTED_EDGE ( 'NONE', *, *, #1037, .T. ) ;
#5179 = ORIENTED_EDGE ( 'NONE', *, *, #6389, .T. ) ;
#5180 = CARTESIAN_POINT ( 'NONE',  ( 0.9843342201064364527, 2.503720345611720965, -0.4496411351883611296 ) ) ;
#5181 = VECTOR ( 'NONE', #8, 1000.000000000000227 ) ;
#5182 = CARTESIAN_POINT ( 'NONE',  ( 0.1119230769230948053, -5.504485756091526254E-14, -2.100000000000019629 ) ) ;
#5183 = EDGE_CURVE ( 'NONE', #3576, #2861, #6498, .T. ) ;
#5184 = DIRECTION ( 'NONE',  ( 7.397930517279140045E-16, -0.001706393916729271329, -0.9999985441088405924 ) ) ;
#5185 = ADVANCED_FACE ( 'NONE', ( #4002 ), #1339, .T. ) ;
#5186 = ORIENTED_EDGE ( 'NONE', *, *, #3004, .F. ) ;
#5187 = DIRECTION ( 'NONE',  ( 0.000000000000000000, 1.000000000000000000, 0.000000000000000000 ) ) ;
#5188 = ORIENTED_EDGE ( 'NONE', *, *, #3794, .F. ) ;
#5189 = EDGE_LOOP ( 'NONE', ( #5653, #1926, #3644, #7072 ) ) ;
#5190 = VECTOR ( 'NONE', #2194, 1000.000000000000000 ) ;
#5191 = CARTESIAN_POINT ( 'NONE',  ( 113.0000000000000284, -8.800000000000002487, 192.4099643838293332 ) ) ;
#5192 = DIRECTION ( 'NONE',  ( 0.000000000000000000, 1.000000000000000000, 0.000000000000000000 ) ) ;
#5193 = DIRECTION ( 'NONE',  ( 6.845769268624693726E-16, -5.551115123125739315E-16, -1.000000000000000000 ) ) ;
#5194 = CARTESIAN_POINT ( 'NONE',  ( 80.00000000000002842, -7.799999999999994493, 185.4436021838136242 ) ) ;
#5195 = VERTEX_POINT ( 'NONE', #5912 ) ;
#5196 = ORIENTED_EDGE ( 'NONE', *, *, #6849, .F. ) ;
#5197 = ORIENTED_EDGE ( 'NONE', *, *, #4257, .F. ) ;
#5198 = DIRECTION ( 'NONE',  ( 1.000000000000000000, 0.000000000000000000, 0.000000000000000000 ) ) ;
#5199 = ORIENTED_EDGE ( 'NONE', *, *, #387, .F. ) ;
#5200 = DIRECTION ( 'NONE',  ( 0.000000000000000000, 0.000000000000000000, -1.000000000000000000 ) ) ;
#5201 = DIRECTION ( 'NONE',  ( -0.000000000000000000, 1.000000000000000000, -0.000000000000000000 ) ) ;
#5202 = DIRECTION ( 'NONE',  ( 3.882069932406776759E-16, 0.9313974768889483613, -0.3640037637784817592 ) ) ;
#5203 = CARTESIAN_POINT ( 'NONE',  ( 0.9843342201064364527, 2.219308366004063338, 0.01740461005328430844 ) ) ;
#5204 = ORIENTED_EDGE ( 'NONE', *, *, #5835, .T. ) ;
#5205 = CARTESIAN_POINT ( 'NONE',  ( 0.9699999999999986411, 2.125255814197590798, 0.03526031801394380327 ) ) ;
#5206 = ORIENTED_EDGE ( 'NONE', *, *, #6747, .F. ) ;
#5207 = CARTESIAN_POINT ( 'NONE',  ( 0.9700000000000541522, 2.216586297605488198, 0.2753454606553157324 ) ) ;
#5208 = ORIENTED_CLOSED_SHELL ( 'NONE', *, #3752, .F. );
#5209 = CARTESIAN_POINT ( 'NONE',  ( 0.9700000000000541522, 2.421942635116247633, 0.2887058138483639125 ) ) ;
#5210 = CLOSED_SHELL ( 'NONE', ( #1644, #6584, #4101, #2340, #5985, #7990, #178, #3953, #904, #4507, #227, #3962, #1441, #3093, #952, #2846, #6792, #481, #6379, #5592, #4528, #5925, #3867, #7231, #6856, #3098, #5722, #1539, #4562, #1197, #6530, #3153, #1596, #233, #1360, #630, #6643, #2248, #5366, #1103, #2048, #6178, #702, #37, #1852, #266, #5995, #5874, #5739, #2128, #7860, #8076, #6338, #6187, #5615, #6440, #2640, #5268, #2949, #5833, #5138, #475, #7189, #4967, #1795, #4215, #5224, #993, #7851, #3442, #4049, #4604, #2854, #179, #3503, #6892, #3896, #6838, #1344, #1497, #4910, #689, #4457, #7053, #2810, #5172, #6649, #4193 ) ) ;
#5211 = ORIENTED_EDGE ( 'NONE', *, *, #7442, .T. ) ;
#5212 = DIRECTION ( 'NONE',  ( -1.000000000000000000, -2.000187765493021278E-16, 7.400880780937300593E-16 ) ) ;
#5213 = ORIENTED_EDGE ( 'NONE', *, *, #4257, .T. ) ;
#5214 = ORIENTED_EDGE ( 'NONE', *, *, #4876, .T. ) ;
#5215 = DIRECTION ( 'NONE',  ( 0.000000000000000000, -0.3420201433256660484, 0.9396926207859094271 ) ) ;
#5216 = DIRECTION ( 'NONE',  ( -6.845769268624693726E-16, 5.551115123125739315E-16, 1.000000000000000000 ) ) ;
#5217 = EDGE_CURVE ( 'NONE', #7033, #2978, #257, .T. ) ;
#5218 = FACE_OUTER_BOUND ( 'NONE', #2265, .T. ) ;
#5219 = CARTESIAN_POINT ( 'NONE',  ( 0.9699999999999986411, 2.125255814197590798, -0.3400507035846989101 ) ) ;
#5220 = VERTEX_POINT ( 'NONE', #7612 ) ;
#5221 = CARTESIAN_POINT ( 'NONE',  ( 110.0000000000000426, 0.000000000000000000, 58.07194077712566838 ) ) ;
#5222 = ORIENTED_EDGE ( 'NONE', *, *, #4531, .F. ) ;
#5223 = ORIENTED_EDGE ( 'NONE', *, *, #294, .F. ) ;
#5224 = ADVANCED_FACE ( 'NONE', ( #6995, #722, #3224 ), #2611, .F. ) ;
#5225 = PLANE ( 'NONE',  #2779 ) ;
#5226 = DIRECTION ( 'NONE',  ( 3.398982180676707530E-17, -0.9628491381318011744, -0.2700398807562464087 ) ) ;
#5227 = LINE ( 'NONE', #7749, #1436 ) ;
#5228 = ADVANCED_FACE ( 'NONE', ( #3431 ), #927, .T. ) ;
#5229 = EDGE_CURVE ( 'NONE', #1950, #5220, #7922, .T. ) ;
#5230 = CARTESIAN_POINT ( 'NONE',  ( 0.000000000000000000, -1.447555684683535127, 92.06732376572901444 ) ) ;
#5231 = VERTEX_POINT ( 'NONE', #3511 ) ;
#5232 = FILL_AREA_STYLE_COLOUR ( '', #7459 ) ;
#5233 = ORIENTED_EDGE ( 'NONE', *, *, #3295, .F. ) ;
#5234 = CARTESIAN_POINT ( 'NONE',  ( 0.000000000000000000, 0.3893260965302358101, -1.398753473501311406 ) ) ;
#5235 = EDGE_CURVE ( 'NONE', #5011, #5231, #1531, .T. ) ;
#5236 = CARTESIAN_POINT ( 'NONE',  ( 0.9843342201064364527, 2.224161932931761676, 0.2483908197990214450 ) ) ;
#5237 = CARTESIAN_POINT ( 'NONE',  ( 0.9700000000000541522, 2.262313893167195111, 0.1881129874340137231 ) ) ;
#5238 = LINE ( 'NONE', #5859, #269 ) ;
#5239 = VECTOR ( 'NONE', #5305, 1000.000000000000000 ) ;
#5240 = LINE ( 'NONE', #5325, #7622 ) ;
#5241 = FACE_OUTER_BOUND ( 'NONE', #6895, .T. ) ;
#5242 = VECTOR ( 'NONE', #4429, 1000.000000000000000 ) ;
#5243 = FACE_OUTER_BOUND ( 'NONE', #5034, .T. ) ;
#5244 = VERTEX_POINT ( 'NONE', #4707 ) ;
#5245 = CARTESIAN_POINT ( 'NONE',  ( 68.00000000000002842, -8.799999999999998934, -14.90996438382938827 ) ) ;
#5246 = CARTESIAN_POINT ( 'NONE',  ( 1.237305211379637238E-14, -10.00000000000000888, 95.44360218381363836 ) ) ;
#5247 = DIRECTION ( 'NONE',  ( -1.000000000000000000, 0.000000000000000000, 0.000000000000000000 ) ) ;
#5248 = VECTOR ( 'NONE', #2208, 1000.000000000000000 ) ;
#5249 = ORIENTED_EDGE ( 'NONE', *, *, #4368, .F. ) ;
#5250 = CARTESIAN_POINT ( 'NONE',  ( 0.9843342201064364527, 2.418473753850236552, 0.2696685361246731194 ) ) ;
#5251 = EDGE_LOOP ( 'NONE', ( #3512, #3024, #5549, #117 ) ) ;
#5252 = CARTESIAN_POINT ( 'NONE',  ( 113.0000000000000284, -8.800000000000002487, 192.4099643838293332 ) ) ;
#5253 = ORIENTED_EDGE ( 'NONE', *, *, #3451, .T. ) ;
#5254 = LINE ( 'NONE', #856, #1161 ) ;
#5255 = FACE_OUTER_BOUND ( 'NONE', #4892, .T. ) ;
#5256 = CARTESIAN_POINT ( 'NONE',  ( 68.00000000000002842, -8.799999999999998934, -9.909964383829382939 ) ) ;
#5257 = VECTOR ( 'NONE', #7016, 1000.000000000000000 ) ;
#5258 = LINE ( 'NONE', #3275, #7166 ) ;
#5259 = LINE ( 'NONE', #2737, #1537 ) ;
#5260 = EDGE_CURVE ( 'NONE', #5693, #1476, #5458, .T. ) ;
#5261 = LINE ( 'NONE', #1849, #832 ) ;
#5262 = ORIENTED_EDGE ( 'NONE', *, *, #6849, .T. ) ;
#5263 = CARTESIAN_POINT ( 'NONE',  ( 0.9700000000000541522, 2.215529865583987235, 0.2851907763934818929 ) ) ;
#5264 = CIRCLE ( 'NONE', #3279, 2.500000000000002220 ) ;
#5265 = CARTESIAN_POINT ( 'NONE',  ( 0.000000000000000000, -9.999999999999994671, 104.4099643838294611 ) ) ;
#5266 = DIRECTION ( 'NONE',  ( -1.000000000000000000, -1.445076253180489600E-16, -1.073154985481277909E-15 ) ) ;
#5267 = CARTESIAN_POINT ( 'NONE',  ( 140.0657100388075662, -2.199999999999999734, 180.0000000000000000 ) ) ;
#5268 = ADVANCED_FACE ( 'NONE', ( #4794 ), #341, .F. ) ;
#5269 = VECTOR ( 'NONE', #7938, 1000.000000000000000 ) ;
#5270 = ORIENTED_EDGE ( 'NONE', *, *, #2802, .F. ) ;
#5271 = VECTOR ( 'NONE', #94, 1000.000000000000000 ) ;
#5272 = ADVANCED_FACE ( 'NONE', ( #7898, #6698, #4673, #4085, #2313 ), #5420, .T. ) ;
#5273 = ORIENTED_EDGE ( 'NONE', *, *, #7850, .F. ) ;
#5274 = ORIENTED_EDGE ( 'NONE', *, *, #4119, .T. ) ;
#5275 = EDGE_CURVE ( 'NONE', #3514, #3870, #7660, .T. ) ;
#5276 = DIRECTION ( 'NONE',  ( 1.000000000000000000, 2.000187765493029413E-16, 6.845769268624692740E-16 ) ) ;
#5277 = LINE ( 'NONE', #3457, #2512 ) ;
#5278 = CARTESIAN_POINT ( 'NONE',  ( 120.0000000000000284, 0.000000000000000000, -7.056100142781005064E-16 ) ) ;
#5279 = CARTESIAN_POINT ( 'NONE',  ( 0.9699999999999986411, 2.189101863973724527, -0.2588745816993337501 ) ) ;
#5280 = AXIS2_PLACEMENT_3D ( 'NONE', #5009, #3642, #5593 ) ;
#5281 = AXIS2_PLACEMENT_3D ( 'NONE', #1438, #7880, #4611 ) ;
#5282 = EDGE_CURVE ( 'NONE', #7043, #3777, #6034, .T. ) ;
#5283 = ORIENTED_EDGE ( 'NONE', *, *, #3658, .T. ) ;
#5284 = CARTESIAN_POINT ( 'NONE',  ( 2.450950000000062801, -1.808402244772827627, -1.256417057498612877 ) ) ;
#5285 = ADVANCED_FACE ( 'NONE', ( #7942 ), #1085, .T. ) ;
#5286 = VECTOR ( 'NONE', #379, 1000.000000000000000 ) ;
#5287 = CARTESIAN_POINT ( 'NONE',  ( 0.9843342201064364527, 2.314590793895038523, 0.2895770477463338599 ) ) ;
#5288 = VECTOR ( 'NONE', #153, 999.9999999999998863 ) ;
#5289 = DIRECTION ( 'NONE',  ( -1.000000000000000000, -2.000187765493021278E-16, 7.400880780937300593E-16 ) ) ;
#5290 = ORIENTED_EDGE ( 'NONE', *, *, #4876, .F. ) ;
#5291 = CARTESIAN_POINT ( 'NONE',  ( 110.0000000000000568, -1.224646799147322569E-18, 169.9999999999999716 ) ) ;
#5292 = DIRECTION ( 'NONE',  ( 1.000000000000000000, 2.000187765493021278E-16, -7.400880780937300593E-16 ) ) ;
#5293 = AXIS2_PLACEMENT_3D ( 'NONE', #6233, #4862, #4371 ) ;
#5294 = DIRECTION ( 'NONE',  ( -1.445076253180178246E-16, -1.000000000000000000, 5.551115123125738329E-16 ) ) ;
#5295 = ORIENTED_EDGE ( 'NONE', *, *, #1977, .T. ) ;
#5296 = CARTESIAN_POINT ( 'NONE',  ( 0.9699999999999986411, 2.496189298377360366, -0.4507503921453992479 ) ) ;
#5297 = VERTEX_POINT ( 'NONE', #2228 ) ;
#5298 = CYLINDRICAL_SURFACE ( 'NONE', #2857, 2.500000000000002220 ) ;
#5299 = AXIS2_PLACEMENT_3D ( 'NONE', #3500, #3958, #5409 ) ;
#5300 = ORIENTED_EDGE ( 'NONE', *, *, #4006, .T. ) ;
#5301 = CARTESIAN_POINT ( 'NONE',  ( 0.9843342201064364527, 2.331064604498611637, 0.2959619118668155302 ) ) ;
#5302 = CARTESIAN_POINT ( 'NONE',  ( 87.00000000000004263, -9.999999999999980460, 192.4099643838293332 ) ) ;
#5303 = VECTOR ( 'NONE', #7358, 1000.000000000000000 ) ;
#5304 = LINE ( 'NONE', #7196, #5190 ) ;
#5305 = DIRECTION ( 'NONE',  ( -1.000000000000000000, -2.000187765493021278E-16, 7.400880780937300593E-16 ) ) ;
#5306 = DIRECTION ( 'NONE',  ( 1.224646799147353454E-16, -0.9396926207859093161, 0.3420201433256661039 ) ) ;
#5307 = EDGE_LOOP ( 'NONE', ( #724, #3846, #1957, #4024, #7545, #6660, #7181, #7786, #1702, #2630, #4927, #2451, #7416, #5769 ) ) ;
#5308 = PLANE ( 'NONE',  #8169 ) ;
#5309 = FACE_BOUND ( 'NONE', #5813, .T. ) ;
#5310 = LINE ( 'NONE', #3445, #5815 ) ;
#5311 = CARTESIAN_POINT ( 'NONE',  ( 0.9700000000000541522, 2.336132259871254391, 0.2556232938958347134 ) ) ;
#5312 = DIRECTION ( 'NONE',  ( -1.000000000000000000, -1.722632009336712421E-16, 4.625323219374409242E-16 ) ) ;
#5313 = EDGE_CURVE ( 'NONE', #4209, #2111, #1579, .T. ) ;
#5314 = AXIS2_PLACEMENT_3D ( 'NONE', #5816, #5201, #3248 ) ;
#5315 = ORIENTED_EDGE ( 'NONE', *, *, #2605, .F. ) ;
#5316 = DIRECTION ( 'NONE',  ( -1.000000000000000000, -2.000187765493021278E-16, 7.400880780937300593E-16 ) ) ;
#5317 = ORIENTED_EDGE ( 'NONE', *, *, #234, .T. ) ;
#5318 = LINE ( 'NONE', #4690, #1023 ) ;
#5319 = CARTESIAN_POINT ( 'NONE',  ( 0.9699999999999986411, 2.125255814197451798, 0.1250508761559410154 ) ) ;
#5320 = DIRECTION ( 'NONE',  ( 9.561467977824831532E-16, 2.220446049250319490E-16, -1.000000000000000000 ) ) ;
#5321 = DIRECTION ( 'NONE',  ( 4.701583009046196778E-16, 0.8785436295979144328, -0.4776621095428466024 ) ) ;
#5322 = VECTOR ( 'NONE', #692, 1000.000000000000000 ) ;
#5323 = EDGE_CURVE ( 'NONE', #868, #7339, #6079, .T. ) ;
#5324 = EDGE_CURVE ( 'NONE', #3943, #6279, #7225, .T. ) ;
#5325 = CARTESIAN_POINT ( 'NONE',  ( 0.9700000000000541522, 2.453637029193628472, 0.1626438018062364987 ) ) ;
#5326 = EDGE_LOOP ( 'NONE', ( #6887, #8044, #2593, #5496 ) ) ;
#5327 = PLANE ( 'NONE',  #5428 ) ;
#5328 = CARTESIAN_POINT ( 'NONE',  ( 2.470000000000027729, -2.283648034691970530, -1.080207047563647160 ) ) ;
#5329 = ORIENTED_EDGE ( 'NONE', *, *, #7481, .T. ) ;
#5330 = ADVANCED_FACE ( 'NONE', ( #6616 ), #3472, .T. ) ;
#5331 = DIRECTION ( 'NONE',  ( -1.000000000000000000, -2.000187765493021278E-16, 7.400880780937300593E-16 ) ) ;
#5332 = FACE_OUTER_BOUND ( 'NONE', #6078, .T. ) ;
#5333 = EDGE_CURVE ( 'NONE', #3349, #3045, #4752, .T. ) ;
#5334 = EDGE_CURVE ( 'NONE', #1928, #5509, #6661, .T. ) ;
#5335 = CARTESIAN_POINT ( 'NONE',  ( 0.9843342201064364527, 2.237352282273952220, -0.1849315072807306004 ) ) ;
#5336 = ORIENTED_EDGE ( 'NONE', *, *, #5440, .T. ) ;
#5337 = CARTESIAN_POINT ( 'NONE',  ( 0.9699999999999986411, 2.490921390337408337, -0.4417785858742279137 ) ) ;
#5338 = EDGE_LOOP ( 'NONE', ( #2940, #561, #1851, #5809, #3211, #371, #1314, #3744, #929, #238, #6127, #7611, #6477 ) ) ;
#5339 = EDGE_CURVE ( 'NONE', #3685, #1379, #4913, .T. ) ;
#5340 = EDGE_LOOP ( 'NONE', ( #6433, #718, #3707, #7965 ) ) ;
#5341 = PLANE ( 'NONE',  #4465 ) ;
#5342 = CARTESIAN_POINT ( 'NONE',  ( 2.450950000000007289, -2.038937518892808498, -1.120614449139356594 ) ) ;
#5343 = DIRECTION ( 'NONE',  ( -1.000000000000000000, -2.000187765493021278E-16, 7.400880780937300593E-16 ) ) ;
#5344 = VERTEX_POINT ( 'NONE', #8071 ) ;
#5345 = DIRECTION ( 'NONE',  ( 0.000000000000000000, 0.000000000000000000, 1.000000000000000000 ) ) ;
#5346 = DIRECTION ( 'NONE',  ( 0.000000000000000000, 1.000000000000000000, 0.000000000000000000 ) ) ;
#5347 = VERTEX_POINT ( 'NONE', #7437 ) ;
#5348 = ORIENTED_EDGE ( 'NONE', *, *, #5435, .F. ) ;
#5349 = LINE ( 'NONE', #7361, #4461 ) ;
#5350 = VECTOR ( 'NONE', #1756, 1000.000000000000000 ) ;
#5351 = CARTESIAN_POINT ( 'NONE',  ( 0.9843342201064364527, 2.521531062727400130, -0.2852079774567778392 ) ) ;
#5352 = LINE ( 'NONE', #2161, #6082 ) ;
#5353 = CARTESIAN_POINT ( 'NONE',  ( 1.213366198302210687E-14, -8.552444315316487078, 93.37627841808463813 ) ) ;
#5354 = CARTESIAN_POINT ( 'NONE',  ( 0.9699999999999986411, 2.478836439541471037, -0.4415490844356245725 ) ) ;
#5355 = EDGE_LOOP ( 'NONE', ( #4044, #7992, #6553, #3753 ) ) ;
#5356 = CARTESIAN_POINT ( 'NONE',  ( 37.60500191025296601, -2.199999999999999734, 90.00000000000000000 ) ) ;
#5357 = DIRECTION ( 'NONE',  ( 1.224646799147353454E-16, -0.9396926207859093161, 0.3420201433256660484 ) ) ;
#5358 = VERTEX_POINT ( 'NONE', #7393 ) ;
#5359 = CARTESIAN_POINT ( 'NONE',  ( 2.470000000000027729, -2.023130304122683576, -1.531436993182061501 ) ) ;
#5360 = PLANE ( 'NONE',  #1327 ) ;
#5361 = LINE ( 'NONE', #5980, #4651 ) ;
#5362 = CARTESIAN_POINT ( 'NONE',  ( 0.9700000000000541522, 2.476682154858606211, 0.1804060506515742235 ) ) ;
#5363 = LINE ( 'NONE', #4662, #3528 ) ;
#5364 = FACE_OUTER_BOUND ( 'NONE', #7205, .T. ) ;
#5365 = CARTESIAN_POINT ( 'NONE',  ( 2.470000000000055707, 1.810417492354610136, -0.7912649203304089607 ) ) ;
#5366 = ADVANCED_FACE ( 'NONE', ( #549 ), #1900, .F. ) ;
#5367 = ORIENTED_EDGE ( 'NONE', *, *, #3866, .T. ) ;
#5368 = VECTOR ( 'NONE', #4732, 1000.000000000000000 ) ;
#5369 = DIRECTION ( 'NONE',  ( 0.000000000000000000, 0.000000000000000000, 1.000000000000000000 ) ) ;
#5370 = EDGE_CURVE ( 'NONE', #7306, #6398, #8149, .T. ) ;
#5371 = VECTOR ( 'NONE', #3530, 1000.000000000000000 ) ;
#5372 = VERTEX_POINT ( 'NONE', #3634 ) ;
#5373 = DIRECTION ( 'NONE',  ( 0.000000000000000000, 1.000000000000000000, 0.000000000000000000 ) ) ;
#5374 = EDGE_CURVE ( 'NONE', #3078, #6496, #3567, .T. ) ;
#5375 = CARTESIAN_POINT ( 'NONE',  ( 0.9699999999999986411, 2.472365065619993807, -0.4641025592230662578 ) ) ;
#5376 = ORIENTED_EDGE ( 'NONE', *, *, #5370, .T. ) ;
#5377 = EDGE_CURVE ( 'NONE', #6798, #7426, #4883, .T. ) ;
#5378 = EDGE_LOOP ( 'NONE', ( #5317, #662, #7199, #3883 ) ) ;
#5379 = LINE ( 'NONE', #2894, #3274 ) ;
#5380 = LINE ( 'NONE', #7904, #3944 ) ;
#5381 = EDGE_CURVE ( 'NONE', #5893, #7531, #8023, .T. ) ;
#5382 = CARTESIAN_POINT ( 'NONE',  ( 0.000000000000000000, 0.000000000000000000, 0.000000000000000000 ) ) ;
#5383 = VERTEX_POINT ( 'NONE', #3788 ) ;
#5384 = LINE ( 'NONE', #2821, #2063 ) ;
#5385 = VECTOR ( 'NONE', #737, 1000.000000000000000 ) ;
#5386 = CARTESIAN_POINT ( 'NONE',  ( 0.9699999999999986411, 2.419158929571701755, 0.2709282273878760305 ) ) ;
#5387 = ORIENTED_EDGE ( 'NONE', *, *, #792, .F. ) ;
#5388 = EDGE_CURVE ( 'NONE', #404, #5086, #631, .T. ) ;
#5389 = ORIENTED_EDGE ( 'NONE', *, *, #2299, .F. ) ;
#5390 = CARTESIAN_POINT ( 'NONE',  ( 0.9700000000000541522, 2.507883451764309157, 0.2269969962893081394 ) ) ;
#5391 = CARTESIAN_POINT ( 'NONE',  ( 80.00000000000002842, -7.799999999999994493, 185.4436021838136242 ) ) ;
#5392 = LINE ( 'NONE', #4765, #8070 ) ;
#5393 = CARTESIAN_POINT ( 'NONE',  ( 0.000000000000000000, -8.142020143325684245, 94.50390956302773304 ) ) ;
#5394 = LINE ( 'NONE', #2911, #7227 ) ;
#5395 = CARTESIAN_POINT ( 'NONE',  ( 120.0000000000000284, 0.000000000000000000, 180.0000000000000000 ) ) ;
#5396 = VECTOR ( 'NONE', #7551, 1000.000000000000000 ) ;
#5397 = ORIENTED_EDGE ( 'NONE', *, *, #5973, .F. ) ;
#5398 = CARTESIAN_POINT ( 'NONE',  ( 0.9699999999999986411, 2.411458586530551784, -0.2347371884625498728 ) ) ;
#5399 = ORIENTED_EDGE ( 'NONE', *, *, #5773, .F. ) ;
#5400 = DIRECTION ( 'NONE',  ( -1.000000000000000000, -0.000000000000000000, -0.000000000000000000 ) ) ;
#5401 = VECTOR ( 'NONE', #7455, 1000.000000000000000 ) ;
#5402 = CARTESIAN_POINT ( 'NONE',  ( 0.9699999999999986411, 2.172282090100813079, -0.05453024012856688696 ) ) ;
#5403 = CARTESIAN_POINT ( 'NONE',  ( 2.469999999999805684, -0.1043506507302505160, 2.417505155565644159 ) ) ;
#5404 = CARTESIAN_POINT ( 'NONE',  ( 2.470000000000055707, 1.936365843134446596, -1.024632836696709459 ) ) ;
#5405 = AXIS2_PLACEMENT_3D ( 'NONE', #7140, #3991, #6019 ) ;
#5406 = VECTOR ( 'NONE', #1535, 1000.000000000000000 ) ;
#5407 = CARTESIAN_POINT ( 'NONE',  ( 2.469999999999805684, 0.03232682635356809442, 2.417505155565317754 ) ) ;
#5408 = DIRECTION ( 'NONE',  ( 0.000000000000000000, 0.000000000000000000, 1.000000000000000000 ) ) ;
#5409 = DIRECTION ( 'NONE',  ( -6.768688488035121845E-16, 0.2406903406730367678, 0.9706019575019914081 ) ) ;
#5410 = B_SPLINE_CURVE_WITH_KNOTS ( 'NONE', 3,
 ( #7861, #7193, #3391, #2155 ),
 .UNSPECIFIED., .F., .F.,
 ( 4, 4 ),
 ( 0.000000000000000000, 1.000000000000000000 ),
 .UNSPECIFIED. ) ;
#5411 = DIRECTION ( 'NONE',  ( 0.000000000000000000, 0.000000000000000000, -1.000000000000000000 ) ) ;
#5412 = ORIENTED_EDGE ( 'NONE', *, *, #3060, .T. ) ;
#5413 = VECTOR ( 'NONE', #991, 1000.000000000000114 ) ;
#5414 =( LENGTH_UNIT ( ) NAMED_UNIT ( * ) SI_UNIT ( .MILLI., .METRE. ) );
#5415 = DIRECTION ( 'NONE',  ( 6.437999502871166137E-16, 0.4999999999999577560, -0.8660254037844629105 ) ) ;
#5416 = EDGE_CURVE ( 'NONE', #1168, #2892, #6908, .T. ) ;
#5417 = VECTOR ( 'NONE', #2176, 1000.000000000000114 ) ;
#5418 = VECTOR ( 'NONE', #3118, 1000.000000000000000 ) ;
#5419 = ORIENTED_EDGE ( 'NONE', *, *, #8008, .T. ) ;
#5420 = PLANE ( 'NONE',  #6999 ) ;
#5421 = CARTESIAN_POINT ( 'NONE',  ( 0.9699999999999986411, 2.471364892679961400, -0.4643037271511718522 ) ) ;
#5422 = ORIENTED_EDGE ( 'NONE', *, *, #5333, .T. ) ;
#5423 = ORIENTED_EDGE ( 'NONE', *, *, #5577, .F. ) ;
#5424 = VECTOR ( 'NONE', #1077, 1000.000000000000000 ) ;
#5425 = DIRECTION ( 'NONE',  ( 0.000000000000000000, -0.000000000000000000, 1.000000000000000000 ) ) ;
#5426 = EDGE_CURVE ( 'NONE', #473, #5244, #4999, .T. ) ;
#5427 = EDGE_CURVE ( 'NONE', #6781, #4419, #2479, .T. ) ;
#5428 = AXIS2_PLACEMENT_3D ( 'NONE', #5902, #5990, #2840 ) ;
#5429 = DIRECTION ( 'NONE',  ( -1.000000000000000000, 0.000000000000000000, 0.000000000000000000 ) ) ;
#5430 = FACE_OUTER_BOUND ( 'NONE', #694, .T. ) ;
#5431 = ORIENTED_EDGE ( 'NONE', *, *, #7962, .T. ) ;
#5432 = EDGE_LOOP ( 'NONE', ( #5702, #5967, #6708, #1199 ) ) ;
#5433 = CARTESIAN_POINT ( 'NONE',  ( 2.450950000000007289, -1.783111045144086804, -1.392861809400194772 ) ) ;
#5434 = FACE_OUTER_BOUND ( 'NONE', #3424, .T. ) ;
#5435 = EDGE_CURVE ( 'NONE', #7557, #7571, #1214, .T. ) ;
#5436 = DIRECTION ( 'NONE',  ( -6.845769268624692740E-16, 5.551115123125739315E-16, 1.000000000000000000 ) ) ;
#5437 = DIRECTION ( 'NONE',  ( 0.000000000000000000, 1.000000000000000000, 0.000000000000000000 ) ) ;
#5438 = VECTOR ( 'NONE', #2903, 1000.000000000000000 ) ;
#5439 = CARTESIAN_POINT ( 'NONE',  ( 1.347111479062088207E-14, -9.999999999999994671, 104.4099643838293474 ) ) ;
#5440 = EDGE_CURVE ( 'NONE', #3988, #1878, #4378, .T. ) ;
#5441 = ORIENTED_EDGE ( 'NONE', *, *, #5637, .F. ) ;
#5442 = LINE ( 'NONE', #2478, #911 ) ;
#5443 = SURFACE_STYLE_USAGE ( .BOTH. , #2958 ) ;
#5444 = ORIENTED_EDGE ( 'NONE', *, *, #1941, .F. ) ;
#5445 = DIRECTION ( 'NONE',  ( 0.7071067811865464625, 0.000000000000000000, 0.7071067811865486830 ) ) ;
#5446 = VECTOR ( 'NONE', #7071, 1000.000000000000000 ) ;
#5447 = PLANE ( 'NONE',  #4346 ) ;
#5448 = FACE_OUTER_BOUND ( 'NONE', #170, .T. ) ;
#5449 = CARTESIAN_POINT ( 'NONE',  ( 80.00000000000002842, -8.552444315316460433, 183.3762784180846381 ) ) ;
#5450 = VECTOR ( 'NONE', #1248, 1000.000000000000000 ) ;
#5451 = DIRECTION ( 'NONE',  ( 0.000000000000000000, 0.000000000000000000, 1.000000000000000000 ) ) ;
#5452 = CARTESIAN_POINT ( 'NONE',  ( 0.2705000000000068461, -1.229500000000014692, 4.299810507646385227E-15 ) ) ;
#5453 = CARTESIAN_POINT ( 'NONE',  ( 0.000000000000000000, -2.199999999999999734, 90.00000000000000000 ) ) ;
#5454 = DIRECTION ( 'NONE',  ( 2.208597309011112295E-16, -0.8660254037844387076, -0.4999999999999998890 ) ) ;
#5455 = ORIENTED_EDGE ( 'NONE', *, *, #4210, .F. ) ;
#5456 = CARTESIAN_POINT ( 'NONE',  ( 0.9699999999999986411, 2.490494262658515812, -0.4551746698937819691 ) ) ;
#5457 = ORIENTED_EDGE ( 'NONE', *, *, #1991, .T. ) ;
#5458 = LINE ( 'NONE', #2152, #3695 ) ;
#5459 = ORIENTED_EDGE ( 'NONE', *, *, #4154, .F. ) ;
#5460 = ORIENTED_EDGE ( 'NONE', *, *, #8052, .F. ) ;
#5461 = FACE_BOUND ( 'NONE', #2376, .T. ) ;
#5462 =( NAMED_UNIT ( * ) PLANE_ANGLE_UNIT ( ) SI_UNIT ( $, .RADIAN. ) );
#5463 = VERTEX_POINT ( 'NONE', #2526 ) ;
#5464 = DIRECTION ( 'NONE',  ( -1.445076253180192051E-16, -1.000000000000000000, 2.553512956637819811E-15 ) ) ;
#5465 = DIRECTION ( 'NONE',  ( 4.113308104467484694E-16, -0.6291982286679697056, -0.7772448707074812724 ) ) ;
#5466 = ORIENTED_EDGE ( 'NONE', *, *, #2942, .T. ) ;
#5467 = ORIENTED_EDGE ( 'NONE', *, *, #6778, .F. ) ;
#5468 = LINE ( 'NONE', #2246, #1306 ) ;
#5469 = EDGE_CURVE ( 'NONE', #2209, #4545, #1253, .T. ) ;
#5470 = DIRECTION ( 'NONE',  ( 1.000000000000000000, 2.000187765493021278E-16, -7.400880780937300593E-16 ) ) ;
#5471 = CARTESIAN_POINT ( 'NONE',  ( 64.03805922287450869, -1.199999999999999956, 7.890000000000009450 ) ) ;
#5472 = PLANE ( 'NONE',  #1315 ) ;
#5473 = ORIENTED_EDGE ( 'NONE', *, *, #1825, .T. ) ;
#5474 = EDGE_CURVE ( 'NONE', #428, #3664, #6204, .T. ) ;
#5475 = MECHANICAL_DESIGN_GEOMETRIC_PRESENTATION_REPRESENTATION (  '', ( #2173 ), #3096 ) ;
#5476 = ORIENTED_EDGE ( 'NONE', *, *, #544, .F. ) ;
#5477 = LINE ( 'NONE', #2333, #4287 ) ;
#5478 = EDGE_CURVE ( 'NONE', #938, #1116, #6241, .T. ) ;
#5479 = DIRECTION ( 'NONE',  ( 5.914598533337641276E-16, 0.7693245073750160090, -0.6388582020700594999 ) ) ;
#5480 = EDGE_CURVE ( 'NONE', #7070, #6158, #3057, .T. ) ;
#5481 = CARTESIAN_POINT ( 'NONE',  ( 0.000000000000000000, -8.799999999999947420, -5.590035616170718313 ) ) ;
#5482 = DIRECTION ( 'NONE',  ( 0.000000000000000000, 0.000000000000000000, 1.000000000000000000 ) ) ;
#5483 = LINE ( 'NONE', #6769, #4441 ) ;
#5484 = EDGE_CURVE ( 'NONE', #6158, #4833, #2976, .T. ) ;
#5485 = ORIENTED_EDGE ( 'NONE', *, *, #6334, .F. ) ;
#5486 = DIRECTION ( 'NONE',  ( -7.544538134627805428E-16, -0.1089854748730416517, 0.9940433422475588587 ) ) ;
#5487 = DIRECTION ( 'NONE',  ( 1.000000000000000000, 2.000187765493021278E-16, -7.400880780937300593E-16 ) ) ;
#5488 = DIRECTION ( 'NONE',  ( -7.400880780937299607E-16, -5.551115123125742273E-16, -1.000000000000000000 ) ) ;
#5489 = VERTEX_POINT ( 'NONE', #3094 ) ;
#5490 = DIRECTION ( 'NONE',  ( 6.845769268624693726E-16, -5.551115123125739315E-16, -1.000000000000000000 ) ) ;
#5491 = CARTESIAN_POINT ( 'NONE',  ( 0.9700000000000541522, 2.215529865583654168, 0.2832232613420165857 ) ) ;
#5492 = DIRECTION ( 'NONE',  ( -1.000000000000000000, -1.722632009336724254E-16, 4.070211707061878303E-16 ) ) ;
#5493 = AXIS2_PLACEMENT_3D ( 'NONE', #6918, #1265, #8084 ) ;
#5494 = CARTESIAN_POINT ( 'NONE',  ( 64.03805922287433816, 0.000000000000000000, 99.81388155425116793 ) ) ;
#5495 = ORIENTED_EDGE ( 'NONE', *, *, #6030, .T. ) ;
#5496 = ORIENTED_EDGE ( 'NONE', *, *, #1784, .T. ) ;
#5497 = FACE_OUTER_BOUND ( 'NONE', #7837, .T. ) ;
#5498 = VECTOR ( 'NONE', #767, 1000.000000000000000 ) ;
#5499 = FACE_OUTER_BOUND ( 'NONE', #2957, .T. ) ;
#5500 = ORIENTED_EDGE ( 'NONE', *, *, #4210, .T. ) ;
#5501 = VECTOR ( 'NONE', #6364, 1000.000000000000000 ) ;
#5502 = ORIENTED_EDGE ( 'NONE', *, *, #3160, .T. ) ;
#5503 = CARTESIAN_POINT ( 'NONE',  ( 0.9843342201064364527, 2.125066602492426071, -0.1854790744887646614 ) ) ;
#5504 = CARTESIAN_POINT ( 'NONE',  ( 2.469999999999805684, 0.06360232754379357978, 2.345481331187913909 ) ) ;
#5505 = CARTESIAN_POINT ( 'NONE',  ( 0.000000000000000000, -1.199999999999999956, 7.347880794884117764E-17 ) ) ;
#5506 = PLANE ( 'NONE',  #2761 ) ;
#5507 = AXIS2_PLACEMENT_3D ( 'NONE', #108, #5727, #3820 ) ;
#5508 = EDGE_CURVE ( 'NONE', #1307, #5736, #2357, .T. ) ;
#5509 = VERTEX_POINT ( 'NONE', #5777 ) ;
#5510 = CARTESIAN_POINT ( 'NONE',  ( 0.9700000000000541522, 2.419158929571618710, 0.2709282273876956193 ) ) ;
#5511 = ORIENTED_EDGE ( 'NONE', *, *, #6503, .T. ) ;
#5512 = EDGE_LOOP ( 'NONE', ( #2153, #3076, #1256, #5387 ) ) ;
#5513 = LINE ( 'NONE', #6841, #3231 ) ;
#5514 = PRODUCT_DEFINITION_SHAPE ( 'NONE', 'NONE',  #8179 ) ;
#5515 = LINE ( 'NONE', #525, #3689 ) ;
#5516 = VECTOR ( 'NONE', #4360, 1000.000000000000000 ) ;
#5517 = DIRECTION ( 'NONE',  ( 1.445076253180178246E-16, 1.000000000000000000, -5.551115123125738329E-16 ) ) ;
#5518 = CARTESIAN_POINT ( 'NONE',  ( 120.0000000000000284, -7.799999999999994493, 185.4436021838136242 ) ) ;
#5519 = EDGE_CURVE ( 'NONE', #1433, #104, #5946, .T. ) ;
#5520 = EDGE_CURVE ( 'NONE', #3061, #2314, #2375, .T. ) ;
#5521 = ADVANCED_FACE ( 'NONE', ( #5243 ), #1407, .F. ) ;
#5522 = VERTEX_POINT ( 'NONE', #5203 ) ;
#5523 = LINE ( 'NONE', #2264, #6561 ) ;
#5524 = AXIS2_PLACEMENT_3D ( 'NONE', #2867, #7287, #1101 ) ;
#5525 = ORIENTED_EDGE ( 'NONE', *, *, #7093, .T. ) ;
#5526 = LINE ( 'NONE', #4159, #4451 ) ;
#5527 = DIRECTION ( 'NONE',  ( 3.329159345957562891E-17, 0.9829615588624287525, 0.1838112450280010857 ) ) ;
#5528 = CARTESIAN_POINT ( 'NONE',  ( 18.07611844574883619, -1.224646799147322569E-18, 53.85194077712551319 ) ) ;
#5529 = ORIENTED_EDGE ( 'NONE', *, *, #2757, .F. ) ;
#5530 = DIRECTION ( 'NONE',  ( 1.224646799147353207E-16, 0.000000000000000000, 1.000000000000000000 ) ) ;
#5531 = PRESENTATION_STYLE_ASSIGNMENT (( #1209 ) ) ;
#5532 = CARTESIAN_POINT ( 'NONE',  ( 0.9700000000000541522, 1.737768876015038932, 0.1974452814341859375 ) ) ;
#5533 = VECTOR ( 'NONE', #7022, 1000.000000000000000 ) ;
#5534 = ADVANCED_FACE ( 'NONE', ( #5165 ), #5123, .T. ) ;
#5535 = VECTOR ( 'NONE', #3650, 1000.000000000000227 ) ;
#5536 = ADVANCED_FACE ( 'NONE', ( #7063 ), #2564, .F. ) ;
#5537 = VECTOR ( 'NONE', #527, 1000.000000000000000 ) ;
#5538 = VECTOR ( 'NONE', #309, 1000.000000000000000 ) ;
#5539 = CARTESIAN_POINT ( 'NONE',  ( 37.60500191025296601, -2.199999999999999734, 90.00000000000000000 ) ) ;
#5540 = ORIENTED_EDGE ( 'NONE', *, *, #7713, .T. ) ;
#5541 = VERTEX_POINT ( 'NONE', #169 ) ;
#5542 = VECTOR ( 'NONE', #2401, 1000.000000000000000 ) ;
#5543 = DIRECTION ( 'NONE',  ( -4.992923249690979017E-16, 0.5000000000000059952, 0.8660254037844352659 ) ) ;
#5544 = AXIS2_PLACEMENT_3D ( 'NONE', #7757, #7210, #910 ) ;
#5545 = CARTESIAN_POINT ( 'NONE',  ( 0.000000000000000000, 0.000000000000000000, 0.000000000000000000 ) ) ;
#5546 = VERTEX_POINT ( 'NONE', #672 ) ;
#5547 = CARTESIAN_POINT ( 'NONE',  ( 64.03805922287450869, 0.000000000000000000, 7.890000000000009450 ) ) ;
#5548 = DIRECTION ( 'NONE',  ( -2.208597309011006539E-16, 0.8660254037844450359, 0.4999999999999889533 ) ) ;
#5549 = ORIENTED_EDGE ( 'NONE', *, *, #7655, .T. ) ;
#5550 = AXIS2_PLACEMENT_3D ( 'NONE', #4400, #5192, #4438 ) ;
#5551 = VECTOR ( 'NONE', #2585, 1000.000000000000114 ) ;
#5552 = ORIENTED_EDGE ( 'NONE', *, *, #7481, .F. ) ;
#5553 = DIRECTION ( 'NONE',  ( 4.916917402473335227E-16, 0.8164082640122272139, -0.5774751479090174389 ) ) ;
#5554 = CARTESIAN_POINT ( 'NONE',  ( 0.9699999999999986411, 2.483238627135203380, -0.4477264981799095045 ) ) ;
#5555 = FACE_BOUND ( 'NONE', #746, .T. ) ;
#5556 = LINE ( 'NONE', #2374, #5535 ) ;
#5557 = MECHANICAL_DESIGN_GEOMETRIC_PRESENTATION_REPRESENTATION (  '', ( #6882 ), #6217 ) ;
#5558 = VERTEX_POINT ( 'NONE', #3882 ) ;
#5559 = ORIENTED_EDGE ( 'NONE', *, *, #6796, .F. ) ;
#5560 = ORIENTED_EDGE ( 'NONE', *, *, #1825, .F. ) ;
#5561 = FACE_OUTER_BOUND ( 'NONE', #3116, .T. ) ;
#5562 = LINE ( 'NONE', #486, #3823 ) ;
#5563 = AXIS2_PLACEMENT_3D ( 'NONE', #774, #7742, #3978 ) ;
#5564 = FACE_OUTER_BOUND ( 'NONE', #675, .T. ) ;
#5565 = FACE_OUTER_BOUND ( 'NONE', #3529, .T. ) ;
#5566 = APPLICATION_CONTEXT ( 'automotive_design' ) ;
#5567 = AXIS2_PLACEMENT_3D ( 'NONE', #7952, #391, #1700 ) ;
#5568 = EDGE_LOOP ( 'NONE', ( #2293, #6751, #5768, #5459 ) ) ;
#5569 = EDGE_LOOP ( 'NONE', ( #4489, #5088, #2492, #4261 ) ) ;
#5570 = CARTESIAN_POINT ( 'NONE',  ( 0.9700000000000541522, 2.314590793894927501, 0.2895770477463893711 ) ) ;
#5571 = CARTESIAN_POINT ( 'NONE',  ( 0.9843342201064364527, 2.409391591991022707, 0.1445703570425588280 ) ) ;
#5572 = DIRECTION ( 'NONE',  ( 1.000000000000000000, 2.000187765493021278E-16, -7.400880780937300593E-16 ) ) ;
#5573 = ORIENTED_EDGE ( 'NONE', *, *, #5581, .T. ) ;
#5574 = DIRECTION ( 'NONE',  ( -1.000000000000000000, -2.000187765493021278E-16, 7.400880780937300593E-16 ) ) ;
#5575 = CARTESIAN_POINT ( 'NONE',  ( 87.00000000000004263, -8.800000000000002487, 192.4099643838293332 ) ) ;
#5576 = ADVANCED_FACE ( 'NONE', ( #4454 ), #6488, .T. ) ;
#5577 = EDGE_CURVE ( 'NONE', #5358, #5825, #7641, .T. ) ;
#5578 = VECTOR ( 'NONE', #3997, 1000.000000000000114 ) ;
#5579 = VECTOR ( 'NONE', #5574, 1000.000000000000000 ) ;
#5580 = CARTESIAN_POINT ( 'NONE',  ( 2.470000000016625563, 1.942890293094023946E-13, 3.608224830031758756E-13 ) ) ;
#5581 = EDGE_CURVE ( 'NONE', #2312, #3025, #55, .T. ) ;
#5582 = DIRECTION ( 'NONE',  ( 4.992923249690979017E-16, -0.5000000000000059952, -0.8660254037844352659 ) ) ;
#5583 = VERTEX_POINT ( 'NONE', #2603 ) ;
#5584 = ORIENTED_EDGE ( 'NONE', *, *, #2384, .T. ) ;
#5585 = CARTESIAN_POINT ( 'NONE',  ( 25.00000000000001066, -2.199999999999999734, 90.00000000000000000 ) ) ;
#5586 = EDGE_CURVE ( 'NONE', #7280, #7591, #143, .T. ) ;
#5587 = EDGE_CURVE ( 'NONE', #4829, #775, #7133, .T. ) ;
#5588 = AXIS2_PLACEMENT_3D ( 'NONE', #5719, #5100, #2500 ) ;
#5589 = DIRECTION ( 'NONE',  ( 7.845854836809279995E-17, 0.9803664598916860262, 0.1971841888170626500 ) ) ;
#5590 = ORIENTED_EDGE ( 'NONE', *, *, #383, .T. ) ;
#5591 = FACE_OUTER_BOUND ( 'NONE', #1231, .T. ) ;
#5592 = ADVANCED_FACE ( 'NONE', ( #4500 ), #7025, .T. ) ;
#5593 = DIRECTION ( 'NONE',  ( 5.320708281056154538E-16, -0.3269487519478700421, -0.9450420697512519341 ) ) ;
#5594 = VERTEX_POINT ( 'NONE', #1373 ) ;
#5595 = ORIENTED_EDGE ( 'NONE', *, *, #4922, .F. ) ;
#5596 = CARTESIAN_POINT ( 'NONE',  ( 7.000000000000000000, -8.800000000000002487, -14.90996438382937761 ) ) ;
#5597 = CARTESIAN_POINT ( 'NONE',  ( 2.469999999999944684, -0.2359217314834016754, 2.517800735128076894 ) ) ;
#5598 = CARTESIAN_POINT ( 'NONE',  ( 0.9843342201064919639, 2.411676466676032859, 0.2596360154726445879 ) ) ;
#5599 = ORIENTED_EDGE ( 'NONE', *, *, #2510, .T. ) ;
#5600 = EDGE_LOOP ( 'NONE', ( #6374, #7584, #5329, #5290 ) ) ;
#5601 = ORIENTED_EDGE ( 'NONE', *, *, #7333, .F. ) ;
#5602 = LINE ( 'NONE', #615, #6531 ) ;
#5603 = CARTESIAN_POINT ( 'NONE',  ( 0.9843342201064919639, 2.523629592551035472, -0.05453024012808116439 ) ) ;
#5604 = CARTESIAN_POINT ( 'NONE',  ( 0.9700000000000541522, 2.381236316858021063, 0.1405888840665947548 ) ) ;
#5605 = PLANE ( 'NONE',  #6466 ) ;
#5606 = ORIENTED_EDGE ( 'NONE', *, *, #7397, .F. ) ;
#5607 = ORIENTED_EDGE ( 'NONE', *, *, #948, .T. ) ;
#5608 = ORIENTED_EDGE ( 'NONE', *, *, #4726, .T. ) ;
#5609 = CARTESIAN_POINT ( 'NONE',  ( 113.0000000000000284, -9.999999999999980460, 192.4099643838293332 ) ) ;
#5610 = LINE ( 'NONE', #5571, #427 ) ;
#5611 = DIRECTION ( 'NONE',  ( -7.498798913309289408E-33, 0.3420201433256660484, -0.9396926207859094271 ) ) ;
#5612 = EDGE_LOOP ( 'NONE', ( #6701, #3471, #7684, #1317, #2467, #4954, #1985, #2683, #5819, #5213, #7985, #7623 ) ) ;
#5613 = CARTESIAN_POINT ( 'NONE',  ( 64.03805922287450869, -1.224646799147322569E-18, 10.00000000000001066 ) ) ;
#5614 = FACE_OUTER_BOUND ( 'NONE', #4120, .T. ) ;
#5615 = ADVANCED_FACE ( 'NONE', ( #3259 ), #125, .F. ) ;
#5616 = DIRECTION ( 'NONE',  ( -5.882887990558551382E-16, -0.4999999999999998890, 0.8660254037844387076 ) ) ;
#5617 = ORIENTED_EDGE ( 'NONE', *, *, #7717, .F. ) ;
#5618 = ORIENTED_EDGE ( 'NONE', *, *, #70, .F. ) ;
#5619 = LINE ( 'NONE', #4957, #6321 ) ;
#5620 = PLANE ( 'NONE',  #5665 ) ;
#5621 = EDGE_CURVE ( 'NONE', #2536, #6279, #2023, .T. ) ;
#5622 = EDGE_CURVE ( 'NONE', #3988, #6308, #6444, .T. ) ;
#5623 = ADVANCED_FACE ( 'NONE', ( #7147 ), #6319, .F. ) ;
#5624 = ORIENTED_EDGE ( 'NONE', *, *, #4914, .F. ) ;
#5625 = CARTESIAN_POINT ( 'NONE',  ( 0.9700000000000541522, 2.092235504760536990, 0.3948905628675530854 ) ) ;
#5626 = CARTESIAN_POINT ( 'NONE',  ( 2.450950000000090334, 1.797337126538123275, -1.265437637552019323 ) ) ;
#5627 = ORIENTED_EDGE ( 'NONE', *, *, #370, .T. ) ;
#5628 = B_SPLINE_CURVE_WITH_KNOTS ( 'NONE', 3,
 ( #5421, #7899, #5375, #3432 ),
 .UNSPECIFIED., .F., .F.,
 ( 4, 4 ),
 ( 0.000000000000000000, 1.000000000000000000 ),
 .UNSPECIFIED. ) ;
#5629 = ORIENTED_EDGE ( 'NONE', *, *, #7805, .F. ) ;
#5630 = DIRECTION ( 'NONE',  ( -6.162975822039154730E-33, 1.000000000000000000, 0.000000000000000000 ) ) ;
#5631 = DIRECTION ( 'NONE',  ( -1.000000000000000000, -0.000000000000000000, -0.000000000000000000 ) ) ;
#5632 = VECTOR ( 'NONE', #7197, 1000.000000000000000 ) ;
#5633 = LINE ( 'NONE', #5098, #2359 ) ;
#5634 = DIRECTION ( 'NONE',  ( -2.913847039840516826E-16, 0.8554820535829087413, 0.5178324593896845851 ) ) ;
#5635 = ADVANCED_FACE ( 'NONE', ( #6609 ), #2142, .F. ) ;
#5636 = CARTESIAN_POINT ( 'NONE',  ( 0.9700000000000541522, 2.125255814197729798, 0.3399550943366663747 ) ) ;
#5637 = EDGE_CURVE ( 'NONE', #1054, #4442, #4222, .T. ) ;
#5638 = VERTEX_POINT ( 'NONE', #3994 ) ;
#5639 = AXIS2_PLACEMENT_3D ( 'NONE', #7037, #1995, #4589 ) ;
#5640 = ORIENTED_EDGE ( 'NONE', *, *, #6190, .T. ) ;
#5641 = LINE ( 'NONE', #3117, #4418 ) ;
#5642 = LINE ( 'NONE', #1236, #3042 ) ;
#5643 = DIRECTION ( 'NONE',  ( -0.000000000000000000, 1.000000000000000000, -0.000000000000000000 ) ) ;
#5644 = CARTESIAN_POINT ( 'NONE',  ( 75.00000000000002842, -10.00000000000001421, -5.443602183813635698 ) ) ;
#5645 = LINE ( 'NONE', #5691, #7901 ) ;
#5646 = AXIS2_PLACEMENT_3D ( 'NONE', #1979, #6318, #2021 ) ;
#5647 = ORIENTED_EDGE ( 'NONE', *, *, #370, .F. ) ;
#5648 = ORIENTED_EDGE ( 'NONE', *, *, #5333, .F. ) ;
#5649 = EDGE_LOOP ( 'NONE', ( #5175, #7499, #1, #605 ) ) ;
#5650 = CARTESIAN_POINT ( 'NONE',  ( 0.9700000000000541522, 2.125255814197562820, 0.2850196258058906862 ) ) ;
#5651 = VECTOR ( 'NONE', #7048, 1000.000000000000000 ) ;
#5652 = LINE ( 'NONE', #2518, #5952 ) ;
#5653 = ORIENTED_EDGE ( 'NONE', *, *, #3862, .F. ) ;
#5654 = CARTESIAN_POINT ( 'NONE',  ( 0.9843342201064364527, 2.489954509273251126, -0.4551746698936293134 ) ) ;
#5655 = CARTESIAN_POINT ( 'NONE',  ( 0.9699999999999986411, 2.463272841927294010, -0.4667935467041195441 ) ) ;
#5656 = AXIS2_PLACEMENT_3D ( 'NONE', #3365, #5266, #7960 ) ;
#5657 = CARTESIAN_POINT ( 'NONE',  ( 0.9843342201064364527, 2.481543631422555851, -0.4551746698938236024 ) ) ;
#5658 = ORIENTED_EDGE ( 'NONE', *, *, #3241, .F. ) ;
#5659 = CIRCLE ( 'NONE', #8048, 2.500000000000002220 ) ;
#5660 = EDGE_LOOP ( 'NONE', ( #6288, #180, #8002, #1781 ) ) ;
#5661 = CARTESIAN_POINT ( 'NONE',  ( 64.03805922287450869, 0.000000000000000000, 10.00000000000001066 ) ) ;
#5662 = EDGE_CURVE ( 'NONE', #3195, #4365, #1607, .T. ) ;
#5663 = CARTESIAN_POINT ( 'NONE',  ( 0.9700000000000541522, 2.425090429851589846, 0.1497186355366719734 ) ) ;
#5664 =( GEOMETRIC_REPRESENTATION_CONTEXT ( 3 ) GLOBAL_UNCERTAINTY_ASSIGNED_CONTEXT ( ( #3575 ) ) GLOBAL_UNIT_ASSIGNED_CONTEXT ( ( #5698, #1284, #4538 ) ) REPRESENTATION_CONTEXT ( 'NONE', 'WORKASPACE' ) );
#5665 = AXIS2_PLACEMENT_3D ( 'NONE', #3724, #7650, #5131 ) ;
#5666 = CONTEXT_DEPENDENT_SHAPE_REPRESENTATION ( #2924, #4258 ) ;
#5667 = ORIENTED_EDGE ( 'NONE', *, *, #1387, .F. ) ;
#5668 = CARTESIAN_POINT ( 'NONE',  ( 120.0000000000000284, -8.142020143325655823, 184.5039095630276904 ) ) ;
#5669 = ORIENTED_EDGE ( 'NONE', *, *, #6578, .F. ) ;
#5670 = ORIENTED_EDGE ( 'NONE', *, *, #942, .F. ) ;
#5671 = FACE_OUTER_BOUND ( 'NONE', #2100, .T. ) ;
#5672 = VECTOR ( 'NONE', #4613, 1000.000000000000000 ) ;
#5673 = VECTOR ( 'NONE', #2259, 999.9999999999998863 ) ;
#5674 = DIRECTION ( 'NONE',  ( 1.000000000000000000, 0.000000000000000000, 0.000000000000000000 ) ) ;
#5675 = CARTESIAN_POINT ( 'NONE',  ( 0.9700000000000541522, 2.366975201274018836, 0.1403087934058744324 ) ) ;
#5676 = EDGE_CURVE ( 'NONE', #811, #394, #2806, .T. ) ;
#5677 = EDGE_CURVE ( 'NONE', #382, #4187, #5904, .T. ) ;
#5678 = DIRECTION ( 'NONE',  ( 5.882887990558551382E-16, 0.4999999999999998890, -0.8660254037844387076 ) ) ;
#5679 = CARTESIAN_POINT ( 'NONE',  ( 12.50000000000001421, -9.999999999999994671, 102.4099643838293758 ) ) ;
#5680 = VECTOR ( 'NONE', #3916, 999.9999999999998863 ) ;
#5681 = ORIENTED_EDGE ( 'NONE', *, *, #7387, .T. ) ;
#5682 = VECTOR ( 'NONE', #5826, 1000.000000000000000 ) ;
#5683 = ORIENTED_EDGE ( 'NONE', *, *, #4259, .F. ) ;
#5684 = EDGE_LOOP ( 'NONE', ( #8083, #4296, #4468, #5975, #2315, #6806, #875, #7035, #7348, #4435, #3544, #2571, #1675 ) ) ;
#5685 = ADVANCED_FACE ( 'NONE', ( #6565 ), #7179, .F. ) ;
#5686 = DIRECTION ( 'NONE',  ( 5.551115123125782702E-16, -0.9396926207859093161, 0.3420201433256661039 ) ) ;
#5687 = FACE_OUTER_BOUND ( 'NONE', #6056, .T. ) ;
#5688 = CARTESIAN_POINT ( 'NONE',  ( 0.9700000000000541522, 2.523629592551063006, 0.3948905628681914637 ) ) ;
#5689 = ADVANCED_FACE ( 'NONE', ( #369 ), #3542, .F. ) ;
#5690 = AXIS2_PLACEMENT_3D ( 'NONE', #3049, #7470, #1803 ) ;
#5691 = CARTESIAN_POINT ( 'NONE',  ( 0.9843342201063809416, 2.495373293259689262, -0.4531261570458744448 ) ) ;
#5692 = ORIENTED_EDGE ( 'NONE', *, *, #4410, .F. ) ;
#5693 = VERTEX_POINT ( 'NONE', #7977 ) ;
#5694 = VERTEX_POINT ( 'NONE', #2882 ) ;
#5695 = CARTESIAN_POINT ( 'NONE',  ( 80.00000000000004263, -9.999999999999953815, 194.4099643838293616 ) ) ;
#5696 = ORIENTED_EDGE ( 'NONE', *, *, #8163, .F. ) ;
#5697 = DIRECTION ( 'NONE',  ( 7.400880780937299607E-16, 5.551115123125742273E-16, 1.000000000000000000 ) ) ;
#5698 =( LENGTH_UNIT ( ) NAMED_UNIT ( * ) SI_UNIT ( .MILLI., .METRE. ) );
#5699 = VECTOR ( 'NONE', #3398, 1000.000000000000000 ) ;
#5700 = CARTESIAN_POINT ( 'NONE',  ( 110.0000000000000284, -1.224646799147322569E-18, 10.00000000000000178 ) ) ;
#5701 = DIRECTION ( 'NONE',  ( 2.430477205608910899E-16, 0.9879614813472417101, -0.1547000690826087488 ) ) ;
#5702 = ORIENTED_EDGE ( 'NONE', *, *, #3464, .F. ) ;
#5703 = AXIS2_PLACEMENT_3D ( 'NONE', #7914, #7283, #4252 ) ;
#5704 = DIRECTION ( 'NONE',  ( -6.845769268624692740E-16, 5.551115123125739315E-16, 1.000000000000000000 ) ) ;
#5705 = EDGE_LOOP ( 'NONE', ( #3569, #5781, #3286, #4568 ) ) ;
#5706 = LINE ( 'NONE', #7607, #7257 ) ;
#5707 = FACE_OUTER_BOUND ( 'NONE', #786, .T. ) ;
#5708 = VECTOR ( 'NONE', #1894, 1000.000000000000114 ) ;
#5709 = APPLICATION_PROTOCOL_DEFINITION ( 'draft international standard', 'automotive_design', 1998, #7301 ) ;
#5710 = PLANE ( 'NONE',  #1322 ) ;
#5711 = FACE_OUTER_BOUND ( 'NONE', #6523, .T. ) ;
#5712 = VERTEX_POINT ( 'NONE', #2306 ) ;
#5713 = VERTEX_POINT ( 'NONE', #248 ) ;
#5714 = LINE ( 'NONE', #6954, #6163 ) ;
#5715 = CARTESIAN_POINT ( 'NONE',  ( 2.470000000000027729, -1.841708557294235993, -1.198728831998729927 ) ) ;
#5716 = DIRECTION ( 'NONE',  ( -8.153087361344654632E-16, -0.2402795388977053970, 0.9707037360529247039 ) ) ;
#5717 = DIRECTION ( 'NONE',  ( 1.302670539013764741E-16, 0.9998156855907736063, 0.01919882409553617594 ) ) ;
#5718 = CARTESIAN_POINT ( 'NONE',  ( 0.9699999999999986411, 2.485296480058379665, -0.4476606227659940540 ) ) ;
#5719 = CARTESIAN_POINT ( 'NONE',  ( 2.470000000000027729, -1.783111045144086804, -1.392861809400222750 ) ) ;
#5720 = ORIENTED_EDGE ( 'NONE', *, *, #6391, .F. ) ;
#5721 =( REPRESENTATION_RELATIONSHIP ('NONE','NONE', #2116, #3489 ) REPRESENTATION_RELATIONSHIP_WITH_TRANSFORMATION ( #7443 )SHAPE_REPRESENTATION_RELATIONSHIP( ) );
#5722 = ADVANCED_FACE ( 'NONE', ( #918 ), #3423, .T. ) ;
#5723 = ORIENTED_EDGE ( 'NONE', *, *, #328, .T. ) ;
#5724 = ORIENTED_EDGE ( 'NONE', *, *, #2042, .F. ) ;
#5725 = PLANE ( 'NONE',  #2114 ) ;
#5726 = CARTESIAN_POINT ( 'NONE',  ( 2.470000000000027729, 0.06360232754365480190, 2.173161927247618586 ) ) ;
#5727 = DIRECTION ( 'NONE',  ( -1.000000000000000000, -1.722632009336724254E-16, 4.070211707061878303E-16 ) ) ;
#5728 = CARTESIAN_POINT ( 'NONE',  ( 2.450950000000035267, 1.590464268307251183, -1.172235079669514679 ) ) ;
#5729 = EDGE_CURVE ( 'NONE', #2870, #2416, #7338, .T. ) ;
#5730 = ORIENTED_EDGE ( 'NONE', *, *, #3705, .T. ) ;
#5731 = EDGE_CURVE ( 'NONE', #6279, #5383, #4786, .T. ) ;
#5732 = EDGE_LOOP ( 'NONE', ( #2178, #4326, #1488, #2685, #313 ) ) ;
#5733 = ORIENTED_EDGE ( 'NONE', *, *, #6438, .F. ) ;
#5734 = DIRECTION ( 'NONE',  ( 4.319943844331593561E-16, 0.8785436295978994448, -0.4776621095428742469 ) ) ;
#5735 = EDGE_CURVE ( 'NONE', #4352, #2691, #7810, .T. ) ;
#5736 = VERTEX_POINT ( 'NONE', #1646 ) ;
#5737 = LINE ( 'NONE', #7021, #2936 ) ;
#5738 = CARTESIAN_POINT ( 'NONE',  ( 87.00000000000004263, -8.800000000000002487, 192.4099643838293332 ) ) ;
#5739 = ADVANCED_FACE ( 'NONE', ( #7846 ), #7217, .T. ) ;
#5740 = DIRECTION ( 'NONE',  ( 0.000000000000000000, 0.000000000000000000, 1.000000000000000000 ) ) ;
#5741 = EDGE_CURVE ( 'NONE', #3870, #3514, #6350, .T. ) ;
#5742 = CARTESIAN_POINT ( 'NONE',  ( 0.9699999999999986411, 2.463272841927377499, -0.4415490844348612942 ) ) ;
#5743 = ORIENTED_EDGE ( 'NONE', *, *, #4809, .F. ) ;
#5744 = CARTESIAN_POINT ( 'NONE',  ( 0.9700000000000541522, 2.366492138056563999, 0.2474031920336461354 ) ) ;
#5745 = VERTEX_POINT ( 'NONE', #5365 ) ;
#5746 = DIRECTION ( 'NONE',  ( -1.000000000000000000, -2.000187765493021278E-16, 7.400880780937300593E-16 ) ) ;
#5747 = FACE_OUTER_BOUND ( 'NONE', #3015, .T. ) ;
#5748 = ITEM_DEFINED_TRANSFORMATION ( 'NONE', 'NONE', #5982,  #4255 ) ;
#5749 = LINE ( 'NONE', #3268, #4480 ) ;
#5750 = ORIENTED_EDGE ( 'NONE', *, *, #6591, .F. ) ;
#5751 = VERTEX_POINT ( 'NONE', #7889 ) ;
#5752 = CARTESIAN_POINT ( 'NONE',  ( 0.2238461538461855582, 0.000000000000000000, 4.163336342344337027E-14 ) ) ;
#5753 = CARTESIAN_POINT ( 'NONE',  ( 0.9700000000000541522, 2.371827334780057583, 0.1404019658359650924 ) ) ;
#5754 = CARTESIAN_POINT ( 'NONE',  ( 0.9699999999999986411, 2.497005303495281048, -0.4455356094380108489 ) ) ;
#5755 = DIRECTION ( 'NONE',  ( -0.000000000000000000, 1.000000000000000000, -0.000000000000000000 ) ) ;
#5756 = DIRECTION ( 'NONE',  ( 0.000000000000000000, 0.000000000000000000, 1.000000000000000000 ) ) ;
#5757 = ORIENTED_EDGE ( 'NONE', *, *, #4364, .T. ) ;
#5758 = ORIENTED_EDGE ( 'NONE', *, *, #588, .T. ) ;
#5759 = AXIS2_PLACEMENT_3D ( 'NONE', #7864, #312, #4642 ) ;
#5760 = PLANE ( 'NONE',  #144 ) ;
#5761 = DIRECTION ( 'NONE',  ( -1.000000000000000000, -2.000187765493021278E-16, 7.400880780937300593E-16 ) ) ;
#5762 = FACE_OUTER_BOUND ( 'NONE', #5568, .T. ) ;
#5763 = LINE ( 'NONE', #110, #3937 ) ;
#5764 = EDGE_CURVE ( 'NONE', #7350, #3725, #7399, .T. ) ;
#5765 = VECTOR ( 'NONE', #4739, 1000.000000000000114 ) ;
#5766 = ORIENTED_EDGE ( 'NONE', *, *, #343, .F. ) ;
#5767 = ORIENTED_EDGE ( 'NONE', *, *, #2446, .F. ) ;
#5768 = ORIENTED_EDGE ( 'NONE', *, *, #2802, .T. ) ;
#5769 = ORIENTED_EDGE ( 'NONE', *, *, #6541, .F. ) ;
#5770 = ADVANCED_FACE ( 'NONE', ( #7305 ), #3630, .F. ) ;
#5771 = FACE_OUTER_BOUND ( 'NONE', #1870, .T. ) ;
#5772 = DIRECTION ( 'NONE',  ( 6.845769268624693726E-16, -5.551115123125739315E-16, -1.000000000000000000 ) ) ;
#5773 = EDGE_CURVE ( 'NONE', #884, #7677, #4199, .T. ) ;
#5774 = EDGE_CURVE ( 'NONE', #6330, #7874, #8060, .T. ) ;
#5775 = CONICAL_SURFACE ( 'NONE', #5507, 3.175000000055685501, 0.7853981633974495002 ) ;
#5776 = CARTESIAN_POINT ( 'NONE',  ( 120.0000000000000284, 0.3893260965302514087, 181.3987534735013298 ) ) ;
#5777 = CARTESIAN_POINT ( 'NONE',  ( 64.03805922287433816, -1.224646799147322569E-18, 99.81388155425116793 ) ) ;
#5778 = ORIENTED_EDGE ( 'NONE', *, *, #497, .F. ) ;
#5779 = EDGE_CURVE ( 'NONE', #5026, #6109, #818, .T. ) ;
#5780 = FILL_AREA_STYLE_COLOUR ( '', #6495 ) ;
#5781 = ORIENTED_EDGE ( 'NONE', *, *, #7962, .F. ) ;
#5782 = FACE_OUTER_BOUND ( 'NONE', #3889, .T. ) ;
#5783 = AXIS2_PLACEMENT_3D ( 'NONE', #307, #2658, #7779 ) ;
#5784 = EDGE_CURVE ( 'NONE', #4335, #2612, #5040, .T. ) ;
#5785 = LINE ( 'NONE', #1454, #5143 ) ;
#5786 = CIRCLE ( 'NONE', #5001, 1.229499999965364854 ) ;
#5787 = CARTESIAN_POINT ( 'NONE',  ( 2.470000000000055707, 1.752788928699733351, -1.092298960886806114 ) ) ;
#5788 = ORIENTED_EDGE ( 'NONE', *, *, #1431, .T. ) ;
#5789 = EDGE_LOOP ( 'NONE', ( #1771, #4689, #5757, #6789 ) ) ;
#5790 = CARTESIAN_POINT ( 'NONE',  ( 2.450950000000007289, -0.2359217314832906531, 1.963500000000471868 ) ) ;
#5791 = DIRECTION ( 'NONE',  ( 6.430931305686265125E-16, -0.3269487519467025871, -0.9450420697516558333 ) ) ;
#5792 = VECTOR ( 'NONE', #6976, 1000.000000000000000 ) ;
#5793 = CARTESIAN_POINT ( 'NONE',  ( 18.07611844574883619, 0.000000000000000000, 55.96194077712551262 ) ) ;
#5794 = AXIS2_PLACEMENT_3D ( 'NONE', #7401, #2856, #6162 ) ;
#5795 = CARTESIAN_POINT ( 'NONE',  ( 2.470000000000027729, 2.070502786264333039, -1.449385447233317414 ) ) ;
#5796 = ORIENTED_EDGE ( 'NONE', *, *, #6449, .T. ) ;
#5797 = CARTESIAN_POINT ( 'NONE',  ( 0.000000000000000000, -8.552444315316478196, -3.376278418084634581 ) ) ;
#5798 = ORIENTED_EDGE ( 'NONE', *, *, #6989, .T. ) ;
#5799 = ORIENTED_EDGE ( 'NONE', *, *, #3965, .F. ) ;
#5800 = VECTOR ( 'NONE', #5321, 1000.000000000000114 ) ;
#5801 = VECTOR ( 'NONE', #3581, 1000.000000000000000 ) ;
#5802 = FACE_OUTER_BOUND ( 'NONE', #7172, .T. ) ;
#5803 = CYLINDRICAL_SURFACE ( 'NONE', #7530, 2.499999999999998668 ) ;
#5804 = DIRECTION ( 'NONE',  ( -4.619824724853993812E-16, -0.8660254037844352659, 0.5000000000000058842 ) ) ;
#5805 = DIRECTION ( 'NONE',  ( 6.845769268624693726E-16, -5.551115123125739315E-16, -1.000000000000000000 ) ) ;
#5806 = CARTESIAN_POINT ( 'NONE',  ( 0.9700000000000541522, 2.314467519602486867, 0.2871582914452386337 ) ) ;
#5807 = AXIS2_PLACEMENT_3D ( 'NONE', #7105, #4624, #7602 ) ;
#5808 = VECTOR ( 'NONE', #5686, 1000.000000000000000 ) ;
#5809 = ORIENTED_EDGE ( 'NONE', *, *, #2407, .T. ) ;
#5810 = ORIENTED_EDGE ( 'NONE', *, *, #2137, .F. ) ;
#5811 = ORIENTED_EDGE ( 'NONE', *, *, #7292, .T. ) ;
#5812 = PRODUCT_DEFINITION ( 'UNKNOWN', '', #590, #5891 ) ;
#5813 = EDGE_LOOP ( 'NONE', ( #1760, #207 ) ) ;
#5814 = CARTESIAN_POINT ( 'NONE',  ( 75.00000000000002842, -10.00000000000001421, 5.590035616170625943 ) ) ;
#5815 = VECTOR ( 'NONE', #5226, 999.9999999999998863 ) ;
#5816 = CARTESIAN_POINT ( 'NONE',  ( 68.00000000000002842, -8.799999999999998934, -12.40996438382938649 ) ) ;
#5817 = LINE ( 'NONE', #3290, #5533 ) ;
#5818 = COLOUR_RGB ( '',1.000000000000000000, 0.5019607843137254832, 0.2509803921568627416 ) ;
#5819 = ORIENTED_EDGE ( 'NONE', *, *, #2696, .T. ) ;
#5820 = CARTESIAN_POINT ( 'NONE',  ( 2.470000000000055707, 1.810417492354610136, -0.7912649203304089607 ) ) ;
#5821 = DIRECTION ( 'NONE',  ( 6.437999502871085279E-16, 0.5000000000000245359, -0.8660254037844243857 ) ) ;
#5822 = EDGE_CURVE ( 'NONE', #6886, #5522, #2970, .T. ) ;
#5823 = VERTEX_POINT ( 'NONE', #6272 ) ;
#5824 = CARTESIAN_POINT ( 'NONE',  ( 0.9843342201064919639, 2.523629592551118961, 0.3948905628682677915 ) ) ;
#5825 = VERTEX_POINT ( 'NONE', #3712 ) ;
#5826 = DIRECTION ( 'NONE',  ( 6.845769268624743030E-16, -9.436895709313777345E-16, -1.000000000000000000 ) ) ;
#5827 = AXIS2_PLACEMENT_3D ( 'NONE', #1120, #1076, #7469 ) ;
#5828 = PLANE ( 'NONE',  #7917 ) ;
#5829 = EDGE_CURVE ( 'NONE', #6798, #831, #7429, .T. ) ;
#5830 = CIRCLE ( 'NONE', #1610, 2.500000000000002220 ) ;
#5831 = ORIENTED_EDGE ( 'NONE', *, *, #3406, .F. ) ;
#5832 = DIRECTION ( 'NONE',  ( 0.000000000000000000, 1.000000000000000000, -5.551115123125780237E-17 ) ) ;
#5833 = ADVANCED_FACE ( 'NONE', ( #8102 ), #6810, .T. ) ;
#5834 = ORIENTED_EDGE ( 'NONE', *, *, #732, .F. ) ;
#5835 = EDGE_CURVE ( 'NONE', #1940, #821, #3088, .T. ) ;
#5836 = VERTEX_POINT ( 'NONE', #8141 ) ;
#5837 = CARTESIAN_POINT ( 'NONE',  ( 0.9700000000000541522, 2.347502163259545860, 0.1424318347458125578 ) ) ;
#5838 = CARTESIAN_POINT ( 'NONE',  ( 0.9699999999999986411, 2.219308366003841293, -0.05453024012809504217 ) ) ;
#5839 = VECTOR ( 'NONE', #204, 1000.000000000000000 ) ;
#5840 = DIRECTION ( 'NONE',  ( 1.000000000000000000, 1.722632009336712421E-16, -4.625323219374409242E-16 ) ) ;
#5841 = EDGE_CURVE ( 'NONE', #4833, #8119, #6151, .T. ) ;
#5842 = DIRECTION ( 'NONE',  ( -0.000000000000000000, 1.000000000000000000, -0.000000000000000000 ) ) ;
#5843 = ORIENTED_EDGE ( 'NONE', *, *, #2605, .T. ) ;
#5844 = LINE ( 'NONE', #1618, #2192 ) ;
#5845 = CARTESIAN_POINT ( 'NONE',  ( 19.99999999999998224, -9.999999999999994671, 109.4099643838293900 ) ) ;
#5846 = EDGE_LOOP ( 'NONE', ( #7187, #2824, #4488, #1088 ) ) ;
#5847 = VECTOR ( 'NONE', #5343, 1000.000000000000000 ) ;
#5848 = LINE ( 'NONE', #2741, #245 ) ;
#5849 = CARTESIAN_POINT ( 'NONE',  ( 2.470000000000027729, -1.725772238865302954, -0.9378747999921333012 ) ) ;
#5850 = DIRECTION ( 'NONE',  ( -1.387778780781445429E-16, 0.9396926207859093161, -0.3420201433256660484 ) ) ;
#5851 = DIRECTION ( 'NONE',  ( -1.445076253180192051E-16, -1.000000000000000000, 2.553512956637819811E-15 ) ) ;
#5852 = CARTESIAN_POINT ( 'NONE',  ( 7.000000000000000000, -10.00000000000001421, -12.40996438382937939 ) ) ;
#5853 = ORIENTED_EDGE ( 'NONE', *, *, #5416, .F. ) ;
#5854 = CYLINDRICAL_SURFACE ( 'NONE', #7064, 1.229500000000014692 ) ;
#5855 = VERTEX_POINT ( 'NONE', #537 ) ;
#5856 = ORIENTED_EDGE ( 'NONE', *, *, #1875, .T. ) ;
#5857 = DIRECTION ( 'NONE',  ( -5.995848866729697443E-16, 0.1329814728554886971, 0.9911185236273131194 ) ) ;
#5858 = CARTESIAN_POINT ( 'NONE',  ( 80.00000000000001421, 42.26506985990538823, 164.8802158789032433 ) ) ;
#5859 = CARTESIAN_POINT ( 'NONE',  ( 0.000000000000000000, -8.552444315316478196, -3.376278418084634581 ) ) ;
#5860 = ORIENTED_EDGE ( 'NONE', *, *, #5469, .F. ) ;
#5861 = DIRECTION ( 'NONE',  ( 0.000000000000000000, 1.000000000000000000, 0.000000000000000000 ) ) ;
#5862 = DIRECTION ( 'NONE',  ( -0.000000000000000000, 1.000000000000000000, -0.000000000000000000 ) ) ;
#5863 = CARTESIAN_POINT ( 'NONE',  ( 0.9700000000000541522, 2.420550782343683593, 0.2798170206179256825 ) ) ;
#5864 = ORIENTED_EDGE ( 'NONE', *, *, #6694, .T. ) ;
#5865 = CARTESIAN_POINT ( 'NONE',  ( 0.9843342201064364527, 2.523629592551174028, 0.2959619118675926863 ) ) ;
#5866 = CARTESIAN_POINT ( 'NONE',  ( 0.7275000000000447775, -2.205804983113068829E-13, 2.637500000000270184 ) ) ;
#5867 = DIRECTION ( 'NONE',  ( 4.665017388252629213E-16, -0.4606709861125486971, -0.8875709788823044066 ) ) ;
#5868 = EDGE_CURVE ( 'NONE', #4343, #3945, #1679, .T. ) ;
#5869 = ORIENTED_EDGE ( 'NONE', *, *, #1444, .T. ) ;
#5870 = DIRECTION ( 'NONE',  ( 0.000000000000000000, 1.000000000000000000, 0.000000000000000000 ) ) ;
#5871 = ORIENTED_EDGE ( 'NONE', *, *, #3345, .F. ) ;
#5872 = ORIENTED_EDGE ( 'NONE', *, *, #4455, .F. ) ;
#5873 = CARTESIAN_POINT ( 'NONE',  ( 68.00000000000002842, -8.800000000000002487, -14.90996438382938827 ) ) ;
#5874 = ADVANCED_FACE ( 'NONE', ( #1765 ), #6112, .F. ) ;
#5875 =( REPRESENTATION_RELATIONSHIP ('NONE','NONE', #2116, #3489 ) REPRESENTATION_RELATIONSHIP_WITH_TRANSFORMATION ( #5748 )SHAPE_REPRESENTATION_RELATIONSHIP( ) );
#5876 = DIRECTION ( 'NONE',  ( 6.845769268624693726E-16, -5.551115123125739315E-16, -1.000000000000000000 ) ) ;
#5877 = CARTESIAN_POINT ( 'NONE',  ( 0.2705000000000068461, 0.000000000000000000, 0.000000000000000000 ) ) ;
#5878 = EDGE_CURVE ( 'NONE', #7045, #5344, #1245, .T. ) ;
#5879 = EDGE_CURVE ( 'NONE', #5344, #7423, #625, .T. ) ;
#5880 = DIRECTION ( 'NONE',  ( 0.000000000000000000, 0.000000000000000000, 1.000000000000000000 ) ) ;
#5881 = CARTESIAN_POINT ( 'NONE',  ( 80.00000000000002842, -8.142020143325655823, 184.5039095630276904 ) ) ;
#5882 = PLANE ( 'NONE',  #3585 ) ;
#5883 = VERTEX_POINT ( 'NONE', #5528 ) ;
#5884 = LINE ( 'NONE', #2825, #111 ) ;
#5885 = FACE_BOUND ( 'NONE', #7687, .T. ) ;
#5886 = EDGE_CURVE ( 'NONE', #3562, #2416, #5652, .T. ) ;
#5887 = DIRECTION ( 'NONE',  ( 1.570039207843900325E-16, -0.9061072279422076603, -0.4230480959310515821 ) ) ;
#5888 = DIRECTION ( 'NONE',  ( 0.7071067812608412551, 6.205533535216594616E-16, 0.7071067811122536684 ) ) ;
#5889 = DIRECTION ( 'NONE',  ( -1.000000000000000000, -1.722632009336732389E-16, -1.073154985481276528E-15 ) ) ;
#5890 = ADVANCED_FACE ( 'NONE', ( #7516 ), #3590, .F. ) ;
#5891 = PRODUCT_DEFINITION_CONTEXT ( 'detailed design', #7301, 'design' ) ;
#5892 = EDGE_LOOP ( 'NONE', ( #766, #8139, #4065, #5025 ) ) ;
#5893 = VERTEX_POINT ( 'NONE', #7381 ) ;
#5894 = EDGE_LOOP ( 'NONE', ( #1746, #2641, #3165, #4694 ) ) ;
#5895 = DIRECTION ( 'NONE',  ( 6.845769268624693726E-16, -5.551115123125739315E-16, -1.000000000000000000 ) ) ;
#5896 = CARTESIAN_POINT ( 'NONE',  ( 0.9699999999999986411, 2.492117772841445422, -0.4551746698942260583 ) ) ;
#5897 = CARTESIAN_POINT ( 'NONE',  ( 0.9699999999999986411, 2.521531062727233596, -0.2852079774567084502 ) ) ;
#5898 = CARTESIAN_POINT ( 'NONE',  ( 0.9699999999999986411, 2.125066602492426071, -0.1854790744887646614 ) ) ;
#5899 = VECTOR ( 'NONE', #1871, 1000.000000000000000 ) ;
#5900 = VERTEX_POINT ( 'NONE', #1724 ) ;
#5901 = SURFACE_STYLE_FILL_AREA ( #2056 ) ;
#5902 = CARTESIAN_POINT ( 'NONE',  ( 2.470000000000027729, -1.989949340249208554, -1.205464463520919516 ) ) ;
#5903 = CIRCLE ( 'NONE', #2338, 2.500000000000002220 ) ;
#5904 = LINE ( 'NONE', #6688, #7534 ) ;
#5905 = EDGE_LOOP ( 'NONE', ( #632, #1877, #6818, #2604 ) ) ;
#5906 = DIRECTION ( 'NONE',  ( -5.634365361779183014E-16, 0.3803437133059898723, 0.9248452085341691831 ) ) ;
#5907 = DIRECTION ( 'NONE',  ( 1.000000000000000000, 0.000000000000000000, 0.000000000000000000 ) ) ;
#5908 = CYLINDRICAL_SURFACE ( 'NONE', #8047, 0.03077947504423033526 ) ;
#5909 = PLANE ( 'NONE',  #807 ) ;
#5910 = AXIS2_PLACEMENT_3D ( 'NONE', #7886, #3337, #5861 ) ;
#5911 = EDGE_LOOP ( 'NONE', ( #3136, #4224, #3955, #3388 ) ) ;
#5912 = CARTESIAN_POINT ( 'NONE',  ( 120.0000000000000284, -9.999999999999953815, 185.4436021838136242 ) ) ;
#5913 = ORIENTED_EDGE ( 'NONE', *, *, #77, .T. ) ;
#5914 = VECTOR ( 'NONE', #2626, 1000.000000000000000 ) ;
#5915 = EDGE_LOOP ( 'NONE', ( #458, #2032 ) ) ;
#5916 = ADVANCED_FACE ( 'NONE', ( #4243 ), #1892, .T. ) ;
#5917 = CARTESIAN_POINT ( 'NONE',  ( 18.07611844574883619, 0.000000000000000000, 55.96194077712551262 ) ) ;
#5918 = LINE ( 'NONE', #4091, #5406 ) ;
#5919 = VECTOR ( 'NONE', #4767, 1000.000000000000000 ) ;
#5920 = DIRECTION ( 'NONE',  ( -9.621326830187598882E-16, -2.220446049250292373E-16, 1.000000000000000000 ) ) ;
#5921 = DIRECTION ( 'NONE',  ( 0.000000000000000000, 5.505339963068690462E-16, 1.000000000000000000 ) ) ;
#5922 = LINE ( 'NONE', #435, #5438 ) ;
#5923 = ORIENTED_EDGE ( 'NONE', *, *, #1258, .F. ) ;
#5924 = CARTESIAN_POINT ( 'NONE',  ( 12.50000000000001421, -8.799999999999998934, 99.90996438382937583 ) ) ;
#5925 = ADVANCED_FACE ( 'NONE', ( #7561 ), #3780, .T. ) ;
#5926 = LINE ( 'NONE', #6469, #3830 ) ;
#5927 = EDGE_CURVE ( 'NONE', #7697, #5992, #3202, .T. ) ;
#5928 = VECTOR ( 'NONE', #4649, 1000.000000000000000 ) ;
#5929 = LINE ( 'NONE', #943, #2253 ) ;
#5930 = DIRECTION ( 'NONE',  ( -1.000000000000000000, -0.000000000000000000, -0.000000000000000000 ) ) ;
#5931 = DIRECTION ( 'NONE',  ( 0.000000000000000000, 1.000000000000000000, 0.000000000000000000 ) ) ;
#5932 = VERTEX_POINT ( 'NONE', #5726 ) ;
#5933 = EDGE_CURVE ( 'NONE', #961, #7533, #4529, .T. ) ;
#5934 = AXIS2_PLACEMENT_3D ( 'NONE', #7862, #4678, #3438 ) ;
#5935 = ORIENTED_EDGE ( 'NONE', *, *, #2407, .F. ) ;
#5936 = EDGE_LOOP ( 'NONE', ( #7485, #5834, #7471 ) ) ;
#5937 = FACE_BOUND ( 'NONE', #1405, .T. ) ;
#5938 = EDGE_CURVE ( 'NONE', #7067, #693, #7139, .T. ) ;
#5939 = CARTESIAN_POINT ( 'NONE',  ( 25.00000000000001066, -8.800000000000002487, 95.44360218381365257 ) ) ;
#5940 = EDGE_CURVE ( 'NONE', #1660, #7029, #7007, .T. ) ;
#5941 = DIRECTION ( 'NONE',  ( 5.882887990558569132E-16, 0.4999999999999927280, -0.8660254037844428154 ) ) ;
#5942 = DIRECTION ( 'NONE',  ( 1.000000000000000000, 2.000187765493029413E-16, 6.845769268624692740E-16 ) ) ;
#5943 = AXIS2_PLACEMENT_3D ( 'NONE', #3134, #1770, #6277 ) ;
#5944 = ORIENTED_EDGE ( 'NONE', *, *, #1942, .T. ) ;
#5945 = LINE ( 'NONE', #208, #6702 ) ;
#5946 = CIRCLE ( 'NONE', #6074, 1.229500000000014692 ) ;
#5947 = CIRCLE ( 'NONE', #814, 1.500000000021384894 ) ;
#5948 = DIRECTION ( 'NONE',  ( 1.000000000000000000, 0.000000000000000000, 0.000000000000000000 ) ) ;
#5949 = ORIENTED_EDGE ( 'NONE', *, *, #517, .F. ) ;
#5950 = CARTESIAN_POINT ( 'NONE',  ( 113.0000000000000284, -8.800000000000002487, 194.9099643838293616 ) ) ;
#5951 = CARTESIAN_POINT ( 'NONE',  ( 0.9699999999999986411, 2.483238627135203380, -0.4477264981799095045 ) ) ;
#5952 = VECTOR ( 'NONE', #2471, 1000.000000000000000 ) ;
#5953 = FACE_OUTER_BOUND ( 'NONE', #1571, .T. ) ;
#5954 = EDGE_LOOP ( 'NONE', ( #7460, #4633, #7926, #1542 ) ) ;
#5955 = DIRECTION ( 'NONE',  ( 1.000000000000000000, 2.000187765493021278E-16, -7.400880780937300593E-16 ) ) ;
#5956 = DIRECTION ( 'NONE',  ( -1.000000000000000000, -0.000000000000000000, -0.000000000000000000 ) ) ;
#5957 = ORIENTED_EDGE ( 'NONE', *, *, #3706, .F. ) ;
#5958 = AXIS2_PLACEMENT_3D ( 'NONE', #2616, #5631, #2494 ) ;
#5959 = ORIENTED_EDGE ( 'NONE', *, *, #5323, .F. ) ;
#5960 = CARTESIAN_POINT ( 'NONE',  ( 0.9843342201064364527, 2.332881258751279496, 0.1446480485160217544 ) ) ;
#5961 = LINE ( 'NONE', #5342, #6460 ) ;
#5962 = VECTOR ( 'NONE', #7515, 1000.000000000000114 ) ;
#5963 = ORIENTED_CLOSED_SHELL ( 'NONE', *, #4949, .F. );
#5964 = CARTESIAN_POINT ( 'NONE',  ( 35.00000000000014921, -1.199999999999999956, 90.00000000000000000 ) ) ;
#5965 = PLANE ( 'NONE',  #2466 ) ;
#5966 = DIRECTION ( 'NONE',  ( 0.000000000000000000, 0.000000000000000000, 1.000000000000000000 ) ) ;
#5967 = ORIENTED_EDGE ( 'NONE', *, *, #6386, .F. ) ;
#5968 = DIRECTION ( 'NONE',  ( 6.845769268624693726E-16, -5.551115123125739315E-16, -1.000000000000000000 ) ) ;
#5969 = VECTOR ( 'NONE', #5906, 1000.000000000000114 ) ;
#5970 = FACE_OUTER_BOUND ( 'NONE', #2024, .T. ) ;
#5971 = FACE_OUTER_BOUND ( 'NONE', #765, .T. ) ;
#5972 = LINE ( 'NONE', #6552, #1967 ) ;
#5973 = EDGE_CURVE ( 'NONE', #1608, #4459, #6426, .T. ) ;
#5974 = VECTOR ( 'NONE', #1079, 1000.000000000000000 ) ;
#5975 = ORIENTED_EDGE ( 'NONE', *, *, #6196, .T. ) ;
#5976 = DIRECTION ( 'NONE',  ( -1.000000000000000000, -3.110410790118177818E-16, 7.400880780937398214E-16 ) ) ;
#5977 = VERTEX_POINT ( 'NONE', #2045 ) ;
#5978 = CARTESIAN_POINT ( 'NONE',  ( 2.450950000000007289, -1.940436768592790351, -1.120311690692626927 ) ) ;
#5979 = CARTESIAN_POINT ( 'NONE',  ( 2.450950000000090334, 1.882174645852108252, -0.9933455343580643859 ) ) ;
#5980 = CARTESIAN_POINT ( 'NONE',  ( 0.9699999999999986411, 2.471054640734354990, -0.4415490844347086385 ) ) ;
#5981 = FACE_OUTER_BOUND ( 'NONE', #7828, .T. ) ;
#5982 = AXIS2_PLACEMENT_3D ( 'NONE', #2899, #7950, #2282 ) ;
#5983 = ADVANCED_FACE ( 'NONE', ( #6926 ), #1962, .F. ) ;
#5984 = ADVANCED_FACE ( 'NONE', ( #6966 ), #1427, .T. ) ;
#5985 = ADVANCED_FACE ( 'NONE', ( #5687 ), #6303, .F. ) ;
#5986 = LINE ( 'NONE', #8010, #5765 ) ;
#5987 = ORIENTED_EDGE ( 'NONE', *, *, #186, .T. ) ;
#5988 =( NAMED_UNIT ( * ) SI_UNIT ( $, .STERADIAN. ) SOLID_ANGLE_UNIT ( ) );
#5989 = PRODUCT_DEFINITION_FORMATION_WITH_SPECIFIED_SOURCE ( 'ANY', '', #655, .NOT_KNOWN. ) ;
#5990 = DIRECTION ( 'NONE',  ( -5.803686921052500001E-16, -0.6988318732559525293, 0.7152859658357463291 ) ) ;
#5991 = DIRECTION ( 'NONE',  ( -1.000000000000000000, -2.000187765493021278E-16, 7.400880780937300593E-16 ) ) ;
#5992 = VERTEX_POINT ( 'NONE', #4483 ) ;
#5993 = FILL_AREA_STYLE_COLOUR ( '', #2013 ) ;
#5994 = DIRECTION ( 'NONE',  ( 0.000000000000000000, 1.000000000000000000, 0.000000000000000000 ) ) ;
#5995 = ADVANCED_FACE ( 'NONE', ( #4563 ), #1883, .T. ) ;
#5996 = ADVANCED_FACE ( 'NONE', ( #7586 ), #2669, .F. ) ;
#5997 = EDGE_LOOP ( 'NONE', ( #2672, #7798, #7847, #5935 ) ) ;
#5998 = DIRECTION ( 'NONE',  ( -6.995041010479867029E-16, 0.3248433367098592650, 0.9457678396917528207 ) ) ;
#5999 = ORIENTED_EDGE ( 'NONE', *, *, #3862, .T. ) ;
#6000 = ORIENTED_EDGE ( 'NONE', *, *, #3646, .T. ) ;
#6001 = LINE ( 'NONE', #346, #5538 ) ;
#6002 = DIRECTION ( 'NONE',  ( 1.000000000000000000, 0.000000000000000000, 0.000000000000000000 ) ) ;
#6003 = VERTEX_POINT ( 'NONE', #1357 ) ;
#6004 = CARTESIAN_POINT ( 'NONE',  ( 0.9700000000000541522, 2.300047294175100454, 0.1574800423556066420 ) ) ;
#6005 = LINE ( 'NONE', #349, #1735 ) ;
#6006 = ORIENTED_EDGE ( 'NONE', *, *, #6142, .F. ) ;
#6007 = ORIENTED_EDGE ( 'NONE', *, *, #7191, .F. ) ;
#6008 = LINE ( 'NONE', #6710, #2083 ) ;
#6009 = DIRECTION ( 'NONE',  ( 0.000000000000000000, 0.000000000000000000, 1.000000000000000000 ) ) ;
#6010 = DIRECTION ( 'NONE',  ( 6.193382601542251071E-16, -0.05089991897257698655, -0.9987037590039326007 ) ) ;
#6011 = LINE ( 'NONE', #4181, #6714 ) ;
#6012 = DIRECTION ( 'NONE',  ( -5.926139032278367624E-16, -0.7772448707080705788, 0.6291982286672416214 ) ) ;
#6013 = ORIENTED_EDGE ( 'NONE', *, *, #2887, .T. ) ;
#6014 = CARTESIAN_POINT ( 'NONE',  ( 0.9699999999999986411, 2.475529918803315077, -0.4526374039800218352 ) ) ;
#6015 = ORIENTED_EDGE ( 'NONE', *, *, #6497, .T. ) ;
#6016 = FACE_OUTER_BOUND ( 'NONE', #5338, .T. ) ;
#6017 = FACE_OUTER_BOUND ( 'NONE', #2728, .T. ) ;
#6018 = PLANE ( 'NONE',  #171 ) ;
#6019 = DIRECTION ( 'NONE',  ( -3.593773247311037665E-16, 0.8463804217565837895, 0.5325788032461932220 ) ) ;
#6020 = EDGE_CURVE ( 'NONE', #4419, #5712, #7673, .T. ) ;
#6021 = CARTESIAN_POINT ( 'NONE',  ( 0.9843342201064364527, 2.486422737122351290, -0.4626929670481366719 ) ) ;
#6022 = DIRECTION ( 'NONE',  ( 0.000000000000000000, 0.000000000000000000, -1.000000000000000000 ) ) ;
#6023 = EDGE_CURVE ( 'NONE', #3360, #680, #3161, .T. ) ;
#6024 = DIRECTION ( 'NONE',  ( 0.7071067811865467956, -0.000000000000000000, -0.7071067811865483499 ) ) ;
#6025 = ORIENTED_EDGE ( 'NONE', *, *, #4782, .F. ) ;
#6026 = FACE_OUTER_BOUND ( 'NONE', #4444, .T. ) ;
#6027 = AXIS2_PLACEMENT_3D ( 'NONE', #5978, #2258, #909 ) ;
#6028 = CARTESIAN_POINT ( 'NONE',  ( 0.9843342201064364527, 2.463368113483577204, -0.4569185739850128991 ) ) ;
#6029 = EDGE_CURVE ( 'NONE', #5992, #7743, #3938, .T. ) ;
#6030 = EDGE_CURVE ( 'NONE', #3260, #2312, #8069, .T. ) ;
#6031 = AXIS2_PLACEMENT_3D ( 'NONE', #5356, #2871, #4185 ) ;
#6032 = VERTEX_POINT ( 'NONE', #3238 ) ;
#6033 = EDGE_CURVE ( 'NONE', #5135, #1968, #7714, .T. ) ;
#6034 = LINE ( 'NONE', #5337, #1462 ) ;
#6035 = CARTESIAN_POINT ( 'NONE',  ( 0.9700000000000541522, 2.362123067768035156, 0.1402156209755617278 ) ) ;
#6036 = EDGE_LOOP ( 'NONE', ( #3109, #6900, #1753, #5444 ) ) ;
#6037 = VERTEX_POINT ( 'NONE', #5150 ) ;
#6038 = EDGE_CURVE ( 'NONE', #1414, #6496, #901, .T. ) ;
#6039 = VECTOR ( 'NONE', #8100, 1000.000000000000000 ) ;
#6040 = LINE ( 'NONE', #386, #5271 ) ;
#6041 = DIRECTION ( 'NONE',  ( -4.657749217521145443E-19, -1.000000000000000000, -1.836964293708888604E-16 ) ) ;
#6042 = ORIENTED_EDGE ( 'NONE', *, *, #7298, .T. ) ;
#6043 = PLANE ( 'NONE',  #7082 ) ;
#6044 = VECTOR ( 'NONE', #2323, 1000.000000000000000 ) ;
#6045 = CARTESIAN_POINT ( 'NONE',  ( 5.000000000000057732, -10.00000000000001421, -19.40996438382938294 ) ) ;
#6046 = ORIENTED_EDGE ( 'NONE', *, *, #2028, .T. ) ;
#6047 = ORIENTED_EDGE ( 'NONE', *, *, #4571, .F. ) ;
#6048 = DIRECTION ( 'NONE',  ( -6.845769268624693726E-16, 5.551115123125739315E-16, 1.000000000000000000 ) ) ;
#6049 = DIRECTION ( 'NONE',  ( -0.000000000000000000, 1.000000000000000000, -0.000000000000000000 ) ) ;
#6050 = CARTESIAN_POINT ( 'NONE',  ( 0.9843342201064364527, 2.418816341711011120, 0.2702983817564619251 ) ) ;
#6051 = LINE ( 'NONE', #3030, #2755 ) ;
#6052 = LINE ( 'NONE', #5598, #4599 ) ;
#6053 = AXIS2_PLACEMENT_3D ( 'NONE', #5675, #1304, #5717 ) ;
#6054 = ORIENTED_EDGE ( 'NONE', *, *, #1336, .T. ) ;
#6055 =( NAMED_UNIT ( * ) PLANE_ANGLE_UNIT ( ) SI_UNIT ( $, .RADIAN. ) );
#6056 = EDGE_LOOP ( 'NONE', ( #2165, #4594, #3466, #5601 ) ) ;
#6057 = LINE ( 'NONE', #4188, #2987 ) ;
#6058 = VECTOR ( 'NONE', #5634, 1000.000000000000000 ) ;
#6059 = LINE ( 'NONE', #3533, #5673 ) ;
#6060 = DIRECTION ( 'NONE',  ( 1.000000000000000000, 2.000187765493029413E-16, 6.845769268624692740E-16 ) ) ;
#6061 = DIRECTION ( 'NONE',  ( -1.000000000000000000, -2.000187765493021278E-16, 7.400880780937300593E-16 ) ) ;
#6062 = VECTOR ( 'NONE', #6236, 1000.000000000000114 ) ;
#6063 = VECTOR ( 'NONE', #2361, 1000.000000000000000 ) ;
#6064 = VERTEX_POINT ( 'NONE', #3403 ) ;
#6065 = DIRECTION ( 'NONE',  ( -0.000000000000000000, 1.000000000000000000, -0.000000000000000000 ) ) ;
#6066 = DIRECTION ( 'NONE',  ( -0.000000000000000000, 1.000000000000000000, -0.000000000000000000 ) ) ;
#6067 = DIRECTION ( 'NONE',  ( 1.000000000000000000, 2.000187765493029413E-16, 6.845769268624692740E-16 ) ) ;
#6068 = ORIENTED_EDGE ( 'NONE', *, *, #4664, .F. ) ;
#6069 = VECTOR ( 'NONE', #4632, 1000.000000000000000 ) ;
#6070 = CIRCLE ( 'NONE', #4218, 2.500000000000002220 ) ;
#6071 = CARTESIAN_POINT ( 'NONE',  ( 0.9843342201064919639, 2.400816861523324963, 0.2534304449036267615 ) ) ;
#6072 = FACE_OUTER_BOUND ( 'NONE', #7698, .T. ) ;
#6073 = DIRECTION ( 'NONE',  ( 0.000000000000000000, 0.000000000000000000, 1.000000000000000000 ) ) ;
#6074 = AXIS2_PLACEMENT_3D ( 'NONE', #3960, #1937, #755 ) ;
#6075 = VECTOR ( 'NONE', #6049, 1000.000000000000000 ) ;
#6076 = EDGE_CURVE ( 'NONE', #3122, #2468, #6588, .T. ) ;
#6077 = DIRECTION ( 'NONE',  ( 3.758717262572422033E-16, 0.8875709788823042956, -0.4606709861125486416 ) ) ;
#6078 = EDGE_LOOP ( 'NONE', ( #7294, #6188, #5869, #7858 ) ) ;
#6079 = LINE ( 'NONE', #425, #6869 ) ;
#6080 = ORIENTED_EDGE ( 'NONE', *, *, #8013, .F. ) ;
#6081 = VERTEX_POINT ( 'NONE', #5265 ) ;
#6082 = VECTOR ( 'NONE', #4684, 1000.000000000000000 ) ;
#6083 = CARTESIAN_POINT ( 'NONE',  ( 0.000000000000000000, -10.00000000000001421, -19.40996438382938294 ) ) ;
#6084 = EDGE_CURVE ( 'NONE', #6896, #436, #2745, .T. ) ;
#6085 = EDGE_CURVE ( 'NONE', #4498, #7636, #5310, .T. ) ;
#6086 = ADVANCED_FACE ( 'NONE', ( #6633 ), #2787, .F. ) ;
#6087 = VECTOR ( 'NONE', #7492, 1000.000000000000114 ) ;
#6088 = ORIENTED_EDGE ( 'NONE', *, *, #5868, .F. ) ;
#6089 = CARTESIAN_POINT ( 'NONE',  ( 2.470000000000027729, 4.996003610813204432E-13, 1.963499999999889001 ) ) ;
#6090 = LINE ( 'NONE', #1658, #3183 ) ;
#6091 = ORIENTED_EDGE ( 'NONE', *, *, #1502, .T. ) ;
#6092 = EDGE_LOOP ( 'NONE', ( #3369, #1221, #4149, #79 ) ) ;
#6093 = CARTESIAN_POINT ( 'NONE',  ( 0.9699999999999986411, 2.125255814197979376, -0.07459528143360927288 ) ) ;
#6094 = CARTESIAN_POINT ( 'NONE',  ( 0.9700000000000541522, 2.262313893167195111, 0.1881129874340137231 ) ) ;
#6095 = LINE ( 'NONE', #5505, #7110 ) ;
#6096 = VECTOR ( 'NONE', #295, 1000.000000000000000 ) ;
#6097 = CARTESIAN_POINT ( 'NONE',  ( 0.9699999999999986411, 2.398268237188666774, 0.01740461005361737534 ) ) ;
#6098 = EDGE_CURVE ( 'NONE', #886, #2519, #5929, .T. ) ;
#6099 = VERTEX_POINT ( 'NONE', #4723 ) ;
#6100 = CARTESIAN_POINT ( 'NONE',  ( 0.9700000000000541522, 2.521786211845261860, 0.2788837195466659091 ) ) ;
#6101 = VERTEX_POINT ( 'NONE', #3982 ) ;
#6102 = CARTESIAN_POINT ( 'NONE',  ( 0.9699999999999986411, 2.411458586530551784, -0.2347371884625498728 ) ) ;
#6103 = AXIS2_PLACEMENT_3D ( 'NONE', #6407, #7219, #6692 ) ;
#6104 = CARTESIAN_POINT ( 'NONE',  ( 64.03805922287450869, -1.224646799147322569E-18, 7.890000000000009450 ) ) ;
#6105 = DIRECTION ( 'NONE',  ( 8.497694209043068070E-33, -0.3420201433256661594, -0.9396926207859093161 ) ) ;
#6106 = DIRECTION ( 'NONE',  ( -0.000000000000000000, 1.000000000000000000, 0.000000000000000000 ) ) ;
#6107 = AXIS2_PLACEMENT_3D ( 'NONE', #7373, #4982, #1716 ) ;
#6108 = CARTESIAN_POINT ( 'NONE',  ( 2.469999999999861195, -0.03601191218871591104, 2.273457506810801387 ) ) ;
#6109 = VERTEX_POINT ( 'NONE', #7286 ) ;
#6110 = CARTESIAN_POINT ( 'NONE',  ( 2.469999999999972218, -1.575794341458991443, -1.197644138312858875 ) ) ;
#6111 = CARTESIAN_POINT ( 'NONE',  ( 0.9699999999999986411, 2.471483893426634992, -0.4542524141098597257 ) ) ;
#6112 = CYLINDRICAL_SURFACE ( 'NONE', #5690, 1.000000000000000888 ) ;
#6113 = VERTEX_POINT ( 'NONE', #2707 ) ;
#6114 = VECTOR ( 'NONE', #611, 1000.000000000000000 ) ;
#6115 = DIRECTION ( 'NONE',  ( 1.000000000000000000, 2.000187765493029413E-16, 6.845769268624692740E-16 ) ) ;
#6116 = DIRECTION ( 'NONE',  ( 5.551115123125782702E-16, 0.000000000000000000, 1.000000000000000000 ) ) ;
#6117 = CARTESIAN_POINT ( 'NONE',  ( 0.7275000000000475531, -2.220446049250313081E-13, 2.498001805406602216E-13 ) ) ;
#6118 = CARTESIAN_POINT ( 'NONE',  ( 0.9843342201064364527, 2.416638973676554780, 0.2657177383791342606 ) ) ;
#6119 = DIRECTION ( 'NONE',  ( 0.000000000000000000, 0.000000000000000000, 1.000000000000000000 ) ) ;
#6120 = EDGE_LOOP ( 'NONE', ( #3728, #4291, #6408, #7732 ) ) ;
#6121 = ORIENTED_EDGE ( 'NONE', *, *, #1336, .F. ) ;
#6122 = ADVANCED_FACE ( 'NONE', ( #5970 ), #317, .T. ) ;
#6123 = CARTESIAN_POINT ( 'NONE',  ( -37.53506594195680179, -2.199999999999999734, 7.347880794884117764E-17 ) ) ;
#6124 = ORIENTED_EDGE ( 'NONE', *, *, #3693, .F. ) ;
#6125 = CARTESIAN_POINT ( 'NONE',  ( 2.279499999986056569, -1.387778780781445676E-13, 2.220446049250313081E-13 ) ) ;
#6126 = CYLINDRICAL_SURFACE ( 'NONE', #4247, 2.110000000000000764 ) ;
#6127 = ORIENTED_EDGE ( 'NONE', *, *, #1149, .T. ) ;
#6128 = ADVANCED_FACE ( 'NONE', ( #7168 ), #273, .T. ) ;
#6129 = ORIENTED_EDGE ( 'NONE', *, *, #745, .T. ) ;
#6130 = CARTESIAN_POINT ( 'NONE',  ( 0.9843342201064364527, 2.521531062727455641, -0.2346925392427562373 ) ) ;
#6131 = CARTESIAN_POINT ( 'NONE',  ( 110.0000000000000568, -1.224646799147322569E-18, 169.9999999999999716 ) ) ;
#6132 = DIRECTION ( 'NONE',  ( 0.000000000000000000, 0.3420201433256661039, 0.9396926207859094271 ) ) ;
#6133 = EDGE_CURVE ( 'NONE', #930, #5694, #5352, .T. ) ;
#6134 = EDGE_CURVE ( 'NONE', #660, #4077, #2866, .T. ) ;
#6135 = CARTESIAN_POINT ( 'NONE',  ( 80.00000000000002842, -1.447555684683521360, 182.0673237657289860 ) ) ;
#6136 = ORIENTED_EDGE ( 'NONE', *, *, #6950, .T. ) ;
#6137 = CARTESIAN_POINT ( 'NONE',  ( 0.9843342201064364527, 2.125255814197729798, -0.07459528143372029518 ) ) ;
#6138 = CLOSED_SHELL ( 'NONE', ( #2297, #3418, #3543, #2457, #4038, #6347, #6543, #1730, #377, #4778, #423, #8112, #7896, #5983, #2185, #804, #2654, #3054, #6316, #3335, #6175, #6439, #4308, #4566, #284, #2328, #6128, #1093, #7642, #6883, #3306, #2955, #5916, #4712, #432, #1691, #5185, #688, #5534, #4513 ) ) ;
#6139 = VERTEX_POINT ( 'NONE', #7242 ) ;
#6140 = ORIENTED_EDGE ( 'NONE', *, *, #1775, .T. ) ;
#6141 = CARTESIAN_POINT ( 'NONE',  ( 0.000000000000000000, -1.199999999999999956, 90.00000000000000000 ) ) ;
#6142 = EDGE_CURVE ( 'NONE', #1433, #5977, #1545, .T. ) ;
#6143 = LINE ( 'NONE', #4814, #6467 ) ;
#6144 = CARTESIAN_POINT ( 'NONE',  ( 0.9699999999999986411, 2.521531062727372152, -0.1294380075608364544 ) ) ;
#6145 = CARTESIAN_POINT ( 'NONE',  ( 0.9843342201064364527, 2.473026928731552943, -0.05453024012896934281 ) ) ;
#6146 = EDGE_CURVE ( 'NONE', #7029, #3814, #6512, .T. ) ;
#6147 = EDGE_LOOP ( 'NONE', ( #466, #2469, #5188, #2322, #6571, #3736, #7993, #772, #1903, #2189, #3654, #2830, #6395, #1351, #7955, #2713, #1630, #7763, #6342, #2358, #448, #5485, #4588, #5476 ) ) ;
#6148 = ORIENTED_EDGE ( 'NONE', *, *, #2089, .F. ) ;
#6149 = DIRECTION ( 'NONE',  ( 1.000000000000000000, 2.000187765493021278E-16, -7.400880780937300593E-16 ) ) ;
#6150 = LINE ( 'NONE', #2664, #3313 ) ;
#6151 = LINE ( 'NONE', #6773, #287 ) ;
#6152 = ORIENTED_EDGE ( 'NONE', *, *, #1003, .F. ) ;
#6153 = CARTESIAN_POINT ( 'NONE',  ( -2.393901307742723596E-16, -1.447555684683528243, -2.067323765728998453 ) ) ;
#6154 = DIRECTION ( 'NONE',  ( 6.845769268624692740E-16, -5.551115123125739315E-16, -1.000000000000000000 ) ) ;
#6155 = CARTESIAN_POINT ( 'NONE',  ( 140.0657100388075662, -2.199999999999999734, 180.0000000000000000 ) ) ;
#6156 = AXIS2_PLACEMENT_3D ( 'NONE', #6125, #2319, #7989 ) ;
#6157 = DIRECTION ( 'NONE',  ( -1.000000000000000000, -2.000187765493021278E-16, 7.400880780937300593E-16 ) ) ;
#6158 = VERTEX_POINT ( 'NONE', #1509 ) ;
#6159 = LINE ( 'NONE', #3790, #4111 ) ;
#6160 = ORIENTED_EDGE ( 'NONE', *, *, #2224, .F. ) ;
#6161 = CARTESIAN_POINT ( 'NONE',  ( 120.0000000000000284, 0.000000000000000000, 180.0000000000000000 ) ) ;
#6162 = DIRECTION ( 'NONE',  ( -1.017177444479665533E-15, 5.551115123125739315E-16, 1.000000000000000000 ) ) ;
#6163 = VECTOR ( 'NONE', #5553, 999.9999999999998863 ) ;
#6164 = FACE_OUTER_BOUND ( 'NONE', #4569, .T. ) ;
#6165 = CARTESIAN_POINT ( 'NONE',  ( 0.9843342201064919639, 1.892261543406631441, 0.3948905628682192193 ) ) ;
#6166 = DIRECTION ( 'NONE',  ( 1.000000000000000000, -0.000000000000000000, -0.000000000000000000 ) ) ;
#6167 = ORIENTED_EDGE ( 'NONE', *, *, #6832, .F. ) ;
#6168 = ORIENTED_EDGE ( 'NONE', *, *, #2887, .F. ) ;
#6169 = DIRECTION ( 'NONE',  ( 1.445076253180178246E-16, 1.000000000000000000, -5.551115123125738329E-16 ) ) ;
#6170 = DIRECTION ( 'NONE',  ( -3.836706503297411459E-17, 0.9707037360529219283, 0.2402795388977162216 ) ) ;
#6171 = DIRECTION ( 'NONE',  ( -1.387778780781445676E-16, 0.9396926207859093161, -0.3420201433256661039 ) ) ;
#6172 = DIRECTION ( 'NONE',  ( -7.400880780937299607E-16, -5.551115123125742273E-16, -1.000000000000000000 ) ) ;
#6173 = CIRCLE ( 'NONE', #6836, 2.500000000000002220 ) ;
#6174 = VERTEX_POINT ( 'NONE', #3364 ) ;
#6175 = ADVANCED_FACE ( 'NONE', ( #1585 ), #7918, .F. ) ;
#6176 = VERTEX_POINT ( 'NONE', #6550 ) ;
#6177 = ORIENTED_EDGE ( 'NONE', *, *, #6134, .F. ) ;
#6178 = ADVANCED_FACE ( 'NONE', ( #7748 ), #3323, .T. ) ;
#6179 = CYLINDRICAL_SURFACE ( 'NONE', #739, 2.499999999999998668 ) ;
#6180 = PLANE ( 'NONE',  #136 ) ;
#6181 = VECTOR ( 'NONE', #5888, 1000.000000000000114 ) ;
#6182 = CARTESIAN_POINT ( 'NONE',  ( 2.470000000000055707, 1.827983448570907887, -0.9620582320193360459 ) ) ;
#6183 = LINE ( 'NONE', #6145, #7383 ) ;
#6184 = EDGE_CURVE ( 'NONE', #4652, #3988, #196, .T. ) ;
#6185 = ORIENTED_EDGE ( 'NONE', *, *, #900, .T. ) ;
#6186 = VECTOR ( 'NONE', #3074, 1000.000000000000114 ) ;
#6187 = ADVANCED_FACE ( 'NONE', ( #3690 ), #2986, .F. ) ;
#6188 = ORIENTED_EDGE ( 'NONE', *, *, #1251, .F. ) ;
#6189 = PLANE ( 'NONE',  #2206 ) ;
#6190 = EDGE_CURVE ( 'NONE', #6922, #2365, #1059, .T. ) ;
#6191 = DIRECTION ( 'NONE',  ( 1.000000000000000000, 0.000000000000000000, 0.000000000000000000 ) ) ;
#6192 = CARTESIAN_POINT ( 'NONE',  ( 0.9843342201064364527, 2.398268237188555752, 0.01740461005340920853 ) ) ;
#6193 = EDGE_LOOP ( 'NONE', ( #3077, #3315, #707, #6717 ) ) ;
#6194 = FACE_OUTER_BOUND ( 'NONE', #7178, .T. ) ;
#6195 = VECTOR ( 'NONE', #7482, 1000.000000000000000 ) ;
#6196 = EDGE_CURVE ( 'NONE', #6308, #385, #1662, .T. ) ;
#6197 = CIRCLE ( 'NONE', #3951, 2.500000000000002220 ) ;
#6198 = CARTESIAN_POINT ( 'NONE',  ( 0.9699999999999986411, 2.488600875783203215, -0.4638234741388275184 ) ) ;
#6199 = VECTOR ( 'NONE', #1670, 999.9999999999998863 ) ;
#6200 = DIRECTION ( 'NONE',  ( 3.458811576222608189E-17, 0.9759635946335289969, 0.2179336182189449134 ) ) ;
#6201 = ORIENTED_EDGE ( 'NONE', *, *, #77, .F. ) ;
#6202 = VERTEX_POINT ( 'NONE', #2372 ) ;
#6203 = PLANE ( 'NONE',  #4353 ) ;
#6204 = CIRCLE ( 'NONE', #1853, 1.000000000000000000 ) ;
#6205 = DIRECTION ( 'NONE',  ( -1.000000000000000000, 0.000000000000000000, 0.000000000000000000 ) ) ;
#6206 = VECTOR ( 'NONE', #8049, 1000.000000000000000 ) ;
#6207 = DIRECTION ( 'NONE',  ( 0.000000000000000000, 0.000000000000000000, 1.000000000000000000 ) ) ;
#6208 = PLANE ( 'NONE',  #6815 ) ;
#6209 = FACE_OUTER_BOUND ( 'NONE', #3522, .T. ) ;
#6210 = ORIENTED_EDGE ( 'NONE', *, *, #3596, .T. ) ;
#6211 = AXIS2_PLACEMENT_3D ( 'NONE', #699, #5643, #720 ) ;
#6212 = VERTEX_POINT ( 'NONE', #4887 ) ;
#6213 = CARTESIAN_POINT ( 'NONE',  ( 120.0000000000000284, -1.199999999999999956, -7.056100142781005064E-16 ) ) ;
#6214 = DIRECTION ( 'NONE',  ( -1.000000000000000000, -2.000187765493021278E-16, 7.400880780937300593E-16 ) ) ;
#6215 = CARTESIAN_POINT ( 'NONE',  ( 110.0000000000000284, -1.199999999999999956, 12.11000000000000298 ) ) ;
#6216 = DIRECTION ( 'NONE',  ( 2.208597309011063731E-16, -0.8660254037844428154, -0.4999999999999927280 ) ) ;
#6217 =( GEOMETRIC_REPRESENTATION_CONTEXT ( 3 ) GLOBAL_UNCERTAINTY_ASSIGNED_CONTEXT ( ( #4728 ) ) GLOBAL_UNIT_ASSIGNED_CONTEXT ( ( #4249, #4122, #1522 ) ) REPRESENTATION_CONTEXT ( 'NONE', 'WORKASPACE' ) );
#6218 = CARTESIAN_POINT ( 'NONE',  ( 2.470000000000027729, -2.077310761883277568, -1.437593687563382128 ) ) ;
#6219 = ORIENTED_EDGE ( 'NONE', *, *, #1681, .F. ) ;
#6220 = ORIENTED_EDGE ( 'NONE', *, *, #8114, .T. ) ;
#6221 = ORIENTED_EDGE ( 'NONE', *, *, #4270, .F. ) ;
#6222 = DIRECTION ( 'NONE',  ( -7.016649338732739582E-16, -0.3078614749836516840, 0.9514311915324672464 ) ) ;
#6223 = FACE_OUTER_BOUND ( 'NONE', #255, .T. ) ;
#6224 = VECTOR ( 'NONE', #4388, 1000.000000000000000 ) ;
#6225 = DIRECTION ( 'NONE',  ( 8.497694209043065333E-33, -1.000000000000000000, 5.551115123125780237E-17 ) ) ;
#6226 = LINE ( 'NONE', #576, #2106 ) ;
#6227 = EDGE_CURVE ( 'NONE', #4470, #5932, #3710, .T. ) ;
#6228 = VECTOR ( 'NONE', #4790, 1000.000000000000000 ) ;
#6229 = ORIENTED_EDGE ( 'NONE', *, *, #1685, .F. ) ;
#6230 = ORIENTED_EDGE ( 'NONE', *, *, #7495, .T. ) ;
#6231 = ORIENTED_EDGE ( 'NONE', *, *, #5183, .F. ) ;
#6232 = CARTESIAN_POINT ( 'NONE',  ( 75.00000000000004263, -1.857979856674333963, -0.9396926207859094271 ) ) ;
#6233 = CARTESIAN_POINT ( 'NONE',  ( 0.000000000000000000, 169.5339978379939794, 119.8351276748814058 ) ) ;
#6234 = VERTEX_POINT ( 'NONE', #3073 ) ;
#6235 = EDGE_CURVE ( 'NONE', #7557, #7355, #1100, .T. ) ;
#6236 = DIRECTION ( 'NONE',  ( 0.7071067811865474617, -0.000000000000000000, 0.7071067811865474617 ) ) ;
#6237 = AXIS2_PLACEMENT_3D ( 'NONE', #164, #1320, #6313 ) ;
#6238 = EDGE_CURVE ( 'NONE', #7355, #2545, #4141, .T. ) ;
#6239 = EDGE_CURVE ( 'NONE', #2217, #3945, #1140, .T. ) ;
#6240 = SURFACE_SIDE_STYLE ('',( #6863 ) ) ;
#6241 = LINE ( 'NONE', #1165, #276 ) ;
#6242 = ORIENTED_EDGE ( 'NONE', *, *, #5484, .T. ) ;
#6243 = EDGE_CURVE ( 'NONE', #853, #3562, #513, .T. ) ;
#6244 = ORIENTED_EDGE ( 'NONE', *, *, #3995, .T. ) ;
#6245 = FACE_OUTER_BOUND ( 'NONE', #5600, .T. ) ;
#6246 = EDGE_CURVE ( 'NONE', #56, #3979, #4843, .T. ) ;
#6247 = DIRECTION ( 'NONE',  ( -6.221421824593029792E-18, 0.9720757995434984311, 0.2346670832091035386 ) ) ;
#6248 = CONTEXT_DEPENDENT_SHAPE_REPRESENTATION ( #5721, #4995 ) ;
#6249 = ORIENTED_EDGE ( 'NONE', *, *, #3053, .F. ) ;
#6250 = FACE_OUTER_BOUND ( 'NONE', #3450, .T. ) ;
#6251 = ORIENTED_EDGE ( 'NONE', *, *, #4050, .F. ) ;
#6252 = ORIENTED_EDGE ( 'NONE', *, *, #487, .F. ) ;
#6253 = LINE ( 'NONE', #8162, #5498 ) ;
#6254 = LINE ( 'NONE', #4430, #5162 ) ;
#6255 = CARTESIAN_POINT ( 'NONE',  ( 0.9699999999999986411, 2.486652238561370964, -0.4525014031271090698 ) ) ;
#6256 = CYLINDRICAL_SURFACE ( 'NONE', #7646, 2.110000000000000764 ) ;
#6257 = CARTESIAN_POINT ( 'NONE',  ( 2.469999999999972218, -1.543091786165323720, -1.254286625618925122 ) ) ;
#6258 = ORIENTED_EDGE ( 'NONE', *, *, #799, .T. ) ;
#6259 = ORIENTED_EDGE ( 'NONE', *, *, #4618, .T. ) ;
#6260 = ORIENTED_EDGE ( 'NONE', *, *, #4928, .F. ) ;
#6261 = LINE ( 'NONE', #6141, #1130 ) ;
#6262 = LINE ( 'NONE', #7012, #410 ) ;
#6263 = FACE_BOUND ( 'NONE', #3433, .T. ) ;
#6264 = LINE ( 'NONE', #7587, #3009 ) ;
#6265 = CARTESIAN_POINT ( 'NONE',  ( 2.470000000000055707, 1.797337126538345320, -1.265437637551755756 ) ) ;
#6266 = VECTOR ( 'NONE', #2380, 1000.000000000000114 ) ;
#6267 = ORIENTED_EDGE ( 'NONE', *, *, #6483, .F. ) ;
#6268 = ORIENTED_EDGE ( 'NONE', *, *, #7805, .T. ) ;
#6269 = ORIENTED_EDGE ( 'NONE', *, *, #76, .T. ) ;
#6270 = CARTESIAN_POINT ( 'NONE',  ( 0.9700000000000541522, 2.406246664099720434, 0.2565332301880385302 ) ) ;
#6271 = LINE ( 'NONE', #624, #6493 ) ;
#6272 = CARTESIAN_POINT ( 'NONE',  ( 110.0000000000000568, -1.224646799147322569E-18, 172.1099999999999852 ) ) ;
#6273 = EDGE_CURVE ( 'NONE', #2702, #1634, #1706, .T. ) ;
#6274 = EDGE_LOOP ( 'NONE', ( #5168, #6916, #3209, #6260 ) ) ;
#6275 = CARTESIAN_POINT ( 'NONE',  ( 0.9700000000000541522, 2.416638973676554780, 0.2657177383791342606 ) ) ;
#6276 = CARTESIAN_POINT ( 'NONE',  ( 2.470000000000027729, -2.192195559948734385, -1.053329161976146455 ) ) ;
#6277 = DIRECTION ( 'NONE',  ( 0.000000000000000000, 0.000000000000000000, 1.000000000000000000 ) ) ;
#6278 = EDGE_CURVE ( 'NONE', #1324, #5086, #6833, .T. ) ;
#6279 = VERTEX_POINT ( 'NONE', #398 ) ;
#6280 = EDGE_CURVE ( 'NONE', #6500, #6949, #6711, .T. ) ;
#6281 = VERTEX_POINT ( 'NONE', #5597 ) ;
#6282 = CARTESIAN_POINT ( 'NONE',  ( 120.0000000000000284, -9.999999999999955591, 194.4099643838293616 ) ) ;
#6283 = DIRECTION ( 'NONE',  ( 7.872806842835568418E-16, 0.1971841888170626778, -0.9803664598916861372 ) ) ;
#6284 = ADVANCED_FACE ( 'NONE', ( #7319 ), #564, .F. ) ;
#6285 = ORIENTED_EDGE ( 'NONE', *, *, #2913, .T. ) ;
#6286 = DIRECTION ( 'NONE',  ( -0.7071067811865513475, -0.000000000000000000, -0.7071067811865435759 ) ) ;
#6287 = LINE ( 'NONE', #8034, #6224 ) ;
#6288 = ORIENTED_EDGE ( 'NONE', *, *, #1250, .F. ) ;
#6289 = EDGE_CURVE ( 'NONE', #5823, #4459, #7143, .T. ) ;
#6290 = ORIENTED_EDGE ( 'NONE', *, *, #6023, .T. ) ;
#6291 = CARTESIAN_POINT ( 'NONE',  ( 0.2238461538461845868, 7.234694981494745985E-16, -2.099999999993651389 ) ) ;
#6292 = FACE_OUTER_BOUND ( 'NONE', #3602, .T. ) ;
#6293 = VECTOR ( 'NONE', #5464, 1000.000000000000000 ) ;
#6294 = DIRECTION ( 'NONE',  ( -1.000000000000000000, 0.000000000000000000, 0.000000000000000000 ) ) ;
#6295 = CARTESIAN_POINT ( 'NONE',  ( 2.450950000000062801, -2.283648034692081552, -1.080207047563674916 ) ) ;
#6296 = CARTESIAN_POINT ( 'NONE',  ( 0.9843342201064364527, 2.440789267712101029, 0.1548669140300634739 ) ) ;
#6297 = ORIENTED_EDGE ( 'NONE', *, *, #5324, .F. ) ;
#6298 = VECTOR ( 'NONE', #6403, 1000.000000000000000 ) ;
#6299 = ORIENTED_EDGE ( 'NONE', *, *, #4762, .F. ) ;
#6300 = VERTEX_POINT ( 'NONE', #4931 ) ;
#6301 = CARTESIAN_POINT ( 'NONE',  ( 2.470000000073468982, 1.942890293094023946E-13, 3.608224830031758756E-13 ) ) ;
#6302 = DIRECTION ( 'NONE',  ( -1.568022253951334609E-17, 0.000000000000000000, -1.000000000000000000 ) ) ;
#6303 = CYLINDRICAL_SURFACE ( 'NONE', #6211, 2.110000000000000764 ) ;
#6304 = FACE_OUTER_BOUND ( 'NONE', #4554, .T. ) ;
#6305 = LINE ( 'NONE', #2671, #5257 ) ;
#6306 = AXIS2_PLACEMENT_3D ( 'NONE', #6980, #1325, #713 ) ;
#6307 = ORIENTED_EDGE ( 'NONE', *, *, #2440, .T. ) ;
#6308 = VERTEX_POINT ( 'NONE', #3571 ) ;
#6309 = ORIENTED_EDGE ( 'NONE', *, *, #7961, .F. ) ;
#6310 = CARTESIAN_POINT ( 'NONE',  ( 0.9843342201064364527, 2.472115022385063199, -0.4641528512045745014 ) ) ;
#6311 = AXIS2_PLACEMENT_3D ( 'NONE', #8172, #3741, #1963 ) ;
#6312 = ORIENTED_EDGE ( 'NONE', *, *, #6741, .T. ) ;
#6313 = DIRECTION ( 'NONE',  ( 4.992923249690979017E-16, -0.5000000000000058842, -0.8660254037844352659 ) ) ;
#6314 = SURFACE_STYLE_USAGE ( .BOTH. , #119 ) ;
#6315 = VECTOR ( 'NONE', #157, 1000.000000000000000 ) ;
#6316 = ADVANCED_FACE ( 'NONE', ( #7453 ), #7996, .F. ) ;
#6317 = DIRECTION ( 'NONE',  ( 1.000000000000000000, 0.000000000000000000, 0.000000000000000000 ) ) ;
#6318 = DIRECTION ( 'NONE',  ( 1.000000000000000000, 0.000000000000000000, 0.000000000000000000 ) ) ;
#6319 = PLANE ( 'NONE',  #7794 ) ;
#6320 = ORIENTED_EDGE ( 'NONE', *, *, #1684, .T. ) ;
#6321 = VECTOR ( 'NONE', #2483, 999.9999999999998863 ) ;
#6322 = DIRECTION ( 'NONE',  ( -5.729747238077516883E-18, -1.000000000000000000, 3.497202527569202082E-15 ) ) ;
#6323 = ORIENTED_EDGE ( 'NONE', *, *, #7745, .T. ) ;
#6324 = DIRECTION ( 'NONE',  ( 7.313555267573670662E-16, 0.2700398807562516823, -0.9628491381317996201 ) ) ;
#6325 = DIRECTION ( 'NONE',  ( -1.000000000000000000, -2.000187765493021278E-16, 7.400880780937300593E-16 ) ) ;
#6326 = ADVANCED_FACE ( 'NONE', ( #7959 ), #441, .F. ) ;
#6327 = AXIS2_PLACEMENT_3D ( 'NONE', #4994, #7518, #8107 ) ;
#6328 = AXIS2_PLACEMENT_3D ( 'NONE', #3921, #2724, #2687 ) ;
#6329 = DIRECTION ( 'NONE',  ( -1.000000000000000000, -1.722632009336724254E-16, 4.070211707061878303E-16 ) ) ;
#6330 = VERTEX_POINT ( 'NONE', #5753 ) ;
#6331 = ORIENTED_EDGE ( 'NONE', *, *, #5731, .F. ) ;
#6332 = CARTESIAN_POINT ( 'NONE',  ( 2.469999999999972218, -1.675109521795753453, -1.025625200007374005 ) ) ;
#6333 = VECTOR ( 'NONE', #559, 1000.000000000000000 ) ;
#6334 = EDGE_CURVE ( 'NONE', #5712, #5558, #5061, .T. ) ;
#6335 = VECTOR ( 'NONE', #1597, 1000.000000000000000 ) ;
#6336 = PLANE ( 'NONE',  #1473 ) ;
#6337 = DIRECTION ( 'NONE',  ( 0.000000000000000000, 0.000000000000000000, 1.000000000000000000 ) ) ;
#6338 = ADVANCED_FACE ( 'NONE', ( #3229 ), #5097, .T. ) ;
#6339 = EDGE_CURVE ( 'NONE', #3814, #3631, #32, .T. ) ;
#6340 = FACE_OUTER_BOUND ( 'NONE', #5911, .T. ) ;
#6341 = VECTOR ( 'NONE', #2441, 1000.000000000000114 ) ;
#6342 = ORIENTED_EDGE ( 'NONE', *, *, #3866, .F. ) ;
#6343 = CIRCLE ( 'NONE', #2244, 1.000000000000000888 ) ;
#6344 = ORIENTED_EDGE ( 'NONE', *, *, #2447, .T. ) ;
#6345 = ORIENTED_EDGE ( 'NONE', *, *, #7343, .F. ) ;
#6346 = CARTESIAN_POINT ( 'NONE',  ( 0.9843342201063809416, 2.237535760291314624, -0.2852079774566251835 ) ) ;
#6347 = ADVANCED_FACE ( 'NONE', ( #7001 ), #3805, .F. ) ;
#6348 = DIRECTION ( 'NONE',  ( -1.000000000000000000, -1.722632009336712421E-16, 4.625323219374409242E-16 ) ) ;
#6349 = CARTESIAN_POINT ( 'NONE',  ( 0.9700000000000541522, 2.486879519042251019, 0.1903914117200589118 ) ) ;
#6350 = CIRCLE ( 'NONE', #3172, 0.03983479767572151858 ) ;
#6351 = DIRECTION ( 'NONE',  ( -6.845769268624693726E-16, 5.551115123125739315E-16, 1.000000000000000000 ) ) ;
#6352 = EDGE_CURVE ( 'NONE', #7033, #2060, #1266, .T. ) ;
#6353 = ORIENTED_EDGE ( 'NONE', *, *, #4856, .F. ) ;
#6354 = ORIENTED_EDGE ( 'NONE', *, *, #1897, .T. ) ;
#6355 = ORIENTED_EDGE ( 'NONE', *, *, #3051, .T. ) ;
#6356 = CARTESIAN_POINT ( 'NONE',  ( 0.9699999999999986411, 2.471483893426634992, -0.4542524141098597257 ) ) ;
#6357 = CONICAL_SURFACE ( 'NONE', #6613, 1.499999999964541475, 0.7853981632923773271 ) ;
#6358 = VERTEX_POINT ( 'NONE', #3851 ) ;
#6359 = LINE ( 'NONE', #3910, #7032 ) ;
#6360 = LINE ( 'NONE', #956, #7118 ) ;
#6361 = VECTOR ( 'NONE', #494, 1000.000000000000000 ) ;
#6362 = PLANE ( 'NONE',  #2602 ) ;
#6363 = ORIENTED_EDGE ( 'NONE', *, *, #6273, .T. ) ;
#6364 = DIRECTION ( 'NONE',  ( 1.000000000000000000, 0.000000000000000000, 0.000000000000000000 ) ) ;
#6365 = DIRECTION ( 'NONE',  ( 3.458811576222608189E-17, 0.9759635946335289969, 0.2179336182189449134 ) ) ;
#6366 = EDGE_LOOP ( 'NONE', ( #7658, #6689, #7500, #2663 ) ) ;
#6367 = MECHANICAL_DESIGN_GEOMETRIC_PRESENTATION_REPRESENTATION (  '', ( #8093 ), #7418 ) ;
#6368 = CARTESIAN_POINT ( 'NONE',  ( 18.07611844574883619, -1.199999999999999956, 53.85194077712551319 ) ) ;
#6369 = ORIENTED_EDGE ( 'NONE', *, *, #3853, .F. ) ;
#6370 = DIRECTION ( 'NONE',  ( 0.000000000000000000, 1.000000000000000000, 0.000000000000000000 ) ) ;
#6371 = LINE ( 'NONE', #6912, #4607 ) ;
#6372 = VECTOR ( 'NONE', #7254, 1000.000000000000000 ) ;
#6373 = APPLICATION_PROTOCOL_DEFINITION ( 'draft international standard', 'automotive_design', 1998, #7574 ) ;
#6374 = ORIENTED_EDGE ( 'NONE', *, *, #2148, .F. ) ;
#6375 = LINE ( 'NONE', #2109, #3688 ) ;
#6376 = ORIENTED_EDGE ( 'NONE', *, *, #7004, .F. ) ;
#6377 = ORIENTED_EDGE ( 'NONE', *, *, #793, .T. ) ;
#6378 = LINE ( 'NONE', #3730, #3390 ) ;
#6379 = ADVANCED_FACE ( 'NONE', ( #3732 ), #5139, .T. ) ;
#6380 = VECTOR ( 'NONE', #7863, 999.9999999999998863 ) ;
#6381 = DIRECTION ( 'NONE',  ( 6.845769268624692740E-16, -5.551115123125739315E-16, -1.000000000000000000 ) ) ;
#6382 = DIRECTION ( 'NONE',  ( -1.000000000000000000, 0.000000000000000000, 0.000000000000000000 ) ) ;
#6383 = CARTESIAN_POINT ( 'NONE',  ( 2.199500000017451384, -1.387778780781445676E-13, 2.220446049250313081E-13 ) ) ;
#6384 = DIRECTION ( 'NONE',  ( 0.000000000000000000, 0.000000000000000000, 1.000000000000000000 ) ) ;
#6385 = EDGE_LOOP ( 'NONE', ( #340, #7115, #3791, #6462 ) ) ;
#6386 = EDGE_CURVE ( 'NONE', #7533, #3591, #7662, .T. ) ;
#6387 = EDGE_LOOP ( 'NONE', ( #3236, #4452, #2776, #4675 ) ) ;
#6388 = ORIENTED_EDGE ( 'NONE', *, *, #5474, .T. ) ;
#6389 = EDGE_CURVE ( 'NONE', #5558, #8082, #1996, .T. ) ;
#6390 = CARTESIAN_POINT ( 'NONE',  ( 0.9843342201064919639, 2.400816861523324963, 0.2534304449036267615 ) ) ;
#6391 = EDGE_CURVE ( 'NONE', #2892, #4803, #6254, .T. ) ;
#6392 = DIRECTION ( 'NONE',  ( 0.000000000000000000, 0.000000000000000000, 1.000000000000000000 ) ) ;
#6393 = CARTESIAN_POINT ( 'NONE',  ( 0.9700000000000263967, -1.387778780781445676E-13, 2.498001805406602216E-13 ) ) ;
#6394 = CARTESIAN_POINT ( 'NONE',  ( 2.469999999999972218, -1.792384863908286219, -0.8224983489919512891 ) ) ;
#6395 = ORIENTED_EDGE ( 'NONE', *, *, #6190, .F. ) ;
#6396 = EDGE_CURVE ( 'NONE', #5358, #7526, #3191, .T. ) ;
#6397 = ORIENTED_EDGE ( 'NONE', *, *, #2694, .F. ) ;
#6398 = VERTEX_POINT ( 'NONE', #4347 ) ;
#6399 = EDGE_LOOP ( 'NONE', ( #2087, #6840, #6251, #3097 ) ) ;
#6400 = ADVANCED_FACE ( 'NONE', ( #1303 ), #6336, .F. ) ;
#6401 = CARTESIAN_POINT ( 'NONE',  ( 0.9843342201063809416, 2.472047021958523327, -0.4541015381633595194 ) ) ;
#6402 = CARTESIAN_POINT ( 'NONE',  ( 0.9843342201064919639, 2.217642729627683273, 0.2694351750214957208 ) ) ;
#6403 = DIRECTION ( 'NONE',  ( 1.445076253180192051E-16, 1.000000000000000000, -2.553512956637819811E-15 ) ) ;
#6404 = ORIENTED_EDGE ( 'NONE', *, *, #1211, .F. ) ;
#6405 = CARTESIAN_POINT ( 'NONE',  ( 0.9699999999999986411, 2.473026928731441920, -0.05453024012889995387 ) ) ;
#6406 = ORIENTED_EDGE ( 'NONE', *, *, #3196, .T. ) ;
#6407 = CARTESIAN_POINT ( 'NONE',  ( 0.000000000000000000, 0.000000000000000000, 0.000000000000000000 ) ) ;
#6408 = ORIENTED_EDGE ( 'NONE', *, *, #4716, .T. ) ;
#6409 = DIRECTION ( 'NONE',  ( 1.000000000000000000, 1.722632009336720063E-16, -7.400880780937477100E-16 ) ) ;
#6410 = FACE_OUTER_BOUND ( 'NONE', #7613, .T. ) ;
#6411 = CARTESIAN_POINT ( 'NONE',  ( 0.9699999999999986411, 2.523629592551035472, -0.05453024012808116439 ) ) ;
#6412 = LINE ( 'NONE', #764, #5446 ) ;
#6413 = ORIENTED_EDGE ( 'NONE', *, *, #7503, .F. ) ;
#6414 = ORIENTED_EDGE ( 'NONE', *, *, #6695, .T. ) ;
#6415 = DIRECTION ( 'NONE',  ( 1.000000000000000000, 0.000000000000000000, 0.000000000000000000 ) ) ;
#6416 = LINE ( 'NONE', #6295, #7233 ) ;
#6417 = PRODUCT_DEFINITION ( 'UNKNOWN', '', #5989, #6637 ) ;
#6418 = FACE_BOUND ( 'NONE', #7690, .T. ) ;
#6419 = ORIENTED_EDGE ( 'NONE', *, *, #6544, .T. ) ;
#6420 = CARTESIAN_POINT ( 'NONE',  ( 0.9700000000000541522, 2.494624298165937226, 0.2021500591578295758 ) ) ;
#6421 = ORIENTED_EDGE ( 'NONE', *, *, #1443, .T. ) ;
#6422 = ORIENTED_EDGE ( 'NONE', *, *, #4519, .F. ) ;
#6423 = VECTOR ( 'NONE', #3249, 1000.000000000000000 ) ;
#6424 = DIRECTION ( 'NONE',  ( 0.000000000000000000, 0.000000000000000000, 1.000000000000000000 ) ) ;
#6425 = LINE ( 'NONE', #3402, #1990 ) ;
#6426 = LINE ( 'NONE', #2625, #4088 ) ;
#6427 = DIRECTION ( 'NONE',  ( -1.445076253180178246E-16, -1.000000000000000000, 5.551115123125738329E-16 ) ) ;
#6428 = DIRECTION ( 'NONE',  ( 2.483550222685513318E-16, -0.8463804217566113230, -0.5325788032461493682 ) ) ;
#6429 = CIRCLE ( 'NONE', #6822, 2.110000000000000764 ) ;
#6430 = EDGE_CURVE ( 'NONE', #5546, #1051, #1227, .T. ) ;
#6431 = EDGE_LOOP ( 'NONE', ( #4850, #4389 ) ) ;
#6432 = LINE ( 'NONE', #3285, #1396 ) ;
#6433 = ORIENTED_EDGE ( 'NONE', *, *, #2557, .F. ) ;
#6434 = VERTEX_POINT ( 'NONE', #8164 ) ;
#6435 = AXIS2_PLACEMENT_3D ( 'NONE', #5695, #5113, #7633 ) ;
#6436 = CARTESIAN_POINT ( 'NONE',  ( 2.470000000000027729, -2.229467576931182471, -1.174050353182798379 ) ) ;
#6437 = FILL_AREA_STYLE ('',( #2678 ) ) ;
#6438 = EDGE_CURVE ( 'NONE', #3122, #1370, #1872, .T. ) ;
#6439 = ADVANCED_FACE ( 'NONE', ( #6292 ), #67, .F. ) ;
#6440 = ADVANCED_FACE ( 'NONE', ( #2399 ), #8147, .F. ) ;
#6441 = VECTOR ( 'NONE', #4401, 1000.000000000000000 ) ;
#6442 = VERTEX_POINT ( 'NONE', #8022 ) ;
#6443 = CARTESIAN_POINT ( 'NONE',  ( 0.7275000000000475531, -2.220446049250313081E-13, 2.498001805406602216E-13 ) ) ;
#6444 = LINE ( 'NONE', #796, #3168 ) ;
#6445 = EDGE_LOOP ( 'NONE', ( #5136, #8042, #570, #4281 ) ) ;
#6446 = LINE ( 'NONE', #5865, #2668 ) ;
#6447 = VERTEX_POINT ( 'NONE', #1769 ) ;
#6448 = CARTESIAN_POINT ( 'NONE',  ( 0.9699999999999986411, 2.473698157314324853, -0.4537679110707681929 ) ) ;
#6449 = EDGE_CURVE ( 'NONE', #2066, #7517, #3598, .T. ) ;
#6450 = AXIS2_PLACEMENT_3D ( 'NONE', #4348, #6294, #646 ) ;
#6451 = CARTESIAN_POINT ( 'NONE',  ( 0.9843342201063809416, 2.463272841927182988, -0.4620023377169268919 ) ) ;
#6452 = ORIENTED_EDGE ( 'NONE', *, *, #7589, .F. ) ;
#6453 = DIRECTION ( 'NONE',  ( 6.845769268624692740E-16, -5.551115123125739315E-16, -1.000000000000000000 ) ) ;
#6454 = ORIENTED_EDGE ( 'NONE', *, *, #4715, .F. ) ;
#6455 = ORIENTED_EDGE ( 'NONE', *, *, #6391, .T. ) ;
#6456 = CARTESIAN_POINT ( 'NONE',  ( 0.9699999999999986411, 2.324343390078947635, 0.01740461005365900871 ) ) ;
#6457 = LINE ( 'NONE', #5960, #4195 ) ;
#6458 = AXIS2_PLACEMENT_3D ( 'NONE', #5738, #3878, #1368 ) ;
#6459 = CARTESIAN_POINT ( 'NONE',  ( 0.9843342201064364527, 2.092235504760731057, -1.201323651667252079E-06 ) ) ;
#6460 = VECTOR ( 'NONE', #4048, 999.9999999999998863 ) ;
#6461 = CARTESIAN_POINT ( 'NONE',  ( 0.9700000000000541522, 2.502369077289151811, 0.2139087065949202282 ) ) ;
#6462 = ORIENTED_EDGE ( 'NONE', *, *, #3914, .T. ) ;
#6463 = FACE_OUTER_BOUND ( 'NONE', #7165, .T. ) ;
#6464 = ORIENTED_EDGE ( 'NONE', *, *, #6602, .F. ) ;
#6465 = ORIENTED_EDGE ( 'NONE', *, *, #1529, .F. ) ;
#6466 = AXIS2_PLACEMENT_3D ( 'NONE', #7374, #489, #8096 ) ;
#6467 = VECTOR ( 'NONE', #2334, 1000.000000000000000 ) ;
#6468 = DIRECTION ( 'NONE',  ( 0.000000000000000000, 1.000000000000000000, 0.000000000000000000 ) ) ;
#6469 = CARTESIAN_POINT ( 'NONE',  ( 0.9699999999999986411, 2.324343390078947635, -0.05453024012842810908 ) ) ;
#6470 = DIRECTION ( 'NONE',  ( -0.7071067811865432429, -0.7071067811865517916, 2.996216921122330716E-15 ) ) ;
#6471 = LINE ( 'NONE', #5353, #4052 ) ;
#6472 = LINE ( 'NONE', #7170, #2363 ) ;
#6473 = AXIS2_PLACEMENT_3D ( 'NONE', #5296, #7820, #5998 ) ;
#6474 = VECTOR ( 'NONE', #803, 1000.000000000000000 ) ;
#6475 = ORIENTED_EDGE ( 'NONE', *, *, #5774, .T. ) ;
#6476 = EDGE_LOOP ( 'NONE', ( #5584, #7718, #1668, #6091 ) ) ;
#6477 = ORIENTED_EDGE ( 'NONE', *, *, #5416, .T. ) ;
#6478 = ORIENTED_EDGE ( 'NONE', *, *, #7087, .T. ) ;
#6479 = LINE ( 'NONE', #242, #7384 ) ;
#6480 = AXIS2_PLACEMENT_3D ( 'NONE', #779, #6348, #7084 ) ;
#6481 = DIRECTION ( 'NONE',  ( 1.000000000000000000, 2.000187765493021278E-16, -7.400880780937300593E-16 ) ) ;
#6482 = CARTESIAN_POINT ( 'NONE',  ( 0.9699999999999986411, 2.500800196453600854, -0.4613403811579708247 ) ) ;
#6483 = EDGE_CURVE ( 'NONE', #5383, #193, #4289, .T. ) ;
#6484 = VECTOR ( 'NONE', #1749, 1000.000000000000000 ) ;
#6485 = ORIENTED_EDGE ( 'NONE', *, *, #6736, .F. ) ;
#6486 = FACE_OUTER_BOUND ( 'NONE', #4740, .T. ) ;
#6487 = EDGE_CURVE ( 'NONE', #4178, #7339, #6738, .T. ) ;
#6488 = PLANE ( 'NONE',  #2520 ) ;
#6489 = ORIENTED_EDGE ( 'NONE', *, *, #6939, .F. ) ;
#6490 = DIRECTION ( 'NONE',  ( -0.000000000000000000, 1.000000000000000000, -0.000000000000000000 ) ) ;
#6491 = EDGE_CURVE ( 'NONE', #5693, #7632, #1859, .T. ) ;
#6492 = ADVANCED_FACE ( 'NONE', ( #2975 ), #6357, .F. ) ;
#6493 = VECTOR ( 'NONE', #2701, 1000.000000000000114 ) ;
#6494 = FACE_OUTER_BOUND ( 'NONE', #4793, .T. ) ;
#6495 = COLOUR_RGB ( '',0.5098039215686274161, 0.5098039215686274161, 0.5882352941176470784 ) ;
#6496 = VERTEX_POINT ( 'NONE', #7146 ) ;
#6497 = EDGE_CURVE ( 'NONE', #3621, #2621, #3338, .T. ) ;
#6498 = LINE ( 'NONE', #3347, #2233 ) ;
#6499 = CARTESIAN_POINT ( 'NONE',  ( 0.2238461538461865297, -4.662936703530177793E-16, 2.099999999993733546 ) ) ;
#6500 = VERTEX_POINT ( 'NONE', #3422 ) ;
#6501 = ORIENTED_EDGE ( 'NONE', *, *, #7093, .F. ) ;
#6502 = DIRECTION ( 'NONE',  ( 0.000000000000000000, 0.000000000000000000, 1.000000000000000000 ) ) ;
#6503 = EDGE_CURVE ( 'NONE', #1500, #394, #6563, .T. ) ;
#6504 = FACE_OUTER_BOUND ( 'NONE', #1823, .T. ) ;
#6505 = MECHANICAL_DESIGN_GEOMETRIC_PRESENTATION_REPRESENTATION (  '', ( #566 ), #2274 ) ;
#6506 = LINE ( 'NONE', #7161, #3028 ) ;
#6507 = ORIENTED_EDGE ( 'NONE', *, *, #1391, .F. ) ;
#6508 = LINE ( 'NONE', #862, #2533 ) ;
#6509 = ORIENTED_EDGE ( 'NONE', *, *, #2506, .F. ) ;
#6510 = CIRCLE ( 'NONE', #445, 2.110000000000000764 ) ;
#6511 = FACE_BOUND ( 'NONE', #7316, .T. ) ;
#6512 = LINE ( 'NONE', #5393, #4235 ) ;
#6513 = DIRECTION ( 'NONE',  ( 0.000000000000000000, 0.000000000000000000, 1.000000000000000000 ) ) ;
#6514 = DIRECTION ( 'NONE',  ( 6.845769268624692740E-16, -5.551115123125739315E-16, -1.000000000000000000 ) ) ;
#6515 = PRODUCT_DEFINITION_FORMATION_WITH_SPECIFIED_SOURCE ( 'ANY', '', #3606, .NOT_KNOWN. ) ;
#6516 = ORIENTED_EDGE ( 'NONE', *, *, #3756, .F. ) ;
#6517 = ORIENTED_EDGE ( 'NONE', *, *, #2355, .T. ) ;
#6518 = ORIENTED_EDGE ( 'NONE', *, *, #167, .F. ) ;
#6519 = LINE ( 'NONE', #4027, #1456 ) ;
#6520 = PLANE ( 'NONE',  #3985 ) ;
#6521 = CARTESIAN_POINT ( 'NONE',  ( 2.450950000000035267, 1.941001255865520969, -1.119387942413827108 ) ) ;
#6522 = ADVANCED_FACE ( 'NONE', ( #5364 ), #5327, .F. ) ;
#6523 = EDGE_LOOP ( 'NONE', ( #6220, #3247, #4521, #3188 ) ) ;
#6524 = FACE_OUTER_BOUND ( 'NONE', #7811, .T. ) ;
#6525 = CARTESIAN_POINT ( 'NONE',  ( 0.9699999999999986411, 2.493745533049956720, -0.4541504134703971962 ) ) ;
#6526 = DIRECTION ( 'NONE',  ( 4.992923249691015501E-16, -0.4999999999999992228, -0.8660254037844391517 ) ) ;
#6527 = VERTEX_POINT ( 'NONE', #7844 ) ;
#6528 = CARTESIAN_POINT ( 'NONE',  ( 12.50000000000001421, -8.800000000000002487, 99.90996438382937583 ) ) ;
#6529 = DIRECTION ( 'NONE',  ( 7.133670101290322422E-16, 0.5483224662305562491, -0.8362669866895622306 ) ) ;
#6530 = ADVANCED_FACE ( 'NONE', ( #2175 ), #4031, .F. ) ;
#6531 = VECTOR ( 'NONE', #8092, 1000.000000000000114 ) ;
#6532 = EDGE_CURVE ( 'NONE', #2861, #1097, #4696, .T. ) ;
#6533 = ORIENTED_EDGE ( 'NONE', *, *, #7652, .F. ) ;
#6534 = CARTESIAN_POINT ( 'NONE',  ( 0.9700000000000541522, 2.417556363763257110, 0.2676931372518620567 ) ) ;
#6535 = CARTESIAN_POINT ( 'NONE',  ( 2.279499999986053460, -1.370153990265212334E-13, 3.175000000055907545 ) ) ;
#6536 = ORIENTED_EDGE ( 'NONE', *, *, #120, .F. ) ;
#6537 = VERTEX_POINT ( 'NONE', #1606 ) ;
#6538 = PLANE ( 'NONE',  #768 ) ;
#6539 = DIRECTION ( 'NONE',  ( -6.724135084613156604E-17, -0.9999670694423009598, 0.008115419334605227658 ) ) ;
#6540 = PLANE ( 'NONE',  #4334 ) ;
#6541 = EDGE_CURVE ( 'NONE', #802, #7513, #996, .T. ) ;
#6542 = LINE ( 'NONE', #5219, #848 ) ;
#6543 = ADVANCED_FACE ( 'NONE', ( #5241 ), #1485, .F. ) ;
#6544 = EDGE_CURVE ( 'NONE', #2863, #1665, #7215, .T. ) ;
#6545 = ORIENTED_EDGE ( 'NONE', *, *, #2485, .T. ) ;
#6546 = CARTESIAN_POINT ( 'NONE',  ( 1.102182119232617753E-14, 84.55123779527129102, 30.51069057075173063 ) ) ;
#6547 = ORIENTED_EDGE ( 'NONE', *, *, #2341, .F. ) ;
#6548 = CARTESIAN_POINT ( 'NONE',  ( 110.0000000000000568, -1.199999999999999956, 167.8899999999999864 ) ) ;
#6549 = CARTESIAN_POINT ( 'NONE',  ( 0.000000000000000000, -1.199999999999999956, 0.000000000000000000 ) ) ;
#6550 = CARTESIAN_POINT ( 'NONE',  ( 2.450950000000007289, 0.06360232754365480190, 2.173161927247618586 ) ) ;
#6551 = DIRECTION ( 'NONE',  ( 0.000000000000000000, 0.000000000000000000, -1.000000000000000000 ) ) ;
#6552 = CARTESIAN_POINT ( 'NONE',  ( 2.469999999999972218, -0.1043506507305280717, 2.173161927247216241 ) ) ;
#6553 = ORIENTED_EDGE ( 'NONE', *, *, #2751, .T. ) ;
#6554 = AXIS2_PLACEMENT_3D ( 'NONE', #4150, #5276, #5895 ) ;
#6555 = EDGE_LOOP ( 'NONE', ( #520, #4240, #2620, #4753 ) ) ;
#6556 = ORIENTED_EDGE ( 'NONE', *, *, #5183, .T. ) ;
#6557 = PLANE ( 'NONE',  #6027 ) ;
#6558 = CARTESIAN_POINT ( 'NONE',  ( 2.469999999999861195, -0.1043506507306668496, 2.273457506810690365 ) ) ;
#6559 = CARTESIAN_POINT ( 'NONE',  ( 113.0000000000000284, -8.799999999999998934, 194.9099643838293616 ) ) ;
#6560 = PLANE ( 'NONE',  #2225 ) ;
#6561 = VECTOR ( 'NONE', #8056, 1000.000000000000000 ) ;
#6562 = ORIENTED_EDGE ( 'NONE', *, *, #1674, .T. ) ;
#6563 = LINE ( 'NONE', #1446, #7939 ) ;
#6564 = VECTOR ( 'NONE', #366, 1000.000000000000227 ) ;
#6565 = FACE_OUTER_BOUND ( 'NONE', #1445, .T. ) ;
#6566 = ORIENTED_EDGE ( 'NONE', *, *, #3392, .T. ) ;
#6567 = LINE ( 'NONE', #7812, #5969 ) ;
#6568 = LINE ( 'NONE', #921, #798 ) ;
#6569 = CARTESIAN_POINT ( 'NONE',  ( 2.450950000000035267, 1.936365843134141285, -1.024632836696667937 ) ) ;
#6570 = CIRCLE ( 'NONE', #4587, 2.110000000000000764 ) ;
#6571 = ORIENTED_EDGE ( 'NONE', *, *, #7223, .F. ) ;
#6572 = CARTESIAN_POINT ( 'NONE',  ( 0.000000000000000000, -9.999999999999980460, -5.590035616170718313 ) ) ;
#6573 = DIRECTION ( 'NONE',  ( -1.000000000000000000, 0.000000000000000000, 0.000000000000000000 ) ) ;
#6574 = VERTEX_POINT ( 'NONE', #917 ) ;
#6575 = VECTOR ( 'NONE', #7946, 999.9999999999998863 ) ;
#6576 = ORIENTED_EDGE ( 'NONE', *, *, #6752, .F. ) ;
#6577 = CARTESIAN_POINT ( 'NONE',  ( 0.9699999999999986411, 2.249684011831370789, 0.01740461005372839765 ) ) ;
#6578 = EDGE_CURVE ( 'NONE', #1891, #27, #367, .T. ) ;
#6579 = FACE_OUTER_BOUND ( 'NONE', #6120, .T. ) ;
#6580 = AXIS2_PLACEMENT_3D ( 'NONE', #932, #4637, #6539 ) ;
#6581 = CARTESIAN_POINT ( 'NONE',  ( 2.470000000000055707, 1.590464268307195672, -1.172235079669542435 ) ) ;
#6582 = CARTESIAN_POINT ( 'NONE',  ( 2.470000000000055707, 1.634029338568238066, -1.197387384711673386 ) ) ;
#6583 = ORIENTED_EDGE ( 'NONE', *, *, #167, .T. ) ;
#6584 = ADVANCED_FACE ( 'NONE', ( #6486 ), #840, .F. ) ;
#6585 = FACE_BOUND ( 'NONE', #4015, .T. ) ;
#6586 = AXIS2_PLACEMENT_3D ( 'NONE', #2271, #5994, #4627 ) ;
#6587 = AXIS2_PLACEMENT_3D ( 'NONE', #6097, #6172, #8088 ) ;
#6588 = LINE ( 'NONE', #7202, #1466 ) ;
#6589 = PLANE ( 'NONE',  #2212 ) ;
#6590 = EDGE_CURVE ( 'NONE', #6358, #1813, #2719, .T. ) ;
#6591 = EDGE_CURVE ( 'NONE', #5509, #469, #3456, .T. ) ;
#6592 = LINE ( 'NONE', #5354, #5928 ) ;
#6593 = VECTOR ( 'NONE', #7114, 999.9999999999998863 ) ;
#6594 = EDGE_LOOP ( 'NONE', ( #3565, #5457, #7933, #1919 ) ) ;
#6595 = VECTOR ( 'NONE', #7771, 1000.000000000000000 ) ;
#6596 = ORIENTED_EDGE ( 'NONE', *, *, #2396, .F. ) ;
#6597 = CARTESIAN_POINT ( 'NONE',  ( 75.00000000000002842, -10.00000000000001421, 5.590035616170625943 ) ) ;
#6598 = EDGE_CURVE ( 'NONE', #8150, #3124, #4904, .T. ) ;
#6599 = LINE ( 'NONE', #7253, #6335 ) ;
#6600 = DIRECTION ( 'NONE',  ( 0.000000000000000000, 0.3420201433256661594, 0.9396926207859093161 ) ) ;
#6601 = LINE ( 'NONE', #7212, #8053 ) ;
#6602 = EDGE_CURVE ( 'NONE', #1660, #4310, #6853, .T. ) ;
#6603 = AXIS2_PLACEMENT_3D ( 'NONE', #210, #1328, #6365 ) ;
#6604 = EDGE_LOOP ( 'NONE', ( #788, #112, #7890, #472 ) ) ;
#6605 = LINE ( 'NONE', #2839, #5115 ) ;
#6606 = VECTOR ( 'NONE', #3465, 1000.000000000000000 ) ;
#6607 = DIRECTION ( 'NONE',  ( 5.782411586726047512E-16, -5.551115123125739315E-16, -1.000000000000000000 ) ) ;
#6608 = AXIS2_PLACEMENT_3D ( 'NONE', #396, #1773, #8116 ) ;
#6609 = FACE_OUTER_BOUND ( 'NONE', #569, .T. ) ;
#6610 = ORIENTED_EDGE ( 'NONE', *, *, #4050, .T. ) ;
#6611 = LINE ( 'NONE', #7937, #3059 ) ;
#6612 = LINE ( 'NONE', #1526, #523 ) ;
#6613 = AXIS2_PLACEMENT_3D ( 'NONE', #5580, #7262, #6607 ) ;
#6614 = DIRECTION ( 'NONE',  ( -1.000000000000000000, -3.110410790118177818E-16, 7.400880780937398214E-16 ) ) ;
#6615 = ORIENTED_EDGE ( 'NONE', *, *, #6978, .F. ) ;
#6616 = FACE_OUTER_BOUND ( 'NONE', #1034, .T. ) ;
#6617 = VERTEX_POINT ( 'NONE', #6111 ) ;
#6618 = VECTOR ( 'NONE', #5487, 1000.000000000000000 ) ;
#6619 = VERTEX_POINT ( 'NONE', #415 ) ;
#6620 = DIRECTION ( 'NONE',  ( -1.000000000000000000, -2.000187765493021278E-16, 7.400880780937300593E-16 ) ) ;
#6621 = LINE ( 'NONE', #4552, #3552 ) ;
#6622 = CIRCLE ( 'NONE', #3460, 2.110000000000000764 ) ;
#6623 = DIRECTION ( 'NONE',  ( 1.000000000000000000, 0.000000000000000000, 0.000000000000000000 ) ) ;
#6624 = ORIENTED_EDGE ( 'NONE', *, *, #6239, .F. ) ;
#6625 = CARTESIAN_POINT ( 'NONE',  ( 0.9843342201064364527, 2.485296480058435620, -0.4476606227656887427 ) ) ;
#6626 = EDGE_CURVE ( 'NONE', #831, #3664, #6727, .T. ) ;
#6627 = CARTESIAN_POINT ( 'NONE',  ( 0.9700000000000541522, 2.375141406468856076, 0.2468665188329749460 ) ) ;
#6628 = VERTEX_POINT ( 'NONE', #536 ) ;
#6629 = ORIENTED_EDGE ( 'NONE', *, *, #2836, .F. ) ;
#6630 = CARTESIAN_POINT ( 'NONE',  ( 0.9699999999999986411, 2.496593388863571406, -0.4417785858749218031 ) ) ;
#6631 = CARTESIAN_POINT ( 'NONE',  ( 110.0000000000000284, 0.000000000000000000, 7.890000000000001457 ) ) ;
#6632 = AXIS2_PLACEMENT_3D ( 'NONE', #2025, #674, #3178 ) ;
#6633 = FACE_OUTER_BOUND ( 'NONE', #7621, .T. ) ;
#6634 = DIRECTION ( 'NONE',  ( 1.000000000000000000, 2.000187765493029413E-16, 6.845769268624692740E-16 ) ) ;
#6635 = CARTESIAN_POINT ( 'NONE',  ( 0.9843342201063809416, 2.495373293259689262, -0.4531261570458744448 ) ) ;
#6636 = ADVANCED_FACE ( 'NONE', ( #1764 ), #4198, .F. ) ;
#6637 = PRODUCT_DEFINITION_CONTEXT ( 'detailed design', #5566, 'design' ) ;
#6638 = VECTOR ( 'NONE', #2054, 1000.000000000000000 ) ;
#6639 = ORIENTED_EDGE ( 'NONE', *, *, #1946, .F. ) ;
#6640 = EDGE_CURVE ( 'NONE', #1301, #2858, #556, .T. ) ;
#6641 = CARTESIAN_POINT ( 'NONE',  ( 2.470000000016625563, 1.942890293094023946E-13, 3.608224830031758756E-13 ) ) ;
#6642 = ORIENTED_EDGE ( 'NONE', *, *, #4248, .T. ) ;
#6643 = ADVANCED_FACE ( 'NONE', ( #7428 ), #3087, .F. ) ;
#6644 = CARTESIAN_POINT ( 'NONE',  ( 1.408343819019456097E-14, -10.00000000000000888, 109.4099643838293900 ) ) ;
#6645 = CARTESIAN_POINT ( 'NONE',  ( 12.50000000000001421, -9.999999999999994671, 102.4099643838293758 ) ) ;
#6646 = CARTESIAN_POINT ( 'NONE',  ( 0.9699999999999986411, 2.464945227416581730, -0.4660929883733150314 ) ) ;
#6647 = DIRECTION ( 'NONE',  ( -1.000000000000000000, -1.722632009336720063E-16, 7.400880780937477100E-16 ) ) ;
#6648 = VECTOR ( 'NONE', #6720, 999.9999999999998863 ) ;
#6649 = ADVANCED_FACE ( 'NONE', ( #2929 ), #3629, .F. ) ;
#6650 = CARTESIAN_POINT ( 'NONE',  ( 110.0000000000000284, -1.199999999999999956, 10.00000000000000178 ) ) ;
#6651 = EDGE_LOOP ( 'NONE', ( #2318, #4396, #5696, #6982 ) ) ;
#6652 = CARTESIAN_POINT ( 'NONE',  ( 0.9699999999999986411, 2.323393438462634464, -0.3948934297111766911 ) ) ;
#6653 = EDGE_CURVE ( 'NONE', #6896, #5347, #2267, .T. ) ;
#6654 = DIRECTION ( 'NONE',  ( -1.000000000000000000, -0.000000000000000000, 0.000000000000000000 ) ) ;
#6655 = CARTESIAN_POINT ( 'NONE',  ( 2.470000000000055707, 2.079570488202536538, -1.107312077075886414 ) ) ;
#6656 = ORIENTED_EDGE ( 'NONE', *, *, #5878, .F. ) ;
#6657 = DIRECTION ( 'NONE',  ( -1.000000000000000000, -2.000187765493021278E-16, 7.400880780937300593E-16 ) ) ;
#6658 = DIRECTION ( 'NONE',  ( -4.446352377255995586E-16, -0.8660254037844619113, 0.4999999999999597544 ) ) ;
#6659 = LINE ( 'NONE', #1001, #7239 ) ;
#6660 = ORIENTED_EDGE ( 'NONE', *, *, #4617, .F. ) ;
#6661 = LINE ( 'NONE', #5494, #3428 ) ;
#6662 = ORIENTED_EDGE ( 'NONE', *, *, #5260, .T. ) ;
#6663 = ORIENTED_EDGE ( 'NONE', *, *, #6396, .T. ) ;
#6664 = FACE_OUTER_BOUND ( 'NONE', #4086, .T. ) ;
#6665 = VECTOR ( 'NONE', #281, 1000.000000000000000 ) ;
#6666 = CARTESIAN_POINT ( 'NONE',  ( 11.47239360336556935, -20.02048139190353027, -0.1568281917589675611 ) ) ;
#6667 = PLANE ( 'NONE',  #7206 ) ;
#6668 = DIRECTION ( 'NONE',  ( -1.000000000000000000, -2.000187765493021278E-16, 7.400880780937300593E-16 ) ) ;
#6669 = ORIENTED_EDGE ( 'NONE', *, *, #1288, .F. ) ;
#6670 = VERTEX_POINT ( 'NONE', #6232 ) ;
#6671 = LINE ( 'NONE', #4098, #6706 ) ;
#6672 = DIRECTION ( 'NONE',  ( -1.000000000000000000, -2.000187765493021278E-16, 7.400880780937300593E-16 ) ) ;
#6673 = CARTESIAN_POINT ( 'NONE',  ( 0.9699999999999986411, 2.521531062727372152, -0.1842807336882024138 ) ) ;
#6674 = CARTESIAN_POINT ( 'NONE',  ( 2.469999999999861195, -0.1043506507306668496, 2.273457506810690365 ) ) ;
#6675 = LINE ( 'NONE', #4309, #6186 ) ;
#6676 = ORIENTED_CLOSED_SHELL ( 'NONE', *, #2837, .F. );
#6677 = ORIENTED_EDGE ( 'NONE', *, *, #1347, .F. ) ;
#6678 = SURFACE_SIDE_STYLE ('',( #4186 ) ) ;
#6679 = VERTEX_POINT ( 'NONE', #4822 ) ;
#6680 = DIRECTION ( 'NONE',  ( -5.454296380062759763E-16, 0.4167973664234312370, 0.9089994253807270885 ) ) ;
#6681 = DIRECTION ( 'NONE',  ( 6.845769268624693726E-16, -5.551115123125739315E-16, -1.000000000000000000 ) ) ;
#6682 = LINE ( 'NONE', #1555, #710 ) ;
#6683 = DIRECTION ( 'NONE',  ( -0.000000000000000000, 1.000000000000000000, -0.000000000000000000 ) ) ;
#6684 = EDGE_CURVE ( 'NONE', #4187, #7982, #5610, .T. ) ;
#6685 = VERTEX_POINT ( 'NONE', #7976 ) ;
#6686 = DIRECTION ( 'NONE',  ( -6.748494113855085721E-16, 0.05089991897246938513, 0.9987037590039381518 ) ) ;
#6687 = LINE ( 'NONE', #4324, #8087 ) ;
#6688 = CARTESIAN_POINT ( 'NONE',  ( 0.9843342201064364527, 2.381236316858021063, 0.1405888840665114881 ) ) ;
#6689 = ORIENTED_EDGE ( 'NONE', *, *, #1104, .F. ) ;
#6690 = EDGE_CURVE ( 'NONE', #2200, #7057, #4785, .T. ) ;
#6691 = AXIS2_PLACEMENT_3D ( 'NONE', #7108, #5907, #3214 ) ;
#6692 = DIRECTION ( 'NONE',  ( 9.621326830187598882E-16, 1.110223024625154765E-15, -1.000000000000000000 ) ) ;
#6693 = LINE ( 'NONE', #374, #254 ) ;
#6694 = EDGE_CURVE ( 'NONE', #7982, #6037, #3666, .T. ) ;
#6695 = EDGE_CURVE ( 'NONE', #7415, #3514, #6687, .T. ) ;
#6696 = AXIS2_PLACEMENT_3D ( 'NONE', #1381, #6415, #7117 ) ;
#6697 = ORIENTED_EDGE ( 'NONE', *, *, #2446, .T. ) ;
#6698 = FACE_BOUND ( 'NONE', #5915, .T. ) ;
#6699 = VERTEX_POINT ( 'NONE', #2391 ) ;
#6700 = EDGE_CURVE ( 'NONE', #5541, #2425, #300, .T. ) ;
#6701 = ORIENTED_EDGE ( 'NONE', *, *, #1047, .T. ) ;
#6702 = VECTOR ( 'NONE', #2718, 999.9999999999998863 ) ;
#6703 = CARTESIAN_POINT ( 'NONE',  ( 0.9699999999999986411, 2.523434647157873911, 0.2933406405774274806 ) ) ;
#6704 = DIRECTION ( 'NONE',  ( 0.002535560577290190548, -1.836970198721026976E-16, 0.9999967854611128137 ) ) ;
#6705 = CARTESIAN_POINT ( 'NONE',  ( 120.0000000000000284, -7.799999999999994493, 185.4436021838136242 ) ) ;
#6706 = VECTOR ( 'NONE', #4804, 1000.000000000000114 ) ;
#6707 = CARTESIAN_POINT ( 'NONE',  ( 0.9843342201064364527, 2.374112209465040202, -0.01773143027168633257 ) ) ;
#6708 = ORIENTED_EDGE ( 'NONE', *, *, #7705, .F. ) ;
#6709 = ORIENTED_EDGE ( 'NONE', *, *, #7842, .F. ) ;
#6710 = CARTESIAN_POINT ( 'NONE',  ( 0.9700000000000541522, 1.737768876015038932, 0.1974452814341859375 ) ) ;
#6711 = LINE ( 'NONE', #3029, #2126 ) ;
#6712 = CARTESIAN_POINT ( 'NONE',  ( 0.9699999999999986411, 2.323393438462745486, -0.07459528143413662882 ) ) ;
#6713 = CARTESIAN_POINT ( 'NONE',  ( 114.9999999999999858, -1.199999999999999956, -6.272089015805333014E-16 ) ) ;
#6714 = VECTOR ( 'NONE', #514, 1000.000000000000000 ) ;
#6715 = ORIENTED_EDGE ( 'NONE', *, *, #602, .F. ) ;
#6716 = CARTESIAN_POINT ( 'NONE',  ( 1.234999999999986109, -1.387778780781445676E-13, 2.636779683484746784E-13 ) ) ;
#6717 = ORIENTED_EDGE ( 'NONE', *, *, #1149, .F. ) ;
#6718 = FACE_OUTER_BOUND ( 'NONE', #3898, .T. ) ;
#6719 = CARTESIAN_POINT ( 'NONE',  ( 0.9700000000000541522, 2.215529865583709679, 0.2812557462897880001 ) ) ;
#6720 = DIRECTION ( 'NONE',  ( 6.103146274315999479E-16, -0.5000000000000116573, -0.8660254037844319353 ) ) ;
#6721 = DIRECTION ( 'NONE',  ( -1.000000000000000000, 0.000000000000000000, 0.000000000000000000 ) ) ;
#6722 = VECTOR ( 'NONE', #2686, 1000.000000000000000 ) ;
#6723 = VECTOR ( 'NONE', #5247, 1000.000000000000000 ) ;
#6724 = CARTESIAN_POINT ( 'NONE',  ( 0.1119230769230927791, -5.551115123125782702E-14, 0.000000000000000000 ) ) ;
#6725 = ORIENTED_EDGE ( 'NONE', *, *, #6626, .T. ) ;
#6726 = DIRECTION ( 'NONE',  ( 1.224646799147353700E-16, 0.000000000000000000, 1.000000000000000000 ) ) ;
#6727 = LINE ( 'NONE', #7337, #2403 ) ;
#6728 = CARTESIAN_POINT ( 'NONE',  ( 0.9700000000000541522, 2.376531825819094834, 0.1404954249514256404 ) ) ;
#6729 = EDGE_CURVE ( 'NONE', #7643, #56, #3589, .T. ) ;
#6730 = VERTEX_POINT ( 'NONE', #8014 ) ;
#6731 = VECTOR ( 'NONE', #1297, 999.9999999999998863 ) ;
#6732 = CARTESIAN_POINT ( 'NONE',  ( 0.9699999999999986411, 2.502365463612932217, -0.4324412773112490394 ) ) ;
#6733 = DIRECTION ( 'NONE',  ( 1.000000000000000000, 1.722632009336720063E-16, -7.400880780937477100E-16 ) ) ;
#6734 = SURFACE_STYLE_USAGE ( .BOTH. , #1527 ) ;
#6735 = VECTOR ( 'NONE', #6981, 1000.000000000000000 ) ;
#6736 = EDGE_CURVE ( 'NONE', #4427, #8150, #2344, .T. ) ;
#6737 = AXIS2_PLACEMENT_3D ( 'NONE', #6889, #3739, #3237 ) ;
#6738 = LINE ( 'NONE', #6118, #955 ) ;
#6739 = ORIENTED_EDGE ( 'NONE', *, *, #2294, .T. ) ;
#6740 = DIRECTION ( 'NONE',  ( 9.561467977824831532E-16, 2.220446049250319490E-16, -1.000000000000000000 ) ) ;
#6741 = EDGE_CURVE ( 'NONE', #105, #2140, #6150, .T. ) ;
#6742 = ORIENTED_EDGE ( 'NONE', *, *, #1837, .T. ) ;
#6743 = ADVANCED_FACE ( 'NONE', ( #3745 ), #5882, .F. ) ;
#6744 = ORIENTED_EDGE ( 'NONE', *, *, #6497, .F. ) ;
#6745 = VECTOR ( 'NONE', #6470, 999.9999999999997726 ) ;
#6746 = CYLINDRICAL_SURFACE ( 'NONE', #4079, 1.000000000000000000 ) ;
#6747 = EDGE_CURVE ( 'NONE', #1096, #1642, #6271, .T. ) ;
#6748 = VECTOR ( 'NONE', #6793, 1000.000000000000000 ) ;
#6749 = EDGE_LOOP ( 'NONE', ( #3510, #1978, #192, #4985, #4893, #7379, #2699, #3269, #6656, #2379, #3996, #5155, #6986, #4608 ) ) ;
#6750 = CARTESIAN_POINT ( 'NONE',  ( 0.9699999999999986411, 2.503303842999543782, -0.4528350302195616184 ) ) ;
#6751 = ORIENTED_EDGE ( 'NONE', *, *, #4445, .T. ) ;
#6752 = EDGE_CURVE ( 'NONE', #4859, #4847, #191, .T. ) ;
#6753 = ORIENTED_EDGE ( 'NONE', *, *, #745, .F. ) ;
#6754 = DIRECTION ( 'NONE',  ( 1.000000000000000000, 2.000187765493021278E-16, -7.400880780937300593E-16 ) ) ;
#6755 = DIRECTION ( 'NONE',  ( 1.302670539014002879E-16, 0.9998156855907742724, 0.01919882409550123167 ) ) ;
#6756 = DIRECTION ( 'NONE',  ( 1.000000000000000000, 2.000187765493021278E-16, -7.400880780937300593E-16 ) ) ;
#6757 = AXIS2_PLACEMENT_3D ( 'NONE', #1560, #5862, #4075 ) ;
#6758 = CARTESIAN_POINT ( 'NONE',  ( 0.000000000000000000, 0.000000000000000000, 0.000000000000000000 ) ) ;
#6759 = EDGE_LOOP ( 'NONE', ( #2948, #3502, #479, #1179 ) ) ;
#6760 = DIRECTION ( 'NONE',  ( 1.644655055194374034E-16, -0.9313950474772354493, -0.3640099799935138103 ) ) ;
#6761 = DIRECTION ( 'NONE',  ( -1.000000000000000000, -1.722632009336720063E-16, 7.400880780937477100E-16 ) ) ;
#6762 = VERTEX_POINT ( 'NONE', #820 ) ;
#6763 = FACE_OUTER_BOUND ( 'NONE', #4743, .T. ) ;
#6764 = AXIS2_PLACEMENT_3D ( 'NONE', #5205, #3963, #4541 ) ;
#6765 = CARTESIAN_POINT ( 'NONE',  ( 0.9699999999999986411, 2.324343390079197658, 0.03026883183826489798 ) ) ;
#6766 = DIRECTION ( 'NONE',  ( 1.000000000000000000, 2.000187765493021278E-16, -7.400880780937300593E-16 ) ) ;
#6767 = FACE_OUTER_BOUND ( 'NONE', #614, .T. ) ;
#6768 = CIRCLE ( 'NONE', #5053, 2.199999999999999734 ) ;
#6769 = CARTESIAN_POINT ( 'NONE',  ( 2.470000000016626451, 1.934563620409532171E-13, -1.499999999964180653 ) ) ;
#6770 = VERTEX_POINT ( 'NONE', #3126 ) ;
#6771 = DIRECTION ( 'NONE',  ( -1.000000000000000000, 0.000000000000000000, 1.224646799147353700E-16 ) ) ;
#6772 = DIRECTION ( 'NONE',  ( 0.000000000000000000, -1.000000000000000000, 0.000000000000000000 ) ) ;
#6773 = CARTESIAN_POINT ( 'NONE',  ( 2.470000000000027729, 2.070502786264333039, -1.449385447233317414 ) ) ;
#6774 = VERTEX_POINT ( 'NONE', #4643 ) ;
#6775 = AXIS2_PLACEMENT_3D ( 'NONE', #2238, #347, #4759 ) ;
#6776 = FACE_OUTER_BOUND ( 'NONE', #2460, .T. ) ;
#6777 = CARTESIAN_POINT ( 'NONE',  ( 0.9700000000000541522, 2.331064604498556125, 0.2959619118668987969 ) ) ;
#6778 = EDGE_CURVE ( 'NONE', #2823, #2200, #2739, .T. ) ;
#6779 = DIRECTION ( 'NONE',  ( -1.000000000000000000, -0.000000000000000000, -0.000000000000000000 ) ) ;
#6780 = VERTEX_POINT ( 'NONE', #2517 ) ;
#6781 = VERTEX_POINT ( 'NONE', #5650 ) ;
#6782 = DIRECTION ( 'NONE',  ( 0.000000000000000000, 5.322447028565185943E-15, 1.000000000000000000 ) ) ;
#6783 = DIRECTION ( 'NONE',  ( 1.000000000000000000, 2.000187765493021278E-16, -7.400880780937300593E-16 ) ) ;
#6784 = EDGE_CURVE ( 'NONE', #6762, #4586, #7044, .T. ) ;
#6785 = EDGE_CURVE ( 'NONE', #1918, #5067, #1388, .T. ) ;
#6786 = CARTESIAN_POINT ( 'NONE',  ( 0.9700000000000541522, 2.406246664099720434, 0.2565332301880385302 ) ) ;
#6787 = LINE ( 'NONE', #3185, #2772 ) ;
#6788 = DIRECTION ( 'NONE',  ( 6.845769268624692740E-16, -5.551115123125739315E-16, -1.000000000000000000 ) ) ;
#6789 = ORIENTED_EDGE ( 'NONE', *, *, #5637, .T. ) ;
#6790 = ORIENTED_EDGE ( 'NONE', *, *, #6491, .T. ) ;
#6791 = PLANE ( 'NONE',  #3667 ) ;
#6792 = ADVANCED_FACE ( 'NONE', ( #7080 ), #6898, .T. ) ;
#6793 = DIRECTION ( 'NONE',  ( -1.000000000000000000, -2.000187765493021278E-16, 7.400880780937300593E-16 ) ) ;
#6794 = CARTESIAN_POINT ( 'NONE',  ( 0.9700000000000541522, 2.520332721926727082, 0.2680507760427636166 ) ) ;
#6795 = DIRECTION ( 'NONE',  ( 2.176243101192543091E-16, -0.8682403210875766497, -0.4961438751387966528 ) ) ;
#6796 = EDGE_CURVE ( 'NONE', #7591, #1594, #7124, .T. ) ;
#6797 = EDGE_CURVE ( 'NONE', #7490, #5297, #7680, .T. ) ;
#6798 = VERTEX_POINT ( 'NONE', #5797 ) ;
#6799 = STYLED_ITEM ( 'NONE', ( #7250 ), #39 ) ;
#6800 = ORIENTED_EDGE ( 'NONE', *, *, #5324, .T. ) ;
#6801 = ORIENTED_EDGE ( 'NONE', *, *, #4165, .F. ) ;
#6802 = FACE_OUTER_BOUND ( 'NONE', #4535, .T. ) ;
#6803 = LINE ( 'NONE', #3623, #5801 ) ;
#6804 = PLANE ( 'NONE',  #6107 ) ;
#6805 = DIRECTION ( 'NONE',  ( 1.445076253180192051E-16, 1.000000000000000000, -2.553512956637819811E-15 ) ) ;
#6806 = ORIENTED_EDGE ( 'NONE', *, *, #7589, .T. ) ;
#6807 = ORIENTED_EDGE ( 'NONE', *, *, #5822, .F. ) ;
#6808 = DIRECTION ( 'NONE',  ( 0.000000000000000000, 0.000000000000000000, 1.000000000000000000 ) ) ;
#6809 = CARTESIAN_POINT ( 'NONE',  ( 0.9700000000000541522, 2.440789267712156985, 0.1548669140297720404 ) ) ;
#6810 = PLANE ( 'NONE',  #5293 ) ;
#6811 = ORIENTED_EDGE ( 'NONE', *, *, #8000, .F. ) ;
#6812 =( NAMED_UNIT ( * ) PLANE_ANGLE_UNIT ( ) SI_UNIT ( $, .RADIAN. ) );
#6813 = LINE ( 'NONE', #1210, #1704 ) ;
#6814 = DIRECTION ( 'NONE',  ( -1.000000000000000000, 0.000000000000000000, 0.000000000000000000 ) ) ;
#6815 = AXIS2_PLACEMENT_3D ( 'NONE', #7404, #1699, #1657 ) ;
#6816 = DIRECTION ( 'NONE',  ( 0.000000000000000000, 0.000000000000000000, -1.000000000000000000 ) ) ;
#6817 = VERTEX_POINT ( 'NONE', #3277 ) ;
#6818 = ORIENTED_EDGE ( 'NONE', *, *, #5163, .F. ) ;
#6819 = PLANE ( 'NONE',  #7932 ) ;
#6820 = PRODUCT_DEFINITION ( 'UNKNOWN', '', #6515, #4650 ) ;
#6821 = CARTESIAN_POINT ( 'NONE',  ( 7.000000000000000000, -8.799999999999998934, -12.40996438382937939 ) ) ;
#6822 = AXIS2_PLACEMENT_3D ( 'NONE', #6650, #1720, #5451 ) ;
#6823 = APPLICATION_PROTOCOL_DEFINITION ( 'draft international standard', 'automotive_design', 1998, #2339 ) ;
#6824 = ORIENTED_EDGE ( 'NONE', *, *, #3303, .F. ) ;
#6825 = LINE ( 'NONE', #4838, #2597 ) ;
#6826 = CARTESIAN_POINT ( 'NONE',  ( 0.9843342201064364527, 2.497005303495308581, -0.4482944105899250298 ) ) ;
#6827 = CARTESIAN_POINT ( 'NONE',  ( 0.9700000000000541522, 2.385763063567691855, 0.2488730229634472657 ) ) ;
#6828 = ORIENTED_EDGE ( 'NONE', *, *, #6700, .T. ) ;
#6829 = CIRCLE ( 'NONE', #1809, 2.500000000000002220 ) ;
#6830 = ORIENTED_EDGE ( 'NONE', *, *, #3152, .F. ) ;
#6831 = DIRECTION ( 'NONE',  ( 0.7071067811865475727, 4.357881996052623737E-33, -0.7071067811865475727 ) ) ;
#6832 = EDGE_CURVE ( 'NONE', #2519, #6281, #5261, .T. ) ;
#6833 = LINE ( 'NONE', #6050, #156 ) ;
#6834 = LINE ( 'NONE', #6794, #4727 ) ;
#6835 = LINE ( 'NONE', #4845, #1828 ) ;
#6836 = AXIS2_PLACEMENT_3D ( 'NONE', #7715, #274, #6513 ) ;
#6837 = EDGE_LOOP ( 'NONE', ( #378, #140, #7777, #5798, #502, #1338 ) ) ;
#6838 = ADVANCED_FACE ( 'NONE', ( #6463 ), #1505, .F. ) ;
#6839 = ORIENTED_EDGE ( 'NONE', *, *, #8108, .T. ) ;
#6840 = ORIENTED_EDGE ( 'NONE', *, *, #3706, .T. ) ;
#6841 = CARTESIAN_POINT ( 'NONE',  ( 0.9699999999999986411, 2.495373293259495195, -0.4531261570465683342 ) ) ;
#6842 = ADVANCED_FACE ( 'NONE', ( #3317 ), #2076, .F. ) ;
#6843 = LINE ( 'NONE', #1193, #1696 ) ;
#6844 = EDGE_CURVE ( 'NONE', #3107, #6619, #6508, .T. ) ;
#6845 = AXIS2_PLACEMENT_3D ( 'NONE', #429, #7986, #2316 ) ;
#6846 = DIRECTION ( 'NONE',  ( 0.000000000000000000, 0.000000000000000000, 1.000000000000000000 ) ) ;
#6847 = DIRECTION ( 'NONE',  ( -1.000000000000000000, -1.722632009336720063E-16, 7.400880780937477100E-16 ) ) ;
#6848 = ORIENTED_EDGE ( 'NONE', *, *, #1393, .F. ) ;
#6849 = EDGE_CURVE ( 'NONE', #2461, #6139, #7785, .T. ) ;
#6850 = VECTOR ( 'NONE', #610, 1000.000000000000000 ) ;
#6851 = ORIENTED_EDGE ( 'NONE', *, *, #1142, .F. ) ;
#6852 = LINE ( 'NONE', #1202, #3138 ) ;
#6853 = LINE ( 'NONE', #7380, #6361 ) ;
#6854 = DIRECTION ( 'NONE',  ( 1.000000000000000000, 2.000187765493021278E-16, -7.400880780937300593E-16 ) ) ;
#6855 = ORIENTED_EDGE ( 'NONE', *, *, #5779, .T. ) ;
#6856 = ADVANCED_FACE ( 'NONE', ( #8140 ), #4370, .F. ) ;
#6857 = SURFACE_SIDE_STYLE ('',( #542 ) ) ;
#6858 = DIRECTION ( 'NONE',  ( 0.000000000000000000, 0.000000000000000000, -1.000000000000000000 ) ) ;
#6859 = VECTOR ( 'NONE', #3381, 1000.000000000000000 ) ;
#6860 = VECTOR ( 'NONE', #3139, 1000.000000000000000 ) ;
#6861 = DIRECTION ( 'NONE',  ( -0.000000000000000000, 1.000000000000000000, -0.000000000000000000 ) ) ;
#6862 = VECTOR ( 'NONE', #5093, 1000.000000000000000 ) ;
#6863 = SURFACE_STYLE_FILL_AREA ( #2356 ) ;
#6864 = DIRECTION ( 'NONE',  ( 0.7071067811865474617, -0.000000000000000000, -0.7071067811865474617 ) ) ;
#6865 = VERTEX_POINT ( 'NONE', #5386 ) ;
#6866 = DIRECTION ( 'NONE',  ( 0.000000000000000000, 0.000000000000000000, 1.000000000000000000 ) ) ;
#6867 = ORIENTED_EDGE ( 'NONE', *, *, #3095, .T. ) ;
#6868 = DIRECTION ( 'NONE',  ( 6.845769268624742044E-16, -2.886579864025370717E-15, -1.000000000000000000 ) ) ;
#6869 = VECTOR ( 'NONE', #2938, 1000.000000000000000 ) ;
#6870 = LINE ( 'NONE', #2486, #4738 ) ;
#6871 = VECTOR ( 'NONE', #4437, 1000.000000000000000 ) ;
#6872 = ITEM_DEFINED_TRANSFORMATION ( 'NONE', 'NONE', #714,  #4255 ) ;
#6873 = VERTEX_POINT ( 'NONE', #4095 ) ;
#6874 = DIRECTION ( 'NONE',  ( -1.000000000000000000, -2.000187765493021278E-16, 7.400880780937300593E-16 ) ) ;
#6875 = DIRECTION ( 'NONE',  ( -6.845769268624742044E-16, 2.886579864025370717E-15, 1.000000000000000000 ) ) ;
#6876 = ORIENTED_EDGE ( 'NONE', *, *, #1393, .T. ) ;
#6877 = AXIS2_PLACEMENT_3D ( 'NONE', #7129, #3483, #4647 ) ;
#6878 = ORIENTED_EDGE ( 'NONE', *, *, #7142, .T. ) ;
#6879 = DIRECTION ( 'NONE',  ( 1.000000000000000000, 0.000000000000000000, 0.000000000000000000 ) ) ;
#6880 = DIRECTION ( 'NONE',  ( -4.489966181392269624E-17, -0.9707037360529247039, -0.2402795388977053970 ) ) ;
#6881 = CARTESIAN_POINT ( 'NONE',  ( 0.9699999999999986411, 2.489954509273251126, -0.4551746698936293134 ) ) ;
#6882 = STYLED_ITEM ( 'NONE', ( #3718 ), #6492 ) ;
#6883 = ADVANCED_FACE ( 'NONE', ( #1014 ), #3564, .T. ) ;
#6884 = CARTESIAN_POINT ( 'NONE',  ( 0.9700000000000541522, 2.476682154858606211, 0.1804060506515742235 ) ) ;
#6885 = ORIENTED_EDGE ( 'NONE', *, *, #4768, .F. ) ;
#6886 = VERTEX_POINT ( 'NONE', #7991 ) ;
#6887 = ORIENTED_EDGE ( 'NONE', *, *, #3656, .T. ) ;
#6888 = DIRECTION ( 'NONE',  ( 0.000000000000000000, 0.000000000000000000, 1.000000000000000000 ) ) ;
#6889 = CARTESIAN_POINT ( 'NONE',  ( 0.9699999999999986411, 2.483080091157330305, -0.4574356840751914177 ) ) ;
#6890 = FACE_OUTER_BOUND ( 'NONE', #2853, .T. ) ;
#6891 = CARTESIAN_POINT ( 'NONE',  ( 120.0000000000000284, -8.552444315316460433, 183.3762784180846381 ) ) ;
#6892 = ADVANCED_FACE ( 'NONE', ( #4053 ), #2320, .F. ) ;
#6893 = EDGE_CURVE ( 'NONE', #2628, #6176, #6090, .T. ) ;
#6894 = VECTOR ( 'NONE', #3348, 1000.000000000000000 ) ;
#6895 = EDGE_LOOP ( 'NONE', ( #3033, #3453, #4915, #4511 ) ) ;
#6896 = VERTEX_POINT ( 'NONE', #6627 ) ;
#6897 = ORIENTED_EDGE ( 'NONE', *, *, #3242, .F. ) ;
#6898 = PLANE ( 'NONE',  #964 ) ;
#6899 = CARTESIAN_POINT ( 'NONE',  ( 0.9699999999999986411, 2.502887340387338622, -0.4560289252513310965 ) ) ;
#6900 = ORIENTED_EDGE ( 'NONE', *, *, #7705, .T. ) ;
#6901 = CARTESIAN_POINT ( 'NONE',  ( 0.9699999999999986411, 2.324343390078947635, 0.1250508761554830484 ) ) ;
#6902 = PLANE ( 'NONE',  #7916 ) ;
#6903 = VECTOR ( 'NONE', #7760, 1000.000000000000000 ) ;
#6904 = EDGE_CURVE ( 'NONE', #8159, #5823, #5922, .T. ) ;
#6905 = ADVANCED_FACE ( 'NONE', ( #5430 ), #2947, .T. ) ;
#6906 = DIRECTION ( 'NONE',  ( 1.000000000000000000, 2.000187765493021278E-16, -7.400880780937300593E-16 ) ) ;
#6907 = AXIS2_PLACEMENT_3D ( 'NONE', #1131, #2944, #6002 ) ;
#6908 = LINE ( 'NONE', #1860, #7390 ) ;
#6909 = EDGE_LOOP ( 'NONE', ( #1166, #5095, #2183, #3235 ) ) ;
#6910 = ORIENTED_EDGE ( 'NONE', *, *, #280, .F. ) ;
#6911 = PLANE ( 'NONE',  #5024 ) ;
#6912 = CARTESIAN_POINT ( 'NONE',  ( 2.469999999999861195, -0.03601191218871591104, 2.273457506810801387 ) ) ;
#6913 = VERTEX_POINT ( 'NONE', #7198 ) ;
#6914 = CARTESIAN_POINT ( 'NONE',  ( 0.9699999999999986411, 2.472974545644746058, -0.4538894552190421705 ) ) ;
#6915 = LINE ( 'NONE', #1743, #161 ) ;
#6916 = ORIENTED_EDGE ( 'NONE', *, *, #7444, .T. ) ;
#6917 = ORIENTED_EDGE ( 'NONE', *, *, #6243, .F. ) ;
#6918 = CARTESIAN_POINT ( 'NONE',  ( 2.469999999999805684, 0.03232682635370687230, 2.345481331187900143 ) ) ;
#6919 = CARTESIAN_POINT ( 'NONE',  ( 0.9700000000000541522, 2.521786211845261860, 0.2788837195466659091 ) ) ;
#6920 = CARTESIAN_POINT ( 'NONE',  ( 2.470000000000055707, 1.797337126538345320, -1.265437637551755756 ) ) ;
#6921 = FACE_BOUND ( 'NONE', #1178, .T. ) ;
#6922 = VERTEX_POINT ( 'NONE', #4801 ) ;
#6923 = ORIENTED_EDGE ( 'NONE', *, *, #1588, .T. ) ;
#6924 = ORIENTED_EDGE ( 'NONE', *, *, #234, .F. ) ;
#6925 = CARTESIAN_POINT ( 'NONE',  ( 0.9843342201064919639, 1.499999999999973577, 3.053113317719180486E-13 ) ) ;
#6926 = FACE_OUTER_BOUND ( 'NONE', #3743, .T. ) ;
#6927 = DIRECTION ( 'NONE',  ( 1.286904669755700108E-30, 0.000000000000000000, 1.000000000000000000 ) ) ;
#6928 = LINE ( 'NONE', #1275, #516 ) ;
#6929 = VECTOR ( 'NONE', #5316, 1000.000000000000000 ) ;
#6930 = ORIENTED_EDGE ( 'NONE', *, *, #2089, .T. ) ;
#6931 = EDGE_LOOP ( 'NONE', ( #5422, #5743, #5111, #2528 ) ) ;
#6932 = ORIENTED_EDGE ( 'NONE', *, *, #7969, .T. ) ;
#6933 = DIRECTION ( 'NONE',  ( 3.039443235083193347E-17, 0.9822529701818395464, 0.1875609302838795178 ) ) ;
#6934 = VERTEX_POINT ( 'NONE', #4136 ) ;
#6935 = DIRECTION ( 'NONE',  ( 7.825778283652462915E-16, 0.5000000000000034417, -0.8660254037844367092 ) ) ;
#6936 = DIRECTION ( 'NONE',  ( -1.000000000000000000, -2.000187765493021278E-16, 7.400880780937300593E-16 ) ) ;
#6937 = EDGE_CURVE ( 'NONE', #1046, #258, #4760, .T. ) ;
#6938 = CARTESIAN_POINT ( 'NONE',  ( 2.470000000000027729, -2.023130304122683576, -1.531436993182061501 ) ) ;
#6939 = EDGE_CURVE ( 'NONE', #1370, #7029, #4220, .T. ) ;
#6940 = CARTESIAN_POINT ( 'NONE',  ( 0.9699999999999986411, 2.324343390078947635, 0.01740461005365900871 ) ) ;
#6941 = ORIENTED_EDGE ( 'NONE', *, *, #4260, .T. ) ;
#6942 = CARTESIAN_POINT ( 'NONE',  ( 0.9700000000000541522, 2.357842869644438899, 0.2479398652346503917 ) ) ;
#6943 = ORIENTED_EDGE ( 'NONE', *, *, #2642, .F. ) ;
#6944 = CARTESIAN_POINT ( 'NONE',  ( 0.9843342201064364527, 2.357842869644382944, 0.2479398652344699805 ) ) ;
#6945 = EDGE_CURVE ( 'NONE', #3945, #3562, #1095, .T. ) ;
#6946 = EDGE_CURVE ( 'NONE', #2612, #5135, #4175, .T. ) ;
#6947 = LINE ( 'NONE', #2610, #3817 ) ;
#6948 = AXIS2_PLACEMENT_3D ( 'NONE', #685, #6831, #5630 ) ;
#6949 = VERTEX_POINT ( 'NONE', #937 ) ;
#6950 = EDGE_CURVE ( 'NONE', #7226, #1156, #2197, .T. ) ;
#6951 = DIRECTION ( 'NONE',  ( 6.147164604532359450E-17, -0.9629464567805122721, -0.2696926424169874825 ) ) ;
#6952 = ORIENTED_EDGE ( 'NONE', *, *, #4981, .F. ) ;
#6953 = ORIENTED_EDGE ( 'NONE', *, *, #7445, .T. ) ;
#6954 = CARTESIAN_POINT ( 'NONE',  ( 0.9699999999999986411, 2.286545892256880208, 0.1670300731590745880 ) ) ;
#6955 = CARTESIAN_POINT ( 'NONE',  ( 0.9843342201064364527, 2.481543631422305829, -0.4415490844352637501 ) ) ;
#6956 = AXIS2_PLACEMENT_3D ( 'NONE', #7800, #6680, #4655 ) ;
#6957 = PLANE ( 'NONE',  #6053 ) ;
#6958 = CARTESIAN_POINT ( 'NONE',  ( 120.0000000000000284, -0.02109807546055164629, 180.2711223285582207 ) ) ;
#6959 = DIRECTION ( 'NONE',  ( 0.000000000000000000, 1.000000000000000000, 0.000000000000000000 ) ) ;
#6960 = VERTEX_POINT ( 'NONE', #7827 ) ;
#6961 = VECTOR ( 'NONE', #4194, 1000.000000000000000 ) ;
#6962 = ORIENTED_EDGE ( 'NONE', *, *, #5973, .T. ) ;
#6963 = VERTEX_POINT ( 'NONE', #2158 ) ;
#6964 = FACE_OUTER_BOUND ( 'NONE', #908, .T. ) ;
#6965 = CARTESIAN_POINT ( 'NONE',  ( 80.00000000000002842, 0.3893260965302514087, 181.3987534735013298 ) ) ;
#6966 = FACE_OUTER_BOUND ( 'NONE', #5126, .T. ) ;
#6967 = DIRECTION ( 'NONE',  ( -3.582787080455031950E-16, 0.6934400527214990007, 0.7205143255214324638 ) ) ;
#6968 = LINE ( 'NONE', #3120, #787 ) ;
#6969 = AXIS2_PLACEMENT_3D ( 'NONE', #2266, #7260, #6808 ) ;
#6970 = EDGE_LOOP ( 'NONE', ( #5670, #6848 ) ) ;
#6971 = ORIENTED_EDGE ( 'NONE', *, *, #4617, .T. ) ;
#6972 = ORIENTED_EDGE ( 'NONE', *, *, #2485, .F. ) ;
#6973 = CIRCLE ( 'NONE', #4325, 2.637500000000020606 ) ;
#6974 = ORIENTED_EDGE ( 'NONE', *, *, #7388, .T. ) ;
#6975 = PLANE ( 'NONE',  #6237 ) ;
#6976 = DIRECTION ( 'NONE',  ( -1.387778780781445676E-16, 0.9396926207859093161, -0.3420201433256661039 ) ) ;
#6977 = AXIS2_PLACEMENT_3D ( 'NONE', #5140, #3852, #2578 ) ;
#6978 = EDGE_CURVE ( 'NONE', #7477, #7279, #2796, .T. ) ;
#6979 = VERTEX_POINT ( 'NONE', #975 ) ;
#6980 = CARTESIAN_POINT ( 'NONE',  ( 0.9699999999999986411, 2.483238627135203380, -0.4477264981799095045 ) ) ;
#6981 = DIRECTION ( 'NONE',  ( 1.000000000000000000, 2.000187765493021278E-16, -7.400880780937300593E-16 ) ) ;
#6982 = ORIENTED_EDGE ( 'NONE', *, *, #4423, .T. ) ;
#6983 = VECTOR ( 'NONE', #1973, 1000.000000000000000 ) ;
#6984 = VECTOR ( 'NONE', #3527, 1000.000000000000114 ) ;
#6985 = DIRECTION ( 'NONE',  ( -6.845769268624692740E-16, 5.551115123125739315E-16, 1.000000000000000000 ) ) ;
#6986 = ORIENTED_EDGE ( 'NONE', *, *, #7905, .F. ) ;
#6987 = CARTESIAN_POINT ( 'NONE',  ( 7.000000000000000000, -10.00000000000001421, -12.40996438382937939 ) ) ;
#6988 = DIRECTION ( 'NONE',  ( 6.845769268624693726E-16, -5.551115123125739315E-16, -1.000000000000000000 ) ) ;
#6989 = EDGE_CURVE ( 'NONE', #215, #428, #2241, .T. ) ;
#6990 = VECTOR ( 'NONE', #5212, 1000.000000000000000 ) ;
#6991 = VECTOR ( 'NONE', #881, 1000.000000000000000 ) ;
#6992 = EDGE_CURVE ( 'NONE', #6774, #5066, #6005, .T. ) ;
#6993 = EDGE_CURVE ( 'NONE', #5074, #297, #1821, .T. ) ;
#6994 = ORIENTED_EDGE ( 'NONE', *, *, #6832, .T. ) ;
#6995 = FACE_BOUND ( 'NONE', #1744, .T. ) ;
#6996 = ORIENTED_EDGE ( 'NONE', *, *, #2706, .F. ) ;
#6997 = ORIENTED_EDGE ( 'NONE', *, *, #5030, .F. ) ;
#6998 = DIRECTION ( 'NONE',  ( 1.000000000000000000, 2.000187765493021278E-16, -7.400880780937300593E-16 ) ) ;
#6999 = AXIS2_PLACEMENT_3D ( 'NONE', #4830, #7188, #2850 ) ;
#7000 = AXIS2_PLACEMENT_3D ( 'NONE', #375, #7344, #7940 ) ;
#7001 = FACE_OUTER_BOUND ( 'NONE', #6366, .T. ) ;
#7002 = LINE ( 'NONE', #5018, #922 ) ;
#7003 = CARTESIAN_POINT ( 'NONE',  ( 0.9843342201064364527, 2.440789267712101029, 0.1548669140300634739 ) ) ;
#7004 = EDGE_CURVE ( 'NONE', #4545, #3631, #8121, .T. ) ;
#7005 = CYLINDRICAL_SURFACE ( 'NONE', #7964, 2.110000000000000764 ) ;
#7006 = EDGE_CURVE ( 'NONE', #2971, #1878, #6287, .T. ) ;
#7007 = CIRCLE ( 'NONE', #4492, 1.000000000000000888 ) ;
#7008 = EDGE_LOOP ( 'NONE', ( #6344, #4680, #4146, #2774 ) ) ;
#7009 = VECTOR ( 'NONE', #7869, 999.9999999999998863 ) ;
#7010 = ORIENTED_EDGE ( 'NONE', *, *, #732, .T. ) ;
#7011 = ORIENTED_EDGE ( 'NONE', *, *, #7644, .F. ) ;
#7012 = CARTESIAN_POINT ( 'NONE',  ( 0.9700000000000541522, 2.033886628395681129, -0.3948934297112322023 ) ) ;
#7013 = CARTESIAN_POINT ( 'NONE',  ( 37.66499003874636742, -7.800000000000022027, 95.44360218381365257 ) ) ;
#7014 = LINE ( 'NONE', #3203, #7100 ) ;
#7015 = VECTOR ( 'NONE', #296, 1000.000000000000000 ) ;
#7016 = DIRECTION ( 'NONE',  ( 1.000000000000000000, 2.000187765493021278E-16, -7.400880780937300593E-16 ) ) ;
#7017 = ORIENTED_EDGE ( 'NONE', *, *, #517, .T. ) ;
#7018 = ORIENTED_EDGE ( 'NONE', *, *, #3063, .T. ) ;
#7019 = EDGE_LOOP ( 'NONE', ( #4772, #863, #5573, #2085 ) ) ;
#7020 = EDGE_LOOP ( 'NONE', ( #3729, #6299, #4942, #1329 ) ) ;
#7021 = CARTESIAN_POINT ( 'NONE',  ( 0.9700000000000541522, 2.243485895057573121, 0.2119955182379174019 ) ) ;
#7022 = DIRECTION ( 'NONE',  ( -6.845769268624692740E-16, 5.551115123125739315E-16, 1.000000000000000000 ) ) ;
#7023 = AXIS2_PLACEMENT_3D ( 'NONE', #2470, #1244, #5966 ) ;
#7024 = DIRECTION ( 'NONE',  ( 1.000000000000000000, 1.722632009336712421E-16, -4.625323219374409242E-16 ) ) ;
#7025 = PLANE ( 'NONE',  #5807 ) ;
#7026 = ORIENTED_EDGE ( 'NONE', *, *, #3207, .F. ) ;
#7027 = VECTOR ( 'NONE', #2851, 1000.000000000000114 ) ;
#7028 = DIRECTION ( 'NONE',  ( -0.000000000000000000, 1.000000000000000000, -0.000000000000000000 ) ) ;
#7029 = VERTEX_POINT ( 'NONE', #7449 ) ;
#7030 = CARTESIAN_POINT ( 'NONE',  ( 0.9699999999999986411, 2.125255814197951842, -0.2852079774575411175 ) ) ;
#7031 = DIRECTION ( 'NONE',  ( 7.043350619216897427E-16, 0.2346670832091035386, -0.9720757995434984311 ) ) ;
#7032 = VECTOR ( 'NONE', #1283, 1000.000000000000000 ) ;
#7033 = VERTEX_POINT ( 'NONE', #3609 ) ;
#7034 = CARTESIAN_POINT ( 'NONE',  ( 110.0000000000000568, -1.199999999999999956, 169.9999999999999716 ) ) ;
#7035 = ORIENTED_EDGE ( 'NONE', *, *, #1247, .T. ) ;
#7036 = ORIENTED_EDGE ( 'NONE', *, *, #7693, .T. ) ;
#7037 = CARTESIAN_POINT ( 'NONE',  ( 2.450949999999840756, 0.03232682635370687230, 2.345481331187900143 ) ) ;
#7038 = DIRECTION ( 'NONE',  ( 1.000000000000000000, 0.000000000000000000, 0.000000000000000000 ) ) ;
#7039 = ADVANCED_FACE ( 'NONE', ( #5010 ), #4299, .F. ) ;
#7040 = EDGE_CURVE ( 'NONE', #139, #4574, #6915, .T. ) ;
#7041 = CARTESIAN_POINT ( 'NONE',  ( 64.03805922287433816, -1.199999999999999956, 101.9238815542511674 ) ) ;
#7042 = FACE_OUTER_BOUND ( 'NONE', #6193, .T. ) ;
#7043 = VERTEX_POINT ( 'NONE', #3727 ) ;
#7044 = LINE ( 'NONE', #5845, #5045 ) ;
#7045 = VERTEX_POINT ( 'NONE', #6827 ) ;
#7046 = EDGE_LOOP ( 'NONE', ( #6015, #1008, #6697, #1225 ) ) ;
#7047 = EDGE_CURVE ( 'NONE', #1813, #2883, #4770, .T. ) ;
#7048 = DIRECTION ( 'NONE',  ( 0.000000000000000000, 1.000000000000000000, 0.000000000000000000 ) ) ;
#7049 = PLANE ( 'NONE',  #1208 ) ;
#7050 = DIRECTION ( 'NONE',  ( 1.000000000000000000, 0.000000000000000000, 0.000000000000000000 ) ) ;
#7051 = DIRECTION ( 'NONE',  ( -1.000000000000000000, 0.000000000000000000, 0.000000000000000000 ) ) ;
#7052 = EDGE_CURVE ( 'NONE', #821, #5231, #8158, .T. ) ;
#7053 = ADVANCED_FACE ( 'NONE', ( #3684 ), #6126, .F. ) ;
#7054 = DIRECTION ( 'NONE',  ( 0.000000000000000000, -3.469446951953611033E-15, 1.000000000000000000 ) ) ;
#7055 = VERTEX_POINT ( 'NONE', #5626 ) ;
#7056 = CARTESIAN_POINT ( 'NONE',  ( 2.450949999999840756, -0.1043506507306113384, 2.273457506810704132 ) ) ;
#7057 = VERTEX_POINT ( 'NONE', #2490 ) ;
#7058 = EDGE_CURVE ( 'NONE', #6699, #193, #7532, .T. ) ;
#7059 = ORIENTED_EDGE ( 'NONE', *, *, #849, .F. ) ;
#7060 = CARTESIAN_POINT ( 'NONE',  ( 110.0000000000000426, -1.199999999999999956, 58.07194077712566838 ) ) ;
#7061 = LINE ( 'NONE', #3911, #6983 ) ;
#7062 = LINE ( 'NONE', #4998, #4846 ) ;
#7063 = FACE_OUTER_BOUND ( 'NONE', #3020, .T. ) ;
#7064 = AXIS2_PLACEMENT_3D ( 'NONE', #6716, #5976, #4774 ) ;
#7065 = ORIENTED_EDGE ( 'NONE', *, *, #5741, .F. ) ;
#7066 = DIRECTION ( 'NONE',  ( -4.548242438785187417E-16, 0.2406903406729422046, 0.9706019575020148338 ) ) ;
#7067 = VERTEX_POINT ( 'NONE', #6499 ) ;
#7068 = LINE ( 'NONE', #7730, #2906 ) ;
#7069 = CYLINDRICAL_SURFACE ( 'NONE', #6328, 0.03983479767572151858 ) ;
#7070 = VERTEX_POINT ( 'NONE', #2652 ) ;
#7071 = DIRECTION ( 'NONE',  ( -4.095427613025173208E-16, -0.9089994253807270885, 0.4167973664234312370 ) ) ;
#7072 = ORIENTED_EDGE ( 'NONE', *, *, #4011, .T. ) ;
#7073 = ORIENTED_EDGE ( 'NONE', *, *, #7141, .T. ) ;
#7074 = DIRECTION ( 'NONE',  ( -0.000000000000000000, 1.000000000000000000, -0.000000000000000000 ) ) ;
#7075 = DIRECTION ( 'NONE',  ( 1.000000000000000000, 2.000187765493029413E-16, 6.845769268624692740E-16 ) ) ;
#7076 = CARTESIAN_POINT ( 'NONE',  ( 2.450949999999951778, -1.675109521795836720, -1.025625200007360238 ) ) ;
#7077 = DIRECTION ( 'NONE',  ( 0.000000000000000000, 1.000000000000000000, 0.000000000000000000 ) ) ;
#7078 = ORIENTED_EDGE ( 'NONE', *, *, #1519, .T. ) ;
#7079 = EDGE_CURVE ( 'NONE', #5026, #104, #4547, .T. ) ;
#7080 = FACE_OUTER_BOUND ( 'NONE', #1044, .T. ) ;
#7081 = ORIENTED_EDGE ( 'NONE', *, *, #6133, .T. ) ;
#7082 = AXIS2_PLACEMENT_3D ( 'NONE', #3563, #3682, #4881 ) ;
#7083 = FACE_BOUND ( 'NONE', #4395, .T. ) ;
#7084 = DIRECTION ( 'NONE',  ( 9.680376540049056858E-16, 2.220446049250292373E-16, -1.000000000000000000 ) ) ;
#7085 = CARTESIAN_POINT ( 'NONE',  ( 80.00000000000001421, 0.000000000000000000, 135.0000000000000000 ) ) ;
#7086 = DIRECTION ( 'NONE',  ( 1.445076253180178246E-16, 1.000000000000000000, -5.551115123125738329E-16 ) ) ;
#7087 = EDGE_CURVE ( 'NONE', #1307, #1156, #3801, .T. ) ;
#7088 = AXIS2_PLACEMENT_3D ( 'NONE', #812, #3972, #6502 ) ;
#7089 = ORIENTED_EDGE ( 'NONE', *, *, #4615, .F. ) ;
#7090 = ADVANCED_FACE ( 'NONE', ( #5711 ), #7696, .F. ) ;
#7091 = ORIENTED_EDGE ( 'NONE', *, *, #6227, .T. ) ;
#7092 = VERTEX_POINT ( 'NONE', #4509 ) ;
#7093 = EDGE_CURVE ( 'NONE', #7776, #49, #6412, .T. ) ;
#7094 = ORIENTED_EDGE ( 'NONE', *, *, #1540, .F. ) ;
#7095 = DIRECTION ( 'NONE',  ( 4.619824724853955355E-16, 0.8660254037844390407, -0.4999999999999991673 ) ) ;
#7096 = MECHANICAL_DESIGN_GEOMETRIC_PRESENTATION_REPRESENTATION (  '', ( #4183 ), #3922 ) ;
#7097 = LINE ( 'NONE', #5858, #971 ) ;
#7098 = DIRECTION ( 'NONE',  ( 6.845769268624692740E-16, -5.551115123125739315E-16, -1.000000000000000000 ) ) ;
#7099 = EDGE_CURVE ( 'NONE', #7513, #1324, #2939, .T. ) ;
#7100 = VECTOR ( 'NONE', #75, 1000.000000000000000 ) ;
#7101 = VERTEX_POINT ( 'NONE', #6035 ) ;
#7102 =( NAMED_UNIT ( * ) PLANE_ANGLE_UNIT ( ) SI_UNIT ( $, .RADIAN. ) );
#7103 = EDGE_CURVE ( 'NONE', #3725, #1301, #2891, .T. ) ;
#7104 = DIRECTION ( 'NONE',  ( 2.976118894601008090E-16, -0.8509796880745748027, -0.5251986009925190269 ) ) ;
#7105 = CARTESIAN_POINT ( 'NONE',  ( 35.00000000000014921, -1.199999999999999956, 90.00000000000000000 ) ) ;
#7106 = EDGE_LOOP ( 'NONE', ( #64, #6363, #6824, #2674, #4087, #1533, #5778, #2592, #606, #1206 ) ) ;
#7107 = CARTESIAN_POINT ( 'NONE',  ( 12.50000000000001421, -8.799999999999998934, 102.4099643838293758 ) ) ;
#7108 = CARTESIAN_POINT ( 'NONE',  ( 25.00000000000001421, -7.800000000000022027, 95.44360218381365257 ) ) ;
#7109 = LINE ( 'NONE', #3180, #6474 ) ;
#7110 = VECTOR ( 'NONE', #442, 1000.000000000000000 ) ;
#7111 = DIRECTION ( 'NONE',  ( 3.758717262572422033E-16, 0.8875709788823042956, -0.4606709861125486416 ) ) ;
#7112 = ORIENTED_EDGE ( 'NONE', *, *, #1942, .F. ) ;
#7113 = AXIS2_PLACEMENT_3D ( 'NONE', #5852, #5931, #275 ) ;
#7114 = DIRECTION ( 'NONE',  ( -4.992923249690979017E-16, 0.5000000000000059952, 0.8660254037844352659 ) ) ;
#7115 = ORIENTED_EDGE ( 'NONE', *, *, #2901, .F. ) ;
#7116 = EDGE_LOOP ( 'NONE', ( #3474, #7026, #5022, #7259 ) ) ;
#7117 = DIRECTION ( 'NONE',  ( 0.000000000000000000, 9.856383386231887177E-16, 1.000000000000000000 ) ) ;
#7118 = VECTOR ( 'NONE', #1518, 1000.000000000000000 ) ;
#7119 = CARTESIAN_POINT ( 'NONE',  ( 0.9699999999999986411, 2.286545892256880208, 0.1670300731590745880 ) ) ;
#7120 = VECTOR ( 'NONE', #1089, 999.9999999999998863 ) ;
#7121 = FACE_OUTER_BOUND ( 'NONE', #2794, .T. ) ;
#7122 = ORIENTED_EDGE ( 'NONE', *, *, #3908, .T. ) ;
#7123 = DIRECTION ( 'NONE',  ( 7.404133412396956277E-16, 0.001895896748269591250, -0.9999982027861450407 ) ) ;
#7124 = LINE ( 'NONE', #5221, #4375 ) ;
#7125 = ORIENTED_EDGE ( 'NONE', *, *, #3549, .F. ) ;
#7126 = VECTOR ( 'NONE', #2717, 1000.000000000000000 ) ;
#7127 = AXIS2_PLACEMENT_3D ( 'NONE', #4656, #7839, #4570 ) ;
#7128 = DIRECTION ( 'NONE',  ( 1.000000000000000000, 1.722632009336709216E-16, 9.621326830187598882E-16 ) ) ;
#7129 = CARTESIAN_POINT ( 'NONE',  ( 0.9700000000000541522, 1.975537752030215310, -7.167110113726060661E-06 ) ) ;
#7130 = CARTESIAN_POINT ( 'NONE',  ( 64.03805922287433816, -1.199999999999999956, 99.81388155425116793 ) ) ;
#7131 = DIRECTION ( 'NONE',  ( 2.920440685628434312E-17, 0.9931668520135530365, 0.1167030593493125074 ) ) ;
#7132 = EDGE_CURVE ( 'NONE', #5195, #1813, #7857, .T. ) ;
#7133 = CIRCLE ( 'NONE', #1207, 2.500000000000002220 ) ;
#7134 = VECTOR ( 'NONE', #7572, 1000.000000000000000 ) ;
#7135 = ORIENTED_EDGE ( 'NONE', *, *, #497, .T. ) ;
#7136 = ORIENTED_EDGE ( 'NONE', *, *, #1635, .T. ) ;
#7137 = ORIENTED_EDGE ( 'NONE', *, *, #1635, .F. ) ;
#7138 = DIRECTION ( 'NONE',  ( 0.000000000000000000, 1.000000000000000000, 0.000000000000000000 ) ) ;
#7139 = CIRCLE ( 'NONE', #6480, 2.100000000000019629 ) ;
#7140 = CARTESIAN_POINT ( 'NONE',  ( 0.9699999999999986411, 2.493745533049956720, -0.4541504134703971962 ) ) ;
#7141 = EDGE_CURVE ( 'NONE', #6619, #7542, #5628, .T. ) ;
#7142 = EDGE_CURVE ( 'NONE', #1901, #5195, #302, .T. ) ;
#7143 = CIRCLE ( 'NONE', #2921, 2.110000000000000764 ) ;
#7144 = EDGE_LOOP ( 'NONE', ( #1869, #6152, #7155, #3611 ) ) ;
#7145 = CARTESIAN_POINT ( 'NONE',  ( 2.450950000000007289, -1.992290211928704480, -0.9379137554844513280 ) ) ;
#7146 = CARTESIAN_POINT ( 'NONE',  ( 0.9843342201064364527, 2.483238627135203380, -0.4169470231356793843 ) ) ;
#7147 = FACE_OUTER_BOUND ( 'NONE', #2285, .T. ) ;
#7148 = VERTEX_POINT ( 'NONE', #2277 ) ;
#7149 = EDGE_CURVE ( 'NONE', #6176, #5932, #4953, .T. ) ;
#7150 = CARTESIAN_POINT ( 'NONE',  ( 5.689893001203927270E-11, 0.000000000000000000, 0.000000000000000000 ) ) ;
#7151 = CARTESIAN_POINT ( 'NONE',  ( 25.00000000000001066, -1.857979856674338404, 90.93969262078590532 ) ) ;
#7152 = EDGE_CURVE ( 'NONE', #7571, #1096, #7394, .T. ) ;
#7153 = DIRECTION ( 'NONE',  ( -9.628834090771747916E-17, 0.9090442707885191265, 0.4166995485317561143 ) ) ;
#7154 = AXIS2_PLACEMENT_3D ( 'NONE', #7478, #1812, #594 ) ;
#7155 = ORIENTED_EDGE ( 'NONE', *, *, #2598, .F. ) ;
#7156 = CARTESIAN_POINT ( 'NONE',  ( 0.9700000000000541522, 1.975537752030354088, -0.3948934297118011916 ) ) ;
#7157 = ORIENTED_EDGE ( 'NONE', *, *, #5173, .T. ) ;
#7158 = VERTEX_POINT ( 'NONE', #1167 ) ;
#7159 = DIRECTION ( 'NONE',  ( 1.000000000000000000, 1.722632009336720063E-16, -7.400880780937477100E-16 ) ) ;
#7160 = CARTESIAN_POINT ( 'NONE',  ( 87.00000000000004263, -8.799999999999998934, 194.9099643838293616 ) ) ;
#7161 = CARTESIAN_POINT ( 'NONE',  ( 2.450950000000007289, -0.1043506507306113384, 2.068330963623861596 ) ) ;
#7162 = PLANE ( 'NONE',  #2551 ) ;
#7163 = ORIENTED_EDGE ( 'NONE', *, *, #4716, .F. ) ;
#7164 = CARTESIAN_POINT ( 'NONE',  ( 0.9699999999999986411, 2.219308366003591715, -0.01856281503796741728 ) ) ;
#7165 = EDGE_LOOP ( 'NONE', ( #731, #7729, #218, #860 ) ) ;
#7166 = VECTOR ( 'NONE', #2117, 1000.000000000000000 ) ;
#7167 = DIRECTION ( 'NONE',  ( -1.000000000000000000, -2.000187765493021278E-16, 7.400880780937300593E-16 ) ) ;
#7168 = FACE_OUTER_BOUND ( 'NONE', #8104, .T. ) ;
#7169 = CARTESIAN_POINT ( 'NONE',  ( 0.9699999999999986411, 2.309420209805124191, -0.2346925392426868484 ) ) ;
#7170 = CARTESIAN_POINT ( 'NONE',  ( 0.000000000000000000, -1.857979856674338404, 90.93969262078590532 ) ) ;
#7171 = ORIENTED_EDGE ( 'NONE', *, *, #7947, .F. ) ;
#7172 = EDGE_LOOP ( 'NONE', ( #5273, #3555, #2591, #758, #4487, #3987 ) ) ;
#7173 = ORIENTED_EDGE ( 'NONE', *, *, #2897, .F. ) ;
#7174 = DIRECTION ( 'NONE',  ( 6.845769268624692740E-16, -5.551115123125739315E-16, -1.000000000000000000 ) ) ;
#7175 = CARTESIAN_POINT ( 'NONE',  ( 0.9699999999999986411, 2.494238536142306728, -0.4649539812289077423 ) ) ;
#7176 = CARTESIAN_POINT ( 'NONE',  ( 2.469999999999972218, -1.825087419202175987, -0.7658558616864541424 ) ) ;
#7177 = CARTESIAN_POINT ( 'NONE',  ( 1.624750000000011241, -1.380728864575075780E-13, -3.174999999999890576 ) ) ;
#7178 = EDGE_LOOP ( 'NONE', ( #5262, #3086, #7720, #4244, #978, #5094, #7360, #3368, #1308, #7984, #6054, #2583, #7122, #6475, #3234, #521, #402, #5419, #8072, #8035, #58, #2481, #1016, #1422 ) ) ;
#7179 = PLANE ( 'NONE',  #3966 ) ;
#7180 = EDGE_CURVE ( 'NONE', #2631, #4312, #1902, .T. ) ;
#7181 = ORIENTED_EDGE ( 'NONE', *, *, #4114, .F. ) ;
#7182 = LINE ( 'NONE', #2844, #5578 ) ;
#7183 = CARTESIAN_POINT ( 'NONE',  ( 64.03805922287433816, -1.199999999999999956, 104.0338815542511668 ) ) ;
#7184 = FILL_AREA_STYLE_COLOUR ( '', #2107 ) ;
#7185 = EDGE_CURVE ( 'NONE', #4729, #18, #6159, .T. ) ;
#7186 = AXIS2_PLACEMENT_3D ( 'NONE', #3622, #1834, #6888 ) ;
#7187 = ORIENTED_EDGE ( 'NONE', *, *, #696, .T. ) ;
#7188 = DIRECTION ( 'NONE',  ( 1.000000000000000000, 1.722632009336709216E-16, 9.621326830187598882E-16 ) ) ;
#7189 = ADVANCED_FACE ( 'NONE', ( #4955 ), #3675, .T. ) ;
#7190 = ORIENTED_EDGE ( 'NONE', *, *, #6729, .F. ) ;
#7191 = EDGE_CURVE ( 'NONE', #3308, #1594, #2539, .T. ) ;
#7192 = ORIENTED_EDGE ( 'NONE', *, *, #1632, .T. ) ;
#7193 = CARTESIAN_POINT ( 'NONE',  ( 0.9699999999999986411, 2.473302904835399829, -0.4639042246457896201 ) ) ;
#7194 = FACE_OUTER_BOUND ( 'NONE', #682, .T. ) ;
#7195 = EDGE_CURVE ( 'NONE', #6979, #1910, #703, .T. ) ;
#7196 = CARTESIAN_POINT ( 'NONE',  ( 75.00000000000002842, -8.800000000000013145, 5.590035616170625943 ) ) ;
#7197 = DIRECTION ( 'NONE',  ( 0.000000000000000000, -0.9396926207859093161, -0.3420201433256661039 ) ) ;
#7198 = CARTESIAN_POINT ( 'NONE',  ( 0.9700000000000541522, 2.520332721926727082, 0.2680507760427636166 ) ) ;
#7199 = ORIENTED_EDGE ( 'NONE', *, *, #3605, .F. ) ;
#7200 = ADVANCED_FACE ( 'NONE', ( #845 ), #2684, .F. ) ;
#7201 = FACE_OUTER_BOUND ( 'NONE', #4321, .T. ) ;
#7202 = CARTESIAN_POINT ( 'NONE',  ( 0.000000000000000000, 84.55123779527127681, 59.48930942924828003 ) ) ;
#7203 = DIRECTION ( 'NONE',  ( 1.000000000000000000, 2.000187765493021278E-16, -7.400880780937300593E-16 ) ) ;
#7204 = DIRECTION ( 'NONE',  ( -9.680376540120748537E-16, -2.220446049250292373E-16, 1.000000000000000000 ) ) ;
#7205 = EDGE_LOOP ( 'NONE', ( #5913, #211, #3206, #1006 ) ) ;
#7206 = AXIS2_PLACEMENT_3D ( 'NONE', #1013, #390, #4219 ) ;
#7207 = DIRECTION ( 'NONE',  ( -0.000000000000000000, 1.000000000000000000, -0.000000000000000000 ) ) ;
#7208 = ORIENTED_EDGE ( 'NONE', *, *, #5938, .F. ) ;
#7209 = FACE_OUTER_BOUND ( 'NONE', #5326, .T. ) ;
#7210 = DIRECTION ( 'NONE',  ( 1.000000000000000000, 2.000187765493021278E-16, -7.400880780937300593E-16 ) ) ;
#7211 = DIRECTION ( 'NONE',  ( 1.000000000000000000, 1.722632009336712421E-16, -4.625323219374409242E-16 ) ) ;
#7212 = CARTESIAN_POINT ( 'NONE',  ( 0.9699999999999986411, 2.488303373917672090, -0.4538380365110561421 ) ) ;
#7213 = AXIS2_PLACEMENT_3D ( 'NONE', #2493, #1226, #4344 ) ;
#7214 = VERTEX_POINT ( 'NONE', #2059 ) ;
#7215 = LINE ( 'NONE', #4575, #1728 ) ;
#7216 = PRESENTATION_LAYER_ASSIGNMENT (  '', '', ( #4183 ) ) ;
#7217 = PLANE ( 'NONE',  #4361 ) ;
#7218 = ORIENTED_EDGE ( 'NONE', *, *, #3242, .T. ) ;
#7219 = DIRECTION ( 'NONE',  ( -1.000000000000000000, -1.722632009336712421E-16, 4.625323219374409242E-16 ) ) ;
#7220 = FACE_OUTER_BOUND ( 'NONE', #3640, .T. ) ;
#7221 = DIRECTION ( 'NONE',  ( 1.000000000000000000, 3.110410790118177818E-16, -7.400880780937398214E-16 ) ) ;
#7222 = VECTOR ( 'NONE', #1661, 1000.000000000000114 ) ;
#7223 = EDGE_CURVE ( 'NONE', #551, #4751, #757, .T. ) ;
#7224 = ORIENTED_EDGE ( 'NONE', *, *, #7842, .T. ) ;
#7225 = LINE ( 'NONE', #2775, #2113 ) ;
#7226 = VERTEX_POINT ( 'NONE', #5125 ) ;
#7227 = VECTOR ( 'NONE', #6171, 1000.000000000000000 ) ;
#7228 = ORIENTED_EDGE ( 'NONE', *, *, #383, .F. ) ;
#7229 = EDGE_CURVE ( 'NONE', #4987, #7311, #6446, .T. ) ;
#7230 = CARTESIAN_POINT ( 'NONE',  ( 0.000000000000000000, -1.199999999999997069, 90.00000000000000000 ) ) ;
#7231 = ADVANCED_FACE ( 'NONE', ( #172 ), #212, .F. ) ;
#7232 = EDGE_CURVE ( 'NONE', #7279, #5883, #7728, .T. ) ;
#7233 = VECTOR ( 'NONE', #5678, 1000.000000000000000 ) ;
#7234 = DIRECTION ( 'NONE',  ( 1.000000000000000000, 0.000000000000000000, 0.000000000000000000 ) ) ;
#7235 = ORIENTED_EDGE ( 'NONE', *, *, #1200, .F. ) ;
#7236 = EDGE_LOOP ( 'NONE', ( #7953, #6088, #6924, #5681 ) ) ;
#7237 = DIRECTION ( 'NONE',  ( -1.445076253180192051E-16, -1.000000000000000000, 2.553512956637819811E-15 ) ) ;
#7238 = LINE ( 'NONE', #1584, #3959 ) ;
#7239 = VECTOR ( 'NONE', #587, 1000.000000000000000 ) ;
#7240 = EDGE_CURVE ( 'NONE', #6281, #4470, #3341, .T. ) ;
#7241 = AXIS2_PLACEMENT_3D ( 'NONE', #2771, #5294, #301 ) ;
#7242 = CARTESIAN_POINT ( 'NONE',  ( 0.9700000000000541522, 2.125255814197562820, 0.3948905628682330970 ) ) ;
#7243 = CARTESIAN_POINT ( 'NONE',  ( 75.00000000000002842, -10.00000000000001421, -14.40996438382934386 ) ) ;
#7244 = CARTESIAN_POINT ( 'NONE',  ( 2.450950000000007289, -0.1043506507306113384, 2.173161927247376113 ) ) ;
#7245 = EDGE_CURVE ( 'NONE', #6081, #4310, #1409, .T. ) ;
#7246 = VECTOR ( 'NONE', #6061, 1000.000000000000000 ) ;
#7247 = ORIENTED_EDGE ( 'NONE', *, *, #2148, .T. ) ;
#7248 = FACE_OUTER_BOUND ( 'NONE', #1680, .T. ) ;
#7249 = CIRCLE ( 'NONE', #1711, 2.110000000000000764 ) ;
#7250 = PRESENTATION_STYLE_ASSIGNMENT (( #5443 ) ) ;
#7251 = ORIENTED_EDGE ( 'NONE', *, *, #6950, .F. ) ;
#7252 = LINE ( 'NONE', #6644, #1286 ) ;
#7253 = CARTESIAN_POINT ( 'NONE',  ( 0.9699999999999986411, 2.497005303495281048, -0.4475883723130680281 ) ) ;
#7254 = DIRECTION ( 'NONE',  ( -1.445076253180192051E-16, -1.000000000000000000, 2.553512956637819811E-15 ) ) ;
#7255 = DIRECTION ( 'NONE',  ( 5.660447941780802497E-16, 0.6996406021111182261, -0.7144949460126306384 ) ) ;
#7256 = VECTOR ( 'NONE', #2682, 1000.000000000000000 ) ;
#7257 = VECTOR ( 'NONE', #1332, 1000.000000000000114 ) ;
#7258 = CARTESIAN_POINT ( 'NONE',  ( 0.9843342201064364527, 2.478836439541304060, -0.4472441201540527933 ) ) ;
#7259 = ORIENTED_EDGE ( 'NONE', *, *, #1601, .T. ) ;
#7260 = DIRECTION ( 'NONE',  ( 0.000000000000000000, 1.000000000000000000, 0.000000000000000000 ) ) ;
#7261 = VECTOR ( 'NONE', #2203, 1000.000000000000000 ) ;
#7262 = DIRECTION ( 'NONE',  ( 1.000000000000000000, 2.000187765493021278E-16, -7.400880780937300593E-16 ) ) ;
#7263 = DIRECTION ( 'NONE',  ( -1.017177444479665533E-15, 1.443289932012700544E-15, 1.000000000000000000 ) ) ;
#7264 = ORIENTED_EDGE ( 'NONE', *, *, #3345, .T. ) ;
#7265 = SURFACE_SIDE_STYLE ('',( #298 ) ) ;
#7266 = CYLINDRICAL_SURFACE ( 'NONE', #1566, 2.110000000000000764 ) ;
#7267 = AXIS2_PLACEMENT_3D ( 'NONE', #3149, #2311, #7436 ) ;
#7268 = VERTEX_POINT ( 'NONE', #5245 ) ;
#7269 = CARTESIAN_POINT ( 'NONE',  ( 0.9699999999999986411, 2.237352282273868731, -0.1849315072806612115 ) ) ;
#7270 = ORIENTED_EDGE ( 'NONE', *, *, #2137, .T. ) ;
#7271 = VECTOR ( 'NONE', #5306, 1000.000000000000000 ) ;
#7272 = ORIENTED_EDGE ( 'NONE', *, *, #3140, .T. ) ;
#7273 = CARTESIAN_POINT ( 'NONE',  ( 2.450950000000007289, 2.290456010312053259, -1.068415287893961896 ) ) ;
#7274 = VECTOR ( 'NONE', #2404, 1000.000000000000000 ) ;
#7275 = CARTESIAN_POINT ( 'NONE',  ( 57.43433438049127204, -20.02048139190353027, -46.11876896888445998 ) ) ;
#7276 = ORIENTED_EDGE ( 'NONE', *, *, #2757, .T. ) ;
#7277 = LINE ( 'NONE', #224, #5632 ) ;
#7278 = DIRECTION ( 'NONE',  ( -5.450653880985232072E-16, 0.1293109790943751392, 0.9916040896878420829 ) ) ;
#7279 = VERTEX_POINT ( 'NONE', #6368 ) ;
#7280 = VERTEX_POINT ( 'NONE', #3220 ) ;
#7281 = DIRECTION ( 'NONE',  ( -1.000000000000000000, -2.000187765493021278E-16, 7.400880780937300593E-16 ) ) ;
#7282 = ADVANCED_FACE ( 'NONE', ( #4458 ), #7768, .F. ) ;
#7283 = DIRECTION ( 'NONE',  ( -0.000000000000000000, 1.000000000000000000, -0.000000000000000000 ) ) ;
#7284 = DIRECTION ( 'NONE',  ( -0.000000000000000000, 1.000000000000000000, -0.000000000000000000 ) ) ;
#7285 = AXIS2_PLACEMENT_3D ( 'NONE', #2877, #4657, #4692 ) ;
#7286 = CARTESIAN_POINT ( 'NONE',  ( 2.199500000017452273, 1.951866988704952867E-13, 1.229499999965577350 ) ) ;
#7287 = DIRECTION ( 'NONE',  ( 0.000000000000000000, 1.000000000000000000, 0.000000000000000000 ) ) ;
#7288 = DIRECTION ( 'NONE',  ( -1.000000000000000000, 0.000000000000000000, 0.000000000000000000 ) ) ;
#7289 = VECTOR ( 'NONE', #4520, 1000.000000000000000 ) ;
#7290 = ORIENTED_EDGE ( 'NONE', *, *, #3295, .T. ) ;
#7291 = DIRECTION ( 'NONE',  ( 2.976118894602369861E-16, -0.8509796880744741054, -0.5251986009926824517 ) ) ;
#7292 = EDGE_CURVE ( 'NONE', #18, #1055, #2103, .T. ) ;
#7293 = CARTESIAN_POINT ( 'NONE',  ( 1.102182119232617753E-14, -0.02109807546057940186, 90.27112232855823493 ) ) ;
#7294 = ORIENTED_EDGE ( 'NONE', *, *, #6038, .F. ) ;
#7295 = DIRECTION ( 'NONE',  ( 0.000000000000000000, 0.9396926207859093161, 0.3420201433256660484 ) ) ;
#7296 = EDGE_CURVE ( 'NONE', #1614, #6101, #5830, .T. ) ;
#7297 = CARTESIAN_POINT ( 'NONE',  ( 75.00000000000002842, -8.142020143325678916, -4.503909563027725937 ) ) ;
#7298 = EDGE_CURVE ( 'NONE', #2631, #6896, #3884, .T. ) ;
#7299 = DIRECTION ( 'NONE',  ( -1.000000000000000000, 0.000000000000000000, 1.568022253951334609E-17 ) ) ;
#7300 = LINE ( 'NONE', #2301, #806 ) ;
#7301 = APPLICATION_CONTEXT ( 'automotive_design' ) ;
#7302 = EDGE_CURVE ( 'NONE', #4935, #2967, #5167, .T. ) ;
#7303 = DIRECTION ( 'NONE',  ( 9.057823736341609922E-17, 0.9940433422475589698, 0.1089854748730416656 ) ) ;
#7304 = CARTESIAN_POINT ( 'NONE',  ( 80.00000000000004263, -9.999999999999980460, 199.4099643838293616 ) ) ;
#7305 = FACE_OUTER_BOUND ( 'NONE', #1459, .T. ) ;
#7306 = VERTEX_POINT ( 'NONE', #4502 ) ;
#7307 = CARTESIAN_POINT ( 'NONE',  ( 0.9699999999999986411, 2.523629592551174028, 0.03026883183757100859 ) ) ;
#7308 = LINE ( 'NONE', #5246, #6859 ) ;
#7309 = DIRECTION ( 'NONE',  ( -0.000000000000000000, 1.000000000000000000, -0.000000000000000000 ) ) ;
#7310 = ORIENTED_EDGE ( 'NONE', *, *, #7079, .T. ) ;
#7311 = VERTEX_POINT ( 'NONE', #5824 ) ;
#7312 = ORIENTED_EDGE ( 'NONE', *, *, #4519, .T. ) ;
#7313 = CARTESIAN_POINT ( 'NONE',  ( 5.000000000000046185, -8.799999999999988276, 109.4099643838293900 ) ) ;
#7314 = LINE ( 'NONE', #6089, #6293 ) ;
#7315 = CARTESIAN_POINT ( 'NONE',  ( 0.9843342201064919639, 1.892261543406353885, -0.3948934297113709802 ) ) ;
#7316 = EDGE_LOOP ( 'NONE', ( #4946, #7323 ) ) ;
#7317 = EDGE_LOOP ( 'NONE', ( #6345, #1374, #3298, #1893 ) ) ;
#7318 = LINE ( 'NONE', #1056, #2748 ) ;
#7319 = FACE_OUTER_BOUND ( 'NONE', #1277, .T. ) ;
#7320 = DIRECTION ( 'NONE',  ( -1.000000000000000000, -2.000187765493021278E-16, 7.400880780937300593E-16 ) ) ;
#7321 = CARTESIAN_POINT ( 'NONE',  ( 5.000000000000046185, -10.00000000000000888, 109.4099643838293900 ) ) ;
#7322 = EDGE_CURVE ( 'NONE', #5977, #4355, #2139, .T. ) ;
#7323 = ORIENTED_EDGE ( 'NONE', *, *, #5118, .T. ) ;
#7324 = FACE_OUTER_BOUND ( 'NONE', #3156, .T. ) ;
#7325 = FACE_OUTER_BOUND ( 'NONE', #2649, .T. ) ;
#7326 = ORIENTED_EDGE ( 'NONE', *, *, #4864, .F. ) ;
#7327 = CARTESIAN_POINT ( 'NONE',  ( 0.9843342201064364527, 2.125255814197757331, 0.2959619118675094196 ) ) ;
#7328 = LINE ( 'NONE', #4779, #270 ) ;
#7329 = LINE ( 'NONE', #6182, #6648 ) ;
#7330 = CARTESIAN_POINT ( 'NONE',  ( 0.9843342201063809416, 2.481543631422416851, -0.4649539812289771312 ) ) ;
#7331 = EDGE_CURVE ( 'NONE', #831, #215, #166, .T. ) ;
#7332 = EDGE_CURVE ( 'NONE', #5546, #6886, #57, .T. ) ;
#7333 = EDGE_CURVE ( 'NONE', #4428, #469, #2606, .T. ) ;
#7334 = BREP_WITH_VOIDS ( 'NONE', #4683, ( #6676, #723, #3382, #5963, #577, #5208 ) );
#7335 = ORIENTED_EDGE ( 'NONE', *, *, #1536, .F. ) ;
#7336 = CARTESIAN_POINT ( 'NONE',  ( 2.470000000000027729, -2.008307592792912821, -1.371832463991251583 ) ) ;
#7337 = CARTESIAN_POINT ( 'NONE',  ( 0.000000000000000000, -8.142020143325678916, -4.503909563027725937 ) ) ;
#7338 = LINE ( 'NONE', #7935, #3574 ) ;
#7339 = VERTEX_POINT ( 'NONE', #2769 ) ;
#7340 = VECTOR ( 'NONE', #2754, 1000.000000000000000 ) ;
#7341 = DIRECTION ( 'NONE',  ( -0.000000000000000000, 1.000000000000000000, -0.000000000000000000 ) ) ;
#7342 = FACE_OUTER_BOUND ( 'NONE', #2342, .T. ) ;
#7343 = EDGE_CURVE ( 'NONE', #2159, #4635, #2010, .T. ) ;
#7344 = DIRECTION ( 'NONE',  ( -1.000000000000000000, -2.000187765493021278E-16, 7.400880780937300593E-16 ) ) ;
#7345 = EDGE_CURVE ( 'NONE', #5855, #6963, #250, .T. ) ;
#7346 = AXIS2_PLACEMENT_3D ( 'NONE', #5700, #6861, #12 ) ;
#7347 = DIRECTION ( 'NONE',  ( -6.845769268624743030E-16, 9.436895709313777345E-16, 1.000000000000000000 ) ) ;
#7348 = ORIENTED_EDGE ( 'NONE', *, *, #7543, .T. ) ;
#7349 = CARTESIAN_POINT ( 'NONE',  ( 80.00000000000002842, -2.199999999999999734, 180.0000000000000000 ) ) ;
#7350 = VERTEX_POINT ( 'NONE', #2179 ) ;
#7351 = EDGE_LOOP ( 'NONE', ( #1532, #61, #6160, #8138 ) ) ;
#7352 = CIRCLE ( 'NONE', #1300, 2.500000000000002220 ) ;
#7353 = CARTESIAN_POINT ( 'NONE',  ( 0.9843342201064364527, 2.471483893426551504, -0.4542524141098319701 ) ) ;
#7354 = SHAPE_REPRESENTATION_RELATIONSHIP ( 'NONE' , 'NONE' ,  #3175, #883 ) ;
#7355 = VERTEX_POINT ( 'NONE', #335 ) ;
#7356 = FACE_OUTER_BOUND ( 'NONE', #4302, .T. ) ;
#7357 = AXIS2_PLACEMENT_3D ( 'NONE', #700, #6427, #5805 ) ;
#7358 = DIRECTION ( 'NONE',  ( 1.445076253180192051E-16, 1.000000000000000000, -2.553512956637819811E-15 ) ) ;
#7359 = ORIENTED_EDGE ( 'NONE', *, *, #4112, .F. ) ;
#7360 = ORIENTED_EDGE ( 'NONE', *, *, #6532, .T. ) ;
#7361 = CARTESIAN_POINT ( 'NONE',  ( 0.9843342201064364527, 2.336132259871254391, 0.2556232938958347134 ) ) ;
#7362 = DIRECTION ( 'NONE',  ( 6.036596741689403522E-16, 0.6811833507215914185, -0.7321128619958164885 ) ) ;
#7363 = CARTESIAN_POINT ( 'NONE',  ( 80.00000000000004263, -8.799999999999947420, 194.4099643838293900 ) ) ;
#7364 = FACE_OUTER_BOUND ( 'NONE', #6604, .T. ) ;
#7365 = CIRCLE ( 'NONE', #3799, 1.000000000000000888 ) ;
#7366 = VERTEX_POINT ( 'NONE', #1035 ) ;
#7367 = LINE ( 'NONE', #6100, #4976 ) ;
#7368 = ORIENTED_EDGE ( 'NONE', *, *, #4551, .F. ) ;
#7369 = DIRECTION ( 'NONE',  ( 1.000000000000000000, 2.000187765493021278E-16, -7.400880780937300593E-16 ) ) ;
#7370 = VECTOR ( 'NONE', #1272, 1000.000000000000114 ) ;
#7371 = CIRCLE ( 'NONE', #7906, 2.500000000000002220 ) ;
#7372 = CARTESIAN_POINT ( 'NONE',  ( 75.00000000000002842, -10.00000000000001421, -14.40996438382936518 ) ) ;
#7373 = CARTESIAN_POINT ( 'NONE',  ( 25.00000000000001066, -10.00000000000000888, 84.40996438382939004 ) ) ;
#7374 = CARTESIAN_POINT ( 'NONE',  ( 0.9699999999999986411, 2.092235504760592057, -1.433421534247081297E-06 ) ) ;
#7375 = EDGE_CURVE ( 'NONE', #1948, #4847, #7979, .T. ) ;
#7376 = VECTOR ( 'NONE', #749, 1000.000000000000114 ) ;
#7377 = AXIS2_PLACEMENT_3D ( 'NONE', #6083, #7987, #6205 ) ;
#7378 = DIRECTION ( 'NONE',  ( 9.615840696448729589E-16, 2.220446049250282512E-16, -1.000000000000000000 ) ) ;
#7379 = ORIENTED_EDGE ( 'NONE', *, *, #7657, .F. ) ;
#7380 = CARTESIAN_POINT ( 'NONE',  ( 1.102182119232617753E-14, -8.800000000000002487, 84.40996438382939004 ) ) ;
#7381 = CARTESIAN_POINT ( 'NONE',  ( 0.9843342201063809416, 2.492117772841445422, -0.4551746698942260583 ) ) ;
#7382 = EDGE_LOOP ( 'NONE', ( #7755, #7368, #819, #3933 ) ) ;
#7383 = VECTOR ( 'NONE', #4153, 1000.000000000000000 ) ;
#7384 = VECTOR ( 'NONE', #2756, 1000.000000000000114 ) ;
#7385 = LINE ( 'NONE', #4202, #5181 ) ;
#7386 = FACE_OUTER_BOUND ( 'NONE', #1867, .T. ) ;
#7387 = EDGE_CURVE ( 'NONE', #6174, #2217, #6567, .T. ) ;
#7388 = EDGE_CURVE ( 'NONE', #394, #473, #4035, .T. ) ;
#7389 = CARTESIAN_POINT ( 'NONE',  ( 12.50000000000001421, -8.800000000000002487, 102.4099643838293758 ) ) ;
#7390 = VECTOR ( 'NONE', #5616, 1000.000000000000000 ) ;
#7391 = VECTOR ( 'NONE', #4722, 1000.000000000000000 ) ;
#7392 = EDGE_CURVE ( 'NONE', #5736, #6770, #7182, .T. ) ;
#7393 = CARTESIAN_POINT ( 'NONE',  ( 0.9843342201063809416, 2.463272841927377499, -0.4415490844348612942 ) ) ;
#7394 = LINE ( 'NONE', #7570, #7274 ) ;
#7395 = EDGE_LOOP ( 'NONE', ( #7535, #7458, #3871, #4005 ) ) ;
#7396 = ORIENTED_EDGE ( 'NONE', *, *, #1845, .T. ) ;
#7397 = EDGE_CURVE ( 'NONE', #4459, #5823, #6622, .T. ) ;
#7398 = EDGE_CURVE ( 'NONE', #1379, #473, #3504, .T. ) ;
#7399 = CIRCLE ( 'NONE', #7802, 2.984499999911372825 ) ;
#7400 = CARTESIAN_POINT ( 'NONE',  ( 0.9700000000000541522, 2.251583295995729372, 0.1996458709049714342 ) ) ;
#7401 = CARTESIAN_POINT ( 'NONE',  ( 2.470000000130312401, 1.942890293094023946E-13, 3.608224830031758756E-13 ) ) ;
#7402 = AXIS2_PLACEMENT_3D ( 'NONE', #2952, #4304, #8085 ) ;
#7403 = ORIENTED_EDGE ( 'NONE', *, *, #7331, .T. ) ;
#7404 = CARTESIAN_POINT ( 'NONE',  ( 0.9699999999999431299, 2.181395787244327700, -0.2852079774574439730 ) ) ;
#7405 = DIRECTION ( 'NONE',  ( -1.000000000000000000, 0.000000000000000000, 0.000000000000000000 ) ) ;
#7406 = ORIENTED_EDGE ( 'NONE', *, *, #4045, .F. ) ;
#7407 = ORIENTED_EDGE ( 'NONE', *, *, #3241, .T. ) ;
#7408 =( REPRESENTATION_RELATIONSHIP ('NONE','NONE', #2116, #3489 ) REPRESENTATION_RELATIONSHIP_WITH_TRANSFORMATION ( #600 )SHAPE_REPRESENTATION_RELATIONSHIP( ) );
#7409 = CARTESIAN_POINT ( 'NONE',  ( 1.387778780781445676E-14, -7.800000000000022027, 95.44360218381365257 ) ) ;
#7410 = DIRECTION ( 'NONE',  ( -1.000000000000000000, -2.000187765493021278E-16, 7.400880780937300593E-16 ) ) ;
#7411 = LINE ( 'NONE', #2373, #7506 ) ;
#7412 = AXIS2_PLACEMENT_3D ( 'NONE', #24, #6166, #3144 ) ;
#7413 = LINE ( 'NONE', #7321, #3547 ) ;
#7414 = ORIENTED_EDGE ( 'NONE', *, *, #531, .T. ) ;
#7415 = VERTEX_POINT ( 'NONE', #1525 ) ;
#7416 = ORIENTED_EDGE ( 'NONE', *, *, #7099, .F. ) ;
#7417 = DIRECTION ( 'NONE',  ( 6.845769268624692740E-16, -5.551115123125739315E-16, -1.000000000000000000 ) ) ;
#7418 =( GEOMETRIC_REPRESENTATION_CONTEXT ( 3 ) GLOBAL_UNCERTAINTY_ASSIGNED_CONTEXT ( ( #2914 ) ) GLOBAL_UNIT_ASSIGNED_CONTEXT ( ( #5414, #2221, #4126 ) ) REPRESENTATION_CONTEXT ( 'NONE', 'WORKASPACE' ) );
#7419 = CARTESIAN_POINT ( 'NONE',  ( 0.9700000000000541522, 2.220902331279694941, 0.2589129974102100107 ) ) ;
#7420 = LINE ( 'NONE', #4277, #1611 ) ;
#7421 = CARTESIAN_POINT ( 'NONE',  ( 25.00000000000001421, -8.552444315316485302, 93.37627841808463813 ) ) ;
#7422 = VECTOR ( 'NONE', #6766, 1000.000000000000000 ) ;
#7423 = VERTEX_POINT ( 'NONE', #6071 ) ;
#7424 = DIRECTION ( 'NONE',  ( -1.445076253180178246E-16, -1.000000000000000000, 5.551115123125738329E-16 ) ) ;
#7425 = EDGE_CURVE ( 'NONE', #938, #7542, #6611, .T. ) ;
#7426 = VERTEX_POINT ( 'NONE', #920 ) ;
#7427 = CARTESIAN_POINT ( 'NONE',  ( 1.102182119232617753E-14, -1.199999999999999956, 90.00000000000000000 ) ) ;
#7428 = FACE_OUTER_BOUND ( 'NONE', #2033, .T. ) ;
#7429 = LINE ( 'NONE', #2435, #3833 ) ;
#7430 = ORIENTED_EDGE ( 'NONE', *, *, #3060, .F. ) ;
#7431 = LINE ( 'NONE', #539, #7475 ) ;
#7432 = VECTOR ( 'NONE', #7740, 1000.000000000000000 ) ;
#7433 = FACE_OUTER_BOUND ( 'NONE', #4720, .T. ) ;
#7434 = LINE ( 'NONE', #2475, #4737 ) ;
#7435 = EDGE_CURVE ( 'NONE', #5124, #1512, #2270, .T. ) ;
#7436 = DIRECTION ( 'NONE',  ( 6.468959180425695233E-16, 0.2959104772547865303, -0.9552156769289564808 ) ) ;
#7437 = CARTESIAN_POINT ( 'NONE',  ( 0.9700000000000541522, 2.380631412769535160, 0.2478931356766911343 ) ) ;
#7438 = ORIENTED_EDGE ( 'NONE', *, *, #5072, .F. ) ;
#7439 = ORIENTED_EDGE ( 'NONE', *, *, #2042, .T. ) ;
#7440 = CARTESIAN_POINT ( 'NONE',  ( 2.450950000000090334, 1.677594408828753103, -1.222539689753984860 ) ) ;
#7441 = LINE ( 'NONE', #4171, #668 ) ;
#7442 = EDGE_CURVE ( 'NONE', #3907, #7735, #2308, .T. ) ;
#7443 = ITEM_DEFINED_TRANSFORMATION ( 'NONE', 'NONE', #2813,  #4255 ) ;
#7444 = EDGE_CURVE ( 'NONE', #538, #1614, #4825, .T. ) ;
#7445 = EDGE_CURVE ( 'NONE', #6434, #5220, #4700, .T. ) ;
#7446 = ORIENTED_EDGE ( 'NONE', *, *, #4205, .F. ) ;
#7447 = DIRECTION ( 'NONE',  ( 3.380457028803539450E-16, -0.7714242457508521111, -0.6363211713181708973 ) ) ;
#7448 = LINE ( 'NONE', #3683, #7651 ) ;
#7449 = CARTESIAN_POINT ( 'NONE',  ( 1.213366198302210687E-14, -8.142020143325684245, 94.50390956302773304 ) ) ;
#7450 = ORIENTED_EDGE ( 'NONE', *, *, #1540, .T. ) ;
#7451 = ORIENTED_EDGE ( 'NONE', *, *, #7322, .F. ) ;
#7452 = FACE_OUTER_BOUND ( 'NONE', #4597, .T. ) ;
#7453 = FACE_OUTER_BOUND ( 'NONE', #1934, .T. ) ;
#7454 = DIRECTION ( 'NONE',  ( 0.000000000000000000, 0.000000000000000000, 1.000000000000000000 ) ) ;
#7455 = DIRECTION ( 'NONE',  ( -1.000000000000000000, -1.722632009336720063E-16, 7.400880780937477100E-16 ) ) ;
#7456 = ADVANCED_FACE ( 'NONE', ( #962 ), #7688, .F. ) ;
#7457 = ADVANCED_FACE ( 'NONE', ( #7433 ), #498, .F. ) ;
#7458 = ORIENTED_EDGE ( 'NONE', *, *, #1200, .T. ) ;
#7459 = COLOUR_RGB ( '',1.000000000000000000, 0.5019607843137254832, 0.2509803921568627416 ) ;
#7460 = ORIENTED_EDGE ( 'NONE', *, *, #7815, .T. ) ;
#7461 = ORIENTED_EDGE ( 'NONE', *, *, #3356, .T. ) ;
#7462 = CARTESIAN_POINT ( 'NONE',  ( 2.470000000000110774, 1.677594408828753103, -1.222539689753984860 ) ) ;
#7463 = CARTESIAN_POINT ( 'NONE',  ( 0.9699999999999986411, 2.485296480058463153, -0.4417785858740752580 ) ) ;
#7464 = LINE ( 'NONE', #4236, #2546 ) ;
#7465 = DIRECTION ( 'NONE',  ( 6.845769268624693726E-16, -5.551115123125739315E-16, -1.000000000000000000 ) ) ;
#7466 = VERTEX_POINT ( 'NONE', #2349 ) ;
#7467 = ORIENTED_EDGE ( 'NONE', *, *, #132, .F. ) ;
#7468 = CARTESIAN_POINT ( 'NONE',  ( 0.000000000000000000, -7.800000000000013145, -5.443602183813634809 ) ) ;
#7469 = DIRECTION ( 'NONE',  ( -6.829619984040905016E-16, -3.991251773527424510E-14, 1.000000000000000000 ) ) ;
#7470 = DIRECTION ( 'NONE',  ( -1.000000000000000000, -0.000000000000000000, -0.000000000000000000 ) ) ;
#7471 = ORIENTED_EDGE ( 'NONE', *, *, #2812, .F. ) ;
#7472 = CARTESIAN_POINT ( 'NONE',  ( 0.9843342201064919639, 2.421942635116219655, 0.2887058138483500347 ) ) ;
#7473 = CARTESIAN_POINT ( 'NONE',  ( 80.00000000000002842, -1.199999999999999956, 180.0000000000000000 ) ) ;
#7474 = PLANE ( 'NONE',  #1419 ) ;
#7475 = VECTOR ( 'NONE', #6657, 1000.000000000000000 ) ;
#7476 = CARTESIAN_POINT ( 'NONE',  ( 0.9843342201064364527, 2.483238627135203380, -0.4477264981799095045 ) ) ;
#7477 = VERTEX_POINT ( 'NONE', #1162 ) ;
#7478 = CARTESIAN_POINT ( 'NONE',  ( 75.00000000000001421, -7.800000000000013145, -5.443602183813634809 ) ) ;
#7479 = ORIENTED_EDGE ( 'NONE', *, *, #1776, .T. ) ;
#7480 = CARTESIAN_POINT ( 'NONE',  ( 0.9699999999999986411, 2.497213554801619217, -0.4633155959534451807 ) ) ;
#7481 = EDGE_CURVE ( 'NONE', #3769, #3328, #3467, .T. ) ;
#7482 = DIRECTION ( 'NONE',  ( -0.7071067811865474617, 0.000000000000000000, -0.7071067811865475727 ) ) ;
#7483 = VECTOR ( 'NONE', #8125, 1000.000000000000000 ) ;
#7484 = ITEM_DEFINED_TRANSFORMATION ( 'NONE', 'NONE', #3205,  #4255 ) ;
#7485 = ORIENTED_EDGE ( 'NONE', *, *, #7087, .F. ) ;
#7486 = CARTESIAN_POINT ( 'NONE',  ( 0.9843342201064364527, 2.371827334780168606, 0.1404019658359234590 ) ) ;
#7487 = VERTEX_POINT ( 'NONE', #6732 ) ;
#7488 = EDGE_CURVE ( 'NONE', #3491, #1512, #2474, .T. ) ;
#7489 = VECTOR ( 'NONE', #4367, 1000.000000000000114 ) ;
#7490 = VERTEX_POINT ( 'NONE', #4993 ) ;
#7491 = FACE_OUTER_BOUND ( 'NONE', #822, .T. ) ;
#7492 = DIRECTION ( 'NONE',  ( 4.137898592767665440E-16, -0.6934400527214893417, -0.7205143255214416786 ) ) ;
#7493 = PLANE ( 'NONE',  #6450 ) ;
#7494 = EDGE_CURVE ( 'NONE', #6300, #915, #2437, .T. ) ;
#7495 = EDGE_CURVE ( 'NONE', #1512, #3579, #1123, .T. ) ;
#7496 = LINE ( 'NONE', #1827, #6850 ) ;
#7497 = VECTOR ( 'NONE', #3939, 1000.000000000000000 ) ;
#7498 = LINE ( 'NONE', #6257, #6114 ) ;
#7499 = ORIENTED_EDGE ( 'NONE', *, *, #6038, .T. ) ;
#7500 = ORIENTED_EDGE ( 'NONE', *, *, #2138, .F. ) ;
#7501 = ORIENTED_EDGE ( 'NONE', *, *, #3715, .T. ) ;
#7502 = CYLINDRICAL_SURFACE ( 'NONE', #7186, 2.500000000000002220 ) ;
#7503 = EDGE_CURVE ( 'NONE', #5036, #4178, #460, .T. ) ;
#7504 = PRODUCT ( '550-00201-00', '550-00201-00', '', ( #1337 ) ) ;
#7505 = LINE ( 'NONE', #1838, #7795 ) ;
#7506 = VECTOR ( 'NONE', #4888, 1000.000000000000000 ) ;
#7507 = PLANE ( 'NONE',  #1489 ) ;
#7508 = LINE ( 'NONE', #1841, #5516 ) ;
#7509 = ADVANCED_FACE ( 'NONE', ( #6776, #3632 ), #4865, .T. ) ;
#7510 = ORIENTED_EDGE ( 'NONE', *, *, #3717, .F. ) ;
#7511 = VECTOR ( 'NONE', #5142, 1000.000000000000000 ) ;
#7512 = ORIENTED_EDGE ( 'NONE', *, *, #7644, .T. ) ;
#7513 = VERTEX_POINT ( 'NONE', #7472 ) ;
#7514 = CARTESIAN_POINT ( 'NONE',  ( 0.9699999999999986411, 2.472612739809865179, -0.4539502272925405313 ) ) ;
#7515 = DIRECTION ( 'NONE',  ( -5.788261997329873215E-16, 0.5500539575626259836, 0.8351291180228915811 ) ) ;
#7516 = FACE_OUTER_BOUND ( 'NONE', #6387, .T. ) ;
#7517 = VERTEX_POINT ( 'NONE', #3130 ) ;
#7518 = DIRECTION ( 'NONE',  ( 7.400880780937299607E-16, 5.551115123125742273E-16, 1.000000000000000000 ) ) ;
#7519 = VECTOR ( 'NONE', #6733, 1000.000000000000000 ) ;
#7520 = VECTOR ( 'NONE', #6783, 1000.000000000000000 ) ;
#7521 = LINE ( 'NONE', #1371, #1032 ) ;
#7522 = VECTOR ( 'NONE', #3105, 1000.000000000000114 ) ;
#7523 = VECTOR ( 'NONE', #2920, 1000.000000000000000 ) ;
#7524 = CARTESIAN_POINT ( 'NONE',  ( 0.9700000000000541522, 2.125255814197562820, 0.2850196258058906862 ) ) ;
#7525 = ORIENTED_EDGE ( 'NONE', *, *, #5480, .F. ) ;
#7526 = VERTEX_POINT ( 'NONE', #2972 ) ;
#7527 = FACE_OUTER_BOUND ( 'NONE', #2347, .T. ) ;
#7528 = VECTOR ( 'NONE', #6024, 999.9999999999998863 ) ;
#7529 = LINE ( 'NONE', #599, #397 ) ;
#7530 = AXIS2_PLACEMENT_3D ( 'NONE', #3363, #824, #1544 ) ;
#7531 = VERTEX_POINT ( 'NONE', #5654 ) ;
#7532 = LINE ( 'NONE', #3225, #433 ) ;
#7533 = VERTEX_POINT ( 'NONE', #6153 ) ;
#7534 = VECTOR ( 'NONE', #1033, 1000.000000000000227 ) ;
#7535 = ORIENTED_EDGE ( 'NONE', *, *, #6993, .F. ) ;
#7536 = DIRECTION ( 'NONE',  ( -7.498798913309290776E-33, 1.000000000000000000, -6.123233995736766036E-17 ) ) ;
#7537 = CARTESIAN_POINT ( 'NONE',  ( 0.000000000000000000, -1.447555684683534460, -2.067323765729000229 ) ) ;
#7538 = LINE ( 'NONE', #2455, #3538 ) ;
#7539 = CARTESIAN_POINT ( 'NONE',  ( 0.9699999999999986411, 2.466294610879687710, -0.4655277348273173521 ) ) ;
#7540 = VECTOR ( 'NONE', #6381, 1000.000000000000000 ) ;
#7541 = LINE ( 'NONE', #1876, #8105 ) ;
#7542 = VERTEX_POINT ( 'NONE', #1806 ) ;
#7543 = EDGE_CURVE ( 'NONE', #7743, #4498, #7385, .T. ) ;
#7544 = ORIENTED_EDGE ( 'NONE', *, *, #650, .T. ) ;
#7545 = ORIENTED_EDGE ( 'NONE', *, *, #892, .F. ) ;
#7546 = CARTESIAN_POINT ( 'NONE',  ( 0.9699999999999986411, 2.467563243836567999, -0.4555210470664761147 ) ) ;
#7547 = DIRECTION ( 'NONE',  ( -1.000000000000000000, 0.000000000000000000, 1.568022253951334609E-17 ) ) ;
#7548 = VECTOR ( 'NONE', #7405, 1000.000000000000000 ) ;
#7549 = DIRECTION ( 'NONE',  ( -1.000000000000000000, -0.000000000000000000, -0.000000000000000000 ) ) ;
#7550 = DIRECTION ( 'NONE',  ( 0.000000000000000000, 1.000000000000000000, 0.000000000000000000 ) ) ;
#7551 = DIRECTION ( 'NONE',  ( 3.083952846180991760E-16, 0.000000000000000000, 1.000000000000000000 ) ) ;
#7552 = ADVANCED_FACE ( 'NONE', ( #1727, #2521 ), #3592, .F. ) ;
#7553 = AXIS2_PLACEMENT_3D ( 'NONE', #7150, #1490, #6322 ) ;
#7554 = ORIENTED_EDGE ( 'NONE', *, *, #3760, .F. ) ;
#7555 = ADVANCED_FACE ( 'NONE', ( #708 ), #7682, .T. ) ;
#7556 = ORIENTED_EDGE ( 'NONE', *, *, #7425, .F. ) ;
#7557 = VERTEX_POINT ( 'NONE', #1929 ) ;
#7558 = DIRECTION ( 'NONE',  ( 1.000000000000000000, 0.000000000000000000, 0.000000000000000000 ) ) ;
#7559 = EDGE_CURVE ( 'NONE', #3430, #3195, #2595, .T. ) ;
#7560 = DIRECTION ( 'NONE',  ( 7.591233103568601563E-16, 0.2696926424169874825, -0.9629464567805123831 ) ) ;
#7561 = FACE_OUTER_BOUND ( 'NONE', #4425, .T. ) ;
#7562 = EDGE_LOOP ( 'NONE', ( #7192, #5204, #1122, #3826 ) ) ;
#7563 = CARTESIAN_POINT ( 'NONE',  ( 0.9700000000000541522, 2.328143799005921721, 0.2627469712620095210 ) ) ;
#7564 = FACE_OUTER_BOUND ( 'NONE', #5189, .T. ) ;
#7565 = VECTOR ( 'NONE', #1599, 1000.000000000000000 ) ;
#7566 = CARTESIAN_POINT ( 'NONE',  ( 2.450949999999868290, 0.06360232754354377960, 2.517800735127667444 ) ) ;
#7567 = AXIS2_PLACEMENT_3D ( 'NONE', #6144, #5517, #8050 ) ;
#7568 = DIRECTION ( 'NONE',  ( -0.7071067811865470176, -0.000000000000000000, -0.7071067811865480168 ) ) ;
#7569 = ORIENTED_EDGE ( 'NONE', *, *, #1875, .F. ) ;
#7570 = CARTESIAN_POINT ( 'NONE',  ( 0.9843342201064364527, 2.309420209805401747, -0.07459528143308191694 ) ) ;
#7571 = VERTEX_POINT ( 'NONE', #3949 ) ;
#7572 = DIRECTION ( 'NONE',  ( -1.000000000000000000, -2.000187765493021278E-16, 7.400880780937300593E-16 ) ) ;
#7573 = DIRECTION ( 'NONE',  ( 6.169770673138280913E-16, -0.06192929298398618110, -0.9980805391703134744 ) ) ;
#7574 = APPLICATION_CONTEXT ( 'automotive_design' ) ;
#7575 = DIRECTION ( 'NONE',  ( 1.000000000000000000, 0.000000000000000000, 0.000000000000000000 ) ) ;
#7576 = CARTESIAN_POINT ( 'NONE',  ( 2.450950000000035267, 1.866851484836312691, -1.145035237124516936 ) ) ;
#7577 = ORIENTED_EDGE ( 'NONE', *, *, #6544, .F. ) ;
#7578 = ORIENTED_EDGE ( 'NONE', *, *, #1991, .F. ) ;
#7579 = LINE ( 'NONE', #6332, #3378 ) ;
#7580 = CARTESIAN_POINT ( 'NONE',  ( 0.9843342201064919639, 2.215529865583626190, 0.2959619118673012528 ) ) ;
#7581 = DIRECTION ( 'NONE',  ( 0.000000000000000000, 0.000000000000000000, 1.000000000000000000 ) ) ;
#7582 = DIRECTION ( 'NONE',  ( -3.947144821217413339E-16, 0.7144949460126306384, 0.6996406021111182261 ) ) ;
#7583 = ORIENTED_EDGE ( 'NONE', *, *, #7745, .F. ) ;
#7584 = ORIENTED_EDGE ( 'NONE', *, *, #431, .T. ) ;
#7585 = CARTESIAN_POINT ( 'NONE',  ( 0.9700000000000541522, 2.366975201274018836, 0.1403087934058744324 ) ) ;
#7586 = FACE_OUTER_BOUND ( 'NONE', #2556, .T. ) ;
#7587 = CARTESIAN_POINT ( 'NONE',  ( 0.9699999999999986411, 2.492117772841445422, -0.4551746698942260583 ) ) ;
#7588 = LINE ( 'NONE', #4485, #4858 ) ;
#7589 = EDGE_CURVE ( 'NONE', #4803, #1567, #4448, .T. ) ;
#7590 = VECTOR ( 'NONE', #2462, 1000.000000000000227 ) ;
#7591 = VERTEX_POINT ( 'NONE', #7060 ) ;
#7592 = ORIENTED_EDGE ( 'NONE', *, *, #5784, .T. ) ;
#7593 = ORIENTED_EDGE ( 'NONE', *, *, #4119, .F. ) ;
#7594 = CARTESIAN_POINT ( 'NONE',  ( 0.000000000000000000, -1.857979856674333963, -0.9396926207859092051 ) ) ;
#7595 = ORIENTED_EDGE ( 'NONE', *, *, #3637, .F. ) ;
#7596 = ADVANCED_FACE ( 'NONE', ( #4411 ), #6975, .F. ) ;
#7597 = DIRECTION ( 'NONE',  ( 2.513793830718206907E-17, -0.9659317819998000099, -0.2587968170644511789 ) ) ;
#7598 = DIRECTION ( 'NONE',  ( 3.619244920263574002E-17, -0.9514311915324674684, -0.3078614749836507958 ) ) ;
#7599 = ADVANCED_FACE ( 'NONE', ( #1439 ), #665, .F. ) ;
#7600 = EDGE_CURVE ( 'NONE', #1634, #2242, #6359, .T. ) ;
#7601 = LINE ( 'NONE', #4453, #5501 ) ;
#7602 = DIRECTION ( 'NONE',  ( 0.7071067811865464625, 0.000000000000000000, 0.7071067811865486830 ) ) ;
#7603 = VERTEX_POINT ( 'NONE', #2018 ) ;
#7604 = ADVANCED_FACE ( 'NONE', ( #5771 ), #1972, .F. ) ;
#7605 = CARTESIAN_POINT ( 'NONE',  ( 0.9843342201064364527, 2.280059657659233352, -0.01773143027100632096 ) ) ;
#7606 = ORIENTED_EDGE ( 'NONE', *, *, #4618, .F. ) ;
#7607 = CARTESIAN_POINT ( 'NONE',  ( 0.9700000000000541522, 2.395313954424410419, 0.1425796205553053753 ) ) ;
#7608 = EDGE_CURVE ( 'NONE', #2691, #6434, #1235, .T. ) ;
#7609 = LINE ( 'NONE', #5663, #5148 ) ;
#7610 = VECTOR ( 'NONE', #2210, 1000.000000000000000 ) ;
#7611 = ORIENTED_EDGE ( 'NONE', *, *, #1745, .T. ) ;
#7612 = CARTESIAN_POINT ( 'NONE',  ( 80.00000000000002842, -1.199999999999998179, 180.0000000000000000 ) ) ;
#7613 = EDGE_LOOP ( 'NONE', ( #2553, #6267, #4158, #4631 ) ) ;
#7614 = EDGE_LOOP ( 'NONE', ( #7218, #4549, #4706, #3179 ) ) ;
#7615 = LINE ( 'NONE', #28, #2331 ) ;
#7616 = DIRECTION ( 'NONE',  ( 2.136401008211029947E-16, 0.9911185236273118981, -0.1329814728554983561 ) ) ;
#7617 = AXIS2_PLACEMENT_3D ( 'NONE', #6108, #2926, #4157 ) ;
#7618 = FACE_OUTER_BOUND ( 'NONE', #7978, .T. ) ;
#7619 = CARTESIAN_POINT ( 'NONE',  ( 0.9699999999999986411, 2.497005303495281048, -0.4455356094380108489 ) ) ;
#7620 = LINE ( 'NONE', #1916, #3075 ) ;
#7621 = EDGE_LOOP ( 'NONE', ( #6455, #5037, #2848, #6677 ) ) ;
#7622 = VECTOR ( 'NONE', #2174, 1000.000000000000000 ) ;
#7623 = ORIENTED_EDGE ( 'NONE', *, *, #2182, .T. ) ;
#7624 = VERTEX_POINT ( 'NONE', #5079 ) ;
#7625 = LINE ( 'NONE', #6390, #278 ) ;
#7626 = DIRECTION ( 'NONE',  ( 0.000000000000000000, -3.469446951953611033E-15, 1.000000000000000000 ) ) ;
#7627 = FACE_OUTER_BOUND ( 'NONE', #3789, .T. ) ;
#7628 = DIRECTION ( 'NONE',  ( 6.193382601542251071E-16, -0.05089991897257697961, -0.9987037590039324897 ) ) ;
#7629 = VECTOR ( 'NONE', #2788, 1000.000000000000000 ) ;
#7630 = ORIENTED_EDGE ( 'NONE', *, *, #7559, .T. ) ;
#7631 = ORIENTED_EDGE ( 'NONE', *, *, #2169, .T. ) ;
#7632 = VERTEX_POINT ( 'NONE', #2716 ) ;
#7633 = DIRECTION ( 'NONE',  ( 0.000000000000000000, 1.000000000000000000, -0.000000000000000000 ) ) ;
#7634 = AXIS2_PLACEMENT_3D ( 'NONE', #477, #6132, #8039 ) ;
#7635 = EDGE_CURVE ( 'NONE', #1097, #5900, #5737, .T. ) ;
#7636 = VERTEX_POINT ( 'NONE', #6436 ) ;
#7637 = PLANE ( 'NONE',  #1099 ) ;
#7638 = LINE ( 'NONE', #748, #6423 ) ;
#7639 = CIRCLE ( 'NONE', #7773, 2.110000000000000764 ) ;
#7640 = DIRECTION ( 'NONE',  ( -1.000000000000000000, -1.722632009336712421E-16, 4.625323219374409242E-16 ) ) ;
#7641 = LINE ( 'NONE', #5742, #7256 ) ;
#7642 = ADVANCED_FACE ( 'NONE', ( #3332 ), #7637, .T. ) ;
#7643 = VERTEX_POINT ( 'NONE', #4493 ) ;
#7644 = EDGE_CURVE ( 'NONE', #1950, #2883, #7097, .T. ) ;
#7645 = AXIS2_PLACEMENT_3D ( 'NONE', #6777, #3593, #2395 ) ;
#7646 = AXIS2_PLACEMENT_3D ( 'NONE', #5793, #1384, #6337 ) ;
#7647 = DIRECTION ( 'NONE',  ( 1.445076253180192051E-16, 1.000000000000000000, -2.553512956637819811E-15 ) ) ;
#7648 = ORIENTED_EDGE ( 'NONE', *, *, #8167, .F. ) ;
#7649 = DIRECTION ( 'NONE',  ( 0.000000000000000000, 0.000000000000000000, 1.000000000000000000 ) ) ;
#7650 = DIRECTION ( 'NONE',  ( -4.992923249691015501E-16, 0.4999999999999992228, 0.8660254037844391517 ) ) ;
#7651 = VECTOR ( 'NONE', #6329, 1000.000000000000000 ) ;
#7652 = EDGE_CURVE ( 'NONE', #3025, #7268, #7824, .T. ) ;
#7653 = VECTOR ( 'NONE', #185, 1000.000000000000000 ) ;
#7654 = ORIENTED_EDGE ( 'NONE', *, *, #5129, .F. ) ;
#7655 = EDGE_CURVE ( 'NONE', #4077, #5195, #1367, .T. ) ;
#7656 = ORIENTED_EDGE ( 'NONE', *, *, #5014, .T. ) ;
#7657 = EDGE_CURVE ( 'NONE', #5036, #404, #2633, .T. ) ;
#7658 = ORIENTED_EDGE ( 'NONE', *, *, #3853, .T. ) ;
#7659 = DIRECTION ( 'NONE',  ( 2.534765650491129577E-16, 0.9887062354961999588, -0.1498665402647731681 ) ) ;
#7660 = CIRCLE ( 'NONE', #2778, 0.03983479767572151858 ) ;
#7661 = CIRCLE ( 'NONE', #2898, 2.199999999999999734 ) ;
#7662 = LINE ( 'NONE', #7537, #5038 ) ;
#7663 = CARTESIAN_POINT ( 'NONE',  ( 19.99999999999998224, -8.799999999999988276, 109.4099643838293900 ) ) ;
#7664 = DIRECTION ( 'NONE',  ( -7.054589166432185917E-16, 5.551115123125740301E-16, 1.000000000000000000 ) ) ;
#7665 = EDGE_CURVE ( 'NONE', #1096, #1655, #2677, .T. ) ;
#7666 = DIRECTION ( 'NONE',  ( -0.000000000000000000, 1.000000000000000000, -0.000000000000000000 ) ) ;
#7667 = AXIS2_PLACEMENT_3D ( 'NONE', #457, #6, #3746 ) ;
#7668 = ORIENTED_EDGE ( 'NONE', *, *, #6030, .F. ) ;
#7669 = AXIS2_PLACEMENT_3D ( 'NONE', #4919, #4293, #3677 ) ;
#7670 = ORIENTED_EDGE ( 'NONE', *, *, #7817, .F. ) ;
#7671 = ORIENTED_EDGE ( 'NONE', *, *, #3658, .F. ) ;
#7672 = DIRECTION ( 'NONE',  ( -0.000000000000000000, 1.000000000000000000, 0.000000000000000000 ) ) ;
#7673 = LINE ( 'NONE', #3864, #3435 ) ;
#7674 = CYLINDRICAL_SURFACE ( 'NONE', #7894, 1.000000000000000888 ) ;
#7675 = VECTOR ( 'NONE', #8038, 1000.000000000000000 ) ;
#7676 = DIRECTION ( 'NONE',  ( 1.000000000000000000, 1.722632009336720063E-16, -7.400880780937477100E-16 ) ) ;
#7677 = VERTEX_POINT ( 'NONE', #4572 ) ;
#7678 = ORIENTED_EDGE ( 'NONE', *, *, #5073, .F. ) ;
#7679 = ORIENTED_EDGE ( 'NONE', *, *, #4319, .T. ) ;
#7680 = CIRCLE ( 'NONE', #5563, 1.229499999965364854 ) ;
#7681 = ORIENTED_EDGE ( 'NONE', *, *, #1453, .F. ) ;
#7682 = PLANE ( 'NONE',  #8097 ) ;
#7683 = VECTOR ( 'NONE', #7341, 1000.000000000000000 ) ;
#7684 = ORIENTED_EDGE ( 'NONE', *, *, #7345, .T. ) ;
#7685 = DIRECTION ( 'NONE',  ( -7.400880780937299607E-16, -5.551115123125742273E-16, -1.000000000000000000 ) ) ;
#7686 = DIRECTION ( 'NONE',  ( 0.000000000000000000, 0.000000000000000000, -1.000000000000000000 ) ) ;
#7687 = EDGE_LOOP ( 'NONE', ( #5473, #1106 ) ) ;
#7688 = CONICAL_SURFACE ( 'NONE', #844, 1.499999999964547248, 0.7853981633974483900 ) ;
#7689 = CARTESIAN_POINT ( 'NONE',  ( 0.9699999999999986411, 2.478099059916527569, -0.4493755085220041412 ) ) ;
#7690 = EDGE_LOOP ( 'NONE', ( #493, #5253 ) ) ;
#7691 = CARTESIAN_POINT ( 'NONE',  ( 0.9843342201063809416, 2.309420209805263191, -0.2852079774568611059 ) ) ;
#7692 = CARTESIAN_POINT ( 'NONE',  ( 0.9843342201064364527, 2.411458586530551784, -0.2347371884625498728 ) ) ;
#7693 = EDGE_CURVE ( 'NONE', #5825, #6780, #5361, .T. ) ;
#7694 = VECTOR ( 'NONE', #363, 1000.000000000000000 ) ;
#7695 = DIRECTION ( 'NONE',  ( 5.551115123125781716E-16, -0.9396926207859093161, 0.3420201433256660484 ) ) ;
#7696 = PLANE ( 'NONE',  #5050 ) ;
#7697 = VERTEX_POINT ( 'NONE', #2092 ) ;
#7698 = EDGE_LOOP ( 'NONE', ( #1264, #6388, #3287, #3411 ) ) ;
#7699 = DIRECTION ( 'NONE',  ( -1.622545286580093736E-16, -0.9980805391703141405, 0.06192929298397301802 ) ) ;
#7700 = VECTOR ( 'NONE', #5064, 1000.000000000000114 ) ;
#7701 = ADVANCED_FACE ( 'NONE', ( #4612 ), #6018, .F. ) ;
#7702 = LINE ( 'NONE', #7738, #2618 ) ;
#7703 = CARTESIAN_POINT ( 'NONE',  ( 0.9700000000000541522, 1.499999999999973577, 3.053113317719180486E-13 ) ) ;
#7704 = EDGE_CURVE ( 'NONE', #7603, #2425, #7881, .T. ) ;
#7705 = EDGE_CURVE ( 'NONE', #2060, #7533, #6768, .T. ) ;
#7706 = CARTESIAN_POINT ( 'NONE',  ( 0.9700000000000541522, 2.523239701764268261, 0.2897166630501657458 ) ) ;
#7707 = ORIENTED_EDGE ( 'NONE', *, *, #6695, .F. ) ;
#7708 = CARTESIAN_POINT ( 'NONE',  ( 0.9699999999999986411, 2.189101863973724527, -0.2588745816993337501 ) ) ;
#7709 = ORIENTED_EDGE ( 'NONE', *, *, #1295, .T. ) ;
#7710 = ORIENTED_EDGE ( 'NONE', *, *, #5729, .F. ) ;
#7711 = DIRECTION ( 'NONE',  ( -1.000000000000000000, -2.000187765493021278E-16, 7.400880780937300593E-16 ) ) ;
#7712 = DIRECTION ( 'NONE',  ( -0.000000000000000000, 1.000000000000000000, -0.000000000000000000 ) ) ;
#7713 = EDGE_CURVE ( 'NONE', #2041, #1022, #4028, .T. ) ;
#7714 = LINE ( 'NONE', #2011, #4755 ) ;
#7715 = CARTESIAN_POINT ( 'NONE',  ( 113.0000000000000284, -8.799999999999998934, 192.4099643838293332 ) ) ;
#7716 = PLANE ( 'NONE',  #252 ) ;
#7717 = EDGE_CURVE ( 'NONE', #122, #6212, #4735, .T. ) ;
#7718 = ORIENTED_EDGE ( 'NONE', *, *, #2145, .F. ) ;
#7719 = CARTESIAN_POINT ( 'NONE',  ( 2.470000000000027729, -2.337828492452703522, -0.9863637419449261534 ) ) ;
#7720 = ORIENTED_EDGE ( 'NONE', *, *, #754, .T. ) ;
#7721 = ORIENTED_EDGE ( 'NONE', *, *, #4319, .F. ) ;
#7722 = LINE ( 'NONE', #2211, #3163 ) ;
#7723 = CARTESIAN_POINT ( 'NONE',  ( 0.9699999999999986411, 2.125255814197979376, -0.07459528143360927288 ) ) ;
#7724 = VECTOR ( 'NONE', #1714, 1000.000000000000114 ) ;
#7725 = ORIENTED_EDGE ( 'NONE', *, *, #2084, .T. ) ;
#7726 = DIRECTION ( 'NONE',  ( 0.000000000000000000, 1.000000000000000000, 0.000000000000000000 ) ) ;
#7727 = ORIENTED_EDGE ( 'NONE', *, *, #3053, .T. ) ;
#7728 = LINE ( 'NONE', #801, #7949 ) ;
#7729 = ORIENTED_EDGE ( 'NONE', *, *, #3095, .F. ) ;
#7730 = CARTESIAN_POINT ( 'NONE',  ( 2.470000000000027729, 1.983372645743053386, -1.399080837149263568 ) ) ;
#7731 = DIRECTION ( 'NONE',  ( -1.068786975720299338E-15, 1.443289932012702714E-15, 1.000000000000000000 ) ) ;
#7732 = ORIENTED_EDGE ( 'NONE', *, *, #3604, .F. ) ;
#7733 = CYLINDRICAL_SURFACE ( 'NONE', #1196, 2.110000000000000764 ) ;
#7734 = EDGE_LOOP ( 'NONE', ( #2632, #6615, #1755, #3610 ) ) ;
#7735 = VERTEX_POINT ( 'NONE', #6559 ) ;
#7736 = CARTESIAN_POINT ( 'NONE',  ( 0.9700000000000541522, 2.215529865583709679, 0.2812557462897880001 ) ) ;
#7737 = ADVANCED_FACE ( 'NONE', ( #4115 ), #6520, .F. ) ;
#7738 = CARTESIAN_POINT ( 'NONE',  ( 0.9700000000000541522, 2.414157720176640431, 0.2626768769259379965 ) ) ;
#7739 = DIRECTION ( 'NONE',  ( 3.329159345957563508E-17, 0.9829615588624288636, 0.1838112450280011134 ) ) ;
#7740 = DIRECTION ( 'NONE',  ( -6.162975822039154730E-33, -1.000000000000000000, 0.000000000000000000 ) ) ;
#7741 = ORIENTED_EDGE ( 'NONE', *, *, #5275, .T. ) ;
#7742 = DIRECTION ( 'NONE',  ( 1.000000000000000000, 3.110410790118177818E-16, -7.400880780937398214E-16 ) ) ;
#7743 = VERTEX_POINT ( 'NONE', #4780 ) ;
#7744 = ORIENTED_EDGE ( 'NONE', *, *, #7149, .T. ) ;
#7745 = EDGE_CURVE ( 'NONE', #1055, #7517, #3494, .T. ) ;
#7746 = FACE_OUTER_BOUND ( 'NONE', #7106, .T. ) ;
#7747 = ADVANCED_FACE ( 'NONE', ( #1638 ), #1517, .F. ) ;
#7748 = FACE_OUTER_BOUND ( 'NONE', #4977, .T. ) ;
#7749 = CARTESIAN_POINT ( 'NONE',  ( 0.9843342201064364527, 2.502887340387283110, -0.4560289252513033409 ) ) ;
#7750 = PLANE ( 'NONE',  #4867 ) ;
#7751 = VECTOR ( 'NONE', #1976, 1000.000000000000000 ) ;
#7752 = ORIENTED_EDGE ( 'NONE', *, *, #3508, .F. ) ;
#7753 = ADVANCED_FACE ( 'NONE', ( #3372 ), #2171, .F. ) ;
#7754 = ORIENTED_EDGE ( 'NONE', *, *, #7245, .F. ) ;
#7755 = ORIENTED_EDGE ( 'NONE', *, *, #6578, .T. ) ;
#7756 = DIRECTION ( 'NONE',  ( 0.000000000000000000, 0.3420201433256661039, -0.9396926207859094271 ) ) ;
#7757 = CARTESIAN_POINT ( 'NONE',  ( 2.450949999999840756, 0.06360232754379357978, 2.345481331187865059 ) ) ;
#7758 = ADVANCED_FACE ( 'NONE', ( #2261 ), #912, .T. ) ;
#7759 = VECTOR ( 'NONE', #5084, 1000.000000000000000 ) ;
#7760 = DIRECTION ( 'NONE',  ( 6.036596741689403522E-16, 0.6811833507215914185, -0.7321128619958164885 ) ) ;
#7761 = PLANE ( 'NONE',  #401 ) ;
#7762 = VECTOR ( 'NONE', #2078, 1000.000000000000000 ) ;
#7763 = ORIENTED_EDGE ( 'NONE', *, *, #84, .F. ) ;
#7764 = DIRECTION ( 'NONE',  ( -1.068786975720299338E-15, 5.551115123125700858E-16, 1.000000000000000000 ) ) ;
#7765 = CARTESIAN_POINT ( 'NONE',  ( 80.00000000000002842, -9.999999999999953815, 185.4436021838136242 ) ) ;
#7766 = CARTESIAN_POINT ( 'NONE',  ( 0.9700000000000541522, 1.777399554396624781, -0.1634445113407462236 ) ) ;
#7767 = EDGE_LOOP ( 'NONE', ( #4880, #3374, #6953, #201 ) ) ;
#7768 = PLANE ( 'NONE',  #837 ) ;
#7769 = DIRECTION ( 'NONE',  ( 1.000000000000000000, 2.000187765493021278E-16, -7.400880780937300593E-16 ) ) ;
#7770 = VECTOR ( 'NONE', #4473, 1000.000000000000114 ) ;
#7771 = DIRECTION ( 'NONE',  ( 1.224646799147353454E-16, 0.9396926207859093161, 0.3420201433256661039 ) ) ;
#7772 = EDGE_LOOP ( 'NONE', ( #2432, #1269, #7208, #3177 ) ) ;
#7773 = AXIS2_PLACEMENT_3D ( 'NONE', #7041, #1346, #729 ) ;
#7774 = FACE_OUTER_BOUND ( 'NONE', #743, .T. ) ;
#7775 = CARTESIAN_POINT ( 'NONE',  ( 1.234999999999986109, 1.229499999999875914, 2.595287281647834582E-13 ) ) ;
#7776 = VERTEX_POINT ( 'NONE', #5897 ) ;
#7777 = ORIENTED_EDGE ( 'NONE', *, *, #1128, .T. ) ;
#7778 = CARTESIAN_POINT ( 'NONE',  ( 0.9843342201064364527, 2.314590793895038523, 0.2895770477463338599 ) ) ;
#7779 = DIRECTION ( 'NONE',  ( 0.000000000000000000, 0.000000000000000000, -1.000000000000000000 ) ) ;
#7780 = DIRECTION ( 'NONE',  ( -8.106457405266428958E-16, -0.1167030593493125351, 0.9931668520135531475 ) ) ;
#7781 = VECTOR ( 'NONE', #4295, 1000.000000000000000 ) ;
#7782 = EDGE_CURVE ( 'NONE', #6212, #2275, #6682, .T. ) ;
#7783 = CARTESIAN_POINT ( 'NONE',  ( 0.000000000000000000, 4.163336342344337027E-13, 1.050000000000488098 ) ) ;
#7784 = CARTESIAN_POINT ( 'NONE',  ( 0.9700000000000541522, 1.499999999999973577, 3.053113317719180486E-13 ) ) ;
#7785 = LINE ( 'NONE', #896, #5699 ) ;
#7786 = ORIENTED_EDGE ( 'NONE', *, *, #3854, .F. ) ;
#7787 = VECTOR ( 'NONE', #1600, 1000.000000000000000 ) ;
#7788 = AXIS2_PLACEMENT_3D ( 'NONE', #7389, #7309, #6073 ) ;
#7789 = LINE ( 'NONE', #229, #7762 ) ;
#7790 = CARTESIAN_POINT ( 'NONE',  ( 0.9843342201064364527, 2.235388494119194824, 0.2243451655704054026 ) ) ;
#7791 = DIRECTION ( 'NONE',  ( 2.208597309011063731E-16, -0.8660254037844428154, -0.4999999999999927280 ) ) ;
#7792 = LINE ( 'NONE', #4648, #4990 ) ;
#7793 = LINE ( 'NONE', #5230, #2 ) ;
#7794 = AXIS2_PLACEMENT_3D ( 'NONE', #3501, #4665, #4161 ) ;
#7795 = VECTOR ( 'NONE', #656, 1000.000000000000000 ) ;
#7796 = ADVANCED_FACE ( 'NONE', ( #2798, #4069 ), #243, .T. ) ;
#7797 = ORIENTED_EDGE ( 'NONE', *, *, #5083, .T. ) ;
#7798 = ORIENTED_EDGE ( 'NONE', *, *, #6184, .F. ) ;
#7799 = ORIENTED_EDGE ( 'NONE', *, *, #7435, .T. ) ;
#7800 = CARTESIAN_POINT ( 'NONE',  ( 0.9699999999999986411, 2.466494824628933991, -0.2599725829592336446 ) ) ;
#7801 = FACE_BOUND ( 'NONE', #5936, .T. ) ;
#7802 = AXIS2_PLACEMENT_3D ( 'NONE', #4742, #2268, #7263 ) ;
#7803 = CARTESIAN_POINT ( 'NONE',  ( 0.9843342201064364527, 2.172282090100758012, -0.05453024012860852032 ) ) ;
#7804 = CARTESIAN_POINT ( 'NONE',  ( 0.9843342201064364527, 2.520332721926532571, 0.2680507760427636166 ) ) ;
#7805 = EDGE_CURVE ( 'NONE', #5594, #4352, #2758, .T. ) ;
#7806 = EDGE_CURVE ( 'NONE', #5900, #4787, #326, .T. ) ;
#7807 = EDGE_CURVE ( 'NONE', #4213, #3318, #2998, .T. ) ;
#7808 = DIRECTION ( 'NONE',  ( -2.208597309011063978E-16, 0.8660254037844428154, 0.4999999999999927280 ) ) ;
#7809 = DIRECTION ( 'NONE',  ( 1.505080776930061409E-16, 0.9999670694423009598, -0.008115419334607694435 ) ) ;
#7810 = LINE ( 'NONE', #4697, #7015 ) ;
#7811 = EDGE_LOOP ( 'NONE', ( #1316, #2980, #7310, #2729, #5529 ) ) ;
#7812 = CARTESIAN_POINT ( 'NONE',  ( 0.9843342201064364527, 2.501986334736194806, -0.4582198139926468849 ) ) ;
#7813 = CARTESIAN_POINT ( 'NONE',  ( 0.9843342201064364527, 2.125255814197618776, 0.2850196258058629306 ) ) ;
#7814 = AXIS2_PLACEMENT_3D ( 'NONE', #2305, #3008, #1204 ) ;
#7815 = EDGE_CURVE ( 'NONE', #673, #1425, #3065, .T. ) ;
#7816 = LINE ( 'NONE', #6451, #6991 ) ;
#7817 = EDGE_CURVE ( 'NONE', #6685, #1948, #4317, .T. ) ;
#7818 = VECTOR ( 'NONE', #2722, 1000.000000000000000 ) ;
#7819 = ORIENTED_EDGE ( 'NONE', *, *, #1789, .F. ) ;
#7820 = DIRECTION ( 'NONE',  ( 3.339447371134777734E-16, 0.9457678396917528207, -0.3248433367098592650 ) ) ;
#7821 = ORIENTED_EDGE ( 'NONE', *, *, #70, .T. ) ;
#7822 = ORIENTED_EDGE ( 'NONE', *, *, #7392, .T. ) ;
#7823 = FACE_OUTER_BOUND ( 'NONE', #595, .T. ) ;
#7824 = CIRCLE ( 'NONE', #5314, 2.500000000000002220 ) ;
#7825 = CARTESIAN_POINT ( 'NONE',  ( 0.9843342201064364527, 2.503095591693316191, -0.4386548162825520958 ) ) ;
#7826 = FACE_OUTER_BOUND ( 'NONE', #830, .T. ) ;
#7827 = CARTESIAN_POINT ( 'NONE',  ( 0.9700000000000541522, 2.332881258751001496, 0.1446480485159939988 ) ) ;
#7828 = EDGE_LOOP ( 'NONE', ( #2229, #4446, #2689, #6790 ) ) ;
#7829 = VECTOR ( 'NONE', #2001, 1000.000000000000114 ) ;
#7830 = DIRECTION ( 'NONE',  ( 1.000000000000000000, 0.000000000000000000, 0.000000000000000000 ) ) ;
#7831 = PLANE ( 'NONE',  #4884 ) ;
#7832 = DIRECTION ( 'NONE',  ( -5.882887990558569132E-16, -0.4999999999999927280, 0.8660254037844428154 ) ) ;
#7833 = FACE_OUTER_BOUND ( 'NONE', #3219, .T. ) ;
#7834 = DIRECTION ( 'NONE',  ( -1.000000000000000000, -2.000187765493021278E-16, 7.400880780937300593E-16 ) ) ;
#7835 = ORIENTED_EDGE ( 'NONE', *, *, #4762, .T. ) ;
#7836 = FACE_OUTER_BOUND ( 'NONE', #947, .T. ) ;
#7837 = EDGE_LOOP ( 'NONE', ( #5511, #6974, #3905, #3599 ) ) ;
#7838 = DIRECTION ( 'NONE',  ( -3.882700225065793387E-16, 0.5000000000000092149, 0.8660254037844332675 ) ) ;
#7839 = DIRECTION ( 'NONE',  ( 1.000000000000000000, 1.722632009336712421E-16, -4.625323219374409242E-16 ) ) ;
#7840 = CARTESIAN_POINT ( 'NONE',  ( 7.000000000000000000, -8.800000000000002487, -9.909964383829379386 ) ) ;
#7841 = DIRECTION ( 'NONE',  ( -3.947144821217413832E-16, 0.7144949460126306384, 0.6996406021111182261 ) ) ;
#7842 = EDGE_CURVE ( 'NONE', #2245, #5145, #8095, .T. ) ;
#7843 = PRESENTATION_STYLE_ASSIGNMENT (( #4030 ) ) ;
#7844 = CARTESIAN_POINT ( 'NONE',  ( 0.9843342201063809416, 2.463272841927294010, -0.4667935467041195441 ) ) ;
#7845 = EDGE_CURVE ( 'NONE', #3814, #4885, #3583, .T. ) ;
#7846 = FACE_OUTER_BOUND ( 'NONE', #4902, .T. ) ;
#7847 = ORIENTED_EDGE ( 'NONE', *, *, #3089, .F. ) ;
#7848 = DIRECTION ( 'NONE',  ( -0.000000000000000000, 1.000000000000000000, -0.000000000000000000 ) ) ;
#7849 = LINE ( 'NONE', #2723, #5269 ) ;
#7850 = EDGE_CURVE ( 'NONE', #811, #7426, #7420, .T. ) ;
#7851 = ADVANCED_FACE ( 'NONE', ( #6263, #3082, #5564 ), #7507, .T. ) ;
#7852 = PLANE ( 'NONE',  #4338 ) ;
#7853 = AXIS2_PLACEMENT_3D ( 'NONE', #1234, #3738, #8046 ) ;
#7854 = EDGE_LOOP ( 'NONE', ( #6406, #4162 ) ) ;
#7855 = EDGE_CURVE ( 'NONE', #3631, #915, #2335, .T. ) ;
#7856 = DIRECTION ( 'NONE',  ( -1.445076253180192051E-16, -1.000000000000000000, 2.553512956637819811E-15 ) ) ;
#7857 = LINE ( 'NONE', #381, #44 ) ;
#7858 = ORIENTED_EDGE ( 'NONE', *, *, #5374, .T. ) ;
#7859 = ORIENTED_EDGE ( 'NONE', *, *, #7388, .F. ) ;
#7860 = ADVANCED_FACE ( 'NONE', ( #4897 ), #6804, .T. ) ;
#7861 = CARTESIAN_POINT ( 'NONE',  ( 0.9699999999999986411, 2.472865152089859464, -0.4640019752579910284 ) ) ;
#7862 = CARTESIAN_POINT ( 'NONE',  ( 2.470000000000027729, -0.1701361911069509958, 1.963499999999882117 ) ) ;
#7863 = DIRECTION ( 'NONE',  ( -5.968927584394130551E-16, -0.7714105483942449437, 0.6363377765197429925 ) ) ;
#7864 = CARTESIAN_POINT ( 'NONE',  ( 0.9843342201064364527, 2.309420209805207236, -0.2346925392427978707 ) ) ;
#7865 = DIRECTION ( 'NONE',  ( 0.000000000000000000, 0.000000000000000000, 1.000000000000000000 ) ) ;
#7866 = ORIENTED_EDGE ( 'NONE', *, *, #4715, .T. ) ;
#7867 = ORIENTED_EDGE ( 'NONE', *, *, #6844, .F. ) ;
#7868 = DIRECTION ( 'NONE',  ( -4.754204940159365997E-16, -0.7463495512540802013, 0.6655541655964849479 ) ) ;
#7869 = DIRECTION ( 'NONE',  ( -4.442372308220363543E-16, -0.9089994253807364144, 0.4167973664234109199 ) ) ;
#7870 = DIRECTION ( 'NONE',  ( 0.000000000000000000, -1.000000000000000000, 0.000000000000000000 ) ) ;
#7871 = CARTESIAN_POINT ( 'NONE',  ( 0.9699999999999986411, 2.219308366003869271, 0.01740461005332594180 ) ) ;
#7872 = PLANE ( 'NONE',  #2095 ) ;
#7873 = UNCERTAINTY_MEASURE_WITH_UNIT (LENGTH_MEASURE( 1.000000000000000082E-05 ), #4748, 'distance_accuracy_value', 'NONE');
#7874 = VERTEX_POINT ( 'NONE', #5604 ) ;
#7875 = DIRECTION ( 'NONE',  ( 0.000000000000000000, 0.000000000000000000, 1.000000000000000000 ) ) ;
#7876 = VECTOR ( 'NONE', #7174, 1000.000000000000000 ) ;
#7877 =( NAMED_UNIT ( * ) SI_UNIT ( $, .STERADIAN. ) SOLID_ANGLE_UNIT ( ) );
#7878 = ORIENTED_EDGE ( 'NONE', *, *, #7806, .F. ) ;
#7879 = LINE ( 'NONE', #324, #5368 ) ;
#7880 = DIRECTION ( 'NONE',  ( 1.000000000000000000, 2.000187765493029413E-16, 6.845769268624692740E-16 ) ) ;
#7881 = LINE ( 'NONE', #7840, #7565 ) ;
#7882 = DIRECTION ( 'NONE',  ( 0.000000000000000000, 0.000000000000000000, -1.000000000000000000 ) ) ;
#7883 = AXIS2_PLACEMENT_3D ( 'NONE', #4901, #7424, #3003 ) ;
#7884 = CARTESIAN_POINT ( 'NONE',  ( 0.9843342201064919639, 1.975537752030298577, -0.3948934297111073022 ) ) ;
#7885 = EDGE_CURVE ( 'NONE', #1477, #6358, #7464, .T. ) ;
#7886 = CARTESIAN_POINT ( 'NONE',  ( 115.0000000000000142, -9.999999999999980460, 199.4099643838293616 ) ) ;
#7887 = DIRECTION ( 'NONE',  ( 6.879636247973200176E-16, 0.4230480959310515821, -0.9061072279422076603 ) ) ;
#7888 = VECTOR ( 'NONE', #2141, 999.9999999999998863 ) ;
#7889 = CARTESIAN_POINT ( 'NONE',  ( 2.470000000000110774, 1.677594408828753103, -1.222539689753984860 ) ) ;
#7890 = ORIENTED_EDGE ( 'NONE', *, *, #4260, .F. ) ;
#7891 = DIRECTION ( 'NONE',  ( -0.000000000000000000, 1.000000000000000000, -0.000000000000000000 ) ) ;
#7892 = CARTESIAN_POINT ( 'NONE',  ( 0.9843342201064919639, 1.499999999999973577, 3.053113317719180486E-13 ) ) ;
#7893 =( NAMED_UNIT ( * ) SI_UNIT ( $, .STERADIAN. ) SOLID_ANGLE_UNIT ( ) );
#7894 = AXIS2_PLACEMENT_3D ( 'NONE', #2012, #7051, #5032 ) ;
#7895 = ADVANCED_FACE ( 'NONE', ( #6890 ), #1237, .F. ) ;
#7896 = ADVANCED_FACE ( 'NONE', ( #1796 ), #3740, .F. ) ;
#7897 = ORIENTED_EDGE ( 'NONE', *, *, #6235, .F. ) ;
#7898 = FACE_OUTER_BOUND ( 'NONE', #7854, .T. ) ;
#7899 = CARTESIAN_POINT ( 'NONE',  ( 0.9699999999999986411, 2.471864979150146802, -0.4642031431872565839 ) ) ;
#7900 = ORIENTED_EDGE ( 'NONE', *, *, #3207, .T. ) ;
#7901 = VECTOR ( 'NONE', #6428, 1000.000000000000000 ) ;
#7902 = ORIENTED_EDGE ( 'NONE', *, *, #7099, .T. ) ;
#7903 = CARTESIAN_POINT ( 'NONE',  ( 0.9699999999999986411, 2.503720345612054032, -0.4439715996293197575 ) ) ;
#7904 = CARTESIAN_POINT ( 'NONE',  ( 2.470000000000027729, 0.03232682635359584999, 2.273457506810267148 ) ) ;
#7905 = EDGE_CURVE ( 'NONE', #695, #2631, #3701, .T. ) ;
#7906 = AXIS2_PLACEMENT_3D ( 'NONE', #5302, #934, #2156 ) ;
#7907 = DIRECTION ( 'NONE',  ( 0.000000000000000000, 0.000000000000000000, 1.000000000000000000 ) ) ;
#7908 = ADVANCED_FACE ( 'NONE', ( #5448 ), #1194, .F. ) ;
#7909 = EDGE_CURVE ( 'NONE', #6963, #5751, #7329, .T. ) ;
#7910 = DIRECTION ( 'NONE',  ( -1.000000000000000000, -2.000187765493021278E-16, 7.400880780937300593E-16 ) ) ;
#7911 = ORIENTED_EDGE ( 'NONE', *, *, #46, .T. ) ;
#7912 = ORIENTED_EDGE ( 'NONE', *, *, #5586, .F. ) ;
#7913 = LINE ( 'NONE', #7995, #4190 ) ;
#7914 = CARTESIAN_POINT ( 'NONE',  ( 110.0000000000000426, -1.224646799147322569E-18, 55.96194077712566894 ) ) ;
#7915 = CARTESIAN_POINT ( 'NONE',  ( 19.99999999999998224, -10.00000000000000888, 109.4099643838293900 ) ) ;
#7916 = AXIS2_PLACEMENT_3D ( 'NONE', #5456, #2438, #3546 ) ;
#7917 = AXIS2_PLACEMENT_3D ( 'NONE', #3343, #5867, #7111 ) ;
#7918 = PLANE ( 'NONE',  #2260 ) ;
#7919 = LINE ( 'NONE', #2420, #1175 ) ;
#7920 = FACE_BOUND ( 'NONE', #663, .T. ) ;
#7921 = ADVANCED_FACE ( 'NONE', ( #1113 ), #3624, .F. ) ;
#7922 = CIRCLE ( 'NONE', #540, 1.000000000000000888 ) ;
#7923 = ORIENTED_EDGE ( 'NONE', *, *, #7704, .T. ) ;
#7924 = AXIS2_PLACEMENT_3D ( 'NONE', #4827, #1686, #4207 ) ;
#7925 = CARTESIAN_POINT ( 'NONE',  ( 0.9843342201064364527, 2.496588361724144889, -0.4418366081777036491 ) ) ;
#7926 = ORIENTED_EDGE ( 'NONE', *, *, #783, .F. ) ;
#7927 = CARTESIAN_POINT ( 'NONE',  ( 2.469999999999972218, 2.775557561562891351E-14, 2.173161927247813097 ) ) ;
#7928 = DIRECTION ( 'NONE',  ( 8.497694209043068070E-33, -0.3420201433256661594, -0.9396926207859093161 ) ) ;
#7929 = CARTESIAN_POINT ( 'NONE',  ( 2.470000000000027729, -1.992290211928787746, -0.9379137554843958169 ) ) ;
#7930 = DIRECTION ( 'NONE',  ( -0.000000000000000000, 1.000000000000000000, -0.000000000000000000 ) ) ;
#7931 = VECTOR ( 'NONE', #3751, 1000.000000000000000 ) ;
#7932 = AXIS2_PLACEMENT_3D ( 'NONE', #7480, #2444, #4336 ) ;
#7933 = ORIENTED_EDGE ( 'NONE', *, *, #1734, .T. ) ;
#7934 = CARTESIAN_POINT ( 'NONE',  ( 1.126121132310044462E-14, -1.447555684683535127, 92.06732376572901444 ) ) ;
#7935 = CARTESIAN_POINT ( 'NONE',  ( 0.9699999999999986411, 2.503720345612054032, -0.4439715996293197575 ) ) ;
#7936 = ORIENTED_EDGE ( 'NONE', *, *, #1888, .T. ) ;
#7937 = CARTESIAN_POINT ( 'NONE',  ( 0.9699999999999986411, 2.472865152089859464, -0.4640019752579910284 ) ) ;
#7938 = DIRECTION ( 'NONE',  ( -7.498798913309288039E-33, 1.000000000000000000, -5.551115123125780237E-17 ) ) ;
#7939 = VECTOR ( 'NONE', #6654, 1000.000000000000000 ) ;
#7940 = DIRECTION ( 'NONE',  ( 0.000000000000000000, 5.645018411551103535E-16, 1.000000000000000000 ) ) ;
#7941 = ORIENTED_EDGE ( 'NONE', *, *, #3264, .T. ) ;
#7942 = FACE_OUTER_BOUND ( 'NONE', #4007, .T. ) ;
#7943 = ORIENTED_EDGE ( 'NONE', *, *, #3561, .T. ) ;
#7944 = AXIS2_PLACEMENT_3D ( 'NONE', #1031, #3541, #1677 ) ;
#7945 = ORIENTED_EDGE ( 'NONE', *, *, #6690, .F. ) ;
#7946 = DIRECTION ( 'NONE',  ( 5.367945506227407623E-16, 0.8164082640122218848, -0.5774751479090248774 ) ) ;
#7947 = EDGE_CURVE ( 'NONE', #5297, #5026, #1886, .T. ) ;
#7948 = CARTESIAN_POINT ( 'NONE',  ( 0.9699999999999986411, 2.125255814197590798, -0.05453024012817830890 ) ) ;
#7949 = VECTOR ( 'NONE', #6490, 1000.000000000000000 ) ;
#7950 = DIRECTION ( 'NONE',  ( 0.002535560577290190548, -1.836970198721026976E-16, 0.9999967854611128137 ) ) ;
#7951 = CARTESIAN_POINT ( 'NONE',  ( 5.000000000000057732, -8.800000000000013145, -19.40996438382937939 ) ) ;
#7952 = CARTESIAN_POINT ( 'NONE',  ( 0.9700000000000541522, 2.346987564757957223, 0.2517815795645694799 ) ) ;
#7953 = ORIENTED_EDGE ( 'NONE', *, *, #6239, .T. ) ;
#7954 = ADVANCED_FACE ( 'NONE', ( #6340 ), #3233, .F. ) ;
#7955 = ORIENTED_EDGE ( 'NONE', *, *, #4800, .F. ) ;
#7956 = DIRECTION ( 'NONE',  ( 0.000000000000000000, 0.9396926207859094271, -0.3420201433256661039 ) ) ;
#7957 = FACE_OUTER_BOUND ( 'NONE', #5378, .T. ) ;
#7958 = PRESENTATION_LAYER_ASSIGNMENT (  '', '', ( #566 ) ) ;
#7959 = FACE_OUTER_BOUND ( 'NONE', #2254, .T. ) ;
#7960 = DIRECTION ( 'NONE',  ( -1.073154985481277909E-15, 5.551115123125739315E-16, 1.000000000000000000 ) ) ;
#7961 = EDGE_CURVE ( 'NONE', #2535, #8132, #2619, .T. ) ;
#7962 = EDGE_CURVE ( 'NONE', #1125, #538, #314, .T. ) ;
#7963 = CARTESIAN_POINT ( 'NONE',  ( 0.9700000000000541522, 2.316464276462898653, 0.1510640454359946094 ) ) ;
#7964 = AXIS2_PLACEMENT_3D ( 'NONE', #4974, #1829, #4350 ) ;
#7965 = ORIENTED_EDGE ( 'NONE', *, *, #6893, .F. ) ;
#7966 = PLANE ( 'NONE',  #3915 ) ;
#7967 = ORIENTED_EDGE ( 'NONE', *, *, #1092, .T. ) ;
#7968 = CARTESIAN_POINT ( 'NONE',  ( 0.9699999999999986411, 2.280059657658872752, 0.03026883183794570886 ) ) ;
#7969 = EDGE_CURVE ( 'NONE', #2621, #7466, #102, .T. ) ;
#7970 = LINE ( 'NONE', #1026, #5153 ) ;
#7971 = CARTESIAN_POINT ( 'NONE',  ( 0.9699999999999986411, 2.503303842999543782, -0.4528350302195616184 ) ) ;
#7972 = CARTESIAN_POINT ( 'NONE',  ( 19.99999999999998224, -10.00000000000000888, 109.4099643838293900 ) ) ;
#7973 = EDGE_CURVE ( 'NONE', #6774, #4335, #7620, .T. ) ;
#7974 = ORIENTED_EDGE ( 'NONE', *, *, #1952, .F. ) ;
#7975 = LINE ( 'NONE', #5570, #6039 ) ;
#7976 = CARTESIAN_POINT ( 'NONE',  ( 2.450950000000090334, 1.886350574325429408, -1.316829575592079582 ) ) ;
#7977 = CARTESIAN_POINT ( 'NONE',  ( 0.9843342201064364527, 2.466484790674988936, 0.1704206895829646351 ) ) ;
#7978 = EDGE_LOOP ( 'NONE', ( #829, #1460, #4986, #5640 ) ) ;
#7979 = LINE ( 'NONE', #3379, #1091 ) ;
#7980 = PLANE ( 'NONE',  #2767 ) ;
#7981 = DIRECTION ( 'NONE',  ( 1.000000000000000000, 1.722632009336712421E-16, -4.625323219374409242E-16 ) ) ;
#7982 = VERTEX_POINT ( 'NONE', #6296 ) ;
#7983 = DIRECTION ( 'NONE',  ( 0.000000000000000000, 0.3420201433256661039, 0.9396926207859094271 ) ) ;
#7984 = ORIENTED_EDGE ( 'NONE', *, *, #741, .T. ) ;
#7985 = ORIENTED_EDGE ( 'NONE', *, *, #6752, .T. ) ;
#7986 = DIRECTION ( 'NONE',  ( 1.000000000000000000, -0.000000000000000000, -0.000000000000000000 ) ) ;
#7987 = DIRECTION ( 'NONE',  ( 0.000000000000000000, 0.000000000000000000, -1.000000000000000000 ) ) ;
#7988 = VECTOR ( 'NONE', #7369, 1000.000000000000000 ) ;
#7989 = DIRECTION ( 'NONE',  ( -9.561467977657224227E-16, 5.551115123125740301E-16, 1.000000000000000000 ) ) ;
#7990 = ADVANCED_FACE ( 'NONE', ( #2541 ), #7005, .F. ) ;
#7991 = CARTESIAN_POINT ( 'NONE',  ( 0.9843342201064364527, 2.280059657658761729, 0.01740461005320104171 ) ) ;
#7992 = ORIENTED_EDGE ( 'NONE', *, *, #5323, .T. ) ;
#7993 = ORIENTED_EDGE ( 'NONE', *, *, #142, .F. ) ;
#7994 =( REPRESENTATION_RELATIONSHIP ('NONE','NONE', #2116, #3489 ) REPRESENTATION_RELATIONSHIP_WITH_TRANSFORMATION ( #1906 )SHAPE_REPRESENTATION_RELATIONSHIP( ) );
#7995 = CARTESIAN_POINT ( 'NONE',  ( 120.0000000000000284, -0.02109807546055164629, 180.2711223285582207 ) ) ;
#7996 = PLANE ( 'NONE',  #4092 ) ;
#7997 = LINE ( 'NONE', #728, #384 ) ;
#7998 = DIRECTION ( 'NONE',  ( 3.714157047468351224E-16, 0.9248452085341691831, -0.3803437133059899278 ) ) ;
#7999 = ORIENTED_EDGE ( 'NONE', *, *, #7375, .T. ) ;
#8000 = EDGE_CURVE ( 'NONE', #279, #6064, #1350, .T. ) ;
#8001 = SURFACE_STYLE_USAGE ( .BOTH. , #6678 ) ;
#8002 = ORIENTED_EDGE ( 'NONE', *, *, #2642, .T. ) ;
#8003 = EDGE_CURVE ( 'NONE', #5883, #3243, #6510, .T. ) ;
#8004 = FACE_OUTER_BOUND ( 'NONE', #6274, .T. ) ;
#8005 = CARTESIAN_POINT ( 'NONE',  ( 0.9843342201064364527, 2.521531062727372152, -0.3948934297109130132 ) ) ;
#8006 = CARTESIAN_POINT ( 'NONE',  ( 0.9700000000000263967, -1.387778780781445676E-13, 2.498001805406602216E-13 ) ) ;
#8007 = LINE ( 'NONE', #7576, #6731 ) ;
#8008 = EDGE_CURVE ( 'NONE', #1476, #1918, #3857, .T. ) ;
#8009 = CIRCLE ( 'NONE', #8148, 2.637500000000020606 ) ;
#8010 = CARTESIAN_POINT ( 'NONE',  ( 2.470000000000055707, 1.886350574325429408, -1.316829575592329160 ) ) ;
#8011 = EDGE_LOOP ( 'NONE', ( #3, #1109, #1958, #6323 ) ) ;
#8012 = FACE_OUTER_BOUND ( 'NONE', #6837, .T. ) ;
#8013 = EDGE_CURVE ( 'NONE', #3045, #1448, #4432, .T. ) ;
#8014 = CARTESIAN_POINT ( 'NONE',  ( 0.9700000000000541522, 2.125255814197646309, -0.3948934297112599578 ) ) ;
#8015 = DIRECTION ( 'NONE',  ( -1.000000000000000000, -2.000187765493021278E-16, 7.400880780937300593E-16 ) ) ;
#8016 = ORIENTED_EDGE ( 'NONE', *, *, #5879, .T. ) ;
#8017 = CARTESIAN_POINT ( 'NONE',  ( 1.102182119232617753E-14, -10.00000000000000888, 95.59003561617066680 ) ) ;
#8018 = AXIS2_PLACEMENT_3D ( 'NONE', #2600, #4377, #5740 ) ;
#8019 = DIRECTION ( 'NONE',  ( 1.000000000000000000, 2.000187765493021278E-16, -7.400880780937300593E-16 ) ) ;
#8020 = DIRECTION ( 'NONE',  ( -1.068786975720299338E-15, 5.551115123125700858E-16, 1.000000000000000000 ) ) ;
#8021 = AXIS2_PLACEMENT_3D ( 'NONE', #8109, #7640, #5119 ) ;
#8022 = CARTESIAN_POINT ( 'NONE',  ( 110.0000000000000284, -1.199999999999999956, 7.890000000000001457 ) ) ;
#8023 = LINE ( 'NONE', #5657, #4486 ) ;
#8024 = ORIENTED_EDGE ( 'NONE', *, *, #3794, .T. ) ;
#8025 = EDGE_LOOP ( 'NONE', ( #1298, #6562, #6268, #7235 ) ) ;
#8026 = AXIS2_PLACEMENT_3D ( 'NONE', #6014, #4773, #7291 ) ;
#8027 = CARTESIAN_POINT ( 'NONE',  ( 0.9843342201064364527, 2.371827334780196583, 0.1404019658359789702 ) ) ;
#8028 = B_SPLINE_CURVE_WITH_KNOTS ( 'NONE', 3,
 ( #1222, #3726, #6914, #3761 ),
 .UNSPECIFIED., .F., .F.,
 ( 4, 4 ),
 ( 0.000000000000000000, 0.9976201257363475072 ),
 .UNSPECIFIED. ) ;
#8029 = CARTESIAN_POINT ( 'NONE',  ( 0.9699999999999986411, 2.496811927282488242, -0.4437718483764896416 ) ) ;
#8030 = PRODUCT_DEFINITION_SHAPE ( 'NONE', 'NONE',  #8177 ) ;
#8031 = DIRECTION ( 'NONE',  ( 0.000000000000000000, 0.000000000000000000, 1.000000000000000000 ) ) ;
#8032 = EDGE_LOOP ( 'NONE', ( #357, #2945, #5799, #2880 ) ) ;
#8033 = VECTOR ( 'NONE', #7237, 1000.000000000000000 ) ;
#8034 = CARTESIAN_POINT ( 'NONE',  ( 2.450949999999951778, -1.700440880330444937, -0.9817499999996981419 ) ) ;
#8035 = ORIENTED_EDGE ( 'NONE', *, *, #852, .T. ) ;
#8036 = ORIENTED_EDGE ( 'NONE', *, *, #7807, .T. ) ;
#8037 = DIRECTION ( 'NONE',  ( 5.666662251778667218E-16, 0.7747962833285356732, -0.6322109769216976982 ) ) ;
#8038 = DIRECTION ( 'NONE',  ( -1.000000000000000000, -2.000187765493021278E-16, 7.400880780937300593E-16 ) ) ;
#8039 = DIRECTION ( 'NONE',  ( 0.000000000000000000, -0.9396926207859093161, 0.3420201433256660484 ) ) ;
#8040 = CARTESIAN_POINT ( 'NONE',  ( 0.9699999999999986411, 2.501986334736056250, -0.4582198139926330072 ) ) ;
#8041 = AXIS2_PLACEMENT_3D ( 'NONE', #2695, #769, #5216 ) ;
#8042 = ORIENTED_EDGE ( 'NONE', *, *, #2688, .F. ) ;
#8043 = CARTESIAN_POINT ( 'NONE',  ( 68.00000000000002842, -8.799999999999998934, -12.40996438382938649 ) ) ;
#8044 = ORIENTED_EDGE ( 'NONE', *, *, #1931, .T. ) ;
#8045 = ORIENTED_EDGE ( 'NONE', *, *, #5841, .T. ) ;
#8046 = DIRECTION ( 'NONE',  ( -6.845769268624744016E-16, 9.436895709313777345E-16, 1.000000000000000000 ) ) ;
#8047 = AXIS2_PLACEMENT_3D ( 'NONE', #5951, #7769, #2104 ) ;
#8048 = AXIS2_PLACEMENT_3D ( 'NONE', #356, #4105, #319 ) ;
#8049 = DIRECTION ( 'NONE',  ( 0.7071067811865464625, 0.000000000000000000, 0.7071067811865486830 ) ) ;
#8050 = DIRECTION ( 'NONE',  ( -6.845769268624693726E-16, 5.551115123125739315E-16, 1.000000000000000000 ) ) ;
#8051 = CARTESIAN_POINT ( 'NONE',  ( 0.9699999999999986411, 2.478836439541054482, -0.4436910978696390062 ) ) ;
#8052 = EDGE_CURVE ( 'NONE', #6139, #6781, #1230, .T. ) ;
#8053 = VECTOR ( 'NONE', #289, 1000.000000000000114 ) ;
#8054 = VECTOR ( 'NONE', #6325, 1000.000000000000000 ) ;
#8055 = ORIENTED_EDGE ( 'NONE', *, *, #3796, .F. ) ;
#8056 = DIRECTION ( 'NONE',  ( 6.845769268624692740E-16, -5.551115123125739315E-16, -1.000000000000000000 ) ) ;
#8057 = ORIENTED_EDGE ( 'NONE', *, *, #545, .F. ) ;
#8058 = CARTESIAN_POINT ( 'NONE',  ( 0.9699999999999986411, 2.140667967656273429, -0.2325411859420839500 ) ) ;
#8059 = DIRECTION ( 'NONE',  ( 1.000000000000000000, 2.000187765493021278E-16, -7.400880780937300593E-16 ) ) ;
#8060 = LINE ( 'NONE', #6728, #3041 ) ;
#8061 = ORIENTED_EDGE ( 'NONE', *, *, #8118, .T. ) ;
#8062 = AXIS2_PLACEMENT_3D ( 'NONE', #5539, #6779, #4417 ) ;
#8063 = ADVANCED_FACE ( 'NONE', ( #7042 ), #3694, .F. ) ;
#8064 = VECTOR ( 'NONE', #5857, 1000.000000000000114 ) ;
#8065 = DIRECTION ( 'NONE',  ( 2.513793830718206599E-17, -0.9659317819997998988, -0.2587968170644511234 ) ) ;
#8066 = PLANE ( 'NONE',  #7645 ) ;
#8067 = EDGE_CURVE ( 'NONE', #1567, #626, #7498, .T. ) ;
#8068 = EDGE_CURVE ( 'NONE', #704, #7415, #3470, .T. ) ;
#8069 = CIRCLE ( 'NONE', #5550, 2.500000000000002220 ) ;
#8070 = VECTOR ( 'NONE', #634, 999.9999999999998863 ) ;
#8071 = CARTESIAN_POINT ( 'NONE',  ( 0.9700000000000541522, 2.400816861523547008, 0.2534304449035990059 ) ) ;
#8072 = ORIENTED_EDGE ( 'NONE', *, *, #6785, .T. ) ;
#8073 = EDGE_CURVE ( 'NONE', #2863, #2967, #7541, .T. ) ;
#8074 = ORIENTED_EDGE ( 'NONE', *, *, #7885, .F. ) ;
#8075 = VECTOR ( 'NONE', #645, 1000.000000000000000 ) ;
#8076 = ADVANCED_FACE ( 'NONE', ( #6921, #7826 ), #1538, .T. ) ;
#8077 = CARTESIAN_POINT ( 'NONE',  ( 0.2238461539150214119, 7.234694981581544350E-16, -2.099999999984425436 ) ) ;
#8078 = VECTOR ( 'NONE', #5436, 1000.000000000000000 ) ;
#8079 = ORIENTED_EDGE ( 'NONE', *, *, #7559, .F. ) ;
#8080 = PLANE ( 'NONE',  #3648 ) ;
#8081 = LINE ( 'NONE', #6826, #6333 ) ;
#8082 = VERTEX_POINT ( 'NONE', #3355 ) ;
#8083 = ORIENTED_EDGE ( 'NONE', *, *, #5035, .T. ) ;
#8084 = DIRECTION ( 'NONE',  ( 0.000000000000000000, 5.645018411551103535E-16, 1.000000000000000000 ) ) ;
#8085 = DIRECTION ( 'NONE',  ( 0.000000000000000000, 0.000000000000000000, 1.000000000000000000 ) ) ;
#8086 = CARTESIAN_POINT ( 'NONE',  ( 35.00000000000014921, 0.000000000000000000, 90.00000000000000000 ) ) ;
#8087 = VECTOR ( 'NONE', #8059, 1000.000000000000000 ) ;
#8088 = DIRECTION ( 'NONE',  ( -1.000000000000000000, -2.000187765493021278E-16, 7.400880780937300593E-16 ) ) ;
#8089 = ORIENTED_EDGE ( 'NONE', *, *, #3995, .F. ) ;
#8090 = ORIENTED_EDGE ( 'NONE', *, *, #2084, .F. ) ;
#8091 = ORIENTED_EDGE ( 'NONE', *, *, #7047, .T. ) ;
#8092 = DIRECTION ( 'NONE',  ( -6.481010078943531797E-16, -0.2696926424169340808, 0.9629464567805271491 ) ) ;
#8093 = STYLED_ITEM ( 'NONE', ( #4746 ), #7334 ) ;
#8094 = CARTESIAN_POINT ( 'NONE',  ( 2.470000000130309292, 1.959457596178500736E-13, 2.984499999911733426 ) ) ;
#8095 = LINE ( 'NONE', #2429, #4783 ) ;
#8096 = DIRECTION ( 'NONE',  ( -6.845769268624693726E-16, 5.551115123125739315E-16, 1.000000000000000000 ) ) ;
#8097 = AXIS2_PLACEMENT_3D ( 'NONE', #1403, #51, #5116 ) ;
#8098 = VERTEX_POINT ( 'NONE', #894 ) ;
#8099 = ORIENTED_EDGE ( 'NONE', *, *, #7229, .T. ) ;
#8100 = DIRECTION ( 'NONE',  ( 1.000000000000000000, 2.000187765493021278E-16, -7.400880780937300593E-16 ) ) ;
#8101 = CARTESIAN_POINT ( 'NONE',  ( 64.03805922287433816, -1.224646799147322569E-18, 101.9238815542511674 ) ) ;
#8102 = FACE_OUTER_BOUND ( 'NONE', #7395, .T. ) ;
#8103 = ADVANCED_FACE ( 'NONE', ( #4679, #6418 ), #7162, .T. ) ;
#8104 = EDGE_LOOP ( 'NONE', ( #6307, #2762, #5788, #1889 ) ) ;
#8105 = VECTOR ( 'NONE', #4394, 1000.000000000000000 ) ;
#8106 =( LENGTH_UNIT ( ) NAMED_UNIT ( * ) SI_UNIT ( .MILLI., .METRE. ) );
#8107 = DIRECTION ( 'NONE',  ( 1.000000000000000000, 2.000187765493021278E-16, -7.400880780937300593E-16 ) ) ;
#8108 = EDGE_CURVE ( 'NONE', #4273, #6730, #6542, .T. ) ;
#8109 = CARTESIAN_POINT ( 'NONE',  ( 0.2238461539150193857, 0.000000000000000000, 4.163336342344337027E-14 ) ) ;
#8110 = FILL_AREA_STYLE_COLOUR ( '', #5818 ) ;
#8111 = CARTESIAN_POINT ( 'NONE',  ( 2.450950000000007289, 2.026937716003401668, -1.424233142190769907 ) ) ;
#8112 = ADVANCED_FACE ( 'NONE', ( #1385 ), #771, .F. ) ;
#8113 = EDGE_LOOP ( 'NONE', ( #2367, #5560, #1693, #1811 ) ) ;
#8114 = EDGE_CURVE ( 'NONE', #4166, #5751, #5258, .T. ) ;
#8115 = ORIENTED_EDGE ( 'NONE', *, *, #1640, .F. ) ;
#8116 = DIRECTION ( 'NONE',  ( 0.000000000000000000, 0.000000000000000000, -1.000000000000000000 ) ) ;
#8117 = CARTESIAN_POINT ( 'NONE',  ( 57.49999999999999289, 0.000000000000000000, -57.49999999999998579 ) ) ;
#8118 = EDGE_CURVE ( 'NONE', #7226, #5736, #4051, .T. ) ;
#8119 = VERTEX_POINT ( 'NONE', #5795 ) ;
#8120 = LINE ( 'NONE', #3143, #4870 ) ;
#8121 = LINE ( 'NONE', #4341, #3975 ) ;
#8122 = VERTEX_POINT ( 'NONE', #147 ) ;
#8123 = EDGE_CURVE ( 'NONE', #551, #1971, #2698, .T. ) ;
#8124 = ORIENTED_EDGE ( 'NONE', *, *, #2098, .T. ) ;
#8125 = DIRECTION ( 'NONE',  ( -0.000000000000000000, 1.000000000000000000, -0.000000000000000000 ) ) ;
#8126 = DIRECTION ( 'NONE',  ( 0.000000000000000000, 0.000000000000000000, -1.000000000000000000 ) ) ;
#8127 = CARTESIAN_POINT ( 'NONE',  ( 2.470000000000027729, 0.03232682635359584999, 2.273457506810267148 ) ) ;
#8128 = CARTESIAN_POINT ( 'NONE',  ( 2.470000000000027729, -2.097809233474079438, -0.8477885581625460576 ) ) ;
#8129 = DIRECTION ( 'NONE',  ( 5.882887990558551382E-16, 0.4999999999999998890, -0.8660254037844387076 ) ) ;
#8130 = VERTEX_POINT ( 'NONE', #5964 ) ;
#8131 = EDGE_LOOP ( 'NONE', ( #4619, #4169, #7554, #1483 ) ) ;
#8132 = VERTEX_POINT ( 'NONE', #6581 ) ;
#8133 = PLANE ( 'NONE',  #609 ) ;
#8134 = LINE ( 'NONE', #5068, #946 ) ;
#8135 = CARTESIAN_POINT ( 'NONE',  ( 0.9700000000000541522, 2.346987564757957223, 0.2517815795645694799 ) ) ;
#8136 = CARTESIAN_POINT ( 'NONE',  ( 64.03805922287450869, 0.000000000000000000, 12.11000000000001187 ) ) ;
#8137 = VERTEX_POINT ( 'NONE', #2781 ) ;
#8138 = ORIENTED_EDGE ( 'NONE', *, *, #84, .T. ) ;
#8139 = ORIENTED_EDGE ( 'NONE', *, *, #8155, .T. ) ;
#8140 = FACE_OUTER_BOUND ( 'NONE', #1261, .T. ) ;
#8141 = CARTESIAN_POINT ( 'NONE',  ( 0.9843342201063809416, 2.497005303495586581, -0.4483746272443411840 ) ) ;
#8142 = ORIENTED_EDGE ( 'NONE', *, *, #221, .F. ) ;
#8143 = DIRECTION ( 'NONE',  ( -0.000000000000000000, 1.000000000000000000, -0.000000000000000000 ) ) ;
#8144 = PLANE ( 'NONE',  #2627 ) ;
#8145 = EDGE_CURVE ( 'NONE', #428, #3685, #5304, .T. ) ;
#8146 = CARTESIAN_POINT ( 'NONE',  ( 0.9843342201064919639, 2.331064604498389592, 0.3948905628680041136 ) ) ;
#8147 = CYLINDRICAL_SURFACE ( 'NONE', #4505, 1.000000000000000888 ) ;
#8148 = AXIS2_PLACEMENT_3D ( 'NONE', #4813, #3412, #988 ) ;
#8149 = LINE ( 'NONE', #6940, #3294 ) ;
#8150 = VERTEX_POINT ( 'NONE', #936 ) ;
#8151 = ORIENTED_EDGE ( 'NONE', *, *, #1281, .T. ) ;
#8152 = CARTESIAN_POINT ( 'NONE',  ( 2.469999999999972218, -0.02037416159328397924, 2.173161927247514669 ) ) ;
#8153 = LINE ( 'NONE', #3223, #263 ) ;
#8154 = VECTOR ( 'NONE', #7159, 1000.000000000000000 ) ;
#8155 = EDGE_CURVE ( 'NONE', #5244, #811, #187, .T. ) ;
#8156 = VERTEX_POINT ( 'NONE', #4714 ) ;
#8157 = DIRECTION ( 'NONE',  ( -1.445076253180192051E-16, -1.000000000000000000, 2.553512956637819811E-15 ) ) ;
#8158 = LINE ( 'NONE', #1177, #1220 ) ;
#8159 = VERTEX_POINT ( 'NONE', #1504 ) ;
#8160 = VECTOR ( 'NONE', #4820, 1000.000000000000000 ) ;
#8161 = ORIENTED_EDGE ( 'NONE', *, *, #6946, .T. ) ;
#8162 = CARTESIAN_POINT ( 'NONE',  ( 0.9843342201064919639, 1.975537752030132044, 0.3948905628679624802 ) ) ;
#8163 = EDGE_CURVE ( 'NONE', #426, #5067, #4012, .T. ) ;
#8164 = CARTESIAN_POINT ( 'NONE',  ( 80.00000000000002842, 0.000000000000000000, 180.0000000000000000 ) ) ;
#8165 = FACE_OUTER_BOUND ( 'NONE', #5894, .T. ) ;
#8166 = CARTESIAN_POINT ( 'NONE',  ( 75.00000000000002842, -0.02109807546056357425, -0.2711223285582200493 ) ) ;
#8167 = EDGE_CURVE ( 'NONE', #3328, #3769, #2280, .T. ) ;
#8168 = ADVANCED_FACE ( 'NONE', ( #4553 ), #3894, .F. ) ;
#8169 = AXIS2_PLACEMENT_3D ( 'NONE', #2008, #6468, #823 ) ;
#8170 = DIRECTION ( 'NONE',  ( 1.000000000000000000, 2.000187765493021278E-16, -7.400880780937300593E-16 ) ) ;
#8171 = VERTEX_POINT ( 'NONE', #7706 ) ;
#8172 = CARTESIAN_POINT ( 'NONE',  ( 0.9843342201064364527, 2.483238627135203380, -0.4477264981799095045 ) ) ;
#8173 = NEXT_ASSEMBLY_USAGE_OCCURRENCE ( 'NAUO1', ' ', ' ', #6417, #5812, $ ) ;
#8174 = NEXT_ASSEMBLY_USAGE_OCCURRENCE ( 'NAUO2', ' ', ' ', #6417, #6820, $ ) ;
#8175 = NEXT_ASSEMBLY_USAGE_OCCURRENCE ( 'NAUO3', ' ', ' ', #6417, #6820, $ ) ;
#8176 = NEXT_ASSEMBLY_USAGE_OCCURRENCE ( 'NAUO4', ' ', ' ', #6417, #6820, $ ) ;
#8177 = NEXT_ASSEMBLY_USAGE_OCCURRENCE ( 'NAUO5', ' ', ' ', #6417, #6820, $ ) ;
#8178 = NEXT_ASSEMBLY_USAGE_OCCURRENCE ( 'NAUO6', ' ', ' ', #6417, #6820, $ ) ;
#8179 = NEXT_ASSEMBLY_USAGE_OCCURRENCE ( 'NAUO7', ' ', ' ', #6417, #6820, $ ) ;
ENDSEC;
END-ISO-10303-21;
