ISO-10303-21;
HEADER;
FILE_DESCRIPTION (( 'STEP AP214' ),
    '1' );
FILE_NAME ('550-00165-00.step',
    '2026-02-27T00:28:48',
    ( '' ),
    ( '' ),
    'SwSTEP 2.0',
    'SolidWorks 2023',
    '' );
FILE_SCHEMA (( 'AUTOMOTIVE_DESIGN' ));
ENDSEC;

DATA;
#1 = DIRECTION ( 'NONE',  ( 3.664084033524408520E-17, -1.000000000000000000, 3.246763165801855563E-15 ) ) ;
#2 = DIRECTION ( 'NONE',  ( 0.000000000000000000, -9.800351546777635440E-15, 1.000000000000000000 ) ) ;
#3 = ORIENTED_EDGE ( 'NONE', *, *, #188, .F. ) ;
#4 = DIRECTION ( 'NONE',  ( -0.000000000000000000, -1.000000000000000000, 3.265361837132813586E-15 ) ) ;
#5 = AXIS2_PLACEMENT_3D ( 'NONE', #1381, #810, #1095 ) ;
#6 = ORIENTED_EDGE ( 'NONE', *, *, #1885, .T. ) ;
#7 = LINE ( 'NONE', #628, #378 ) ;
#8 = EDGE_CURVE ( 'NONE', #597, #24, #169, .T. ) ;
#9 = CARTESIAN_POINT ( 'NONE',  ( 48.50000000000501643, 0.000000000000000000, 54.74999999999999289 ) ) ;
#10 = DIRECTION ( 'NONE',  ( 0.000000000000000000, 0.000000000000000000, 1.000000000000000000 ) ) ;
#11 =( LENGTH_UNIT ( ) NAMED_UNIT ( * ) SI_UNIT ( .MILLI., .METRE. ) );
#12 = ORIENTED_EDGE ( 'NONE', *, *, #375, .T. ) ;
#13 = LINE ( 'NONE', #763, #118 ) ;
#14 = VERTEX_POINT ( 'NONE', #147 ) ;
#15 = DIRECTION ( 'NONE',  ( -9.653686872865728792E-16, -1.000000000000000000, 2.858473069150209768E-15 ) ) ;
#16 = ADVANCED_FACE ( 'NONE', ( #1179 ), #444, .F. ) ;
#17 = PLANE ( 'NONE',  #1390 ) ;
#18 = VERTEX_POINT ( 'NONE', #1033 ) ;
#19 = ADVANCED_FACE ( 'NONE', ( #909 ), #310, .F. ) ;
#20 = FACE_OUTER_BOUND ( 'NONE', #205, .T. ) ;
#21 = DIRECTION ( 'NONE',  ( 1.000000000000000000, 0.000000000000000000, 0.000000000000000000 ) ) ;
#22 = ORIENTED_EDGE ( 'NONE', *, *, #257, .F. ) ;
#23 = LINE ( 'NONE', #743, #1200 ) ;
#24 = VERTEX_POINT ( 'NONE', #236 ) ;
#25 = CARTESIAN_POINT ( 'NONE',  ( 72.23725450049074936, -8.412499999999981881, 65.11208568452013878 ) ) ;
#26 = VECTOR ( 'NONE', #186, 999.9999999999998863 ) ;
#27 = FACE_BOUND ( 'NONE', #323, .T. ) ;
#28 = VECTOR ( 'NONE', #1749, 1000.000000000000000 ) ;
#29 = VECTOR ( 'NONE', #1365, 1000.000000000000000 ) ;
#30 = FACE_OUTER_BOUND ( 'NONE', #1557, .T. ) ;
#31 = DIRECTION ( 'NONE',  ( 0.000000000000000000, -1.000000000000000000, 3.391720034496403636E-15 ) ) ;
#32 = EDGE_CURVE ( 'NONE', #1250, #1816, #536, .T. ) ;
#33 = VERTEX_POINT ( 'NONE', #1518 ) ;
#34 = CARTESIAN_POINT ( 'NONE',  ( -42.99999999999487699, 0.1374999999999965694, 34.79999999999970584 ) ) ;
#35 = ORIENTED_EDGE ( 'NONE', *, *, #620, .T. ) ;
#36 = DIRECTION ( 'NONE',  ( -1.000000000000000000, 0.000000000000000000, 0.000000000000000000 ) ) ;
#37 = CARTESIAN_POINT ( 'NONE',  ( -63.00000000000000000, -1.244600000000003037, -60.16250000000000142 ) ) ;
#38 = ORIENTED_EDGE ( 'NONE', *, *, #1793, .T. ) ;
#39 = CARTESIAN_POINT ( 'NONE',  ( 62.78054343981029461, -18.41249999999998721, 60.16250000000007248 ) ) ;
#40 = DIRECTION ( 'NONE',  ( 0.000000000000000000, -1.000000000000000000, -3.391720034496403636E-15 ) ) ;
#41 = FACE_OUTER_BOUND ( 'NONE', #790, .T. ) ;
#42 = EDGE_CURVE ( 'NONE', #1860, #1052, #74, .T. ) ;
#43 = LINE ( 'NONE', #520, #496 ) ;
#44 = EDGE_CURVE ( 'NONE', #1827, #1816, #357, .T. ) ;
#45 = VERTEX_POINT ( 'NONE', #937 ) ;
#46 = CARTESIAN_POINT ( 'NONE',  ( 62.78054343981029461, -1.244599999999977724, 62.99460000000004101 ) ) ;
#47 = ORIENTED_EDGE ( 'NONE', *, *, #32, .T. ) ;
#48 = DIRECTION ( 'NONE',  ( 0.9396926207859103153, 0.000000000000000000, 0.3420201433256632728 ) ) ;
#49 = CARTESIAN_POINT ( 'NONE',  ( -63.00000000000000000, -18.41249999999999787, -61.75000000000006395 ) ) ;
#50 = CARTESIAN_POINT ( 'NONE',  ( 70.25450307063249511, -8.412499999999981881, -64.39042318210299243 ) ) ;
#51 = PLANE ( 'NONE',  #1722 ) ;
#52 = EDGE_CURVE ( 'NONE', #398, #1629, #947, .T. ) ;
#53 = ORIENTED_EDGE ( 'NONE', *, *, #1279, .T. ) ;
#54 = LINE ( 'NONE', #1526, #229 ) ;
#55 = DIRECTION ( 'NONE',  ( 1.000000000000000000, -0.000000000000000000, -0.000000000000000000 ) ) ;
#56 = EDGE_CURVE ( 'NONE', #1550, #80, #676, .T. ) ;
#57 = ORIENTED_EDGE ( 'NONE', *, *, #881, .T. ) ;
#58 = CARTESIAN_POINT ( 'NONE',  ( 63.00000000000000000, 1.587499999999991251, -58.91790000000000305 ) ) ;
#59 = DIRECTION ( 'NONE',  ( 1.000000000000000000, 0.000000000000000000, 0.000000000000000000 ) ) ;
#60 = CARTESIAN_POINT ( 'NONE',  ( 68.81470861830374020, -26.41249999999997655, 62.17699864418825229 ) ) ;
#61 = AXIS2_PLACEMENT_3D ( 'NONE', #934, #1823, #488 ) ;
#62 = VERTEX_POINT ( 'NONE', #807 ) ;
#63 = PLANE ( 'NONE',  #1519 ) ;
#64 = DIRECTION ( 'NONE',  ( -1.224510688924805193E-15, -1.000000000000000000, -2.449021377849610387E-15 ) ) ;
#65 = ORIENTED_EDGE ( 'NONE', *, *, #519, .F. ) ;
#66 = CARTESIAN_POINT ( 'NONE',  ( 63.74917868772288188, -18.41249999999999787, -60.33329652867227821 ) ) ;
#67 = EDGE_CURVE ( 'NONE', #1873, #366, #1527, .T. ) ;
#68 = VECTOR ( 'NONE', #1809, 1000.000000000000114 ) ;
#69 = AXIS2_PLACEMENT_3D ( 'NONE', #364, #1543, #817 ) ;
#70 = ORIENTED_EDGE ( 'NONE', *, *, #1367, .F. ) ;
#71 = LINE ( 'NONE', #117, #925 ) ;
#72 = ORIENTED_EDGE ( 'NONE', *, *, #1908, .F. ) ;
#73 = CARTESIAN_POINT ( 'NONE',  ( -42.99999999999487699, 0.000000000000000000, 36.49999999999970157 ) ) ;
#74 = LINE ( 'NONE', #1685, #1847 ) ;
#75 = ORIENTED_EDGE ( 'NONE', *, *, #645, .F. ) ;
#76 = CARTESIAN_POINT ( 'NONE',  ( -11.93351042979018040, 1.052059496394957894E-13, 32.78705044067533692 ) ) ;
#77 = ADVANCED_FACE ( 'NONE', ( #1835, #216, #1658 ), #799, .T. ) ;
#78 = ORIENTED_EDGE ( 'NONE', *, *, #1705, .T. ) ;
#79 = EDGE_CURVE ( 'NONE', #1290, #80, #658, .T. ) ;
#80 = VERTEX_POINT ( 'NONE', #1244 ) ;
#81 = CARTESIAN_POINT ( 'NONE',  ( 62.78054343981029461, -1.244599999999977724, 61.75000000000009237 ) ) ;
#82 = ORIENTED_EDGE ( 'NONE', *, *, #545, .F. ) ;
#83 = LINE ( 'NONE', #661, #1331 ) ;
#84 = CARTESIAN_POINT ( 'NONE',  ( 63.00000000000002842, -35.24459999999998416, -61.75000000000012790 ) ) ;
#85 = APPLICATION_CONTEXT ( 'automotive_design' ) ;
#86 = EDGE_LOOP ( 'NONE', ( #109, #344, #1713, #1391 ) ) ;
#87 = VECTOR ( 'NONE', #1598, 1000.000000000000000 ) ;
#88 = EDGE_CURVE ( 'NONE', #222, #903, #709, .T. ) ;
#89 = VECTOR ( 'NONE', #1596, 1000.000000000000000 ) ;
#90 = ORIENTED_EDGE ( 'NONE', *, *, #201, .T. ) ;
#91 = AXIS2_PLACEMENT_3D ( 'NONE', #851, #1455, #1289 ) ;
#92 = CARTESIAN_POINT ( 'NONE',  ( 77.77204403691976609, -35.24459999999996285, 67.12658432870837544 ) ) ;
#93 = ORIENTED_EDGE ( 'NONE', *, *, #509, .T. ) ;
#94 = CARTESIAN_POINT ( 'NONE',  ( 48.50000000000500222, 1.587499999999999911, -54.74999999999999289 ) ) ;
#95 = AXIS2_PLACEMENT_3D ( 'NONE', #1343, #476, #940 ) ;
#96 = VERTEX_POINT ( 'NONE', #1556 ) ;
#97 = AXIS2_PLACEMENT_3D ( 'NONE', #1669, #831, #1817 ) ;
#98 = VECTOR ( 'NONE', #215, 999.9999999999998863 ) ;
#99 = DIRECTION ( 'NONE',  ( 0.9396926207859103153, 1.144889530594458203E-15, 0.3420201433256632173 ) ) ;
#100 = EDGE_CURVE ( 'NONE', #111, #14, #955, .T. ) ;
#101 = ORIENTED_EDGE ( 'NONE', *, *, #103, .F. ) ;
#102 = CARTESIAN_POINT ( 'NONE',  ( 48.50000000000500222, 0.000000000000000000, -56.44999999999998863 ) ) ;
#103 = EDGE_CURVE ( 'NONE', #1126, #1622, #1109, .T. ) ;
#104 = ORIENTED_EDGE ( 'NONE', *, *, #125, .T. ) ;
#105 = LINE ( 'NONE', #1864, #1642 ) ;
#106 = CARTESIAN_POINT ( 'NONE',  ( 48.50000000000500222, 1.587500000000001688, -57.89999999999999147 ) ) ;
#107 = DIRECTION ( 'NONE',  ( -0.3420201433256629953, 3.038427482880471965E-15, 0.9396926207859104263 ) ) ;
#108 = CARTESIAN_POINT ( 'NONE',  ( 48.50000000000501643, 1.587500000000001688, 54.74999999999999289 ) ) ;
#109 = ORIENTED_EDGE ( 'NONE', *, *, #52, .F. ) ;
#110 = DIRECTION ( 'NONE',  ( -0.000000000000000000, 1.000000000000000000, -0.000000000000000000 ) ) ;
#111 = VERTEX_POINT ( 'NONE', #37 ) ;
#112 = FACE_BOUND ( 'NONE', #1516, .T. ) ;
#113 = EDGE_CURVE ( 'NONE', #538, #532, #629, .T. ) ;
#114 = CARTESIAN_POINT ( 'NONE',  ( 63.00000000000000000, -1.244599999999998374, 58.91790000000001726 ) ) ;
#115 = ORIENTED_EDGE ( 'NONE', *, *, #1288, .F. ) ;
#116 = FACE_OUTER_BOUND ( 'NONE', #1112, .T. ) ;
#117 = CARTESIAN_POINT ( 'NONE',  ( -42.99999999999487699, 1.587500000000001688, 31.64999999999970726 ) ) ;
#118 = VECTOR ( 'NONE', #1621, 1000.000000000000000 ) ;
#119 = ORIENTED_EDGE ( 'NONE', *, *, #1411, .T. ) ;
#120 = DIRECTION ( 'NONE',  ( 0.000000000000000000, 0.000000000000000000, 1.000000000000000000 ) ) ;
#121 = VECTOR ( 'NONE', #1508, 1000.000000000000227 ) ;
#122 = AXIS2_PLACEMENT_3D ( 'NONE', #1674, #1201, #1791 ) ;
#123 = ORIENTED_EDGE ( 'NONE', *, *, #1839, .F. ) ;
#124 = CARTESIAN_POINT ( 'NONE',  ( 63.20622171019339675, -18.41249999999999787, 61.82505856416994305 ) ) ;
#125 = EDGE_CURVE ( 'NONE', #1460, #33, #273, .T. ) ;
#126 = LINE ( 'NONE', #106, #277 ) ;
#127 = ORIENTED_EDGE ( 'NONE', *, *, #1661, .T. ) ;
#128 = DIRECTION ( 'NONE',  ( 1.000000000000000000, 1.101411730778925171E-16, 0.000000000000000000 ) ) ;
#129 = DIRECTION ( 'NONE',  ( -1.000000000000000000, 0.000000000000000000, -0.000000000000000000 ) ) ;
#130 = AXIS2_PLACEMENT_3D ( 'NONE', #1910, #154, #748 ) ;
#131 = ORIENTED_EDGE ( 'NONE', *, *, #590, .F. ) ;
#132 = VECTOR ( 'NONE', #1437, 1000.000000000000000 ) ;
#133 = LINE ( 'NONE', #288, #832 ) ;
#134 = ORIENTED_EDGE ( 'NONE', *, *, #1522, .F. ) ;
#135 = DIRECTION ( 'NONE',  ( -1.000000000000000000, 5.564431717557131342E-15, 0.000000000000000000 ) ) ;
#136 = DIRECTION ( 'NONE',  ( -0.3420201433256633283, 3.016261586583566815E-15, 0.9396926207859105373 ) ) ;
#137 = ORIENTED_EDGE ( 'NONE', *, *, #1730, .T. ) ;
#138 = ADVANCED_FACE ( 'NONE', ( #1571 ), #410, .F. ) ;
#139 = CARTESIAN_POINT ( 'NONE',  ( 62.78054343981036567, -1.244599999999991491, -61.75000000000004974 ) ) ;
#140 = DIRECTION ( 'NONE',  ( -9.653686872865728792E-16, -1.000000000000000000, 2.858473069150209768E-15 ) ) ;
#141 = EDGE_CURVE ( 'NONE', #398, #1075, #1712, .T. ) ;
#142 = VERTEX_POINT ( 'NONE', #92 ) ;
#143 = LINE ( 'NONE', #1346, #396 ) ;
#144 = ORIENTED_EDGE ( 'NONE', *, *, #100, .T. ) ;
#145 = CARTESIAN_POINT ( 'NONE',  ( 77.77204403691976609, -1.244599999999970619, 67.12658432870826175 ) ) ;
#146 = DIRECTION ( 'NONE',  ( 0.000000000000000000, 0.000000000000000000, 1.000000000000000000 ) ) ;
#147 = CARTESIAN_POINT ( 'NONE',  ( -63.00000000000000000, -1.244599999999997708, -61.75000000000000000 ) ) ;
#148 = DIRECTION ( 'NONE',  ( 0.000000000000000000, 0.000000000000000000, 1.000000000000000000 ) ) ;
#149 = DIRECTION ( 'NONE',  ( 0.000000000000000000, 0.000000000000000000, 1.000000000000000000 ) ) ;
#150 = ADVANCED_FACE ( 'NONE', ( #1877 ), #558, .T. ) ;
#151 = ORIENTED_EDGE ( 'NONE', *, *, #662, .T. ) ;
#152 = PLANE ( 'NONE',  #956 ) ;
#153 = ORIENTED_EDGE ( 'NONE', *, *, #649, .F. ) ;
#154 = DIRECTION ( 'NONE',  ( 0.000000000000000000, 1.000000000000000000, 0.000000000000000000 ) ) ;
#155 = CIRCLE ( 'NONE', #219, 1.699999999999993072 ) ;
#156 = AXIS2_PLACEMENT_3D ( 'NONE', #500, #1676, #944 ) ;
#157 = FACE_BOUND ( 'NONE', #604, .T. ) ;
#158 = CARTESIAN_POINT ( 'NONE',  ( 2.027974349296695500E-15, -18.41249999999999787, -60.16250000000005826 ) ) ;
#159 = DIRECTION ( 'NONE',  ( -0.000000000000000000, 1.000000000000000000, -0.000000000000000000 ) ) ;
#160 = VERTEX_POINT ( 'NONE', #683 ) ;
#161 = FACE_BOUND ( 'NONE', #540, .T. ) ;
#162 = CIRCLE ( 'NONE', #656, 2.109999999999978559 ) ;
#163 = EDGE_CURVE ( 'NONE', #381, #1860, #155, .T. ) ;
#164 = VECTOR ( 'NONE', #757, 1000.000000000000227 ) ;
#165 = ORIENTED_EDGE ( 'NONE', *, *, #1121, .T. ) ;
#166 = DIRECTION ( 'NONE',  ( -4.940395363657338799E-14, -1.000000000000000000, -6.982962677686265922E-15 ) ) ;
#167 = EDGE_CURVE ( 'NONE', #225, #1758, #541, .T. ) ;
#168 = DIRECTION ( 'NONE',  ( -0.000000000000000000, 1.000000000000000000, -0.000000000000000000 ) ) ;
#169 = LINE ( 'NONE', #1189, #26 ) ;
#170 = DIRECTION ( 'NONE',  ( 3.735680233512240198E-31, -3.391720034496403636E-15, 1.000000000000000000 ) ) ;
#171 = CARTESIAN_POINT ( 'NONE',  ( -42.99999999999489120, 0.000000000000000000, -34.79999999999970584 ) ) ;
#172 = ORIENTED_EDGE ( 'NONE', *, *, #1132, .F. ) ;
#173 = FACE_BOUND ( 'NONE', #972, .T. ) ;
#174 = VERTEX_POINT ( 'NONE', #1852 ) ;
#175 = DIRECTION ( 'NONE',  ( 5.564431717557131342E-15, 1.000000000000000000, 0.000000000000000000 ) ) ;
#176 = EDGE_CURVE ( 'NONE', #383, #1873, #809, .T. ) ;
#177 = CYLINDRICAL_SURFACE ( 'NONE', #685, 1.699999999999993072 ) ;
#178 = ADVANCED_FACE ( 'NONE', ( #1432 ), #1259, .T. ) ;
#179 = FACE_OUTER_BOUND ( 'NONE', #404, .T. ) ;
#180 = CARTESIAN_POINT ( 'NONE',  ( 70.79746004816198024, -26.41249999999997655, -62.89866114660540575 ) ) ;
#181 = EDGE_LOOP ( 'NONE', ( #1123, #836, #1589, #1247 ) ) ;
#182 = DIRECTION ( 'NONE',  ( -0.9396926207859095381, 0.000000000000000000, 0.3420201433256654378 ) ) ;
#183 = ORIENTED_EDGE ( 'NONE', *, *, #442, .F. ) ;
#184 = DIRECTION ( 'NONE',  ( 0.000000000000000000, 0.000000000000000000, 1.000000000000000000 ) ) ;
#185 = CARTESIAN_POINT ( 'NONE',  ( -42.99999999999489120, 1.587500000000001688, -34.79999999999970584 ) ) ;
#186 = DIRECTION ( 'NONE',  ( 0.000000000000000000, 0.7071067811865489050, 0.7071067811865462405 ) ) ;
#187 = AXIS2_PLACEMENT_3D ( 'NONE', #1038, #1610, #1628 ) ;
#188 = EDGE_CURVE ( 'NONE', #1866, #1758, #973, .T. ) ;
#189 = CIRCLE ( 'NONE', #1606, 1.699999999999993072 ) ;
#190 = CARTESIAN_POINT ( 'NONE',  ( -63.00000000000000000, -1.244599999999987494, -61.75000000000000000 ) ) ;
#191 = DIRECTION ( 'NONE',  ( -0.000000000000000000, 1.000000000000000000, -3.391720034496403636E-15 ) ) ;
#192 = ORIENTED_EDGE ( 'NONE', *, *, #79, .F. ) ;
#193 = CARTESIAN_POINT ( 'NONE',  ( 63.74917868772291030, -18.41249999999999787, 60.33329652867229953 ) ) ;
#194 = ORIENTED_EDGE ( 'NONE', *, *, #1404, .T. ) ;
#195 = LINE ( 'NONE', #232, #626 ) ;
#196 = AXIS2_PLACEMENT_3D ( 'NONE', #1158, #1893, #570 ) ;
#197 = ORIENTED_EDGE ( 'NONE', *, *, #1367, .T. ) ;
#198 = DIRECTION ( 'NONE',  ( -0.9396926207859104263, -1.324209577555034834E-15, -0.3420201433256633283 ) ) ;
#199 = AXIS2_PLACEMENT_3D ( 'NONE', #1099, #1081, #374 ) ;
#200 = LINE ( 'NONE', #802, #501 ) ;
#201 = EDGE_CURVE ( 'NONE', #1472, #543, #1572, .T. ) ;
#202 = FACE_OUTER_BOUND ( 'NONE', #86, .T. ) ;
#203 = EDGE_CURVE ( 'NONE', #174, #787, #336, .T. ) ;
#204 = CARTESIAN_POINT ( 'NONE',  ( -42.99999999999487699, 1.587499999999999911, 36.49999999999970157 ) ) ;
#205 = EDGE_LOOP ( 'NONE', ( #602, #1742, #1336, #325 ) ) ;
#206 = CYLINDRICAL_SURFACE ( 'NONE', #505, 2.832099999999996953 ) ;
#207 = CARTESIAN_POINT ( 'NONE',  ( 72.23725450049074936, -8.412499999999981881, -65.11208568452013878 ) ) ;
#208 = ORIENTED_EDGE ( 'NONE', *, *, #545, .T. ) ;
#209 = CARTESIAN_POINT ( 'NONE',  ( 72.78021147802024871, -26.41249999999997655, -63.62032364902255210 ) ) ;
#210 = DIRECTION ( 'NONE',  ( 0.9396926207859095381, 0.000000000000000000, 0.3420201433256654378 ) ) ;
#211 = LINE ( 'NONE', #331, #29 ) ;
#212 = CARTESIAN_POINT ( 'NONE',  ( -63.00000000000000000, 1.587499999999999911, 58.91790000000001726 ) ) ;
#213 = EDGE_CURVE ( 'NONE', #426, #251, #1146, .T. ) ;
#214 = EDGE_LOOP ( 'NONE', ( #380, #1666, #1452, #524 ) ) ;
#215 = DIRECTION ( 'NONE',  ( 8.659560562354918067E-17, 0.7071067811865489050, -0.7071067811865462405 ) ) ;
#216 = FACE_BOUND ( 'NONE', #756, .T. ) ;
#217 = ORIENTED_EDGE ( 'NONE', *, *, #1214, .F. ) ;
#218 = PLANE ( 'NONE',  #437 ) ;
#219 = AXIS2_PLACEMENT_3D ( 'NONE', #382, #1120, #120 ) ;
#220 = FACE_OUTER_BOUND ( 'NONE', #1262, .T. ) ;
#221 = CIRCLE ( 'NONE', #1051, 1.244599999999998374 ) ;
#222 = VERTEX_POINT ( 'NONE', #989 ) ;
#223 = FACE_OUTER_BOUND ( 'NONE', #1080, .T. ) ;
#224 = DIRECTION ( 'NONE',  ( -1.123707514802790025E-16, -0.000000000000000000, -1.000000000000000000 ) ) ;
#225 = VERTEX_POINT ( 'NONE', #81 ) ;
#226 = FACE_OUTER_BOUND ( 'NONE', #1562, .T. ) ;
#227 = EDGE_CURVE ( 'NONE', #493, #534, #583, .T. ) ;
#228 = AXIS2_PLACEMENT_3D ( 'NONE', #261, #1724, #544 ) ;
#229 = VECTOR ( 'NONE', #1234, 999.9999999999998863 ) ;
#230 = ORIENTED_EDGE ( 'NONE', *, *, #227, .F. ) ;
#231 = ORIENTED_EDGE ( 'NONE', *, *, #1727, .T. ) ;
#232 = CARTESIAN_POINT ( 'NONE',  ( 78.31500101444925122, -35.24459999999996995, 65.63482229321074612 ) ) ;
#233 = DIRECTION ( 'NONE',  ( -0.000000000000000000, 1.000000000000000000, -0.000000000000000000 ) ) ;
#234 = ORIENTED_EDGE ( 'NONE', *, *, #1494, .T. ) ;
#235 = DIRECTION ( 'NONE',  ( 0.000000000000000000, 0.7071067811865489050, 0.7071067811865462405 ) ) ;
#236 = CARTESIAN_POINT ( 'NONE',  ( 48.50000000000501643, 1.587500000000001688, 57.89999999999999147 ) ) ;
#237 = EDGE_CURVE ( 'NONE', #692, #33, #715, .T. ) ;
#238 = VERTEX_POINT ( 'NONE', #102 ) ;
#239 = EDGE_LOOP ( 'NONE', ( #970, #1268, #363, #1783 ) ) ;
#240 = DIRECTION ( 'NONE',  ( -0.3420201433256633283, -0.000000000000000000, -0.9396926207859104263 ) ) ;
#241 = ORIENTED_EDGE ( 'NONE', *, *, #941, .F. ) ;
#242 = DIRECTION ( 'NONE',  ( -0.000000000000000000, 1.000000000000000000, -0.000000000000000000 ) ) ;
#243 = ORIENTED_EDGE ( 'NONE', *, *, #531, .T. ) ;
#244 = EDGE_CURVE ( 'NONE', #238, #846, #693, .T. ) ;
#245 = VECTOR ( 'NONE', #1891, 1000.000000000000000 ) ;
#246 = EDGE_CURVE ( 'NONE', #18, #1895, #702, .T. ) ;
#247 = VECTOR ( 'NONE', #804, 1000.000000000000227 ) ;
#248 = ORIENTED_EDGE ( 'NONE', *, *, #237, .T. ) ;
#249 = AXIS2_PLACEMENT_3D ( 'NONE', #878, #571, #146 ) ;
#250 = DIRECTION ( 'NONE',  ( 1.000000000000000000, -0.000000000000000000, -0.000000000000000000 ) ) ;
#251 = VERTEX_POINT ( 'NONE', #1590 ) ;
#252 = LINE ( 'NONE', #474, #345 ) ;
#253 = AXIS2_PLACEMENT_3D ( 'NONE', #1230, #918, #1530 ) ;
#254 = DIRECTION ( 'NONE',  ( 1.000000000000000000, -5.589262991521579253E-15, 4.900175773388782221E-15 ) ) ;
#255 = VECTOR ( 'NONE', #1845, 1000.000000000000000 ) ;
#256 = VECTOR ( 'NONE', #1026, 999.9999999999998863 ) ;
#257 = EDGE_CURVE ( 'NONE', #912, #1000, #266, .T. ) ;
#258 = ORIENTED_EDGE ( 'NONE', *, *, #1044, .F. ) ;
#259 = CARTESIAN_POINT ( 'NONE',  ( -42.99999999999489120, 1.587500000000001688, -34.79999999999970584 ) ) ;
#260 = ORIENTED_EDGE ( 'NONE', *, *, #1730, .F. ) ;
#261 = CARTESIAN_POINT ( 'NONE',  ( 78.31500101444925122, -35.24459999999996995, 65.63482229321074612 ) ) ;
#262 = CARTESIAN_POINT ( 'NONE',  ( 62.78054343981029461, -1.244599999999998374, 60.16250000000001563 ) ) ;
#263 = ORIENTED_EDGE ( 'NONE', *, *, #1326, .T. ) ;
#264 = LINE ( 'NONE', #887, #132 ) ;
#265 = EDGE_LOOP ( 'NONE', ( #82, #945, #1355, #35, #1735 ) ) ;
#266 = LINE ( 'NONE', #568, #1415 ) ;
#267 = ADVANCED_FACE ( 'NONE', ( #1763 ), #726, .F. ) ;
#268 = EDGE_LOOP ( 'NONE', ( #698, #473, #821, #101 ) ) ;
#269 = DIRECTION ( 'NONE',  ( 0.000000000000000000, 0.000000000000000000, 1.000000000000000000 ) ) ;
#270 = CARTESIAN_POINT ( 'NONE',  ( 48.50000000000500222, 0.1374999999999965694, -54.74999999999999289 ) ) ;
#271 = CARTESIAN_POINT ( 'NONE',  ( 48.50000000000500222, 0.1374999999999965694, -53.04999999999999005 ) ) ;
#272 = CARTESIAN_POINT ( 'NONE',  ( 63.54295697752951355, -35.24459999999999127, -60.25823796450249858 ) ) ;
#273 = CIRCLE ( 'NONE', #492, 2.109999999999993658 ) ;
#274 = ORIENTED_EDGE ( 'NONE', *, *, #1637, .F. ) ;
#275 = CARTESIAN_POINT ( 'NONE',  ( 63.00000000000000000, -1.244600000000007256, -58.91790000000000305 ) ) ;
#276 = AXIS2_PLACEMENT_3D ( 'NONE', #108, #700, #1875 ) ;
#277 = VECTOR ( 'NONE', #982, 999.9999999999998863 ) ;
#278 = EDGE_LOOP ( 'NONE', ( #643, #733, #349, #882 ) ) ;
#279 = PLANE ( 'NONE',  #1829 ) ;
#280 = EDGE_CURVE ( 'NONE', #1901, #805, #133, .T. ) ;
#281 = CYLINDRICAL_SURFACE ( 'NONE', #1881, 2.109999999999980780 ) ;
#282 = ADVANCED_FACE ( 'NONE', ( #1325 ), #470, .F. ) ;
#283 = PRODUCT_DEFINITION_FORMATION_WITH_SPECIFIED_SOURCE ( 'ANY', '', #1718, .NOT_KNOWN. ) ;
#284 = LINE ( 'NONE', #158, #1644 ) ;
#285 =( NAMED_UNIT ( * ) SI_UNIT ( $, .STERADIAN. ) SOLID_ANGLE_UNIT ( ) );
#286 = ORIENTED_EDGE ( 'NONE', *, *, #103, .T. ) ;
#287 = VECTOR ( 'NONE', #1370, 1000.000000000000000 ) ;
#288 = CARTESIAN_POINT ( 'NONE',  ( 78.31500101444926543, -35.24459999999996995, -65.63482229321074612 ) ) ;
#289 = ORIENTED_EDGE ( 'NONE', *, *, #113, .F. ) ;
#290 = DIRECTION ( 'NONE',  ( -0.000000000000000000, 1.000000000000000000, -0.000000000000000000 ) ) ;
#291 = DIRECTION ( 'NONE',  ( 0.000000000000000000, 0.000000000000000000, 1.000000000000000000 ) ) ;
#292 = UNCERTAINTY_MEASURE_WITH_UNIT (LENGTH_MEASURE( 1.000000000000000082E-05 ), #11, 'distance_accuracy_value', 'NONE');
#293 = EDGE_CURVE ( 'NONE', #1816, #1101, #143, .T. ) ;
#294 = DIRECTION ( 'NONE',  ( -0.3420201433256633283, 3.016261586583566815E-15, 0.9396926207859105373 ) ) ;
#295 = CARTESIAN_POINT ( 'NONE',  ( 48.50000000000501643, 0.1374999999999965694, 54.74999999999999289 ) ) ;
#296 = EDGE_LOOP ( 'NONE', ( #391, #682, #1456, #1360 ) ) ;
#297 = DIRECTION ( 'NONE',  ( -0.000000000000000000, 1.000000000000000000, -0.000000000000000000 ) ) ;
#298 = ORIENTED_EDGE ( 'NONE', *, *, #32, .F. ) ;
#299 = DIRECTION ( 'NONE',  ( 0.000000000000000000, 0.000000000000000000, 1.000000000000000000 ) ) ;
#300 = LINE ( 'NONE', #1770, #471 ) ;
#301 = CARTESIAN_POINT ( 'NONE',  ( 63.00000000000000000, -8.673617379884035472E-15, -58.91790000000000305 ) ) ;
#302 = EDGE_CURVE ( 'NONE', #111, #251, #1639, .T. ) ;
#303 = ORIENTED_EDGE ( 'NONE', *, *, #1121, .F. ) ;
#304 = FACE_OUTER_BOUND ( 'NONE', #1889, .T. ) ;
#305 = ORIENTED_EDGE ( 'NONE', *, *, #1661, .F. ) ;
#306 = CARTESIAN_POINT ( 'NONE',  ( 63.00000000000000000, -1.244599999999998374, -60.16250000000000142 ) ) ;
#307 = AXIS2_PLACEMENT_3D ( 'NONE', #1276, #1295, #1704 ) ;
#308 = PRESENTATION_LAYER_ASSIGNMENT (  '', '', ( #811 ) ) ;
#309 = CARTESIAN_POINT ( 'NONE',  ( 62.78054343981028040, -18.41249999999999076, -60.16250000000005116 ) ) ;
#310 = CYLINDRICAL_SURFACE ( 'NONE', #889, 2.109999999999980780 ) ;
#311 = AXIS2_PLACEMENT_3D ( 'NONE', #422, #1011, #254 ) ;
#312 = DIRECTION ( 'NONE',  ( 0.000000000000000000, 0.000000000000000000, 1.000000000000000000 ) ) ;
#313 = VECTOR ( 'NONE', #932, 1000.000000000000000 ) ;
#314 = ORIENTED_EDGE ( 'NONE', *, *, #1442, .F. ) ;
#315 = CARTESIAN_POINT ( 'NONE',  ( -63.00000000000000000, 1.587499999999999911, -61.74999999999999289 ) ) ;
#316 = ADVANCED_FACE ( 'NONE', ( #1461 ), #1471, .T. ) ;
#317 = AXIS2_PLACEMENT_3D ( 'NONE', #1108, #1694, #1555 ) ;
#318 = EDGE_LOOP ( 'NONE', ( #920, #334, #373, #1605 ) ) ;
#319 = PLANE ( 'NONE',  #993 ) ;
#320 = CARTESIAN_POINT ( 'NONE',  ( 62.78054343981025198, -18.41249999999999432, -62.99460000000006943 ) ) ;
#321 = CARTESIAN_POINT ( 'NONE',  ( 70.79746004816199445, -26.41249999999997655, 62.89866114660540575 ) ) ;
#322 = DIRECTION ( 'NONE',  ( 0.000000000000000000, 0.000000000000000000, 1.000000000000000000 ) ) ;
#323 = EDGE_LOOP ( 'NONE', ( #764, #1638 ) ) ;
#324 = DIRECTION ( 'NONE',  ( 0.000000000000000000, 0.000000000000000000, 1.000000000000000000 ) ) ;
#325 = ORIENTED_EDGE ( 'NONE', *, *, #213, .F. ) ;
#326 = LINE ( 'NONE', #615, #899 ) ;
#327 = ADVANCED_FACE ( 'NONE', ( #304 ), #152, .T. ) ;
#328 = DIRECTION ( 'NONE',  ( 0.000000000000000000, 1.000000000000000000, 0.000000000000000000 ) ) ;
#329 = ORIENTED_EDGE ( 'NONE', *, *, #890, .T. ) ;
#330 = LINE ( 'NONE', #1077, #684 ) ;
#331 = CARTESIAN_POINT ( 'NONE',  ( -63.00000000000000000, 5.542726625413474202E-15, 61.75000000000000711 ) ) ;
#332 = EDGE_LOOP ( 'NONE', ( #423, #830, #923, #1781 ) ) ;
#333 = DIRECTION ( 'NONE',  ( -1.000000000000000000, 0.000000000000000000, 0.000000000000000000 ) ) ;
#334 = ORIENTED_EDGE ( 'NONE', *, *, #42, .T. ) ;
#335 = LINE ( 'NONE', #1227, #537 ) ;
#336 = CIRCLE ( 'NONE', #1475, 1.244599999999998374 ) ;
#337 = ORIENTED_EDGE ( 'NONE', *, *, #302, .T. ) ;
#338 = DIRECTION ( 'NONE',  ( 0.000000000000000000, 0.000000000000000000, 1.000000000000000000 ) ) ;
#339 = CIRCLE ( 'NONE', #1111, 2.832099999999996953 ) ;
#340 = EDGE_CURVE ( 'NONE', #672, #62, #13, .T. ) ;
#341 = DIRECTION ( 'NONE',  ( -0.000000000000000000, 1.000000000000000000, -0.000000000000000000 ) ) ;
#342 = CYLINDRICAL_SURFACE ( 'NONE', #714, 2.109999999999980780 ) ;
#343 = FACE_OUTER_BOUND ( 'NONE', #1567, .T. ) ;
#344 = ORIENTED_EDGE ( 'NONE', *, *, #1401, .F. ) ;
#345 = VECTOR ( 'NONE', #775, 1000.000000000000000 ) ;
#346 = DIRECTION ( 'NONE',  ( -1.000000000000000000, -0.000000000000000000, -0.000000000000000000 ) ) ;
#347 = CARTESIAN_POINT ( 'NONE',  ( 63.20622171019341096, -1.244599999999979500, -61.82505856416986489 ) ) ;
#348 = AXIS2_PLACEMENT_3D ( 'NONE', #1477, #1896, #1321 ) ;
#349 = ORIENTED_EDGE ( 'NONE', *, *, #984, .F. ) ;
#350 = LINE ( 'NONE', #494, #1177 ) ;
#351 = CARTESIAN_POINT ( 'NONE',  ( 63.74917868772288188, -1.244599999999984163, -60.33329652867229242 ) ) ;
#352 = LINE ( 'NONE', #942, #927 ) ;
#353 = EDGE_CURVE ( 'NONE', #1394, #142, #23, .T. ) ;
#354 = CARTESIAN_POINT ( 'NONE',  ( 0.000000000000000000, 0.000000000000000000, 0.000000000000000000 ) ) ;
#355 = ORIENTED_EDGE ( 'NONE', *, *, #1532, .F. ) ;
#356 = DIRECTION ( 'NONE',  ( 0.000000000000000000, 0.000000000000000000, 1.000000000000000000 ) ) ;
#357 = LINE ( 'NONE', #347, #1319 ) ;
#358 = EDGE_LOOP ( 'NONE', ( #1802, #1795, #1841, #38 ) ) ;
#359 = LINE ( 'NONE', #1392, #1764 ) ;
#360 = EDGE_CURVE ( 'NONE', #1126, #238, #368, .T. ) ;
#361 = CARTESIAN_POINT ( 'NONE',  ( 70.25450307063249511, -26.41249999999997655, -64.39042318210304927 ) ) ;
#362 = ADVANCED_FACE ( 'NONE', ( #1205, #1794, #596 ), #1062, .F. ) ;
#363 = ORIENTED_EDGE ( 'NONE', *, *, #1288, .T. ) ;
#364 = CARTESIAN_POINT ( 'NONE',  ( -63.00000000000000000, -18.41249999999999787, 61.75000000000007816 ) ) ;
#365 = DIRECTION ( 'NONE',  ( -0.3420201433256633283, 3.016261586583566815E-15, 0.9396926207859104263 ) ) ;
#366 = VERTEX_POINT ( 'NONE', #892 ) ;
#367 = DIRECTION ( 'NONE',  ( 0.000000000000000000, 0.000000000000000000, 1.000000000000000000 ) ) ;
#368 = CIRCLE ( 'NONE', #1443, 1.699999999999993072 ) ;
#369 = ORIENTED_EDGE ( 'NONE', *, *, #586, .F. ) ;
#370 = CIRCLE ( 'NONE', #1788, 1.700000000000000178 ) ;
#371 = VECTOR ( 'NONE', #1151, 1000.000000000000227 ) ;
#372 = LINE ( 'NONE', #761, #463 ) ;
#373 = ORIENTED_EDGE ( 'NONE', *, *, #671, .T. ) ;
#374 = DIRECTION ( 'NONE',  ( 1.000000000000000000, -5.575199987069869603E-15, 0.000000000000000000 ) ) ;
#375 = EDGE_CURVE ( 'NONE', #1825, #771, #893, .T. ) ;
#376 = ORIENTED_EDGE ( 'NONE', *, *, #340, .F. ) ;
#377 = LINE ( 'NONE', #58, #785 ) ;
#378 = VECTOR ( 'NONE', #1317, 1000.000000000000000 ) ;
#379 = VECTOR ( 'NONE', #910, 1000.000000000000000 ) ;
#380 = ORIENTED_EDGE ( 'NONE', *, *, #1086, .F. ) ;
#381 = VERTEX_POINT ( 'NONE', #1481 ) ;
#382 = CARTESIAN_POINT ( 'NONE',  ( 48.50000000000501643, 0.000000000000000000, 54.74999999999999289 ) ) ;
#383 = VERTEX_POINT ( 'NONE', #1900 ) ;
#384 = CARTESIAN_POINT ( 'NONE',  ( 63.20622171019341096, -35.24459999999998416, 61.82505856416999279 ) ) ;
#385 = ADVANCED_FACE ( 'NONE', ( #1782 ), #1691, .F. ) ;
#386 = EDGE_CURVE ( 'NONE', #1157, #1000, #1416, .T. ) ;
#387 = VERTEX_POINT ( 'NONE', #577 ) ;
#388 = DIRECTION ( 'NONE',  ( 1.000000000000000000, 0.000000000000000000, 0.000000000000000000 ) ) ;
#389 = ORIENTED_EDGE ( 'NONE', *, *, #1130, .T. ) ;
#390 = DIRECTION ( 'NONE',  ( 0.000000000000000000, 3.368870844204812528E-15, -1.000000000000000000 ) ) ;
#391 = ORIENTED_EDGE ( 'NONE', *, *, #1708, .F. ) ;
#392 = DIRECTION ( 'NONE',  ( -0.000000000000000000, 1.000000000000000000, -0.000000000000000000 ) ) ;
#393 = LINE ( 'NONE', #1746, #497 ) ;
#394 = ORIENTED_EDGE ( 'NONE', *, *, #163, .T. ) ;
#395 = ADVANCED_FACE ( 'NONE', ( #161, #173, #1164, #1751, #427 ), #1533, .F. ) ;
#396 = VECTOR ( 'NONE', #458, 1000.000000000000227 ) ;
#397 = AXIS2_PLACEMENT_3D ( 'NONE', #1772, #1780, #1036 ) ;
#398 = VERTEX_POINT ( 'NONE', #1216 ) ;
#399 = AXIS2_PLACEMENT_3D ( 'NONE', #9, #328, #1631 ) ;
#400 = DIRECTION ( 'NONE',  ( 0.9396926207859103153, 0.000000000000000000, 0.3420201433256633283 ) ) ;
#401 = ORIENTED_EDGE ( 'NONE', *, *, #386, .T. ) ;
#402 = CARTESIAN_POINT ( 'NONE',  ( 78.31500101444925122, -1.244599999999975282, 65.63482229321063244 ) ) ;
#403 = DIRECTION ( 'NONE',  ( 0.000000000000000000, -9.756599977372380865E-15, 1.000000000000000000 ) ) ;
#404 = EDGE_LOOP ( 'NONE', ( #172, #57, #12, #1128 ) ) ;
#405 = AXIS2_PLACEMENT_3D ( 'NONE', #856, #392, #992 ) ;
#406 = AXIS2_PLACEMENT_3D ( 'NONE', #1484, #166, #461 ) ;
#407 = CARTESIAN_POINT ( 'NONE',  ( 48.50000000000501643, 1.587500000000001688, 51.59999999999999432 ) ) ;
#408 = EDGE_CURVE ( 'NONE', #787, #80, #43, .T. ) ;
#409 = ORIENTED_EDGE ( 'NONE', *, *, #758, .T. ) ;
#410 = CYLINDRICAL_SURFACE ( 'NONE', #1689, 1.244600000000018358 ) ;
#411 = VERTEX_POINT ( 'NONE', #212 ) ;
#412 = DIRECTION ( 'NONE',  ( 3.735680233512240198E-31, -3.391720034496403636E-15, 1.000000000000000000 ) ) ;
#413 = FACE_OUTER_BOUND ( 'NONE', #1528, .T. ) ;
#414 = ORIENTED_EDGE ( 'NONE', *, *, #203, .T. ) ;
#415 = CARTESIAN_POINT ( 'NONE',  ( 62.78054343981029461, -18.41249999999999787, 62.99460000000004101 ) ) ;
#416 = DIRECTION ( 'NONE',  ( 0.000000000000000000, 0.000000000000000000, 1.000000000000000000 ) ) ;
#417 = EDGE_LOOP ( 'NONE', ( #967, #1510 ) ) ;
#418 = CARTESIAN_POINT ( 'NONE',  ( 70.25450307063249511, -26.41249999999997655, 64.39042318210304927 ) ) ;
#419 = EDGE_CURVE ( 'NONE', #14, #426, #664, .T. ) ;
#420 = ORIENTED_EDGE ( 'NONE', *, *, #608, .T. ) ;
#421 = FACE_OUTER_BOUND ( 'NONE', #677, .T. ) ;
#422 = CARTESIAN_POINT ( 'NONE',  ( 62.78054343981035146, -1.244599999999991491, -62.99460000000006943 ) ) ;
#423 = ORIENTED_EDGE ( 'NONE', *, *, #456, .F. ) ;
#424 = PLANE ( 'NONE',  #1424 ) ;
#425 = VECTOR ( 'NONE', #508, 1000.000000000000114 ) ;
#426 = VERTEX_POINT ( 'NONE', #1249 ) ;
#427 = FACE_OUTER_BOUND ( 'NONE', #1892, .T. ) ;
#428 = VECTOR ( 'NONE', #1858, 1000.000000000000114 ) ;
#429 = CIRCLE ( 'NONE', #863, 2.109999999999993658 ) ;
#430 = ORIENTED_EDGE ( 'NONE', *, *, #745, .T. ) ;
#431 = CARTESIAN_POINT ( 'NONE',  ( -2.306782544193808001E-29, 2.149814387555663705E-13, -61.74999999999999289 ) ) ;
#432 = EDGE_CURVE ( 'NONE', #532, #787, #951, .T. ) ;
#433 = DIRECTION ( 'NONE',  ( -0.000000000000000000, 1.000000000000000000, -0.000000000000000000 ) ) ;
#434 = AXIS2_PLACEMENT_3D ( 'NONE', #648, #1238, #1403 ) ;
#435 = CARTESIAN_POINT ( 'NONE',  ( -42.99999999999487699, 1.587500000000001688, 37.94999999999970441 ) ) ;
#436 = DIRECTION ( 'NONE',  ( -0.3420201433256633283, -0.000000000000000000, 0.9396926207859103153 ) ) ;
#437 = AXIS2_PLACEMENT_3D ( 'NONE', #76, #1085, #48 ) ;
#438 = VERTEX_POINT ( 'NONE', #193 ) ;
#439 = DIRECTION ( 'NONE',  ( -0.3420201433256629397, 3.016261586583567210E-15, -0.9396926207859105373 ) ) ;
#440 = ORIENTED_EDGE ( 'NONE', *, *, #943, .F. ) ;
#441 = FACE_OUTER_BOUND ( 'NONE', #1838, .T. ) ;
#442 = EDGE_CURVE ( 'NONE', #567, #62, #370, .T. ) ;
#443 = CARTESIAN_POINT ( 'NONE',  ( 63.20622171019338253, -18.41249999999999432, -61.82505856416990753 ) ) ;
#444 = CYLINDRICAL_SURFACE ( 'NONE', #1260, 1.244599999999950191 ) ;
#445 = EDGE_CURVE ( 'NONE', #771, #1825, #1476, .T. ) ;
#446 = LINE ( 'NONE', #301, #1859 ) ;
#447 = FACE_OUTER_BOUND ( 'NONE', #515, .T. ) ;
#448 = ORIENTED_EDGE ( 'NONE', *, *, #1637, .T. ) ;
#449 = DIRECTION ( 'NONE',  ( -0.000000000000000000, 1.000000000000000000, -0.000000000000000000 ) ) ;
#450 = VERTEX_POINT ( 'NONE', #1500 ) ;
#451 = DIRECTION ( 'NONE',  ( -1.000000000000000000, 0.000000000000000000, -0.000000000000000000 ) ) ;
#452 = CARTESIAN_POINT ( 'NONE',  ( 48.50000000000501643, 0.1374999999999965694, 53.04999999999999005 ) ) ;
#453 = CARTESIAN_POINT ( 'NONE',  ( 62.78054343981029461, -1.244599999999977724, 62.99460000000004101 ) ) ;
#454 = CARTESIAN_POINT ( 'NONE',  ( -63.00000000000000000, 1.587499999999999911, 58.91790000000001726 ) ) ;
#455 = SURFACE_SIDE_STYLE ('',( #1304 ) ) ;
#456 = EDGE_CURVE ( 'NONE', #559, #1250, #1070, .T. ) ;
#457 = ORIENTED_EDGE ( 'NONE', *, *, #1433, .F. ) ;
#458 = DIRECTION ( 'NONE',  ( 0.3420201433256628842, -3.016261586583567210E-15, 0.9396926207859104263 ) ) ;
#459 = AXIS2_PLACEMENT_3D ( 'NONE', #755, #585, #734 ) ;
#460 = ORIENTED_EDGE ( 'NONE', *, *, #227, .T. ) ;
#461 = DIRECTION ( 'NONE',  ( 1.000000000000000000, -4.940395363657338799E-14, 0.000000000000000000 ) ) ;
#462 = VECTOR ( 'NONE', #865, 1000.000000000000000 ) ;
#463 = VECTOR ( 'NONE', #129, 1000.000000000000000 ) ;
#464 = CYLINDRICAL_SURFACE ( 'NONE', #592, 2.832100000000017381 ) ;
#465 = CIRCLE ( 'NONE', #1206, 1.700000000000000178 ) ;
#466 = DIRECTION ( 'NONE',  ( -0.000000000000000000, 1.000000000000000000, -0.000000000000000000 ) ) ;
#467 = CARTESIAN_POINT ( 'NONE',  ( 63.54295697752951355, -35.24459999999999127, -60.25823796450249858 ) ) ;
#468 = ADVANCED_FACE ( 'NONE', ( #1224 ), #772, .F. ) ;
#469 = EDGE_LOOP ( 'NONE', ( #1345, #1103 ) ) ;
#470 = CYLINDRICAL_SURFACE ( 'NONE', #1287, 2.109999999999980780 ) ;
#471 = VECTOR ( 'NONE', #1372, 1000.000000000000000 ) ;
#472 = AXIS2_PLACEMENT_3D ( 'NONE', #1771, #1334, #10 ) ;
#473 = ORIENTED_EDGE ( 'NONE', *, *, #244, .T. ) ;
#474 = CARTESIAN_POINT ( 'NONE',  ( 48.50000000000501643, 1.587499999999999911, 56.44999999999998863 ) ) ;
#475 = FACE_OUTER_BOUND ( 'NONE', #1237, .T. ) ;
#476 = DIRECTION ( 'NONE',  ( 0.000000000000000000, 1.000000000000000000, 0.000000000000000000 ) ) ;
#477 = DIRECTION ( 'NONE',  ( -0.3420201433256633283, -0.000000000000000000, -0.9396926207859104263 ) ) ;
#478 = ORIENTED_EDGE ( 'NONE', *, *, #163, .F. ) ;
#479 = DIRECTION ( 'NONE',  ( 0.000000000000000000, -0.000000000000000000, 1.000000000000000000 ) ) ;
#480 = ADVANCED_FACE ( 'NONE', ( #343 ), #624, .F. ) ;
#481 = EDGE_LOOP ( 'NONE', ( #727, #260, #151, #686 ) ) ;
#482 = CARTESIAN_POINT ( 'NONE',  ( 68.27175164077424085, -8.412499999999981881, 63.66876067968583897 ) ) ;
#483 = EDGE_CURVE ( 'NONE', #1564, #567, #1090, .T. ) ;
#484 = ORIENTED_EDGE ( 'NONE', *, *, #531, .F. ) ;
#485 = DIRECTION ( 'NONE',  ( 0.000000000000000000, -1.000000000000000000, 3.391720034496403636E-15 ) ) ;
#486 = DIRECTION ( 'NONE',  ( 1.000000000000000000, -5.589262991521579253E-15, -2.450087886694390953E-14 ) ) ;
#487 = DIRECTION ( 'NONE',  ( 2.051465652230819683E-16, -1.000000000000000000, -3.308094233964476594E-15 ) ) ;
#488 = DIRECTION ( 'NONE',  ( 0.000000000000000000, 0.000000000000000000, 1.000000000000000000 ) ) ;
#489 = ORIENTED_EDGE ( 'NONE', *, *, #1023, .T. ) ;
#490 = CARTESIAN_POINT ( 'NONE',  ( -42.99999999999489120, 1.587500000000001688, -37.94999999999970441 ) ) ;
#491 = DIRECTION ( 'NONE',  ( -0.000000000000000000, 1.000000000000000000, -0.000000000000000000 ) ) ;
#492 = AXIS2_PLACEMENT_3D ( 'NONE', #418, #1743, #400 ) ;
#493 = VERTEX_POINT ( 'NONE', #1368 ) ;
#494 = CARTESIAN_POINT ( 'NONE',  ( 72.23725450049074936, -26.41249999999997655, -65.11208568452019563 ) ) ;
#495 = ADVANCED_FACE ( 'NONE', ( #1803 ), #51, .T. ) ;
#496 = VECTOR ( 'NONE', #1356, 1000.000000000000000 ) ;
#497 = VECTOR ( 'NONE', #1576, 1000.000000000000000 ) ;
#498 = CARTESIAN_POINT ( 'NONE',  ( -63.00000000000000000, 0.000000000000000000, 0.000000000000000000 ) ) ;
#499 = DIRECTION ( 'NONE',  ( 0.000000000000000000, -1.000000000000000000, 0.000000000000000000 ) ) ;
#500 = CARTESIAN_POINT ( 'NONE',  ( 62.78054343981029461, -18.41249999999999787, 62.99460000000004101 ) ) ;
#501 = VECTOR ( 'NONE', #1520, 1000.000000000000114 ) ;
#502 = ORIENTED_EDGE ( 'NONE', *, *, #445, .T. ) ;
#503 = AXIS2_PLACEMENT_3D ( 'NONE', #1565, #675, #1124 ) ;
#504 = LINE ( 'NONE', #806, #1270 ) ;
#505 = AXIS2_PLACEMENT_3D ( 'NONE', #644, #346, #843 ) ;
#506 = ORIENTED_EDGE ( 'NONE', *, *, #1302, .T. ) ;
#507 = CARTESIAN_POINT ( 'NONE',  ( 62.78054343981029461, -1.244599999999977724, 62.99460000000004101 ) ) ;
#508 = DIRECTION ( 'NONE',  ( -0.9396926207859104263, -1.324209577555034834E-15, 0.3420201433256628842 ) ) ;
#509 = EDGE_CURVE ( 'NONE', #1440, #569, #1812, .T. ) ;
#510 = ADVANCED_FACE ( 'NONE', ( #220 ), #795, .F. ) ;
#511 = CARTESIAN_POINT ( 'NONE',  ( 77.77204403691978030, -35.24459999999996285, -67.12658432870837544 ) ) ;
#512 = ORIENTED_EDGE ( 'NONE', *, *, #1239, .T. ) ;
#513 = DIRECTION ( 'NONE',  ( -0.000000000000000000, 1.000000000000000000, -0.000000000000000000 ) ) ;
#514 = CARTESIAN_POINT ( 'NONE',  ( 62.78054343981029461, -1.244599999999977724, 62.99460000000004101 ) ) ;
#515 = EDGE_LOOP ( 'NONE', ( #1683, #1513, #192, #1499 ) ) ;
#516 = DIRECTION ( 'NONE',  ( -0.000000000000000000, 1.000000000000000000, -0.000000000000000000 ) ) ;
#517 = ORIENTED_EDGE ( 'NONE', *, *, #930, .F. ) ;
#518 = EDGE_CURVE ( 'NONE', #398, #1283, #1013, .T. ) ;
#519 = EDGE_CURVE ( 'NONE', #1899, #1901, #1384, .T. ) ;
#520 = CARTESIAN_POINT ( 'NONE',  ( 63.00000000000000000, -8.673617379884035472E-15, -58.91790000000000305 ) ) ;
#521 = EDGE_LOOP ( 'NONE', ( #137, #1884 ) ) ;
#522 = PLANE ( 'NONE',  #317 ) ;
#523 = DIRECTION ( 'NONE',  ( 0.000000000000000000, 6.982962677686266711E-15, -1.000000000000000000 ) ) ;
#524 = ORIENTED_EDGE ( 'NONE', *, *, #1741, .T. ) ;
#525 = CARTESIAN_POINT ( 'NONE',  ( -42.99999999999489120, 1.587499999999999911, -34.79999999999970584 ) ) ;
#526 = AXIS2_PLACEMENT_3D ( 'NONE', #259, #829, #1439 ) ;
#527 = ORIENTED_EDGE ( 'NONE', *, *, #917, .F. ) ;
#528 = APPLICATION_PROTOCOL_DEFINITION ( 'draft international standard', 'automotive_design', 1998, #85 ) ;
#529 = CIRCLE ( 'NONE', #617, 1.700000000000000178 ) ;
#530 = CARTESIAN_POINT ( 'NONE',  ( 63.00000000000001421, -1.244599999999998374, 61.75000000000007816 ) ) ;
#531 = EDGE_CURVE ( 'NONE', #62, #546, #71, .T. ) ;
#532 = VERTEX_POINT ( 'NONE', #711 ) ;
#533 = DIRECTION ( 'NONE',  ( 0.3420201433256669366, -2.787599993534921391E-15, 0.9396926207859090940 ) ) ;
#534 = VERTEX_POINT ( 'NONE', #1848 ) ;
#535 = DIRECTION ( 'NONE',  ( -0.000000000000000000, 1.000000000000000000, -0.000000000000000000 ) ) ;
#536 = LINE ( 'NONE', #84, #425 ) ;
#537 = VECTOR ( 'NONE', #1378, 1000.000000000000000 ) ;
#538 = VERTEX_POINT ( 'NONE', #1561 ) ;
#539 = DIRECTION ( 'NONE',  ( 0.000000000000000000, 0.000000000000000000, 1.000000000000000000 ) ) ;
#540 = EDGE_LOOP ( 'NONE', ( #1306, #576 ) ) ;
#541 = LINE ( 'NONE', #548, #1785 ) ;
#542 = EDGE_CURVE ( 'NONE', #1440, #1394, #1293, .T. ) ;
#543 = VERTEX_POINT ( 'NONE', #986 ) ;
#544 = DIRECTION ( 'NONE',  ( -0.3420201433256629953, 0.000000000000000000, 0.9396926207859104263 ) ) ;
#545 = EDGE_CURVE ( 'NONE', #668, #222, #1412, .T. ) ;
#546 = VERTEX_POINT ( 'NONE', #565 ) ;
#547 = ORIENTED_EDGE ( 'NONE', *, *, #984, .T. ) ;
#548 = CARTESIAN_POINT ( 'NONE',  ( 0.000000000000000000, -1.244599999999998374, 61.75000000000001421 ) ) ;
#549 = ORIENTED_EDGE ( 'NONE', *, *, #1897, .T. ) ;
#550 = DIRECTION ( 'NONE',  ( -0.3420201433256633283, -0.000000000000000000, -0.9396926207859104263 ) ) ;
#551 = EDGE_CURVE ( 'NONE', #1654, #1460, #844, .T. ) ;
#552 = CARTESIAN_POINT ( 'NONE',  ( 48.50000000000501643, 1.587500000000001688, 54.74999999999999289 ) ) ;
#553 = AXIS2_PLACEMENT_3D ( 'NONE', #1127, #240, #837 ) ;
#554 = LINE ( 'NONE', #1144, #1333 ) ;
#555 = MECHANICAL_DESIGN_GEOMETRIC_PRESENTATION_REPRESENTATION (  '', ( #811 ), #1050 ) ;
#556 = ORIENTED_EDGE ( 'NONE', *, *, #1214, .T. ) ;
#557 = CIRCLE ( 'NONE', #399, 1.699999999999993072 ) ;
#558 = CYLINDRICAL_SURFACE ( 'NONE', #1385, 2.832099999999996953 ) ;
#559 = VERTEX_POINT ( 'NONE', #1569 ) ;
#560 = DIRECTION ( 'NONE',  ( -0.3420201433256629953, 3.038427482880471965E-15, -0.9396926207859104263 ) ) ;
#561 = CARTESIAN_POINT ( 'NONE',  ( 70.79746004816199445, -26.41249999999997655, 62.89866114660540575 ) ) ;
#562 = AXIS2_PLACEMENT_3D ( 'NONE', #1001, #1593, #687 ) ;
#563 = VECTOR ( 'NONE', #852, 1000.000000000000227 ) ;
#564 = DIRECTION ( 'NONE',  ( 0.000000000000000000, -1.000000000000000000, 0.000000000000000000 ) ) ;
#565 = CARTESIAN_POINT ( 'NONE',  ( -42.99999999999487699, 1.587500000000001688, 31.64999999999970726 ) ) ;
#566 = EDGE_CURVE ( 'NONE', #1865, #24, #1509, .T. ) ;
#567 = VERTEX_POINT ( 'NONE', #1887 ) ;
#568 = CARTESIAN_POINT ( 'NONE',  ( 62.78054343981026619, -18.41249999999999076, -61.75000000000004974 ) ) ;
#569 = VERTEX_POINT ( 'NONE', #1690 ) ;
#570 = DIRECTION ( 'NONE',  ( 0.000000000000000000, 0.000000000000000000, 1.000000000000000000 ) ) ;
#571 = DIRECTION ( 'NONE',  ( -0.000000000000000000, 1.000000000000000000, -0.000000000000000000 ) ) ;
#572 = EDGE_LOOP ( 'NONE', ( #1047, #1417, #660, #1423 ) ) ;
#573 = LINE ( 'NONE', #1729, #1213 ) ;
#574 = LINE ( 'NONE', #1004, #1756 ) ;
#575 = EDGE_CURVE ( 'NONE', #903, #1866, #372, .T. ) ;
#576 = ORIENTED_EDGE ( 'NONE', *, *, #1457, .T. ) ;
#577 = CARTESIAN_POINT ( 'NONE',  ( 78.31500101444925122, -35.24459999999996995, 65.63482229321074612 ) ) ;
#578 = ORIENTED_EDGE ( 'NONE', *, *, #600, .F. ) ;
#579 = LINE ( 'NONE', #1166, #990 ) ;
#580 = DIRECTION ( 'NONE',  ( -0.9396926207859095381, 0.000000000000000000, 0.3420201433256654378 ) ) ;
#581 = ORIENTED_EDGE ( 'NONE', *, *, #600, .T. ) ;
#582 = CARTESIAN_POINT ( 'NONE',  ( 62.78054343981026619, -18.41249999999999432, -60.16250000000005116 ) ) ;
#583 = CIRCLE ( 'NONE', #526, 3.149999999999999911 ) ;
#584 = VERTEX_POINT ( 'NONE', #888 ) ;
#585 = DIRECTION ( 'NONE',  ( 0.9396926207859105373, 9.772170831030260468E-16, -0.3420201433256630508 ) ) ;
#586 = EDGE_CURVE ( 'NONE', #18, #1371, #1354, .T. ) ;
#587 = AXIS2_PLACEMENT_3D ( 'NONE', #467, #487, #1663 ) ;
#588 = EDGE_LOOP ( 'NONE', ( #1405, #928, #1668, #636, #1030 ) ) ;
#589 = FACE_OUTER_BOUND ( 'NONE', #828, .T. ) ;
#590 = EDGE_CURVE ( 'NONE', #1792, #174, #574, .T. ) ;
#591 = CARTESIAN_POINT ( 'NONE',  ( 48.50000000000501643, 1.587500000000001688, 54.74999999999999289 ) ) ;
#592 = AXIS2_PLACEMENT_3D ( 'NONE', #320, #908, #1349 ) ;
#593 = DIRECTION ( 'NONE',  ( 0.3420201433256634393, -3.016261586583567210E-15, -0.9396926207859103153 ) ) ;
#594 = DIRECTION ( 'NONE',  ( 1.000000000000000000, 2.608611564638628950E-45, -3.735680233512240198E-31 ) ) ;
#595 = ORIENTED_EDGE ( 'NONE', *, *, #1470, .T. ) ;
#596 = FACE_OUTER_BOUND ( 'NONE', #998, .T. ) ;
#597 = VERTEX_POINT ( 'NONE', #1192 ) ;
#598 = CARTESIAN_POINT ( 'NONE',  ( 62.78054343981029461, -1.244599999999977724, 61.75000000000009237 ) ) ;
#599 = LINE ( 'NONE', #618, #1236 ) ;
#600 = EDGE_CURVE ( 'NONE', #1165, #1283, #1898, .T. ) ;
#601 = CARTESIAN_POINT ( 'NONE',  ( 70.79746004816199445, -8.412499999999981881, 62.89866114660534890 ) ) ;
#602 = ORIENTED_EDGE ( 'NONE', *, *, #1546, .T. ) ;
#603 = DIRECTION ( 'NONE',  ( 0.000000000000000000, 0.000000000000000000, 1.000000000000000000 ) ) ;
#604 = EDGE_LOOP ( 'NONE', ( #1659, #665 ) ) ;
#605 = DIRECTION ( 'NONE',  ( 0.000000000000000000, -1.000000000000000000, 0.000000000000000000 ) ) ;
#606 = DIRECTION ( 'NONE',  ( 2.631583823783242731E-30, 6.982962677686266711E-15, -1.000000000000000000 ) ) ;
#607 = CARTESIAN_POINT ( 'NONE',  ( 70.25450307063249511, -8.412499999999981881, 64.39042318210299243 ) ) ;
#608 = EDGE_CURVE ( 'NONE', #222, #1647, #1045, .T. ) ;
#609 = FACE_OUTER_BOUND ( 'NONE', #1649, .T. ) ;
#610 = DIRECTION ( 'NONE',  ( 0.000000000000000000, 0.000000000000000000, 1.000000000000000000 ) ) ;
#611 = EDGE_LOOP ( 'NONE', ( #134, #701, #1039, #460 ) ) ;
#612 = DIRECTION ( 'NONE',  ( 0.000000000000000000, 0.000000000000000000, 1.000000000000000000 ) ) ;
#613 = AXIS2_PLACEMENT_3D ( 'NONE', #1017, #439, #904 ) ;
#614 = EDGE_LOOP ( 'NONE', ( #778, #243, #506, #797 ) ) ;
#615 = CARTESIAN_POINT ( 'NONE',  ( -63.00000000000000000, 1.587499999999999911, -61.74999999999999289 ) ) ;
#616 = AXIS2_PLACEMENT_3D ( 'NONE', #1088, #477, #933 ) ;
#617 = AXIS2_PLACEMENT_3D ( 'NONE', #1811, #1078, #610 ) ;
#618 = CARTESIAN_POINT ( 'NONE',  ( 78.31500101444925122, -35.24459999999996995, 65.63482229321074612 ) ) ;
#619 = LINE ( 'NONE', #1373, #1702 ) ;
#620 = EDGE_CURVE ( 'NONE', #1290, #1647, #339, .T. ) ;
#621 = CARTESIAN_POINT ( 'NONE',  ( 63.00000000000000000, -8.673617379884035472E-15, -58.91790000000000305 ) ) ;
#622 = ORIENTED_EDGE ( 'NONE', *, *, #907, .T. ) ;
#623 = EDGE_CURVE ( 'NONE', #912, #1686, #1182, .T. ) ;
#624 = CYLINDRICAL_SURFACE ( 'NONE', #61, 1.699999999999993072 ) ;
#625 = CIRCLE ( 'NONE', #1701, 2.109999999999978559 ) ;
#626 = VECTOR ( 'NONE', #107, 1000.000000000000227 ) ;
#627 = ORIENTED_EDGE ( 'NONE', *, *, #483, .T. ) ;
#628 = CARTESIAN_POINT ( 'NONE',  ( 62.78054343981029461, -1.244599999999977724, 60.16250000000008669 ) ) ;
#629 = LINE ( 'NONE', #1219, #1046 ) ;
#630 = EDGE_LOOP ( 'NONE', ( #1693, #448, #1597, #855 ) ) ;
#631 = DIRECTION ( 'NONE',  ( 0.000000000000000000, 3.391720034496403636E-15, 1.000000000000000000 ) ) ;
#632 = CARTESIAN_POINT ( 'NONE',  ( 62.78054343981039409, -1.244599999999991491, -60.16250000000005116 ) ) ;
#633 = CARTESIAN_POINT ( 'NONE',  ( -63.00000000000000000, -1.244600000000007256, -58.91790000000000305 ) ) ;
#634 = DIRECTION ( 'NONE',  ( 0.000000000000000000, -1.000000000000000000, -2.857191607491212381E-15 ) ) ;
#635 = ADVANCED_FACE ( 'NONE', ( #447 ), #1344, .T. ) ;
#636 = ORIENTED_EDGE ( 'NONE', *, *, #1768, .T. ) ;
#637 = DIRECTION ( 'NONE',  ( -5.564431717557131342E-15, -1.000000000000000000, -0.000000000000000000 ) ) ;
#638 = EDGE_LOOP ( 'NONE', ( #1338, #409 ) ) ;
#639 = FACE_OUTER_BOUND ( 'NONE', #1163, .T. ) ;
#640 = DIRECTION ( 'NONE',  ( 0.000000000000000000, 3.491481338843133355E-15, -1.000000000000000000 ) ) ;
#641 = CARTESIAN_POINT ( 'NONE',  ( 48.50000000000500222, 0.000000000000000000, -54.74999999999999289 ) ) ;
#642 = DIRECTION ( 'NONE',  ( 0.9396926207859095381, 0.000000000000000000, 0.3420201433256654378 ) ) ;
#643 = ORIENTED_EDGE ( 'NONE', *, *, #353, .T. ) ;
#644 = CARTESIAN_POINT ( 'NONE',  ( -63.00000000000000000, -1.244599999999998374, 58.91790000000001726 ) ) ;
#645 = EDGE_CURVE ( 'NONE', #805, #1101, #873, .T. ) ;
#646 = VECTOR ( 'NONE', #110, 1000.000000000000000 ) ;
#647 = ORIENTED_EDGE ( 'NONE', *, *, #575, .T. ) ;
#648 = CARTESIAN_POINT ( 'NONE',  ( -42.99999999999489120, 1.587500000000001688, -34.79999999999970584 ) ) ;
#649 = EDGE_CURVE ( 'NONE', #569, #438, #739, .T. ) ;
#650 = VECTOR ( 'NONE', #1541, 1000.000000000000000 ) ;
#651 = CIRCLE ( 'NONE', #249, 1.700000000000000178 ) ;
#652 = CARTESIAN_POINT ( 'NONE',  ( 78.31500101444926543, -35.24459999999996995, -65.63482229321074612 ) ) ;
#653 = MANIFOLD_SOLID_BREP ( 'Mirror1', #1507 ) ;
#654 = CIRCLE ( 'NONE', #1420, 2.109999999999980780 ) ;
#655 = ORIENTED_EDGE ( 'NONE', *, *, #1546, .F. ) ;
#656 = AXIS2_PLACEMENT_3D ( 'NONE', #1641, #1031, #915 ) ;
#657 = CARTESIAN_POINT ( 'NONE',  ( -63.00000000000000000, 5.542726625413474202E-15, -61.74999999999999289 ) ) ;
#658 = LINE ( 'NONE', #965, #1878 ) ;
#659 = AXIS2_PLACEMENT_3D ( 'NONE', #1348, #964, #356 ) ;
#660 = ORIENTED_EDGE ( 'NONE', *, *, #1908, .T. ) ;
#661 = CARTESIAN_POINT ( 'NONE',  ( -63.00000000000000000, -18.41249999999999787, 61.75000000000007816 ) ) ;
#662 = EDGE_CURVE ( 'NONE', #1028, #1399, #1761, .T. ) ;
#663 = ORIENTED_EDGE ( 'NONE', *, *, #353, .F. ) ;
#664 = LINE ( 'NONE', #1079, #1849 ) ;
#665 = ORIENTED_EDGE ( 'NONE', *, *, #201, .F. ) ;
#666 = FACE_OUTER_BOUND ( 'NONE', #1483, .T. ) ;
#667 = DIRECTION ( 'NONE',  ( -1.000000000000000000, 0.000000000000000000, 0.000000000000000000 ) ) ;
#668 = VERTEX_POINT ( 'NONE', #1161 ) ;
#669 = CYLINDRICAL_SURFACE ( 'NONE', #1451, 1.699999999999993072 ) ;
#670 = ORIENTED_EDGE ( 'NONE', *, *, #1023, .F. ) ;
#671 = EDGE_CURVE ( 'NONE', #1052, #597, #1544, .T. ) ;
#672 = VERTEX_POINT ( 'NONE', #1478 ) ;
#673 = DIRECTION ( 'NONE',  ( 0.000000000000000000, -3.491481338843133355E-15, 1.000000000000000000 ) ) ;
#674 = EDGE_LOOP ( 'NONE', ( #1560, #1172, #1168, #914 ) ) ;
#675 = DIRECTION ( 'NONE',  ( -0.9396926207859103153, -7.050553702233016563E-17, -0.3420201433256634393 ) ) ;
#676 = CIRCLE ( 'NONE', #1755, 2.832099999999996953 ) ;
#677 = EDGE_LOOP ( 'NONE', ( #980, #655, #1204, #1281 ) ) ;
#678 = CARTESIAN_POINT ( 'NONE',  ( 63.20622171019341096, -1.244599999999979500, -61.82505856416986489 ) ) ;
#679 = AXIS2_PLACEMENT_3D ( 'NONE', #1436, #136, #1139 ) ;
#680 = ADVANCED_FACE ( 'NONE', ( #1322 ), #1444, .F. ) ;
#681 = ADVANCED_FACE ( 'NONE', ( #752 ), #1498, .F. ) ;
#682 = ORIENTED_EDGE ( 'NONE', *, *, #907, .F. ) ;
#683 = CARTESIAN_POINT ( 'NONE',  ( 63.00000000000000000, -1.244600000000012585, -60.17101553549581183 ) ) ;
#684 = VECTOR ( 'NONE', #1087, 1000.000000000000000 ) ;
#685 = AXIS2_PLACEMENT_3D ( 'NONE', #1486, #168, #1076 ) ;
#686 = ORIENTED_EDGE ( 'NONE', *, *, #835, .T. ) ;
#687 = DIRECTION ( 'NONE',  ( -0.9396926207859103153, 0.000000000000000000, 0.3420201433256633283 ) ) ;
#688 = CIRCLE ( 'NONE', #1150, 3.149999999999999911 ) ;
#689 = CIRCLE ( 'NONE', #199, 1.244600000000012363 ) ;
#690 = EDGE_LOOP ( 'NONE', ( #1207, #1275, #1298, #1703 ) ) ;
#691 = DIRECTION ( 'NONE',  ( 8.659560562354918067E-17, 0.7071067811865489050, -0.7071067811865462405 ) ) ;
#692 = VERTEX_POINT ( 'NONE', #60 ) ;
#693 = LINE ( 'NONE', #847, #646 ) ;
#694 = EDGE_CURVE ( 'NONE', #1283, #438, #1521, .T. ) ;
#695 = ORIENTED_EDGE ( 'NONE', *, *, #745, .F. ) ;
#696 = CYLINDRICAL_SURFACE ( 'NONE', #405, 1.699999999999993072 ) ;
#697 = CARTESIAN_POINT ( 'NONE',  ( 70.25450307063249511, -26.41249999999997655, -64.39042318210304927 ) ) ;
#698 = ORIENTED_EDGE ( 'NONE', *, *, #758, .F. ) ;
#699 = DIRECTION ( 'NONE',  ( 0.000000000000000000, 0.000000000000000000, 1.000000000000000000 ) ) ;
#700 = DIRECTION ( 'NONE',  ( -0.000000000000000000, 1.000000000000000000, -0.000000000000000000 ) ) ;
#701 = ORIENTED_EDGE ( 'NONE', *, *, #721, .F. ) ;
#702 = LINE ( 'NONE', #1284, #1601 ) ;
#703 = ORIENTED_EDGE ( 'NONE', *, *, #1738, .T. ) ;
#704 = CARTESIAN_POINT ( 'NONE',  ( 0.000000000000000000, 1.587499999999999911, 0.000000000000000000 ) ) ;
#705 = ADVANCED_FACE ( 'NONE', ( #803 ), #1479, .F. ) ;
#706 = CARTESIAN_POINT ( 'NONE',  ( 70.25450307063249511, -8.412499999999981881, 64.39042318210299243 ) ) ;
#707 = EDGE_CURVE ( 'NONE', #823, #1195, #1636, .T. ) ;
#708 = ORIENTED_EDGE ( 'NONE', *, *, #302, .F. ) ;
#709 = CIRCLE ( 'NONE', #1138, 2.832099999999948547 ) ;
#710 = CARTESIAN_POINT ( 'NONE',  ( 62.78054343981029461, -1.244599999999977724, 62.99460000000004101 ) ) ;
#711 = CARTESIAN_POINT ( 'NONE',  ( 63.00000000000000000, 0.000000000000000000, 58.91790000000001726 ) ) ;
#712 = AXIS2_PLACEMENT_3D ( 'NONE', #295, #1468, #901 ) ;
#713 = ORIENTED_EDGE ( 'NONE', *, *, #1778, .T. ) ;
#714 = AXIS2_PLACEMENT_3D ( 'NONE', #50, #1231, #1223 ) ;
#715 = LINE ( 'NONE', #1414, #859 ) ;
#716 = EDGE_LOOP ( 'NONE', ( #197, #263, #430, #1851 ) ) ;
#717 = DIRECTION ( 'NONE',  ( 0.000000000000000000, 1.000000000000000000, 0.000000000000000000 ) ) ;
#718 = DIRECTION ( 'NONE',  ( -0.3420201433256633283, -0.000000000000000000, 0.9396926207859104263 ) ) ;
#719 = ORIENTED_EDGE ( 'NONE', *, *, #881, .F. ) ;
#720 = CIRCLE ( 'NONE', #1485, 2.109999999999993658 ) ;
#721 = EDGE_CURVE ( 'NONE', #1895, #1071, #529, .T. ) ;
#722 = AXIS2_PLACEMENT_3D ( 'NONE', #601, #294, #1587 ) ;
#723 = CARTESIAN_POINT ( 'NONE',  ( 63.00000000000000000, -1.244599999999989048, 61.75000000000001421 ) ) ;
#724 = DIRECTION ( 'NONE',  ( 5.564431717557131342E-15, 1.000000000000000000, 0.000000000000000000 ) ) ;
#725 = ORIENTED_EDGE ( 'NONE', *, *, #42, .F. ) ;
#726 = CYLINDRICAL_SURFACE ( 'NONE', #1911, 1.699999999999993072 ) ;
#727 = ORIENTED_EDGE ( 'NONE', *, *, #1239, .F. ) ;
#728 = DIRECTION ( 'NONE',  ( 0.000000000000000000, 0.7071067811865489050, 0.7071067811865462405 ) ) ;
#729 = DIRECTION ( 'NONE',  ( -0.3420201433256633283, -0.000000000000000000, -0.9396926207859104263 ) ) ;
#730 = CARTESIAN_POINT ( 'NONE',  ( -63.00000000000000000, -18.41249999999999787, 61.75000000000007105 ) ) ;
#731 = ADVANCED_FACE ( 'NONE', ( #782 ), #1068, .T. ) ;
#732 = CARTESIAN_POINT ( 'NONE',  ( 63.20622171019338253, -35.24459999999996995, 61.82505856416999279 ) ) ;
#733 = ORIENTED_EDGE ( 'NONE', *, *, #1588, .F. ) ;
#734 = DIRECTION ( 'NONE',  ( -0.3420201433256629953, 0.000000000000000000, -0.9396926207859104263 ) ) ;
#735 = ORIENTED_EDGE ( 'NONE', *, *, #879, .F. ) ;
#736 = LINE ( 'NONE', #1175, #164 ) ;
#737 = CARTESIAN_POINT ( 'NONE',  ( 68.81470861830372598, -26.41249999999997655, -62.17699864418825939 ) ) ;
#738 = CARTESIAN_POINT ( 'NONE',  ( 63.20622171019341096, -1.244599999999979500, -61.82505856416986489 ) ) ;
#739 = LINE ( 'NONE', #862, #1141 ) ;
#740 = PRODUCT_RELATED_PRODUCT_CATEGORY ( 'part', '', ( #1718 ) ) ;
#741 = VECTOR ( 'NONE', #667, 1000.000000000000000 ) ;
#742 = ORIENTED_EDGE ( 'NONE', *, *, #645, .T. ) ;
#743 = CARTESIAN_POINT ( 'NONE',  ( 77.77204403691976609, -35.24459999999996285, 67.12658432870837544 ) ) ;
#744 = AXIS2_PLACEMENT_3D ( 'NONE', #171, #1489, #149 ) ;
#745 = EDGE_CURVE ( 'NONE', #584, #1866, #352, .T. ) ;
#746 = CIRCLE ( 'NONE', #1575, 1.244599999999956852 ) ;
#747 = ORIENTED_EDGE ( 'NONE', *, *, #941, .T. ) ;
#748 = DIRECTION ( 'NONE',  ( 0.000000000000000000, 0.000000000000000000, 1.000000000000000000 ) ) ;
#749 = DIRECTION ( 'NONE',  ( -0.3420201433256629397, 3.016261586583567210E-15, -0.9396926207859105373 ) ) ;
#750 = CIRCLE ( 'NONE', #196, 3.149999999999999911 ) ;
#751 = LINE ( 'NONE', #861, #871 ) ;
#752 = FACE_OUTER_BOUND ( 'NONE', #1174, .T. ) ;
#753 = AXIS2_PLACEMENT_3D ( 'NONE', #415, #564, #1739 ) ;
#754 = ORIENTED_EDGE ( 'NONE', *, *, #1364, .F. ) ;
#755 = CARTESIAN_POINT ( 'NONE',  ( 78.31500101444926543, -35.24459999999996995, -65.63482229321074612 ) ) ;
#756 = EDGE_LOOP ( 'NONE', ( #1136, #527 ) ) ;
#757 = DIRECTION ( 'NONE',  ( 0.9396926207859102043, 1.144889530594458006E-15, -0.3420201433256634949 ) ) ;
#758 = EDGE_CURVE ( 'NONE', #238, #1126, #189, .T. ) ;
#759 = DIRECTION ( 'NONE',  ( -0.3420201433256629953, 3.038427482880471965E-15, 0.9396926207859104263 ) ) ;
#760 = DIRECTION ( 'NONE',  ( 5.564431717557131342E-15, 1.000000000000000000, 0.000000000000000000 ) ) ;
#761 = CARTESIAN_POINT ( 'NONE',  ( 63.00000000000001421, -1.244599999999998374, 60.16250000000001563 ) ) ;
#762 = ORIENTED_EDGE ( 'NONE', *, *, #340, .T. ) ;
#763 = CARTESIAN_POINT ( 'NONE',  ( -42.99999999999487699, 1.587499999999999911, 33.09999999999971010 ) ) ;
#764 = ORIENTED_EDGE ( 'NONE', *, *, #1617, .F. ) ;
#765 = DIRECTION ( 'NONE',  ( 1.000000000000000000, -5.575199987069869603E-15, -1.115039997413973921E-14 ) ) ;
#766 = ADVANCED_FACE ( 'NONE', ( #202 ), #1653, .T. ) ;
#767 = DIRECTION ( 'NONE',  ( -1.000000000000000000, 0.000000000000000000, 0.000000000000000000 ) ) ;
#768 = EDGE_CURVE ( 'NONE', #1629, #1758, #211, .T. ) ;
#769 = CARTESIAN_POINT ( 'NONE',  ( 72.78021147802024871, -8.412499999999981881, -63.62032364902248105 ) ) ;
#770 = DIRECTION ( 'NONE',  ( 0.000000000000000000, 0.000000000000000000, 1.000000000000000000 ) ) ;
#771 = VERTEX_POINT ( 'NONE', #793 ) ;
#772 = CYLINDRICAL_SURFACE ( 'NONE', #1203, 2.109999999999980780 ) ;
#773 = VECTOR ( 'NONE', #926, 1000.000000000000114 ) ;
#774 = ORIENTED_EDGE ( 'NONE', *, *, #1830, .F. ) ;
#775 = DIRECTION ( 'NONE',  ( -0.000000000000000000, 1.000000000000000000, -0.000000000000000000 ) ) ;
#776 = AXIS2_PLACEMENT_3D ( 'NONE', #1665, #1524, #1511 ) ;
#777 = AXIS2_PLACEMENT_3D ( 'NONE', #1531, #1821, #31 ) ;
#778 = ORIENTED_EDGE ( 'NONE', *, *, #890, .F. ) ;
#779 = DIRECTION ( 'NONE',  ( -0.000000000000000000, 1.000000000000000000, -0.000000000000000000 ) ) ;
#780 = CONICAL_SURFACE ( 'NONE', #1117, 3.149999999999999911, 0.7853981633974465026 ) ;
#781 = PLANE ( 'NONE',  #1296 ) ;
#782 = FACE_OUTER_BOUND ( 'NONE', #1233, .T. ) ;
#783 = EDGE_CURVE ( 'NONE', #1115, #14, #894, .T. ) ;
#784 = DIRECTION ( 'NONE',  ( 0.000000000000000000, 1.000000000000000000, 0.000000000000000000 ) ) ;
#785 = VECTOR ( 'NONE', #1529, 1000.000000000000000 ) ;
#786 = CIRCLE ( 'NONE', #1180, 2.109999999999993658 ) ;
#787 = VERTEX_POINT ( 'NONE', #621 ) ;
#788 = PLANE ( 'NONE',  #69 ) ;
#789 = CARTESIAN_POINT ( 'NONE',  ( -63.00000000000000000, -18.41249999999999787, 61.75000000000007105 ) ) ;
#790 = EDGE_LOOP ( 'NONE', ( #1688, #1501, #1242, #1627 ) ) ;
#791 = CARTESIAN_POINT ( 'NONE',  ( 78.31500101444925122, -1.244599999999975282, 65.63482229321063244 ) ) ;
#792 = CARTESIAN_POINT ( 'NONE',  ( 48.50000000000500222, 1.587500000000001688, -54.74999999999999289 ) ) ;
#793 = CARTESIAN_POINT ( 'NONE',  ( 48.50000000000500222, 1.587500000000001688, -51.59999999999999432 ) ) ;
#794 = ADVANCED_FACE ( 'NONE', ( #41 ), #342, .F. ) ;
#795 = CYLINDRICAL_SURFACE ( 'NONE', #833, 2.109999999999980780 ) ;
#796 = EDGE_CURVE ( 'NONE', #1075, #438, #960, .T. ) ;
#797 = ORIENTED_EDGE ( 'NONE', *, *, #1727, .F. ) ;
#798 = LINE ( 'NONE', #490, #98 ) ;
#799 = PLANE ( 'NONE',  #1110 ) ;
#800 = EDGE_LOOP ( 'NONE', ( #1064, #1909, #286, #1879 ) ) ;
#801 = FACE_OUTER_BOUND ( 'NONE', #1084, .T. ) ;
#802 = CARTESIAN_POINT ( 'NONE',  ( 68.27175164077424085, -8.412499999999981881, -63.66876067968583897 ) ) ;
#803 = FACE_OUTER_BOUND ( 'NONE', #614, .T. ) ;
#804 = DIRECTION ( 'NONE',  ( 0.9396926207859102043, 1.144889530594458006E-15, -0.3420201433256634949 ) ) ;
#805 = VERTEX_POINT ( 'NONE', #652 ) ;
#806 = CARTESIAN_POINT ( 'NONE',  ( 78.31500101444925122, -1.244599999999975282, 65.63482229321063244 ) ) ;
#807 = CARTESIAN_POINT ( 'NONE',  ( -42.99999999999487699, 0.1374999999999965694, 33.09999999999970299 ) ) ;
#808 = EDGE_CURVE ( 'NONE', #1440, #225, #746, .T. ) ;
#809 = CIRCLE ( 'NONE', #922, 2.109999999999978559 ) ;
#810 = DIRECTION ( 'NONE',  ( 1.000000000000000000, -0.000000000000000000, -0.000000000000000000 ) ) ;
#811 = STYLED_ITEM ( 'NONE', ( #1312 ), #653 ) ;
#812 = AXIS2_PLACEMENT_3D ( 'NONE', #552, #1464, #1903 ) ;
#813 = ORIENTED_EDGE ( 'NONE', *, *, #1106, .T. ) ;
#814 = CARTESIAN_POINT ( 'NONE',  ( 78.31500101444926543, -1.244599999999975282, -65.63482229321064665 ) ) ;
#815 = ORIENTED_EDGE ( 'NONE', *, *, #1778, .F. ) ;
#816 = AXIS2_PLACEMENT_3D ( 'NONE', #507, #535, #1558 ) ;
#817 = DIRECTION ( 'NONE',  ( 0.000000000000000000, -3.491481338843133355E-15, -1.000000000000000000 ) ) ;
#818 = CIRCLE ( 'NONE', #472, 1.244599999999998374 ) ;
#819 = CARTESIAN_POINT ( 'NONE',  ( -63.00000000000000000, 1.587499999999999911, -58.91790000000000305 ) ) ;
#820 = EDGE_CURVE ( 'NONE', #24, #1865, #1512, .T. ) ;
#821 = ORIENTED_EDGE ( 'NONE', *, *, #1132, .T. ) ;
#822 = ORIENTED_EDGE ( 'NONE', *, *, #707, .T. ) ;
#823 = VERTEX_POINT ( 'NONE', #737 ) ;
#824 = FACE_BOUND ( 'NONE', #1640, .T. ) ;
#825 = EDGE_CURVE ( 'NONE', #532, #668, #1824, .T. ) ;
#826 = ORIENTED_EDGE ( 'NONE', *, *, #1839, .T. ) ;
#827 = LINE ( 'NONE', #678, #1728 ) ;
#828 = EDGE_LOOP ( 'NONE', ( #962, #1155, #194, #647, #78 ) ) ;
#829 = DIRECTION ( 'NONE',  ( -0.000000000000000000, 1.000000000000000000, -0.000000000000000000 ) ) ;
#830 = ORIENTED_EDGE ( 'NONE', *, *, #1267, .F. ) ;
#831 = DIRECTION ( 'NONE',  ( -3.664084033524287726E-17, 1.000000000000000000, 3.246763165801854774E-15 ) ) ;
#832 = VECTOR ( 'NONE', #1029, 1000.000000000000000 ) ;
#833 = AXIS2_PLACEMENT_3D ( 'NONE', #1375, #1232, #642 ) ;
#834 = AXIS2_PLACEMENT_3D ( 'NONE', #1318, #1594, #1002 ) ;
#835 = EDGE_CURVE ( 'NONE', #1399, #1369, #429, .T. ) ;
#836 = ORIENTED_EDGE ( 'NONE', *, *, #188, .T. ) ;
#837 = DIRECTION ( 'NONE',  ( -0.9396926207859103153, 0.000000000000000000, 0.3420201433256633283 ) ) ;
#838 = CONICAL_SURFACE ( 'NONE', #1670, 3.149999999999999911, 0.7853981633974465026 ) ;
#839 = ORIENTED_EDGE ( 'NONE', *, *, #1086, .T. ) ;
#840 = FACE_BOUND ( 'NONE', #1775, .T. ) ;
#841 = CIRCLE ( 'NONE', #1398, 2.832099999999948547 ) ;
#842 = FACE_OUTER_BOUND ( 'NONE', #1592, .T. ) ;
#843 = DIRECTION ( 'NONE',  ( 0.000000000000000000, 3.368870844204812528E-15, 1.000000000000000000 ) ) ;
#844 = LINE ( 'NONE', #1430, #428 ) ;
#845 = ADVANCED_FACE ( 'NONE', ( #1883 ), #1586, .F. ) ;
#846 = VERTEX_POINT ( 'NONE', #1616 ) ;
#847 = CARTESIAN_POINT ( 'NONE',  ( 48.50000000000500222, 1.587499999999999911, -56.44999999999998863 ) ) ;
#848 = EDGE_CURVE ( 'NONE', #805, #1250, #994, .T. ) ;
#849 = ORIENTED_EDGE ( 'NONE', *, *, #1248, .T. ) ;
#850 = DIRECTION ( 'NONE',  ( -0.9396926207859103153, 0.000000000000000000, 0.3420201433256633283 ) ) ;
#851 = CARTESIAN_POINT ( 'NONE',  ( 70.25450307063249511, -26.41249999999997655, 64.39042318210304927 ) ) ;
#852 = DIRECTION ( 'NONE',  ( 0.3420201433256628842, -3.016261586583567210E-15, 0.9396926207859104263 ) ) ;
#853 = EDGE_LOOP ( 'NONE', ( #484, #183, #231, #977 ) ) ;
#854 = DIRECTION ( 'NONE',  ( 1.115039997413966032E-14, -6.189715392534809759E-29, 1.000000000000000000 ) ) ;
#855 = ORIENTED_EDGE ( 'NONE', *, *, #1267, .T. ) ;
#856 = CARTESIAN_POINT ( 'NONE',  ( 48.50000000000500222, 1.587499999999999911, -54.74999999999999289 ) ) ;
#857 = ADVANCED_FACE ( 'NONE', ( #413 ), #1310, .F. ) ;
#858 = DIRECTION ( 'NONE',  ( -0.000000000000000000, 1.000000000000000000, -0.000000000000000000 ) ) ;
#859 = VECTOR ( 'NONE', #1269, 1000.000000000000114 ) ;
#860 = VECTOR ( 'NONE', #913, 1000.000000000000000 ) ;
#861 = CARTESIAN_POINT ( 'NONE',  ( 68.27175164077424085, -26.41249999999997655, -63.66876067968589581 ) ) ;
#862 = CARTESIAN_POINT ( 'NONE',  ( 63.74917868772292451, 1.108844539945278766E-13, 60.33329652867224979 ) ) ;
#863 = AXIS2_PLACEMENT_3D ( 'NONE', #1445, #718, #1131 ) ;
#864 = ORIENTED_EDGE ( 'NONE', *, *, #1326, .F. ) ;
#865 = DIRECTION ( 'NONE',  ( 0.000000000000000000, -1.000000000000000000, -3.391720034496403636E-15 ) ) ;
#866 = ORIENTED_EDGE ( 'NONE', *, *, #1442, .T. ) ;
#867 = CARTESIAN_POINT ( 'NONE',  ( 62.78054343981035146, -1.244599999999991491, -62.99460000000006943 ) ) ;
#868 = EDGE_CURVE ( 'NONE', #1005, #1028, #1114, .T. ) ;
#869 = DIRECTION ( 'NONE',  ( 0.9396926207859095381, 0.000000000000000000, 0.3420201433256654378 ) ) ;
#870 = EDGE_LOOP ( 'NONE', ( #1215, #1285, #1118, #440, #1570 ) ) ;
#871 = VECTOR ( 'NONE', #1904, 1000.000000000000114 ) ;
#872 = LINE ( 'NONE', #582, #1553 ) ;
#873 = LINE ( 'NONE', #272, #1388 ) ;
#874 = ORIENTED_EDGE ( 'NONE', *, *, #1470, .F. ) ;
#875 = DIRECTION ( 'NONE',  ( 0.000000000000000000, 0.000000000000000000, 1.000000000000000000 ) ) ;
#876 = ORIENTED_EDGE ( 'NONE', *, *, #590, .T. ) ;
#877 = LINE ( 'NONE', #1463, #1831 ) ;
#878 = CARTESIAN_POINT ( 'NONE',  ( 48.50000000000501643, 0.1374999999999965694, 54.74999999999999289 ) ) ;
#879 = EDGE_CURVE ( 'NONE', #1622, #846, #465, .T. ) ;
#880 = DIRECTION ( 'NONE',  ( 0.000000000000000000, -3.246763165801855563E-15, -1.000000000000000000 ) ) ;
#881 = EDGE_CURVE ( 'NONE', #846, #1825, #126, .T. ) ;
#882 = ORIENTED_EDGE ( 'NONE', *, *, #1048, .T. ) ;
#883 = DIRECTION ( 'NONE',  ( 0.9396926207859095381, 0.000000000000000000, 0.3420201433256654378 ) ) ;
#884 = ORIENTED_EDGE ( 'NONE', *, *, #1870, .F. ) ;
#885 = LINE ( 'NONE', #1040, #1672 ) ;
#886 = CARTESIAN_POINT ( 'NONE',  ( -42.99999999999489120, 0.1374999999999965694, -36.49999999999970868 ) ) ;
#887 = CARTESIAN_POINT ( 'NONE',  ( 63.74917868772291030, 7.999303339753866394E-14, -60.33329652867224979 ) ) ;
#888 = CARTESIAN_POINT ( 'NONE',  ( -63.00000000000000000, -18.41250000000000497, 60.16250000000007248 ) ) ;
#889 = AXIS2_PLACEMENT_3D ( 'NONE', #607, #1787, #1496 ) ;
#890 = EDGE_CURVE ( 'NONE', #62, #567, #1082, .T. ) ;
#891 = EDGE_LOOP ( 'NONE', ( #230, #303 ) ) ;
#892 = CARTESIAN_POINT ( 'NONE',  ( 72.23725450049074936, -8.412499999999981881, -65.11208568452013878 ) ) ;
#893 = CIRCLE ( 'NONE', #1912, 3.149999999999999911 ) ;
#894 = CIRCLE ( 'NONE', #1695, 2.832099999999996953 ) ;
#895 = ORIENTED_EDGE ( 'NONE', *, *, #1044, .T. ) ;
#896 = DIRECTION ( 'NONE',  ( 2.631583823783242731E-30, 6.982962677686266711E-15, -1.000000000000000000 ) ) ;
#897 = FACE_OUTER_BOUND ( 'NONE', #716, .T. ) ;
#898 = CIRCLE ( 'NONE', #95, 1.699999999999993072 ) ;
#899 = VECTOR ( 'NONE', #1473, 1000.000000000000000 ) ;
#900 = LINE ( 'NONE', #454, #1523 ) ;
#901 = DIRECTION ( 'NONE',  ( 0.000000000000000000, 0.000000000000000000, 1.000000000000000000 ) ) ;
#902 = AXIS2_PLACEMENT_3D ( 'NONE', #1208, #1806, #1339 ) ;
#903 = VERTEX_POINT ( 'NONE', #262 ) ;
#904 = DIRECTION ( 'NONE',  ( 0.9396926207859104263, 0.000000000000000000, -0.3420201433256628842 ) ) ;
#905 = EDGE_LOOP ( 'NONE', ( #874, #1584, #165, #1274 ) ) ;
#906 = CARTESIAN_POINT ( 'NONE',  ( 70.79746004816199445, -8.412499999999981881, -62.89866114660534890 ) ) ;
#907 = EDGE_CURVE ( 'NONE', #597, #1052, #651, .T. ) ;
#908 = DIRECTION ( 'NONE',  ( -5.564431717557131342E-15, -1.000000000000000000, -0.000000000000000000 ) ) ;
#909 = FACE_OUTER_BOUND ( 'NONE', #481, .T. ) ;
#910 = DIRECTION ( 'NONE',  ( -1.000000000000000000, -2.608611564638628950E-45, 3.735680233512240198E-31 ) ) ;
#911 = CARTESIAN_POINT ( 'NONE',  ( 62.78054343981029461, -18.41249999999999787, 62.99460000000004101 ) ) ;
#912 = VERTEX_POINT ( 'NONE', #1716 ) ;
#913 = DIRECTION ( 'NONE',  ( -0.000000000000000000, 0.000000000000000000, -1.000000000000000000 ) ) ;
#914 = ORIENTED_EDGE ( 'NONE', *, *, #1482, .F. ) ;
#915 = DIRECTION ( 'NONE',  ( -0.9396926207859105373, 0.000000000000000000, 0.3420201433256624957 ) ) ;
#916 = DIRECTION ( 'NONE',  ( 1.000000000000000000, 1.383310701824343101E-14, 0.000000000000000000 ) ) ;
#917 = EDGE_CURVE ( 'NONE', #33, #1460, #1143, .T. ) ;
#918 = DIRECTION ( 'NONE',  ( -0.000000000000000000, 1.000000000000000000, -0.000000000000000000 ) ) ;
#919 = DIRECTION ( 'NONE',  ( -0.3420201433256628842, 3.016261586583566815E-15, -0.9396926207859105373 ) ) ;
#920 = ORIENTED_EDGE ( 'NONE', *, *, #987, .F. ) ;
#921 = DIRECTION ( 'NONE',  ( 0.000000000000000000, 0.000000000000000000, 1.000000000000000000 ) ) ;
#922 = AXIS2_PLACEMENT_3D ( 'NONE', #1721, #1006, #1156 ) ;
#923 = ORIENTED_EDGE ( 'NONE', *, *, #280, .T. ) ;
#924 = CARTESIAN_POINT ( 'NONE',  ( -63.00000000000000000, -1.244599999999998374, 58.91790000000001726 ) ) ;
#925 = VECTOR ( 'NONE', #691, 999.9999999999998863 ) ;
#926 = DIRECTION ( 'NONE',  ( -0.3420201433256633283, -0.000000000000000000, -0.9396926207859103153 ) ) ;
#927 = VECTOR ( 'NONE', #191, 1000.000000000000000 ) ;
#928 = ORIENTED_EDGE ( 'NONE', *, *, #56, .F. ) ;
#929 = DIRECTION ( 'NONE',  ( -0.000000000000000000, -1.000000000000000000, 3.265361837132813586E-15 ) ) ;
#930 = EDGE_CURVE ( 'NONE', #692, #1654, #1171, .T. ) ;
#931 = CIRCLE ( 'NONE', #1515, 2.832100000000017825 ) ;
#932 = DIRECTION ( 'NONE',  ( -1.000000000000000000, 0.000000000000000000, 0.000000000000000000 ) ) ;
#933 = DIRECTION ( 'NONE',  ( -0.9396926207859095381, 0.000000000000000000, 0.3420201433256654378 ) ) ;
#934 = CARTESIAN_POINT ( 'NONE',  ( -42.99999999999489120, 1.587499999999999911, -34.79999999999970584 ) ) ;
#935 = ORIENTED_EDGE ( 'NONE', *, *, #1715, .T. ) ;
#936 = DIRECTION ( 'NONE',  ( 0.9396926207859103153, 0.000000000000000000, 0.3420201433256633283 ) ) ;
#937 = CARTESIAN_POINT ( 'NONE',  ( 68.27175164077424085, -8.412499999999981881, -63.66876067968583897 ) ) ;
#938 = ORIENTED_EDGE ( 'NONE', *, *, #1626, .F. ) ;
#939 = DIRECTION ( 'NONE',  ( -0.3420201433256633283, -0.000000000000000000, -0.9396926207859103153 ) ) ;
#940 = DIRECTION ( 'NONE',  ( 0.000000000000000000, 0.000000000000000000, 1.000000000000000000 ) ) ;
#941 = EDGE_CURVE ( 'NONE', #1371, #1071, #393, .T. ) ;
#942 = CARTESIAN_POINT ( 'NONE',  ( -63.00000000000000000, 2.094387121301529555E-13, 60.16250000000000853 ) ) ;
#943 = EDGE_CURVE ( 'NONE', #160, #1899, #985, .T. ) ;
#944 = DIRECTION ( 'NONE',  ( 0.000000000000000000, 0.000000000000000000, 1.000000000000000000 ) ) ;
#945 = ORIENTED_EDGE ( 'NONE', *, *, #825, .F. ) ;
#946 = CARTESIAN_POINT ( 'NONE',  ( -42.99999999999489120, 0.1374999999999965694, -34.79999999999970584 ) ) ;
#947 = LINE ( 'NONE', #789, #741 ) ;
#948 = ORIENTED_EDGE ( 'NONE', *, *, #796, .F. ) ;
#949 = CARTESIAN_POINT ( 'NONE',  ( 48.50000000000500222, 0.000000000000000000, -53.04999999999999716 ) ) ;
#950 = CARTESIAN_POINT ( 'NONE',  ( 0.000000000000000000, 0.000000000000000000, 0.000000000000000000 ) ) ;
#951 = LINE ( 'NONE', #1832, #860 ) ;
#952 = ADVANCED_FACE ( 'NONE', ( #1604 ), #281, .F. ) ;
#953 = EDGE_LOOP ( 'NONE', ( #719, #735, #813, #502 ) ) ;
#954 = CARTESIAN_POINT ( 'NONE',  ( 63.00000000000000000, 0.000000000000000000, 58.91790000000001726 ) ) ;
#955 = LINE ( 'NONE', #1252, #1012 ) ;
#956 = AXIS2_PLACEMENT_3D ( 'NONE', #315, #1194, #612 ) ;
#957 = AXIS2_PLACEMENT_3D ( 'NONE', #1154, #159, #416 ) ;
#958 = ORIENTED_EDGE ( 'NONE', *, *, #1815, .F. ) ;
#959 = CARTESIAN_POINT ( 'NONE',  ( 63.74917868772286766, -35.24459999999997706, -60.33329652867229242 ) ) ;
#960 = CIRCLE ( 'NONE', #1264, 2.832099999999948547 ) ;
#961 = ORIENTED_EDGE ( 'NONE', *, *, #1350, .F. ) ;
#962 = ORIENTED_EDGE ( 'NONE', *, *, #113, .T. ) ;
#963 = CONICAL_SURFACE ( 'NONE', #1611, 3.149999999999999911, 0.7853981633974465026 ) ;
#964 = DIRECTION ( 'NONE',  ( 0.000000000000000000, 1.000000000000000000, 0.000000000000000000 ) ) ;
#965 = CARTESIAN_POINT ( 'NONE',  ( 63.00000000000000000, 1.587499999999999911, -61.74999999999999289 ) ) ;
#966 = CONICAL_SURFACE ( 'NONE', #1614, 3.149999999999999911, 0.7853981633974465026 ) ;
#967 = ORIENTED_EDGE ( 'NONE', *, *, #835, .F. ) ;
#968 = CARTESIAN_POINT ( 'NONE',  ( 48.50000000000500222, 0.1374999999999965694, -54.74999999999999289 ) ) ;
#969 = ADVANCED_FACE ( 'NONE', ( #842 ), #1167, .F. ) ;
#970 = ORIENTED_EDGE ( 'NONE', *, *, #100, .F. ) ;
#971 = PRODUCT_CONTEXT ( 'NONE', #1256, 'mechanical' ) ;
#972 = EDGE_LOOP ( 'NONE', ( #1094, #1836 ) ) ;
#973 = LINE ( 'NONE', #1563, #87 ) ;
#974 = EDGE_LOOP ( 'NONE', ( #754, #762, #329, #1876 ) ) ;
#975 = PLANE ( 'NONE',  #1056 ) ;
#976 = ADVANCED_FACE ( 'NONE', ( #1428 ), #17, .T. ) ;
#977 = ORIENTED_EDGE ( 'NONE', *, *, #1422, .T. ) ;
#978 = ORIENTED_EDGE ( 'NONE', *, *, #246, .T. ) ;
#979 = CARTESIAN_POINT ( 'NONE',  ( 62.78054343981025198, -18.41249999999999432, -62.99460000000006943 ) ) ;
#980 = ORIENTED_EDGE ( 'NONE', *, *, #623, .F. ) ;
#981 = CARTESIAN_POINT ( 'NONE',  ( -63.00000000000000000, -8.673617379884035472E-15, -58.91790000000000305 ) ) ;
#982 = DIRECTION ( 'NONE',  ( 8.659560562354918067E-17, 0.7071067811865489050, -0.7071067811865462405 ) ) ;
#983 = VECTOR ( 'NONE', #1579, 1000.000000000000000 ) ;
#984 = EDGE_CURVE ( 'NONE', #1226, #387, #599, .T. ) ;
#985 = CIRCLE ( 'NONE', #311, 2.832100000000017825 ) ;
#986 = CARTESIAN_POINT ( 'NONE',  ( 68.27175164077424085, -26.41249999999997655, -63.66876067968589581 ) ) ;
#987 = EDGE_CURVE ( 'NONE', #1860, #381, #557, .T. ) ;
#988 = ORIENTED_EDGE ( 'NONE', *, *, #662, .F. ) ;
#989 = CARTESIAN_POINT ( 'NONE',  ( 63.00000000000001421, -1.244599999999998374, 60.17101553549584025 ) ) ;
#990 = VECTOR ( 'NONE', #1754, 1000.000000000000000 ) ;
#991 = EDGE_LOOP ( 'NONE', ( #1016, #489, #866, #1534, #1449 ) ) ;
#992 = DIRECTION ( 'NONE',  ( 0.000000000000000000, 0.000000000000000000, 1.000000000000000000 ) ) ;
#993 = AXIS2_PLACEMENT_3D ( 'NONE', #1767, #1186, #1657 ) ;
#994 = LINE ( 'NONE', #1280, #371 ) ;
#995 = EDGE_CURVE ( 'NONE', #96, #111, #221, .T. ) ;
#996 = LINE ( 'NONE', #407, #1799 ) ;
#997 = EDGE_CURVE ( 'NONE', #387, #1316, #1188, .T. ) ;
#998 = EDGE_LOOP ( 'NONE', ( #1055, #75, #1253, #65, #1406 ) ) ;
#999 = DIRECTION ( 'NONE',  ( -0.000000000000000000, 1.000000000000000000, -0.000000000000000000 ) ) ;
#1000 = VERTEX_POINT ( 'NONE', #309 ) ;
#1001 = CARTESIAN_POINT ( 'NONE',  ( 70.25450307063249511, -8.412499999999981881, -64.39042318210299243 ) ) ;
#1002 = DIRECTION ( 'NONE',  ( 0.000000000000000000, 3.308094233964476988E-15, 1.000000000000000000 ) ) ;
#1003 = FACE_OUTER_BOUND ( 'NONE', #674, .T. ) ;
#1004 = CARTESIAN_POINT ( 'NONE',  ( -63.00000000000000000, -1.244599999999998374, -60.16250000000000142 ) ) ;
#1005 = VERTEX_POINT ( 'NONE', #1341 ) ;
#1006 = DIRECTION ( 'NONE',  ( -0.3420201433256628842, 3.016261586583566815E-15, -0.9396926207859105373 ) ) ;
#1007 = ADVANCED_FACE ( 'NONE', ( #897 ), #1054, .F. ) ;
#1008 = ORIENTED_EDGE ( 'NONE', *, *, #88, .F. ) ;
#1009 = FACE_OUTER_BOUND ( 'NONE', #1753, .T. ) ;
#1010 = PRODUCT_DEFINITION_SHAPE ( 'NONE', 'NONE',  #1021 ) ;
#1011 = DIRECTION ( 'NONE',  ( 5.564431717557131342E-15, 1.000000000000000000, 0.000000000000000000 ) ) ;
#1012 = VECTOR ( 'NONE', #523, 1000.000000000000000 ) ;
#1013 = CIRCLE ( 'NONE', #156, 1.244599999999956852 ) ;
#1014 = PLANE ( 'NONE',  #348 ) ;
#1015 = CARTESIAN_POINT ( 'NONE',  ( 63.00000000000001421, -1.244599999999998374, 61.75000000000007816 ) ) ;
#1016 = ORIENTED_EDGE ( 'NONE', *, *, #203, .F. ) ;
#1017 = CARTESIAN_POINT ( 'NONE',  ( -11.93351042979018040, 1.052059496394959408E-13, -32.78705044067538665 ) ) ;
#1018 = AXIS2_PLACEMENT_3D ( 'NONE', #792, #341, #312 ) ;
#1019 = ORIENTED_EDGE ( 'NONE', *, *, #848, .F. ) ;
#1020 = PLANE ( 'NONE',  #1396 ) ;
#1021 = PRODUCT_DEFINITION ( 'UNKNOWN', '', #283, #1915 ) ;
#1022 = DIRECTION ( 'NONE',  ( 1.000000000000000000, 0.000000000000000000, 0.000000000000000000 ) ) ;
#1023 = EDGE_CURVE ( 'NONE', #174, #160, #1474, .T. ) ;
#1024 = AXIS2_PLACEMENT_3D ( 'NONE', #704, #1600, #1286 ) ;
#1025 = AXIS2_PLACEMENT_3D ( 'NONE', #1053, #175, #765 ) ;
#1026 = DIRECTION ( 'NONE',  ( 0.000000000000000000, 0.7071067811865489050, 0.7071067811865462405 ) ) ;
#1027 = DIRECTION ( 'NONE',  ( -0.9396926207859104263, -1.324209577555034834E-15, 0.3420201433256628842 ) ) ;
#1028 = VERTEX_POINT ( 'NONE', #1504 ) ;
#1029 = DIRECTION ( 'NONE',  ( 0.000000000000000000, -1.000000000000000000, -2.857191607491212381E-15 ) ) ;
#1030 = ORIENTED_EDGE ( 'NONE', *, *, #783, .F. ) ;
#1031 = DIRECTION ( 'NONE',  ( -0.3420201433256628842, 3.016261586583566815E-15, -0.9396926207859105373 ) ) ;
#1032 = DIRECTION ( 'NONE',  ( 0.9396926207859104263, 0.000000000000000000, -0.3420201433256628842 ) ) ;
#1033 = CARTESIAN_POINT ( 'NONE',  ( -42.99999999999489120, 0.000000000000000000, -33.09999999999971010 ) ) ;
#1034 = ADVANCED_FACE ( 'NONE', ( #1798 ), #177, .F. ) ;
#1035 = DIRECTION ( 'NONE',  ( 0.000000000000000000, -0.000000000000000000, -1.000000000000000000 ) ) ;
#1036 = DIRECTION ( 'NONE',  ( -1.123707514802790025E-16, -0.000000000000000000, -1.000000000000000000 ) ) ;
#1037 = ORIENTED_EDGE ( 'NONE', *, *, #88, .T. ) ;
#1038 = CARTESIAN_POINT ( 'NONE',  ( 62.78054343981025198, -18.41249999999999076, -62.99460000000006943 ) ) ;
#1039 = ORIENTED_EDGE ( 'NONE', *, *, #1313, .T. ) ;
#1040 = CARTESIAN_POINT ( 'NONE',  ( 63.74917868772292451, 1.108844539945278766E-13, 60.33329652867224979 ) ) ;
#1041 = DIRECTION ( 'NONE',  ( 0.000000000000000000, -9.756599977372380865E-15, -1.000000000000000000 ) ) ;
#1042 = DIRECTION ( 'NONE',  ( -0.000000000000000000, 1.000000000000000000, -0.000000000000000000 ) ) ;
#1043 = DIRECTION ( 'NONE',  ( 1.101411730778925171E-16, -1.000000000000000000, -3.491481338843133355E-15 ) ) ;
#1044 = EDGE_CURVE ( 'NONE', #111, #1792, #300, .T. ) ;
#1045 = LINE ( 'NONE', #1015, #28 ) ;
#1046 = VECTOR ( 'NONE', #1807, 1000.000000000000000 ) ;
#1047 = ORIENTED_EDGE ( 'NONE', *, *, #623, .T. ) ;
#1048 = EDGE_CURVE ( 'NONE', #1226, #1394, #1643, .T. ) ;
#1049 = DIRECTION ( 'NONE',  ( -0.3420201433256633283, -0.000000000000000000, 0.9396926207859104263 ) ) ;
#1050 =( GEOMETRIC_REPRESENTATION_CONTEXT ( 3 ) GLOBAL_UNCERTAINTY_ASSIGNED_CONTEXT ( ( #292 ) ) GLOBAL_UNIT_ASSIGNED_CONTEXT ( ( #11, #1905, #285 ) ) REPRESENTATION_CONTEXT ( 'NONE', 'WORKASPACE' ) );
#1051 = AXIS2_PLACEMENT_3D ( 'NONE', #1517, #767, #1041 ) ;
#1052 = VERTEX_POINT ( 'NONE', #452 ) ;
#1053 = CARTESIAN_POINT ( 'NONE',  ( 62.78054343981035146, -1.244599999999991491, -62.99460000000006943 ) ) ;
#1054 = PLANE ( 'NONE',  #1547 ) ;
#1055 = ORIENTED_EDGE ( 'NONE', *, *, #1741, .F. ) ;
#1056 = AXIS2_PLACEMENT_3D ( 'NONE', #1687, #1409, #367 ) ;
#1057 = DIRECTION ( 'NONE',  ( 0.000000000000000000, 0.000000000000000000, 1.000000000000000000 ) ) ;
#1058 = DIRECTION ( 'NONE',  ( 0.000000000000000000, -9.800351546777635440E-15, -1.000000000000000000 ) ) ;
#1059 = CIRCLE ( 'NONE', #1025, 1.244600000000012363 ) ;
#1060 = ADVANCED_FACE ( 'NONE', ( #1660 ), #838, .F. ) ;
#1061 = ORIENTED_EDGE ( 'NONE', *, *, #213, .T. ) ;
#1062 = PLANE ( 'NONE',  #613 ) ;
#1063 = ADVANCED_FACE ( 'NONE', ( #1197 ), #464, .T. ) ;
#1064 = ORIENTED_EDGE ( 'NONE', *, *, #244, .F. ) ;
#1065 = CYLINDRICAL_SURFACE ( 'NONE', #902, 1.244599999999998374 ) ;
#1066 = CARTESIAN_POINT ( 'NONE',  ( -12.47646740731967085, 1.100294532685686827E-13, -34.27881247617301597 ) ) ;
#1067 = CARTESIAN_POINT ( 'NONE',  ( 48.50000000000500222, 1.587500000000001688, -57.89999999999999147 ) ) ;
#1068 = PLANE ( 'NONE',  #587 ) ;
#1069 = ORIENTED_EDGE ( 'NONE', *, *, #808, .F. ) ;
#1070 = LINE ( 'NONE', #511, #1664 ) ;
#1071 = VERTEX_POINT ( 'NONE', #886 ) ;
#1072 = CARTESIAN_POINT ( 'NONE',  ( -42.99999999999489120, 0.000000000000000000, -36.49999999999970157 ) ) ;
#1073 = CARTESIAN_POINT ( 'NONE',  ( 63.00000000000000000, -1.244600000000007256, -58.91790000000000305 ) ) ;
#1074 = ADVANCED_FACE ( 'NONE', ( #27, #157, #475 ), #1178, .T. ) ;
#1075 = VERTEX_POINT ( 'NONE', #39 ) ;
#1076 = DIRECTION ( 'NONE',  ( 0.000000000000000000, 0.000000000000000000, 1.000000000000000000 ) ) ;
#1077 = CARTESIAN_POINT ( 'NONE',  ( -63.00000000000000000, -1.244599999999987494, -61.75000000000000000 ) ) ;
#1078 = DIRECTION ( 'NONE',  ( -0.000000000000000000, 1.000000000000000000, -0.000000000000000000 ) ) ;
#1079 = CARTESIAN_POINT ( 'NONE',  ( -63.00000000000000000, 5.542726625413474202E-15, -61.74999999999999289 ) ) ;
#1080 = EDGE_LOOP ( 'NONE', ( #1358, #1762, #1599, #123, #1255 ) ) ;
#1081 = DIRECTION ( 'NONE',  ( -5.564431717557131342E-15, -1.000000000000000000, -0.000000000000000000 ) ) ;
#1082 = CIRCLE ( 'NONE', #1759, 1.700000000000000178 ) ;
#1083 = ADVANCED_FACE ( 'NONE', ( #1651 ), #963, .F. ) ;
#1084 = EDGE_LOOP ( 'NONE', ( #703, #1380, #895, #876, #414 ) ) ;
#1085 = DIRECTION ( 'NONE',  ( -0.3420201433256633283, 3.016261586583566815E-15, 0.9396926207859104263 ) ) ;
#1086 = EDGE_CURVE ( 'NONE', #1827, #1157, #1332, .T. ) ;
#1087 = DIRECTION ( 'NONE',  ( -1.000000000000000000, -2.608611564638628950E-45, 3.735680233512240198E-31 ) ) ;
#1088 = CARTESIAN_POINT ( 'NONE',  ( 70.25450307063249511, -8.412499999999981881, -64.39042318210299243 ) ) ;
#1089 = CIRCLE ( 'NONE', #434, 3.149999999999999911 ) ;
#1090 = LINE ( 'NONE', #204, #650 ) ;
#1091 = AXIS2_PLACEMENT_3D ( 'NONE', #1595, #1, #880 ) ;
#1092 = ORIENTED_EDGE ( 'NONE', *, *, #1588, .T. ) ;
#1093 = DIRECTION ( 'NONE',  ( 0.000000000000000000, 0.000000000000000000, 1.000000000000000000 ) ) ;
#1094 = ORIENTED_EDGE ( 'NONE', *, *, #1815, .T. ) ;
#1095 = DIRECTION ( 'NONE',  ( 0.000000000000000000, 3.310274992322772079E-15, -1.000000000000000000 ) ) ;
#1096 = ADVANCED_FACE ( 'NONE', ( #801 ), #1854, .F. ) ;
#1097 = CARTESIAN_POINT ( 'NONE',  ( 63.20622171019341096, -1.244599999999977724, 61.82505856416990753 ) ) ;
#1098 = ORIENTED_EDGE ( 'NONE', *, *, #67, .T. ) ;
#1099 = CARTESIAN_POINT ( 'NONE',  ( 62.78054343981025198, -18.41249999999999076, -62.99460000000006943 ) ) ;
#1100 = DIRECTION ( 'NONE',  ( 0.000000000000000000, 0.000000000000000000, 1.000000000000000000 ) ) ;
#1101 = VERTEX_POINT ( 'NONE', #959 ) ;
#1102 = FACE_OUTER_BOUND ( 'NONE', #1844, .T. ) ;
#1103 = ORIENTED_EDGE ( 'NONE', *, *, #1376, .T. ) ;
#1104 = EDGE_CURVE ( 'NONE', #80, #1115, #377, .T. ) ;
#1105 = DIRECTION ( 'NONE',  ( -0.000000000000000000, 1.000000000000000000, -0.000000000000000000 ) ) ;
#1106 = EDGE_CURVE ( 'NONE', #1622, #771, #359, .T. ) ;
#1107 = ORIENTED_EDGE ( 'NONE', *, *, #987, .T. ) ;
#1108 = CARTESIAN_POINT ( 'NONE',  ( 62.78054343981025198, -18.41249999999999076, -62.99460000000006943 ) ) ;
#1109 = LINE ( 'NONE', #1696, #1820 ) ;
#1110 = AXIS2_PLACEMENT_3D ( 'NONE', #1379, #365, #1545 ) ;
#1111 = AXIS2_PLACEMENT_3D ( 'NONE', #1740, #21, #2 ) ;
#1112 = EDGE_LOOP ( 'NONE', ( #1723, #1699, #1906, #1413 ) ) ;
#1113 = DIRECTION ( 'NONE',  ( 0.000000000000000000, 0.000000000000000000, 1.000000000000000000 ) ) ;
#1114 = CIRCLE ( 'NONE', #679, 2.109999999999980780 ) ;
#1115 = VERTEX_POINT ( 'NONE', #819 ) ;
#1116 =( LENGTH_UNIT ( ) NAMED_UNIT ( * ) SI_UNIT ( .MILLI., .METRE. ) );
#1117 = AXIS2_PLACEMENT_3D ( 'NONE', #1790, #1800, #1057 ) ;
#1118 = ORIENTED_EDGE ( 'NONE', *, *, #1602, .F. ) ;
#1119 = CIRCLE ( 'NONE', #562, 2.109999999999993658 ) ;
#1120 = DIRECTION ( 'NONE',  ( 0.000000000000000000, 1.000000000000000000, 0.000000000000000000 ) ) ;
#1121 = EDGE_CURVE ( 'NONE', #534, #493, #1089, .T. ) ;
#1122 = CIRCLE ( 'NONE', #659, 1.699999999999993072 ) ;
#1123 = ORIENTED_EDGE ( 'NONE', *, *, #1705, .F. ) ;
#1124 = DIRECTION ( 'NONE',  ( -0.3420201433256634393, 0.000000000000000000, 0.9396926207859103153 ) ) ;
#1125 = ORIENTED_EDGE ( 'NONE', *, *, #293, .F. ) ;
#1126 = VERTEX_POINT ( 'NONE', #949 ) ;
#1127 = CARTESIAN_POINT ( 'NONE',  ( 70.25450307063249511, -26.41249999999997655, -64.39042318210304927 ) ) ;
#1128 = ORIENTED_EDGE ( 'NONE', *, *, #1106, .F. ) ;
#1129 = FACE_BOUND ( 'NONE', #1620, .T. ) ;
#1130 = EDGE_CURVE ( 'NONE', #538, #411, #1245, .T. ) ;
#1131 = DIRECTION ( 'NONE',  ( 0.9396926207859103153, 0.000000000000000000, 0.3420201433256633283 ) ) ;
#1132 = EDGE_CURVE ( 'NONE', #846, #1622, #1857, .T. ) ;
#1133 = ORIENTED_EDGE ( 'NONE', *, *, #551, .T. ) ;
#1134 = ORIENTED_EDGE ( 'NONE', *, *, #456, .T. ) ;
#1135 = DIRECTION ( 'NONE',  ( -1.000000000000000000, 0.000000000000000000, 0.000000000000000000 ) ) ;
#1136 = ORIENTED_EDGE ( 'NONE', *, *, #125, .F. ) ;
#1137 = CARTESIAN_POINT ( 'NONE',  ( 70.25450307063249511, -26.41249999999997655, -64.39042318210304927 ) ) ;
#1138 = AXIS2_PLACEMENT_3D ( 'NONE', #514, #1843, #1100 ) ;
#1139 = DIRECTION ( 'NONE',  ( 0.9396926207859095381, 0.000000000000000000, 0.3420201433256654378 ) ) ;
#1140 = ORIENTED_EDGE ( 'NONE', *, *, #808, .T. ) ;
#1141 = VECTOR ( 'NONE', #140, 1000.000000000000000 ) ;
#1142 = ADVANCED_FACE ( 'NONE', ( #1539, #824, #1254 ), #218, .F. ) ;
#1143 = CIRCLE ( 'NONE', #91, 2.109999999999993658 ) ;
#1144 = CARTESIAN_POINT ( 'NONE',  ( 63.74917868772286766, -18.41250000000000142, -60.33329652867227111 ) ) ;
#1145 = ORIENTED_EDGE ( 'NONE', *, *, #997, .F. ) ;
#1146 = LINE ( 'NONE', #1425, #1352 ) ;
#1147 = VECTOR ( 'NONE', #759, 1000.000000000000227 ) ;
#1148 = ORIENTED_EDGE ( 'NONE', *, *, #432, .F. ) ;
#1149 = CYLINDRICAL_SURFACE ( 'NONE', #1580, 1.699999999999993072 ) ;
#1150 = AXIS2_PLACEMENT_3D ( 'NONE', #1623, #1493, #299 ) ;
#1151 = DIRECTION ( 'NONE',  ( -0.3420201433256629953, 3.038427482880471965E-15, -0.9396926207859104263 ) ) ;
#1152 = PLANE ( 'NONE',  #753 ) ;
#1153 = ADVANCED_FACE ( 'NONE', ( #1707 ), #1828, .T. ) ;
#1154 = CARTESIAN_POINT ( 'NONE',  ( -42.99999999999489120, 1.587500000000001688, -34.79999999999970584 ) ) ;
#1155 = ORIENTED_EDGE ( 'NONE', *, *, #825, .T. ) ;
#1156 = DIRECTION ( 'NONE',  ( -0.9396926207859105373, 0.000000000000000000, 0.3420201433256624957 ) ) ;
#1157 = VERTEX_POINT ( 'NONE', #66 ) ;
#1158 = CARTESIAN_POINT ( 'NONE',  ( -42.99999999999487699, 1.587500000000001688, 34.79999999999970584 ) ) ;
#1159 = DIRECTION ( 'NONE',  ( 0.9396926207859095381, 0.000000000000000000, 0.3420201433256654378 ) ) ;
#1160 = FACE_OUTER_BOUND ( 'NONE', #181, .T. ) ;
#1161 = CARTESIAN_POINT ( 'NONE',  ( 63.00000000000000000, -1.244599999999994377, 60.16250000000001563 ) ) ;
#1162 = EDGE_CURVE ( 'NONE', #1629, #584, #83, .T. ) ;
#1163 = EDGE_LOOP ( 'NONE', ( #581, #1612, #1183, #938 ) ) ;
#1164 = FACE_BOUND ( 'NONE', #638, .T. ) ;
#1165 = VERTEX_POINT ( 'NONE', #384 ) ;
#1166 = CARTESIAN_POINT ( 'NONE',  ( 0.000000000000000000, -18.41250000000000497, 60.16250000000007248 ) ) ;
#1167 = CYLINDRICAL_SURFACE ( 'NONE', #1419, 1.699999999999993072 ) ;
#1168 = ORIENTED_EDGE ( 'NONE', *, *, #1048, .F. ) ;
#1169 = AXIS2_PLACEMENT_3D ( 'NONE', #1337, #449, #875 ) ;
#1170 = LINE ( 'NONE', #435, #256 ) ;
#1171 = CIRCLE ( 'NONE', #1323, 2.109999999999980780 ) ;
#1172 = ORIENTED_EDGE ( 'NONE', *, *, #542, .T. ) ;
#1173 = CARTESIAN_POINT ( 'NONE',  ( 48.50000000000500222, 0.000000000000000000, -54.74999999999999289 ) ) ;
#1174 = EDGE_LOOP ( 'NONE', ( #1711, #1098, #53, #774 ) ) ;
#1175 = CARTESIAN_POINT ( 'NONE',  ( 77.77204403691978030, -1.244599999999970619, -67.12658432870827596 ) ) ;
#1176 = ADVANCED_FACE ( 'NONE', ( #1102 ), #975, .T. ) ;
#1177 = VECTOR ( 'NONE', #939, 1000.000000000000114 ) ;
#1178 = PLANE ( 'NONE',  #1362 ) ;
#1179 = FACE_OUTER_BOUND ( 'NONE', #1386, .T. ) ;
#1180 = AXIS2_PLACEMENT_3D ( 'NONE', #1748, #1618, #1447 ) ;
#1181 = DIRECTION ( 'NONE',  ( 0.000000000000000000, -1.000000000000000000, 0.000000000000000000 ) ) ;
#1182 = LINE ( 'NONE', #1635, #1633 ) ;
#1183 = ORIENTED_EDGE ( 'NONE', *, *, #1433, .T. ) ;
#1184 = CARTESIAN_POINT ( 'NONE',  ( 48.50000000000500222, 1.587500000000001688, -54.74999999999999289 ) ) ;
#1185 = ORIENTED_EDGE ( 'NONE', *, *, #997, .T. ) ;
#1186 = DIRECTION ( 'NONE',  ( 1.000000000000000000, 0.000000000000000000, 0.000000000000000000 ) ) ;
#1187 = ADVANCED_FACE ( 'NONE', ( #639 ), #1549, .T. ) ;
#1188 = LINE ( 'NONE', #1209, #1291 ) ;
#1189 = CARTESIAN_POINT ( 'NONE',  ( 48.50000000000501643, 1.587500000000001688, 57.89999999999999147 ) ) ;
#1190 = ADVANCED_FACE ( 'NONE', ( #226 ), #669, .F. ) ;
#1191 = FACE_OUTER_BOUND ( 'NONE', #953, .T. ) ;
#1192 = CARTESIAN_POINT ( 'NONE',  ( 48.50000000000501643, 0.1374999999999965694, 56.44999999999999574 ) ) ;
#1193 = ORIENTED_EDGE ( 'NONE', *, *, #1162, .F. ) ;
#1194 = DIRECTION ( 'NONE',  ( -1.000000000000000000, 0.000000000000000000, 0.000000000000000000 ) ) ;
#1195 = VERTEX_POINT ( 'NONE', #209 ) ;
#1196 = LINE ( 'NONE', #306, #1487 ) ;
#1197 = FACE_OUTER_BOUND ( 'NONE', #870, .T. ) ;
#1198 = EDGE_LOOP ( 'NONE', ( #131, #6, #670 ) ) ;
#1199 = DIRECTION ( 'NONE',  ( -0.3420201433256633283, 3.016261586583566815E-15, 0.9396926207859105373 ) ) ;
#1200 = VECTOR ( 'NONE', #4, 1000.000000000000000 ) ;
#1201 = DIRECTION ( 'NONE',  ( -0.000000000000000000, 1.000000000000000000, -0.000000000000000000 ) ) ;
#1202 = ADVANCED_FACE ( 'NONE', ( #1698 ), #1263, .T. ) ;
#1203 = AXIS2_PLACEMENT_3D ( 'NONE', #361, #1840, #182 ) ;
#1204 = ORIENTED_EDGE ( 'NONE', *, *, #419, .F. ) ;
#1205 = FACE_BOUND ( 'NONE', #469, .T. ) ;
#1206 = AXIS2_PLACEMENT_3D ( 'NONE', #270, #858, #1871 ) ;
#1207 = ORIENTED_EDGE ( 'NONE', *, *, #671, .F. ) ;
#1208 = CARTESIAN_POINT ( 'NONE',  ( -63.00000000000000000, -1.244599999999998374, 58.91790000000001726 ) ) ;
#1209 = CARTESIAN_POINT ( 'NONE',  ( 63.54295697752949934, -35.24459999999999127, 60.25823796450249148 ) ) ;
#1210 = VECTOR ( 'NONE', #717, 1000.000000000000000 ) ;
#1211 = LINE ( 'NONE', #190, #379 ) ;
#1212 = CARTESIAN_POINT ( 'NONE',  ( 62.78054343981029461, -1.244599999999977724, 62.99460000000004101 ) ) ;
#1213 = VECTOR ( 'NONE', #593, 1000.000000000000000 ) ;
#1214 = EDGE_CURVE ( 'NONE', #1195, #1472, #350, .T. ) ;
#1215 = ORIENTED_EDGE ( 'NONE', *, *, #1715, .F. ) ;
#1216 = CARTESIAN_POINT ( 'NONE',  ( 62.78054343981029461, -18.41249999999999787, 61.75000000000007105 ) ) ;
#1217 = ORIENTED_EDGE ( 'NONE', *, *, #1340, .T. ) ;
#1218 = PLANE ( 'NONE',  #1731 ) ;
#1219 = CARTESIAN_POINT ( 'NONE',  ( -63.00000000000000000, 0.000000000000000000, 58.91790000000001726 ) ) ;
#1220 = ORIENTED_EDGE ( 'NONE', *, *, #445, .F. ) ;
#1221 = DIRECTION ( 'NONE',  ( 0.000000000000000000, 0.000000000000000000, 1.000000000000000000 ) ) ;
#1222 = CARTESIAN_POINT ( 'NONE',  ( 48.50000000000501643, 1.587500000000001688, 51.59999999999999432 ) ) ;
#1223 = DIRECTION ( 'NONE',  ( -0.9396926207859095381, 0.000000000000000000, 0.3420201433256654378 ) ) ;
#1224 = FACE_OUTER_BOUND ( 'NONE', #1480, .T. ) ;
#1225 = ADVANCED_FACE ( 'NONE', ( #1585 ), #1880, .F. ) ;
#1226 = VERTEX_POINT ( 'NONE', #402 ) ;
#1227 = CARTESIAN_POINT ( 'NONE',  ( -63.00000000000000000, -18.41249999999999787, -61.75000000000005684 ) ) ;
#1228 = ADVANCED_FACE ( 'NONE', ( #421 ), #1020, .F. ) ;
#1229 = DIRECTION ( 'NONE',  ( 0.000000000000000000, 0.000000000000000000, 1.000000000000000000 ) ) ;
#1230 = CARTESIAN_POINT ( 'NONE',  ( -42.99999999999487699, 1.587499999999999911, 34.79999999999970584 ) ) ;
#1231 = DIRECTION ( 'NONE',  ( -0.3420201433256633283, -0.000000000000000000, -0.9396926207859104263 ) ) ;
#1232 = DIRECTION ( 'NONE',  ( -0.3420201433256633283, -0.000000000000000000, 0.9396926207859104263 ) ) ;
#1233 = EDGE_LOOP ( 'NONE', ( #742, #1125, #298, #1019 ) ) ;
#1234 = DIRECTION ( 'NONE',  ( -0.9396926207859104263, -1.324209577555034834E-15, -0.3420201433256633283 ) ) ;
#1235 = VECTOR ( 'NONE', #1682, 1000.000000000000000 ) ;
#1236 = VECTOR ( 'NONE', #929, 1000.000000000000000 ) ;
#1237 = EDGE_LOOP ( 'NONE', ( #47, #1438, #72, #119, #1134 ) ) ;
#1238 = DIRECTION ( 'NONE',  ( -0.000000000000000000, 1.000000000000000000, -0.000000000000000000 ) ) ;
#1239 = EDGE_CURVE ( 'NONE', #1005, #1369, #105, .T. ) ;
#1240 = DIRECTION ( 'NONE',  ( -1.000000000000000000, 0.000000000000000000, 0.000000000000000000 ) ) ;
#1241 = VECTOR ( 'NONE', #605, 1000.000000000000000 ) ;
#1242 = ORIENTED_EDGE ( 'NONE', *, *, #1830, .T. ) ;
#1243 = DIRECTION ( 'NONE',  ( 0.000000000000000000, 0.000000000000000000, 1.000000000000000000 ) ) ;
#1244 = CARTESIAN_POINT ( 'NONE',  ( 63.00000000000000000, 1.587499999999991251, -58.91790000000000305 ) ) ;
#1245 = LINE ( 'NONE', #1680, #255 ) ;
#1246 = ADVANCED_FACE ( 'NONE', ( #1427 ), #696, .F. ) ;
#1247 = ORIENTED_EDGE ( 'NONE', *, *, #1130, .F. ) ;
#1248 = EDGE_CURVE ( 'NONE', #543, #1472, #720, .T. ) ;
#1249 = CARTESIAN_POINT ( 'NONE',  ( -63.00000000000000000, -18.41249999999999787, -61.75000000000005684 ) ) ;
#1250 = VERTEX_POINT ( 'NONE', #1613 ) ;
#1251 = CARTESIAN_POINT ( 'NONE',  ( 72.23725450049074936, -26.41249999999997655, -65.11208568452019563 ) ) ;
#1252 = CARTESIAN_POINT ( 'NONE',  ( -63.00000000000000000, -1.244599999999987494, -61.75000000000000000 ) ) ;
#1253 = ORIENTED_EDGE ( 'NONE', *, *, #280, .F. ) ;
#1254 = FACE_OUTER_BOUND ( 'NONE', #1805, .T. ) ;
#1255 = ORIENTED_EDGE ( 'NONE', *, *, #620, .F. ) ;
#1256 = APPLICATION_CONTEXT ( 'automotive_design' ) ;
#1257 = ADVANCED_FACE ( 'NONE', ( #1435, #112, #840, #1129, #1745 ), #1441, .T. ) ;
#1258 = ORIENTED_EDGE ( 'NONE', *, *, #1162, .T. ) ;
#1259 = PLANE ( 'NONE',  #307 ) ;
#1260 = AXIS2_PLACEMENT_3D ( 'NONE', #453, #1042, #1632 ) ;
#1261 = VECTOR ( 'NONE', #99, 1000.000000000000114 ) ;
#1262 = EDGE_LOOP ( 'NONE', ( #1462, #1747, #1133, #104 ) ) ;
#1263 = PLANE ( 'NONE',  #97 ) ;
#1264 = AXIS2_PLACEMENT_3D ( 'NONE', #911, #499, #1383 ) ;
#1265 = EDGE_LOOP ( 'NONE', ( #1402, #815, #578, #1853, #663 ) ) ;
#1266 = CARTESIAN_POINT ( 'NONE',  ( 78.31500101444926543, -1.244599999999975282, -65.63482229321064665 ) ) ;
#1267 = EDGE_CURVE ( 'NONE', #1901, #559, #1714, .T. ) ;
#1268 = ORIENTED_EDGE ( 'NONE', *, *, #995, .F. ) ;
#1269 = DIRECTION ( 'NONE',  ( -0.3420201433256633283, -0.000000000000000000, 0.9396926207859103153 ) ) ;
#1270 = VECTOR ( 'NONE', #1387, 1000.000000000000114 ) ;
#1271 = ADVANCED_FACE ( 'NONE', ( #1309 ), #1149, .F. ) ;
#1272 = EDGE_LOOP ( 'NONE', ( #70, #1008, #1469, #1773, #948 ) ) ;
#1273 = LINE ( 'NONE', #1574, #1552 ) ;
#1274 = ORIENTED_EDGE ( 'NONE', *, *, #1313, .F. ) ;
#1275 = ORIENTED_EDGE ( 'NONE', *, *, #1708, .T. ) ;
#1276 = CARTESIAN_POINT ( 'NONE',  ( 63.20622171019341096, -1.244599999999979500, -61.82505856416986489 ) ) ;
#1277 = ORIENTED_EDGE ( 'NONE', *, *, #1340, .F. ) ;
#1278 = DIRECTION ( 'NONE',  ( -0.3420201433256633283, -0.000000000000000000, 0.9396926207859103153 ) ) ;
#1279 = EDGE_CURVE ( 'NONE', #366, #45, #1119, .T. ) ;
#1280 = CARTESIAN_POINT ( 'NONE',  ( 78.31500101444926543, -35.24459999999996995, -65.63482229321074612 ) ) ;
#1281 = ORIENTED_EDGE ( 'NONE', *, *, #1768, .F. ) ;
#1282 = DIRECTION ( 'NONE',  ( -0.000000000000000000, 1.000000000000000000, -0.000000000000000000 ) ) ;
#1283 = VERTEX_POINT ( 'NONE', #124 ) ;
#1284 = CARTESIAN_POINT ( 'NONE',  ( -42.99999999999489120, 1.587499999999999911, -33.09999999999971010 ) ) ;
#1285 = ORIENTED_EDGE ( 'NONE', *, *, #386, .F. ) ;
#1286 = DIRECTION ( 'NONE',  ( 0.000000000000000000, -0.000000000000000000, 1.000000000000000000 ) ) ;
#1287 = AXIS2_PLACEMENT_3D ( 'NONE', #1648, #1049, #883 ) ;
#1288 = EDGE_CURVE ( 'NONE', #96, #1115, #1418, .T. ) ;
#1289 = DIRECTION ( 'NONE',  ( 0.9396926207859103153, 0.000000000000000000, 0.3420201433256633283 ) ) ;
#1290 = VERTEX_POINT ( 'NONE', #1299 ) ;
#1291 = VECTOR ( 'NONE', #198, 999.9999999999998863 ) ;
#1292 = DIRECTION ( 'NONE',  ( -1.000000000000000000, 0.000000000000000000, 0.000000000000000000 ) ) ;
#1293 = LINE ( 'NONE', #1719, #1261 ) ;
#1294 = ORIENTED_EDGE ( 'NONE', *, *, #419, .T. ) ;
#1295 = DIRECTION ( 'NONE',  ( -0.9396926207859105373, 3.130490157963749617E-16, 0.3420201433256629397 ) ) ;
#1296 = AXIS2_PLACEMENT_3D ( 'NONE', #1363, #170, #40 ) ;
#1297 = VECTOR ( 'NONE', #560, 1000.000000000000227 ) ;
#1298 = ORIENTED_EDGE ( 'NONE', *, *, #566, .T. ) ;
#1299 = CARTESIAN_POINT ( 'NONE',  ( 63.00000000000001421, 1.587499999999999911, 58.91790000000001726 ) ) ;
#1300 = AXIS2_PLACEMENT_3D ( 'NONE', #924, #1625, #148 ) ;
#1301 = CARTESIAN_POINT ( 'NONE',  ( -42.99999999999487699, 0.1374999999999965694, 34.79999999999970584 ) ) ;
#1302 = EDGE_CURVE ( 'NONE', #546, #450, #750, .T. ) ;
#1303 = FACE_OUTER_BOUND ( 'NONE', #1434, .T. ) ;
#1304 = SURFACE_STYLE_FILL_AREA ( #1448 ) ;
#1305 = ADVANCED_FACE ( 'NONE', ( #1009 ), #279, .T. ) ;
#1306 = ORIENTED_EDGE ( 'NONE', *, *, #586, .T. ) ;
#1307 = DIRECTION ( 'NONE',  ( -0.000000000000000000, 1.000000000000000000, -0.000000000000000000 ) ) ;
#1308 = ORIENTED_EDGE ( 'NONE', *, *, #930, .T. ) ;
#1309 = FACE_OUTER_BOUND ( 'NONE', #800, .T. ) ;
#1310 = CYLINDRICAL_SURFACE ( 'NONE', #1914, 2.109999999999980780 ) ;
#1311 = LINE ( 'NONE', #738, #563 ) ;
#1312 = PRESENTATION_STYLE_ASSIGNMENT (( #1619 ) ) ;
#1313 = EDGE_CURVE ( 'NONE', #1895, #493, #1273, .T. ) ;
#1314 = ORIENTED_EDGE ( 'NONE', *, *, #1401, .T. ) ;
#1315 = DIRECTION ( 'NONE',  ( 0.000000000000000000, 1.000000000000000000, 0.000000000000000000 ) ) ;
#1316 = VERTEX_POINT ( 'NONE', #1902 ) ;
#1317 = DIRECTION ( 'NONE',  ( 0.000000000000000000, -1.000000000000000000, 0.000000000000000000 ) ) ;
#1318 = CARTESIAN_POINT ( 'NONE',  ( 63.54295697752949934, -35.24459999999999127, 60.25823796450249148 ) ) ;
#1319 = VECTOR ( 'NONE', #64, 1000.000000000000000 ) ;
#1320 = COLOUR_RGB ( '',0.7921568627450980005, 0.8196078431372548767, 0.9333333333333333481 ) ;
#1321 = DIRECTION ( 'NONE',  ( 0.000000000000000000, 0.000000000000000000, -1.000000000000000000 ) ) ;
#1322 = FACE_OUTER_BOUND ( 'NONE', #905, .T. ) ;
#1323 = AXIS2_PLACEMENT_3D ( 'NONE', #561, #1737, #1159 ) ;
#1324 = ORIENTED_EDGE ( 'NONE', *, *, #868, .F. ) ;
#1325 = FACE_OUTER_BOUND ( 'NONE', #1766, .T. ) ;
#1326 = EDGE_CURVE ( 'NONE', #1075, #584, #579, .T. ) ;
#1327 = VECTOR ( 'NONE', #1673, 1000.000000000000000 ) ;
#1328 = EDGE_LOOP ( 'NONE', ( #1744, #1145, #1092, #1492 ) ) ;
#1329 = LINE ( 'NONE', #598, #1241 ) ;
#1330 = EDGE_CURVE ( 'NONE', #381, #597, #252, .T. ) ;
#1331 = VECTOR ( 'NONE', #1837, 1000.000000000000000 ) ;
#1332 = LINE ( 'NONE', #443, #68 ) ;
#1333 = VECTOR ( 'NONE', #637, 1000.000000000000000 ) ;
#1334 = DIRECTION ( 'NONE',  ( -1.000000000000000000, -0.000000000000000000, -0.000000000000000000 ) ) ;
#1335 = CARTESIAN_POINT ( 'NONE',  ( 72.23725450049074936, -8.412499999999981881, 65.11208568452013878 ) ) ;
#1336 = ORIENTED_EDGE ( 'NONE', *, *, #1692, .F. ) ;
#1337 = CARTESIAN_POINT ( 'NONE',  ( 48.50000000000501643, 1.587500000000001688, 54.74999999999999289 ) ) ;
#1338 = ORIENTED_EDGE ( 'NONE', *, *, #360, .T. ) ;
#1339 = DIRECTION ( 'NONE',  ( 0.000000000000000000, 3.310274992322772079E-15, 1.000000000000000000 ) ) ;
#1340 = EDGE_CURVE ( 'NONE', #1195, #823, #162, .T. ) ;
#1341 = CARTESIAN_POINT ( 'NONE',  ( 68.81470861830374020, -8.412499999999981881, 62.17699864418820255 ) ) ;
#1342 = ADVANCED_FACE ( 'NONE', ( #1502 ), #1218, .F. ) ;
#1343 = CARTESIAN_POINT ( 'NONE',  ( -42.99999999999487699, 0.000000000000000000, 34.79999999999970584 ) ) ;
#1344 = PLANE ( 'NONE',  #397 ) ;
#1345 = ORIENTED_EDGE ( 'NONE', *, *, #176, .T. ) ;
#1346 = CARTESIAN_POINT ( 'NONE',  ( 63.20622171019336832, -35.24459999999996995, -61.82505856416995016 ) ) ;
#1347 = ORIENTED_EDGE ( 'NONE', *, *, #1302, .F. ) ;
#1348 = CARTESIAN_POINT ( 'NONE',  ( -42.99999999999489120, 0.000000000000000000, -34.79999999999970584 ) ) ;
#1349 = DIRECTION ( 'NONE',  ( 0.3420201433256631063, -2.450087886694391505E-15, 0.9396926207859103153 ) ) ;
#1350 = EDGE_CURVE ( 'NONE', #1115, #411, #326, .T. ) ;
#1351 = CARTESIAN_POINT ( 'NONE',  ( -63.00000000000000000, -1.244599999999998374, 61.75000000000001421 ) ) ;
#1352 = VECTOR ( 'NONE', #673, 1000.000000000000000 ) ;
#1353 = DIRECTION ( 'NONE',  ( 0.000000000000000000, 1.000000000000000000, 0.000000000000000000 ) ) ;
#1354 = CIRCLE ( 'NONE', #744, 1.699999999999993072 ) ;
#1355 = ORIENTED_EDGE ( 'NONE', *, *, #1467, .T. ) ;
#1356 = DIRECTION ( 'NONE',  ( 0.000000000000000000, 1.000000000000000000, 0.000000000000000000 ) ) ;
#1357 = AXIS2_PLACEMENT_3D ( 'NONE', #180, #919, #1801 ) ;
#1358 = ORIENTED_EDGE ( 'NONE', *, *, #1793, .F. ) ;
#1359 = DIRECTION ( 'NONE',  ( -0.9396926207859105373, 0.000000000000000000, 0.3420201433256624957 ) ) ;
#1360 = ORIENTED_EDGE ( 'NONE', *, *, #820, .T. ) ;
#1361 = DIRECTION ( 'NONE',  ( -0.000000000000000000, 1.000000000000000000, -0.000000000000000000 ) ) ;
#1362 = AXIS2_PLACEMENT_3D ( 'NONE', #1066, #749, #1032 ) ;
#1363 = CARTESIAN_POINT ( 'NONE',  ( -2.306782544193808001E-29, 2.094387121301529050E-13, -60.16249999999999432 ) ) ;
#1364 = EDGE_CURVE ( 'NONE', #672, #1564, #1797, .T. ) ;
#1365 = DIRECTION ( 'NONE',  ( 0.000000000000000000, 1.000000000000000000, -3.391720034496403636E-15 ) ) ;
#1366 = AXIS2_PLACEMENT_3D ( 'NONE', #1814, #1667, #936 ) ;
#1367 = EDGE_CURVE ( 'NONE', #903, #1075, #7, .T. ) ;
#1368 = CARTESIAN_POINT ( 'NONE',  ( -42.99999999999489120, 1.587500000000001688, -31.64999999999970726 ) ) ;
#1369 = VERTEX_POINT ( 'NONE', #482 ) ;
#1370 = DIRECTION ( 'NONE',  ( 0.000000000000000000, 1.000000000000000000, 0.000000000000000000 ) ) ;
#1371 = VERTEX_POINT ( 'NONE', #1072 ) ;
#1372 = DIRECTION ( 'NONE',  ( 1.000000000000000000, 2.608611564638628950E-45, -3.735680233512240198E-31 ) ) ;
#1373 = CARTESIAN_POINT ( 'NONE',  ( 63.20622171019339675, -1.244599999999977724, 61.82505856416994305 ) ) ;
#1374 = CARTESIAN_POINT ( 'NONE',  ( 63.20622171019339675, -18.41249999999999787, 61.82505856416994305 ) ) ;
#1375 = CARTESIAN_POINT ( 'NONE',  ( 70.25450307063249511, -26.41249999999997655, 64.39042318210304927 ) ) ;
#1376 = EDGE_CURVE ( 'NONE', #1873, #383, #625, .T. ) ;
#1377 = EDGE_LOOP ( 'NONE', ( #1706, #1573, #1258, #864 ) ) ;
#1378 = DIRECTION ( 'NONE',  ( 1.000000000000000000, 1.101411730778925171E-16, -0.000000000000000000 ) ) ;
#1379 = CARTESIAN_POINT ( 'NONE',  ( -12.47646740731967085, 1.100294532685685438E-13, 34.27881247617296623 ) ) ;
#1380 = ORIENTED_EDGE ( 'NONE', *, *, #995, .T. ) ;
#1381 = CARTESIAN_POINT ( 'NONE',  ( 63.00000000000000000, -1.244600000000007256, -58.91790000000000305 ) ) ;
#1382 = LINE ( 'NONE', #498, #1327 ) ;
#1383 = DIRECTION ( 'NONE',  ( -1.470052732016670481E-14, 0.000000000000000000, 1.000000000000000000 ) ) ;
#1384 = LINE ( 'NONE', #814, #247 ) ;
#1385 = AXIS2_PLACEMENT_3D ( 'NONE', #1867, #250, #390 ) ;
#1386 = EDGE_LOOP ( 'NONE', ( #1314, #1408, #713, #1140 ) ) ;
#1387 = DIRECTION ( 'NONE',  ( 0.9396926207859103153, 1.144889530594458203E-15, 0.3420201433256632173 ) ) ;
#1388 = VECTOR ( 'NONE', #1027, 1000.000000000000114 ) ;
#1389 = ADVANCED_FACE ( 'NONE', ( #589 ), #1065, .F. ) ;
#1390 = AXIS2_PLACEMENT_3D ( 'NONE', #1624, #1777, #916 ) ;
#1391 = ORIENTED_EDGE ( 'NONE', *, *, #768, .F. ) ;
#1392 = CARTESIAN_POINT ( 'NONE',  ( 48.50000000000500222, 1.587500000000001688, -51.59999999999999432 ) ) ;
#1393 = ADVANCED_FACE ( 'NONE', ( #1796 ), #319, .T. ) ;
#1394 = VERTEX_POINT ( 'NONE', #145 ) ;
#1395 = APPLICATION_PROTOCOL_DEFINITION ( 'draft international standard', 'automotive_design', 1998, #1256 ) ;
#1396 = AXIS2_PLACEMENT_3D ( 'NONE', #431, #412, #1869 ) ;
#1397 = DIRECTION ( 'NONE',  ( -0.000000000000000000, -1.000000000000000000, -3.391720034496403636E-15 ) ) ;
#1398 = AXIS2_PLACEMENT_3D ( 'NONE', #46, #1282, #1874 ) ;
#1399 = VERTEX_POINT ( 'NONE', #25 ) ;
#1400 = FACE_OUTER_BOUND ( 'NONE', #853, .T. ) ;
#1401 = EDGE_CURVE ( 'NONE', #225, #398, #1329, .T. ) ;
#1402 = ORIENTED_EDGE ( 'NONE', *, *, #542, .F. ) ;
#1403 = DIRECTION ( 'NONE',  ( 0.000000000000000000, 0.000000000000000000, 1.000000000000000000 ) ) ;
#1404 = EDGE_CURVE ( 'NONE', #668, #903, #877, .T. ) ;
#1405 = ORIENTED_EDGE ( 'NONE', *, *, #1104, .F. ) ;
#1406 = ORIENTED_EDGE ( 'NONE', *, *, #1602, .T. ) ;
#1407 = DIRECTION ( 'NONE',  ( 1.000000000000000000, -0.000000000000000000, -0.000000000000000000 ) ) ;
#1408 = ORIENTED_EDGE ( 'NONE', *, *, #518, .T. ) ;
#1409 = DIRECTION ( 'NONE',  ( -1.000000000000000000, -0.000000000000000000, 0.000000000000000000 ) ) ;
#1410 = ORIENTED_EDGE ( 'NONE', *, *, #1446, .F. ) ;
#1411 = EDGE_CURVE ( 'NONE', #1679, #559, #736, .T. ) ;
#1412 = LINE ( 'NONE', #530, #983 ) ;
#1413 = ORIENTED_EDGE ( 'NONE', *, *, #796, .T. ) ;
#1414 = CARTESIAN_POINT ( 'NONE',  ( 68.27175164077424085, -26.41249999999997655, 63.66876067968589581 ) ) ;
#1415 = VECTOR ( 'NONE', #854, 1000.000000000000000 ) ;
#1416 = CIRCLE ( 'NONE', #187, 2.832100000000017825 ) ;
#1417 = ORIENTED_EDGE ( 'NONE', *, *, #1446, .T. ) ;
#1418 = LINE ( 'NONE', #981, #1210 ) ;
#1419 = AXIS2_PLACEMENT_3D ( 'NONE', #1757, #433, #291 ) ;
#1420 = AXIS2_PLACEMENT_3D ( 'NONE', #321, #1199, #210 ) ;
#1421 = ADVANCED_FACE ( 'NONE', ( #441 ), #1784, .T. ) ;
#1422 = EDGE_CURVE ( 'NONE', #450, #546, #688, .T. ) ;
#1423 = ORIENTED_EDGE ( 'NONE', *, *, #1532, .T. ) ;
#1424 = AXIS2_PLACEMENT_3D ( 'NONE', #710, #1181, #1035 ) ;
#1425 = CARTESIAN_POINT ( 'NONE',  ( -63.00000000000000000, -18.41249999999999787, -61.75000000000005684 ) ) ;
#1426 = ORIENTED_EDGE ( 'NONE', *, *, #1738, .F. ) ;
#1427 = FACE_OUTER_BOUND ( 'NONE', #268, .T. ) ;
#1428 = FACE_OUTER_BOUND ( 'NONE', #1198, .T. ) ;
#1429 = CARTESIAN_POINT ( 'NONE',  ( 63.00000000000004263, -1.244599999999988604, -61.75000000000002842 ) ) ;
#1430 = CARTESIAN_POINT ( 'NONE',  ( 72.23725450049074936, -26.41249999999997655, 65.11208568452019563 ) ) ;
#1431 = ORIENTED_EDGE ( 'NONE', *, *, #1591, .T. ) ;
#1432 = FACE_OUTER_BOUND ( 'NONE', #214, .T. ) ;
#1433 = EDGE_CURVE ( 'NONE', #438, #1316, #885, .T. ) ;
#1434 = EDGE_LOOP ( 'NONE', ( #1431, #420, #826, #1069, #93 ) ) ;
#1435 = FACE_BOUND ( 'NONE', #891, .T. ) ;
#1436 = CARTESIAN_POINT ( 'NONE',  ( 70.79746004816199445, -8.412499999999981881, 62.89866114660534890 ) ) ;
#1437 = DIRECTION ( 'NONE',  ( 1.325792070239148129E-15, 1.000000000000000000, 2.727289686021946668E-15 ) ) ;
#1438 = ORIENTED_EDGE ( 'NONE', *, *, #44, .F. ) ;
#1439 = DIRECTION ( 'NONE',  ( 0.000000000000000000, 0.000000000000000000, 1.000000000000000000 ) ) ;
#1440 = VERTEX_POINT ( 'NONE', #1630 ) ;
#1441 = PLANE ( 'NONE',  #1024 ) ;
#1442 = EDGE_CURVE ( 'NONE', #160, #1550, #1196, .T. ) ;
#1443 = AXIS2_PLACEMENT_3D ( 'NONE', #1173, #1315, #1907 ) ;
#1444 = CONICAL_SURFACE ( 'NONE', #957, 3.149999999999999911, 0.7853981633974465026 ) ;
#1445 = CARTESIAN_POINT ( 'NONE',  ( 70.25450307063249511, -8.412499999999981881, 64.39042318210299243 ) ) ;
#1446 = EDGE_CURVE ( 'NONE', #1686, #1679, #1059, .T. ) ;
#1447 = DIRECTION ( 'NONE',  ( -0.9396926207859103153, 0.000000000000000000, 0.3420201433256633283 ) ) ;
#1448 = FILL_AREA_STYLE ('',( #1459 ) ) ;
#1449 = ORIENTED_EDGE ( 'NONE', *, *, #408, .F. ) ;
#1450 = DIRECTION ( 'NONE',  ( 0.000000000000000000, 0.000000000000000000, 1.000000000000000000 ) ) ;
#1451 = AXIS2_PLACEMENT_3D ( 'NONE', #525, #242, #1113 ) ;
#1452 = ORIENTED_EDGE ( 'NONE', *, *, #293, .T. ) ;
#1453 = DIRECTION ( 'NONE',  ( 5.564431717557131342E-15, 1.000000000000000000, 0.000000000000000000 ) ) ;
#1454 = CIRCLE ( 'NONE', #722, 2.109999999999980780 ) ;
#1455 = DIRECTION ( 'NONE',  ( -0.3420201433256633283, -0.000000000000000000, 0.9396926207859104263 ) ) ;
#1456 = ORIENTED_EDGE ( 'NONE', *, *, #8, .T. ) ;
#1457 = EDGE_CURVE ( 'NONE', #1371, #18, #1122, .T. ) ;
#1458 = DIRECTION ( 'NONE',  ( 5.564431717557131342E-15, 1.000000000000000000, 0.000000000000000000 ) ) ;
#1459 = FILL_AREA_STYLE_COLOUR ( '', #1320 ) ;
#1460 = VERTEX_POINT ( 'NONE', #1514 ) ;
#1461 = FACE_OUTER_BOUND ( 'NONE', #332, .T. ) ;
#1462 = ORIENTED_EDGE ( 'NONE', *, *, #237, .F. ) ;
#1463 = CARTESIAN_POINT ( 'NONE',  ( 63.00000000000001421, -1.244599999999998374, 60.16250000000001563 ) ) ;
#1464 = DIRECTION ( 'NONE',  ( -0.000000000000000000, 1.000000000000000000, -0.000000000000000000 ) ) ;
#1465 = UNCERTAINTY_MEASURE_WITH_UNIT (LENGTH_MEASURE( 1.000000000000000082E-05 ), #1116, 'distance_accuracy_value', 'NONE');
#1466 = CARTESIAN_POINT ( 'NONE',  ( 72.78021147802024871, -26.41249999999997655, 63.62032364902255210 ) ) ;
#1467 = EDGE_CURVE ( 'NONE', #532, #1290, #1842, .T. ) ;
#1468 = DIRECTION ( 'NONE',  ( -0.000000000000000000, 1.000000000000000000, -0.000000000000000000 ) ) ;
#1469 = ORIENTED_EDGE ( 'NONE', *, *, #1591, .F. ) ;
#1470 = EDGE_CURVE ( 'NONE', #1071, #1895, #1890, .T. ) ;
#1471 = PLANE ( 'NONE',  #459 ) ;
#1472 = VERTEX_POINT ( 'NONE', #1251 ) ;
#1473 = DIRECTION ( 'NONE',  ( 0.000000000000000000, 0.000000000000000000, 1.000000000000000000 ) ) ;
#1474 = LINE ( 'NONE', #1495, #1789 ) ;
#1475 = AXIS2_PLACEMENT_3D ( 'NONE', #275, #1407, #1583 ) ;
#1476 = CIRCLE ( 'NONE', #776, 3.149999999999999911 ) ;
#1477 = CARTESIAN_POINT ( 'NONE',  ( -63.00000000000000000, -1.244599999999998374, 58.91790000000001726 ) ) ;
#1478 = CARTESIAN_POINT ( 'NONE',  ( -42.99999999999487699, 0.000000000000000000, 33.09999999999971010 ) ) ;
#1479 = CONICAL_SURFACE ( 'NONE', #122, 3.149999999999999911, 0.7853981633974465026 ) ;
#1480 = EDGE_LOOP ( 'NONE', ( #217, #1581, #127, #849 ) ) ;
#1481 = CARTESIAN_POINT ( 'NONE',  ( 48.50000000000501643, 0.000000000000000000, 56.44999999999998863 ) ) ;
#1482 = EDGE_CURVE ( 'NONE', #569, #1226, #504, .T. ) ;
#1483 = EDGE_LOOP ( 'NONE', ( #355, #839, #401, #22 ) ) ;
#1484 = CARTESIAN_POINT ( 'NONE',  ( 63.00000000000002842, -1.244599999999988604, 61.75000000000002132 ) ) ;
#1485 = AXIS2_PLACEMENT_3D ( 'NONE', #1137, #550, #850 ) ;
#1486 = CARTESIAN_POINT ( 'NONE',  ( -42.99999999999487699, 1.587499999999999911, 34.79999999999970584 ) ) ;
#1487 = VECTOR ( 'NONE', #896, 1000.000000000000000 ) ;
#1488 = CARTESIAN_POINT ( 'NONE',  ( -63.00000000000000000, -1.244599999999994377, 60.16250000000001563 ) ) ;
#1489 = DIRECTION ( 'NONE',  ( 0.000000000000000000, 1.000000000000000000, 0.000000000000000000 ) ) ;
#1490 = EDGE_LOOP ( 'NONE', ( #1277, #556, #90, #305 ) ) ;
#1491 = CARTESIAN_POINT ( 'NONE',  ( 48.50000000000501643, 1.587499999999999911, 54.74999999999999289 ) ) ;
#1492 = ORIENTED_EDGE ( 'NONE', *, *, #1505, .T. ) ;
#1493 = DIRECTION ( 'NONE',  ( -0.000000000000000000, 1.000000000000000000, -0.000000000000000000 ) ) ;
#1494 = EDGE_CURVE ( 'NONE', #1369, #1399, #1765, .T. ) ;
#1495 = CARTESIAN_POINT ( 'NONE',  ( 63.00000000000000000, -1.244599999999998374, -60.16250000000000142 ) ) ;
#1496 = DIRECTION ( 'NONE',  ( 0.9396926207859095381, 0.000000000000000000, 0.3420201433256654378 ) ) ;
#1497 = CARTESIAN_POINT ( 'NONE',  ( 63.20622171019338253, -18.41249999999999787, -61.82505856416990753 ) ) ;
#1498 = CYLINDRICAL_SURFACE ( 'NONE', #616, 2.109999999999980780 ) ;
#1499 = ORIENTED_EDGE ( 'NONE', *, *, #1467, .F. ) ;
#1500 = CARTESIAN_POINT ( 'NONE',  ( -42.99999999999487699, 1.587500000000001688, 37.94999999999970441 ) ) ;
#1501 = ORIENTED_EDGE ( 'NONE', *, *, #176, .F. ) ;
#1502 = FACE_OUTER_BOUND ( 'NONE', #991, .T. ) ;
#1503 = ADVANCED_FACE ( 'NONE', ( #223 ), #206, .T. ) ;
#1504 = CARTESIAN_POINT ( 'NONE',  ( 72.78021147802024871, -8.412499999999981881, 63.62032364902249526 ) ) ;
#1505 = EDGE_CURVE ( 'NONE', #142, #1165, #54, .T. ) ;
#1506 = LINE ( 'NONE', #1662, #313 ) ;
#1507 = CLOSED_SHELL ( 'NONE', ( #681, #952, #857, #282, #680, #480, #705, #1034, #1804, #1246, #1060, #267, #976, #1228, #1882, #1862, #1421, #766, #1007, #1257, #395, #635, #327, #1393, #1671, #1503, #1389, #1176, #1568, #495, #1342, #150, #1096, #1559, #969, #385, #1271, #1850, #1872, #1566, #1190, #1083, #1752, #1675, #1153, #16, #1681, #845, #1142, #77, #1225, #1187, #510, #19, #1305, #1578, #1063, #138, #178, #731, #1202, #362, #1074, #316, #468, #794 ) ) ;
#1508 = DIRECTION ( 'NONE',  ( 0.3420201433256633283, 0.000000000000000000, -0.9396926207859103153 ) ) ;
#1509 = CIRCLE ( 'NONE', #276, 3.149999999999999911 ) ;
#1510 = ORIENTED_EDGE ( 'NONE', *, *, #1494, .F. ) ;
#1511 = DIRECTION ( 'NONE',  ( 0.000000000000000000, 0.000000000000000000, 1.000000000000000000 ) ) ;
#1512 = CIRCLE ( 'NONE', #812, 3.149999999999999911 ) ;
#1513 = ORIENTED_EDGE ( 'NONE', *, *, #408, .T. ) ;
#1514 = CARTESIAN_POINT ( 'NONE',  ( 72.23725450049074936, -26.41249999999997655, 65.11208568452019563 ) ) ;
#1515 = AXIS2_PLACEMENT_3D ( 'NONE', #1810, #760, #486 ) ;
#1516 = EDGE_LOOP ( 'NONE', ( #1656, #1347 ) ) ;
#1517 = CARTESIAN_POINT ( 'NONE',  ( -63.00000000000000000, -1.244600000000007256, -58.91790000000000305 ) ) ;
#1518 = CARTESIAN_POINT ( 'NONE',  ( 68.27175164077424085, -26.41249999999997655, 63.66876067968589581 ) ) ;
#1519 = AXIS2_PLACEMENT_3D ( 'NONE', #657, #1834, #1093 ) ;
#1520 = DIRECTION ( 'NONE',  ( -0.3420201433256633283, -0.000000000000000000, -0.9396926207859103153 ) ) ;
#1521 = LINE ( 'NONE', #1374, #121 ) ;
#1522 = EDGE_CURVE ( 'NONE', #1071, #534, #798, .T. ) ;
#1523 = VECTOR ( 'NONE', #59, 1000.000000000000000 ) ;
#1524 = DIRECTION ( 'NONE',  ( -0.000000000000000000, 1.000000000000000000, -0.000000000000000000 ) ) ;
#1525 = ORIENTED_EDGE ( 'NONE', *, *, #721, .T. ) ;
#1526 = CARTESIAN_POINT ( 'NONE',  ( 63.00000000000001421, -35.24459999999998416, 61.75000000000012079 ) ) ;
#1527 = LINE ( 'NONE', #207, #773 ) ;
#1528 = EDGE_LOOP ( 'NONE', ( #1324, #512, #234, #988 ) ) ;
#1529 = DIRECTION ( 'NONE',  ( -1.000000000000000000, 0.000000000000000000, 0.000000000000000000 ) ) ;
#1530 = DIRECTION ( 'NONE',  ( 0.000000000000000000, 0.000000000000000000, 1.000000000000000000 ) ) ;
#1531 = CARTESIAN_POINT ( 'NONE',  ( 0.000000000000000000, 2.149814387555664210E-13, 61.75000000000000711 ) ) ;
#1532 = EDGE_CURVE ( 'NONE', #1827, #912, #689, .T. ) ;
#1533 = PLANE ( 'NONE',  #1822 ) ;
#1534 = ORIENTED_EDGE ( 'NONE', *, *, #56, .T. ) ;
#1535 = DIRECTION ( 'NONE',  ( -0.000000000000000000, 1.000000000000000000, -0.000000000000000000 ) ) ;
#1536 = DIRECTION ( 'NONE',  ( 0.000000000000000000, 0.000000000000000000, -1.000000000000000000 ) ) ;
#1537 = ADVANCED_BREP_SHAPE_REPRESENTATION ( '550-00165-00', ( #653, #1769 ), #1608 ) ;
#1538 = ORIENTED_EDGE ( 'NONE', *, *, #375, .F. ) ;
#1539 = FACE_BOUND ( 'NONE', #521, .T. ) ;
#1540 = SHAPE_DEFINITION_REPRESENTATION ( #1010, #1537 ) ;
#1541 = DIRECTION ( 'NONE',  ( -0.000000000000000000, 1.000000000000000000, -0.000000000000000000 ) ) ;
#1542 = ORIENTED_EDGE ( 'NONE', *, *, #943, .T. ) ;
#1543 = DIRECTION ( 'NONE',  ( 0.000000000000000000, -1.000000000000000000, 3.491481338843133355E-15 ) ) ;
#1544 = CIRCLE ( 'NONE', #712, 1.700000000000000178 ) ;
#1545 = DIRECTION ( 'NONE',  ( 0.9396926207859103153, 0.000000000000000000, 0.3420201433256632728 ) ) ;
#1546 = EDGE_CURVE ( 'NONE', #426, #912, #335, .T. ) ;
#1547 = AXIS2_PLACEMENT_3D ( 'NONE', #1786, #631, #485 ) ;
#1548 = ORIENTED_EDGE ( 'NONE', *, *, #1692, .T. ) ;
#1549 = PLANE ( 'NONE',  #503 ) ;
#1550 = VERTEX_POINT ( 'NONE', #1429 ) ;
#1551 = DIRECTION ( 'NONE',  ( -1.224510688924805193E-15, -1.000000000000000000, -2.449021377849610387E-15 ) ) ;
#1552 = VECTOR ( 'NONE', #728, 999.9999999999998863 ) ;
#1553 = VECTOR ( 'NONE', #1458, 1000.000000000000000 ) ;
#1554 = ORIENTED_EDGE ( 'NONE', *, *, #1818, .T. ) ;
#1555 = DIRECTION ( 'NONE',  ( -1.000000000000000000, 5.564431717557131342E-15, 0.000000000000000000 ) ) ;
#1556 = CARTESIAN_POINT ( 'NONE',  ( -63.00000000000000000, -8.673617379884035472E-15, -58.91790000000000305 ) ) ;
#1557 = EDGE_LOOP ( 'NONE', ( #376, #958, #627, #1846 ) ) ;
#1558 = DIRECTION ( 'NONE',  ( 0.3420201433256615520, 0.000000000000000000, -0.9396926207859110924 ) ) ;
#1559 = ADVANCED_FACE ( 'NONE', ( #1826 ), #63, .T. ) ;
#1560 = ORIENTED_EDGE ( 'NONE', *, *, #509, .F. ) ;
#1561 = CARTESIAN_POINT ( 'NONE',  ( -63.00000000000000000, 0.000000000000000000, 58.91790000000001726 ) ) ;
#1562 = EDGE_LOOP ( 'NONE', ( #241, #369, #978, #1525 ) ) ;
#1563 = CARTESIAN_POINT ( 'NONE',  ( -62.99999999999998579, -1.244599999999998374, 60.16250000000001563 ) ) ;
#1564 = VERTEX_POINT ( 'NONE', #73 ) ;
#1565 = CARTESIAN_POINT ( 'NONE',  ( 63.20622171019338253, -35.24459999999996995, 61.82505856416999279 ) ) ;
#1566 = ADVANCED_FACE ( 'NONE', ( #1400 ), #966, .F. ) ;
#1567 = EDGE_LOOP ( 'NONE', ( #1808, #747, #595, #1709 ) ) ;
#1568 = ADVANCED_FACE ( 'NONE', ( #1684 ), #788, .T. ) ;
#1569 = CARTESIAN_POINT ( 'NONE',  ( 77.77204403691978030, -1.244599999999970619, -67.12658432870827596 ) ) ;
#1570 = ORIENTED_EDGE ( 'NONE', *, *, #1885, .F. ) ;
#1571 = FACE_OUTER_BOUND ( 'NONE', #572, .T. ) ;
#1572 = CIRCLE ( 'NONE', #553, 2.109999999999993658 ) ;
#1573 = ORIENTED_EDGE ( 'NONE', *, *, #52, .T. ) ;
#1574 = CARTESIAN_POINT ( 'NONE',  ( -42.99999999999489120, 1.587500000000001688, -31.64999999999970726 ) ) ;
#1575 = AXIS2_PLACEMENT_3D ( 'NONE', #1212, #1646, #322 ) ;
#1576 = DIRECTION ( 'NONE',  ( -0.000000000000000000, 1.000000000000000000, -0.000000000000000000 ) ) ;
#1577 = AXIS2_PLACEMENT_3D ( 'NONE', #49, #1043, #640 ) ;
#1578 = ADVANCED_FACE ( 'NONE', ( #666 ), #522, .F. ) ;
#1579 = DIRECTION ( 'NONE',  ( -0.000000000000000000, 0.000000000000000000, 1.000000000000000000 ) ) ;
#1580 = AXIS2_PLACEMENT_3D ( 'NONE', #94, #290, #269 ) ;
#1581 = ORIENTED_EDGE ( 'NONE', *, *, #707, .F. ) ;
#1582 = CIRCLE ( 'NONE', #1300, 2.832099999999996953 ) ;
#1583 = DIRECTION ( 'NONE',  ( 0.000000000000000000, 0.000000000000000000, -1.000000000000000000 ) ) ;
#1584 = ORIENTED_EDGE ( 'NONE', *, *, #1522, .T. ) ;
#1585 = FACE_OUTER_BOUND ( 'NONE', #278, .T. ) ;
#1586 = PLANE ( 'NONE',  #834 ) ;
#1587 = DIRECTION ( 'NONE',  ( 0.9396926207859095381, 0.000000000000000000, 0.3420201433256654378 ) ) ;
#1588 = EDGE_CURVE ( 'NONE', #387, #142, #195, .T. ) ;
#1589 = ORIENTED_EDGE ( 'NONE', *, *, #1615, .T. ) ;
#1590 = CARTESIAN_POINT ( 'NONE',  ( -63.00000000000000000, -18.41250000000000497, -60.16250000000005826 ) ) ;
#1591 = EDGE_CURVE ( 'NONE', #569, #222, #841, .T. ) ;
#1592 = EDGE_LOOP ( 'NONE', ( #725, #478, #1813, #622 ) ) ;
#1593 = DIRECTION ( 'NONE',  ( -0.3420201433256633283, -0.000000000000000000, -0.9396926207859104263 ) ) ;
#1594 = DIRECTION ( 'NONE',  ( -2.051465652230806124E-16, 1.000000000000000000, -3.308094233964476988E-15 ) ) ;
#1595 = CARTESIAN_POINT ( 'NONE',  ( 78.31500101444925122, -1.244599999999975282, 65.63482229321063244 ) ) ;
#1596 = DIRECTION ( 'NONE',  ( 8.163404592832033966E-16, 1.000000000000000000, -2.449021377849610387E-15 ) ) ;
#1597 = ORIENTED_EDGE ( 'NONE', *, *, #519, .T. ) ;
#1598 = DIRECTION ( 'NONE',  ( 0.000000000000000000, 0.000000000000000000, 1.000000000000000000 ) ) ;
#1599 = ORIENTED_EDGE ( 'NONE', *, *, #167, .F. ) ;
#1600 = DIRECTION ( 'NONE',  ( 0.000000000000000000, 1.000000000000000000, 0.000000000000000000 ) ) ;
#1601 = VECTOR ( 'NONE', #999, 1000.000000000000000 ) ;
#1602 = EDGE_CURVE ( 'NONE', #1899, #1157, #554, .T. ) ;
#1603 = VECTOR ( 'NONE', #436, 1000.000000000000114 ) ;
#1604 = FACE_OUTER_BOUND ( 'NONE', #1490, .T. ) ;
#1605 = ORIENTED_EDGE ( 'NONE', *, *, #1330, .F. ) ;
#1606 = AXIS2_PLACEMENT_3D ( 'NONE', #641, #1353, #770 ) ;
#1607 = CARTESIAN_POINT ( 'NONE',  ( 63.20622171019339675, -1.244599999999988382, -61.82505856416987911 ) ) ;
#1608 =( GEOMETRIC_REPRESENTATION_CONTEXT ( 3 ) GLOBAL_UNCERTAINTY_ASSIGNED_CONTEXT ( ( #1465 ) ) GLOBAL_UNIT_ASSIGNED_CONTEXT ( ( #1116, #1700, #1710 ) ) REPRESENTATION_CONTEXT ( 'NONE', 'WORKASPACE' ) );
#1609 = EDGE_LOOP ( 'NONE', ( #394, #1107 ) ) ;
#1610 = DIRECTION ( 'NONE',  ( -5.564431717557131342E-15, -1.000000000000000000, -0.000000000000000000 ) ) ;
#1611 = AXIS2_PLACEMENT_3D ( 'NONE', #185, #779, #1221 ) ;
#1612 = ORIENTED_EDGE ( 'NONE', *, *, #694, .T. ) ;
#1613 = CARTESIAN_POINT ( 'NONE',  ( 77.77204403691978030, -35.24459999999996285, -67.12658432870837544 ) ) ;
#1614 = AXIS2_PLACEMENT_3D ( 'NONE', #1678, #513, #699 ) ;
#1615 = EDGE_CURVE ( 'NONE', #1758, #411, #1582, .T. ) ;
#1616 = CARTESIAN_POINT ( 'NONE',  ( 48.50000000000500222, 0.1374999999999965694, -56.44999999999999574 ) ) ;
#1617 = EDGE_CURVE ( 'NONE', #45, #366, #786, .T. ) ;
#1618 = DIRECTION ( 'NONE',  ( -0.3420201433256633283, -0.000000000000000000, -0.9396926207859104263 ) ) ;
#1619 = SURFACE_STYLE_USAGE ( .BOTH. , #455 ) ;
#1620 = EDGE_LOOP ( 'NONE', ( #1732, #1856 ) ) ;
#1621 = DIRECTION ( 'NONE',  ( -0.000000000000000000, 1.000000000000000000, -0.000000000000000000 ) ) ;
#1622 = VERTEX_POINT ( 'NONE', #271 ) ;
#1623 = CARTESIAN_POINT ( 'NONE',  ( -42.99999999999487699, 1.587500000000001688, 34.79999999999970584 ) ) ;
#1624 = CARTESIAN_POINT ( 'NONE',  ( 62.78054343981036567, -1.244599999999991491, -61.75000000000004974 ) ) ;
#1625 = DIRECTION ( 'NONE',  ( -1.000000000000000000, -0.000000000000000000, -0.000000000000000000 ) ) ;
#1626 = EDGE_CURVE ( 'NONE', #1165, #1316, #573, .T. ) ;
#1627 = ORIENTED_EDGE ( 'NONE', *, *, #1617, .T. ) ;
#1628 = DIRECTION ( 'NONE',  ( 1.000000000000000000, -6.125219716735977382E-15, 0.000000000000000000 ) ) ;
#1629 = VERTEX_POINT ( 'NONE', #730 ) ;
#1630 = CARTESIAN_POINT ( 'NONE',  ( 63.20622171019339675, -1.244599999999977724, 61.82505856416994305 ) ) ;
#1631 = DIRECTION ( 'NONE',  ( 0.000000000000000000, 0.000000000000000000, 1.000000000000000000 ) ) ;
#1632 = DIRECTION ( 'NONE',  ( 0.3420201433256633283, 0.000000000000000000, -0.9396926207859104263 ) ) ;
#1633 = VECTOR ( 'NONE', #724, 1000.000000000000000 ) ;
#1634 = CYLINDRICAL_SURFACE ( 'NONE', #253, 1.699999999999993072 ) ;
#1635 = CARTESIAN_POINT ( 'NONE',  ( 62.78054343981026619, -18.41249999999999432, -61.75000000000004974 ) ) ;
#1636 = CIRCLE ( 'NONE', #1357, 2.109999999999978559 ) ;
#1637 = EDGE_CURVE ( 'NONE', #1679, #1899, #1311, .T. ) ;
#1638 = ORIENTED_EDGE ( 'NONE', *, *, #1279, .F. ) ;
#1639 = LINE ( 'NONE', #1774, #462 ) ;
#1640 = EDGE_LOOP ( 'NONE', ( #1554, #1308 ) ) ;
#1641 = CARTESIAN_POINT ( 'NONE',  ( 70.79746004816198024, -26.41249999999997655, -62.89866114660540575 ) ) ;
#1642 = VECTOR ( 'NONE', #1278, 1000.000000000000114 ) ;
#1643 = LINE ( 'NONE', #791, #1147 ) ;
#1644 = VECTOR ( 'NONE', #128, 1000.000000000000000 ) ;
#1645 = CARTESIAN_POINT ( 'NONE',  ( 48.50000000000501643, 0.000000000000000000, 53.04999999999999716 ) ) ;
#1646 = DIRECTION ( 'NONE',  ( -0.000000000000000000, 1.000000000000000000, -0.000000000000000000 ) ) ;
#1647 = VERTEX_POINT ( 'NONE', #723 ) ;
#1648 = CARTESIAN_POINT ( 'NONE',  ( 70.25450307063249511, -26.41249999999997655, 64.39042318210304927 ) ) ;
#1649 = EDGE_LOOP ( 'NONE', ( #1548, #935, #258, #337 ) ) ;
#1650 = CARTESIAN_POINT ( 'NONE',  ( 63.00000000000000000, -1.244600000000007256, -58.91790000000000305 ) ) ;
#1651 = FACE_OUTER_BOUND ( 'NONE', #611, .T. ) ;
#1652 = CARTESIAN_POINT ( 'NONE',  ( 63.20622171019336832, -35.24459999999996995, -61.82505856416995016 ) ) ;
#1653 = PLANE ( 'NONE',  #777 ) ;
#1654 = VERTEX_POINT ( 'NONE', #1466 ) ;
#1655 = CARTESIAN_POINT ( 'NONE',  ( -63.00000000000000000, -1.244600000000007256, -58.91790000000000305 ) ) ;
#1656 = ORIENTED_EDGE ( 'NONE', *, *, #1422, .F. ) ;
#1657 = DIRECTION ( 'NONE',  ( 0.000000000000000000, 0.000000000000000000, -1.000000000000000000 ) ) ;
#1658 = FACE_OUTER_BOUND ( 'NONE', #1265, .T. ) ;
#1659 = ORIENTED_EDGE ( 'NONE', *, *, #1248, .F. ) ;
#1660 = FACE_OUTER_BOUND ( 'NONE', #690, .T. ) ;
#1661 = EDGE_CURVE ( 'NONE', #823, #543, #751, .T. ) ;
#1662 = CARTESIAN_POINT ( 'NONE',  ( 0.000000000000000000, -1.244599999999998374, 61.75000000000001421 ) ) ;
#1663 = DIRECTION ( 'NONE',  ( 0.000000000000000000, 3.308094233964476594E-15, -1.000000000000000000 ) ) ;
#1664 = VECTOR ( 'NONE', #634, 1000.000000000000000 ) ;
#1665 = CARTESIAN_POINT ( 'NONE',  ( 48.50000000000500222, 1.587500000000001688, -54.74999999999999289 ) ) ;
#1666 = ORIENTED_EDGE ( 'NONE', *, *, #44, .T. ) ;
#1667 = DIRECTION ( 'NONE',  ( -0.3420201433256633283, -0.000000000000000000, 0.9396926207859104263 ) ) ;
#1668 = ORIENTED_EDGE ( 'NONE', *, *, #1870, .T. ) ;
#1669 = CARTESIAN_POINT ( 'NONE',  ( 78.31500101444926543, -1.244599999999975282, -65.63482229321064665 ) ) ;
#1670 = AXIS2_PLACEMENT_3D ( 'NONE', #591, #1361, #338 ) ;
#1671 = ADVANCED_FACE ( 'NONE', ( #1160 ), #1014, .F. ) ;
#1672 = VECTOR ( 'NONE', #15, 1000.000000000000000 ) ;
#1673 = DIRECTION ( 'NONE',  ( 0.000000000000000000, -0.000000000000000000, 1.000000000000000000 ) ) ;
#1674 = CARTESIAN_POINT ( 'NONE',  ( -42.99999999999487699, 1.587500000000001688, 34.79999999999970584 ) ) ;
#1675 = ADVANCED_FACE ( 'NONE', ( #1303 ), #424, .F. ) ;
#1676 = DIRECTION ( 'NONE',  ( 0.000000000000000000, -1.000000000000000000, 0.000000000000000000 ) ) ;
#1677 = EDGE_LOOP ( 'NONE', ( #708, #144, #1294, #1061 ) ) ;
#1678 = CARTESIAN_POINT ( 'NONE',  ( -42.99999999999487699, 1.587500000000001688, 34.79999999999970584 ) ) ;
#1679 = VERTEX_POINT ( 'NONE', #1607 ) ;
#1680 = CARTESIAN_POINT ( 'NONE',  ( -63.00000000000000000, 0.000000000000000000, 58.91790000000001726 ) ) ;
#1681 = ADVANCED_FACE ( 'NONE', ( #1003 ), #1886, .F. ) ;
#1682 = DIRECTION ( 'NONE',  ( 0.3420201433256634393, -3.016261586583567210E-15, -0.9396926207859103153 ) ) ;
#1683 = ORIENTED_EDGE ( 'NONE', *, *, #432, .T. ) ;
#1684 = FACE_OUTER_BOUND ( 'NONE', #1377, .T. ) ;
#1685 = CARTESIAN_POINT ( 'NONE',  ( 48.50000000000501643, 1.587499999999999911, 53.04999999999999716 ) ) ;
#1686 = VERTEX_POINT ( 'NONE', #139 ) ;
#1687 = CARTESIAN_POINT ( 'NONE',  ( -63.00000000000000000, 5.542726625413474202E-15, 61.75000000000000711 ) ) ;
#1688 = ORIENTED_EDGE ( 'NONE', *, *, #67, .F. ) ;
#1689 = AXIS2_PLACEMENT_3D ( 'NONE', #979, #1861, #533 ) ;
#1690 = CARTESIAN_POINT ( 'NONE',  ( 63.74917868772288188, -1.244599999999977724, 60.33329652867230664 ) ) ;
#1691 = CONICAL_SURFACE ( 'NONE', #1169, 3.149999999999999911, 0.7853981633974465026 ) ;
#1692 = EDGE_CURVE ( 'NONE', #251, #1000, #284, .T. ) ;
#1693 = ORIENTED_EDGE ( 'NONE', *, *, #1411, .F. ) ;
#1694 = DIRECTION ( 'NONE',  ( 5.564431717557131342E-15, 1.000000000000000000, 0.000000000000000000 ) ) ;
#1695 = AXIS2_PLACEMENT_3D ( 'NONE', #633, #1240, #1058 ) ;
#1696 = CARTESIAN_POINT ( 'NONE',  ( 48.50000000000500222, 1.587499999999999911, -53.04999999999999716 ) ) ;
#1697 = EDGE_LOOP ( 'NONE', ( #822, #1217 ) ) ;
#1698 = FACE_OUTER_BOUND ( 'NONE', #630, .T. ) ;
#1699 = ORIENTED_EDGE ( 'NONE', *, *, #518, .F. ) ;
#1700 =( NAMED_UNIT ( * ) PLANE_ANGLE_UNIT ( ) SI_UNIT ( $, .RADIAN. ) );
#1701 = AXIS2_PLACEMENT_3D ( 'NONE', #906, #1776, #1359 ) ;
#1702 = VECTOR ( 'NONE', #466, 1000.000000000000000 ) ;
#1703 = ORIENTED_EDGE ( 'NONE', *, *, #8, .F. ) ;
#1704 = DIRECTION ( 'NONE',  ( 0.3420201433256628842, 0.000000000000000000, 0.9396926207859104263 ) ) ;
#1705 = EDGE_CURVE ( 'NONE', #1866, #538, #818, .T. ) ;
#1706 = ORIENTED_EDGE ( 'NONE', *, *, #141, .F. ) ;
#1707 = FACE_OUTER_BOUND ( 'NONE', #1272, .T. ) ;
#1708 = EDGE_CURVE ( 'NONE', #1052, #1865, #996, .T. ) ;
#1709 = ORIENTED_EDGE ( 'NONE', *, *, #246, .F. ) ;
#1710 =( NAMED_UNIT ( * ) SI_UNIT ( $, .STERADIAN. ) SOLID_ANGLE_UNIT ( ) );
#1711 = ORIENTED_EDGE ( 'NONE', *, *, #1376, .F. ) ;
#1712 = LINE ( 'NONE', #1734, #245 ) ;
#1713 = ORIENTED_EDGE ( 'NONE', *, *, #167, .T. ) ;
#1714 = LINE ( 'NONE', #1736, #1297 ) ;
#1715 = EDGE_CURVE ( 'NONE', #1000, #1792, #872, .T. ) ;
#1716 = CARTESIAN_POINT ( 'NONE',  ( 62.78054343981026619, -18.41249999999999076, -61.75000000000004974 ) ) ;
#1717 = ORIENTED_EDGE ( 'NONE', *, *, #917, .T. ) ;
#1718 = PRODUCT ( '550-00165-00', '550-00165-00', '', ( #971 ) ) ;
#1719 = CARTESIAN_POINT ( 'NONE',  ( 77.77204403691976609, -1.244599999999970619, 67.12658432870826175 ) ) ;
#1720 = ORIENTED_EDGE ( 'NONE', *, *, #1897, .F. ) ;
#1721 = CARTESIAN_POINT ( 'NONE',  ( 70.79746004816199445, -8.412499999999981881, -62.89866114660534890 ) ) ;
#1722 = AXIS2_PLACEMENT_3D ( 'NONE', #1655, #333, #921 ) ;
#1723 = ORIENTED_EDGE ( 'NONE', *, *, #694, .F. ) ;
#1724 = DIRECTION ( 'NONE',  ( -0.9396926207859105373, -1.116819523546315482E-15, -0.3420201433256630508 ) ) ;
#1725 = AXIS2_PLACEMENT_3D ( 'NONE', #114, #1022, #403 ) ;
#1726 = DIRECTION ( 'NONE',  ( -0.000000000000000000, 1.000000000000000000, -0.000000000000000000 ) ) ;
#1727 = EDGE_CURVE ( 'NONE', #567, #450, #1170, .T. ) ;
#1728 = VECTOR ( 'NONE', #1551, 1000.000000000000000 ) ;
#1729 = CARTESIAN_POINT ( 'NONE',  ( 63.20622171019338253, -35.24459999999996995, 61.82505856416999279 ) ) ;
#1730 = EDGE_CURVE ( 'NONE', #1028, #1005, #1454, .T. ) ;
#1731 = AXIS2_PLACEMENT_3D ( 'NONE', #1650, #36, #184 ) ;
#1732 = ORIENTED_EDGE ( 'NONE', *, *, #820, .F. ) ;
#1733 = AXIS2_PLACEMENT_3D ( 'NONE', #946, #1535, #1243 ) ;
#1734 = CARTESIAN_POINT ( 'NONE',  ( 62.78054343981029461, -18.41249999999999787, 61.75000000000009237 ) ) ;
#1735 = ORIENTED_EDGE ( 'NONE', *, *, #608, .F. ) ;
#1736 = CARTESIAN_POINT ( 'NONE',  ( 78.31500101444926543, -1.244599999999975282, -65.63482229321064665 ) ) ;
#1737 = DIRECTION ( 'NONE',  ( -0.3420201433256633283, 3.016261586583566815E-15, 0.9396926207859105373 ) ) ;
#1738 = EDGE_CURVE ( 'NONE', #787, #96, #446, .T. ) ;
#1739 = DIRECTION ( 'NONE',  ( 0.000000000000000000, -0.000000000000000000, -1.000000000000000000 ) ) ;
#1740 = CARTESIAN_POINT ( 'NONE',  ( 63.00000000000000000, -1.244599999999998374, 58.91790000000001726 ) ) ;
#1741 = EDGE_CURVE ( 'NONE', #1101, #1157, #264, .T. ) ;
#1742 = ORIENTED_EDGE ( 'NONE', *, *, #257, .T. ) ;
#1743 = DIRECTION ( 'NONE',  ( -0.3420201433256633283, -0.000000000000000000, 0.9396926207859104263 ) ) ;
#1744 = ORIENTED_EDGE ( 'NONE', *, *, #1626, .T. ) ;
#1745 = FACE_OUTER_BOUND ( 'NONE', #358, .T. ) ;
#1746 = CARTESIAN_POINT ( 'NONE',  ( -42.99999999999489120, 1.587499999999999911, -36.49999999999970157 ) ) ;
#1747 = ORIENTED_EDGE ( 'NONE', *, *, #1818, .F. ) ;
#1748 = CARTESIAN_POINT ( 'NONE',  ( 70.25450307063249511, -8.412499999999981881, -64.39042318210299243 ) ) ;
#1749 = DIRECTION ( 'NONE',  ( -0.000000000000000000, 0.000000000000000000, 1.000000000000000000 ) ) ;
#1750 = ORIENTED_EDGE ( 'NONE', *, *, #551, .F. ) ;
#1751 = FACE_BOUND ( 'NONE', #1609, .T. ) ;
#1752 = ADVANCED_FACE ( 'NONE', ( #116 ), #1152, .T. ) ;
#1753 = EDGE_LOOP ( 'NONE', ( #884, #314, #1542, #274, #1410 ) ) ;
#1754 = DIRECTION ( 'NONE',  ( -1.000000000000000000, -0.000000000000000000, 0.000000000000000000 ) ) ;
#1755 = AXIS2_PLACEMENT_3D ( 'NONE', #1073, #55, #1536 ) ;
#1756 = VECTOR ( 'NONE', #594, 1000.000000000000000 ) ;
#1757 = CARTESIAN_POINT ( 'NONE',  ( 48.50000000000501643, 1.587499999999999911, 54.74999999999999289 ) ) ;
#1758 = VERTEX_POINT ( 'NONE', #1351 ) ;
#1759 = AXIS2_PLACEMENT_3D ( 'NONE', #1301, #1726, #1894 ) ;
#1760 = DIRECTION ( 'NONE',  ( 8.659560562354918067E-17, 0.7071067811865489050, -0.7071067811865462405 ) ) ;
#1761 = LINE ( 'NONE', #1335, #1603 ) ;
#1762 = ORIENTED_EDGE ( 'NONE', *, *, #1615, .F. ) ;
#1763 = FACE_OUTER_BOUND ( 'NONE', #318, .T. ) ;
#1764 = VECTOR ( 'NONE', #235, 999.9999999999998863 ) ;
#1765 = CIRCLE ( 'NONE', #1366, 2.109999999999993658 ) ;
#1766 = EDGE_LOOP ( 'NONE', ( #517, #248, #1717, #1750 ) ) ;
#1767 = CARTESIAN_POINT ( 'NONE',  ( 63.00000000000000000, -1.244599999999998374, 58.91790000000001726 ) ) ;
#1768 = EDGE_CURVE ( 'NONE', #1686, #14, #1211, .T. ) ;
#1769 = AXIS2_PLACEMENT_3D ( 'NONE', #950, #539, #388 ) ;
#1770 = CARTESIAN_POINT ( 'NONE',  ( -63.00000000000000000, -1.244599999999998374, -60.16250000000000142 ) ) ;
#1771 = CARTESIAN_POINT ( 'NONE',  ( -63.00000000000000000, -1.244599999999998374, 58.91790000000001726 ) ) ;
#1772 = CARTESIAN_POINT ( 'NONE',  ( 63.00000000000000000, 1.587499999999999911, -61.74999999999999289 ) ) ;
#1773 = ORIENTED_EDGE ( 'NONE', *, *, #649, .T. ) ;
#1774 = CARTESIAN_POINT ( 'NONE',  ( -63.00000000000000000, 2.094387121301529050E-13, -60.16249999999999432 ) ) ;
#1775 = EDGE_LOOP ( 'NONE', ( #1220, #1538 ) ) ;
#1776 = DIRECTION ( 'NONE',  ( -0.3420201433256628842, 3.016261586583566815E-15, -0.9396926207859105373 ) ) ;
#1777 = DIRECTION ( 'NONE',  ( 1.383310701824343101E-14, -1.000000000000000000, 0.000000000000000000 ) ) ;
#1778 = EDGE_CURVE ( 'NONE', #1283, #1440, #619, .T. ) ;
#1779 = PLANE ( 'NONE',  #1577 ) ;
#1780 = DIRECTION ( 'NONE',  ( 1.000000000000000000, 0.000000000000000000, -1.123707514802790025E-16 ) ) ;
#1781 = ORIENTED_EDGE ( 'NONE', *, *, #848, .T. ) ;
#1782 = FACE_OUTER_BOUND ( 'NONE', #296, .T. ) ;
#1783 = ORIENTED_EDGE ( 'NONE', *, *, #783, .T. ) ;
#1784 = PLANE ( 'NONE',  #406 ) ;
#1785 = VECTOR ( 'NONE', #1135, 1000.000000000000000 ) ;
#1786 = CARTESIAN_POINT ( 'NONE',  ( 0.000000000000000000, 2.094387121301529555E-13, 60.16250000000000853 ) ) ;
#1787 = DIRECTION ( 'NONE',  ( -0.3420201433256633283, -0.000000000000000000, 0.9396926207859104263 ) ) ;
#1788 = AXIS2_PLACEMENT_3D ( 'NONE', #34, #1105, #324 ) ;
#1789 = VECTOR ( 'NONE', #606, 1000.000000000000000 ) ;
#1790 = CARTESIAN_POINT ( 'NONE',  ( 48.50000000000500222, 1.587500000000001688, -54.74999999999999289 ) ) ;
#1791 = DIRECTION ( 'NONE',  ( 0.000000000000000000, 0.000000000000000000, 1.000000000000000000 ) ) ;
#1792 = VERTEX_POINT ( 'NONE', #632 ) ;
#1793 = EDGE_CURVE ( 'NONE', #411, #1290, #900, .T. ) ;
#1794 = FACE_BOUND ( 'NONE', #1697, .T. ) ;
#1795 = ORIENTED_EDGE ( 'NONE', *, *, #1104, .T. ) ;
#1796 = FACE_OUTER_BOUND ( 'NONE', #265, .T. ) ;
#1797 = CIRCLE ( 'NONE', #130, 1.699999999999993072 ) ;
#1798 = FACE_OUTER_BOUND ( 'NONE', #974, .T. ) ;
#1799 = VECTOR ( 'NONE', #1760, 999.9999999999998863 ) ;
#1800 = DIRECTION ( 'NONE',  ( -0.000000000000000000, 1.000000000000000000, -0.000000000000000000 ) ) ;
#1801 = DIRECTION ( 'NONE',  ( -0.9396926207859105373, 0.000000000000000000, 0.3420201433256624957 ) ) ;
#1802 = ORIENTED_EDGE ( 'NONE', *, *, #79, .T. ) ;
#1803 = FACE_OUTER_BOUND ( 'NONE', #239, .T. ) ;
#1804 = ADVANCED_FACE ( 'NONE', ( #179 ), #780, .F. ) ;
#1805 = EDGE_LOOP ( 'NONE', ( #153, #1868, #547, #1185, #457 ) ) ;
#1806 = DIRECTION ( 'NONE',  ( -1.000000000000000000, -0.000000000000000000, -0.000000000000000000 ) ) ;
#1807 = DIRECTION ( 'NONE',  ( 1.000000000000000000, 0.000000000000000000, 0.000000000000000000 ) ) ;
#1808 = ORIENTED_EDGE ( 'NONE', *, *, #1457, .F. ) ;
#1809 = DIRECTION ( 'NONE',  ( 0.3420201433256668255, -1.903147733564776628E-15, 0.9396926207859090940 ) ) ;
#1810 = CARTESIAN_POINT ( 'NONE',  ( 62.78054343981035146, -1.244599999999991491, -62.99460000000006943 ) ) ;
#1811 = CARTESIAN_POINT ( 'NONE',  ( -42.99999999999489120, 0.1374999999999965694, -34.79999999999970584 ) ) ;
#1812 = LINE ( 'NONE', #1097, #1235 ) ;
#1813 = ORIENTED_EDGE ( 'NONE', *, *, #1330, .T. ) ;
#1814 = CARTESIAN_POINT ( 'NONE',  ( 70.25450307063249511, -8.412499999999981881, 64.39042318210299243 ) ) ;
#1815 = EDGE_CURVE ( 'NONE', #1564, #672, #898, .T. ) ;
#1816 = VERTEX_POINT ( 'NONE', #1652 ) ;
#1817 = DIRECTION ( 'NONE',  ( 0.000000000000000000, -3.246763165801854774E-15, 1.000000000000000000 ) ) ;
#1818 = EDGE_CURVE ( 'NONE', #1654, #692, #654, .T. ) ;
#1819 = CARTESIAN_POINT ( 'NONE',  ( -42.99999999999489120, 0.1374999999999965694, -33.09999999999970299 ) ) ;
#1820 = VECTOR ( 'NONE', #233, 1000.000000000000000 ) ;
#1821 = DIRECTION ( 'NONE',  ( 0.000000000000000000, 3.391720034496403636E-15, 1.000000000000000000 ) ) ;
#1822 = AXIS2_PLACEMENT_3D ( 'NONE', #354, #784, #479 ) ;
#1823 = DIRECTION ( 'NONE',  ( -0.000000000000000000, 1.000000000000000000, -0.000000000000000000 ) ) ;
#1824 = CIRCLE ( 'NONE', #1725, 1.244599999999998374 ) ;
#1825 = VERTEX_POINT ( 'NONE', #1067 ) ;
#1826 = FACE_OUTER_BOUND ( 'NONE', #1677, .T. ) ;
#1827 = VERTEX_POINT ( 'NONE', #1497 ) ;
#1828 = CYLINDRICAL_SURFACE ( 'NONE', #816, 2.832099999999948992 ) ;
#1829 = AXIS2_PLACEMENT_3D ( 'NONE', #867, #1453, #135 ) ;
#1830 = EDGE_CURVE ( 'NONE', #383, #45, #200, .T. ) ;
#1831 = VECTOR ( 'NONE', #451, 1000.000000000000000 ) ;
#1832 = CARTESIAN_POINT ( 'NONE',  ( 63.00000000000001421, 0.000000000000000000, 0.000000000000000000 ) ) ;
#1833 = ORIENTED_EDGE ( 'NONE', *, *, #1404, .F. ) ;
#1834 = DIRECTION ( 'NONE',  ( -1.000000000000000000, -0.000000000000000000, 0.000000000000000000 ) ) ;
#1835 = FACE_BOUND ( 'NONE', #417, .T. ) ;
#1836 = ORIENTED_EDGE ( 'NONE', *, *, #1364, .T. ) ;
#1837 = DIRECTION ( 'NONE',  ( 0.000000000000000000, -3.491481338843133355E-15, -1.000000000000000000 ) ) ;
#1838 = EDGE_LOOP ( 'NONE', ( #208, #1037, #1833 ) ) ;
#1839 = EDGE_CURVE ( 'NONE', #1647, #225, #1506, .T. ) ;
#1840 = DIRECTION ( 'NONE',  ( -0.3420201433256633283, -0.000000000000000000, -0.9396926207859104263 ) ) ;
#1841 = ORIENTED_EDGE ( 'NONE', *, *, #1350, .T. ) ;
#1842 = LINE ( 'NONE', #954, #287 ) ;
#1843 = DIRECTION ( 'NONE',  ( -0.000000000000000000, 1.000000000000000000, -0.000000000000000000 ) ) ;
#1844 = EDGE_LOOP ( 'NONE', ( #1863, #3, #695, #1193 ) ) ;
#1845 = DIRECTION ( 'NONE',  ( 0.000000000000000000, 1.000000000000000000, 0.000000000000000000 ) ) ;
#1846 = ORIENTED_EDGE ( 'NONE', *, *, #442, .T. ) ;
#1847 = VECTOR ( 'NONE', #491, 1000.000000000000000 ) ;
#1848 = CARTESIAN_POINT ( 'NONE',  ( -42.99999999999489120, 1.587500000000001688, -37.94999999999970441 ) ) ;
#1849 = VECTOR ( 'NONE', #1397, 1000.000000000000000 ) ;
#1850 = ADVANCED_FACE ( 'NONE', ( #1191 ), #1855, .F. ) ;
#1851 = ORIENTED_EDGE ( 'NONE', *, *, #575, .F. ) ;
#1852 = CARTESIAN_POINT ( 'NONE',  ( 63.00000000000004263, -1.244599999999988604, -60.16250000000000142 ) ) ;
#1853 = ORIENTED_EDGE ( 'NONE', *, *, #1505, .F. ) ;
#1854 = CYLINDRICAL_SURFACE ( 'NONE', #5, 1.244599999999998374 ) ;
#1855 = CONICAL_SURFACE ( 'NONE', #1018, 3.149999999999999911, 0.7853981633974465026 ) ;
#1856 = ORIENTED_EDGE ( 'NONE', *, *, #566, .F. ) ;
#1857 = CIRCLE ( 'NONE', #1888, 1.700000000000000178 ) ;
#1858 = DIRECTION ( 'NONE',  ( -0.3420201433256633283, -0.000000000000000000, 0.9396926207859103153 ) ) ;
#1859 = VECTOR ( 'NONE', #1292, 1000.000000000000000 ) ;
#1860 = VERTEX_POINT ( 'NONE', #1645 ) ;
#1861 = DIRECTION ( 'NONE',  ( -5.564431717557131342E-15, -1.000000000000000000, -0.000000000000000000 ) ) ;
#1862 = ADVANCED_FACE ( 'NONE', ( #20 ), #1779, .T. ) ;
#1863 = ORIENTED_EDGE ( 'NONE', *, *, #768, .T. ) ;
#1864 = CARTESIAN_POINT ( 'NONE',  ( 68.27175164077424085, -8.412499999999981881, 63.66876067968583897 ) ) ;
#1865 = VERTEX_POINT ( 'NONE', #1222 ) ;
#1866 = VERTEX_POINT ( 'NONE', #1488 ) ;
#1867 = CARTESIAN_POINT ( 'NONE',  ( 63.00000000000000000, -1.244600000000007256, -58.91790000000000305 ) ) ;
#1868 = ORIENTED_EDGE ( 'NONE', *, *, #1482, .T. ) ;
#1869 = DIRECTION ( 'NONE',  ( 0.000000000000000000, -1.000000000000000000, -3.391720034496403636E-15 ) ) ;
#1870 = EDGE_CURVE ( 'NONE', #1550, #1686, #330, .T. ) ;
#1871 = DIRECTION ( 'NONE',  ( 0.000000000000000000, 0.000000000000000000, 1.000000000000000000 ) ) ;
#1872 = ADVANCED_FACE ( 'NONE', ( #30 ), #1634, .F. ) ;
#1873 = VERTEX_POINT ( 'NONE', #769 ) ;
#1874 = DIRECTION ( 'NONE',  ( 0.000000000000000000, 0.000000000000000000, 1.000000000000000000 ) ) ;
#1875 = DIRECTION ( 'NONE',  ( 0.000000000000000000, 0.000000000000000000, 1.000000000000000000 ) ) ;
#1876 = ORIENTED_EDGE ( 'NONE', *, *, #483, .F. ) ;
#1877 = FACE_OUTER_BOUND ( 'NONE', #588, .T. ) ;
#1878 = VECTOR ( 'NONE', #224, 1000.000000000000000 ) ;
#1879 = ORIENTED_EDGE ( 'NONE', *, *, #879, .T. ) ;
#1880 = PLANE ( 'NONE',  #228 ) ;
#1881 = AXIS2_PLACEMENT_3D ( 'NONE', #697, #729, #580 ) ;
#1882 = ADVANCED_FACE ( 'NONE', ( #609 ), #781, .T. ) ;
#1883 = FACE_OUTER_BOUND ( 'NONE', #1328, .T. ) ;
#1884 = ORIENTED_EDGE ( 'NONE', *, *, #868, .T. ) ;
#1885 = EDGE_CURVE ( 'NONE', #1792, #160, #931, .T. ) ;
#1886 = PLANE ( 'NONE',  #1091 ) ;
#1887 = CARTESIAN_POINT ( 'NONE',  ( -42.99999999999487699, 0.1374999999999965694, 36.49999999999970868 ) ) ;
#1888 = AXIS2_PLACEMENT_3D ( 'NONE', #968, #516, #1229 ) ;
#1889 = EDGE_LOOP ( 'NONE', ( #115, #549, #389, #961 ) ) ;
#1890 = CIRCLE ( 'NONE', #1733, 1.700000000000000178 ) ;
#1891 = DIRECTION ( 'NONE',  ( 0.000000000000000000, 0.000000000000000000, -1.000000000000000000 ) ) ;
#1892 = EDGE_LOOP ( 'NONE', ( #1426, #1148, #289, #1720 ) ) ;
#1893 = DIRECTION ( 'NONE',  ( -0.000000000000000000, 1.000000000000000000, -0.000000000000000000 ) ) ;
#1894 = DIRECTION ( 'NONE',  ( 0.000000000000000000, 0.000000000000000000, 1.000000000000000000 ) ) ;
#1895 = VERTEX_POINT ( 'NONE', #1819 ) ;
#1896 = DIRECTION ( 'NONE',  ( 1.000000000000000000, 0.000000000000000000, 0.000000000000000000 ) ) ;
#1897 = EDGE_CURVE ( 'NONE', #96, #538, #1382, .T. ) ;
#1898 = LINE ( 'NONE', #732, #89 ) ;
#1899 = VERTEX_POINT ( 'NONE', #351 ) ;
#1900 = CARTESIAN_POINT ( 'NONE',  ( 68.81470861830374020, -8.412499999999981881, -62.17699864418820255 ) ) ;
#1901 = VERTEX_POINT ( 'NONE', #1266 ) ;
#1902 = CARTESIAN_POINT ( 'NONE',  ( 63.74917868772289609, -35.24459999999997706, 60.33329652867229242 ) ) ;
#1903 = DIRECTION ( 'NONE',  ( 0.000000000000000000, 0.000000000000000000, 1.000000000000000000 ) ) ;
#1904 = DIRECTION ( 'NONE',  ( -0.3420201433256633283, -0.000000000000000000, -0.9396926207859103153 ) ) ;
#1905 =( NAMED_UNIT ( * ) PLANE_ANGLE_UNIT ( ) SI_UNIT ( $, .RADIAN. ) );
#1906 = ORIENTED_EDGE ( 'NONE', *, *, #141, .T. ) ;
#1907 = DIRECTION ( 'NONE',  ( 0.000000000000000000, 0.000000000000000000, 1.000000000000000000 ) ) ;
#1908 = EDGE_CURVE ( 'NONE', #1679, #1827, #827, .T. ) ;
#1909 = ORIENTED_EDGE ( 'NONE', *, *, #360, .F. ) ;
#1910 = CARTESIAN_POINT ( 'NONE',  ( -42.99999999999487699, 0.000000000000000000, 34.79999999999970584 ) ) ;
#1911 = AXIS2_PLACEMENT_3D ( 'NONE', #1491, #297, #1450 ) ;
#1912 = AXIS2_PLACEMENT_3D ( 'NONE', #1184, #1307, #603 ) ;
#1913 = DIRECTION ( 'NONE',  ( -0.3420201433256633283, -0.000000000000000000, 0.9396926207859104263 ) ) ;
#1914 = AXIS2_PLACEMENT_3D ( 'NONE', #706, #1913, #869 ) ;
#1915 = PRODUCT_DEFINITION_CONTEXT ( 'detailed design', #85, 'design' ) ;
ENDSEC;
END-ISO-10303-21;
