ISO-10303-21;
HEADER;
FILE_DESCRIPTION (( 'STEP AP214' ),
    '1' );
FILE_NAME ('550-00158-00.step',
    '2026-02-27T00:19:55',
    ( '' ),
    ( '' ),
    'SwSTEP 2.0',
    'SolidWorks 2023',
    '' );
FILE_SCHEMA (( 'AUTOMOTIVE_DESIGN' ));
ENDSEC;

DATA;
#1 = DIRECTION ( 'NONE',  ( -0.000000000000000000, 1.000000000000000000, -0.000000000000000000 ) ) ;
#2 = CARTESIAN_POINT ( 'NONE',  ( 257.2500000000000568, 0.000000000000000000, -443.0000000000000000 ) ) ;
#3 = CIRCLE ( 'NONE', #577, 1.900000000000012790 ) ;
#4 = ORIENTED_EDGE ( 'NONE', *, *, #3046, .F. ) ;
#5 = CARTESIAN_POINT ( 'NONE',  ( 180.0000000000000000, 0.000000000000000000, 15.26192023000044529 ) ) ;
#6 = MECHANICAL_DESIGN_GEOMETRIC_PRESENTATION_REPRESENTATION (  '', ( #477 ), #2713 ) ;
#7 = CYLINDRICAL_SURFACE ( 'NONE', #1368, 1.900000000000012790 ) ;
#8 = EDGE_LOOP ( 'NONE', ( #1649, #2040 ) ) ;
#9 = CARTESIAN_POINT ( 'NONE',  ( 259.6250000000000568, -1.200000000000003064, 442.9999999999998295 ) ) ;
#10 = AXIS2_PLACEMENT_3D ( 'NONE', #1231, #702, #3207 ) ;
#11 = CARTESIAN_POINT ( 'NONE',  ( -200.0000000000000568, -1.099999999999997646, 448.5000000000000568 ) ) ;
#12 = ORIENTED_EDGE ( 'NONE', *, *, #2320, .T. ) ;
#13 = ORIENTED_EDGE ( 'NONE', *, *, #1429, .T. ) ;
#14 = VECTOR ( 'NONE', #744, 1000.000000000000000 ) ;
#15 = CARTESIAN_POINT ( 'NONE',  ( -249.2399999999999238, 0.000000000000000000, 176.9000000000000625 ) ) ;
#16 = LINE ( 'NONE', #1011, #2031 ) ;
#17 = VECTOR ( 'NONE', #1129, 1000.000000000000000 ) ;
#18 = EDGE_CURVE ( 'NONE', #2657, #237, #2365, .T. ) ;
#19 = ADVANCED_FACE ( 'NONE', ( #1373 ), #1892, .T. ) ;
#20 = CONICAL_SURFACE ( 'NONE', #846, 3.000000000000002665, 0.7853981633974447263 ) ;
#21 = CARTESIAN_POINT ( 'NONE',  ( -180.0000000000000000, 0.000000000000000000, 12.26192023000044351 ) ) ;
#22 = CARTESIAN_POINT ( 'NONE',  ( 249.2399999999998386, -1.199999999999999956, -21.89999999999975344 ) ) ;
#23 = CIRCLE ( 'NONE', #1266, 1.499999999999945821 ) ;
#24 = VERTEX_POINT ( 'NONE', #3086 ) ;
#25 = CARTESIAN_POINT ( 'NONE',  ( 259.6250000000000568, -1.199999999999999956, 453.3999999999998067 ) ) ;
#26 = AXIS2_PLACEMENT_3D ( 'NONE', #1910, #681, #1430 ) ;
#27 = DIRECTION ( 'NONE',  ( -0.000000000000000000, 1.000000000000000000, -0.000000000000000000 ) ) ;
#28 = ORIENTED_EDGE ( 'NONE', *, *, #1760, .F. ) ;
#29 = DIRECTION ( 'NONE',  ( -0.000000000000000000, 1.000000000000000000, -0.000000000000000000 ) ) ;
#30 = AXIS2_PLACEMENT_3D ( 'NONE', #1918, #1192, #2411 ) ;
#31 = CARTESIAN_POINT ( 'NONE',  ( 259.6249999999999432, -1.200000000000003064, -443.0000000000000000 ) ) ;
#32 = CIRCLE ( 'NONE', #2412, 1.900000000000012790 ) ;
#33 = ORIENTED_EDGE ( 'NONE', *, *, #2563, .F. ) ;
#34 = ORIENTED_EDGE ( 'NONE', *, *, #1127, .T. ) ;
#35 = FACE_BOUND ( 'NONE', #1387, .T. ) ;
#36 = DIRECTION ( 'NONE',  ( 0.000000000000000000, 0.000000000000000000, 1.000000000000000000 ) ) ;
#37 = EDGE_CURVE ( 'NONE', #1330, #2906, #2154, .T. ) ;
#38 = EDGE_CURVE ( 'NONE', #437, #2067, #1859, .T. ) ;
#39 = DIRECTION ( 'NONE',  ( 0.000000000000000000, 2.891205793294675861E-16, -1.000000000000000000 ) ) ;
#40 = EDGE_LOOP ( 'NONE', ( #1945, #1354, #678, #1340 ) ) ;
#41 = CARTESIAN_POINT ( 'NONE',  ( 200.0000000000001705, 0.000000000000000000, 448.5000000000000568 ) ) ;
#42 = DIRECTION ( 'NONE',  ( 0.000000000000000000, 0.000000000000000000, 1.000000000000000000 ) ) ;
#43 = EDGE_CURVE ( 'NONE', #1181, #447, #628, .T. ) ;
#44 = VERTEX_POINT ( 'NONE', #1098 ) ;
#45 = CYLINDRICAL_SURFACE ( 'NONE', #2236, 1.899999999999999023 ) ;
#46 = DIRECTION ( 'NONE',  ( -0.000000000000000000, 1.000000000000000000, -0.000000000000000000 ) ) ;
#47 = ORIENTED_EDGE ( 'NONE', *, *, #37, .F. ) ;
#48 = EDGE_LOOP ( 'NONE', ( #1968, #3205, #2759, #2629 ) ) ;
#49 = VERTEX_POINT ( 'NONE', #858 ) ;
#50 = LINE ( 'NONE', #325, #1009 ) ;
#51 = PLANE ( 'NONE',  #629 ) ;
#52 = ORIENTED_EDGE ( 'NONE', *, *, #3159, .F. ) ;
#53 = DIRECTION ( 'NONE',  ( 0.000000000000000000, 0.000000000000000000, 1.000000000000000000 ) ) ;
#54 = CARTESIAN_POINT ( 'NONE',  ( 249.2399999999998386, -1.099999999999997646, 175.0000000000000568 ) ) ;
#55 = VERTEX_POINT ( 'NONE', #413 ) ;
#56 = DIRECTION ( 'NONE',  ( -0.000000000000000000, 1.000000000000000000, -0.000000000000000000 ) ) ;
#57 = EDGE_CURVE ( 'NONE', #153, #2120, #168, .T. ) ;
#58 = EDGE_CURVE ( 'NONE', #1993, #1748, #1349, .T. ) ;
#59 = DIRECTION ( 'NONE',  ( -0.000000000000000000, 1.000000000000000000, -0.000000000000000000 ) ) ;
#60 = PRESENTATION_LAYER_ASSIGNMENT (  '', '', ( #477 ) ) ;
#61 = EDGE_LOOP ( 'NONE', ( #3103, #857, #2291, #2874 ) ) ;
#62 = VERTEX_POINT ( 'NONE', #2349 ) ;
#63 = VECTOR ( 'NONE', #2623, 1000.000000000000000 ) ;
#64 = CARTESIAN_POINT ( 'NONE',  ( 258.7500000000000568, -9.000000000000005329, 442.4999999999998295 ) ) ;
#65 = AXIS2_PLACEMENT_3D ( 'NONE', #2389, #1161, #2150 ) ;
#66 = CARTESIAN_POINT ( 'NONE',  ( 259.9499999999999886, -9.000000000000001776, 442.4999999999998295 ) ) ;
#67 = DIRECTION ( 'NONE',  ( -0.000000000000000000, 1.000000000000000000, 0.000000000000000000 ) ) ;
#68 = VERTEX_POINT ( 'NONE', #3102 ) ;
#69 = VECTOR ( 'NONE', #1089, 1000.000000000000000 ) ;
#70 = CARTESIAN_POINT ( 'NONE',  ( -249.2399999999999238, 0.000000000000000000, 346.8999999999999773 ) ) ;
#71 = DIRECTION ( 'NONE',  ( 0.000000000000000000, 1.000000000000000000, 0.000000000000000000 ) ) ;
#72 = ORIENTED_EDGE ( 'NONE', *, *, #813, .F. ) ;
#73 = CARTESIAN_POINT ( 'NONE',  ( 249.2399999999998386, 0.000000000000000000, -315.0000000000005684 ) ) ;
#74 = CIRCLE ( 'NONE', #286, 1.900000000000012790 ) ;
#75 = CYLINDRICAL_SURFACE ( 'NONE', #1724, 1.900000000000012790 ) ;
#76 = EDGE_CURVE ( 'NONE', #1906, #44, #871, .T. ) ;
#77 = EDGE_CURVE ( 'NONE', #49, #1144, #2761, .T. ) ;
#78 = VECTOR ( 'NONE', #2166, 1000.000000000000000 ) ;
#79 = EDGE_LOOP ( 'NONE', ( #1198, #834, #1526, #2557 ) ) ;
#80 = VERTEX_POINT ( 'NONE', #1420 ) ;
#81 = VECTOR ( 'NONE', #326, 1000.000000000000000 ) ;
#82 = DIRECTION ( 'NONE',  ( 0.000000000000000000, 1.000000000000000000, 0.000000000000000000 ) ) ;
#83 = LINE ( 'NONE', #66, #499 ) ;
#84 = DIRECTION ( 'NONE',  ( 0.000000000000000000, 1.000000000000000000, 0.000000000000000000 ) ) ;
#85 = LINE ( 'NONE', #70, #1882 ) ;
#86 = DIRECTION ( 'NONE',  ( 1.254489293361759076E-16, 6.272446466808796611E-17, 1.000000000000000000 ) ) ;
#87 = ORIENTED_EDGE ( 'NONE', *, *, #2749, .T. ) ;
#88 = PLANE ( 'NONE',  #1773 ) ;
#89 = FACE_OUTER_BOUND ( 'NONE', #3182, .T. ) ;
#90 = ORIENTED_EDGE ( 'NONE', *, *, #1604, .T. ) ;
#91 = VERTEX_POINT ( 'NONE', #1699 ) ;
#92 = EDGE_CURVE ( 'NONE', #3027, #2006, #1920, .T. ) ;
#93 = ADVANCED_FACE ( 'NONE', ( #1179 ), #202, .T. ) ;
#94 = EDGE_CURVE ( 'NONE', #2344, #384, #2203, .T. ) ;
#95 = DIRECTION ( 'NONE',  ( 0.000000000000000000, 0.000000000000000000, 1.000000000000000000 ) ) ;
#96 = CARTESIAN_POINT ( 'NONE',  ( 1.061766380429887587E-18, 0.000000000000000000, 14.16192023000044209 ) ) ;
#97 = LINE ( 'NONE', #1271, #2605 ) ;
#98 = DIRECTION ( 'NONE',  ( 0.000000000000000000, 0.000000000000000000, 1.000000000000000000 ) ) ;
#99 = LINE ( 'NONE', #331, #597 ) ;
#100 = VERTEX_POINT ( 'NONE', #252 ) ;
#101 = CARTESIAN_POINT ( 'NONE',  ( 180.0000000000000000, -1.199999999999999956, 12.26192023000044351 ) ) ;
#102 = DIRECTION ( 'NONE',  ( 1.000000000000000000, 0.000000000000000000, 0.000000000000000000 ) ) ;
#103 = ORIENTED_EDGE ( 'NONE', *, *, #592, .F. ) ;
#104 = DIRECTION ( 'NONE',  ( -0.000000000000000000, 1.000000000000000000, -0.000000000000000000 ) ) ;
#105 = CONICAL_SURFACE ( 'NONE', #2654, 3.000000000000002665, 0.7853981633974447263 ) ;
#106 = AXIS2_PLACEMENT_3D ( 'NONE', #570, #283, #296 ) ;
#107 = ORIENTED_EDGE ( 'NONE', *, *, #2058, .F. ) ;
#108 = VECTOR ( 'NONE', #1656, 1000.000000000000000 ) ;
#109 = DIRECTION ( 'NONE',  ( 2.280960024532598251E-30, -6.123233995736766036E-17, 1.000000000000000000 ) ) ;
#110 = DIRECTION ( 'NONE',  ( 0.000000000000000000, 0.000000000000000000, 1.000000000000000000 ) ) ;
#111 = VECTOR ( 'NONE', #2235, 1000.000000000000000 ) ;
#112 = ADVANCED_FACE ( 'NONE', ( #1956 ), #105, .F. ) ;
#113 = EDGE_CURVE ( 'NONE', #205, #2518, #3121, .T. ) ;
#114 = FACE_BOUND ( 'NONE', #1636, .T. ) ;
#115 = VECTOR ( 'NONE', #1676, 1000.000000000000000 ) ;
#116 = ORIENTED_EDGE ( 'NONE', *, *, #152, .T. ) ;
#117 = DIRECTION ( 'NONE',  ( -0.000000000000000000, 1.000000000000000000, -0.000000000000000000 ) ) ;
#118 = AXIS2_PLACEMENT_3D ( 'NONE', #843, #2832, #603 ) ;
#119 = DIRECTION ( 'NONE',  ( 0.000000000000000000, 0.000000000000000000, 1.000000000000000000 ) ) ;
#120 = ORIENTED_EDGE ( 'NONE', *, *, #1048, .F. ) ;
#121 = DIRECTION ( 'NONE',  ( -1.000000000000000000, -3.491481338843134144E-15, 1.220025301785886411E-16 ) ) ;
#122 = VECTOR ( 'NONE', #258, 1000.000000000000000 ) ;
#123 = CIRCLE ( 'NONE', #1065, 1.900000000000012790 ) ;
#124 = ORIENTED_EDGE ( 'NONE', *, *, #2916, .T. ) ;
#125 = ORIENTED_EDGE ( 'NONE', *, *, #2820, .T. ) ;
#126 = CIRCLE ( 'NONE', #234, 3.000000000000002665 ) ;
#127 = DIRECTION ( 'NONE',  ( -0.000000000000000000, 1.000000000000000000, -0.000000000000000000 ) ) ;
#128 = CARTESIAN_POINT ( 'NONE',  ( -259.9499999999999886, -9.000000000000001776, -442.4999999999998863 ) ) ;
#129 = DIRECTION ( 'NONE',  ( -0.000000000000000000, 1.000000000000000000, -0.000000000000000000 ) ) ;
#130 = EDGE_CURVE ( 'NONE', #24, #2106, #3214, .T. ) ;
#131 = DIRECTION ( 'NONE',  ( -0.000000000000000000, 1.000000000000000000, -0.000000000000000000 ) ) ;
#132 = EDGE_CURVE ( 'NONE', #1542, #2634, #1301, .T. ) ;
#133 = DIRECTION ( 'NONE',  ( 1.000000000000000000, 1.460819769243685506E-15, 0.000000000000000000 ) ) ;
#134 = ORIENTED_EDGE ( 'NONE', *, *, #456, .T. ) ;
#135 = EDGE_CURVE ( 'NONE', #1737, #1591, #1813, .T. ) ;
#136 = CARTESIAN_POINT ( 'NONE',  ( -249.2399999999999238, 0.000000000000000000, -16.99999999999973710 ) ) ;
#137 = EDGE_CURVE ( 'NONE', #1388, #2417, #187, .T. ) ;
#138 = DIRECTION ( 'NONE',  ( 0.000000000000000000, 0.000000000000000000, 1.000000000000000000 ) ) ;
#139 = ORIENTED_EDGE ( 'NONE', *, *, #2843, .T. ) ;
#140 = VERTEX_POINT ( 'NONE', #2168 ) ;
#141 = ORIENTED_EDGE ( 'NONE', *, *, #2506, .F. ) ;
#142 = EDGE_LOOP ( 'NONE', ( #1804, #2872, #2304, #2266 ) ) ;
#143 = CARTESIAN_POINT ( 'NONE',  ( 249.2399999999998386, 0.000000000000000000, -16.99999999999973710 ) ) ;
#144 = DIRECTION ( 'NONE',  ( 0.000000000000000000, 1.000000000000000000, 0.000000000000000000 ) ) ;
#145 = DIRECTION ( 'NONE',  ( 0.000000000000000000, -0.000000000000000000, 1.000000000000000000 ) ) ;
#146 = DIRECTION ( 'NONE',  ( -0.000000000000000000, 1.000000000000000000, -0.000000000000000000 ) ) ;
#147 = ORIENTED_EDGE ( 'NONE', *, *, #1310, .F. ) ;
#148 = FACE_OUTER_BOUND ( 'NONE', #2886, .T. ) ;
#149 = DIRECTION ( 'NONE',  ( 0.000000000000000000, 0.000000000000000000, 1.000000000000000000 ) ) ;
#150 = EDGE_CURVE ( 'NONE', #2049, #1616, #1989, .T. ) ;
#151 = VERTEX_POINT ( 'NONE', #451 ) ;
#152 = EDGE_CURVE ( 'NONE', #2237, #3167, #3, .T. ) ;
#153 = VERTEX_POINT ( 'NONE', #1440 ) ;
#154 = FACE_BOUND ( 'NONE', #1230, .T. ) ;
#155 = ORIENTED_EDGE ( 'NONE', *, *, #2642, .T. ) ;
#156 = ORIENTED_EDGE ( 'NONE', *, *, #2857, .T. ) ;
#157 = LINE ( 'NONE', #1896, #1833 ) ;
#158 = DIRECTION ( 'NONE',  ( -0.000000000000000000, 1.000000000000000000, -0.000000000000000000 ) ) ;
#159 = DIRECTION ( 'NONE',  ( 0.000000000000000000, 0.000000000000000000, 1.000000000000000000 ) ) ;
#160 = AXIS2_PLACEMENT_3D ( 'NONE', #2228, #994, #1252 ) ;
#161 = DIRECTION ( 'NONE',  ( 0.000000000000000000, 0.000000000000000000, 1.000000000000000000 ) ) ;
#162 = VECTOR ( 'NONE', #3208, 1000.000000000000000 ) ;
#163 = EDGE_LOOP ( 'NONE', ( #2946, #1765, #139, #125 ) ) ;
#164 = FACE_OUTER_BOUND ( 'NONE', #2057, .T. ) ;
#165 = CARTESIAN_POINT ( 'NONE',  ( 200.0000000000001705, -1.199999999999999956, 448.5000000000000568 ) ) ;
#166 = AXIS2_PLACEMENT_3D ( 'NONE', #3179, #1903, #899 ) ;
#167 = EDGE_LOOP ( 'NONE', ( #365, #430 ) ) ;
#168 = LINE ( 'NONE', #1847, #993 ) ;
#169 = VECTOR ( 'NONE', #2627, 1000.000000000000000 ) ;
#170 = CARTESIAN_POINT ( 'NONE',  ( 259.6250000000000568, 0.000000000000000000, 442.9999999999998295 ) ) ;
#171 = EDGE_CURVE ( 'NONE', #2030, #3168, #2601, .T. ) ;
#172 = EDGE_CURVE ( 'NONE', #1846, #626, #983, .T. ) ;
#173 = VECTOR ( 'NONE', #1802, 1000.000000000000000 ) ;
#174 = ORIENTED_EDGE ( 'NONE', *, *, #812, .F. ) ;
#175 = ORIENTED_EDGE ( 'NONE', *, *, #537, .F. ) ;
#176 = CIRCLE ( 'NONE', #594, 1.900000000000012790 ) ;
#177 = CARTESIAN_POINT ( 'NONE',  ( 180.0000000000000000, -1.199999999999999956, 10.36192023000044493 ) ) ;
#178 = DIRECTION ( 'NONE',  ( 0.000000000000000000, 0.000000000000000000, 1.000000000000000000 ) ) ;
#179 = CYLINDRICAL_SURFACE ( 'NONE', #889, 1.899999999999999023 ) ;
#180 = VECTOR ( 'NONE', #2695, 1000.000000000000000 ) ;
#181 = DIRECTION ( 'NONE',  ( 0.000000000000000000, 0.000000000000000000, 1.000000000000000000 ) ) ;
#182 = VECTOR ( 'NONE', #619, 1000.000000000000000 ) ;
#183 = ORIENTED_EDGE ( 'NONE', *, *, #2205, .T. ) ;
#184 = CARTESIAN_POINT ( 'NONE',  ( 257.2500000000000568, -1.200000000000006617, 442.4999999999997726 ) ) ;
#185 = DIRECTION ( 'NONE',  ( 1.000000000000000000, 0.000000000000000000, -0.000000000000000000 ) ) ;
#186 = ORIENTED_EDGE ( 'NONE', *, *, #1186, .T. ) ;
#187 = LINE ( 'NONE', #1194, #1196 ) ;
#188 = CARTESIAN_POINT ( 'NONE',  ( 0.000000000000000000, 0.000000000000000000, 0.000000000000000000 ) ) ;
#189 = ORIENTED_EDGE ( 'NONE', *, *, #3097, .F. ) ;
#190 = ORIENTED_EDGE ( 'NONE', *, *, #1940, .T. ) ;
#191 = CARTESIAN_POINT ( 'NONE',  ( 257.2500000000001137, -6.938893903907228378E-15, 442.4999999999997726 ) ) ;
#192 = DIRECTION ( 'NONE',  ( -0.000000000000000000, 1.000000000000000000, -0.000000000000000000 ) ) ;
#193 = CARTESIAN_POINT ( 'NONE',  ( 258.7500000000000568, -2.699999999999924682, 442.4999999999997726 ) ) ;
#194 = EDGE_CURVE ( 'NONE', #2183, #437, #2468, .T. ) ;
#195 = EDGE_CURVE ( 'NONE', #1025, #2171, #2552, .T. ) ;
#196 = DIRECTION ( 'NONE',  ( -0.000000000000000000, 1.000000000000000000, -0.000000000000000000 ) ) ;
#197 = PLANE ( 'NONE',  #1250 ) ;
#198 = ORIENTED_EDGE ( 'NONE', *, *, #354, .T. ) ;
#199 = CARTESIAN_POINT ( 'NONE',  ( -257.2500000000001137, 1.765081136806401219E-13, -442.4999999999998863 ) ) ;
#200 = CARTESIAN_POINT ( 'NONE',  ( -180.0000000000000000, -1.199999999999999956, 12.26192023000044351 ) ) ;
#201 = EDGE_LOOP ( 'NONE', ( #3154, #817, #1994, #364 ) ) ;
#202 = PLANE ( 'NONE',  #833 ) ;
#203 = DIRECTION ( 'NONE',  ( -0.000000000000000000, 1.000000000000000000, 0.000000000000000000 ) ) ;
#204 = ORIENTED_EDGE ( 'NONE', *, *, #1979, .T. ) ;
#205 = VERTEX_POINT ( 'NONE', #1733 ) ;
#206 = DIRECTION ( 'NONE',  ( -0.000000000000000000, 1.000000000000000000, -0.000000000000000000 ) ) ;
#207 = CARTESIAN_POINT ( 'NONE',  ( 5.174678793551554786E-14, 0.000000000000000000, -448.5000000000000568 ) ) ;
#208 = AXIS2_PLACEMENT_3D ( 'NONE', #2253, #29, #1523 ) ;
#209 = CARTESIAN_POINT ( 'NONE',  ( 180.0000000000000000, 0.000000000000000000, 12.26192023000044351 ) ) ;
#210 = EDGE_CURVE ( 'NONE', #2082, #80, #220, .T. ) ;
#211 = EDGE_CURVE ( 'NONE', #2112, #1873, #1491, .T. ) ;
#212 = DIRECTION ( 'NONE',  ( 0.000000000000000000, 0.000000000000000000, 1.000000000000000000 ) ) ;
#213 = VECTOR ( 'NONE', #2934, 1000.000000000000000 ) ;
#214 = ORIENTED_EDGE ( 'NONE', *, *, #988, .F. ) ;
#215 = AXIS2_PLACEMENT_3D ( 'NONE', #2354, #129, #1123 ) ;
#216 = CARTESIAN_POINT ( 'NONE',  ( -249.2399999999999238, 0.000000000000000000, -22.99999999999974420 ) ) ;
#217 = DIRECTION ( 'NONE',  ( 0.000000000000000000, 0.000000000000000000, 1.000000000000000000 ) ) ;
#218 = VECTOR ( 'NONE', #1228, 1000.000000000000000 ) ;
#219 = ORIENTED_EDGE ( 'NONE', *, *, #1466, .F. ) ;
#220 = LINE ( 'NONE', #2446, #3070 ) ;
#221 = CARTESIAN_POINT ( 'NONE',  ( -258.0250000000000341, -1.199999999999999956, -455.0000000000000568 ) ) ;
#222 = ORIENTED_EDGE ( 'NONE', *, *, #38, .F. ) ;
#223 = EDGE_LOOP ( 'NONE', ( #248, #1280, #1631, #190 ) ) ;
#224 = VECTOR ( 'NONE', #2724, 1000.000000000000000 ) ;
#225 = FACE_OUTER_BOUND ( 'NONE', #232, .T. ) ;
#226 = LINE ( 'NONE', #492, #481 ) ;
#227 = CARTESIAN_POINT ( 'NONE',  ( -249.2399999999999238, 0.000000000000000000, -19.99999999999974065 ) ) ;
#228 = AXIS2_PLACEMENT_3D ( 'NONE', #2826, #2363, #596 ) ;
#229 = DIRECTION ( 'NONE',  ( 0.000000000000000000, 0.000000000000000000, 1.000000000000000000 ) ) ;
#230 = CARTESIAN_POINT ( 'NONE',  ( -249.2399999999999238, 0.000000000000000000, -19.99999999999974065 ) ) ;
#231 = CIRCLE ( 'NONE', #2778, 1.599999999999990319 ) ;
#232 = EDGE_LOOP ( 'NONE', ( #299, #1080, #1474, #1919 ) ) ;
#233 = ADVANCED_FACE ( 'NONE', ( #1022 ), #806, .T. ) ;
#234 = AXIS2_PLACEMENT_3D ( 'NONE', #2798, #2063, #1104 ) ;
#235 = CARTESIAN_POINT ( 'NONE',  ( 257.2500000000001137, -6.938893903907228378E-15, 442.4999999999997726 ) ) ;
#236 = LINE ( 'NONE', #785, #2626 ) ;
#237 = VERTEX_POINT ( 'NONE', #1778 ) ;
#238 = CARTESIAN_POINT ( 'NONE',  ( -200.0000000000000568, 0.000000000000000000, -450.4000000000000909 ) ) ;
#239 = EDGE_CURVE ( 'NONE', #2936, #630, #1761, .T. ) ;
#240 = EDGE_CURVE ( 'NONE', #1458, #2106, #1506, .T. ) ;
#241 = CARTESIAN_POINT ( 'NONE',  ( -249.2399999999999238, -1.099999999999997646, -316.9000000000005457 ) ) ;
#242 = ORIENTED_EDGE ( 'NONE', *, *, #94, .F. ) ;
#243 = ORIENTED_EDGE ( 'NONE', *, *, #472, .T. ) ;
#244 = FACE_OUTER_BOUND ( 'NONE', #2696, .T. ) ;
#245 = LINE ( 'NONE', #1267, #1820 ) ;
#246 = DIRECTION ( 'NONE',  ( 0.000000000000000000, 1.000000000000000000, 0.000000000000000000 ) ) ;
#247 = CARTESIAN_POINT ( 'NONE',  ( 258.0250000000000909, -1.199999999999999956, 453.3999999999999773 ) ) ;
#248 = ORIENTED_EDGE ( 'NONE', *, *, #2784, .F. ) ;
#249 = CARTESIAN_POINT ( 'NONE',  ( 257.2500000000000568, -1.200000000000006617, 442.9999999999997726 ) ) ;
#250 = CARTESIAN_POINT ( 'NONE',  ( -249.2399999999999238, 0.000000000000000000, 341.9999999999999432 ) ) ;
#251 = ORIENTED_EDGE ( 'NONE', *, *, #2301, .F. ) ;
#252 = CARTESIAN_POINT ( 'NONE',  ( 180.0000000000000000, -1.199999999999999956, 14.16192023000044209 ) ) ;
#253 = DIRECTION ( 'NONE',  ( -0.000000000000000000, 1.000000000000000000, -0.000000000000000000 ) ) ;
#254 = EDGE_CURVE ( 'NONE', #302, #1589, #263, .T. ) ;
#255 = ADVANCED_FACE ( 'NONE', ( #269 ), #1145, .F. ) ;
#256 = ORIENTED_EDGE ( 'NONE', *, *, #239, .F. ) ;
#257 = VERTEX_POINT ( 'NONE', #1307 ) ;
#258 = DIRECTION ( 'NONE',  ( -0.000000000000000000, -1.000000000000000000, -0.000000000000000000 ) ) ;
#259 = FACE_OUTER_BOUND ( 'NONE', #581, .T. ) ;
#260 = DIRECTION ( 'NONE',  ( 8.659560562354902043E-17, 0.7071067811865500152, -0.7071067811865450192 ) ) ;
#261 = DIRECTION ( 'NONE',  ( -0.000000000000000000, 1.000000000000000000, -0.000000000000000000 ) ) ;
#262 = CARTESIAN_POINT ( 'NONE',  ( 1.061766380429887587E-18, 0.000000000000000000, 12.26192023000044351 ) ) ;
#263 = CIRCLE ( 'NONE', #1766, 3.000000000000002665 ) ;
#264 = ORIENTED_EDGE ( 'NONE', *, *, #1962, .T. ) ;
#265 = DIRECTION ( 'NONE',  ( -0.000000000000000000, 1.000000000000000000, -0.000000000000000000 ) ) ;
#266 = VECTOR ( 'NONE', #1013, 1000.000000000000000 ) ;
#267 = LINE ( 'NONE', #2992, #1272 ) ;
#268 = ORIENTED_EDGE ( 'NONE', *, *, #3113, .F. ) ;
#269 = FACE_OUTER_BOUND ( 'NONE', #2126, .T. ) ;
#270 = VECTOR ( 'NONE', #2910, 1000.000000000000000 ) ;
#271 = CARTESIAN_POINT ( 'NONE',  ( -249.2399999999999238, 0.000000000000000000, -315.0000000000005684 ) ) ;
#272 = AXIS2_PLACEMENT_3D ( 'NONE', #1180, #2448, #3040 ) ;
#273 = ORIENTED_EDGE ( 'NONE', *, *, #1015, .T. ) ;
#274 = ORIENTED_EDGE ( 'NONE', *, *, #172, .T. ) ;
#275 = AXIS2_PLACEMENT_3D ( 'NONE', #1176, #2426, #410 ) ;
#276 = EDGE_CURVE ( 'NONE', #1144, #49, #1091, .T. ) ;
#277 = EDGE_CURVE ( 'NONE', #2657, #898, #3021, .T. ) ;
#278 = CARTESIAN_POINT ( 'NONE',  ( -249.2399999999999238, 0.000000000000000000, 343.0999999999999659 ) ) ;
#279 = VECTOR ( 'NONE', #802, 1000.000000000000000 ) ;
#280 = ORIENTED_EDGE ( 'NONE', *, *, #2334, .F. ) ;
#281 = EDGE_CURVE ( 'NONE', #649, #2002, #564, .T. ) ;
#282 = FACE_OUTER_BOUND ( 'NONE', #2070, .T. ) ;
#283 = DIRECTION ( 'NONE',  ( 0.000000000000000000, 1.000000000000000000, 0.000000000000000000 ) ) ;
#284 = ORIENTED_EDGE ( 'NONE', *, *, #593, .T. ) ;
#285 = FACE_OUTER_BOUND ( 'NONE', #2179, .T. ) ;
#286 = AXIS2_PLACEMENT_3D ( 'NONE', #2636, #2401, #2894 ) ;
#287 = DIRECTION ( 'NONE',  ( 0.000000000000000000, 1.000000000000000000, 0.000000000000000000 ) ) ;
#288 = ORIENTED_EDGE ( 'NONE', *, *, #2961, .T. ) ;
#289 = DIRECTION ( 'NONE',  ( -0.000000000000000000, 1.000000000000000000, -0.000000000000000000 ) ) ;
#290 = AXIS2_PLACEMENT_3D ( 'NONE', #1177, #659, #673 ) ;
#291 = LINE ( 'NONE', #3215, #218 ) ;
#292 = AXIS2_PLACEMENT_3D ( 'NONE', #1336, #2327, #3109 ) ;
#293 = ORIENTED_EDGE ( 'NONE', *, *, #2340, .F. ) ;
#294 = EDGE_LOOP ( 'NONE', ( #2999, #602, #321, #1426 ) ) ;
#295 = CARTESIAN_POINT ( 'NONE',  ( 180.0000000000000000, 0.000000000000000000, 12.26192023000044351 ) ) ;
#296 = DIRECTION ( 'NONE',  ( 0.000000000000000000, 0.000000000000000000, 1.000000000000000000 ) ) ;
#297 = ADVANCED_FACE ( 'NONE', ( #2053 ), #2024, .F. ) ;
#298 = EDGE_CURVE ( 'NONE', #898, #1807, #1808, .T. ) ;
#299 = ORIENTED_EDGE ( 'NONE', *, *, #3180, .F. ) ;
#300 = DIRECTION ( 'NONE',  ( 0.000000000000000000, 1.000000000000000000, 0.000000000000000000 ) ) ;
#301 = DIRECTION ( 'NONE',  ( -0.000000000000000000, 1.000000000000000000, -0.000000000000000000 ) ) ;
#302 = VERTEX_POINT ( 'NONE', #1278 ) ;
#303 = DIRECTION ( 'NONE',  ( 0.000000000000000000, -1.000000000000000000, -2.891205793294675861E-16 ) ) ;
#304 = CARTESIAN_POINT ( 'NONE',  ( 258.0250000000000909, 0.000000000000000000, 453.3999999999999773 ) ) ;
#305 = ORIENTED_EDGE ( 'NONE', *, *, #3059, .T. ) ;
#306 = ORIENTED_EDGE ( 'NONE', *, *, #2396, .T. ) ;
#307 = ORIENTED_EDGE ( 'NONE', *, *, #2136, .T. ) ;
#308 = CARTESIAN_POINT ( 'NONE',  ( -200.0000000000000568, -1.199999999999999956, -448.5000000000000568 ) ) ;
#309 = LINE ( 'NONE', #96, #182 ) ;
#310 = DIRECTION ( 'NONE',  ( -0.000000000000000000, 1.000000000000000000, -0.000000000000000000 ) ) ;
#311 = ORIENTED_EDGE ( 'NONE', *, *, #1016, .T. ) ;
#312 = ADVANCED_FACE ( 'NONE', ( #2498 ), #318, .F. ) ;
#313 = CARTESIAN_POINT ( 'NONE',  ( 249.2399999999998386, 0.000000000000000000, 173.1000000000000227 ) ) ;
#314 = ADVANCED_FACE ( 'NONE', ( #1796 ), #45, .F. ) ;
#315 = DIRECTION ( 'NONE',  ( 0.000000000000000000, 0.000000000000000000, 1.000000000000000000 ) ) ;
#316 = ORIENTED_EDGE ( 'NONE', *, *, #1915, .F. ) ;
#317 = CARTESIAN_POINT ( 'NONE',  ( -200.0000000000000568, 0.000000000000000000, 448.5000000000000568 ) ) ;
#318 = CONICAL_SURFACE ( 'NONE', #2125, 3.000000000000002665, 0.7853981633974447263 ) ;
#319 = DIRECTION ( 'NONE',  ( 0.000000000000000000, 1.000000000000000000, 0.000000000000000000 ) ) ;
#320 = CIRCLE ( 'NONE', #2811, 3.000000000000002665 ) ;
#321 = ORIENTED_EDGE ( 'NONE', *, *, #2644, .T. ) ;
#322 = ORIENTED_EDGE ( 'NONE', *, *, #1149, .T. ) ;
#323 = ORIENTED_EDGE ( 'NONE', *, *, #3079, .F. ) ;
#324 = CIRCLE ( 'NONE', #3128, 1.900000000000012790 ) ;
#325 = CARTESIAN_POINT ( 'NONE',  ( -249.2399999999999238, 0.000000000000000000, -312.0000000000005684 ) ) ;
#326 = DIRECTION ( 'NONE',  ( 8.659560562354902043E-17, 0.7071067811865500152, -0.7071067811865450192 ) ) ;
#327 = DIRECTION ( 'NONE',  ( 0.000000000000000000, 0.000000000000000000, 1.000000000000000000 ) ) ;
#328 = ORIENTED_EDGE ( 'NONE', *, *, #612, .F. ) ;
#329 = CIRCLE ( 'NONE', #1159, 1.499999999999945821 ) ;
#330 = CYLINDRICAL_SURFACE ( 'NONE', #2300, 1.900000000000012790 ) ;
#331 = CARTESIAN_POINT ( 'NONE',  ( 249.2399999999998386, 0.000000000000000000, -22.99999999999974420 ) ) ;
#332 = ADVANCED_FACE ( 'NONE', ( #1554 ), #1719, .F. ) ;
#333 = ORIENTED_EDGE ( 'NONE', *, *, #277, .F. ) ;
#334 = AXIS2_PLACEMENT_3D ( 'NONE', #398, #382, #823 ) ;
#335 = CARTESIAN_POINT ( 'NONE',  ( -200.0000000000000568, -1.099999999999997646, 450.4000000000000909 ) ) ;
#336 = LINE ( 'NONE', #3055, #2620 ) ;
#337 = CIRCLE ( 'NONE', #2469, 3.000000000000002665 ) ;
#338 = ADVANCED_FACE ( 'NONE', ( #2007 ), #3009, .T. ) ;
#339 = EDGE_LOOP ( 'NONE', ( #2746, #1527, #534, #674 ) ) ;
#340 = ADVANCED_FACE ( 'NONE', ( #2214 ), #197, .T. ) ;
#341 = ORIENTED_EDGE ( 'NONE', *, *, #2239, .F. ) ;
#342 =( GEOMETRIC_REPRESENTATION_CONTEXT ( 3 ) GLOBAL_UNCERTAINTY_ASSIGNED_CONTEXT ( ( #3142 ) ) GLOBAL_UNIT_ASSIGNED_CONTEXT ( ( #404, #2980, #3190 ) ) REPRESENTATION_CONTEXT ( 'NONE', 'WORKASPACE' ) );
#343 = VERTEX_POINT ( 'NONE', #2459 ) ;
#344 = DIRECTION ( 'NONE',  ( 0.000000000000000000, 0.000000000000000000, 1.000000000000000000 ) ) ;
#345 = FACE_OUTER_BOUND ( 'NONE', #598, .T. ) ;
#346 = CARTESIAN_POINT ( 'NONE',  ( 257.2500000000000568, -1.200000000000006617, -442.5000000000000000 ) ) ;
#347 = CARTESIAN_POINT ( 'NONE',  ( -257.2500000000000568, -1.199999999999823208, -442.9999999999998863 ) ) ;
#348 = ORIENTED_EDGE ( 'NONE', *, *, #3025, .F. ) ;
#349 = CARTESIAN_POINT ( 'NONE',  ( 249.2399999999998386, 0.000000000000000000, 175.0000000000000568 ) ) ;
#350 = DIRECTION ( 'NONE',  ( 0.000000000000000000, 0.000000000000000000, 1.000000000000000000 ) ) ;
#351 = EDGE_LOOP ( 'NONE', ( #256, #769, #839, #2804 ) ) ;
#352 = VERTEX_POINT ( 'NONE', #1964 ) ;
#353 = EDGE_CURVE ( 'NONE', #1616, #521, #2986, .T. ) ;
#354 = EDGE_CURVE ( 'NONE', #1001, #2641, #1566, .T. ) ;
#355 = ORIENTED_EDGE ( 'NONE', *, *, #2743, .T. ) ;
#356 = FACE_OUTER_BOUND ( 'NONE', #294, .T. ) ;
#357 = CYLINDRICAL_SURFACE ( 'NONE', #1585, 2.699999999999924682 ) ;
#358 = DIRECTION ( 'NONE',  ( -0.000000000000000000, 1.000000000000000000, -0.000000000000000000 ) ) ;
#359 = LINE ( 'NONE', #2590, #279 ) ;
#360 = FACE_BOUND ( 'NONE', #1955, .T. ) ;
#361 = ORIENTED_EDGE ( 'NONE', *, *, #2462, .T. ) ;
#362 = LINE ( 'NONE', #2084, #374 ) ;
#363 = CARTESIAN_POINT ( 'NONE',  ( -1.010465290867940786E-27, 0.000000000000000000, -442.9999999999998863 ) ) ;
#364 = ORIENTED_EDGE ( 'NONE', *, *, #1052, .T. ) ;
#365 = ORIENTED_EDGE ( 'NONE', *, *, #132, .F. ) ;
#366 = AXIS2_PLACEMENT_3D ( 'NONE', #3075, #39, #2799 ) ;
#367 = ORIENTED_EDGE ( 'NONE', *, *, #130, .F. ) ;
#368 = EDGE_CURVE ( 'NONE', #2858, #1039, #721, .T. ) ;
#369 = CIRCLE ( 'NONE', #2080, 1.900000000000012790 ) ;
#370 = FACE_OUTER_BOUND ( 'NONE', #79, .T. ) ;
#371 = DIRECTION ( 'NONE',  ( 1.220025301785886411E-16, 0.000000000000000000, 1.000000000000000000 ) ) ;
#372 = PRODUCT_DEFINITION_CONTEXT ( 'detailed design', #607, 'design' ) ;
#373 = CARTESIAN_POINT ( 'NONE',  ( 180.0000000000000000, -1.099999999999997646, 14.16192023000045630 ) ) ;
#374 = VECTOR ( 'NONE', #595, 1000.000000000000000 ) ;
#375 = EDGE_CURVE ( 'NONE', #140, #2779, #1869, .T. ) ;
#376 = AXIS2_PLACEMENT_3D ( 'NONE', #2230, #265, #3017 ) ;
#377 = FACE_OUTER_BOUND ( 'NONE', #339, .T. ) ;
#378 = DIRECTION ( 'NONE',  ( -0.000000000000000000, 1.000000000000000000, -0.000000000000000000 ) ) ;
#379 = AXIS2_PLACEMENT_3D ( 'NONE', #1392, #2885, #161 ) ;
#380 = ORIENTED_EDGE ( 'NONE', *, *, #1938, .F. ) ;
#381 = LINE ( 'NONE', #2611, #17 ) ;
#382 = DIRECTION ( 'NONE',  ( -0.000000000000000000, 1.000000000000000000, -0.000000000000000000 ) ) ;
#383 = ORIENTED_EDGE ( 'NONE', *, *, #171, .T. ) ;
#384 = VERTEX_POINT ( 'NONE', #978 ) ;
#385 = CIRCLE ( 'NONE', #1786, 1.899999999999999023 ) ;
#386 = CIRCLE ( 'NONE', #1942, 1.900000000000012790 ) ;
#387 = ORIENTED_EDGE ( 'NONE', *, *, #556, .T. ) ;
#388 = ORIENTED_EDGE ( 'NONE', *, *, #670, .F. ) ;
#389 = CIRCLE ( 'NONE', #859, 3.000000000000002665 ) ;
#390 = DIRECTION ( 'NONE',  ( 0.000000000000000000, 0.000000000000000000, 1.000000000000000000 ) ) ;
#391 = CARTESIAN_POINT ( 'NONE',  ( -249.2399999999999238, 0.000000000000000000, -18.09999999999974207 ) ) ;
#392 = LINE ( 'NONE', #1378, #1615 ) ;
#393 = DIRECTION ( 'NONE',  ( -0.000000000000000000, 1.000000000000000000, -0.000000000000000000 ) ) ;
#394 = EDGE_CURVE ( 'NONE', #1372, #1398, #1818, .T. ) ;
#395 = EDGE_CURVE ( 'NONE', #2537, #2104, #1468, .T. ) ;
#396 = VERTEX_POINT ( 'NONE', #768 ) ;
#397 = CARTESIAN_POINT ( 'NONE',  ( 1.035429052439909791E-11, 0.000000000000000000, 442.9999999999938041 ) ) ;
#398 = CARTESIAN_POINT ( 'NONE',  ( -249.2399999999999238, 0.000000000000000000, -19.99999999999974065 ) ) ;
#399 = ORIENTED_EDGE ( 'NONE', *, *, #1999, .T. ) ;
#400 = EDGE_LOOP ( 'NONE', ( #1405, #2959 ) ) ;
#401 = ORIENTED_EDGE ( 'NONE', *, *, #693, .F. ) ;
#402 = EDGE_LOOP ( 'NONE', ( #2771, #513 ) ) ;
#403 = DIRECTION ( 'NONE',  ( 0.000000000000000000, 0.000000000000000000, 1.000000000000000000 ) ) ;
#404 =( LENGTH_UNIT ( ) NAMED_UNIT ( * ) SI_UNIT ( .MILLI., .METRE. ) );
#405 = DIRECTION ( 'NONE',  ( 0.000000000000000000, 1.000000000000000000, 0.000000000000000000 ) ) ;
#406 = FACE_OUTER_BOUND ( 'NONE', #1314, .T. ) ;
#407 = VERTEX_POINT ( 'NONE', #22 ) ;
#408 = ADVANCED_FACE ( 'NONE', ( #2967 ), #3071, .F. ) ;
#409 = EDGE_CURVE ( 'NONE', #464, #1442, #1202, .T. ) ;
#410 = DIRECTION ( 'NONE',  ( 0.000000000000000000, 0.000000000000000000, 1.000000000000000000 ) ) ;
#411 = LINE ( 'NONE', #1208, #1014 ) ;
#412 = EDGE_LOOP ( 'NONE', ( #1264, #1895, #1321, #3057 ) ) ;
#413 = CARTESIAN_POINT ( 'NONE',  ( 200.0000000000001705, 0.000000000000000000, -445.5000000000000568 ) ) ;
#414 = CYLINDRICAL_SURFACE ( 'NONE', #2817, 1.900000000000012790 ) ;
#415 = AXIS2_PLACEMENT_3D ( 'NONE', #2429, #2733, #953 ) ;
#416 = ORIENTED_EDGE ( 'NONE', *, *, #1760, .T. ) ;
#417 = ORIENTED_EDGE ( 'NONE', *, *, #1054, .F. ) ;
#418 = VECTOR ( 'NONE', #2178, 1000.000000000000000 ) ;
#419 = CARTESIAN_POINT ( 'NONE',  ( 5.211418197525975331E-14, 0.000000000000000000, -451.5000000000000568 ) ) ;
#420 = CARTESIAN_POINT ( 'NONE',  ( -249.2399999999999238, -1.199999999999999956, 343.0999999999999659 ) ) ;
#421 = DIRECTION ( 'NONE',  ( -0.000000000000000000, 1.000000000000000000, -0.000000000000000000 ) ) ;
#422 = CIRCLE ( 'NONE', #215, 1.900000000000012790 ) ;
#423 = DIRECTION ( 'NONE',  ( -0.000000000000000000, 1.000000000000000000, -0.000000000000000000 ) ) ;
#424 = AXIS2_PLACEMENT_3D ( 'NONE', #188, #2943, #3134 ) ;
#425 = VERTEX_POINT ( 'NONE', #2 ) ;
#426 = VECTOR ( 'NONE', #1957, 1000.000000000000000 ) ;
#427 = LINE ( 'NONE', #1679, #1101 ) ;
#428 = PLANE ( 'NONE',  #1531 ) ;
#429 = VECTOR ( 'NONE', #931, 1000.000000000000000 ) ;
#430 = ORIENTED_EDGE ( 'NONE', *, *, #2161, .F. ) ;
#431 = DIRECTION ( 'NONE',  ( -0.000000000000000000, 1.000000000000000000, -0.000000000000000000 ) ) ;
#432 = VECTOR ( 'NONE', #621, 1000.000000000000000 ) ;
#433 = PLANE ( 'NONE',  #272 ) ;
#434 = EDGE_CURVE ( 'NONE', #2112, #1039, #1725, .T. ) ;
#435 = EDGE_CURVE ( 'NONE', #1190, #2756, #2025, .T. ) ;
#436 = AXIS2_PLACEMENT_3D ( 'NONE', #1012, #1028, #1949 ) ;
#437 = VERTEX_POINT ( 'NONE', #1220 ) ;
#438 = ORIENTED_EDGE ( 'NONE', *, *, #77, .T. ) ;
#439 = DIRECTION ( 'NONE',  ( -1.000000000000000000, 0.000000000000000000, -2.337311630789787316E-14 ) ) ;
#440 = DIRECTION ( 'NONE',  ( 0.000000000000000000, 0.000000000000000000, 1.000000000000000000 ) ) ;
#441 = CYLINDRICAL_SURFACE ( 'NONE', #1825, 1.900000000000012790 ) ;
#442 = APPLICATION_CONTEXT ( 'automotive_design' ) ;
#443 = AXIS2_PLACEMENT_3D ( 'NONE', #2608, #1821, #3078 ) ;
#444 = CARTESIAN_POINT ( 'NONE',  ( 180.0000000000000000, 0.000000000000000000, 9.261920230000439958 ) ) ;
#445 = VECTOR ( 'NONE', #2289, 1000.000000000000000 ) ;
#446 = CARTESIAN_POINT ( 'NONE',  ( -180.0000000000000000, 0.000000000000000000, 15.26192023000044529 ) ) ;
#447 = VERTEX_POINT ( 'NONE', #446 ) ;
#448 = LINE ( 'NONE', #671, #429 ) ;
#449 = FACE_OUTER_BOUND ( 'NONE', #535, .T. ) ;
#450 = ORIENTED_EDGE ( 'NONE', *, *, #2373, .F. ) ;
#451 = CARTESIAN_POINT ( 'NONE',  ( -249.2399999999999238, 0.000000000000000000, -318.0000000000005684 ) ) ;
#452 = FACE_BOUND ( 'NONE', #1905, .T. ) ;
#453 = EDGE_LOOP ( 'NONE', ( #1117, #2789, #2859, #2393 ) ) ;
#454 = ORIENTED_EDGE ( 'NONE', *, *, #1269, .F. ) ;
#455 = ADVANCED_FACE ( 'NONE', ( #1742 ), #680, .F. ) ;
#456 = EDGE_CURVE ( 'NONE', #2858, #1556, #1755, .T. ) ;
#457 = DIRECTION ( 'NONE',  ( 0.000000000000000000, 0.000000000000000000, 1.000000000000000000 ) ) ;
#458 = DIRECTION ( 'NONE',  ( 0.000000000000000000, 0.7071067811865500152, 0.7071067811865450192 ) ) ;
#459 = PLANE ( 'NONE',  #2193 ) ;
#460 = DIRECTION ( 'NONE',  ( 0.000000000000000000, 1.000000000000000000, 0.000000000000000000 ) ) ;
#461 = ORIENTED_EDGE ( 'NONE', *, *, #886, .T. ) ;
#462 = PLANE ( 'NONE',  #1776 ) ;
#463 = DIRECTION ( 'NONE',  ( 0.000000000000000000, 0.000000000000000000, 1.000000000000000000 ) ) ;
#464 = VERTEX_POINT ( 'NONE', #1435 ) ;
#465 = CARTESIAN_POINT ( 'NONE',  ( 180.0000000000000000, 0.000000000000000000, 12.26192023000044351 ) ) ;
#466 = LINE ( 'NONE', #1165, #426 ) ;
#467 = ORIENTED_EDGE ( 'NONE', *, *, #1085, .F. ) ;
#468 = ORIENTED_EDGE ( 'NONE', *, *, #1364, .F. ) ;
#469 = CARTESIAN_POINT ( 'NONE',  ( 1.061766380429887587E-18, -1.099999999999997646, 12.26192023000044351 ) ) ;
#470 = DIRECTION ( 'NONE',  ( -1.000000000000000000, -1.143533294820720407E-32, 1.220025301785637920E-16 ) ) ;
#471 = FACE_BOUND ( 'NONE', #1337, .T. ) ;
#472 = EDGE_CURVE ( 'NONE', #1398, #1372, #320, .T. ) ;
#473 = EDGE_CURVE ( 'NONE', #1556, #1807, #3024, .T. ) ;
#474 = VECTOR ( 'NONE', #3203, 1000.000000000000000 ) ;
#475 = DIRECTION ( 'NONE',  ( 0.000000000000000000, 0.000000000000000000, 1.000000000000000000 ) ) ;
#476 = DIRECTION ( 'NONE',  ( -0.000000000000000000, 1.000000000000000000, -0.000000000000000000 ) ) ;
#477 = STYLED_ITEM ( 'NONE', ( #2541 ), #600 ) ;
#478 = EDGE_CURVE ( 'NONE', #2530, #1330, #1304, .T. ) ;
#479 = EDGE_CURVE ( 'NONE', #2331, #3033, #1403, .T. ) ;
#480 = ORIENTED_EDGE ( 'NONE', *, *, #2704, .F. ) ;
#481 = VECTOR ( 'NONE', #458, 1000.000000000000000 ) ;
#482 = LINE ( 'NONE', #998, #1575 ) ;
#483 = DIRECTION ( 'NONE',  ( 8.659560562354902043E-17, 0.7071067811865500152, -0.7071067811865450192 ) ) ;
#484 = AXIS2_PLACEMENT_3D ( 'NONE', #1213, #1441, #1715 ) ;
#485 = VERTEX_POINT ( 'NONE', #2574 ) ;
#486 = CARTESIAN_POINT ( 'NONE',  ( 249.2399999999998386, 0.000000000000000000, 347.9999999999999432 ) ) ;
#487 = DIRECTION ( 'NONE',  ( -0.000000000000000000, 1.000000000000000000, -0.000000000000000000 ) ) ;
#488 = VECTOR ( 'NONE', #723, 1000.000000000000000 ) ;
#489 = ORIENTED_EDGE ( 'NONE', *, *, #1031, .T. ) ;
#490 = ORIENTED_EDGE ( 'NONE', *, *, #473, .F. ) ;
#491 = AXIS2_PLACEMENT_3D ( 'NONE', #1365, #561, #2559 ) ;
#492 = CARTESIAN_POINT ( 'NONE',  ( -200.0000000000000568, 0.000000000000000000, -445.5000000000000568 ) ) ;
#493 = DIRECTION ( 'NONE',  ( -0.000000000000000000, 1.000000000000000000, -0.000000000000000000 ) ) ;
#494 = DIRECTION ( 'NONE',  ( -0.000000000000000000, 1.000000000000000000, -0.000000000000000000 ) ) ;
#495 = DIRECTION ( 'NONE',  ( 0.000000000000000000, 1.000000000000000000, 0.000000000000000000 ) ) ;
#496 = DIRECTION ( 'NONE',  ( -0.000000000000000000, 1.000000000000000000, -0.000000000000000000 ) ) ;
#497 = CONICAL_SURFACE ( 'NONE', #2571, 3.000000000000002665, 0.7853981633974447263 ) ;
#498 = ORIENTED_EDGE ( 'NONE', *, *, #2917, .F. ) ;
#499 = VECTOR ( 'NONE', #2847, 1000.000000000000000 ) ;
#500 = EDGE_CURVE ( 'NONE', #2494, #1330, #1534, .T. ) ;
#501 = DIRECTION ( 'NONE',  ( -0.000000000000000000, 1.000000000000000000, -0.000000000000000000 ) ) ;
#502 = EDGE_CURVE ( 'NONE', #2183, #2907, #1612, .T. ) ;
#503 = FACE_OUTER_BOUND ( 'NONE', #351, .T. ) ;
#504 = EDGE_LOOP ( 'NONE', ( #3016, #480, #307, #1469 ) ) ;
#505 = DIRECTION ( 'NONE',  ( 0.000000000000000000, 1.000000000000000000, 6.123233995736766036E-17 ) ) ;
#506 = DIRECTION ( 'NONE',  ( 0.000000000000000000, 0.000000000000000000, 1.000000000000000000 ) ) ;
#507 = EDGE_LOOP ( 'NONE', ( #522, #2941, #2844, #2868 ) ) ;
#508 = EDGE_LOOP ( 'NONE', ( #2551, #1143, #274, #2523 ) ) ;
#509 = DIRECTION ( 'NONE',  ( 0.000000000000000000, 0.000000000000000000, 1.000000000000000000 ) ) ;
#510 = FACE_OUTER_BOUND ( 'NONE', #2380, .T. ) ;
#511 = DIRECTION ( 'NONE',  ( 0.000000000000000000, 0.000000000000000000, 1.000000000000000000 ) ) ;
#512 = DIRECTION ( 'NONE',  ( -0.000000000000000000, 1.000000000000000000, -0.000000000000000000 ) ) ;
#513 = ORIENTED_EDGE ( 'NONE', *, *, #717, .F. ) ;
#514 = LINE ( 'NONE', #249, #488 ) ;
#515 = CARTESIAN_POINT ( 'NONE',  ( 5.174678793551554786E-14, 0.000000000000000000, 448.5000000000000568 ) ) ;
#516 = EDGE_CURVE ( 'NONE', #2416, #2478, #2290, .T. ) ;
#517 = ORIENTED_EDGE ( 'NONE', *, *, #395, .F. ) ;
#518 = EDGE_CURVE ( 'NONE', #2170, #2993, #97, .T. ) ;
#519 = DIRECTION ( 'NONE',  ( -0.000000000000000000, 1.000000000000000000, -0.000000000000000000 ) ) ;
#520 = DIRECTION ( 'NONE',  ( 1.000000000000000000, -0.000000000000000000, 0.000000000000000000 ) ) ;
#521 = VERTEX_POINT ( 'NONE', #828 ) ;
#522 = ORIENTED_EDGE ( 'NONE', *, *, #276, .F. ) ;
#523 = FACE_OUTER_BOUND ( 'NONE', #1160, .T. ) ;
#524 = AXIS2_PLACEMENT_3D ( 'NONE', #2088, #646, #2105 ) ;
#525 = ORIENTED_EDGE ( 'NONE', *, *, #1704, .T. ) ;
#526 = DIRECTION ( 'NONE',  ( 1.000000000000000000, 1.734723475976869809E-15, 0.000000000000000000 ) ) ;
#527 = AXIS2_PLACEMENT_3D ( 'NONE', #1061, #310, #327 ) ;
#528 = CARTESIAN_POINT ( 'NONE',  ( -249.2399999999999238, -1.199999999999999956, 345.0000000000000000 ) ) ;
#529 = ORIENTED_EDGE ( 'NONE', *, *, #1548, .T. ) ;
#530 = CARTESIAN_POINT ( 'NONE',  ( -257.2500000000000000, -2.700000000000025047, 442.4999999999997726 ) ) ;
#531 = VECTOR ( 'NONE', #1218, 1000.000000000000000 ) ;
#532 = DIRECTION ( 'NONE',  ( 0.000000000000000000, 0.000000000000000000, 1.000000000000000000 ) ) ;
#533 = CONICAL_SURFACE ( 'NONE', #2978, 3.000000000000002665, 0.7853981633974447263 ) ;
#534 = ORIENTED_EDGE ( 'NONE', *, *, #667, .T. ) ;
#535 = EDGE_LOOP ( 'NONE', ( #328, #1637, #2023, #2633 ) ) ;
#536 = CIRCLE ( 'NONE', #2400, 1.900000000000012790 ) ;
#537 = EDGE_CURVE ( 'NONE', #1807, #237, #2555, .T. ) ;
#538 = EDGE_CURVE ( 'NONE', #3033, #2331, #1401, .T. ) ;
#539 = APPLICATION_PROTOCOL_DEFINITION ( 'draft international standard', 'automotive_design', 1998, #442 ) ;
#540 = AXIS2_PLACEMENT_3D ( 'NONE', #2897, #2124, #2691 ) ;
#541 = VECTOR ( 'NONE', #861, 1000.000000000000000 ) ;
#542 = DIRECTION ( 'NONE',  ( 1.000000000000000000, 0.000000000000000000, 0.000000000000000000 ) ) ;
#543 = FACE_OUTER_BOUND ( 'NONE', #1682, .T. ) ;
#544 = VECTOR ( 'NONE', #2433, 1000.000000000000000 ) ;
#545 = EDGE_LOOP ( 'NONE', ( #1584, #747, #1259, #174 ) ) ;
#546 = CARTESIAN_POINT ( 'NONE',  ( -259.6250000000000568, -1.199999999999999956, -453.4000000000000909 ) ) ;
#547 = PLANE ( 'NONE',  #1425 ) ;
#548 = ORIENTED_EDGE ( 'NONE', *, *, #1704, .F. ) ;
#549 = CARTESIAN_POINT ( 'NONE',  ( -200.0000000000000568, 0.000000000000000000, -448.5000000000000568 ) ) ;
#550 = VECTOR ( 'NONE', #1609, 1000.000000000000000 ) ;
#551 = CARTESIAN_POINT ( 'NONE',  ( -200.0000000000000568, 0.000000000000000000, 445.5000000000000568 ) ) ;
#552 = EDGE_LOOP ( 'NONE', ( #2766, #2583, #1772, #341 ) ) ;
#553 = ORIENTED_EDGE ( 'NONE', *, *, #1726, .T. ) ;
#554 = ORIENTED_EDGE ( 'NONE', *, *, #2661, .T. ) ;
#555 = EDGE_CURVE ( 'NONE', #2707, #407, #2973, .T. ) ;
#556 = EDGE_CURVE ( 'NONE', #2189, #3027, #1515, .T. ) ;
#557 = CARTESIAN_POINT ( 'NONE',  ( -249.2399999999999238, -1.199999999999999956, 346.8999999999999773 ) ) ;
#558 = DIRECTION ( 'NONE',  ( -1.000000000000000000, 0.000000000000000000, 1.220025301785886411E-16 ) ) ;
#559 = DIRECTION ( 'NONE',  ( 0.000000000000000000, 0.000000000000000000, 1.000000000000000000 ) ) ;
#560 = ORIENTED_EDGE ( 'NONE', *, *, #1429, .F. ) ;
#561 = DIRECTION ( 'NONE',  ( -1.000000000000000000, 0.000000000000000000, 1.254489293361759322E-16 ) ) ;
#562 = DIRECTION ( 'NONE',  ( -0.000000000000000000, 1.000000000000000000, -0.000000000000000000 ) ) ;
#563 = ORIENTED_EDGE ( 'NONE', *, *, #2321, .F. ) ;
#564 = LINE ( 'NONE', #762, #2386 ) ;
#565 = DIRECTION ( 'NONE',  ( 1.220025301785886411E-16, 0.000000000000000000, 1.000000000000000000 ) ) ;
#566 = ORIENTED_EDGE ( 'NONE', *, *, #194, .F. ) ;
#567 = ORIENTED_EDGE ( 'NONE', *, *, #1565, .T. ) ;
#568 = DIRECTION ( 'NONE',  ( -1.220025301786134902E-16, 7.116814260417663780E-15, -1.000000000000000000 ) ) ;
#569 = ADVANCED_FACE ( 'NONE', ( #3048 ), #1088, .F. ) ;
#570 = CARTESIAN_POINT ( 'NONE',  ( -200.0000000000000568, -1.199999999999999956, -448.5000000000000568 ) ) ;
#571 = EDGE_LOOP ( 'NONE', ( #2808, #1490, #840, #2322 ) ) ;
#572 = CARTESIAN_POINT ( 'NONE',  ( 257.2500000000000568, -1.200000000000006617, -442.5000000000000000 ) ) ;
#573 = CARTESIAN_POINT ( 'NONE',  ( 1.061766380429887587E-18, 0.000000000000000000, 12.26192023000044351 ) ) ;
#574 = ADVANCED_FACE ( 'NONE', ( #1560 ), #2529, .F. ) ;
#575 = ADVANCED_FACE ( 'NONE', ( #543 ), #51, .T. ) ;
#576 = EDGE_LOOP ( 'NONE', ( #965, #2132 ) ) ;
#577 = AXIS2_PLACEMENT_3D ( 'NONE', #3165, #431, #934 ) ;
#578 = FACE_OUTER_BOUND ( 'NONE', #2312, .T. ) ;
#579 = FACE_OUTER_BOUND ( 'NONE', #715, .T. ) ;
#580 = AXIS2_PLACEMENT_3D ( 'NONE', #2310, #1898, #159 ) ;
#581 = EDGE_LOOP ( 'NONE', ( #710, #1287, #1894, #2425 ) ) ;
#582 = VERTEX_POINT ( 'NONE', #816 ) ;
#583 = AXIS2_PLACEMENT_3D ( 'NONE', #1739, #2490, #2242 ) ;
#584 = AXIS2_PLACEMENT_3D ( 'NONE', #2133, #1893, #2648 ) ;
#585 = CARTESIAN_POINT ( 'NONE',  ( 200.0000000000001705, -1.199999999999999956, -448.5000000000000568 ) ) ;
#586 = AXIS2_PLACEMENT_3D ( 'NONE', #2015, #2757, #759 ) ;
#587 = FILL_AREA_STYLE ('',( #1077 ) ) ;
#588 = CARTESIAN_POINT ( 'NONE',  ( 257.2500000000000568, 0.000000000000000000, -442.5000000000000000 ) ) ;
#589 = CARTESIAN_POINT ( 'NONE',  ( -200.0000000000000568, -1.199999999999999956, -446.6000000000000796 ) ) ;
#590 = AXIS2_PLACEMENT_3D ( 'NONE', #1769, #246, #475 ) ;
#591 = ORIENTED_EDGE ( 'NONE', *, *, #2206, .F. ) ;
#592 = EDGE_CURVE ( 'NONE', #1748, #1993, #1351, .T. ) ;
#593 = EDGE_CURVE ( 'NONE', #649, #1331, #1045, .T. ) ;
#594 = AXIS2_PLACEMENT_3D ( 'NONE', #3112, #881, #3181 ) ;
#595 = DIRECTION ( 'NONE',  ( 0.000000000000000000, 1.000000000000000000, 0.000000000000000000 ) ) ;
#596 = DIRECTION ( 'NONE',  ( 0.000000000000000000, 0.000000000000000000, 1.000000000000000000 ) ) ;
#597 = VECTOR ( 'NONE', #1305, 1000.000000000000000 ) ;
#598 = EDGE_LOOP ( 'NONE', ( #1960, #72, #3042, #1858 ) ) ;
#599 = ORIENTED_EDGE ( 'NONE', *, *, #670, .T. ) ;
#600 = MANIFOLD_SOLID_BREP ( 'CSK for M3 Flat Head Machine Screw1', #1247 ) ;
#601 = AXIS2_PLACEMENT_3D ( 'NONE', #2122, #1911, #2142 ) ;
#602 = ORIENTED_EDGE ( 'NONE', *, *, #613, .F. ) ;
#603 = DIRECTION ( 'NONE',  ( -1.220025301785886411E-16, 0.000000000000000000, -1.000000000000000000 ) ) ;
#604 = FACE_OUTER_BOUND ( 'NONE', #1553, .T. ) ;
#605 = CARTESIAN_POINT ( 'NONE',  ( 249.2399999999998386, 0.000000000000000000, 347.9999999999999432 ) ) ;
#606 = LINE ( 'NONE', #572, #2141 ) ;
#607 = APPLICATION_CONTEXT ( 'automotive_design' ) ;
#608 = FACE_BOUND ( 'NONE', #2928, .T. ) ;
#609 = ORIENTED_EDGE ( 'NONE', *, *, #472, .F. ) ;
#610 = DIRECTION ( 'NONE',  ( 0.000000000000000000, 1.000000000000000000, 0.000000000000000000 ) ) ;
#611 = DIRECTION ( 'NONE',  ( -0.000000000000000000, 1.000000000000000000, -0.000000000000000000 ) ) ;
#612 = EDGE_CURVE ( 'NONE', #485, #686, #1147, .T. ) ;
#613 = EDGE_CURVE ( 'NONE', #521, #1404, #2863, .T. ) ;
#614 = ORIENTED_EDGE ( 'NONE', *, *, #868, .F. ) ;
#615 = CARTESIAN_POINT ( 'NONE',  ( 249.2399999999998386, 0.000000000000000000, -19.99999999999974065 ) ) ;
#616 = ADVANCED_FACE ( 'NONE', ( #3124 ), #179, .F. ) ;
#617 = ORIENTED_EDGE ( 'NONE', *, *, #2222, .F. ) ;
#618 = CARTESIAN_POINT ( 'NONE',  ( 257.2500000000000568, -1.200000000000006617, -442.5000000000000000 ) ) ;
#619 = DIRECTION ( 'NONE',  ( -0.000000000000000000, 1.000000000000000000, -0.000000000000000000 ) ) ;
#620 =( NAMED_UNIT ( * ) SI_UNIT ( $, .STERADIAN. ) SOLID_ANGLE_UNIT ( ) );
#621 = DIRECTION ( 'NONE',  ( -1.220025301785886411E-16, -0.000000000000000000, -1.000000000000000000 ) ) ;
#622 = CARTESIAN_POINT ( 'NONE',  ( 200.0000000000001705, 0.000000000000000000, -450.4000000000000909 ) ) ;
#623 = ORIENTED_EDGE ( 'NONE', *, *, #58, .F. ) ;
#624 = CARTESIAN_POINT ( 'NONE',  ( 258.7499999999999432, 3.149190310234815988E-12, -442.5000000000000000 ) ) ;
#625 = DIRECTION ( 'NONE',  ( -0.000000000000000000, 1.000000000000000000, -0.000000000000000000 ) ) ;
#626 = VERTEX_POINT ( 'NONE', #605 ) ;
#627 = ORIENTED_EDGE ( 'NONE', *, *, #435, .T. ) ;
#628 = CIRCLE ( 'NONE', #1662, 3.000000000000002665 ) ;
#629 = AXIS2_PLACEMENT_3D ( 'NONE', #1029, #1286, #559 ) ;
#630 = VERTEX_POINT ( 'NONE', #3107 ) ;
#631 = ORIENTED_EDGE ( 'NONE', *, *, #1169, .F. ) ;
#632 = ADVANCED_FACE ( 'NONE', ( #1173 ), #1105, .F. ) ;
#633 = ADVANCED_FACE ( 'NONE', ( #636 ), #2160, .F. ) ;
#634 = CARTESIAN_POINT ( 'NONE',  ( -200.0000000000000568, 0.000000000000000000, -445.5000000000000568 ) ) ;
#635 = DIRECTION ( 'NONE',  ( 0.000000000000000000, 0.000000000000000000, 1.000000000000000000 ) ) ;
#636 = FACE_OUTER_BOUND ( 'NONE', #777, .T. ) ;
#637 = CONICAL_SURFACE ( 'NONE', #1255, 3.000000000000000888, 0.7853981633974498333 ) ;
#638 = AXIS2_PLACEMENT_3D ( 'NONE', #349, #1094, #2299 ) ;
#639 = FACE_OUTER_BOUND ( 'NONE', #2646, .T. ) ;
#640 = AXIS2_PLACEMENT_3D ( 'NONE', #734, #963, #1485 ) ;
#641 = ORIENTED_EDGE ( 'NONE', *, *, #870, .T. ) ;
#642 = FACE_OUTER_BOUND ( 'NONE', #952, .T. ) ;
#643 = VECTOR ( 'NONE', #1390, 1000.000000000000000 ) ;
#644 = DIRECTION ( 'NONE',  ( 0.000000000000000000, 0.000000000000000000, 1.000000000000000000 ) ) ;
#645 = ORIENTED_EDGE ( 'NONE', *, *, #1290, .T. ) ;
#646 = DIRECTION ( 'NONE',  ( -2.337311630789896810E-14, 6.123233995736766036E-17, -1.000000000000000000 ) ) ;
#647 = AXIS2_PLACEMENT_3D ( 'NONE', #1130, #1600, #119 ) ;
#648 = CIRCLE ( 'NONE', #2044, 1.900000000000012790 ) ;
#649 = VERTEX_POINT ( 'NONE', #2370 ) ;
#650 = ORIENTED_EDGE ( 'NONE', *, *, #2078, .F. ) ;
#651 = CONICAL_SURFACE ( 'NONE', #1118, 3.000000000000000888, 0.7853981633974498333 ) ;
#652 = DIRECTION ( 'NONE',  ( 8.659560562354902043E-17, 0.7071067811865500152, -0.7071067811865450192 ) ) ;
#653 = DIRECTION ( 'NONE',  ( 0.000000000000000000, 0.000000000000000000, 1.000000000000000000 ) ) ;
#654 = ADVANCED_FACE ( 'NONE', ( #1850 ), #3157, .F. ) ;
#655 = ADVANCED_FACE ( 'NONE', ( #2848 ), #911, .F. ) ;
#656 = DIRECTION ( 'NONE',  ( -0.000000000000000000, 1.000000000000000000, -0.000000000000000000 ) ) ;
#657 = EDGE_LOOP ( 'NONE', ( #782, #204, #3196, #2445 ) ) ;
#658 = CARTESIAN_POINT ( 'NONE',  ( -259.9499999999999886, -2.699999999999813660, -442.4999999999998863 ) ) ;
#659 = DIRECTION ( 'NONE',  ( -0.000000000000000000, 1.000000000000000000, -0.000000000000000000 ) ) ;
#660 = ORIENTED_EDGE ( 'NONE', *, *, #1285, .T. ) ;
#661 = DIRECTION ( 'NONE',  ( 8.659560562354902043E-17, 0.7071067811865500152, -0.7071067811865450192 ) ) ;
#662 = VERTEX_POINT ( 'NONE', #373 ) ;
#663 = ORIENTED_EDGE ( 'NONE', *, *, #2265, .F. ) ;
#664 = DIRECTION ( 'NONE',  ( -0.000000000000000000, -0.000000000000000000, -1.000000000000000000 ) ) ;
#665 = FACE_OUTER_BOUND ( 'NONE', #2131, .T. ) ;
#666 = CARTESIAN_POINT ( 'NONE',  ( 249.2399999999998386, 0.000000000000000000, -318.0000000000005684 ) ) ;
#667 = EDGE_CURVE ( 'NONE', #3167, #205, #1362, .T. ) ;
#668 = DIRECTION ( 'NONE',  ( 0.000000000000000000, 0.000000000000000000, 1.000000000000000000 ) ) ;
#669 = ORIENTED_EDGE ( 'NONE', *, *, #1073, .F. ) ;
#670 = EDGE_CURVE ( 'NONE', #3147, #2416, #422, .T. ) ;
#671 = CARTESIAN_POINT ( 'NONE',  ( -257.2500000000000568, -1.199999999999823208, -442.4999999999998863 ) ) ;
#672 = EDGE_CURVE ( 'NONE', #2171, #302, #2834, .T. ) ;
#673 = DIRECTION ( 'NONE',  ( 0.000000000000000000, 0.000000000000000000, 1.000000000000000000 ) ) ;
#674 = ORIENTED_EDGE ( 'NONE', *, *, #113, .T. ) ;
#675 = EDGE_LOOP ( 'NONE', ( #2854, #288 ) ) ;
#676 = FACE_BOUND ( 'NONE', #2486, .T. ) ;
#677 = AXIS2_PLACEMENT_3D ( 'NONE', #615, #2597, #1355 ) ;
#678 = ORIENTED_EDGE ( 'NONE', *, *, #43, .T. ) ;
#679 = ORIENTED_EDGE ( 'NONE', *, *, #3117, .T. ) ;
#680 = CONICAL_SURFACE ( 'NONE', #1768, 3.000000000000002665, 0.7853981633974447263 ) ;
#681 = DIRECTION ( 'NONE',  ( -0.000000000000000000, 1.000000000000000000, -0.000000000000000000 ) ) ;
#682 = CARTESIAN_POINT ( 'NONE',  ( 5.197947082735354717E-14, -1.099999999999997646, -450.4000000000000909 ) ) ;
#683 = CARTESIAN_POINT ( 'NONE',  ( 180.0000000000000000, -1.099999999999997646, 12.26192023000044351 ) ) ;
#684 = AXIS2_PLACEMENT_3D ( 'NONE', #2653, #2896, #3092 ) ;
#685 = LINE ( 'NONE', #2194, #2350 ) ;
#686 = VERTEX_POINT ( 'NONE', #1836 ) ;
#687 = CIRCLE ( 'NONE', #638, 3.000000000000002665 ) ;
#688 = CARTESIAN_POINT ( 'NONE',  ( 200.0000000000001705, 0.000000000000000000, 446.6000000000000796 ) ) ;
#689 = DIRECTION ( 'NONE',  ( -0.000000000000000000, 1.000000000000000000, -0.000000000000000000 ) ) ;
#690 = CONICAL_SURFACE ( 'NONE', #2929, 3.000000000000002665, 0.7853981633974447263 ) ;
#691 = EDGE_CURVE ( 'NONE', #2119, #3056, #2109, .T. ) ;
#692 = EDGE_LOOP ( 'NONE', ( #468, #399, #1568, #1653 ) ) ;
#693 = EDGE_CURVE ( 'NONE', #2106, #80, #392, .T. ) ;
#694 = DIRECTION ( 'NONE',  ( -0.000000000000000000, 1.000000000000000000, -0.000000000000000000 ) ) ;
#695 = FACE_BOUND ( 'NONE', #2795, .T. ) ;
#696 = AXIS2_PLACEMENT_3D ( 'NONE', #909, #2908, #2158 ) ;
#697 = ORIENTED_EDGE ( 'NONE', *, *, #1999, .F. ) ;
#698 = ORIENTED_EDGE ( 'NONE', *, *, #3200, .F. ) ;
#699 = AXIS2_PLACEMENT_3D ( 'NONE', #724, #2151, #2645 ) ;
#700 = DIRECTION ( 'NONE',  ( 1.000000000000000000, 0.000000000000000000, -1.254489293361759076E-16 ) ) ;
#701 = CARTESIAN_POINT ( 'NONE',  ( -259.6249999999999432, -1.199999999999999956, 453.3999999999998067 ) ) ;
#702 = DIRECTION ( 'NONE',  ( -0.000000000000000000, 1.000000000000000000, -0.000000000000000000 ) ) ;
#703 = AXIS2_PLACEMENT_3D ( 'NONE', #1889, #149, #1141 ) ;
#704 = CARTESIAN_POINT ( 'NONE',  ( 257.2500000000000568, -1.200000000000006617, 442.9999999999997726 ) ) ;
#705 = VECTOR ( 'NONE', #2672, 1000.000000000000000 ) ;
#706 = CARTESIAN_POINT ( 'NONE',  ( -259.6250000000000568, -1.199999999999999956, -455.0000000000000568 ) ) ;
#707 = ORIENTED_EDGE ( 'NONE', *, *, #1128, .T. ) ;
#708 = LINE ( 'NONE', #688, #2511 ) ;
#709 = CARTESIAN_POINT ( 'NONE',  ( 200.0000000000001705, -1.199999999999999956, 446.6000000000000796 ) ) ;
#710 = ORIENTED_EDGE ( 'NONE', *, *, #754, .F. ) ;
#711 = CARTESIAN_POINT ( 'NONE',  ( 259.9499999999999318, -9.000000000000001776, -442.5000000000000568 ) ) ;
#712 = CARTESIAN_POINT ( 'NONE',  ( -200.0000000000000568, 0.000000000000000000, 448.5000000000000568 ) ) ;
#713 = EDGE_CURVE ( 'NONE', #825, #3008, #2391, .T. ) ;
#714 = EDGE_CURVE ( 'NONE', #1043, #1862, #1771, .T. ) ;
#715 = EDGE_LOOP ( 'NONE', ( #1479, #2889, #761, #2900 ) ) ;
#716 = ORIENTED_EDGE ( 'NONE', *, *, #92, .T. ) ;
#717 = EDGE_CURVE ( 'NONE', #2067, #2318, #2241, .T. ) ;
#718 = EDGE_CURVE ( 'NONE', #1573, #1601, #1217, .T. ) ;
#719 = DIRECTION ( 'NONE',  ( -0.000000000000000000, 1.000000000000000000, -0.000000000000000000 ) ) ;
#720 = FACE_OUTER_BOUND ( 'NONE', #2567, .T. ) ;
#721 = LINE ( 'NONE', #944, #2656 ) ;
#722 = ORIENTED_EDGE ( 'NONE', *, *, #395, .T. ) ;
#723 = DIRECTION ( 'NONE',  ( 0.000000000000000000, 1.000000000000000000, 6.123233995736766036E-17 ) ) ;
#724 = CARTESIAN_POINT ( 'NONE',  ( 249.2399999999998386, -1.199999999999999956, 175.0000000000000568 ) ) ;
#725 = ORIENTED_EDGE ( 'NONE', *, *, #2726, .F. ) ;
#726 = DIRECTION ( 'NONE',  ( -0.000000000000000000, 1.000000000000000000, -0.000000000000000000 ) ) ;
#727 = DIRECTION ( 'NONE',  ( -0.000000000000000000, 1.000000000000000000, -0.000000000000000000 ) ) ;
#728 = ORIENTED_EDGE ( 'NONE', *, *, #1565, .F. ) ;
#729 = ORIENTED_EDGE ( 'NONE', *, *, #1509, .F. ) ;
#730 = CARTESIAN_POINT ( 'NONE',  ( -200.0000000000000568, 0.000000000000000000, 448.5000000000000568 ) ) ;
#731 = DIRECTION ( 'NONE',  ( -1.000000000000000000, 1.661682487514692140E-14, 2.337311630789896810E-14 ) ) ;
#732 = EDGE_CURVE ( 'NONE', #662, #384, #997, .T. ) ;
#733 = ADVANCED_FACE ( 'NONE', ( #259 ), #2673, .F. ) ;
#734 = CARTESIAN_POINT ( 'NONE',  ( -259.9499999999999318, 4.189777606611760026E-15, 3.260932910121271613E-14 ) ) ;
#735 = CARTESIAN_POINT ( 'NONE',  ( 5.174678793551554786E-14, 0.000000000000000000, 448.5000000000000568 ) ) ;
#736 = AXIS2_PLACEMENT_3D ( 'NONE', #2755, #1547, #799 ) ;
#737 = ORIENTED_EDGE ( 'NONE', *, *, #1343, .T. ) ;
#738 = VECTOR ( 'NONE', #2211, 1000.000000000000000 ) ;
#739 = DIRECTION ( 'NONE',  ( 0.000000000000000000, 0.000000000000000000, 1.000000000000000000 ) ) ;
#740 = DIRECTION ( 'NONE',  ( 0.000000000000000000, 1.000000000000000000, 6.123233995736766036E-17 ) ) ;
#741 = AXIS2_PLACEMENT_3D ( 'NONE', #2535, #2037, #808 ) ;
#742 = ORIENTED_EDGE ( 'NONE', *, *, #2726, .T. ) ;
#743 = DIRECTION ( 'NONE',  ( 0.000000000000000000, 0.000000000000000000, 1.000000000000000000 ) ) ;
#744 = DIRECTION ( 'NONE',  ( 8.659560562354902043E-17, 0.7071067811865500152, -0.7071067811865450192 ) ) ;
#745 = AXIS2_PLACEMENT_3D ( 'NONE', #783, #300, #1503 ) ;
#746 = ORIENTED_EDGE ( 'NONE', *, *, #2419, .F. ) ;
#747 = ORIENTED_EDGE ( 'NONE', *, *, #38, .T. ) ;
#748 = CONICAL_SURFACE ( 'NONE', #379, 3.000000000000002665, 0.7853981633974447263 ) ;
#749 = CARTESIAN_POINT ( 'NONE',  ( 258.0249999999999204, -1.199999999999999956, -455.0000000000000568 ) ) ;
#750 = DIRECTION ( 'NONE',  ( -0.000000000000000000, 1.000000000000000000, -0.000000000000000000 ) ) ;
#751 = CARTESIAN_POINT ( 'NONE',  ( 5.174678793551554786E-14, -1.099999999999997646, 450.4000000000000909 ) ) ;
#752 = VECTOR ( 'NONE', #652, 1000.000000000000000 ) ;
#753 = FACE_OUTER_BOUND ( 'NONE', #3131, .T. ) ;
#754 = EDGE_CURVE ( 'NONE', #1111, #2494, #369, .T. ) ;
#755 = EDGE_CURVE ( 'NONE', #2006, #2120, #3222, .T. ) ;
#756 = CARTESIAN_POINT ( 'NONE',  ( -259.9499999999999318, -2.699999999999897149, 3.210126093740122115E-14 ) ) ;
#757 = ORIENTED_EDGE ( 'NONE', *, *, #691, .F. ) ;
#758 = AXIS2_PLACEMENT_3D ( 'NONE', #1346, #558, #1803 ) ;
#759 = DIRECTION ( 'NONE',  ( 0.000000000000000000, 0.000000000000000000, 1.000000000000000000 ) ) ;
#760 = CARTESIAN_POINT ( 'NONE',  ( 249.2399999999998386, 0.000000000000000000, -18.09999999999972786 ) ) ;
#761 = ORIENTED_EDGE ( 'NONE', *, *, #2563, .T. ) ;
#762 = CARTESIAN_POINT ( 'NONE',  ( 2.337446582184267960E-16, 0.000000000000000000, 10.36192023000044493 ) ) ;
#763 = CARTESIAN_POINT ( 'NONE',  ( 249.2399999999998386, -1.099999999999997646, 344.9999999999999432 ) ) ;
#764 = ORIENTED_EDGE ( 'NONE', *, *, #829, .F. ) ;
#765 = EDGE_LOOP ( 'NONE', ( #1295, #725 ) ) ;
#766 = CARTESIAN_POINT ( 'NONE',  ( 1.061766380429887587E-18, 0.000000000000000000, 15.26192023000044351 ) ) ;
#767 = CARTESIAN_POINT ( 'NONE',  ( 258.7499999999999432, -9.000000000000005329, -442.5000000000000568 ) ) ;
#768 = CARTESIAN_POINT ( 'NONE',  ( 259.9499999999999886, -2.699999999999924682, 442.4999999999997726 ) ) ;
#769 = ORIENTED_EDGE ( 'NONE', *, *, #1880, .F. ) ;
#770 = CARTESIAN_POINT ( 'NONE',  ( 257.2500000000000000, -2.699999999999952216, -442.5000000000000000 ) ) ;
#771 = DIRECTION ( 'NONE',  ( -1.220025301785886411E-16, -0.000000000000000000, -1.000000000000000000 ) ) ;
#772 = ORIENTED_EDGE ( 'NONE', *, *, #972, .T. ) ;
#773 = CARTESIAN_POINT ( 'NONE',  ( -259.9499999999999318, -9.000000000000001776, 442.4999999999997158 ) ) ;
#774 = EDGE_CURVE ( 'NONE', #2971, #630, #2454, .T. ) ;
#775 = EDGE_CURVE ( 'NONE', #2756, #1190, #1872, .T. ) ;
#776 = CARTESIAN_POINT ( 'NONE',  ( -180.0000000000000000, 0.000000000000000000, 9.261920230000439958 ) ) ;
#777 = EDGE_LOOP ( 'NONE', ( #2958, #2361, #2413, #1908 ) ) ;
#778 = ORIENTED_EDGE ( 'NONE', *, *, #2688, .F. ) ;
#779 = CARTESIAN_POINT ( 'NONE',  ( -249.2399999999999238, -1.199999999999999956, -316.9000000000005457 ) ) ;
#780 = FACE_OUTER_BOUND ( 'NONE', #2059, .T. ) ;
#781 = AXIS2_PLACEMENT_3D ( 'NONE', #1941, #694, #2664 ) ;
#782 = ORIENTED_EDGE ( 'NONE', *, *, #1822, .F. ) ;
#783 = CARTESIAN_POINT ( 'NONE',  ( 1.061766380429887587E-18, -1.199999999999999956, 12.26192023000044351 ) ) ;
#784 = AXIS2_PLACEMENT_3D ( 'NONE', #773, #2001, #2424 ) ;
#785 = CARTESIAN_POINT ( 'NONE',  ( -180.0000000000000000, 0.000000000000000000, 10.36192023000044493 ) ) ;
#786 = ORIENTED_EDGE ( 'NONE', *, *, #2077, .T. ) ;
#787 = DIRECTION ( 'NONE',  ( 0.000000000000000000, 0.000000000000000000, 1.000000000000000000 ) ) ;
#788 = AXIS2_PLACEMENT_3D ( 'NONE', #207, #750, #1200 ) ;
#789 = DIRECTION ( 'NONE',  ( -0.000000000000000000, 1.000000000000000000, -0.000000000000000000 ) ) ;
#790 = CIRCLE ( 'NONE', #2509, 1.900000000000012790 ) ;
#791 = EDGE_CURVE ( 'NONE', #68, #626, #2029, .T. ) ;
#792 = ADVANCED_FACE ( 'NONE', ( #244 ), #441, .F. ) ;
#793 = ORIENTED_EDGE ( 'NONE', *, *, #1532, .T. ) ;
#794 = ORIENTED_EDGE ( 'NONE', *, *, #1588, .F. ) ;
#795 = CIRCLE ( 'NONE', #796, 1.900000000000012790 ) ;
#796 = AXIS2_PLACEMENT_3D ( 'NONE', #1730, #1256, #2729 ) ;
#797 = AXIS2_PLACEMENT_3D ( 'NONE', #308, #1298, #2288 ) ;
#798 = FACE_OUTER_BOUND ( 'NONE', #2977, .T. ) ;
#799 = DIRECTION ( 'NONE',  ( 0.000000000000000000, 0.000000000000000000, 1.000000000000000000 ) ) ;
#800 = CIRCLE ( 'NONE', #1320, 1.899999999999999023 ) ;
#801 = ORIENTED_EDGE ( 'NONE', *, *, #2883, .F. ) ;
#802 = DIRECTION ( 'NONE',  ( -0.000000000000000000, 1.000000000000000000, -0.000000000000000000 ) ) ;
#803 = VECTOR ( 'NONE', #771, 1000.000000000000000 ) ;
#804 = DIRECTION ( 'NONE',  ( 0.000000000000000000, 0.000000000000000000, 1.000000000000000000 ) ) ;
#805 = ORIENTED_EDGE ( 'NONE', *, *, #1328, .F. ) ;
#806 = PLANE ( 'NONE',  #884 ) ;
#807 = VECTOR ( 'NONE', #1864, 1000.000000000000000 ) ;
#808 = DIRECTION ( 'NONE',  ( -3.700743415417322049E-14, 1.000000000000000000, 0.000000000000000000 ) ) ;
#809 = ORIENTED_EDGE ( 'NONE', *, *, #2462, .F. ) ;
#810 = ORIENTED_EDGE ( 'NONE', *, *, #1466, .T. ) ;
#811 = ADVANCED_FACE ( 'NONE', ( #1720 ), #1152, .F. ) ;
#812 = EDGE_CURVE ( 'NONE', #2775, #2318, #226, .T. ) ;
#813 = EDGE_CURVE ( 'NONE', #62, #396, #961, .T. ) ;
#814 = CARTESIAN_POINT ( 'NONE',  ( -200.0000000000000568, 0.000000000000000000, 445.5000000000000568 ) ) ;
#815 = CARTESIAN_POINT ( 'NONE',  ( -249.2399999999999238, 0.000000000000000000, -315.0000000000005684 ) ) ;
#816 = CARTESIAN_POINT ( 'NONE',  ( 249.2399999999998386, -1.099999999999997646, -18.09999999999972786 ) ) ;
#817 = ORIENTED_EDGE ( 'NONE', *, *, #1224, .F. ) ;
#818 = DIRECTION ( 'NONE',  ( 8.659560562354947649E-17, 0.7071067811865464625, -0.7071067811865486830 ) ) ;
#819 = FACE_BOUND ( 'NONE', #2348, .T. ) ;
#820 = VERTEX_POINT ( 'NONE', #3171 ) ;
#821 = DIRECTION ( 'NONE',  ( -0.000000000000000000, 1.000000000000000000, -0.000000000000000000 ) ) ;
#822 = CARTESIAN_POINT ( 'NONE',  ( 257.2500000000000568, -1.200000000000006617, -443.0000000000000000 ) ) ;
#823 = DIRECTION ( 'NONE',  ( 0.000000000000000000, 0.000000000000000000, 1.000000000000000000 ) ) ;
#824 = ORIENTED_EDGE ( 'NONE', *, *, #714, .T. ) ;
#825 = VERTEX_POINT ( 'NONE', #2931 ) ;
#826 = CARTESIAN_POINT ( 'NONE',  ( 249.2399999999998386, -1.199999999999999956, 343.0999999999999091 ) ) ;
#827 = CARTESIAN_POINT ( 'NONE',  ( 249.2399999999998386, -1.099999999999997646, 343.0999999999999091 ) ) ;
#828 = CARTESIAN_POINT ( 'NONE',  ( -259.6250000000000568, -1.199999999999911582, -442.9999999999998863 ) ) ;
#829 = EDGE_CURVE ( 'NONE', #825, #1063, #941, .T. ) ;
#830 = EDGE_CURVE ( 'NONE', #2570, #1536, #2474, .T. ) ;
#831 = CARTESIAN_POINT ( 'NONE',  ( 5.174678793551554786E-14, -1.199999999999999956, -446.6000000000000796 ) ) ;
#832 = PLANE ( 'NONE',  #443 ) ;
#833 = AXIS2_PLACEMENT_3D ( 'NONE', #2233, #969, #2923 ) ;
#834 = ORIENTED_EDGE ( 'NONE', *, *, #150, .T. ) ;
#835 = AXIS2_PLACEMENT_3D ( 'NONE', #964, #1188, #212 ) ;
#836 = LINE ( 'NONE', #2565, #2610 ) ;
#837 = CARTESIAN_POINT ( 'NONE',  ( 249.2399999999998386, 0.000000000000000000, 172.0000000000000284 ) ) ;
#838 = VECTOR ( 'NONE', #470, 1000.000000000000000 ) ;
#839 = ORIENTED_EDGE ( 'NONE', *, *, #3025, .T. ) ;
#840 = ORIENTED_EDGE ( 'NONE', *, *, #928, .T. ) ;
#841 = VECTOR ( 'NONE', #935, 1000.000000000000000 ) ;
#842 = AXIS2_PLACEMENT_3D ( 'NONE', #1711, #1471, #966 ) ;
#843 = CARTESIAN_POINT ( 'NONE',  ( 259.6249999999999432, -1.199999999999999956, -455.0000000000000568 ) ) ;
#844 = CIRCLE ( 'NONE', #2034, 1.499999999999945821 ) ;
#845 = DIRECTION ( 'NONE',  ( 0.000000000000000000, 0.000000000000000000, 1.000000000000000000 ) ) ;
#846 = AXIS2_PLACEMENT_3D ( 'NONE', #1174, #131, #877 ) ;
#847 = EDGE_CURVE ( 'NONE', #3201, #464, #2949, .T. ) ;
#848 = CARTESIAN_POINT ( 'NONE',  ( 3.684558061246358436E-16, 0.000000000000000000, 9.261920230000441734 ) ) ;
#849 = EDGE_CURVE ( 'NONE', #3167, #2237, #2187, .T. ) ;
#850 = FACE_BOUND ( 'NONE', #1718, .T. ) ;
#851 = AXIS2_PLACEMENT_3D ( 'NONE', #1059, #1788, #95 ) ;
#852 = ORIENTED_EDGE ( 'NONE', *, *, #2279, .F. ) ;
#853 = ADVANCED_FACE ( 'NONE', ( #2225 ), #975, .F. ) ;
#854 = DIRECTION ( 'NONE',  ( -8.927967292538244491E-31, -1.000000000000000000, -7.116814260417663780E-15 ) ) ;
#855 = LINE ( 'NONE', #837, #1684 ) ;
#856 = AXIS2_PLACEMENT_3D ( 'NONE', #1583, #2111, #1852 ) ;
#857 = ORIENTED_EDGE ( 'NONE', *, *, #1224, .T. ) ;
#858 = CARTESIAN_POINT ( 'NONE',  ( -249.2399999999999238, -1.099999999999997646, -313.1000000000005343 ) ) ;
#859 = AXIS2_PLACEMENT_3D ( 'NONE', #3106, #1673, #178 ) ;
#860 = ORIENTED_EDGE ( 'NONE', *, *, #714, .F. ) ;
#861 = DIRECTION ( 'NONE',  ( -3.700743415417322049E-14, 1.000000000000000000, 2.891205793294675861E-16 ) ) ;
#862 = DIRECTION ( 'NONE',  ( 0.000000000000000000, 0.000000000000000000, 1.000000000000000000 ) ) ;
#863 = LINE ( 'NONE', #2836, #432 ) ;
#864 = CARTESIAN_POINT ( 'NONE',  ( -200.0000000000000568, 0.000000000000000000, 451.5000000000000568 ) ) ;
#865 = ORIENTED_EDGE ( 'NONE', *, *, #1048, .T. ) ;
#866 = DIRECTION ( 'NONE',  ( 0.000000000000000000, 0.000000000000000000, 1.000000000000000000 ) ) ;
#867 = DIRECTION ( 'NONE',  ( 0.000000000000000000, 0.000000000000000000, 1.000000000000000000 ) ) ;
#868 = EDGE_CURVE ( 'NONE', #2586, #1126, #1096, .T. ) ;
#869 = ORIENTED_EDGE ( 'NONE', *, *, #775, .F. ) ;
#870 = EDGE_CURVE ( 'NONE', #872, #2331, #1996, .T. ) ;
#871 = LINE ( 'NONE', #2855, #936 ) ;
#872 = VERTEX_POINT ( 'NONE', #1462 ) ;
#873 = VERTEX_POINT ( 'NONE', #779 ) ;
#874 = CARTESIAN_POINT ( 'NONE',  ( -180.0000000000000000, -1.199999999999999956, 12.26192023000044351 ) ) ;
#875 = CARTESIAN_POINT ( 'NONE',  ( 249.2399999999998386, 0.000000000000000000, -313.1000000000005343 ) ) ;
#876 = DIRECTION ( 'NONE',  ( 0.000000000000000000, 0.000000000000000000, 1.000000000000000000 ) ) ;
#877 = DIRECTION ( 'NONE',  ( 0.000000000000000000, 0.000000000000000000, 1.000000000000000000 ) ) ;
#878 = CARTESIAN_POINT ( 'NONE',  ( 249.2399999999998386, -1.099999999999997646, 173.1000000000000227 ) ) ;
#879 = ORIENTED_EDGE ( 'NONE', *, *, #1364, .T. ) ;
#880 = DIRECTION ( 'NONE',  ( 0.000000000000000000, 0.000000000000000000, 1.000000000000000000 ) ) ;
#881 = DIRECTION ( 'NONE',  ( 0.000000000000000000, 1.000000000000000000, 0.000000000000000000 ) ) ;
#882 = EDGE_LOOP ( 'NONE', ( #1959, #2482, #28, #2461 ) ) ;
#883 = ORIENTED_EDGE ( 'NONE', *, *, #1938, .T. ) ;
#884 = AXIS2_PLACEMENT_3D ( 'NONE', #530, #1049, #303 ) ;
#885 = ADVANCED_FACE ( 'NONE', ( #2739 ), #2455, .F. ) ;
#886 = EDGE_CURVE ( 'NONE', #2030, #55, #245, .T. ) ;
#887 = ORIENTED_EDGE ( 'NONE', *, *, #1726, .F. ) ;
#888 = ORIENTED_EDGE ( 'NONE', *, *, #409, .F. ) ;
#889 = AXIS2_PLACEMENT_3D ( 'NONE', #1137, #2093, #2604 ) ;
#890 = LINE ( 'NONE', #1623, #2878 ) ;
#891 = DIRECTION ( 'NONE',  ( -1.000000000000000000, 0.000000000000000000, 0.000000000000000000 ) ) ;
#892 = DIRECTION ( 'NONE',  ( -0.000000000000000000, -1.000000000000000000, -0.000000000000000000 ) ) ;
#893 = CIRCLE ( 'NONE', #1518, 1.900000000000012790 ) ;
#894 = VECTOR ( 'NONE', #854, 1000.000000000000000 ) ;
#895 = FACE_OUTER_BOUND ( 'NONE', #504, .T. ) ;
#896 = DIRECTION ( 'NONE',  ( 0.000000000000000000, 0.000000000000000000, 1.000000000000000000 ) ) ;
#897 = VECTOR ( 'NONE', #656, 1000.000000000000000 ) ;
#898 = VERTEX_POINT ( 'NONE', #1512 ) ;
#899 = DIRECTION ( 'NONE',  ( 0.000000000000000000, 0.000000000000000000, 1.000000000000000000 ) ) ;
#900 = CIRCLE ( 'NONE', #1680, 1.900000000000012790 ) ;
#901 = LINE ( 'NONE', #1904, #1322 ) ;
#902 = ORIENTED_EDGE ( 'NONE', *, *, #2983, .F. ) ;
#903 = ORIENTED_EDGE ( 'NONE', *, *, #971, .T. ) ;
#904 = VECTOR ( 'NONE', #1376, 1000.000000000000000 ) ;
#905 = LINE ( 'NONE', #1907, #1356 ) ;
#906 = CIRCLE ( 'NONE', #1582, 1.900000000000012790 ) ;
#907 = EDGE_LOOP ( 'NONE', ( #1652, #2017, #742, #2398 ) ) ;
#908 = VERTEX_POINT ( 'NONE', #1707 ) ;
#909 = CARTESIAN_POINT ( 'NONE',  ( -259.6250000000000568, -1.199999999999999956, -455.0000000000000568 ) ) ;
#910 = LINE ( 'NONE', #391, #705 ) ;
#911 = CYLINDRICAL_SURFACE ( 'NONE', #2130, 1.900000000000012790 ) ;
#912 = EDGE_CURVE ( 'NONE', #2107, #425, #1249, .T. ) ;
#913 = EDGE_CURVE ( 'NONE', #1001, #3167, #1721, .T. ) ;
#914 = DIRECTION ( 'NONE',  ( 0.000000000000000000, 0.000000000000000000, 1.000000000000000000 ) ) ;
#915 = DIRECTION ( 'NONE',  ( 0.000000000000000000, 1.000000000000000000, 0.000000000000000000 ) ) ;
#916 = EDGE_LOOP ( 'NONE', ( #1053, #2364, #2137, #2441 ) ) ;
#917 = LINE ( 'NONE', #1647, #1411 ) ;
#918 = CYLINDRICAL_SURFACE ( 'NONE', #290, 1.900000000000012790 ) ;
#919 = ORIENTED_EDGE ( 'NONE', *, *, #2545, .T. ) ;
#920 = CARTESIAN_POINT ( 'NONE',  ( -259.6249999999999432, 0.000000000000000000, 454.9999999999999432 ) ) ;
#921 = FACE_OUTER_BOUND ( 'NONE', #1292, .T. ) ;
#922 = ORIENTED_EDGE ( 'NONE', *, *, #375, .F. ) ;
#923 = ORIENTED_EDGE ( 'NONE', *, *, #502, .T. ) ;
#924 = DIRECTION ( 'NONE',  ( -0.000000000000000000, 1.000000000000000000, -0.000000000000000000 ) ) ;
#925 = LINE ( 'NONE', #1136, #1997 ) ;
#926 = DIRECTION ( 'NONE',  ( 0.000000000000000000, 0.000000000000000000, 1.000000000000000000 ) ) ;
#927 = CARTESIAN_POINT ( 'NONE',  ( -259.6249999999999432, -1.200000000000039480, 442.9999999999998295 ) ) ;
#928 = EDGE_CURVE ( 'NONE', #2082, #2052, #992, .T. ) ;
#929 = ADVANCED_FACE ( 'NONE', ( #2982 ), #2342, .F. ) ;
#930 = ORIENTED_EDGE ( 'NONE', *, *, #3159, .T. ) ;
#931 = DIRECTION ( 'NONE',  ( -0.000000000000000000, -2.891205793294675861E-16, 1.000000000000000000 ) ) ;
#932 = FACE_OUTER_BOUND ( 'NONE', #3081, .T. ) ;
#933 = ORIENTED_EDGE ( 'NONE', *, *, #1508, .F. ) ;
#934 = DIRECTION ( 'NONE',  ( 0.000000000000000000, 0.000000000000000000, 1.000000000000000000 ) ) ;
#935 = DIRECTION ( 'NONE',  ( 0.000000000000000000, 0.7071067811865500152, 0.7071067811865450192 ) ) ;
#936 = VECTOR ( 'NONE', #2184, 1000.000000000000000 ) ;
#937 = ORIENTED_EDGE ( 'NONE', *, *, #1291, .F. ) ;
#938 = VERTEX_POINT ( 'NONE', #751 ) ;
#939 = CARTESIAN_POINT ( 'NONE',  ( -200.0000000000000568, 0.000000000000000000, 448.5000000000000568 ) ) ;
#940 = FACE_OUTER_BOUND ( 'NONE', #412, .T. ) ;
#941 = LINE ( 'NONE', #1928, #738 ) ;
#942 = DIRECTION ( 'NONE',  ( 0.000000000000000000, 2.891205793294675861E-16, -1.000000000000000000 ) ) ;
#943 = CIRCLE ( 'NONE', #2717, 1.900000000000012790 ) ;
#944 = CARTESIAN_POINT ( 'NONE',  ( 259.6249999999999432, 0.000000000000000000, -455.0000000000000568 ) ) ;
#945 = ORIENTED_EDGE ( 'NONE', *, *, #2440, .T. ) ;
#946 = AXIS2_PLACEMENT_3D ( 'NONE', #1935, #2938, #2375 ) ;
#947 = EDGE_CURVE ( 'NONE', #3151, #2756, #1740, .T. ) ;
#948 = ADVANCED_FACE ( 'NONE', ( #510 ), #2292, .F. ) ;
#949 = CARTESIAN_POINT ( 'NONE',  ( -257.2500000000000000, -2.699999999999768807, -442.4999999999998863 ) ) ;
#950 = DIRECTION ( 'NONE',  ( -0.000000000000000000, 1.000000000000000000, -0.000000000000000000 ) ) ;
#951 = AXIS2_PLACEMENT_3D ( 'NONE', #1433, #942, #1124 ) ;
#952 = EDGE_LOOP ( 'NONE', ( #1419, #2780, #2765, #627 ) ) ;
#953 = DIRECTION ( 'NONE',  ( 0.000000000000000000, 0.000000000000000000, 1.000000000000000000 ) ) ;
#954 = EDGE_CURVE ( 'NONE', #1296, #1038, #1484, .T. ) ;
#955 = CIRCLE ( 'NONE', #436, 1.900000000000012790 ) ;
#956 = LINE ( 'NONE', #1922, #1410 ) ;
#957 = AXIS2_PLACEMENT_3D ( 'NONE', #2979, #700, #1690 ) ;
#958 = ORIENTED_EDGE ( 'NONE', *, *, #813, .T. ) ;
#959 = ORIENTED_EDGE ( 'NONE', *, *, #2161, .T. ) ;
#960 = AXIS2_PLACEMENT_3D ( 'NONE', #54, #2016, #804 ) ;
#961 = LINE ( 'NONE', #193, #2767 ) ;
#962 = CONICAL_SURFACE ( 'NONE', #2782, 3.000000000000002665, 0.7853981633974447263 ) ;
#963 = DIRECTION ( 'NONE',  ( -1.000000000000000000, 0.000000000000000000, 1.254489293361759322E-16 ) ) ;
#964 = CARTESIAN_POINT ( 'NONE',  ( -249.2399999999999238, -1.099999999999997646, -19.99999999999974065 ) ) ;
#965 = ORIENTED_EDGE ( 'NONE', *, *, #1142, .F. ) ;
#966 = DIRECTION ( 'NONE',  ( 0.000000000000000000, 0.000000000000000000, 1.000000000000000000 ) ) ;
#967 = DIRECTION ( 'NONE',  ( 8.659560562354902043E-17, 0.7071067811865500152, -0.7071067811865450192 ) ) ;
#968 = ORIENTED_EDGE ( 'NONE', *, *, #2704, .T. ) ;
#969 = DIRECTION ( 'NONE',  ( 2.337311630789787316E-14, 6.123233995736766036E-17, -1.000000000000000000 ) ) ;
#970 = DIRECTION ( 'NONE',  ( 0.000000000000000000, 0.000000000000000000, 1.000000000000000000 ) ) ;
#971 = EDGE_CURVE ( 'NONE', #2756, #2715, #1499, .T. ) ;
#972 = EDGE_CURVE ( 'NONE', #425, #985, #16, .T. ) ;
#973 = ORIENTED_EDGE ( 'NONE', *, *, #1226, .F. ) ;
#974 = ORIENTED_EDGE ( 'NONE', *, *, #1310, .T. ) ;
#975 = CYLINDRICAL_SURFACE ( 'NONE', #788, 1.900000000000012790 ) ;
#976 = CARTESIAN_POINT ( 'NONE',  ( 5.211418197525975331E-14, 0.000000000000000000, 445.5000000000000568 ) ) ;
#977 = CARTESIAN_POINT ( 'NONE',  ( 2.337446582184268453E-16, -1.099999999999997646, 10.36192023000044493 ) ) ;
#978 = CARTESIAN_POINT ( 'NONE',  ( 180.0000000000000000, -1.099999999999997646, 10.36192023000043072 ) ) ;
#979 = ORIENTED_EDGE ( 'NONE', *, *, #1842, .F. ) ;
#980 = DIRECTION ( 'NONE',  ( 0.000000000000000000, 0.000000000000000000, 1.000000000000000000 ) ) ;
#981 = DIRECTION ( 'NONE',  ( 1.000000000000000000, -3.491481338843134144E-15, 0.000000000000000000 ) ) ;
#982 = EDGE_LOOP ( 'NONE', ( #316, #1830, #599, #1443 ) ) ;
#983 = LINE ( 'NONE', #486, #1716 ) ;
#984 = LINE ( 'NONE', #1003, #111 ) ;
#985 = VERTEX_POINT ( 'NONE', #2507 ) ;
#986 = ORIENTED_EDGE ( 'NONE', *, *, #2117, .F. ) ;
#987 = ADVANCED_FACE ( 'NONE', ( #1767, #35, #1027, #3013, #2703, #471, #2415, #154, #452, #695, #2957, #1685, #1667, #2186, #3204, #676, #2683, #921 ), #2925, .T. ) ;
#988 = EDGE_CURVE ( 'NONE', #1862, #1296, #905, .T. ) ;
#989 = DIRECTION ( 'NONE',  ( 1.000000000000000000, 2.434319838553641293E-33, -1.220025301786134902E-16 ) ) ;
#990 = VECTOR ( 'NONE', #661, 1000.000000000000000 ) ;
#991 = DIRECTION ( 'NONE',  ( 0.000000000000000000, 0.000000000000000000, 1.000000000000000000 ) ) ;
#992 = LINE ( 'NONE', #2011, #2918 ) ;
#993 = VECTOR ( 'NONE', #121, 1000.000000000000000 ) ;
#994 = DIRECTION ( 'NONE',  ( -0.000000000000000000, 1.000000000000000000, -0.000000000000000000 ) ) ;
#995 = AXIS2_PLACEMENT_3D ( 'NONE', #317, #2018, #787 ) ;
#996 = EDGE_LOOP ( 'NONE', ( #107, #2366, #1701, #219 ) ) ;
#997 = CIRCLE ( 'NONE', #2816, 1.900000000000012790 ) ;
#998 = CARTESIAN_POINT ( 'NONE',  ( -257.2500000000000568, -1.200000000000079003, 442.4999999999997726 ) ) ;
#999 = DIRECTION ( 'NONE',  ( -0.000000000000000000, 1.000000000000000000, -0.000000000000000000 ) ) ;
#1000 = VECTOR ( 'NONE', #260, 1000.000000000000000 ) ;
#1001 = VERTEX_POINT ( 'NONE', #1651 ) ;
#1002 = DIRECTION ( 'NONE',  ( 0.000000000000000000, 1.000000000000000000, 0.000000000000000000 ) ) ;
#1003 = CARTESIAN_POINT ( 'NONE',  ( 259.6249999999999432, -1.199999999999999956, -455.0000000000000568 ) ) ;
#1004 = CIRCLE ( 'NONE', #1258, 1.899999999999999023 ) ;
#1005 = ORIENTED_EDGE ( 'NONE', *, *, #2527, .F. ) ;
#1006 = ORIENTED_EDGE ( 'NONE', *, *, #1842, .T. ) ;
#1007 = AXIS2_PLACEMENT_3D ( 'NONE', #1805, #2095, #53 ) ;
#1008 = CARTESIAN_POINT ( 'NONE',  ( 257.2500000000000568, -1.200000000000006617, -442.5000000000000000 ) ) ;
#1009 = VECTOR ( 'NONE', #2062, 1000.000000000000000 ) ;
#1010 = DIRECTION ( 'NONE',  ( 0.000000000000000000, 0.000000000000000000, 1.000000000000000000 ) ) ;
#1011 = CARTESIAN_POINT ( 'NONE',  ( -3.962608983796032114E-29, 0.000000000000000000, -443.0000000000000000 ) ) ;
#1012 = CARTESIAN_POINT ( 'NONE',  ( -249.2399999999999238, -1.099999999999997646, -19.99999999999974065 ) ) ;
#1013 = DIRECTION ( 'NONE',  ( -1.000000000000000000, -0.000000000000000000, -0.000000000000000000 ) ) ;
#1014 = VECTOR ( 'NONE', #967, 1000.000000000000000 ) ;
#1015 = EDGE_CURVE ( 'NONE', #2273, #2478, #3076, .T. ) ;
#1016 = EDGE_CURVE ( 'NONE', #1619, #2619, #1422, .T. ) ;
#1017 = ORIENTED_EDGE ( 'NONE', *, *, #281, .F. ) ;
#1018 = CONICAL_SURFACE ( 'NONE', #2152, 3.000000000000002665, 0.7853981633974498333 ) ;
#1019 = CARTESIAN_POINT ( 'NONE',  ( 5.197947082735354717E-14, -1.199999999999999956, -450.4000000000000909 ) ) ;
#1020 = CARTESIAN_POINT ( 'NONE',  ( 200.0000000000001705, 0.000000000000000000, -448.5000000000000568 ) ) ;
#1021 = ORIENTED_EDGE ( 'NONE', *, *, #1722, .T. ) ;
#1022 = FACE_OUTER_BOUND ( 'NONE', #201, .T. ) ;
#1023 = CARTESIAN_POINT ( 'NONE',  ( 249.2399999999998386, 0.000000000000000000, 344.9999999999999432 ) ) ;
#1024 = ORIENTED_EDGE ( 'NONE', *, *, #94, .T. ) ;
#1025 = VERTEX_POINT ( 'NONE', #2155 ) ;
#1026 = CARTESIAN_POINT ( 'NONE',  ( -200.0000000000000568, 0.000000000000000000, 446.6000000000000796 ) ) ;
#1027 = FACE_BOUND ( 'NONE', #576, .T. ) ;
#1028 = DIRECTION ( 'NONE',  ( -0.000000000000000000, 1.000000000000000000, -0.000000000000000000 ) ) ;
#1029 = CARTESIAN_POINT ( 'NONE',  ( -257.2500000000000568, -1.199999999999823208, -442.9999999999998863 ) ) ;
#1030 = ORIENTED_EDGE ( 'NONE', *, *, #3221, .T. ) ;
#1031 = EDGE_CURVE ( 'NONE', #437, #2775, #790, .T. ) ;
#1032 = CARTESIAN_POINT ( 'NONE',  ( 249.2399999999998386, 0.000000000000000000, -312.0000000000005684 ) ) ;
#1033 = ADVANCED_FACE ( 'NONE', ( #2905 ), #637, .F. ) ;
#1034 = DIRECTION ( 'NONE',  ( 0.000000000000000000, 0.000000000000000000, 1.000000000000000000 ) ) ;
#1035 = ORIENTED_EDGE ( 'NONE', *, *, #2749, .F. ) ;
#1036 = DIRECTION ( 'NONE',  ( 0.000000000000000000, 0.000000000000000000, 1.000000000000000000 ) ) ;
#1037 = LINE ( 'NONE', #2021, #14 ) ;
#1038 = VERTEX_POINT ( 'NONE', #2379 ) ;
#1039 = VERTEX_POINT ( 'NONE', #170 ) ;
#1040 = ORIENTED_EDGE ( 'NONE', *, *, #2987, .F. ) ;
#1041 = PLANE ( 'NONE',  #118 ) ;
#1042 = CARTESIAN_POINT ( 'NONE',  ( 5.174678793551554786E-14, 0.000000000000000000, -445.5000000000000568 ) ) ;
#1043 = VERTEX_POINT ( 'NONE', #1402 ) ;
#1044 = FACE_OUTER_BOUND ( 'NONE', #1939, .T. ) ;
#1045 = CIRCLE ( 'NONE', #736, 1.899999999999999023 ) ;
#1046 = DIRECTION ( 'NONE',  ( 0.000000000000000000, 0.000000000000000000, 1.000000000000000000 ) ) ;
#1047 = ORIENTED_EDGE ( 'NONE', *, *, #2581, .F. ) ;
#1048 = EDGE_CURVE ( 'NONE', #2232, #1442, #956, .T. ) ;
#1049 = DIRECTION ( 'NONE',  ( 0.000000000000000000, -2.891205793294675861E-16, 1.000000000000000000 ) ) ;
#1050 = CARTESIAN_POINT ( 'NONE',  ( 5.174678793551554786E-14, -1.099999999999997646, 448.5000000000000568 ) ) ;
#1051 = VECTOR ( 'NONE', #1455, 1000.000000000000000 ) ;
#1052 = EDGE_CURVE ( 'NONE', #2106, #464, #1201, .T. ) ;
#1053 = ORIENTED_EDGE ( 'NONE', *, *, #2743, .F. ) ;
#1054 = EDGE_CURVE ( 'NONE', #153, #396, #2207, .T. ) ;
#1055 = EDGE_LOOP ( 'NONE', ( #1795, #1119, #3011, #47 ) ) ;
#1056 = AXIS2_PLACEMENT_3D ( 'NONE', #1081, #610, #1599 ) ;
#1057 = VECTOR ( 'NONE', #1380, 1000.000000000000000 ) ;
#1058 = EDGE_LOOP ( 'NONE', ( #214, #860, #2667, #2503 ) ) ;
#1059 = CARTESIAN_POINT ( 'NONE',  ( -249.2399999999999238, -1.199999999999999956, -315.0000000000005684 ) ) ;
#1060 = DIRECTION ( 'NONE',  ( 0.000000000000000000, 0.000000000000000000, 1.000000000000000000 ) ) ;
#1061 = CARTESIAN_POINT ( 'NONE',  ( 1.061766380429887587E-18, 0.000000000000000000, 12.26192023000044351 ) ) ;
#1062 = AXIS2_PLACEMENT_3D ( 'NONE', #2580, #611, #350 ) ;
#1063 = VERTEX_POINT ( 'NONE', #221 ) ;
#1064 = CARTESIAN_POINT ( 'NONE',  ( 249.2399999999998386, 0.000000000000000000, -22.99999999999974420 ) ) ;
#1065 = AXIS2_PLACEMENT_3D ( 'NONE', #3163, #3018, #2250 ) ;
#1066 = FACE_BOUND ( 'NONE', #1071, .T. ) ;
#1067 = EDGE_LOOP ( 'NONE', ( #251, #3019, #1282, #757 ) ) ;
#1068 = DIRECTION ( 'NONE',  ( -0.000000000000000000, -1.000000000000000000, 0.000000000000000000 ) ) ;
#1069 = DIRECTION ( 'NONE',  ( 0.000000000000000000, 0.000000000000000000, 1.000000000000000000 ) ) ;
#1070 = ORIENTED_EDGE ( 'NONE', *, *, #2078, .T. ) ;
#1071 = EDGE_LOOP ( 'NONE', ( #2893, #2618 ) ) ;
#1072 = ADVANCED_FACE ( 'NONE', ( #1943 ), #414, .F. ) ;
#1073 = EDGE_CURVE ( 'NONE', #100, #662, #466, .T. ) ;
#1074 = ORIENTED_EDGE ( 'NONE', *, *, #2464, .T. ) ;
#1075 = CARTESIAN_POINT ( 'NONE',  ( -180.0000000000000000, -1.199999999999999956, 14.16192023000044209 ) ) ;
#1076 = LINE ( 'NONE', #2603, #1168 ) ;
#1077 = FILL_AREA_STYLE_COLOUR ( '', #2864 ) ;
#1078 = DIRECTION ( 'NONE',  ( 0.000000000000000000, 0.000000000000000000, 1.000000000000000000 ) ) ;
#1079 = CARTESIAN_POINT ( 'NONE',  ( 249.2399999999998386, -1.099999999999997646, 175.0000000000000568 ) ) ;
#1080 = ORIENTED_EDGE ( 'NONE', *, *, #1823, .T. ) ;
#1081 = CARTESIAN_POINT ( 'NONE',  ( 249.2399999999998386, -1.199999999999999956, -315.0000000000005684 ) ) ;
#1082 = CARTESIAN_POINT ( 'NONE',  ( -200.0000000000000568, -1.199999999999999956, 450.4000000000000909 ) ) ;
#1083 = ORIENTED_EDGE ( 'NONE', *, *, #1127, .F. ) ;
#1084 = EDGE_LOOP ( 'NONE', ( #801, #333, #650, #467 ) ) ;
#1085 = EDGE_CURVE ( 'NONE', #3115, #44, #3152, .T. ) ;
#1086 = CARTESIAN_POINT ( 'NONE',  ( -257.2500000000000568, 0.000000000000000000, 442.4999999999997726 ) ) ;
#1087 = DIRECTION ( 'NONE',  ( 0.000000000000000000, 0.000000000000000000, 1.000000000000000000 ) ) ;
#1088 = CYLINDRICAL_SURFACE ( 'NONE', #366, 1.499999999999945821 ) ;
#1089 = DIRECTION ( 'NONE',  ( -0.000000000000000000, 1.000000000000000000, -0.000000000000000000 ) ) ;
#1090 = LINE ( 'NONE', #2591, #1787 ) ;
#1091 = CIRCLE ( 'NONE', #1610, 1.900000000000012790 ) ;
#1092 = ORIENTED_EDGE ( 'NONE', *, *, #2801, .F. ) ;
#1093 = AXIS2_PLACEMENT_3D ( 'NONE', #230, #512, #1983 ) ;
#1094 = DIRECTION ( 'NONE',  ( -0.000000000000000000, 1.000000000000000000, -0.000000000000000000 ) ) ;
#1095 = CYLINDRICAL_SURFACE ( 'NONE', #2830, 1.900000000000012790 ) ;
#1096 = CIRCLE ( 'NONE', #583, 1.899999999999999023 ) ;
#1097 = ORIENTED_EDGE ( 'NONE', *, *, #1660, .T. ) ;
#1098 = CARTESIAN_POINT ( 'NONE',  ( -259.6249999999999432, 0.000000000000000000, 453.3999999999998067 ) ) ;
#1099 = AXIS2_PLACEMENT_3D ( 'NONE', #1023, #789, #2762 ) ;
#1100 = ORIENTED_EDGE ( 'NONE', *, *, #211, .F. ) ;
#1101 = VECTOR ( 'NONE', #2708, 1000.000000000000000 ) ;
#1102 = DIRECTION ( 'NONE',  ( 0.000000000000000000, -1.000000000000000000, -6.123233995736766036E-17 ) ) ;
#1103 = VECTOR ( 'NONE', #2865, 1000.000000000000000 ) ;
#1104 = DIRECTION ( 'NONE',  ( 0.000000000000000000, 0.000000000000000000, 1.000000000000000000 ) ) ;
#1105 = CYLINDRICAL_SURFACE ( 'NONE', #2556, 1.900000000000012790 ) ;
#1106 = CARTESIAN_POINT ( 'NONE',  ( 257.2500000000000000, -2.699999999999952216, 442.4999999999997726 ) ) ;
#1107 = FACE_BOUND ( 'NONE', #1799, .T. ) ;
#1108 = ADVANCED_FACE ( 'NONE', ( #3166 ), #433, .T. ) ;
#1109 = ADVANCED_FACE ( 'NONE', ( #2470 ), #1828, .F. ) ;
#1110 = VECTOR ( 'NONE', #1385, 1000.000000000000000 ) ;
#1111 = VERTEX_POINT ( 'NONE', #3010 ) ;
#1112 = AXIS2_PLACEMENT_3D ( 'NONE', #2314, #71, #1348 ) ;
#1113 = CARTESIAN_POINT ( 'NONE',  ( -258.0250000000000341, -1.199999999999999956, -455.0000000000000568 ) ) ;
#1114 = LINE ( 'NONE', #363, #2676 ) ;
#1115 = CIRCLE ( 'NONE', #2097, 1.599999999999990319 ) ;
#1116 = ORIENTED_EDGE ( 'NONE', *, *, #1343, .F. ) ;
#1117 = ORIENTED_EDGE ( 'NONE', *, *, #1603, .F. ) ;
#1118 = AXIS2_PLACEMENT_3D ( 'NONE', #573, #378, #1867 ) ;
#1119 = ORIENTED_EDGE ( 'NONE', *, *, #2162, .T. ) ;
#1120 = ORIENTED_EDGE ( 'NONE', *, *, #3138, .T. ) ;
#1121 = CARTESIAN_POINT ( 'NONE',  ( 1.061766380429887587E-18, 0.000000000000000000, 15.26192023000044351 ) ) ;
#1122 = CARTESIAN_POINT ( 'NONE',  ( 249.2399999999998386, 0.000000000000000000, 172.0000000000000284 ) ) ;
#1123 = DIRECTION ( 'NONE',  ( 0.000000000000000000, 0.000000000000000000, 1.000000000000000000 ) ) ;
#1124 = DIRECTION ( 'NONE',  ( 0.000000000000000000, 1.000000000000000000, 0.000000000000000000 ) ) ;
#1125 = CARTESIAN_POINT ( 'NONE',  ( -258.0249999999999773, -1.199999999999999956, 453.4000000000000341 ) ) ;
#1126 = VERTEX_POINT ( 'NONE', #2485 ) ;
#1127 = EDGE_CURVE ( 'NONE', #2478, #2273, #2660, .T. ) ;
#1128 = EDGE_CURVE ( 'NONE', #1330, #2530, #324, .T. ) ;
#1129 = DIRECTION ( 'NONE',  ( -8.927967292538246243E-31, -1.000000000000000000, -7.116814260417663780E-15 ) ) ;
#1130 = CARTESIAN_POINT ( 'NONE',  ( -180.0000000000000000, -1.099999999999997646, 12.26192023000044351 ) ) ;
#1131 = ORIENTED_EDGE ( 'NONE', *, *, #394, .T. ) ;
#1132 = ORIENTED_EDGE ( 'NONE', *, *, #2644, .F. ) ;
#1133 = EDGE_LOOP ( 'NONE', ( #3206, #1877 ) ) ;
#1134 = VERTEX_POINT ( 'NONE', #31 ) ;
#1135 = DIRECTION ( 'NONE',  ( 0.000000000000000000, 1.000000000000000000, -0.000000000000000000 ) ) ;
#1136 = CARTESIAN_POINT ( 'NONE',  ( 257.2500000000000568, -1.200000000000006617, 442.9999999999997726 ) ) ;
#1137 = CARTESIAN_POINT ( 'NONE',  ( 1.061766380429887587E-18, 0.000000000000000000, 12.26192023000044351 ) ) ;
#1138 = LINE ( 'NONE', #927, #1103 ) ;
#1139 = ORIENTED_EDGE ( 'NONE', *, *, #2983, .T. ) ;
#1140 = CYLINDRICAL_SURFACE ( 'NONE', #166, 1.900000000000012790 ) ;
#1141 = DIRECTION ( 'NONE',  ( 1.000000000000000000, 0.000000000000000000, 0.000000000000000000 ) ) ;
#1142 = EDGE_CURVE ( 'NONE', #447, #1181, #2244, .T. ) ;
#1143 = ORIENTED_EDGE ( 'NONE', *, *, #1148, .F. ) ;
#1144 = VERTEX_POINT ( 'NONE', #241 ) ;
#1145 = CONICAL_SURFACE ( 'NONE', #2860, 3.000000000000002665, 0.7853981633974447263 ) ;
#1146 = DIRECTION ( 'NONE',  ( -1.000000000000000000, -1.143533294821187871E-32, 1.220025301785886411E-16 ) ) ;
#1147 = CIRCLE ( 'NONE', #580, 1.900000000000012790 ) ;
#1148 = EDGE_CURVE ( 'NONE', #1846, #2993, #2921, .T. ) ;
#1149 = EDGE_CURVE ( 'NONE', #1736, #1458, #291, .T. ) ;
#1150 = EDGE_LOOP ( 'NONE', ( #746, #553, #1530, #1861 ) ) ;
#1151 = ORIENTED_EDGE ( 'NONE', *, *, #1915, .T. ) ;
#1152 = CONICAL_SURFACE ( 'NONE', #2504, 3.000000000000002665, 0.7853981633974498333 ) ;
#1153 = CARTESIAN_POINT ( 'NONE',  ( -249.2399999999999238, 0.000000000000000000, 173.1000000000000227 ) ) ;
#1154 = DIRECTION ( 'NONE',  ( -0.000000000000000000, 1.000000000000000000, -0.000000000000000000 ) ) ;
#1155 = CARTESIAN_POINT ( 'NONE',  ( 200.0000000000001705, 0.000000000000000000, -448.5000000000000568 ) ) ;
#1156 = AXIS2_PLACEMENT_3D ( 'NONE', #1586, #2579, #2852 ) ;
#1157 = CONICAL_SURFACE ( 'NONE', #2722, 3.000000000000002665, 0.7853981633974447263 ) ;
#1158 = CARTESIAN_POINT ( 'NONE',  ( 1.061766380429887587E-18, -1.099999999999997646, 12.26192023000044351 ) ) ;
#1159 = AXIS2_PLACEMENT_3D ( 'NONE', #770, #1488, #526 ) ;
#1160 = EDGE_LOOP ( 'NONE', ( #1550, #1617, #729, #348 ) ) ;
#1161 = DIRECTION ( 'NONE',  ( 0.000000000000000000, 1.000000000000000000, 0.000000000000000000 ) ) ;
#1162 = CARTESIAN_POINT ( 'NONE',  ( -259.6250000000000568, -1.199999999999911582, -442.9999999999998863 ) ) ;
#1163 = ORIENTED_EDGE ( 'NONE', *, *, #2625, .T. ) ;
#1164 = ORIENTED_EDGE ( 'NONE', *, *, #672, .F. ) ;
#1165 = CARTESIAN_POINT ( 'NONE',  ( 180.0000000000000000, 0.000000000000000000, 14.16192023000044209 ) ) ;
#1166 = ORIENTED_EDGE ( 'NONE', *, *, #849, .T. ) ;
#1167 = ORIENTED_EDGE ( 'NONE', *, *, #3006, .F. ) ;
#1168 = VECTOR ( 'NONE', #3061, 1000.000000000000000 ) ;
#1169 = EDGE_CURVE ( 'NONE', #2775, #437, #893, .T. ) ;
#1170 = EDGE_CURVE ( 'NONE', #1134, #3008, #984, .T. ) ;
#1171 = CARTESIAN_POINT ( 'NONE',  ( 200.0000000000001705, -1.099999999999997646, 446.6000000000000796 ) ) ;
#1172 = FACE_OUTER_BOUND ( 'NONE', #2736, .T. ) ;
#1173 = FACE_OUTER_BOUND ( 'NONE', #3037, .T. ) ;
#1174 = CARTESIAN_POINT ( 'NONE',  ( -249.2399999999999238, 0.000000000000000000, 345.0000000000000000 ) ) ;
#1175 = ORIENTED_EDGE ( 'NONE', *, *, #434, .T. ) ;
#1176 = CARTESIAN_POINT ( 'NONE',  ( -249.2399999999999238, 0.000000000000000000, 345.0000000000000000 ) ) ;
#1177 = CARTESIAN_POINT ( 'NONE',  ( 249.2399999999998386, 0.000000000000000000, -19.99999999999974065 ) ) ;
#1178 = VERTEX_POINT ( 'NONE', #1970 ) ;
#1179 = FACE_OUTER_BOUND ( 'NONE', #1934, .T. ) ;
#1180 = CARTESIAN_POINT ( 'NONE',  ( -259.9499999999999886, -1.199999999999830980, -442.4999999999998863 ) ) ;
#1181 = VERTEX_POINT ( 'NONE', #776 ) ;
#1182 = ORIENTED_EDGE ( 'NONE', *, *, #281, .T. ) ;
#1183 = LINE ( 'NONE', #2368, #752 ) ;
#1184 = CARTESIAN_POINT ( 'NONE',  ( -180.0000000000000000, -1.199999999999999956, 10.36192023000044493 ) ) ;
#1185 = CARTESIAN_POINT ( 'NONE',  ( 258.7500000000000000, -9.000000000000005329, -3.246292606499840083E-14 ) ) ;
#1186 = EDGE_CURVE ( 'NONE', #3147, #2273, #2283, .T. ) ;
#1187 = CARTESIAN_POINT ( 'NONE',  ( 249.2399999999998386, 0.000000000000000000, -315.0000000000005684 ) ) ;
#1188 = DIRECTION ( 'NONE',  ( -0.000000000000000000, 1.000000000000000000, -0.000000000000000000 ) ) ;
#1189 = ADVANCED_FACE ( 'NONE', ( #1734 ), #533, .F. ) ;
#1190 = VERTEX_POINT ( 'NONE', #1762 ) ;
#1191 = CARTESIAN_POINT ( 'NONE',  ( 180.0000000000000000, 0.000000000000000000, 15.26192023000044529 ) ) ;
#1192 = DIRECTION ( 'NONE',  ( -0.000000000000000000, 1.000000000000000000, -0.000000000000000000 ) ) ;
#1193 = ORIENTED_EDGE ( 'NONE', *, *, #2945, .T. ) ;
#1194 = CARTESIAN_POINT ( 'NONE',  ( 257.2500000000000568, -1.200000000000006617, 442.4999999999997726 ) ) ;
#1195 = DIRECTION ( 'NONE',  ( 0.000000000000000000, 0.000000000000000000, 1.000000000000000000 ) ) ;
#1196 = VECTOR ( 'NONE', #2712, 1000.000000000000000 ) ;
#1197 = ORIENTED_EDGE ( 'NONE', *, *, #1856, .F. ) ;
#1198 = ORIENTED_EDGE ( 'NONE', *, *, #2101, .F. ) ;
#1199 = CARTESIAN_POINT ( 'NONE',  ( 258.7499999999999432, -2.699999999999952216, -442.5000000000000000 ) ) ;
#1200 = DIRECTION ( 'NONE',  ( 0.000000000000000000, 0.000000000000000000, 1.000000000000000000 ) ) ;
#1201 = CIRCLE ( 'NONE', #584, 2.699999999999945555 ) ;
#1202 = LINE ( 'NONE', #756, #213 ) ;
#1203 = ORIENTED_EDGE ( 'NONE', *, *, #1467, .F. ) ;
#1204 = AXIS2_PLACEMENT_3D ( 'NONE', #2593, #1369, #3111 ) ;
#1205 = EDGE_CURVE ( 'NONE', #352, #1846, #1541, .T. ) ;
#1206 = CARTESIAN_POINT ( 'NONE',  ( 180.0000000000000000, -1.199999999999999956, 12.26192023000044351 ) ) ;
#1207 = EDGE_CURVE ( 'NONE', #3168, #908, #1037, .T. ) ;
#1208 = CARTESIAN_POINT ( 'NONE',  ( -249.2399999999999238, 0.000000000000000000, -22.99999999999974420 ) ) ;
#1209 = AXIS2_PLACEMENT_3D ( 'NONE', #1187, #393, #1913 ) ;
#1210 = ORIENTED_EDGE ( 'NONE', *, *, #1397, .F. ) ;
#1211 = DIRECTION ( 'NONE',  ( 0.000000000000000000, 0.000000000000000000, 1.000000000000000000 ) ) ;
#1212 = CIRCLE ( 'NONE', #2042, 3.000000000000002665 ) ;
#1213 = CARTESIAN_POINT ( 'NONE',  ( 5.174678793551554786E-14, 0.000000000000000000, -448.5000000000000568 ) ) ;
#1214 = AXIS2_PLACEMENT_3D ( 'NONE', #1845, #2069, #2806 ) ;
#1215 = EDGE_LOOP ( 'NONE', ( #1035, #1453 ) ) ;
#1216 = VERTEX_POINT ( 'NONE', #551 ) ;
#1217 = LINE ( 'NONE', #2191, #1923 ) ;
#1218 = DIRECTION ( 'NONE',  ( 0.000000000000000000, 0.7071067811865464625, 0.7071067811865486830 ) ) ;
#1219 = AXIS2_PLACEMENT_3D ( 'NONE', #2813, #2092, #110 ) ;
#1220 = CARTESIAN_POINT ( 'NONE',  ( -200.0000000000000568, -1.099999999999997646, -450.4000000000000909 ) ) ;
#1221 = ORIENTED_EDGE ( 'NONE', *, *, #18, .T. ) ;
#1222 = DIRECTION ( 'NONE',  ( -0.000000000000000000, 1.000000000000000000, -0.000000000000000000 ) ) ;
#1223 = DIRECTION ( 'NONE',  ( -0.000000000000000000, 1.000000000000000000, -0.000000000000000000 ) ) ;
#1224 = EDGE_CURVE ( 'NONE', #24, #3201, #2452, .T. ) ;
#1225 = ORIENTED_EDGE ( 'NONE', *, *, #18, .F. ) ;
#1226 = EDGE_CURVE ( 'NONE', #237, #2858, #1465, .T. ) ;
#1227 = DIRECTION ( 'NONE',  ( -3.700743415417322049E-14, 1.000000000000000000, 0.000000000000000000 ) ) ;
#1228 = DIRECTION ( 'NONE',  ( 0.000000000000000000, -0.000000000000000000, 1.000000000000000000 ) ) ;
#1229 = ORIENTED_EDGE ( 'NONE', *, *, #2856, .T. ) ;
#1230 = EDGE_LOOP ( 'NONE', ( #2215, #33 ) ) ;
#1231 = CARTESIAN_POINT ( 'NONE',  ( 200.0000000000001705, -1.099999999999997646, 448.5000000000000568 ) ) ;
#1232 = DIRECTION ( 'NONE',  ( -0.000000000000000000, 1.000000000000000000, -0.000000000000000000 ) ) ;
#1233 = CYLINDRICAL_SURFACE ( 'NONE', #1628, 1.899999999999999023 ) ;
#1234 = DIRECTION ( 'NONE',  ( -0.000000000000000000, -1.000000000000000000, -0.000000000000000000 ) ) ;
#1235 = ORIENTED_EDGE ( 'NONE', *, *, #3113, .T. ) ;
#1236 = DIRECTION ( 'NONE',  ( 0.000000000000000000, 0.000000000000000000, 1.000000000000000000 ) ) ;
#1237 = DIRECTION ( 'NONE',  ( -0.000000000000000000, 1.000000000000000000, -0.000000000000000000 ) ) ;
#1238 = ORIENTED_EDGE ( 'NONE', *, *, #456, .F. ) ;
#1239 = CARTESIAN_POINT ( 'NONE',  ( 5.174678793551554786E-14, -1.199999999999999956, -448.5000000000000568 ) ) ;
#1240 = FACE_OUTER_BOUND ( 'NONE', #1902, .T. ) ;
#1241 = EDGE_CURVE ( 'NONE', #938, #1296, #943, .T. ) ;
#1242 = ORIENTED_EDGE ( 'NONE', *, *, #2688, .T. ) ;
#1243 = VERTEX_POINT ( 'NONE', #1494 ) ;
#1244 = ADVANCED_FACE ( 'NONE', ( #1240 ), #2996, .T. ) ;
#1245 = LINE ( 'NONE', #15, #544 ) ;
#1246 = ADVANCED_FACE ( 'NONE', ( #2500 ), #2769, .F. ) ;
#1247 = CLOSED_SHELL ( 'NONE', ( #1549, #654, #1033, #616, #2505, #314, #929, #2960, #1703, #3114, #455, #2483, #2781, #1800, #2436, #1492, #408, #2841, #332, #733, #1246, #2988, #2437, #2418, #1344, #2600, #1900, #632, #1857, #2061, #2060, #853, #1309, #1980, #2899, #987, #2303, #3045, #1860, #2177, #2684, #1447, #93, #1244, #1816, #1268, #2198, #575, #340, #19, #3219, #1801, #2481, #2599, #3004, #2096, #2374, #1363, #2526, #233, #1384, #3020, #569, #1108, #338, #2005, #1785, #2748, #1687, #1528, #2020, #2264, #655, #1590, #2540, #3118, #574, #255, #1424, #1843, #633, #297, #2039, #948, #1399, #1961, #1072, #312, #1744, #811, #1644, #1746, #792, #1189, #2663, #3158, #1284, #2582, #2785, #1109, #2000, #1879, #885, #2944, #2038, #112 ) ) ;
#1248 = DIRECTION ( 'NONE',  ( 0.000000000000000000, 0.000000000000000000, 1.000000000000000000 ) ) ;
#1249 = LINE ( 'NONE', #3223, #162 ) ;
#1250 = AXIS2_PLACEMENT_3D ( 'NONE', #2439, #1694, #3175 ) ;
#1251 = DIRECTION ( 'NONE',  ( 0.000000000000000000, 0.000000000000000000, 1.000000000000000000 ) ) ;
#1252 = DIRECTION ( 'NONE',  ( 0.000000000000000000, 0.000000000000000000, 1.000000000000000000 ) ) ;
#1253 = AXIS2_PLACEMENT_3D ( 'NONE', #2384, #421, #1409 ) ;
#1254 = ORIENTED_EDGE ( 'NONE', *, *, #1508, .T. ) ;
#1255 = AXIS2_PLACEMENT_3D ( 'NONE', #2891, #2394, #1195 ) ;
#1256 = DIRECTION ( 'NONE',  ( 0.000000000000000000, 1.000000000000000000, 0.000000000000000000 ) ) ;
#1257 = DIRECTION ( 'NONE',  ( -1.254489293361759322E-16, 1.881733940042638614E-16, -1.000000000000000000 ) ) ;
#1258 = AXIS2_PLACEMENT_3D ( 'NONE', #1206, #2410, #2180 ) ;
#1259 = ORIENTED_EDGE ( 'NONE', *, *, #717, .T. ) ;
#1260 = DIRECTION ( 'NONE',  ( 0.000000000000000000, 0.000000000000000000, 1.000000000000000000 ) ) ;
#1261 = DIRECTION ( 'NONE',  ( 0.000000000000000000, 1.000000000000000000, 0.000000000000000000 ) ) ;
#1262 = AXIS2_PLACEMENT_3D ( 'NONE', #2341, #3035, #2576 ) ;
#1263 = VERTEX_POINT ( 'NONE', #2824 ) ;
#1264 = ORIENTED_EDGE ( 'NONE', *, *, #2360, .F. ) ;
#1265 = VECTOR ( 'NONE', #146, 1000.000000000000000 ) ;
#1266 = AXIS2_PLACEMENT_3D ( 'NONE', #1533, #1849, #542 ) ;
#1267 = CARTESIAN_POINT ( 'NONE',  ( 200.0000000000001705, 0.000000000000000000, -445.5000000000000568 ) ) ;
#1268 = ADVANCED_FACE ( 'NONE', ( #2794 ), #88, .T. ) ;
#1269 = EDGE_CURVE ( 'NONE', #3008, #2302, #362, .T. ) ;
#1270 = CARTESIAN_POINT ( 'NONE',  ( -200.0000000000000568, 0.000000000000000000, -448.5000000000000568 ) ) ;
#1271 = CARTESIAN_POINT ( 'NONE',  ( 249.2399999999998386, 0.000000000000000000, 343.0999999999999091 ) ) ;
#1272 = VECTOR ( 'NONE', #133, 1000.000000000000000 ) ;
#1273 = EDGE_LOOP ( 'NONE', ( #2614, #1510, #1225, #2315 ) ) ;
#1274 = AXIS2_PLACEMENT_3D ( 'NONE', #3141, #144, #1655 ) ;
#1275 = DIRECTION ( 'NONE',  ( 1.000000000000000000, 0.000000000000000000, 0.000000000000000000 ) ) ;
#1276 = CARTESIAN_POINT ( 'NONE',  ( -249.2399999999999238, -1.099999999999997646, 343.0999999999999659 ) ) ;
#1277 = ORIENTED_EDGE ( 'NONE', *, *, #1149, .F. ) ;
#1278 = CARTESIAN_POINT ( 'NONE',  ( 249.2399999999998386, 0.000000000000000000, -318.0000000000005684 ) ) ;
#1279 = DIRECTION ( 'NONE',  ( -0.000000000000000000, 1.000000000000000000, -0.000000000000000000 ) ) ;
#1280 = ORIENTED_EDGE ( 'NONE', *, *, #2340, .T. ) ;
#1281 = ORIENTED_EDGE ( 'NONE', *, *, #847, .T. ) ;
#1282 = ORIENTED_EDGE ( 'NONE', *, *, #2546, .T. ) ;
#1283 = CARTESIAN_POINT ( 'NONE',  ( -258.0249999999999773, 0.000000000000000000, 453.4000000000000341 ) ) ;
#1284 = ADVANCED_FACE ( 'NONE', ( #578 ), #75, .F. ) ;
#1285 = EDGE_CURVE ( 'NONE', #1263, #1965, #836, .T. ) ;
#1286 = DIRECTION ( 'NONE',  ( -1.000000000000000000, 0.000000000000000000, 0.000000000000000000 ) ) ;
#1287 = ORIENTED_EDGE ( 'NONE', *, *, #2506, .T. ) ;
#1288 = FACE_OUTER_BOUND ( 'NONE', #3116, .T. ) ;
#1289 = CARTESIAN_POINT ( 'NONE',  ( -258.7499999999999432, -2.699999999999980194, 442.4999999999997726 ) ) ;
#1290 = EDGE_CURVE ( 'NONE', #1063, #2104, #3066, .T. ) ;
#1291 = EDGE_CURVE ( 'NONE', #2372, #2619, #2558, .T. ) ;
#1292 = EDGE_LOOP ( 'NONE', ( #1221, #1324, #2210, #12, #2700, #2229, #2947, #772, #416, #1193, #722, #3153, #1302, #1074, #322, #2711, #2524, #2167, #3218, #1070 ) ) ;
#1293 = DIRECTION ( 'NONE',  ( 1.000000000000000000, 0.000000000000000000, 0.000000000000000000 ) ) ;
#1294 = CARTESIAN_POINT ( 'NONE',  ( 5.211418197525975331E-14, 0.000000000000000000, -451.5000000000000568 ) ) ;
#1295 = ORIENTED_EDGE ( 'NONE', *, *, #3058, .F. ) ;
#1296 = VERTEX_POINT ( 'NONE', #3082 ) ;
#1297 = ORIENTED_EDGE ( 'NONE', *, *, #1899, .F. ) ;
#1298 = DIRECTION ( 'NONE',  ( 0.000000000000000000, 1.000000000000000000, 0.000000000000000000 ) ) ;
#1299 = CARTESIAN_POINT ( 'NONE',  ( 3.684558061246358436E-16, 0.000000000000000000, 9.261920230000441734 ) ) ;
#1300 = DIRECTION ( 'NONE',  ( -0.000000000000000000, 1.000000000000000000, -0.000000000000000000 ) ) ;
#1301 = CIRCLE ( 'NONE', #1456, 3.000000000000002665 ) ;
#1302 = ORIENTED_EDGE ( 'NONE', *, *, #2101, .T. ) ;
#1303 = DIRECTION ( 'NONE',  ( -0.000000000000000000, 1.000000000000000000, -0.000000000000000000 ) ) ;
#1304 = CIRCLE ( 'NONE', #160, 1.900000000000012790 ) ;
#1305 = DIRECTION ( 'NONE',  ( 8.659560562354902043E-17, 0.7071067811865500152, -0.7071067811865450192 ) ) ;
#1306 = EDGE_LOOP ( 'NONE', ( #1164, #1984, #810, #883 ) ) ;
#1307 = CARTESIAN_POINT ( 'NONE',  ( -180.0000000000000000, -1.099999999999997646, 10.36192023000043072 ) ) ;
#1308 = VECTOR ( 'NONE', #1483, 1000.000000000000000 ) ;
#1309 = ADVANCED_FACE ( 'NONE', ( #2102 ), #2086, .F. ) ;
#1310 = EDGE_CURVE ( 'NONE', #2344, #100, #2395, .T. ) ;
#1311 = LINE ( 'NONE', #624, #894 ) ;
#1312 = AXIS2_PLACEMENT_3D ( 'NONE', #271, #1352, #1826 ) ;
#1313 = ORIENTED_EDGE ( 'NONE', *, *, #2818, .T. ) ;
#1314 = EDGE_LOOP ( 'NONE', ( #323, #1602, #2099, #2257 ) ) ;
#1315 = CONICAL_SURFACE ( 'NONE', #842, 3.000000000000002665, 0.7853981633974447263 ) ;
#1316 = AXIS2_PLACEMENT_3D ( 'NONE', #209, #2492, #511 ) ;
#1317 = CARTESIAN_POINT ( 'NONE',  ( -200.0000000000000568, 0.000000000000000000, -451.5000000000000568 ) ) ;
#1318 = CARTESIAN_POINT ( 'NONE',  ( 259.6249999999999432, -1.199999999999999956, -453.4000000000000909 ) ) ;
#1319 = CARTESIAN_POINT ( 'NONE',  ( 249.2399999999998386, -1.199999999999999956, -19.99999999999974065 ) ) ;
#1320 = AXIS2_PLACEMENT_3D ( 'NONE', #469, #1460, #2453 ) ;
#1321 = ORIENTED_EDGE ( 'NONE', *, *, #1784, .T. ) ;
#1322 = VECTOR ( 'NONE', #2182, 1000.000000000000000 ) ;
#1323 = DIRECTION ( 'NONE',  ( 0.000000000000000000, 0.000000000000000000, 1.000000000000000000 ) ) ;
#1324 = ORIENTED_EDGE ( 'NONE', *, *, #1226, .T. ) ;
#1325 = CIRCLE ( 'NONE', #2628, 1.599999999999990319 ) ;
#1326 = CARTESIAN_POINT ( 'NONE',  ( 1.061766380429887587E-18, -1.199999999999999956, 14.16192023000044209 ) ) ;
#1327 = FACE_OUTER_BOUND ( 'NONE', #1639, .T. ) ;
#1328 = EDGE_CURVE ( 'NONE', #2052, #3115, #1555, .T. ) ;
#1329 = EDGE_CURVE ( 'NONE', #2399, #2006, #1311, .T. ) ;
#1330 = VERTEX_POINT ( 'NONE', #335 ) ;
#1331 = VERTEX_POINT ( 'NONE', #1326 ) ;
#1332 = DIRECTION ( 'NONE',  ( 0.000000000000000000, 1.000000000000000000, 0.000000000000000000 ) ) ;
#1333 = CARTESIAN_POINT ( 'NONE',  ( -257.2500000000000000, -2.699999999999768807, -442.4999999999998863 ) ) ;
#1334 = DIRECTION ( 'NONE',  ( -0.000000000000000000, 1.000000000000000000, -0.000000000000000000 ) ) ;
#1335 = CARTESIAN_POINT ( 'NONE',  ( -180.0000000000000000, 0.000000000000000000, 9.261920230000439958 ) ) ;
#1336 = CARTESIAN_POINT ( 'NONE',  ( -249.2399999999999238, 0.000000000000000000, -315.0000000000005684 ) ) ;
#1337 = EDGE_LOOP ( 'NONE', ( #623, #103 ) ) ;
#1338 = DIRECTION ( 'NONE',  ( -0.000000000000000000, 1.000000000000000000, -0.000000000000000000 ) ) ;
#1339 = DIRECTION ( 'NONE',  ( -0.000000000000000000, 1.000000000000000000, -0.000000000000000000 ) ) ;
#1340 = ORIENTED_EDGE ( 'NONE', *, *, #2136, .F. ) ;
#1341 = DIRECTION ( 'NONE',  ( 0.000000000000000000, 0.7071067811865500152, 0.7071067811865450192 ) ) ;
#1342 = EDGE_LOOP ( 'NONE', ( #2238, #3104, #1812, #1539 ) ) ;
#1343 = EDGE_CURVE ( 'NONE', #1965, #3217, #687, .T. ) ;
#1344 = ADVANCED_FACE ( 'NONE', ( #2549 ), #1157, .F. ) ;
#1345 = CARTESIAN_POINT ( 'NONE',  ( -259.6250000000000568, -1.199999999999911582, -442.9999999999998863 ) ) ;
#1346 = CARTESIAN_POINT ( 'NONE',  ( -259.6250000000000568, -1.199999999999999956, -455.0000000000000568 ) ) ;
#1347 = FACE_OUTER_BOUND ( 'NONE', #1367, .T. ) ;
#1348 = DIRECTION ( 'NONE',  ( 0.000000000000000000, 0.000000000000000000, 1.000000000000000000 ) ) ;
#1349 = CIRCLE ( 'NONE', #677, 3.000000000000002665 ) ;
#1350 = EDGE_LOOP ( 'NONE', ( #388, #186, #273, #3096 ) ) ;
#1351 = CIRCLE ( 'NONE', #2447, 3.000000000000002665 ) ;
#1352 = DIRECTION ( 'NONE',  ( -0.000000000000000000, 1.000000000000000000, -0.000000000000000000 ) ) ;
#1353 = FACE_OUTER_BOUND ( 'NONE', #48, .T. ) ;
#1354 = ORIENTED_EDGE ( 'NONE', *, *, #1727, .T. ) ;
#1355 = DIRECTION ( 'NONE',  ( 0.000000000000000000, 0.000000000000000000, 1.000000000000000000 ) ) ;
#1356 = VECTOR ( 'NONE', #727, 1000.000000000000000 ) ;
#1357 = VERTEX_POINT ( 'NONE', #3054 ) ;
#1358 = CIRCLE ( 'NONE', #376, 3.000000000000002665 ) ;
#1359 = PLANE ( 'NONE',  #696 ) ;
#1360 = AXIS2_PLACEMENT_3D ( 'NONE', #2213, #3193, #1251 ) ;
#1361 = DIRECTION ( 'NONE',  ( 1.000000000000000000, 0.000000000000000000, -1.220025301785886411E-16 ) ) ;
#1362 = LINE ( 'NONE', #1884, #1463 ) ;
#1363 = ADVANCED_FACE ( 'NONE', ( #2329 ), #1809, .F. ) ;
#1364 = EDGE_CURVE ( 'NONE', #2955, #1243, #1621, .T. ) ;
#1365 = CARTESIAN_POINT ( 'NONE',  ( -258.7500000000000000, 0.000000000000000000, 3.246292606499840714E-14 ) ) ;
#1366 = FACE_OUTER_BOUND ( 'NONE', #1487, .T. ) ;
#1367 = EDGE_LOOP ( 'NONE', ( #2751, #2010, #155, #2536 ) ) ;
#1368 = AXIS2_PLACEMENT_3D ( 'NONE', #515, #999, #1987 ) ;
#1369 = DIRECTION ( 'NONE',  ( -0.000000000000000000, -0.000000000000000000, -1.000000000000000000 ) ) ;
#1370 = DIRECTION ( 'NONE',  ( 8.659560562354902043E-17, 0.7071067811865500152, -0.7071067811865450192 ) ) ;
#1371 = AXIS2_PLACEMENT_3D ( 'NONE', #815, #2046, #1546 ) ;
#1372 = VERTEX_POINT ( 'NONE', #136 ) ;
#1373 = FACE_OUTER_BOUND ( 'NONE', #571, .T. ) ;
#1374 = ORIENTED_EDGE ( 'NONE', *, *, #1207, .F. ) ;
#1375 = ORIENTED_EDGE ( 'NONE', *, *, #479, .T. ) ;
#1376 = DIRECTION ( 'NONE',  ( 0.000000000000000000, 0.000000000000000000, -1.000000000000000000 ) ) ;
#1377 = LINE ( 'NONE', #875, #2357 ) ;
#1378 = CARTESIAN_POINT ( 'NONE',  ( -257.2500000000000568, 0.000000000000000000, 0.000000000000000000 ) ) ;
#1379 = EDGE_CURVE ( 'NONE', #464, #1973, #381, .T. ) ;
#1380 = DIRECTION ( 'NONE',  ( 1.000000000000000000, -3.491481338843134144E-15, -1.220025301785886411E-16 ) ) ;
#1381 = ORIENTED_EDGE ( 'NONE', *, *, #2115, .T. ) ;
#1382 = EDGE_CURVE ( 'NONE', #1710, #2189, #2295, .T. ) ;
#1383 = DIRECTION ( 'NONE',  ( 0.000000000000000000, 1.000000000000000000, 0.000000000000000000 ) ) ;
#1384 = ADVANCED_FACE ( 'NONE', ( #164 ), #3129, .F. ) ;
#1385 = DIRECTION ( 'NONE',  ( 3.700743415417322049E-14, 1.000000000000000000, 0.000000000000000000 ) ) ;
#1386 = ORIENTED_EDGE ( 'NONE', *, *, #1763, .F. ) ;
#1387 = EDGE_LOOP ( 'NONE', ( #1574, #1670 ) ) ;
#1388 = VERTEX_POINT ( 'NONE', #184 ) ;
#1389 = ORIENTED_EDGE ( 'NONE', *, *, #2359, .T. ) ;
#1390 = DIRECTION ( 'NONE',  ( -0.000000000000000000, 1.000000000000000000, -0.000000000000000000 ) ) ;
#1391 = DIRECTION ( 'NONE',  ( 0.000000000000000000, 0.000000000000000000, 1.000000000000000000 ) ) ;
#1392 = CARTESIAN_POINT ( 'NONE',  ( -200.0000000000000568, 0.000000000000000000, -448.5000000000000568 ) ) ;
#1393 = ORIENTED_EDGE ( 'NONE', *, *, #502, .F. ) ;
#1394 = CARTESIAN_POINT ( 'NONE',  ( 249.2399999999998386, 0.000000000000000000, -312.0000000000005684 ) ) ;
#1395 = VECTOR ( 'NONE', #1227, 1000.000000000000000 ) ;
#1396 = CARTESIAN_POINT ( 'NONE',  ( -249.2399999999999238, -1.199999999999999956, -18.09999999999974207 ) ) ;
#1397 = EDGE_CURVE ( 'NONE', #100, #2344, #1004, .T. ) ;
#1398 = VERTEX_POINT ( 'NONE', #216 ) ;
#1399 = ADVANCED_FACE ( 'NONE', ( #2199 ), #1140, .F. ) ;
#1400 = CARTESIAN_POINT ( 'NONE',  ( -200.0000000000000568, 0.000000000000000000, -451.5000000000000568 ) ) ;
#1401 = CIRCLE ( 'NONE', #527, 3.000000000000000888 ) ;
#1402 = CARTESIAN_POINT ( 'NONE',  ( 5.174678793551554786E-14, -1.199999999999999956, 450.4000000000000909 ) ) ;
#1403 = CIRCLE ( 'NONE', #2810, 3.000000000000000888 ) ;
#1404 = VERTEX_POINT ( 'NONE', #1916 ) ;
#1405 = ORIENTED_EDGE ( 'NONE', *, *, #2639, .F. ) ;
#1406 = VECTOR ( 'NONE', #1948, 1000.000000000000000 ) ;
#1407 = DIRECTION ( 'NONE',  ( -8.927967292538246243E-31, -1.000000000000000000, -7.116814260417663780E-15 ) ) ;
#1408 = CARTESIAN_POINT ( 'NONE',  ( 257.2500000000000000, -2.699999999999952216, -442.5000000000000000 ) ) ;
#1409 = DIRECTION ( 'NONE',  ( 0.000000000000000000, 0.000000000000000000, 1.000000000000000000 ) ) ;
#1410 = VECTOR ( 'NONE', #1146, 1000.000000000000000 ) ;
#1411 = VECTOR ( 'NONE', #2128, 1000.000000000000000 ) ;
#1412 = CARTESIAN_POINT ( 'NONE',  ( -180.0000000000000000, 0.000000000000000000, 12.26192023000044351 ) ) ;
#1413 = CARTESIAN_POINT ( 'NONE',  ( -259.9499999999999886, -9.000000000000001776, -442.4999999999998863 ) ) ;
#1414 = AXIS2_PLACEMENT_3D ( 'NONE', #1412, #2640, #2145 ) ;
#1415 = ORIENTED_EDGE ( 'NONE', *, *, #2581, .T. ) ;
#1416 = DIRECTION ( 'NONE',  ( -1.000000000000000000, 0.000000000000000000, -0.000000000000000000 ) ) ;
#1417 = AXIS2_PLACEMENT_3D ( 'NONE', #585, #1332, #1579 ) ;
#1418 = DIRECTION ( 'NONE',  ( 0.000000000000000000, 0.000000000000000000, 1.000000000000000000 ) ) ;
#1419 = ORIENTED_EDGE ( 'NONE', *, *, #947, .F. ) ;
#1420 = CARTESIAN_POINT ( 'NONE',  ( -257.2500000000000568, 0.000000000000000000, 442.9999999999997726 ) ) ;
#1421 = AXIS2_PLACEMENT_3D ( 'NONE', #2055, #2566, #3067 ) ;
#1422 = LINE ( 'NONE', #2169, #841 ) ;
#1423 = EDGE_CURVE ( 'NONE', #80, #1906, #2630, .T. ) ;
#1424 = ADVANCED_FACE ( 'NONE', ( #642 ), #3198, .F. ) ;
#1425 = AXIS2_PLACEMENT_3D ( 'NONE', #1775, #2217, #981 ) ;
#1426 = ORIENTED_EDGE ( 'NONE', *, *, #2876, .T. ) ;
#1427 = ORIENTED_EDGE ( 'NONE', *, *, #2545, .F. ) ;
#1428 = AXIS2_PLACEMENT_3D ( 'NONE', #1835, #371, #1361 ) ;
#1429 = EDGE_CURVE ( 'NONE', #662, #1542, #1870, .T. ) ;
#1430 = DIRECTION ( 'NONE',  ( 0.000000000000000000, 0.000000000000000000, 1.000000000000000000 ) ) ;
#1431 = LINE ( 'NONE', #2421, #807 ) ;
#1432 = CARTESIAN_POINT ( 'NONE',  ( 5.174678793551554786E-14, 0.000000000000000000, 448.5000000000000568 ) ) ;
#1433 = CARTESIAN_POINT ( 'NONE',  ( -257.2500000000000000, -2.699999999999768807, -442.4999999999998863 ) ) ;
#1434 = CARTESIAN_POINT ( 'NONE',  ( -200.0000000000000568, -1.199999999999999956, 448.5000000000000568 ) ) ;
#1435 = CARTESIAN_POINT ( 'NONE',  ( -259.9499999999999318, -2.700000000000025047, 442.4999999999997726 ) ) ;
#1436 = ORIENTED_EDGE ( 'NONE', *, *, #2205, .F. ) ;
#1437 = CARTESIAN_POINT ( 'NONE',  ( -257.2500000000000000, -2.699999999999768807, -442.4999999999998863 ) ) ;
#1438 = LINE ( 'NONE', #1162, #180 ) ;
#1439 = EDGE_LOOP ( 'NONE', ( #1005, #1092, #660, #737 ) ) ;
#1440 = CARTESIAN_POINT ( 'NONE',  ( 259.9499999999999886, -9.000000000000001776, 442.4999999999998295 ) ) ;
#1441 = DIRECTION ( 'NONE',  ( -0.000000000000000000, 1.000000000000000000, -0.000000000000000000 ) ) ;
#1442 = VERTEX_POINT ( 'NONE', #658 ) ;
#1443 = ORIENTED_EDGE ( 'NONE', *, *, #2221, .F. ) ;
#1444 = LINE ( 'NONE', #749, #122 ) ;
#1445 = CARTESIAN_POINT ( 'NONE',  ( 5.174678793551554786E-14, -1.099999999999997646, -448.5000000000000568 ) ) ;
#1446 = EDGE_CURVE ( 'NONE', #1591, #3147, #917, .T. ) ;
#1447 = ADVANCED_FACE ( 'NONE', ( #2901 ), #462, .T. ) ;
#1448 = CARTESIAN_POINT ( 'NONE',  ( 5.174678793551554786E-14, 0.000000000000000000, -448.5000000000000568 ) ) ;
#1449 = DIRECTION ( 'NONE',  ( 0.000000000000000000, 1.000000000000000000, 6.123233995736766036E-17 ) ) ;
#1450 = EDGE_LOOP ( 'NONE', ( #2802, #609 ) ) ;
#1451 = DIRECTION ( 'NONE',  ( 0.000000000000000000, -2.891205793294675861E-16, 1.000000000000000000 ) ) ;
#1452 = LINE ( 'NONE', #3199, #1839 ) ;
#1453 = ORIENTED_EDGE ( 'NONE', *, *, #1645, .F. ) ;
#1454 = DIRECTION ( 'NONE',  ( -0.000000000000000000, 1.000000000000000000, -0.000000000000000000 ) ) ;
#1455 = DIRECTION ( 'NONE',  ( 0.000000000000000000, 1.000000000000000000, -0.000000000000000000 ) ) ;
#1456 = AXIS2_PLACEMENT_3D ( 'NONE', #465, #1683, #1211 ) ;
#1457 = EDGE_LOOP ( 'NONE', ( #141, #902, #2188, #707 ) ) ;
#1458 = VERTEX_POINT ( 'NONE', #199 ) ;
#1459 = AXIS2_PLACEMENT_3D ( 'NONE', #2951, #3194, #1501 ) ;
#1460 = DIRECTION ( 'NONE',  ( -0.000000000000000000, 1.000000000000000000, -0.000000000000000000 ) ) ;
#1461 = DIRECTION ( 'NONE',  ( 0.000000000000000000, 0.000000000000000000, 1.000000000000000000 ) ) ;
#1462 = CARTESIAN_POINT ( 'NONE',  ( 1.061766380429887587E-18, -1.099999999999997646, 14.16192023000044209 ) ) ;
#1463 = VECTOR ( 'NONE', #2123, 1000.000000000000000 ) ;
#1464 = FACE_OUTER_BOUND ( 'NONE', #2699, .T. ) ;
#1465 = CIRCLE ( 'NONE', #2345, 1.599999999999990319 ) ;
#1466 = EDGE_CURVE ( 'NONE', #1025, #1589, #2919, .T. ) ;
#1467 = EDGE_CURVE ( 'NONE', #2232, #1601, #844, .T. ) ;
#1468 = LINE ( 'NONE', #1932, #266 ) ;
#1469 = ORIENTED_EDGE ( 'NONE', *, *, #1142, .T. ) ;
#1470 = VECTOR ( 'NONE', #1696, 1000.000000000000000 ) ;
#1471 = DIRECTION ( 'NONE',  ( -0.000000000000000000, 1.000000000000000000, -0.000000000000000000 ) ) ;
#1472 = CARTESIAN_POINT ( 'NONE',  ( 249.2399999999998386, 0.000000000000000000, 175.0000000000000568 ) ) ;
#1473 = CONICAL_SURFACE ( 'NONE', #1007, 3.000000000000002665, 0.7853981633974447263 ) ;
#1474 = ORIENTED_EDGE ( 'NONE', *, *, #375, .T. ) ;
#1475 = DIRECTION ( 'NONE',  ( 0.000000000000000000, 0.000000000000000000, 1.000000000000000000 ) ) ;
#1476 = VECTOR ( 'NONE', #3122, 1000.000000000000000 ) ;
#1477 = DIRECTION ( 'NONE',  ( 0.000000000000000000, 0.000000000000000000, 1.000000000000000000 ) ) ;
#1478 = VECTOR ( 'NONE', #989, 1000.000000000000000 ) ;
#1479 = ORIENTED_EDGE ( 'NONE', *, *, #152, .F. ) ;
#1480 = ORIENTED_EDGE ( 'NONE', *, *, #830, .F. ) ;
#1481 = AXIS2_PLACEMENT_3D ( 'NONE', #165, #2920, #3149 ) ;
#1482 = CARTESIAN_POINT ( 'NONE',  ( 5.174678793551554786E-14, 0.000000000000000000, 448.5000000000000568 ) ) ;
#1483 = DIRECTION ( 'NONE',  ( 1.000000000000000000, -3.491481338843134144E-15, -1.220025301785886411E-16 ) ) ;
#1484 = LINE ( 'NONE', #976, #3028 ) ;
#1485 = DIRECTION ( 'NONE',  ( 1.254489293361759322E-16, 0.000000000000000000, 1.000000000000000000 ) ) ;
#1486 = DIRECTION ( 'NONE',  ( 0.000000000000000000, 0.000000000000000000, 1.000000000000000000 ) ) ;
#1487 = EDGE_LOOP ( 'NONE', ( #2615, #2892, #1495, #2533, #805, #3150, #2686, #1702, #1688, #1132, #3012, #355, #764, #1728, #3003, #1764, #663, #3101, #268, #1100 ) ) ;
#1488 = DIRECTION ( 'NONE',  ( -0.000000000000000000, -0.000000000000000000, -1.000000000000000000 ) ) ;
#1489 = CARTESIAN_POINT ( 'NONE',  ( 259.6249999999999432, -1.199999999999999956, -455.0000000000000568 ) ) ;
#1490 = ORIENTED_EDGE ( 'NONE', *, *, #210, .F. ) ;
#1491 = LINE ( 'NONE', #9, #3022 ) ;
#1492 = ADVANCED_FACE ( 'NONE', ( #148 ), #2165, .F. ) ;
#1493 = EDGE_CURVE ( 'NONE', #1601, #24, #448, .T. ) ;
#1494 = CARTESIAN_POINT ( 'NONE',  ( 249.2399999999998386, -1.199999999999999956, -313.1000000000005343 ) ) ;
#1495 = ORIENTED_EDGE ( 'NONE', *, *, #298, .F. ) ;
#1496 = EDGE_LOOP ( 'NONE', ( #1544, #1182, #2285, #2381 ) ) ;
#1497 = PRODUCT_CONTEXT ( 'NONE', #442, 'mechanical' ) ;
#1498 = DIRECTION ( 'NONE',  ( 0.000000000000000000, 0.000000000000000000, 1.000000000000000000 ) ) ;
#1499 = LINE ( 'NONE', #2261, #1000 ) ;
#1500 = CARTESIAN_POINT ( 'NONE',  ( 200.0000000000001705, -1.099999999999997646, -446.6000000000000796 ) ) ;
#1501 = DIRECTION ( 'NONE',  ( 0.000000000000000000, 0.000000000000000000, 1.000000000000000000 ) ) ;
#1502 = ORIENTED_EDGE ( 'NONE', *, *, #1328, .T. ) ;
#1503 = DIRECTION ( 'NONE',  ( 0.000000000000000000, 0.000000000000000000, 1.000000000000000000 ) ) ;
#1504 = DIRECTION ( 'NONE',  ( -0.000000000000000000, -1.000000000000000000, -0.000000000000000000 ) ) ;
#1505 = ORIENTED_EDGE ( 'NONE', *, *, #812, .T. ) ;
#1506 = LINE ( 'NONE', #1540, #2499 ) ;
#1507 = DIRECTION ( 'NONE',  ( 0.000000000000000000, 0.000000000000000000, -1.000000000000000000 ) ) ;
#1508 = EDGE_CURVE ( 'NONE', #2641, #2237, #708, .T. ) ;
#1509 = EDGE_CURVE ( 'NONE', #2971, #1442, #2887, .T. ) ;
#1510 = ORIENTED_EDGE ( 'NONE', *, *, #537, .T. ) ;
#1511 = ORIENTED_EDGE ( 'NONE', *, *, #1722, .F. ) ;
#1512 = CARTESIAN_POINT ( 'NONE',  ( -258.0249999999999773, -1.199999999999999956, 454.9999999999999432 ) ) ;
#1513 = AXIS2_PLACEMENT_3D ( 'NONE', #735, #2195, #2493 ) ;
#1514 = CARTESIAN_POINT ( 'NONE',  ( 249.2399999999998386, 0.000000000000000000, -16.99999999999973710 ) ) ;
#1515 = LINE ( 'NONE', #2263, #2127 ) ;
#1516 = VECTOR ( 'NONE', #2768, 1000.000000000000000 ) ;
#1517 = ORIENTED_EDGE ( 'NONE', *, *, #2564, .T. ) ;
#1518 = AXIS2_PLACEMENT_3D ( 'NONE', #1797, #59, #1524 ) ;
#1519 = CARTESIAN_POINT ( 'NONE',  ( -249.2399999999999238, -1.099999999999997646, 175.0000000000000568 ) ) ;
#1520 = FACE_OUTER_BOUND ( 'NONE', #996, .T. ) ;
#1521 = CIRCLE ( 'NONE', #586, 1.900000000000012790 ) ;
#1522 = ORIENTED_EDGE ( 'NONE', *, *, #2961, .F. ) ;
#1523 = DIRECTION ( 'NONE',  ( 0.000000000000000000, 0.000000000000000000, 1.000000000000000000 ) ) ;
#1524 = DIRECTION ( 'NONE',  ( 0.000000000000000000, 0.000000000000000000, 1.000000000000000000 ) ) ;
#1525 = AXIS2_PLACEMENT_3D ( 'NONE', #1851, #2849, #181 ) ;
#1526 = ORIENTED_EDGE ( 'NONE', *, *, #353, .T. ) ;
#1527 = ORIENTED_EDGE ( 'NONE', *, *, #849, .F. ) ;
#1528 = ADVANCED_FACE ( 'NONE', ( #2658 ), #2643, .T. ) ;
#1529 = CIRCLE ( 'NONE', #2147, 3.000000000000002665 ) ;
#1530 = ORIENTED_EDGE ( 'NONE', *, *, #538, .T. ) ;
#1531 = AXIS2_PLACEMENT_3D ( 'NONE', #1681, #1418, #185 ) ;
#1532 = EDGE_CURVE ( 'NONE', #2584, #49, #427, .T. ) ;
#1533 = CARTESIAN_POINT ( 'NONE',  ( 257.2500000000000000, -2.699999999999952216, 442.4999999999997726 ) ) ;
#1534 = LINE ( 'NONE', #2815, #2914 ) ;
#1535 = AXIS2_PLACEMENT_3D ( 'NONE', #3174, #2146, #896 ) ;
#1536 = VERTEX_POINT ( 'NONE', #235 ) ;
#1537 = DIRECTION ( 'NONE',  ( -0.000000000000000000, 1.000000000000000000, 0.000000000000000000 ) ) ;
#1538 = CARTESIAN_POINT ( 'NONE',  ( 249.2399999999998386, 0.000000000000000000, 344.9999999999999432 ) ) ;
#1539 = ORIENTED_EDGE ( 'NONE', *, *, #1205, .F. ) ;
#1540 = CARTESIAN_POINT ( 'NONE',  ( -257.2500000000001137, 1.765081136806401219E-13, -442.4999999999998863 ) ) ;
#1541 = LINE ( 'NONE', #1991, #1982 ) ;
#1542 = VERTEX_POINT ( 'NONE', #5 ) ;
#1543 = ORIENTED_EDGE ( 'NONE', *, *, #1205, .T. ) ;
#1544 = ORIENTED_EDGE ( 'NONE', *, *, #593, .F. ) ;
#1545 = DIRECTION ( 'NONE',  ( 1.220025301785886411E-16, 0.000000000000000000, 1.000000000000000000 ) ) ;
#1546 = DIRECTION ( 'NONE',  ( 0.000000000000000000, 0.000000000000000000, 1.000000000000000000 ) ) ;
#1547 = DIRECTION ( 'NONE',  ( 0.000000000000000000, 1.000000000000000000, 0.000000000000000000 ) ) ;
#1548 = EDGE_CURVE ( 'NONE', #24, #2082, #482, .T. ) ;
#1549 = ADVANCED_FACE ( 'NONE', ( #1288 ), #2926, .F. ) ;
#1550 = ORIENTED_EDGE ( 'NONE', *, *, #1379, .F. ) ;
#1551 = DIRECTION ( 'NONE',  ( -0.000000000000000000, 1.000000000000000000, -0.000000000000000000 ) ) ;
#1552 = DIRECTION ( 'NONE',  ( 0.000000000000000000, 0.000000000000000000, 1.000000000000000000 ) ) ;
#1553 = EDGE_LOOP ( 'NONE', ( #1502, #1924, #3136, #2508 ) ) ;
#1554 = FACE_OUTER_BOUND ( 'NONE', #1055, .T. ) ;
#1555 = LINE ( 'NONE', #2113, #2871 ) ;
#1556 = VERTEX_POINT ( 'NONE', #25 ) ;
#1557 = ORIENTED_EDGE ( 'NONE', *, *, #612, .T. ) ;
#1558 = DIRECTION ( 'NONE',  ( 0.000000000000000000, 0.000000000000000000, 1.000000000000000000 ) ) ;
#1559 = CARTESIAN_POINT ( 'NONE',  ( 249.2399999999998386, -1.199999999999999956, -315.0000000000005684 ) ) ;
#1560 = FACE_OUTER_BOUND ( 'NONE', #2252, .T. ) ;
#1561 = VECTOR ( 'NONE', #1068, 1000.000000000000000 ) ;
#1562 = EDGE_LOOP ( 'NONE', ( #1669, #923 ) ) ;
#1563 = EDGE_CURVE ( 'NONE', #1619, #820, #2139, .T. ) ;
#1564 = DIRECTION ( 'NONE',  ( 3.700743415417322049E-14, 1.000000000000000000, 0.000000000000000000 ) ) ;
#1565 = EDGE_CURVE ( 'NONE', #582, #1178, #1878, .T. ) ;
#1566 = CIRCLE ( 'NONE', #3176, 1.900000000000012790 ) ;
#1567 = CARTESIAN_POINT ( 'NONE',  ( 249.2399999999998386, -1.199999999999999956, -316.9000000000005457 ) ) ;
#1568 = ORIENTED_EDGE ( 'NONE', *, *, #2058, .T. ) ;
#1569 = AXIS2_PLACEMENT_3D ( 'NONE', #2226, #2721, #2212 ) ;
#1570 = CARTESIAN_POINT ( 'NONE',  ( 249.2399999999998386, 0.000000000000000000, 175.0000000000000568 ) ) ;
#1571 = CARTESIAN_POINT ( 'NONE',  ( -249.2399999999999238, 0.000000000000000000, 348.0000000000000000 ) ) ;
#1572 = AXIS2_PLACEMENT_3D ( 'NONE', #1750, #520, #1507 ) ;
#1573 = VERTEX_POINT ( 'NONE', #3211 ) ;
#1574 = ORIENTED_EDGE ( 'NONE', *, *, #479, .F. ) ;
#1575 = VECTOR ( 'NONE', #2744, 1000.000000000000000 ) ;
#1576 = CONICAL_SURFACE ( 'NONE', #1414, 3.000000000000002665, 0.7853981633974447263 ) ;
#1577 = ORIENTED_EDGE ( 'NONE', *, *, #2335, .T. ) ;
#1578 = VECTOR ( 'NONE', #2027, 1000.000000000000000 ) ;
#1579 = DIRECTION ( 'NONE',  ( 0.000000000000000000, 0.000000000000000000, 1.000000000000000000 ) ) ;
#1580 =( LENGTH_UNIT ( ) NAMED_UNIT ( * ) SI_UNIT ( .MILLI., .METRE. ) );
#1581 = PLANE ( 'NONE',  #2251 ) ;
#1582 = AXIS2_PLACEMENT_3D ( 'NONE', #1079, #2081, #1323 ) ;
#1583 = CARTESIAN_POINT ( 'NONE',  ( -249.2399999999999238, 0.000000000000000000, 175.0000000000000568 ) ) ;
#1584 = ORIENTED_EDGE ( 'NONE', *, *, #1031, .F. ) ;
#1585 = AXIS2_PLACEMENT_3D ( 'NONE', #1333, #1594, #3031 ) ;
#1586 = CARTESIAN_POINT ( 'NONE',  ( -249.2399999999999238, 0.000000000000000000, 175.0000000000000568 ) ) ;
#1587 = CYLINDRICAL_SURFACE ( 'NONE', #228, 1.900000000000012790 ) ;
#1588 = EDGE_CURVE ( 'NONE', #1873, #2570, #514, .T. ) ;
#1589 = VERTEX_POINT ( 'NONE', #1032 ) ;
#1590 = ADVANCED_FACE ( 'NONE', ( #285 ), #1315, .F. ) ;
#1591 = VERTEX_POINT ( 'NONE', #1019 ) ;
#1592 = ORIENTED_EDGE ( 'NONE', *, *, #2360, .T. ) ;
#1593 = CARTESIAN_POINT ( 'NONE',  ( -200.0000000000000568, -1.199999999999999956, -450.4000000000000909 ) ) ;
#1594 = DIRECTION ( 'NONE',  ( 0.000000000000000000, 2.891205793294675861E-16, -1.000000000000000000 ) ) ;
#1595 = DIRECTION ( 'NONE',  ( -0.000000000000000000, 1.000000000000000000, -0.000000000000000000 ) ) ;
#1596 = DIRECTION ( 'NONE',  ( -0.000000000000000000, 0.000000000000000000, -1.000000000000000000 ) ) ;
#1597 = DIRECTION ( 'NONE',  ( -0.000000000000000000, -1.000000000000000000, -0.000000000000000000 ) ) ;
#1598 = ORIENTED_EDGE ( 'NONE', *, *, #2818, .F. ) ;
#1599 = DIRECTION ( 'NONE',  ( 0.000000000000000000, 0.000000000000000000, 1.000000000000000000 ) ) ;
#1600 = DIRECTION ( 'NONE',  ( -0.000000000000000000, 1.000000000000000000, -0.000000000000000000 ) ) ;
#1601 = VERTEX_POINT ( 'NONE', #2278 ) ;
#1602 = ORIENTED_EDGE ( 'NONE', *, *, #77, .F. ) ;
#1603 = EDGE_CURVE ( 'NONE', #1710, #425, #2003, .T. ) ;
#1604 = EDGE_CURVE ( 'NONE', #396, #1536, #2192, .T. ) ;
#1605 = ORIENTED_EDGE ( 'NONE', *, *, #135, .F. ) ;
#1606 = LINE ( 'NONE', #191, #2730 ) ;
#1607 = DIRECTION ( 'NONE',  ( -0.000000000000000000, 1.000000000000000000, -0.000000000000000000 ) ) ;
#1608 = PLANE ( 'NONE',  #491 ) ;
#1609 = DIRECTION ( 'NONE',  ( -0.000000000000000000, 1.000000000000000000, -0.000000000000000000 ) ) ;
#1610 = AXIS2_PLACEMENT_3D ( 'NONE', #2548, #289, #2534 ) ;
#1611 = ORIENTED_EDGE ( 'NONE', *, *, #829, .T. ) ;
#1612 = CIRCLE ( 'NONE', #106, 1.900000000000012790 ) ;
#1613 = DIRECTION ( 'NONE',  ( 1.000000000000000000, 0.000000000000000000, -1.254489293361759076E-16 ) ) ;
#1614 = CARTESIAN_POINT ( 'NONE',  ( 200.0000000000001705, 0.000000000000000000, 445.5000000000000568 ) ) ;
#1615 = VECTOR ( 'NONE', #145, 1000.000000000000000 ) ;
#1616 = VERTEX_POINT ( 'NONE', #546 ) ;
#1617 = ORIENTED_EDGE ( 'NONE', *, *, #409, .T. ) ;
#1618 = VECTOR ( 'NONE', #319, 1000.000000000000000 ) ;
#1619 = VERTEX_POINT ( 'NONE', #3005 ) ;
#1620 = ORIENTED_EDGE ( 'NONE', *, *, #971, .F. ) ;
#1621 = CIRCLE ( 'NONE', #1056, 1.900000000000012790 ) ;
#1622 = EDGE_CURVE ( 'NONE', #1331, #649, #2248, .T. ) ;
#1623 = CARTESIAN_POINT ( 'NONE',  ( -1.035429052439861324E-11, 0.000000000000000000, 442.9999999999938041 ) ) ;
#1624 = LINE ( 'NONE', #2880, #2311 ) ;
#1625 = CARTESIAN_POINT ( 'NONE',  ( -180.0000000000000000, 0.000000000000000000, 14.16192023000044209 ) ) ;
#1626 = EDGE_CURVE ( 'NONE', #91, #3132, #1521, .T. ) ;
#1627 = EDGE_CURVE ( 'NONE', #1296, #938, #536, .T. ) ;
#1628 = AXIS2_PLACEMENT_3D ( 'NONE', #2754, #1, #2458 ) ;
#1629 = CARTESIAN_POINT ( 'NONE',  ( 5.174678793551554786E-14, -1.199999999999999956, -448.5000000000000568 ) ) ;
#1630 = VECTOR ( 'NONE', #2347, 1000.000000000000000 ) ;
#1631 = ORIENTED_EDGE ( 'NONE', *, *, #239, .T. ) ;
#1632 = VECTOR ( 'NONE', #1223, 1000.000000000000000 ) ;
#1633 = DIRECTION ( 'NONE',  ( 0.000000000000000000, -1.000000000000000000, -2.891205793294675861E-16 ) ) ;
#1634 = LINE ( 'NONE', #2085, #1110 ) ;
#1635 = CIRCLE ( 'NONE', #2048, 1.900000000000012790 ) ;
#1636 = EDGE_LOOP ( 'NONE', ( #2472, #879 ) ) ;
#1637 = ORIENTED_EDGE ( 'NONE', *, *, #2277, .T. ) ;
#1638 = EDGE_LOOP ( 'NONE', ( #2687, #156, #1732, #280 ) ) ;
#1639 = EDGE_LOOP ( 'NONE', ( #922, #2272, #243, #3049 ) ) ;
#1640 = DIRECTION ( 'NONE',  ( 0.000000000000000000, 0.7071067811865500152, 0.7071067811865450192 ) ) ;
#1641 = DIRECTION ( 'NONE',  ( -0.000000000000000000, 1.000000000000000000, -0.000000000000000000 ) ) ;
#1642 = CARTESIAN_POINT ( 'NONE',  ( 180.0000000000000000, 0.000000000000000000, 12.26192023000044351 ) ) ;
#1643 = CARTESIAN_POINT ( 'NONE',  ( -249.2399999999999238, 0.000000000000000000, -21.89999999999973923 ) ) ;
#1644 = ADVANCED_FACE ( 'NONE', ( #1966 ), #2267, .F. ) ;
#1645 = EDGE_CURVE ( 'NONE', #2715, #2467, #1358, .T. ) ;
#1646 = ORIENTED_EDGE ( 'NONE', *, *, #2764, .F. ) ;
#1647 = CARTESIAN_POINT ( 'NONE',  ( 5.197947082735354717E-14, 0.000000000000000000, -450.4000000000000909 ) ) ;
#1648 = FACE_OUTER_BOUND ( 'NONE', #1439, .T. ) ;
#1649 = ORIENTED_EDGE ( 'NONE', *, *, #2585, .T. ) ;
#1650 = DIRECTION ( 'NONE',  ( 0.000000000000000000, 0.000000000000000000, 1.000000000000000000 ) ) ;
#1651 = CARTESIAN_POINT ( 'NONE',  ( 200.0000000000001705, -1.199999999999999956, 450.4000000000000909 ) ) ;
#1652 = ORIENTED_EDGE ( 'NONE', *, *, #2763, .F. ) ;
#1653 = ORIENTED_EDGE ( 'NONE', *, *, #3138, .F. ) ;
#1654 = LINE ( 'NONE', #2651, #2569 ) ;
#1655 = DIRECTION ( 'NONE',  ( 0.000000000000000000, 0.000000000000000000, 1.000000000000000000 ) ) ;
#1656 = DIRECTION ( 'NONE',  ( 8.659560562354902043E-17, 0.7071067811865500152, -0.7071067811865450192 ) ) ;
#1657 = LINE ( 'NONE', #1901, #115 ) ;
#1658 = EDGE_LOOP ( 'NONE', ( #1017, #2367, #2823, #1006 ) ) ;
#1659 = PRODUCT_RELATED_PRODUCT_CATEGORY ( 'part', '', ( #3089 ) ) ;
#1660 = EDGE_CURVE ( 'NONE', #686, #485, #795, .T. ) ;
#1661 = CARTESIAN_POINT ( 'NONE',  ( -259.9499999999999886, -1.199999999999830980, -442.4999999999998863 ) ) ;
#1662 = AXIS2_PLACEMENT_3D ( 'NONE', #2332, #104, #1650 ) ;
#1663 = FACE_OUTER_BOUND ( 'NONE', #1273, .T. ) ;
#1664 = ORIENTED_EDGE ( 'NONE', *, *, #954, .F. ) ;
#1665 = CARTESIAN_POINT ( 'NONE',  ( 180.0000000000000000, 0.000000000000000000, 10.36192023000044493 ) ) ;
#1666 = VECTOR ( 'NONE', #1449, 1000.000000000000000 ) ;
#1667 = FACE_BOUND ( 'NONE', #2742, .T. ) ;
#1668 = VECTOR ( 'NONE', #1232, 1000.000000000000000 ) ;
#1669 = ORIENTED_EDGE ( 'NONE', *, *, #2117, .T. ) ;
#1670 = ORIENTED_EDGE ( 'NONE', *, *, #538, .F. ) ;
#1671 = VECTOR ( 'NONE', #203, 1000.000000000000000 ) ;
#1672 = LINE ( 'NONE', #3220, #1478 ) ;
#1673 = DIRECTION ( 'NONE',  ( -0.000000000000000000, 1.000000000000000000, -0.000000000000000000 ) ) ;
#1674 = DIRECTION ( 'NONE',  ( 0.000000000000000000, 0.000000000000000000, 1.000000000000000000 ) ) ;
#1675 = VECTOR ( 'NONE', #3148, 1000.000000000000000 ) ;
#1676 = DIRECTION ( 'NONE',  ( 1.254489293361759076E-16, 6.272446466808796611E-17, 1.000000000000000000 ) ) ;
#1677 = CIRCLE ( 'NONE', #797, 1.900000000000012790 ) ;
#1678 = ORIENTED_EDGE ( 'NONE', *, *, #774, .F. ) ;
#1679 = CARTESIAN_POINT ( 'NONE',  ( -249.2399999999999238, 0.000000000000000000, -313.1000000000005343 ) ) ;
#1680 = AXIS2_PLACEMENT_3D ( 'NONE', #1998, #1981, #229 ) ;
#1681 = CARTESIAN_POINT ( 'NONE',  ( -259.6249999999999432, -1.199999999999999956, 454.9999999999999432 ) ) ;
#1682 = EDGE_LOOP ( 'NONE', ( #1277, #2287, #2377, #183 ) ) ;
#1683 = DIRECTION ( 'NONE',  ( -0.000000000000000000, 1.000000000000000000, -0.000000000000000000 ) ) ;
#1684 = VECTOR ( 'NONE', #1370, 1000.000000000000000 ) ;
#1685 = FACE_BOUND ( 'NONE', #1450, .T. ) ;
#1686 = EDGE_CURVE ( 'NONE', #2417, #2399, #329, .T. ) ;
#1687 = ADVANCED_FACE ( 'NONE', ( #2249 ), #2479, .T. ) ;
#1688 = ORIENTED_EDGE ( 'NONE', *, *, #718, .F. ) ;
#1689 = EDGE_LOOP ( 'NONE', ( #2783, #974 ) ) ;
#1690 = DIRECTION ( 'NONE',  ( -1.254489293361759076E-16, 0.000000000000000000, -1.000000000000000000 ) ) ;
#1691 = FACE_OUTER_BOUND ( 'NONE', #1952, .T. ) ;
#1692 = CARTESIAN_POINT ( 'NONE',  ( 249.2399999999998386, 0.000000000000000000, -315.0000000000005684 ) ) ;
#1693 = FACE_OUTER_BOUND ( 'NONE', #2431, .T. ) ;
#1694 = DIRECTION ( 'NONE',  ( -1.000000000000000000, 0.000000000000000000, 0.000000000000000000 ) ) ;
#1695 = ORIENTED_EDGE ( 'NONE', *, *, #1169, .T. ) ;
#1696 = DIRECTION ( 'NONE',  ( 0.000000000000000000, 1.000000000000000000, 0.000000000000000000 ) ) ;
#1697 = DIRECTION ( 'NONE',  ( -0.000000000000000000, 1.000000000000000000, -0.000000000000000000 ) ) ;
#1698 = ORIENTED_EDGE ( 'NONE', *, *, #1686, .T. ) ;
#1699 = CARTESIAN_POINT ( 'NONE',  ( 249.2399999999998386, -1.199999999999999956, 173.1000000000000227 ) ) ;
#1700 = DIRECTION ( 'NONE',  ( -0.000000000000000000, 1.000000000000000000, -0.000000000000000000 ) ) ;
#1701 = ORIENTED_EDGE ( 'NONE', *, *, #254, .T. ) ;
#1702 = ORIENTED_EDGE ( 'NONE', *, *, #1493, .F. ) ;
#1703 = ADVANCED_FACE ( 'NONE', ( #1347 ), #1473, .F. ) ;
#1704 = EDGE_CURVE ( 'NONE', #2907, #2775, #359, .T. ) ;
#1705 = DIRECTION ( 'NONE',  ( -0.000000000000000000, 1.000000000000000000, -0.000000000000000000 ) ) ;
#1706 = CARTESIAN_POINT ( 'NONE',  ( -259.9499999999999318, -2.699999999999980194, 442.4999999999997726 ) ) ;
#1707 = CARTESIAN_POINT ( 'NONE',  ( 200.0000000000001705, 0.000000000000000000, -451.5000000000000568 ) ) ;
#1708 = FACE_OUTER_BOUND ( 'NONE', #916, .T. ) ;
#1709 = CARTESIAN_POINT ( 'NONE',  ( 249.2399999999998386, 0.000000000000000000, -19.99999999999974065 ) ) ;
#1710 = VERTEX_POINT ( 'NONE', #588 ) ;
#1711 = CARTESIAN_POINT ( 'NONE',  ( 200.0000000000001705, 0.000000000000000000, -448.5000000000000568 ) ) ;
#1712 = CARTESIAN_POINT ( 'NONE',  ( -258.0249999999999773, 0.000000000000000000, 454.9999999999999432 ) ) ;
#1713 = ORIENTED_EDGE ( 'NONE', *, *, #3216, .F. ) ;
#1714 = CARTESIAN_POINT ( 'NONE',  ( -257.2500000000000568, -1.200000000000079003, 442.4999999999997726 ) ) ;
#1715 = DIRECTION ( 'NONE',  ( 0.000000000000000000, 0.000000000000000000, 1.000000000000000000 ) ) ;
#1716 = VECTOR ( 'NONE', #1969, 1000.000000000000000 ) ;
#1717 = EDGE_LOOP ( 'NONE', ( #2693, #2842, #2378, #454 ) ) ;
#1718 = EDGE_LOOP ( 'NONE', ( #824, #1381 ) ) ;
#1719 = CONICAL_SURFACE ( 'NONE', #995, 3.000000000000002665, 0.7853981633974447263 ) ;
#1720 = FACE_OUTER_BOUND ( 'NONE', #2223, .T. ) ;
#1721 = LINE ( 'NONE', #2965, #1668 ) ;
#1722 = EDGE_CURVE ( 'NONE', #91, #2903, #2313, .T. ) ;
#1723 = AXIS2_PLACEMENT_3D ( 'NONE', #2881, #892, #653 ) ;
#1724 = AXIS2_PLACEMENT_3D ( 'NONE', #1570, #117, #880 ) ;
#1725 = LINE ( 'NONE', #2727, #1666 ) ;
#1726 = EDGE_CURVE ( 'NONE', #2002, #3033, #2079, .T. ) ;
#1727 = EDGE_CURVE ( 'NONE', #257, #1181, #1793, .T. ) ;
#1728 = ORIENTED_EDGE ( 'NONE', *, *, #713, .T. ) ;
#1729 = VECTOR ( 'NONE', #2442, 1000.000000000000000 ) ;
#1730 = CARTESIAN_POINT ( 'NONE',  ( -249.2399999999999238, -1.199999999999999956, 175.0000000000000568 ) ) ;
#1731 = CARTESIAN_POINT ( 'NONE',  ( 200.0000000000001705, -1.099999999999997646, -448.5000000000000568 ) ) ;
#1732 = ORIENTED_EDGE ( 'NONE', *, *, #592, .T. ) ;
#1733 = CARTESIAN_POINT ( 'NONE',  ( 200.0000000000001705, 0.000000000000000000, 451.5000000000000568 ) ) ;
#1734 = FACE_OUTER_BOUND ( 'NONE', #1306, .T. ) ;
#1735 = CIRCLE ( 'NONE', #2991, 3.000000000000002665 ) ;
#1736 = VERTEX_POINT ( 'NONE', #2050 ) ;
#1737 = VERTEX_POINT ( 'NONE', #831 ) ;
#1738 = AXIS2_PLACEMENT_3D ( 'NONE', #1472, #1697, #2888 ) ;
#1739 = CARTESIAN_POINT ( 'NONE',  ( -249.2399999999999238, -1.199999999999999956, -19.99999999999974065 ) ) ;
#1740 = LINE ( 'NONE', #278, #1516 ) ;
#1741 = CARTESIAN_POINT ( 'NONE',  ( -259.6249999999999432, -1.199999999999999956, 442.9999999999997158 ) ) ;
#1742 = FACE_OUTER_BOUND ( 'NONE', #1638, .T. ) ;
#1743 = ORIENTED_EDGE ( 'NONE', *, *, #1604, .F. ) ;
#1744 = ADVANCED_FACE ( 'NONE', ( #2293 ), #2606, .F. ) ;
#1745 = DIRECTION ( 'NONE',  ( -0.000000000000000000, 1.000000000000000000, -0.000000000000000000 ) ) ;
#1746 = ADVANCED_FACE ( 'NONE', ( #377 ), #690, .F. ) ;
#1747 = LINE ( 'NONE', #1289, #2522 ) ;
#1748 = VERTEX_POINT ( 'NONE', #1064 ) ;
#1749 = CARTESIAN_POINT ( 'NONE',  ( -258.0249999999999773, -1.199999999999999956, 454.9999999999999432 ) ) ;
#1750 = CARTESIAN_POINT ( 'NONE',  ( 257.2500000000000568, -1.200000000000006617, 442.9999999999997726 ) ) ;
#1751 = ORIENTED_EDGE ( 'NONE', *, *, #2296, .F. ) ;
#1752 = EDGE_LOOP ( 'NONE', ( #147, #1024, #930, #669 ) ) ;
#1753 = DIRECTION ( 'NONE',  ( 1.000000000000000000, 0.000000000000000000, -8.944941272677273936E-32 ) ) ;
#1754 = DIRECTION ( 'NONE',  ( 0.000000000000000000, 0.000000000000000000, 1.000000000000000000 ) ) ;
#1755 = LINE ( 'NONE', #1951, #2501 ) ;
#1756 = ORIENTED_EDGE ( 'NONE', *, *, #1626, .T. ) ;
#1757 = DIRECTION ( 'NONE',  ( 0.000000000000000000, 0.000000000000000000, 1.000000000000000000 ) ) ;
#1758 = DIRECTION ( 'NONE',  ( 0.000000000000000000, 0.000000000000000000, 1.000000000000000000 ) ) ;
#1759 = ORIENTED_EDGE ( 'NONE', *, *, #3200, .T. ) ;
#1760 = EDGE_CURVE ( 'NONE', #985, #2302, #863, .T. ) ;
#1761 = LINE ( 'NONE', #2776, #2911 ) ;
#1762 = CARTESIAN_POINT ( 'NONE',  ( -249.2399999999999238, -1.099999999999997646, 346.8999999999999773 ) ) ;
#1763 = EDGE_CURVE ( 'NONE', #2116, #1190, #85, .T. ) ;
#1764 = ORIENTED_EDGE ( 'NONE', *, *, #2843, .F. ) ;
#1765 = ORIENTED_EDGE ( 'NONE', *, *, #912, .F. ) ;
#1766 = AXIS2_PLACEMENT_3D ( 'NONE', #73, #3053, #2298 ) ;
#1767 = FACE_BOUND ( 'NONE', #167, .T. ) ;
#1768 = AXIS2_PLACEMENT_3D ( 'NONE', #1709, #496, #1486 ) ;
#1769 = CARTESIAN_POINT ( 'NONE',  ( -258.0250000000000341, -1.199999999999999956, -453.4000000000000909 ) ) ;
#1770 =( NAMED_UNIT ( * ) PLANE_ANGLE_UNIT ( ) SI_UNIT ( $, .RADIAN. ) );
#1771 = CIRCLE ( 'NONE', #2449, 1.900000000000012790 ) ;
#1772 = ORIENTED_EDGE ( 'NONE', *, *, #1627, .T. ) ;
#1773 = AXIS2_PLACEMENT_3D ( 'NONE', #822, #2346, #2362 ) ;
#1774 = DIRECTION ( 'NONE',  ( 0.000000000000000000, 0.000000000000000000, -1.000000000000000000 ) ) ;
#1775 = CARTESIAN_POINT ( 'NONE',  ( -259.9499999999999886, -9.000000000000001776, -442.4999999999998863 ) ) ;
#1776 = AXIS2_PLACEMENT_3D ( 'NONE', #2869, #2694, #1416 ) ;
#1777 = ORIENTED_EDGE ( 'NONE', *, *, #2176, .F. ) ;
#1778 = CARTESIAN_POINT ( 'NONE',  ( 258.0250000000000909, 0.000000000000000000, 454.9999999999999432 ) ) ;
#1779 = DIRECTION ( 'NONE',  ( -0.000000000000000000, 1.000000000000000000, -0.000000000000000000 ) ) ;
#1780 = CONICAL_SURFACE ( 'NONE', #540, 3.000000000000002665, 0.7853981633974447263 ) ;
#1781 = ORIENTED_EDGE ( 'NONE', *, *, #210, .T. ) ;
#1782 = ORIENTED_EDGE ( 'NONE', *, *, #518, .F. ) ;
#1783 = CONICAL_SURFACE ( 'NONE', #2405, 3.000000000000002665, 0.7853981633974498333 ) ;
#1784 = EDGE_CURVE ( 'NONE', #2417, #1710, #606, .T. ) ;
#1785 = ADVANCED_FACE ( 'NONE', ( #1819 ), #1608, .F. ) ;
#1786 = AXIS2_PLACEMENT_3D ( 'NONE', #874, #2352, #403 ) ;
#1787 = VECTOR ( 'NONE', #86, 1000.000000000000000 ) ;
#1788 = DIRECTION ( 'NONE',  ( 0.000000000000000000, 1.000000000000000000, 0.000000000000000000 ) ) ;
#1789 = CYLINDRICAL_SURFACE ( 'NONE', #1371, 1.900000000000012790 ) ;
#1790 = DIRECTION ( 'NONE',  ( 0.000000000000000000, 0.7071067811865464625, 0.7071067811865486830 ) ) ;
#1791 = AXIS2_PLACEMENT_3D ( 'NONE', #3123, #2369, #635 ) ;
#1792 = EDGE_LOOP ( 'NONE', ( #869, #903, #3085, #1925 ) ) ;
#1793 = LINE ( 'NONE', #1335, #3133 ) ;
#1794 = DIRECTION ( 'NONE',  ( 0.000000000000000000, 0.000000000000000000, 1.000000000000000000 ) ) ;
#1795 = ORIENTED_EDGE ( 'NONE', *, *, #478, .F. ) ;
#1796 = FACE_OUTER_BOUND ( 'NONE', #1067, .T. ) ;
#1797 = CARTESIAN_POINT ( 'NONE',  ( -200.0000000000000568, -1.099999999999997646, -448.5000000000000568 ) ) ;
#1798 = EDGE_LOOP ( 'NONE', ( #401, #367, #529, #1781 ) ) ;
#1799 = EDGE_LOOP ( 'NONE', ( #198, #554 ) ) ;
#1800 = ADVANCED_FACE ( 'NONE', ( #2790 ), #330, .F. ) ;
#1801 = ADVANCED_FACE ( 'NONE', ( #1044 ), #2543, .F. ) ;
#1802 = DIRECTION ( 'NONE',  ( 8.659560562354902043E-17, 0.7071067811865500152, -0.7071067811865450192 ) ) ;
#1803 = DIRECTION ( 'NONE',  ( 1.220025301785886411E-16, 0.000000000000000000, 1.000000000000000000 ) ) ;
#1804 = ORIENTED_EDGE ( 'NONE', *, *, #2856, .F. ) ;
#1805 = CARTESIAN_POINT ( 'NONE',  ( 249.2399999999998386, 0.000000000000000000, 175.0000000000000568 ) ) ;
#1806 = FACE_BOUND ( 'NONE', #1848, .T. ) ;
#1807 = VERTEX_POINT ( 'NONE', #2065 ) ;
#1808 = LINE ( 'NONE', #3038, #2073 ) ;
#1809 = PLANE ( 'NONE',  #2456 ) ;
#1810 = CARTESIAN_POINT ( 'NONE',  ( 257.2500000000000000, -2.699999999999952216, 442.4999999999997726 ) ) ;
#1811 = ORIENTED_EDGE ( 'NONE', *, *, #1509, .T. ) ;
#1812 = ORIENTED_EDGE ( 'NONE', *, *, #1822, .T. ) ;
#1813 = CIRCLE ( 'NONE', #3172, 1.900000000000012790 ) ;
#1814 = CARTESIAN_POINT ( 'NONE',  ( -257.2500000000000568, -1.200000000000079003, 442.9999999999997726 ) ) ;
#1815 = PLANE ( 'NONE',  #758 ) ;
#1816 = ADVANCED_FACE ( 'NONE', ( #3063 ), #1581, .T. ) ;
#1817 = DIRECTION ( 'NONE',  ( -0.000000000000000000, 1.000000000000000000, -0.000000000000000000 ) ) ;
#1818 = CIRCLE ( 'NONE', #1093, 3.000000000000002665 ) ;
#1819 = FACE_OUTER_BOUND ( 'NONE', #223, .T. ) ;
#1820 = VECTOR ( 'NONE', #1977, 1000.000000000000000 ) ;
#1821 = DIRECTION ( 'NONE',  ( 0.000000000000000000, 1.000000000000000000, 0.000000000000000000 ) ) ;
#1822 = EDGE_CURVE ( 'NONE', #2993, #1846, #1832, .T. ) ;
#1823 = EDGE_CURVE ( 'NONE', #1126, #140, #2385, .T. ) ;
#1824 = ORIENTED_EDGE ( 'NONE', *, *, #2898, .T. ) ;
#1825 = AXIS2_PLACEMENT_3D ( 'NONE', #1692, #1976, #509 ) ;
#1826 = DIRECTION ( 'NONE',  ( 0.000000000000000000, 0.000000000000000000, 1.000000000000000000 ) ) ;
#1827 = CARTESIAN_POINT ( 'NONE',  ( 5.174678793551554786E-14, 0.000000000000000000, -445.5000000000000568 ) ) ;
#1828 = CONICAL_SURFACE ( 'NONE', #1099, 3.000000000000002665, 0.7853981633974447263 ) ;
#1829 = ORIENTED_EDGE ( 'NONE', *, *, #1186, .F. ) ;
#1830 = ORIENTED_EDGE ( 'NONE', *, *, #1446, .T. ) ;
#1831 = VECTOR ( 'NONE', #2679, 1000.000000000000000 ) ;
#1832 = CIRCLE ( 'NONE', #1525, 1.900000000000012790 ) ;
#1833 = VECTOR ( 'NONE', #3169, 1000.000000000000000 ) ;
#1834 = DIRECTION ( 'NONE',  ( 0.000000000000000000, 1.000000000000000000, 7.116814260417663780E-15 ) ) ;
#1835 = CARTESIAN_POINT ( 'NONE',  ( 259.9499999999999886, -1.199999999999940892, 442.4999999999998295 ) ) ;
#1836 = CARTESIAN_POINT ( 'NONE',  ( -249.2399999999999238, -1.199999999999999956, 176.9000000000000625 ) ) ;
#1837 = VECTOR ( 'NONE', #1640, 1000.000000000000000 ) ;
#1838 = DIRECTION ( 'NONE',  ( 8.659560562354902043E-17, 0.7071067811865500152, -0.7071067811865450192 ) ) ;
#1839 = VECTOR ( 'NONE', #483, 1000.000000000000000 ) ;
#1840 = FACE_BOUND ( 'NONE', #1133, .T. ) ;
#1841 = EDGE_LOOP ( 'NONE', ( #563, #3043, #311, #124 ) ) ;
#1842 = EDGE_CURVE ( 'NONE', #872, #2002, #2723, .T. ) ;
#1843 = ADVANCED_FACE ( 'NONE', ( #1693 ), #1780, .F. ) ;
#1844 = CARTESIAN_POINT ( 'NONE',  ( -249.2399999999999238, 0.000000000000000000, 175.0000000000000568 ) ) ;
#1845 = CARTESIAN_POINT ( 'NONE',  ( -180.0000000000000000, 0.000000000000000000, 12.26192023000044351 ) ) ;
#1846 = VERTEX_POINT ( 'NONE', #2110 ) ;
#1847 = CARTESIAN_POINT ( 'NONE',  ( 259.9499999999999886, -9.000000000000001776, 442.4999999999998295 ) ) ;
#1848 = EDGE_LOOP ( 'NONE', ( #1415, #1756 ) ) ;
#1849 = DIRECTION ( 'NONE',  ( 0.000000000000000000, 0.000000000000000000, 1.000000000000000000 ) ) ;
#1850 = FACE_OUTER_BOUND ( 'NONE', #1752, .T. ) ;
#1851 = CARTESIAN_POINT ( 'NONE',  ( 249.2399999999998386, -1.099999999999997646, 344.9999999999999432 ) ) ;
#1852 = DIRECTION ( 'NONE',  ( 0.000000000000000000, 0.000000000000000000, 1.000000000000000000 ) ) ;
#1853 = EDGE_LOOP ( 'NONE', ( #293, #1281, #2716, #2904 ) ) ;
#1854 = DIRECTION ( 'NONE',  ( -0.000000000000000000, 1.000000000000000000, -0.000000000000000000 ) ) ;
#1855 = DIRECTION ( 'NONE',  ( 1.000000000000000000, 0.000000000000000000, -2.280960024532598251E-30 ) ) ;
#1856 = EDGE_CURVE ( 'NONE', #1442, #1458, #3188, .T. ) ;
#1857 = ADVANCED_FACE ( 'NONE', ( #2655 ), #748, .F. ) ;
#1858 = ORIENTED_EDGE ( 'NONE', *, *, #57, .F. ) ;
#1859 = LINE ( 'NONE', #1400, #990 ) ;
#1860 = ADVANCED_FACE ( 'NONE', ( #639 ), #459, .T. ) ;
#1861 = ORIENTED_EDGE ( 'NONE', *, *, #870, .F. ) ;
#1862 = VERTEX_POINT ( 'NONE', #2933 ) ;
#1863 = LINE ( 'NONE', #1153, #2200 ) ;
#1864 = DIRECTION ( 'NONE',  ( -0.000000000000000000, 1.000000000000000000, -0.000000000000000000 ) ) ;
#1865 = DIRECTION ( 'NONE',  ( -0.000000000000000000, 1.000000000000000000, -0.000000000000000000 ) ) ;
#1866 = DIRECTION ( 'NONE',  ( 1.000000000000000000, 0.000000000000000000, -1.220025301785886411E-16 ) ) ;
#1867 = DIRECTION ( 'NONE',  ( 0.000000000000000000, 0.000000000000000000, 1.000000000000000000 ) ) ;
#1868 = VERTEX_POINT ( 'NONE', #3173 ) ;
#1869 = CIRCLE ( 'NONE', #835, 1.900000000000012790 ) ;
#1870 = LINE ( 'NONE', #1191, #1675 ) ;
#1871 = CYLINDRICAL_SURFACE ( 'NONE', #2306, 2.699999999999924682 ) ;
#1872 = CIRCLE ( 'NONE', #2866, 1.900000000000012790 ) ;
#1873 = VERTEX_POINT ( 'NONE', #704 ) ;
#1874 = EDGE_LOOP ( 'NONE', ( #1811, #120, #2728, #1678 ) ) ;
#1875 = AXIS2_PLACEMENT_3D ( 'NONE', #763, #2777, #2255 ) ;
#1876 = ORIENTED_EDGE ( 'NONE', *, *, #3137, .T. ) ;
#1877 = ORIENTED_EDGE ( 'NONE', *, *, #3180, .T. ) ;
#1878 = CIRCLE ( 'NONE', #2669, 1.900000000000012790 ) ;
#1879 = ADVANCED_FACE ( 'NONE', ( #895 ), #1576, .F. ) ;
#1880 = EDGE_CURVE ( 'NONE', #1973, #2936, #2675, .T. ) ;
#1881 = CARTESIAN_POINT ( 'NONE',  ( -258.7499999999999432, -2.699999999999768807, -442.4999999999998863 ) ) ;
#1882 = VECTOR ( 'NONE', #3077, 1000.000000000000000 ) ;
#1883 = CARTESIAN_POINT ( 'NONE',  ( 249.2399999999998386, 0.000000000000000000, -19.99999999999974065 ) ) ;
#1884 = CARTESIAN_POINT ( 'NONE',  ( 200.0000000000001705, 0.000000000000000000, 451.5000000000000568 ) ) ;
#1885 = DIRECTION ( 'NONE',  ( 0.000000000000000000, 1.000000000000000000, 0.000000000000000000 ) ) ;
#1886 = ORIENTED_EDGE ( 'NONE', *, *, #137, .T. ) ;
#1887 = CIRCLE ( 'NONE', #2355, 1.900000000000012790 ) ;
#1888 = DIRECTION ( 'NONE',  ( -0.000000000000000000, 1.000000000000000000, -0.000000000000000000 ) ) ;
#1889 = CARTESIAN_POINT ( 'NONE',  ( 257.2500000000000000, -2.699999999999952216, 442.4999999999997726 ) ) ;
#1890 = AXIS2_PLACEMENT_3D ( 'NONE', #1408, #2689, #891 ) ;
#1891 = EDGE_LOOP ( 'NONE', ( #2609, #1605, #2319, #2647 ) ) ;
#1892 = PLANE ( 'NONE',  #524 ) ;
#1893 = DIRECTION ( 'NONE',  ( -0.000000000000000000, -2.891205793294675861E-16, 1.000000000000000000 ) ) ;
#1894 = ORIENTED_EDGE ( 'NONE', *, *, #478, .T. ) ;
#1895 = ORIENTED_EDGE ( 'NONE', *, *, #1686, .F. ) ;
#1896 = CARTESIAN_POINT ( 'NONE',  ( 5.174678793551554786E-14, 0.000000000000000000, -446.6000000000000796 ) ) ;
#1897 = CARTESIAN_POINT ( 'NONE',  ( -258.0250000000000341, 0.000000000000000000, -453.4000000000000909 ) ) ;
#1898 = DIRECTION ( 'NONE',  ( 0.000000000000000000, 1.000000000000000000, 0.000000000000000000 ) ) ;
#1899 = EDGE_CURVE ( 'NONE', #384, #2634, #3126, .T. ) ;
#1900 = ADVANCED_FACE ( 'NONE', ( #2356 ), #20, .F. ) ;
#1901 = CARTESIAN_POINT ( 'NONE',  ( 259.9499999999999318, -2.699999999999952216, -3.243997304660887185E-14 ) ) ;
#1902 = EDGE_LOOP ( 'NONE', ( #1480, #794, #1235, #361 ) ) ;
#1903 = DIRECTION ( 'NONE',  ( -0.000000000000000000, 1.000000000000000000, -0.000000000000000000 ) ) ;
#1904 = CARTESIAN_POINT ( 'NONE',  ( -249.2399999999999238, 0.000000000000000000, 348.0000000000000000 ) ) ;
#1905 = EDGE_LOOP ( 'NONE', ( #450, #1427 ) ) ;
#1906 = VERTEX_POINT ( 'NONE', #3160 ) ;
#1907 = CARTESIAN_POINT ( 'NONE',  ( 5.197947082735354717E-14, 0.000000000000000000, 446.6000000000000796 ) ) ;
#1908 = ORIENTED_EDGE ( 'NONE', *, *, #1563, .T. ) ;
#1909 = ORIENTED_EDGE ( 'NONE', *, *, #2916, .F. ) ;
#1910 = CARTESIAN_POINT ( 'NONE',  ( 249.2399999999998386, -1.099999999999997646, -19.99999999999974065 ) ) ;
#1911 = DIRECTION ( 'NONE',  ( -0.000000000000000000, 1.000000000000000000, -0.000000000000000000 ) ) ;
#1912 = DIRECTION ( 'NONE',  ( -0.000000000000000000, 1.000000000000000000, -0.000000000000000000 ) ) ;
#1913 = DIRECTION ( 'NONE',  ( 0.000000000000000000, 0.000000000000000000, 1.000000000000000000 ) ) ;
#1914 = EDGE_LOOP ( 'NONE', ( #1297, #2649, #13, #2497 ) ) ;
#1915 = EDGE_CURVE ( 'NONE', #1591, #1737, #2825, .T. ) ;
#1916 = CARTESIAN_POINT ( 'NONE',  ( -259.6250000000000568, 0.000000000000000000, -442.9999999999998863 ) ) ;
#1917 = EDGE_CURVE ( 'NONE', #2052, #1906, #1138, .T. ) ;
#1918 = CARTESIAN_POINT ( 'NONE',  ( -249.2399999999999238, 0.000000000000000000, 175.0000000000000568 ) ) ;
#1919 = ORIENTED_EDGE ( 'NONE', *, *, #3117, .F. ) ;
#1920 = LINE ( 'NONE', #711, #2709 ) ;
#1921 = VECTOR ( 'NONE', #1790, 1000.000000000000000 ) ;
#1922 = CARTESIAN_POINT ( 'NONE',  ( -258.7500000000000568, -2.699999999999813660, -442.4999999999998863 ) ) ;
#1923 = VECTOR ( 'NONE', #2738, 1000.000000000000000 ) ;
#1924 = ORIENTED_EDGE ( 'NONE', *, *, #1085, .T. ) ;
#1925 = ORIENTED_EDGE ( 'NONE', *, *, #2625, .F. ) ;
#1926 = VECTOR ( 'NONE', #2521, 1000.000000000000000 ) ;
#1927 = PLANE ( 'NONE',  #1890 ) ;
#1928 = CARTESIAN_POINT ( 'NONE',  ( -259.6250000000000568, -1.199999999999999956, -455.0000000000000568 ) ) ;
#1929 = AXIS2_PLACEMENT_3D ( 'NONE', #2495, #2463, #1275 ) ;
#1930 = AXIS2_PLACEMENT_3D ( 'NONE', #3144, #196, #914 ) ;
#1931 = DIRECTION ( 'NONE',  ( -1.220025301785886411E-16, 0.000000000000000000, -1.000000000000000000 ) ) ;
#1932 = CARTESIAN_POINT ( 'NONE',  ( -259.6250000000000568, 0.000000000000000000, -455.0000000000000568 ) ) ;
#1933 = AXIS2_PLACEMENT_3D ( 'NONE', #1345, #109, #1102 ) ;
#1934 = EDGE_LOOP ( 'NONE', ( #2927, #2635, #2197, #2156 ) ) ;
#1935 = CARTESIAN_POINT ( 'NONE',  ( 200.0000000000001705, 0.000000000000000000, 448.5000000000000568 ) ) ;
#1936 = AXIS2_PLACEMENT_3D ( 'NONE', #1947, #1705, #2701 ) ;
#1937 = CARTESIAN_POINT ( 'NONE',  ( -249.2399999999999238, -1.199999999999999956, -313.1000000000005343 ) ) ;
#1938 = EDGE_CURVE ( 'NONE', #1589, #302, #2616, .T. ) ;
#1939 = EDGE_LOOP ( 'NONE', ( #591, #958, #90, #809 ) ) ;
#1940 = EDGE_CURVE ( 'NONE', #630, #2232, #2371, .T. ) ;
#1941 = CARTESIAN_POINT ( 'NONE',  ( 200.0000000000001705, 0.000000000000000000, 448.5000000000000568 ) ) ;
#1942 = AXIS2_PLACEMENT_3D ( 'NONE', #2758, #2231, #1046 ) ;
#1943 = FACE_OUTER_BOUND ( 'NONE', #1457, .T. ) ;
#1944 = CIRCLE ( 'NONE', #1219, 1.900000000000012790 ) ;
#1945 = ORIENTED_EDGE ( 'NONE', *, *, #2546, .F. ) ;
#1946 = ORIENTED_EDGE ( 'NONE', *, *, #913, .F. ) ;
#1947 = CARTESIAN_POINT ( 'NONE',  ( -249.2399999999999238, 0.000000000000000000, -19.99999999999974065 ) ) ;
#1948 = DIRECTION ( 'NONE',  ( 0.000000000000000000, 0.000000000000000000, -1.000000000000000000 ) ) ;
#1949 = DIRECTION ( 'NONE',  ( 0.000000000000000000, 0.000000000000000000, 1.000000000000000000 ) ) ;
#1950 = CYLINDRICAL_SURFACE ( 'NONE', #1535, 1.900000000000012790 ) ;
#1951 = CARTESIAN_POINT ( 'NONE',  ( 259.6250000000000568, -1.199999999999999956, 453.4000000000000341 ) ) ;
#1952 = EDGE_LOOP ( 'NONE', ( #1829, #1713, #2164, #34 ) ) ;
#1953 = CARTESIAN_POINT ( 'NONE',  ( 5.174678793551554786E-14, -1.099999999999997646, 448.5000000000000568 ) ) ;
#1954 = LINE ( 'NONE', #2954, #78 ) ;
#1955 = EDGE_LOOP ( 'NONE', ( #2596, #1517 ) ) ;
#1956 = FACE_OUTER_BOUND ( 'NONE', #1914, .T. ) ;
#1957 = DIRECTION ( 'NONE',  ( -0.000000000000000000, 1.000000000000000000, -0.000000000000000000 ) ) ;
#1958 = PRODUCT_DEFINITION ( 'UNKNOWN', '', #2305, #372 ) ;
#1959 = ORIENTED_EDGE ( 'NONE', *, *, #1170, .T. ) ;
#1960 = ORIENTED_EDGE ( 'NONE', *, *, #1054, .T. ) ;
#1961 = ADVANCED_FACE ( 'NONE', ( #406 ), #3034, .F. ) ;
#1962 = EDGE_CURVE ( 'NONE', #2189, #396, #1657, .T. ) ;
#1963 = DIRECTION ( 'NONE',  ( 0.000000000000000000, 1.000000000000000000, 0.000000000000000000 ) ) ;
#1964 = CARTESIAN_POINT ( 'NONE',  ( 249.2399999999998386, -1.199999999999999956, 346.8999999999999204 ) ) ;
#1965 = VERTEX_POINT ( 'NONE', #2912 ) ;
#1966 = FACE_OUTER_BOUND ( 'NONE', #2681, .T. ) ;
#1967 = DIRECTION ( 'NONE',  ( 0.000000000000000000, 0.000000000000000000, 1.000000000000000000 ) ) ;
#1968 = ORIENTED_EDGE ( 'NONE', *, *, #755, .F. ) ;
#1969 = DIRECTION ( 'NONE',  ( 0.000000000000000000, 0.7071067811865500152, 0.7071067811865450192 ) ) ;
#1970 = CARTESIAN_POINT ( 'NONE',  ( 249.2399999999998386, -1.099999999999997646, -21.89999999999975344 ) ) ;
#1971 = VECTOR ( 'NONE', #2873, 1000.000000000000000 ) ;
#1972 = EDGE_LOOP ( 'NONE', ( #2737, #1197, #888, #2875 ) ) ;
#1973 = VERTEX_POINT ( 'NONE', #2175 ) ;
#1974 = AXIS2_PLACEMENT_3D ( 'NONE', #1319, #84, #2275 ) ;
#1975 = APPLICATION_PROTOCOL_DEFINITION ( 'draft international standard', 'automotive_design', 1998, #607 ) ;
#1976 = DIRECTION ( 'NONE',  ( -0.000000000000000000, 1.000000000000000000, -0.000000000000000000 ) ) ;
#1977 = DIRECTION ( 'NONE',  ( 0.000000000000000000, 0.7071067811865500152, 0.7071067811865450192 ) ) ;
#1978 = AXIS2_PLACEMENT_3D ( 'NONE', #1642, #358, #876 ) ;
#1979 = EDGE_CURVE ( 'NONE', #2993, #68, #685, .T. ) ;
#1980 = ADVANCED_FACE ( 'NONE', ( #720 ), #3001, .F. ) ;
#1981 = DIRECTION ( 'NONE',  ( -0.000000000000000000, 1.000000000000000000, -0.000000000000000000 ) ) ;
#1982 = VECTOR ( 'NONE', #46, 1000.000000000000000 ) ;
#1983 = DIRECTION ( 'NONE',  ( 0.000000000000000000, 0.000000000000000000, 1.000000000000000000 ) ) ;
#1984 = ORIENTED_EDGE ( 'NONE', *, *, #195, .F. ) ;
#1985 = AXIS2_PLACEMENT_3D ( 'NONE', #1519, #501, #1757 ) ;
#1986 = DIRECTION ( 'NONE',  ( -0.000000000000000000, 1.000000000000000000, -0.000000000000000000 ) ) ;
#1987 = DIRECTION ( 'NONE',  ( 0.000000000000000000, 0.000000000000000000, 1.000000000000000000 ) ) ;
#1988 = EDGE_LOOP ( 'NONE', ( #3187, #786 ) ) ;
#1989 = LINE ( 'NONE', #2682, #474 ) ;
#1990 = CIRCLE ( 'NONE', #3189, 3.000000000000002665 ) ;
#1991 = CARTESIAN_POINT ( 'NONE',  ( 249.2399999999998386, 0.000000000000000000, 346.8999999999999204 ) ) ;
#1992 = CONICAL_SURFACE ( 'NONE', #1214, 3.000000000000002665, 0.7853981633974447263 ) ;
#1993 = VERTEX_POINT ( 'NONE', #1514 ) ;
#1994 = ORIENTED_EDGE ( 'NONE', *, *, #130, .T. ) ;
#1995 = AXIS2_PLACEMENT_3D ( 'NONE', #2902, #950, #2427 ) ;
#1996 = LINE ( 'NONE', #766, #531 ) ;
#1997 = VECTOR ( 'NONE', #2383, 1000.000000000000000 ) ;
#1998 = CARTESIAN_POINT ( 'NONE',  ( 249.2399999999998386, -1.099999999999997646, -315.0000000000005684 ) ) ;
#1999 = EDGE_CURVE ( 'NONE', #2955, #2171, #2950, .T. ) ;
#2000 = ADVANCED_FACE ( 'NONE', ( #780 ), #2510, .F. ) ;
#2001 = DIRECTION ( 'NONE',  ( 1.220025301785637920E-16, -7.116814260417663780E-15, 1.000000000000000000 ) ) ;
#2002 = VERTEX_POINT ( 'NONE', #977 ) ;
#2003 = LINE ( 'NONE', #2990, #2666 ) ;
#2004 = CARTESIAN_POINT ( 'NONE',  ( 249.2399999999998386, -1.199999999999999956, -18.09999999999972786 ) ) ;
#2005 = ADVANCED_FACE ( 'NONE', ( #523 ), #2227, .T. ) ;
#2006 = VERTEX_POINT ( 'NONE', #767 ) ;
#2007 = FACE_OUTER_BOUND ( 'NONE', #1853, .T. ) ;
#2008 = CARTESIAN_POINT ( 'NONE',  ( -180.0000000000000000, 0.000000000000000000, 12.26192023000044351 ) ) ;
#2009 = EDGE_LOOP ( 'NONE', ( #887, #979, #641, #1375 ) ) ;
#2010 = ORIENTED_EDGE ( 'NONE', *, *, #2527, .T. ) ;
#2011 = CARTESIAN_POINT ( 'NONE',  ( -257.2500000000000568, -1.200000000000079003, 442.9999999999997726 ) ) ;
#2012 = DIRECTION ( 'NONE',  ( 8.659560562354902043E-17, 0.7071067811865500152, -0.7071067811865450192 ) ) ;
#2013 = DIRECTION ( 'NONE',  ( -0.000000000000000000, 1.000000000000000000, -0.000000000000000000 ) ) ;
#2014 = EDGE_LOOP ( 'NONE', ( #3068, #2408, #1313, #567 ) ) ;
#2015 = CARTESIAN_POINT ( 'NONE',  ( 249.2399999999998386, -1.199999999999999956, 175.0000000000000568 ) ) ;
#2016 = DIRECTION ( 'NONE',  ( -0.000000000000000000, 1.000000000000000000, -0.000000000000000000 ) ) ;
#2017 = ORIENTED_EDGE ( 'NONE', *, *, #1207, .T. ) ;
#2018 = DIRECTION ( 'NONE',  ( -0.000000000000000000, 1.000000000000000000, -0.000000000000000000 ) ) ;
#2019 = EDGE_CURVE ( 'NONE', #2779, #140, #955, .T. ) ;
#2020 = ADVANCED_FACE ( 'NONE', ( #1708 ), #2476, .T. ) ;
#2021 = CARTESIAN_POINT ( 'NONE',  ( 200.0000000000001705, 0.000000000000000000, -451.5000000000000568 ) ) ;
#2022 = EDGE_LOOP ( 'NONE', ( #1116, #2592 ) ) ;
#2023 = ORIENTED_EDGE ( 'NONE', *, *, #3097, .T. ) ;
#2024 = CONICAL_SURFACE ( 'NONE', #208, 3.000000000000002665, 0.7853981633974447263 ) ;
#2025 = CIRCLE ( 'NONE', #1459, 1.900000000000012790 ) ;
#2026 = PLANE ( 'NONE',  #1933 ) ;
#2027 = DIRECTION ( 'NONE',  ( -1.254489293361759322E-16, 2.190012978775546041E-31, -1.000000000000000000 ) ) ;
#2028 = DIRECTION ( 'NONE',  ( 0.000000000000000000, 0.000000000000000000, 1.000000000000000000 ) ) ;
#2029 = CIRCLE ( 'NONE', #2975, 3.000000000000002665 ) ;
#2030 = VERTEX_POINT ( 'NONE', #1500 ) ;
#2031 = VECTOR ( 'NONE', #1753, 1000.000000000000000 ) ;
#2032 = DIRECTION ( 'NONE',  ( 1.000000000000000000, -0.000000000000000000, 0.000000000000000000 ) ) ;
#2033 = CARTESIAN_POINT ( 'NONE',  ( -200.0000000000000568, -1.099999999999997646, -446.6000000000000796 ) ) ;
#2034 = AXIS2_PLACEMENT_3D ( 'NONE', #949, #3162, #1383 ) ;
#2035 = ORIENTED_EDGE ( 'NONE', *, *, #171, .F. ) ;
#2036 = DIRECTION ( 'NONE',  ( -1.000000000000000000, -1.460819769243617270E-15, -2.337311630789787632E-14 ) ) ;
#2037 = DIRECTION ( 'NONE',  ( -0.000000000000000000, -2.891205793294675861E-16, 1.000000000000000000 ) ) ;
#2038 = ADVANCED_FACE ( 'NONE', ( #753 ), #2770, .F. ) ;
#2039 = ADVANCED_FACE ( 'NONE', ( #1464 ), #1233, .F. ) ;
#2040 = ORIENTED_EDGE ( 'NONE', *, *, #2301, .T. ) ;
#2041 = EDGE_LOOP ( 'NONE', ( #2387, #1577 ) ) ;
#2042 = AXIS2_PLACEMENT_3D ( 'NONE', #939, #127, #2121 ) ;
#2043 = CIRCLE ( 'NONE', #647, 1.900000000000012790 ) ;
#2044 = AXIS2_PLACEMENT_3D ( 'NONE', #1731, #2532, #2516 ) ;
#2045 = LINE ( 'NONE', #2336, #2517 ) ;
#2046 = DIRECTION ( 'NONE',  ( -0.000000000000000000, 1.000000000000000000, -0.000000000000000000 ) ) ;
#2047 = DIRECTION ( 'NONE',  ( 0.000000000000000000, 0.000000000000000000, 1.000000000000000000 ) ) ;
#2048 = AXIS2_PLACEMENT_3D ( 'NONE', #1445, #2895, #2652 ) ;
#2049 = VERTEX_POINT ( 'NONE', #2985 ) ;
#2050 = CARTESIAN_POINT ( 'NONE',  ( -257.2500000000000568, 0.000000000000000000, -442.9999999999998863 ) ) ;
#2051 = FACE_OUTER_BOUND ( 'NONE', #2009, .T. ) ;
#2052 = VERTEX_POINT ( 'NONE', #1741 ) ;
#2053 = FACE_OUTER_BOUND ( 'NONE', #1841, .T. ) ;
#2054 = DIRECTION ( 'NONE',  ( 0.000000000000000000, 0.7071067811865500152, 0.7071067811865450192 ) ) ;
#2055 = CARTESIAN_POINT ( 'NONE',  ( 259.9499999999999886, -9.000000000000001776, 442.4999999999998295 ) ) ;
#2056 = ORIENTED_EDGE ( 'NONE', *, *, #1073, .T. ) ;
#2057 = EDGE_LOOP ( 'NONE', ( #1203, #865, #2473, #1436 ) ) ;
#2058 = EDGE_CURVE ( 'NONE', #2171, #1025, #900, .T. ) ;
#2059 = EDGE_LOOP ( 'NONE', ( #3161, #2550, #2662, #968 ) ) ;
#2060 = ADVANCED_FACE ( 'NONE', ( #2740 ), #1783, .F. ) ;
#2061 = ADVANCED_FACE ( 'NONE', ( #282 ), #2438, .F. ) ;
#2062 = DIRECTION ( 'NONE',  ( 0.000000000000000000, 0.7071067811865500152, 0.7071067811865450192 ) ) ;
#2063 = DIRECTION ( 'NONE',  ( -0.000000000000000000, 1.000000000000000000, -0.000000000000000000 ) ) ;
#2064 = SURFACE_STYLE_FILL_AREA ( #587 ) ;
#2065 = CARTESIAN_POINT ( 'NONE',  ( 258.0250000000000909, -1.199999999999999956, 454.9999999999999432 ) ) ;
#2066 = FACE_BOUND ( 'NONE', #675, .T. ) ;
#2067 = VERTEX_POINT ( 'NONE', #1317 ) ;
#2068 = CARTESIAN_POINT ( 'NONE',  ( 200.0000000000001705, 0.000000000000000000, -448.5000000000000568 ) ) ;
#2069 = DIRECTION ( 'NONE',  ( -0.000000000000000000, 1.000000000000000000, -0.000000000000000000 ) ) ;
#2070 = EDGE_LOOP ( 'NONE', ( #1393, #2677, #489, #548 ) ) ;
#2071 = ORIENTED_EDGE ( 'NONE', *, *, #2705, .F. ) ;
#2072 = ORIENTED_EDGE ( 'NONE', *, *, #1622, .T. ) ;
#2073 = VECTOR ( 'NONE', #1293, 1000.000000000000000 ) ;
#2074 = LINE ( 'NONE', #2553, #2144 ) ;
#2075 = FACE_OUTER_BOUND ( 'NONE', #1972, .T. ) ;
#2076 = DIRECTION ( 'NONE',  ( -8.927967292538244491E-31, -1.000000000000000000, -7.116814260417663780E-15 ) ) ;
#2077 = EDGE_CURVE ( 'NONE', #873, #2584, #2617, .T. ) ;
#2078 = EDGE_CURVE ( 'NONE', #44, #2657, #2674, .T. ) ;
#2079 = LINE ( 'NONE', #848, #3083 ) ;
#2080 = AXIS2_PLACEMENT_3D ( 'NONE', #2702, #1963, #1674 ) ;
#2081 = DIRECTION ( 'NONE',  ( -0.000000000000000000, 1.000000000000000000, -0.000000000000000000 ) ) ;
#2082 = VERTEX_POINT ( 'NONE', #1814 ) ;
#2083 = AXIS2_PLACEMENT_3D ( 'NONE', #227, #493, #2243 ) ;
#2084 = CARTESIAN_POINT ( 'NONE',  ( 259.6249999999999432, -1.199999999999999956, -453.4000000000000909 ) ) ;
#2085 = CARTESIAN_POINT ( 'NONE',  ( 257.2500000000000568, -1.200000000000006617, 442.4999999999997726 ) ) ;
#2086 = CONICAL_SURFACE ( 'NONE', #3030, 3.000000000000002665, 0.7853981633974447263 ) ;
#2087 = ORIENTED_EDGE ( 'NONE', *, *, #2335, .F. ) ;
#2088 = CARTESIAN_POINT ( 'NONE',  ( -257.2500000000000568, -1.200000000000079003, 442.9999999999997726 ) ) ;
#2089 = ORIENTED_EDGE ( 'NONE', *, *, #947, .T. ) ;
#2090 = CONICAL_SURFACE ( 'NONE', #334, 3.000000000000002665, 0.7853981633974447263 ) ;
#2091 = LINE ( 'NONE', #3090, #541 ) ;
#2092 = DIRECTION ( 'NONE',  ( 0.000000000000000000, 1.000000000000000000, 0.000000000000000000 ) ) ;
#2093 = DIRECTION ( 'NONE',  ( -0.000000000000000000, 1.000000000000000000, -0.000000000000000000 ) ) ;
#2094 = AXIS2_PLACEMENT_3D ( 'NONE', #2317, #625, #644 ) ;
#2095 = DIRECTION ( 'NONE',  ( -0.000000000000000000, 1.000000000000000000, -0.000000000000000000 ) ) ;
#2096 = ADVANCED_FACE ( 'NONE', ( #798 ), #2528, .T. ) ;
#2097 = AXIS2_PLACEMENT_3D ( 'NONE', #1125, #1597, #1552 ) ;
#2098 = FACE_BOUND ( 'NONE', #1988, .T. ) ;
#2099 = ORIENTED_EDGE ( 'NONE', *, *, #2135, .T. ) ;
#2100 = AXIS2_PLACEMENT_3D ( 'NONE', #1434, #495, #1060 ) ;
#2101 = EDGE_CURVE ( 'NONE', #2049, #1404, #2074, .T. ) ;
#2102 = FACE_OUTER_BOUND ( 'NONE', #907, .T. ) ;
#2103 = CARTESIAN_POINT ( 'NONE',  ( 200.0000000000001705, 0.000000000000000000, 448.5000000000000568 ) ) ;
#2104 = VERTEX_POINT ( 'NONE', #2274 ) ;
#2105 = DIRECTION ( 'NONE',  ( -1.000000000000000000, 0.000000000000000000, 2.337311630789896810E-14 ) ) ;
#2106 = VERTEX_POINT ( 'NONE', #1086 ) ;
#2107 = VERTEX_POINT ( 'NONE', #3029 ) ;
#2108 = LINE ( 'NONE', #143, #1837 ) ;
#2109 = LINE ( 'NONE', #1625, #63 ) ;
#2110 = CARTESIAN_POINT ( 'NONE',  ( 249.2399999999998386, -1.099999999999997646, 346.8999999999999204 ) ) ;
#2111 = DIRECTION ( 'NONE',  ( -0.000000000000000000, 1.000000000000000000, -0.000000000000000000 ) ) ;
#2112 = VERTEX_POINT ( 'NONE', #2812 ) ;
#2113 = CARTESIAN_POINT ( 'NONE',  ( -259.6250000000000568, -1.199999999999999956, -455.0000000000000568 ) ) ;
#2114 = FACE_OUTER_BOUND ( 'NONE', #3065, .T. ) ;
#2115 = EDGE_CURVE ( 'NONE', #1862, #1043, #3087, .T. ) ;
#2116 = VERTEX_POINT ( 'NONE', #557 ) ;
#2117 = EDGE_CURVE ( 'NONE', #2907, #2183, #1677, .T. ) ;
#2118 = ORIENTED_EDGE ( 'NONE', *, *, #2162, .F. ) ;
#2119 = VERTEX_POINT ( 'NONE', #1075 ) ;
#2120 = VERTEX_POINT ( 'NONE', #64 ) ;
#2121 = DIRECTION ( 'NONE',  ( 0.000000000000000000, 0.000000000000000000, 1.000000000000000000 ) ) ;
#2122 = CARTESIAN_POINT ( 'NONE',  ( 249.2399999999998386, 0.000000000000000000, 175.0000000000000568 ) ) ;
#2123 = DIRECTION ( 'NONE',  ( 0.000000000000000000, 0.7071067811865500152, 0.7071067811865450192 ) ) ;
#2124 = DIRECTION ( 'NONE',  ( -0.000000000000000000, 1.000000000000000000, -0.000000000000000000 ) ) ;
#2125 = AXIS2_PLACEMENT_3D ( 'NONE', #2270, #519, #1260 ) ;
#2126 = EDGE_LOOP ( 'NONE', ( #222, #631, #1505, #1876 ) ) ;
#2127 = VECTOR ( 'NONE', #2076, 1000.000000000000000 ) ;
#2128 = DIRECTION ( 'NONE',  ( -0.000000000000000000, 1.000000000000000000, -0.000000000000000000 ) ) ;
#2129 = CYLINDRICAL_SURFACE ( 'NONE', #703, 1.499999999999945821 ) ;
#2130 = AXIS2_PLACEMENT_3D ( 'NONE', #1155, #1595, #2338 ) ;
#2131 = EDGE_LOOP ( 'NONE', ( #2224, #728, #2922, #3026 ) ) ;
#2132 = ORIENTED_EDGE ( 'NONE', *, *, #43, .F. ) ;
#2133 = CARTESIAN_POINT ( 'NONE',  ( -257.2500000000000000, -2.700000000000025047, 442.4999999999997726 ) ) ;
#2134 = AXIS2_PLACEMENT_3D ( 'NONE', #2008, #1779, #3023 ) ;
#2135 = EDGE_CURVE ( 'NONE', #49, #1868, #50, .T. ) ;
#2136 = EDGE_CURVE ( 'NONE', #3056, #447, #2045, .T. ) ;
#2137 = ORIENTED_EDGE ( 'NONE', *, *, #3202, .F. ) ;
#2138 = EDGE_LOOP ( 'NONE', ( #498, #2568 ) ) ;
#2139 = CIRCLE ( 'NONE', #1985, 1.900000000000012790 ) ;
#2140 = CARTESIAN_POINT ( 'NONE',  ( 200.0000000000001705, -1.199999999999999956, -450.4000000000000909 ) ) ;
#2141 = VECTOR ( 'NONE', #1564, 1000.000000000000000 ) ;
#2142 = DIRECTION ( 'NONE',  ( 0.000000000000000000, 0.000000000000000000, 1.000000000000000000 ) ) ;
#2143 = CARTESIAN_POINT ( 'NONE',  ( -249.2399999999999238, 0.000000000000000000, 345.0000000000000000 ) ) ;
#2144 = VECTOR ( 'NONE', #1545, 1000.000000000000000 ) ;
#2145 = DIRECTION ( 'NONE',  ( 0.000000000000000000, 0.000000000000000000, 1.000000000000000000 ) ) ;
#2146 = DIRECTION ( 'NONE',  ( -0.000000000000000000, 1.000000000000000000, -0.000000000000000000 ) ) ;
#2147 = AXIS2_PLACEMENT_3D ( 'NONE', #2670, #3140, #2602 ) ;
#2148 = ORIENTED_EDGE ( 'NONE', *, *, #2373, .T. ) ;
#2149 = CIRCLE ( 'NONE', #2204, 1.899999999999999023 ) ;
#2150 = DIRECTION ( 'NONE',  ( 0.000000000000000000, 0.000000000000000000, 1.000000000000000000 ) ) ;
#2151 = DIRECTION ( 'NONE',  ( 0.000000000000000000, 1.000000000000000000, 0.000000000000000000 ) ) ;
#2152 = AXIS2_PLACEMENT_3D ( 'NONE', #2637, #158, #457 ) ;
#2153 = ORIENTED_EDGE ( 'NONE', *, *, #435, .F. ) ;
#2154 = LINE ( 'NONE', #2890, #2181 ) ;
#2155 = CARTESIAN_POINT ( 'NONE',  ( 249.2399999999998386, -1.099999999999997646, -313.1000000000005343 ) ) ;
#2156 = ORIENTED_EDGE ( 'NONE', *, *, #1588, .T. ) ;
#2157 = ORIENTED_EDGE ( 'NONE', *, *, #3059, .F. ) ;
#2158 = DIRECTION ( 'NONE',  ( 1.220025301785886411E-16, 0.000000000000000000, 1.000000000000000000 ) ) ;
#2159 = CARTESIAN_POINT ( 'NONE',  ( -200.0000000000000568, 0.000000000000000000, -448.5000000000000568 ) ) ;
#2160 = CYLINDRICAL_SURFACE ( 'NONE', #684, 1.900000000000012790 ) ;
#2161 = EDGE_CURVE ( 'NONE', #2634, #1542, #1990, .T. ) ;
#2162 = EDGE_CURVE ( 'NONE', #2530, #1216, #2323, .T. ) ;
#2163 = CARTESIAN_POINT ( 'NONE',  ( -259.9499999999999318, -9.000000000000001776, 442.4999999999997158 ) ) ;
#2164 = ORIENTED_EDGE ( 'NONE', *, *, #516, .T. ) ;
#2165 = CYLINDRICAL_SURFACE ( 'NONE', #946, 1.900000000000012790 ) ;
#2166 = DIRECTION ( 'NONE',  ( 0.000000000000000000, 0.7071067811865464625, 0.7071067811865486830 ) ) ;
#2167 = ORIENTED_EDGE ( 'NONE', *, *, #1423, .T. ) ;
#2168 = CARTESIAN_POINT ( 'NONE',  ( -249.2399999999999238, -1.099999999999997646, -21.89999999999975344 ) ) ;
#2169 = CARTESIAN_POINT ( 'NONE',  ( -249.2399999999999238, 0.000000000000000000, 178.0000000000000568 ) ) ;
#2170 = VERTEX_POINT ( 'NONE', #826 ) ;
#2171 = VERTEX_POINT ( 'NONE', #2797 ) ;
#2172 = LINE ( 'NONE', #2382, #643 ) ;
#2173 = CARTESIAN_POINT ( 'NONE',  ( 249.2399999999998386, -1.199999999999999956, 176.9000000000000625 ) ) ;
#2174 = DIRECTION ( 'NONE',  ( 1.000000000000000000, 2.434319838555199964E-33, -1.220025301785886411E-16 ) ) ;
#2175 = CARTESIAN_POINT ( 'NONE',  ( -259.9499999999999318, -9.000000000000001776, 442.4999999999996589 ) ) ;
#2176 = EDGE_CURVE ( 'NONE', #1357, #2218, #2829, .T. ) ;
#2177 = ADVANCED_FACE ( 'NONE', ( #2572 ), #1041, .T. ) ;
#2178 = DIRECTION ( 'NONE',  ( 1.220025301785886411E-16, 0.000000000000000000, 1.000000000000000000 ) ) ;
#2179 = EDGE_LOOP ( 'NONE', ( #1374, #2035, #461, #3135 ) ) ;
#2180 = DIRECTION ( 'NONE',  ( 0.000000000000000000, 0.000000000000000000, 1.000000000000000000 ) ) ;
#2181 = VECTOR ( 'NONE', #1341, 1000.000000000000000 ) ;
#2182 = DIRECTION ( 'NONE',  ( 0.000000000000000000, 0.7071067811865500152, 0.7071067811865450192 ) ) ;
#2183 = VERTEX_POINT ( 'NONE', #1593 ) ;
#2184 = DIRECTION ( 'NONE',  ( 1.220025301785886411E-16, 0.000000000000000000, 1.000000000000000000 ) ) ;
#2185 = AXIS2_PLACEMENT_3D ( 'NONE', #2788, #1817, #2028 ) ;
#2186 = FACE_BOUND ( 'NONE', #1215, .T. ) ;
#2187 = CIRCLE ( 'NONE', #10, 1.900000000000012790 ) ;
#2188 = ORIENTED_EDGE ( 'NONE', *, *, #500, .T. ) ;
#2189 = VERTEX_POINT ( 'NONE', #2587 ) ;
#2190 = CYLINDRICAL_SURFACE ( 'NONE', #1936, 1.899999999999999023 ) ;
#2191 = CARTESIAN_POINT ( 'NONE',  ( -257.2500000000000568, -1.199999999999823208, -442.9999999999998863 ) ) ;
#2192 = CIRCLE ( 'NONE', #1929, 2.699999999999924682 ) ;
#2193 = AXIS2_PLACEMENT_3D ( 'NONE', #3108, #1866, #1931 ) ;
#2194 = CARTESIAN_POINT ( 'NONE',  ( 249.2399999999998386, 0.000000000000000000, 341.9999999999999432 ) ) ;
#2195 = DIRECTION ( 'NONE',  ( -0.000000000000000000, 1.000000000000000000, -0.000000000000000000 ) ) ;
#2196 = AXIS2_PLACEMENT_3D ( 'NONE', #2538, #568, #1834 ) ;
#2197 = ORIENTED_EDGE ( 'NONE', *, *, #211, .T. ) ;
#2198 = ADVANCED_FACE ( 'NONE', ( #356 ), #2026, .T. ) ;
#2199 = FACE_OUTER_BOUND ( 'NONE', #2487, .T. ) ;
#2200 = VECTOR ( 'NONE', #924, 1000.000000000000000 ) ;
#2201 = FACE_OUTER_BOUND ( 'NONE', #2014, .T. ) ;
#2202 = ORIENTED_EDGE ( 'NONE', *, *, #1329, .F. ) ;
#2203 = LINE ( 'NONE', #1665, #2809 ) ;
#2204 = AXIS2_PLACEMENT_3D ( 'NONE', #200, #2939, #217 ) ;
#2205 = EDGE_CURVE ( 'NONE', #1601, #1458, #2091, .T. ) ;
#2206 = EDGE_CURVE ( 'NONE', #62, #1388, #23, .T. ) ;
#2207 = LINE ( 'NONE', #3184, #1671 ) ;
#2208 = CIRCLE ( 'NONE', #2937, 1.900000000000012790 ) ;
#2209 = ORIENTED_EDGE ( 'NONE', *, *, #556, .F. ) ;
#2210 = ORIENTED_EDGE ( 'NONE', *, *, #368, .T. ) ;
#2211 = DIRECTION ( 'NONE',  ( -1.000000000000000000, -0.000000000000000000, -0.000000000000000000 ) ) ;
#2212 = DIRECTION ( 'NONE',  ( 0.000000000000000000, 0.000000000000000000, 1.000000000000000000 ) ) ;
#2213 = CARTESIAN_POINT ( 'NONE',  ( 200.0000000000001705, 0.000000000000000000, -448.5000000000000568 ) ) ;
#2214 = FACE_OUTER_BOUND ( 'NONE', #1798, .T. ) ;
#2215 = ORIENTED_EDGE ( 'NONE', *, *, #113, .F. ) ;
#2216 = CARTESIAN_POINT ( 'NONE',  ( 180.0000000000000000, 0.000000000000000000, 12.26192023000044351 ) ) ;
#2217 = DIRECTION ( 'NONE',  ( -3.491481338843134144E-15, -1.000000000000000000, 2.190012978775546917E-31 ) ) ;
#2218 = VERTEX_POINT ( 'NONE', #2140 ) ;
#2219 = DIRECTION ( 'NONE',  ( -0.000000000000000000, 1.000000000000000000, -0.000000000000000000 ) ) ;
#2220 = CARTESIAN_POINT ( 'NONE',  ( 5.174678793551554786E-14, 0.000000000000000000, -448.5000000000000568 ) ) ;
#2221 = EDGE_CURVE ( 'NONE', #1737, #2416, #157, .T. ) ;
#2222 = EDGE_CURVE ( 'NONE', #1216, #2906, #1212, .T. ) ;
#2223 = EDGE_LOOP ( 'NONE', ( #1664, #2578, #1242, #2148 ) ) ;
#2224 = ORIENTED_EDGE ( 'NONE', *, *, #2857, .F. ) ;
#2225 = FACE_OUTER_BOUND ( 'NONE', #982, .T. ) ;
#2226 = CARTESIAN_POINT ( 'NONE',  ( 1.061766380429887587E-18, 0.000000000000000000, 12.26192023000044351 ) ) ;
#2227 = PLANE ( 'NONE',  #640 ) ;
#2228 = CARTESIAN_POINT ( 'NONE',  ( -200.0000000000000568, -1.099999999999997646, 448.5000000000000568 ) ) ;
#2229 = ORIENTED_EDGE ( 'NONE', *, *, #2279, .T. ) ;
#2230 = CARTESIAN_POINT ( 'NONE',  ( -249.2399999999999238, 0.000000000000000000, 345.0000000000000000 ) ) ;
#2231 = DIRECTION ( 'NONE',  ( 0.000000000000000000, 1.000000000000000000, 0.000000000000000000 ) ) ;
#2232 = VERTEX_POINT ( 'NONE', #1881 ) ;
#2233 = CARTESIAN_POINT ( 'NONE',  ( 259.6250000000000568, -1.200000000000003064, 442.9999999999998295 ) ) ;
#2234 = AXIS2_PLACEMENT_3D ( 'NONE', #2942, #1454, #1475 ) ;
#2235 = DIRECTION ( 'NONE',  ( -1.220025301785886411E-16, -0.000000000000000000, -1.000000000000000000 ) ) ;
#2236 = AXIS2_PLACEMENT_3D ( 'NONE', #2282, #56, #1036 ) ;
#2237 = VERTEX_POINT ( 'NONE', #1171 ) ;
#2238 = ORIENTED_EDGE ( 'NONE', *, *, #2564, .F. ) ;
#2239 = EDGE_CURVE ( 'NONE', #1043, #938, #2172, .T. ) ;
#2240 = EDGE_CURVE ( 'NONE', #3132, #1263, #2879, .T. ) ;
#2241 = CIRCLE ( 'NONE', #1253, 3.000000000000002665 ) ;
#2242 = DIRECTION ( 'NONE',  ( 0.000000000000000000, 0.000000000000000000, 1.000000000000000000 ) ) ;
#2243 = DIRECTION ( 'NONE',  ( 0.000000000000000000, 0.000000000000000000, 1.000000000000000000 ) ) ;
#2244 = CIRCLE ( 'NONE', #2134, 3.000000000000002665 ) ;
#2245 = AXIS2_PLACEMENT_3D ( 'NONE', #2220, #487, #1477 ) ;
#2246 = CARTESIAN_POINT ( 'NONE',  ( -249.2399999999999238, 0.000000000000000000, -19.99999999999974065 ) ) ;
#2247 = EDGE_LOOP ( 'NONE', ( #1097, #1557 ) ) ;
#2248 = CIRCLE ( 'NONE', #745, 1.899999999999999023 ) ;
#2249 = FACE_OUTER_BOUND ( 'NONE', #2598, .T. ) ;
#2250 = DIRECTION ( 'NONE',  ( 0.000000000000000000, 0.000000000000000000, 1.000000000000000000 ) ) ;
#2251 = AXIS2_PLACEMENT_3D ( 'NONE', #346, #2032, #2326 ) ;
#2252 = EDGE_LOOP ( 'NONE', ( #566, #986, #525, #1695 ) ) ;
#2253 = CARTESIAN_POINT ( 'NONE',  ( -249.2399999999999238, 0.000000000000000000, 175.0000000000000568 ) ) ;
#2254 = AXIS2_PLACEMENT_3D ( 'NONE', #1270, #2262, #36 ) ;
#2255 = DIRECTION ( 'NONE',  ( 0.000000000000000000, 0.000000000000000000, 1.000000000000000000 ) ) ;
#2256 = ORIENTED_EDGE ( 'NONE', *, *, #2800, .T. ) ;
#2257 = ORIENTED_EDGE ( 'NONE', *, *, #2917, .T. ) ;
#2258 = CIRCLE ( 'NONE', #856, 3.000000000000002665 ) ;
#2259 = ADVANCED_BREP_SHAPE_REPRESENTATION ( '550-00158-00', ( #600, #2877 ), #342 ) ;
#2260 = CARTESIAN_POINT ( 'NONE',  ( -249.2399999999999238, 0.000000000000000000, 172.0000000000000284 ) ) ;
#2261 = CARTESIAN_POINT ( 'NONE',  ( -249.2399999999999238, 0.000000000000000000, 341.9999999999999432 ) ) ;
#2262 = DIRECTION ( 'NONE',  ( -0.000000000000000000, 1.000000000000000000, -0.000000000000000000 ) ) ;
#2263 = CARTESIAN_POINT ( 'NONE',  ( 259.9499999999999318, -9.000000000000001776, -442.5000000000000568 ) ) ;
#2264 = ADVANCED_FACE ( 'NONE', ( #2621 ), #3105, .T. ) ;
#2265 = EDGE_CURVE ( 'NONE', #2417, #2107, #2420, .T. ) ;
#2266 = ORIENTED_EDGE ( 'NONE', *, *, #3098, .T. ) ;
#2267 = CYLINDRICAL_SURFACE ( 'NONE', #3185, 1.900000000000012790 ) ;
#2268 = DIRECTION ( 'NONE',  ( 0.000000000000000000, 0.000000000000000000, 1.000000000000000000 ) ) ;
#2269 = ORIENTED_EDGE ( 'NONE', *, *, #2801, .T. ) ;
#2270 = CARTESIAN_POINT ( 'NONE',  ( -200.0000000000000568, 0.000000000000000000, 448.5000000000000568 ) ) ;
#2271 = DIRECTION ( 'NONE',  ( 0.000000000000000000, 0.000000000000000000, 1.000000000000000000 ) ) ;
#2272 = ORIENTED_EDGE ( 'NONE', *, *, #2624, .T. ) ;
#2273 = VERTEX_POINT ( 'NONE', #419 ) ;
#2274 = CARTESIAN_POINT ( 'NONE',  ( -258.0250000000000341, 0.000000000000000000, -455.0000000000000568 ) ) ;
#2275 = DIRECTION ( 'NONE',  ( 0.000000000000000000, 0.000000000000000000, 1.000000000000000000 ) ) ;
#2276 = EDGE_LOOP ( 'NONE', ( #2118, #2502, #2392, #2952 ) ) ;
#2277 = EDGE_CURVE ( 'NONE', #485, #820, #1863, .T. ) ;
#2278 = CARTESIAN_POINT ( 'NONE',  ( -257.2500000000000568, -1.199999999999823208, -442.4999999999998863 ) ) ;
#2279 = EDGE_CURVE ( 'NONE', #1536, #1710, #1606, .T. ) ;
#2280 = CARTESIAN_POINT ( 'NONE',  ( -249.2399999999999238, -1.099999999999997646, -18.09999999999972786 ) ) ;
#2281 = ORIENTED_EDGE ( 'NONE', *, *, #1962, .F. ) ;
#2282 = CARTESIAN_POINT ( 'NONE',  ( -180.0000000000000000, 0.000000000000000000, 12.26192023000044351 ) ) ;
#2283 = LINE ( 'NONE', #1294, #1926 ) ;
#2284 = ORIENTED_EDGE ( 'NONE', *, *, #1291, .T. ) ;
#2285 = ORIENTED_EDGE ( 'NONE', *, *, #2419, .T. ) ;
#2286 = VECTOR ( 'NONE', #2219, 1000.000000000000000 ) ;
#2287 = ORIENTED_EDGE ( 'NONE', *, *, #2876, .F. ) ;
#2288 = DIRECTION ( 'NONE',  ( 0.000000000000000000, 0.000000000000000000, 1.000000000000000000 ) ) ;
#2289 = DIRECTION ( 'NONE',  ( -0.000000000000000000, 1.000000000000000000, -0.000000000000000000 ) ) ;
#2290 = LINE ( 'NONE', #1042, #1921 ) ;
#2291 = ORIENTED_EDGE ( 'NONE', *, *, #2784, .T. ) ;
#2292 = CONICAL_SURFACE ( 'NONE', #2083, 3.000000000000002665, 0.7853981633974447263 ) ;
#2293 = FACE_OUTER_BOUND ( 'NONE', #1058, .T. ) ;
#2294 = FACE_BOUND ( 'NONE', #1562, .T. ) ;
#2295 = CIRCLE ( 'NONE', #1204, 2.699999999999924682 ) ;
#2296 = EDGE_CURVE ( 'NONE', #2906, #1216, #1529, .T. ) ;
#2297 = ORIENTED_EDGE ( 'NONE', *, *, #2077, .F. ) ;
#2298 = DIRECTION ( 'NONE',  ( 0.000000000000000000, 0.000000000000000000, 1.000000000000000000 ) ) ;
#2299 = DIRECTION ( 'NONE',  ( 0.000000000000000000, 0.000000000000000000, 1.000000000000000000 ) ) ;
#2300 = AXIS2_PLACEMENT_3D ( 'NONE', #2819, #1551, #1078 ) ;
#2301 = EDGE_CURVE ( 'NONE', #3127, #2119, #385, .T. ) ;
#2302 = VERTEX_POINT ( 'NONE', #2861 ) ;
#2303 = ADVANCED_FACE ( 'NONE', ( #370 ), #1359, .T. ) ;
#2304 = ORIENTED_EDGE ( 'NONE', *, *, #755, .T. ) ;
#2305 = PRODUCT_DEFINITION_FORMATION_WITH_SPECIFIED_SOURCE ( 'ANY', '', #3089, .NOT_KNOWN. ) ;
#2306 = AXIS2_PLACEMENT_3D ( 'NONE', #1810, #2870, #102 ) ;
#2307 = CIRCLE ( 'NONE', #960, 1.900000000000012790 ) ;
#2308 = CARTESIAN_POINT ( 'NONE',  ( 5.174678793551554786E-14, -1.199999999999999956, 448.5000000000000568 ) ) ;
#2309 = CARTESIAN_POINT ( 'NONE',  ( -249.2399999999999238, -1.099999999999997646, 175.0000000000000568 ) ) ;
#2310 = CARTESIAN_POINT ( 'NONE',  ( -249.2399999999999238, -1.199999999999999956, 175.0000000000000568 ) ) ;
#2311 = VECTOR ( 'NONE', #2434, 1000.000000000000000 ) ;
#2312 = EDGE_LOOP ( 'NONE', ( #1511, #1047, #2451, #2269 ) ) ;
#2313 = LINE ( 'NONE', #313, #69 ) ;
#2314 = CARTESIAN_POINT ( 'NONE',  ( -249.2399999999999238, -1.199999999999999956, 345.0000000000000000 ) ) ;
#2315 = ORIENTED_EDGE ( 'NONE', *, *, #277, .T. ) ;
#2316 = CARTESIAN_POINT ( 'NONE',  ( 258.7500000000000000, 0.000000000000000000, -3.246292606499840083E-14 ) ) ;
#2317 = CARTESIAN_POINT ( 'NONE',  ( 200.0000000000001705, 0.000000000000000000, 448.5000000000000568 ) ) ;
#2318 = VERTEX_POINT ( 'NONE', #634 ) ;
#2319 = ORIENTED_EDGE ( 'NONE', *, *, #2221, .T. ) ;
#2320 = EDGE_CURVE ( 'NONE', #1039, #2570, #890, .T. ) ;
#2321 = EDGE_CURVE ( 'NONE', #820, #2372, #1183, .T. ) ;
#2322 = ORIENTED_EDGE ( 'NONE', *, *, #1917, .T. ) ;
#2323 = LINE ( 'NONE', #814, #173 ) ;
#2324 = CARTESIAN_POINT ( 'NONE',  ( -180.0000000000000000, -1.099999999999997646, 14.16192023000045630 ) ) ;
#2325 = CARTESIAN_POINT ( 'NONE',  ( 258.0250000000000909, -1.199999999999999956, 454.9999999999999432 ) ) ;
#2326 = DIRECTION ( 'NONE',  ( 0.000000000000000000, 0.000000000000000000, -1.000000000000000000 ) ) ;
#2327 = DIRECTION ( 'NONE',  ( -0.000000000000000000, 1.000000000000000000, -0.000000000000000000 ) ) ;
#2328 = EDGE_LOOP ( 'NONE', ( #2450, #2650, #919, #778 ) ) ;
#2329 = FACE_OUTER_BOUND ( 'NONE', #142, .T. ) ;
#2330 = FACE_OUTER_BOUND ( 'NONE', #1891, .T. ) ;
#2331 = VERTEX_POINT ( 'NONE', #1121 ) ;
#2332 = CARTESIAN_POINT ( 'NONE',  ( -180.0000000000000000, 0.000000000000000000, 12.26192023000044351 ) ) ;
#2333 = EDGE_LOOP ( 'NONE', ( #517, #306, #1611, #645 ) ) ;
#2334 = EDGE_CURVE ( 'NONE', #582, #1993, #2108, .T. ) ;
#2335 = EDGE_CURVE ( 'NONE', #407, #2707, #74, .T. ) ;
#2336 = CARTESIAN_POINT ( 'NONE',  ( -180.0000000000000000, 0.000000000000000000, 15.26192023000044529 ) ) ;
#2337 = LINE ( 'NONE', #128, #1578 ) ;
#2338 = DIRECTION ( 'NONE',  ( 0.000000000000000000, 0.000000000000000000, 1.000000000000000000 ) ) ;
#2339 = AXIS2_PLACEMENT_3D ( 'NONE', #247, #1234, #2741 ) ;
#2340 = EDGE_CURVE ( 'NONE', #3201, #2936, #1654, .T. ) ;
#2341 = CARTESIAN_POINT ( 'NONE',  ( 5.174678793551554786E-14, 0.000000000000000000, 448.5000000000000568 ) ) ;
#2342 = CONICAL_SURFACE ( 'NONE', #2607, 3.000000000000002665, 0.7853981633974447263 ) ;
#2343 = FACE_BOUND ( 'NONE', #2041, .T. ) ;
#2344 = VERTEX_POINT ( 'NONE', #177 ) ;
#2345 = AXIS2_PLACEMENT_3D ( 'NONE', #304, #1261, #506 ) ;
#2346 = DIRECTION ( 'NONE',  ( 8.944941272677273936E-32, -6.123233995736766036E-17, 1.000000000000000000 ) ) ;
#2347 = DIRECTION ( 'NONE',  ( -0.000000000000000000, 1.000000000000000000, -0.000000000000000000 ) ) ;
#2348 = EDGE_LOOP ( 'NONE', ( #2668, #1151 ) ) ;
#2349 = CARTESIAN_POINT ( 'NONE',  ( 258.7499999999999432, -2.699999999999952216, 442.4999999999997726 ) ) ;
#2350 = VECTOR ( 'NONE', #2012, 1000.000000000000000 ) ;
#2351 = ORIENTED_EDGE ( 'NONE', *, *, #254, .F. ) ;
#2352 = DIRECTION ( 'NONE',  ( 0.000000000000000000, 1.000000000000000000, 0.000000000000000000 ) ) ;
#2353 = FACE_OUTER_BOUND ( 'NONE', #2828, .T. ) ;
#2354 = CARTESIAN_POINT ( 'NONE',  ( 5.174678793551554786E-14, -1.099999999999997646, -448.5000000000000568 ) ) ;
#2355 = AXIS2_PLACEMENT_3D ( 'NONE', #528, #287, #42 ) ;
#2356 = FACE_OUTER_BOUND ( 'NONE', #1792, .T. ) ;
#2357 = VECTOR ( 'NONE', #1641, 1000.000000000000000 ) ;
#2358 = CARTESIAN_POINT ( 'NONE',  ( 258.0249999999999773, 0.000000000000000000, -453.4000000000000909 ) ) ;
#2359 = EDGE_CURVE ( 'NONE', #1178, #582, #2932, .T. ) ;
#2360 = EDGE_CURVE ( 'NONE', #2399, #2189, #1672, .T. ) ;
#2361 = ORIENTED_EDGE ( 'NONE', *, *, #1660, .F. ) ;
#2362 = DIRECTION ( 'NONE',  ( 0.000000000000000000, -1.000000000000000000, -6.123233995736766036E-17 ) ) ;
#2363 = DIRECTION ( 'NONE',  ( -0.000000000000000000, 1.000000000000000000, -0.000000000000000000 ) ) ;
#2364 = ORIENTED_EDGE ( 'NONE', *, *, #150, .F. ) ;
#2365 = LINE ( 'NONE', #920, #1971 ) ;
#2366 = ORIENTED_EDGE ( 'NONE', *, *, #672, .T. ) ;
#2367 = ORIENTED_EDGE ( 'NONE', *, *, #1622, .F. ) ;
#2368 = CARTESIAN_POINT ( 'NONE',  ( -249.2399999999999238, 0.000000000000000000, 172.0000000000000284 ) ) ;
#2369 = DIRECTION ( 'NONE',  ( -0.000000000000000000, 1.000000000000000000, -0.000000000000000000 ) ) ;
#2370 = CARTESIAN_POINT ( 'NONE',  ( 2.337446582184267467E-16, -1.199999999999999956, 10.36192023000044493 ) ) ;
#2371 = LINE ( 'NONE', #2423, #1265 ) ;
#2372 = VERTEX_POINT ( 'NONE', #2260 ) ;
#2373 = EDGE_CURVE ( 'NONE', #343, #1038, #3192, .T. ) ;
#2374 = ADVANCED_FACE ( 'NONE', ( #2488 ), #2962, .T. ) ;
#2375 = DIRECTION ( 'NONE',  ( 0.000000000000000000, 0.000000000000000000, 1.000000000000000000 ) ) ;
#2376 = CARTESIAN_POINT ( 'NONE',  ( 249.2399999999998386, 0.000000000000000000, -19.99999999999974065 ) ) ;
#2377 = ORIENTED_EDGE ( 'NONE', *, *, #718, .T. ) ;
#2378 = ORIENTED_EDGE ( 'NONE', *, *, #2945, .F. ) ;
#2379 = CARTESIAN_POINT ( 'NONE',  ( 5.211418197525975331E-14, 0.000000000000000000, 445.5000000000000568 ) ) ;
#2380 = EDGE_LOOP ( 'NONE', ( #2752, #2851, #1030, #1131 ) ) ;
#2381 = ORIENTED_EDGE ( 'NONE', *, *, #3080, .F. ) ;
#2382 = CARTESIAN_POINT ( 'NONE',  ( 5.174678793551554786E-14, 0.000000000000000000, 450.4000000000000909 ) ) ;
#2383 = DIRECTION ( 'NONE',  ( 0.000000000000000000, 0.000000000000000000, -1.000000000000000000 ) ) ;
#2384 = CARTESIAN_POINT ( 'NONE',  ( -200.0000000000000568, 0.000000000000000000, -448.5000000000000568 ) ) ;
#2385 = LINE ( 'NONE', #1643, #897 ) ;
#2386 = VECTOR ( 'NONE', #2747, 1000.000000000000000 ) ;
#2387 = ORIENTED_EDGE ( 'NONE', *, *, #555, .T. ) ;
#2388 = VECTOR ( 'NONE', #2404, 1000.000000000000000 ) ;
#2389 = CARTESIAN_POINT ( 'NONE',  ( 258.0249999999999773, -1.199999999999999956, -453.4000000000000909 ) ) ;
#2390 = CARTESIAN_POINT ( 'NONE',  ( 180.0000000000000000, 0.000000000000000000, 9.261920230000439958 ) ) ;
#2391 = CIRCLE ( 'NONE', #1723, 1.599999999999990319 ) ;
#2392 = ORIENTED_EDGE ( 'NONE', *, *, #37, .T. ) ;
#2393 = ORIENTED_EDGE ( 'NONE', *, *, #912, .T. ) ;
#2394 = DIRECTION ( 'NONE',  ( -0.000000000000000000, 1.000000000000000000, -0.000000000000000000 ) ) ;
#2395 = CIRCLE ( 'NONE', #2561, 1.899999999999999023 ) ;
#2396 = EDGE_CURVE ( 'NONE', #2537, #825, #1444, .T. ) ;
#2397 = EDGE_CURVE ( 'NONE', #686, #1619, #1245, .T. ) ;
#2398 = ORIENTED_EDGE ( 'NONE', *, *, #886, .F. ) ;
#2399 = VERTEX_POINT ( 'NONE', #1199 ) ;
#2400 = AXIS2_PLACEMENT_3D ( 'NONE', #1953, #1222, #1236 ) ;
#2401 = DIRECTION ( 'NONE',  ( 0.000000000000000000, 1.000000000000000000, 0.000000000000000000 ) ) ;
#2402 = AXIS2_PLACEMENT_3D ( 'NONE', #2772, #1537, #2531 ) ;
#2403 = DIRECTION ( 'NONE',  ( 0.000000000000000000, 1.000000000000000000, 0.000000000000000000 ) ) ;
#2404 = DIRECTION ( 'NONE',  ( 0.000000000000000000, 1.000000000000000000, 6.123233995736766036E-17 ) ) ;
#2405 = AXIS2_PLACEMENT_3D ( 'NONE', #1448, #261, #1754 ) ;
#2406 = DIRECTION ( 'NONE',  ( 0.000000000000000000, 0.000000000000000000, 1.000000000000000000 ) ) ;
#2407 = CIRCLE ( 'NONE', #699, 1.900000000000012790 ) ;
#2408 = ORIENTED_EDGE ( 'NONE', *, *, #555, .F. ) ;
#2409 = CONICAL_SURFACE ( 'NONE', #1995, 3.000000000000002665, 0.7853981633974447263 ) ;
#2410 = DIRECTION ( 'NONE',  ( 0.000000000000000000, 1.000000000000000000, 0.000000000000000000 ) ) ;
#2411 = DIRECTION ( 'NONE',  ( 0.000000000000000000, 0.000000000000000000, 1.000000000000000000 ) ) ;
#2412 = AXIS2_PLACEMENT_3D ( 'NONE', #1559, #2833, #1087 ) ;
#2413 = ORIENTED_EDGE ( 'NONE', *, *, #2397, .T. ) ;
#2414 = CARTESIAN_POINT ( 'NONE',  ( 180.0000000000000000, 0.000000000000000000, 12.26192023000044351 ) ) ;
#2415 = FACE_BOUND ( 'NONE', #2845, .T. ) ;
#2416 = VERTEX_POINT ( 'NONE', #2718 ) ;
#2417 = VERTEX_POINT ( 'NONE', #1008 ) ;
#2418 = ADVANCED_FACE ( 'NONE', ( #225 ), #2190, .F. ) ;
#2419 = EDGE_CURVE ( 'NONE', #2002, #872, #800, .T. ) ;
#2420 = LINE ( 'NONE', #618, #904 ) ;
#2421 = CARTESIAN_POINT ( 'NONE',  ( -249.2399999999999238, 0.000000000000000000, -316.9000000000005457 ) ) ;
#2422 = DIRECTION ( 'NONE',  ( -0.000000000000000000, 1.000000000000000000, -0.000000000000000000 ) ) ;
#2423 = CARTESIAN_POINT ( 'NONE',  ( -258.7500000000000568, 0.000000000000000000, -442.4999999999998863 ) ) ;
#2424 = DIRECTION ( 'NONE',  ( 0.000000000000000000, -1.000000000000000000, -7.116814260417663780E-15 ) ) ;
#2425 = ORIENTED_EDGE ( 'NONE', *, *, #500, .F. ) ;
#2426 = DIRECTION ( 'NONE',  ( -0.000000000000000000, 1.000000000000000000, -0.000000000000000000 ) ) ;
#2427 = DIRECTION ( 'NONE',  ( 0.000000000000000000, 0.000000000000000000, 1.000000000000000000 ) ) ;
#2428 = ORIENTED_EDGE ( 'NONE', *, *, #368, .F. ) ;
#2429 = CARTESIAN_POINT ( 'NONE',  ( -249.2399999999999238, -1.099999999999997646, -315.0000000000005684 ) ) ;
#2430 = CARTESIAN_POINT ( 'NONE',  ( -200.0000000000000568, -1.099999999999997646, -448.5000000000000568 ) ) ;
#2431 = EDGE_LOOP ( 'NONE', ( #1620, #2153, #1163, #87 ) ) ;
#2432 = EDGE_LOOP ( 'NONE', ( #2209, #264, #417, #1040 ) ) ;
#2433 = DIRECTION ( 'NONE',  ( -0.000000000000000000, 1.000000000000000000, -0.000000000000000000 ) ) ;
#2434 = DIRECTION ( 'NONE',  ( 0.000000000000000000, 0.7071067811865500152, 0.7071067811865450192 ) ) ;
#2435 = CARTESIAN_POINT ( 'NONE',  ( -249.2399999999999238, -1.099999999999997646, 345.0000000000000000 ) ) ;
#2436 = ADVANCED_FACE ( 'NONE', ( #579 ), #3039, .F. ) ;
#2437 = ADVANCED_FACE ( 'NONE', ( #1327 ), #2090, .F. ) ;
#2438 = CYLINDRICAL_SURFACE ( 'NONE', #2254, 1.900000000000012790 ) ;
#2439 = CARTESIAN_POINT ( 'NONE',  ( -257.2500000000000568, -1.200000000000079003, 442.4999999999997726 ) ) ;
#2440 = EDGE_CURVE ( 'NONE', #407, #1178, #336, .T. ) ;
#2441 = ORIENTED_EDGE ( 'NONE', *, *, #1290, .F. ) ;
#2442 = DIRECTION ( 'NONE',  ( -1.000000000000000000, 0.000000000000000000, 2.337311630789896810E-14 ) ) ;
#2443 = AXIS2_PLACEMENT_3D ( 'NONE', #2972, #2994, #743 ) ;
#2444 = CARTESIAN_POINT ( 'NONE',  ( 257.2500000000000568, 0.000000000000000000, 442.9999999999997726 ) ) ;
#2445 = ORIENTED_EDGE ( 'NONE', *, *, #172, .F. ) ;
#2446 = CARTESIAN_POINT ( 'NONE',  ( -257.2500000000000568, -1.200000000000079003, 442.9999999999997726 ) ) ;
#2447 = AXIS2_PLACEMENT_3D ( 'NONE', #3015, #1334, #845 ) ;
#2448 = DIRECTION ( 'NONE',  ( -1.220025301785886411E-16, 0.000000000000000000, -1.000000000000000000 ) ) ;
#2449 = AXIS2_PLACEMENT_3D ( 'NONE', #2638, #405, #1391 ) ;
#2450 = ORIENTED_EDGE ( 'NONE', *, *, #1627, .F. ) ;
#2451 = ORIENTED_EDGE ( 'NONE', *, *, #2240, .T. ) ;
#2452 = CIRCLE ( 'NONE', #741, 1.499999999999945821 ) ;
#2453 = DIRECTION ( 'NONE',  ( 0.000000000000000000, 0.000000000000000000, 1.000000000000000000 ) ) ;
#2454 = LINE ( 'NONE', #2720, #1308 ) ;
#2455 = CYLINDRICAL_SURFACE ( 'NONE', #1569, 1.899999999999999023 ) ;
#2456 = AXIS2_PLACEMENT_3D ( 'NONE', #2316, #1613, #2805 ) ;
#2457 = AXIS2_PLACEMENT_3D ( 'NONE', #21, #494, #2966 ) ;
#2458 = DIRECTION ( 'NONE',  ( 0.000000000000000000, 0.000000000000000000, 1.000000000000000000 ) ) ;
#2459 = CARTESIAN_POINT ( 'NONE',  ( 5.174678793551554786E-14, 0.000000000000000000, 451.5000000000000568 ) ) ;
#2460 = AXIS2_PLACEMENT_3D ( 'NONE', #1283, #2786, #1558 ) ;
#2461 = ORIENTED_EDGE ( 'NONE', *, *, #2820, .F. ) ;
#2462 = EDGE_CURVE ( 'NONE', #1388, #1536, #1634, .T. ) ;
#2463 = DIRECTION ( 'NONE',  ( 0.000000000000000000, 0.000000000000000000, 1.000000000000000000 ) ) ;
#2464 = EDGE_CURVE ( 'NONE', #1404, #1736, #1114, .T. ) ;
#2465 = AXIS2_PLACEMENT_3D ( 'NONE', #2846, #1135, #390 ) ;
#2466 = LINE ( 'NONE', #760, #1632 ) ;
#2467 = VERTEX_POINT ( 'NONE', #1571 ) ;
#2468 = LINE ( 'NONE', #238, #2286 ) ;
#2469 = AXIS2_PLACEMENT_3D ( 'NONE', #2731, #1237, #1794 ) ;
#2470 = FACE_OUTER_BOUND ( 'NONE', #508, .T. ) ;
#2471 = AXIS2_PLACEMENT_3D ( 'NONE', #2159, #1154, #440 ) ;
#2472 = ORIENTED_EDGE ( 'NONE', *, *, #3006, .T. ) ;
#2473 = ORIENTED_EDGE ( 'NONE', *, *, #1856, .T. ) ;
#2474 = LINE ( 'NONE', #2964, #1406 ) ;
#2475 = DIRECTION ( 'NONE',  ( 0.000000000000000000, 0.000000000000000000, 1.000000000000000000 ) ) ;
#2476 = CYLINDRICAL_SURFACE ( 'NONE', #590, 1.599999999999990319 ) ;
#2477 = DIRECTION ( 'NONE',  ( 0.000000000000000000, 0.000000000000000000, 1.000000000000000000 ) ) ;
#2478 = VERTEX_POINT ( 'NONE', #1827 ) ;
#2479 = CYLINDRICAL_SURFACE ( 'NONE', #2402, 1.599999999999990319 ) ;
#2480 = FACE_OUTER_BOUND ( 'NONE', #552, .T. ) ;
#2481 = ADVANCED_FACE ( 'NONE', ( #2114 ), #1871, .T. ) ;
#2482 = ORIENTED_EDGE ( 'NONE', *, *, #1269, .T. ) ;
#2483 = ADVANCED_FACE ( 'NONE', ( #89 ), #1095, .F. ) ;
#2484 = DIRECTION ( 'NONE',  ( 0.000000000000000000, 0.000000000000000000, 1.000000000000000000 ) ) ;
#2485 = CARTESIAN_POINT ( 'NONE',  ( -249.2399999999999238, -1.199999999999999956, -21.89999999999973923 ) ) ;
#2486 = EDGE_LOOP ( 'NONE', ( #1083, #2915 ) ) ;
#2487 = EDGE_LOOP ( 'NONE', ( #698, #4, #793, #438 ) ) ;
#2488 = FACE_OUTER_BOUND ( 'NONE', #2432, .T. ) ;
#2489 = DIRECTION ( 'NONE',  ( 1.000000000000000000, 0.000000000000000000, 0.000000000000000000 ) ) ;
#2490 = DIRECTION ( 'NONE',  ( 0.000000000000000000, 1.000000000000000000, 0.000000000000000000 ) ) ;
#2491 = DIRECTION ( 'NONE',  ( 8.659560562354947649E-17, 0.7071067811865464625, -0.7071067811865486830 ) ) ;
#2492 = DIRECTION ( 'NONE',  ( -0.000000000000000000, 1.000000000000000000, -0.000000000000000000 ) ) ;
#2493 = DIRECTION ( 'NONE',  ( 0.000000000000000000, 0.000000000000000000, 1.000000000000000000 ) ) ;
#2494 = VERTEX_POINT ( 'NONE', #1082 ) ;
#2495 = CARTESIAN_POINT ( 'NONE',  ( 257.2500000000000000, -2.699999999999952216, 442.4999999999997726 ) ) ;
#2496 = CARTESIAN_POINT ( 'NONE',  ( 249.2399999999998386, 0.000000000000000000, -315.0000000000005684 ) ) ;
#2497 = ORIENTED_EDGE ( 'NONE', *, *, #132, .T. ) ;
#2498 = FACE_OUTER_BOUND ( 'NONE', #2276, .T. ) ;
#2499 = VECTOR ( 'NONE', #2760, 1000.000000000000000 ) ;
#2500 = FACE_OUTER_BOUND ( 'NONE', #507, .T. ) ;
#2501 = VECTOR ( 'NONE', #2706, 1000.000000000000000 ) ;
#2502 = ORIENTED_EDGE ( 'NONE', *, *, #1128, .F. ) ;
#2503 = ORIENTED_EDGE ( 'NONE', *, *, #1241, .T. ) ;
#2504 = AXIS2_PLACEMENT_3D ( 'NONE', #1432, #2422, #1498 ) ;
#2505 = ADVANCED_FACE ( 'NONE', ( #2631 ), #1992, .F. ) ;
#2506 = EDGE_CURVE ( 'NONE', #1111, #2530, #2612, .T. ) ;
#2507 = CARTESIAN_POINT ( 'NONE',  ( 259.6249999999999432, 0.000000000000000000, -443.0000000000000000 ) ) ;
#2508 = ORIENTED_EDGE ( 'NONE', *, *, #1917, .F. ) ;
#2509 = AXIS2_PLACEMENT_3D ( 'NONE', #2430, #2714, #970 ) ;
#2510 = CYLINDRICAL_SURFACE ( 'NONE', #2457, 1.899999999999999023 ) ;
#2511 = VECTOR ( 'NONE', #1888, 1000.000000000000000 ) ;
#2512 = DIRECTION ( 'NONE',  ( -0.000000000000000000, 1.000000000000000000, -0.000000000000000000 ) ) ;
#2513 = ORIENTED_EDGE ( 'NONE', *, *, #1016, .F. ) ;
#2514 = AXIS2_PLACEMENT_3D ( 'NONE', #1106, #1596, #3094 ) ;
#2515 = CARTESIAN_POINT ( 'NONE',  ( 249.2399999999998386, -1.099999999999997646, -19.99999999999974065 ) ) ;
#2516 = DIRECTION ( 'NONE',  ( 0.000000000000000000, 0.000000000000000000, 1.000000000000000000 ) ) ;
#2517 = VECTOR ( 'NONE', #3047, 1000.000000000000000 ) ;
#2518 = VERTEX_POINT ( 'NONE', #1614 ) ;
#2519 = DIRECTION ( 'NONE',  ( -1.254489293361759322E-16, 2.190012978775546041E-31, -1.000000000000000000 ) ) ;
#2520 = AXIS2_PLACEMENT_3D ( 'NONE', #1482, #206, #2948 ) ;
#2521 = DIRECTION ( 'NONE',  ( 8.659560562354947649E-17, 0.7071067811865464625, -0.7071067811865486830 ) ) ;
#2522 = VECTOR ( 'NONE', #1257, 1000.000000000000000 ) ;
#2523 = ORIENTED_EDGE ( 'NONE', *, *, #2639, .T. ) ;
#2524 = ORIENTED_EDGE ( 'NONE', *, *, #693, .T. ) ;
#2525 = CIRCLE ( 'NONE', #3195, 3.000000000000002665 ) ;
#2526 = ADVANCED_FACE ( 'NONE', ( #1353 ), #3084, .T. ) ;
#2527 = EDGE_CURVE ( 'NONE', #2903, #3217, #855, .T. ) ;
#2528 = PLANE ( 'NONE',  #2196 ) ;
#2529 = CYLINDRICAL_SURFACE ( 'NONE', #2185, 1.900000000000012790 ) ;
#2530 = VERTEX_POINT ( 'NONE', #2853 ) ;
#2531 = DIRECTION ( 'NONE',  ( 0.000000000000000000, 0.000000000000000000, 1.000000000000000000 ) ) ;
#2532 = DIRECTION ( 'NONE',  ( -0.000000000000000000, 1.000000000000000000, -0.000000000000000000 ) ) ;
#2533 = ORIENTED_EDGE ( 'NONE', *, *, #2883, .T. ) ;
#2534 = DIRECTION ( 'NONE',  ( 0.000000000000000000, 0.000000000000000000, 1.000000000000000000 ) ) ;
#2535 = CARTESIAN_POINT ( 'NONE',  ( -257.2500000000000000, -2.700000000000025047, 442.4999999999997726 ) ) ;
#2536 = ORIENTED_EDGE ( 'NONE', *, *, #1285, .F. ) ;
#2537 = VERTEX_POINT ( 'NONE', #2840 ) ;
#2538 = CARTESIAN_POINT ( 'NONE',  ( 259.9499999999999318, -9.000000000000001776, -442.5000000000000568 ) ) ;
#2539 = CARTESIAN_POINT ( 'NONE',  ( -249.2399999999999238, 0.000000000000000000, -318.0000000000005684 ) ) ;
#2540 = ADVANCED_FACE ( 'NONE', ( #2330 ), #1587, .F. ) ;
#2541 = PRESENTATION_STYLE_ASSIGNMENT (( #3032 ) ) ;
#2542 = ORIENTED_EDGE ( 'NONE', *, *, #2661, .F. ) ;
#2543 = PLANE ( 'NONE',  #2514 ) ;
#2544 = DIRECTION ( 'NONE',  ( 0.000000000000000000, 1.000000000000000000, 0.000000000000000000 ) ) ;
#2545 = EDGE_CURVE ( 'NONE', #1038, #343, #3139, .T. ) ;
#2546 = EDGE_CURVE ( 'NONE', #257, #3056, #2043, .T. ) ;
#2547 = EDGE_LOOP ( 'NONE', ( #1782, #2071, #1543, #2998 ) ) ;
#2548 = CARTESIAN_POINT ( 'NONE',  ( -249.2399999999999238, -1.099999999999997646, -315.0000000000005684 ) ) ;
#2549 = FACE_OUTER_BOUND ( 'NONE', #2827, .T. ) ;
#2550 = ORIENTED_EDGE ( 'NONE', *, *, #2585, .F. ) ;
#2551 = ORIENTED_EDGE ( 'NONE', *, *, #1979, .F. ) ;
#2552 = CIRCLE ( 'NONE', #2443, 1.900000000000012790 ) ;
#2553 = CARTESIAN_POINT ( 'NONE',  ( -259.6250000000000568, 0.000000000000000000, -455.0000000000000568 ) ) ;
#2554 = LINE ( 'NONE', #3091, #445 ) ;
#2555 = LINE ( 'NONE', #2325, #3125 ) ;
#2556 = AXIS2_PLACEMENT_3D ( 'NONE', #2143, #1865, #862 ) ;
#2557 = ORIENTED_EDGE ( 'NONE', *, *, #613, .T. ) ;
#2558 = CIRCLE ( 'NONE', #1156, 3.000000000000002665 ) ;
#2559 = DIRECTION ( 'NONE',  ( 1.254489293361759322E-16, 0.000000000000000000, 1.000000000000000000 ) ) ;
#2560 = DIRECTION ( 'NONE',  ( 0.000000000000000000, 1.000000000000000000, 6.123233995736766036E-17 ) ) ;
#2561 = AXIS2_PLACEMENT_3D ( 'NONE', #101, #3099, #866 ) ;
#2562 = ORIENTED_EDGE ( 'NONE', *, *, #354, .F. ) ;
#2563 = EDGE_CURVE ( 'NONE', #2518, #205, #1735, .T. ) ;
#2564 = EDGE_CURVE ( 'NONE', #2170, #352, #176, .T. ) ;
#2565 = CARTESIAN_POINT ( 'NONE',  ( 249.2399999999998386, 0.000000000000000000, 178.0000000000000568 ) ) ;
#2566 = DIRECTION ( 'NONE',  ( 3.491481338843134144E-15, -1.000000000000000000, -2.190012978775545603E-31 ) ) ;
#2567 = EDGE_LOOP ( 'NONE', ( #1522, #2732, #2807, #2157 ) ) ;
#2568 = ORIENTED_EDGE ( 'NONE', *, *, #3178, .F. ) ;
#2569 = VECTOR ( 'NONE', #1407, 1000.000000000000000 ) ;
#2570 = VERTEX_POINT ( 'NONE', #2444 ) ;
#2571 = AXIS2_PLACEMENT_3D ( 'NONE', #2496, #562, #1034 ) ;
#2572 = FACE_OUTER_BOUND ( 'NONE', #882, .T. ) ;
#2573 = PLANE ( 'NONE',  #1428 ) ;
#2574 = CARTESIAN_POINT ( 'NONE',  ( -249.2399999999999238, -1.199999999999999956, 173.1000000000000227 ) ) ;
#2575 = CIRCLE ( 'NONE', #2100, 1.900000000000012790 ) ;
#2576 = DIRECTION ( 'NONE',  ( 0.000000000000000000, 0.000000000000000000, 1.000000000000000000 ) ) ;
#2577 = FACE_BOUND ( 'NONE', #1689, .T. ) ;
#2578 = ORIENTED_EDGE ( 'NONE', *, *, #1241, .F. ) ;
#2579 = DIRECTION ( 'NONE',  ( -0.000000000000000000, 1.000000000000000000, -0.000000000000000000 ) ) ;
#2580 = CARTESIAN_POINT ( 'NONE',  ( 5.174678793551554786E-14, 0.000000000000000000, 448.5000000000000568 ) ) ;
#2581 = EDGE_CURVE ( 'NONE', #3132, #91, #2407, .T. ) ;
#2582 = ADVANCED_FACE ( 'NONE', ( #1648 ), #2409, .F. ) ;
#2583 = ORIENTED_EDGE ( 'NONE', *, *, #988, .T. ) ;
#2584 = VERTEX_POINT ( 'NONE', #1937 ) ;
#2585 = EDGE_CURVE ( 'NONE', #2119, #3127, #2149, .T. ) ;
#2586 = VERTEX_POINT ( 'NONE', #1396 ) ;
#2587 = CARTESIAN_POINT ( 'NONE',  ( 259.9499999999999318, -2.699999999999952216, -442.5000000000000000 ) ) ;
#2588 = LINE ( 'NONE', #2539, #81 ) ;
#2589 = CARTESIAN_POINT ( 'NONE',  ( -259.6250000000000568, -1.199999999999911582, -442.9999999999998863 ) ) ;
#2590 = CARTESIAN_POINT ( 'NONE',  ( -200.0000000000000568, 0.000000000000000000, -446.6000000000000796 ) ) ;
#2591 = CARTESIAN_POINT ( 'NONE',  ( 258.7499999999999432, -2.699999999999980194, -442.5000000000000000 ) ) ;
#2592 = ORIENTED_EDGE ( 'NONE', *, *, #2642, .F. ) ;
#2593 = CARTESIAN_POINT ( 'NONE',  ( 257.2500000000000000, -2.699999999999952216, -442.5000000000000000 ) ) ;
#2594 = DIRECTION ( 'NONE',  ( -0.000000000000000000, 1.000000000000000000, -0.000000000000000000 ) ) ;
#2595 = PRODUCT_DEFINITION_SHAPE ( 'NONE', 'NONE',  #1958 ) ;
#2596 = ORIENTED_EDGE ( 'NONE', *, *, #2705, .T. ) ;
#2597 = DIRECTION ( 'NONE',  ( -0.000000000000000000, 1.000000000000000000, -0.000000000000000000 ) ) ;
#2598 = EDGE_LOOP ( 'NONE', ( #490, #1238, #973, #175 ) ) ;
#2599 = ADVANCED_FACE ( 'NONE', ( #932 ), #2129, .F. ) ;
#2600 = ADVANCED_FACE ( 'NONE', ( #449 ), #2659, .F. ) ;
#2601 = CIRCLE ( 'NONE', #2234, 1.900000000000012790 ) ;
#2602 = DIRECTION ( 'NONE',  ( 0.000000000000000000, 0.000000000000000000, 1.000000000000000000 ) ) ;
#2603 = CARTESIAN_POINT ( 'NONE',  ( 258.7500000000000568, 0.000000000000000000, 442.4999999999998295 ) ) ;
#2604 = DIRECTION ( 'NONE',  ( 0.000000000000000000, 0.000000000000000000, 1.000000000000000000 ) ) ;
#2605 = VECTOR ( 'NONE', #2013, 1000.000000000000000 ) ;
#2606 = CYLINDRICAL_SURFACE ( 'NONE', #1262, 1.900000000000012790 ) ;
#2607 = AXIS2_PLACEMENT_3D ( 'NONE', #3000, #2753, #2475 ) ;
#2608 = CARTESIAN_POINT ( 'NONE',  ( 0.000000000000000000, -1.199999999999999956, 0.000000000000000000 ) ) ;
#2609 = ORIENTED_EDGE ( 'NONE', *, *, #1446, .F. ) ;
#2610 = VECTOR ( 'NONE', #2054, 1000.000000000000000 ) ;
#2611 = CARTESIAN_POINT ( 'NONE',  ( -259.9499999999999318, -9.000000000000001776, 442.4999999999997158 ) ) ;
#2612 = LINE ( 'NONE', #1026, #1630 ) ;
#2613 = AXIS2_PLACEMENT_3D ( 'NONE', #2216, #1986, #2953 ) ;
#2614 = ORIENTED_EDGE ( 'NONE', *, *, #298, .T. ) ;
#2615 = ORIENTED_EDGE ( 'NONE', *, *, #2800, .F. ) ;
#2616 = CIRCLE ( 'NONE', #1209, 3.000000000000002665 ) ;
#2617 = CIRCLE ( 'NONE', #851, 1.900000000000012790 ) ;
#2618 = ORIENTED_EDGE ( 'NONE', *, *, #2764, .T. ) ;
#2619 = VERTEX_POINT ( 'NONE', #3130 ) ;
#2620 = VECTOR ( 'NONE', #2594, 1000.000000000000000 ) ;
#2621 = FACE_OUTER_BOUND ( 'NONE', #1084, .T. ) ;
#2622 = CARTESIAN_POINT ( 'NONE',  ( -258.7499999999999432, -2.700000000000025047, 442.4999999999997726 ) ) ;
#2623 = DIRECTION ( 'NONE',  ( -0.000000000000000000, 1.000000000000000000, -0.000000000000000000 ) ) ;
#2624 = EDGE_CURVE ( 'NONE', #140, #1398, #411, .T. ) ;
#2625 = EDGE_CURVE ( 'NONE', #1190, #2467, #901, .T. ) ;
#2626 = VECTOR ( 'NONE', #2773, 1000.000000000000000 ) ;
#2627 = DIRECTION ( 'NONE',  ( 8.659560562354902043E-17, 0.7071067811865500152, -0.7071067811865450192 ) ) ;
#2628 = AXIS2_PLACEMENT_3D ( 'NONE', #2358, #2544, #315 ) ;
#2629 = ORIENTED_EDGE ( 'NONE', *, *, #57, .T. ) ;
#2630 = LINE ( 'NONE', #397, #1729 ) ;
#2631 = FACE_OUTER_BOUND ( 'NONE', #40, .T. ) ;
#2632 = ORIENTED_EDGE ( 'NONE', *, *, #1899, .T. ) ;
#2633 = ORIENTED_EDGE ( 'NONE', *, *, #2397, .F. ) ;
#2634 = VERTEX_POINT ( 'NONE', #2390 ) ;
#2635 = ORIENTED_EDGE ( 'NONE', *, *, #434, .F. ) ;
#2636 = CARTESIAN_POINT ( 'NONE',  ( 249.2399999999998386, -1.199999999999999956, -19.99999999999974065 ) ) ;
#2637 = CARTESIAN_POINT ( 'NONE',  ( 5.174678793551554786E-14, 0.000000000000000000, -448.5000000000000568 ) ) ;
#2638 = CARTESIAN_POINT ( 'NONE',  ( 5.174678793551554786E-14, -1.199999999999999956, 448.5000000000000568 ) ) ;
#2639 = EDGE_CURVE ( 'NONE', #626, #68, #2678, .T. ) ;
#2640 = DIRECTION ( 'NONE',  ( -0.000000000000000000, 1.000000000000000000, -0.000000000000000000 ) ) ;
#2641 = VERTEX_POINT ( 'NONE', #709 ) ;
#2642 = EDGE_CURVE ( 'NONE', #3217, #1965, #2882, .T. ) ;
#2643 = CYLINDRICAL_SURFACE ( 'NONE', #65, 1.599999999999990319 ) ;
#2644 = EDGE_CURVE ( 'NONE', #521, #1573, #1438, .T. ) ;
#2645 = DIRECTION ( 'NONE',  ( 0.000000000000000000, 0.000000000000000000, 1.000000000000000000 ) ) ;
#2646 = EDGE_LOOP ( 'NONE', ( #2428, #134, #2256, #1175 ) ) ;
#2647 = ORIENTED_EDGE ( 'NONE', *, *, #3216, .T. ) ;
#2648 = DIRECTION ( 'NONE',  ( -2.055968564120701655E-14, 1.000000000000000000, 0.000000000000000000 ) ) ;
#2649 = ORIENTED_EDGE ( 'NONE', *, *, #732, .F. ) ;
#2650 = ORIENTED_EDGE ( 'NONE', *, *, #954, .T. ) ;
#2651 = CARTESIAN_POINT ( 'NONE',  ( -258.7499999999999432, -3.149190310234814373E-12, 442.4999999999997726 ) ) ;
#2652 = DIRECTION ( 'NONE',  ( 0.000000000000000000, 0.000000000000000000, 1.000000000000000000 ) ) ;
#2653 = CARTESIAN_POINT ( 'NONE',  ( -249.2399999999999238, 0.000000000000000000, 175.0000000000000568 ) ) ;
#2654 = AXIS2_PLACEMENT_3D ( 'NONE', #2414, #2697, #2956 ) ;
#2655 = FACE_OUTER_BOUND ( 'NONE', #545, .T. ) ;
#2656 = VECTOR ( 'NONE', #3209, 1000.000000000000000 ) ;
#2657 = VERTEX_POINT ( 'NONE', #1712 ) ;
#2658 = FACE_OUTER_BOUND ( 'NONE', #1717, .T. ) ;
#2659 = CYLINDRICAL_SURFACE ( 'NONE', #30, 1.900000000000012790 ) ;
#2660 = CIRCLE ( 'NONE', #2245, 3.000000000000002665 ) ;
#2661 = EDGE_CURVE ( 'NONE', #2641, #1001, #2734, .T. ) ;
#2662 = ORIENTED_EDGE ( 'NONE', *, *, #691, .T. ) ;
#2663 = ADVANCED_FACE ( 'NONE', ( #2201 ), #918, .F. ) ;
#2664 = DIRECTION ( 'NONE',  ( 0.000000000000000000, 0.000000000000000000, 1.000000000000000000 ) ) ;
#2665 = CARTESIAN_POINT ( 'NONE',  ( -259.6249999999999432, -1.199999999999999956, 453.4000000000000341 ) ) ;
#2666 = VECTOR ( 'NONE', #1774, 1000.000000000000000 ) ;
#2667 = ORIENTED_EDGE ( 'NONE', *, *, #2239, .T. ) ;
#2668 = ORIENTED_EDGE ( 'NONE', *, *, #135, .T. ) ;
#2669 = AXIS2_PLACEMENT_3D ( 'NONE', #2515, #1745, #980 ) ;
#2670 = CARTESIAN_POINT ( 'NONE',  ( -200.0000000000000568, 0.000000000000000000, 448.5000000000000568 ) ) ;
#2671 = AXIS2_PLACEMENT_3D ( 'NONE', #1629, #1885, #668 ) ;
#2672 = DIRECTION ( 'NONE',  ( -0.000000000000000000, 1.000000000000000000, -0.000000000000000000 ) ) ;
#2673 = CYLINDRICAL_SURFACE ( 'NONE', #3072, 1.900000000000012790 ) ;
#2674 = CIRCLE ( 'NONE', #2460, 1.599999999999990319 ) ;
#2675 = LINE ( 'NONE', #2163, #1057 ) ;
#2676 = VECTOR ( 'NONE', #1855, 1000.000000000000000 ) ;
#2677 = ORIENTED_EDGE ( 'NONE', *, *, #194, .T. ) ;
#2678 = CIRCLE ( 'NONE', #2935, 3.000000000000002665 ) ;
#2679 = DIRECTION ( 'NONE',  ( 0.000000000000000000, 0.7071067811865500152, 0.7071067811865450192 ) ) ;
#2680 = CIRCLE ( 'NONE', #1274, 1.899999999999999023 ) ;
#2681 = EDGE_LOOP ( 'NONE', ( #933, #2562, #3120, #1166 ) ) ;
#2682 = CARTESIAN_POINT ( 'NONE',  ( -259.6250000000000568, -1.199999999999999956, -453.4000000000000909 ) ) ;
#2683 = FACE_BOUND ( 'NONE', #765, .T. ) ;
#2684 = ADVANCED_FACE ( 'NONE', ( #1663 ), #428, .T. ) ;
#2685 = EDGE_CURVE ( 'NONE', #2237, #2518, #1452, .T. ) ;
#2686 = ORIENTED_EDGE ( 'NONE', *, *, #1548, .F. ) ;
#2687 = ORIENTED_EDGE ( 'NONE', *, *, #2359, .F. ) ;
#2688 = EDGE_CURVE ( 'NONE', #938, #343, #1954, .T. ) ;
#2689 = DIRECTION ( 'NONE',  ( -0.000000000000000000, 0.000000000000000000, -1.000000000000000000 ) ) ;
#2690 = CARTESIAN_POINT ( 'NONE',  ( 249.2399999999998386, 0.000000000000000000, 344.9999999999999432 ) ) ;
#2691 = DIRECTION ( 'NONE',  ( 0.000000000000000000, 0.000000000000000000, 1.000000000000000000 ) ) ;
#2692 = CARTESIAN_POINT ( 'NONE',  ( 200.0000000000001705, -1.199999999999999956, 448.5000000000000568 ) ) ;
#2693 = ORIENTED_EDGE ( 'NONE', *, *, #713, .F. ) ;
#2694 = DIRECTION ( 'NONE',  ( 0.000000000000000000, 0.000000000000000000, -1.000000000000000000 ) ) ;
#2695 = DIRECTION ( 'NONE',  ( 1.000000000000000000, 3.725090411571223841E-14, 0.000000000000000000 ) ) ;
#2696 = EDGE_LOOP ( 'NONE', ( #697, #1167, #1120, #2989 ) ) ;
#2697 = DIRECTION ( 'NONE',  ( -0.000000000000000000, 1.000000000000000000, -0.000000000000000000 ) ) ;
#2698 = DIRECTION ( 'NONE',  ( 0.000000000000000000, 0.000000000000000000, 1.000000000000000000 ) ) ;
#2699 = EDGE_LOOP ( 'NONE', ( #3052, #614, #679, #2792 ) ) ;
#2700 = ORIENTED_EDGE ( 'NONE', *, *, #830, .T. ) ;
#2701 = DIRECTION ( 'NONE',  ( 0.000000000000000000, 0.000000000000000000, 1.000000000000000000 ) ) ;
#2702 = CARTESIAN_POINT ( 'NONE',  ( -200.0000000000000568, -1.199999999999999956, 448.5000000000000568 ) ) ;
#2703 = FACE_BOUND ( 'NONE', #2022, .T. ) ;
#2704 = EDGE_CURVE ( 'NONE', #3056, #257, #123, .T. ) ;
#2705 = EDGE_CURVE ( 'NONE', #352, #2170, #386, .T. ) ;
#2706 = DIRECTION ( 'NONE',  ( -0.000000000000000000, -1.000000000000000000, -0.000000000000000000 ) ) ;
#2707 = VERTEX_POINT ( 'NONE', #2004 ) ;
#2708 = DIRECTION ( 'NONE',  ( -0.000000000000000000, 1.000000000000000000, -0.000000000000000000 ) ) ;
#2709 = VECTOR ( 'NONE', #3183, 1000.000000000000000 ) ;
#2710 = CARTESIAN_POINT ( 'NONE',  ( 249.2399999999998386, 0.000000000000000000, 344.9999999999999432 ) ) ;
#2711 = ORIENTED_EDGE ( 'NONE', *, *, #240, .T. ) ;
#2712 = DIRECTION ( 'NONE',  ( -0.000000000000000000, -0.000000000000000000, -1.000000000000000000 ) ) ;
#2713 =( GEOMETRIC_REPRESENTATION_CONTEXT ( 3 ) GLOBAL_UNCERTAINTY_ASSIGNED_CONTEXT ( ( #2814 ) ) GLOBAL_UNIT_ASSIGNED_CONTEXT ( ( #1580, #1770, #620 ) ) REPRESENTATION_CONTEXT ( 'NONE', 'WORKASPACE' ) );
#2714 = DIRECTION ( 'NONE',  ( -0.000000000000000000, 1.000000000000000000, -0.000000000000000000 ) ) ;
#2715 = VERTEX_POINT ( 'NONE', #250 ) ;
#2716 = ORIENTED_EDGE ( 'NONE', *, *, #1379, .T. ) ;
#2717 = AXIS2_PLACEMENT_3D ( 'NONE', #1050, #2735, #2750 ) ;
#2718 = CARTESIAN_POINT ( 'NONE',  ( 5.174678793551554786E-14, -1.099999999999997646, -446.6000000000000796 ) ) ;
#2719 = SHAPE_DEFINITION_REPRESENTATION ( #2595, #2259 ) ;
#2720 = CARTESIAN_POINT ( 'NONE',  ( -259.9499999999999886, -9.000000000000001776, -442.4999999999998863 ) ) ;
#2721 = DIRECTION ( 'NONE',  ( -0.000000000000000000, 1.000000000000000000, -0.000000000000000000 ) ) ;
#2722 = AXIS2_PLACEMENT_3D ( 'NONE', #1844, #1854, #1069 ) ;
#2723 = CIRCLE ( 'NONE', #2984, 1.899999999999999023 ) ;
#2724 = DIRECTION ( 'NONE',  ( -0.000000000000000000, 1.000000000000000000, -0.000000000000000000 ) ) ;
#2725 = EDGE_CURVE ( 'NONE', #3127, #257, #236, .T. ) ;
#2726 = EDGE_CURVE ( 'NONE', #908, #55, #2525, .T. ) ;
#2727 = CARTESIAN_POINT ( 'NONE',  ( 259.6250000000000568, -1.200000000000003064, 442.9999999999998295 ) ) ;
#2728 = ORIENTED_EDGE ( 'NONE', *, *, #1940, .F. ) ;
#2729 = DIRECTION ( 'NONE',  ( 0.000000000000000000, 0.000000000000000000, 1.000000000000000000 ) ) ;
#2730 = VECTOR ( 'NONE', #664, 1000.000000000000000 ) ;
#2731 = CARTESIAN_POINT ( 'NONE',  ( -249.2399999999999238, 0.000000000000000000, 345.0000000000000000 ) ) ;
#2732 = ORIENTED_EDGE ( 'NONE', *, *, #2924, .T. ) ;
#2733 = DIRECTION ( 'NONE',  ( -0.000000000000000000, 1.000000000000000000, -0.000000000000000000 ) ) ;
#2734 = CIRCLE ( 'NONE', #1481, 1.900000000000012790 ) ;
#2735 = DIRECTION ( 'NONE',  ( -0.000000000000000000, 1.000000000000000000, -0.000000000000000000 ) ) ;
#2736 = EDGE_LOOP ( 'NONE', ( #3213, #1021, #1824, #3088 ) ) ;
#2737 = ORIENTED_EDGE ( 'NONE', *, *, #240, .F. ) ;
#2738 = DIRECTION ( 'NONE',  ( 0.000000000000000000, 0.000000000000000000, 1.000000000000000000 ) ) ;
#2739 = FACE_OUTER_BOUND ( 'NONE', #1658, .T. ) ;
#2740 = FACE_OUTER_BOUND ( 'NONE', #1350, .T. ) ;
#2741 = DIRECTION ( 'NONE',  ( 0.000000000000000000, 0.000000000000000000, 1.000000000000000000 ) ) ;
#2742 = EDGE_LOOP ( 'NONE', ( #1909, #937 ) ) ;
#2743 = EDGE_CURVE ( 'NONE', #1616, #1063, #231, .T. ) ;
#2744 = DIRECTION ( 'NONE',  ( 0.000000000000000000, 0.000000000000000000, 1.000000000000000000 ) ) ;
#2745 = CARTESIAN_POINT ( 'NONE',  ( 259.6249999999999432, -1.200000000000003064, -443.0000000000000000 ) ) ;
#2746 = ORIENTED_EDGE ( 'NONE', *, *, #2685, .F. ) ;
#2747 = DIRECTION ( 'NONE',  ( -0.000000000000000000, 1.000000000000000000, -0.000000000000000000 ) ) ;
#2748 = ADVANCED_FACE ( 'NONE', ( #503 ), #547, .T. ) ;
#2749 = EDGE_CURVE ( 'NONE', #2467, #2715, #337, .T. ) ;
#2750 = DIRECTION ( 'NONE',  ( 0.000000000000000000, 0.000000000000000000, 1.000000000000000000 ) ) ;
#2751 = ORIENTED_EDGE ( 'NONE', *, *, #2898, .F. ) ;
#2752 = ORIENTED_EDGE ( 'NONE', *, *, #2624, .F. ) ;
#2753 = DIRECTION ( 'NONE',  ( -0.000000000000000000, 1.000000000000000000, -0.000000000000000000 ) ) ;
#2754 = CARTESIAN_POINT ( 'NONE',  ( -249.2399999999999238, 0.000000000000000000, -19.99999999999974065 ) ) ;
#2755 = CARTESIAN_POINT ( 'NONE',  ( 1.061766380429887587E-18, -1.199999999999999956, 12.26192023000044351 ) ) ;
#2756 = VERTEX_POINT ( 'NONE', #1276 ) ;
#2757 = DIRECTION ( 'NONE',  ( 0.000000000000000000, 1.000000000000000000, 0.000000000000000000 ) ) ;
#2758 = CARTESIAN_POINT ( 'NONE',  ( 249.2399999999998386, -1.199999999999999956, 344.9999999999999432 ) ) ;
#2759 = ORIENTED_EDGE ( 'NONE', *, *, #2987, .T. ) ;
#2760 = DIRECTION ( 'NONE',  ( -0.000000000000000000, -2.891205793294675861E-16, 1.000000000000000000 ) ) ;
#2761 = CIRCLE ( 'NONE', #415, 1.900000000000012790 ) ;
#2762 = DIRECTION ( 'NONE',  ( 0.000000000000000000, 0.000000000000000000, 1.000000000000000000 ) ) ;
#2763 = EDGE_CURVE ( 'NONE', #3168, #2030, #648, .T. ) ;
#2764 = EDGE_CURVE ( 'NONE', #3151, #2116, #1887, .T. ) ;
#2765 = ORIENTED_EDGE ( 'NONE', *, *, #1763, .T. ) ;
#2766 = ORIENTED_EDGE ( 'NONE', *, *, #2115, .F. ) ;
#2767 = VECTOR ( 'NONE', #2174, 1000.000000000000000 ) ;
#2768 = DIRECTION ( 'NONE',  ( -0.000000000000000000, 1.000000000000000000, -0.000000000000000000 ) ) ;
#2769 = CONICAL_SURFACE ( 'NONE', #1312, 3.000000000000002665, 0.7853981633974447263 ) ;
#2770 = CYLINDRICAL_SURFACE ( 'NONE', #1316, 1.899999999999999023 ) ;
#2771 = ORIENTED_EDGE ( 'NONE', *, *, #3137, .F. ) ;
#2772 = CARTESIAN_POINT ( 'NONE',  ( 258.0250000000000909, -1.199999999999999956, 453.3999999999999773 ) ) ;
#2773 = DIRECTION ( 'NONE',  ( -0.000000000000000000, 1.000000000000000000, -0.000000000000000000 ) ) ;
#2774 = AXIS2_PLACEMENT_3D ( 'NONE', #2308, #82, #344 ) ;
#2775 = VERTEX_POINT ( 'NONE', #2033 ) ;
#2776 = CARTESIAN_POINT ( 'NONE',  ( -258.7500000000000000, -9.000000000000005329, 3.246292606499840714E-14 ) ) ;
#2777 = DIRECTION ( 'NONE',  ( -0.000000000000000000, 1.000000000000000000, -0.000000000000000000 ) ) ;
#2778 = AXIS2_PLACEMENT_3D ( 'NONE', #3212, #1504, #1758 ) ;
#2779 = VERTEX_POINT ( 'NONE', #2280 ) ;
#2780 = ORIENTED_EDGE ( 'NONE', *, *, #2884, .F. ) ;
#2781 = ADVANCED_FACE ( 'NONE', ( #1520 ), #497, .F. ) ;
#2782 = AXIS2_PLACEMENT_3D ( 'NONE', #1883, #192, #2930 ) ;
#2783 = ORIENTED_EDGE ( 'NONE', *, *, #1397, .T. ) ;
#2784 = EDGE_CURVE ( 'NONE', #3201, #2232, #1747, .T. ) ;
#2785 = ADVANCED_FACE ( 'NONE', ( #3036 ), #3007, .F. ) ;
#2786 = DIRECTION ( 'NONE',  ( 0.000000000000000000, 1.000000000000000000, 0.000000000000000000 ) ) ;
#2787 = CARTESIAN_POINT ( 'NONE',  ( 259.9499999999999318, -9.000000000000001776, -442.5000000000000568 ) ) ;
#2788 = CARTESIAN_POINT ( 'NONE',  ( -200.0000000000000568, 0.000000000000000000, -448.5000000000000568 ) ) ;
#2789 = ORIENTED_EDGE ( 'NONE', *, *, #1784, .F. ) ;
#2790 = FACE_OUTER_BOUND ( 'NONE', #692, .T. ) ;
#2791 = LINE ( 'NONE', #1489, #803 ) ;
#2792 = ORIENTED_EDGE ( 'NONE', *, *, #2019, .T. ) ;
#2793 = DIRECTION ( 'NONE',  ( 0.000000000000000000, 0.000000000000000000, 1.000000000000000000 ) ) ;
#2794 = FACE_OUTER_BOUND ( 'NONE', #163, .T. ) ;
#2795 = EDGE_LOOP ( 'NONE', ( #1751, #617 ) ) ;
#2796 = ORIENTED_EDGE ( 'NONE', *, *, #1532, .F. ) ;
#2797 = CARTESIAN_POINT ( 'NONE',  ( 249.2399999999998386, -1.099999999999997646, -316.9000000000005457 ) ) ;
#2798 = CARTESIAN_POINT ( 'NONE',  ( 200.0000000000001705, 0.000000000000000000, -448.5000000000000568 ) ) ;
#2799 = DIRECTION ( 'NONE',  ( -1.000000000000000000, 0.000000000000000000, 0.000000000000000000 ) ) ;
#2800 = EDGE_CURVE ( 'NONE', #1556, #2112, #2791, .T. ) ;
#2801 = EDGE_CURVE ( 'NONE', #1263, #2903, #2307, .T. ) ;
#2802 = ORIENTED_EDGE ( 'NONE', *, *, #394, .F. ) ;
#2803 = CARTESIAN_POINT ( 'NONE',  ( -258.7499999999999432, -9.000000000000005329, 442.4999999999997158 ) ) ;
#2804 = ORIENTED_EDGE ( 'NONE', *, *, #774, .T. ) ;
#2805 = DIRECTION ( 'NONE',  ( -1.254489293361759076E-16, 0.000000000000000000, -1.000000000000000000 ) ) ;
#2806 = DIRECTION ( 'NONE',  ( 0.000000000000000000, 0.000000000000000000, 1.000000000000000000 ) ) ;
#2807 = ORIENTED_EDGE ( 'NONE', *, *, #2763, .T. ) ;
#2808 = ORIENTED_EDGE ( 'NONE', *, *, #1423, .F. ) ;
#2809 = VECTOR ( 'NONE', #726, 1000.000000000000000 ) ;
#2810 = AXIS2_PLACEMENT_3D ( 'NONE', #262, #2512, #2047 ) ;
#2811 = AXIS2_PLACEMENT_3D ( 'NONE', #2246, #476, #2477 ) ;
#2812 = CARTESIAN_POINT ( 'NONE',  ( 259.6250000000000568, -1.200000000000003064, 442.9999999999998295 ) ) ;
#2813 = CARTESIAN_POINT ( 'NONE',  ( -249.2399999999999238, -1.199999999999999956, -315.0000000000005684 ) ) ;
#2814 = UNCERTAINTY_MEASURE_WITH_UNIT (LENGTH_MEASURE( 1.000000000000000082E-05 ), #1580, 'distance_accuracy_value', 'NONE');
#2815 = CARTESIAN_POINT ( 'NONE',  ( -200.0000000000000568, 0.000000000000000000, 450.4000000000000909 ) ) ;
#2816 = AXIS2_PLACEMENT_3D ( 'NONE', #683, #719, #991 ) ;
#2817 = AXIS2_PLACEMENT_3D ( 'NONE', #712, #1700, #2698 ) ;
#2818 = EDGE_CURVE ( 'NONE', #2707, #582, #2466, .T. ) ;
#2819 = CARTESIAN_POINT ( 'NONE',  ( 249.2399999999998386, 0.000000000000000000, -315.0000000000005684 ) ) ;
#2820 = EDGE_CURVE ( 'NONE', #1134, #985, #2970, .T. ) ;
#2821 = FACE_BOUND ( 'NONE', #3119, .T. ) ;
#2822 = AXIS2_PLACEMENT_3D ( 'NONE', #1437, #1451, #1633 ) ;
#2823 = ORIENTED_EDGE ( 'NONE', *, *, #3080, .T. ) ;
#2824 = CARTESIAN_POINT ( 'NONE',  ( 249.2399999999998386, -1.099999999999997646, 176.9000000000000625 ) ) ;
#2825 = CIRCLE ( 'NONE', #2671, 1.900000000000012790 ) ;
#2826 = CARTESIAN_POINT ( 'NONE',  ( 5.174678793551554786E-14, 0.000000000000000000, -448.5000000000000568 ) ) ;
#2827 = EDGE_LOOP ( 'NONE', ( #189, #3069, #2284, #2513 ) ) ;
#2828 = EDGE_LOOP ( 'NONE', ( #2297, #1759, #3177, #2796 ) ) ;
#2829 = CIRCLE ( 'NONE', #1417, 1.900000000000012790 ) ;
#2830 = AXIS2_PLACEMENT_3D ( 'NONE', #2376, #1339, #138 ) ;
#2831 = CIRCLE ( 'NONE', #1112, 1.900000000000012790 ) ;
#2832 = DIRECTION ( 'NONE',  ( 1.000000000000000000, 0.000000000000000000, -1.220025301785886411E-16 ) ) ;
#2833 = DIRECTION ( 'NONE',  ( 0.000000000000000000, 1.000000000000000000, 0.000000000000000000 ) ) ;
#2834 = LINE ( 'NONE', #666, #108 ) ;
#2835 = CIRCLE ( 'NONE', #2997, 1.900000000000012790 ) ;
#2836 = CARTESIAN_POINT ( 'NONE',  ( 259.6249999999999432, 0.000000000000000000, -455.0000000000000568 ) ) ;
#2837 = FACE_BOUND ( 'NONE', #8, .T. ) ;
#2838 = ORIENTED_EDGE ( 'NONE', *, *, #1382, .F. ) ;
#2839 = DIRECTION ( 'NONE',  ( 0.000000000000000000, 0.000000000000000000, 1.000000000000000000 ) ) ;
#2840 = CARTESIAN_POINT ( 'NONE',  ( 258.0249999999999204, 0.000000000000000000, -455.0000000000000568 ) ) ;
#2841 = ADVANCED_FACE ( 'NONE', ( #2480 ), #7, .F. ) ;
#2842 = ORIENTED_EDGE ( 'NONE', *, *, #2396, .F. ) ;
#2843 = EDGE_CURVE ( 'NONE', #2107, #1134, #267, .T. ) ;
#2844 = ORIENTED_EDGE ( 'NONE', *, *, #3178, .T. ) ;
#2845 = EDGE_LOOP ( 'NONE', ( #380, #2351 ) ) ;
#2846 = CARTESIAN_POINT ( 'NONE',  ( -258.0249999999999773, -1.199999999999999956, 453.4000000000000341 ) ) ;
#2847 = DIRECTION ( 'NONE',  ( 1.254489293361759076E-16, 2.190012978775546479E-31, 1.000000000000000000 ) ) ;
#2848 = FACE_OUTER_BOUND ( 'NONE', #3110, .T. ) ;
#2849 = DIRECTION ( 'NONE',  ( -0.000000000000000000, 1.000000000000000000, -0.000000000000000000 ) ) ;
#2850 = LINE ( 'NONE', #622, #550 ) ;
#2851 = ORIENTED_EDGE ( 'NONE', *, *, #2019, .F. ) ;
#2852 = DIRECTION ( 'NONE',  ( 0.000000000000000000, 0.000000000000000000, 1.000000000000000000 ) ) ;
#2853 = CARTESIAN_POINT ( 'NONE',  ( -200.0000000000000568, -1.099999999999997646, 446.6000000000000796 ) ) ;
#2854 = ORIENTED_EDGE ( 'NONE', *, *, #2176, .T. ) ;
#2855 = CARTESIAN_POINT ( 'NONE',  ( -259.6250000000000568, 0.000000000000000000, -455.0000000000000568 ) ) ;
#2856 = EDGE_CURVE ( 'NONE', #2399, #62, #1090, .T. ) ;
#2857 = EDGE_CURVE ( 'NONE', #1178, #1748, #99, .T. ) ;
#2858 = VERTEX_POINT ( 'NONE', #2867 ) ;
#2859 = ORIENTED_EDGE ( 'NONE', *, *, #2265, .T. ) ;
#2860 = AXIS2_PLACEMENT_3D ( 'NONE', #549, #821, #2793 ) ;
#2861 = CARTESIAN_POINT ( 'NONE',  ( 259.6249999999999432, 0.000000000000000000, -453.4000000000000909 ) ) ;
#2862 = CYLINDRICAL_SURFACE ( 'NONE', #601, 1.900000000000012790 ) ;
#2863 = LINE ( 'NONE', #2589, #2388 ) ;
#2864 = COLOUR_RGB ( '',0.6470588235294117974, 0.6196078431372549211, 0.5882352941176470784 ) ;
#2865 = DIRECTION ( 'NONE',  ( 0.000000000000000000, 1.000000000000000000, 6.123233995736766036E-17 ) ) ;
#2866 = AXIS2_PLACEMENT_3D ( 'NONE', #2435, #3191, #1248 ) ;
#2867 = CARTESIAN_POINT ( 'NONE',  ( 259.6250000000000568, 0.000000000000000000, 453.3999999999998067 ) ) ;
#2868 = ORIENTED_EDGE ( 'NONE', *, *, #2135, .F. ) ;
#2869 = CARTESIAN_POINT ( 'NONE',  ( -259.6250000000000568, -1.199999999999999956, -455.0000000000000568 ) ) ;
#2870 = DIRECTION ( 'NONE',  ( 0.000000000000000000, 0.000000000000000000, 1.000000000000000000 ) ) ;
#2871 = VECTOR ( 'NONE', #565, 1000.000000000000000 ) ;
#2872 = ORIENTED_EDGE ( 'NONE', *, *, #1329, .T. ) ;
#2873 = DIRECTION ( 'NONE',  ( 1.000000000000000000, 0.000000000000000000, 0.000000000000000000 ) ) ;
#2874 = ORIENTED_EDGE ( 'NONE', *, *, #1467, .T. ) ;
#2875 = ORIENTED_EDGE ( 'NONE', *, *, #1052, .F. ) ;
#2876 = EDGE_CURVE ( 'NONE', #1573, #1736, #3095, .T. ) ;
#2877 = AXIS2_PLACEMENT_3D ( 'NONE', #2963, #1010, #2489 ) ;
#2878 = VECTOR ( 'NONE', #439, 1000.000000000000000 ) ;
#2879 = LINE ( 'NONE', #3155, #1476 ) ;
#2880 = CARTESIAN_POINT ( 'NONE',  ( -249.2399999999999238, 0.000000000000000000, -16.99999999999973710 ) ) ;
#2881 = CARTESIAN_POINT ( 'NONE',  ( 258.0249999999999773, -1.199999999999999956, -453.4000000000000909 ) ) ;
#2882 = CIRCLE ( 'NONE', #1738, 3.000000000000002665 ) ;
#2883 = EDGE_CURVE ( 'NONE', #898, #3115, #1115, .T. ) ;
#2884 = EDGE_CURVE ( 'NONE', #2116, #3151, #2831, .T. ) ;
#2885 = DIRECTION ( 'NONE',  ( -0.000000000000000000, 1.000000000000000000, -0.000000000000000000 ) ) ;
#2886 = EDGE_LOOP ( 'NONE', ( #2542, #1254, #116, #1946 ) ) ;
#2887 = LINE ( 'NONE', #1661, #1470 ) ;
#2888 = DIRECTION ( 'NONE',  ( 0.000000000000000000, 0.000000000000000000, 1.000000000000000000 ) ) ;
#2889 = ORIENTED_EDGE ( 'NONE', *, *, #2685, .T. ) ;
#2890 = CARTESIAN_POINT ( 'NONE',  ( -200.0000000000000568, 0.000000000000000000, 451.5000000000000568 ) ) ;
#2891 = CARTESIAN_POINT ( 'NONE',  ( 1.061766380429887587E-18, 0.000000000000000000, 12.26192023000044351 ) ) ;
#2892 = ORIENTED_EDGE ( 'NONE', *, *, #473, .T. ) ;
#2893 = ORIENTED_EDGE ( 'NONE', *, *, #2884, .T. ) ;
#2894 = DIRECTION ( 'NONE',  ( 0.000000000000000000, 0.000000000000000000, 1.000000000000000000 ) ) ;
#2895 = DIRECTION ( 'NONE',  ( -0.000000000000000000, 1.000000000000000000, -0.000000000000000000 ) ) ;
#2896 = DIRECTION ( 'NONE',  ( -0.000000000000000000, 1.000000000000000000, -0.000000000000000000 ) ) ;
#2897 = CARTESIAN_POINT ( 'NONE',  ( -249.2399999999999238, 0.000000000000000000, 345.0000000000000000 ) ) ;
#2898 = EDGE_CURVE ( 'NONE', #2903, #1263, #906, .T. ) ;
#2899 = ADVANCED_FACE ( 'NONE', ( #2577, #608, #2837, #360, #1806, #2343, #114, #1107, #850, #2821, #2098, #1840, #3064, #1066, #2294, #819, #2066, #1366 ), #832, .F. ) ;
#2900 = ORIENTED_EDGE ( 'NONE', *, *, #667, .F. ) ;
#2901 = FACE_OUTER_BOUND ( 'NONE', #2333, .T. ) ;
#2902 = CARTESIAN_POINT ( 'NONE',  ( 249.2399999999998386, 0.000000000000000000, 175.0000000000000568 ) ) ;
#2903 = VERTEX_POINT ( 'NONE', #878 ) ;
#2904 = ORIENTED_EDGE ( 'NONE', *, *, #1880, .T. ) ;
#2905 = FACE_OUTER_BOUND ( 'NONE', #1150, .T. ) ;
#2906 = VERTEX_POINT ( 'NONE', #864 ) ;
#2907 = VERTEX_POINT ( 'NONE', #589 ) ;
#2908 = DIRECTION ( 'NONE',  ( -1.000000000000000000, 0.000000000000000000, 1.220025301785886411E-16 ) ) ;
#2909 = CARTESIAN_POINT ( 'NONE',  ( 200.0000000000001705, -1.099999999999997646, 450.4000000000000909 ) ) ;
#2910 = DIRECTION ( 'NONE',  ( 1.254489293361759076E-16, 2.190012978775546479E-31, 1.000000000000000000 ) ) ;
#2911 = VECTOR ( 'NONE', #2519, 1000.000000000000000 ) ;
#2912 = CARTESIAN_POINT ( 'NONE',  ( 249.2399999999998386, 0.000000000000000000, 178.0000000000000568 ) ) ;
#2913 = DIRECTION ( 'NONE',  ( 0.000000000000000000, 0.000000000000000000, 1.000000000000000000 ) ) ;
#2914 = VECTOR ( 'NONE', #1300, 1000.000000000000000 ) ;
#2915 = ORIENTED_EDGE ( 'NONE', *, *, #1015, .F. ) ;
#2916 = EDGE_CURVE ( 'NONE', #2619, #2372, #2258, .T. ) ;
#2917 = EDGE_CURVE ( 'NONE', #1868, #151, #2940, .T. ) ;
#2918 = VECTOR ( 'NONE', #731, 1000.000000000000000 ) ;
#2919 = LINE ( 'NONE', #1394, #1831 ) ;
#2920 = DIRECTION ( 'NONE',  ( 0.000000000000000000, 1.000000000000000000, 0.000000000000000000 ) ) ;
#2921 = CIRCLE ( 'NONE', #1875, 1.900000000000012790 ) ;
#2922 = ORIENTED_EDGE ( 'NONE', *, *, #2334, .T. ) ;
#2923 = DIRECTION ( 'NONE',  ( -1.000000000000000000, 0.000000000000000000, -2.337311630789787316E-14 ) ) ;
#2924 = EDGE_CURVE ( 'NONE', #2218, #3168, #2850, .T. ) ;
#2925 = PLANE ( 'NONE',  #424 ) ;
#2926 = CONICAL_SURFACE ( 'NONE', #2613, 3.000000000000002665, 0.7853981633974447263 ) ;
#2927 = ORIENTED_EDGE ( 'NONE', *, *, #2320, .F. ) ;
#2928 = EDGE_LOOP ( 'NONE', ( #2072, #284 ) ) ;
#2929 = AXIS2_PLACEMENT_3D ( 'NONE', #3050, #1303, #98 ) ;
#2930 = DIRECTION ( 'NONE',  ( 0.000000000000000000, 0.000000000000000000, 1.000000000000000000 ) ) ;
#2931 = CARTESIAN_POINT ( 'NONE',  ( 258.0249999999999204, -1.199999999999999956, -455.0000000000000568 ) ) ;
#2932 = CIRCLE ( 'NONE', #26, 1.900000000000012790 ) ;
#2933 = CARTESIAN_POINT ( 'NONE',  ( 5.197947082735354717E-14, -1.199999999999999956, 446.6000000000000796 ) ) ;
#2934 = DIRECTION ( 'NONE',  ( -1.254489293361759322E-16, 1.881733940042638614E-16, -1.000000000000000000 ) ) ;
#2935 = AXIS2_PLACEMENT_3D ( 'NONE', #2710, #689, #463 ) ;
#2936 = VERTEX_POINT ( 'NONE', #2803 ) ;
#2937 = AXIS2_PLACEMENT_3D ( 'NONE', #2309, #1607, #3074 ) ;
#2938 = DIRECTION ( 'NONE',  ( -0.000000000000000000, 1.000000000000000000, -0.000000000000000000 ) ) ;
#2939 = DIRECTION ( 'NONE',  ( 0.000000000000000000, 1.000000000000000000, 0.000000000000000000 ) ) ;
#2940 = CIRCLE ( 'NONE', #292, 3.000000000000002665 ) ;
#2941 = ORIENTED_EDGE ( 'NONE', *, *, #3079, .T. ) ;
#2942 = CARTESIAN_POINT ( 'NONE',  ( 200.0000000000001705, -1.099999999999997646, -448.5000000000000568 ) ) ;
#2943 = DIRECTION ( 'NONE',  ( 0.000000000000000000, 1.000000000000000000, 0.000000000000000000 ) ) ;
#2944 = ADVANCED_FACE ( 'NONE', ( #2051 ), #651, .F. ) ;
#2945 = EDGE_CURVE ( 'NONE', #2302, #2537, #1325, .T. ) ;
#2946 = ORIENTED_EDGE ( 'NONE', *, *, #972, .F. ) ;
#2947 = ORIENTED_EDGE ( 'NONE', *, *, #1603, .T. ) ;
#2948 = DIRECTION ( 'NONE',  ( 0.000000000000000000, 0.000000000000000000, 1.000000000000000000 ) ) ;
#2949 = LINE ( 'NONE', #1706, #838 ) ;
#2950 = LINE ( 'NONE', #3014, #224 ) ;
#2951 = CARTESIAN_POINT ( 'NONE',  ( -249.2399999999999238, -1.099999999999997646, 345.0000000000000000 ) ) ;
#2952 = ORIENTED_EDGE ( 'NONE', *, *, #2296, .T. ) ;
#2953 = DIRECTION ( 'NONE',  ( 0.000000000000000000, 0.000000000000000000, 1.000000000000000000 ) ) ;
#2954 = CARTESIAN_POINT ( 'NONE',  ( 5.174678793551554786E-14, 0.000000000000000000, 451.5000000000000568 ) ) ;
#2955 = VERTEX_POINT ( 'NONE', #1567 ) ;
#2956 = DIRECTION ( 'NONE',  ( 0.000000000000000000, 0.000000000000000000, 1.000000000000000000 ) ) ;
#2957 = FACE_BOUND ( 'NONE', #2138, .T. ) ;
#2958 = ORIENTED_EDGE ( 'NONE', *, *, #2277, .F. ) ;
#2959 = ORIENTED_EDGE ( 'NONE', *, *, #791, .F. ) ;
#2960 = ADVANCED_FACE ( 'NONE', ( #3051 ), #1950, .F. ) ;
#2961 = EDGE_CURVE ( 'NONE', #2218, #1357, #2835, .T. ) ;
#2962 = PLANE ( 'NONE',  #957 ) ;
#2963 = CARTESIAN_POINT ( 'NONE',  ( 0.000000000000000000, 0.000000000000000000, 0.000000000000000000 ) ) ;
#2964 = CARTESIAN_POINT ( 'NONE',  ( 257.2500000000000568, 0.000000000000000000, 0.000000000000000000 ) ) ;
#2965 = CARTESIAN_POINT ( 'NONE',  ( 200.0000000000001705, 0.000000000000000000, 450.4000000000000909 ) ) ;
#2966 = DIRECTION ( 'NONE',  ( 0.000000000000000000, 0.000000000000000000, 1.000000000000000000 ) ) ;
#2967 = FACE_OUTER_BOUND ( 'NONE', #2328, .T. ) ;
#2968 = ORIENTED_EDGE ( 'NONE', *, *, #732, .T. ) ;
#2969 = DIRECTION ( 'NONE',  ( -0.000000000000000000, 1.000000000000000000, -0.000000000000000000 ) ) ;
#2970 = LINE ( 'NONE', #2745, #3143 ) ;
#2971 = VERTEX_POINT ( 'NONE', #1413 ) ;
#2972 = CARTESIAN_POINT ( 'NONE',  ( 249.2399999999998386, -1.099999999999997646, -315.0000000000005684 ) ) ;
#2973 = CIRCLE ( 'NONE', #1974, 1.900000000000012790 ) ;
#2974 = CARTESIAN_POINT ( 'NONE',  ( 249.2399999999998386, 0.000000000000000000, -315.0000000000005684 ) ) ;
#2975 = AXIS2_PLACEMENT_3D ( 'NONE', #2690, #2981, #926 ) ;
#2976 = ORIENTED_EDGE ( 'NONE', *, *, #775, .T. ) ;
#2977 = EDGE_LOOP ( 'NONE', ( #2202, #1592, #387, #716 ) ) ;
#2978 = AXIS2_PLACEMENT_3D ( 'NONE', #2974, #253, #2271 ) ;
#2979 = CARTESIAN_POINT ( 'NONE',  ( 259.9499999999999318, 4.189777606611760026E-15, -3.260932910121270982E-14 ) ) ;
#2980 =( NAMED_UNIT ( * ) PLANE_ANGLE_UNIT ( ) SI_UNIT ( $, .RADIAN. ) );
#2981 = DIRECTION ( 'NONE',  ( -0.000000000000000000, 1.000000000000000000, -0.000000000000000000 ) ) ;
#2982 = FACE_OUTER_BOUND ( 'NONE', #657, .T. ) ;
#2983 = EDGE_CURVE ( 'NONE', #2494, #1111, #2575, .T. ) ;
#2984 = AXIS2_PLACEMENT_3D ( 'NONE', #1158, #423, #2406 ) ;
#2985 = CARTESIAN_POINT ( 'NONE',  ( -259.6250000000000568, 0.000000000000000000, -453.4000000000000909 ) ) ;
#2986 = LINE ( 'NONE', #706, #418 ) ;
#2987 = EDGE_CURVE ( 'NONE', #3027, #153, #83, .T. ) ;
#2988 = ADVANCED_FACE ( 'NONE', ( #2353 ), #1789, .F. ) ;
#2989 = ORIENTED_EDGE ( 'NONE', *, *, #195, .T. ) ;
#2990 = CARTESIAN_POINT ( 'NONE',  ( 257.2500000000000568, 0.000000000000000000, 0.000000000000000000 ) ) ;
#2991 = AXIS2_PLACEMENT_3D ( 'NONE', #2103, #3100, #867 ) ;
#2992 = CARTESIAN_POINT ( 'NONE',  ( 257.2500000000000568, -1.200000000000006617, -443.0000000000000000 ) ) ;
#2993 = VERTEX_POINT ( 'NONE', #827 ) ;
#2994 = DIRECTION ( 'NONE',  ( -0.000000000000000000, 1.000000000000000000, -0.000000000000000000 ) ) ;
#2995 = VECTOR ( 'NONE', #2560, 1000.000000000000000 ) ;
#2996 = PLANE ( 'NONE',  #1572 ) ;
#2997 = AXIS2_PLACEMENT_3D ( 'NONE', #3146, #915, #2913 ) ;
#2998 = ORIENTED_EDGE ( 'NONE', *, *, #1148, .T. ) ;
#2999 = ORIENTED_EDGE ( 'NONE', *, *, #2464, .F. ) ;
#3000 = CARTESIAN_POINT ( 'NONE',  ( 249.2399999999998386, 0.000000000000000000, 344.9999999999999432 ) ) ;
#3001 = CYLINDRICAL_SURFACE ( 'NONE', #1360, 1.900000000000012790 ) ;
#3002 = DIRECTION ( 'NONE',  ( 0.000000000000000000, 0.000000000000000000, 1.000000000000000000 ) ) ;
#3003 = ORIENTED_EDGE ( 'NONE', *, *, #1170, .F. ) ;
#3004 = ADVANCED_FACE ( 'NONE', ( #345 ), #2573, .T. ) ;
#3005 = CARTESIAN_POINT ( 'NONE',  ( -249.2399999999999238, -1.099999999999997646, 176.9000000000000625 ) ) ;
#3006 = EDGE_CURVE ( 'NONE', #1243, #2955, #32, .T. ) ;
#3007 = CYLINDRICAL_SURFACE ( 'NONE', #3041, 1.900000000000012790 ) ;
#3008 = VERTEX_POINT ( 'NONE', #1318 ) ;
#3009 = PLANE ( 'NONE',  #784 ) ;
#3010 = CARTESIAN_POINT ( 'NONE',  ( -200.0000000000000568, -1.199999999999999956, 446.6000000000000796 ) ) ;
#3011 = ORIENTED_EDGE ( 'NONE', *, *, #2222, .T. ) ;
#3012 = ORIENTED_EDGE ( 'NONE', *, *, #353, .F. ) ;
#3013 = FACE_BOUND ( 'NONE', #400, .T. ) ;
#3014 = CARTESIAN_POINT ( 'NONE',  ( 249.2399999999998386, 0.000000000000000000, -316.9000000000005457 ) ) ;
#3015 = CARTESIAN_POINT ( 'NONE',  ( 249.2399999999998386, 0.000000000000000000, -19.99999999999974065 ) ) ;
#3016 = ORIENTED_EDGE ( 'NONE', *, *, #1727, .F. ) ;
#3017 = DIRECTION ( 'NONE',  ( 0.000000000000000000, 0.000000000000000000, 1.000000000000000000 ) ) ;
#3018 = DIRECTION ( 'NONE',  ( -0.000000000000000000, 1.000000000000000000, -0.000000000000000000 ) ) ;
#3019 = ORIENTED_EDGE ( 'NONE', *, *, #2725, .T. ) ;
#3020 = ADVANCED_FACE ( 'NONE', ( #2075 ), #357, .T. ) ;
#3021 = LINE ( 'NONE', #1749, #1561 ) ;
#3022 = VECTOR ( 'NONE', #2036, 1000.000000000000000 ) ;
#3023 = DIRECTION ( 'NONE',  ( 0.000000000000000000, 0.000000000000000000, 1.000000000000000000 ) ) ;
#3024 = CIRCLE ( 'NONE', #2339, 1.599999999999990319 ) ;
#3025 = EDGE_CURVE ( 'NONE', #1973, #2971, #2337, .T. ) ;
#3026 = ORIENTED_EDGE ( 'NONE', *, *, #58, .T. ) ;
#3027 = VERTEX_POINT ( 'NONE', #2787 ) ;
#3028 = VECTOR ( 'NONE', #2491, 1000.000000000000000 ) ;
#3029 = CARTESIAN_POINT ( 'NONE',  ( 257.2500000000000568, -1.200000000000006617, -443.0000000000000000 ) ) ;
#3030 = AXIS2_PLACEMENT_3D ( 'NONE', #2068, #1338, #2839 ) ;
#3031 = DIRECTION ( 'NONE',  ( -1.000000000000000000, 0.000000000000000000, 0.000000000000000000 ) ) ;
#3032 = SURFACE_STYLE_USAGE ( .BOTH. , #3062 ) ;
#3033 = VERTEX_POINT ( 'NONE', #1299 ) ;
#3034 = CONICAL_SURFACE ( 'NONE', #1930, 3.000000000000002665, 0.7853981633974447263 ) ;
#3035 = DIRECTION ( 'NONE',  ( -0.000000000000000000, 1.000000000000000000, -0.000000000000000000 ) ) ;
#3036 = FACE_OUTER_BOUND ( 'NONE', #2547, .T. ) ;
#3037 = EDGE_LOOP ( 'NONE', ( #1646, #2089, #2976, #1386 ) ) ;
#3038 = CARTESIAN_POINT ( 'NONE',  ( -259.6249999999999432, -1.199999999999999956, 454.9999999999999432 ) ) ;
#3039 = CONICAL_SURFACE ( 'NONE', #2094, 3.000000000000002665, 0.7853981633974447263 ) ;
#3040 = DIRECTION ( 'NONE',  ( -1.000000000000000000, 0.000000000000000000, 1.220025301785886411E-16 ) ) ;
#3041 = AXIS2_PLACEMENT_3D ( 'NONE', #1538, #301, #1967 ) ;
#3042 = ORIENTED_EDGE ( 'NONE', *, *, #3098, .F. ) ;
#3043 = ORIENTED_EDGE ( 'NONE', *, *, #1563, .F. ) ;
#3044 = AXIS2_PLACEMENT_3D ( 'NONE', #1897, #2403, #3170 ) ;
#3045 = ADVANCED_FACE ( 'NONE', ( #604 ), #1815, .T. ) ;
#3046 = EDGE_CURVE ( 'NONE', #2584, #873, #1944, .T. ) ;
#3047 = DIRECTION ( 'NONE',  ( 0.000000000000000000, 0.7071067811865500152, 0.7071067811865450192 ) ) ;
#3048 = FACE_OUTER_BOUND ( 'NONE', #61, .T. ) ;
#3049 = ORIENTED_EDGE ( 'NONE', *, *, #3221, .F. ) ;
#3050 = CARTESIAN_POINT ( 'NONE',  ( 200.0000000000001705, 0.000000000000000000, 448.5000000000000568 ) ) ;
#3051 = FACE_OUTER_BOUND ( 'NONE', #1342, .T. ) ;
#3052 = ORIENTED_EDGE ( 'NONE', *, *, #1823, .F. ) ;
#3053 = DIRECTION ( 'NONE',  ( -0.000000000000000000, 1.000000000000000000, -0.000000000000000000 ) ) ;
#3054 = CARTESIAN_POINT ( 'NONE',  ( 200.0000000000001705, -1.199999999999999956, -446.6000000000000796 ) ) ;
#3055 = CARTESIAN_POINT ( 'NONE',  ( 249.2399999999998386, 0.000000000000000000, -21.89999999999975344 ) ) ;
#3056 = VERTEX_POINT ( 'NONE', #2324 ) ;
#3057 = ORIENTED_EDGE ( 'NONE', *, *, #1382, .T. ) ;
#3058 = EDGE_CURVE ( 'NONE', #55, #908, #126, .T. ) ;
#3059 = EDGE_CURVE ( 'NONE', #1357, #2030, #2554, .T. ) ;
#3060 = DIRECTION ( 'NONE',  ( -0.000000000000000000, 1.000000000000000000, -0.000000000000000000 ) ) ;
#3061 = DIRECTION ( 'NONE',  ( -0.000000000000000000, 1.000000000000000000, -0.000000000000000000 ) ) ;
#3062 = SURFACE_SIDE_STYLE ('',( #2064 ) ) ;
#3063 = FACE_OUTER_BOUND ( 'NONE', #453, .T. ) ;
#3064 = FACE_BOUND ( 'NONE', #2247, .T. ) ;
#3065 = EDGE_LOOP ( 'NONE', ( #852, #1743, #2281, #2838 ) ) ;
#3066 = LINE ( 'NONE', #1113, #1618 ) ;
#3067 = DIRECTION ( 'NONE',  ( 1.000000000000000000, 3.491481338843134144E-15, 0.000000000000000000 ) ) ;
#3068 = ORIENTED_EDGE ( 'NONE', *, *, #2440, .F. ) ;
#3069 = ORIENTED_EDGE ( 'NONE', *, *, #2321, .T. ) ;
#3070 = VECTOR ( 'NONE', #505, 1000.000000000000000 ) ;
#3071 = CONICAL_SURFACE ( 'NONE', #1513, 3.000000000000002665, 0.7853981633974498333 ) ;
#3072 = AXIS2_PLACEMENT_3D ( 'NONE', #730, #1912, #1461 ) ;
#3073 = DIRECTION ( 'NONE',  ( 0.000000000000000000, 0.000000000000000000, 1.000000000000000000 ) ) ;
#3074 = DIRECTION ( 'NONE',  ( 0.000000000000000000, 0.000000000000000000, 1.000000000000000000 ) ) ;
#3075 = CARTESIAN_POINT ( 'NONE',  ( -257.2500000000000000, -2.699999999999768807, -442.4999999999998863 ) ) ;
#3076 = CIRCLE ( 'NONE', #484, 3.000000000000002665 ) ;
#3077 = DIRECTION ( 'NONE',  ( -0.000000000000000000, 1.000000000000000000, -0.000000000000000000 ) ) ;
#3078 = DIRECTION ( 'NONE',  ( 0.000000000000000000, -0.000000000000000000, 1.000000000000000000 ) ) ;
#3079 = EDGE_CURVE ( 'NONE', #1144, #151, #2588, .T. ) ;
#3080 = EDGE_CURVE ( 'NONE', #1331, #872, #309, .T. ) ;
#3081 = EDGE_LOOP ( 'NONE', ( #1886, #1698, #1229, #3210 ) ) ;
#3082 = CARTESIAN_POINT ( 'NONE',  ( 5.197947082735354717E-14, -1.099999999999997646, 446.6000000000000796 ) ) ;
#3083 = VECTOR ( 'NONE', #818, 1000.000000000000000 ) ;
#3084 = PLANE ( 'NONE',  #1421 ) ;
#3085 = ORIENTED_EDGE ( 'NONE', *, *, #1645, .T. ) ;
#3086 = CARTESIAN_POINT ( 'NONE',  ( -257.2500000000000568, -1.200000000000079003, 442.4999999999997726 ) ) ;
#3087 = CIRCLE ( 'NONE', #2774, 1.900000000000012790 ) ;
#3088 = ORIENTED_EDGE ( 'NONE', *, *, #2240, .F. ) ;
#3089 = PRODUCT ( '550-00158-00', '550-00158-00', '', ( #1497 ) ) ;
#3090 = CARTESIAN_POINT ( 'NONE',  ( -257.2500000000000568, -1.199999999999823208, -442.4999999999998863 ) ) ;
#3091 = CARTESIAN_POINT ( 'NONE',  ( 200.0000000000001705, 0.000000000000000000, -446.6000000000000796 ) ) ;
#3092 = DIRECTION ( 'NONE',  ( 0.000000000000000000, 0.000000000000000000, 1.000000000000000000 ) ) ;
#3093 = CIRCLE ( 'NONE', #3044, 1.599999999999990319 ) ;
#3094 = DIRECTION ( 'NONE',  ( -1.000000000000000000, 0.000000000000000000, 0.000000000000000000 ) ) ;
#3095 = LINE ( 'NONE', #347, #2995 ) ;
#3096 = ORIENTED_EDGE ( 'NONE', *, *, #516, .F. ) ;
#3097 = EDGE_CURVE ( 'NONE', #820, #1619, #2208, .T. ) ;
#3098 = EDGE_CURVE ( 'NONE', #2120, #62, #1076, .T. ) ;
#3099 = DIRECTION ( 'NONE',  ( 0.000000000000000000, 1.000000000000000000, 0.000000000000000000 ) ) ;
#3100 = DIRECTION ( 'NONE',  ( -0.000000000000000000, 1.000000000000000000, -0.000000000000000000 ) ) ;
#3101 = ORIENTED_EDGE ( 'NONE', *, *, #137, .F. ) ;
#3102 = CARTESIAN_POINT ( 'NONE',  ( 249.2399999999998386, 0.000000000000000000, 341.9999999999999432 ) ) ;
#3103 = ORIENTED_EDGE ( 'NONE', *, *, #1493, .T. ) ;
#3104 = ORIENTED_EDGE ( 'NONE', *, *, #518, .T. ) ;
#3105 = CYLINDRICAL_SURFACE ( 'NONE', #2465, 1.599999999999990319 ) ;
#3106 = CARTESIAN_POINT ( 'NONE',  ( -249.2399999999999238, 0.000000000000000000, -315.0000000000005684 ) ) ;
#3107 = CARTESIAN_POINT ( 'NONE',  ( -258.7500000000000568, -9.000000000000005329, -442.4999999999998863 ) ) ;
#3108 = CARTESIAN_POINT ( 'NONE',  ( 259.6249999999999432, -1.199999999999999956, -455.0000000000000568 ) ) ;
#3109 = DIRECTION ( 'NONE',  ( 0.000000000000000000, 0.000000000000000000, 1.000000000000000000 ) ) ;
#3110 = EDGE_LOOP ( 'NONE', ( #3164, #1777, #305, #383 ) ) ;
#3111 = DIRECTION ( 'NONE',  ( 1.000000000000000000, 0.000000000000000000, 0.000000000000000000 ) ) ;
#3112 = CARTESIAN_POINT ( 'NONE',  ( 249.2399999999998386, -1.199999999999999956, 344.9999999999999432 ) ) ;
#3113 = EDGE_CURVE ( 'NONE', #1873, #1388, #925, .T. ) ;
#3114 = ADVANCED_FACE ( 'NONE', ( #1172 ), #2862, .F. ) ;
#3115 = VERTEX_POINT ( 'NONE', #701 ) ;
#3116 = EDGE_LOOP ( 'NONE', ( #52, #2632, #959, #560 ) ) ;
#3117 = EDGE_CURVE ( 'NONE', #2586, #2779, #910, .T. ) ;
#3118 = ADVANCED_FACE ( 'NONE', ( #1691 ), #1018, .F. ) ;
#3119 = EDGE_LOOP ( 'NONE', ( #1139, #3186 ) ) ;
#3120 = ORIENTED_EDGE ( 'NONE', *, *, #913, .T. ) ;
#3121 = CIRCLE ( 'NONE', #781, 3.000000000000002665 ) ;
#3122 = DIRECTION ( 'NONE',  ( -0.000000000000000000, 1.000000000000000000, -0.000000000000000000 ) ) ;
#3123 = CARTESIAN_POINT ( 'NONE',  ( 180.0000000000000000, -1.099999999999997646, 12.26192023000044351 ) ) ;
#3124 = FACE_OUTER_BOUND ( 'NONE', #1496, .T. ) ;
#3125 = VECTOR ( 'NONE', #67, 1000.000000000000000 ) ;
#3126 = LINE ( 'NONE', #444, #169 ) ;
#3127 = VERTEX_POINT ( 'NONE', #1184 ) ;
#3128 = AXIS2_PLACEMENT_3D ( 'NONE', #11, #1279, #532 ) ;
#3129 = PLANE ( 'NONE',  #2822 ) ;
#3130 = CARTESIAN_POINT ( 'NONE',  ( -249.2399999999999238, 0.000000000000000000, 178.0000000000000568 ) ) ;
#3131 = EDGE_LOOP ( 'NONE', ( #242, #1210, #2056, #2968 ) ) ;
#3132 = VERTEX_POINT ( 'NONE', #2173 ) ;
#3133 = VECTOR ( 'NONE', #1838, 1000.000000000000000 ) ;
#3134 = DIRECTION ( 'NONE',  ( 0.000000000000000000, -0.000000000000000000, 1.000000000000000000 ) ) ;
#3135 = ORIENTED_EDGE ( 'NONE', *, *, #3058, .T. ) ;
#3136 = ORIENTED_EDGE ( 'NONE', *, *, #76, .F. ) ;
#3137 = EDGE_CURVE ( 'NONE', #2318, #2067, #3145, .T. ) ;
#3138 = EDGE_CURVE ( 'NONE', #1243, #1025, #1377, .T. ) ;
#3139 = CIRCLE ( 'NONE', #1062, 3.000000000000002665 ) ;
#3140 = DIRECTION ( 'NONE',  ( -0.000000000000000000, 1.000000000000000000, -0.000000000000000000 ) ) ;
#3141 = CARTESIAN_POINT ( 'NONE',  ( -249.2399999999999238, -1.199999999999999956, -19.99999999999974065 ) ) ;
#3142 = UNCERTAINTY_MEASURE_WITH_UNIT (LENGTH_MEASURE( 1.000000000000000082E-05 ), #404, 'distance_accuracy_value', 'NONE');
#3143 = VECTOR ( 'NONE', #740, 1000.000000000000000 ) ;
#3144 = CARTESIAN_POINT ( 'NONE',  ( -249.2399999999999238, 0.000000000000000000, -315.0000000000005684 ) ) ;
#3145 = CIRCLE ( 'NONE', #2471, 3.000000000000002665 ) ;
#3146 = CARTESIAN_POINT ( 'NONE',  ( 200.0000000000001705, -1.199999999999999956, -448.5000000000000568 ) ) ;
#3147 = VERTEX_POINT ( 'NONE', #682 ) ;
#3148 = DIRECTION ( 'NONE',  ( 0.000000000000000000, 0.7071067811865500152, 0.7071067811865450192 ) ) ;
#3149 = DIRECTION ( 'NONE',  ( 0.000000000000000000, 0.000000000000000000, 1.000000000000000000 ) ) ;
#3150 = ORIENTED_EDGE ( 'NONE', *, *, #928, .F. ) ;
#3151 = VERTEX_POINT ( 'NONE', #420 ) ;
#3152 = LINE ( 'NONE', #2665, #1051 ) ;
#3153 = ORIENTED_EDGE ( 'NONE', *, *, #3202, .T. ) ;
#3154 = ORIENTED_EDGE ( 'NONE', *, *, #847, .F. ) ;
#3155 = CARTESIAN_POINT ( 'NONE',  ( 249.2399999999998386, 0.000000000000000000, 176.9000000000000625 ) ) ;
#3156 = CARTESIAN_POINT ( 'NONE',  ( 200.0000000000001705, -1.099999999999997646, -450.4000000000000909 ) ) ;
#3157 = CYLINDRICAL_SURFACE ( 'NONE', #1978, 1.899999999999999023 ) ;
#3158 = ADVANCED_FACE ( 'NONE', ( #665 ), #962, .F. ) ;
#3159 = EDGE_CURVE ( 'NONE', #384, #662, #3197, .T. ) ;
#3160 = CARTESIAN_POINT ( 'NONE',  ( -259.6249999999999432, 0.000000000000000000, 442.9999999999998295 ) ) ;
#3161 = ORIENTED_EDGE ( 'NONE', *, *, #2725, .F. ) ;
#3162 = DIRECTION ( 'NONE',  ( 0.000000000000000000, 2.891205793294675861E-16, -1.000000000000000000 ) ) ;
#3163 = CARTESIAN_POINT ( 'NONE',  ( -180.0000000000000000, -1.099999999999997646, 12.26192023000044351 ) ) ;
#3164 = ORIENTED_EDGE ( 'NONE', *, *, #2924, .F. ) ;
#3165 = CARTESIAN_POINT ( 'NONE',  ( 200.0000000000001705, -1.099999999999997646, 448.5000000000000568 ) ) ;
#3166 = FACE_OUTER_BOUND ( 'NONE', #1874, .T. ) ;
#3167 = VERTEX_POINT ( 'NONE', #2909 ) ;
#3168 = VERTEX_POINT ( 'NONE', #3156 ) ;
#3169 = DIRECTION ( 'NONE',  ( -0.000000000000000000, 1.000000000000000000, -0.000000000000000000 ) ) ;
#3170 = DIRECTION ( 'NONE',  ( 0.000000000000000000, 0.000000000000000000, 1.000000000000000000 ) ) ;
#3171 = CARTESIAN_POINT ( 'NONE',  ( -249.2399999999999238, -1.099999999999997646, 173.1000000000000227 ) ) ;
#3172 = AXIS2_PLACEMENT_3D ( 'NONE', #1239, #1002, #2484 ) ;
#3173 = CARTESIAN_POINT ( 'NONE',  ( -249.2399999999999238, 0.000000000000000000, -312.0000000000005684 ) ) ;
#3174 = CARTESIAN_POINT ( 'NONE',  ( 249.2399999999998386, 0.000000000000000000, 344.9999999999999432 ) ) ;
#3175 = DIRECTION ( 'NONE',  ( 0.000000000000000000, 0.000000000000000000, 1.000000000000000000 ) ) ;
#3176 = AXIS2_PLACEMENT_3D ( 'NONE', #2692, #460, #3002 ) ;
#3177 = ORIENTED_EDGE ( 'NONE', *, *, #276, .T. ) ;
#3178 = EDGE_CURVE ( 'NONE', #151, #1868, #389, .T. ) ;
#3179 = CARTESIAN_POINT ( 'NONE',  ( -249.2399999999999238, 0.000000000000000000, -315.0000000000005684 ) ) ;
#3180 = EDGE_CURVE ( 'NONE', #1126, #2586, #2680, .T. ) ;
#3181 = DIRECTION ( 'NONE',  ( 0.000000000000000000, 0.000000000000000000, 1.000000000000000000 ) ) ;
#3182 = EDGE_LOOP ( 'NONE', ( #2087, #945, #1389, #1598 ) ) ;
#3183 = DIRECTION ( 'NONE',  ( -1.000000000000000000, -3.491481338843134144E-15, 1.220025301785886411E-16 ) ) ;
#3184 = CARTESIAN_POINT ( 'NONE',  ( 259.9499999999999886, -1.199999999999940892, 442.4999999999998295 ) ) ;
#3185 = AXIS2_PLACEMENT_3D ( 'NONE', #41, #2969, #739 ) ;
#3186 = ORIENTED_EDGE ( 'NONE', *, *, #754, .T. ) ;
#3187 = ORIENTED_EDGE ( 'NONE', *, *, #3046, .T. ) ;
#3188 = CIRCLE ( 'NONE', #951, 2.699999999999945555 ) ;
#3189 = AXIS2_PLACEMENT_3D ( 'NONE', #295, #3060, #3073 ) ;
#3190 =( NAMED_UNIT ( * ) SI_UNIT ( $, .STERADIAN. ) SOLID_ANGLE_UNIT ( ) );
#3191 = DIRECTION ( 'NONE',  ( -0.000000000000000000, 1.000000000000000000, -0.000000000000000000 ) ) ;
#3192 = CIRCLE ( 'NONE', #2520, 3.000000000000002665 ) ;
#3193 = DIRECTION ( 'NONE',  ( -0.000000000000000000, 1.000000000000000000, -0.000000000000000000 ) ) ;
#3194 = DIRECTION ( 'NONE',  ( -0.000000000000000000, 1.000000000000000000, -0.000000000000000000 ) ) ;
#3195 = AXIS2_PLACEMENT_3D ( 'NONE', #1020, #27, #2268 ) ;
#3196 = ORIENTED_EDGE ( 'NONE', *, *, #791, .T. ) ;
#3197 = CIRCLE ( 'NONE', #1791, 1.900000000000012790 ) ;
#3198 = CYLINDRICAL_SURFACE ( 'NONE', #275, 1.900000000000012790 ) ;
#3199 = CARTESIAN_POINT ( 'NONE',  ( 200.0000000000001705, 0.000000000000000000, 445.5000000000000568 ) ) ;
#3200 = EDGE_CURVE ( 'NONE', #873, #1144, #1431, .T. ) ;
#3201 = VERTEX_POINT ( 'NONE', #2622 ) ;
#3202 = EDGE_CURVE ( 'NONE', #2104, #2049, #3093, .T. ) ;
#3203 = DIRECTION ( 'NONE',  ( -0.000000000000000000, -1.000000000000000000, -0.000000000000000000 ) ) ;
#3204 = FACE_BOUND ( 'NONE', #402, .T. ) ;
#3205 = ORIENTED_EDGE ( 'NONE', *, *, #92, .F. ) ;
#3206 = ORIENTED_EDGE ( 'NONE', *, *, #868, .T. ) ;
#3207 = DIRECTION ( 'NONE',  ( 0.000000000000000000, 0.000000000000000000, 1.000000000000000000 ) ) ;
#3208 = DIRECTION ( 'NONE',  ( 0.000000000000000000, 1.000000000000000000, 6.123233995736766036E-17 ) ) ;
#3209 = DIRECTION ( 'NONE',  ( -1.220025301785886411E-16, -0.000000000000000000, -1.000000000000000000 ) ) ;
#3210 = ORIENTED_EDGE ( 'NONE', *, *, #2206, .T. ) ;
#3211 = CARTESIAN_POINT ( 'NONE',  ( -257.2500000000000568, -1.199999999999823208, -442.9999999999998863 ) ) ;
#3212 = CARTESIAN_POINT ( 'NONE',  ( -258.0250000000000341, -1.199999999999999956, -453.4000000000000909 ) ) ;
#3213 = ORIENTED_EDGE ( 'NONE', *, *, #1626, .F. ) ;
#3214 = LINE ( 'NONE', #1714, #1395 ) ;
#3215 = CARTESIAN_POINT ( 'NONE',  ( -257.2500000000000568, 0.000000000000000000, 0.000000000000000000 ) ) ;
#3216 = EDGE_CURVE ( 'NONE', #2416, #3147, #1635, .T. ) ;
#3217 = VERTEX_POINT ( 'NONE', #1122 ) ;
#3218 = ORIENTED_EDGE ( 'NONE', *, *, #76, .T. ) ;
#3219 = ADVANCED_FACE ( 'NONE', ( #940 ), #1927, .T. ) ;
#3220 = CARTESIAN_POINT ( 'NONE',  ( 259.9499999999999318, -2.699999999999980194, -442.5000000000000000 ) ) ;
#3221 = EDGE_CURVE ( 'NONE', #2779, #1372, #1624, .T. ) ;
#3222 = LINE ( 'NONE', #1185, #270 ) ;
#3223 = CARTESIAN_POINT ( 'NONE',  ( 257.2500000000000568, -1.200000000000006617, -443.0000000000000000 ) ) ;
ENDSEC;
END-ISO-10303-21;
