ISO-10303-21;
HEADER;
FILE_DESCRIPTION (( 'STEP AP214' ),
    '1' );
FILE_NAME ('550-00195-00.step',
    '2026-02-27T00:19:45',
    ( '' ),
    ( '' ),
    'SwSTEP 2.0',
    'SolidWorks 2023',
    '' );
FILE_SCHEMA (( 'AUTOMOTIVE_DESIGN' ));
ENDSEC;

DATA;
#1 = VERTEX_POINT ( 'NONE', #678 ) ;
#2 = DIRECTION ( 'NONE',  ( -0.7071067811865437980, -0.000000000000000000, -0.7071067811865513475 ) ) ;
#3 = ORIENTED_EDGE ( 'NONE', *, *, #1496, .F. ) ;
#4 = DIRECTION ( 'NONE',  ( 0.000000000000000000, 0.000000000000000000, 1.000000000000000000 ) ) ;
#5 = ADVANCED_FACE ( 'NONE', ( #696 ), #960, .T. ) ;
#6 = EDGE_LOOP ( 'NONE', ( #1047, #1815, #618, #1225 ) ) ;
#7 = CARTESIAN_POINT ( 'NONE',  ( -14.84924240491743497, 70.00000000000000000, 13.59926257669739513 ) ) ;
#8 = FACE_OUTER_BOUND ( 'NONE', #688, .T. ) ;
#9 = FACE_OUTER_BOUND ( 'NONE', #56, .T. ) ;
#10 = LINE ( 'NONE', #1440, #1693 ) ;
#11 = ORIENTED_EDGE ( 'NONE', *, *, #546, .T. ) ;
#12 = PLANE ( 'NONE',  #687 ) ;
#13 = CIRCLE ( 'NONE', #251, 0.2500000000000002220 ) ;
#14 = VERTEX_POINT ( 'NONE', #1240 ) ;
#15 = AXIS2_PLACEMENT_3D ( 'NONE', #1569, #728, #1709 ) ;
#16 = CARTESIAN_POINT ( 'NONE',  ( -15.95278153190841586, 0.000000000000000000, 12.49572344970642845 ) ) ;
#17 = EDGE_CURVE ( 'NONE', #1501, #782, #1111, .T. ) ;
#18 = CIRCLE ( 'NONE', #1421, 2.310640000000000249 ) ;
#19 = VECTOR ( 'NONE', #1759, 1000.000000000000000 ) ;
#20 = CARTESIAN_POINT ( 'NONE',  ( 1.000000000000000000, 0.000000000000000000, -30.00000000000000000 ) ) ;
#21 = EDGE_CURVE ( 'NONE', #924, #1760, #1526, .T. ) ;
#22 = LINE ( 'NONE', #320, #1385 ) ;
#23 = CARTESIAN_POINT ( 'NONE',  ( -1.310640000000000027, 0.000000000000000000, 0.000000000000000000 ) ) ;
#24 = ORIENTED_EDGE ( 'NONE', *, *, #955, .F. ) ;
#25 = DIRECTION ( 'NONE',  ( -2.044391222244499344E-16, -1.000000000000000000, -0.000000000000000000 ) ) ;
#26 = EDGE_LOOP ( 'NONE', ( #364, #817, #1404, #163 ) ) ;
#27 = CARTESIAN_POINT ( 'NONE',  ( -13.52078675296666432, 70.00000000000000000, 10.06372867076465027 ) ) ;
#28 = EDGE_CURVE ( 'NONE', #865, #1108, #561, .T. ) ;
#29 = LINE ( 'NONE', #290, #1071 ) ;
#30 = ADVANCED_FACE ( 'NONE', ( #805 ), #1674, .F. ) ;
#31 = CYLINDRICAL_SURFACE ( 'NONE', #67, 2.310640000000000249 ) ;
#32 = DIRECTION ( 'NONE',  ( 0.000000000000000000, -1.000000000000000000, 1.156482317317871478E-16 ) ) ;
#33 = ORIENTED_EDGE ( 'NONE', *, *, #1795, .T. ) ;
#34 = DIRECTION ( 'NONE',  ( -0.000000000000000000, -1.000000000000000000, -0.000000000000000000 ) ) ;
#35 = EDGE_LOOP ( 'NONE', ( #837, #1015, #1343, #740, #928, #1211, #275, #1743, #81, #1706 ) ) ;
#36 = LINE ( 'NONE', #1152, #1599 ) ;
#37 = DIRECTION ( 'NONE',  ( -0.7071067811865513475, 0.000000000000000000, 0.7071067811865437980 ) ) ;
#38 = CARTESIAN_POINT ( 'NONE',  ( -1.310640000000000027, 0.000000000000000000, 0.000000000000000000 ) ) ;
#39 = FACE_BOUND ( 'NONE', #182, .T. ) ;
#40 = ADVANCED_FACE ( 'NONE', ( #1119 ), #968, .F. ) ;
#41 = ORIENTED_EDGE ( 'NONE', *, *, #987, .T. ) ;
#42 = DIRECTION ( 'NONE',  ( 0.000000000000000000, 1.000000000000000000, 0.000000000000000000 ) ) ;
#43 = ORIENTED_EDGE ( 'NONE', *, *, #305, .T. ) ;
#44 = CARTESIAN_POINT ( 'NONE',  ( -4.576075101941364693E-15, -2.310639999999996697, 0.000000000000000000 ) ) ;
#45 = AXIS2_PLACEMENT_3D ( 'NONE', #522, #1088, #1643 ) ;
#46 = AXIS2_PLACEMENT_3D ( 'NONE', #20, #1561, #1731 ) ;
#47 = AXIS2_PLACEMENT_3D ( 'NONE', #824, #1550, #4 ) ;
#48 = CARTESIAN_POINT ( 'NONE',  ( -14.73678414243754098, 70.00000000000000000, 11.27972606023553936 ) ) ;
#49 = DIRECTION ( 'NONE',  ( 1.000000000000000000, 0.000000000000000000, 0.000000000000000000 ) ) ;
#50 = VERTEX_POINT ( 'NONE', #397 ) ;
#51 = DIRECTION ( 'NONE',  ( 0.000000000000000000, 0.000000000000000000, 1.000000000000000000 ) ) ;
#52 = ORIENTED_EDGE ( 'NONE', *, *, #1449, .F. ) ;
#53 = EDGE_CURVE ( 'NONE', #970, #548, #365, .T. ) ;
#54 = CARTESIAN_POINT ( 'NONE',  ( -4.576075101941364693E-15, -2.310639999999996697, 0.000000000000000000 ) ) ;
#55 = CARTESIAN_POINT ( 'NONE',  ( -1.310640000000000027, 22.68935999999998288, -22.00000000000000711 ) ) ;
#56 = EDGE_LOOP ( 'NONE', ( #1728, #165, #1741, #446 ) ) ;
#57 = CARTESIAN_POINT ( 'NONE',  ( 24.99999999999975486, -1.000000000000083933, -9.999999999999998224 ) ) ;
#58 = VERTEX_POINT ( 'NONE', #1534 ) ;
#59 = DIRECTION ( 'NONE',  ( 0.000000000000000000, 0.000000000000000000, -1.000000000000000000 ) ) ;
#60 = ADVANCED_FACE ( 'NONE', ( #813 ), #1104, .T. ) ;
#61 = DIRECTION ( 'NONE',  ( -0.000000000000000000, -1.000000000000000000, 0.000000000000000000 ) ) ;
#62 = ORIENTED_EDGE ( 'NONE', *, *, #1532, .T. ) ;
#63 = DIRECTION ( 'NONE',  ( 0.000000000000000000, 1.000000000000000000, -1.156482317317871478E-16 ) ) ;
#64 = ORIENTED_EDGE ( 'NONE', *, *, #233, .T. ) ;
#65 = CARTESIAN_POINT ( 'NONE',  ( -14.73678414243754098, 0.000000000000000000, 11.27972606023553936 ) ) ;
#66 = VERTEX_POINT ( 'NONE', #1279 ) ;
#67 = AXIS2_PLACEMENT_3D ( 'NONE', #68, #588, #1682 ) ;
#68 = CARTESIAN_POINT ( 'NONE',  ( 1.000000000000000000, 0.000000000000000000, -15.00000000000000000 ) ) ;
#69 = EDGE_CURVE ( 'NONE', #926, #890, #1747, .T. ) ;
#70 =( LENGTH_UNIT ( ) NAMED_UNIT ( * ) SI_UNIT ( .MILLI., .METRE. ) );
#71 = AXIS2_PLACEMENT_3D ( 'NONE', #48, #711, #607 ) ;
#72 = VECTOR ( 'NONE', #1672, 1000.000000000000000 ) ;
#73 = EDGE_CURVE ( 'NONE', #1609, #918, #441, .T. ) ;
#74 = AXIS2_PLACEMENT_3D ( 'NONE', #95, #87, #768 ) ;
#75 = LINE ( 'NONE', #1340, #952 ) ;
#76 = CIRCLE ( 'NONE', #1721, 2.310640000000000249 ) ;
#77 = EDGE_LOOP ( 'NONE', ( #1053, #527, #780, #1055 ) ) ;
#78 = CARTESIAN_POINT ( 'NONE',  ( -1.603533218813437911, 70.00000000000000000, -30.70710678118654613 ) ) ;
#79 = VERTEX_POINT ( 'NONE', #1288 ) ;
#80 = LINE ( 'NONE', #1065, #283 ) ;
#81 = ORIENTED_EDGE ( 'NONE', *, *, #1568, .T. ) ;
#82 = CARTESIAN_POINT ( 'NONE',  ( 33.68936000000000774, -1.000000000000114131, 0.000000000000000000 ) ) ;
#83 = SHAPE_DEFINITION_REPRESENTATION ( #473, #1024 ) ;
#84 = CARTESIAN_POINT ( 'NONE',  ( -0.000000000000000000, -2.544261098099317598E-15, -22.00000000000000355 ) ) ;
#85 = EDGE_CURVE ( 'NONE', #1170, #140, #161, .T. ) ;
#86 = VERTEX_POINT ( 'NONE', #1401 ) ;
#87 = DIRECTION ( 'NONE',  ( 0.000000000000000000, 1.000000000000000000, 0.000000000000000000 ) ) ;
#88 = ORIENTED_EDGE ( 'NONE', *, *, #245, .F. ) ;
#89 = DIRECTION ( 'NONE',  ( 3.308924410930555835E-15, 1.000000000000000000, 0.000000000000000000 ) ) ;
#90 = EDGE_LOOP ( 'NONE', ( #789, #1264, #1049, #454 ) ) ;
#91 = CYLINDRICAL_SURFACE ( 'NONE', #913, 2.499999999999998668 ) ;
#92 = CARTESIAN_POINT ( 'NONE',  ( -14.73678414243754098, 35.00000000000000000, 11.27972606023553936 ) ) ;
#93 = CARTESIAN_POINT ( 'NONE',  ( -0.000000000000000000, -9.251858538542967883E-16, -7.999999999999996447 ) ) ;
#94 = EDGE_LOOP ( 'NONE', ( #190, #1508, #810, #403 ) ) ;
#95 = CARTESIAN_POINT ( 'NONE',  ( -14.84924240491743497, 70.00000000000000000, -43.59926257669739869 ) ) ;
#96 = EDGE_CURVE ( 'NONE', #140, #58, #395, .T. ) ;
#97 = CARTESIAN_POINT ( 'NONE',  ( 0.3446800000000667108, -2.310639999999998029, 0.3446800000000674324 ) ) ;
#98 = EDGE_CURVE ( 'NONE', #66, #1564, #22, .T. ) ;
#99 = EDGE_LOOP ( 'NONE', ( #1523, #1436, #1010, #253 ) ) ;
#100 = DIRECTION ( 'NONE',  ( -3.469446951953611033E-14, 0.000000000000000000, -1.000000000000000000 ) ) ;
#101 = CARTESIAN_POINT ( 'NONE',  ( -1.310640000000000027, 70.00000000000000000, 0.000000000000000000 ) ) ;
#102 = AXIS2_PLACEMENT_3D ( 'NONE', #1485, #1208, #120 ) ;
#103 = CIRCLE ( 'NONE', #342, 1.000000000000000000 ) ;
#104 = ORIENTED_EDGE ( 'NONE', *, *, #776, .F. ) ;
#105 = CARTESIAN_POINT ( 'NONE',  ( -13.52078675296666432, 70.00000000000000000, 10.06372867076465027 ) ) ;
#106 = CIRCLE ( 'NONE', #398, 2.499999999999998668 ) ;
#107 = ADVANCED_FACE ( 'NONE', ( #9 ), #764, .F. ) ;
#108 = ORIENTED_EDGE ( 'NONE', *, *, #1128, .F. ) ;
#109 = CIRCLE ( 'NONE', #1131, 2.499999999999998668 ) ;
#110 = CARTESIAN_POINT ( 'NONE',  ( 28.68936000000000064, -1.000000000000096811, -30.00000000000000000 ) ) ;
#111 = EDGE_CURVE ( 'NONE', #1290, #1074, #581, .T. ) ;
#112 = EDGE_LOOP ( 'NONE', ( #1134, #375, #850, #1355 ) ) ;
#113 = DIRECTION ( 'NONE',  ( 0.000000000000000000, 1.000000000000000000, -1.156482317317871478E-16 ) ) ;
#114 = DIRECTION ( 'NONE',  ( 0.000000000000000000, -0.7071067811865435759, 0.7071067811865514585 ) ) ;
#115 = ORIENTED_EDGE ( 'NONE', *, *, #1429, .T. ) ;
#116 = FILL_AREA_STYLE_COLOUR ( '', #1691 ) ;
#117 = ORIENTED_EDGE ( 'NONE', *, *, #1705, .T. ) ;
#118 = FACE_OUTER_BOUND ( 'NONE', #593, .T. ) ;
#119 = VERTEX_POINT ( 'NONE', #328 ) ;
#120 = DIRECTION ( 'NONE',  ( 0.000000000000000000, 0.000000000000000000, 1.000000000000000000 ) ) ;
#121 = ADVANCED_FACE ( 'NONE', ( #423 ), #309, .F. ) ;
#122 = DIRECTION ( 'NONE',  ( 1.000000000000000000, 0.000000000000000000, 0.000000000000000000 ) ) ;
#123 = ORIENTED_EDGE ( 'NONE', *, *, #28, .F. ) ;
#124 = PLANE ( 'NONE',  #1480 ) ;
#125 = EDGE_LOOP ( 'NONE', ( #238, #1250, #347, #469 ) ) ;
#126 = DIRECTION ( 'NONE',  ( 0.000000000000000000, -1.156482317317871478E-16, -1.000000000000000000 ) ) ;
#127 = VERTEX_POINT ( 'NONE', #1695 ) ;
#128 = DIRECTION ( 'NONE',  ( 0.7071067811865512365, -0.000000000000000000, -0.7071067811865439090 ) ) ;
#129 = FACE_OUTER_BOUND ( 'NONE', #843, .T. ) ;
#130 = EDGE_CURVE ( 'NONE', #563, #1517, #1554, .T. ) ;
#131 = DIRECTION ( 'NONE',  ( 0.000000000000000000, -0.000000000000000000, -1.000000000000000000 ) ) ;
#132 = VECTOR ( 'NONE', #1266, 1000.000000000000000 ) ;
#133 = CARTESIAN_POINT ( 'NONE',  ( 1.000000000000000000, 0.000000000000000000, 0.000000000000000000 ) ) ;
#134 = VECTOR ( 'NONE', #343, 1000.000000000000000 ) ;
#135 = VECTOR ( 'NONE', #906, 1000.000000000000000 ) ;
#136 = VERTEX_POINT ( 'NONE', #869 ) ;
#137 = DIRECTION ( 'NONE',  ( -3.491481338843133750E-15, -1.000000000000000000, -0.000000000000000000 ) ) ;
#138 = AXIS2_PLACEMENT_3D ( 'NONE', #879, #183, #1707 ) ;
#139 = VECTOR ( 'NONE', #560, 1000.000000000000000 ) ;
#140 = VERTEX_POINT ( 'NONE', #172 ) ;
#141 = CARTESIAN_POINT ( 'NONE',  ( -13.81002171074319840, 0.000000000000000000, 12.20648849192987129 ) ) ;
#142 = APPLICATION_CONTEXT ( 'automotive_design' ) ;
#143 = CARTESIAN_POINT ( 'NONE',  ( 1.000000000000000000, 0.000000000000000000, 0.000000000000000000 ) ) ;
#144 = ORIENTED_EDGE ( 'NONE', *, *, #1148, .F. ) ;
#145 = CARTESIAN_POINT ( 'NONE',  ( 13.68935999999999886, -1.966019939440377692E-15, -16.99999999999997158 ) ) ;
#146 = EDGE_CURVE ( 'NONE', #79, #1628, #988, .T. ) ;
#147 = EDGE_LOOP ( 'NONE', ( #1567, #1245, #1078, #43 ) ) ;
#148 = CARTESIAN_POINT ( 'NONE',  ( 0.9999999999999965583, -1.000000000000000000, 0.000000000000000000 ) ) ;
#149 = EDGE_LOOP ( 'NONE', ( #957, #176, #533, #1292 ) ) ;
#150 = CARTESIAN_POINT ( 'NONE',  ( -15.95278153190841586, 35.00000000000000000, 12.49572344970642845 ) ) ;
#151 = CARTESIAN_POINT ( 'NONE',  ( -14.73678414243754098, 70.00000000000000000, 11.27972606023553936 ) ) ;
#152 = DIRECTION ( 'NONE',  ( 0.000000000000000000, 0.000000000000000000, 1.000000000000000000 ) ) ;
#153 = CARTESIAN_POINT ( 'NONE',  ( 13.68935999999999886, 27.68936000000000064, -8.000000000000000000 ) ) ;
#154 = ORIENTED_EDGE ( 'NONE', *, *, #1646, .F. ) ;
#155 = EDGE_CURVE ( 'NONE', #612, #1141, #1410, .T. ) ;
#156 = CARTESIAN_POINT ( 'NONE',  ( 1.000000000000000000, 0.000000000000000000, -30.00000000000000000 ) ) ;
#157 = EDGE_LOOP ( 'NONE', ( #229, #117, #1678, #625, #123, #1203, #295, #901, #1235, #679, #248, #832 ) ) ;
#158 = EDGE_CURVE ( 'NONE', #1818, #577, #877, .T. ) ;
#159 = FACE_OUTER_BOUND ( 'NONE', #1587, .T. ) ;
#160 = FACE_OUTER_BOUND ( 'NONE', #1085, .T. ) ;
#161 = LINE ( 'NONE', #1146, #1776 ) ;
#162 = FACE_OUTER_BOUND ( 'NONE', #157, .T. ) ;
#163 = ORIENTED_EDGE ( 'NONE', *, *, #277, .F. ) ;
#164 = DIRECTION ( 'NONE',  ( -0.7071067811865437980, 0.000000000000000000, 0.7071067811865513475 ) ) ;
#165 = ORIENTED_EDGE ( 'NONE', *, *, #327, .F. ) ;
#166 = CIRCLE ( 'NONE', #482, 2.310640000000004690 ) ;
#167 = CARTESIAN_POINT ( 'NONE',  ( -13.81002171074319840, 70.00000000000000000, -42.20648849192987484 ) ) ;
#168 = EDGE_CURVE ( 'NONE', #438, #1020, #596, .T. ) ;
#169 = AXIS2_PLACEMENT_3D ( 'NONE', #1011, #42, #51 ) ;
#170 = VECTOR ( 'NONE', #1102, 1000.000000000000000 ) ;
#171 = CARTESIAN_POINT ( 'NONE',  ( -12.59402432127232352, 0.000000000000000000, -40.99049110245898220 ) ) ;
#172 = CARTESIAN_POINT ( 'NONE',  ( -13.74570327792644520, 0.000000000000000000, 14.70280170368835471 ) ) ;
#173 = CARTESIAN_POINT ( 'NONE',  ( 1.000000000000000000, 0.000000000000000000, -15.00000000000000000 ) ) ;
#174 = EDGE_LOOP ( 'NONE', ( #144, #430, #1351, #1253 ) ) ;
#175 = FACE_OUTER_BOUND ( 'NONE', #426, .T. ) ;
#176 = ORIENTED_EDGE ( 'NONE', *, *, #730, .F. ) ;
#177 = DIRECTION ( 'NONE',  ( -0.7071067811865437980, 0.000000000000000000, -0.7071067811865513475 ) ) ;
#178 = ADVANCED_FACE ( 'NONE', ( #1432 ), #31, .T. ) ;
#179 = CARTESIAN_POINT ( 'NONE',  ( 24.99999999999975486, -1.000000000000083933, -22.50000000000000000 ) ) ;
#180 = DIRECTION ( 'NONE',  ( 0.7071067811865465735, -2.468850131082262583E-15, 0.7071067811865485719 ) ) ;
#181 = DIRECTION ( 'NONE',  ( 0.000000000000000000, -1.000000000000000000, 1.156482317317871478E-16 ) ) ;
#182 = EDGE_LOOP ( 'NONE', ( #436, #1028 ) ) ;
#183 = DIRECTION ( 'NONE',  ( -2.044391222244499344E-16, -1.000000000000000000, 0.000000000000000000 ) ) ;
#184 = EDGE_LOOP ( 'NONE', ( #108, #360, #1091, #1177 ) ) ;
#185 = DIRECTION ( 'NONE',  ( -2.044391222244499344E-16, -1.000000000000000000, -0.000000000000000000 ) ) ;
#186 = PLANE ( 'NONE',  #547 ) ;
#187 = EDGE_CURVE ( 'NONE', #612, #297, #979, .T. ) ;
#188 = ORIENTED_EDGE ( 'NONE', *, *, #854, .F. ) ;
#189 = DIRECTION ( 'NONE',  ( -0.000000000000000000, 1.000000000000000000, 0.000000000000000000 ) ) ;
#190 = ORIENTED_EDGE ( 'NONE', *, *, #882, .F. ) ;
#191 = CARTESIAN_POINT ( 'NONE',  ( -2.310639999999992700, 70.00000000000000000, -30.00000000000000000 ) ) ;
#192 = AXIS2_PLACEMENT_3D ( 'NONE', #1766, #909, #1652 ) ;
#193 = AXIS2_PLACEMENT_3D ( 'NONE', #472, #626, #1360 ) ;
#194 = MECHANICAL_DESIGN_GEOMETRIC_PRESENTATION_REPRESENTATION (  '', ( #1307 ), #774 ) ;
#195 = AXIS2_PLACEMENT_3D ( 'NONE', #1043, #1457, #749 ) ;
#196 = LINE ( 'NONE', #895, #19 ) ;
#197 = ORIENTED_EDGE ( 'NONE', *, *, #420, .F. ) ;
#198 = DIRECTION ( 'NONE',  ( 0.000000000000000000, -1.000000000000000000, 1.156482317317871478E-16 ) ) ;
#199 = EDGE_CURVE ( 'NONE', #1638, #462, #731, .T. ) ;
#200 = ORIENTED_EDGE ( 'NONE', *, *, #1414, .F. ) ;
#201 = LINE ( 'NONE', #1744, #1749 ) ;
#202 = UNCERTAINTY_MEASURE_WITH_UNIT (LENGTH_MEASURE( 1.000000000000000082E-05 ), #814, 'distance_accuracy_value', 'NONE');
#203 = CYLINDRICAL_SURFACE ( 'NONE', #226, 1.000000000000000000 ) ;
#204 = ORIENTED_EDGE ( 'NONE', *, *, #1519, .T. ) ;
#205 = CARTESIAN_POINT ( 'NONE',  ( 24.99999999999975486, -1.000000000000083933, -7.500000000000000000 ) ) ;
#206 = ADVANCED_FACE ( 'NONE', ( #1018 ), #1050, .F. ) ;
#207 = ORIENTED_EDGE ( 'NONE', *, *, #567, .F. ) ;
#208 = DIRECTION ( 'NONE',  ( -0.000000000000000000, -1.000000000000000000, -0.000000000000000000 ) ) ;
#209 = EDGE_CURVE ( 'NONE', #66, #1396, #648, .T. ) ;
#210 = DIRECTION ( 'NONE',  ( -0.000000000000000000, -1.000000000000000000, -0.000000000000000000 ) ) ;
#211 = DIRECTION ( 'NONE',  ( -6.669277255395754038E-15, 0.000000000000000000, -1.000000000000000000 ) ) ;
#212 = DIRECTION ( 'NONE',  ( 0.000000000000000000, -1.000000000000000000, 1.156482317317871478E-16 ) ) ;
#213 = ORIENTED_EDGE ( 'NONE', *, *, #1026, .T. ) ;
#214 = CARTESIAN_POINT ( 'NONE',  ( 24.99999999999975486, -1.000000000000083933, -9.999999999999998224 ) ) ;
#215 = VERTEX_POINT ( 'NONE', #393 ) ;
#216 = CARTESIAN_POINT ( 'NONE',  ( -12.59402432127232352, 35.00000000000000000, -40.99049110245898220 ) ) ;
#217 = ORIENTED_EDGE ( 'NONE', *, *, #1622, .T. ) ;
#218 = AXIS2_PLACEMENT_3D ( 'NONE', #300, #1326, #1139 ) ;
#219 = CARTESIAN_POINT ( 'NONE',  ( 1.000000000000000000, 0.000000000000000000, -30.00000000000000000 ) ) ;
#220 = LINE ( 'NONE', #765, #888 ) ;
#221 = EDGE_CURVE ( 'NONE', #548, #970, #1626, .T. ) ;
#222 = CIRCLE ( 'NONE', #1215, 1.560640000000002026 ) ;
#223 = VECTOR ( 'NONE', #177, 1000.000000000000000 ) ;
#224 = VECTOR ( 'NONE', #1106, 1000.000000000000000 ) ;
#225 = DIRECTION ( 'NONE',  ( -1.000000000000000000, 0.000000000000000000, 0.000000000000000000 ) ) ;
#226 = AXIS2_PLACEMENT_3D ( 'NONE', #931, #910, #501 ) ;
#227 = ORIENTED_EDGE ( 'NONE', *, *, #21, .T. ) ;
#228 = CARTESIAN_POINT ( 'NONE',  ( 1.000000000000000000, 0.000000000000000000, -7.999999999999996447 ) ) ;
#229 = ORIENTED_EDGE ( 'NONE', *, *, #998, .F. ) ;
#230 = PLANE ( 'NONE',  #685 ) ;
#231 = ORIENTED_EDGE ( 'NONE', *, *, #675, .F. ) ;
#232 = DIRECTION ( 'NONE',  ( -0.7071067811865437980, -0.000000000000000000, 0.7071067811865513475 ) ) ;
#233 = EDGE_CURVE ( 'NONE', #86, #1374, #1220, .T. ) ;
#234 = PLANE ( 'NONE',  #258 ) ;
#235 = EDGE_CURVE ( 'NONE', #297, #1564, #1774, .T. ) ;
#236 = ORIENTED_EDGE ( 'NONE', *, *, #530, .F. ) ;
#237 = DIRECTION ( 'NONE',  ( 0.000000000000000000, 1.000000000000000000, 0.000000000000000000 ) ) ;
#238 = ORIENTED_EDGE ( 'NONE', *, *, #1229, .F. ) ;
#239 = CARTESIAN_POINT ( 'NONE',  ( 0.000000000000000000, 22.68936000000003617, -8.000000000000000000 ) ) ;
#240 = LINE ( 'NONE', #1474, #341 ) ;
#241 = CARTESIAN_POINT ( 'NONE',  ( -0.6767707871191072089, 0.000000000000000000, 1.633869212880875610 ) ) ;
#242 = ADVANCED_FACE ( 'NONE', ( #357 ), #1794, .T. ) ;
#243 = CARTESIAN_POINT ( 'NONE',  ( -14.84924240491743497, 70.00000000000000000, 13.59926257669739513 ) ) ;
#244 = FACE_OUTER_BOUND ( 'NONE', #26, .T. ) ;
#245 = EDGE_CURVE ( 'NONE', #750, #1765, #539, .T. ) ;
#246 = ORIENTED_EDGE ( 'NONE', *, *, #1195, .F. ) ;
#247 = DIRECTION ( 'NONE',  ( 2.044391222244499344E-16, 1.000000000000000000, 0.000000000000000000 ) ) ;
#248 = ORIENTED_EDGE ( 'NONE', *, *, #155, .T. ) ;
#249 = DIRECTION ( 'NONE',  ( 0.000000000000000000, 0.000000000000000000, 1.000000000000000000 ) ) ;
#250 = DIRECTION ( 'NONE',  ( 0.000000000000000000, 1.000000000000000000, 0.000000000000000000 ) ) ;
#251 = AXIS2_PLACEMENT_3D ( 'NONE', #791, #529, #100 ) ;
#252 = CIRCLE ( 'NONE', #604, 2.310640000000000249 ) ;
#253 = ORIENTED_EDGE ( 'NONE', *, *, #1506, .F. ) ;
#254 = DIRECTION ( 'NONE',  ( -1.000000000000000000, 0.000000000000000000, 0.000000000000000000 ) ) ;
#255 = VECTOR ( 'NONE', #1734, 1000.000000000000000 ) ;
#256 = ORIENTED_EDGE ( 'NONE', *, *, #1806, .F. ) ;
#257 = ADVANCED_FACE ( 'NONE', ( #1635 ), #1364, .F. ) ;
#258 = AXIS2_PLACEMENT_3D ( 'NONE', #493, #785, #485 ) ;
#259 = FACE_OUTER_BOUND ( 'NONE', #1151, .T. ) ;
#260 = ORIENTED_EDGE ( 'NONE', *, *, #1806, .T. ) ;
#261 = FACE_OUTER_BOUND ( 'NONE', #1654, .T. ) ;
#262 = LINE ( 'NONE', #1222, #139 ) ;
#263 = DIRECTION ( 'NONE',  ( 0.000000000000000000, 0.000000000000000000, 1.000000000000000000 ) ) ;
#264 = DIRECTION ( 'NONE',  ( -1.000000000000000000, 0.000000000000000000, 0.000000000000000000 ) ) ;
#265 = ORIENTED_EDGE ( 'NONE', *, *, #1195, .T. ) ;
#266 = LINE ( 'NONE', #1384, #224 ) ;
#267 = ORIENTED_EDGE ( 'NONE', *, *, #496, .F. ) ;
#268 = FACE_OUTER_BOUND ( 'NONE', #480, .T. ) ;
#269 = EDGE_CURVE ( 'NONE', #1337, #1609, #385, .T. ) ;
#270 = DIRECTION ( 'NONE',  ( -1.000000000000000000, 3.469446951953616161E-15, 0.000000000000000000 ) ) ;
#271 = ORIENTED_EDGE ( 'NONE', *, *, #990, .T. ) ;
#272 = CARTESIAN_POINT ( 'NONE',  ( 13.68935999999999886, 0.000000000000000000, 0.000000000000000000 ) ) ;
#273 = ORIENTED_EDGE ( 'NONE', *, *, #1072, .F. ) ;
#274 = CARTESIAN_POINT ( 'NONE',  ( -13.52078675296666432, 0.000000000000000000, -40.06372867076464672 ) ) ;
#275 = ORIENTED_EDGE ( 'NONE', *, *, #921, .F. ) ;
#276 = DIRECTION ( 'NONE',  ( -0.000000000000000000, 1.000000000000000000, 0.000000000000000000 ) ) ;
#277 = EDGE_CURVE ( 'NONE', #1620, #1074, #492, .T. ) ;
#278 = CARTESIAN_POINT ( 'NONE',  ( 24.99999999999975486, -2.310640000000084182, -7.500000000000000000 ) ) ;
#279 = CARTESIAN_POINT ( 'NONE',  ( -14.73678414243754098, 70.00000000000000000, -41.27972606023553936 ) ) ;
#280 = CLOSED_SHELL ( 'NONE', ( #257, #1107, #1217, #975, #1431, #1080, #178, #1310, #1522, #1372, #1462, #291, #620, #742, #884, #30, #206, #121, #940, #1546, #242, #1395, #532, #601, #1328, #875, #335, #819, #1748, #943, #1591, #1822, #40, #966, #378, #60, #590, #930, #523, #1644, #1762, #686, #107, #867, #645, #314, #1636, #1692, #455, #1730, #1172, #377, #1125, #402, #5, #754, #1056, #1033, #507, #1472, #1347, #1181, #1601, #476, #1046, #611 ) ) ;
#281 = PLANE ( 'NONE',  #514 ) ;
#282 = AXIS2_PLACEMENT_3D ( 'NONE', #1438, #185, #737 ) ;
#283 = VECTOR ( 'NONE', #1633, 1000.000000000000000 ) ;
#284 = ORIENTED_EDGE ( 'NONE', *, *, #722, .F. ) ;
#285 = DIRECTION ( 'NONE',  ( 0.000000000000000000, 0.000000000000000000, -1.000000000000000000 ) ) ;
#286 = VECTOR ( 'NONE', #1045, 1000.000000000000000 ) ;
#287 = VECTOR ( 'NONE', #1017, 1000.000000000000000 ) ;
#288 = ORIENTED_EDGE ( 'NONE', *, *, #433, .F. ) ;
#289 = CARTESIAN_POINT ( 'NONE',  ( 1.214306433183764966E-14, 70.00000000000000000, 2.565325729619876916E-16 ) ) ;
#290 = CARTESIAN_POINT ( 'NONE',  ( -15.95278153190841586, 70.00000000000000000, -42.49572344970642490 ) ) ;
#291 = ADVANCED_FACE ( 'NONE', ( #1494 ), #773, .T. ) ;
#292 = DIRECTION ( 'NONE',  ( 0.000000000000000000, 1.000000000000000000, 0.000000000000000000 ) ) ;
#293 = CARTESIAN_POINT ( 'NONE',  ( 1.000000000000000000, 0.000000000000000000, 0.000000000000000000 ) ) ;
#294 = EDGE_CURVE ( 'NONE', #1564, #1549, #948, .T. ) ;
#295 = ORIENTED_EDGE ( 'NONE', *, *, #209, .F. ) ;
#296 = DIRECTION ( 'NONE',  ( 3.491481338843133355E-15, 1.000000000000000000, 0.000000000000000000 ) ) ;
#297 = VERTEX_POINT ( 'NONE', #938 ) ;
#298 = CARTESIAN_POINT ( 'NONE',  ( 0.9999999999999920064, -2.310640000000000249, -30.00000000000000000 ) ) ;
#299 = CARTESIAN_POINT ( 'NONE',  ( -14.73678414243754098, 70.00000000000000000, -41.27972606023553936 ) ) ;
#300 = CARTESIAN_POINT ( 'NONE',  ( -0.3838775683056585009, 0.000000000000000000, -31.34097599406742418 ) ) ;
#301 = FACE_BOUND ( 'NONE', #1733, .T. ) ;
#302 = EDGE_CURVE ( 'NONE', #1337, #136, #240, .T. ) ;
#303 = ORIENTED_EDGE ( 'NONE', *, *, #708, .F. ) ;
#304 = DIRECTION ( 'NONE',  ( 0.7071067811865578978, 0.000000000000000000, -0.7071067811865371366 ) ) ;
#305 = EDGE_CURVE ( 'NONE', #1368, #924, #13, .T. ) ;
#306 = ORIENTED_EDGE ( 'NONE', *, *, #1568, .F. ) ;
#307 = DIRECTION ( 'NONE',  ( -2.044391222244499344E-16, -1.000000000000000000, -0.000000000000000000 ) ) ;
#308 = LINE ( 'NONE', #151, #981 ) ;
#309 = PLANE ( 'NONE',  #1275 ) ;
#310 = DIRECTION ( 'NONE',  ( 0.000000000000000000, 0.000000000000000000, -1.000000000000000000 ) ) ;
#311 = ORIENTED_EDGE ( 'NONE', *, *, #349, .T. ) ;
#312 = CARTESIAN_POINT ( 'NONE',  ( 24.99999999999975486, -2.310640000000084182, -20.00000000000000000 ) ) ;
#313 = VECTOR ( 'NONE', #1582, 1000.000000000000000 ) ;
#314 = ADVANCED_FACE ( 'NONE', ( #261 ), #811, .T. ) ;
#315 = AXIS2_PLACEMENT_3D ( 'NONE', #153, #1527, #1260 ) ;
#316 = LINE ( 'NONE', #27, #1331 ) ;
#317 = AXIS2_PLACEMENT_3D ( 'NONE', #278, #684, #270 ) ;
#318 = CIRCLE ( 'NONE', #371, 1.560640000000002026 ) ;
#319 = CARTESIAN_POINT ( 'NONE',  ( -14.67246570962079666, 70.00000000000000000, -43.77603927199402989 ) ) ;
#320 = CARTESIAN_POINT ( 'NONE',  ( 14.34468000000004295, -1.000000000000046629, 14.34468000000000387 ) ) ;
#321 = DIRECTION ( 'NONE',  ( 0.000000000000000000, 0.000000000000000000, 1.000000000000000000 ) ) ;
#322 = VERTEX_POINT ( 'NONE', #1201 ) ;
#323 = DIRECTION ( 'NONE',  ( -0.000000000000000000, 1.156482317317871478E-16, 1.000000000000000000 ) ) ;
#324 = VERTEX_POINT ( 'NONE', #1345 ) ;
#325 = CARTESIAN_POINT ( 'NONE',  ( -13.52078675296666432, 35.00000000000000000, -40.06372867076464672 ) ) ;
#326 = CARTESIAN_POINT ( 'NONE',  ( -2.310639999999992700, 70.00000000000000000, -30.00000000000000000 ) ) ;
#327 = EDGE_CURVE ( 'NONE', #962, #1020, #500, .T. ) ;
#328 = CARTESIAN_POINT ( 'NONE',  ( -15.02601910021407505, 0.000000000000000000, 13.42248588140076038 ) ) ;
#329 = DIRECTION ( 'NONE',  ( -1.000000000000000000, 3.491481338843133750E-15, 0.000000000000000000 ) ) ;
#330 = ORIENTED_EDGE ( 'NONE', *, *, #73, .T. ) ;
#331 = CARTESIAN_POINT ( 'NONE',  ( -1.310640000000000027, 0.000000000000000000, 0.000000000000000000 ) ) ;
#332 = EDGE_LOOP ( 'NONE', ( #267, #964, #706, #1536 ) ) ;
#333 = DIRECTION ( 'NONE',  ( -1.000000000000000000, 3.491481338843133750E-15, 0.000000000000000000 ) ) ;
#334 = DIRECTION ( 'NONE',  ( -3.491481338843133355E-15, -1.000000000000000000, -0.000000000000000000 ) ) ;
#335 = ADVANCED_FACE ( 'NONE', ( #366 ), #91, .F. ) ;
#336 = CARTESIAN_POINT ( 'NONE',  ( -1.310640000000000027, 22.68935999999998288, -22.00000000000000711 ) ) ;
#337 = EDGE_LOOP ( 'NONE', ( #1786, #1614, #1064, #573 ) ) ;
#338 = DIRECTION ( 'NONE',  ( -1.000000000000000000, 3.491481338843133750E-15, -4.037836429617412178E-31 ) ) ;
#339 = ORIENTED_EDGE ( 'NONE', *, *, #1265, .T. ) ;
#340 = FACE_OUTER_BOUND ( 'NONE', #709, .T. ) ;
#341 = VECTOR ( 'NONE', #666, 999.9999999999998863 ) ;
#342 = AXIS2_PLACEMENT_3D ( 'NONE', #816, #126, #1405 ) ;
#343 = DIRECTION ( 'NONE',  ( 0.000000000000000000, -0.000000000000000000, 1.000000000000000000 ) ) ;
#344 = VECTOR ( 'NONE', #1140, 1000.000000000000000 ) ;
#345 = CARTESIAN_POINT ( 'NONE',  ( -15.95278153190841586, 70.00000000000000000, 12.49572344970642845 ) ) ;
#346 = EDGE_CURVE ( 'NONE', #1368, #962, #1247, .T. ) ;
#347 = ORIENTED_EDGE ( 'NONE', *, *, #708, .T. ) ;
#348 = CARTESIAN_POINT ( 'NONE',  ( 13.68935999999999886, -2.310640000000000249, -22.00000000000000355 ) ) ;
#349 = EDGE_CURVE ( 'NONE', #451, #548, #1378, .T. ) ;
#350 = EDGE_LOOP ( 'NONE', ( #353, #1386, #935, #64 ) ) ;
#351 = DIRECTION ( 'NONE',  ( 0.000000000000000000, -1.000000000000000000, 0.000000000000000000 ) ) ;
#352 = CARTESIAN_POINT ( 'NONE',  ( -13.81002171074319840, 70.00000000000000000, 12.20648849192987129 ) ) ;
#353 = ORIENTED_EDGE ( 'NONE', *, *, #1565, .F. ) ;
#354 = CYLINDRICAL_SURFACE ( 'NONE', #1334, 2.499999999999998668 ) ;
#355 = EDGE_CURVE ( 'NONE', #1083, #438, #965, .T. ) ;
#356 = LINE ( 'NONE', #216, #629 ) ;
#357 = FACE_OUTER_BOUND ( 'NONE', #174, .T. ) ;
#358 = DIRECTION ( 'NONE',  ( 0.000000000000000000, 1.000000000000000000, 0.000000000000000000 ) ) ;
#359 = CARTESIAN_POINT ( 'NONE',  ( 0.000000000000000000, 0.000000000000000000, -30.00000000000000000 ) ) ;
#360 = ORIENTED_EDGE ( 'NONE', *, *, #700, .F. ) ;
#361 = DIRECTION ( 'NONE',  ( -0.000000000000000000, 1.000000000000000000, -0.000000000000000000 ) ) ;
#362 = CARTESIAN_POINT ( 'NONE',  ( -14.67246570962079488, 70.00000000000000000, 13.77603927199402989 ) ) ;
#363 = EDGE_CURVE ( 'NONE', #14, #58, #1542, .T. ) ;
#364 = ORIENTED_EDGE ( 'NONE', *, *, #614, .F. ) ;
#365 = CIRCLE ( 'NONE', #1357, 2.499999999999998668 ) ;
#366 = FACE_OUTER_BOUND ( 'NONE', #1594, .T. ) ;
#367 = LINE ( 'NONE', #1042, #134 ) ;
#368 = VECTOR ( 'NONE', #1048, 1000.000000000000000 ) ;
#369 = AXIS2_PLACEMENT_3D ( 'NONE', #1505, #1382, #254 ) ;
#370 = CARTESIAN_POINT ( 'NONE',  ( 0.9999999999999965583, -1.000000000000000000, 0.000000000000000000 ) ) ;
#371 = AXIS2_PLACEMENT_3D ( 'NONE', #386, #524, #959 ) ;
#372 = VERTEX_POINT ( 'NONE', #289 ) ;
#373 = CARTESIAN_POINT ( 'NONE',  ( -14.84924240491743497, 70.00000000000000000, -43.59926257669739869 ) ) ;
#374 = CARTESIAN_POINT ( 'NONE',  ( -15.02601910021407505, 35.00000000000000000, 13.42248588140076038 ) ) ;
#375 = ORIENTED_EDGE ( 'NONE', *, *, #1532, .F. ) ;
#376 = DIRECTION ( 'NONE',  ( 0.000000000000000000, 0.000000000000000000, -1.000000000000000000 ) ) ;
#377 = ADVANCED_FACE ( 'NONE', ( #1236 ), #674, .F. ) ;
#378 = ADVANCED_FACE ( 'NONE', ( #1408 ), #538, .F. ) ;
#379 = DIRECTION ( 'NONE',  ( -0.7071067811865513475, 0.000000000000000000, -0.7071067811865437980 ) ) ;
#380 = DIRECTION ( 'NONE',  ( -0.7071067811865513475, 0.000000000000000000, -0.7071067811865437980 ) ) ;
#381 = CARTESIAN_POINT ( 'NONE',  ( -0.6767707871191105395, -3.340267877109234230E-16, -31.63386921288087450 ) ) ;
#382 = EDGE_LOOP ( 'NONE', ( #330, #1649, #231, #903 ) ) ;
#383 = LINE ( 'NONE', #362, #1186 ) ;
#384 = ORIENTED_EDGE ( 'NONE', *, *, #898, .T. ) ;
#385 = LINE ( 'NONE', #919, #1126 ) ;
#386 = CARTESIAN_POINT ( 'NONE',  ( -14.84924240491743497, 70.00000000000000000, -43.59926257669739869 ) ) ;
#387 = EDGE_CURVE ( 'NONE', #1141, #86, #1099, .T. ) ;
#388 = CARTESIAN_POINT ( 'NONE',  ( -13.81002171074319840, 0.000000000000000000, -42.20648849192987484 ) ) ;
#389 = CARTESIAN_POINT ( 'NONE',  ( -13.52078675296666432, 35.00000000000000000, -40.06372867076464672 ) ) ;
#390 = ORIENTED_EDGE ( 'NONE', *, *, #530, .T. ) ;
#391 = FACE_OUTER_BOUND ( 'NONE', #125, .T. ) ;
#392 = ORIENTED_EDGE ( 'NONE', *, *, #387, .F. ) ;
#393 = CARTESIAN_POINT ( 'NONE',  ( -13.74570327792645408, 70.00000000000000000, -44.70280170368836536 ) ) ;
#394 = DIRECTION ( 'NONE',  ( 0.000000000000000000, 1.000000000000000000, 0.000000000000000000 ) ) ;
#395 = CIRCLE ( 'NONE', #1330, 1.560640000000000249 ) ;
#396 = CIRCLE ( 'NONE', #453, 2.310640000000005134 ) ;
#397 = CARTESIAN_POINT ( 'NONE',  ( -1.310640000000000027, 0.000000000000000000, -7.999999999999996447 ) ) ;
#398 = AXIS2_PLACEMENT_3D ( 'NONE', #1062, #637, #912 ) ;
#399 = ORIENTED_EDGE ( 'NONE', *, *, #776, .T. ) ;
#400 = CIRCLE ( 'NONE', #1665, 2.310640000000000249 ) ;
#401 = DIRECTION ( 'NONE',  ( -0.000000000000000000, -1.000000000000000000, -0.000000000000000000 ) ) ;
#402 = ADVANCED_FACE ( 'NONE', ( #159 ), #566, .F. ) ;
#403 = ORIENTED_EDGE ( 'NONE', *, *, #665, .F. ) ;
#404 = DIRECTION ( 'NONE',  ( 1.000000000000000000, 0.000000000000000000, 0.000000000000000000 ) ) ;
#405 = PLANE ( 'NONE',  #634 ) ;
#406 = ORIENTED_EDGE ( 'NONE', *, *, #1611, .F. ) ;
#407 =( NAMED_UNIT ( * ) SI_UNIT ( $, .STERADIAN. ) SOLID_ANGLE_UNIT ( ) );
#408 = ORIENTED_EDGE ( 'NONE', *, *, #327, .T. ) ;
#409 = CARTESIAN_POINT ( 'NONE',  ( 24.99999999999975486, -2.310640000000084182, -22.50000000000000000 ) ) ;
#410 = EDGE_CURVE ( 'NONE', #1765, #215, #1124, .T. ) ;
#411 = EDGE_LOOP ( 'NONE', ( #414, #753, #464, #565 ) ) ;
#412 = CARTESIAN_POINT ( 'NONE',  ( -2.310640000000006911, 0.000000000000000000, 0.000000000000000000 ) ) ;
#413 = CARTESIAN_POINT ( 'NONE',  ( -13.52078675296666432, 0.000000000000000000, 10.06372867076465027 ) ) ;
#414 = ORIENTED_EDGE ( 'NONE', *, *, #762, .T. ) ;
#415 = CARTESIAN_POINT ( 'NONE',  ( -15.02601910021407505, 70.00000000000000000, 13.42248588140076038 ) ) ;
#416 = ORIENTED_EDGE ( 'NONE', *, *, #1262, .T. ) ;
#417 = CARTESIAN_POINT ( 'NONE',  ( 28.68935999999999709, -2.310640000000096617, 0.000000000000000000 ) ) ;
#418 = ORIENTED_EDGE ( 'NONE', *, *, #1592, .F. ) ;
#419 = DIRECTION ( 'NONE',  ( -0.7071067811865513475, 0.000000000000000000, 0.7071067811865437980 ) ) ;
#420 = EDGE_CURVE ( 'NONE', #585, #1818, #826, .T. ) ;
#421 = PLANE ( 'NONE',  #748 ) ;
#422 = EDGE_CURVE ( 'NONE', #119, #1668, #818, .T. ) ;
#423 = FACE_OUTER_BOUND ( 'NONE', #6, .T. ) ;
#424 = CARTESIAN_POINT ( 'NONE',  ( -15.77600483661176156, 70.00000000000000000, -44.87957839898501078 ) ) ;
#425 = VECTOR ( 'NONE', #427, 1000.000000000000000 ) ;
#426 = EDGE_LOOP ( 'NONE', ( #1270, #1618, #725, #1341 ) ) ;
#427 = DIRECTION ( 'NONE',  ( 0.000000000000000000, 0.000000000000000000, -1.000000000000000000 ) ) ;
#428 = VECTOR ( 'NONE', #1799, 1000.000000000000000 ) ;
#429 = VECTOR ( 'NONE', #181, 1000.000000000000000 ) ;
#430 = ORIENTED_EDGE ( 'NONE', *, *, #158, .T. ) ;
#431 = DIRECTION ( 'NONE',  ( 3.491481338843133355E-15, 1.000000000000000000, 0.000000000000000000 ) ) ;
#432 = LINE ( 'NONE', #1127, #775 ) ;
#433 = EDGE_CURVE ( 'NONE', #1517, #1606, #1388, .T. ) ;
#434 = DIRECTION ( 'NONE',  ( 0.000000000000000000, 0.000000000000000000, -1.000000000000000000 ) ) ;
#435 = LINE ( 'NONE', #989, #1424 ) ;
#436 = ORIENTED_EDGE ( 'NONE', *, *, #1406, .T. ) ;
#437 = DIRECTION ( 'NONE',  ( 2.044391222244499344E-16, 1.000000000000000000, 0.000000000000000000 ) ) ;
#438 = VERTEX_POINT ( 'NONE', #439 ) ;
#439 = CARTESIAN_POINT ( 'NONE',  ( -0.6767707871191073199, 70.00000000000000000, -31.63386921288087450 ) ) ;
#440 = LINE ( 'NONE', #1430, #1156 ) ;
#441 = LINE ( 'NONE', #840, #769 ) ;
#442 = CARTESIAN_POINT ( 'NONE',  ( -0.000000000000000000, 22.68935999999998288, -22.00000000000000711 ) ) ;
#443 = EDGE_CURVE ( 'NONE', #1628, #1300, #396, .T. ) ;
#444 = ORIENTED_EDGE ( 'NONE', *, *, #1510, .T. ) ;
#445 = FACE_OUTER_BOUND ( 'NONE', #1441, .T. ) ;
#446 = ORIENTED_EDGE ( 'NONE', *, *, #1001, .T. ) ;
#447 = CARTESIAN_POINT ( 'NONE',  ( -2.310639999999992700, 70.00000000000000000, 0.000000000000000000 ) ) ;
#448 = DIRECTION ( 'NONE',  ( -0.7071067811865437980, -0.000000000000000000, 0.7071067811865513475 ) ) ;
#449 = CARTESIAN_POINT ( 'NONE',  ( -14.84924240491743497, 0.000000000000000000, 13.59926257669739513 ) ) ;
#450 = AXIS2_PLACEMENT_3D ( 'NONE', #553, #1393, #1647 ) ;
#451 = VERTEX_POINT ( 'NONE', #578 ) ;
#452 = LINE ( 'NONE', #1588, #863 ) ;
#453 = AXIS2_PLACEMENT_3D ( 'NONE', #412, #307, #694 ) ;
#454 = ORIENTED_EDGE ( 'NONE', *, *, #1429, .F. ) ;
#455 = ADVANCED_FACE ( 'NONE', ( #268 ), #1664, .F. ) ;
#456 = VECTOR ( 'NONE', #503, 1000.000000000000000 ) ;
#457 = DIRECTION ( 'NONE',  ( -0.7071067811865513475, 0.000000000000000000, -0.7071067811865437980 ) ) ;
#458 = VECTOR ( 'NONE', #1740, 1000.000000000000000 ) ;
#459 = CARTESIAN_POINT ( 'NONE',  ( -2.310639999999992700, 70.00000000000000000, -30.00000000000000000 ) ) ;
#460 = DIRECTION ( 'NONE',  ( -0.000000000000000000, -0.000000000000000000, 1.000000000000000000 ) ) ;
#461 = CYLINDRICAL_SURFACE ( 'NONE', #606, 1.000000000000000000 ) ;
#462 = VERTEX_POINT ( 'NONE', #1273 ) ;
#463 = DIRECTION ( 'NONE',  ( 0.000000000000000000, 0.000000000000000000, -1.000000000000000000 ) ) ;
#464 = ORIENTED_EDGE ( 'NONE', *, *, #1406, .F. ) ;
#465 = DIRECTION ( 'NONE',  ( 0.000000000000000000, 1.000000000000000000, 0.000000000000000000 ) ) ;
#466 = EDGE_CURVE ( 'NONE', #1760, #845, #1524, .T. ) ;
#467 = APPLICATION_PROTOCOL_DEFINITION ( 'draft international standard', 'automotive_design', 1998, #142 ) ;
#468 = DIRECTION ( 'NONE',  ( -0.7071067811865435759, 2.468850131082251933E-15, 0.7071067811865514585 ) ) ;
#469 = ORIENTED_EDGE ( 'NONE', *, *, #410, .F. ) ;
#470 = DIRECTION ( 'NONE',  ( -0.7071067811865465735, 2.468850131082262583E-15, -0.7071067811865485719 ) ) ;
#471 = ORIENTED_EDGE ( 'NONE', *, *, #294, .F. ) ;
#472 = CARTESIAN_POINT ( 'NONE',  ( 13.68935999999999886, -1.966019939440377692E-15, -16.99999999999997158 ) ) ;
#473 = PRODUCT_DEFINITION_SHAPE ( 'NONE', 'NONE',  #905 ) ;
#474 = EDGE_CURVE ( 'NONE', #119, #58, #559, .T. ) ;
#475 = CARTESIAN_POINT ( 'NONE',  ( -1.310639999999987815, 70.00000000000000000, -30.00000000000000000 ) ) ;
#476 = ADVANCED_FACE ( 'NONE', ( #1803 ), #1552, .T. ) ;
#477 = LINE ( 'NONE', #359, #484 ) ;
#478 = ORIENTED_EDGE ( 'NONE', *, *, #302, .T. ) ;
#479 = CARTESIAN_POINT ( 'NONE',  ( -12.59402432127232352, 35.00000000000000000, 10.99049110245898220 ) ) ;
#480 = EDGE_LOOP ( 'NONE', ( #271, #1207, #1461, #260 ) ) ;
#481 = CARTESIAN_POINT ( 'NONE',  ( -4.576075101941364693E-15, -2.310639999999996697, 0.000000000000000000 ) ) ;
#482 = AXIS2_PLACEMENT_3D ( 'NONE', #447, #1319, #866 ) ;
#483 = AXIS2_PLACEMENT_3D ( 'NONE', #1604, #1356, #1349 ) ;
#484 = VECTOR ( 'NONE', #61, 1000.000000000000000 ) ;
#485 = DIRECTION ( 'NONE',  ( 0.000000000000000000, 1.000000000000000000, -1.156482317317871478E-16 ) ) ;
#486 = EDGE_CURVE ( 'NONE', #825, #1374, #201, .T. ) ;
#487 = ORIENTED_EDGE ( 'NONE', *, *, #1414, .T. ) ;
#488 = PLANE ( 'NONE',  #1159 ) ;
#489 = ORIENTED_EDGE ( 'NONE', *, *, #998, .T. ) ;
#490 = LINE ( 'NONE', #239, #368 ) ;
#491 = ORIENTED_EDGE ( 'NONE', *, *, #466, .F. ) ;
#492 = LINE ( 'NONE', #800, #1476 ) ;
#493 = CARTESIAN_POINT ( 'NONE',  ( 13.68935999999999886, 27.68936000000000064, -22.00000000000000711 ) ) ;
#494 = EDGE_LOOP ( 'NONE', ( #1779, #236, #204, #673 ) ) ;
#495 = FACE_OUTER_BOUND ( 'NONE', #609, .T. ) ;
#496 = EDGE_CURVE ( 'NONE', #1396, #577, #755, .T. ) ;
#497 = ORIENTED_EDGE ( 'NONE', *, *, #831, .F. ) ;
#498 = DIRECTION ( 'NONE',  ( -0.7071067811865437980, 0.000000000000000000, -0.7071067811865513475 ) ) ;
#499 = EDGE_LOOP ( 'NONE', ( #691, #1603, #733, #1168 ) ) ;
#500 = LINE ( 'NONE', #1059, #1655 ) ;
#501 = DIRECTION ( 'NONE',  ( -3.469446951953614189E-15, -1.000000000000000000, 0.000000000000000000 ) ) ;
#502 = ORIENTED_EDGE ( 'NONE', *, *, #1081, .F. ) ;
#503 = DIRECTION ( 'NONE',  ( -1.000000000000000000, -0.000000000000000000, -0.000000000000000000 ) ) ;
#504 = EDGE_CURVE ( 'NONE', #1800, #1132, #316, .T. ) ;
#505 = ORIENTED_EDGE ( 'NONE', *, *, #1592, .T. ) ;
#506 = LINE ( 'NONE', #1463, #1719 ) ;
#507 = ADVANCED_FACE ( 'NONE', ( #613 ), #1144, .F. ) ;
#508 = ORIENTED_EDGE ( 'NONE', *, *, #1128, .T. ) ;
#509 = APPLICATION_CONTEXT ( 'automotive_design' ) ;
#510 = VECTOR ( 'NONE', #1787, 1000.000000000000000 ) ;
#511 = DIRECTION ( 'NONE',  ( 0.000000000000000000, 0.000000000000000000, -1.000000000000000000 ) ) ;
#512 = VECTOR ( 'NONE', #1419, 1000.000000000000114 ) ;
#513 = VECTOR ( 'NONE', #1114, 1000.000000000000000 ) ;
#514 = AXIS2_PLACEMENT_3D ( 'NONE', #389, #1251, #1791 ) ;
#515 = CARTESIAN_POINT ( 'NONE',  ( -13.52078675296666432, 70.00000000000000000, -40.06372867076464672 ) ) ;
#516 = AXIS2_PLACEMENT_3D ( 'NONE', #597, #1167, #329 ) ;
#517 = EDGE_LOOP ( 'NONE', ( #1520, #886, #1348, #1458 ) ) ;
#518 = FACE_OUTER_BOUND ( 'NONE', #972, .T. ) ;
#519 = EDGE_LOOP ( 'NONE', ( #306, #1684, #1272, #1667 ) ) ;
#520 = CYLINDRICAL_SURFACE ( 'NONE', #1216, 2.310640000000005134 ) ;
#521 = EDGE_LOOP ( 'NONE', ( #200, #478, #390, #745 ) ) ;
#522 = CARTESIAN_POINT ( 'NONE',  ( 1.000000000000000000, 0.000000000000000000, -15.00000000000000000 ) ) ;
#523 = ADVANCED_FACE ( 'NONE', ( #892 ), #1285, .F. ) ;
#524 = DIRECTION ( 'NONE',  ( -0.000000000000000000, -1.000000000000000000, -0.000000000000000000 ) ) ;
#525 = ORIENTED_EDGE ( 'NONE', *, *, #1611, .T. ) ;
#526 = DIRECTION ( 'NONE',  ( 0.000000000000000000, -1.000000000000000000, 1.156482317317871478E-16 ) ) ;
#527 = ORIENTED_EDGE ( 'NONE', *, *, #1785, .T. ) ;
#528 = CARTESIAN_POINT ( 'NONE',  ( 33.68936000000000064, -2.310640000000113936, -24.99999999999998224 ) ) ;
#529 = DIRECTION ( 'NONE',  ( 0.000000000000000000, 1.000000000000000000, 0.000000000000000000 ) ) ;
#530 = EDGE_CURVE ( 'NONE', #136, #372, #166, .T. ) ;
#531 = CARTESIAN_POINT ( 'NONE',  ( -1.310640000000000027, 70.00000000000000000, -30.00000000000000000 ) ) ;
#532 = ADVANCED_FACE ( 'NONE', ( #874 ), #1003, .F. ) ;
#533 = ORIENTED_EDGE ( 'NONE', *, *, #786, .T. ) ;
#534 = PRESENTATION_STYLE_ASSIGNMENT (( #1092 ) ) ;
#535 = ORIENTED_EDGE ( 'NONE', *, *, #1771, .F. ) ;
#536 = PLANE ( 'NONE',  #950 ) ;
#537 = ORIENTED_EDGE ( 'NONE', *, *, #1229, .T. ) ;
#538 = PLANE ( 'NONE',  #1157 ) ;
#539 = CIRCLE ( 'NONE', #974, 0.2500000000000002220 ) ;
#540 = LINE ( 'NONE', #531, #1190 ) ;
#541 = VECTOR ( 'NONE', #1409, 1000.000000000000000 ) ;
#542 = AXIS2_PLACEMENT_3D ( 'NONE', #191, #747, #1016 ) ;
#543 = VECTOR ( 'NONE', #1548, 1000.000000000000000 ) ;
#544 = DIRECTION ( 'NONE',  ( -0.7071067811865437980, 0.000000000000000000, 0.7071067811865513475 ) ) ;
#545 = DIRECTION ( 'NONE',  ( -1.000000000000000000, 0.000000000000000000, 0.000000000000000000 ) ) ;
#546 = EDGE_CURVE ( 'NONE', #845, #1501, #1428, .T. ) ;
#547 = AXIS2_PLACEMENT_3D ( 'NONE', #1423, #1289, #32 ) ;
#548 = VERTEX_POINT ( 'NONE', #881 ) ;
#549 = PLANE ( 'NONE',  #889 ) ;
#550 = ORIENTED_EDGE ( 'NONE', *, *, #579, .T. ) ;
#551 = DIRECTION ( 'NONE',  ( 0.7071067811865437980, -0.000000000000000000, -0.7071067811865513475 ) ) ;
#552 = DIRECTION ( 'NONE',  ( -1.000000000000000000, 0.000000000000000000, 0.000000000000000000 ) ) ;
#553 = CARTESIAN_POINT ( 'NONE',  ( -14.84924240491743497, 0.000000000000000000, -43.59926257669739869 ) ) ;
#554 = LINE ( 'NONE', #806, #632 ) ;
#555 = VERTEX_POINT ( 'NONE', #594 ) ;
#556 = EDGE_CURVE ( 'NONE', #1473, #577, #1729, .T. ) ;
#557 = CARTESIAN_POINT ( 'NONE',  ( 0.2714424316943343518, 0.000000000000000000, 0.6856559940674236131 ) ) ;
#558 = VERTEX_POINT ( 'NONE', #1437 ) ;
#559 = LINE ( 'NONE', #16, #715 ) ;
#560 = DIRECTION ( 'NONE',  ( -0.7071067811865513475, 0.000000000000000000, 0.7071067811865437980 ) ) ;
#561 = LINE ( 'NONE', #1504, #1154 ) ;
#562 = DIRECTION ( 'NONE',  ( -0.000000000000000000, -0.000000000000000000, 1.000000000000000000 ) ) ;
#563 = VERTEX_POINT ( 'NONE', #736 ) ;
#564 = DIRECTION ( 'NONE',  ( 0.000000000000000000, 0.000000000000000000, 1.000000000000000000 ) ) ;
#565 = ORIENTED_EDGE ( 'NONE', *, *, #1680, .F. ) ;
#566 = PLANE ( 'NONE',  #1658 ) ;
#567 = EDGE_CURVE ( 'NONE', #1105, #750, #1607, .T. ) ;
#568 = DIRECTION ( 'NONE',  ( 0.000000000000000000, 0.000000000000000000, -1.000000000000000000 ) ) ;
#569 = CARTESIAN_POINT ( 'NONE',  ( 13.68935999999999886, -1.000000000000044187, 0.000000000000000000 ) ) ;
#570 = VECTOR ( 'NONE', #434, 1000.000000000000000 ) ;
#571 = LINE ( 'NONE', #1704, #429 ) ;
#572 = VECTOR ( 'NONE', #285, 1000.000000000000000 ) ;
#573 = ORIENTED_EDGE ( 'NONE', *, *, #1317, .F. ) ;
#574 = LINE ( 'NONE', #1685, #830 ) ;
#575 = VECTOR ( 'NONE', #1342, 1000.000000000000000 ) ;
#576 = AXIS2_PLACEMENT_3D ( 'NONE', #1019, #1577, #1158 ) ;
#577 = VERTEX_POINT ( 'NONE', #1312 ) ;
#578 = CARTESIAN_POINT ( 'NONE',  ( 24.99999999999975486, -2.310640000000084182, -5.000000000000000888 ) ) ;
#579 = EDGE_CURVE ( 'NONE', #782, #1, #36, .T. ) ;
#580 = LINE ( 'NONE', #1276, #287 ) ;
#581 = LINE ( 'NONE', #569, #827 ) ;
#582 = FACE_OUTER_BOUND ( 'NONE', #1219, .T. ) ;
#583 = ORIENTED_EDGE ( 'NONE', *, *, #1715, .T. ) ;
#584 = CARTESIAN_POINT ( 'NONE',  ( -2.310639999999992700, 70.00000000000000000, 0.000000000000000000 ) ) ;
#585 = VERTEX_POINT ( 'NONE', #1717 ) ;
#586 = DIRECTION ( 'NONE',  ( 0.000000000000000000, -0.7071067811865514585, -0.7071067811865435759 ) ) ;
#587 = DIRECTION ( 'NONE',  ( 0.000000000000000000, 1.000000000000000000, 0.000000000000000000 ) ) ;
#588 = DIRECTION ( 'NONE',  ( 0.000000000000000000, 0.000000000000000000, -1.000000000000000000 ) ) ;
#589 = LINE ( 'NONE', #1147, #1575 ) ;
#590 = ADVANCED_FACE ( 'NONE', ( #1301 ), #900, .F. ) ;
#591 = ORIENTED_EDGE ( 'NONE', *, *, #235, .T. ) ;
#592 = PLANE ( 'NONE',  #1751 ) ;
#593 = EDGE_LOOP ( 'NONE', ( #303, #991, #681, #1713 ) ) ;
#594 = CARTESIAN_POINT ( 'NONE',  ( 13.68935999999999886, -2.310639999999999805, -16.99999999999997158 ) ) ;
#595 = LINE ( 'NONE', #986, #1014 ) ;
#596 = LINE ( 'NONE', #723, #655 ) ;
#597 = CARTESIAN_POINT ( 'NONE',  ( 0.000000000000000000, -0.9999999999999965583, 0.000000000000000000 ) ) ;
#598 = AXIS2_PLACEMENT_3D ( 'NONE', #1807, #380, #544 ) ;
#599 = EDGE_LOOP ( 'NONE', ( #807, #640, #416, #1038, #853, #1121, #1579, #1663, #793, #1634 ) ) ;
#600 = FACE_OUTER_BOUND ( 'NONE', #760, .T. ) ;
#601 = ADVANCED_FACE ( 'NONE', ( #619, #340, #1040 ), #1178, .F. ) ;
#602 = VECTOR ( 'NONE', #761, 1000.000000000000000 ) ;
#603 = ORIENTED_EDGE ( 'NONE', *, *, #1072, .T. ) ;
#604 = AXIS2_PLACEMENT_3D ( 'NONE', #156, #963, #1271 ) ;
#605 = DIRECTION ( 'NONE',  ( -3.308924410930551496E-15, -1.000000000000000000, 0.000000000000000000 ) ) ;
#606 = AXIS2_PLACEMENT_3D ( 'NONE', #173, #310, #724 ) ;
#607 = DIRECTION ( 'NONE',  ( -0.7071067811865437980, -0.000000000000000000, 0.7071067811865512365 ) ) ;
#608 = FACE_OUTER_BOUND ( 'NONE', #1623, .T. ) ;
#609 = EDGE_LOOP ( 'NONE', ( #1427, #88, #1557, #1113 ) ) ;
#610 = LINE ( 'NONE', #734, #255 ) ;
#611 = ADVANCED_FACE ( 'NONE', ( #1171 ), #1736, .F. ) ;
#612 = VERTEX_POINT ( 'NONE', #110 ) ;
#613 = FACE_OUTER_BOUND ( 'NONE', #908, .T. ) ;
#614 = EDGE_CURVE ( 'NONE', #585, #1620, #914, .T. ) ;
#615 = DIRECTION ( 'NONE',  ( 2.044391222244499344E-16, 1.000000000000000000, 0.000000000000000000 ) ) ;
#616 = ORIENTED_EDGE ( 'NONE', *, *, #486, .T. ) ;
#617 = CARTESIAN_POINT ( 'NONE',  ( 13.68935999999999886, 27.68936000000000064, -8.000000000000000000 ) ) ;
#618 = ORIENTED_EDGE ( 'NONE', *, *, #795, .T. ) ;
#619 = FACE_BOUND ( 'NONE', #1763, .T. ) ;
#620 = ADVANCED_FACE ( 'NONE', ( #1077 ), #1086, .F. ) ;
#621 = EDGE_CURVE ( 'NONE', #372, #1628, #1772, .T. ) ;
#622 = LINE ( 'NONE', #84, #1221 ) ;
#623 = EDGE_LOOP ( 'NONE', ( #899, #799, #339, #727 ) ) ;
#624 = LINE ( 'NONE', #1185, #1068 ) ;
#625 = ORIENTED_EDGE ( 'NONE', *, *, #1359, .T. ) ;
#626 = DIRECTION ( 'NONE',  ( 0.7071067811865513475, -8.177564888977951030E-17, -0.7071067811865436870 ) ) ;
#627 = AXIS2_PLACEMENT_3D ( 'NONE', #1302, #1166, #1025 ) ;
#628 = AXIS2_PLACEMENT_3D ( 'NONE', #1597, #465, #1590 ) ;
#629 = VECTOR ( 'NONE', #770, 1000.000000000000000 ) ;
#630 = ORIENTED_EDGE ( 'NONE', *, *, #1785, .F. ) ;
#631 = DIRECTION ( 'NONE',  ( -0.000000000000000000, -1.000000000000000000, -0.000000000000000000 ) ) ;
#632 = VECTOR ( 'NONE', #841, 1000.000000000000000 ) ;
#633 = EDGE_CURVE ( 'NONE', #1609, #1170, #383, .T. ) ;
#634 = AXIS2_PLACEMENT_3D ( 'NONE', #143, #1645, #939 ) ;
#635 = LINE ( 'NONE', #1210, #1482 ) ;
#636 = EDGE_LOOP ( 'NONE', ( #701, #62, #643, #1676 ) ) ;
#637 = DIRECTION ( 'NONE',  ( 3.491481338843133750E-15, 1.000000000000000000, 0.000000000000000000 ) ) ;
#638 = ORIENTED_EDGE ( 'NONE', *, *, #1556, .F. ) ;
#639 = CARTESIAN_POINT ( 'NONE',  ( 0.9999999999999922284, -2.310639999999998473, -7.999999999999996447 ) ) ;
#640 = ORIENTED_EDGE ( 'NONE', *, *, #882, .T. ) ;
#641 = DIRECTION ( 'NONE',  ( 0.000000000000000000, 0.000000000000000000, -1.000000000000000000 ) ) ;
#642 = FACE_OUTER_BOUND ( 'NONE', #767, .T. ) ;
#643 = ORIENTED_EDGE ( 'NONE', *, *, #1252, .F. ) ;
#644 = LINE ( 'NONE', #934, #1362 ) ;
#645 = ADVANCED_FACE ( 'NONE', ( #1471 ), #230, .T. ) ;
#646 = ORIENTED_EDGE ( 'NONE', *, *, #556, .T. ) ;
#647 = CARTESIAN_POINT ( 'NONE',  ( -2.310639999999992700, 70.00000000000000000, 0.000000000000000000 ) ) ;
#648 = LINE ( 'NONE', #1338, #510 ) ;
#649 = CARTESIAN_POINT ( 'NONE',  ( -1.310640000000000027, 27.68936000000000064, -13.00000000000001776 ) ) ;
#650 = VERTEX_POINT ( 'NONE', #528 ) ;
#651 = FACE_OUTER_BOUND ( 'NONE', #1464, .T. ) ;
#652 = EDGE_CURVE ( 'NONE', #1149, #1300, #781, .T. ) ;
#653 = LINE ( 'NONE', #639, #1627 ) ;
#654 = ORIENTED_EDGE ( 'NONE', *, *, #1403, .F. ) ;
#655 = VECTOR ( 'NONE', #996, 1000.000000000000000 ) ;
#656 = CARTESIAN_POINT ( 'NONE',  ( 0.9999999999999920064, -2.310640000000000249, 0.000000000000000000 ) ) ;
#657 = VECTOR ( 'NONE', #1483, 1000.000000000000000 ) ;
#658 = VECTOR ( 'NONE', #304, 1000.000000000000000 ) ;
#659 = FACE_OUTER_BOUND ( 'NONE', #332, .T. ) ;
#660 = CIRCLE ( 'NONE', #576, 1.560640000000000249 ) ;
#661 = ORIENTED_EDGE ( 'NONE', *, *, #1067, .T. ) ;
#662 = DIRECTION ( 'NONE',  ( 0.000000000000000000, 1.239088197126290324E-16, 1.000000000000000000 ) ) ;
#663 = ORIENTED_EDGE ( 'NONE', *, *, #1265, .F. ) ;
#664 = CARTESIAN_POINT ( 'NONE',  ( -2.310639999999992700, 70.00000000000000000, 0.000000000000000000 ) ) ;
#665 = EDGE_CURVE ( 'NONE', #1735, #1493, #1336, .T. ) ;
#666 = DIRECTION ( 'NONE',  ( 0.7071067811865512365, -0.000000000000000000, 0.7071067811865439090 ) ) ;
#667 = EDGE_CURVE ( 'NONE', #1242, #1528, #490, .T. ) ;
#668 = CARTESIAN_POINT ( 'NONE',  ( 13.68935999999999886, -2.310639999999998917, -13.00000000000001421 ) ) ;
#669 = ORIENTED_EDGE ( 'NONE', *, *, #155, .F. ) ;
#670 = FACE_OUTER_BOUND ( 'NONE', #499, .T. ) ;
#671 = EDGE_LOOP ( 'NONE', ( #835, #535, #1455, #1087 ) ) ;
#672 = DIRECTION ( 'NONE',  ( 0.7071067811865437980, -0.000000000000000000, -0.7071067811865513475 ) ) ;
#673 = ORIENTED_EDGE ( 'NONE', *, *, #443, .F. ) ;
#674 = PLANE ( 'NONE',  #1538 ) ;
#675 = EDGE_CURVE ( 'NONE', #1233, #119, #1755, .T. ) ;
#676 = EDGE_CURVE ( 'NONE', #1493, #324, #506, .T. ) ;
#677 = LINE ( 'NONE', #1516, #864 ) ;
#678 = CARTESIAN_POINT ( 'NONE',  ( -15.95278153190841586, 0.000000000000000000, -42.49572344970642490 ) ) ;
#679 = ORIENTED_EDGE ( 'NONE', *, *, #187, .F. ) ;
#680 = DIRECTION ( 'NONE',  ( -0.000000000000000000, 1.156482317317871478E-16, 1.000000000000000000 ) ) ;
#681 = ORIENTED_EDGE ( 'NONE', *, *, #1179, .F. ) ;
#682 = CARTESIAN_POINT ( 'NONE',  ( -13.81002171074319840, 35.00000000000000000, -42.20648849192987484 ) ) ;
#683 = VECTOR ( 'NONE', #941, 1000.000000000000000 ) ;
#684 = DIRECTION ( 'NONE',  ( 3.491481338843133750E-15, 1.000000000000000000, 0.000000000000000000 ) ) ;
#685 = AXIS2_PLACEMENT_3D ( 'NONE', #927, #1650, #498 ) ;
#686 = ADVANCED_FACE ( 'NONE', ( #391 ), #797, .F. ) ;
#687 = AXIS2_PLACEMENT_3D ( 'NONE', #1243, #1698, #1529 ) ;
#688 = EDGE_LOOP ( 'NONE', ( #1163, #1191, #638, #999 ) ) ;
#689 = FACE_OUTER_BOUND ( 'NONE', #1451, .T. ) ;
#690 = VECTOR ( 'NONE', #379, 1000.000000000000000 ) ;
#691 = ORIENTED_EDGE ( 'NONE', *, *, #1286, .T. ) ;
#692 = CARTESIAN_POINT ( 'NONE',  ( 0.000000000000000000, 27.68936000000000064, -17.00000000000004263 ) ) ;
#693 = ORIENTED_EDGE ( 'NONE', *, *, #842, .T. ) ;
#694 = DIRECTION ( 'NONE',  ( -1.000000000000000000, 2.044391222244499344E-16, 0.000000000000000000 ) ) ;
#695 = PLANE ( 'NONE',  #1544 ) ;
#696 = FACE_OUTER_BOUND ( 'NONE', #147, .T. ) ;
#697 = CARTESIAN_POINT ( 'NONE',  ( -1.310640000000000027, 70.00000000000000000, 0.000000000000000000 ) ) ;
#698 = ORIENTED_EDGE ( 'NONE', *, *, #1771, .T. ) ;
#699 = LINE ( 'NONE', #971, #572 ) ;
#700 = EDGE_CURVE ( 'NONE', #58, #1642, #1324, .T. ) ;
#701 = ORIENTED_EDGE ( 'NONE', *, *, #1013, .T. ) ;
#702 = DIRECTION ( 'NONE',  ( 0.000000000000000000, -1.000000000000000000, -0.000000000000000000 ) ) ;
#703 = DIRECTION ( 'NONE',  ( -0.7071067811865435759, 2.468850131082251933E-15, -0.7071067811865513475 ) ) ;
#704 = DIRECTION ( 'NONE',  ( 0.7071067811865465735, -2.468850131082262583E-15, -0.7071067811865485719 ) ) ;
#705 = CARTESIAN_POINT ( 'NONE',  ( -0.6767707871191105395, -3.340267877109234230E-16, 1.633869212880878941 ) ) ;
#706 = ORIENTED_EDGE ( 'NONE', *, *, #146, .F. ) ;
#707 = DIRECTION ( 'NONE',  ( 3.491481338843133355E-15, 1.000000000000000000, 0.000000000000000000 ) ) ;
#708 = EDGE_CURVE ( 'NONE', #438, #215, #1352, .T. ) ;
#709 = EDGE_LOOP ( 'NONE', ( #1002, #583, #1434, #1820, #418, #1407, #33, #217, #646, #1773, #197, #1030 ) ) ;
#710 = DIRECTION ( 'NONE',  ( -1.000000000000000000, -0.000000000000000000, -0.000000000000000000 ) ) ;
#711 = DIRECTION ( 'NONE',  ( 0.000000000000000000, -1.000000000000000000, -0.000000000000000000 ) ) ;
#712 = DIRECTION ( 'NONE',  ( -0.000000000000000000, -1.000000000000000000, -0.000000000000000000 ) ) ;
#713 = VECTOR ( 'NONE', #1679, 1000.000000000000000 ) ;
#714 = DIRECTION ( 'NONE',  ( -0.000000000000000000, -1.000000000000000000, -0.000000000000000000 ) ) ;
#715 = VECTOR ( 'NONE', #1117, 1000.000000000000000 ) ;
#716 = EDGE_LOOP ( 'NONE', ( #1802, #471, #1298, #821 ) ) ;
#717 = CARTESIAN_POINT ( 'NONE',  ( -15.02601910021407505, 35.00000000000000000, -43.42248588140076038 ) ) ;
#718 = AXIS2_PLACEMENT_3D ( 'NONE', #1475, #615, #1060 ) ;
#719 = ORIENTED_EDGE ( 'NONE', *, *, #1583, .F. ) ;
#720 = CARTESIAN_POINT ( 'NONE',  ( 13.68935999999999886, 27.68936000000000064, -13.00000000000001776 ) ) ;
#721 = FACE_OUTER_BOUND ( 'NONE', #519, .T. ) ;
#722 = EDGE_CURVE ( 'NONE', #1760, #1105, #356, .T. ) ;
#723 = CARTESIAN_POINT ( 'NONE',  ( -0.6767707871191072089, 0.000000000000000000, -31.63386921288087450 ) ) ;
#724 = DIRECTION ( 'NONE',  ( -3.469446951953614189E-15, -1.000000000000000000, 0.000000000000000000 ) ) ;
#725 = ORIENTED_EDGE ( 'NONE', *, *, #1788, .F. ) ;
#726 = FACE_OUTER_BOUND ( 'NONE', #1612, .T. ) ;
#727 = ORIENTED_EDGE ( 'NONE', *, *, #633, .F. ) ;
#728 = DIRECTION ( 'NONE',  ( 0.000000000000000000, 1.000000000000000000, 0.000000000000000000 ) ) ;
#729 = CARTESIAN_POINT ( 'NONE',  ( -1.603533218813448791, 0.000000000000000000, -30.70710678118654258 ) ) ;
#730 = EDGE_CURVE ( 'NONE', #918, #140, #80, .T. ) ;
#731 = LINE ( 'NONE', #1295, #885 ) ;
#732 = CARTESIAN_POINT ( 'NONE',  ( 24.99999999999975486, -1.000000000000083933, -22.50000000000000000 ) ) ;
#733 = ORIENTED_EDGE ( 'NONE', *, *, #1392, .F. ) ;
#734 = CARTESIAN_POINT ( 'NONE',  ( -13.74570327792644520, 70.00000000000000000, -44.70280170368835115 ) ) ;
#735 = VERTEX_POINT ( 'NONE', #1621 ) ;
#736 = CARTESIAN_POINT ( 'NONE',  ( -1.310640000000000027, 0.000000000000000000, -22.00000000000000355 ) ) ;
#737 = DIRECTION ( 'NONE',  ( -1.000000000000000000, 2.044391222244499097E-16, 0.000000000000000000 ) ) ;
#738 = PLANE ( 'NONE',  #516 ) ;
#739 = EDGE_CURVE ( 'NONE', #1818, #865, #653, .T. ) ;
#740 = ORIENTED_EDGE ( 'NONE', *, *, #1213, .T. ) ;
#741 = PLANE ( 'NONE',  #1100 ) ;
#742 = ADVANCED_FACE ( 'NONE', ( #1214 ), #520, .T. ) ;
#743 = CIRCLE ( 'NONE', #627, 2.310640000000005134 ) ;
#744 = AXIS2_PLACEMENT_3D ( 'NONE', #409, #137, #1537 ) ;
#745 = ORIENTED_EDGE ( 'NONE', *, *, #1205, .F. ) ;
#746 = VECTOR ( 'NONE', #526, 1000.000000000000000 ) ;
#747 = DIRECTION ( 'NONE',  ( -2.044391222244499344E-16, -1.000000000000000000, 0.000000000000000000 ) ) ;
#748 = AXIS2_PLACEMENT_3D ( 'NONE', #1249, #1817, #552 ) ;
#749 = DIRECTION ( 'NONE',  ( 0.000000000000000000, 1.000000000000000000, -1.156482317317871478E-16 ) ) ;
#750 = VERTEX_POINT ( 'NONE', #983 ) ;
#751 = EDGE_CURVE ( 'NONE', #558, #612, #574, .T. ) ;
#752 = LINE ( 'NONE', #1316, #658 ) ;
#753 = ORIENTED_EDGE ( 'NONE', *, *, #932, .T. ) ;
#754 = ADVANCED_FACE ( 'NONE', ( #1670 ), #808, .F. ) ;
#755 = LINE ( 'NONE', #1444, #313 ) ;
#756 = DIRECTION ( 'NONE',  ( 1.000000000000000000, 0.000000000000000000, 0.000000000000000000 ) ) ;
#757 = DIRECTION ( 'NONE',  ( -0.000000000000000000, -1.000000000000000000, -0.000000000000000000 ) ) ;
#758 = VERTEX_POINT ( 'NONE', #1821 ) ;
#759 = DIRECTION ( 'NONE',  ( 0.000000000000000000, 0.000000000000000000, 1.000000000000000000 ) ) ;
#760 = EDGE_LOOP ( 'NONE', ( #763, #1589, #115, #508 ) ) ;
#761 = DIRECTION ( 'NONE',  ( 0.7071067811865437980, 0.000000000000000000, -0.7071067811865513475 ) ) ;
#762 = EDGE_CURVE ( 'NONE', #890, #926, #1661, .T. ) ;
#763 = ORIENTED_EDGE ( 'NONE', *, *, #504, .F. ) ;
#764 = PLANE ( 'NONE',  #218 ) ;
#765 = CARTESIAN_POINT ( 'NONE',  ( 33.68936000000000064, -2.310640000000113936, -24.99999999999998224 ) ) ;
#766 = LINE ( 'NONE', #1346, #1605 ) ;
#767 = EDGE_LOOP ( 'NONE', ( #1581, #693, #1782, #1282 ) ) ;
#768 = DIRECTION ( 'NONE',  ( -0.7071067811865520136, 0.000000000000000000, 0.7071067811865430208 ) ) ;
#769 = VECTOR ( 'NONE', #210, 1000.000000000000000 ) ;
#770 = DIRECTION ( 'NONE',  ( 0.000000000000000000, 1.000000000000000000, 0.000000000000000000 ) ) ;
#771 = AXIS2_PLACEMENT_3D ( 'NONE', #293, #1224, #1084 ) ;
#772 = ORIENTED_EDGE ( 'NONE', *, *, #921, .T. ) ;
#773 = PLANE ( 'NONE',  #192 ) ;
#774 =( GEOMETRIC_REPRESENTATION_CONTEXT ( 3 ) GLOBAL_UNCERTAINTY_ASSIGNED_CONTEXT ( ( #202 ) ) GLOBAL_UNIT_ASSIGNED_CONTEXT ( ( #814, #1241, #407 ) ) REPRESENTATION_CONTEXT ( 'NONE', 'WORKASPACE' ) );
#775 = VECTOR ( 'NONE', #703, 1000.000000000000114 ) ;
#776 = EDGE_CURVE ( 'NONE', #1198, #825, #1129, .T. ) ;
#777 = CARTESIAN_POINT ( 'NONE',  ( 28.68935999999999709, -2.310640000000096617, 0.000000000000000000 ) ) ;
#778 = ORIENTED_EDGE ( 'NONE', *, *, #665, .T. ) ;
#779 = DIRECTION ( 'NONE',  ( -1.000000000000000000, 0.000000000000000000, 0.000000000000000000 ) ) ;
#780 = ORIENTED_EDGE ( 'NONE', *, *, #168, .F. ) ;
#781 = LINE ( 'NONE', #1226, #1420 ) ;
#782 = VERTEX_POINT ( 'NONE', #945 ) ;
#783 = DIRECTION ( 'NONE',  ( 1.000000000000000000, 0.000000000000000000, 0.000000000000000000 ) ) ;
#784 = DIRECTION ( 'NONE',  ( 0.000000000000000000, 0.000000000000000000, 1.000000000000000000 ) ) ;
#785 = DIRECTION ( 'NONE',  ( 0.000000000000000000, -1.156482317317871478E-16, -1.000000000000000000 ) ) ;
#786 = EDGE_CURVE ( 'NONE', #918, #1149, #1133, .T. ) ;
#787 = ORIENTED_EDGE ( 'NONE', *, *, #346, .T. ) ;
#788 = CARTESIAN_POINT ( 'NONE',  ( 13.68935999999999886, -2.310640000000000249, -22.00000000000000355 ) ) ;
#789 = ORIENTED_EDGE ( 'NONE', *, *, #422, .F. ) ;
#790 = CARTESIAN_POINT ( 'NONE',  ( -14.84924240491742076, 70.00000000000000000, -45.80634083067933915 ) ) ;
#791 = CARTESIAN_POINT ( 'NONE',  ( -14.84924240491743497, 0.000000000000000000, -43.59926257669739869 ) ) ;
#792 = LINE ( 'NONE', #241, #170 ) ;
#793 = ORIENTED_EDGE ( 'NONE', *, *, #621, .T. ) ;
#794 = FACE_OUTER_BOUND ( 'NONE', #1687, .T. ) ;
#795 = EDGE_CURVE ( 'NONE', #140, #1300, #1801, .T. ) ;
#796 = ORIENTED_EDGE ( 'NONE', *, *, #730, .T. ) ;
#797 = PLANE ( 'NONE',  #916 ) ;
#798 = EDGE_CURVE ( 'NONE', #918, #119, #1541, .T. ) ;
#799 = ORIENTED_EDGE ( 'NONE', *, *, #1403, .T. ) ;
#800 = CARTESIAN_POINT ( 'NONE',  ( 13.68935999999999886, -1.503427012513234524E-15, -13.00000000000001421 ) ) ;
#801 = VECTOR ( 'NONE', #551, 1000.000000000000000 ) ;
#802 = AXIS2_PLACEMENT_3D ( 'NONE', #1558, #1726, #463 ) ;
#803 = FACE_OUTER_BOUND ( 'NONE', #99, .T. ) ;
#804 = CIRCLE ( 'NONE', #1453, 1.000000000000004885 ) ;
#805 = FACE_OUTER_BOUND ( 'NONE', #1093, .T. ) ;
#806 = CARTESIAN_POINT ( 'NONE',  ( 0.2714424316943343518, 0.000000000000000000, -30.68565599406742095 ) ) ;
#807 = ORIENTED_EDGE ( 'NONE', *, *, #1392, .T. ) ;
#808 = PLANE ( 'NONE',  #47 ) ;
#809 = EDGE_CURVE ( 'NONE', #1396, #865, #1094, .T. ) ;
#810 = ORIENTED_EDGE ( 'NONE', *, *, #1213, .F. ) ;
#811 = PLANE ( 'NONE',  #1507 ) ;
#812 = CARTESIAN_POINT ( 'NONE',  ( 33.68936000000000774, -1.000000000000114131, -5.000000000000018652 ) ) ;
#813 = FACE_OUTER_BOUND ( 'NONE', #1358, .T. ) ;
#814 =( LENGTH_UNIT ( ) NAMED_UNIT ( * ) SI_UNIT ( .MILLI., .METRE. ) );
#815 = ORIENTED_EDGE ( 'NONE', *, *, #1669, .T. ) ;
#816 = CARTESIAN_POINT ( 'NONE',  ( 1.000000000000000000, 0.000000000000000000, -7.999999999999996447 ) ) ;
#817 = ORIENTED_EDGE ( 'NONE', *, *, #1297, .F. ) ;
#818 = LINE ( 'NONE', #141, #801 ) ;
#819 = ADVANCED_FACE ( 'NONE', ( #1677 ), #549, .F. ) ;
#820 = CARTESIAN_POINT ( 'NONE',  ( 28.68935999999999709, -2.310640000000096617, -2.349952405223986924E-48 ) ) ;
#821 = ORIENTED_EDGE ( 'NONE', *, *, #1510, .F. ) ;
#822 = LINE ( 'NONE', #424, #1039 ) ;
#823 = ORIENTED_EDGE ( 'NONE', *, *, #349, .F. ) ;
#824 = CARTESIAN_POINT ( 'NONE',  ( -14.84924240491743497, 70.00000000000000000, -43.59926257669739869 ) ) ;
#825 = VERTEX_POINT ( 'NONE', #844 ) ;
#826 = LINE ( 'NONE', #1531, #1098 ) ;
#827 = VECTOR ( 'NONE', #1585, 1000.000000000000000 ) ;
#828 = CYLINDRICAL_SURFACE ( 'NONE', #1783, 2.310640000000002914 ) ;
#829 = VECTOR ( 'NONE', #587, 1000.000000000000000 ) ;
#830 = VECTOR ( 'NONE', #707, 1000.000000000000000 ) ;
#831 = EDGE_CURVE ( 'NONE', #1198, #1606, #699, .T. ) ;
#832 = ORIENTED_EDGE ( 'NONE', *, *, #1487, .F. ) ;
#833 = CARTESIAN_POINT ( 'NONE',  ( -1.310640000000000027, 70.00000000000000000, 0.000000000000000000 ) ) ;
#834 = VECTOR ( 'NONE', #1380, 1000.000000000000000 ) ;
#835 = ORIENTED_EDGE ( 'NONE', *, *, #652, .F. ) ;
#836 = CARTESIAN_POINT ( 'NONE',  ( 0.2714424316943343518, 70.00000000000000000, 0.6856559940674236131 ) ) ;
#837 = ORIENTED_EDGE ( 'NONE', *, *, #898, .F. ) ;
#838 = DIRECTION ( 'NONE',  ( 0.7071067811865437980, 0.000000000000000000, 0.7071067811865512365 ) ) ;
#839 = LINE ( 'NONE', #1545, #829 ) ;
#840 = CARTESIAN_POINT ( 'NONE',  ( -14.67246570962079488, 70.00000000000000000, 13.77603927199402989 ) ) ;
#841 = DIRECTION ( 'NONE',  ( 0.7071067811865437980, 0.000000000000000000, 0.7071067811865513475 ) ) ;
#842 = EDGE_CURVE ( 'NONE', #865, #1513, #103, .T. ) ;
#843 = EDGE_LOOP ( 'NONE', ( #505, #392, #669, #1160 ) ) ;
#844 = CARTESIAN_POINT ( 'NONE',  ( 0.9999999999999965583, -1.000000000000000000, -22.00000000000000355 ) ) ;
#845 = VERTEX_POINT ( 'NONE', #274 ) ;
#846 = DIRECTION ( 'NONE',  ( 0.000000000000000000, 0.000000000000000000, 1.000000000000000000 ) ) ;
#847 = DIRECTION ( 'NONE',  ( -0.7071067811865437980, 0.000000000000000000, -0.7071067811865512365 ) ) ;
#848 = CARTESIAN_POINT ( 'NONE',  ( -1.310640000000000027, 0.000000000000000000, 0.000000000000000000 ) ) ;
#849 = CARTESIAN_POINT ( 'NONE',  ( -14.67246570962079488, 0.000000000000000000, -43.77603927199402989 ) ) ;
#850 = ORIENTED_EDGE ( 'NONE', *, *, #1164, .T. ) ;
#851 = EDGE_CURVE ( 'NONE', #136, #1170, #1812, .T. ) ;
#852 = CARTESIAN_POINT ( 'NONE',  ( -2.310639999999992700, 70.00000000000000000, -30.00000000000000000 ) ) ;
#853 = ORIENTED_EDGE ( 'NONE', *, *, #1449, .T. ) ;
#854 = EDGE_CURVE ( 'NONE', #1517, #86, #252, .T. ) ;
#855 = CARTESIAN_POINT ( 'NONE',  ( -1.310640000000000249, 0.000000000000000000, -30.41421356237309226 ) ) ;
#856 = CARTESIAN_POINT ( 'NONE',  ( 13.68935999999999709, -1.000000000000044187, -16.99999999999997158 ) ) ;
#857 = DIRECTION ( 'NONE',  ( -0.7071067811865437980, 0.000000000000000000, 0.7071067811865513475 ) ) ;
#858 = VECTOR ( 'NONE', #404, 1000.000000000000000 ) ;
#859 = DIRECTION ( 'NONE',  ( -0.000000000000000000, -0.000000000000000000, 1.000000000000000000 ) ) ;
#860 = AXIS2_PLACEMENT_3D ( 'NONE', #1580, #1309, #164 ) ;
#861 = ORIENTED_EDGE ( 'NONE', *, *, #245, .T. ) ;
#862 = PLANE ( 'NONE',  #802 ) ;
#863 = VECTOR ( 'NONE', #470, 1000.000000000000000 ) ;
#864 = VECTOR ( 'NONE', #1495, 1000.000000000000000 ) ;
#865 = VERTEX_POINT ( 'NONE', #1369 ) ;
#866 = DIRECTION ( 'NONE',  ( -1.000000000000000000, 0.000000000000000000, 0.000000000000000000 ) ) ;
#867 = ADVANCED_FACE ( 'NONE', ( #118 ), #12, .F. ) ;
#868 = CARTESIAN_POINT ( 'NONE',  ( -1.310639999999987815, 70.00000000000000000, 1.110223024625161964E-16 ) ) ;
#869 = CARTESIAN_POINT ( 'NONE',  ( -0.6767707871191073199, 70.00000000000000000, 1.633869212880875832 ) ) ;
#870 = CARTESIAN_POINT ( 'NONE',  ( 0.9999999999999922284, -2.310640000000000249, -22.00000000000000355 ) ) ;
#871 = ORIENTED_EDGE ( 'NONE', *, *, #302, .F. ) ;
#872 = CARTESIAN_POINT ( 'NONE',  ( 24.99999999999975486, -2.310640000000084182, -24.99999999999999645 ) ) ;
#873 = ORIENTED_EDGE ( 'NONE', *, *, #221, .F. ) ;
#874 = FACE_OUTER_BOUND ( 'NONE', #1481, .T. ) ;
#875 = ADVANCED_FACE ( 'NONE', ( #259 ), #536, .F. ) ;
#876 = CARTESIAN_POINT ( 'NONE',  ( 24.99999999999975486, -2.310640000000084182, -9.999999999999998224 ) ) ;
#877 = LINE ( 'NONE', #1711, #1718 ) ;
#878 = VERTEX_POINT ( 'NONE', #692 ) ;
#879 = CARTESIAN_POINT ( 'NONE',  ( -2.310640000000006911, 0.000000000000000000, -30.00000000000000000 ) ) ;
#880 = ORIENTED_EDGE ( 'NONE', *, *, #221, .T. ) ;
#881 = CARTESIAN_POINT ( 'NONE',  ( 24.99999999999975486, -1.000000000000083933, -5.000000000000000888 ) ) ;
#882 = EDGE_CURVE ( 'NONE', #1528, #1735, #266, .T. ) ;
#883 = DIRECTION ( 'NONE',  ( 0.000000000000000000, 0.000000000000000000, -1.000000000000000000 ) ) ;
#884 = ADVANCED_FACE ( 'NONE', ( #1254 ), #1291, .F. ) ;
#885 = VECTOR ( 'NONE', #1155, 1000.000000000000000 ) ;
#886 = ORIENTED_EDGE ( 'NONE', *, *, #1297, .T. ) ;
#887 = CARTESIAN_POINT ( 'NONE',  ( -1.310640000000000027, 27.68936000000000064, -22.00000000000000711 ) ) ;
#888 = VECTOR ( 'NONE', #334, 1000.000000000000000 ) ;
#889 = AXIS2_PLACEMENT_3D ( 'NONE', #417, #1234, #296 ) ;
#890 = VERTEX_POINT ( 'NONE', #872 ) ;
#891 = AXIS2_PLACEMENT_3D ( 'NONE', #584, #437, #1566 ) ;
#892 = FACE_OUTER_BOUND ( 'NONE', #636, .T. ) ;
#893 = VECTOR ( 'NONE', #883, 1000.000000000000000 ) ;
#894 = CARTESIAN_POINT ( 'NONE',  ( 0.9999999999999922284, -2.310639999999998473, -7.999999999999996447 ) ) ;
#895 = CARTESIAN_POINT ( 'NONE',  ( -13.52078675296666432, 0.000000000000000000, 10.06372867076465027 ) ) ;
#896 = ORIENTED_EDGE ( 'NONE', *, *, #422, .T. ) ;
#897 = CARTESIAN_POINT ( 'NONE',  ( -12.59402432127232352, 70.00000000000000000, -40.99049110245898220 ) ) ;
#898 = EDGE_CURVE ( 'NONE', #758, #563, #1142, .T. ) ;
#899 = ORIENTED_EDGE ( 'NONE', *, *, #907, .F. ) ;
#900 = CYLINDRICAL_SURFACE ( 'NONE', #628, 0.2500000000000003331 ) ;
#901 = ORIENTED_EDGE ( 'NONE', *, *, #98, .T. ) ;
#902 = DIRECTION ( 'NONE',  ( -1.000000000000000000, 0.000000000000000000, 0.000000000000000000 ) ) ;
#903 = ORIENTED_EDGE ( 'NONE', *, *, #907, .T. ) ;
#904 = DIRECTION ( 'NONE',  ( 0.000000000000000000, -1.156482317317871478E-16, -1.000000000000000000 ) ) ;
#905 = PRODUCT_DEFINITION ( 'UNKNOWN', '', #1688, #1745 ) ;
#906 = DIRECTION ( 'NONE',  ( -0.7071067811865437980, 0.000000000000000000, -0.7071067811865513475 ) ) ;
#907 = EDGE_CURVE ( 'NONE', #1233, #1609, #1662, .T. ) ;
#908 = EDGE_LOOP ( 'NONE', ( #944, #1489, #1261, #778 ) ) ;
#909 = DIRECTION ( 'NONE',  ( -2.044391222244499344E-16, -1.000000000000000000, 0.000000000000000000 ) ) ;
#910 = DIRECTION ( 'NONE',  ( 0.000000000000000000, 0.000000000000000000, -1.000000000000000000 ) ) ;
#911 = ORIENTED_EDGE ( 'NONE', *, *, #1439, .F. ) ;
#912 = DIRECTION ( 'NONE',  ( -1.000000000000000000, 3.469446951953616161E-15, 0.000000000000000000 ) ) ;
#913 = AXIS2_PLACEMENT_3D ( 'NONE', #929, #973, #846 ) ;
#914 = LINE ( 'NONE', #97, #657 ) ;
#915 = CIRCLE ( 'NONE', #282, 1.000000000000004885 ) ;
#916 = AXIS2_PLACEMENT_3D ( 'NONE', #790, #936, #1057 ) ;
#917 = CIRCLE ( 'NONE', #771, 1.000000000000000000 ) ;
#918 = VERTEX_POINT ( 'NONE', #1169 ) ;
#919 = CARTESIAN_POINT ( 'NONE',  ( -15.77600483661176156, 70.00000000000000000, 14.87957839898500723 ) ) ;
#920 = DIRECTION ( 'NONE',  ( -0.7071067811865513475, 0.000000000000000000, -0.7071067811865437980 ) ) ;
#921 = EDGE_CURVE ( 'NONE', #1768, #79, #1161, .T. ) ;
#922 = AXIS2_PLACEMENT_3D ( 'NONE', #101, #951, #1666 ) ;
#923 = PLANE ( 'NONE',  #195 ) ;
#924 = VERTEX_POINT ( 'NONE', #1413 ) ;
#925 = DIRECTION ( 'NONE',  ( -0.000000000000000000, 1.000000000000000000, -0.000000000000000000 ) ) ;
#926 = VERTEX_POINT ( 'NONE', #312 ) ;
#927 = CARTESIAN_POINT ( 'NONE',  ( -0.6553200000000072301, 0.000000000000000000, -29.75889356237308903 ) ) ;
#928 = ORIENTED_EDGE ( 'NONE', *, *, #1286, .F. ) ;
#929 = CARTESIAN_POINT ( 'NONE',  ( 24.99999999999975486, -1.000000000000083933, -7.500000000000000000 ) ) ;
#930 = ADVANCED_FACE ( 'NONE', ( #726 ), #1000, .T. ) ;
#931 = CARTESIAN_POINT ( 'NONE',  ( 1.000000000000000000, 0.000000000000000000, -15.00000000000000000 ) ) ;
#932 = EDGE_CURVE ( 'NONE', #926, #1370, #1435, .T. ) ;
#933 = CARTESIAN_POINT ( 'NONE',  ( 24.99999999999975486, -1.000000000000083933, -7.500000000000000000 ) ) ;
#934 = CARTESIAN_POINT ( 'NONE',  ( -14.67246570962079488, 70.00000000000000000, -43.77603927199402989 ) ) ;
#935 = ORIENTED_EDGE ( 'NONE', *, *, #854, .T. ) ;
#936 = DIRECTION ( 'NONE',  ( 0.000000000000000000, -1.000000000000000000, 0.000000000000000000 ) ) ;
#937 = EDGE_LOOP ( 'NONE', ( #1596, #1443 ) ) ;
#938 = CARTESIAN_POINT ( 'NONE',  ( 33.68936000000000774, -1.000000000000114131, -24.99999999999998224 ) ) ;
#939 = DIRECTION ( 'NONE',  ( 1.000000000000000000, 0.000000000000000000, 0.000000000000000000 ) ) ;
#940 = ADVANCED_FACE ( 'NONE', ( #175 ), #1299, .T. ) ;
#941 = DIRECTION ( 'NONE',  ( 0.7071067811865437980, -0.000000000000000000, 0.7071067811865513475 ) ) ;
#942 = CARTESIAN_POINT ( 'NONE',  ( -1.310640000000000027, 27.68936000000000064, -13.00000000000001776 ) ) ;
#943 = ADVANCED_FACE ( 'NONE', ( #600 ), #741, .F. ) ;
#944 = ORIENTED_EDGE ( 'NONE', *, *, #676, .T. ) ;
#945 = CARTESIAN_POINT ( 'NONE',  ( -15.95278153190841586, 70.00000000000000000, -42.49572344970642490 ) ) ;
#946 = ORIENTED_EDGE ( 'NONE', *, *, #474, .F. ) ;
#947 = AXIS2_PLACEMENT_3D ( 'NONE', #1547, #1562, #1723 ) ;
#948 = LINE ( 'NONE', #1514, #1035 ) ;
#949 = VECTOR ( 'NONE', #1344, 1000.000000000000000 ) ;
#950 = AXIS2_PLACEMENT_3D ( 'NONE', #1660, #956, #1521 ) ;
#951 = DIRECTION ( 'NONE',  ( -0.000000000000000000, 1.000000000000000000, 0.000000000000000000 ) ) ;
#952 = VECTOR ( 'NONE', #1194, 1000.000000000000000 ) ;
#953 = DIRECTION ( 'NONE',  ( -0.000000000000000000, 1.000000000000000000, -0.000000000000000000 ) ) ;
#954 = EDGE_LOOP ( 'NONE', ( #772, #698, #1377, #487 ) ) ;
#955 = EDGE_CURVE ( 'NONE', #750, #924, #1150, .T. ) ;
#956 = DIRECTION ( 'NONE',  ( -1.000000000000000000, 3.491481338843133355E-15, 0.000000000000000000 ) ) ;
#957 = ORIENTED_EDGE ( 'NONE', *, *, #795, .F. ) ;
#958 = CARTESIAN_POINT ( 'NONE',  ( -14.73678414243754098, 0.000000000000000000, -41.27972606023553936 ) ) ;
#959 = DIRECTION ( 'NONE',  ( 0.000000000000000000, 0.000000000000000000, -1.000000000000000000 ) ) ;
#960 = PLANE ( 'NONE',  #450 ) ;
#961 = CARTESIAN_POINT ( 'NONE',  ( 0.000000000000000000, 0.000000000000000000, -22.00000000000000355 ) ) ;
#962 = VERTEX_POINT ( 'NONE', #1176 ) ;
#963 = DIRECTION ( 'NONE',  ( 0.000000000000000000, 0.000000000000000000, 1.000000000000000000 ) ) ;
#964 = ORIENTED_EDGE ( 'NONE', *, *, #1239, .F. ) ;
#965 = LINE ( 'NONE', #1700, #1063 ) ;
#966 = ADVANCED_FACE ( 'NONE', ( #445 ), #862, .T. ) ;
#967 = FACE_OUTER_BOUND ( 'NONE', #77, .T. ) ;
#968 = PLANE ( 'NONE',  #598 ) ;
#969 = SURFACE_SIDE_STYLE ('',( #1232 ) ) ;
#970 = VERTEX_POINT ( 'NONE', #57 ) ;
#971 = CARTESIAN_POINT ( 'NONE',  ( 0.000000000000000000, 0.000000000000000000, 0.000000000000000000 ) ) ;
#972 = EDGE_LOOP ( 'NONE', ( #406, #603, #1322, #823 ) ) ;
#973 = DIRECTION ( 'NONE',  ( -0.000000000000000000, 1.000000000000000000, -0.000000000000000000 ) ) ;
#974 = AXIS2_PLACEMENT_3D ( 'NONE', #1192, #1353, #511 ) ;
#975 = ADVANCED_FACE ( 'NONE', ( #1714 ), #592, .F. ) ;
#976 = LINE ( 'NONE', #856, #512 ) ;
#977 = VECTOR ( 'NONE', #1816, 1000.000000000000000 ) ;
#978 = VECTOR ( 'NONE', #198, 1000.000000000000000 ) ;
#979 = LINE ( 'NONE', #1006, #1598 ) ;
#980 = LINE ( 'NONE', #145, #746 ) ;
#981 = VECTOR ( 'NONE', #448, 1000.000000000000000 ) ;
#982 = ORIENTED_EDGE ( 'NONE', *, *, #546, .F. ) ;
#983 = CARTESIAN_POINT ( 'NONE',  ( -15.02601910021407505, 70.00000000000000000, -43.42248588140076038 ) ) ;
#984 = ORIENTED_EDGE ( 'NONE', *, *, #633, .T. ) ;
#985 = DIRECTION ( 'NONE',  ( -0.7071067811865513475, 0.000000000000000000, 0.7071067811865437980 ) ) ;
#986 = CARTESIAN_POINT ( 'NONE',  ( -1.310640000000000027, 0.000000000000000000, 0.000000000000000000 ) ) ;
#987 = EDGE_CURVE ( 'NONE', #215, #322, #610, .T. ) ;
#988 = LINE ( 'NONE', #848, #1686 ) ;
#989 = CARTESIAN_POINT ( 'NONE',  ( -1.310640000000000027, 27.68936000000000064, -8.000000000000000000 ) ) ;
#990 = EDGE_CURVE ( 'NONE', #650, #558, #452, .T. ) ;
#991 = ORIENTED_EDGE ( 'NONE', *, *, #168, .T. ) ;
#992 = CARTESIAN_POINT ( 'NONE',  ( -13.52078675296666432, 35.00000000000000000, 10.06372867076465027 ) ) ;
#993 = ORIENTED_EDGE ( 'NONE', *, *, #199, .F. ) ;
#994 = DIRECTION ( 'NONE',  ( -0.7071067811865437980, 0.000000000000000000, -0.7071067811865513475 ) ) ;
#995 = DIRECTION ( 'NONE',  ( 0.000000000000000000, 0.000000000000000000, -1.000000000000000000 ) ) ;
#996 = DIRECTION ( 'NONE',  ( -0.000000000000000000, -1.000000000000000000, -0.000000000000000000 ) ) ;
#997 = DIRECTION ( 'NONE',  ( -0.000000000000000000, 1.000000000000000000, -1.156482317317871478E-16 ) ) ;
#998 = EDGE_CURVE ( 'NONE', #462, #825, #1029, .T. ) ;
#999 = ORIENTED_EDGE ( 'NONE', *, *, #567, .T. ) ;
#1000 = PLANE ( 'NONE',  #138 ) ;
#1001 = EDGE_CURVE ( 'NONE', #1368, #322, #752, .T. ) ;
#1002 = ORIENTED_EDGE ( 'NONE', *, *, #1115, .F. ) ;
#1003 = PLANE ( 'NONE',  #1477 ) ;
#1004 = PLANE ( 'NONE',  #71 ) ;
#1005 = VECTOR ( 'NONE', #1615, 1000.000000000000000 ) ;
#1006 = CARTESIAN_POINT ( 'NONE',  ( 14.34468000000004295, -1.000000000000046629, -44.34468000000000387 ) ) ;
#1007 = AXIS2_PLACEMENT_3D ( 'NONE', #54, #1023, #333 ) ;
#1008 = CARTESIAN_POINT ( 'NONE',  ( 0.000000000000000000, 27.68936000000000064, -17.00000000000004263 ) ) ;
#1009 = VECTOR ( 'NONE', #1426, 1000.000000000000000 ) ;
#1010 = ORIENTED_EDGE ( 'NONE', *, *, #1379, .F. ) ;
#1011 = CARTESIAN_POINT ( 'NONE',  ( -14.84924240491743497, 70.00000000000000000, 13.59926257669739513 ) ) ;
#1012 = VECTOR ( 'NONE', #1617, 1000.000000000000000 ) ;
#1013 = EDGE_CURVE ( 'NONE', #1083, #1792, #1389, .T. ) ;
#1014 = VECTOR ( 'NONE', #1267, 1000.000000000000000 ) ;
#1015 = ORIENTED_EDGE ( 'NONE', *, *, #1379, .T. ) ;
#1016 = DIRECTION ( 'NONE',  ( 1.000000000000000000, -2.044391222244499344E-16, 0.000000000000000000 ) ) ;
#1017 = DIRECTION ( 'NONE',  ( -0.7071067811865513475, 0.000000000000000000, 0.7071067811865437980 ) ) ;
#1018 = FACE_OUTER_BOUND ( 'NONE', #149, .T. ) ;
#1019 = CARTESIAN_POINT ( 'NONE',  ( -14.84924240491743497, 70.00000000000000000, 13.59926257669739513 ) ) ;
#1020 = VERTEX_POINT ( 'NONE', #381 ) ;
#1021 = DIRECTION ( 'NONE',  ( 0.000000000000000000, -1.000000000000000000, 1.156482317317871478E-16 ) ) ;
#1022 = ORIENTED_EDGE ( 'NONE', *, *, #269, .T. ) ;
#1023 = DIRECTION ( 'NONE',  ( 3.491481338843133750E-15, 1.000000000000000000, 0.000000000000000000 ) ) ;
#1024 = ADVANCED_BREP_SHAPE_REPRESENTATION ( '550-00195-00', ( #1258, #1304 ), #1578 ) ;
#1025 = DIRECTION ( 'NONE',  ( -1.000000000000000000, 2.044391222244499344E-16, -1.501509084908772757E-15 ) ) ;
#1026 = EDGE_CURVE ( 'NONE', #1668, #1800, #1037, .T. ) ;
#1027 = FACE_OUTER_BOUND ( 'NONE', #35, .T. ) ;
#1028 = ORIENTED_EDGE ( 'NONE', *, *, #1317, .T. ) ;
#1029 = LINE ( 'NONE', #1595, #1278 ) ;
#1030 = ORIENTED_EDGE ( 'NONE', *, *, #614, .T. ) ;
#1031 = DIRECTION ( 'NONE',  ( -1.000000000000000000, 0.000000000000000000, -0.000000000000000000 ) ) ;
#1032 = CARTESIAN_POINT ( 'NONE',  ( -12.59402432127232352, 70.00000000000000000, 10.99049110245898220 ) ) ;
#1033 = ADVANCED_FACE ( 'NONE', ( #495 ), #1639, .F. ) ;
#1034 = DIRECTION ( 'NONE',  ( -0.7071067811865437980, 0.000000000000000000, 0.7071067811865513475 ) ) ;
#1035 = VECTOR ( 'NONE', #1502, 1000.000000000000000 ) ;
#1036 = ORIENTED_EDGE ( 'NONE', *, *, #556, .F. ) ;
#1037 = LINE ( 'NONE', #479, #575 ) ;
#1038 = ORIENTED_EDGE ( 'NONE', *, *, #1274, .T. ) ;
#1039 = VECTOR ( 'NONE', #2, 1000.000000000000000 ) ;
#1040 = FACE_BOUND ( 'NONE', #937, .T. ) ;
#1041 = VECTOR ( 'NONE', #1306, 1000.000000000000000 ) ;
#1042 = CARTESIAN_POINT ( 'NONE',  ( 33.68936000000000064, -2.310640000000113936, 0.000000000000000000 ) ) ;
#1043 = CARTESIAN_POINT ( 'NONE',  ( 13.68935999999999886, 27.68936000000000064, -22.00000000000000711 ) ) ;
#1044 = ORIENTED_EDGE ( 'NONE', *, *, #17, .T. ) ;
#1045 = DIRECTION ( 'NONE',  ( -1.000000000000000000, 0.000000000000000000, 0.000000000000000000 ) ) ;
#1046 = ADVANCED_FACE ( 'NONE', ( #244 ), #1742, .F. ) ;
#1047 = ORIENTED_EDGE ( 'NONE', *, *, #851, .T. ) ;
#1048 = DIRECTION ( 'NONE',  ( 1.000000000000000000, 0.000000000000000000, 0.000000000000000000 ) ) ;
#1049 = ORIENTED_EDGE ( 'NONE', *, *, #700, .T. ) ;
#1050 = PLANE ( 'NONE',  #1244 ) ;
#1051 = FACE_OUTER_BOUND ( 'NONE', #184, .T. ) ;
#1052 = CARTESIAN_POINT ( 'NONE',  ( 0.000000000000000000, 0.000000000000000000, -7.999999999999996447 ) ) ;
#1053 = ORIENTED_EDGE ( 'NONE', *, *, #1459, .T. ) ;
#1054 = DIRECTION ( 'NONE',  ( -0.7071067811865513475, 0.000000000000000000, 0.7071067811865437980 ) ) ;
#1055 = ORIENTED_EDGE ( 'NONE', *, *, #1252, .T. ) ;
#1056 = ADVANCED_FACE ( 'NONE', ( #794 ), #1197, .T. ) ;
#1057 = DIRECTION ( 'NONE',  ( 0.000000000000000000, 0.000000000000000000, 1.000000000000000000 ) ) ;
#1058 = ORIENTED_EDGE ( 'NONE', *, *, #675, .T. ) ;
#1059 = CARTESIAN_POINT ( 'NONE',  ( -0.6767707871191072089, 0.000000000000000000, -31.63386921288087450 ) ) ;
#1060 = DIRECTION ( 'NONE',  ( -1.000000000000000000, 0.000000000000000000, 0.000000000000000000 ) ) ;
#1061 = ORIENTED_EDGE ( 'NONE', *, *, #1739, .T. ) ;
#1062 = CARTESIAN_POINT ( 'NONE',  ( 24.99999999999975486, -2.310640000000084182, -7.500000000000000000 ) ) ;
#1063 = VECTOR ( 'NONE', #128, 999.9999999999998863 ) ;
#1064 = ORIENTED_EDGE ( 'NONE', *, *, #1680, .T. ) ;
#1065 = CARTESIAN_POINT ( 'NONE',  ( -14.67246570962079488, 0.000000000000000000, 13.77603927199402989 ) ) ;
#1066 = AXIS2_PLACEMENT_3D ( 'NONE', #1263, #680, #1397 ) ;
#1067 = EDGE_CURVE ( 'NONE', #1765, #1368, #644, .T. ) ;
#1068 = VECTOR ( 'NONE', #1498, 1000.000000000000000 ) ;
#1069 = EDGE_LOOP ( 'NONE', ( #861, #1811, #719, #154 ) ) ;
#1070 = CARTESIAN_POINT ( 'NONE',  ( -0.3838775683056585009, 0.000000000000000000, 1.340975994067423738 ) ) ;
#1071 = VECTOR ( 'NONE', #37, 1000.000000000000000 ) ;
#1072 = EDGE_CURVE ( 'NONE', #1699, #970, #1204, .T. ) ;
#1073 = LINE ( 'NONE', #55, #1515 ) ;
#1074 = VERTEX_POINT ( 'NONE', #1460 ) ;
#1075 = DIRECTION ( 'NONE',  ( -0.7071067811865437980, 0.000000000000000000, -0.7071067811865513475 ) ) ;
#1076 = ORIENTED_EDGE ( 'NONE', *, *, #1657, .F. ) ;
#1077 = FACE_OUTER_BOUND ( 'NONE', #521, .T. ) ;
#1078 = ORIENTED_EDGE ( 'NONE', *, *, #1001, .F. ) ;
#1079 = CARTESIAN_POINT ( 'NONE',  ( 24.99999999999975486, -1.000000000000083933, -22.50000000000000000 ) ) ;
#1080 = ADVANCED_FACE ( 'NONE', ( #1333 ), #488, .F. ) ;
#1081 = EDGE_CURVE ( 'NONE', #1638, #1374, #1769, .T. ) ;
#1082 = CARTESIAN_POINT ( 'NONE',  ( -14.73678414243754098, 0.000000000000000000, 11.27972606023553936 ) ) ;
#1083 = VERTEX_POINT ( 'NONE', #78 ) ;
#1084 = DIRECTION ( 'NONE',  ( -1.000000000000000000, 0.000000000000000000, 0.000000000000000000 ) ) ;
#1085 = EDGE_LOOP ( 'NONE', ( #654, #3, #1671, #815 ) ) ;
#1086 = PLANE ( 'NONE',  #1246 ) ;
#1087 = ORIENTED_EDGE ( 'NONE', *, *, #443, .T. ) ;
#1088 = DIRECTION ( 'NONE',  ( 0.000000000000000000, 0.000000000000000000, -1.000000000000000000 ) ) ;
#1089 = DIRECTION ( 'NONE',  ( -1.000000000000000000, 3.491481338843133750E-15, 0.000000000000000000 ) ) ;
#1090 = EDGE_CURVE ( 'NONE', #451, #1699, #106, .T. ) ;
#1091 = ORIENTED_EDGE ( 'NONE', *, *, #363, .F. ) ;
#1092 = SURFACE_STYLE_USAGE ( .BOTH. , #969 ) ;
#1093 = EDGE_LOOP ( 'NONE', ( #1022, #984, #1325, #871 ) ) ;
#1094 = LINE ( 'NONE', #148, #425 ) ;
#1095 = AXIS2_PLACEMENT_3D ( 'NONE', #1079, #1757, #641 ) ;
#1096 = ORIENTED_EDGE ( 'NONE', *, *, #1454, .F. ) ;
#1097 = AXIS2_PLACEMENT_3D ( 'NONE', #92, #920, #1327 ) ;
#1098 = VECTOR ( 'NONE', #710, 1000.000000000000000 ) ;
#1099 = LINE ( 'NONE', #298, #977 ) ;
#1100 = AXIS2_PLACEMENT_3D ( 'NONE', #992, #1442, #189 ) ;
#1101 = CIRCLE ( 'NONE', #317, 2.499999999999998668 ) ;
#1102 = DIRECTION ( 'NONE',  ( -0.000000000000000000, -1.000000000000000000, -0.000000000000000000 ) ) ;
#1103 = CIRCLE ( 'NONE', #718, 1.000000000000004885 ) ;
#1104 = CYLINDRICAL_SURFACE ( 'NONE', #1570, 1.560640000000000471 ) ;
#1105 = VERTEX_POINT ( 'NONE', #897 ) ;
#1106 = DIRECTION ( 'NONE',  ( -0.000000000000000000, 0.7071067811865435759, -0.7071067811865514585 ) ) ;
#1107 = ADVANCED_FACE ( 'NONE', ( #518 ), #354, .F. ) ;
#1108 = VERTEX_POINT ( 'NONE', #1323 ) ;
#1109 = CARTESIAN_POINT ( 'NONE',  ( -1.310640000000000027, 0.000000000000000000, -30.00000000000000000 ) ) ;
#1110 = CARTESIAN_POINT ( 'NONE',  ( 8.689360000000021955, -2.310640000000000249, -22.00000000000000355 ) ) ;
#1111 = LINE ( 'NONE', #279, #1417 ) ;
#1112 = DIRECTION ( 'NONE',  ( -0.000000000000000000, -0.7071067811865435759, 0.7071067811865514585 ) ) ;
#1113 = ORIENTED_EDGE ( 'NONE', *, *, #305, .F. ) ;
#1114 = DIRECTION ( 'NONE',  ( 0.7071067811865437980, 0.000000000000000000, -0.7071067811865513475 ) ) ;
#1115 = EDGE_CURVE ( 'NONE', #555, #1620, #1490, .T. ) ;
#1116 = ORIENTED_EDGE ( 'NONE', *, *, #1496, .T. ) ;
#1117 = DIRECTION ( 'NONE',  ( -0.7071067811865513475, 0.000000000000000000, -0.7071067811865437980 ) ) ;
#1118 = DIRECTION ( 'NONE',  ( -0.000000000000000000, 1.156482317317871478E-16, 1.000000000000000000 ) ) ;
#1119 = FACE_OUTER_BOUND ( 'NONE', #1468, .T. ) ;
#1120 = PLANE ( 'NONE',  #315 ) ;
#1121 = ORIENTED_EDGE ( 'NONE', *, *, #831, .T. ) ;
#1122 = CARTESIAN_POINT ( 'NONE',  ( -14.84924240491743497, 0.000000000000000000, 13.59926257669739513 ) ) ;
#1123 = ORIENTED_EDGE ( 'NONE', *, *, #466, .T. ) ;
#1124 = LINE ( 'NONE', #1690, #72 ) ;
#1125 = ADVANCED_FACE ( 'NONE', ( #651 ), #1761, .T. ) ;
#1126 = VECTOR ( 'NONE', #232, 1000.000000000000000 ) ;
#1127 = CARTESIAN_POINT ( 'NONE',  ( 15.34468000000005716, -2.310640000000050431, -15.34467999999989374 ) ) ;
#1128 = EDGE_CURVE ( 'NONE', #1642, #1132, #624, .T. ) ;
#1129 = CIRCLE ( 'NONE', #1066, 1.000000000000000000 ) ;
#1130 = CARTESIAN_POINT ( 'NONE',  ( 0.2714424316943343518, 0.000000000000000000, 0.6856559940674236131 ) ) ;
#1131 = AXIS2_PLACEMENT_3D ( 'NONE', #732, #714, #1269 ) ;
#1132 = VERTEX_POINT ( 'NONE', #105 ) ;
#1133 = LINE ( 'NONE', #1376, #1305 ) ;
#1134 = ORIENTED_EDGE ( 'NONE', *, *, #1339, .F. ) ;
#1135 = CARTESIAN_POINT ( 'NONE',  ( 28.68935999999999709, -2.310640000000096617, -30.00000000000000000 ) ) ;
#1136 = PRODUCT_RELATED_PRODUCT_CATEGORY ( 'part', '', ( #1313 ) ) ;
#1137 = LINE ( 'NONE', #729, #541 ) ;
#1138 = EDGE_CURVE ( 'NONE', #1513, #50, #1753, .T. ) ;
#1139 = DIRECTION ( 'NONE',  ( 0.000000000000000000, 0.000000000000000000, -1.000000000000000000 ) ) ;
#1140 = DIRECTION ( 'NONE',  ( -0.000000000000000000, 0.7071067811865514585, 0.7071067811865435759 ) ) ;
#1141 = VERTEX_POINT ( 'NONE', #1610 ) ;
#1142 = LINE ( 'NONE', #887, #978 ) ;
#1143 = ORIENTED_EDGE ( 'NONE', *, *, #1715, .F. ) ;
#1144 = PLANE ( 'NONE',  #15 ) ;
#1145 = CYLINDRICAL_SURFACE ( 'NONE', #1746, 2.499999999999998668 ) ;
#1146 = CARTESIAN_POINT ( 'NONE',  ( -13.74570327792644520, 70.00000000000000000, 14.70280170368835471 ) ) ;
#1147 = CARTESIAN_POINT ( 'NONE',  ( 13.68935999999999709, -1.000000000000044187, -13.00000000000001243 ) ) ;
#1148 = EDGE_CURVE ( 'NONE', #1818, #50, #18, .T. ) ;
#1149 = VERTEX_POINT ( 'NONE', #1819 ) ;
#1150 = LINE ( 'NONE', #717, #1512 ) ;
#1151 = EDGE_LOOP ( 'NONE', ( #591, #1200, #1255, #256 ) ) ;
#1152 = CARTESIAN_POINT ( 'NONE',  ( -15.95278153190841586, 35.00000000000000000, -42.49572344970642490 ) ) ;
#1153 = FACE_OUTER_BOUND ( 'NONE', #337, .T. ) ;
#1154 = VECTOR ( 'NONE', #1231, 1000.000000000000000 ) ;
#1155 = DIRECTION ( 'NONE',  ( 0.000000000000000000, 1.000000000000000000, -1.156482317317871478E-16 ) ) ;
#1156 = VECTOR ( 'NONE', #995, 1000.000000000000000 ) ;
#1157 = AXIS2_PLACEMENT_3D ( 'NONE', #7, #702, #1560 ) ;
#1158 = DIRECTION ( 'NONE',  ( 0.000000000000000000, 0.000000000000000000, 1.000000000000000000 ) ) ;
#1159 = AXIS2_PLACEMENT_3D ( 'NONE', #1629, #1479, #63 ) ;
#1160 = ORIENTED_EDGE ( 'NONE', *, *, #751, .F. ) ;
#1161 = LINE ( 'NONE', #331, #1781 ) ;
#1162 = VECTOR ( 'NONE', #49, 1000.000000000000000 ) ;
#1163 = ORIENTED_EDGE ( 'NONE', *, *, #1646, .T. ) ;
#1164 = EDGE_CURVE ( 'NONE', #1792, #1768, #1648, .T. ) ;
#1165 = DIRECTION ( 'NONE',  ( 0.000000000000000000, 1.000000000000000000, 0.000000000000000000 ) ) ;
#1166 = DIRECTION ( 'NONE',  ( 2.044391222244499344E-16, 1.000000000000000000, 0.000000000000000000 ) ) ;
#1167 = DIRECTION ( 'NONE',  ( 3.491481338843133750E-15, 1.000000000000000000, 0.000000000000000000 ) ) ;
#1168 = ORIENTED_EDGE ( 'NONE', *, *, #1138, .T. ) ;
#1169 = CARTESIAN_POINT ( 'NONE',  ( -14.67246570962079488, 0.000000000000000000, 13.77603927199402989 ) ) ;
#1170 = VERTEX_POINT ( 'NONE', #1675 ) ;
#1171 = FACE_OUTER_BOUND ( 'NONE', #1659, .T. ) ;
#1172 = ADVANCED_FACE ( 'NONE', ( #689 ), #281, .F. ) ;
#1173 = LINE ( 'NONE', #1193, #1777 ) ;
#1174 = DIRECTION ( 'NONE',  ( 0.000000000000000000, 0.000000000000000000, -1.000000000000000000 ) ) ;
#1175 = ORIENTED_EDGE ( 'NONE', *, *, #1565, .T. ) ;
#1176 = CARTESIAN_POINT ( 'NONE',  ( -1.603533218813452343, 0.000000000000000000, -30.70710678118654613 ) ) ;
#1177 = ORIENTED_EDGE ( 'NONE', *, *, #1669, .F. ) ;
#1178 = PLANE ( 'NONE',  #1007 ) ;
#1179 = EDGE_CURVE ( 'NONE', #322, #1020, #554, .T. ) ;
#1180 =( NAMED_UNIT ( * ) PLANE_ANGLE_UNIT ( ) SI_UNIT ( $, .RADIAN. ) );
#1181 = ADVANCED_FACE ( 'NONE', ( #1535 ), #124, .T. ) ;
#1182 = DIRECTION ( 'NONE',  ( 1.000000000000000000, 0.000000000000000000, 0.000000000000000000 ) ) ;
#1183 = AXIS2_PLACEMENT_3D ( 'NONE', #1366, #1798, #131 ) ;
#1184 = ORIENTED_EDGE ( 'NONE', *, *, #1737, .F. ) ;
#1185 = CARTESIAN_POINT ( 'NONE',  ( -13.52078675296666432, 35.00000000000000000, 10.06372867076465027 ) ) ;
#1186 = VECTOR ( 'NONE', #1500, 1000.000000000000000 ) ;
#1187 = ORIENTED_EDGE ( 'NONE', *, *, #85, .F. ) ;
#1188 = AXIS2_PLACEMENT_3D ( 'NONE', #373, #237, #1469 ) ;
#1189 = DIRECTION ( 'NONE',  ( 0.7071067811865512365, -0.000000000000000000, 0.7071067811865439090 ) ) ;
#1190 = VECTOR ( 'NONE', #122, 1000.000000000000000 ) ;
#1191 = ORIENTED_EDGE ( 'NONE', *, *, #17, .F. ) ;
#1192 = CARTESIAN_POINT ( 'NONE',  ( -14.84924240491743497, 70.00000000000000000, -43.59926257669739869 ) ) ;
#1193 = CARTESIAN_POINT ( 'NONE',  ( -1.603533218813448791, 0.000000000000000000, 0.7071067811865435759 ) ) ;
#1194 = DIRECTION ( 'NONE',  ( 3.491481338843133355E-15, 1.000000000000000000, 0.000000000000000000 ) ) ;
#1195 = EDGE_CURVE ( 'NONE', #1290, #555, #980, .T. ) ;
#1196 = ORIENTED_EDGE ( 'NONE', *, *, #1737, .T. ) ;
#1197 = CYLINDRICAL_SURFACE ( 'NONE', #74, 1.560640000000000471 ) ;
#1198 = VERTEX_POINT ( 'NONE', #961 ) ;
#1199 = DIRECTION ( 'NONE',  ( 0.7071067811865512365, 0.000000000000000000, 0.7071067811865436870 ) ) ;
#1200 = ORIENTED_EDGE ( 'NONE', *, *, #294, .T. ) ;
#1201 = CARTESIAN_POINT ( 'NONE',  ( -13.74570327792644520, 0.000000000000000000, -44.70280170368835115 ) ) ;
#1202 = FACE_OUTER_BOUND ( 'NONE', #1470, .T. ) ;
#1203 = ORIENTED_EDGE ( 'NONE', *, *, #809, .F. ) ;
#1204 = LINE ( 'NONE', #214, #1602 ) ;
#1205 = EDGE_CURVE ( 'NONE', #1768, #372, #1402, .T. ) ;
#1206 = DIRECTION ( 'NONE',  ( -2.044391222244499344E-16, -1.000000000000000000, 0.000000000000000000 ) ) ;
#1207 = ORIENTED_EDGE ( 'NONE', *, *, #751, .T. ) ;
#1208 = DIRECTION ( 'NONE',  ( -0.000000000000000000, 1.000000000000000000, -0.000000000000000000 ) ) ;
#1209 = PRODUCT_CONTEXT ( 'NONE', #509, 'mechanical' ) ;
#1210 = CARTESIAN_POINT ( 'NONE',  ( -1.310640000000000027, 0.000000000000000000, -22.00000000000000355 ) ) ;
#1211 = ORIENTED_EDGE ( 'NONE', *, *, #1727, .F. ) ;
#1212 = CARTESIAN_POINT ( 'NONE',  ( -14.73678414243754098, 35.00000000000000000, -41.27972606023553936 ) ) ;
#1213 = EDGE_CURVE ( 'NONE', #1493, #1242, #1656, .T. ) ;
#1214 = FACE_OUTER_BOUND ( 'NONE', #494, .T. ) ;
#1215 = AXIS2_PLACEMENT_3D ( 'NONE', #1738, #358, #211 ) ;
#1216 = AXIS2_PLACEMENT_3D ( 'NONE', #647, #247, #1199 ) ;
#1217 = ADVANCED_FACE ( 'NONE', ( #670 ), #1120, .F. ) ;
#1218 = VECTOR ( 'NONE', #662, 1000.000000000000000 ) ;
#1219 = EDGE_LOOP ( 'NONE', ( #1478, #1631, #1227, #1375 ) ) ;
#1220 = LINE ( 'NONE', #656, #1005 ) ;
#1221 = VECTOR ( 'NONE', #212, 1000.000000000000000 ) ;
#1222 = CARTESIAN_POINT ( 'NONE',  ( -13.52078675296666432, 70.00000000000000000, -40.06372867076464672 ) ) ;
#1223 = ORIENTED_EDGE ( 'NONE', *, *, #1796, .T. ) ;
#1224 = DIRECTION ( 'NONE',  ( -0.000000000000000000, -0.000000000000000000, 1.000000000000000000 ) ) ;
#1225 = ORIENTED_EDGE ( 'NONE', *, *, #1519, .F. ) ;
#1226 = CARTESIAN_POINT ( 'NONE',  ( -0.6767707871191072089, 0.000000000000000000, 1.633869212880875610 ) ) ;
#1227 = ORIENTED_EDGE ( 'NONE', *, *, #739, .F. ) ;
#1228 = DIRECTION ( 'NONE',  ( 0.000000000000000000, 1.000000000000000000, -0.000000000000000000 ) ) ;
#1229 = EDGE_CURVE ( 'NONE', #1083, #1765, #822, .T. ) ;
#1230 = LINE ( 'NONE', #820, #834 ) ;
#1231 = DIRECTION ( 'NONE',  ( 1.000000000000000000, -3.491481338843133750E-15, 4.037836429617412178E-31 ) ) ;
#1232 = SURFACE_STYLE_FILL_AREA ( #1809 ) ;
#1233 = VERTEX_POINT ( 'NONE', #415 ) ;
#1234 = DIRECTION ( 'NONE',  ( -0.7071067811865485719, 2.468850131082269288E-15, -0.7071067811865465735 ) ) ;
#1235 = ORIENTED_EDGE ( 'NONE', *, *, #235, .F. ) ;
#1236 = FACE_OUTER_BOUND ( 'NONE', #1790, .T. ) ;
#1237 = EDGE_CURVE ( 'NONE', #79, #577, #76, .T. ) ;
#1238 = DIRECTION ( 'NONE',  ( 1.000000000000000000, 0.000000000000000000, 0.000000000000000000 ) ) ;
#1239 = EDGE_CURVE ( 'NONE', #1628, #1396, #917, .T. ) ;
#1240 = CARTESIAN_POINT ( 'NONE',  ( -15.95278153190841586, 70.00000000000000000, 12.49572344970642845 ) ) ;
#1241 =( NAMED_UNIT ( * ) PLANE_ANGLE_UNIT ( ) SI_UNIT ( $, .RADIAN. ) );
#1242 = VERTEX_POINT ( 'NONE', #1518 ) ;
#1243 = CARTESIAN_POINT ( 'NONE',  ( 0.2714424316943343518, 0.000000000000000000, -30.68565599406742095 ) ) ;
#1244 = AXIS2_PLACEMENT_3D ( 'NONE', #1070, #1228, #249 ) ;
#1245 = ORIENTED_EDGE ( 'NONE', *, *, #1796, .F. ) ;
#1246 = AXIS2_PLACEMENT_3D ( 'NONE', #664, #1206, #1793 ) ;
#1247 = LINE ( 'NONE', #855, #132 ) ;
#1248 = CIRCLE ( 'NONE', #1281, 2.499999999999998668 ) ;
#1249 = CARTESIAN_POINT ( 'NONE',  ( -4.576075101941364693E-15, -2.310639999999996697, -30.00000000000000000 ) ) ;
#1250 = ORIENTED_EDGE ( 'NONE', *, *, #355, .T. ) ;
#1251 = DIRECTION ( 'NONE',  ( -0.7071067811865437980, 0.000000000000000000, -0.7071067811865513475 ) ) ;
#1252 = EDGE_CURVE ( 'NONE', #438, #127, #1450, .T. ) ;
#1253 = ORIENTED_EDGE ( 'NONE', *, *, #1727, .T. ) ;
#1254 = FACE_OUTER_BOUND ( 'NONE', #954, .T. ) ;
#1255 = ORIENTED_EDGE ( 'NONE', *, *, #1795, .F. ) ;
#1256 = DIRECTION ( 'NONE',  ( -0.7071067811865485719, 2.468850131082269288E-15, 0.7071067811865465735 ) ) ;
#1257 = CARTESIAN_POINT ( 'NONE',  ( -14.67246570962079666, 70.00000000000000000, 13.77603927199403167 ) ) ;
#1258 = MANIFOLD_SOLID_BREP ( 'Chamfer3', #280 ) ;
#1259 = DIRECTION ( 'NONE',  ( -0.7071067811865437980, 0.000000000000000000, -0.7071067811865513475 ) ) ;
#1260 = DIRECTION ( 'NONE',  ( 0.000000000000000000, -1.000000000000000000, 1.156482317317871478E-16 ) ) ;
#1261 = ORIENTED_EDGE ( 'NONE', *, *, #1262, .F. ) ;
#1262 = EDGE_CURVE ( 'NONE', #1735, #878, #1367, .T. ) ;
#1263 = CARTESIAN_POINT ( 'NONE',  ( 1.000000000000000000, 0.000000000000000000, -22.00000000000000355 ) ) ;
#1264 = ORIENTED_EDGE ( 'NONE', *, *, #474, .T. ) ;
#1265 = EDGE_CURVE ( 'NONE', #14, #1170, #660, .T. ) ;
#1266 = DIRECTION ( 'NONE',  ( 0.7071067811865437980, -0.000000000000000000, 0.7071067811865513475 ) ) ;
#1267 = DIRECTION ( 'NONE',  ( 0.000000000000000000, 0.000000000000000000, -1.000000000000000000 ) ) ;
#1268 = DIRECTION ( 'NONE',  ( -0.7071067811865520136, 0.000000000000000000, -0.7071067811865430208 ) ) ;
#1269 = DIRECTION ( 'NONE',  ( 0.000000000000000000, 0.000000000000000000, -1.000000000000000000 ) ) ;
#1270 = ORIENTED_EDGE ( 'NONE', *, *, #73, .F. ) ;
#1271 = DIRECTION ( 'NONE',  ( -1.000000000000000000, 0.000000000000000000, 0.000000000000000000 ) ) ;
#1272 = ORIENTED_EDGE ( 'NONE', *, *, #1739, .F. ) ;
#1273 = CARTESIAN_POINT ( 'NONE',  ( 8.689360000000021955, -1.000000000000026867, -22.00000000000000355 ) ) ;
#1274 = EDGE_CURVE ( 'NONE', #878, #1383, #1563, .T. ) ;
#1275 = AXIS2_PLACEMENT_3D ( 'NONE', #1130, #1576, #857 ) ;
#1276 = CARTESIAN_POINT ( 'NONE',  ( -15.95278153190841586, 0.000000000000000000, -42.49572344970642490 ) ) ;
#1277 = AXIS2_PLACEMENT_3D ( 'NONE', #1135, #1256, #431 ) ;
#1278 = VECTOR ( 'NONE', #338, 1000.000000000000000 ) ;
#1279 = CARTESIAN_POINT ( 'NONE',  ( 28.68936000000000064, -1.000000000000096811, 0.000000000000000000 ) ) ;
#1280 = LINE ( 'NONE', #1008, #1162 ) ;
#1281 = AXIS2_PLACEMENT_3D ( 'NONE', #1600, #757, #1174 ) ;
#1282 = ORIENTED_EDGE ( 'NONE', *, *, #1239, .T. ) ;
#1283 = DIRECTION ( 'NONE',  ( -0.000000000000000000, -1.000000000000000000, -0.000000000000000000 ) ) ;
#1284 = ORIENTED_EDGE ( 'NONE', *, *, #1705, .F. ) ;
#1285 = PLANE ( 'NONE',  #542 ) ;
#1286 = EDGE_CURVE ( 'NONE', #50, #1242, #435, .T. ) ;
#1287 = CYLINDRICAL_SURFACE ( 'NONE', #1446, 1.000000000000005773 ) ;
#1288 = CARTESIAN_POINT ( 'NONE',  ( -1.310640000000002248, 0.000000000000000000, 1.110223024625161964E-16 ) ) ;
#1289 = DIRECTION ( 'NONE',  ( -0.000000000000000000, 1.156482317317871478E-16, 1.000000000000000000 ) ) ;
#1290 = VERTEX_POINT ( 'NONE', #1724 ) ;
#1291 = CYLINDRICAL_SURFACE ( 'NONE', #891, 1.000000000000004885 ) ;
#1292 = ORIENTED_EDGE ( 'NONE', *, *, #652, .T. ) ;
#1293 = DIRECTION ( 'NONE',  ( -1.000000000000000000, 3.491481338843133750E-15, 0.000000000000000000 ) ) ;
#1294 = DIRECTION ( 'NONE',  ( 2.044391222244499344E-16, 1.000000000000000000, 0.000000000000000000 ) ) ;
#1295 = CARTESIAN_POINT ( 'NONE',  ( 8.689360000000021955, 27.68936000000000064, -22.00000000000000711 ) ) ;
#1296 = DIRECTION ( 'NONE',  ( -1.000000000000000000, 2.044391222244499097E-16, 3.469446951953597228E-15 ) ) ;
#1297 = EDGE_CURVE ( 'NONE', #1108, #585, #571, .T. ) ;
#1298 = ORIENTED_EDGE ( 'NONE', *, *, #98, .F. ) ;
#1299 = PLANE ( 'NONE',  #860 ) ;
#1300 = VERTEX_POINT ( 'NONE', #705 ) ;
#1301 = FACE_OUTER_BOUND ( 'NONE', #382, .T. ) ;
#1302 = CARTESIAN_POINT ( 'NONE',  ( -2.310640000000006911, 0.000000000000000000, -30.00000000000000000 ) ) ;
#1303 = VECTOR ( 'NONE', #1416, 1000.000000000000000 ) ;
#1304 = AXIS2_PLACEMENT_3D ( 'NONE', #1758, #784, #756 ) ;
#1305 = VECTOR ( 'NONE', #672, 1000.000000000000000 ) ;
#1306 = DIRECTION ( 'NONE',  ( -0.000000000000000000, -0.7071067811865514585, -0.7071067811865435759 ) ) ;
#1307 = STYLED_ITEM ( 'NONE', ( #534 ), #1258 ) ;
#1308 = ORIENTED_EDGE ( 'NONE', *, *, #96, .T. ) ;
#1309 = DIRECTION ( 'NONE',  ( -0.7071067811865513475, 0.000000000000000000, -0.7071067811865437980 ) ) ;
#1310 = ADVANCED_FACE ( 'NONE', ( #608 ), #461, .F. ) ;
#1311 = ORIENTED_EDGE ( 'NONE', *, *, #496, .T. ) ;
#1312 = CARTESIAN_POINT ( 'NONE',  ( 0.9999999999999920064, -2.310640000000000249, 0.000000000000000000 ) ) ;
#1313 = PRODUCT ( '550-00195-00', '550-00195-00', '', ( #1209 ) ) ;
#1314 = CARTESIAN_POINT ( 'NONE',  ( 0.000000000000000000, 0.000000000000000000, 0.000000000000000000 ) ) ;
#1315 = ORIENTED_EDGE ( 'NONE', *, *, #363, .T. ) ;
#1316 = CARTESIAN_POINT ( 'NONE',  ( -14.67246570962079488, 0.000000000000000000, -43.77603927199402989 ) ) ;
#1317 = EDGE_CURVE ( 'NONE', #1370, #735, #109, .T. ) ;
#1318 = ORIENTED_EDGE ( 'NONE', *, *, #1583, .T. ) ;
#1319 = DIRECTION ( 'NONE',  ( 2.044391222244499344E-16, 1.000000000000000000, 0.000000000000000000 ) ) ;
#1320 = EDGE_CURVE ( 'NONE', #1517, #962, #804, .T. ) ;
#1321 = CARTESIAN_POINT ( 'NONE',  ( -14.73678414243754098, 0.000000000000000000, -41.27972606023553936 ) ) ;
#1322 = ORIENTED_EDGE ( 'NONE', *, *, #53, .T. ) ;
#1323 = CARTESIAN_POINT ( 'NONE',  ( 8.689360000000036166, -1.000000000000026867, -7.999999999999996447 ) ) ;
#1324 = LINE ( 'NONE', #65, #602 ) ;
#1325 = ORIENTED_EDGE ( 'NONE', *, *, #851, .F. ) ;
#1326 = DIRECTION ( 'NONE',  ( 0.000000000000000000, 1.000000000000000000, 0.000000000000000000 ) ) ;
#1327 = DIRECTION ( 'NONE',  ( -0.7071067811865437980, 0.000000000000000000, 0.7071067811865513475 ) ) ;
#1328 = ADVANCED_FACE ( 'NONE', ( #162, #301, #39 ), #738, .T. ) ;
#1329 = DIRECTION ( 'NONE',  ( 0.000000000000000000, 0.000000000000000000, -1.000000000000000000 ) ) ;
#1330 = AXIS2_PLACEMENT_3D ( 'NONE', #449, #712, #152 ) ;
#1331 = VECTOR ( 'NONE', #457, 1000.000000000000000 ) ;
#1332 = ORIENTED_EDGE ( 'NONE', *, *, #53, .F. ) ;
#1333 = FACE_OUTER_BOUND ( 'NONE', #1539, .T. ) ;
#1334 = AXIS2_PLACEMENT_3D ( 'NONE', #205, #925, #759 ) ;
#1335 = VECTOR ( 'NONE', #1034, 1000.000000000000000 ) ;
#1336 = LINE ( 'NONE', #1641, #949 ) ;
#1337 = VERTEX_POINT ( 'NONE', #1732 ) ;
#1338 = CARTESIAN_POINT ( 'NONE',  ( 7.703719777548943412E-31, -0.9999999999999965583, 0.000000000000000000 ) ) ;
#1339 = EDGE_CURVE ( 'NONE', #127, #372, #10, .T. ) ;
#1340 = CARTESIAN_POINT ( 'NONE',  ( 28.68935999999999709, -2.310640000000096617, 0.000000000000000000 ) ) ;
#1341 = ORIENTED_EDGE ( 'NONE', *, *, #786, .F. ) ;
#1342 = DIRECTION ( 'NONE',  ( 0.000000000000000000, 1.000000000000000000, 0.000000000000000000 ) ) ;
#1343 = ORIENTED_EDGE ( 'NONE', *, *, #676, .F. ) ;
#1344 = DIRECTION ( 'NONE',  ( -1.000000000000000000, 0.000000000000000000, 0.000000000000000000 ) ) ;
#1345 = CARTESIAN_POINT ( 'NONE',  ( -1.310640000000000027, 27.68936000000000064, -17.00000000000004263 ) ) ;
#1346 = CARTESIAN_POINT ( 'NONE',  ( 0.9999999999999965583, -1.000000000000000000, 0.000000000000000000 ) ) ;
#1347 = ADVANCED_FACE ( 'NONE', ( #582 ), #186, .F. ) ;
#1348 = ORIENTED_EDGE ( 'NONE', *, *, #420, .T. ) ;
#1349 = DIRECTION ( 'NONE',  ( 0.000000000000000000, 1.000000000000000000, -1.156482317317871478E-16 ) ) ;
#1350 = EDGE_CURVE ( 'NONE', #324, #878, #1280, .T. ) ;
#1351 = ORIENTED_EDGE ( 'NONE', *, *, #1237, .F. ) ;
#1352 = LINE ( 'NONE', #1613, #135 ) ;
#1353 = DIRECTION ( 'NONE',  ( -0.000000000000000000, -1.000000000000000000, -0.000000000000000000 ) ) ;
#1354 = FACE_OUTER_BOUND ( 'NONE', #112, .T. ) ;
#1355 = ORIENTED_EDGE ( 'NONE', *, *, #1205, .T. ) ;
#1356 = DIRECTION ( 'NONE',  ( 0.7071067811865514585, 8.177564888977949797E-17, 0.7071067811865435759 ) ) ;
#1357 = AXIS2_PLACEMENT_3D ( 'NONE', #933, #953, #263 ) ;
#1358 = EDGE_LOOP ( 'NONE', ( #1187, #663, #1315, #1640 ) ) ;
#1359 = EDGE_CURVE ( 'NONE', #1074, #1108, #589, .T. ) ;
#1360 = DIRECTION ( 'NONE',  ( 0.000000000000000000, -1.000000000000000000, 1.156482317317871478E-16 ) ) ;
#1361 = VECTOR ( 'NONE', #1509, 1000.000000000000000 ) ;
#1362 = VECTOR ( 'NONE', #1780, 1000.000000000000000 ) ;
#1363 = ORIENTED_EDGE ( 'NONE', *, *, #209, .T. ) ;
#1364 = CYLINDRICAL_SURFACE ( 'NONE', #1095, 2.499999999999998668 ) ;
#1365 = CARTESIAN_POINT ( 'NONE',  ( 13.68935999999999886, 22.68935999999998288, -22.00000000000000711 ) ) ;
#1366 = CARTESIAN_POINT ( 'NONE',  ( -14.84924240491742076, 70.00000000000000000, 15.80634083067933915 ) ) ;
#1367 = LINE ( 'NONE', #1448, #893 ) ;
#1368 = VERTEX_POINT ( 'NONE', #849 ) ;
#1369 = CARTESIAN_POINT ( 'NONE',  ( 0.9999999999999965583, -1.000000000000000000, -7.999999999999996447 ) ) ;
#1370 = VERTEX_POINT ( 'NONE', #1433 ) ;
#1371 = DIRECTION ( 'NONE',  ( -0.000000000000000000, -0.000000000000000000, 1.000000000000000000 ) ) ;
#1372 = ADVANCED_FACE ( 'NONE', ( #1027 ), #1411, .T. ) ;
#1373 = CARTESIAN_POINT ( 'NONE',  ( 1.000000000000000000, 0.000000000000000000, -22.00000000000000355 ) ) ;
#1374 = VERTEX_POINT ( 'NONE', #870 ) ;
#1375 = ORIENTED_EDGE ( 'NONE', *, *, #1148, .T. ) ;
#1376 = CARTESIAN_POINT ( 'NONE',  ( -1.310640000000000249, 0.000000000000000000, 0.4142135623730919813 ) ) ;
#1377 = ORIENTED_EDGE ( 'NONE', *, *, #1788, .T. ) ;
#1378 = LINE ( 'NONE', #1399, #713 ) ;
#1379 = EDGE_CURVE ( 'NONE', #758, #324, #1593, .T. ) ;
#1380 = DIRECTION ( 'NONE',  ( -0.7071067811865465735, 2.468850131082262583E-15, 0.7071067811865485719 ) ) ;
#1381 = EDGE_LOOP ( 'NONE', ( #1398, #104, #1096, #1175 ) ) ;
#1382 = DIRECTION ( 'NONE',  ( -2.044391222244499344E-16, -1.000000000000000000, -0.000000000000000000 ) ) ;
#1383 = VERTEX_POINT ( 'NONE', #442 ) ;
#1384 = CARTESIAN_POINT ( 'NONE',  ( 0.000000000000000000, 7.344680000000145981, 7.344680000000063380 ) ) ;
#1385 = VECTOR ( 'NONE', #704, 1000.000000000000000 ) ;
#1386 = ORIENTED_EDGE ( 'NONE', *, *, #130, .T. ) ;
#1387 = VECTOR ( 'NONE', #985, 1000.000000000000000 ) ;
#1388 = LINE ( 'NONE', #1109, #858 ) ;
#1389 = CIRCLE ( 'NONE', #1630, 1.000000000000004885 ) ;
#1390 = AXIS2_PLACEMENT_3D ( 'NONE', #1082, #250, #1681 ) ;
#1391 = PLANE ( 'NONE',  #1390 ) ;
#1392 = EDGE_CURVE ( 'NONE', #1513, #1528, #1637, .T. ) ;
#1393 = DIRECTION ( 'NONE',  ( 0.000000000000000000, -1.000000000000000000, 0.000000000000000000 ) ) ;
#1394 = DIRECTION ( 'NONE',  ( 0.000000000000000000, 0.000000000000000000, 1.000000000000000000 ) ) ;
#1395 = ADVANCED_FACE ( 'NONE', ( #642 ), #203, .F. ) ;
#1396 = VERTEX_POINT ( 'NONE', #370 ) ;
#1397 = DIRECTION ( 'NONE',  ( 0.000000000000000000, 1.000000000000000000, 0.000000000000000000 ) ) ;
#1398 = ORIENTED_EDGE ( 'NONE', *, *, #486, .F. ) ;
#1399 = CARTESIAN_POINT ( 'NONE',  ( 24.99999999999975486, -1.000000000000083933, -5.000000000000000888 ) ) ;
#1400 = DIRECTION ( 'NONE',  ( 0.000000000000000000, 1.000000000000000000, 0.000000000000000000 ) ) ;
#1401 = CARTESIAN_POINT ( 'NONE',  ( 0.9999999999999920064, -2.310640000000000249, -30.00000000000000000 ) ) ;
#1402 = LINE ( 'NONE', #697, #543 ) ;
#1403 = EDGE_CURVE ( 'NONE', #1233, #14, #1467, .T. ) ;
#1404 = ORIENTED_EDGE ( 'NONE', *, *, #1359, .F. ) ;
#1405 = DIRECTION ( 'NONE',  ( -3.469446951953614189E-15, -1.000000000000000000, 0.000000000000000000 ) ) ;
#1406 = EDGE_CURVE ( 'NONE', #735, #1370, #1248, .T. ) ;
#1407 = ORIENTED_EDGE ( 'NONE', *, *, #990, .F. ) ;
#1408 = FACE_OUTER_BOUND ( 'NONE', #623, .T. ) ;
#1409 = DIRECTION ( 'NONE',  ( 0.000000000000000000, 1.000000000000000000, 0.000000000000000000 ) ) ;
#1410 = LINE ( 'NONE', #1703, #1418 ) ;
#1411 = PLANE ( 'NONE',  #1814 ) ;
#1412 = ORIENTED_EDGE ( 'NONE', *, *, #199, .T. ) ;
#1413 = CARTESIAN_POINT ( 'NONE',  ( -15.02601910021407505, 0.000000000000000000, -43.42248588140076038 ) ) ;
#1414 = EDGE_CURVE ( 'NONE', #1337, #1768, #1103, .T. ) ;
#1415 = ORIENTED_EDGE ( 'NONE', *, *, #1556, .T. ) ;
#1416 = DIRECTION ( 'NONE',  ( 0.000000000000000000, -1.000000000000000000, -0.000000000000000000 ) ) ;
#1417 = VECTOR ( 'NONE', #1259, 1000.000000000000000 ) ;
#1418 = VECTOR ( 'NONE', #1422, 1000.000000000000000 ) ;
#1419 = DIRECTION ( 'NONE',  ( 0.7071067811865435759, -2.468850131082251933E-15, 0.7071067811865513475 ) ) ;
#1420 = VECTOR ( 'NONE', #1189, 999.9999999999998863 ) ;
#1421 = AXIS2_PLACEMENT_3D ( 'NONE', #228, #904, #1683 ) ;
#1422 = DIRECTION ( 'NONE',  ( -1.000000000000000000, 3.491481338843133750E-15, -0.000000000000000000 ) ) ;
#1423 = CARTESIAN_POINT ( 'NONE',  ( 13.68935999999999886, 27.68936000000000064, -8.000000000000000000 ) ) ;
#1424 = VECTOR ( 'NONE', #997, 1000.000000000000000 ) ;
#1425 = ORIENTED_EDGE ( 'NONE', *, *, #798, .F. ) ;
#1426 = DIRECTION ( 'NONE',  ( 0.000000000000000000, 1.000000000000000000, 0.000000000000000000 ) ) ;
#1427 = ORIENTED_EDGE ( 'NONE', *, *, #1067, .F. ) ;
#1428 = LINE ( 'NONE', #325, #1511 ) ;
#1429 = EDGE_CURVE ( 'NONE', #1668, #1642, #196, .T. ) ;
#1430 = CARTESIAN_POINT ( 'NONE',  ( 0.000000000000000000, 0.000000000000000000, 0.000000000000000000 ) ) ;
#1431 = ADVANCED_FACE ( 'NONE', ( #1202 ), #923, .F. ) ;
#1432 = FACE_OUTER_BOUND ( 'NONE', #350, .T. ) ;
#1433 = CARTESIAN_POINT ( 'NONE',  ( 24.99999999999975486, -1.000000000000083933, -20.00000000000000000 ) ) ;
#1434 = ORIENTED_EDGE ( 'NONE', *, *, #1081, .T. ) ;
#1435 = LINE ( 'NONE', #1452, #1009 ) ;
#1436 = ORIENTED_EDGE ( 'NONE', *, *, #1350, .F. ) ;
#1437 = CARTESIAN_POINT ( 'NONE',  ( 28.68935999999999709, -2.310640000000096617, -30.00000000000000000 ) ) ;
#1438 = CARTESIAN_POINT ( 'NONE',  ( -2.310640000000006911, 0.000000000000000000, 0.000000000000000000 ) ) ;
#1439 = EDGE_CURVE ( 'NONE', #1, #845, #1625, .T. ) ;
#1440 = CARTESIAN_POINT ( 'NONE',  ( 0.000000000000000000, 70.00000000000000000, 0.000000000000000000 ) ) ;
#1441 = EDGE_LOOP ( 'NONE', ( #946, #1425, #796, #1308 ) ) ;
#1442 = DIRECTION ( 'NONE',  ( -0.7071067811865437980, -0.000000000000000000, 0.7071067811865513475 ) ) ;
#1443 = ORIENTED_EDGE ( 'NONE', *, *, #69, .F. ) ;
#1444 = CARTESIAN_POINT ( 'NONE',  ( 0.9999999999999920064, -2.310640000000000249, 0.000000000000000000 ) ) ;
#1445 =( NAMED_UNIT ( * ) SI_UNIT ( $, .STERADIAN. ) SOLID_ANGLE_UNIT ( ) );
#1446 = AXIS2_PLACEMENT_3D ( 'NONE', #459, #1294, #1573 ) ;
#1447 = AXIS2_PLACEMENT_3D ( 'NONE', #720, #586, #1456 ) ;
#1448 = CARTESIAN_POINT ( 'NONE',  ( 0.000000000000000000, 27.68936000000000064, 0.000000000000000000 ) ) ;
#1449 = EDGE_CURVE ( 'NONE', #1383, #1198, #622, .T. ) ;
#1450 = CIRCLE ( 'NONE', #369, 2.310640000000004690 ) ;
#1451 = EDGE_LOOP ( 'NONE', ( #1415, #982, #491, #1752 ) ) ;
#1452 = CARTESIAN_POINT ( 'NONE',  ( 24.99999999999975486, -1.000000000000083933, -20.00000000000000000 ) ) ;
#1453 = AXIS2_PLACEMENT_3D ( 'NONE', #1586, #1555, #1296 ) ;
#1454 = EDGE_CURVE ( 'NONE', #563, #1198, #635, .T. ) ;
#1455 = ORIENTED_EDGE ( 'NONE', *, *, #146, .T. ) ;
#1456 = DIRECTION ( 'NONE',  ( 1.000000000000000000, -0.000000000000000000, 0.000000000000000000 ) ) ;
#1457 = DIRECTION ( 'NONE',  ( 0.000000000000000000, -1.156482317317871478E-16, -1.000000000000000000 ) ) ;
#1458 = ORIENTED_EDGE ( 'NONE', *, *, #739, .T. ) ;
#1459 = EDGE_CURVE ( 'NONE', #127, #1606, #477, .T. ) ;
#1460 = CARTESIAN_POINT ( 'NONE',  ( 13.68935999999999886, -1.000000000000044187, -13.00000000000001421 ) ) ;
#1461 = ORIENTED_EDGE ( 'NONE', *, *, #187, .T. ) ;
#1462 = ADVANCED_FACE ( 'NONE', ( #1767 ), #1750, .F. ) ;
#1463 = CARTESIAN_POINT ( 'NONE',  ( -1.310640000000000027, 27.68936000000000064, -22.00000000000000711 ) ) ;
#1464 = EDGE_LOOP ( 'NONE', ( #11, #1044, #550, #1551 ) ) ;
#1465 = DIRECTION ( 'NONE',  ( 1.000000000000000000, 0.000000000000000000, 0.000000000000000000 ) ) ;
#1466 = DIRECTION ( 'NONE',  ( 0.000000000000000000, 1.000000000000000000, 0.000000000000000000 ) ) ;
#1467 = LINE ( 'NONE', #345, #690 ) ;
#1468 = EDGE_LOOP ( 'NONE', ( #213, #1116, #1058, #896 ) ) ;
#1469 = DIRECTION ( 'NONE',  ( -0.7071067811865510144, 0.000000000000000000, 0.7071067811865441310 ) ) ;
#1470 = EDGE_LOOP ( 'NONE', ( #502, #1412, #489, #616 ) ) ;
#1471 = FACE_OUTER_BOUND ( 'NONE', #1754, .T. ) ;
#1472 = ADVANCED_FACE ( 'NONE', ( #1775 ), #234, .F. ) ;
#1473 = VERTEX_POINT ( 'NONE', #777 ) ;
#1474 = CARTESIAN_POINT ( 'NONE',  ( -1.603533218813448791, 70.00000000000000000, 0.7071067811865436870 ) ) ;
#1475 = CARTESIAN_POINT ( 'NONE',  ( -2.310639999999992700, 70.00000000000000000, 0.000000000000000000 ) ) ;
#1476 = VECTOR ( 'NONE', #113, 1000.000000000000000 ) ;
#1477 = AXIS2_PLACEMENT_3D ( 'NONE', #44, #59, #1031 ) ;
#1478 = ORIENTED_EDGE ( 'NONE', *, *, #1138, .F. ) ;
#1479 = DIRECTION ( 'NONE',  ( 0.000000000000000000, -1.156482317317871478E-16, -1.000000000000000000 ) ) ;
#1480 = AXIS2_PLACEMENT_3D ( 'NONE', #272, #545, #1394 ) ;
#1481 = EDGE_LOOP ( 'NONE', ( #1036, #444, #1363, #1311 ) ) ;
#1482 = VECTOR ( 'NONE', #1182, 1000.000000000000000 ) ;
#1483 = DIRECTION ( 'NONE',  ( 0.7071067811865435759, -2.468850131082251933E-15, -0.7071067811865514585 ) ) ;
#1484 = ORIENTED_EDGE ( 'NONE', *, *, #433, .T. ) ;
#1485 = CARTESIAN_POINT ( 'NONE',  ( 24.99999999999975486, -1.000000000000083933, -7.500000000000000000 ) ) ;
#1486 = PLANE ( 'NONE',  #1097 ) ;
#1487 = EDGE_CURVE ( 'NONE', #825, #1141, #766, .T. ) ;
#1488 = DIRECTION ( 'NONE',  ( 0.000000000000000000, 0.000000000000000000, 1.000000000000000000 ) ) ;
#1489 = ORIENTED_EDGE ( 'NONE', *, *, #1350, .T. ) ;
#1490 = LINE ( 'NONE', #788, #1218 ) ;
#1491 = ORIENTED_EDGE ( 'NONE', *, *, #1454, .T. ) ;
#1492 = DIRECTION ( 'NONE',  ( -0.000000000000000000, -0.000000000000000000, -1.000000000000000000 ) ) ;
#1493 = VERTEX_POINT ( 'NONE', #649 ) ;
#1494 = FACE_OUTER_BOUND ( 'NONE', #671, .T. ) ;
#1495 = DIRECTION ( 'NONE',  ( -0.000000000000000000, -1.000000000000000000, 0.000000000000000000 ) ) ;
#1496 = EDGE_CURVE ( 'NONE', #1800, #1233, #1608, .T. ) ;
#1497 = ORIENTED_EDGE ( 'NONE', *, *, #1115, .T. ) ;
#1498 = DIRECTION ( 'NONE',  ( -0.000000000000000000, 1.000000000000000000, 0.000000000000000000 ) ) ;
#1499 = EDGE_LOOP ( 'NONE', ( #1497, #1651, #1697, #265 ) ) ;
#1500 = DIRECTION ( 'NONE',  ( 0.7071067811865578978, 0.000000000000000000, 0.7071067811865371366 ) ) ;
#1501 = VERTEX_POINT ( 'NONE', #515 ) ;
#1502 = DIRECTION ( 'NONE',  ( -3.491481338843133355E-15, -1.000000000000000000, 0.000000000000000000 ) ) ;
#1503 = LINE ( 'NONE', #1533, #1632 ) ;
#1504 = CARTESIAN_POINT ( 'NONE',  ( 3.230269143693928341E-30, -0.9999999999999965583, -7.999999999999996447 ) ) ;
#1505 = CARTESIAN_POINT ( 'NONE',  ( -2.310639999999992700, 70.00000000000000000, -30.00000000000000000 ) ) ;
#1506 = EDGE_CURVE ( 'NONE', #1383, #758, #1073, .T. ) ;
#1507 = AXIS2_PLACEMENT_3D ( 'NONE', #219, #376, #783 ) ;
#1508 = ORIENTED_EDGE ( 'NONE', *, *, #667, .F. ) ;
#1509 = DIRECTION ( 'NONE',  ( -0.7071067811865437980, 0.000000000000000000, 0.7071067811865513475 ) ) ;
#1510 = EDGE_CURVE ( 'NONE', #1473, #66, #75, .T. ) ;
#1511 = VECTOR ( 'NONE', #1165, 1000.000000000000000 ) ;
#1512 = VECTOR ( 'NONE', #1283, 1000.000000000000000 ) ;
#1513 = VERTEX_POINT ( 'NONE', #1052 ) ;
#1514 = CARTESIAN_POINT ( 'NONE',  ( 33.68936000000000064, -2.310640000000113936, -5.000000000000018652 ) ) ;
#1515 = VECTOR ( 'NONE', #902, 1000.000000000000000 ) ;
#1516 = CARTESIAN_POINT ( 'NONE',  ( -1.310640000000000027, 0.000000000000000000, -30.00000000000000000 ) ) ;
#1517 = VERTEX_POINT ( 'NONE', #1825 ) ;
#1518 = CARTESIAN_POINT ( 'NONE',  ( -1.310640000000000027, 22.68936000000003617, -8.000000000000000000 ) ) ;
#1519 = EDGE_CURVE ( 'NONE', #136, #1300, #792, .T. ) ;
#1520 = ORIENTED_EDGE ( 'NONE', *, *, #28, .T. ) ;
#1521 = DIRECTION ( 'NONE',  ( -3.491481338843133355E-15, -1.000000000000000000, 0.000000000000000000 ) ) ;
#1522 = ADVANCED_FACE ( 'NONE', ( #1354 ), #1797, .T. ) ;
#1523 = ORIENTED_EDGE ( 'NONE', *, *, #1274, .F. ) ;
#1524 = LINE ( 'NONE', #1824, #1387 ) ;
#1525 = CARTESIAN_POINT ( 'NONE',  ( 0.000000000000000000, 0.000000000000000000, -30.00000000000000000 ) ) ;
#1526 = LINE ( 'NONE', #388, #683 ) ;
#1527 = DIRECTION ( 'NONE',  ( -0.000000000000000000, 1.156482317317871478E-16, 1.000000000000000000 ) ) ;
#1528 = VERTEX_POINT ( 'NONE', #1789 ) ;
#1529 = DIRECTION ( 'NONE',  ( -0.7071067811865437980, 0.000000000000000000, -0.7071067811865513475 ) ) ;
#1530 = ORIENTED_EDGE ( 'NONE', *, *, #387, .T. ) ;
#1531 = CARTESIAN_POINT ( 'NONE',  ( 13.68935999999999886, -2.310639999999998473, -7.999999999999996447 ) ) ;
#1532 = EDGE_CURVE ( 'NONE', #1792, #127, #540, .T. ) ;
#1533 = CARTESIAN_POINT ( 'NONE',  ( -4.576075101941364693E-15, -2.310639999999996697, -30.00000000000000000 ) ) ;
#1534 = CARTESIAN_POINT ( 'NONE',  ( -15.95278153190841586, 0.000000000000000000, 12.49572344970642845 ) ) ;
#1535 = FACE_OUTER_BOUND ( 'NONE', #1499, .T. ) ;
#1536 = ORIENTED_EDGE ( 'NONE', *, *, #1237, .T. ) ;
#1537 = DIRECTION ( 'NONE',  ( -1.000000000000000000, 3.469446951953616161E-15, 0.000000000000000000 ) ) ;
#1538 = AXIS2_PLACEMENT_3D ( 'NONE', #958, #276, #838 ) ;
#1539 = EDGE_LOOP ( 'NONE', ( #52, #1823, #384, #1491 ) ) ;
#1540 = AXIS2_PLACEMENT_3D ( 'NONE', #299, #1701, #847 ) ;
#1541 = CIRCLE ( 'NONE', #1778, 0.2500000000000002220 ) ;
#1542 = LINE ( 'NONE', #150, #1303 ) ;
#1543 = PRESENTATION_LAYER_ASSIGNMENT (  '', '', ( #1307 ) ) ;
#1544 = AXIS2_PLACEMENT_3D ( 'NONE', #1365, #114, #1238 ) ;
#1545 = CARTESIAN_POINT ( 'NONE',  ( 24.99999999999975486, -1.000000000000083933, -24.99999999999999645 ) ) ;
#1546 = ADVANCED_FACE ( 'NONE', ( #659 ), #405, .T. ) ;
#1547 = CARTESIAN_POINT ( 'NONE',  ( 24.99999999999975486, -2.310640000000084182, -22.50000000000000000 ) ) ;
#1548 = DIRECTION ( 'NONE',  ( 1.000000000000000000, 0.000000000000000000, 0.000000000000000000 ) ) ;
#1549 = VERTEX_POINT ( 'NONE', #1805 ) ;
#1550 = DIRECTION ( 'NONE',  ( 0.000000000000000000, -1.000000000000000000, 0.000000000000000000 ) ) ;
#1551 = ORIENTED_EDGE ( 'NONE', *, *, #1439, .T. ) ;
#1552 = PLANE ( 'NONE',  #1447 ) ;
#1553 = PLANE ( 'NONE',  #1540 ) ;
#1554 = LINE ( 'NONE', #38, #570 ) ;
#1555 = DIRECTION ( 'NONE',  ( 2.044391222244499344E-16, 1.000000000000000000, 0.000000000000000000 ) ) ;
#1556 = EDGE_CURVE ( 'NONE', #1105, #1501, #262, .T. ) ;
#1557 = ORIENTED_EDGE ( 'NONE', *, *, #955, .T. ) ;
#1558 = CARTESIAN_POINT ( 'NONE',  ( -14.84924240491743497, 0.000000000000000000, 13.59926257669739513 ) ) ;
#1559 = ORIENTED_EDGE ( 'NONE', *, *, #1320, .T. ) ;
#1560 = DIRECTION ( 'NONE',  ( 0.000000000000000000, 0.000000000000000000, -1.000000000000000000 ) ) ;
#1561 = DIRECTION ( 'NONE',  ( 0.000000000000000000, 0.000000000000000000, 1.000000000000000000 ) ) ;
#1562 = DIRECTION ( 'NONE',  ( -3.491481338843133750E-15, -1.000000000000000000, -0.000000000000000000 ) ) ;
#1563 = LINE ( 'NONE', #1696, #1041 ) ;
#1564 = VERTEX_POINT ( 'NONE', #812 ) ;
#1565 = EDGE_CURVE ( 'NONE', #563, #1374, #400, .T. ) ;
#1566 = DIRECTION ( 'NONE',  ( 0.7071067811865513475, 0.000000000000000000, 0.7071067811865437980 ) ) ;
#1567 = ORIENTED_EDGE ( 'NONE', *, *, #1657, .T. ) ;
#1568 = EDGE_CURVE ( 'NONE', #1792, #1517, #677, .T. ) ;
#1569 = CARTESIAN_POINT ( 'NONE',  ( 13.68935999999999886, 27.68936000000000064, -22.00000000000000711 ) ) ;
#1570 = AXIS2_PLACEMENT_3D ( 'NONE', #243, #292, #1268 ) ;
#1571 = CIRCLE ( 'NONE', #46, 1.000000000000000000 ) ;
#1572 = VECTOR ( 'NONE', #1293, 1000.000000000000000 ) ;
#1573 = DIRECTION ( 'NONE',  ( 0.7071067811865506814, 0.000000000000000000, -0.7071067811865443531 ) ) ;
#1574 = VECTOR ( 'NONE', #1112, 1000.000000000000000 ) ;
#1575 = VECTOR ( 'NONE', #468, 1000.000000000000000 ) ;
#1576 = DIRECTION ( 'NONE',  ( -0.7071067811865513475, 0.000000000000000000, -0.7071067811865437980 ) ) ;
#1577 = DIRECTION ( 'NONE',  ( 0.000000000000000000, 1.000000000000000000, 0.000000000000000000 ) ) ;
#1578 =( GEOMETRIC_REPRESENTATION_CONTEXT ( 3 ) GLOBAL_UNCERTAINTY_ASSIGNED_CONTEXT ( ( #1804 ) ) GLOBAL_UNIT_ASSIGNED_CONTEXT ( ( #70, #1180, #1445 ) ) REPRESENTATION_CONTEXT ( 'NONE', 'WORKASPACE' ) );
#1579 = ORIENTED_EDGE ( 'NONE', *, *, #1459, .F. ) ;
#1580 = CARTESIAN_POINT ( 'NONE',  ( -0.6553200000000072301, 0.000000000000000000, -0.2411064376269081710 ) ) ;
#1581 = ORIENTED_EDGE ( 'NONE', *, *, #809, .T. ) ;
#1582 = DIRECTION ( 'NONE',  ( -3.491481338843134144E-15, -1.000000000000000000, -0.000000000000000000 ) ) ;
#1583 = EDGE_CURVE ( 'NONE', #782, #215, #318, .T. ) ;
#1584 = CARTESIAN_POINT ( 'NONE',  ( 0.000000000000000000, 27.68936000000000064, -13.00000000000001776 ) ) ;
#1585 = DIRECTION ( 'NONE',  ( 0.000000000000000000, -0.000000000000000000, 1.000000000000000000 ) ) ;
#1586 = CARTESIAN_POINT ( 'NONE',  ( -2.310640000000006911, 0.000000000000000000, -30.00000000000000000 ) ) ;
#1587 = EDGE_LOOP ( 'NONE', ( #284, #1708, #24, #207 ) ) ;
#1588 = CARTESIAN_POINT ( 'NONE',  ( 28.68935999999999709, -2.310640000000096617, -30.00000000000000000 ) ) ;
#1589 = ORIENTED_EDGE ( 'NONE', *, *, #1026, .F. ) ;
#1590 = DIRECTION ( 'NONE',  ( -0.7071067811865510144, 0.000000000000000000, -0.7071067811865441310 ) ) ;
#1591 = ADVANCED_FACE ( 'NONE', ( #1673 ), #1391, .F. ) ;
#1592 = EDGE_CURVE ( 'NONE', #558, #86, #1503, .T. ) ;
#1593 = LINE ( 'NONE', #336, #344 ) ;
#1594 = EDGE_LOOP ( 'NONE', ( #273, #1770, #311, #880 ) ) ;
#1595 = CARTESIAN_POINT ( 'NONE',  ( 8.883240145158307142E-30, -0.9999999999999965583, -22.00000000000000355 ) ) ;
#1596 = ORIENTED_EDGE ( 'NONE', *, *, #762, .F. ) ;
#1597 = CARTESIAN_POINT ( 'NONE',  ( -14.84924240491743497, 70.00000000000000000, 13.59926257669739513 ) ) ;
#1598 = VECTOR ( 'NONE', #180, 1000.000000000000000 ) ;
#1599 = VECTOR ( 'NONE', #351, 1000.000000000000000 ) ;
#1600 = CARTESIAN_POINT ( 'NONE',  ( 24.99999999999975486, -1.000000000000083933, -22.50000000000000000 ) ) ;
#1601 = ADVANCED_FACE ( 'NONE', ( #803 ), #695, .T. ) ;
#1602 = VECTOR ( 'NONE', #361, 1000.000000000000000 ) ;
#1603 = ORIENTED_EDGE ( 'NONE', *, *, #667, .T. ) ;
#1604 = CARTESIAN_POINT ( 'NONE',  ( 13.68935999999999886, -1.503427012513234524E-15, -13.00000000000001421 ) ) ;
#1605 = VECTOR ( 'NONE', #1329, 1000.000000000000000 ) ;
#1606 = VERTEX_POINT ( 'NONE', #1525 ) ;
#1607 = LINE ( 'NONE', #167, #223 ) ;
#1608 = LINE ( 'NONE', #352, #1335 ) ;
#1609 = VERTEX_POINT ( 'NONE', #1257 ) ;
#1610 = CARTESIAN_POINT ( 'NONE',  ( 0.9999999999999965583, -1.000000000000000000, -30.00000000000000000 ) ) ;
#1611 = EDGE_CURVE ( 'NONE', #1699, #451, #1101, .T. ) ;
#1612 = EDGE_LOOP ( 'NONE', ( #408, #630, #288, #1559 ) ) ;
#1613 = CARTESIAN_POINT ( 'NONE',  ( 0.2714424316943343518, 70.00000000000000000, -30.68565599406742095 ) ) ;
#1614 = ORIENTED_EDGE ( 'NONE', *, *, #69, .T. ) ;
#1615 = DIRECTION ( 'NONE',  ( -0.000000000000000000, -0.000000000000000000, 1.000000000000000000 ) ) ;
#1616 = APPLICATION_PROTOCOL_DEFINITION ( 'draft international standard', 'automotive_design', 1998, #509 ) ;
#1617 = DIRECTION ( 'NONE',  ( 0.000000000000000000, 1.000000000000000000, -1.156482317317871478E-16 ) ) ;
#1618 = ORIENTED_EDGE ( 'NONE', *, *, #269, .F. ) ;
#1619 = CARTESIAN_POINT ( 'NONE',  ( 0.000000000000000000, 0.000000000000000000, -7.999999999999996447 ) ) ;
#1620 = VERTEX_POINT ( 'NONE', #668 ) ;
#1621 = CARTESIAN_POINT ( 'NONE',  ( 24.99999999999975486, -1.000000000000083933, -24.99999999999999645 ) ) ;
#1622 = EDGE_CURVE ( 'NONE', #1549, #1473, #1230, .T. ) ;
#1623 = EDGE_LOOP ( 'NONE', ( #497, #399, #1716, #1184 ) ) ;
#1624 = DIRECTION ( 'NONE',  ( 0.7071067811865512365, -0.000000000000000000, -0.7071067811865439090 ) ) ;
#1625 = LINE ( 'NONE', #1321, #458 ) ;
#1626 = CIRCLE ( 'NONE', #102, 2.499999999999998668 ) ;
#1627 = VECTOR ( 'NONE', #89, 1000.000000000000000 ) ;
#1628 = VERTEX_POINT ( 'NONE', #1653 ) ;
#1629 = CARTESIAN_POINT ( 'NONE',  ( 13.68935999999999886, 27.68936000000000064, -22.00000000000000711 ) ) ;
#1630 = AXIS2_PLACEMENT_3D ( 'NONE', #852, #25, #779 ) ;
#1631 = ORIENTED_EDGE ( 'NONE', *, *, #842, .F. ) ;
#1632 = VECTOR ( 'NONE', #1089, 1000.000000000000000 ) ;
#1633 = DIRECTION ( 'NONE',  ( 0.7071067811865578978, 0.000000000000000000, 0.7071067811865371366 ) ) ;
#1634 = ORIENTED_EDGE ( 'NONE', *, *, #1702, .T. ) ;
#1635 = FACE_OUTER_BOUND ( 'NONE', #411, .T. ) ;
#1636 = ADVANCED_FACE ( 'NONE', ( #129 ), #421, .F. ) ;
#1637 = LINE ( 'NONE', #93, #1012 ) ;
#1638 = VERTEX_POINT ( 'NONE', #1110 ) ;
#1639 = CYLINDRICAL_SURFACE ( 'NONE', #1188, 0.2500000000000003331 ) ;
#1640 = ORIENTED_EDGE ( 'NONE', *, *, #96, .F. ) ;
#1641 = CARTESIAN_POINT ( 'NONE',  ( -1.310640000000000027, 27.68936000000000064, -13.00000000000001776 ) ) ;
#1642 = VERTEX_POINT ( 'NONE', #413 ) ;
#1643 = DIRECTION ( 'NONE',  ( -3.472239758851544186E-15, -1.000000000000000000, 0.000000000000000000 ) ) ;
#1644 = ADVANCED_FACE ( 'NONE', ( #967 ), #828, .T. ) ;
#1645 = DIRECTION ( 'NONE',  ( 0.000000000000000000, -0.000000000000000000, 1.000000000000000000 ) ) ;
#1646 = EDGE_CURVE ( 'NONE', #750, #782, #29, .T. ) ;
#1647 = DIRECTION ( 'NONE',  ( 0.000000000000000000, 0.000000000000000000, 1.000000000000000000 ) ) ;
#1648 = LINE ( 'NONE', #833, #428 ) ;
#1649 = ORIENTED_EDGE ( 'NONE', *, *, #798, .T. ) ;
#1650 = DIRECTION ( 'NONE',  ( -0.7071067811865513475, -0.000000000000000000, 0.7071067811865437980 ) ) ;
#1651 = ORIENTED_EDGE ( 'NONE', *, *, #277, .T. ) ;
#1652 = DIRECTION ( 'NONE',  ( 1.000000000000000000, -2.044391222244499344E-16, 0.000000000000000000 ) ) ;
#1653 = CARTESIAN_POINT ( 'NONE',  ( 0.000000000000000000, 0.000000000000000000, 0.000000000000000000 ) ) ;
#1654 = EDGE_LOOP ( 'NONE', ( #1530, #188, #1484, #1196 ) ) ;
#1655 = VECTOR ( 'NONE', #1624, 999.9999999999998863 ) ;
#1656 = LINE ( 'NONE', #942, #1574 ) ;
#1657 = EDGE_CURVE ( 'NONE', #924, #1, #580, .T. ) ;
#1658 = AXIS2_PLACEMENT_3D ( 'NONE', #682, #419, #994 ) ;
#1659 = EDGE_LOOP ( 'NONE', ( #1284, #993, #1143, #246 ) ) ;
#1660 = CARTESIAN_POINT ( 'NONE',  ( 33.68936000000000064, -2.310640000000113936, 0.000000000000000000 ) ) ;
#1661 = CIRCLE ( 'NONE', #744, 2.499999999999998668 ) ;
#1662 = CIRCLE ( 'NONE', #169, 0.2500000000000002220 ) ;
#1663 = ORIENTED_EDGE ( 'NONE', *, *, #1339, .T. ) ;
#1664 = PLANE ( 'NONE',  #1277 ) ;
#1665 = AXIS2_PLACEMENT_3D ( 'NONE', #1373, #1118, #394 ) ;
#1666 = DIRECTION ( 'NONE',  ( 0.000000000000000000, -0.000000000000000000, 1.000000000000000000 ) ) ;
#1667 = ORIENTED_EDGE ( 'NONE', *, *, #1320, .F. ) ;
#1668 = VERTEX_POINT ( 'NONE', #1694 ) ;
#1669 = EDGE_CURVE ( 'NONE', #1132, #14, #308, .T. ) ;
#1670 = FACE_OUTER_BOUND ( 'NONE', #1069, .T. ) ;
#1671 = ORIENTED_EDGE ( 'NONE', *, *, #504, .T. ) ;
#1672 = DIRECTION ( 'NONE',  ( 0.7071067811865578978, 0.000000000000000000, -0.7071067811865371366 ) ) ;
#1673 = FACE_OUTER_BOUND ( 'NONE', #90, .T. ) ;
#1674 = PLANE ( 'NONE',  #1183 ) ;
#1675 = CARTESIAN_POINT ( 'NONE',  ( -13.74570327792645408, 70.00000000000000000, 14.70280170368836359 ) ) ;
#1676 = ORIENTED_EDGE ( 'NONE', *, *, #355, .F. ) ;
#1677 = FACE_OUTER_BOUND ( 'NONE', #716, .T. ) ;
#1678 = ORIENTED_EDGE ( 'NONE', *, *, #111, .T. ) ;
#1679 = DIRECTION ( 'NONE',  ( -0.000000000000000000, 1.000000000000000000, -0.000000000000000000 ) ) ;
#1680 = EDGE_CURVE ( 'NONE', #890, #735, #839, .T. ) ;
#1681 = DIRECTION ( 'NONE',  ( 0.7071067811865437980, 0.000000000000000000, -0.7071067811865512365 ) ) ;
#1682 = DIRECTION ( 'NONE',  ( -3.472239758851544186E-15, -1.000000000000000000, 0.000000000000000000 ) ) ;
#1683 = DIRECTION ( 'NONE',  ( -3.566084076658342421E-15, -1.000000000000000000, 0.000000000000000000 ) ) ;
#1684 = ORIENTED_EDGE ( 'NONE', *, *, #1013, .F. ) ;
#1685 = CARTESIAN_POINT ( 'NONE',  ( 28.68935999999999709, -2.310640000000096617, -30.00000000000000000 ) ) ;
#1686 = VECTOR ( 'NONE', #1465, 1000.000000000000000 ) ;
#1687 = EDGE_LOOP ( 'NONE', ( #41, #1223, #1756, #1318 ) ) ;
#1688 = PRODUCT_DEFINITION_FORMATION_WITH_SPECIFIED_SOURCE ( 'ANY', '', #1313, .NOT_KNOWN. ) ;
#1689 = VECTOR ( 'NONE', #208, 1000.000000000000000 ) ;
#1690 = CARTESIAN_POINT ( 'NONE',  ( -14.67246570962079488, 70.00000000000000000, -43.77603927199402989 ) ) ;
#1691 = COLOUR_RGB ( '',0.7921568627450980005, 0.8196078431372548767, 0.9333333333333333481 ) ;
#1692 = ADVANCED_FACE ( 'NONE', ( #1153 ), #1145, .F. ) ;
#1693 = VECTOR ( 'NONE', #859, 1000.000000000000000 ) ;
#1694 = CARTESIAN_POINT ( 'NONE',  ( -12.59402432127232352, 0.000000000000000000, 10.99049110245898220 ) ) ;
#1695 = CARTESIAN_POINT ( 'NONE',  ( 1.214306433183764966E-14, 70.00000000000000000, -30.00000000000000000 ) ) ;
#1696 = CARTESIAN_POINT ( 'NONE',  ( -0.000000000000000000, 22.34467999999986532, -22.34468000000011756 ) ) ;
#1697 = ORIENTED_EDGE ( 'NONE', *, *, #111, .F. ) ;
#1698 = DIRECTION ( 'NONE',  ( -0.7071067811865513475, -0.000000000000000000, 0.7071067811865437980 ) ) ;
#1699 = VERTEX_POINT ( 'NONE', #876 ) ;
#1700 = CARTESIAN_POINT ( 'NONE',  ( -1.603533218813448791, 70.00000000000000000, -30.70710678118654258 ) ) ;
#1701 = DIRECTION ( 'NONE',  ( 0.000000000000000000, -1.000000000000000000, -0.000000000000000000 ) ) ;
#1702 = EDGE_CURVE ( 'NONE', #1628, #1513, #440, .T. ) ;
#1703 = CARTESIAN_POINT ( 'NONE',  ( 7.703719777548943412E-31, -0.9999999999999965583, -30.00000000000000000 ) ) ;
#1704 = CARTESIAN_POINT ( 'NONE',  ( 8.689360000000036166, 27.68936000000000064, -8.000000000000000000 ) ) ;
#1705 = EDGE_CURVE ( 'NONE', #462, #1290, #976, .T. ) ;
#1706 = ORIENTED_EDGE ( 'NONE', *, *, #130, .F. ) ;
#1707 = DIRECTION ( 'NONE',  ( 1.000000000000000000, -2.044391222244499344E-16, 0.000000000000000000 ) ) ;
#1708 = ORIENTED_EDGE ( 'NONE', *, *, #21, .F. ) ;
#1709 = DIRECTION ( 'NONE',  ( 0.000000000000000000, -0.000000000000000000, 1.000000000000000000 ) ) ;
#1710 = DIRECTION ( 'NONE',  ( 2.044391222244499344E-16, 1.000000000000000000, 0.000000000000000000 ) ) ;
#1711 = CARTESIAN_POINT ( 'NONE',  ( 0.9999999999999920064, -2.310640000000000249, 0.000000000000000000 ) ) ;
#1712 = DIRECTION ( 'NONE',  ( -1.000000000000000000, 0.000000000000000000, 0.000000000000000000 ) ) ;
#1713 = ORIENTED_EDGE ( 'NONE', *, *, #987, .F. ) ;
#1714 = FACE_OUTER_BOUND ( 'NONE', #517, .T. ) ;
#1715 = EDGE_CURVE ( 'NONE', #555, #1638, #432, .T. ) ;
#1716 = ORIENTED_EDGE ( 'NONE', *, *, #1487, .T. ) ;
#1717 = CARTESIAN_POINT ( 'NONE',  ( 8.689360000000036166, -2.310639999999998473, -7.999999999999996447 ) ) ;
#1718 = VECTOR ( 'NONE', #460, 1000.000000000000000 ) ;
#1719 = VECTOR ( 'NONE', #1492, 1000.000000000000000 ) ;
#1720 = DIRECTION ( 'NONE',  ( 0.7071067811865520136, 0.000000000000000000, -0.7071067811865430208 ) ) ;
#1721 = AXIS2_PLACEMENT_3D ( 'NONE', #133, #562, #264 ) ;
#1722 = AXIS2_PLACEMENT_3D ( 'NONE', #1314, #225, #1488 ) ;
#1723 = DIRECTION ( 'NONE',  ( -1.000000000000000000, 3.469446951953616161E-15, 0.000000000000000000 ) ) ;
#1724 = CARTESIAN_POINT ( 'NONE',  ( 13.68935999999999886, -1.000000000000044187, -16.99999999999997158 ) ) ;
#1725 = ORIENTED_EDGE ( 'NONE', *, *, #1090, .T. ) ;
#1726 = DIRECTION ( 'NONE',  ( 0.000000000000000000, -1.000000000000000000, -0.000000000000000000 ) ) ;
#1727 = EDGE_CURVE ( 'NONE', #79, #50, #595, .T. ) ;
#1728 = ORIENTED_EDGE ( 'NONE', *, *, #1179, .T. ) ;
#1729 = LINE ( 'NONE', #481, #1572 ) ;
#1730 = ADVANCED_FACE ( 'NONE', ( #8 ), #1553, .F. ) ;
#1731 = DIRECTION ( 'NONE',  ( -1.000000000000000000, 0.000000000000000000, 0.000000000000000000 ) ) ;
#1732 = CARTESIAN_POINT ( 'NONE',  ( -1.603533218813437911, 70.00000000000000000, 0.7071067811865472397 ) ) ;
#1733 = EDGE_LOOP ( 'NONE', ( #873, #1332 ) ) ;
#1734 = DIRECTION ( 'NONE',  ( -0.000000000000000000, -1.000000000000000000, -0.000000000000000000 ) ) ;
#1735 = VERTEX_POINT ( 'NONE', #1584 ) ;
#1736 = PLANE ( 'NONE',  #193 ) ;
#1737 = EDGE_CURVE ( 'NONE', #1606, #1141, #1571, .T. ) ;
#1738 = CARTESIAN_POINT ( 'NONE',  ( -14.84924240491743497, 0.000000000000000000, -43.59926257669739869 ) ) ;
#1739 = EDGE_CURVE ( 'NONE', #962, #1083, #1137, .T. ) ;
#1740 = DIRECTION ( 'NONE',  ( 0.7071067811865437980, 0.000000000000000000, 0.7071067811865513475 ) ) ;
#1741 = ORIENTED_EDGE ( 'NONE', *, *, #346, .F. ) ;
#1742 = PLANE ( 'NONE',  #483 ) ;
#1743 = ORIENTED_EDGE ( 'NONE', *, *, #1164, .F. ) ;
#1744 = CARTESIAN_POINT ( 'NONE',  ( 0.9999999999999965583, -1.000000000000000000, -22.00000000000000355 ) ) ;
#1745 = PRODUCT_DEFINITION_CONTEXT ( 'detailed design', #142, 'design' ) ;
#1746 = AXIS2_PLACEMENT_3D ( 'NONE', #179, #1400, #568 ) ;
#1747 = CIRCLE ( 'NONE', #947, 2.499999999999998668 ) ;
#1748 = ADVANCED_FACE ( 'NONE', ( #160 ), #1004, .F. ) ;
#1749 = VECTOR ( 'NONE', #605, 1000.000000000000000 ) ;
#1750 = PLANE ( 'NONE',  #1722 ) ;
#1751 = AXIS2_PLACEMENT_3D ( 'NONE', #617, #323, #1021 ) ;
#1752 = ORIENTED_EDGE ( 'NONE', *, *, #722, .T. ) ;
#1753 = LINE ( 'NONE', #1619, #286 ) ;
#1754 = EDGE_LOOP ( 'NONE', ( #661, #787, #1061, #537 ) ) ;
#1755 = LINE ( 'NONE', #374, #1689 ) ;
#1756 = ORIENTED_EDGE ( 'NONE', *, *, #579, .F. ) ;
#1757 = DIRECTION ( 'NONE',  ( 0.000000000000000000, 1.000000000000000000, 0.000000000000000000 ) ) ;
#1758 = CARTESIAN_POINT ( 'NONE',  ( 0.000000000000000000, 0.000000000000000000, 0.000000000000000000 ) ) ;
#1759 = DIRECTION ( 'NONE',  ( -0.7071067811865513475, 0.000000000000000000, -0.7071067811865437980 ) ) ;
#1760 = VERTEX_POINT ( 'NONE', #171 ) ;
#1761 = PLANE ( 'NONE',  #1813 ) ;
#1762 = ADVANCED_FACE ( 'NONE', ( #721 ), #1287, .F. ) ;
#1763 = EDGE_LOOP ( 'NONE', ( #1725, #525 ) ) ;
#1764 = DIRECTION ( 'NONE',  ( -0.000000000000000000, -1.000000000000000000, -0.000000000000000000 ) ) ;
#1765 = VERTEX_POINT ( 'NONE', #319 ) ;
#1766 = CARTESIAN_POINT ( 'NONE',  ( -2.310640000000006911, 0.000000000000000000, 0.000000000000000000 ) ) ;
#1767 = FACE_OUTER_BOUND ( 'NONE', #599, .T. ) ;
#1768 = VERTEX_POINT ( 'NONE', #868 ) ;
#1769 = LINE ( 'NONE', #348, #456 ) ;
#1770 = ORIENTED_EDGE ( 'NONE', *, *, #1090, .F. ) ;
#1771 = EDGE_CURVE ( 'NONE', #79, #1149, #915, .T. ) ;
#1772 = LINE ( 'NONE', #1784, #1810 ) ;
#1773 = ORIENTED_EDGE ( 'NONE', *, *, #158, .F. ) ;
#1774 = LINE ( 'NONE', #82, #1808 ) ;
#1775 = FACE_OUTER_BOUND ( 'NONE', #1381, .T. ) ;
#1776 = VECTOR ( 'NONE', #631, 1000.000000000000000 ) ;
#1777 = VECTOR ( 'NONE', #1466, 1000.000000000000000 ) ;
#1778 = AXIS2_PLACEMENT_3D ( 'NONE', #1122, #401, #564 ) ;
#1779 = ORIENTED_EDGE ( 'NONE', *, *, #621, .F. ) ;
#1780 = DIRECTION ( 'NONE',  ( -0.000000000000000000, -1.000000000000000000, -0.000000000000000000 ) ) ;
#1781 = VECTOR ( 'NONE', #34, 1000.000000000000000 ) ;
#1782 = ORIENTED_EDGE ( 'NONE', *, *, #1702, .F. ) ;
#1783 = AXIS2_PLACEMENT_3D ( 'NONE', #326, #1710, #1720 ) ;
#1784 = CARTESIAN_POINT ( 'NONE',  ( 0.000000000000000000, 0.000000000000000000, 0.000000000000000000 ) ) ;
#1785 = EDGE_CURVE ( 'NONE', #1606, #1020, #743, .T. ) ;
#1786 = ORIENTED_EDGE ( 'NONE', *, *, #932, .F. ) ;
#1787 = DIRECTION ( 'NONE',  ( -1.000000000000000000, 3.491481338843133750E-15, -0.000000000000000000 ) ) ;
#1788 = EDGE_CURVE ( 'NONE', #1149, #1337, #1173, .T. ) ;
#1789 = CARTESIAN_POINT ( 'NONE',  ( 0.000000000000000000, 22.68936000000003617, -8.000000000000000000 ) ) ;
#1790 = EDGE_LOOP ( 'NONE', ( #227, #1123, #911, #1076 ) ) ;
#1791 = DIRECTION ( 'NONE',  ( 0.000000000000000000, 1.000000000000000000, 0.000000000000000000 ) ) ;
#1792 = VERTEX_POINT ( 'NONE', #475 ) ;
#1793 = DIRECTION ( 'NONE',  ( 1.000000000000000000, -2.044391222244499344E-16, 0.000000000000000000 ) ) ;
#1794 = CYLINDRICAL_SURFACE ( 'NONE', #45, 2.310640000000000249 ) ;
#1795 = EDGE_CURVE ( 'NONE', #650, #1549, #367, .T. ) ;
#1796 = EDGE_CURVE ( 'NONE', #322, #1, #222, .T. ) ;
#1797 = PLANE ( 'NONE',  #922 ) ;
#1798 = DIRECTION ( 'NONE',  ( 0.000000000000000000, -1.000000000000000000, 0.000000000000000000 ) ) ;
#1799 = DIRECTION ( 'NONE',  ( -0.000000000000000000, -0.000000000000000000, 1.000000000000000000 ) ) ;
#1800 = VERTEX_POINT ( 'NONE', #1032 ) ;
#1801 = LINE ( 'NONE', #557, #513 ) ;
#1802 = ORIENTED_EDGE ( 'NONE', *, *, #1622, .F. ) ;
#1803 = FACE_OUTER_BOUND ( 'NONE', #94, .T. ) ;
#1804 = UNCERTAINTY_MEASURE_WITH_UNIT (LENGTH_MEASURE( 1.000000000000000082E-05 ), #70, 'distance_accuracy_value', 'NONE');
#1805 = CARTESIAN_POINT ( 'NONE',  ( 33.68936000000000064, -2.310640000000113936, -5.000000000000018652 ) ) ;
#1806 = EDGE_CURVE ( 'NONE', #297, #650, #220, .T. ) ;
#1807 = CARTESIAN_POINT ( 'NONE',  ( -13.81002171074319840, 35.00000000000000000, 12.20648849192987129 ) ) ;
#1808 = VECTOR ( 'NONE', #1371, 1000.000000000000000 ) ;
#1809 = FILL_AREA_STYLE ('',( #116 ) ) ;
#1810 = VECTOR ( 'NONE', #1764, 1000.000000000000000 ) ;
#1811 = ORIENTED_EDGE ( 'NONE', *, *, #410, .T. ) ;
#1812 = LINE ( 'NONE', #836, #1361 ) ;
#1813 = AXIS2_PLACEMENT_3D ( 'NONE', #1212, #1054, #1075 ) ;
#1814 = AXIS2_PLACEMENT_3D ( 'NONE', #23, #1712, #321 ) ;
#1815 = ORIENTED_EDGE ( 'NONE', *, *, #85, .T. ) ;
#1816 = DIRECTION ( 'NONE',  ( -3.491481338843134144E-15, -1.000000000000000000, -0.000000000000000000 ) ) ;
#1817 = DIRECTION ( 'NONE',  ( 0.000000000000000000, 0.000000000000000000, 1.000000000000000000 ) ) ;
#1818 = VERTEX_POINT ( 'NONE', #894 ) ;
#1819 = CARTESIAN_POINT ( 'NONE',  ( -1.603533218813452343, 0.000000000000000000, 0.7071067811865472397 ) ) ;
#1820 = ORIENTED_EDGE ( 'NONE', *, *, #233, .F. ) ;
#1821 = CARTESIAN_POINT ( 'NONE',  ( -1.310640000000000027, 22.68935999999998288, -22.00000000000000711 ) ) ;
#1822 = ADVANCED_FACE ( 'NONE', ( #1051 ), #1486, .T. ) ;
#1823 = ORIENTED_EDGE ( 'NONE', *, *, #1506, .T. ) ;
#1824 = CARTESIAN_POINT ( 'NONE',  ( -13.52078675296666432, 0.000000000000000000, -40.06372867076464672 ) ) ;
#1825 = CARTESIAN_POINT ( 'NONE',  ( -1.310640000000002248, 0.000000000000000000, -30.00000000000000000 ) ) ;
ENDSEC;
END-ISO-10303-21;
