ISO-10303-21;
HEADER;
FILE_DESCRIPTION (( 'STEP AP214' ),
    '1' );
FILE_NAME ('CLS-M3-2.step',
    '2026-02-27T00:20:01',
    ( '' ),
    ( '' ),
    'SwSTEP 2.0',
    'SolidWorks 2023',
    '' );
FILE_SCHEMA (( 'AUTOMOTIVE_DESIGN' ));
ENDSEC;

DATA;
#1 = ORIENTED_EDGE ( 'NONE', *, *, #4300, .F. ) ;
#2 = ORIENTED_EDGE ( 'NONE', *, *, #3966, .T. ) ;
#3 = CARTESIAN_POINT ( 'NONE',  ( 1.394334220106409949, 2.215529865583869995, 0.2959619118670420157 ) ) ;
#4 = CYLINDRICAL_SURFACE ( 'NONE', #4494, 0.1723194039403180278 ) ;
#5 = ADVANCED_FACE ( 'NONE', ( #1606 ), #1130, .T. ) ;
#6 = EDGE_CURVE ( 'NONE', #1849, #4847, #4531, .T. ) ;
#7 = DIRECTION ( 'NONE',  ( 0.000000000000000000, 0.1293109790943719750, 0.9916040896878426381 ) ) ;
#8 = CARTESIAN_POINT ( 'NONE',  ( 1.379999999999999893, 2.381236316858020619, 0.1405888840660876327 ) ) ;
#9 = VERTEX_POINT ( 'NONE', #1583 ) ;
#10 = CARTESIAN_POINT ( 'NONE',  ( 2.860950000000000326, -0.06106376598114730825, 2.269970088014220178 ) ) ;
#11 = ORIENTED_EDGE ( 'NONE', *, *, #3839, .F. ) ;
#12 = DIRECTION ( 'NONE',  ( -1.000000000000000000, -0.000000000000000000, -0.000000000000000000 ) ) ;
#13 = LINE ( 'NONE', #4341, #1902 ) ;
#14 = LINE ( 'NONE', #3355, #2185 ) ;
#15 = ORIENTED_EDGE ( 'NONE', *, *, #4242, .T. ) ;
#16 = CARTESIAN_POINT ( 'NONE',  ( 2.879999999999999893, -0.1043506507308979980, 2.345481331187520002 ) ) ;
#17 = DIRECTION ( 'NONE',  ( 0.000000000000000000, -0.05089991897257586939, -0.9987037590039326007 ) ) ;
#18 = VERTEX_POINT ( 'NONE', #806 ) ;
#19 = CARTESIAN_POINT ( 'NONE',  ( 1.394334220106409949, 1.892261543406390079, 0.3948905628675439816 ) ) ;
#20 = FACE_OUTER_BOUND ( 'NONE', #4280, .T. ) ;
#21 = LINE ( 'NONE', #4716, #5453 ) ;
#22 = DIRECTION ( 'NONE',  ( -1.000000000000000000, -0.000000000000000000, -0.000000000000000000 ) ) ;
#23 = CARTESIAN_POINT ( 'NONE',  ( 2.880000000000000338, -1.725772238865660002, -0.9378747999927821155 ) ) ;
#24 = EDGE_CURVE ( 'NONE', #4344, #2576, #427, .T. ) ;
#25 = VECTOR ( 'NONE', #3327, 1000.000000000000000 ) ;
#26 = ORIENTED_EDGE ( 'NONE', *, *, #1113, .T. ) ;
#27 = VERTEX_POINT ( 'NONE', #5419 ) ;
#28 = CARTESIAN_POINT ( 'NONE',  ( 1.379999999999999893, 2.215529865583867331, 0.2812557462895535210 ) ) ;
#29 = CARTESIAN_POINT ( 'NONE',  ( 1.379999999999999893, 2.215529865583869995, 0.2832232613413609990 ) ) ;
#30 = VECTOR ( 'NONE', #3252, 1000.000000000000000 ) ;
#31 = DIRECTION ( 'NONE',  ( 0.000000000000000000, -0.000000000000000000, -1.000000000000000000 ) ) ;
#32 = EDGE_CURVE ( 'NONE', #2105, #394, #832, .T. ) ;
#33 = ORIENTED_EDGE ( 'NONE', *, *, #2574, .T. ) ;
#34 = EDGE_CURVE ( 'NONE', #4311, #2327, #3703, .T. ) ;
#35 = ORIENTED_EDGE ( 'NONE', *, *, #1921, .F. ) ;
#36 = LINE ( 'NONE', #4709, #206 ) ;
#37 = VECTOR ( 'NONE', #4079, 1000.000000000000000 ) ;
#38 = LINE ( 'NONE', #5127, #4308 ) ;
#39 = VECTOR ( 'NONE', #3028, 1000.000000000000114 ) ;
#40 = EDGE_CURVE ( 'NONE', #4738, #58, #4971, .T. ) ;
#41 = ORIENTED_EDGE ( 'NONE', *, *, #3920, .F. ) ;
#42 = LINE ( 'NONE', #3078, #4674 ) ;
#43 = LINE ( 'NONE', #895, #1735 ) ;
#44 = EDGE_LOOP ( 'NONE', ( #252, #5049, #3263, #4754 ) ) ;
#45 = COLOUR_RGB ( '',1.000000000000000000, 0.5019607843137254832, 0.2509803921568627416 ) ;
#46 = DIRECTION ( 'NONE',  ( 0.000000000000000000, -0.000000000000000000, -1.000000000000000000 ) ) ;
#47 = CARTESIAN_POINT ( 'NONE',  ( 1.394334220106409949, 2.375141406468780580, 0.2468665188322599624 ) ) ;
#48 = DIRECTION ( 'NONE',  ( 0.000000000000000000, 0.1400182091686690278, -0.9901489287481953783 ) ) ;
#49 = VECTOR ( 'NONE', #3681, 1000.000000000000000 ) ;
#50 = AXIS2_PLACEMENT_3D ( 'NONE', #777, #4914, #3751 ) ;
#51 = ORIENTED_EDGE ( 'NONE', *, *, #4141, .T. ) ;
#52 = VECTOR ( 'NONE', #4510, 1000.000000000000000 ) ;
#53 = AXIS2_PLACEMENT_3D ( 'NONE', #4112, #4226, #7 ) ;
#54 = PLANE ( 'NONE',  #921 ) ;
#55 = VECTOR ( 'NONE', #2694, 1000.000000000000227 ) ;
#56 = VECTOR ( 'NONE', #3637, 1000.000000000000000 ) ;
#57 = ORIENTED_EDGE ( 'NONE', *, *, #4143, .T. ) ;
#58 = VERTEX_POINT ( 'NONE', #8 ) ;
#59 = FACE_OUTER_BOUND ( 'NONE', #3911, .T. ) ;
#60 = DIRECTION ( 'NONE',  ( 0.000000000000000000, -0.6934400527214835686, -0.7205143255214473408 ) ) ;
#61 = VECTOR ( 'NONE', #4663, 1000.000000000000000 ) ;
#62 = EDGE_CURVE ( 'NONE', #1895, #5449, #2929, .T. ) ;
#63 = LINE ( 'NONE', #3835, #2594 ) ;
#64 = EDGE_LOOP ( 'NONE', ( #4566, #2519, #2136, #2552 ) ) ;
#65 = CARTESIAN_POINT ( 'NONE',  ( 1.379999999999999893, 2.490494262658609959, -0.4551746698942920055 ) ) ;
#66 = LINE ( 'NONE', #1362, #5263 ) ;
#67 = CARTESIAN_POINT ( 'NONE',  ( 2.860950000000000326, 0.06360232754342425021, 2.517800735127834422 ) ) ;
#68 = CARTESIAN_POINT ( 'NONE',  ( 2.860950000000000326, -0.06106376598114730825, 2.417505155565149888 ) ) ;
#69 = EDGE_CURVE ( 'NONE', #734, #3396, #2000, .T. ) ;
#70 = ORIENTED_EDGE ( 'NONE', *, *, #1763, .T. ) ;
#71 = CARTESIAN_POINT ( 'NONE',  ( 0.1592307692307693978, 0.000000000000000000, -2.100000000000000089 ) ) ;
#72 = ORIENTED_EDGE ( 'NONE', *, *, #3706, .F. ) ;
#73 = DIRECTION ( 'NONE',  ( -1.000000000000000000, 0.000000000000000000, 0.000000000000000000 ) ) ;
#74 = CARTESIAN_POINT ( 'NONE',  ( 1.394334220106409949, 2.357842869644359851, 0.2479398652338280218 ) ) ;
#75 = ADVANCED_FACE ( 'NONE', ( #2446 ), #1223, .F. ) ;
#76 = ADVANCED_BREP_SHAPE_REPRESENTATION ( 'CLS-M3-2', ( #4539, #3003 ), #3968 ) ;
#77 = EDGE_CURVE ( 'NONE', #1250, #4781, #1192, .T. ) ;
#78 = FACE_OUTER_BOUND ( 'NONE', #2563, .T. ) ;
#79 = DIRECTION ( 'NONE',  ( -0.000000000000000000, -0.000000000000000000, 1.000000000000000000 ) ) ;
#80 = ORIENTED_EDGE ( 'NONE', *, *, #3566, .F. ) ;
#81 = DIRECTION ( 'NONE',  ( -1.000000000000000000, 0.000000000000000000, -0.000000000000000000 ) ) ;
#82 = VERTEX_POINT ( 'NONE', #2903 ) ;
#83 = VERTEX_POINT ( 'NONE', #3755 ) ;
#84 = PLANE ( 'NONE',  #2326 ) ;
#85 = DIRECTION ( 'NONE',  ( -1.000000000000000000, -0.000000000000000000, -0.000000000000000000 ) ) ;
#86 = LINE ( 'NONE', #4705, #499 ) ;
#87 = DIRECTION ( 'NONE',  ( -1.000000000000000000, 0.000000000000000000, -0.000000000000000000 ) ) ;
#88 = VERTEX_POINT ( 'NONE', #4564 ) ;
#89 = ORIENTED_EDGE ( 'NONE', *, *, #5138, .F. ) ;
#90 = PLANE ( 'NONE',  #479 ) ;
#91 = LINE ( 'NONE', #5125, #5019 ) ;
#92 = DIRECTION ( 'NONE',  ( 1.000000000000000000, 0.000000000000000000, 0.000000000000000000 ) ) ;
#93 = ORIENTED_EDGE ( 'NONE', *, *, #2646, .T. ) ;
#94 = ORIENTED_EDGE ( 'NONE', *, *, #141, .F. ) ;
#95 = EDGE_CURVE ( 'NONE', #3707, #88, #751, .T. ) ;
#96 = CARTESIAN_POINT ( 'NONE',  ( 1.379999999999999893, 2.473521781208170012, -0.4638553493390210059 ) ) ;
#97 = ORIENTED_EDGE ( 'NONE', *, *, #784, .T. ) ;
#98 = DIRECTION ( 'NONE',  ( 0.000000000000000000, 0.5970492305973819080, -0.8022045974955979153 ) ) ;
#99 = PLANE ( 'NONE',  #2148 ) ;
#100 = EDGE_CURVE ( 'NONE', #633, #4804, #4599, .T. ) ;
#101 = EDGE_CURVE ( 'NONE', #648, #5032, #3792, .T. ) ;
#102 = CARTESIAN_POINT ( 'NONE',  ( 2.879999999999999893, 2.070502786264020845, -1.449385447233458413 ) ) ;
#103 = CARTESIAN_POINT ( 'NONE',  ( 2.879999999999999893, 1.700440880330740034, -0.9817500000000011218 ) ) ;
#104 = VERTEX_POINT ( 'NONE', #3730 ) ;
#105 = CARTESIAN_POINT ( 'NONE',  ( 1.379999999999999893, 2.125255814197700044, 0.1250508761551379910 ) ) ;
#106 = ORIENTED_EDGE ( 'NONE', *, *, #848, .F. ) ;
#107 = ORIENTED_EDGE ( 'NONE', *, *, #1556, .F. ) ;
#108 = CARTESIAN_POINT ( 'NONE',  ( 0.6900000000000002798, 0.000000000000000000, -1.532107773982713935E-16 ) ) ;
#109 = B_SPLINE_CURVE_WITH_KNOTS ( 'NONE', 3,
 ( #1978, #1569, #765, #5294 ),
 .UNSPECIFIED., .F., .F.,
 ( 4, 4 ),
 ( 0.000000000000000000, 0.9976201256490083713 ),
 .UNSPECIFIED. ) ;
#110 = FACE_OUTER_BOUND ( 'NONE', #467, .T. ) ;
#111 = DIRECTION ( 'NONE',  ( 0.000000000000000000, -0.6363377765197441027, -0.7714105483942439445 ) ) ;
#112 = ORIENTED_EDGE ( 'NONE', *, *, #2953, .F. ) ;
#113 = DIRECTION ( 'NONE',  ( -0.000000000000000000, 1.000000000000000000, 0.000000000000000000 ) ) ;
#114 = LINE ( 'NONE', #2586, #1378 ) ;
#115 = AXIS2_PLACEMENT_3D ( 'NONE', #3868, #5145, #1332 ) ;
#116 = CARTESIAN_POINT ( 'NONE',  ( 1.379999999999999893, 2.385763063567630127, 0.2488730229627550972 ) ) ;
#117 = AXIS2_PLACEMENT_3D ( 'NONE', #3551, #2651, #3048 ) ;
#118 = ORIENTED_EDGE ( 'NONE', *, *, #187, .T. ) ;
#119 = ORIENTED_EDGE ( 'NONE', *, *, #4988, .F. ) ;
#120 = DIRECTION ( 'NONE',  ( 1.000000000000000000, -1.271019015260609939E-45, 1.836970198721029934E-16 ) ) ;
#121 = CARTESIAN_POINT ( 'NONE',  ( 1.379999999999999893, 2.476682154858580009, 0.1804060506510780093 ) ) ;
#122 = LINE ( 'NONE', #1424, #1969 ) ;
#123 = VECTOR ( 'NONE', #1253, 1000.000000000000000 ) ;
#124 = EDGE_CURVE ( 'NONE', #2303, #922, #1073, .T. ) ;
#125 = VECTOR ( 'NONE', #4984, 1000.000000000000000 ) ;
#126 = LINE ( 'NONE', #1841, #1191 ) ;
#127 = FACE_OUTER_BOUND ( 'NONE', #1053, .T. ) ;
#128 = ORIENTED_EDGE ( 'NONE', *, *, #4095, .F. ) ;
#130 = EDGE_CURVE ( 'NONE', #1277, #3380, #4229, .T. ) ;
#129 = DIRECTION ( 'NONE',  ( 0.000000000000000000, -0.4999999999999990563, 0.8660254037844391517 ) ) ;
#131 = LINE ( 'NONE', #3136, #1366 ) ;
#132 = CIRCLE ( 'NONE', #3944, 2.100000000000000089 ) ;
#133 = EDGE_CURVE ( 'NONE', #1376, #3805, #2640, .T. ) ;
#134 = VECTOR ( 'NONE', #1623, 1000.000000000000000 ) ;
#135 = EDGE_LOOP ( 'NONE', ( #4356, #3454, #2382, #3199 ) ) ;
#136 = AXIS2_PLACEMENT_3D ( 'NONE', #2783, #672, #4033 ) ;
#137 = EDGE_LOOP ( 'NONE', ( #787, #3497, #3520, #422 ) ) ;
#138 = AXIS2_PLACEMENT_3D ( 'NONE', #1677, #3385, #5070 ) ;
#139 = CARTESIAN_POINT ( 'NONE',  ( 1.379999999999999893, 1.975537752030239957, -7.167110053465229776E-06 ) ) ;
#140 = EDGE_CURVE ( 'NONE', #3097, #4942, #3431, .T. ) ;
#141 = EDGE_CURVE ( 'NONE', #5346, #2998, #2239, .T. ) ;
#142 = CIRCLE ( 'NONE', #3525, 2.637500000000000178 ) ;
#143 = DIRECTION ( 'NONE',  ( -1.000000000000000000, -0.000000000000000000, -0.000000000000000000 ) ) ;
#144 = ORIENTED_EDGE ( 'NONE', *, *, #4691, .T. ) ;
#145 = ORIENTED_EDGE ( 'NONE', *, *, #3466, .T. ) ;
#146 = FACE_OUTER_BOUND ( 'NONE', #64, .T. ) ;
#147 = LINE ( 'NONE', #5304, #487 ) ;
#148 = DIRECTION ( 'NONE',  ( 0.000000000000000000, -0.8660254037844199448, 0.5000000000000321965 ) ) ;
#149 = VECTOR ( 'NONE', #2703, 1000.000000000000227 ) ;
#150 = CARTESIAN_POINT ( 'NONE',  ( 1.379999999999999893, 2.235388494119291636, 0.2243451655698693870 ) ) ;
#151 = VERTEX_POINT ( 'NONE', #5120 ) ;
#152 = EDGE_LOOP ( 'NONE', ( #794, #3163, #3915, #4357, #244, #3173, #1409, #1954, #1015, #1901, #5056, #144 ) ) ;
#153 = CARTESIAN_POINT ( 'NONE',  ( 1.379999999999999893, 2.220902331279750008, 0.2589129974096889830 ) ) ;
#154 = DIRECTION ( 'NONE',  ( 0.000000000000000000, 0.6811833507215636629, -0.7321128619958421346 ) ) ;
#155 = PLANE ( 'NONE',  #995 ) ;
#156 = CARTESIAN_POINT ( 'NONE',  ( 1.379999999999999893, 2.483238627135259780, -0.4477264981797819954 ) ) ;
#157 = CARTESIAN_POINT ( 'NONE',  ( 1.379999999999999893, 2.033886628395409790, -0.3948934297115659908 ) ) ;
#158 = VERTEX_POINT ( 'NONE', #2133 ) ;
#159 = CARTESIAN_POINT ( 'NONE',  ( 2.879999999999999893, -0.2359217314837391832, 1.963500000000000023 ) ) ;
#160 = LINE ( 'NONE', #3213, #2785 ) ;
#161 = EDGE_CURVE ( 'NONE', #602, #5140, #63, .T. ) ;
#162 = VERTEX_POINT ( 'NONE', #1696 ) ;
#163 = VERTEX_POINT ( 'NONE', #556 ) ;
#164 = EDGE_CURVE ( 'NONE', #3442, #2560, #2582, .T. ) ;
#165 = PLANE ( 'NONE',  #671 ) ;
#166 = FACE_OUTER_BOUND ( 'NONE', #2848, .T. ) ;
#167 = ORIENTED_EDGE ( 'NONE', *, *, #4095, .T. ) ;
#168 = FACE_OUTER_BOUND ( 'NONE', #3518, .T. ) ;
#169 = EDGE_CURVE ( 'NONE', #3411, #2269, #282, .T. ) ;
#170 = PLANE ( 'NONE',  #3511 ) ;
#171 = EDGE_CURVE ( 'NONE', #3442, #2042, #3509, .T. ) ;
#172 = PLANE ( 'NONE',  #1106 ) ;
#173 = CARTESIAN_POINT ( 'NONE',  ( 2.860950000000000326, 0.06360232754342419470, 2.345481331187520002 ) ) ;
#174 = ORIENTED_EDGE ( 'NONE', *, *, #1791, .F. ) ;
#175 = VERTEX_POINT ( 'NONE', #888 ) ;
#176 = DIRECTION ( 'NONE',  ( -1.000000000000000000, 0.000000000000000000, -0.000000000000000000 ) ) ;
#177 = DIRECTION ( 'NONE',  ( 0.000000000000000000, 0.1547000690826050295, 0.9879614813472421542 ) ) ;
#178 = CARTESIAN_POINT ( 'NONE',  ( 2.879999999999999893, -1.825087419202279904, -0.7658558616868990088 ) ) ;
#179 = CARTESIAN_POINT ( 'NONE',  ( 2.879999999999999893, -2.337828492452857176, -0.9863637419451616317 ) ) ;
#180 = EDGE_LOOP ( 'NONE', ( #2867, #3286, #2858, #5440, #2820 ) ) ;
#181 = FACE_OUTER_BOUND ( 'NONE', #4499, .T. ) ;
#182 = DIRECTION ( 'NONE',  ( 0.000000000000000000, -0.9061072279422088815, -0.4230480959310489730 ) ) ;
#183 = ORIENTED_EDGE ( 'NONE', *, *, #304, .F. ) ;
#184 = ORIENTED_EDGE ( 'NONE', *, *, #1944, .F. ) ;
#185 = CARTESIAN_POINT ( 'NONE',  ( 1.379999999999999893, 2.473698157314390134, -0.4537679110711804742 ) ) ;
#186 = DIRECTION ( 'NONE',  ( 0.000000000000000000, 0.000000000000000000, 1.000000000000000000 ) ) ;
#187 = EDGE_CURVE ( 'NONE', #3487, #386, #2904, .T. ) ;
#188 = ORIENTED_EDGE ( 'NONE', *, *, #4722, .T. ) ;
#189 = ORIENTED_EDGE ( 'NONE', *, *, #675, .T. ) ;
#190 = CARTESIAN_POINT ( 'NONE',  ( 1.394334220106409949, 2.482952093663659099, -0.4576429775277638945 ) ) ;
#191 = DIRECTION ( 'NONE',  ( -0.000000000000000000, -0.000000000000000000, 1.000000000000000000 ) ) ;
#192 = CARTESIAN_POINT ( 'NONE',  ( 1.379999999999999893, 2.374112209465140566, -0.01773143027163289961 ) ) ;
#193 = PLANE ( 'NONE',  #2348 ) ;
#194 = EDGE_CURVE ( 'NONE', #629, #4650, #4785, .T. ) ;
#195 = EDGE_CURVE ( 'NONE', #2684, #4417, #965, .T. ) ;
#196 = VERTEX_POINT ( 'NONE', #2215 ) ;
#197 = ORIENTED_EDGE ( 'NONE', *, *, #848, .T. ) ;
#198 = VECTOR ( 'NONE', #683, 1000.000000000000000 ) ;
#199 = DIRECTION ( 'NONE',  ( -1.000000000000000000, -0.000000000000000000, 0.000000000000000000 ) ) ;
#200 = DIRECTION ( 'NONE',  ( 0.000000000000000000, -0.5774751479090191042, -0.8164082640122259926 ) ) ;
#201 = ADVANCED_FACE ( 'NONE', ( #4255 ), #3943, .F. ) ;
#202 = VECTOR ( 'NONE', #3192, 1000.000000000000000 ) ;
#203 = ORIENTED_EDGE ( 'NONE', *, *, #1385, .T. ) ;
#204 = DIRECTION ( 'NONE',  ( 0.000000000000000000, 0.6322109769216922581, 0.7747962833285402251 ) ) ;
#205 = ORIENTED_EDGE ( 'NONE', *, *, #3338, .T. ) ;
#206 = VECTOR ( 'NONE', #3406, 999.9999999999998863 ) ;
#207 = CARTESIAN_POINT ( 'NONE',  ( 1.379999999999999893, 2.309420209805410629, -0.2346925392432749891 ) ) ;
#208 = VECTOR ( 'NONE', #4298, 1000.000000000000114 ) ;
#209 = ORIENTED_EDGE ( 'NONE', *, *, #101, .F. ) ;
#210 = DIRECTION ( 'NONE',  ( 0.000000000000000000, 1.446062786454854200E-19, 1.000000000000000000 ) ) ;
#211 = ORIENTED_EDGE ( 'NONE', *, *, #3995, .F. ) ;
#212 = AXIS2_PLACEMENT_3D ( 'NONE', #3747, #2018, #3721 ) ;
#213 = CARTESIAN_POINT ( 'NONE',  ( 2.860950000000000326, -0.1043506507308990111, 2.068330963623600027 ) ) ;
#214 = VECTOR ( 'NONE', #2789, 1000.000000000000114 ) ;
#215 = VECTOR ( 'NONE', #2107, 1000.000000000000000 ) ;
#216 = ORIENTED_EDGE ( 'NONE', *, *, #3473, .F. ) ;
#217 = CARTESIAN_POINT ( 'NONE',  ( 1.379999999999999893, 2.490494262658609959, -0.4551746698942920055 ) ) ;
#218 = DIRECTION ( 'NONE',  ( 1.000000000000000000, -0.000000000000000000, 0.000000000000000000 ) ) ;
#219 = FACE_OUTER_BOUND ( 'NONE', #4180, .T. ) ;
#220 = CARTESIAN_POINT ( 'NONE',  ( 1.394334220106409949, 2.483238627135259780, -0.4785059732240121155 ) ) ;
#221 = DIRECTION ( 'NONE',  ( 0.000000000000000000, 0.8660254037844379305, -0.5000000000000012212 ) ) ;
#222 = VECTOR ( 'NONE', #2030, 1000.000000000000114 ) ;
#223 = VECTOR ( 'NONE', #1228, 1000.000000000000114 ) ;
#224 = VERTEX_POINT ( 'NONE', #3400 ) ;
#225 = ADVANCED_FACE ( 'NONE', ( #945 ), #5166, .T. ) ;
#226 = AXIS2_PLACEMENT_3D ( 'NONE', #3833, #3813, #1356 ) ;
#227 = ORIENTED_EDGE ( 'NONE', *, *, #666, .T. ) ;
#228 = VECTOR ( 'NONE', #2237, 1000.000000000000000 ) ;
#229 = CARTESIAN_POINT ( 'NONE',  ( 1.394334220106409949, 2.398268237188459828, 0.01740461005320610016 ) ) ;
#230 = EDGE_CURVE ( 'NONE', #5090, #5207, #1799, .T. ) ;
#231 = LINE ( 'NONE', #1920, #1470 ) ;
#232 = VECTOR ( 'NONE', #154, 1000.000000000000114 ) ;
#233 = VERTEX_POINT ( 'NONE', #1275 ) ;
#234 = DIRECTION ( 'NONE',  ( 0.000000000000000000, -0.8660254037844391517, -0.4999999999999990563 ) ) ;
#235 = LINE ( 'NONE', #1946, #49 ) ;
#236 = VERTEX_POINT ( 'NONE', #508 ) ;
#237 = ADVANCED_FACE ( 'NONE', ( #4706 ), #2158, .T. ) ;
#238 = ADVANCED_FACE ( 'NONE', ( #4728 ), #2191, .F. ) ;
#239 =( NAMED_UNIT ( * ) PLANE_ANGLE_UNIT ( ) SI_UNIT ( $, .RADIAN. ) );
#240 = LINE ( 'NONE', #1081, #4565 ) ;
#241 = PLANE ( 'NONE',  #4473 ) ;
#242 = ORIENTED_EDGE ( 'NONE', *, *, #3832, .F. ) ;
#243 = FACE_OUTER_BOUND ( 'NONE', #3922, .T. ) ;
#244 = ORIENTED_EDGE ( 'NONE', *, *, #2061, .T. ) ;
#245 = CARTESIAN_POINT ( 'NONE',  ( 1.379999999999999893, 2.422424264911790193, 0.01740461005320609669 ) ) ;
#246 = ORIENTED_EDGE ( 'NONE', *, *, #305, .T. ) ;
#247 = DIRECTION ( 'NONE',  ( 0.000000000000000000, 0.000000000000000000, -1.000000000000000000 ) ) ;
#248 = CARTESIAN_POINT ( 'NONE',  ( 1.379999999999999893, 2.453637029193500130, 0.1626438018062159874 ) ) ;
#249 = LINE ( 'NONE', #1025, #2335 ) ;
#250 = LINE ( 'NONE', #4426, #55 ) ;
#251 = DIRECTION ( 'NONE',  ( 0.000000000000000000, 1.000000000000000000, -6.993530863780510092E-16 ) ) ;
#252 = ORIENTED_EDGE ( 'NONE', *, *, #5325, .T. ) ;
#253 = VERTEX_POINT ( 'NONE', #3974 ) ;
#254 = CARTESIAN_POINT ( 'NONE',  ( 1.379999999999999893, 2.483238627135259780, -0.4477264981797819954 ) ) ;
#255 = CARTESIAN_POINT ( 'NONE',  ( 1.379999999999999893, 2.503720345611850195, -0.4496411351882769747 ) ) ;
#256 = DIRECTION ( 'NONE',  ( 0.000000000000000000, -0.4999999999999990563, 0.8660254037844391517 ) ) ;
#257 = EDGE_CURVE ( 'NONE', #4450, #367, #2852, .T. ) ;
#258 = DIRECTION ( 'NONE',  ( 0.000000000000000000, -0.4999999999999990563, 0.8660254037844391517 ) ) ;
#259 = CARTESIAN_POINT ( 'NONE',  ( 2.880000000118343007, 1.500000000078216544, 2.168404344971008868E-16 ) ) ;
#260 = EDGE_LOOP ( 'NONE', ( #2812, #5380, #301, #3795 ) ) ;
#261 = DIRECTION ( 'NONE',  ( -1.000000000000000000, -1.224646799147350002E-16, -6.123233995736769734E-17 ) ) ;
#262 = DIRECTION ( 'NONE',  ( 1.000000000000000000, 0.000000000000000000, 0.000000000000000000 ) ) ;
#263 = DIRECTION ( 'NONE',  ( 0.000000000000000000, 1.000000000000000000, 0.000000000000000000 ) ) ;
#264 = EDGE_CURVE ( 'NONE', #2380, #1230, #732, .T. ) ;
#265 = ADVANCED_FACE ( 'NONE', ( #166 ), #3116, .F. ) ;
#266 = CARTESIAN_POINT ( 'NONE',  ( 1.379999999999999893, 2.383197238168579979, 0.2483830793195180020 ) ) ;
#267 = VERTEX_POINT ( 'NONE', #4987 ) ;
#268 = DIRECTION ( 'NONE',  ( 0.000000000000000000, -0.9514311915324651370, -0.3078614749836580122 ) ) ;
#269 = ORIENTED_EDGE ( 'NONE', *, *, #5029, .F. ) ;
#270 = LINE ( 'NONE', #213, #56 ) ;
#271 = ORIENTED_EDGE ( 'NONE', *, *, #728, .T. ) ;
#272 = DIRECTION ( 'NONE',  ( -1.000000000000000000, 0.000000000000000000, -0.000000000000000000 ) ) ;
#273 = ORIENTED_EDGE ( 'NONE', *, *, #5421, .F. ) ;
#274 = CARTESIAN_POINT ( 'NONE',  ( 1.394334220106409949, 2.381236316858020619, 0.1405888840660879935 ) ) ;
#275 = DIRECTION ( 'NONE',  ( 1.000000000000000000, 0.000000000000000000, 0.000000000000000000 ) ) ;
#276 = CARTESIAN_POINT ( 'NONE',  ( 1.379999999999999893, 2.376531825819100163, 0.1404954249509940134 ) ) ;
#277 = CARTESIAN_POINT ( 'NONE',  ( 2.879999999999999893, -2.131491219644153556, -1.343750381945042705 ) ) ;
#278 = ORIENTED_EDGE ( 'NONE', *, *, #1878, .F. ) ;
#279 = EDGE_LOOP ( 'NONE', ( #1492, #1781, #2288, #1193 ) ) ;
#280 = DIRECTION ( 'NONE',  ( 0.000000000000000000, -0.8509796880744695535, -0.5251986009926896681 ) ) ;
#281 = DIRECTION ( 'NONE',  ( 1.000000000000000000, 0.000000000000000000, -0.000000000000000000 ) ) ;
#282 = CIRCLE ( 'NONE', #4370, 0.07202382437763305001 ) ;
#283 = PLANE ( 'NONE',  #4122 ) ;
#284 = CARTESIAN_POINT ( 'NONE',  ( 1.379999999999999893, 2.521531062727529804, -0.3948934297115659908 ) ) ;
#285 = ORIENTED_EDGE ( 'NONE', *, *, #1763, .F. ) ;
#286 = SURFACE_SIDE_STYLE ('',( #3271 ) ) ;
#287 = DIRECTION ( 'NONE',  ( 1.000000000000000000, 0.000000000000000000, 0.000000000000000000 ) ) ;
#288 = EDGE_CURVE ( 'NONE', #2249, #4542, #3142, .T. ) ;
#289 = VECTOR ( 'NONE', #3903, 1000.000000000000000 ) ;
#290 = DIRECTION ( 'NONE',  ( 0.000000000000000000, 0.3803437133059849873, 0.9248452085341711815 ) ) ;
#291 = DIRECTION ( 'NONE',  ( 0.000000000000000000, -0.5000000000000004441, -0.8660254037844384856 ) ) ;
#292 = VECTOR ( 'NONE', #3583, 1000.000000000000000 ) ;
#293 = ORIENTED_EDGE ( 'NONE', *, *, #2742, .T. ) ;
#294 = ADVANCED_FACE ( 'NONE', ( #1434 ), #1852, .T. ) ;
#295 = EDGE_LOOP ( 'NONE', ( #3964, #5222, #692, #1746, #2932, #5308, #3303, #5337, #5333, #975, #985, #5489, #1339 ) ) ;
#296 = EDGE_CURVE ( 'NONE', #3916, #2186, #2232, .T. ) ;
#297 = CARTESIAN_POINT ( 'NONE',  ( 2.880000000000000338, 1.983372645742419671, -1.399080837148779954 ) ) ;
#298 = AXIS2_PLACEMENT_3D ( 'NONE', #3714, #727, #4933 ) ;
#299 = VERTEX_POINT ( 'NONE', #4960 ) ;
#300 = CARTESIAN_POINT ( 'NONE',  ( 2.879999999999999893, -1.792384863908789150, -0.8224983489925538072 ) ) ;
#301 = ORIENTED_EDGE ( 'NONE', *, *, #1507, .F. ) ;
#302 = LINE ( 'NONE', #4167, #37 ) ;
#303 = CARTESIAN_POINT ( 'NONE',  ( 2.689500000030875526, 3.888253587257315293E-16, 3.174999999941974238 ) ) ;
#304 = EDGE_CURVE ( 'NONE', #2194, #3826, #2375, .T. ) ;
#305 = EDGE_CURVE ( 'NONE', #2860, #2763, #326, .T. ) ;
#306 = CARTESIAN_POINT ( 'NONE',  ( 2.879999999999999893, -1.792384863908790482, -0.8224983489925525859 ) ) ;
#307 = VECTOR ( 'NONE', #3745, 1000.000000000000114 ) ;
#308 = VECTOR ( 'NONE', #931, 1000.000000000000114 ) ;
#309 = DIRECTION ( 'NONE',  ( 0.000000000000000000, 0.9999670694423009598, -0.008115419334605515622 ) ) ;
#310 = ORIENTED_EDGE ( 'NONE', *, *, #3624, .T. ) ;
#311 = ORIENTED_EDGE ( 'NONE', *, *, #4420, .T. ) ;
#312 = DIRECTION ( 'NONE',  ( 1.763647291558364266E-16, -1.000000000000000000, 0.000000000000000000 ) ) ;
#313 = CARTESIAN_POINT ( 'NONE',  ( 1.379999999999999893, 2.475529918803089924, -0.4526374039807050664 ) ) ;
#314 = AXIS2_PLACEMENT_3D ( 'NONE', #2814, #2389, #3232 ) ;
#315 = AXIS2_PLACEMENT_3D ( 'NONE', #254, #3646, #3621 ) ;
#316 = DIRECTION ( 'NONE',  ( 0.000000000000000000, 0.000000000000000000, -1.000000000000000000 ) ) ;
#317 = AXIS2_PLACEMENT_3D ( 'NONE', #2339, #5293, #4875 ) ;
#318 = AXIS2_PLACEMENT_3D ( 'NONE', #4076, #5270, #186 ) ;
#319 = FACE_OUTER_BOUND ( 'NONE', #4643, .T. ) ;
#320 = CARTESIAN_POINT ( 'NONE',  ( 2.880000000000000338, -2.008307592793149965, -1.371832463991290219 ) ) ;
#321 = ORIENTED_EDGE ( 'NONE', *, *, #4951, .T. ) ;
#322 = CARTESIAN_POINT ( 'NONE',  ( 1.439999999999999947, 1.763491390772189890E-16, 8.817456953860940824E-17 ) ) ;
#323 = FACE_OUTER_BOUND ( 'NONE', #540, .T. ) ;
#324 = AXIS2_PLACEMENT_3D ( 'NONE', #1887, #3156, #4926 ) ;
#325 = DIRECTION ( 'NONE',  ( 0.000000000000000000, 0.9248452085341712925, -0.3803437133059850428 ) ) ;
#326 = LINE ( 'NONE', #266, #5437 ) ;
#327 = AXIS2_PLACEMENT_3D ( 'NONE', #2935, #4200, #1256 ) ;
#328 = EDGE_LOOP ( 'NONE', ( #2856, #3246, #1523, #2378 ) ) ;
#329 = DIRECTION ( 'NONE',  ( 0.000000000000000000, -0.8971293181887312063, -0.4417680233405560930 ) ) ;
#330 = LINE ( 'NONE', #855, #2980 ) ;
#331 = ORIENTED_EDGE ( 'NONE', *, *, #731, .F. ) ;
#332 = CARTESIAN_POINT ( 'NONE',  ( 2.879999999999999893, 1.797337126537981833, -1.265437637551657390 ) ) ;
#333 = EDGE_CURVE ( 'NONE', #162, #986, #3716, .T. ) ;
#334 = EDGE_CURVE ( 'NONE', #1368, #1471, #5244, .T. ) ;
#335 = ORIENTED_EDGE ( 'NONE', *, *, #980, .T. ) ;
#336 = CARTESIAN_POINT ( 'NONE',  ( 1.379999999999999893, 2.484843852219559945, -0.4603639524411780037 ) ) ;
#337 = ORIENTED_EDGE ( 'NONE', *, *, #5493, .F. ) ;
#338 = CARTESIAN_POINT ( 'NONE',  ( 1.379999999999999893, 2.368266714505740111, 0.2891414307966950203 ) ) ;
#339 = CARTESIAN_POINT ( 'NONE',  ( 1.379999999999999893, 2.463272841927400147, -0.4667935467042370612 ) ) ;
#340 = CARTESIAN_POINT ( 'NONE',  ( 1.394334220106409949, 2.486879519042290099, 0.1903914117194060174 ) ) ;
#341 = DIRECTION ( 'NONE',  ( -0.000000000000000000, -1.000000000000000000, -0.000000000000000000 ) ) ;
#342 = EDGE_CURVE ( 'NONE', #5081, #4077, #4129, .T. ) ;
#343 = ORIENTED_EDGE ( 'NONE', *, *, #3920, .T. ) ;
#344 = EDGE_CURVE ( 'NONE', #4399, #1459, #1571, .T. ) ;
#345 = ORIENTED_EDGE ( 'NONE', *, *, #3063, .F. ) ;
#346 = LINE ( 'NONE', #2909, #4925 ) ;
#347 =( LENGTH_UNIT ( ) NAMED_UNIT ( * ) SI_UNIT ( .MILLI., .METRE. ) );
#348 = ORIENTED_EDGE ( 'NONE', *, *, #1993, .F. ) ;
#349 = CARTESIAN_POINT ( 'NONE',  ( 2.860950000000000326, -1.848407460854858408, -1.067178545096661546 ) ) ;
#350 = CARTESIAN_POINT ( 'NONE',  ( 1.394334220106409949, 2.416638973676840330, 0.2657177383786050173 ) ) ;
#351 = EDGE_LOOP ( 'NONE', ( #5481, #2369, #5022, #3983 ) ) ;
#352 = LINE ( 'NONE', #1592, #2717 ) ;
#353 = DIRECTION ( 'NONE',  ( 1.000000000000000000, 0.000000000000000000, 0.000000000000000000 ) ) ;
#354 = CARTESIAN_POINT ( 'NONE',  ( 1.379999999999999893, 2.494624298165780019, 0.2021500591570989935 ) ) ;
#355 = UNCERTAINTY_MEASURE_WITH_UNIT (LENGTH_MEASURE( 1.000000000000000082E-05 ), #4045, 'distance_accuracy_value', 'NONE');
#356 = VERTEX_POINT ( 'NONE', #1146 ) ;
#357 = CARTESIAN_POINT ( 'NONE',  ( 1.379999999999999893, -8.450062914116740605E-17, 1.587499999999999911 ) ) ;
#358 = EDGE_LOOP ( 'NONE', ( #4989, #1514, #11, #618 ) ) ;
#359 = CARTESIAN_POINT ( 'NONE',  ( 2.860950000000000326, -2.229467576931529305, -1.174050353182780615 ) ) ;
#360 = ORIENTED_EDGE ( 'NONE', *, *, #3875, .T. ) ;
#361 = ORIENTED_EDGE ( 'NONE', *, *, #1316, .T. ) ;
#362 = DIRECTION ( 'NONE',  ( -1.000000000000000000, 0.000000000000000000, -0.000000000000000000 ) ) ;
#363 = DIRECTION ( 'NONE',  ( 0.000000000000000000, 0.9707037360529205960, 0.2402795388977221336 ) ) ;
#364 = DIRECTION ( 'NONE',  ( 1.000000000000000000, -1.181924418571100069E-45, 1.836970198721029934E-16 ) ) ;
#365 = ADVANCED_FACE ( 'NONE', ( #4096, #3245 ), #1829, .T. ) ;
#366 = DIRECTION ( 'NONE',  ( 1.000000000000000000, 0.000000000000000000, 0.000000000000000000 ) ) ;
#367 = VERTEX_POINT ( 'NONE', #3656 ) ;
#368 = EDGE_LOOP ( 'NONE', ( #581, #2152, #709, #2235 ) ) ;
#369 = FILL_AREA_STYLE ('',( #1561 ) ) ;
#370 = LINE ( 'NONE', #4603, #5195 ) ;
#371 = EDGE_CURVE ( 'NONE', #1233, #3916, #5220, .T. ) ;
#372 = EDGE_LOOP ( 'NONE', ( #1685, #1749, #3732, #2498 ) ) ;
#373 = DIRECTION ( 'NONE',  ( 0.000000000000000000, -0.6988318732559579693, 0.7152859658357410000 ) ) ;
#374 = PLANE ( 'NONE',  #1088 ) ;
#375 = EDGE_LOOP ( 'NONE', ( #1147, #3210, #5141, #3009 ) ) ;
#376 = PLANE ( 'NONE',  #4936 ) ;
#377 = CARTESIAN_POINT ( 'NONE',  ( 1.379999999999999893, 2.181209442383090114, -0.1852052908849070034 ) ) ;
#378 = EDGE_CURVE ( 'NONE', #253, #151, #989, .T. ) ;
#379 = CARTESIAN_POINT ( 'NONE',  ( 2.879999999999999893, 1.866851484835910124, -1.145035237124100158 ) ) ;
#380 = ORIENTED_EDGE ( 'NONE', *, *, #3840, .T. ) ;
#381 = DIRECTION ( 'NONE',  ( 0.000000000000000000, 0.8682403210875319077, 0.4961438751388749235 ) ) ;
#382 = ORIENTED_EDGE ( 'NONE', *, *, #2032, .F. ) ;
#383 = PLANE ( 'NONE',  #759 ) ;
#384 = AXIS2_PLACEMENT_3D ( 'NONE', #10, #1698, #2612 ) ;
#385 = ORIENTED_EDGE ( 'NONE', *, *, #478, .F. ) ;
#386 = VERTEX_POINT ( 'NONE', #2688 ) ;
#387 = DIRECTION ( 'NONE',  ( 0.000000000000000000, 0.2700398807562561232, -0.9628491381317983988 ) ) ;
#388 = DIRECTION ( 'NONE',  ( 1.000000000000000000, 0.000000000000000000, 1.836970198721029934E-16 ) ) ;
#389 = CARTESIAN_POINT ( 'NONE',  ( 0.6900000000200630090, -2.308490059734417936E-30, 6.713713452683871750E-17 ) ) ;
#390 = VECTOR ( 'NONE', #3575, 999.9999999999998863 ) ;
#391 = DIRECTION ( 'NONE',  ( 0.000000000000000000, 0.05371555010020771792, 0.9985562776716352396 ) ) ;
#392 = CARTESIAN_POINT ( 'NONE',  ( 1.394334220106409949, 2.521531062727529804, -0.2852079774572949811 ) ) ;
#393 = VECTOR ( 'NONE', #4046, 1000.000000000000114 ) ;
#394 = VERTEX_POINT ( 'NONE', #1538 ) ;
#395 = ORIENTED_EDGE ( 'NONE', *, *, #3866, .F. ) ;
#396 = CARTESIAN_POINT ( 'NONE',  ( 1.379999999999999893, 2.492117772841170087, -0.4551746698942920055 ) ) ;
#397 = DIRECTION ( 'NONE',  ( 1.000000000000000000, 0.000000000000000000, 0.000000000000000000 ) ) ;
#398 = LINE ( 'NONE', #2910, #5122 ) ;
#399 = CONICAL_SURFACE ( 'NONE', #656, 1.500000000021372903, 0.7853981632923773271 ) ;
#400 = VECTOR ( 'NONE', #4888, 1000.000000000000114 ) ;
#401 = ADVANCED_FACE ( 'NONE', ( #4388 ), #1120, .T. ) ;
#402 = EDGE_LOOP ( 'NONE', ( #331, #4816, #1699, #3845, #1982, #3574, #1795, #1697, #1532, #3620, #3819, #5252, #5262, #5315, #273, #2611, #4612, #685, #3046, #1178, #1967, #1017, #3756, #348 ) ) ;
#403 = VECTOR ( 'NONE', #462, 1000.000000000000000 ) ;
#404 = EDGE_CURVE ( 'NONE', #1800, #3568, #3850, .T. ) ;
#405 = AXIS2_PLACEMENT_3D ( 'NONE', #156, #3109, #3904 ) ;
#406 = PLANE ( 'NONE',  #2343 ) ;
#407 = LINE ( 'NONE', #320, #1012 ) ;
#408 = ORIENTED_EDGE ( 'NONE', *, *, #539, .T. ) ;
#409 = CARTESIAN_POINT ( 'NONE',  ( 1.379999999999999893, 2.393289962545510186, 0.2511517339330719967 ) ) ;
#410 = LINE ( 'NONE', #2545, #1005 ) ;
#411 = VECTOR ( 'NONE', #597, 1000.000000000000000 ) ;
#412 = VECTOR ( 'NONE', #2109, 1000.000000000000000 ) ;
#413 = EDGE_CURVE ( 'NONE', #1676, #2875, #1261, .T. ) ;
#414 = ORIENTED_EDGE ( 'NONE', *, *, #4508, .F. ) ;
#415 = EDGE_CURVE ( 'NONE', #1391, #4222, #2543, .T. ) ;
#416 =( GEOMETRIC_REPRESENTATION_CONTEXT ( 3 ) GLOBAL_UNCERTAINTY_ASSIGNED_CONTEXT ( ( #1847 ) ) GLOBAL_UNIT_ASSIGNED_CONTEXT ( ( #454, #3841, #3436 ) ) REPRESENTATION_CONTEXT ( 'NONE', 'WORKASPACE' ) );
#417 = DIRECTION ( 'NONE',  ( -1.000000000000000000, -1.224646799147350002E-16, -6.123233995736769734E-17 ) ) ;
#418 = EDGE_LOOP ( 'NONE', ( #1072, #4433, #741, #3599 ) ) ;
#419 = VECTOR ( 'NONE', #3507, 1000.000000000000000 ) ;
#420 = DIRECTION ( 'NONE',  ( 0.000000000000000000, 0.01919882409554029765, -0.9998156855907736063 ) ) ;
#421 = AXIS2_PLACEMENT_3D ( 'NONE', #3206, #5335, #4036 ) ;
#422 = ORIENTED_EDGE ( 'NONE', *, *, #95, .T. ) ;
#423 = ORIENTED_EDGE ( 'NONE', *, *, #3634, .T. ) ;
#424 = CARTESIAN_POINT ( 'NONE',  ( 2.879999999999999449, -0.1043506507308979980, 2.173161927247199809 ) ) ;
#425 = LINE ( 'NONE', #5059, #308 ) ;
#426 = DIRECTION ( 'NONE',  ( 0.000000000000000000, 0.5611319948296261684, -0.8277263342304171934 ) ) ;
#427 = LINE ( 'NONE', #5004, #3923 ) ;
#428 = EDGE_LOOP ( 'NONE', ( #846, #4411, #822, #3645, #3193, #1669, #4368, #337, #3369, #1780, #4808, #2183, #242, #3086 ) ) ;
#429 = DIRECTION ( 'NONE',  ( -0.000000000000000000, 0.000000000000000000, -1.000000000000000000 ) ) ;
#430 = VERTEX_POINT ( 'NONE', #2121 ) ;
#431 = CARTESIAN_POINT ( 'NONE',  ( 1.379999999999999893, 2.422424264911790193, 0.01740461005320609669 ) ) ;
#432 = APPLICATION_PROTOCOL_DEFINITION ( 'draft international standard', 'automotive_design', 1998, #4986 ) ;
#433 = EDGE_LOOP ( 'NONE', ( #551, #4898, #1705, #5486 ) ) ;
#434 = CARTESIAN_POINT ( 'NONE',  ( 1.379999999999999893, 2.485974359310029858, -0.4500810129471650156 ) ) ;
#435 = EDGE_LOOP ( 'NONE', ( #5206, #311, #4770, #5146 ) ) ;
#436 = DIRECTION ( 'NONE',  ( 1.000000000000000000, -0.000000000000000000, 0.000000000000000000 ) ) ;
#437 = CARTESIAN_POINT ( 'NONE',  ( 1.379999999999999893, 2.181395787244469808, -0.2852079774572949811 ) ) ;
#438 = CARTESIAN_POINT ( 'NONE',  ( 1.379999999999999893, 2.215529865583869995, 0.2851907763931669781 ) ) ;
#439 = EDGE_CURVE ( 'NONE', #1843, #5394, #5462, .T. ) ;
#440 = ORIENTED_EDGE ( 'NONE', *, *, #4164, .F. ) ;
#441 = DIRECTION ( 'NONE',  ( -0.000000000000000000, 0.000000000000000000, 1.000000000000000000 ) ) ;
#442 = ORIENTED_EDGE ( 'NONE', *, *, #4064, .T. ) ;
#443 = FACE_OUTER_BOUND ( 'NONE', #4020, .T. ) ;
#444 = ADVANCED_FACE ( 'NONE', ( #4695 ), #2484, .F. ) ;
#445 = EDGE_CURVE ( 'NONE', #622, #2164, #2568, .T. ) ;
#446 = ORIENTED_EDGE ( 'NONE', *, *, #5429, .F. ) ;
#447 = VERTEX_POINT ( 'NONE', #1655 ) ;
#448 = LINE ( 'NONE', #1274, #228 ) ;
#449 = ADVANCED_FACE ( 'NONE', ( #20 ), #472, .F. ) ;
#450 = CARTESIAN_POINT ( 'NONE',  ( 2.860950000000000326, -2.038937518893189971, -1.120614449139720081 ) ) ;
#451 = VERTEX_POINT ( 'NONE', #1681 ) ;
#452 = CARTESIAN_POINT ( 'NONE',  ( 2.860950000000000326, -2.131491219644153556, -1.343750381945042705 ) ) ;
#453 = ORIENTED_EDGE ( 'NONE', *, *, #1921, .T. ) ;
#454 =( LENGTH_UNIT ( ) NAMED_UNIT ( * ) SI_UNIT ( .MILLI., .METRE. ) );
#455 = LINE ( 'NONE', #920, #2084 ) ;
#456 = EDGE_LOOP ( 'NONE', ( #4498, #817, #4860, #2839, #5279, #4729, #4618, #1397, #773, #1048, #4282, #3540, #1560, #4881, #4003, #1659, #4442, #4464, #4204, #2220, #2147, #3997, #2832, #2813 ) ) ;
#457 = LINE ( 'NONE', #71, #4579 ) ;
#458 = VERTEX_POINT ( 'NONE', #2063 ) ;
#459 = DIRECTION ( 'NONE',  ( 1.322735468668773261E-16, -1.000000000000000000, 0.000000000000000000 ) ) ;
#460 = PRESENTATION_STYLE_ASSIGNMENT (( #792 ) ) ;
#461 = DIRECTION ( 'NONE',  ( 0.000000000000000000, 0.000000000000000000, -1.000000000000000000 ) ) ;
#462 = DIRECTION ( 'NONE',  ( -0.000000000000000000, -1.000000000000000000, 0.000000000000000000 ) ) ;
#463 = VERTEX_POINT ( 'NONE', #4715 ) ;
#464 = PLANE ( 'NONE',  #4830 ) ;
#465 = EDGE_CURVE ( 'NONE', #1126, #3815, #898, .T. ) ;
#466 = VECTOR ( 'NONE', #2471, 1000.000000000000114 ) ;
#467 = EDGE_LOOP ( 'NONE', ( #2727, #1915, #184, #2780 ) ) ;
#468 = ORIENTED_EDGE ( 'NONE', *, *, #1658, .T. ) ;
#469 = EDGE_CURVE ( 'NONE', #1800, #890, #2970, .T. ) ;
#470 = LINE ( 'NONE', #1272, #1649 ) ;
#471 = CARTESIAN_POINT ( 'NONE',  ( 1.394334220106409949, 2.249684011831420083, 0.01740461005320610016 ) ) ;
#472 = CONICAL_SURFACE ( 'NONE', #4375, 1.499999999964529707, 0.7853981633974483900 ) ;
#473 = DIRECTION ( 'NONE',  ( 1.000000000000000000, 0.000000000000000000, 0.000000000000000000 ) ) ;
#474 = ORIENTED_EDGE ( 'NONE', *, *, #4445, .F. ) ;
#475 = DIRECTION ( 'NONE',  ( 1.000000000000000000, 0.000000000000000000, 1.836970198721029934E-16 ) ) ;
#476 = ORIENTED_EDGE ( 'NONE', *, *, #439, .T. ) ;
#477 = CARTESIAN_POINT ( 'NONE',  ( 1.379999999999999893, 2.320155338140579726, 0.2698706486278347749 ) ) ;
#478 = EDGE_CURVE ( 'NONE', #3975, #4892, #4610, .T. ) ;
#479 = AXIS2_PLACEMENT_3D ( 'NONE', #3381, #4652, #2137 ) ;
#480 = ADVANCED_FACE ( 'NONE', ( #3446 ), #4240, .T. ) ;
#481 = PLANE ( 'NONE',  #4216 ) ;
#482 = DIRECTION ( 'NONE',  ( 1.000000000000000000, -1.271019015260609939E-45, 1.836970198721029934E-16 ) ) ;
#483 = VECTOR ( 'NONE', #3056, 1000.000000000000114 ) ;
#484 = ORIENTED_EDGE ( 'NONE', *, *, #1351, .F. ) ;
#485 = FACE_OUTER_BOUND ( 'NONE', #328, .T. ) ;
#486 = ORIENTED_EDGE ( 'NONE', *, *, #4623, .T. ) ;
#487 = VECTOR ( 'NONE', #1045, 1000.000000000000000 ) ;
#488 = LINE ( 'NONE', #3445, #4590 ) ;
#489 = FACE_BOUND ( 'NONE', #533, .T. ) ;
#490 = DIRECTION ( 'NONE',  ( -0.7071067811865467956, 6.946026685634068503E-30, 0.7071067811865483499 ) ) ;
#491 = VECTOR ( 'NONE', #2997, 1000.000000000000114 ) ;
#492 = AXIS2_PLACEMENT_3D ( 'NONE', #3930, #2228, #1425 ) ;
#493 = DIRECTION ( 'NONE',  ( 0.000000000000000000, -0.8660254037844391517, -0.4999999999999990563 ) ) ;
#494 = ORIENTED_EDGE ( 'NONE', *, *, #2103, .T. ) ;
#495 = VECTOR ( 'NONE', #4007, 1000.000000000000000 ) ;
#496 = VECTOR ( 'NONE', #1805, 1000.000000000000000 ) ;
#497 = DIRECTION ( 'NONE',  ( 1.000000000000000000, 0.000000000000000000, -0.000000000000000000 ) ) ;
#498 = CONICAL_SURFACE ( 'NONE', #2536, 1.499999999964529707, 0.7853981633974483900 ) ;
#499 = VECTOR ( 'NONE', #4254, 999.9999999999998863 ) ;
#500 = ORIENTED_EDGE ( 'NONE', *, *, #2298, .F. ) ;
#501 = EDGE_LOOP ( 'NONE', ( #701, #2979, #4331, #933 ) ) ;
#502 = LINE ( 'NONE', #3343, #5179 ) ;
#503 = CARTESIAN_POINT ( 'NONE',  ( 1.394334220106409949, 2.092235504760569853, 0.3948905628675439816 ) ) ;
#504 = DIRECTION ( 'NONE',  ( 0.000000000000000000, 0.9223447048632901213, 0.3863680181001660774 ) ) ;
#505 = EDGE_CURVE ( 'NONE', #3996, #3854, #3002, .T. ) ;
#506 = VECTOR ( 'NONE', #1896, 1000.000000000000000 ) ;
#507 = ADVANCED_FACE ( 'NONE', ( #3081, #1003 ), #2704, .T. ) ;
#508 = CARTESIAN_POINT ( 'NONE',  ( 1.394334220106409949, 2.497005303495489770, -0.4483746272448097536 ) ) ;
#509 = ORIENTED_EDGE ( 'NONE', *, *, #4249, .T. ) ;
#510 = LINE ( 'NONE', #65, #1359 ) ;
#511 = ORIENTED_EDGE ( 'NONE', *, *, #3025, .F. ) ;
#512 = CARTESIAN_POINT ( 'NONE',  ( 1.394334220106409949, 2.472610150490470282, -0.4539506622173854478 ) ) ;
#513 = SURFACE_STYLE_FILL_AREA ( #5148 ) ;
#514 = FACE_OUTER_BOUND ( 'NONE', #1548, .T. ) ;
#515 = EDGE_CURVE ( 'NONE', #1471, #3465, #4325, .T. ) ;
#516 = EDGE_CURVE ( 'NONE', #1126, #4601, #928, .T. ) ;
#517 = VERTEX_POINT ( 'NONE', #2177 ) ;
#518 = DIRECTION ( 'NONE',  ( 0.000000000000000000, -0.000000000000000000, -1.000000000000000000 ) ) ;
#519 = LINE ( 'NONE', #2589, #1289 ) ;
#520 = ORIENTED_EDGE ( 'NONE', *, *, #5355, .T. ) ;
#521 = CARTESIAN_POINT ( 'NONE',  ( 2.879999999999999893, 2.058567165613320427, -1.268840108281620083 ) ) ;
#522 = CARTESIAN_POINT ( 'NONE',  ( 2.860950000000000326, -1.958983899407449991, -0.9956019809845889634 ) ) ;
#523 = PLANE ( 'NONE',  #5107 ) ;
#524 = CARTESIAN_POINT ( 'NONE',  ( 1.379999999999999893, 2.494238536142480367, -0.4649539812295792607 ) ) ;
#525 = EDGE_LOOP ( 'NONE', ( #5483, #1863, #2745, #3277 ) ) ;
#526 = LINE ( 'NONE', #3989, #4915 ) ;
#527 = CARTESIAN_POINT ( 'NONE',  ( 1.379999999999999893, 2.314590793895268561, 0.2895770477457290659 ) ) ;
#528 = ORIENTED_EDGE ( 'NONE', *, *, #1042, .F. ) ;
#529 = EDGE_LOOP ( 'NONE', ( #1761, #5268, #3982, #3022 ) ) ;
#530 = LINE ( 'NONE', #2213, #3690 ) ;
#531 = DIRECTION ( 'NONE',  ( 0.000000000000000000, 0.8875709788823030744, -0.4606709861125510286 ) ) ;
#532 = CARTESIAN_POINT ( 'NONE',  ( 2.879999999999999893, -2.229467576931526640, -1.174050353182777950 ) ) ;
#533 = EDGE_LOOP ( 'NONE', ( #5242, #1490, #4923, #4491, #3946, #2438, #5415, #4188, #3561, #2541, #2104, #5223 ) ) ;
#534 = CARTESIAN_POINT ( 'NONE',  ( 1.379999999999999893, 2.251583295995520206, 0.1996458709045078050 ) ) ;
#535 = DIRECTION ( 'NONE',  ( 1.000000000000000000, 0.000000000000000000, 0.000000000000000000 ) ) ;
#536 = EDGE_CURVE ( 'NONE', #5151, #4311, #1813, .T. ) ;
#537 = PLANE ( 'NONE',  #1904 ) ;
#538 = ORIENTED_EDGE ( 'NONE', *, *, #2670, .F. ) ;
#539 = EDGE_CURVE ( 'NONE', #1239, #3625, #4775, .T. ) ;
#540 = EDGE_LOOP ( 'NONE', ( #5340, #4174, #1539, #5051 ) ) ;
#541 = CARTESIAN_POINT ( 'NONE',  ( 1.379999999999999893, 2.273044490338839818, 0.1765801039624754765 ) ) ;
#542 = EDGE_CURVE ( 'NONE', #3314, #915, #2626, .T. ) ;
#543 = DIRECTION ( 'NONE',  ( 0.000000000000000000, -1.000000000000000000, 6.993530863780510092E-16 ) ) ;
#544 = CARTESIAN_POINT ( 'NONE',  ( 1.379999999999999893, 2.224161932931949082, 0.2483908197983754895 ) ) ;
#545 = FACE_OUTER_BOUND ( 'NONE', #4702, .T. ) ;
#546 = FACE_OUTER_BOUND ( 'NONE', #2486, .T. ) ;
#547 = ORIENTED_EDGE ( 'NONE', *, *, #638, .T. ) ;
#548 = ADVANCED_FACE ( 'NONE', ( #1372 ), #99, .F. ) ;
#549 = CARTESIAN_POINT ( 'NONE',  ( 1.379999999999999893, 2.219308366003919897, 0.01740461005320609669 ) ) ;
#550 = LINE ( 'NONE', #652, #4295 ) ;
#551 = ORIENTED_EDGE ( 'NONE', *, *, #3395, .T. ) ;
#552 = ORIENTED_EDGE ( 'NONE', *, *, #4319, .F. ) ;
#553 = CARTESIAN_POINT ( 'NONE',  ( 1.379999999999999893, 2.385763063567630127, 0.2488730229627556523 ) ) ;
#554 = FACE_OUTER_BOUND ( 'NONE', #4708, .T. ) ;
#555 = VECTOR ( 'NONE', #4520, 1000.000000000000000 ) ;
#556 = CARTESIAN_POINT ( 'NONE',  ( 1.394334220106409949, 2.217642729627554044, 0.2694351750210008389 ) ) ;
#557 = ORIENTED_EDGE ( 'NONE', *, *, #3007, .T. ) ;
#558 = ORIENTED_EDGE ( 'NONE', *, *, #2159, .T. ) ;
#559 = DIRECTION ( 'NONE',  ( -1.000000000000000000, -0.000000000000000000, 0.000000000000000000 ) ) ;
#560 = DIRECTION ( 'NONE',  ( -0.000000000000000000, -0.000000000000000000, 1.000000000000000000 ) ) ;
#561 = FACE_OUTER_BOUND ( 'NONE', #1150, .T. ) ;
#562 = VECTOR ( 'NONE', #2225, 1000.000000000000000 ) ;
#563 = LINE ( 'NONE', #3895, #587 ) ;
#564 = VECTOR ( 'NONE', #3917, 1000.000000000000000 ) ;
#565 = ORIENTED_EDGE ( 'NONE', *, *, #1066, .F. ) ;
#566 = EDGE_LOOP ( 'NONE', ( #1094, #4367, #4423, #3197, #5216, #414, #3185, #2603, #285 ) ) ;
#567 = CARTESIAN_POINT ( 'NONE',  ( 1.379999999999999893, 2.468829751780030168, -0.4649157309896749801 ) ) ;
#568 = LINE ( 'NONE', #2254, #232 ) ;
#569 = CARTESIAN_POINT ( 'NONE',  ( 1.394334220106409949, 2.215529865583869995, 0.2812557462895540206 ) ) ;
#570 = AXIS2_PLACEMENT_3D ( 'NONE', #4934, #4545, #4611 ) ;
#571 = EDGE_CURVE ( 'NONE', #2175, #2153, #3492, .T. ) ;
#572 = EDGE_CURVE ( 'NONE', #4886, #3020, #122, .T. ) ;
#573 = AXIS2_PLACEMENT_3D ( 'NONE', #1236, #4637, #819 ) ;
#574 = CARTESIAN_POINT ( 'NONE',  ( 1.394334220106409949, 2.418473753850438612, 0.2696685361242892043 ) ) ;
#575 = CARTESIAN_POINT ( 'NONE',  ( 1.379999999999999893, 2.494624298165780019, 0.2021500591570989935 ) ) ;
#576 = VERTEX_POINT ( 'NONE', #5178 ) ;
#577 = DIRECTION ( 'NONE',  ( 0.000000000000000000, 6.993530863780510092E-16, 1.000000000000000000 ) ) ;
#578 = VECTOR ( 'NONE', #3766, 1000.000000000000227 ) ;
#579 = EDGE_CURVE ( 'NONE', #4804, #2741, #5235, .T. ) ;
#580 = EDGE_CURVE ( 'NONE', #2164, #517, #3108, .T. ) ;
#581 = ORIENTED_EDGE ( 'NONE', *, *, #5157, .T. ) ;
#582 = VECTOR ( 'NONE', #3291, 1000.000000000000000 ) ;
#583 = ORIENTED_EDGE ( 'NONE', *, *, #1692, .T. ) ;
#584 = VECTOR ( 'NONE', #4606, 1000.000000000000000 ) ;
#585 = LINE ( 'NONE', #1432, #3873 ) ;
#586 = VECTOR ( 'NONE', #85, 1000.000000000000000 ) ;
#587 = VECTOR ( 'NONE', #92, 1000.000000000000000 ) ;
#588 = CARTESIAN_POINT ( 'NONE',  ( 2.879999999999999893, -1.763491390772189890E-16, 1.492250000000000076 ) ) ;
#589 = EDGE_LOOP ( 'NONE', ( #1935, #2036, #3816, #3785 ) ) ;
#590 = ORIENTED_EDGE ( 'NONE', *, *, #164, .F. ) ;
#591 = LINE ( 'NONE', #534, #2687 ) ;
#592 = FACE_OUTER_BOUND ( 'NONE', #3530, .T. ) ;
#593 = AXIS2_PLACEMENT_3D ( 'NONE', #4782, #1927, #2372 ) ;
#594 = CARTESIAN_POINT ( 'NONE',  ( 2.879999999999999893, -0.1043506507308980535, 2.273457506809879902 ) ) ;
#595 = EDGE_LOOP ( 'NONE', ( #3503, #5199, #5190, #3179 ) ) ;
#596 = ORIENTED_EDGE ( 'NONE', *, *, #4859, .F. ) ;
#597 = DIRECTION ( 'NONE',  ( -0.000000000000000000, 0.000000000000000000, -1.000000000000000000 ) ) ;
#598 = CARTESIAN_POINT ( 'NONE',  ( 2.860950000000000326, 2.133761685484228732, -1.138599379414459767 ) ) ;
#599 = DIRECTION ( 'NONE',  ( -1.000000000000000000, 0.000000000000000000, 0.000000000000000000 ) ) ;
#600 = LINE ( 'NONE', #3083, #3687 ) ;
#601 = DIRECTION ( 'NONE',  ( 0.000000000000000000, -0.4999999999999863443, 0.8660254037844465902 ) ) ;
#602 = VERTEX_POINT ( 'NONE', #2675 ) ;
#603 = EDGE_CURVE ( 'NONE', #1854, #4778, #4735, .T. ) ;
#604 = CARTESIAN_POINT ( 'NONE',  ( 2.880000000000000338, 1.827983448570349889, -0.9620582320198989290 ) ) ;
#605 = ORIENTED_EDGE ( 'NONE', *, *, #1135, .T. ) ;
#606 = ORIENTED_EDGE ( 'NONE', *, *, #2199, .F. ) ;
#607 = EDGE_CURVE ( 'NONE', #2388, #163, #3129, .T. ) ;
#608 = ADVANCED_FACE ( 'NONE', ( #4821, #2285, #489, #1765, #1343 ), #155, .T. ) ;
#609 = DIRECTION ( 'NONE',  ( 0.000000000000000000, 1.000000000000000000, 0.000000000000000000 ) ) ;
#610 = VERTEX_POINT ( 'NONE', #452 ) ;
#611 = EDGE_LOOP ( 'NONE', ( #2029, #4591, #2460, #4256 ) ) ;
#612 = LINE ( 'NONE', #992, #3415 ) ;
#613 = DIRECTION ( 'NONE',  ( 0.000000000000000000, 1.000000000000000000, 0.000000000000000000 ) ) ;
#614 = FACE_OUTER_BOUND ( 'NONE', #5436, .T. ) ;
#615 = EDGE_CURVE ( 'NONE', #655, #104, #3403, .T. ) ;
#616 = FACE_OUTER_BOUND ( 'NONE', #2548, .T. ) ;
#617 = VERTEX_POINT ( 'NONE', #3038 ) ;
#618 = ORIENTED_EDGE ( 'NONE', *, *, #2096, .T. ) ;
#619 = DIRECTION ( 'NONE',  ( 0.000000000000000000, -0.06192929298398442556, -0.9980805391703135854 ) ) ;
#620 = CARTESIAN_POINT ( 'NONE',  ( 1.379999999999999893, 2.502365463612908680, -0.4324412773117429776 ) ) ;
#621 = DIRECTION ( 'NONE',  ( 0.000000000000000000, 0.8660254037844391517, 0.4999999999999990563 ) ) ;
#622 = VERTEX_POINT ( 'NONE', #1671 ) ;
#623 = DIRECTION ( 'NONE',  ( 0.000000000000000000, 0.7463495512542407395, -0.6655541655963047587 ) ) ;
#624 = CARTESIAN_POINT ( 'NONE',  ( 1.379999999999999893, 2.523239701764212750, 0.2897166630495658368 ) ) ;
#625 = ORIENTED_EDGE ( 'NONE', *, *, #4511, .T. ) ;
#626 = DIRECTION ( 'NONE',  ( 1.000000000000000000, -0.000000000000000000, 0.000000000000000000 ) ) ;
#627 = EDGE_CURVE ( 'NONE', #896, #5267, #2776, .T. ) ;
#628 = UNCERTAINTY_MEASURE_WITH_UNIT (LENGTH_MEASURE( 1.000000000000000082E-05 ), #347, 'distance_accuracy_value', 'NONE');
#629 = VERTEX_POINT ( 'NONE', #2989 ) ;
#630 = ORIENTED_EDGE ( 'NONE', *, *, #3864, .T. ) ;
#631 = CARTESIAN_POINT ( 'NONE',  ( 1.379999999999999893, 2.374112209465140566, -0.05286747059647189939 ) ) ;
#632 = ADVANCED_FACE ( 'NONE', ( #3379 ), #2162, .F. ) ;
#633 = VERTEX_POINT ( 'NONE', #5448 ) ;
#634 = LINE ( 'NONE', #3948, #2150 ) ;
#635 = DIRECTION ( 'NONE',  ( 0.000000000000000000, 0.6934400527214931165, 0.7205143255214381259 ) ) ;
#636 = CARTESIAN_POINT ( 'NONE',  ( 1.394334220106409949, 2.521531062727529804, -0.07459528143377230913 ) ) ;
#637 = FACE_OUTER_BOUND ( 'NONE', #654, .T. ) ;
#638 = EDGE_CURVE ( 'NONE', #2577, #3897, #4730, .T. ) ;
#639 = ORIENTED_EDGE ( 'NONE', *, *, #3840, .F. ) ;
#640 = ADVANCED_FACE ( 'NONE', ( #1727, #1310 ), #866, .T. ) ;
#641 = VERTEX_POINT ( 'NONE', #4257 ) ;
#642 = VECTOR ( 'NONE', #2110, 1000.000000000000114 ) ;
#643 = CARTESIAN_POINT ( 'NONE',  ( 1.379999999999999893, 2.092235504760569853, -0.3948934297115659908 ) ) ;
#644 = LINE ( 'NONE', #2330, #678 ) ;
#645 = EDGE_LOOP ( 'NONE', ( #1367, #395, #1224, #4416 ) ) ;
#646 = DIRECTION ( 'NONE',  ( 0.000000000000000000, -0.000000000000000000, 1.000000000000000000 ) ) ;
#647 = DIRECTION ( 'NONE',  ( -1.000000000000000000, 0.000000000000000000, 0.000000000000000000 ) ) ;
#648 = VERTEX_POINT ( 'NONE', #2135 ) ;
#649 = AXIS2_PLACEMENT_3D ( 'NONE', #4763, #4809, #3977 ) ;
#650 = DIRECTION ( 'NONE',  ( -1.000000000000000000, -0.000000000000000000, -0.000000000000000000 ) ) ;
#651 = FACE_OUTER_BOUND ( 'NONE', #1131, .T. ) ;
#652 = CARTESIAN_POINT ( 'NONE',  ( 1.379999999999999893, 2.380631412769529831, 0.2478931356762809901 ) ) ;
#653 = VECTOR ( 'NONE', #935, 1000.000000000000114 ) ;
#654 = EDGE_LOOP ( 'NONE', ( #380, #3214, #3675, #106 ) ) ;
#655 = VERTEX_POINT ( 'NONE', #3837 ) ;
#656 = AXIS2_PLACEMENT_3D ( 'NONE', #803, #2444, #3311 ) ;
#657 = AXIS2_PLACEMENT_3D ( 'NONE', #766, #1657, #4183 ) ;
#658 = CARTESIAN_POINT ( 'NONE',  ( 1.394334220106409949, 2.502887340387290660, -0.4560289252521340098 ) ) ;
#659 = AXIS2_PLACEMENT_3D ( 'NONE', #357, #2041, #1177 ) ;
#660 = AXIS2_PLACEMENT_3D ( 'NONE', #1565, #258, #1530 ) ;
#661 = DIRECTION ( 'NONE',  ( -0.000000000000000000, 0.8759515744415669047, 0.4823990456389191106 ) ) ;
#662 = FACE_OUTER_BOUND ( 'NONE', #1665, .T. ) ;
#663 = CARTESIAN_POINT ( 'NONE',  ( 1.394334220106409949, 1.975537752030240402, 0.3948905628675435930 ) ) ;
#664 = DIRECTION ( 'NONE',  ( 0.000000000000000000, 0.7747962833285402251, -0.6322109769216922581 ) ) ;
#665 = AXIS2_PLACEMENT_3D ( 'NONE', #2672, #976, #872 ) ;
#666 = EDGE_CURVE ( 'NONE', #896, #986, #1754, .T. ) ;
#667 = VECTOR ( 'NONE', #2280, 1000.000000000000000 ) ;
#668 = ORIENTED_EDGE ( 'NONE', *, *, #124, .F. ) ;
#669 = VECTOR ( 'NONE', #909, 1000.000000000000000 ) ;
#670 = ORIENTED_EDGE ( 'NONE', *, *, #164, .T. ) ;
#671 = AXIS2_PLACEMENT_3D ( 'NONE', #2744, #5324, #2800 ) ;
#672 = DIRECTION ( 'NONE',  ( 0.000000000000000000, 0.1875609302838851244, -0.9822529701818384362 ) ) ;
#673 = CARTESIAN_POINT ( 'NONE',  ( 0.6900000000200633421, 2.550326959213917880E-16, -2.064999999989299617 ) ) ;
#674 = EDGE_CURVE ( 'NONE', #451, #4012, #4312, .T. ) ;
#675 = EDGE_CURVE ( 'NONE', #5346, #4399, #510, .T. ) ;
#676 = VECTOR ( 'NONE', #1342, 1000.000000000000114 ) ;
#677 = DIRECTION ( 'NONE',  ( 0.000000000000000000, 0.7463495512542407395, -0.6655541655963047587 ) ) ;
#678 = VECTOR ( 'NONE', #5311, 1000.000000000000114 ) ;
#679 = CARTESIAN_POINT ( 'NONE',  ( 1.394334220106409949, 2.235388494119291636, 0.2243451655698693870 ) ) ;
#680 = ORIENTED_EDGE ( 'NONE', *, *, #5296, .F. ) ;
#681 = CARTESIAN_POINT ( 'NONE',  ( 1.394334220106409949, 2.497005303495490214, -0.4483746272448099757 ) ) ;
#682 = FACE_OUTER_BOUND ( 'NONE', #418, .T. ) ;
#683 = DIRECTION ( 'NONE',  ( 0.000000000000000000, 0.5000000000000016653, -0.8660254037844377084 ) ) ;
#684 = VERTEX_POINT ( 'NONE', #1334 ) ;
#685 = ORIENTED_EDGE ( 'NONE', *, *, #3225, .F. ) ;
#686 = CARTESIAN_POINT ( 'NONE',  ( 1.379999999999999893, 2.092235504760569853, -1.433422010926209900E-06 ) ) ;
#687 = ORIENTED_EDGE ( 'NONE', *, *, #1104, .T. ) ;
#688 = DIRECTION ( 'NONE',  ( 0.000000000000000000, -6.993530863780510092E-16, -1.000000000000000000 ) ) ;
#689 = LINE ( 'NONE', #3668, #1998 ) ;
#690 = CARTESIAN_POINT ( 'NONE',  ( 2.879999999999999893, 2.026937716003220036, -1.424233142191120072 ) ) ;
#691 = EDGE_LOOP ( 'NONE', ( #860, #4992, #1707, #1259 ) ) ;
#692 = ORIENTED_EDGE ( 'NONE', *, *, #1546, .T. ) ;
#693 = EDGE_CURVE ( 'NONE', #4839, #1277, #1643, .T. ) ;
#694 =( NAMED_UNIT ( * ) PLANE_ANGLE_UNIT ( ) SI_UNIT ( $, .RADIAN. ) );
#695 = LINE ( 'NONE', #1838, #2985 ) ;
#696 = CARTESIAN_POINT ( 'NONE',  ( 1.379999999999999893, 2.489954509273308414, -0.4551746698942932823 ) ) ;
#697 = EDGE_CURVE ( 'NONE', #2153, #4982, #808, .T. ) ;
#698 = EDGE_CURVE ( 'NONE', #2142, #4012, #2020, .T. ) ;
#699 = CARTESIAN_POINT ( 'NONE',  ( 1.440000000000000169, -1.229499999999999815, 8.817456953860940824E-17 ) ) ;
#700 = CARTESIAN_POINT ( 'NONE',  ( 1.379999999999999893, 2.381236316858020619, 0.1405888840660871608 ) ) ;
#701 = ORIENTED_EDGE ( 'NONE', *, *, #5257, .T. ) ;
#702 = CARTESIAN_POINT ( 'NONE',  ( 1.379999999999999893, 2.523629592551110079, 0.1250508761551379910 ) ) ;
#703 = CARTESIAN_POINT ( 'NONE',  ( 1.379999999999999893, 2.478099059916599955, -0.4493755085222809753 ) ) ;
#704 = CARTESIAN_POINT ( 'NONE',  ( 1.379999999999999893, 2.463272841927400147, -0.4620023377170380252 ) ) ;
#705 = DIRECTION ( 'NONE',  ( 1.836970198721029934E-16, 0.000000000000000000, -1.000000000000000000 ) ) ;
#706 = EDGE_CURVE ( 'NONE', #781, #2447, #2381, .T. ) ;
#707 = ORIENTED_EDGE ( 'NONE', *, *, #2472, .T. ) ;
#708 = ADVANCED_FACE ( 'NONE', ( #2318 ), #3723, .T. ) ;
#709 = ORIENTED_EDGE ( 'NONE', *, *, #1851, .T. ) ;
#710 = CARTESIAN_POINT ( 'NONE',  ( 1.379999999999999893, 2.189101863973680118, -0.2588745816998039850 ) ) ;
#711 = ORIENTED_EDGE ( 'NONE', *, *, #5219, .T. ) ;
#712 = CARTESIAN_POINT ( 'NONE',  ( 1.394334220106409949, 2.481543631422490570, -0.4551746698942920055 ) ) ;
#713 = LINE ( 'NONE', #4999, #3229 ) ;
#714 = FILL_AREA_STYLE_COLOUR ( '', #1640 ) ;
#715 = CARTESIAN_POINT ( 'NONE',  ( 1.380000000000000560, 0.000000000000000000, 4.814824860968089633E-32 ) ) ;
#716 = DIRECTION ( 'NONE',  ( 1.000000000000000000, -0.000000000000000000, -0.000000000000000000 ) ) ;
#717 = CARTESIAN_POINT ( 'NONE',  ( 1.379999999999999893, 2.376531825819100163, 0.1404954249509940134 ) ) ;
#718 = VERTEX_POINT ( 'NONE', #3280 ) ;
#719 = VERTEX_POINT ( 'NONE', #2771 ) ;
#720 = FACE_OUTER_BOUND ( 'NONE', #2170, .T. ) ;
#721 = DIRECTION ( 'NONE',  ( 0.000000000000000000, 0.8785436295978993337, -0.4776621095428746910 ) ) ;
#722 = CLOSED_SHELL ( 'NONE', ( #3464, #1446, #2645, #3980, #4038, #3809 ) ) ;
#723 = PLANE ( 'NONE',  #1456 ) ;
#724 = CARTESIAN_POINT ( 'NONE',  ( 1.379999999999999893, 2.472047021958560187, -0.4541015381636709924 ) ) ;
#725 = VERTEX_POINT ( 'NONE', #1961 ) ;
#726 = CARTESIAN_POINT ( 'NONE',  ( 1.379999999999999893, 2.490779014444559181, -0.4649539812295790941 ) ) ;
#728 = EDGE_CURVE ( 'NONE', #2759, #299, #1151, .T. ) ;
#727 = DIRECTION ( 'NONE',  ( -1.000000000000000000, 1.271019015260609939E-45, -1.836970198721029934E-16 ) ) ;
#729 = VECTOR ( 'NONE', #2740, 1000.000000000000114 ) ;
#730 = DIRECTION ( 'NONE',  ( 0.000000000000000000, -0.000000000000000000, -1.000000000000000000 ) ) ;
#731 = EDGE_CURVE ( 'NONE', #3366, #4605, #3665, .T. ) ;
#732 = LINE ( 'NONE', #2013, #1615 ) ;
#733 = VECTOR ( 'NONE', #1876, 1000.000000000000114 ) ;
#734 = VERTEX_POINT ( 'NONE', #1491 ) ;
#735 = DIRECTION ( 'NONE',  ( 0.000000000000000000, -0.4417680233405561485, 0.8971293181887313173 ) ) ;
#736 = ORIENTED_EDGE ( 'NONE', *, *, #5066, .T. ) ;
#737 = DIRECTION ( 'NONE',  ( 1.000000000000000000, 0.000000000000000000, 0.000000000000000000 ) ) ;
#738 = EDGE_CURVE ( 'NONE', #1459, #2998, #4525, .T. ) ;
#739 = AXIS2_PLACEMENT_3D ( 'NONE', #2373, #5317, #1506 ) ;
#740 = ADVANCED_FACE ( 'NONE', ( #4106 ), #4997, .F. ) ;
#741 = ORIENTED_EDGE ( 'NONE', *, *, #5150, .F. ) ;
#742 = DIRECTION ( 'NONE',  ( 0.000000000000000000, 0.4961438751388749235, -0.8682403210875319077 ) ) ;
#743 = ORIENTED_EDGE ( 'NONE', *, *, #3995, .T. ) ;
#744 = DIRECTION ( 'NONE',  ( 0.000000000000000000, -0.9829615588623954459, -0.1838112450281794985 ) ) ;
#745 = CARTESIAN_POINT ( 'NONE',  ( 1.394334220106409949, 2.309420209805410629, -0.07459528143377230913 ) ) ;
#746 = AXIS2_PLACEMENT_3D ( 'NONE', #2005, #1586, #1254 ) ;
#747 = CARTESIAN_POINT ( 'NONE',  ( 1.379999999999999893, 2.371827334779967877, 0.1404019658358959255 ) ) ;
#748 =( NAMED_UNIT ( * ) PLANE_ANGLE_UNIT ( ) SI_UNIT ( $, .RADIAN. ) );
#749 = VECTOR ( 'NONE', #4796, 1000.000000000000000 ) ;
#750 = STYLED_ITEM ( 'NONE', ( #1218 ), #2227 ) ;
#751 = LINE ( 'NONE', #5445, #2681 ) ;
#752 = VERTEX_POINT ( 'NONE', #3198 ) ;
#753 = ORIENTED_EDGE ( 'NONE', *, *, #911, .T. ) ;
#754 = DIRECTION ( 'NONE',  ( 0.7071067812608440306, -0.7071067811122510038, 8.659560561445064388E-17 ) ) ;
#755 = VECTOR ( 'NONE', #1255, 1000.000000000000000 ) ;
#756 = VECTOR ( 'NONE', #397, 1000.000000000000000 ) ;
#757 = LINE ( 'NONE', #4569, #4776 ) ;
#758 = VECTOR ( 'NONE', #4081, 1000.000000000000114 ) ;
#759 = AXIS2_PLACEMENT_3D ( 'NONE', #1957, #1543, #1575 ) ;
#760 = EDGE_LOOP ( 'NONE', ( #2098, #947, #5128, #2588 ) ) ;
#761 = PLANE ( 'NONE',  #3073 ) ;
#762 = CARTESIAN_POINT ( 'NONE',  ( 1.379999999999999893, 2.371827334780169938, 0.1404019658359001166 ) ) ;
#763 = ORIENTED_EDGE ( 'NONE', *, *, #257, .F. ) ;
#764 = CARTESIAN_POINT ( 'NONE',  ( 1.394334220106409949, 2.140667967656120663, -0.2325411859423135164 ) ) ;
#765 = CARTESIAN_POINT ( 'NONE',  ( 1.379999999999999893, 2.472974545644799349, -0.4538894552188066922 ) ) ;
#766 = CARTESIAN_POINT ( 'NONE',  ( 1.379999999999999893, 2.503095591693429878, -0.4386548162827070274 ) ) ;
#767 = DIRECTION ( 'NONE',  ( -1.000000000000000000, -0.000000000000000000, -0.000000000000000000 ) ) ;
#768 = VERTEX_POINT ( 'NONE', #4885 ) ;
#769 = DIRECTION ( 'NONE',  ( 0.000000000000000000, 1.000000000000000000, 0.000000000000000000 ) ) ;
#770 = EDGE_LOOP ( 'NONE', ( #2312, #3602, #3203, #1524 ) ) ;
#771 = EDGE_CURVE ( 'NONE', #871, #3016, #3306, .T. ) ;
#772 = PLANE ( 'NONE',  #3772 ) ;
#773 = ORIENTED_EDGE ( 'NONE', *, *, #2570, .T. ) ;
#774 = ORIENTED_EDGE ( 'NONE', *, *, #2432, .T. ) ;
#775 = CARTESIAN_POINT ( 'NONE',  ( 1.394334220106409949, 2.380631412769529831, 0.2478931356762809901 ) ) ;
#776 = EDGE_CURVE ( 'NONE', #2275, #3757, #4966, .T. ) ;
#777 = CARTESIAN_POINT ( 'NONE',  ( 2.880000000004656613, -1.871312958448925014E-30, 4.727121471771254947E-16 ) ) ;
#778 = ADVANCED_FACE ( 'NONE', ( #4469 ), #2859, .T. ) ;
#779 = LINE ( 'NONE', #1128, #1199 ) ;
#780 = CARTESIAN_POINT ( 'NONE',  ( 1.379999999999999893, 2.516865274082889847, 0.2540680310137209963 ) ) ;
#781 = VERTEX_POINT ( 'NONE', #4021 ) ;
#782 = VERTEX_POINT ( 'NONE', #1909 ) ;
#783 = ORIENTED_EDGE ( 'NONE', *, *, #3736, .T. ) ;
#784 = EDGE_CURVE ( 'NONE', #781, #4996, #3658, .T. ) ;
#785 = DIRECTION ( 'NONE',  ( 0.000000000000000000, -0.9552156769289572580, -0.2959104772547840323 ) ) ;
#786 = DIRECTION ( 'NONE',  ( -1.000000000000000000, 9.823165143429150141E-30, -2.048885995359006980E-16 ) ) ;
#787 = ORIENTED_EDGE ( 'NONE', *, *, #4764, .T. ) ;
#788 = FACE_OUTER_BOUND ( 'NONE', #3921, .T. ) ;
#789 = CARTESIAN_POINT ( 'NONE',  ( 1.394334220106409949, 2.374112209465140566, -0.05286747059647189939 ) ) ;
#790 = ORIENTED_EDGE ( 'NONE', *, *, #2994, .T. ) ;
#791 = FACE_OUTER_BOUND ( 'NONE', #1855, .T. ) ;
#792 = SURFACE_STYLE_USAGE ( .BOTH. , #5134 ) ;
#793 = LINE ( 'NONE', #4071, #5098 ) ;
#794 = ORIENTED_EDGE ( 'NONE', *, *, #4467, .T. ) ;
#795 = CARTESIAN_POINT ( 'NONE',  ( 1.394334220106409949, 2.495373293259610215, -0.4531261570461359578 ) ) ;
#796 = DIRECTION ( 'NONE',  ( -1.000000000000000000, -0.000000000000000000, -0.000000000000000000 ) ) ;
#797 = EDGE_CURVE ( 'NONE', #1661, #4690, #3844, .T. ) ;
#798 = EDGE_LOOP ( 'NONE', ( #2415, #2387, #1444, #590 ) ) ;
#799 = VERTEX_POINT ( 'NONE', #1487 ) ;
#800 = CARTESIAN_POINT ( 'NONE',  ( 1.379999999999999893, 2.140667967656120663, -0.2325411859423135164 ) ) ;
#801 = FACE_OUTER_BOUND ( 'NONE', #135, .T. ) ;
#802 =( NAMED_UNIT ( * ) PLANE_ANGLE_UNIT ( ) SI_UNIT ( $, .RADIAN. ) );
#803 = CARTESIAN_POINT ( 'NONE',  ( 2.880000000061500032, 3.526982781619695783E-16, 2.168404344971008868E-16 ) ) ;
#804 = ADVANCED_FACE ( 'NONE', ( #4962 ), #3718, .F. ) ;
#805 = EDGE_CURVE ( 'NONE', #3869, #3378, #4995, .T. ) ;
#806 = CARTESIAN_POINT ( 'NONE',  ( 2.879999999999999449, -0.1043506507308983311, 1.963500000000000023 ) ) ;
#807 = EDGE_LOOP ( 'NONE', ( #4115, #3139, #4632, #1354, #873, #2943, #4261, #4640, #4059 ) ) ;
#808 = LINE ( 'NONE', #336, #4462 ) ;
#809 = ORIENTED_EDGE ( 'NONE', *, *, #4815, .F. ) ;
#810 = DIRECTION ( 'NONE',  ( 0.000000000000000000, 0.9759635946335279977, 0.2179336182189489934 ) ) ;
#811 = CARTESIAN_POINT ( 'NONE',  ( 1.379999999999999893, 2.473154153902429986, -0.4538592866442829887 ) ) ;
#812 = EDGE_CURVE ( 'NONE', #1442, #1335, #5298, .T. ) ;
#813 = ADVANCED_FACE ( 'NONE', ( #4550 ), #1931, .T. ) ;
#814 = ORIENTED_EDGE ( 'NONE', *, *, #3448, .T. ) ;
#815 = LINE ( 'NONE', #2506, #3780 ) ;
#816 = LINE ( 'NONE', #1139, #1092 ) ;
#817 = ORIENTED_EDGE ( 'NONE', *, *, #1878, .T. ) ;
#818 = LINE ( 'NONE', #3326, #61 ) ;
#819 = DIRECTION ( 'NONE',  ( 0.000000000000000000, 0.8660254037844391517, 0.4999999999999990563 ) ) ;
#820 = VERTEX_POINT ( 'NONE', #2402 ) ;
#821 = DIRECTION ( 'NONE',  ( 0.000000000000000000, 1.000000000000000000, 0.000000000000000000 ) ) ;
#822 = ORIENTED_EDGE ( 'NONE', *, *, #1213, .F. ) ;
#823 = VECTOR ( 'NONE', #1953, 1000.000000000000000 ) ;
#824 = CARTESIAN_POINT ( 'NONE',  ( 1.379999999999999893, 2.422424264911790193, -0.05453024012881569488 ) ) ;
#825 = VECTOR ( 'NONE', #3015, 1000.000000000000227 ) ;
#826 = ORIENTED_EDGE ( 'NONE', *, *, #5099, .T. ) ;
#827 = ORIENTED_EDGE ( 'NONE', *, *, #4853, .F. ) ;
#828 = CARTESIAN_POINT ( 'NONE',  ( 2.880000000118343451, 3.526982781701868958E-16, 2.168404344971008868E-16 ) ) ;
#829 = DIRECTION ( 'NONE',  ( 0.000000000000000000, 0.000000000000000000, 1.000000000000000000 ) ) ;
#830 = AXIS2_PLACEMENT_3D ( 'NONE', #4906, #735, #329 ) ;
#831 = DIRECTION ( 'NONE',  ( 0.000000000000000000, 0.000000000000000000, 1.000000000000000000 ) ) ;
#832 = LINE ( 'NONE', #4622, #3050 ) ;
#833 = VECTOR ( 'NONE', #3908, 999.9999999999998863 ) ;
#834 = EDGE_LOOP ( 'NONE', ( #246, #4107, #4162, #2854 ) ) ;
#835 = EDGE_LOOP ( 'NONE', ( #5352, #4736, #2669, #4173 ) ) ;
#836 = DIRECTION ( 'NONE',  ( 0.000000000000000000, 0.000000000000000000, -1.000000000000000000 ) ) ;
#837 = FACE_OUTER_BOUND ( 'NONE', #456, .T. ) ;
#838 = EDGE_CURVE ( 'NONE', #1182, #617, #1058, .T. ) ;
#839 = LINE ( 'NONE', #2451, #3447 ) ;
#840 = VECTOR ( 'NONE', #2035, 999.9999999999998863 ) ;
#841 = VECTOR ( 'NONE', #688, 1000.000000000000000 ) ;
#842 = ORIENTED_EDGE ( 'NONE', *, *, #24, .T. ) ;
#843 = VECTOR ( 'NONE', #3265, 1000.000000000000000 ) ;
#844 = VECTOR ( 'NONE', #3489, 1000.000000000000114 ) ;
#845 = DIRECTION ( 'NONE',  ( 1.000000000000000000, 0.000000000000000000, 0.000000000000000000 ) ) ;
#846 = ORIENTED_EDGE ( 'NONE', *, *, #1286, .F. ) ;
#847 = ADVANCED_FACE ( 'NONE', ( #3215 ), #2764, .F. ) ;
#848 = EDGE_CURVE ( 'NONE', #4153, #1152, #2345, .T. ) ;
#849 = FACE_OUTER_BOUND ( 'NONE', #402, .T. ) ;
#850 = CARTESIAN_POINT ( 'NONE',  ( 1.379999999999999893, 2.417556363763650129, 0.2676931372514700369 ) ) ;
#851 = CARTESIAN_POINT ( 'NONE',  ( 1.379999999999999893, 2.172282090100809970, -0.05453024012881570182 ) ) ;
#852 = VECTOR ( 'NONE', #5284, 1000.000000000000000 ) ;
#853 = ORIENTED_EDGE ( 'NONE', *, *, #2004, .F. ) ;
#854 = AXIS2_PLACEMENT_3D ( 'NONE', #322, #261, #4899 ) ;
#855 = CARTESIAN_POINT ( 'NONE',  ( 1.379999999999999893, 1.975537752030239957, -0.3948934297115659908 ) ) ;
#856 = EDGE_LOOP ( 'NONE', ( #2100, #1023, #3746, #4244 ) ) ;
#857 = LINE ( 'NONE', #3807, #39 ) ;
#858 = VECTOR ( 'NONE', #4512, 1000.000000000000000 ) ;
#859 = ORIENTED_EDGE ( 'NONE', *, *, #4626, .T. ) ;
#860 = ORIENTED_EDGE ( 'NONE', *, *, #342, .T. ) ;
#861 = CARTESIAN_POINT ( 'NONE',  ( 1.379999999999999893, 2.262313893167180012, 0.1881129874334920016 ) ) ;
#862 = CARTESIAN_POINT ( 'NONE',  ( 1.379999999999999893, 2.286545892257069834, 0.1670300731587790188 ) ) ;
#863 = CARTESIAN_POINT ( 'NONE',  ( 1.379999999999999893, 2.092235504760569853, -0.3948934297115659908 ) ) ;
#864 = DIRECTION ( 'NONE',  ( -0.000000000000000000, -0.9514311915324658031, -0.3078614749836560138 ) ) ;
#865 = EDGE_LOOP ( 'NONE', ( #2363, #2632, #3793, #2221 ) ) ;
#866 = PLANE ( 'NONE',  #384 ) ;
#867 = ORIENTED_EDGE ( 'NONE', *, *, #1617, .F. ) ;
#868 = FACE_OUTER_BOUND ( 'NONE', #3748, .T. ) ;
#869 = CARTESIAN_POINT ( 'NONE',  ( 1.394334220106409949, 1.892261543406390079, -1.201324054226029950E-06 ) ) ;
#870 = ADVANCED_FACE ( 'NONE', ( #243 ), #3040, .F. ) ;
#871 = VERTEX_POINT ( 'NONE', #5124 ) ;
#872 = DIRECTION ( 'NONE',  ( 0.000000000000000000, 0.000000000000000000, -1.000000000000000000 ) ) ;
#873 = ORIENTED_EDGE ( 'NONE', *, *, #1544, .F. ) ;
#874 = FACE_OUTER_BOUND ( 'NONE', #1266, .T. ) ;
#875 = CARTESIAN_POINT ( 'NONE',  ( 2.879999999999999893, 1.810417492354560620, -0.7912649203304579215 ) ) ;
#876 = DIRECTION ( 'NONE',  ( 1.000000000000000000, 0.000000000000000000, 0.000000000000000000 ) ) ;
#877 = EDGE_CURVE ( 'NONE', #718, #2142, #2530, .T. ) ;
#878 = ADVANCED_FACE ( 'NONE', ( #1673 ), #90, .T. ) ;
#879 = CARTESIAN_POINT ( 'NONE',  ( 1.379999999999999893, 2.243485895057410140, 0.2119955182371880131 ) ) ;
#880 = LINE ( 'NONE', #3909, #5446 ) ;
#881 = EDGE_CURVE ( 'NONE', #1574, #4608, #5065, .T. ) ;
#882 = EDGE_CURVE ( 'NONE', #3707, #1391, #66, .T. ) ;
#883 = ORIENTED_EDGE ( 'NONE', *, *, #5162, .F. ) ;
#884 = VERTEX_POINT ( 'NONE', #2585 ) ;
#885 = CARTESIAN_POINT ( 'NONE',  ( 1.379999999999999893, 2.486652238561650297, -0.4525014031277144744 ) ) ;
#886 = CARTESIAN_POINT ( 'NONE',  ( 1.394334220106409949, 2.362123067768130191, 0.1402156209745166748 ) ) ;
#887 = CARTESIAN_POINT ( 'NONE',  ( 1.379999999999999893, 2.323393438462619809, -0.3948934297115659908 ) ) ;
#888 = CARTESIAN_POINT ( 'NONE',  ( 1.394334220106409949, 2.215529865583869995, 0.2851907763931671447 ) ) ;
#889 = ORIENTED_EDGE ( 'NONE', *, *, #1207, .F. ) ;
#890 = VERTEX_POINT ( 'NONE', #3484 ) ;
#891 = DIRECTION ( 'NONE',  ( 1.000000000000000000, -0.000000000000000000, 0.000000000000000000 ) ) ;
#892 = LINE ( 'NONE', #3407, #5464 ) ;
#893 = CARTESIAN_POINT ( 'NONE',  ( 1.379999999999999893, 2.485974359310029858, -0.4500810129471650156 ) ) ;
#894 = VERTEX_POINT ( 'NONE', #1777 ) ;
#895 = CARTESIAN_POINT ( 'NONE',  ( 2.860950000000000326, -0.02037416159373720004, 2.173161927247199809 ) ) ;
#896 = VERTEX_POINT ( 'NONE', #1280 ) ;
#897 = DIRECTION ( 'NONE',  ( 1.000000000000000000, 1.224646799147350002E-16, 6.123233995736769734E-17 ) ) ;
#898 = LINE ( 'NONE', #5074, #5172 ) ;
#899 = DIRECTION ( 'NONE',  ( 0.000000000000000000, -0.000000000000000000, -1.000000000000000000 ) ) ;
#900 = EDGE_CURVE ( 'NONE', #1243, #224, #4686, .T. ) ;
#901 = DIRECTION ( 'NONE',  ( -1.000000000000000000, 0.000000000000000000, -0.000000000000000000 ) ) ;
#902 = ORIENTED_EDGE ( 'NONE', *, *, #1952, .F. ) ;
#903 = EDGE_CURVE ( 'NONE', #27, #2772, #36, .T. ) ;
#904 = CARTESIAN_POINT ( 'NONE',  ( 1.379999999999999893, 2.472612739810004179, -0.4539502272926195792 ) ) ;
#905 = CLOSED_SHELL ( 'NONE', ( #5126, #4911, #5399, #2398, #3090, #3152, #3029, #2736, #1890, #5251, #2443, #1614, #1917, #4721, #1609, #2294, #740, #5288, #1281, #2962, #1663, #4313, #4656, #3124, #2575, #2206, #878, #1702, #2464, #4920, #2639, #1732, #4248, #480, #778, #2954, #4597, #2300, #5321, #4369 ) ) ;
#906 = ORIENTED_EDGE ( 'NONE', *, *, #3196, .T. ) ;
#907 = ORIENTED_EDGE ( 'NONE', *, *, #2060, .T. ) ;
#908 = PLANE ( 'NONE',  #2513 ) ;
#909 = DIRECTION ( 'NONE',  ( 1.000000000000000000, 0.000000000000000000, 0.000000000000000000 ) ) ;
#910 = EDGE_CURVE ( 'NONE', #725, #2052, #2614, .T. ) ;
#911 = EDGE_CURVE ( 'NONE', #1690, #2216, #4283, .T. ) ;
#912 = CARTESIAN_POINT ( 'NONE',  ( 1.379999999999999893, 2.471483893426650091, -0.4542524141099569257 ) ) ;
#913 = VECTOR ( 'NONE', #4664, 1000.000000000000114 ) ;
#914 = CARTESIAN_POINT ( 'NONE',  ( 1.379999999999999893, 2.471864979150136588, -0.4642031431870316527 ) ) ;
#915 = VERTEX_POINT ( 'NONE', #512 ) ;
#916 = ORIENTED_EDGE ( 'NONE', *, *, #40, .F. ) ;
#917 = CARTESIAN_POINT ( 'NONE',  ( 1.379999999999999893, 1.975537752030239957, 0.3948905628675439816 ) ) ;
#918 = VECTOR ( 'NONE', #3282, 1000.000000000000114 ) ;
#919 = CARTESIAN_POINT ( 'NONE',  ( 1.379999999999999893, 2.523629592551110079, 0.03526031801316129727 ) ) ;
#920 = CARTESIAN_POINT ( 'NONE',  ( 1.379999999999999893, 2.488600875783390176, -0.4638234741391020211 ) ) ;
#921 = AXIS2_PLACEMENT_3D ( 'NONE', #3885, #3452, #5139 ) ;
#922 = VERTEX_POINT ( 'NONE', #2195 ) ;
#923 = CARTESIAN_POINT ( 'NONE',  ( 2.860950000000000326, 2.025379290920747977, -1.076024774737813550 ) ) ;
#924 = AXIS2_PLACEMENT_3D ( 'NONE', #1605, #2495, #391 ) ;
#925 = EDGE_LOOP ( 'NONE', ( #5403, #1916, #227, #1968 ) ) ;
#926 = VECTOR ( 'NONE', #3824, 1000.000000000000114 ) ;
#927 = CARTESIAN_POINT ( 'NONE',  ( 1.394334220106409949, 2.466294610879764981, -0.4655277348281291472 ) ) ;
#928 = LINE ( 'NONE', #544, #289 ) ;
#929 = VECTOR ( 'NONE', #204, 1000.000000000000000 ) ;
#930 = VECTOR ( 'NONE', #623, 1000.000000000000114 ) ;
#931 = DIRECTION ( 'NONE',  ( 0.000000000000000000, 0.9980805391703134744, -0.06192929298398441862 ) ) ;
#932 = LINE ( 'NONE', #5237, #5012 ) ;
#933 = ORIENTED_EDGE ( 'NONE', *, *, #4722, .F. ) ;
#934 = VECTOR ( 'NONE', #2643, 1000.000000000000114 ) ;
#935 = DIRECTION ( 'NONE',  ( 0.000000000000000000, -0.8509796880745714720, -0.5251986009925244669 ) ) ;
#936 = AXIS2_PLACEMENT_3D ( 'NONE', #108, #5117, #2579 ) ;
#937 = ADVANCED_FACE ( 'NONE', ( #5169 ), #3892, .F. ) ;
#938 = VECTOR ( 'NONE', #1222, 1000.000000000000000 ) ;
#939 = ORIENTED_EDGE ( 'NONE', *, *, #1762, .F. ) ;
#940 = ORIENTED_EDGE ( 'NONE', *, *, #4207, .T. ) ;
#941 = DIRECTION ( 'NONE',  ( -1.000000000000000000, 0.000000000000000000, 0.000000000000000000 ) ) ;
#942 = FACE_OUTER_BOUND ( 'NONE', #1355, .T. ) ;
#943 = VECTOR ( 'NONE', #650, 1000.000000000000000 ) ;
#944 = ADVANCED_FACE ( 'NONE', ( #168 ), #1802, .F. ) ;
#945 = FACE_OUTER_BOUND ( 'NONE', #2040, .T. ) ;
#946 = ADVANCED_FACE ( 'NONE', ( #2747 ), #4424, .F. ) ;
#947 = ORIENTED_EDGE ( 'NONE', *, *, #5296, .T. ) ;
#948 = EDGE_LOOP ( 'NONE', ( #1516, #1983, #2620, #2308 ) ) ;
#949 = DIRECTION ( 'NONE',  ( 0.000000000000000000, 0.9720757995434973209, 0.2346670832091080905 ) ) ;
#950 = SURFACE_STYLE_USAGE ( .BOTH. , #2197 ) ;
#951 = LINE ( 'NONE', #68, #496 ) ;
#952 = EDGE_CURVE ( 'NONE', #4942, #4344, #5274, .T. ) ;
#953 = ORIENTED_EDGE ( 'NONE', *, *, #4199, .F. ) ;
#954 = ORIENTED_EDGE ( 'NONE', *, *, #1091, .F. ) ;
#955 = CARTESIAN_POINT ( 'NONE',  ( 1.394334220106409949, 2.125255814197700044, 0.2850196258050960441 ) ) ;
#956 = PLANE ( 'NONE',  #1299 ) ;
#957 = DIRECTION ( 'NONE',  ( -1.000000000000000000, 0.000000000000000000, -0.000000000000000000 ) ) ;
#958 = CARTESIAN_POINT ( 'NONE',  ( 1.379999999999999893, 2.474178410326508981, -0.4637087234193907337 ) ) ;
#959 = VERTEX_POINT ( 'NONE', #190 ) ;
#960 = CARTESIAN_POINT ( 'NONE',  ( 1.379999999999999893, 2.497005303495488882, -0.4483746272448093650 ) ) ;
#961 = ORIENTED_EDGE ( 'NONE', *, *, #603, .F. ) ;
#962 = ORIENTED_EDGE ( 'NONE', *, *, #3259, .T. ) ;
#963 = DIRECTION ( 'NONE',  ( -1.000000000000000000, -0.000000000000000000, -0.000000000000000000 ) ) ;
#964 = PLANE ( 'NONE',  #3346 ) ;
#965 = LINE ( 'NONE', #1724, #4902 ) ;
#966 = ORIENTED_EDGE ( 'NONE', *, *, #4689, .F. ) ;
#967 = VERTEX_POINT ( 'NONE', #1465 ) ;
#968 = CARTESIAN_POINT ( 'NONE',  ( 2.860950000000000326, -1.825087419202279904, -0.7658558616868990088 ) ) ;
#969 = CARTESIAN_POINT ( 'NONE',  ( 1.379999999999999893, 2.523629592551110079, 0.03026883183795530188 ) ) ;
#970 = EDGE_CURVE ( 'NONE', #4417, #4542, #4840, .T. ) ;
#971 = LINE ( 'NONE', #1438, #5369 ) ;
#972 = LINE ( 'NONE', #2246, #1736 ) ;
#973 = EDGE_CURVE ( 'NONE', #4567, #2974, #612, .T. ) ;
#974 = ORIENTED_EDGE ( 'NONE', *, *, #3927, .F. ) ;
#975 = ORIENTED_EDGE ( 'NONE', *, *, #4977, .T. ) ;
#976 = DIRECTION ( 'NONE',  ( 1.000000000000000000, 0.000000000000000000, 0.000000000000000000 ) ) ;
#977 = FACE_OUTER_BOUND ( 'NONE', #1891, .T. ) ;
#978 = CARTESIAN_POINT ( 'NONE',  ( 1.379999999999999893, 2.324442703374399954, 0.1250508761551379910 ) ) ;
#979 = EDGE_CURVE ( 'NONE', #3536, #999, #3174, .T. ) ;
#980 = EDGE_CURVE ( 'NONE', #871, #3393, #4788, .T. ) ;
#981 = PLANE ( 'NONE',  #492 ) ;
#982 = DIRECTION ( 'NONE',  ( 0.000000000000000000, -0.7714242457508484474, -0.6363211713181753382 ) ) ;
#983 = EDGE_LOOP ( 'NONE', ( #509, #72, #3251, #4060 ) ) ;
#984 = CARTESIAN_POINT ( 'NONE',  ( 2.879999999999999893, 1.983372645742417673, -1.399080837148779954 ) ) ;
#985 = ORIENTED_EDGE ( 'NONE', *, *, #1952, .T. ) ;
#986 = VERTEX_POINT ( 'NONE', #3513 ) ;
#987 = CARTESIAN_POINT ( 'NONE',  ( 1.394334220106409949, 2.473698157314390578, -0.4537679110711803077 ) ) ;
#988 = CLOSED_SHELL ( 'NONE', ( #2496, #3030, #5087, #2026, #449, #5, #2769, #3131, #2883, #813, #4697, #401, #507, #1006, #2125, #2547, #5184, #3288, #4784, #3533, #640, #3633, #4979, #4958, #4793, #1723, #201, #75, #3440, #4812, #2926, #5282, #2131, #3661, #1323, #2025, #5318, #2549, #1249, #4177, #2465, #2510, #2087, #3808, #2855, #944, #265, #3735, #4665, #4028, #2893, #5248, #2151, #1820, #2055, #1853, #2227, #2705, #608 ) ) ;
#989 = LINE ( 'NONE', #5344, #4817 ) ;
#990 = VERTEX_POINT ( 'NONE', #5303 ) ;
#991 = ORIENTED_EDGE ( 'NONE', *, *, #140, .F. ) ;
#992 = CARTESIAN_POINT ( 'NONE',  ( 1.379999999999999893, 2.502887340387289328, -0.4560289252521338432 ) ) ;
#993 = DIRECTION ( 'NONE',  ( 0.000000000000000000, 0.8660254037844383745, -0.5000000000000003331 ) ) ;
#994 = CARTESIAN_POINT ( 'NONE',  ( 1.394334220106409949, 2.521531062727529804, -0.1842807336880432911 ) ) ;
#995 = AXIS2_PLACEMENT_3D ( 'NONE', #1840, #475, #5038 ) ;
#996 = CARTESIAN_POINT ( 'NONE',  ( 1.379999999999999893, 2.280059657658919825, -0.01773143027163289961 ) ) ;
#997 = VECTOR ( 'NONE', #1578, 1000.000000000000000 ) ;
#998 = VERTEX_POINT ( 'NONE', #4865 ) ;
#999 = VERTEX_POINT ( 'NONE', #1832 ) ;
#1000 = EDGE_CURVE ( 'NONE', #2657, #990, #1856, .T. ) ;
#1001 = CARTESIAN_POINT ( 'NONE',  ( 2.879999999999999893, -2.283648034692189910, -1.080207047563970013 ) ) ;
#1002 = CARTESIAN_POINT ( 'NONE',  ( 1.379999999999999893, 2.478158560289779988, -0.4607464548402109838 ) ) ;
#1003 = FACE_BOUND ( 'NONE', #2405, .T. ) ;
#1004 = EDGE_CURVE ( 'NONE', #3778, #2105, #634, .T. ) ;
#1005 = VECTOR ( 'NONE', #876, 1000.000000000000000 ) ;
#1006 = ADVANCED_FACE ( 'NONE', ( #146 ), #2319, .T. ) ;
#1007 = LINE ( 'NONE', #2708, #3155 ) ;
#1008 = CARTESIAN_POINT ( 'NONE',  ( 1.394334220106409949, 2.466484790674880134, 0.1704206895827500290 ) ) ;
#1009 = ORIENTED_EDGE ( 'NONE', *, *, #4486, .F. ) ;
#1010 = LINE ( 'NONE', #4412, #4206 ) ;
#1011 = DIRECTION ( 'NONE',  ( 0.000000000000000000, -0.9313950474772353383, -0.3640099799935140878 ) ) ;
#1012 = VECTOR ( 'NONE', #4981, 999.9999999999998863 ) ;
#1013 = VECTOR ( 'NONE', #4896, 1000.000000000000000 ) ;
#1014 = EDGE_CURVE ( 'NONE', #2576, #3487, #1415, .T. ) ;
#1015 = ORIENTED_EDGE ( 'NONE', *, *, #3159, .T. ) ;
#1016 = VECTOR ( 'NONE', #4431, 1000.000000000000000 ) ;
#1017 = ORIENTED_EDGE ( 'NONE', *, *, #2365, .F. ) ;
#1018 = AXIS2_PLACEMENT_3D ( 'NONE', #2695, #664, #1553 ) ;
#1019 = CARTESIAN_POINT ( 'NONE',  ( 1.394334220106409949, 2.523629592551110079, 0.3948905628675439816 ) ) ;
#1020 = AXIS2_PLACEMENT_3D ( 'NONE', #389, #5477, #2494 ) ;
#1021 = VECTOR ( 'NONE', #1189, 1000.000000000000114 ) ;
#1022 = DIRECTION ( 'NONE',  ( 0.000000000000000000, 1.000000000000000000, 0.000000000000000000 ) ) ;
#1023 = ORIENTED_EDGE ( 'NONE', *, *, #1625, .T. ) ;
#1024 = DIRECTION ( 'NONE',  ( 0.000000000000000000, 0.000000000000000000, -1.000000000000000000 ) ) ;
#1025 = CARTESIAN_POINT ( 'NONE',  ( 1.379999999999999893, 2.483264967316882732, -0.4580349378337292277 ) ) ;
#1026 = CARTESIAN_POINT ( 'NONE',  ( 2.879999999999999893, -1.543091786165730506, -1.254286625618751927 ) ) ;
#1027 = STYLED_ITEM ( 'NONE', ( #3940 ), #4958 ) ;
#1028 = DIRECTION ( 'NONE',  ( 0.000000000000000000, -1.000000000000000000, 0.000000000000000000 ) ) ;
#1029 = VERTEX_POINT ( 'NONE', #1437 ) ;
#1030 = CARTESIAN_POINT ( 'NONE',  ( 1.394334220106409949, 2.520332721926630715, 0.2680507760431249387 ) ) ;
#1031 = PLANE ( 'NONE',  #3350 ) ;
#1032 = CARTESIAN_POINT ( 'NONE',  ( 1.379999999999999893, 2.473698157314389690, -0.4537679110711801966 ) ) ;
#1033 = DIRECTION ( 'NONE',  ( 0.000000000000000000, 0.7144949460127285601, 0.6996406021110180840 ) ) ;
#1034 = EDGE_LOOP ( 'NONE', ( #4332, #4998, #3461, #4189, #57, #547, #1257, #3887, #4470, #5474, #4147, #3182 ) ) ;
#1035 = ADVANCED_FACE ( 'NONE', ( #4023 ), #3145, .F. ) ;
#1036 = LINE ( 'NONE', #3242, #1273 ) ;
#1037 = EDGE_CURVE ( 'NONE', #5441, #3651, #591, .T. ) ;
#1038 = VERTEX_POINT ( 'NONE', #2723 ) ;
#1039 = ORIENTED_EDGE ( 'NONE', *, *, #2273, .T. ) ;
#1040 = CARTESIAN_POINT ( 'NONE',  ( 2.879999999999999893, 0.03232682635326870890, 2.273457506809887008 ) ) ;
#1041 = EDGE_CURVE ( 'NONE', #3897, #451, #3615, .T. ) ;
#1042 = EDGE_CURVE ( 'NONE', #3366, #2613, #1493, .T. ) ;
#1043 = ORIENTED_EDGE ( 'NONE', *, *, #4408, .F. ) ;
#1044 = DIRECTION ( 'NONE',  ( 0.000000000000000000, 0.5000000000000003331, 0.8660254037844383745 ) ) ;
#1045 = DIRECTION ( 'NONE',  ( -0.7071067811865475727, 0.7071067811865474617, 4.329780281316953061E-17 ) ) ;
#1046 = CARTESIAN_POINT ( 'NONE',  ( 1.379999999999999893, 2.224161932931949082, 0.2483908197983754895 ) ) ;
#1047 = CARTESIAN_POINT ( 'NONE',  ( 2.879999999999999893, 1.882174645852090045, -0.9933455343582220376 ) ) ;
#1048 = ORIENTED_EDGE ( 'NONE', *, *, #4853, .T. ) ;
#1049 = EDGE_LOOP ( 'NONE', ( #2111, #1577, #4221, #3444 ) ) ;
#1050 = DIRECTION ( 'NONE',  ( 0.000000000000000000, 0.000000000000000000, -1.000000000000000000 ) ) ;
#1051 = DIRECTION ( 'NONE',  ( 1.000000000000000000, -9.823165143429150141E-30, 2.048885995359006980E-16 ) ) ;
#1052 = LINE ( 'NONE', #1451, #5361 ) ;
#1053 = EDGE_LOOP ( 'NONE', ( #4429, #423, #2647, #680 ) ) ;
#1054 = LINE ( 'NONE', #3605, #4769 ) ;
#1055 = DIRECTION ( 'NONE',  ( -0.000000000000000000, 0.000000000000000000, 1.000000000000000000 ) ) ;
#1056 = CARTESIAN_POINT ( 'NONE',  ( 1.035000000000000586, 3.230005932751144266E-16, -2.637500000000000178 ) ) ;
#1057 = ORIENTED_EDGE ( 'NONE', *, *, #3501, .F. ) ;
#1058 = LINE ( 'NONE', #4098, #1269 ) ;
#1059 = ORIENTED_EDGE ( 'NONE', *, *, #2680, .T. ) ;
#1060 = EDGE_CURVE ( 'NONE', #967, #4719, #2217, .T. ) ;
#1061 = DIRECTION ( 'NONE',  ( 0.000000000000000000, 0.6934400527214931165, 0.7205143255214381259 ) ) ;
#1062 = ORIENTED_EDGE ( 'NONE', *, *, #1520, .T. ) ;
#1063 = DIRECTION ( 'NONE',  ( -1.000000000000000000, -0.000000000000000000, -0.000000000000000000 ) ) ;
#1064 = ORIENTED_EDGE ( 'NONE', *, *, #2429, .F. ) ;
#1065 = DIRECTION ( 'NONE',  ( 0.000000000000000000, 0.9901489287481952672, 0.1400182091686690000 ) ) ;
#1066 = EDGE_CURVE ( 'NONE', #5055, #3757, #5354, .T. ) ;
#1067 = CARTESIAN_POINT ( 'NONE',  ( 1.379999999999999893, 2.482971839966862326, -0.4576594937241262318 ) ) ;
#1068 = EDGE_CURVE ( 'NONE', #4781, #1728, #4471, .T. ) ;
#1069 = CARTESIAN_POINT ( 'NONE',  ( 1.379999999999999227, 0.000000000000000000, 2.535018874235014786E-16 ) ) ;
#1070 = CARTESIAN_POINT ( 'NONE',  ( 1.379999999999999893, 2.380631412769513400, 0.2478931356762776872 ) ) ;
#1071 = VERTEX_POINT ( 'NONE', #1127 ) ;
#1072 = ORIENTED_EDGE ( 'NONE', *, *, #4746, .T. ) ;
#1073 = CIRCLE ( 'NONE', #1793, 1.229500000000000037 ) ;
#1074 = LINE ( 'NONE', #3569, #3597 ) ;
#1075 = CARTESIAN_POINT ( 'NONE',  ( 1.379999999999999893, 2.425090429851580076, 0.1497186355362639942 ) ) ;
#1076 = VECTOR ( 'NONE', #2255, 1000.000000000000114 ) ;
#1077 = FACE_OUTER_BOUND ( 'NONE', #589, .T. ) ;
#1078 = DIRECTION ( 'NONE',  ( 0.000000000000000000, -0.9707037360529232606, -0.2402795388977111146 ) ) ;
#1079 = EDGE_LOOP ( 'NONE', ( #4138, #1057, #5313, #1557 ) ) ;
#1080 = VECTOR ( 'NONE', #2982, 1000.000000000000000 ) ;
#1081 = CARTESIAN_POINT ( 'NONE',  ( 1.379999999999999893, 2.483238627135259780, -0.4169470231355518752 ) ) ;
#1082 = LINE ( 'NONE', #2872, #1197 ) ;
#1083 = LINE ( 'NONE', #1406, #1537 ) ;
#1084 = AXIS2_PLACEMENT_3D ( 'NONE', #4014, #182, #2233 ) ;
#1085 = ORIENTED_EDGE ( 'NONE', *, *, #5029, .T. ) ;
#1086 = CARTESIAN_POINT ( 'NONE',  ( 2.860950000000000326, 2.026937716003220036, -1.424233142191120072 ) ) ;
#1087 = VERTEX_POINT ( 'NONE', #2354 ) ;
#1088 = AXIS2_PLACEMENT_3D ( 'NONE', #434, #4574, #5402 ) ;
#1089 = CIRCLE ( 'NONE', #746, 0.1723194039403180278 ) ;
#1090 = DIRECTION ( 'NONE',  ( -0.000000000000000000, 0.4167973664234326803, 0.9089994253807264224 ) ) ;
#1091 = EDGE_CURVE ( 'NONE', #3433, #3536, #4055, .T. ) ;
#1092 = VECTOR ( 'NONE', #1202, 1000.000000000000000 ) ;
#1093 = AXIS2_PLACEMENT_3D ( 'NONE', #828, #4326, #2652 ) ;
#1094 = ORIENTED_EDGE ( 'NONE', *, *, #2767, .F. ) ;
#1095 = CARTESIAN_POINT ( 'NONE',  ( 1.379999999999999893, 2.280059657658919825, 0.03026883183795530188 ) ) ;
#1096 = EDGE_LOOP ( 'NONE', ( #474, #2234, #1739, #557 ) ) ;
#1097 = CARTESIAN_POINT ( 'NONE',  ( 2.860950000000000326, 2.070502786264021733, -1.449385447233460411 ) ) ;
#1098 = LINE ( 'NONE', #2807, #1811 ) ;
#1099 = FILL_AREA_STYLE_COLOUR ( '', #5023 ) ;
#1100 = LINE ( 'NONE', #594, #667 ) ;
#1101 = EDGE_CURVE ( 'NONE', #233, #5090, #4503, .T. ) ;
#1102 = AXIS2_PLACEMENT_3D ( 'NONE', #3733, #785, #1611 ) ;
#1103 = AXIS2_PLACEMENT_3D ( 'NONE', #780, #1247, #3789 ) ;
#1104 = EDGE_CURVE ( 'NONE', #610, #2684, #2383, .T. ) ;
#1105 = ORIENTED_EDGE ( 'NONE', *, *, #5289, .T. ) ;
#1106 = AXIS2_PLACEMENT_3D ( 'NONE', #4000, #4474, #2321 ) ;
#1107 = ORIENTED_EDGE ( 'NONE', *, *, #2816, .T. ) ;
#1108 = VECTOR ( 'NONE', #3581, 1000.000000000000000 ) ;
#1109 = FACE_OUTER_BOUND ( 'NONE', #4884, .T. ) ;
#1110 = CARTESIAN_POINT ( 'NONE',  ( 2.879999999999999893, -1.700440880330750026, -0.9817499999999980131 ) ) ;
#1111 = AXIS2_PLACEMENT_3D ( 'NONE', #3266, #5255, #4008 ) ;
#1112 = EDGE_CURVE ( 'NONE', #158, #3172, #4108, .T. ) ;
#1113 = EDGE_CURVE ( 'NONE', #4719, #3976, #302, .T. ) ;
#1114 = DIRECTION ( 'NONE',  ( -2.731847993812009470E-16, 0.000000000000000000, 1.000000000000000000 ) ) ;
#1115 = CARTESIAN_POINT ( 'NONE',  ( 1.379999999999999893, 2.414157720176420163, 0.2626768769252310065 ) ) ;
#1116 = ORIENTED_EDGE ( 'NONE', *, *, #2605, .T. ) ;
#1117 = CARTESIAN_POINT ( 'NONE',  ( 1.379999999999999893, 2.033886628395409790, -0.3948934297115659908 ) ) ;
#1118 = PLANE ( 'NONE',  #5266 ) ;
#1119 = DIRECTION ( 'NONE',  ( 0.000000000000000000, -1.000000000000000000, 0.000000000000000000 ) ) ;
#1120 = PLANE ( 'NONE',  #2412 ) ;
#1121 = ORIENTED_EDGE ( 'NONE', *, *, #2670, .T. ) ;
#1122 = DIRECTION ( 'NONE',  ( 1.000000000000000000, 1.224646799147350002E-16, 6.123233995736769734E-17 ) ) ;
#1123 = ORIENTED_EDGE ( 'NONE', *, *, #2605, .F. ) ;
#1124 = DIRECTION ( 'NONE',  ( 0.000000000000000000, -0.5000000000000003331, -0.8660254037844383745 ) ) ;
#1125 = ORIENTED_EDGE ( 'NONE', *, *, #4547, .T. ) ;
#1126 = VERTEX_POINT ( 'NONE', #1550 ) ;
#1127 = CARTESIAN_POINT ( 'NONE',  ( 1.379999999999999893, 1.975537752030240402, 0.3268746884626143046 ) ) ;
#1128 = CARTESIAN_POINT ( 'NONE',  ( 1.394334220106409949, 1.500000000000000000, -2.755454425699892609E-16 ) ) ;
#1129 =( NAMED_UNIT ( * ) SI_UNIT ( $, .STERADIAN. ) SOLID_ANGLE_UNIT ( ) );
#1130 = CYLINDRICAL_SURFACE ( 'NONE', #4100, 2.637500000000000178 ) ;
#1131 = EDGE_LOOP ( 'NONE', ( #2886, #3356, #1932, #4780 ) ) ;
#1132 = EDGE_CURVE ( 'NONE', #799, #1038, #2046, .T. ) ;
#1133 = VERTEX_POINT ( 'NONE', #4527 ) ;
#1134 = LINE ( 'NONE', #1971, #755 ) ;
#1135 = EDGE_CURVE ( 'NONE', #3880, #3512, #1936, .T. ) ;
#1136 = DIRECTION ( 'NONE',  ( -1.000000000000000000, 0.000000000000000000, -0.000000000000000000 ) ) ;
#1137 = ORIENTED_EDGE ( 'NONE', *, *, #805, .F. ) ;
#1138 = LINE ( 'NONE', #1893, #5367 ) ;
#1139 = CARTESIAN_POINT ( 'NONE',  ( 1.379999999999999893, 2.324343390079090188, -0.05286747059647189939 ) ) ;
#1140 = ORIENTED_EDGE ( 'NONE', *, *, #2716, .T. ) ;
#1141 = EDGE_CURVE ( 'NONE', #3660, #2175, #5387, .T. ) ;
#1142 = EDGE_CURVE ( 'NONE', #1242, #1391, #713, .T. ) ;
#1143 = FILL_AREA_STYLE_COLOUR ( '', #2906 ) ;
#1144 = CARTESIAN_POINT ( 'NONE',  ( 1.379999999999999893, 2.324343390079090188, -0.05453024012881569488 ) ) ;
#1145 = DIRECTION ( 'NONE',  ( 1.000000000000000000, 0.000000000000000000, -0.000000000000000000 ) ) ;
#1146 = CARTESIAN_POINT ( 'NONE',  ( 2.879999999999999893, 1.677594408828531058, -1.222539689754220227 ) ) ;
#1147 = ORIENTED_EDGE ( 'NONE', *, *, #3565, .T. ) ;
#1148 = VERTEX_POINT ( 'NONE', #2408 ) ;
#1149 = CARTESIAN_POINT ( 'NONE',  ( 2.860950000000000326, 0.03232682635326870890, 2.417505155565151220 ) ) ;
#1150 = EDGE_LOOP ( 'NONE', ( #2920, #440, #2590, #2248 ) ) ;
#1151 = LINE ( 'NONE', #2804, #1439 ) ;
#1152 = VERTEX_POINT ( 'NONE', #1097 ) ;
#1153 = CARTESIAN_POINT ( 'NONE',  ( 1.379999999999999893, 2.474178410326508093, -0.4637087234193895680 ) ) ;
#1154 = FACE_BOUND ( 'NONE', #3635, .T. ) ;
#1155 = CARTESIAN_POINT ( 'NONE',  ( 2.689500000030875970, 1.125783008324049081E-46, 4.940531349516930562E-16 ) ) ;
#1156 = EDGE_LOOP ( 'NONE', ( #5100, #3737, #4947, #2765 ) ) ;
#1157 = ORIENTED_EDGE ( 'NONE', *, *, #2324, .T. ) ;
#1158 = ORIENTED_EDGE ( 'NONE', *, *, #1769, .F. ) ;
#1159 = CARTESIAN_POINT ( 'NONE',  ( 1.379999999999999893, 2.418816341711010232, 0.2702983817558100021 ) ) ;
#1160 = LINE ( 'NONE', #2871, #4307 ) ;
#1161 = CARTESIAN_POINT ( 'NONE',  ( 1.379999999999999893, 2.497005303495490214, -0.4455356094386749288 ) ) ;
#1162 = EDGE_CURVE ( 'NONE', #1243, #5394, #4943, .T. ) ;
#1163 = VECTOR ( 'NONE', #87, 1000.000000000000000 ) ;
#1164 = EDGE_LOOP ( 'NONE', ( #5076, #4235, #3479, #2139 ) ) ;
#1165 = CARTESIAN_POINT ( 'NONE',  ( 1.379999999999999893, 2.521531062727529804, -0.3948934297115659908 ) ) ;
#1166 = LINE ( 'NONE', #762, #2889 ) ;
#1167 = ORIENTED_EDGE ( 'NONE', *, *, #4922, .F. ) ;
#1168 = LINE ( 'NONE', #19, #3250 ) ;
#1169 = CARTESIAN_POINT ( 'NONE',  ( 1.394334220106409949, 2.492117772841170087, -0.4551746698942920055 ) ) ;
#1170 = VECTOR ( 'NONE', #2931, 1000.000000000000000 ) ;
#1171 = DIRECTION ( 'NONE',  ( 0.000000000000000000, -0.000000000000000000, -1.000000000000000000 ) ) ;
#1172 = EDGE_CURVE ( 'NONE', #617, #622, #4559, .T. ) ;
#1173 = EDGE_CURVE ( 'NONE', #3396, #1243, #2468, .T. ) ;
#1174 = DIRECTION ( 'NONE',  ( 0.000000000000000000, 0.9822529701818383252, 0.1875609302838850967 ) ) ;
#1175 = VECTOR ( 'NONE', #2861, 1000.000000000000000 ) ;
#1176 = ORIENTED_EDGE ( 'NONE', *, *, #1862, .F. ) ;
#1177 = DIRECTION ( 'NONE',  ( -2.536323285099079809E-16, 0.000000000000000000, 1.000000000000000000 ) ) ;
#1178 = ORIENTED_EDGE ( 'NONE', *, *, #1316, .F. ) ;
#1179 = DIRECTION ( 'NONE',  ( -1.000000000000000000, -0.000000000000000000, -0.000000000000000000 ) ) ;
#1180 = VECTOR ( 'NONE', #5079, 1000.000000000000114 ) ;
#1181 = EDGE_CURVE ( 'NONE', #633, #2911, #4140, .T. ) ;
#1182 = VERTEX_POINT ( 'NONE', #5416 ) ;
#1183 = CARTESIAN_POINT ( 'NONE',  ( 1.379999999999999893, 2.316464276463180205, 0.1510640454354519879 ) ) ;
#1184 = ORIENTED_EDGE ( 'NONE', *, *, #1984, .F. ) ;
#1185 = DIRECTION ( 'NONE',  ( 0.000000000000000000, 0.8554820535829588124, 0.5178324593896018735 ) ) ;
#1186 = CARTESIAN_POINT ( 'NONE',  ( 1.379999999999999893, 2.472234731469196589, -0.4540512461815756073 ) ) ;
#1187 = AXIS2_PLACEMENT_3D ( 'NONE', #3584, #4024, #2724 ) ;
#1188 = DIRECTION ( 'NONE',  ( 0.000000000000000000, 0.5000000000000003331, 0.8660254037844383745 ) ) ;
#1189 = DIRECTION ( 'NONE',  ( 0.000000000000000000, 0.9998156855907741614, 0.01919882409550434724 ) ) ;
#1190 = AXIS2_PLACEMENT_3D ( 'NONE', #3392, #441, #4699 ) ;
#1191 = VECTOR ( 'NONE', #3552, 1000.000000000000000 ) ;
#1192 = LINE ( 'NONE', #5036, #3494 ) ;
#1193 = ORIENTED_EDGE ( 'NONE', *, *, #2442, .T. ) ;
#1194 = EDGE_LOOP ( 'NONE', ( #1922, #1176, #4831, #5492 ) ) ;
#1195 = PLANE ( 'NONE',  #2171 ) ;
#1196 = VECTOR ( 'NONE', #5067, 1000.000000000000000 ) ;
#1197 = VECTOR ( 'NONE', #3486, 1000.000000000000114 ) ;
#1198 = DIRECTION ( 'NONE',  ( 0.000000000000000000, -0.1656482450844330434, 0.9861849009696141977 ) ) ;
#1199 = VECTOR ( 'NONE', #2863, 1000.000000000000114 ) ;
#1200 = VECTOR ( 'NONE', #3662, 1000.000000000000114 ) ;
#1201 = VERTEX_POINT ( 'NONE', #1603 ) ;
#1202 = DIRECTION ( 'NONE',  ( 0.000000000000000000, 1.000000000000000000, 0.000000000000000000 ) ) ;
#1203 = VERTEX_POINT ( 'NONE', #3222 ) ;
#1204 = CARTESIAN_POINT ( 'NONE',  ( 1.394334220106409949, 2.092235504760569853, -0.3948934297115659908 ) ) ;
#1205 = DIRECTION ( 'NONE',  ( 1.000000000000000000, -0.000000000000000000, 0.000000000000000000 ) ) ;
#1206 = AXIS2_PLACEMENT_3D ( 'NONE', #4739, #897, #459 ) ;
#1207 = EDGE_CURVE ( 'NONE', #58, #430, #4887, .T. ) ;
#1208 = CARTESIAN_POINT ( 'NONE',  ( 2.860950000000000326, 1.810417492354559288, -0.7912649203304581436 ) ) ;
#1209 = ORIENTED_EDGE ( 'NONE', *, *, #3374, .T. ) ;
#1210 = EDGE_CURVE ( 'NONE', #768, #3625, #2773, .T. ) ;
#1211 = DIRECTION ( 'NONE',  ( 0.000000000000000000, -0.6388582020700609432, -0.7693245073750147878 ) ) ;
#1212 = ORIENTED_EDGE ( 'NONE', *, *, #2399, .T. ) ;
#1213 = EDGE_CURVE ( 'NONE', #517, #2216, #2925, .T. ) ;
#1214 = DIRECTION ( 'NONE',  ( 0.000000000000000000, -0.7693267868930240283, -0.6388554570236179009 ) ) ;
#1215 = ORIENTED_EDGE ( 'NONE', *, *, #706, .F. ) ;
#1216 = ORIENTED_EDGE ( 'NONE', *, *, #1826, .F. ) ;
#1217 = DIRECTION ( 'NONE',  ( 0.000000000000000000, 0.000000000000000000, -1.000000000000000000 ) ) ;
#1218 = PRESENTATION_STYLE_ASSIGNMENT (( #4968 ) ) ;
#1219 = LINE ( 'NONE', #4169, #3872 ) ;
#1220 = ADVANCED_FACE ( 'NONE', ( #5142 ), #84, .T. ) ;
#1221 = EDGE_CURVE ( 'NONE', #4353, #1591, #5057, .T. ) ;
#1222 = DIRECTION ( 'NONE',  ( -1.000000000000000000, -0.000000000000000000, 0.000000000000000000 ) ) ;
#1223 = PLANE ( 'NONE',  #5253 ) ;
#1224 = ORIENTED_EDGE ( 'NONE', *, *, #1352, .T. ) ;
#1225 = CARTESIAN_POINT ( 'NONE',  ( 1.379999999999999893, 2.398268237188459828, 0.01740461005320610016 ) ) ;
#1226 = EDGE_LOOP ( 'NONE', ( #2240, #4099, #1509, #3216 ) ) ;
#1227 = CARTESIAN_POINT ( 'NONE',  ( 1.379999999999999893, 2.421942635116210774, 0.2887058138476609748 ) ) ;
#1228 = DIRECTION ( 'NONE',  ( 0.000000000000000000, -0.8509796880744695535, -0.5251986009926896681 ) ) ;
#1229 = CARTESIAN_POINT ( 'NONE',  ( 0.000000000000000000, 0.000000000000000000, 0.000000000000000000 ) ) ;
#1230 = VERTEX_POINT ( 'NONE', #424 ) ;
#1231 = DIRECTION ( 'NONE',  ( 0.000000000000000000, -1.000000000000000000, 0.000000000000000000 ) ) ;
#1232 = CARTESIAN_POINT ( 'NONE',  ( 2.689500000030876414, 1.027553368039650862E-57, -3.174999999941973350 ) ) ;
#1233 = VERTEX_POINT ( 'NONE', #3033 ) ;
#1234 = CARTESIAN_POINT ( 'NONE',  ( 1.379999999999999893, 2.324343390079090188, 0.1250508761551379910 ) ) ;
#1235 = DIRECTION ( 'NONE',  ( 0.000000000000000000, 0.9999881098214298270, 0.004876496258991010191 ) ) ;
#1236 = CARTESIAN_POINT ( 'NONE',  ( 2.879999999999999893, -1.783111045144269990, -1.392861809400709916 ) ) ;
#1237 = EDGE_LOOP ( 'NONE', ( #2015, #1868 ) ) ;
#1238 = DIRECTION ( 'NONE',  ( 0.000000000000000000, 0.7693245073750147878, -0.6388582020700609432 ) ) ;
#1239 = VERTEX_POINT ( 'NONE', #5083 ) ;
#1240 = DIRECTION ( 'NONE',  ( 0.000000000000000000, -0.4776621095428479347, -0.8785436295979138777 ) ) ;
#1241 = EDGE_CURVE ( 'NONE', #2313, #820, #4466, .T. ) ;
#1242 = VERTEX_POINT ( 'NONE', #800 ) ;
#1243 = VERTEX_POINT ( 'NONE', #2154 ) ;
#1244 = DIRECTION ( 'NONE',  ( 0.000000000000000000, 0.9628491381317983988, 0.2700398807562561232 ) ) ;
#1245 = LINE ( 'NONE', #4645, #5191 ) ;
#1246 = DIRECTION ( 'NONE',  ( -1.000000000000000000, -1.224646799149973211E-16, -6.123233995539503971E-17 ) ) ;
#1247 = DIRECTION ( 'NONE',  ( 0.000000000000000000, 0.9706019575019921852, -0.2406903406730340478 ) ) ;
#1248 = DIRECTION ( 'NONE',  ( 1.000000000000000000, 1.224646799147350002E-16, 6.123233995736769734E-17 ) ) ;
#1249 = ADVANCED_FACE ( 'NONE', ( #3831 ), #3424, .F. ) ;
#1250 = VERTEX_POINT ( 'NONE', #5116 ) ;
#1251 = EDGE_CURVE ( 'NONE', #83, #104, #1305, .T. ) ;
#1252 = ORIENTED_EDGE ( 'NONE', *, *, #3292, .T. ) ;
#1253 = DIRECTION ( 'NONE',  ( -1.000000000000000000, -0.000000000000000000, -0.000000000000000000 ) ) ;
#1254 = DIRECTION ( 'NONE',  ( 0.000000000000000000, 0.000000000000000000, 1.000000000000000000 ) ) ;
#1255 = DIRECTION ( 'NONE',  ( 0.000000000000000000, 0.000000000000000000, -1.000000000000000000 ) ) ;
#1256 = DIRECTION ( 'NONE',  ( 1.000000000000000000, 0.000000000000000000, 0.000000000000000000 ) ) ;
#1257 = ORIENTED_EDGE ( 'NONE', *, *, #1041, .T. ) ;
#1258 = FACE_OUTER_BOUND ( 'NONE', #3191, .T. ) ;
#1259 = ORIENTED_EDGE ( 'NONE', *, *, #5256, .T. ) ;
#1260 = DIRECTION ( 'NONE',  ( 0.000000000000000000, 0.000000000000000000, -1.000000000000000000 ) ) ;
#1261 = LINE ( 'NONE', #3823, #3135 ) ;
#1262 = CARTESIAN_POINT ( 'NONE',  ( 2.879999999999999893, -2.023130304122824352, -1.531436993182672568 ) ) ;
#1263 = AXIS2_PLACEMENT_3D ( 'NONE', #5378, #4548, #4935 ) ;
#1264 = VERTEX_POINT ( 'NONE', #885 ) ;
#1265 = LINE ( 'NONE', #4161, #307 ) ;
#1266 = EDGE_LOOP ( 'NONE', ( #1939, #3628, #1794, #1837 ) ) ;
#1267 = VECTOR ( 'NONE', #5155, 1000.000000000000227 ) ;
#1268 = CARTESIAN_POINT ( 'NONE',  ( 2.609500000062325853, 1.229500000022198947, 2.387448934971102908E-16 ) ) ;
#1269 = VECTOR ( 'NONE', #1510, 1000.000000000000227 ) ;
#1270 = ORIENTED_EDGE ( 'NONE', *, *, #1037, .T. ) ;
#1271 = ORIENTED_EDGE ( 'NONE', *, *, #3449, .F. ) ;
#1272 = CARTESIAN_POINT ( 'NONE',  ( 2.879999999999999893, -2.337828492452859397, -0.9863637419451636301 ) ) ;
#1273 = VECTOR ( 'NONE', #263, 1000.000000000000000 ) ;
#1274 = CARTESIAN_POINT ( 'NONE',  ( 1.394334220106409949, 2.523629592551110079, 0.03526031801316129727 ) ) ;
#1275 = CARTESIAN_POINT ( 'NONE',  ( 1.379999999999999893, 2.440789267712129007, 0.1548669140296848046 ) ) ;
#1276 = PRESENTATION_LAYER_ASSIGNMENT (  '', '', ( #4479 ) ) ;
#1277 = VERTEX_POINT ( 'NONE', #3455 ) ;
#1278 = DIRECTION ( 'NONE',  ( -1.575112114999209447E-16, 0.000000000000000000, 1.000000000000000000 ) ) ;
#1279 = ORIENTED_EDGE ( 'NONE', *, *, #2853, .T. ) ;
#1280 = CARTESIAN_POINT ( 'NONE',  ( 0.6900000000200626760, -2.308490059734417936E-30, 2.064999999989299617 ) ) ;
#1281 = ADVANCED_FACE ( 'NONE', ( #1329 ), #908, .F. ) ;
#1282 = CARTESIAN_POINT ( 'NONE',  ( 2.879999999999999893, -0.1043506507308979980, 2.173161927247199809 ) ) ;
#1283 = FACE_OUTER_BOUND ( 'NONE', #1629, .T. ) ;
#1284 = SHAPE_DEFINITION_REPRESENTATION ( #3051, #76 ) ;
#1285 = VECTOR ( 'NONE', #5182, 1000.000000000000000 ) ;
#1286 = EDGE_CURVE ( 'NONE', #3294, #1895, #502, .T. ) ;
#1287 = MECHANICAL_DESIGN_GEOMETRIC_PRESENTATION_REPRESENTATION (  '', ( #750 ), #2890 ) ;
#1288 = ORIENTED_EDGE ( 'NONE', *, *, #2715, .F. ) ;
#1289 = VECTOR ( 'NONE', #3879, 1000.000000000000114 ) ;
#1290 = CARTESIAN_POINT ( 'NONE',  ( 2.879999999999999893, -0.03601191218881470008, 2.417505155565149888 ) ) ;
#1291 = ORIENTED_EDGE ( 'NONE', *, *, #2574, .F. ) ;
#1292 = DIRECTION ( 'NONE',  ( -1.000000000000000000, -0.000000000000000000, -0.000000000000000000 ) ) ;
#1293 = DIRECTION ( 'NONE',  ( 0.000000000000000000, 0.9571008663759948965, 0.2897549509194279338 ) ) ;
#1294 = EDGE_CURVE ( 'NONE', #3314, #2490, #2950, .T. ) ;
#1295 = EDGE_CURVE ( 'NONE', #922, #3869, #2711, .T. ) ;
#1296 = DIRECTION ( 'NONE',  ( 0.000000000000000000, -0.7714242457508484474, -0.6363211713181753382 ) ) ;
#1297 = PRESENTATION_LAYER_ASSIGNMENT (  '', '', ( #1743 ) ) ;
#1298 = AXIS2_PLACEMENT_3D ( 'NONE', #4449, #4506, #2359 ) ;
#1299 = AXIS2_PLACEMENT_3D ( 'NONE', #121, #1400, #4373 ) ;
#1300 = CARTESIAN_POINT ( 'NONE',  ( 1.379999999999999893, 2.235388494119295189, 0.2243451655698715519 ) ) ;
#1301 = ORIENTED_EDGE ( 'NONE', *, *, #3594, .F. ) ;
#1302 = CARTESIAN_POINT ( 'NONE',  ( 1.379999999999999893, 2.523629592551110079, 0.1250508761551379910 ) ) ;
#1303 = VERTEX_POINT ( 'NONE', #3087 ) ;
#1304 = ORIENTED_EDGE ( 'NONE', *, *, #4910, .F. ) ;
#1305 = LINE ( 'NONE', #2578, #1080 ) ;
#1306 = PLANE ( 'NONE',  #5202 ) ;
#1307 = DIRECTION ( 'NONE',  ( 0.000000000000000000, 0.3863680181001660774, -0.9223447048632901213 ) ) ;
#1308 = CARTESIAN_POINT ( 'NONE',  ( 1.379999999999999893, 2.472865152089830154, -0.4640019752586510560 ) ) ;
#1309 = ORIENTED_EDGE ( 'NONE', *, *, #3292, .F. ) ;
#1310 = FACE_BOUND ( 'NONE', #279, .T. ) ;
#1311 = ORIENTED_EDGE ( 'NONE', *, *, #1851, .F. ) ;
#1312 = LINE ( 'NONE', #1282, #1646 ) ;
#1313 = DIRECTION ( 'NONE',  ( -0.000000000000000000, 0.000000000000000000, 1.000000000000000000 ) ) ;
#1314 = EDGE_CURVE ( 'NONE', #3348, #3380, #2655, .T. ) ;
#1315 = ORIENTED_EDGE ( 'NONE', *, *, #771, .T. ) ;
#1316 = EDGE_CURVE ( 'NONE', #163, #1126, #5264, .T. ) ;
#1317 = DIRECTION ( 'NONE',  ( 0.000000000000000000, 0.2959104772547840323, -0.9552156769289572580 ) ) ;
#1318 = ORIENTED_EDGE ( 'NONE', *, *, #1627, .T. ) ;
#1319 = DIRECTION ( 'NONE',  ( -1.000000000000000000, -0.000000000000000000, -0.000000000000000000 ) ) ;
#1320 = DIRECTION ( 'NONE',  ( 1.000000000000000000, 0.000000000000000000, 0.000000000000000000 ) ) ;
#1321 = FACE_OUTER_BOUND ( 'NONE', #2192, .T. ) ;
#1322 = EDGE_CURVE ( 'NONE', #5241, #4450, #2262, .T. ) ;
#1323 = ADVANCED_FACE ( 'NONE', ( #181 ), #3965, .F. ) ;
#1324 = DIRECTION ( 'NONE',  ( 0.000000000000000000, 0.9427057099412794461, -0.3336254553299377590 ) ) ;
#1325 = ORIENTED_EDGE ( 'NONE', *, *, #3634, .F. ) ;
#1326 = LINE ( 'NONE', #4720, #653 ) ;
#1327 = ORIENTED_EDGE ( 'NONE', *, *, #3839, .T. ) ;
#1328 = ORIENTED_EDGE ( 'NONE', *, *, #3195, .T. ) ;
#1329 = FACE_OUTER_BOUND ( 'NONE', #691, .T. ) ;
#1330 = CARTESIAN_POINT ( 'NONE',  ( 2.879999999999999893, -2.008307592793149965, -1.371832463991289552 ) ) ;
#1331 = LINE ( 'NONE', #3094, #1744 ) ;
#1332 = DIRECTION ( 'NONE',  ( 0.000000000000000000, -0.000000000000000000, -1.000000000000000000 ) ) ;
#1333 = ORIENTED_EDGE ( 'NONE', *, *, #4689, .T. ) ;
#1334 = CARTESIAN_POINT ( 'NONE',  ( 1.394334220106409949, 1.975537752030241290, 0.3268746884626134719 ) ) ;
#1335 = VERTEX_POINT ( 'NONE', #549 ) ;
#1336 = DIRECTION ( 'NONE',  ( 1.000000000000000000, 0.000000000000000000, 0.000000000000000000 ) ) ;
#1337 = CARTESIAN_POINT ( 'NONE',  ( 1.394334220106409949, 2.463272841927400147, -0.4415490844353929800 ) ) ;
#1338 = CARTESIAN_POINT ( 'NONE',  ( 1.379999999999999893, 2.520332721926630715, 0.2680507760431249387 ) ) ;
#1339 = ORIENTED_EDGE ( 'NONE', *, *, #2531, .T. ) ;
#1340 = CARTESIAN_POINT ( 'NONE',  ( 1.394334220106409949, 2.523629592551110079, 0.1250508761551379910 ) ) ;
#1341 = ORIENTED_EDGE ( 'NONE', *, *, #3935, .F. ) ;
#1342 = DIRECTION ( 'NONE',  ( 0.000000000000000000, 0.8660254037844383745, -0.5000000000000003331 ) ) ;
#1343 = FACE_BOUND ( 'NONE', #4022, .T. ) ;
#1344 = DIRECTION ( 'NONE',  ( 0.000000000000000000, 0.000000000000000000, -1.000000000000000000 ) ) ;
#1345 = EDGE_CURVE ( 'NONE', #2759, #3938, #4329, .T. ) ;
#1346 = LINE ( 'NONE', #3052, #4837 ) ;
#1347 = CARTESIAN_POINT ( 'NONE',  ( 1.379999999999999893, 2.503720345611850640, -0.4439715996292692424 ) ) ;
#1348 = EDGE_LOOP ( 'NONE', ( #4861, #3910, #4731, #3657 ) ) ;
#1349 = DIRECTION ( 'NONE',  ( 0.000000000000000000, 0.000000000000000000, -1.000000000000000000 ) ) ;
#1350 = DIRECTION ( 'NONE',  ( 0.000000000000000000, 0.3882672511710585916, 0.9215468201171712614 ) ) ;
#1351 = EDGE_CURVE ( 'NONE', #1264, #253, #3933, .T. ) ;
#1352 = EDGE_CURVE ( 'NONE', #4905, #4272, #1010, .T. ) ;
#1353 = VECTOR ( 'NONE', #767, 1000.000000000000000 ) ;
#1354 = ORIENTED_EDGE ( 'NONE', *, *, #738, .F. ) ;
#1355 = EDGE_LOOP ( 'NONE', ( #3859, #2394, #2948, #1776 ) ) ;
#1356 = DIRECTION ( 'NONE',  ( 1.365923996832131609E-16, 0.000000000000000000, -1.000000000000000000 ) ) ;
#1357 = DIRECTION ( 'NONE',  ( 0.000000000000000000, 0.1329814728554950254, 0.9911185236273122312 ) ) ;
#1358 = EDGE_CURVE ( 'NONE', #3810, #4160, #526, .T. ) ;
#1359 = VECTOR ( 'NONE', #3460, 1000.000000000000000 ) ;
#1360 = CARTESIAN_POINT ( 'NONE',  ( 2.860950000000000326, 0.03232682635326870890, 2.345481331187520002 ) ) ;
#1361 = ORIENTED_EDGE ( 'NONE', *, *, #3972, .F. ) ;
#1362 = CARTESIAN_POINT ( 'NONE',  ( 1.379999999999999893, 2.237535760291229803, -0.2852079774572949811 ) ) ;
#1363 = VECTOR ( 'NONE', #4252, 1000.000000000000000 ) ;
#1364 = DIRECTION ( 'NONE',  ( -1.000000000000000000, 0.000000000000000000, -0.000000000000000000 ) ) ;
#1365 = CARTESIAN_POINT ( 'NONE',  ( 2.860949999999999882, -0.2359217314837394330, 1.963500000000000023 ) ) ;
#1366 = VECTOR ( 'NONE', #2341, 1000.000000000000000 ) ;
#1367 = ORIENTED_EDGE ( 'NONE', *, *, #3604, .T. ) ;
#1368 = VERTEX_POINT ( 'NONE', #4493 ) ;
#1369 = FACE_OUTER_BOUND ( 'NONE', #865, .T. ) ;
#1370 = VECTOR ( 'NONE', #2016, 1000.000000000000114 ) ;
#1371 = CARTESIAN_POINT ( 'NONE',  ( 1.379999999999999893, 2.463272841927400147, -0.4369951808735679788 ) ) ;
#1372 = FACE_OUTER_BOUND ( 'NONE', #5281, .T. ) ;
#1373 = VECTOR ( 'NONE', #4185, 1000.000000000000000 ) ;
#1374 = PRESENTATION_LAYER_ASSIGNMENT (  '', '', ( #750 ) ) ;
#1375 = LINE ( 'NONE', #3962, #2079 ) ;
#1376 = VERTEX_POINT ( 'NONE', #3298 ) ;
#1377 = ORIENTED_CLOSED_SHELL ( 'NONE', *, #3312, .F. );
#1378 = VECTOR ( 'NONE', #2561, 1000.000000000000000 ) ;
#1379 = CIRCLE ( 'NONE', #5196, 3.174999999941973794 ) ;
#1380 = DIRECTION ( 'NONE',  ( 0.000000000000000000, -0.8463804217566077703, -0.5325788032461550303 ) ) ;
#1381 = ADVANCED_FACE ( 'NONE', ( #4957 ), #5405, .T. ) ;
#1382 = VECTOR ( 'NONE', #2900, 1000.000000000000000 ) ;
#1383 = VECTOR ( 'NONE', #5243, 1000.000000000000000 ) ;
#1384 = ORIENTED_EDGE ( 'NONE', *, *, #4340, .T. ) ;
#1385 = EDGE_CURVE ( 'NONE', #986, #4515, #1889, .T. ) ;
#1386 = DIRECTION ( 'NONE',  ( -1.000000000000000000, -0.000000000000000000, -0.000000000000000000 ) ) ;
#1387 = DIRECTION ( 'NONE',  ( 0.000000000000000000, -1.000000000000000000, 0.000000000000000000 ) ) ;
#1388 = VECTOR ( 'NONE', #4850, 1000.000000000000000 ) ;
#1389 = DIRECTION ( 'NONE',  ( -1.000000000000000000, 0.000000000000000000, -0.000000000000000000 ) ) ;
#1390 = ORIENTED_EDGE ( 'NONE', *, *, #1930, .T. ) ;
#1391 = VERTEX_POINT ( 'NONE', #2456 ) ;
#1392 = CARTESIAN_POINT ( 'NONE',  ( 1.379999999999999893, 2.463272841927400147, -0.4482944105905189991 ) ) ;
#1393 = ADVANCED_FACE ( 'NONE', ( #1949 ), #4070, .F. ) ;
#1394 = EDGE_CURVE ( 'NONE', #3380, #1960, #5342, .T. ) ;
#1395 = DIRECTION ( 'NONE',  ( -1.000000000000000000, -0.000000000000000000, -0.000000000000000000 ) ) ;
#1396 = DIRECTION ( 'NONE',  ( 0.000000000000000000, -0.000000000000000000, 1.000000000000000000 ) ) ;
#1397 = ORIENTED_EDGE ( 'NONE', *, *, #3571, .T. ) ;
#1398 = ORIENTED_EDGE ( 'NONE', *, *, #4792, .T. ) ;
#1399 = LINE ( 'NONE', #2223, #2524 ) ;
#1400 = DIRECTION ( 'NONE',  ( 0.000000000000000000, 0.6996406021111239992, -0.7144949460126249763 ) ) ;
#1401 = DIRECTION ( 'NONE',  ( -0.000000000000000000, 0.000000000000000000, 1.000000000000000000 ) ) ;
#1402 = DIRECTION ( 'NONE',  ( 1.000000000000000000, -0.000000000000000000, 0.000000000000000000 ) ) ;
#1403 = LINE ( 'NONE', #5158, #1285 ) ;
#1404 = ORIENTED_EDGE ( 'NONE', *, *, #3876, .F. ) ;
#1405 = DIRECTION ( 'NONE',  ( -0.000000000000000000, 0.1089854748730409995, -0.9940433422475589698 ) ) ;
#1406 = CARTESIAN_POINT ( 'NONE',  ( 1.379999999999999893, 2.324442703374399954, 0.3948905628675439816 ) ) ;
#1407 = UNCERTAINTY_MEASURE_WITH_UNIT (LENGTH_MEASURE( 1.000000000000000082E-05 ), #4594, 'distance_accuracy_value', 'NONE');
#1408 = ORIENTED_EDGE ( 'NONE', *, *, #4755, .F. ) ;
#1409 = ORIENTED_EDGE ( 'NONE', *, *, #1142, .T. ) ;
#1410 = CARTESIAN_POINT ( 'NONE',  ( 1.379999999999999893, 2.377886409619149877, 0.2473798272542700183 ) ) ;
#1411 = EDGE_CURVE ( 'NONE', #236, #3582, #2760, .T. ) ;
#1412 = CARTESIAN_POINT ( 'NONE',  ( 2.034750000000000281, 0.000000000000000000, -3.174999999999999378 ) ) ;
#1413 = ORIENTED_EDGE ( 'NONE', *, *, #3594, .T. ) ;
#1414 = VERTEX_POINT ( 'NONE', #1928 ) ;
#1415 = LINE ( 'NONE', #3562, #4657 ) ;
#1416 = CARTESIAN_POINT ( 'NONE',  ( 1.379999999999999893, 2.216586297605710243, 0.2753454606552779849 ) ) ;
#1417 = CARTESIAN_POINT ( 'NONE',  ( 1.379999999999999893, 2.495373293259610215, -0.4531261570461359023 ) ) ;
#1418 = EDGE_CURVE ( 'NONE', #1947, #752, #3272, .T. ) ;
#1419 = EDGE_CURVE ( 'NONE', #4650, #3826, #3630, .T. ) ;
#1420 = EDGE_LOOP ( 'NONE', ( #2296, #33, #4303, #4202 ) ) ;
#1421 = VERTEX_POINT ( 'NONE', #3212 ) ;
#1422 = DIRECTION ( 'NONE',  ( -0.000000000000000000, -0.000000000000000000, 1.000000000000000000 ) ) ;
#1423 = CARTESIAN_POINT ( 'NONE',  ( 1.379999999999999893, 2.486879519042287434, 0.1903914117194086542 ) ) ;
#1424 = CARTESIAN_POINT ( 'NONE',  ( 1.379999999999999893, 2.092235504760569853, 0.3948905628675439816 ) ) ;
#1425 = DIRECTION ( 'NONE',  ( 0.000000000000000000, 0.9887062354962000699, -0.1498665402647720579 ) ) ;
#1426 = PLANE ( 'NONE',  #4668 ) ;
#1427 = EDGE_LOOP ( 'NONE', ( #3610, #2211, #4893, #3150 ) ) ;
#1428 = CARTESIAN_POINT ( 'NONE',  ( 5.684369440633782656E-11, -1.499999999964529707, -3.864289188931457346E-43 ) ) ;
#1429 = DIRECTION ( 'NONE',  ( -1.000000000000000000, -0.000000000000000000, -0.000000000000000000 ) ) ;
#1430 = ORIENTED_EDGE ( 'NONE', *, *, #3448, .F. ) ;
#1431 = ORIENTED_EDGE ( 'NONE', *, *, #5088, .F. ) ;
#1432 = CARTESIAN_POINT ( 'NONE',  ( 2.860950000000000326, -1.841708557294490234, -1.198728831999249955 ) ) ;
#1433 = VECTOR ( 'NONE', #864, 1000.000000000000114 ) ;
#1434 = FACE_OUTER_BOUND ( 'NONE', #856, .T. ) ;
#1435 = ORIENTED_EDGE ( 'NONE', *, *, #2963, .F. ) ;
#1436 = EDGE_LOOP ( 'NONE', ( #4551, #4328, #1215, #97 ) ) ;
#1437 = CARTESIAN_POINT ( 'NONE',  ( 1.379999999999999893, 2.374112209465140566, 0.01740461005320610016 ) ) ;
#1438 = CARTESIAN_POINT ( 'NONE',  ( 1.379999999999999893, 2.409391591991040027, 0.1445703570428457929 ) ) ;
#1439 = VECTOR ( 'NONE', #2831, 1000.000000000000000 ) ;
#1440 = FACE_OUTER_BOUND ( 'NONE', #4443, .T. ) ;
#1441 = VECTOR ( 'NONE', #1185, 1000.000000000000000 ) ;
#1442 = VERTEX_POINT ( 'NONE', #2822 ) ;
#1443 = EDGE_CURVE ( 'NONE', #2560, #610, #4577, .T. ) ;
#1444 = ORIENTED_EDGE ( 'NONE', *, *, #3763, .F. ) ;
#1445 = CARTESIAN_POINT ( 'NONE',  ( 1.394334220106409949, 2.478836439541399983, -0.4472441201543350120 ) ) ;
#1446 = ADVANCED_FACE ( 'NONE', ( #651 ), #2424, .T. ) ;
#1447 = CARTESIAN_POINT ( 'NONE',  ( 1.394334220106409949, 1.892261543406390079, -0.3948934297115659908 ) ) ;
#1448 = VECTOR ( 'NONE', #2340, 1000.000000000000114 ) ;
#1449 = VECTOR ( 'NONE', #2869, 1000.000000000000114 ) ;
#1450 = CARTESIAN_POINT ( 'NONE',  ( 1.379999999999999893, 2.453637029193500130, 0.1626438018062159874 ) ) ;
#1451 = CARTESIAN_POINT ( 'NONE',  ( 1.394334220106409949, 2.421942635116209885, 0.2887058138476609748 ) ) ;
#1452 = ORIENTED_EDGE ( 'NONE', *, *, #2432, .F. ) ;
#1453 = EDGE_CURVE ( 'NONE', #2275, #4567, #4092, .T. ) ;
#1454 = ADVANCED_FACE ( 'NONE', ( #323 ), #1118, .F. ) ;
#1455 = PLANE ( 'NONE',  #2978 ) ;
#1456 = AXIS2_PLACEMENT_3D ( 'NONE', #178, #5290, #1478 ) ;
#1457 = EDGE_LOOP ( 'NONE', ( #1333, #4130, #4967, #1679, #486, #188, #4961, #814, #197, #1464, #4614, #5078 ) ) ;
#1458 = VECTOR ( 'NONE', #4871, 1000.000000000000000 ) ;
#1459 = VERTEX_POINT ( 'NONE', #1169 ) ;
#1460 = VECTOR ( 'NONE', #4710, 1000.000000000000000 ) ;
#1461 = FACE_OUTER_BOUND ( 'NONE', #4288, .T. ) ;
#1462 = AXIS2_PLACEMENT_3D ( 'NONE', #1416, #4916, #4365 ) ;
#1463 = AXIS2_PLACEMENT_3D ( 'NONE', #3368, #1179, #2946 ) ;
#1464 = ORIENTED_EDGE ( 'NONE', *, *, #1826, .T. ) ;
#1465 = CARTESIAN_POINT ( 'NONE',  ( 1.394334220106409949, 2.381236316858020619, 0.1405888840660876327 ) ) ;
#1466 = DIRECTION ( 'NONE',  ( -1.000000000000000000, -0.000000000000000000, -0.000000000000000000 ) ) ;
#1467 = DIRECTION ( 'NONE',  ( -1.000000000000000000, 0.000000000000000000, -0.000000000000000000 ) ) ;
#1468 = VECTOR ( 'NONE', #1977, 1000.000000000000000 ) ;
#1469 = DIRECTION ( 'NONE',  ( 0.000000000000000000, -0.5000000000000004441, -0.8660254037844384856 ) ) ;
#1470 = VECTOR ( 'NONE', #4485, 1000.000000000000000 ) ;
#1471 = VERTEX_POINT ( 'NONE', #1593 ) ;
#1472 = VERTEX_POINT ( 'NONE', #2880 ) ;
#1473 = CARTESIAN_POINT ( 'NONE',  ( 1.394334220106409949, 2.219308366003919897, -0.05453024012881569488 ) ) ;
#1474 = CARTESIAN_POINT ( 'NONE',  ( 1.379999999999999893, 2.362123067768130191, 0.1402156209745163418 ) ) ;
#1475 = LINE ( 'NONE', #2307, #3441 ) ;
#1476 = EDGE_CURVE ( 'NONE', #2657, #719, #2850, .T. ) ;
#1477 = EDGE_CURVE ( 'NONE', #2313, #5299, #240, .T. ) ;
#1478 = DIRECTION ( 'NONE',  ( 0.000000000000000000, -0.4999999999999990563, 0.8660254037844391517 ) ) ;
#1479 = DIRECTION ( 'NONE',  ( 0.000000000000000000, -0.5000000000000003331, -0.8660254037844383745 ) ) ;
#1480 = ORIENTED_EDGE ( 'NONE', *, *, #3565, .F. ) ;
#1481 = CARTESIAN_POINT ( 'NONE',  ( 2.879999999999999893, -0.1043506507308979980, 2.345481331187520002 ) ) ;
#1482 = DIRECTION ( 'NONE',  ( -1.000000000000000000, 0.000000000000000000, -2.220446049250310123E-16 ) ) ;
#1483 = FACE_OUTER_BOUND ( 'NONE', #1908, .T. ) ;
#1484 = EDGE_CURVE ( 'NONE', #2490, #1619, #109, .T. ) ;
#1485 = EDGE_CURVE ( 'NONE', #2153, #959, #4544, .T. ) ;
#1486 = ORIENTED_EDGE ( 'NONE', *, *, #2097, .T. ) ;
#1487 = CARTESIAN_POINT ( 'NONE',  ( 1.379999999999999893, 2.300047294175300294, 0.1574800423550827833 ) ) ;
#1488 = ORIENTED_EDGE ( 'NONE', *, *, #4376, .F. ) ;
#1489 = DIRECTION ( 'NONE',  ( -1.000000000000000000, 0.000000000000000000, 0.000000000000000000 ) ) ;
#1490 = ORIENTED_EDGE ( 'NONE', *, *, #1173, .T. ) ;
#1491 = CARTESIAN_POINT ( 'NONE',  ( 2.860950000000000326, 1.797337126537981833, -1.265437637551657390 ) ) ;
#1492 = ORIENTED_EDGE ( 'NONE', *, *, #2743, .T. ) ;
#1493 = LINE ( 'NONE', #3200, #3502 ) ;
#1494 = DIRECTION ( 'NONE',  ( 0.000000000000000000, -0.5000000000000004441, -0.8660254037844384856 ) ) ;
#1495 = DIRECTION ( 'NONE',  ( 0.000000000000000000, 0.5000000000000004441, 0.8660254037844384856 ) ) ;
#1496 = CARTESIAN_POINT ( 'NONE',  ( 1.394334220106409949, 2.482780464278099952, -0.4324412773117429776 ) ) ;
#1497 = EDGE_LOOP ( 'NONE', ( #2430, #2059, #5420, #4385 ) ) ;
#1498 = VERTEX_POINT ( 'NONE', #1302 ) ;
#1499 = LINE ( 'NONE', #1864, #495 ) ;
#1500 = CARTESIAN_POINT ( 'NONE',  ( 2.879999999999999893, 1.886350574324889173, -1.316829575592921353 ) ) ;
#1501 = VERTEX_POINT ( 'NONE', #105 ) ;
#1502 = PLANE ( 'NONE',  #4217 ) ;
#1503 = CARTESIAN_POINT ( 'NONE',  ( 2.879999999999999893, -1.848407460854859741, -1.067178545096660436 ) ) ;
#1504 = VERTEX_POINT ( 'NONE', #4271 ) ;
#1505 = DIRECTION ( 'NONE',  ( -0.000000000000000000, 6.993530863780510092E-16, 1.000000000000000000 ) ) ;
#1506 = DIRECTION ( 'NONE',  ( 0.000000000000000000, -0.1089854748730409995, 0.9940433422475589698 ) ) ;
#1507 = EDGE_CURVE ( 'NONE', #458, #5090, #2977, .T. ) ;
#1508 = DIRECTION ( 'NONE',  ( 0.000000000000000000, 0.9829615588624277533, 0.1838112450280069698 ) ) ;
#1509 = ORIENTED_EDGE ( 'NONE', *, *, #378, .T. ) ;
#1510 = DIRECTION ( 'NONE',  ( 0.000000000000000000, -0.9822529701818831782, -0.1875609302836504233 ) ) ;
#1511 = ORIENTED_EDGE ( 'NONE', *, *, #516, .F. ) ;
#1512 = EDGE_CURVE ( 'NONE', #4690, #1661, #2423, .T. ) ;
#1513 = LINE ( 'NONE', #3219, #1633 ) ;
#1514 = ORIENTED_EDGE ( 'NONE', *, *, #615, .F. ) ;
#1515 = DIRECTION ( 'NONE',  ( 0.000000000000000000, 0.5611319948296261684, -0.8277263342304171934 ) ) ;
#1516 = ORIENTED_EDGE ( 'NONE', *, *, #4910, .T. ) ;
#1517 = CARTESIAN_POINT ( 'NONE',  ( 2.880000000000000338, 1.936365843133840192, -1.024632836696539817 ) ) ;
#1518 = DIRECTION ( 'NONE',  ( -1.000000000000000000, 0.000000000000000000, -0.000000000000000000 ) ) ;
#1519 = CARTESIAN_POINT ( 'NONE',  ( 1.379999999999999893, 2.125255814197700044, -0.3948934297115659908 ) ) ;
#1520 = EDGE_CURVE ( 'NONE', #641, #781, #857, .T. ) ;
#1521 = DIRECTION ( 'NONE',  ( 0.000000000000000000, -0.8362669866895625637, -0.5483224662305556940 ) ) ;
#1522 = VECTOR ( 'NONE', #2987, 1000.000000000000000 ) ;
#1523 = ORIENTED_EDGE ( 'NONE', *, *, #4437, .T. ) ;
#1524 = ORIENTED_EDGE ( 'NONE', *, *, #3057, .T. ) ;
#1525 = VECTOR ( 'NONE', #1990, 1000.000000000000000 ) ;
#1526 = CARTESIAN_POINT ( 'NONE',  ( 1.379999999999999893, 2.418473753850460817, 0.2696685361243347234 ) ) ;
#1527 = CARTESIAN_POINT ( 'NONE',  ( 1.394334220106409949, 2.490921390337530017, -0.4417785858748130012 ) ) ;
#1528 = FACE_OUTER_BOUND ( 'NONE', #4078, .T. ) ;
#1529 = VECTOR ( 'NONE', #1602, 1000.000000000000000 ) ;
#1530 = DIRECTION ( 'NONE',  ( 0.000000000000000000, -0.8660254037844391517, -0.4999999999999990563 ) ) ;
#1531 = CARTESIAN_POINT ( 'NONE',  ( 2.879999999999999893, 1.886350574324892504, -1.316829575592921575 ) ) ;
#1532 = ORIENTED_EDGE ( 'NONE', *, *, #1950, .F. ) ;
#1533 = CARTESIAN_POINT ( 'NONE',  ( 2.860950000000000326, 1.941001255865379971, -1.119387942414000081 ) ) ;
#1534 = DIRECTION ( 'NONE',  ( 0.000000000000000000, 1.000000000000000000, 0.000000000000000000 ) ) ;
#1535 = DIRECTION ( 'NONE',  ( 0.000000000000000000, 0.8660254037844384856, -0.5000000000000004441 ) ) ;
#1536 = B_SPLINE_CURVE_WITH_KNOTS ( 'NONE', 3,
 ( #3529, #1767, #3931, #958 ),
 .UNSPECIFIED., .F., .F.,
 ( 4, 4 ),
 ( 0.000000000000000000, 1.000000000000000000 ),
 .UNSPECIFIED. ) ;
#1537 = VECTOR ( 'NONE', #3189, 1000.000000000000000 ) ;
#1538 = CARTESIAN_POINT ( 'NONE',  ( 1.394334220106409949, 2.400816861523380474, 0.2534304449033873974 ) ) ;
#1539 = ORIENTED_EDGE ( 'NONE', *, *, #4207, .F. ) ;
#1540 = ORIENTED_EDGE ( 'NONE', *, *, #1162, .F. ) ;
#1541 = VECTOR ( 'NONE', #4214, 1000.000000000000000 ) ;
#1542 = VECTOR ( 'NONE', #3685, 1000.000000000000000 ) ;
#1543 = DIRECTION ( 'NONE',  ( 0.000000000000000000, 6.993530863780510092E-16, 1.000000000000000000 ) ) ;
#1544 = EDGE_CURVE ( 'NONE', #3582, #1459, #1770, .T. ) ;
#1545 = COLOUR_RGB ( '',0.5098039215686274161, 0.5098039215686274161, 0.5882352941176470784 ) ;
#1546 = EDGE_CURVE ( 'NONE', #1368, #2052, #3420, .T. ) ;
#1547 = VECTOR ( 'NONE', #1737, 1000.000000000000000 ) ;
#1548 = EDGE_LOOP ( 'NONE', ( #2028, #2304, #2508, #3580 ) ) ;
#1549 = CARTESIAN_POINT ( 'NONE',  ( 1.394334220106409949, 2.331064604498490400, 0.3948905628675439816 ) ) ;
#1550 = CARTESIAN_POINT ( 'NONE',  ( 1.394334220106409949, 2.224161932931949082, 0.2483908197983754895 ) ) ;
#1551 = CARTESIAN_POINT ( 'NONE',  ( 1.379999999999999893, 2.471859312447923340, -0.4541518301457663220 ) ) ;
#1552 = SURFACE_STYLE_USAGE ( .BOTH. , #5444 ) ;
#1553 = DIRECTION ( 'NONE',  ( 0.000000000000000000, 0.6322109769216922581, 0.7747962833285402251 ) ) ;
#1554 = VECTOR ( 'NONE', #5249, 1000.000000000000000 ) ;
#1555 = PRESENTATION_LAYER_ASSIGNMENT (  '', '', ( #1821 ) ) ;
#1556 = EDGE_CURVE ( 'NONE', #4586, #2275, #3500, .T. ) ;
#1557 = ORIENTED_EDGE ( 'NONE', *, *, #195, .F. ) ;
#1558 = EDGE_CURVE ( 'NONE', #5032, #4586, #2551, .T. ) ;
#1559 = VECTOR ( 'NONE', #1319, 1000.000000000000000 ) ;
#1560 = ORIENTED_EDGE ( 'NONE', *, *, #2881, .T. ) ;
#1561 = FILL_AREA_STYLE_COLOUR ( '', #45 ) ;
#1562 = CARTESIAN_POINT ( 'NONE',  ( 1.379999999999999893, 2.229775213525620359, 0.2363679926841220080 ) ) ;
#1563 = CARTESIAN_POINT ( 'NONE',  ( 1.394334220106409949, 2.463272841927400147, -0.4667935467042370612 ) ) ;
#1564 = VECTOR ( 'NONE', #2007, 1000.000000000000000 ) ;
#1565 = CARTESIAN_POINT ( 'NONE',  ( 2.879999999999999893, -2.097809233474310364, -0.8477885581632039758 ) ) ;
#1566 = CARTESIAN_POINT ( 'NONE',  ( 2.879999999999999893, -0.1043506507308990111, 1.963500000000000023 ) ) ;
#1567 = ORIENTED_EDGE ( 'NONE', *, *, #3765, .T. ) ;
#1568 = FACE_OUTER_BOUND ( 'NONE', #4600, .T. ) ;
#1569 = CARTESIAN_POINT ( 'NONE',  ( 1.379999999999999893, 2.473336351479594519, -0.4538286831449938608 ) ) ;
#1570 = CARTESIAN_POINT ( 'NONE',  ( 2.879999999999999893, 1.955864932622819907, -1.196427175165369894 ) ) ;
#1571 = LINE ( 'NONE', #2721, #555 ) ;
#1572 = ORIENTED_EDGE ( 'NONE', *, *, #5358, .T. ) ;
#1573 = DIRECTION ( 'NONE',  ( 1.000000000000000000, 1.224646799149973211E-16, 6.123233995539503971E-17 ) ) ;
#1574 = VERTEX_POINT ( 'NONE', #2149 ) ;
#1575 = DIRECTION ( 'NONE',  ( 0.000000000000000000, -1.000000000000000000, 6.993530863780510092E-16 ) ) ;
#1576 = EDGE_LOOP ( 'NONE', ( #2718, #5037, #4463, #4269 ) ) ;
#1577 = ORIENTED_EDGE ( 'NONE', *, *, #2272, .F. ) ;
#1578 = DIRECTION ( 'NONE',  ( 0.000000000000000000, -0.8660254037844210551, 0.5000000000000304201 ) ) ;
#1579 = DIRECTION ( 'NONE',  ( 0.000000000000000000, 0.000000000000000000, -1.000000000000000000 ) ) ;
#1580 = PLANE ( 'NONE',  #4676 ) ;
#1581 = CARTESIAN_POINT ( 'NONE',  ( 1.394334220106409949, 2.503720345611850195, -0.4482944105905189991 ) ) ;
#1582 = EDGE_CURVE ( 'NONE', #3897, #3370, #3088, .T. ) ;
#1583 = CARTESIAN_POINT ( 'NONE',  ( 1.394334220106409949, 2.486879519042287434, 0.1903914117194086542 ) ) ;
#1584 = EDGE_LOOP ( 'NONE', ( #4803, #625, #2449, #3421, #4685, #5495, #3363, #4165, #3114, #4745, #2230, #842, #3230, #118, #310, #2462, #2270, #2756, #4794, #3722, #2930, #4232, #408 ) ) ;
#1585 = VERTEX_POINT ( 'NONE', #5160 ) ;
#1586 = DIRECTION ( 'NONE',  ( -1.000000000000000000, 0.000000000000000000, 0.000000000000000000 ) ) ;
#1587 = PLANE ( 'NONE',  #5277 ) ;
#1588 = EDGE_CURVE ( 'NONE', #4399, #3253, #880, .T. ) ;
#1589 = EDGE_CURVE ( 'NONE', #267, #3810, #5497, .T. ) ;
#1590 = DIRECTION ( 'NONE',  ( 0.000000000000000000, -0.9659317819997988996, -0.2587968170644550092 ) ) ;
#1591 = VERTEX_POINT ( 'NONE', #527 ) ;
#1592 = CARTESIAN_POINT ( 'NONE',  ( 1.394334220106409949, 2.523629592551110079, 0.2959619118670420157 ) ) ;
#1593 = CARTESIAN_POINT ( 'NONE',  ( 2.860950000000000326, -1.725772238865662001, -0.9378747999927830037 ) ) ;
#1594 = EDGE_CURVE ( 'NONE', #3625, #4679, #4779, .T. ) ;
#1595 = CARTESIAN_POINT ( 'NONE',  ( 1.379999999999999893, 2.125255814197700044, 0.3399550943363199851 ) ) ;
#1596 = CARTESIAN_POINT ( 'NONE',  ( 1.394334220106409949, 2.472115022385060090, -0.4641528512049359900 ) ) ;
#1597 = VERTEX_POINT ( 'NONE', #960 ) ;
#1598 = CARTESIAN_POINT ( 'NONE',  ( 2.879999999999999893, 1.810417492354559288, -0.7912649203304581436 ) ) ;
#1599 = EDGE_LOOP ( 'NONE', ( #5363, #565, #3358, #2045 ) ) ;
#1600 = CARTESIAN_POINT ( 'NONE',  ( 1.379999999999999893, 2.471364892680290026, -0.4643037271512217012 ) ) ;
#1601 = ORIENTED_EDGE ( 'NONE', *, *, #2743, .F. ) ;
#1602 = DIRECTION ( 'NONE',  ( -0.000000000000000000, -1.000000000000000000, -0.000000000000000000 ) ) ;
#1603 = CARTESIAN_POINT ( 'NONE',  ( 1.379999999999999893, 2.125255814197700044, 0.3948905628675439816 ) ) ;
#1604 = CARTESIAN_POINT ( 'NONE',  ( 2.860950000000000326, 1.634029338567730028, -1.197387384711880109 ) ) ;
#1605 = CARTESIAN_POINT ( 'NONE',  ( 1.379999999999999893, 2.523434647157660304, 0.2933406405768689829 ) ) ;
#1606 = FACE_OUTER_BOUND ( 'NONE', #5307, .T. ) ;
#1607 = ORIENTED_EDGE ( 'NONE', *, *, #2811, .F. ) ;
#1608 = ORIENTED_EDGE ( 'NONE', *, *, #5088, .T. ) ;
#1609 = ADVANCED_FACE ( 'NONE', ( #1747 ), #464, .F. ) ;
#1610 = PRESENTATION_STYLE_ASSIGNMENT (( #4534 ) ) ;
#1611 = DIRECTION ( 'NONE',  ( 0.000000000000000000, 0.2959104772547840323, -0.9552156769289572580 ) ) ;
#1612 = DIRECTION ( 'NONE',  ( 1.000000000000000000, -0.000000000000000000, 0.000000000000000000 ) ) ;
#1613 = LINE ( 'NONE', #2873, #1564 ) ;
#1614 = ADVANCED_FACE ( 'NONE', ( #443 ), #54, .F. ) ;
#1615 = VECTOR ( 'NONE', #5407, 1000.000000000000000 ) ;
#1616 = EDGE_LOOP ( 'NONE', ( #2803, #2282, #2529, #1644 ) ) ;
#1617 = EDGE_CURVE ( 'NONE', #2194, #3314, #1326, .T. ) ;
#1618 = DIRECTION ( 'NONE',  ( 0.000000000000000000, 0.000000000000000000, -1.000000000000000000 ) ) ;
#1619 = VERTEX_POINT ( 'NONE', #904 ) ;
#1620 = DIRECTION ( 'NONE',  ( 1.000000000000000000, -0.000000000000000000, 0.000000000000000000 ) ) ;
#1621 = DIRECTION ( 'NONE',  ( 0.000000000000000000, 0.4230480959309552702, -0.9061072279422525133 ) ) ;
#1622 = VECTOR ( 'NONE', #429, 1000.000000000000000 ) ;
#1623 = DIRECTION ( 'NONE',  ( 0.000000000000000000, 0.3882672511708761265, 0.9215468201172481999 ) ) ;
#1624 = PRODUCT_DEFINITION_CONTEXT ( 'detailed design', #2824, 'design' ) ;
#1625 = EDGE_CURVE ( 'NONE', #5470, #4272, #2599, .T. ) ;
#1626 = VECTOR ( 'NONE', #3371, 1000.000000000000000 ) ;
#1627 = EDGE_CURVE ( 'NONE', #4556, #2091, #3146, .T. ) ;
#1628 = PLANE ( 'NONE',  #4389 ) ;
#1629 = EDGE_LOOP ( 'NONE', ( #4337, #2648, #2422, #2583, #269 ) ) ;
#1630 = LINE ( 'NONE', #5412, #2628 ) ;
#1631 = AXIS2_PLACEMENT_3D ( 'NONE', #3684, #3653, #4158 ) ;
#1632 = ORIENTED_EDGE ( 'NONE', *, *, #3774, .T. ) ;
#1633 = VECTOR ( 'NONE', #609, 1000.000000000000000 ) ;
#1634 = ORIENTED_EDGE ( 'NONE', *, *, #3774, .F. ) ;
#1635 = CARTESIAN_POINT ( 'NONE',  ( 1.379999999999999893, 2.395313954424529879, 0.1425796205544659911 ) ) ;
#1636 =( GEOMETRIC_REPRESENTATION_CONTEXT ( 3 ) GLOBAL_UNCERTAINTY_ASSIGNED_CONTEXT ( ( #2014 ) ) GLOBAL_UNIT_ASSIGNED_CONTEXT ( ( #3316, #694, #4085 ) ) REPRESENTATION_CONTEXT ( 'NONE', 'WORKASPACE' ) );
#1637 = DIRECTION ( 'NONE',  ( 0.000000000000000000, -0.9089994253807264224, 0.4167973664234326803 ) ) ;
#1638 = FACE_OUTER_BOUND ( 'NONE', #2746, .T. ) ;
#1639 = AXIS2_PLACEMENT_3D ( 'NONE', #5427, #1618, #5015 ) ;
#1640 = COLOUR_RGB ( '',1.000000000000000000, 0.5019607843137254832, 0.2509803921568627416 ) ;
#1641 = CARTESIAN_POINT ( 'NONE',  ( 1.379999999999999893, 2.125161208345000219, -0.1300371779613559986 ) ) ;
#1642 = ORIENTED_EDGE ( 'NONE', *, *, #2817, .T. ) ;
#1643 = LINE ( 'NONE', #2193, #4104 ) ;
#1644 = ORIENTED_EDGE ( 'NONE', *, *, #3096, .F. ) ;
#1645 = DIRECTION ( 'NONE',  ( 0.000000000000000000, 0.1329814728554950254, 0.9911185236273122312 ) ) ;
#1646 = VECTOR ( 'NONE', #3918, 1000.000000000000000 ) ;
#1647 = AXIS2_PLACEMENT_3D ( 'NONE', #2777, #3672, #251 ) ;
#1648 = LINE ( 'NONE', #2534, #2360 ) ;
#1649 = VECTOR ( 'NONE', #3862, 1000.000000000000000 ) ;
#1650 = VECTOR ( 'NONE', #1828, 1000.000000000000000 ) ;
#1651 = ORIENTED_EDGE ( 'NONE', *, *, #5228, .F. ) ;
#1652 = LINE ( 'NONE', #3357, #3678 ) ;
#1653 = ORIENTED_EDGE ( 'NONE', *, *, #1419, .F. ) ;
#1654 = PLANE ( 'NONE',  #5472 ) ;
#1655 = CARTESIAN_POINT ( 'NONE',  ( 2.860949999999999882, -0.1043506507308979980, 2.417505155565149888 ) ) ;
#1656 = VECTOR ( 'NONE', #4609, 1000.000000000000000 ) ;
#1657 = DIRECTION ( 'NONE',  ( -0.000000000000000000, 0.9931668520135531475, 0.1167030593493130208 ) ) ;
#1658 = EDGE_CURVE ( 'NONE', #3465, #871, #3394, .T. ) ;
#1659 = ORIENTED_EDGE ( 'NONE', *, *, #5391, .T. ) ;
#1660 = LINE ( 'NONE', #2099, #4483 ) ;
#1661 = VERTEX_POINT ( 'NONE', #1268 ) ;
#1662 = PLANE ( 'NONE',  #2180 ) ;
#1663 = ADVANCED_FACE ( 'NONE', ( #2714 ), #2761, .F. ) ;
#1664 = EDGE_CURVE ( 'NONE', #1421, #2021, #4355, .T. ) ;
#1665 = EDGE_LOOP ( 'NONE', ( #2981, #3453, #2566, #1830 ) ) ;
#1666 = ORIENTED_EDGE ( 'NONE', *, *, #5161, .F. ) ;
#1667 = CARTESIAN_POINT ( 'NONE',  ( 1.379999999999999893, 2.324343390079090188, 0.01740461005320610016 ) ) ;
#1668 = CARTESIAN_POINT ( 'NONE',  ( 2.880000000000000338, -2.192195559949229988, -1.053329161976400252 ) ) ;
#1669 = ORIENTED_EDGE ( 'NONE', *, *, #1172, .F. ) ;
#1670 = ORIENTED_EDGE ( 'NONE', *, *, #3065, .F. ) ;
#1671 = CARTESIAN_POINT ( 'NONE',  ( 1.394334220106409949, 2.375141406468780580, 0.2468665188322604620 ) ) ;
#1672 = ORIENTED_EDGE ( 'NONE', *, *, #3929, .T. ) ;
#1673 = FACE_OUTER_BOUND ( 'NONE', #1420, .T. ) ;
#1674 = DIRECTION ( 'NONE',  ( 1.000000000000000000, -0.000000000000000000, 0.000000000000000000 ) ) ;
#1675 = DIRECTION ( 'NONE',  ( -1.000000000000000000, -1.445602896626741512E-16, -0.000000000000000000 ) ) ;
#1676 = VERTEX_POINT ( 'NONE', #2682 ) ;
#1677 = CARTESIAN_POINT ( 'NONE',  ( 1.379999999999999893, 2.170392839890789904, 0.2851052010991320107 ) ) ;
#1678 = LINE ( 'NONE', #2421, #2701 ) ;
#1679 = ORIENTED_EDGE ( 'NONE', *, *, #3935, .T. ) ;
#1680 = CARTESIAN_POINT ( 'NONE',  ( 1.394334220106409949, 2.490779014444560069, -0.4649539812295779839 ) ) ;
#1681 = CARTESIAN_POINT ( 'NONE',  ( 1.394334220106409949, 2.280059657658919825, -0.05286747059647189939 ) ) ;
#1682 = LINE ( 'NONE', #3450, #2160 ) ;
#1683 = ORIENTED_EDGE ( 'NONE', *, *, #1860, .F. ) ;
#1684 = PLANE ( 'NONE',  #1190 ) ;
#1685 = ORIENTED_EDGE ( 'NONE', *, *, #2169, .T. ) ;
#1686 = ADVANCED_FACE ( 'NONE', ( #4414 ), #4461, .T. ) ;
#1687 = DIRECTION ( 'NONE',  ( 0.000000000000000000, 0.9998156855907736063, 0.01919882409554029765 ) ) ;
#1688 = EDGE_CURVE ( 'NONE', #2860, #617, #550, .T. ) ;
#1689 = VERTEX_POINT ( 'NONE', #5240 ) ;
#1690 = VERTEX_POINT ( 'NONE', #3577 ) ;
#1691 = CARTESIAN_POINT ( 'NONE',  ( 1.394334220106409949, 2.336132259871180228, 0.2556232938952670009 ) ) ;
#1692 = EDGE_CURVE ( 'NONE', #4075, #3996, #2266, .T. ) ;
#1693 = CARTESIAN_POINT ( 'NONE',  ( 1.394334220106409949, 2.481543631422490570, -0.4482944105905189991 ) ) ;
#1694 = LINE ( 'NONE', #5085, #4047 ) ;
#1695 = FILL_AREA_STYLE_COLOUR ( '', #4220 ) ;
#1696 = CARTESIAN_POINT ( 'NONE',  ( -3.857637417314163675E-16, 2.571758278209441957E-16, 2.100000000000000089 ) ) ;
#1697 = ORIENTED_EDGE ( 'NONE', *, *, #3758, .F. ) ;
#1698 = DIRECTION ( 'NONE',  ( 1.000000000000000000, -0.000000000000000000, 0.000000000000000000 ) ) ;
#1699 = ORIENTED_EDGE ( 'NONE', *, *, #2096, .F. ) ;
#1700 = CARTESIAN_POINT ( 'NONE',  ( 2.879999999999999893, 1.936365843133839304, -1.024632836696539595 ) ) ;
#1701 = EDGE_CURVE ( 'NONE', #1472, #1250, #131, .T. ) ;
#1702 = ADVANCED_FACE ( 'NONE', ( #1898 ), #241, .T. ) ;
#1703 = DIRECTION ( 'NONE',  ( 0.000000000000000000, 0.9090442707885078022, 0.4166995485317808168 ) ) ;
#1704 = DIRECTION ( 'NONE',  ( 0.000000000000000000, -0.9861849009696140866, -0.1656482450844330157 ) ) ;
#1705 = ORIENTED_EDGE ( 'NONE', *, *, #4877, .F. ) ;
#1706 = LINE ( 'NONE', #4954, #4572 ) ;
#1707 = ORIENTED_EDGE ( 'NONE', *, *, #1037, .F. ) ;
#1708 = CARTESIAN_POINT ( 'NONE',  ( 1.394334220106409949, 2.331064604498490400, 0.2959619118670420157 ) ) ;
#1709 = DIRECTION ( 'NONE',  ( 0.000000000000000000, 0.4212021854523388398, 0.9069667683935136449 ) ) ;
#1710 = DIRECTION ( 'NONE',  ( 0.000000000000000000, -0.5000000000000107692, 0.8660254037844323793 ) ) ;
#1711 = AXIS2_PLACEMENT_3D ( 'NONE', #4683, #2557, #2609 ) ;
#1712 = LINE ( 'NONE', #5024, #4477 ) ;
#1713 = ORIENTED_EDGE ( 'NONE', *, *, #3776, .F. ) ;
#1714 = VECTOR ( 'NONE', #5385, 1000.000000000000000 ) ;
#1715 = DIRECTION ( 'NONE',  ( 0.000000000000000000, 1.000000000000000000, 0.000000000000000000 ) ) ;
#1716 = VECTOR ( 'NONE', #1336, 1000.000000000000000 ) ;
#1717 = ORIENTED_EDGE ( 'NONE', *, *, #3669, .T. ) ;
#1718 = ORIENTED_EDGE ( 'NONE', *, *, #2315, .F. ) ;
#1719 = LINE ( 'NONE', #1796, #2086 ) ;
#1720 = VECTOR ( 'NONE', #81, 1000.000000000000000 ) ;
#1721 = FACE_OUTER_BOUND ( 'NONE', #372, .T. ) ;
#1722 = ADVANCED_FACE ( 'NONE', ( #3608 ), #4802, .F. ) ;
#1723 = ADVANCED_FACE ( 'NONE', ( #3532 ), #1455, .F. ) ;
#1724 = CARTESIAN_POINT ( 'NONE',  ( 2.860950000000000326, -1.783111045144269990, -1.392861809400709916 ) ) ;
#1725 = VECTOR ( 'NONE', #5135, 1000.000000000000000 ) ;
#1726 = VERTEX_POINT ( 'NONE', #5214 ) ;
#1727 = FACE_OUTER_BOUND ( 'NONE', #4707, .T. ) ;
#1728 = VERTEX_POINT ( 'NONE', #984 ) ;
#1729 = CARTESIAN_POINT ( 'NONE',  ( 1.394334220106409949, 1.499999999999999334, 2.899249020839478651E-19 ) ) ;
#1730 = VECTOR ( 'NONE', #2758, 1000.000000000000000 ) ;
#1731 = VECTOR ( 'NONE', #2788, 1000.000000000000000 ) ;
#1732 = ADVANCED_FACE ( 'NONE', ( #1483 ), #3967, .T. ) ;
#1733 = EDGE_CURVE ( 'NONE', #5394, #356, #2737, .T. ) ;
#1734 = ORIENTED_EDGE ( 'NONE', *, *, #4547, .F. ) ;
#1735 = VECTOR ( 'NONE', #2251, 1000.000000000000000 ) ;
#1736 = VECTOR ( 'NONE', #3951, 1000.000000000000000 ) ;
#1737 = DIRECTION ( 'NONE',  ( 0.000000000000000000, 0.1759558990890549290, -0.9843980503717804087 ) ) ;
#1738 = CARTESIAN_POINT ( 'NONE',  ( 2.879999999999999893, 2.133761685484228732, -1.138599379414459767 ) ) ;
#1739 = ORIENTED_EDGE ( 'NONE', *, *, #2004, .T. ) ;
#1740 = LINE ( 'NONE', #2625, #2544 ) ;
#1741 = DIRECTION ( 'NONE',  ( 0.000000000000000000, -0.9980805391703142515, 0.06192929298397122778 ) ) ;
#1742 = CARTESIAN_POINT ( 'NONE',  ( 1.394334220106409949, 2.440789267712129895, 0.1548669140296830005 ) ) ;
#1743 = STYLED_ITEM ( 'NONE', ( #2441 ), #4784 ) ;
#1744 = VECTOR ( 'NONE', #3942, 1000.000000000000114 ) ;
#1745 = FACE_OUTER_BOUND ( 'NONE', #3459, .T. ) ;
#1746 = ORIENTED_EDGE ( 'NONE', *, *, #3130, .T. ) ;
#1747 = FACE_OUTER_BOUND ( 'NONE', #770, .T. ) ;
#1748 = EDGE_LOOP ( 'NONE', ( #4978, #4724, #5245, #2939 ) ) ;
#1749 = ORIENTED_EDGE ( 'NONE', *, *, #2762, .F. ) ;
#1750 = LINE ( 'NONE', #862, #3437 ) ;
#1751 = DIRECTION ( 'NONE',  ( -0.000000000000000000, 0.000000000000000000, 1.000000000000000000 ) ) ;
#1752 = DIRECTION ( 'NONE',  ( 0.000000000000000000, 0.9628491381317983988, 0.2700398807562561232 ) ) ;
#1753 = VERTEX_POINT ( 'NONE', #3112 ) ;
#1754 = LINE ( 'NONE', #3349, #825 ) ;
#1755 = ORIENTED_EDGE ( 'NONE', *, *, #141, .T. ) ;
#1756 = CARTESIAN_POINT ( 'NONE',  ( 1.394334220106409949, 1.975537752030239957, 0.3948905628675439816 ) ) ;
#1757 = EDGE_CURVE ( 'NONE', #719, #2361, #160, .T. ) ;
#1758 = CARTESIAN_POINT ( 'NONE',  ( 1.394334220106409949, 2.125255814197700044, -0.07459528143377230913 ) ) ;
#1759 = ORIENTED_EDGE ( 'NONE', *, *, #1060, .T. ) ;
#1760 = CARTESIAN_POINT ( 'NONE',  ( 1.379999999999999893, 2.463272841927400147, -0.4324412773117429776 ) ) ;
#1761 = ORIENTED_EDGE ( 'NONE', *, *, #2539, .T. ) ;
#1762 = EDGE_CURVE ( 'NONE', #2613, #1201, #1083, .T. ) ;
#1763 = EDGE_CURVE ( 'NONE', #1264, #5346, #1845, .T. ) ;
#1764 = PLANE ( 'NONE',  #2630 ) ;
#1765 = FACE_BOUND ( 'NONE', #295, .T. ) ;
#1766 = PLANE ( 'NONE',  #4299 ) ;
#1767 = CARTESIAN_POINT ( 'NONE',  ( 1.379999999999999893, 2.473302904835390059, -0.4639042246455646890 ) ) ;
#1768 = ORIENTED_EDGE ( 'NONE', *, *, #1476, .F. ) ;
#1769 = EDGE_CURVE ( 'NONE', #2091, #4556, #2973, .T. ) ;
#1770 = LINE ( 'NONE', #3477, #1806 ) ;
#1771 = ORIENTED_EDGE ( 'NONE', *, *, #2325, .F. ) ;
#1772 = ORIENTED_EDGE ( 'NONE', *, *, #1484, .F. ) ;
#1773 = CARTESIAN_POINT ( 'NONE',  ( 1.379999999999999893, 2.418473753850442165, 0.2696685361242948109 ) ) ;
#1774 = LINE ( 'NONE', #4359, #2073 ) ;
#1775 = CARTESIAN_POINT ( 'NONE',  ( 1.379999999999999893, 2.463431047482677272, -0.4568581317406079645 ) ) ;
#1776 = ORIENTED_EDGE ( 'NONE', *, *, #4037, .T. ) ;
#1777 = CARTESIAN_POINT ( 'NONE',  ( 2.860949999999999882, -0.1043506507308980119, 2.273457506809879902 ) ) ;
#1778 = PLANE ( 'NONE',  #1814 ) ;
#1779 = CARTESIAN_POINT ( 'NONE',  ( 0.1592307692307690092, 0.000000000000000000, 2.925021777963490072E-17 ) ) ;
#1780 = ORIENTED_EDGE ( 'NONE', *, *, #3966, .F. ) ;
#1781 = ORIENTED_EDGE ( 'NONE', *, *, #169, .T. ) ;
#1782 = CARTESIAN_POINT ( 'NONE',  ( 1.379999999999999893, 2.215529865583869995, 0.2832232613413609990 ) ) ;
#1783 = DIRECTION ( 'NONE',  ( 0.000000000000000000, 0.2179336182189489934, -0.9759635946335279977 ) ) ;
#1784 = FACE_OUTER_BOUND ( 'NONE', #2988, .T. ) ;
#1785 = CARTESIAN_POINT ( 'NONE',  ( 1.379999999999999893, 2.482609094366899694, -0.4574340979242982885 ) ) ;
#1786 = EDGE_CURVE ( 'NONE', #4522, #1133, #1036, .T. ) ;
#1787 = DIRECTION ( 'NONE',  ( 0.000000000000000000, 0.000000000000000000, -1.000000000000000000 ) ) ;
#1788 = DIRECTION ( 'NONE',  ( 1.000000000000000000, 0.000000000000000000, 0.000000000000000000 ) ) ;
#1789 = VERTEX_POINT ( 'NONE', #4496 ) ;
#1790 = DIRECTION ( 'NONE',  ( 0.000000000000000000, 1.446062786454854200E-19, 1.000000000000000000 ) ) ;
#1791 = EDGE_CURVE ( 'NONE', #1421, #1947, #4383, .T. ) ;
#1792 = ADVANCED_FACE ( 'NONE', ( #682 ), #2374, .F. ) ;
#1793 = AXIS2_PLACEMENT_3D ( 'NONE', #3377, #1248, #4649 ) ;
#1794 = ORIENTED_EDGE ( 'NONE', *, *, #674, .F. ) ;
#1795 = ORIENTED_EDGE ( 'NONE', *, *, #2999, .F. ) ;
#1796 = CARTESIAN_POINT ( 'NONE',  ( 1.394334220106409949, 2.485296480058409863, -0.4482944105905189991 ) ) ;
#1797 = DIRECTION ( 'NONE',  ( -1.000000000000000000, 0.000000000000000000, -0.000000000000000000 ) ) ;
#1798 = COLOUR_RGB ( '',1.000000000000000000, 0.5019607843137254832, 0.2509803921568627416 ) ;
#1799 = LINE ( 'NONE', #4360, #2504 ) ;
#1800 = VERTEX_POINT ( 'NONE', #1208 ) ;
#1801 = ORIENTED_EDGE ( 'NONE', *, *, #5349, .T. ) ;
#1802 = PLANE ( 'NONE',  #5345 ) ;
#1803 = AXIS2_PLACEMENT_3D ( 'NONE', #3119, #218, #1024 ) ;
#1804 = LINE ( 'NONE', #4766, #4487 ) ;
#1805 = DIRECTION ( 'NONE',  ( 0.000000000000000000, 1.000000000000000000, 0.000000000000000000 ) ) ;
#1806 = VECTOR ( 'NONE', #1380, 1000.000000000000227 ) ;
#1807 = EDGE_LOOP ( 'NONE', ( #2596, #4068, #3739, #2805 ) ) ;
#1808 = ORIENTED_EDGE ( 'NONE', *, *, #1791, .T. ) ;
#1809 = CARTESIAN_POINT ( 'NONE',  ( 1.379999999999999893, 2.485296480058409863, -0.4476606227666151128 ) ) ;
#1810 = VECTOR ( 'NONE', #2229, 1000.000000000000114 ) ;
#1811 = VECTOR ( 'NONE', #4620, 1000.000000000000000 ) ;
#1812 = PLANE ( 'NONE',  #3961 ) ;
#1813 = LINE ( 'NONE', #5210, #4555 ) ;
#1814 = AXIS2_PLACEMENT_3D ( 'NONE', #4790, #4315, #5170 ) ;
#1815 = VECTOR ( 'NONE', #1964, 1000.000000000000114 ) ;
#1816 = FACE_OUTER_BOUND ( 'NONE', #2826, .T. ) ;
#1817 = LINE ( 'NONE', #3475, #3422 ) ;
#1818 = EDGE_LOOP ( 'NONE', ( #189, #3896, #3784, #94 ) ) ;
#1819 = VECTOR ( 'NONE', #1364, 1000.000000000000000 ) ;
#1820 = ADVANCED_FACE ( 'NONE', ( #3771 ), #5406, .F. ) ;
#1821 = STYLED_ITEM ( 'NONE', ( #3753 ), #3030 ) ;
#1822 = DIRECTION ( 'NONE',  ( 0.000000000000000000, 0.3640099799935140878, -0.9313950474772353383 ) ) ;
#1823 =( GEOMETRIC_REPRESENTATION_CONTEXT ( 3 ) GLOBAL_UNCERTAINTY_ASSIGNED_CONTEXT ( ( #2459 ) ) GLOBAL_UNIT_ASSIGNED_CONTEXT ( ( #3701, #802, #2637 ) ) REPRESENTATION_CONTEXT ( 'NONE', 'WORKASPACE' ) );
#1824 = ORIENTED_EDGE ( 'NONE', *, *, #465, .T. ) ;
#1825 = VERTEX_POINT ( 'NONE', #2823 ) ;
#1826 = EDGE_CURVE ( 'NONE', #1152, #1472, #793, .T. ) ;
#1827 = ADVANCED_FACE ( 'NONE', ( #4127 ), #2397, .F. ) ;
#1828 = DIRECTION ( 'NONE',  ( 0.000000000000000000, -0.000000000000000000, 1.000000000000000000 ) ) ;
#1829 = PLANE ( 'NONE',  #1263 ) ;
#1830 = ORIENTED_EDGE ( 'NONE', *, *, #3295, .F. ) ;
#1831 = VECTOR ( 'NONE', #5425, 1000.000000000000000 ) ;
#1832 = CARTESIAN_POINT ( 'NONE',  ( 2.879999999999999893, 0.06360232754342419470, 2.517800735127834422 ) ) ;
#1833 = LINE ( 'NONE', #969, #4570 ) ;
#1834 = PLANE ( 'NONE',  #3164 ) ;
#1835 = FACE_OUTER_BOUND ( 'NONE', #835, .T. ) ;
#1836 = VERTEX_POINT ( 'NONE', #5018 ) ;
#1837 = ORIENTED_EDGE ( 'NONE', *, *, #1041, .F. ) ;
#1838 = CARTESIAN_POINT ( 'NONE',  ( 1.379999999999999893, 2.374112209465140566, 0.03026883183795530188 ) ) ;
#1839 = LINE ( 'NONE', #1500, #1388 ) ;
#1840 = CARTESIAN_POINT ( 'NONE',  ( 2.879999999999999893, -1.763491390772189890E-16, 1.492250000000000076 ) ) ;
#1841 = CARTESIAN_POINT ( 'NONE',  ( 1.394334220106409949, 2.478158560289779988, -0.4607464548402109838 ) ) ;
#1842 = LINE ( 'NONE', #524, #4753 ) ;
#1843 = VERTEX_POINT ( 'NONE', #2012 ) ;
#1844 = CARTESIAN_POINT ( 'NONE',  ( 1.394334220106409949, 2.217642729627559817, 0.2694351750210020047 ) ) ;
#1845 = LINE ( 'NONE', #3554, #4662 ) ;
#1846 = EDGE_CURVE ( 'NONE', #104, #2613, #3655, .T. ) ;
#1847 = UNCERTAINTY_MEASURE_WITH_UNIT (LENGTH_MEASURE( 1.000000000000000082E-05 ), #454, 'distance_accuracy_value', 'NONE');
#1848 = ORIENTED_EDGE ( 'NONE', *, *, #4267, .F. ) ;
#1849 = VERTEX_POINT ( 'NONE', #1979 ) ;
#1850 = DIRECTION ( 'NONE',  ( -1.000000000000000000, -0.000000000000000000, -0.000000000000000000 ) ) ;
#1851 = EDGE_CURVE ( 'NONE', #5151, #4627, #4985, .T. ) ;
#1852 = PLANE ( 'NONE',  #4013 ) ;
#1853 = ADVANCED_FACE ( 'NONE', ( #3273 ), #4094, .F. ) ;
#1854 = VERTEX_POINT ( 'NONE', #4519 ) ;
#1855 = EDGE_LOOP ( 'NONE', ( #1642, #3419, #2067, #2347 ) ) ;
#1856 = LINE ( 'NONE', #2664, #4827 ) ;
#1857 = CARTESIAN_POINT ( 'NONE',  ( 1.394334220106409949, 2.092235504760569853, -1.201324054226029950E-06 ) ) ;
#1858 = LINE ( 'NONE', #4867, #5468 ) ;
#1859 = DIRECTION ( 'NONE',  ( 0.000000000000000000, -0.000000000000000000, -1.000000000000000000 ) ) ;
#1860 = EDGE_CURVE ( 'NONE', #4931, #5055, #5377, .T. ) ;
#1861 = EDGE_LOOP ( 'NONE', ( #4215, #4454 ) ) ;
#1862 = EDGE_CURVE ( 'NONE', #3757, #2974, #2425, .T. ) ;
#1863 = ORIENTED_EDGE ( 'NONE', *, *, #3624, .F. ) ;
#1864 = CARTESIAN_POINT ( 'NONE',  ( 1.379999999999999893, 2.463272841927400147, -0.4324412773117429776 ) ) ;
#1865 = FACE_OUTER_BOUND ( 'NONE', #1427, .T. ) ;
#1866 = PLANE ( 'NONE',  #660 ) ;
#1867 = DIRECTION ( 'NONE',  ( 1.000000000000000000, -0.000000000000000000, 0.000000000000000000 ) ) ;
#1868 = ORIENTED_EDGE ( 'NONE', *, *, #5193, .T. ) ;
#1869 = DIRECTION ( 'NONE',  ( 1.000000000000000000, -0.000000000000000000, 0.000000000000000000 ) ) ;
#1870 = ORIENTED_EDGE ( 'NONE', *, *, #2892, .T. ) ;
#1871 = ORIENTED_EDGE ( 'NONE', *, *, #2130, .T. ) ;
#1872 = DIRECTION ( 'NONE',  ( 0.000000000000000000, -0.9089994253807264224, 0.4167973664234326803 ) ) ;
#1873 = VECTOR ( 'NONE', #4172, 1000.000000000000114 ) ;
#1874 = EDGE_LOOP ( 'NONE', ( #205, #3478 ) ) ;
#1875 = ORIENTED_EDGE ( 'NONE', *, *, #2315, .T. ) ;
#1876 = DIRECTION ( 'NONE',  ( 0.000000000000000000, -0.4999999999999990563, 0.8660254037844391517 ) ) ;
#1877 = LINE ( 'NONE', #3100, #2787 ) ;
#1878 = EDGE_CURVE ( 'NONE', #1201, #158, #3715, .T. ) ;
#1879 = LINE ( 'NONE', #1519, #3247 ) ;
#1880 = AXIS2_PLACEMENT_3D ( 'NONE', #3611, #4052, #268 ) ;
#1881 = DIRECTION ( 'NONE',  ( 1.836970198721030181E-16, 0.000000000000000000, -1.000000000000000000 ) ) ;
#1882 = EDGE_CURVE ( 'NONE', #3674, #27, #3743, .T. ) ;
#1883 = VECTOR ( 'NONE', #2439, 1000.000000000000114 ) ;
#1884 = ORIENTED_EDGE ( 'NONE', *, *, #572, .F. ) ;
#1885 = ORIENTED_EDGE ( 'NONE', *, *, #2597, .F. ) ;
#1886 = DIRECTION ( 'NONE',  ( 1.000000000000000000, 0.000000000000000000, 0.000000000000000000 ) ) ;
#1887 = CARTESIAN_POINT ( 'NONE',  ( 1.394334220106409949, 2.483238627135259780, -0.4477264981797819954 ) ) ;
#1888 = ADVANCED_FACE ( 'NONE', ( #3328 ), #4578, .F. ) ;
#1889 = CIRCLE ( 'NONE', #298, 2.100000000000000089 ) ;
#1890 = ADVANCED_FACE ( 'NONE', ( #4159 ), #3362, .F. ) ;
#1891 = EDGE_LOOP ( 'NONE', ( #2558, #5373, #3010, #3764 ) ) ;
#1892 = VECTOR ( 'NONE', #899, 1000.000000000000000 ) ;
#1893 = CARTESIAN_POINT ( 'NONE',  ( 2.860950000000000326, -0.08615970197015750121, 2.517800735127829981 ) ) ;
#1894 = LINE ( 'NONE', #4897, #2167 ) ;
#1895 = VERTEX_POINT ( 'NONE', #2793 ) ;
#1896 = DIRECTION ( 'NONE',  ( 1.000000000000000000, -0.000000000000000000, 0.000000000000000000 ) ) ;
#1897 = CARTESIAN_POINT ( 'NONE',  ( 1.379999999999999893, 2.422424264911790193, 0.03026883183795530188 ) ) ;
#1898 = FACE_OUTER_BOUND ( 'NONE', #4507, .T. ) ;
#1899 = VECTOR ( 'NONE', #381, 1000.000000000000000 ) ;
#1900 = VECTOR ( 'NONE', #388, 1000.000000000000000 ) ;
#1901 = ORIENTED_EDGE ( 'NONE', *, *, #133, .T. ) ;
#1902 = VECTOR ( 'NONE', #3041, 1000.000000000000000 ) ;
#1903 = EDGE_LOOP ( 'NONE', ( #1870, #3476 ) ) ;
#1904 = AXIS2_PLACEMENT_3D ( 'NONE', #5149, #1313, #2618 ) ;
#1905 = DIRECTION ( 'NONE',  ( 0.000000000000000000, -0.9450420697512533774, 0.3269487519478661564 ) ) ;
#1906 = VECTOR ( 'NONE', #148, 1000.000000000000114 ) ;
#1907 = VECTOR ( 'NONE', #1124, 1000.000000000000114 ) ;
#1908 = EDGE_LOOP ( 'NONE', ( #962, #2538, #5188, #3749 ) ) ;
#1909 = CARTESIAN_POINT ( 'NONE',  ( 2.879999999999999893, -2.008307592793151297, -1.371832463991288886 ) ) ;
#1910 = DIRECTION ( 'NONE',  ( 0.000000000000000000, 0.8660254037844384856, -0.5000000000000004441 ) ) ;
#1911 = FACE_OUTER_BOUND ( 'NONE', #4558, .T. ) ;
#1912 = PLANE ( 'NONE',  #1462 ) ;
#1913 = VECTOR ( 'NONE', #4347, 1000.000000000000000 ) ;
#1914 = CARTESIAN_POINT ( 'NONE',  ( 1.379999999999999893, 2.521531062727529804, -0.2852079774572948700 ) ) ;
#1915 = ORIENTED_EDGE ( 'NONE', *, *, #2581, .F. ) ;
#1916 = ORIENTED_EDGE ( 'NONE', *, *, #627, .F. ) ;
#1917 = ADVANCED_FACE ( 'NONE', ( #78 ), #1766, .F. ) ;
#1918 = FACE_BOUND ( 'NONE', #1874, .T. ) ;
#1919 = CARTESIAN_POINT ( 'NONE',  ( 1.394334220106409949, 2.219308366003919897, -0.01856281503780480083 ) ) ;
#1920 = CARTESIAN_POINT ( 'NONE',  ( 1.379999999999999893, 2.332881258751049902, 0.1446480485158213314 ) ) ;
#1921 = EDGE_CURVE ( 'NONE', #998, #719, #410, .T. ) ;
#1922 = ORIENTED_EDGE ( 'NONE', *, *, #973, .T. ) ;
#1923 = EDGE_CURVE ( 'NONE', #4041, #3996, #2593, .T. ) ;
#1924 = FACE_OUTER_BOUND ( 'NONE', #5069, .T. ) ;
#1925 = CARTESIAN_POINT ( 'NONE',  ( 1.379999999999999893, 2.411676466675999553, 0.2596360154718559965 ) ) ;
#1926 = VERTEX_POINT ( 'NONE', #5491 ) ;
#1927 = DIRECTION ( 'NONE',  ( 0.000000000000000000, 0.1971841888170670354, -0.9803664598916852491 ) ) ;
#1928 = CARTESIAN_POINT ( 'NONE',  ( 2.860950000000000326, 1.886350574324892504, -1.316829575592921575 ) ) ;
#1929 = DIRECTION ( 'NONE',  ( 0.000000000000000000, 1.000000000000000000, 0.000000000000000000 ) ) ;
#1930 = EDGE_CURVE ( 'NONE', #3378, #3869, #3149, .T. ) ;
#1931 = CYLINDRICAL_SURFACE ( 'NONE', #4201, 2.100000000000000089 ) ;
#1932 = ORIENTED_EDGE ( 'NONE', *, *, #5312, .T. ) ;
#1933 = CARTESIAN_POINT ( 'NONE',  ( 1.379999999999999893, 2.374112209465140566, 0.01740461005320610016 ) ) ;
#1934 = ORIENTED_EDGE ( 'NONE', *, *, #5097, .T. ) ;
#1935 = ORIENTED_EDGE ( 'NONE', *, *, #1507, .T. ) ;
#1936 = LINE ( 'NONE', #3254, #3141 ) ;
#1937 = DIRECTION ( 'NONE',  ( 1.000000000000000000, 0.000000000000000000, 1.836970198721029934E-16 ) ) ;
#1938 = PLANE ( 'NONE',  #5465 ) ;
#1939 = ORIENTED_EDGE ( 'NONE', *, *, #1582, .T. ) ;
#1940 = EDGE_LOOP ( 'NONE', ( #3014, #1107, #1158, #606 ) ) ;
#1941 = LINE ( 'NONE', #1526, #5370 ) ;
#1942 = DIRECTION ( 'NONE',  ( 0.000000000000000000, -0.8660254037844303809, -0.5000000000000140998 ) ) ;
#1943 = LINE ( 'NONE', #3648, #4231 ) ;
#1944 = EDGE_CURVE ( 'NONE', #175, #3172, #2095, .T. ) ;
#1945 = DIRECTION ( 'NONE',  ( 0.000000000000000000, 0.8554820535829588124, 0.5178324593896018735 ) ) ;
#1946 = CARTESIAN_POINT ( 'NONE',  ( 1.394334220106409949, 2.478836439541399983, -0.4482944105905189991 ) ) ;
#1947 = VERTEX_POINT ( 'NONE', #5105 ) ;
#1948 = PLANE ( 'NONE',  #4852 ) ;
#1950 = EDGE_CURVE ( 'NONE', #3976, #458, #2122, .T. ) ;
#1949 = FACE_OUTER_BOUND ( 'NONE', #1599, .T. ) ;
#1951 = CARTESIAN_POINT ( 'NONE',  ( 1.379999999999999893, 2.501986334736229889, -0.4582198139932640024 ) ) ;
#1952 = EDGE_CURVE ( 'NONE', #2042, #3836, #21, .T. ) ;
#1953 = DIRECTION ( 'NONE',  ( 1.000000000000000000, -1.271019015260609939E-45, 1.836970198721029934E-16 ) ) ;
#1954 = ORIENTED_EDGE ( 'NONE', *, *, #415, .T. ) ;
#1955 = DIRECTION ( 'NONE',  ( 1.224646799192045875E-16, -1.000000000000000000, 0.000000000000000000 ) ) ;
#1956 = ORIENTED_EDGE ( 'NONE', *, *, #2031, .F. ) ;
#1957 = CARTESIAN_POINT ( 'NONE',  ( 2.879999999999999893, -0.08615970197015750121, 2.517800735127829981 ) ) ;
#1958 = EDGE_CURVE ( 'NONE', #1071, #4521, #1682, .T. ) ;
#1959 = EDGE_CURVE ( 'NONE', #1676, #4005, #4696, .T. ) ;
#1960 = VERTEX_POINT ( 'NONE', #5156 ) ;
#1961 = CARTESIAN_POINT ( 'NONE',  ( 2.860950000000000326, -1.675109521795832279, -1.025625200007212134 ) ) ;
#1962 = ORIENTED_EDGE ( 'NONE', *, *, #4002, .T. ) ;
#1963 = DIRECTION ( 'NONE',  ( 0.000000000000000000, 0.9901489287481990420, 0.1400182091686424379 ) ) ;
#1964 = DIRECTION ( 'NONE',  ( 0.000000000000000000, 0.4999999999999990563, -0.8660254037844391517 ) ) ;
#1965 = DIRECTION ( 'NONE',  ( 0.000000000000000000, 0.01986201646593380860, -0.9998027306933638947 ) ) ;
#1966 = PLANE ( 'NONE',  #1647 ) ;
#1967 = ORIENTED_EDGE ( 'NONE', *, *, #607, .F. ) ;
#1968 = ORIENTED_EDGE ( 'NONE', *, *, #3195, .F. ) ;
#1969 = VECTOR ( 'NONE', #4740, 1000.000000000000000 ) ;
#1970 = CARTESIAN_POINT ( 'NONE',  ( 1.379999999999999893, 2.366492138056570216, 0.2474031920330440337 ) ) ;
#1971 = CARTESIAN_POINT ( 'NONE',  ( 1.394334220106409949, 1.975537752030239957, -1.201324054226029950E-06 ) ) ;
#1972 = PLANE ( 'NONE',  #2809 ) ;
#1973 = LINE ( 'NONE', #699, #4756 ) ;
#1974 = LINE ( 'NONE', #1503, #3335 ) ;
#1975 = EDGE_LOOP ( 'NONE', ( #4196, #1808 ) ) ;
#1976 = AXIS2_PLACEMENT_3D ( 'NONE', #1570, #1535, #2917 ) ;
#1977 = DIRECTION ( 'NONE',  ( 0.000000000000000000, 1.000000000000000000, 0.000000000000000000 ) ) ;
#1978 = CARTESIAN_POINT ( 'NONE',  ( 1.379999999999999893, 2.473698157314389690, -0.4537679110711801966 ) ) ;
#1979 = CARTESIAN_POINT ( 'NONE',  ( 1.394334220106409949, 2.332881258751049902, 0.1446480485158225526 ) ) ;
#1980 = MECHANICAL_DESIGN_GEOMETRIC_PRESENTATION_REPRESENTATION (  '', ( #4479 ), #1636 ) ;
#1981 = DIRECTION ( 'NONE',  ( 0.000000000000000000, -0.000000000000000000, 1.000000000000000000 ) ) ;
#1982 = ORIENTED_EDGE ( 'NONE', *, *, #1358, .F. ) ;
#1983 = ORIENTED_EDGE ( 'NONE', *, *, #2615, .F. ) ;
#1984 = EDGE_CURVE ( 'NONE', #2684, #1989, #5075, .T. ) ;
#1985 = VECTOR ( 'NONE', #79, 1000.000000000000000 ) ;
#1986 = CARTESIAN_POINT ( 'NONE',  ( 1.379999999999999893, 2.125255814197700044, 0.3948905628675439816 ) ) ;
#1987 = VECTOR ( 'NONE', #2754, 1000.000000000000000 ) ;
#1988 = CIRCLE ( 'NONE', #3783, 0.1723194039403180278 ) ;
#1989 = VERTEX_POINT ( 'NONE', #2972 ) ;
#1990 = DIRECTION ( 'NONE',  ( 1.000000000000000000, -0.000000000000000000, 0.000000000000000000 ) ) ;
#1991 = ORIENTED_EDGE ( 'NONE', *, *, #195, .T. ) ;
#1992 = CARTESIAN_POINT ( 'NONE',  ( 2.860950000000000326, -2.077310761883490287, -1.437593687563859968 ) ) ;
#1993 = EDGE_CURVE ( 'NONE', #4605, #2923, #4667, .T. ) ;
#1994 = SURFACE_SIDE_STYLE ('',( #3344 ) ) ;
#1995 = ADVANCED_FACE ( 'NONE', ( #1321 ), #4266, .F. ) ;
#1996 = LINE ( 'NONE', #1668, #2801 ) ;
#1997 = CARTESIAN_POINT ( 'NONE',  ( 1.379999999999999893, 2.092235504760569853, 0.3948905628675439816 ) ) ;
#1998 = VECTOR ( 'NONE', #3256, 1000.000000000000000 ) ;
#1999 = VECTOR ( 'NONE', #3352, 1000.000000000000000 ) ;
#2000 = LINE ( 'NONE', #2050, #5080 ) ;
#2001 = ORIENTED_EDGE ( 'NONE', *, *, #2196, .T. ) ;
#2002 = CIRCLE ( 'NONE', #4497, 2.984499999968193151 ) ;
#2003 = ORIENTED_EDGE ( 'NONE', *, *, #3704, .T. ) ;
#2004 = EDGE_CURVE ( 'NONE', #2466, #2186, #2145, .T. ) ;
#2005 = CARTESIAN_POINT ( 'NONE',  ( 2.879999999999999893, 0.06360232754342419470, 2.345481331187520002 ) ) ;
#2006 = DIRECTION ( 'NONE',  ( 0.000000000000000000, 0.000000000000000000, -1.000000000000000000 ) ) ;
#2007 = DIRECTION ( 'NONE',  ( 0.000000000000000000, 0.3640099799935140878, -0.9313950474772353383 ) ) ;
#2008 = LINE ( 'NONE', #2058, #578 ) ;
#2009 = ORIENTED_EDGE ( 'NONE', *, *, #579, .T. ) ;
#2010 = DIRECTION ( 'NONE',  ( 1.000000000000000000, 0.000000000000000000, 1.836970198721029934E-16 ) ) ;
#2011 = CARTESIAN_POINT ( 'NONE',  ( 1.379999999999999893, 2.482991741358692828, -0.4571493088658040715 ) ) ;
#2012 = CARTESIAN_POINT ( 'NONE',  ( 2.860950000000000326, 1.827983448570349223, -0.9620582320198997062 ) ) ;
#2013 = CARTESIAN_POINT ( 'NONE',  ( 2.879999999999999893, -1.763491390772189890E-16, 2.173161927247199809 ) ) ;
#2014 = UNCERTAINTY_MEASURE_WITH_UNIT (LENGTH_MEASURE( 1.000000000000000082E-05 ), #3316, 'distance_accuracy_value', 'NONE');
#2015 = ORIENTED_EDGE ( 'NONE', *, *, #2272, .T. ) ;
#2016 = DIRECTION ( 'NONE',  ( 0.000000000000000000, -0.8660254037844348218, -0.5000000000000065503 ) ) ;
#2017 = ORIENTED_EDGE ( 'NONE', *, *, #3566, .T. ) ;
#2018 = DIRECTION ( 'NONE',  ( 1.000000000000000000, -0.000000000000000000, 2.220446049250310123E-16 ) ) ;
#2019 = EDGE_LOOP ( 'NONE', ( #5475, #4638, #4752, #2719 ) ) ;
#2020 = LINE ( 'NONE', #1095, #4197 ) ;
#2021 = VERTEX_POINT ( 'NONE', #2942 ) ;
#2022 = CARTESIAN_POINT ( 'NONE',  ( 1.379999999999999893, 2.500800196453442759, -0.4613403811583278169 ) ) ;
#2023 = CARTESIAN_POINT ( 'NONE',  ( 2.860950000000000326, -2.283648034692189910, -1.080207047563970013 ) ) ;
#2024 = DIRECTION ( 'NONE',  ( 0.000000000000000000, 0.5500539575623822897, 0.8351291180230521194 ) ) ;
#2025 = ADVANCED_FACE ( 'NONE', ( #2178 ), #3049, .F. ) ;
#2026 = ADVANCED_FACE ( 'NONE', ( #2512 ), #4117, .F. ) ;
#2027 = CARTESIAN_POINT ( 'NONE',  ( 1.394334220106409949, 2.486422737122230497, -0.4626929670486260027 ) ) ;
#2028 = ORIENTED_EDGE ( 'NONE', *, *, #3694, .T. ) ;
#2029 = ORIENTED_EDGE ( 'NONE', *, *, #404, .T. ) ;
#2030 = DIRECTION ( 'NONE',  ( 0.000000000000000000, 0.8660254037844417052, 0.4999999999999946709 ) ) ;
#2031 = EDGE_CURVE ( 'NONE', #999, #2380, #1089, .T. ) ;
#2032 = EDGE_CURVE ( 'NONE', #4892, #3880, #3290, .T. ) ;
#2033 = ORIENTED_EDGE ( 'NONE', *, *, #3259, .F. ) ;
#2034 = CARTESIAN_POINT ( 'NONE',  ( 1.379999999999999893, 2.262313893167180012, 0.1881129874334920016 ) ) ;
#2035 = DIRECTION ( 'NONE',  ( 0.000000000000000000, -0.6322109769216813779, -0.7747962833285491069 ) ) ;
#2036 = ORIENTED_EDGE ( 'NONE', *, *, #1101, .F. ) ;
#2037 = CYLINDRICAL_SURFACE ( 'NONE', #3528, 3.174999999999999822 ) ;
#2038 = DIRECTION ( 'NONE',  ( -0.000000000000000000, -1.000000000000000000, 0.000000000000000000 ) ) ;
#2039 = DIRECTION ( 'NONE',  ( 0.000000000000000000, 1.000000000000000000, 0.000000000000000000 ) ) ;
#2040 = EDGE_LOOP ( 'NONE', ( #4787, #345, #558, #1325 ) ) ;
#2041 = DIRECTION ( 'NONE',  ( -1.000000000000000000, 3.359643107104400034E-30, -2.536323285099079809E-16 ) ) ;
#2042 = VERTEX_POINT ( 'NONE', #4602 ) ;
#2043 = PLANE ( 'NONE',  #3329 ) ;
#2044 = ORIENTED_EDGE ( 'NONE', *, *, #2332, .T. ) ;
#2045 = ORIENTED_EDGE ( 'NONE', *, *, #1556, .T. ) ;
#2046 = LINE ( 'NONE', #2833, #918 ) ;
#2047 = DIRECTION ( 'NONE',  ( 0.000000000000000000, 1.000000000000000000, 0.000000000000000000 ) ) ;
#2048 = CARTESIAN_POINT ( 'NONE',  ( 5.684351070931795210E-11, 6.961322331904351516E-27, -3.864289188931457346E-43 ) ) ;
#2049 = FILL_AREA_STYLE ('',( #1695 ) ) ;
#2050 = CARTESIAN_POINT ( 'NONE',  ( 2.879999999999999893, 1.797337126537980723, -1.265437637551660499 ) ) ;
#2051 = ORIENTED_EDGE ( 'NONE', *, *, #2601, .F. ) ;
#2052 = VERTEX_POINT ( 'NONE', #2053 ) ;
#2053 = CARTESIAN_POINT ( 'NONE',  ( 2.879999999999999893, -1.675109521795832279, -1.025625200007211912 ) ) ;
#2054 = CARTESIAN_POINT ( 'NONE',  ( 1.379999999999999893, 2.125255814197700488, -0.07459528143377229525 ) ) ;
#2055 = ADVANCED_FACE ( 'NONE', ( #3759 ), #5450, .F. ) ;
#2056 = CARTESIAN_POINT ( 'NONE',  ( 2.880000000000000338, -2.131491219644150004, -1.343750381945040262 ) ) ;
#2057 = ORIENTED_EDGE ( 'NONE', *, *, #5325, .F. ) ;
#2058 = CARTESIAN_POINT ( 'NONE',  ( 0.3184615384839170060, 2.571758278199097032E-16, -2.099999999991553068 ) ) ;
#2059 = ORIENTED_EDGE ( 'NONE', *, *, #124, .T. ) ;
#2060 = EDGE_CURVE ( 'NONE', #959, #2153, #249, .T. ) ;
#2061 = EDGE_CURVE ( 'NONE', #2327, #2447, #1877, .T. ) ;
#2062 = LINE ( 'NONE', #1234, #1656 ) ;
#2063 = CARTESIAN_POINT ( 'NONE',  ( 1.394334220106409949, 2.466484790674879690, 0.1704206895827504731 ) ) ;
#2064 = STYLED_ITEM ( 'NONE', ( #460 ), #449 ) ;
#2065 = CARTESIAN_POINT ( 'NONE',  ( 1.379999999999999893, 2.521531062727529804, -0.07459528143377229525 ) ) ;
#2066 = AXIS2_PLACEMENT_3D ( 'NONE', #2492, #2106, #1217 ) ;
#2067 = ORIENTED_EDGE ( 'NONE', *, *, #296, .F. ) ;
#2068 = PLANE ( 'NONE',  #2342 ) ;
#2069 = ORIENTED_EDGE ( 'NONE', *, *, #1314, .T. ) ;
#2070 = DIRECTION ( 'NONE',  ( -0.000000000000000000, 0.000000000000000000, 1.000000000000000000 ) ) ;
#2071 = AXIS2_PLACEMENT_3D ( 'NONE', #5265, #1929, #3632 ) ;
#2072 = ORIENTED_EDGE ( 'NONE', *, *, #3223, .F. ) ;
#2073 = VECTOR ( 'NONE', #3457, 1000.000000000000000 ) ;
#2074 = ORIENTED_EDGE ( 'NONE', *, *, #903, .F. ) ;
#2075 = FACE_OUTER_BOUND ( 'NONE', #5411, .T. ) ;
#2076 = LINE ( 'NONE', #2469, #2264 ) ;
#2077 = LINE ( 'NONE', #471, #4135 ) ;
#2078 = AXIS2_PLACEMENT_3D ( 'NONE', #157, #3027, #901 ) ;
#2079 = VECTOR ( 'NONE', #2629, 1000.000000000000000 ) ;
#2080 = DIRECTION ( 'NONE',  ( 0.000000000000000000, -0.9089994253807366364, 0.4167973664234104203 ) ) ;
#2081 = ORIENTED_EDGE ( 'NONE', *, *, #2196, .F. ) ;
#2082 = EDGE_LOOP ( 'NONE', ( #3287, #5011, #5273, #5292 ) ) ;
#2083 = CARTESIAN_POINT ( 'NONE',  ( 1.379999999999999893, 2.331064604498490400, 0.2959619118670420157 ) ) ;
#2084 = VECTOR ( 'NONE', #4366, 1000.000000000000114 ) ;
#2085 = LINE ( 'NONE', #2056, #2546 ) ;
#2086 = VECTOR ( 'NONE', #3399, 1000.000000000000000 ) ;
#2087 = ADVANCED_FACE ( 'NONE', ( #592 ), #2665, .F. ) ;
#2088 = AXIS2_PLACEMENT_3D ( 'NONE', #2660, #5144, #1357 ) ;
#2089 = DIRECTION ( 'NONE',  ( 1.000000000000000000, 0.000000000000000000, 0.000000000000000000 ) ) ;
#2090 = FACE_OUTER_BOUND ( 'NONE', #1049, .T. ) ;
#2091 = VERTEX_POINT ( 'NONE', #4789 ) ;
#2092 = CARTESIAN_POINT ( 'NONE',  ( 1.379999999999999893, 2.466484790674879690, 0.1704206895827504731 ) ) ;
#2093 =( NAMED_UNIT ( * ) SI_UNIT ( $, .STERADIAN. ) SOLID_ANGLE_UNIT ( ) );
#2094 = CIRCLE ( 'NONE', #324, 0.03077947504423012015 ) ;
#2095 = LINE ( 'NONE', #438, #4120 ) ;
#2096 = EDGE_CURVE ( 'NONE', #2654, #83, #5275, .T. ) ;
#2097 = EDGE_CURVE ( 'NONE', #3465, #2685, #2243, .T. ) ;
#2098 = ORIENTED_EDGE ( 'NONE', *, *, #3223, .T. ) ;
#2099 = CARTESIAN_POINT ( 'NONE',  ( 1.379999999999999893, 2.521531062727529804, -0.1294380075609080083 ) ) ;
#2100 = ORIENTED_EDGE ( 'NONE', *, *, #3544, .T. ) ;
#2101 = CARTESIAN_POINT ( 'NONE',  ( 1.394334220106409949, 2.483238627135259780, -0.4477264981797819954 ) ) ;
#2102 = EDGE_CURVE ( 'NONE', #1960, #1498, #1833, .T. ) ;
#2103 = EDGE_CURVE ( 'NONE', #5115, #4886, #4425, .T. ) ;
#2104 = ORIENTED_EDGE ( 'NONE', *, *, #1923, .T. ) ;
#2105 = VERTEX_POINT ( 'NONE', #3978 ) ;
#2106 = DIRECTION ( 'NONE',  ( -1.000000000000000000, -0.000000000000000000, -0.000000000000000000 ) ) ;
#2107 = DIRECTION ( 'NONE',  ( 1.000000000000000000, 0.000000000000000000, 0.000000000000000000 ) ) ;
#2108 = DIRECTION ( 'NONE',  ( 0.000000000000000000, 0.7693245073750147878, -0.6388582020700609432 ) ) ;
#2109 = DIRECTION ( 'NONE',  ( -0.000000000000000000, -0.000000000000000000, 1.000000000000000000 ) ) ;
#2110 = DIRECTION ( 'NONE',  ( 0.000000000000000000, 0.9887062354961988486, -0.1498665402647804124 ) ) ;
#2111 = ORIENTED_EDGE ( 'NONE', *, *, #2816, .F. ) ;
#2112 = ORIENTED_EDGE ( 'NONE', *, *, #1322, .F. ) ;
#2113 = DIRECTION ( 'NONE',  ( 1.000000000000000000, 0.000000000000000000, 0.000000000000000000 ) ) ;
#2114 = CARTESIAN_POINT ( 'NONE',  ( 1.394334220106409949, 2.471364892680298020, -0.4643037271512198694 ) ) ;
#2115 = DIRECTION ( 'NONE',  ( 1.000000000000000000, 0.000000000000000000, 0.000000000000000000 ) ) ;
#2116 = ORIENTED_EDGE ( 'NONE', *, *, #3449, .T. ) ;
#2117 = DIRECTION ( 'NONE',  ( 0.000000000000000000, -0.7152859658357410000, -0.6988318732559579693 ) ) ;
#2118 = LINE ( 'NONE', #3820, #4836 ) ;
#2119 = ORIENTED_EDGE ( 'NONE', *, *, #4445, .T. ) ;
#2120 = CARTESIAN_POINT ( 'NONE',  ( 1.379999999999999893, 2.327085933562030196, -0.05286747059647189939 ) ) ;
#2121 = CARTESIAN_POINT ( 'NONE',  ( 1.379999999999999893, 2.409391591991040027, 0.1445703570428451545 ) ) ;
#2122 = LINE ( 'NONE', #1742, #926 ) ;
#2123 = ADVANCED_FACE ( 'NONE', ( #4056 ), #4866, .F. ) ;
#2124 = CARTESIAN_POINT ( 'NONE',  ( 1.379999999999999893, 2.406246664099689792, 0.2565332301876219745 ) ) ;
#2125 = ADVANCED_FACE ( 'NONE', ( #1911 ), #3999, .T. ) ;
#2126 = DIRECTION ( 'NONE',  ( 0.000000000000000000, 0.8463804217565805699, 0.5325788032461983290 ) ) ;
#2127 = ORIENTED_EDGE ( 'NONE', *, *, #171, .F. ) ;
#2128 = ORIENTED_EDGE ( 'NONE', *, *, #5099, .F. ) ;
#2129 = FACE_OUTER_BOUND ( 'NONE', #2898, .T. ) ;
#2130 = EDGE_CURVE ( 'NONE', #2303, #3378, #147, .T. ) ;
#2131 = ADVANCED_FACE ( 'NONE', ( #662 ), #170, .F. ) ;
#2132 = CARTESIAN_POINT ( 'NONE',  ( 0.3184615384615384071, -2.023853355068819730E-46, 5.850043555926978911E-17 ) ) ;
#2133 = CARTESIAN_POINT ( 'NONE',  ( 1.379999999999999893, 2.125255814197700044, 0.2850196258050962106 ) ) ;
#2134 = ORIENTED_EDGE ( 'NONE', *, *, #5383, .F. ) ;
#2135 = CARTESIAN_POINT ( 'NONE',  ( 1.394334220106409949, 2.486422737122230053, -0.4626929670486262247 ) ) ;
#2136 = ORIENTED_EDGE ( 'NONE', *, *, #1418, .T. ) ;
#2137 = DIRECTION ( 'NONE',  ( 0.000000000000000000, -0.05089991897257586939, -0.9987037590039326007 ) ) ;
#2138 = FACE_OUTER_BOUND ( 'NONE', #2082, .T. ) ;
#2139 = ORIENTED_EDGE ( 'NONE', *, *, #344, .F. ) ;
#2140 = LINE ( 'NONE', #3846, #844 ) ;
#2141 = CARTESIAN_POINT ( 'NONE',  ( 1.379999999999999893, 2.280059657658919825, -0.05286747059647189939 ) ) ;
#2142 = VERTEX_POINT ( 'NONE', #5225 ) ;
#2143 = CARTESIAN_POINT ( 'NONE',  ( 1.379999999999999893, 2.483238627135259780, -0.4477264981797819954 ) ) ;
#2144 = CARTESIAN_POINT ( 'NONE',  ( 5.684351070931795210E-11, 6.961322331904351516E-27, -3.864289188931457346E-43 ) ) ;
#2145 = LINE ( 'NONE', #3851, #3679 ) ;
#2146 = DIRECTION ( 'NONE',  ( -1.000000000000000000, 0.000000000000000000, -0.000000000000000000 ) ) ;
#2147 = ORIENTED_EDGE ( 'NONE', *, *, #903, .T. ) ;
#2148 = AXIS2_PLACEMENT_3D ( 'NONE', #978, #1401, #3524 ) ;
#2149 = CARTESIAN_POINT ( 'NONE',  ( 1.379999999999999893, 1.975537752030240402, 0.3948905628675437596 ) ) ;
#2150 = VECTOR ( 'NONE', #5246, 1000.000000000000000 ) ;
#2151 = ADVANCED_FACE ( 'NONE', ( #219 ), #2355, .F. ) ;
#2152 = ORIENTED_EDGE ( 'NONE', *, *, #536, .F. ) ;
#2153 = VERTEX_POINT ( 'NONE', #1067 ) ;
#2154 = CARTESIAN_POINT ( 'NONE',  ( 2.879999999999999893, 1.936365843133838194, -1.024632836696543148 ) ) ;
#2155 = CYLINDRICAL_SURFACE ( 'NONE', #226, 3.174999999999999822 ) ;
#2156 = AXIS2_PLACEMENT_3D ( 'NONE', #4354, #2633, #129 ) ;
#2157 = CARTESIAN_POINT ( 'NONE',  ( 1.379999999999999893, 2.488600875783390176, -0.4638234741391020211 ) ) ;
#2158 = PLANE ( 'NONE',  #115 ) ;
#2159 = EDGE_CURVE ( 'NONE', #1753, #3878, #2692, .T. ) ;
#2160 = VECTOR ( 'NONE', #1296, 1000.000000000000000 ) ;
#2161 = ORIENTED_EDGE ( 'NONE', *, *, #2843, .T. ) ;
#2163 = EDGE_CURVE ( 'NONE', #4627, #1836, #5247, .T. ) ;
#2162 = PLANE ( 'NONE',  #3498 ) ;
#2164 = VERTEX_POINT ( 'NONE', #2834 ) ;
#2165 = DIRECTION ( 'NONE',  ( 0.000000000000000000, 1.000000000000000000, 0.000000000000000000 ) ) ;
#2166 = DIRECTION ( 'NONE',  ( 1.807003620809173892E-16, 0.000000000000000000, -1.000000000000000000 ) ) ;
#2167 = VECTOR ( 'NONE', #3269, 1000.000000000000114 ) ;
#2168 = CIRCLE ( 'NONE', #50, 2.984499999968193151 ) ;
#2169 = EDGE_CURVE ( 'NONE', #5032, #4931, #1098, .T. ) ;
#2170 = EDGE_LOOP ( 'NONE', ( #70, #1755, #3262, #484 ) ) ;
#2171 = AXIS2_PLACEMENT_3D ( 'NONE', #3761, #4175, #4150 ) ;
#2172 = AXIS2_PLACEMENT_3D ( 'NONE', #1779, #482, #2166 ) ;
#2173 = LINE ( 'NONE', #3467, #5272 ) ;
#2174 = DIRECTION ( 'NONE',  ( 0.000000000000000000, 0.8660254037844384856, -0.5000000000000004441 ) ) ;
#2175 = VERTEX_POINT ( 'NONE', #4504 ) ;
#2176 = CARTESIAN_POINT ( 'NONE',  ( 1.394334220106409949, 2.478836439541400871, -0.4472441201543352896 ) ) ;
#2177 = CARTESIAN_POINT ( 'NONE',  ( 1.394334220106409949, 2.336132259871180228, 0.2556232938952678335 ) ) ;
#2178 = FACE_OUTER_BOUND ( 'NONE', #1079, .T. ) ;
#2179 = MECHANICAL_DESIGN_GEOMETRIC_PRESENTATION_REPRESENTATION (  '', ( #1743 ), #1823 ) ;
#2180 = AXIS2_PLACEMENT_3D ( 'NONE', #5410, #2487, #2944 ) ;
#2181 = CIRCLE ( 'NONE', #3794, 0.03983479767572119939 ) ;
#2182 = DIRECTION ( 'NONE',  ( 0.000000000000000000, -0.6363211713181753382, 0.7714242457508484474 ) ) ;
#2183 = ORIENTED_EDGE ( 'NONE', *, *, #3765, .F. ) ;
#2184 = DIRECTION ( 'NONE',  ( 0.000000000000000000, 0.000000000000000000, -1.000000000000000000 ) ) ;
#2185 = VECTOR ( 'NONE', #316, 1000.000000000000000 ) ;
#2186 = VERTEX_POINT ( 'NONE', #303 ) ;
#2187 = EDGE_LOOP ( 'NONE', ( #1875, #3801, #3324, #2527 ) ) ;
#2188 = DIRECTION ( 'NONE',  ( 0.000000000000000000, -0.7321128619958193751, -0.6811833507215883099 ) ) ;
#2189 = LINE ( 'NONE', #3888, #586 ) ;
#2190 = CARTESIAN_POINT ( 'NONE',  ( 1.379999999999999893, 2.215529865583869995, 0.2851907763931671447 ) ) ;
#2191 = PLANE ( 'NONE',  #3220 ) ;
#2192 = EDGE_LOOP ( 'NONE', ( #5428, #2128, #453, #1768 ) ) ;
#2193 = CARTESIAN_POINT ( 'NONE',  ( 1.394334220106409949, 2.473026928731449914, -0.05453024012881570182 ) ) ;
#2194 = VERTEX_POINT ( 'NONE', #2440 ) ;
#2195 = CARTESIAN_POINT ( 'NONE',  ( 0.2705000000000000737, -1.229500000000000037, 1.656334795846788772E-17 ) ) ;
#2196 = EDGE_CURVE ( 'NONE', #3433, #2759, #2493, .T. ) ;
#2197 = SURFACE_SIDE_STYLE ('',( #513 ) ) ;
#2198 = DIRECTION ( 'NONE',  ( 1.000000000000000000, -0.000000000000000000, 0.000000000000000000 ) ) ;
#2199 = EDGE_CURVE ( 'NONE', #463, #2091, #4142, .T. ) ;
#2200 = ORIENTED_EDGE ( 'NONE', *, *, #4990, .T. ) ;
#2201 = ORIENTED_EDGE ( 'NONE', *, *, #3026, .T. ) ;
#2202 = LINE ( 'NONE', #153, #2621 ) ;
#2203 = ORIENTED_EDGE ( 'NONE', *, *, #334, .F. ) ;
#2204 = DIRECTION ( 'NONE',  ( 0.000000000000000000, 0.5000000000000003331, 0.8660254037844383745 ) ) ;
#2205 = DIRECTION ( 'NONE',  ( 0.000000000000000000, -0.9861849009696140866, -0.1656482450844330157 ) ) ;
#2206 = ADVANCED_FACE ( 'NONE', ( #2384 ), #4080, .T. ) ;
#2207 = EDGE_CURVE ( 'NONE', #4323, #3442, #5356, .T. ) ;
#2208 = DIRECTION ( 'NONE',  ( 0.000000000000000000, 0.000000000000000000, -1.000000000000000000 ) ) ;
#2209 = LINE ( 'NONE', #4379, #3516 ) ;
#2210 = DIRECTION ( 'NONE',  ( -1.000000000000000000, -0.000000000000000000, -0.000000000000000000 ) ) ;
#2211 = ORIENTED_EDGE ( 'NONE', *, *, #3159, .F. ) ;
#2212 = EDGE_LOOP ( 'NONE', ( #2790, #4700, #1511, #1824 ) ) ;
#2213 = CARTESIAN_POINT ( 'NONE',  ( 1.379999999999999893, 2.485296480058409863, -0.4476606227666150573 ) ) ;
#2214 = CARTESIAN_POINT ( 'NONE',  ( 1.379999999999999893, 2.181395787244469808, -0.2852079774572949811 ) ) ;
#2215 = CARTESIAN_POINT ( 'NONE',  ( 1.394334220106409949, 2.471483893426652312, -0.4542524141099561485 ) ) ;
#2216 = VERTEX_POINT ( 'NONE', #3667 ) ;
#2217 = LINE ( 'NONE', #274, #5002 ) ;
#2218 = LINE ( 'NONE', #3070, #3952 ) ;
#2219 = CARTESIAN_POINT ( 'NONE',  ( 1.379999999999999227, 0.000000000000000000, 2.535018874235014786E-16 ) ) ;
#2220 = ORIENTED_EDGE ( 'NONE', *, *, #1882, .T. ) ;
#2221 = ORIENTED_EDGE ( 'NONE', *, *, #1322, .T. ) ;
#2222 = EDGE_CURVE ( 'NONE', #1619, #3097, #5259, .T. ) ;
#2223 = CARTESIAN_POINT ( 'NONE',  ( 1.394334220106409949, 2.464945227416509788, -0.4660929883733659906 ) ) ;
#2224 = CARTESIAN_POINT ( 'NONE',  ( 1.394334220106409949, 2.463272841927400147, -0.4482944105905189991 ) ) ;
#2225 = DIRECTION ( 'NONE',  ( 0.000000000000000000, -0.000000000000000000, 1.000000000000000000 ) ) ;
#2226 = ADVANCED_FACE ( 'NONE', ( #801 ), #5388, .F. ) ;
#2227 = ADVANCED_FACE ( 'NONE', ( #3255 ), #3595, .F. ) ;
#2228 = DIRECTION ( 'NONE',  ( 0.000000000000000000, -0.1498665402647720857, -0.9887062354962001809 ) ) ;
#2229 = DIRECTION ( 'NONE',  ( 0.000000000000000000, -0.1089854748730409995, 0.9940433422475589698 ) ) ;
#2230 = ORIENTED_EDGE ( 'NONE', *, *, #952, .T. ) ;
#2231 = DIRECTION ( 'NONE',  ( 1.000000000000000000, 0.000000000000000000, 0.000000000000000000 ) ) ;
#2232 = CIRCLE ( 'NONE', #5336, 3.174999999941973794 ) ;
#2233 = DIRECTION ( 'NONE',  ( 0.000000000000000000, 0.4230480959310489730, -0.9061072279422088815 ) ) ;
#2234 = ORIENTED_EDGE ( 'NONE', *, *, #2256, .F. ) ;
#2235 = ORIENTED_EDGE ( 'NONE', *, *, #2163, .T. ) ;
#2236 = CYLINDRICAL_SURFACE ( 'NONE', #854, 1.229500000000000037 ) ;
#2237 = DIRECTION ( 'NONE',  ( -0.000000000000000000, 0.000000000000000000, -1.000000000000000000 ) ) ;
#2238 = VECTOR ( 'NONE', #2113, 1000.000000000000000 ) ;
#2239 = LINE ( 'NONE', #4336, #4285 ) ;
#2240 = ORIENTED_EDGE ( 'NONE', *, *, #2767, .T. ) ;
#2241 = ORIENTED_EDGE ( 'NONE', *, *, #515, .F. ) ;
#2242 = DIRECTION ( 'NONE',  ( 0.000000000000000000, 0.4166995485317808723, -0.9090442707885079132 ) ) ;
#2243 = LINE ( 'NONE', #4394, #3236 ) ;
#2244 = VECTOR ( 'NONE', #1349, 1000.000000000000000 ) ;
#2245 = DIRECTION ( 'NONE',  ( 0.000000000000000000, 1.000000000000000000, 0.000000000000000000 ) ) ;
#2246 = CARTESIAN_POINT ( 'NONE',  ( 1.379999999999999893, 2.300047294175300738, 0.1574800423550843098 ) ) ;
#2247 = AXIS2_PLACEMENT_3D ( 'NONE', #3990, #1429, #2290 ) ;
#2248 = ORIENTED_EDGE ( 'NONE', *, *, #638, .F. ) ;
#2249 = VERTEX_POINT ( 'NONE', #5000 ) ;
#2250 = CARTESIAN_POINT ( 'NONE',  ( 1.379999999999999893, 2.523629592551110079, 0.3948905628675439816 ) ) ;
#2251 = DIRECTION ( 'NONE',  ( 0.000000000000000000, 1.000000000000000000, -6.993530863780510092E-16 ) ) ;
#2252 = VECTOR ( 'NONE', #601, 1000.000000000000114 ) ;
#2253 = AXIS2_PLACEMENT_3D ( 'NONE', #354, #5433, #5048 ) ;
#2254 = CARTESIAN_POINT ( 'NONE',  ( 1.394334220106409949, 2.251583295995520206, 0.1996458709045079993 ) ) ;
#2255 = DIRECTION ( 'NONE',  ( 0.000000000000000000, 0.1759558990894250219, -0.9843980503717142394 ) ) ;
#2256 = EDGE_CURVE ( 'NONE', #2466, #1789, #2168, .T. ) ;
#2257 = AXIS2_PLACEMENT_3D ( 'NONE', #5101, #4346, #4289 ) ;
#2258 = CIRCLE ( 'NONE', #405, 0.03983479767572119939 ) ;
#2259 = PLANE ( 'NONE',  #3336 ) ;
#2260 = LINE ( 'NONE', #3884, #1985 ) ;
#2261 = ORIENTED_EDGE ( 'NONE', *, *, #5421, .T. ) ;
#2263 = EDGE_CURVE ( 'NONE', #4044, #2186, #5443, .T. ) ;
#2262 = LINE ( 'NONE', #4747, #833 ) ;
#2264 = VECTOR ( 'NONE', #1188, 1000.000000000000114 ) ;
#2265 = CIRCLE ( 'NONE', #5113, 2.100000000000000089 ) ;
#2266 = LINE ( 'NONE', #4382, #3768 ) ;
#2267 = ADVANCED_FACE ( 'NONE', ( #2075, #4351 ), #2259, .F. ) ;
#2268 = VECTOR ( 'NONE', #4983, 999.9999999999998863 ) ;
#2269 = VERTEX_POINT ( 'NONE', #4777 ) ;
#2270 = ORIENTED_EDGE ( 'NONE', *, *, #697, .T. ) ;
#2271 = LINE ( 'NONE', #1933, #1108 ) ;
#2272 = EDGE_CURVE ( 'NONE', #463, #1148, #2258, .T. ) ;
#2273 = EDGE_CURVE ( 'NONE', #3829, #2753, #4390, .T. ) ;
#2274 = CARTESIAN_POINT ( 'NONE',  ( 1.379999999999999893, 2.477361680291798596, -0.4515068968902256619 ) ) ;
#2275 = VERTEX_POINT ( 'NONE', #3132 ) ;
#2276 = ORIENTED_EDGE ( 'NONE', *, *, #1733, .F. ) ;
#2277 = DIRECTION ( 'NONE',  ( -1.000000000000000000, -0.000000000000000000, -0.000000000000000000 ) ) ;
#2278 = DIRECTION ( 'NONE',  ( 1.000000000000000000, 0.000000000000000000, 0.000000000000000000 ) ) ;
#2279 = DIRECTION ( 'NONE',  ( -1.000000000000000000, 0.000000000000000000, -0.000000000000000000 ) ) ;
#2280 = DIRECTION ( 'NONE',  ( 1.000000000000000000, 0.000000000000000000, 0.000000000000000000 ) ) ;
#2281 = ORIENTED_EDGE ( 'NONE', *, *, #980, .F. ) ;
#2282 = ORIENTED_EDGE ( 'NONE', *, *, #2370, .F. ) ;
#2283 = CARTESIAN_POINT ( 'NONE',  ( 1.394334220106409949, 2.497005303495490214, -0.4455356094386749288 ) ) ;
#2284 = CARTESIAN_POINT ( 'NONE',  ( 2.879999999999999893, -2.077310761883490287, -1.437593687563859968 ) ) ;
#2285 = FACE_BOUND ( 'NONE', #5297, .T. ) ;
#2286 = DIRECTION ( 'NONE',  ( 0.000000000000000000, 0.8784603474769322462, -0.4778152549999921117 ) ) ;
#2287 = DIRECTION ( 'NONE',  ( 1.000000000000000000, -0.000000000000000000, 0.000000000000000000 ) ) ;
#2288 = ORIENTED_EDGE ( 'NONE', *, *, #4350, .T. ) ;
#2289 = DIRECTION ( 'NONE',  ( 1.000000000000000000, 0.000000000000000000, 0.000000000000000000 ) ) ;
#2290 = DIRECTION ( 'NONE',  ( 0.000000000000000000, 0.000000000000000000, -1.000000000000000000 ) ) ;
#2291 = EDGE_CURVE ( 'NONE', #1152, #4781, #4823, .T. ) ;
#2292 = ORIENTED_EDGE ( 'NONE', *, *, #881, .T. ) ;
#2293 = ORIENTED_EDGE ( 'NONE', *, *, #333, .T. ) ;
#2294 = ADVANCED_FACE ( 'NONE', ( #545 ), #981, .F. ) ;
#2295 = FACE_OUTER_BOUND ( 'NONE', #4672, .T. ) ;
#2296 = ORIENTED_EDGE ( 'NONE', *, *, #3991, .T. ) ;
#2297 = CARTESIAN_POINT ( 'NONE',  ( 1.394334220106409949, 2.327085933562030196, -0.05286747059647189939 ) ) ;
#2298 = EDGE_CURVE ( 'NONE', #3660, #959, #126, .T. ) ;
#2299 = DIRECTION ( 'NONE',  ( 0.000000000000000000, -0.000000000000000000, 1.000000000000000000 ) ) ;
#2300 = ADVANCED_FACE ( 'NONE', ( #1816 ), #523, .T. ) ;
#2301 = DIRECTION ( 'NONE',  ( 0.000000000000000000, 0.3248433367098550462, 0.9457678396917542640 ) ) ;
#2302 = DIRECTION ( 'NONE',  ( 0.000000000000000000, 0.8660254037844383745, -0.5000000000000003331 ) ) ;
#2303 = VERTEX_POINT ( 'NONE', #3495 ) ;
#2304 = ORIENTED_EDGE ( 'NONE', *, *, #413, .T. ) ;
#2305 = DIRECTION ( 'NONE',  ( 0.000000000000000000, 0.9980805391703134744, -0.06192929298398441862 ) ) ;
#2306 = DIRECTION ( 'NONE',  ( 0.000000000000000000, 1.000000000000000000, -0.000000000000000000 ) ) ;
#2307 = CARTESIAN_POINT ( 'NONE',  ( 1.379999999999999893, 2.420550782343879881, 0.2798170206174739882 ) ) ;
#2308 = ORIENTED_EDGE ( 'NONE', *, *, #2963, .T. ) ;
#2309 = LINE ( 'NONE', #2709, #214 ) ;
#2310 = ORIENTED_EDGE ( 'NONE', *, *, #5424, .F. ) ;
#2311 = CARTESIAN_POINT ( 'NONE',  ( 1.379999999999999893, 2.317249791725009889, 0.2773050918860259784 ) ) ;
#2312 = ORIENTED_EDGE ( 'NONE', *, *, #3937, .T. ) ;
#2313 = VERTEX_POINT ( 'NONE', #4378 ) ;
#2314 = DIRECTION ( 'NONE',  ( 0.000000000000000000, -0.3269487519478661008, -0.9450420697512532664 ) ) ;
#2315 = EDGE_CURVE ( 'NONE', #5007, #4907, #425, .T. ) ;
#2316 = VECTOR ( 'NONE', #2427, 1000.000000000000000 ) ;
#2317 = ORIENTED_EDGE ( 'NONE', *, *, #5424, .T. ) ;
#2318 = FACE_OUTER_BOUND ( 'NONE', #1818, .T. ) ;
#2319 = CYLINDRICAL_SURFACE ( 'NONE', #2971, 2.637500000000000178 ) ;
#2320 = CARTESIAN_POINT ( 'NONE',  ( 2.879999999999999893, 1.841843850431440055, -1.291133606572290038 ) ) ;
#2321 = DIRECTION ( 'NONE',  ( 0.000000000000000000, 0.4212021854523388398, 0.9069667683935136449 ) ) ;
#2322 = VECTOR ( 'NONE', #1205, 1000.000000000000000 ) ;
#2323 = LINE ( 'NONE', #5360, #4488 ) ;
#2324 = EDGE_CURVE ( 'NONE', #610, #2918, #5211, .T. ) ;
#2325 = EDGE_CURVE ( 'NONE', #3810, #27, #1007, .T. ) ;
#2326 = AXIS2_PLACEMENT_3D ( 'NONE', #3786, #4223, #2554 ) ;
#2327 = VERTEX_POINT ( 'NONE', #3527 ) ;
#2328 = VERTEX_POINT ( 'NONE', #574 ) ;
#2329 = FACE_OUTER_BOUND ( 'NONE', #834, .T. ) ;
#2330 = CARTESIAN_POINT ( 'NONE',  ( 2.860950000000000326, -1.700440880330750026, -0.9817499999999980131 ) ) ;
#2331 = VECTOR ( 'NONE', #1534, 1000.000000000000000 ) ;
#2332 = EDGE_CURVE ( 'NONE', #367, #386, #1375, .T. ) ;
#2333 = ORIENTED_EDGE ( 'NONE', *, *, #4516, .F. ) ;
#2334 = VECTOR ( 'NONE', #2489, 1000.000000000000227 ) ;
#2335 = VECTOR ( 'NONE', #1466, 1000.000000000000000 ) ;
#2336 = CARTESIAN_POINT ( 'NONE',  ( 2.860950000000000326, -1.808402244772929990, -1.256417057499370049 ) ) ;
#2337 = DIRECTION ( 'NONE',  ( 1.000000000000000000, -0.000000000000000000, 0.000000000000000000 ) ) ;
#2338 = ORIENTED_EDGE ( 'NONE', *, *, #2060, .F. ) ;
#2339 = CARTESIAN_POINT ( 'NONE',  ( 1.379999999999999893, 2.346987564757769817, 0.2517815795645469978 ) ) ;
#2340 = DIRECTION ( 'NONE',  ( 0.000000000000000000, 0.3803437133059849873, 0.9248452085341711815 ) ) ;
#2341 = DIRECTION ( 'NONE',  ( 1.000000000000000000, -0.000000000000000000, 0.000000000000000000 ) ) ;
#2342 = AXIS2_PLACEMENT_3D ( 'NONE', #4585, #769, #5108 ) ;
#2343 = AXIS2_PLACEMENT_3D ( 'NONE', #4980, #1231, #5014 ) ;
#2344 = ORIENTED_EDGE ( 'NONE', *, *, #3268, .T. ) ;
#2345 = LINE ( 'NONE', #1086, #3936 ) ;
#2346 = VECTOR ( 'NONE', #535, 1000.000000000000000 ) ;
#2347 = ORIENTED_EDGE ( 'NONE', *, *, #371, .F. ) ;
#2348 = AXIS2_PLACEMENT_3D ( 'NONE', #690, #1469, #2302 ) ;
#2349 = LINE ( 'NONE', #3973, #5203 ) ;
#2350 = VECTOR ( 'NONE', #4305, 1000.000000000000000 ) ;
#2351 = AXIS2_PLACEMENT_3D ( 'NONE', #3115, #1090, #1872 ) ;
#2352 = ORIENTED_EDGE ( 'NONE', *, *, #2673, .T. ) ;
#2353 = EDGE_LOOP ( 'NONE', ( #3993, #1, #4297, #5082 ) ) ;
#2354 = CARTESIAN_POINT ( 'NONE',  ( 2.860950000000000326, -1.608496896752708238, -1.141001651007444107 ) ) ;
#2355 = PLANE ( 'NONE',  #5010 ) ;
#2356 = DIRECTION ( 'NONE',  ( 0.000000000000000000, -0.3640099799935267444, 0.9313950474772303423 ) ) ;
#2357 = AXIS2_PLACEMENT_3D ( 'NONE', #2120, #1260, #4157 ) ;
#2358 = PRODUCT_RELATED_PRODUCT_CATEGORY ( 'part', '', ( #5042 ) ) ;
#2359 = DIRECTION ( 'NONE',  ( -1.807003620816442506E-16, 0.000000000000000000, 1.000000000000000000 ) ) ;
#2360 = VECTOR ( 'NONE', #4655, 1000.000000000000114 ) ;
#2361 = VERTEX_POINT ( 'NONE', #5236 ) ;
#2362 = EDGE_CURVE ( 'NONE', #1661, #3829, #600, .T. ) ;
#2363 = ORIENTED_EDGE ( 'NONE', *, *, #2597, .T. ) ;
#2364 = LINE ( 'NONE', #4482, #3865 ) ;
#2365 = EDGE_CURVE ( 'NONE', #175, #2388, #3398, .T. ) ;
#2366 = FACE_OUTER_BOUND ( 'NONE', #1156, .T. ) ;
#2367 = PLANE ( 'NONE',  #2702 ) ;
#2368 = LINE ( 'NONE', #1115, #929 ) ;
#2369 = ORIENTED_EDGE ( 'NONE', *, *, #34, .F. ) ;
#2370 = EDGE_CURVE ( 'NONE', #1335, #2142, #2951, .T. ) ;
#2371 = EDGE_CURVE ( 'NONE', #3938, #3536, #1245, .T. ) ;
#2372 = DIRECTION ( 'NONE',  ( 0.000000000000000000, 0.9803664598916851380, 0.1971841888170670076 ) ) ;
#2373 = CARTESIAN_POINT ( 'NONE',  ( 1.379999999999999893, 2.496811927282640120, -0.4437718483764430122 ) ) ;
#2374 = PLANE ( 'NONE',  #3673 ) ;
#2375 = LINE ( 'NONE', #2274, #2316 ) ;
#2376 = EDGE_LOOP ( 'NONE', ( #4912, #1105 ) ) ;
#2377 = CARTESIAN_POINT ( 'NONE',  ( 2.609500000062325853, 3.195715822451348633E-16, 1.597857911225674070E-16 ) ) ;
#2378 = ORIENTED_EDGE ( 'NONE', *, *, #3375, .T. ) ;
#2379 = DIRECTION ( 'NONE',  ( 0.000000000000000000, 0.5483224662306798169, -0.8362669866894811843 ) ) ;
#2380 = VERTEX_POINT ( 'NONE', #2522 ) ;
#2381 = LINE ( 'NONE', #3639, #3932 ) ;
#2382 = ORIENTED_EDGE ( 'NONE', *, *, #130, .F. ) ;
#2383 = LINE ( 'NONE', #1992, #4562 ) ;
#2384 = FACE_OUTER_BOUND ( 'NONE', #3391, .T. ) ;
#2385 = SURFACE_STYLE_FILL_AREA ( #3752 ) ;
#2386 = DIRECTION ( 'NONE',  ( 1.000000000000000000, -0.000000000000000000, 0.000000000000000000 ) ) ;
#2387 = ORIENTED_EDGE ( 'NONE', *, *, #4977, .F. ) ;
#2388 = VERTEX_POINT ( 'NONE', #4224 ) ;
#2389 = DIRECTION ( 'NONE',  ( 0.000000000000000000, -1.000000000000000000, 0.000000000000000000 ) ) ;
#2390 = CARTESIAN_POINT ( 'NONE',  ( 1.379999999999999893, 2.463272841927400147, -0.4415490844353929800 ) ) ;
#2391 = EDGE_CURVE ( 'NONE', #2447, #1242, #1346, .T. ) ;
#2392 = CARTESIAN_POINT ( 'NONE',  ( 1.394334220106409949, 2.463272841927400147, -0.4620023377170380252 ) ) ;
#2393 = DIRECTION ( 'NONE',  ( 0.000000000000000000, -0.2402795388977111146, 0.9707037360529232606 ) ) ;
#2394 = ORIENTED_EDGE ( 'NONE', *, *, #24, .F. ) ;
#2395 = LINE ( 'NONE', #3822, #4682 ) ;
#2396 = DIRECTION ( 'NONE',  ( 0.000000000000000000, -0.3248433367106011715, -0.9457678396914979135 ) ) ;
#2397 = PLANE ( 'NONE',  #2426 ) ;
#2398 = ADVANCED_FACE ( 'NONE', ( #1924 ), #2367, .F. ) ;
#2399 = EDGE_CURVE ( 'NONE', #1087, #4401, #5260, .T. ) ;
#2400 = DIRECTION ( 'NONE',  ( 0.000000000000000000, 0.9803664598916851380, 0.1971841888170670076 ) ) ;
#2401 = ORIENTED_EDGE ( 'NONE', *, *, #1173, .F. ) ;
#2402 = CARTESIAN_POINT ( 'NONE',  ( 1.379999999999999893, 2.483238627135259780, -0.4785059732240121155 ) ) ;
#2403 = EDGE_LOOP ( 'NONE', ( #4213, #2401, #4178, #1341 ) ) ;
#2404 = CARTESIAN_POINT ( 'NONE',  ( 5.684354385273257474E-11, 1.499999999964529485, 1.836970198677591062E-16 ) ) ;
#2405 = EDGE_LOOP ( 'NONE', ( #3579, #1390 ) ) ;
#2406 = DIRECTION ( 'NONE',  ( 0.000000000000000000, -0.3640037637784808711, -0.9313974768889488054 ) ) ;
#2407 = ORIENTED_EDGE ( 'NONE', *, *, #812, .T. ) ;
#2408 = CARTESIAN_POINT ( 'NONE',  ( 1.379999999999999893, 2.483238627135259780, -0.4078917005040608168 ) ) ;
#2409 = CARTESIAN_POINT ( 'NONE',  ( 1.379999999999999893, 2.473026928731449914, -0.05453024012881570182 ) ) ;
#2410 = LINE ( 'NONE', #4191, #3790 ) ;
#2411 = PLANE ( 'NONE',  #53 ) ;
#2412 = AXIS2_PLACEMENT_3D ( 'NONE', #588, #2825, #705 ) ;
#2413 = CARTESIAN_POINT ( 'NONE',  ( 1.394334220106409949, 2.332881258751049902, 0.1446480485158219975 ) ) ;
#2414 = ORIENTED_EDGE ( 'NONE', *, *, #1345, .F. ) ;
#2415 = ORIENTED_EDGE ( 'NONE', *, *, #171, .T. ) ;
#2416 = VECTOR ( 'NONE', #5432, 1000.000000000000114 ) ;
#2417 = CARTESIAN_POINT ( 'NONE',  ( 1.379999999999999893, 2.472610150490469838, -0.4539506622173855033 ) ) ;
#2418 = DIRECTION ( 'NONE',  ( 0.000000000000000000, 0.7152859658357393347, 0.6988318732559595237 ) ) ;
#2419 = VECTOR ( 'NONE', #661, 1000.000000000000114 ) ;
#2420 = DIRECTION ( 'NONE',  ( 0.000000000000000000, -1.000000000000000000, 6.993530863780510092E-16 ) ) ;
#2421 = CARTESIAN_POINT ( 'NONE',  ( 2.860950000000000326, 1.866851484835910124, -1.145035237124100158 ) ) ;
#2422 = ORIENTED_EDGE ( 'NONE', *, *, #4698, .F. ) ;
#2423 = CIRCLE ( 'NONE', #2607, 1.229500000022198725 ) ;
#2424 = CYLINDRICAL_SURFACE ( 'NONE', #4114, 0.03077947504423012015 ) ;
#2425 = LINE ( 'NONE', #5463, #2983 ) ;
#2426 = AXIS2_PLACEMENT_3D ( 'NONE', #1951, #325, #290 ) ;
#2427 = DIRECTION ( 'NONE',  ( -1.000000000000000000, -0.000000000000000000, -0.000000000000000000 ) ) ;
#2428 = ORIENTED_EDGE ( 'NONE', *, *, #1944, .T. ) ;
#2429 = EDGE_CURVE ( 'NONE', #3504, #5323, #2733, .T. ) ;
#2430 = ORIENTED_EDGE ( 'NONE', *, *, #2130, .F. ) ;
#2431 = AXIS2_PLACEMENT_3D ( 'NONE', #4930, #2287, #3987 ) ;
#2432 = EDGE_CURVE ( 'NONE', #1230, #18, #3161, .T. ) ;
#2433 = VECTOR ( 'NONE', #4513, 1000.000000000000000 ) ;
#2434 = DIRECTION ( 'NONE',  ( 0.000000000000000000, 0.000000000000000000, -1.000000000000000000 ) ) ;
#2435 = VECTOR ( 'NONE', #1942, 1000.000000000000114 ) ;
#2436 = VECTOR ( 'NONE', #4027, 1000.000000000000000 ) ;
#2437 = ORIENTED_EDGE ( 'NONE', *, *, #4952, .F. ) ;
#2438 = ORIENTED_EDGE ( 'NONE', *, *, #3401, .T. ) ;
#2439 = DIRECTION ( 'NONE',  ( 0.000000000000000000, 0.5000000000000058842, 0.8660254037844351549 ) ) ;
#2440 = CARTESIAN_POINT ( 'NONE',  ( 1.394334220106409949, 2.477361680291799484, -0.4515068968902272717 ) ) ;
#2441 = PRESENTATION_STYLE_ASSIGNMENT (( #1552 ) ) ;
#2442 = EDGE_CURVE ( 'NONE', #894, #447, #3208, .T. ) ;
#2443 = ADVANCED_FACE ( 'NONE', ( #1077 ), #283, .F. ) ;
#2444 = DIRECTION ( 'NONE',  ( 1.000000000000000000, 1.445602896626741512E-16, 0.000000000000000000 ) ) ;
#2445 = AXIS2_PLACEMENT_3D ( 'NONE', #2157, #3834, #531 ) ;
#2446 = FACE_OUTER_BOUND ( 'NONE', #3636, .T. ) ;
#2447 = VERTEX_POINT ( 'NONE', #5338 ) ;
#2448 = VECTOR ( 'NONE', #436, 1000.000000000000000 ) ;
#2449 = ORIENTED_EDGE ( 'NONE', *, *, #5192, .T. ) ;
#2450 = LINE ( 'NONE', #5201, #2346 ) ;
#2451 = CARTESIAN_POINT ( 'NONE',  ( 2.879999999999999893, -1.857789974495766216, -0.7092133743812497615 ) ) ;
#2452 = ORIENTED_EDGE ( 'NONE', *, *, #305, .F. ) ;
#2453 = CARTESIAN_POINT ( 'NONE',  ( 2.879999999999999449, -0.2359217314837397383, 1.963500000000000023 ) ) ;
#2454 = ORIENTED_EDGE ( 'NONE', *, *, #1000, .F. ) ;
#2455 = FACE_OUTER_BOUND ( 'NONE', #1034, .T. ) ;
#2456 = CARTESIAN_POINT ( 'NONE',  ( 1.379999999999999893, 2.237535760291230691, -0.2852079774572931492 ) ) ;
#2457 = DIRECTION ( 'NONE',  ( 0.000000000000000000, -0.5000000000000003331, -0.8660254037844383745 ) ) ;
#2458 = CARTESIAN_POINT ( 'NONE',  ( 1.379999999999999893, 2.273044490338839818, 0.1765801039624752822 ) ) ;
#2459 = UNCERTAINTY_MEASURE_WITH_UNIT (LENGTH_MEASURE( 1.000000000000000082E-05 ), #3701, 'distance_accuracy_value', 'NONE');
#2460 = ORIENTED_EDGE ( 'NONE', *, *, #5131, .F. ) ;
#2461 = LINE ( 'NONE', #2124, #1899 ) ;
#2462 = ORIENTED_EDGE ( 'NONE', *, *, #571, .T. ) ;
#2463 = CARTESIAN_POINT ( 'NONE',  ( 1.379999999999999893, 2.217642729627552711, 0.2694351750209997287 ) ) ;
#2464 = ADVANCED_FACE ( 'NONE', ( #4854 ), #1502, .T. ) ;
#2465 = ADVANCED_FACE ( 'NONE', ( #4066 ), #1866, .F. ) ;
#2466 = VERTEX_POINT ( 'NONE', #3237 ) ;
#2467 = ORIENTED_EDGE ( 'NONE', *, *, #3876, .T. ) ;
#2468 = LINE ( 'NONE', #3725, #1883 ) ;
#2469 = CARTESIAN_POINT ( 'NONE',  ( 2.860950000000000326, 1.955864932622819907, -1.196427175165369894 ) ) ;
#2470 = LINE ( 'NONE', #5390, #2799 ) ;
#2471 = DIRECTION ( 'NONE',  ( 0.000000000000000000, -0.001706393916727129163, -0.9999985441088405924 ) ) ;
#2472 = EDGE_CURVE ( 'NONE', #1690, #884, #4953, .T. ) ;
#2473 = EDGE_LOOP ( 'NONE', ( #4825, #4658, #953, #2201 ) ) ;
#2474 = EDGE_CURVE ( 'NONE', #4481, #3433, #1138, .T. ) ;
#2475 = EDGE_LOOP ( 'NONE', ( #630, #916, #2796, #3307 ) ) ;
#2476 = FACE_OUTER_BOUND ( 'NONE', #4771, .T. ) ;
#2477 = DIRECTION ( 'NONE',  ( -2.731847993812009470E-16, 0.000000000000000000, 1.000000000000000000 ) ) ;
#2478 = PLANE ( 'NONE',  #327 ) ;
#2479 = ORIENTED_EDGE ( 'NONE', *, *, #264, .F. ) ;
#2480 = FACE_OUTER_BOUND ( 'NONE', #948, .T. ) ;
#2481 = DIRECTION ( 'NONE',  ( 1.836970198721030181E-16, 0.000000000000000000, -1.000000000000000000 ) ) ;
#2482 = EDGE_LOOP ( 'NONE', ( #2203, #1408, #3270, #2241 ) ) ;
#2483 = CARTESIAN_POINT ( 'NONE',  ( 2.879999999999999893, -1.857789974495761998, -0.7092133743812460978 ) ) ;
#2484 = PLANE ( 'NONE',  #4822 ) ;
#2485 = DIRECTION ( 'NONE',  ( 0.000000000000000000, -0.8660254037844384856, 0.5000000000000004441 ) ) ;
#2486 = EDGE_LOOP ( 'NONE', ( #1212, #3682, #1572, #2689, #468, #335, #783, #3043, #670, #2488, #687, #1991, #2017 ) ) ;
#2487 = DIRECTION ( 'NONE',  ( 1.000000000000000000, -0.000000000000000000, 0.000000000000000000 ) ) ;
#2488 = ORIENTED_EDGE ( 'NONE', *, *, #1443, .T. ) ;
#2489 = DIRECTION ( 'NONE',  ( 0.000000000000000000, 0.4999999999999943934, 0.8660254037844418162 ) ) ;
#2490 = VERTEX_POINT ( 'NONE', #1032 ) ;
#2491 = ORIENTED_EDGE ( 'NONE', *, *, #2163, .F. ) ;
#2492 = CARTESIAN_POINT ( 'NONE',  ( 1.379999999999999893, 2.483238627135259780, -0.4477264981797819954 ) ) ;
#2493 = LINE ( 'NONE', #3283, #841 ) ;
#2494 = DIRECTION ( 'NONE',  ( -1.575112114999209447E-16, 0.000000000000000000, 1.000000000000000000 ) ) ;
#2495 = DIRECTION ( 'NONE',  ( 0.000000000000000000, 0.9985562776716353506, -0.05371555010020772486 ) ) ;
#2496 = ADVANCED_FACE ( 'NONE', ( #3572 ), #3861, .T. ) ;
#2497 = ORIENTED_EDGE ( 'NONE', *, *, #3508, .F. ) ;
#2498 = ORIENTED_EDGE ( 'NONE', *, *, #101, .T. ) ;
#2499 = EDGE_LOOP ( 'NONE', ( #707, #1059, #3555, #2996 ) ) ;
#2500 = EDGE_CURVE ( 'NONE', #5449, #4353, #4088, .T. ) ;
#2501 = LINE ( 'NONE', #4198, #3782 ) ;
#2502 = CARTESIAN_POINT ( 'NONE',  ( 2.860950000000000326, 0.06360232754342408368, 2.173161927247199809 ) ) ;
#2503 = EDGE_CURVE ( 'NONE', #4690, #922, #1973, .T. ) ;
#2504 = VECTOR ( 'NONE', #3036, 1000.000000000000000 ) ;
#2505 = ORIENTED_EDGE ( 'NONE', *, *, #1769, .T. ) ;
#2506 = CARTESIAN_POINT ( 'NONE',  ( 1.379999999999999893, 2.314344245309435166, 0.2847395351442172928 ) ) ;
#2507 = CARTESIAN_POINT ( 'NONE',  ( 2.879999999999999893, -0.03601191218881479722, 2.273457506809879902 ) ) ;
#2508 = ORIENTED_EDGE ( 'NONE', *, *, #4277, .T. ) ;
#2509 = LINE ( 'NONE', #409, #2268 ) ;
#2510 = ADVANCED_FACE ( 'NONE', ( #5371 ), #723, .F. ) ;
#2511 = VECTOR ( 'NONE', #957, 1000.000000000000000 ) ;
#2512 = FACE_OUTER_BOUND ( 'NONE', #1576, .T. ) ;
#2513 = AXIS2_PLACEMENT_3D ( 'NONE', #861, #2188, #2604 ) ;
#2514 = ORIENTED_EDGE ( 'NONE', *, *, #1132, .F. ) ;
#2515 = CARTESIAN_POINT ( 'NONE',  ( 1.379999999999999893, 2.497005303495490214, -0.4475883723134639891 ) ) ;
#2516 = ORIENTED_EDGE ( 'NONE', *, *, #2500, .T. ) ;
#2517 = DIRECTION ( 'NONE',  ( 0.000000000000000000, 0.8785436295979137666, -0.4776621095428478792 ) ) ;
#2518 = VECTOR ( 'NONE', #4876, 1000.000000000000000 ) ;
#2519 = ORIENTED_EDGE ( 'NONE', *, *, #4765, .F. ) ;
#2520 = VECTOR ( 'NONE', #3853, 1000.000000000000114 ) ;
#2521 = ORIENTED_EDGE ( 'NONE', *, *, #1294, .T. ) ;
#2522 = CARTESIAN_POINT ( 'NONE',  ( 2.879999999999999893, 0.06360232754342413919, 2.173161927247199809 ) ) ;
#2523 = DIRECTION ( 'NONE',  ( -0.000000000000000000, -0.000000000000000000, 1.000000000000000000 ) ) ;
#2524 = VECTOR ( 'NONE', #4692, 1000.000000000000000 ) ;
#2525 = VECTOR ( 'NONE', #5458, 1000.000000000000000 ) ;
#2526 = DIRECTION ( 'NONE',  ( 0.000000000000000000, -0.5000000000000124345, -0.8660254037844314912 ) ) ;
#2527 = ORIENTED_EDGE ( 'NONE', *, *, #5454, .F. ) ;
#2528 = CARTESIAN_POINT ( 'NONE',  ( 1.394334220106409949, 2.374112209465140566, -0.01773143027163289961 ) ) ;
#2529 = ORIENTED_EDGE ( 'NONE', *, *, #812, .F. ) ;
#2531 = EDGE_CURVE ( 'NONE', #5123, #3016, #3183, .T. ) ;
#2530 = LINE ( 'NONE', #3017, #4381 ) ;
#2532 = DIRECTION ( 'NONE',  ( 0.000000000000000000, 0.4230480959310489730, -0.9061072279422088815 ) ) ;
#2533 = VECTOR ( 'NONE', #1505, 1000.000000000000000 ) ;
#2534 = CARTESIAN_POINT ( 'NONE',  ( 1.394334220106409949, 2.400816861523380030, 0.2534304449033880080 ) ) ;
#2535 = ADVANCED_FACE ( 'NONE', ( #788 ), #406, .F. ) ;
#2536 = AXIS2_PLACEMENT_3D ( 'NONE', #2048, #1246, #4333 ) ;
#2537 = AXIS2_PLACEMENT_3D ( 'NONE', #2132, #3035, #3889 ) ;
#2538 = ORIENTED_EDGE ( 'NONE', *, *, #1688, .T. ) ;
#2539 = EDGE_CURVE ( 'NONE', #5140, #3805, #5401, .T. ) ;
#2540 = DIRECTION ( 'NONE',  ( -0.000000000000000000, -1.000000000000000000, 6.993530863780510092E-16 ) ) ;
#2541 = ORIENTED_EDGE ( 'NONE', *, *, #3435, .T. ) ;
#2542 = DIRECTION ( 'NONE',  ( 1.000000000000000000, -0.000000000000000000, 0.000000000000000000 ) ) ;
#2543 = LINE ( 'NONE', #437, #2964 ) ;
#2544 = VECTOR ( 'NONE', #2204, 1000.000000000000114 ) ;
#2545 = CARTESIAN_POINT ( 'NONE',  ( 1.379999999999999893, 2.125255814197700044, -0.05453024012881570182 ) ) ;
#2546 = VECTOR ( 'NONE', #2418, 1000.000000000000114 ) ;
#2547 = ADVANCED_FACE ( 'NONE', ( #2480 ), #4573, .T. ) ;
#2548 = EDGE_LOOP ( 'NONE', ( #476, #1540, #2896, #1666 ) ) ;
#2549 = ADVANCED_FACE ( 'NONE', ( #319 ), #761, .F. ) ;
#2550 = CARTESIAN_POINT ( 'NONE',  ( 1.394334220106409949, 2.419158929571550765, 0.2709282273872805624 ) ) ;
#2551 = LINE ( 'NONE', #5111, #4742 ) ;
#2552 = ORIENTED_EDGE ( 'NONE', *, *, #4815, .T. ) ;
#2553 = EDGE_LOOP ( 'NONE', ( #4009, #4972, #2732, #494 ) ) ;
#2554 = DIRECTION ( 'NONE',  ( 0.000000000000000000, 0.8463804217565805699, 0.5325788032461983290 ) ) ;
#2555 = LINE ( 'NONE', #4253, #3082 ) ;
#2556 = PLANE ( 'NONE',  #2445 ) ;
#2557 = DIRECTION ( 'NONE',  ( 0.000000000000000000, -6.993530863780510092E-16, -1.000000000000000000 ) ) ;
#2558 = ORIENTED_EDGE ( 'NONE', *, *, #1485, .F. ) ;
#2559 = CARTESIAN_POINT ( 'NONE',  ( 0.6900000000200630090, -2.308490059734417936E-30, 6.713713452683871750E-17 ) ) ;
#2560 = VERTEX_POINT ( 'NONE', #349 ) ;
#2561 = DIRECTION ( 'NONE',  ( 0.000000000000000000, 0.3248433367098550462, 0.9457678396917542640 ) ) ;
#2562 = DIRECTION ( 'NONE',  ( 0.000000000000000000, 0.000000000000000000, -1.000000000000000000 ) ) ;
#2563 = EDGE_LOOP ( 'NONE', ( #1125, #889, #5467, #1759 ) ) ;
#2564 = LINE ( 'NONE', #3898, #1547 ) ;
#2565 = CARTESIAN_POINT ( 'NONE',  ( 2.879999999999999893, 0.06360232754342409756, 2.173161927247199809 ) ) ;
#2566 = ORIENTED_EDGE ( 'NONE', *, *, #910, .F. ) ;
#2567 = DIRECTION ( 'NONE',  ( 0.000000000000000000, -0.9659317819997988996, -0.2587968170644550092 ) ) ;
#2568 = LINE ( 'NONE', #47, #5439 ) ;
#2569 = DIRECTION ( 'NONE',  ( -1.000000000000000000, -0.000000000000000000, -0.000000000000000000 ) ) ;
#2570 = EDGE_CURVE ( 'NONE', #3651, #4077, #2937, .T. ) ;
#2571 = LINE ( 'NONE', #2677, #403 ) ;
#2572 = VERTEX_POINT ( 'NONE', #4633 ) ;
#2573 = CARTESIAN_POINT ( 'NONE',  ( 1.394334220106409949, 2.502369077289269939, 0.2139087065947909982 ) ) ;
#2574 = EDGE_CURVE ( 'NONE', #3720, #3294, #815, .T. ) ;
#2575 = ADVANCED_FACE ( 'NONE', ( #3799 ), #5487, .F. ) ;
#2576 = VERTEX_POINT ( 'NONE', #2966 ) ;
#2577 = VERTEX_POINT ( 'NONE', #4659 ) ;
#2578 = CARTESIAN_POINT ( 'NONE',  ( 1.379999999999999893, 2.523629592551110079, 0.2969646181041720734 ) ) ;
#2579 = DIRECTION ( 'NONE',  ( -2.055359568692899253E-16, 0.000000000000000000, 1.000000000000000000 ) ) ;
#2580 = LINE ( 'NONE', #3012, #4048 ) ;
#2581 = EDGE_CURVE ( 'NONE', #3172, #4133, #5175, .T. ) ;
#2582 = LINE ( 'NONE', #450, #4193 ) ;
#2583 = ORIENTED_EDGE ( 'NONE', *, *, #4476, .F. ) ;
#2584 = DIRECTION ( 'NONE',  ( 1.000000000000000000, -6.213327282967790716E-30, 1.807003620816442506E-16 ) ) ;
#2585 = CARTESIAN_POINT ( 'NONE',  ( 1.379999999999999893, 2.336132259871180228, 0.2556232938952676670 ) ) ;
#2586 = CARTESIAN_POINT ( 'NONE',  ( 1.379999999999999893, 2.496189298377549992, -0.4507503921454730222 ) ) ;
#2587 = DIRECTION ( 'NONE',  ( 0.000000000000000000, 0.2696926424169870939, -0.9629464567805123831 ) ) ;
#2588 = ORIENTED_EDGE ( 'NONE', *, *, #3063, .T. ) ;
#2589 = CARTESIAN_POINT ( 'NONE',  ( 1.394334220106409949, 2.467563243836560005, -0.4555210470667500622 ) ) ;
#2590 = ORIENTED_EDGE ( 'NONE', *, *, #1582, .F. ) ;
#2591 = DIRECTION ( 'NONE',  ( 0.000000000000000000, 0.000000000000000000, -1.000000000000000000 ) ) ;
#2592 = CARTESIAN_POINT ( 'NONE',  ( 2.860950000000000326, 1.700440880330740034, -0.9817500000000011218 ) ) ;
#2593 = LINE ( 'NONE', #4241, #4833 ) ;
#2594 = VECTOR ( 'NONE', #3482, 1000.000000000000000 ) ;
#2595 = PLANE ( 'NONE',  #4211 ) ;
#2596 = ORIENTED_EDGE ( 'NONE', *, *, #603, .T. ) ;
#2597 = EDGE_CURVE ( 'NONE', #4450, #3487, #2173, .T. ) ;
#2598 = AXIS2_PLACEMENT_3D ( 'NONE', #3276, #1573, #1955 ) ;
#2599 = LINE ( 'NONE', #4330, #5357 ) ;
#2600 = VECTOR ( 'NONE', #1065, 1000.000000000000227 ) ;
#2601 = EDGE_CURVE ( 'NONE', #1574, #4238, #2140, .T. ) ;
#2602 = ORIENTED_EDGE ( 'NONE', *, *, #1411, .T. ) ;
#2603 = ORIENTED_EDGE ( 'NONE', *, *, #675, .F. ) ;
#2604 = DIRECTION ( 'NONE',  ( 0.000000000000000000, 0.6811833507215883099, -0.7321128619958193751 ) ) ;
#2605 = EDGE_CURVE ( 'NONE', #196, #3097, #42, .T. ) ;
#2606 = DIRECTION ( 'NONE',  ( 0.000000000000000000, 0.8164082640122259926, -0.5774751479090191042 ) ) ;
#2607 = AXIS2_PLACEMENT_3D ( 'NONE', #4675, #5185, #1790 ) ;
#2608 = CARTESIAN_POINT ( 'NONE',  ( 2.879999999999999893, 1.590464268306928552, -1.172235079669540214 ) ) ;
#2609 = DIRECTION ( 'NONE',  ( 0.000000000000000000, 1.000000000000000000, -6.993530863780510092E-16 ) ) ;
#2610 = VECTOR ( 'NONE', #4472, 1000.000000000000114 ) ;
#2611 = ORIENTED_EDGE ( 'NONE', *, *, #5219, .F. ) ;
#2612 = DIRECTION ( 'NONE',  ( 0.000000000000000000, 0.000000000000000000, -1.000000000000000000 ) ) ;
#2613 = VERTEX_POINT ( 'NONE', #2250 ) ;
#2614 = LINE ( 'NONE', #5092, #5093 ) ;
#2615 = EDGE_CURVE ( 'NONE', #447, #1689, #3044, .T. ) ;
#2616 = EDGE_CURVE ( 'NONE', #4133, #4345, #2564, .T. ) ;
#2617 = DIRECTION ( 'NONE',  ( -0.000000000000000000, -1.000000000000000000, -0.000000000000000000 ) ) ;
#2618 = DIRECTION ( 'NONE',  ( 1.000000000000000000, 0.000000000000000000, 0.000000000000000000 ) ) ;
#2619 = VECTOR ( 'NONE', #1033, 1000.000000000000114 ) ;
#2620 = ORIENTED_EDGE ( 'NONE', *, *, #2442, .F. ) ;
#2621 = VECTOR ( 'NONE', #1317, 1000.000000000000000 ) ;
#2622 = VECTOR ( 'NONE', #4791, 1000.000000000000000 ) ;
#2623 = DIRECTION ( 'NONE',  ( 1.000000000000000000, -0.000000000000000000, 0.000000000000000000 ) ) ;
#2624 = ORIENTED_EDGE ( 'NONE', *, *, #516, .T. ) ;
#2625 = CARTESIAN_POINT ( 'NONE',  ( 2.860950000000000326, 1.752788928699440030, -1.092298960887060133 ) ) ;
#2626 = LINE ( 'NONE', #3926, #3663 ) ;
#2627 = AXIS2_PLACEMENT_3D ( 'NONE', #1069, #1937, #5330 ) ;
#2628 = VECTOR ( 'NONE', #2891, 999.9999999999998863 ) ;
#2629 = DIRECTION ( 'NONE',  ( -1.000000000000000000, 0.000000000000000000, -0.000000000000000000 ) ) ;
#2630 = AXIS2_PLACEMENT_3D ( 'NONE', #521, #3491, #3080 ) ;
#2631 = FACE_OUTER_BOUND ( 'NONE', #611, .T. ) ;
#2632 = ORIENTED_EDGE ( 'NONE', *, *, #1014, .F. ) ;
#2633 = DIRECTION ( 'NONE',  ( 0.000000000000000000, 0.8660254037844391517, 0.4999999999999990563 ) ) ;
#2634 = CARTESIAN_POINT ( 'NONE',  ( 2.860950000000000326, -1.992290211929010235, -0.9379137554844739766 ) ) ;
#2635 = AXIS2_PLACEMENT_3D ( 'NONE', #811, #1198, #1704 ) ;
#2636 = ORIENTED_EDGE ( 'NONE', *, *, #1846, .F. ) ;
#2637 =( NAMED_UNIT ( * ) SI_UNIT ( $, .STERADIAN. ) SOLID_ANGLE_UNIT ( ) );
#2638 = PLANE ( 'NONE',  #4749 ) ;
#2639 = ADVANCED_FACE ( 'NONE', ( #2729 ), #4430, .T. ) ;
#2640 = LINE ( 'NONE', #4761, #3842 ) ;
#2641 = ORIENTED_EDGE ( 'NONE', *, *, #1294, .F. ) ;
#2642 = DIRECTION ( 'NONE',  ( -1.000000000000000000, -0.000000000000000000, -0.000000000000000000 ) ) ;
#2643 = DIRECTION ( 'NONE',  ( 0.000000000000000000, -0.7693267868930211417, -0.6388554570236212315 ) ) ;
#2644 = CYLINDRICAL_SURFACE ( 'NONE', #2172, 2.100000000000000089 ) ;
#2645 = ADVANCED_FACE ( 'NONE', ( #4061, #1918 ), #2699, .T. ) ;
#2646 = EDGE_CURVE ( 'NONE', #2328, #1303, #4403, .T. ) ;
#2647 = ORIENTED_EDGE ( 'NONE', *, *, #4447, .T. ) ;
#2648 = ORIENTED_EDGE ( 'NONE', *, *, #5355, .F. ) ;
#2649 = CARTESIAN_POINT ( 'NONE',  ( 1.379999999999998561, 3.888253587292846081E-16, 3.175000000000000266 ) ) ;
#2650 = CARTESIAN_POINT ( 'NONE',  ( 1.394334220106409949, 2.521531062727529804, -0.3948934297115659908 ) ) ;
#2651 = DIRECTION ( 'NONE',  ( -1.000000000000000000, 0.000000000000000000, -1.836970198721029934E-16 ) ) ;
#2652 = DIRECTION ( 'NONE',  ( -2.891205793143918626E-16, 1.000000000000000000, 0.000000000000000000 ) ) ;
#2653 = PLANE ( 'NONE',  #2078 ) ;
#2654 = VERTEX_POINT ( 'NONE', #5309 ) ;
#2655 = LINE ( 'NONE', #1897, #2244 ) ;
#2656 = CARTESIAN_POINT ( 'NONE',  ( 1.379999999999999893, 2.366975201274149843, 0.1403087934052079933 ) ) ;
#2657 = VERTEX_POINT ( 'NONE', #1473 ) ;
#2658 = ORIENTED_EDGE ( 'NONE', *, *, #1042, .T. ) ;
#2659 = LINE ( 'NONE', #553, #506 ) ;
#2660 = CARTESIAN_POINT ( 'NONE',  ( 1.379999999999999893, 2.521786211845419956, 0.2788837195463449992 ) ) ;
#2661 = CARTESIAN_POINT ( 'NONE',  ( 1.379999999999999893, 2.472365065619983593, -0.4641025592228413821 ) ) ;
#2662 = ORIENTED_EDGE ( 'NONE', *, *, #2324, .F. ) ;
#2663 = ORIENTED_EDGE ( 'NONE', *, *, #1221, .T. ) ;
#2664 = CARTESIAN_POINT ( 'NONE',  ( 1.379999999999999893, 2.219308366003919897, -0.05453024012881570182 ) ) ;
#2665 = PLANE ( 'NONE',  #1187 ) ;
#2666 = DIRECTION ( 'NONE',  ( 0.000000000000000000, 0.9457678396917542640, -0.3248433367098550462 ) ) ;
#2667 = ORIENTED_CLOSED_SHELL ( 'NONE', *, #2768, .F. );
#2668 = LINE ( 'NONE', #3042, #1460 ) ;
#2669 = ORIENTED_EDGE ( 'NONE', *, *, #877, .F. ) ;
#2670 = EDGE_CURVE ( 'NONE', #4892, #2328, #1941, .T. ) ;
#2671 = ORIENTED_EDGE ( 'NONE', *, *, #1786, .T. ) ;
#2672 = CARTESIAN_POINT ( 'NONE',  ( 1.379999999999999893, 2.483238627135259780, -0.4477264981797819954 ) ) ;
#2673 = EDGE_CURVE ( 'NONE', #4160, #2772, #3264, .T. ) ;
#2674 = LINE ( 'NONE', #4291, #4318 ) ;
#2675 = CARTESIAN_POINT ( 'NONE',  ( 1.394334220106409949, 2.125255814197700044, -0.3948934297115659908 ) ) ;
#2676 = DIRECTION ( 'NONE',  ( 0.000000000000000000, 0.4778152549999920562, 0.8784603474769321352 ) ) ;
#2677 = CARTESIAN_POINT ( 'NONE',  ( 1.379999999999999893, 2.033886628395409790, 0.3948905628675439816 ) ) ;
#2678 = ORIENTED_EDGE ( 'NONE', *, *, #1701, .T. ) ;
#2679 = ADVANCED_FACE ( 'NONE', ( #1283, #5095 ), #4688, .F. ) ;
#2680 = EDGE_CURVE ( 'NONE', #884, #517, #4151, .T. ) ;
#2681 = VECTOR ( 'NONE', #341, 1000.000000000000000 ) ;
#2682 = CARTESIAN_POINT ( 'NONE',  ( 1.379999999999999893, 2.485296480058409863, -0.4417785858748130012 ) ) ;
#2683 = VECTOR ( 'NONE', #1709, 1000.000000000000114 ) ;
#2684 = VERTEX_POINT ( 'NONE', #3318 ) ;
#2685 = VERTEX_POINT ( 'NONE', #3631 ) ;
#2686 = DIRECTION ( 'NONE',  ( 0.000000000000000000, 0.9829615588624277533, 0.1838112450280069698 ) ) ;
#2687 = VECTOR ( 'NONE', #2277, 1000.000000000000000 ) ;
#2688 = CARTESIAN_POINT ( 'NONE',  ( 1.379999999999999893, 2.472865152089830154, -0.4640019752586510560 ) ) ;
#2689 = ORIENTED_EDGE ( 'NONE', *, *, #515, .T. ) ;
#2690 = ORIENTED_EDGE ( 'NONE', *, *, #881, .F. ) ;
#2691 = CARTESIAN_POINT ( 'NONE',  ( 2.879999999999999893, -1.543091786165727619, -1.254286625618754369 ) ) ;
#2692 = LINE ( 'NONE', #3563, #2610 ) ;
#2693 = VECTOR ( 'NONE', #2231, 1000.000000000000000 ) ;
#2694 = DIRECTION ( 'NONE',  ( 0.000000000000000000, 0.9887062354962000699, -0.1498665402647720579 ) ) ;
#2695 = CARTESIAN_POINT ( 'NONE',  ( 1.379999999999999893, 2.414157720176420163, 0.2626768769252310065 ) ) ;
#2696 = VECTOR ( 'NONE', #1171, 1000.000000000000000 ) ;
#2697 = ORIENTED_EDGE ( 'NONE', *, *, #4205, .T. ) ;
#2698 = ORIENTED_EDGE ( 'NONE', *, *, #4717, .T. ) ;
#2699 = PLANE ( 'NONE',  #315 ) ;
#2700 = CARTESIAN_POINT ( 'NONE',  ( 1.379999999999999893, 2.125255814197700044, -0.2852079774572949811 ) ) ;
#2701 = VECTOR ( 'NONE', #3293, 1000.000000000000114 ) ;
#2702 = AXIS2_PLACEMENT_3D ( 'NONE', #3986, #4010, #646 ) ;
#2703 = DIRECTION ( 'NONE',  ( 0.000000000000000000, 0.8164082640122201084, -0.5774751479090273198 ) ) ;
#2704 = PLANE ( 'NONE',  #117 ) ;
#2705 = ADVANCED_FACE ( 'NONE', ( #3354 ), #3957, .T. ) ;
#2706 = EDGE_CURVE ( 'NONE', #3826, #2490, #5319, .T. ) ;
#2707 = VECTOR ( 'NONE', #3202, 1000.000000000000000 ) ;
#2708 = CARTESIAN_POINT ( 'NONE',  ( 1.379999999999999893, 2.513397826239148980, 0.2400852859843183862 ) ) ;
#2709 = CARTESIAN_POINT ( 'NONE',  ( 1.394334220106409949, 2.418816341711010232, 0.2702983817558100021 ) ) ;
#2710 = ORIENTED_EDGE ( 'NONE', *, *, #2102, .T. ) ;
#2711 = LINE ( 'NONE', #1428, #390 ) ;
#2712 = VECTOR ( 'NONE', #1386, 1000.000000000000000 ) ;
#2713 = VECTOR ( 'NONE', #4018, 1000.000000000000000 ) ;
#2714 = FACE_OUTER_BOUND ( 'NONE', #2212, .T. ) ;
#2715 = EDGE_CURVE ( 'NONE', #959, #648, #1082, .T. ) ;
#2716 = EDGE_CURVE ( 'NONE', #82, #356, #2668, .T. ) ;
#2717 = VECTOR ( 'NONE', #4636, 1000.000000000000000 ) ;
#2718 = ORIENTED_EDGE ( 'NONE', *, *, #1512, .T. ) ;
#2719 = ORIENTED_EDGE ( 'NONE', *, *, #4623, .F. ) ;
#2720 = PLANE ( 'NONE',  #4767 ) ;
#2721 = CARTESIAN_POINT ( 'NONE',  ( 1.379999999999999893, 2.492117772841170087, -0.4551746698942920055 ) ) ;
#2722 = VERTEX_POINT ( 'NONE', #1729 ) ;
#2723 = CARTESIAN_POINT ( 'NONE',  ( 1.379999999999999893, 2.332881258751049902, 0.1446480485158225526 ) ) ;
#2724 = DIRECTION ( 'NONE',  ( 0.000000000000000000, 0.8660254037844391517, 0.4999999999999990563 ) ) ;
#2725 = FACE_OUTER_BOUND ( 'NONE', #4814, .T. ) ;
#2726 = CARTESIAN_POINT ( 'NONE',  ( 1.379999999999999893, 2.400816861523380474, 0.2534304449033862872 ) ) ;
#2727 = ORIENTED_EDGE ( 'NONE', *, *, #4877, .T. ) ;
#2728 = ORIENTED_EDGE ( 'NONE', *, *, #2474, .T. ) ;
#2729 = FACE_OUTER_BOUND ( 'NONE', #2187, .T. ) ;
#2730 = CARTESIAN_POINT ( 'NONE',  ( 2.860950000000000326, 1.983372645742417673, -1.399080837148779954 ) ) ;
#2731 = CARTESIAN_POINT ( 'NONE',  ( 1.379999999999999893, 2.286545892257069834, 0.1670300731587790188 ) ) ;
#2732 = ORIENTED_EDGE ( 'NONE', *, *, #4205, .F. ) ;
#2733 = LINE ( 'NONE', #2392, #3517 ) ;
#2734 = DIRECTION ( 'NONE',  ( 0.000000000000000000, -1.000000000000000000, -0.000000000000000000 ) ) ;
#2735 = ORIENTED_EDGE ( 'NONE', *, *, #882, .T. ) ;
#2736 = ADVANCED_FACE ( 'NONE', ( #2138 ), #3439, .F. ) ;
#2737 = LINE ( 'NONE', #604, #5351 ) ;
#2738 = UNCERTAINTY_MEASURE_WITH_UNIT (LENGTH_MEASURE( 1.000000000000000082E-05 ), #4182, 'distance_accuracy_value', 'NONE');
#2739 = ORIENTED_EDGE ( 'NONE', *, *, #5392, .F. ) ;
#2740 = DIRECTION ( 'NONE',  ( 0.000000000000000000, -0.8971293181887251000, -0.4417680233405688051 ) ) ;
#2741 = VERTEX_POINT ( 'NONE', #4260 ) ;
#2742 = EDGE_CURVE ( 'NONE', #1591, #1895, #38, .T. ) ;
#2743 = EDGE_CURVE ( 'NONE', #447, #3411, #951, .T. ) ;
#2744 = CARTESIAN_POINT ( 'NONE',  ( 1.379999999999999893, 2.324343390079090188, 0.03026883183795530188 ) ) ;
#2745 = ORIENTED_EDGE ( 'NONE', *, *, #2332, .F. ) ;
#2746 = EDGE_LOOP ( 'NONE', ( #2352, #2074, #1771, #5327 ) ) ;
#2747 = FACE_OUTER_BOUND ( 'NONE', #4624, .T. ) ;
#2748 = DIRECTION ( 'NONE',  ( 0.000000000000000000, -6.993530863780510092E-16, -1.000000000000000000 ) ) ;
#2749 = PLANE ( 'NONE',  #4400 ) ;
#2750 = ADVANCED_FACE ( 'NONE', ( #514 ), #537, .T. ) ;
#2751 = DIRECTION ( 'NONE',  ( 0.000000000000000000, -0.5000000000000004441, -0.8660254037844384856 ) ) ;
#2752 = EDGE_LOOP ( 'NONE', ( #1413, #3113, #3712, #3556 ) ) ;
#2753 = VERTEX_POINT ( 'NONE', #4768 ) ;
#2754 = DIRECTION ( 'NONE',  ( -1.000000000000000000, 0.000000000000000000, 0.000000000000000000 ) ) ;
#2755 = CARTESIAN_POINT ( 'NONE',  ( 1.379999999999999893, 1.975537752030239957, 0.3268746884626150262 ) ) ;
#2756 = ORIENTED_EDGE ( 'NONE', *, *, #2762, .T. ) ;
#2757 = CARTESIAN_POINT ( 'NONE',  ( 2.879999999999999893, -0.1043506507308979980, 1.492250000000000076 ) ) ;
#2758 = DIRECTION ( 'NONE',  ( -1.000000000000000000, 0.000000000000000000, -0.000000000000000000 ) ) ;
#2759 = VERTEX_POINT ( 'NONE', #1365 ) ;
#2760 = LINE ( 'NONE', #681, #3417 ) ;
#2761 = PLANE ( 'NONE',  #1084 ) ;
#2762 = EDGE_CURVE ( 'NONE', #4982, #4931, #455, .T. ) ;
#2763 = VERTEX_POINT ( 'NONE', #116 ) ;
#2764 = PLANE ( 'NONE',  #830 ) ;
#2765 = ORIENTED_EDGE ( 'NONE', *, *, #5358, .F. ) ;
#2766 = FACE_OUTER_BOUND ( 'NONE', #5072, .T. ) ;
#2767 = EDGE_CURVE ( 'NONE', #4005, #1264, #3018, .T. ) ;
#2768 = CLOSED_SHELL ( 'NONE', ( #3321, #4093, #548, #4517, #2226, #2933, #632, #4616, #5028, #2845, #238, #2778, #1995, #5054 ) ) ;
#2769 = ADVANCED_FACE ( 'NONE', ( #4286 ), #2644, .T. ) ;
#2770 = ORIENTED_EDGE ( 'NONE', *, *, #1786, .F. ) ;
#2771 = CARTESIAN_POINT ( 'NONE',  ( 1.394334220106409949, 2.125255814197700044, -0.05453024012881569488 ) ) ;
#2772 = VERTEX_POINT ( 'NONE', #1338 ) ;
#2773 = LINE ( 'NONE', #4913, #1626 ) ;
#2774 = CARTESIAN_POINT ( 'NONE',  ( 1.394334220106409949, 2.523239701764210086, 0.2897166630495660034 ) ) ;
#2775 = CARTESIAN_POINT ( 'NONE',  ( 1.394334220106409949, 2.125255814197700044, 0.3948905628675439816 ) ) ;
#2776 = CIRCLE ( 'NONE', #3227, 2.064999999989299617 ) ;
#2777 = CARTESIAN_POINT ( 'NONE',  ( 2.879999999999999893, -0.02037416159373720004, 2.173161927247199809 ) ) ;
#2778 = ADVANCED_FACE ( 'NONE', ( #3123 ), #4317, .F. ) ;
#2779 = VECTOR ( 'NONE', #963, 1000.000000000000000 ) ;
#2780 = ORIENTED_EDGE ( 'NONE', *, *, #2365, .T. ) ;
#2781 = EDGE_CURVE ( 'NONE', #1836, #641, #4342, .T. ) ;
#2782 = ORIENTED_EDGE ( 'NONE', *, *, #580, .T. ) ;
#2783 = CARTESIAN_POINT ( 'NONE',  ( 1.379999999999999893, 2.383197238168579979, 0.2483830793195180020 ) ) ;
#2784 = LINE ( 'NONE', #2755, #5119 ) ;
#2785 = VECTOR ( 'NONE', #4903, 1000.000000000000000 ) ;
#2786 = CIRCLE ( 'NONE', #2537, 2.100000000000000089 ) ;
#2787 = VECTOR ( 'NONE', #3120, 1000.000000000000114 ) ;
#2788 = DIRECTION ( 'NONE',  ( 1.836970198721029934E-16, 0.000000000000000000, -1.000000000000000000 ) ) ;
#2789 = DIRECTION ( 'NONE',  ( -0.000000000000000000, -0.4778152549999920562, -0.8784603474769321352 ) ) ;
#2790 = ORIENTED_EDGE ( 'NONE', *, *, #3558, .T. ) ;
#2791 = FACE_OUTER_BOUND ( 'NONE', #3076, .T. ) ;
#2792 = CARTESIAN_POINT ( 'NONE',  ( 1.394334220106409949, 2.172282090100809970, -0.05453024012881570182 ) ) ;
#2793 = CARTESIAN_POINT ( 'NONE',  ( 1.394334220106409949, 2.314590793895267229, 0.2895770477457290659 ) ) ;
#2794 = VECTOR ( 'NONE', #4639, 1000.000000000000000 ) ;
#2795 = AXIS2_PLACEMENT_3D ( 'NONE', #2409, #1579, #1518 ) ;
#2796 = ORIENTED_EDGE ( 'NONE', *, *, #3937, .F. ) ;
#2797 = VECTOR ( 'NONE', #199, 1000.000000000000000 ) ;
#2798 = ORIENTED_EDGE ( 'NONE', *, *, #3190, .F. ) ;
#2799 = VECTOR ( 'NONE', #2523, 1000.000000000000000 ) ;
#2800 = DIRECTION ( 'NONE',  ( 0.000000000000000000, 0.000000000000000000, -1.000000000000000000 ) ) ;
#2801 = VECTOR ( 'NONE', #363, 1000.000000000000114 ) ;
#2802 = VECTOR ( 'NONE', #4940, 1000.000000000000000 ) ;
#2803 = ORIENTED_EDGE ( 'NONE', *, *, #877, .T. ) ;
#2804 = CARTESIAN_POINT ( 'NONE',  ( 2.860950000000000326, -0.1701361911073190070, 1.963500000000000023 ) ) ;
#2805 = ORIENTED_EDGE ( 'NONE', *, *, #5228, .T. ) ;
#2806 = DIRECTION ( 'NONE',  ( 1.000000000000000000, 0.000000000000000000, -0.000000000000000000 ) ) ;
#2807 = CARTESIAN_POINT ( 'NONE',  ( 1.379999999999999893, 2.490779014444560069, -0.4649539812295779839 ) ) ;
#2808 = DIRECTION ( 'NONE',  ( -1.000000000000000000, 0.000000000000000000, -2.220446049250310123E-16 ) ) ;
#2809 = AXIS2_PLACEMENT_3D ( 'NONE', #2284, #5368, #4453 ) ;
#2810 = FACE_OUTER_BOUND ( 'NONE', #925, .T. ) ;
#2811 = EDGE_CURVE ( 'NONE', #3253, #3582, #5227, .T. ) ;
#2812 = ORIENTED_EDGE ( 'NONE', *, *, #4851, .T. ) ;
#2813 = ORIENTED_EDGE ( 'NONE', *, *, #1846, .T. ) ;
#2814 = CARTESIAN_POINT ( 'NONE',  ( 1.379999999999999893, 2.463272841927400147, -0.4369951808735679788 ) ) ;
#2815 = PLANE ( 'NONE',  #1111 ) ;
#2816 = EDGE_CURVE ( 'NONE', #1148, #4556, #563, .T. ) ;
#2817 = EDGE_CURVE ( 'NONE', #1233, #4044, #3598, .T. ) ;
#2818 = CARTESIAN_POINT ( 'NONE',  ( 1.379999999999999893, 2.421942635116209885, 0.2887058138476611413 ) ) ;
#2819 = LINE ( 'NONE', #700, #4034 ) ;
#2820 = ORIENTED_EDGE ( 'NONE', *, *, #4952, .T. ) ;
#2821 = CARTESIAN_POINT ( 'NONE',  ( 1.379999999999999893, 2.486422737122231386, -0.4626929670486253920 ) ) ;
#2822 = CARTESIAN_POINT ( 'NONE',  ( 1.394334220106409949, 2.219308366003919897, 0.01740461005320609669 ) ) ;
#2823 = CARTESIAN_POINT ( 'NONE',  ( 2.879999999999999449, -0.1043506507308980397, 2.273457506809879902 ) ) ;
#2824 = APPLICATION_CONTEXT ( 'automotive_design' ) ;
#2825 = DIRECTION ( 'NONE',  ( 1.000000000000000000, 0.000000000000000000, 1.836970198721029934E-16 ) ) ;
#2826 = EDGE_LOOP ( 'NONE', ( #4582, #605, #1567, #538 ) ) ;
#2827 = CARTESIAN_POINT ( 'NONE',  ( 1.379999999999999893, 2.219308366003919897, 0.01740461005320610016 ) ) ;
#2828 = ORIENTED_EDGE ( 'NONE', *, *, #2531, .F. ) ;
#2829 = FACE_OUTER_BOUND ( 'NONE', #1940, .T. ) ;
#2830 = ORIENTED_EDGE ( 'NONE', *, *, #2994, .F. ) ;
#2831 = DIRECTION ( 'NONE',  ( 0.000000000000000000, 1.000000000000000000, -6.993530863780510092E-16 ) ) ;
#2832 = ORIENTED_EDGE ( 'NONE', *, *, #615, .T. ) ;
#2833 = CARTESIAN_POINT ( 'NONE',  ( 1.379999999999999893, 2.316464276463180205, 0.1510640454354519879 ) ) ;
#2834 = CARTESIAN_POINT ( 'NONE',  ( 1.394334220106409949, 2.357842869644359851, 0.2479398652338276332 ) ) ;
#2835 = LINE ( 'NONE', #3727, #2993 ) ;
#2836 = LINE ( 'NONE', #5479, #1021 ) ;
#2837 = ORIENTED_EDGE ( 'NONE', *, *, #4666, .F. ) ;
#2838 = ORIENTED_EDGE ( 'NONE', *, *, #2680, .F. ) ;
#2839 = ORIENTED_EDGE ( 'NONE', *, *, #2581, .T. ) ;
#2840 = EDGE_CURVE ( 'NONE', #4996, #1242, #5204, .T. ) ;
#2841 = LINE ( 'NONE', #3708, #5366 ) ;
#2842 = FACE_OUTER_BOUND ( 'NONE', #2877, .T. ) ;
#2843 = EDGE_CURVE ( 'NONE', #1203, #799, #972, .T. ) ;
#2844 = VERTEX_POINT ( 'NONE', #150 ) ;
#2845 = ADVANCED_FACE ( 'NONE', ( #1835 ), #4813, .F. ) ;
#2846 = CARTESIAN_POINT ( 'NONE',  ( 2.689500000144563252, 2.130059397837953191E-45, 4.336808689942017243E-16 ) ) ;
#2847 = CARTESIAN_POINT ( 'NONE',  ( 1.394334220106409949, 1.579261356762811319, 1.673698976268557014E-16 ) ) ;
#2848 = EDGE_LOOP ( 'NONE', ( #4451, #2837, #3402, #966 ) ) ;
#2849 = LINE ( 'NONE', #702, #2712 ) ;
#2850 = LINE ( 'NONE', #2792, #2878 ) ;
#2851 = DIRECTION ( 'NONE',  ( 0.000000000000000000, 0.5000000000000003331, 0.8660254037844383745 ) ) ;
#2852 = LINE ( 'NONE', #1596, #4642 ) ;
#2853 = EDGE_CURVE ( 'NONE', #648, #4982, #5306, .T. ) ;
#2854 = ORIENTED_EDGE ( 'NONE', *, *, #1688, .F. ) ;
#2855 = ADVANCED_FACE ( 'NONE', ( #616 ), #4891, .F. ) ;
#2856 = ORIENTED_EDGE ( 'NONE', *, *, #1477, .F. ) ;
#2857 = DIRECTION ( 'NONE',  ( 0.000000000000000000, 0.1329814728554868930, 0.9911185236273133414 ) ) ;
#2858 = ORIENTED_EDGE ( 'NONE', *, *, #2601, .T. ) ;
#2859 = PLANE ( 'NONE',  #3137 ) ;
#2860 = VERTEX_POINT ( 'NONE', #1070 ) ;
#2861 = DIRECTION ( 'NONE',  ( 0.000000000000000000, -0.8660254037844605790, 0.4999999999999620304 ) ) ;
#2862 =( NAMED_UNIT ( * ) PLANE_ANGLE_UNIT ( ) SI_UNIT ( $, .RADIAN. ) );
#2863 = DIRECTION ( 'NONE',  ( 0.000000000000000000, 0.7693245073750119012, -0.6388582020700643849 ) ) ;
#2864 = FACE_OUTER_BOUND ( 'NONE', #435, .T. ) ;
#2865 = VECTOR ( 'NONE', #309, 1000.000000000000000 ) ;
#2866 = CARTESIAN_POINT ( 'NONE',  ( 1.034999999999999920, 0.000000000000000000, -7.660538869913579537E-17 ) ) ;
#2867 = ORIENTED_EDGE ( 'NONE', *, *, #3260, .T. ) ;
#2868 = ORIENTED_EDGE ( 'NONE', *, *, #4242, .F. ) ;
#2869 = DIRECTION ( 'NONE',  ( 0.000000000000000000, 0.4778152549999920562, 0.8784603474769321352 ) ) ;
#2870 = AXIS2_PLACEMENT_3D ( 'NONE', #2377, #1122, #210 ) ;
#2871 = CARTESIAN_POINT ( 'NONE',  ( 2.880000000061500032, -1.500000000021372459, 4.005374543718212960E-16 ) ) ;
#2872 = CARTESIAN_POINT ( 'NONE',  ( 1.394334220106409949, 2.483264967316880067, -0.4580349378337310040 ) ) ;
#2873 = CARTESIAN_POINT ( 'NONE',  ( 1.379999999999999893, 2.317249791725009889, 0.2773050918860259784 ) ) ;
#2874 = VECTOR ( 'NONE', #4593, 1000.000000000000114 ) ;
#2875 = VERTEX_POINT ( 'NONE', #4427 ) ;
#2876 = DIRECTION ( 'NONE',  ( 0.000000000000000000, -0.2587968170644550092, 0.9659317819997988996 ) ) ;
#2877 = EDGE_LOOP ( 'NONE', ( #3054, #1772, #2641, #3710 ) ) ;
#2878 = VECTOR ( 'NONE', #3606, 1000.000000000000000 ) ;
#2879 = CARTESIAN_POINT ( 'NONE',  ( 1.394334220106409949, 2.472047021958560187, -0.4541015381636709924 ) ) ;
#2881 = EDGE_CURVE ( 'NONE', #4524, #4738, #3564, .T. ) ;
#2880 = CARTESIAN_POINT ( 'NONE',  ( 2.860950000000000326, 2.290456010311659352, -1.068415287894378896 ) ) ;
#2882 = CARTESIAN_POINT ( 'NONE',  ( 1.379999999999999893, 2.507883451764210125, 0.2269969962895539983 ) ) ;
#2883 = ADVANCED_FACE ( 'NONE', ( #2810 ), #3158, .T. ) ;
#2884 = VECTOR ( 'NONE', #560, 1000.000000000000000 ) ;
#2885 = CARTESIAN_POINT ( 'NONE',  ( 2.879999999999999893, -1.725772238865660224, -0.9378747999927815604 ) ) ;
#2886 = ORIENTED_EDGE ( 'NONE', *, *, #1241, .F. ) ;
#2887 = CARTESIAN_POINT ( 'NONE',  ( 2.879999999999999449, -0.2359217314837396551, 2.517800735127829981 ) ) ;
#2888 = ORIENTED_EDGE ( 'NONE', *, *, #3268, .F. ) ;
#2889 = VECTOR ( 'NONE', #5459, 1000.000000000000000 ) ;
#2890 =( GEOMETRIC_REPRESENTATION_CONTEXT ( 3 ) GLOBAL_UNCERTAINTY_ASSIGNED_CONTEXT ( ( #1407 ) ) GLOBAL_UNIT_ASSIGNED_CONTEXT ( ( #4594, #2862, #4168 ) ) REPRESENTATION_CONTEXT ( 'NONE', 'WORKASPACE' ) );
#2891 = DIRECTION ( 'NONE',  ( 0.000000000000000000, 0.1293109790943719750, 0.9916040896878426381 ) ) ;
#2892 = EDGE_CURVE ( 'NONE', #3775, #162, #2265, .T. ) ;
#2893 = ADVANCED_FACE ( 'NONE', ( #637 ), #193, .F. ) ;
#2894 = VECTOR ( 'NONE', #2623, 1000.000000000000000 ) ;
#2895 = VECTOR ( 'NONE', #2198, 1000.000000000000000 ) ;
#2896 = ORIENTED_EDGE ( 'NONE', *, *, #900, .T. ) ;
#2897 = DIRECTION ( 'NONE',  ( 0.000000000000000000, 0.8682403210875319077, 0.4961438751388749235 ) ) ;
#2898 = EDGE_LOOP ( 'NONE', ( #442, #1956, #883, #2830 ) ) ;
#2899 = CARTESIAN_POINT ( 'NONE',  ( 1.379999999999999893, 2.170392839890789904, 0.2851052010991320107 ) ) ;
#2900 = DIRECTION ( 'NONE',  ( -1.000000000000000000, 0.000000000000000000, 0.000000000000000000 ) ) ;
#2901 = LINE ( 'NONE', #1581, #412 ) ;
#2902 = AXIS2_PLACEMENT_3D ( 'NONE', #4834, #1850, #4054 ) ;
#2903 = CARTESIAN_POINT ( 'NONE',  ( 2.860950000000000326, 1.677594408828531058, -1.222539689754220227 ) ) ;
#2904 = B_SPLINE_CURVE_WITH_KNOTS ( 'NONE', 3,
 ( #3095, #914, #2661, #1308 ),
 .UNSPECIFIED., .F., .F.,
 ( 4, 4 ),
 ( 0.000000000000000000, 1.000000000000000000 ),
 .UNSPECIFIED. ) ;
#2905 = ORIENTED_EDGE ( 'NONE', *, *, #4890, .T. ) ;
#2906 = COLOUR_RGB ( '',1.000000000000000000, 0.5019607843137254832, 0.2509803921568627416 ) ;
#2907 = EDGE_LOOP ( 'NONE', ( #2936, #902, #2127, #4955 ) ) ;
#2908 = CARTESIAN_POINT ( 'NONE',  ( 1.439999999999999947, 1.763491390772189890E-16, 8.817456953860940824E-17 ) ) ;
#2909 = CARTESIAN_POINT ( 'NONE',  ( 1.394334220106409949, 2.473521781208170012, -0.4638553493390210059 ) ) ;
#2910 = CARTESIAN_POINT ( 'NONE',  ( 1.394334220106409949, 2.140667967656120219, -0.2325411859423129890 ) ) ;
#2911 = VERTEX_POINT ( 'NONE', #1914 ) ;
#2912 = CARTESIAN_POINT ( 'NONE',  ( 2.880000000000000338, -1.857789974495759999, -0.7092133743812462088 ) ) ;
#2913 = LINE ( 'NONE', #5071, #3510 ) ;
#2914 = ORIENTED_EDGE ( 'NONE', *, *, #5020, .T. ) ;
#2915 = CARTESIAN_POINT ( 'NONE',  ( 1.394334220106409949, 2.502365463612908680, -0.4324412773117429776 ) ) ;
#2916 =( NAMED_UNIT ( * ) PLANE_ANGLE_UNIT ( ) SI_UNIT ( $, .RADIAN. ) );
#2917 = DIRECTION ( 'NONE',  ( 0.000000000000000000, 0.5000000000000003331, 0.8660254037844383745 ) ) ;
#2918 = VERTEX_POINT ( 'NONE', #277 ) ;
#2919 = CARTESIAN_POINT ( 'NONE',  ( 1.394334220106409949, 2.463368113483567878, -0.4569185739853240946 ) ) ;
#2920 = ORIENTED_EDGE ( 'NONE', *, *, #3267, .T. ) ;
#2921 = EDGE_CURVE ( 'NONE', #1585, #394, #3588, .T. ) ;
#2922 = LINE ( 'NONE', #1986, #5452 ) ;
#2923 = VERTEX_POINT ( 'NONE', #4868 ) ;
#2924 = ORIENTED_EDGE ( 'NONE', *, *, #1959, .T. ) ;
#2925 = LINE ( 'NONE', #1691, #4741 ) ;
#2926 = ADVANCED_FACE ( 'NONE', ( #4082 ), #1966, .F. ) ;
#2927 = CARTESIAN_POINT ( 'NONE',  ( 2.879999999999999893, 2.070502786264021733, -1.449385447233460411 ) ) ;
#2928 = PLANE ( 'NONE',  #924 ) ;
#2929 = LINE ( 'NONE', #4113, #2865 ) ;
#2930 = ORIENTED_EDGE ( 'NONE', *, *, #1862, .T. ) ;
#2931 = DIRECTION ( 'NONE',  ( -1.000000000000000000, 0.000000000000000000, -0.000000000000000000 ) ) ;
#2932 = ORIENTED_EDGE ( 'NONE', *, *, #3894, .T. ) ;
#2933 = ADVANCED_FACE ( 'NONE', ( #5250 ), #4917, .F. ) ;
#2934 = DIRECTION ( 'NONE',  ( 0.000000000000000000, -0.5251986009926896681, 0.8509796880744695535 ) ) ;
#2935 = CARTESIAN_POINT ( 'NONE',  ( 1.379999999999999893, 2.324442703374399954, 0.3948905628675439816 ) ) ;
#2936 = ORIENTED_EDGE ( 'NONE', *, *, #4858, .T. ) ;
#2937 = LINE ( 'NONE', #2034, #2525 ) ;
#2938 = PLANE ( 'NONE',  #1639 ) ;
#2939 = ORIENTED_EDGE ( 'NONE', *, *, #4143, .F. ) ;
#2940 = LINE ( 'NONE', #3414, #3167 ) ;
#2941 = SURFACE_STYLE_FILL_AREA ( #5047 ) ;
#2942 = CARTESIAN_POINT ( 'NONE',  ( 0.6900000000000008349, 3.230005932751144266E-16, -2.637500000000000178 ) ) ;
#2943 = ORIENTED_EDGE ( 'NONE', *, *, #1411, .F. ) ;
#2944 = DIRECTION ( 'NONE',  ( 0.000000000000000000, 0.000000000000000000, -1.000000000000000000 ) ) ;
#2945 = ORIENTED_EDGE ( 'NONE', *, *, #4103, .F. ) ;
#2946 = DIRECTION ( 'NONE',  ( 0.000000000000000000, 0.000000000000000000, -1.000000000000000000 ) ) ;
#2947 = EDGE_CURVE ( 'NONE', #3568, #1250, #2323, .T. ) ;
#2948 = ORIENTED_EDGE ( 'NONE', *, *, #4746, .F. ) ;
#2949 = ORIENTED_EDGE ( 'NONE', *, *, #5392, .T. ) ;
#2950 = LINE ( 'NONE', #185, #2779 ) ;
#2951 = LINE ( 'NONE', #1667, #4304 ) ;
#2952 = CARTESIAN_POINT ( 'NONE',  ( 1.394334220106409949, 2.411458586530380810, -0.2347371884626151817 ) ) ;
#2953 = EDGE_CURVE ( 'NONE', #5006, #1926, #3618, .T. ) ;
#2954 = ADVANCED_FACE ( 'NONE', ( #4944 ), #4475, .T. ) ;
#2955 = ORIENTED_EDGE ( 'NONE', *, *, #4440, .T. ) ;
#2956 = ORIENTED_EDGE ( 'NONE', *, *, #1558, .F. ) ;
#2957 = DIRECTION ( 'NONE',  ( -1.000000000000000000, 0.000000000000000000, -0.000000000000000000 ) ) ;
#2958 = EDGE_LOOP ( 'NONE', ( #4644, #5130, #2333, #1062 ) ) ;
#2959 = DIRECTION ( 'NONE',  ( -1.000000000000000000, -0.000000000000000000, 0.000000000000000000 ) ) ;
#2960 = VECTOR ( 'NONE', #143, 1000.000000000000000 ) ;
#2961 = CARTESIAN_POINT ( 'NONE',  ( 1.394334220106409949, 2.251583295995521095, 0.1996458709045084712 ) ) ;
#2962 = ADVANCED_FACE ( 'NONE', ( #1440 ), #1938, .F. ) ;
#2963 = EDGE_CURVE ( 'NONE', #894, #1825, #1100, .T. ) ;
#2964 = VECTOR ( 'NONE', #2038, 1000.000000000000000 ) ;
#2965 = ORIENTED_EDGE ( 'NONE', *, *, #2474, .F. ) ;
#2966 = CARTESIAN_POINT ( 'NONE',  ( 1.379999999999999893, 2.466294610879764093, -0.4655277348281296468 ) ) ;
#2967 = CARTESIAN_POINT ( 'NONE',  ( 0.000000000000000000, 2.023853355068814674E-46, 7.824090399073145653E-32 ) ) ;
#2968 = ORIENTED_EDGE ( 'NONE', *, *, #1993, .T. ) ;
#2969 = CARTESIAN_POINT ( 'NONE',  ( 2.034749999999999837, 0.000000000000000000, 3.737775111847609920E-16 ) ) ;
#2970 = LINE ( 'NONE', #2592, #913 ) ;
#2971 = AXIS2_PLACEMENT_3D ( 'NONE', #5200, #4393, #3998 ) ;
#2972 = CARTESIAN_POINT ( 'NONE',  ( 2.879999999999999893, -2.023130304122821244, -1.531436993182670570 ) ) ;
#2973 = CIRCLE ( 'NONE', #2247, 0.03983479767572119939 ) ;
#2974 = VERTEX_POINT ( 'NONE', #3981 ) ;
#2975 = DIRECTION ( 'NONE',  ( 0.000000000000000000, -0.000000000000000000, 1.000000000000000000 ) ) ;
#2976 = ORIENTED_EDGE ( 'NONE', *, *, #2472, .F. ) ;
#2977 = LINE ( 'NONE', #3827, #1720 ) ;
#2978 = AXIS2_PLACEMENT_3D ( 'NONE', #5295, #3166, #577 ) ;
#2979 = ORIENTED_EDGE ( 'NONE', *, *, #505, .F. ) ;
#2980 = VECTOR ( 'NONE', #3825, 1000.000000000000000 ) ;
#2981 = ORIENTED_EDGE ( 'NONE', *, *, #4882, .T. ) ;
#2982 = DIRECTION ( 'NONE',  ( -1.000000000000000000, -0.000000000000000000, 0.000000000000000000 ) ) ;
#2983 = VECTOR ( 'NONE', #3299, 1000.000000000000114 ) ;
#2984 = PLANE ( 'NONE',  #2088 ) ;
#2985 = VECTOR ( 'NONE', #1422, 1000.000000000000000 ) ;
#2986 = VECTOR ( 'NONE', #234, 1000.000000000000114 ) ;
#2987 = DIRECTION ( 'NONE',  ( 1.000000000000000000, -0.000000000000000000, 0.000000000000000000 ) ) ;
#2988 = EDGE_LOOP ( 'NONE', ( #4973, #4090, #639, #1430 ) ) ;
#2989 = CARTESIAN_POINT ( 'NONE',  ( 1.379999999999999893, 2.478836439541399983, -0.4415490844353929800 ) ) ;
#2990 = ORIENTED_EDGE ( 'NONE', *, *, #5230, .T. ) ;
#2991 = DIRECTION ( 'NONE',  ( -1.000000000000000000, -0.000000000000000000, -0.000000000000000000 ) ) ;
#2992 = CARTESIAN_POINT ( 'NONE',  ( 1.379999999999999893, 2.125066602492299950, -0.1854790744889395215 ) ) ;
#2993 = VECTOR ( 'NONE', #4561, 1000.000000000000000 ) ;
#2994 = EDGE_CURVE ( 'NONE', #5413, #4481, #1988, .T. ) ;
#2995 = AXIS2_PLACEMENT_3D ( 'NONE', #1110, #621, #256 ) ;
#2996 = ORIENTED_EDGE ( 'NONE', *, *, #911, .F. ) ;
#2997 = DIRECTION ( 'NONE',  ( 0.000000000000000000, 0.9998027306933628955, 0.01986201646597422071 ) ) ;
#2998 = VERTEX_POINT ( 'NONE', #4970 ) ;
#2999 = EDGE_CURVE ( 'NONE', #9, #267, #4192, .T. ) ;
#3000 = ADVANCED_FACE ( 'NONE', ( #4530 ), #2411, .F. ) ;
#3001 = CARTESIAN_POINT ( 'NONE',  ( 1.379999999999999893, 2.357842869644359851, 0.2479398652338275777 ) ) ;
#3002 = LINE ( 'NONE', #3741, #2416 ) ;
#3003 = AXIS2_PLACEMENT_3D ( 'NONE', #1229, #5068, #2115 ) ;
#3004 = CARTESIAN_POINT ( 'NONE',  ( 1.379999999999999893, 2.395313954424529879, 0.1425796205544659911 ) ) ;
#3005 = LINE ( 'NONE', #879, #1541 ) ;
#3006 = ORIENTED_EDGE ( 'NONE', *, *, #5192, .F. ) ;
#3007 = EDGE_CURVE ( 'NONE', #2186, #3916, #1379, .T. ) ;
#3008 = CARTESIAN_POINT ( 'NONE',  ( 1.379999999999999893, 2.374112209465140566, -0.05286747059647189939 ) ) ;
#3009 = ORIENTED_EDGE ( 'NONE', *, *, #2921, .F. ) ;
#3010 = ORIENTED_EDGE ( 'NONE', *, *, #1141, .F. ) ;
#3011 = DIRECTION ( 'NONE',  ( 1.000000000000000000, 0.000000000000000000, 0.000000000000000000 ) ) ;
#3012 = CARTESIAN_POINT ( 'NONE',  ( 2.880000000000000338, -1.675109521795830059, -1.025625200007209692 ) ) ;
#3013 = DIRECTION ( 'NONE',  ( 0.000000000000000000, 0.8660254037844391517, 0.4999999999999990563 ) ) ;
#3014 = ORIENTED_EDGE ( 'NONE', *, *, #5193, .F. ) ;
#3015 = DIRECTION ( 'NONE',  ( -0.9955922219346864388, 6.185940315257310860E-30, 0.09378767308742623487 ) ) ;
#3016 = VERTEX_POINT ( 'NONE', #306 ) ;
#3017 = CARTESIAN_POINT ( 'NONE',  ( 1.379999999999999893, 2.280059657658919825, 0.01740461005320610016 ) ) ;
#3018 = LINE ( 'NONE', #893, #4580 ) ;
#3019 = PRODUCT_DEFINITION ( 'UNKNOWN', '', #3089, #1624 ) ;
#3020 = VERTEX_POINT ( 'NONE', #1997 ) ;
#3021 = PLANE ( 'NONE',  #2257 ) ;
#3022 = ORIENTED_EDGE ( 'NONE', *, *, #161, .T. ) ;
#3023 = DIRECTION ( 'NONE',  ( 0.000000000000000000, 0.000000000000000000, -1.000000000000000000 ) ) ;
#3024 = DIRECTION ( 'NONE',  ( -1.000000000000000000, 0.000000000000000000, -0.000000000000000000 ) ) ;
#3025 = EDGE_CURVE ( 'NONE', #5140, #633, #2470, .T. ) ;
#3026 = EDGE_CURVE ( 'NONE', #3886, #768, #2901, .T. ) ;
#3027 = DIRECTION ( 'NONE',  ( 0.000000000000000000, 0.000000000000000000, -1.000000000000000000 ) ) ;
#3028 = DIRECTION ( 'NONE',  ( 0.000000000000000000, 0.9999881098214298270, 0.004876496258991146367 ) ) ;
#3029 = ADVANCED_FACE ( 'NONE', ( #1638 ), #3285, .F. ) ;
#3030 = ADVANCED_FACE ( 'NONE', ( #2864 ), #399, .F. ) ;
#3031 = ORIENTED_EDGE ( 'NONE', *, *, #1558, .T. ) ;
#3032 = ORIENTED_EDGE ( 'NONE', *, *, #1664, .T. ) ;
#3033 = CARTESIAN_POINT ( 'NONE',  ( 1.379999999999999893, 0.000000000000000000, -3.174999999999999378 ) ) ;
#3034 = CARTESIAN_POINT ( 'NONE',  ( 1.394334220106409949, 2.523629592551110079, -0.05453024012881569488 ) ) ;
#3035 = DIRECTION ( 'NONE',  ( -1.000000000000000000, 1.271019015260609939E-45, -1.836970198721029934E-16 ) ) ;
#3036 = DIRECTION ( 'NONE',  ( 0.000000000000000000, 0.7144949460126249763, 0.6996406021111239992 ) ) ;
#3037 = ORIENTED_EDGE ( 'NONE', *, *, #4103, .T. ) ;
#3038 = CARTESIAN_POINT ( 'NONE',  ( 1.394334220106409949, 2.380631412769521393, 0.2478931356762790750 ) ) ;
#3039 = ORIENTED_EDGE ( 'NONE', *, *, #288, .F. ) ;
#3040 = PLANE ( 'NONE',  #3059 ) ;
#3041 = DIRECTION ( 'NONE',  ( -0.000000000000000000, -0.000000000000000000, 1.000000000000000000 ) ) ;
#3042 = CARTESIAN_POINT ( 'NONE',  ( 2.879999999999999893, 1.677594408828530836, -1.222539689754218450 ) ) ;
#3043 = ORIENTED_EDGE ( 'NONE', *, *, #2207, .T. ) ;
#3044 = LINE ( 'NONE', #4772, #3953 ) ;
#3045 = FACE_OUTER_BOUND ( 'NONE', #525, .T. ) ;
#3046 = ORIENTED_EDGE ( 'NONE', *, *, #465, .F. ) ;
#3047 = LINE ( 'NONE', #2224, #5030 ) ;
#3048 = DIRECTION ( 'NONE',  ( -1.836970198721029934E-16, 0.000000000000000000, 1.000000000000000000 ) ) ;
#3049 = PLANE ( 'NONE',  #573 ) ;
#3050 = VECTOR ( 'NONE', #4194, 999.9999999999998863 ) ;
#3051 = PRODUCT_DEFINITION_SHAPE ( 'NONE', 'NONE',  #3019 ) ;
#3052 = CARTESIAN_POINT ( 'NONE',  ( 1.379999999999999893, 2.189010124964999804, -0.2087363466115940147 ) ) ;
#3053 = LINE ( 'NONE', #575, #2520 ) ;
#3054 = ORIENTED_EDGE ( 'NONE', *, *, #4376, .T. ) ;
#3055 = PRESENTATION_LAYER_ASSIGNMENT (  '', '', ( #2064 ) ) ;
#3056 = DIRECTION ( 'NONE',  ( 0.000000000000000000, 0.2959104772545294026, -0.9552156769290359728 ) ) ;
#3057 = EDGE_CURVE ( 'NONE', #4847, #5455, #2836, .T. ) ;
#3058 = DIRECTION ( 'NONE',  ( -0.000000000000000000, -0.1167030593493190854, 0.9931668520135522593 ) ) ;
#3059 = AXIS2_PLACEMENT_3D ( 'NONE', #4259, #836, #3434 ) ;
#3060 = ORIENTED_EDGE ( 'NONE', *, *, #1345, .T. ) ;
#3061 = ORIENTED_EDGE ( 'NONE', *, *, #3729, .F. ) ;
#3062 = CARTESIAN_POINT ( 'NONE',  ( 1.379999999999999893, 2.375141406468780580, 0.2468665188322602400 ) ) ;
#3063 = EDGE_CURVE ( 'NONE', #1753, #1504, #5061, .T. ) ;
#3064 = VECTOR ( 'NONE', #4701, 1000.000000000000000 ) ;
#3065 = EDGE_CURVE ( 'NONE', #1277, #4166, #4145, .T. ) ;
#3066 = FACE_OUTER_BOUND ( 'NONE', #529, .T. ) ;
#3067 = DIRECTION ( 'NONE',  ( 0.000000000000000000, 1.000000000000000000, 0.000000000000000000 ) ) ;
#3068 = CONICAL_SURFACE ( 'NONE', #4029, 2.099999999991553068, 0.09392571491729040378 ) ;
#3069 = ORIENTED_EDGE ( 'NONE', *, *, #439, .F. ) ;
#3070 = CARTESIAN_POINT ( 'NONE',  ( 1.379999999999999893, 2.466494824628960192, -0.2095089610753289866 ) ) ;
#3071 = CARTESIAN_POINT ( 'NONE',  ( 1.379999999999999893, 2.219308366003919897, -0.01856281503780480083 ) ) ;
#3072 = VECTOR ( 'NONE', #5339, 1000.000000000000000 ) ;
#3073 = AXIS2_PLACEMENT_3D ( 'NONE', #4154, #373, #2117 ) ;
#3074 = ORIENTED_EDGE ( 'NONE', *, *, #4002, .F. ) ;
#3075 = VECTOR ( 'NONE', #3958, 1000.000000000000114 ) ;
#3076 = EDGE_LOOP ( 'NONE', ( #2868, #278, #1271, #2968 ) ) ;
#3077 = AXIS2_PLACEMENT_3D ( 'NONE', #1970, #619, #2305 ) ;
#3078 = CARTESIAN_POINT ( 'NONE',  ( 1.379999999999999893, 2.471483893426650091, -0.4542524141099568702 ) ) ;
#3079 = DIRECTION ( 'NONE',  ( 0.000000000000000000, 0.9720757995434973209, 0.2346670832091080905 ) ) ;
#3080 = DIRECTION ( 'NONE',  ( 0.000000000000000000, -0.5000000000000003331, -0.8660254037844383745 ) ) ;
#3081 = FACE_OUTER_BOUND ( 'NONE', #1903, .T. ) ;
#3082 = VECTOR ( 'NONE', #4725, 1000.000000000000114 ) ;
#3083 = CARTESIAN_POINT ( 'NONE',  ( 2.880000000061500032, 1.500000000021373348, 2.168404344971008868E-16 ) ) ;
#3084 = VECTOR ( 'NONE', #2567, 1000.000000000000000 ) ;
#3085 = DIRECTION ( 'NONE',  ( 0.000000000000000000, -0.8660254037844384856, 0.5000000000000004441 ) ) ;
#3086 = ORIENTED_EDGE ( 'NONE', *, *, #62, .F. ) ;
#3087 = CARTESIAN_POINT ( 'NONE',  ( 1.394334220106409949, 2.416638973676840330, 0.2657177383786050173 ) ) ;
#3088 = LINE ( 'NONE', #3008, #3064 ) ;
#3089 = PRODUCT_DEFINITION_FORMATION_WITH_SPECIFIED_SOURCE ( 'ANY', '', #5042, .NOT_KNOWN. ) ;
#3090 = ADVANCED_FACE ( 'NONE', ( #4646 ), #2928, .F. ) ;
#3091 = ORIENTED_EDGE ( 'NONE', *, *, #5162, .T. ) ;
#3092 = ORIENTED_EDGE ( 'NONE', *, *, #1453, .F. ) ;
#3093 = SURFACE_STYLE_USAGE ( .BOTH. , #286 ) ;
#3094 = CARTESIAN_POINT ( 'NONE',  ( 2.860950000000000326, 2.079570488202489909, -1.107312077076139989 ) ) ;
#3095 = CARTESIAN_POINT ( 'NONE',  ( 1.379999999999999893, 2.471364892680290026, -0.4643037271512217012 ) ) ;
#3096 = EDGE_CURVE ( 'NONE', #718, #1442, #2077, .T. ) ;
#3097 = VERTEX_POINT ( 'NONE', #912 ) ;
#3098 = ORIENTED_EDGE ( 'NONE', *, *, #2843, .F. ) ;
#3099 = CARTESIAN_POINT ( 'NONE',  ( 2.879999999999999893, -1.763491390772189890E-16, 2.517800735127829981 ) ) ;
#3100 = CARTESIAN_POINT ( 'NONE',  ( 1.379999999999999893, 2.181209442383090114, -0.1852052908849070034 ) ) ;
#3101 = CARTESIAN_POINT ( 'NONE',  ( 0.3184615384615387956, 2.571758278201679073E-16, -2.099999999993661159 ) ) ;
#3102 = CARTESIAN_POINT ( 'NONE',  ( 1.379999999999999893, 2.140667967656120663, -0.2325411859423123784 ) ) ;
#3103 = ADVANCED_FACE ( 'NONE', ( #1721 ), #2556, .F. ) ;
#3104 = ORIENTED_EDGE ( 'NONE', *, *, #4890, .F. ) ;
#3105 = EDGE_LOOP ( 'NONE', ( #4711, #4428, #5231, #1216 ) ) ;
#3106 = FACE_OUTER_BOUND ( 'NONE', #3105, .T. ) ;
#3107 = CARTESIAN_POINT ( 'NONE',  ( 1.394334220106409949, 2.489954509273310190, -0.4551746698942920055 ) ) ;
#3108 = LINE ( 'NONE', #74, #3410 ) ;
#3109 = DIRECTION ( 'NONE',  ( 1.000000000000000000, 0.000000000000000000, 0.000000000000000000 ) ) ;
#3110 = CARTESIAN_POINT ( 'NONE',  ( 1.379999999999999893, 2.496811927282640120, -0.4437718483764430122 ) ) ;
#3111 = VERTEX_POINT ( 'NONE', #2608 ) ;
#3112 = CARTESIAN_POINT ( 'NONE',  ( 1.394334220106409949, 1.975537752030241290, -0.3268890226827205203 ) ) ;
#3113 = ORIENTED_EDGE ( 'NONE', *, *, #4828, .F. ) ;
#3114 = ORIENTED_EDGE ( 'NONE', *, *, #2222, .T. ) ;
#3115 = CARTESIAN_POINT ( 'NONE',  ( 1.379999999999999893, 2.466494824628960192, -0.2599725829599560112 ) ) ;
#3116 = PLANE ( 'NONE',  #3218 ) ;
#3117 = ORIENTED_EDGE ( 'NONE', *, *, #4717, .F. ) ;
#3118 = ORIENTED_EDGE ( 'NONE', *, *, #2706, .F. ) ;
#3119 = CARTESIAN_POINT ( 'NONE',  ( 1.394334220106409949, 2.309420209805410629, -0.2346925392432749891 ) ) ;
#3120 = DIRECTION ( 'NONE',  ( 0.000000000000000000, 0.9999881098214298270, 0.004876496258991010191 ) ) ;
#3121 = EDGE_CURVE ( 'NONE', #5241, #2576, #1774, .T. ) ;
#3122 = DIRECTION ( 'NONE',  ( 0.000000000000000000, 0.8660254037844383745, -0.5000000000000003331 ) ) ;
#3123 = FACE_OUTER_BOUND ( 'NONE', #3281, .T. ) ;
#3124 = ADVANCED_FACE ( 'NONE', ( #110 ), #3863, .F. ) ;
#3125 = EDGE_LOOP ( 'NONE', ( #1608, #3322, #4874, #4678 ) ) ;
#3126 = ORIENTED_EDGE ( 'NONE', *, *, #1485, .T. ) ;
#3127 = LINE ( 'NONE', #4818, #3429 ) ;
#3128 = LINE ( 'NONE', #3902, #1913 ) ;
#3129 = LINE ( 'NONE', #569, #1076 ) ;
#3130 = EDGE_CURVE ( 'NONE', #2052, #782, #2580, .T. ) ;
#3131 = ADVANCED_FACE ( 'NONE', ( #554 ), #3068, .T. ) ;
#3132 = CARTESIAN_POINT ( 'NONE',  ( 1.394334220106409949, 2.500674538437823280, -0.4614095828226437712 ) ) ;
#3133 = DIRECTION ( 'NONE',  ( 1.000000000000000000, 0.000000000000000000, 0.000000000000000000 ) ) ;
#3134 = VERTEX_POINT ( 'NONE', #863 ) ;
#3135 = VECTOR ( 'NONE', #1320, 1000.000000000000000 ) ;
#3136 = CARTESIAN_POINT ( 'NONE',  ( 2.879999999999999893, 2.290456010311657131, -1.068415287894378674 ) ) ;
#3137 = AXIS2_PLACEMENT_3D ( 'NONE', #4557, #742, #2897 ) ;
#3138 = ORIENTED_EDGE ( 'NONE', *, *, #4727, .F. ) ;
#3139 = ORIENTED_EDGE ( 'NONE', *, *, #378, .F. ) ;
#3140 = CARTESIAN_POINT ( 'NONE',  ( 1.379999999999999893, 2.521531062727529804, -0.1294380075609080083 ) ) ;
#3141 = VECTOR ( 'NONE', #3699, 1000.000000000000000 ) ;
#3142 = LINE ( 'NONE', #3559, #198 ) ;
#3143 = ORIENTED_EDGE ( 'NONE', *, *, #979, .T. ) ;
#3144 = ORIENTED_EDGE ( 'NONE', *, *, #194, .F. ) ;
#3145 = PLANE ( 'NONE',  #1803 ) ;
#3146 = CIRCLE ( 'NONE', #3585, 0.03983479767572119939 ) ;
#3147 = CARTESIAN_POINT ( 'NONE',  ( 1.394334220106409949, 2.502887340387291548, -0.4560289252521264602 ) ) ;
#3148 = CARTESIAN_POINT ( 'NONE',  ( 1.379999999999999893, 2.422424264911790193, -0.01856281503780480083 ) ) ;
#3149 = CIRCLE ( 'NONE', #3589, 1.499999999964529485 ) ;
#3150 = ORIENTED_EDGE ( 'NONE', *, *, #3659, .T. ) ;
#3151 = ORIENTED_EDGE ( 'NONE', *, *, #5496, .F. ) ;
#3152 = ADVANCED_FACE ( 'NONE', ( #4726 ), #2984, .F. ) ;
#3153 = DIRECTION ( 'NONE',  ( 0.000000000000000000, -0.3269487519466982017, -0.9450420697516572766 ) ) ;
#3154 = AXIS2_PLACEMENT_3D ( 'NONE', #4660, #845, #4237 ) ;
#3155 = VECTOR ( 'NONE', #5181, 1000.000000000000000 ) ;
#3156 = DIRECTION ( 'NONE',  ( -1.000000000000000000, -0.000000000000000000, -0.000000000000000000 ) ) ;
#3157 = AXIS2_PLACEMENT_3D ( 'NONE', #1001, #3984, #3592 ) ;
#3158 = CONICAL_SURFACE ( 'NONE', #1298, 2.099999999991553068, 0.09392571491729040378 ) ;
#3159 = EDGE_CURVE ( 'NONE', #4222, #1376, #3427, .T. ) ;
#3160 = EDGE_CURVE ( 'NONE', #4074, #4839, #448, .T. ) ;
#3161 = LINE ( 'NONE', #2757, #1731 ) ;
#3162 = CARTESIAN_POINT ( 'NONE',  ( 1.379999999999999893, 2.496593388863786789, -0.4417785858748130012 ) ) ;
#3163 = ORIENTED_EDGE ( 'NONE', *, *, #3591, .T. ) ;
#3164 = AXIS2_PLACEMENT_3D ( 'NONE', #192, #2245, #3226 ) ;
#3165 = VECTOR ( 'NONE', #2857, 1000.000000000000227 ) ;
#3166 = DIRECTION ( 'NONE',  ( 0.000000000000000000, 1.000000000000000000, -6.993530863780510092E-16 ) ) ;
#3167 = VECTOR ( 'NONE', #4208, 1000.000000000000000 ) ;
#3168 = ADVANCED_FACE ( 'NONE', ( #942 ), #964, .F. ) ;
#3169 = ORIENTED_EDGE ( 'NONE', *, *, #2102, .F. ) ;
#3170 = ORIENTED_EDGE ( 'NONE', *, *, #4691, .F. ) ;
#3171 = LINE ( 'NONE', #686, #2713 ) ;
#3172 = VERTEX_POINT ( 'NONE', #2190 ) ;
#3173 = ORIENTED_EDGE ( 'NONE', *, *, #2391, .T. ) ;
#3174 = LINE ( 'NONE', #3099, #3670 ) ;
#3175 = CARTESIAN_POINT ( 'NONE',  ( 1.379999999999999893, 2.503720345611850195, -0.4485786285242949756 ) ) ;
#3176 = CARTESIAN_POINT ( 'NONE',  ( 1.379999999999999893, 2.521531062727529804, -0.1842807336880432911 ) ) ;
#3177 = CARTESIAN_POINT ( 'NONE',  ( 1.379999999999999893, 2.366975201274149843, 0.1403087934052079933 ) ) ;
#3178 = ORIENTED_EDGE ( 'NONE', *, *, #5289, .F. ) ;
#3179 = ORIENTED_EDGE ( 'NONE', *, *, #3007, .F. ) ;
#3180 = CARTESIAN_POINT ( 'NONE',  ( 2.880000000000000338, -2.337828492452859841, -0.9863637419451629640 ) ) ;
#3181 = LINE ( 'NONE', #1447, #5379 ) ;
#3182 = ORIENTED_EDGE ( 'NONE', *, *, #1757, .T. ) ;
#3183 = LINE ( 'NONE', #2912, #4484 ) ;
#3184 = LINE ( 'NONE', #4514, #3593 ) ;
#3185 = ORIENTED_EDGE ( 'NONE', *, *, #1588, .F. ) ;
#3186 = CARTESIAN_POINT ( 'NONE',  ( 1.379999999999999893, 2.125255814197700044, 0.3399550943363199851 ) ) ;
#3188 = ADVANCED_FACE ( 'NONE', ( #5086 ), #2638, .F. ) ;
#3187 = DIRECTION ( 'NONE',  ( 0.000000000000000000, 0.2406903406729401229, 0.9706019575020153889 ) ) ;
#3189 = DIRECTION ( 'NONE',  ( -0.000000000000000000, -1.000000000000000000, 0.000000000000000000 ) ) ;
#3190 = EDGE_CURVE ( 'NONE', #4075, #5322, #1331, .T. ) ;
#3191 = EDGE_LOOP ( 'NONE', ( #1116, #3315, #1488, #5137 ) ) ;
#3192 = DIRECTION ( 'NONE',  ( -1.000000000000000000, 0.000000000000000000, -0.000000000000000000 ) ) ;
#3193 = ORIENTED_EDGE ( 'NONE', *, *, #445, .F. ) ;
#3194 = FACE_OUTER_BOUND ( 'NONE', #1807, .T. ) ;
#3195 = EDGE_CURVE ( 'NONE', #4515, #986, #2786, .T. ) ;
#3196 = EDGE_CURVE ( 'NONE', #768, #5006, #86, .T. ) ;
#3197 = ORIENTED_EDGE ( 'NONE', *, *, #3604, .F. ) ;
#3198 = CARTESIAN_POINT ( 'NONE',  ( 0.6899999999999997247, 0.000000000000000000, 2.637500000000000178 ) ) ;
#3199 = ORIENTED_EDGE ( 'NONE', *, *, #693, .F. ) ;
#3200 = CARTESIAN_POINT ( 'NONE',  ( 1.379999999999999893, 2.523629592551110079, 0.3948905628675439816 ) ) ;
#3201 = CARTESIAN_POINT ( 'NONE',  ( 2.880000000000000338, 1.677594408828529948, -1.222539689754220227 ) ) ;
#3202 = DIRECTION ( 'NONE',  ( -0.000000000000000000, -1.000000000000000000, 0.000000000000000000 ) ) ;
#3203 = ORIENTED_EDGE ( 'NONE', *, *, #4149, .F. ) ;
#3204 = ORIENTED_EDGE ( 'NONE', *, *, #4486, .T. ) ;
#3205 = LINE ( 'NONE', #620, #1987 ) ;
#3206 = CARTESIAN_POINT ( 'NONE',  ( 1.379999999999999893, 2.420550782343879881, 0.2798170206174739882 ) ) ;
#3207 = ORIENTED_EDGE ( 'NONE', *, *, #1757, .F. ) ;
#3208 = LINE ( 'NONE', #4455, #1013 ) ;
#3209 = FACE_OUTER_BOUND ( 'NONE', #2482, .T. ) ;
#3210 = ORIENTED_EDGE ( 'NONE', *, *, #1004, .T. ) ;
#3211 = FILL_AREA_STYLE ('',( #1143 ) ) ;
#3212 = CARTESIAN_POINT ( 'NONE',  ( 1.380000000000001226, 3.230005932751144266E-16, -2.637500000000000178 ) ) ;
#3213 = CARTESIAN_POINT ( 'NONE',  ( 1.394334220106409949, 2.125255814197700044, 0.03526031801316129727 ) ) ;
#3214 = ORIENTED_EDGE ( 'NONE', *, *, #1068, .F. ) ;
#3215 = FACE_OUTER_BOUND ( 'NONE', #1436, .T. ) ;
#3216 = ORIENTED_EDGE ( 'NONE', *, *, #4792, .F. ) ;
#3217 = ADVANCED_FACE ( 'NONE', ( #3066 ), #3913, .F. ) ;
#3218 = AXIS2_PLACEMENT_3D ( 'NONE', #4421, #291, #4072 ) ;
#3219 = CARTESIAN_POINT ( 'NONE',  ( 1.379999999999999893, 2.324343390079090188, 0.01740461005320610016 ) ) ;
#3220 = AXIS2_PLACEMENT_3D ( 'NONE', #3890, #5197, #1389 ) ;
#3221 = ORIENTED_EDGE ( 'NONE', *, *, #4882, .F. ) ;
#3222 = CARTESIAN_POINT ( 'NONE',  ( 1.394334220106409949, 2.300047294175300294, 0.1574800423550827833 ) ) ;
#3223 = EDGE_CURVE ( 'NONE', #1504, #1071, #4783, .T. ) ;
#3224 = DIRECTION ( 'NONE',  ( 1.000000000000000000, 1.445602896626741512E-16, 0.000000000000000000 ) ) ;
#3225 = EDGE_CURVE ( 'NONE', #3815, #5441, #2349, .T. ) ;
#3226 = DIRECTION ( 'NONE',  ( 0.000000000000000000, -0.000000000000000000, 1.000000000000000000 ) ) ;
#3227 = AXIS2_PLACEMENT_3D ( 'NONE', #2559, #2584, #1278 ) ;
#3228 = DIRECTION ( 'NONE',  ( 0.000000000000000000, 0.5483224662305556940, -0.8362669866895625637 ) ) ;
#3229 = VECTOR ( 'NONE', #3640, 1000.000000000000114 ) ;
#3230 = ORIENTED_EDGE ( 'NONE', *, *, #1014, .T. ) ;
#3231 = ORIENTED_EDGE ( 'NONE', *, *, #1112, .F. ) ;
#3232 = DIRECTION ( 'NONE',  ( 0.000000000000000000, -0.000000000000000000, -1.000000000000000000 ) ) ;
#3233 = DIRECTION ( 'NONE',  ( -1.000000000000000000, 0.000000000000000000, -0.000000000000000000 ) ) ;
#3234 = AXIS2_PLACEMENT_3D ( 'NONE', #207, #1869, #3934 ) ;
#3235 = VECTOR ( 'NONE', #2337, 1000.000000000000000 ) ;
#3236 = VECTOR ( 'NONE', #2278, 1000.000000000000000 ) ;
#3237 = CARTESIAN_POINT ( 'NONE',  ( 2.880000000004656169, -1.871312958448925014E-30, 2.984499999968193595 ) ) ;
#3238 = CARTESIAN_POINT ( 'NONE',  ( 1.379999999999999893, 2.500674538437823280, -0.4614095828226437157 ) ) ;
#3239 = ORIENTED_EDGE ( 'NONE', *, *, #1295, .F. ) ;
#3240 = DIRECTION ( 'NONE',  ( 0.000000000000000000, 0.000000000000000000, -1.000000000000000000 ) ) ;
#3241 = CARTESIAN_POINT ( 'NONE',  ( 2.860950000000000326, -1.989949340249499876, -1.205464463520850016 ) ) ;
#3242 = CARTESIAN_POINT ( 'NONE',  ( 1.394334220106409949, 2.481543631422490570, -0.4415490844353929800 ) ) ;
#3243 = AXIS2_PLACEMENT_3D ( 'NONE', #567, #4322, #3079 ) ;
#3244 = VECTOR ( 'NONE', #518, 1000.000000000000000 ) ;
#3245 = FACE_BOUND ( 'NONE', #4301, .T. ) ;
#3246 = ORIENTED_EDGE ( 'NONE', *, *, #3338, .F. ) ;
#3247 = VECTOR ( 'NONE', #2279, 1000.000000000000000 ) ;
#3248 = ORIENTED_EDGE ( 'NONE', *, *, #1958, .F. ) ;
#3249 = CARTESIAN_POINT ( 'NONE',  ( 2.860950000000000326, 2.058567165613320427, -1.268840108281620083 ) ) ;
#3250 = VECTOR ( 'NONE', #5431, 1000.000000000000000 ) ;
#3251 = ORIENTED_EDGE ( 'NONE', *, *, #4851, .F. ) ;
#3252 = DIRECTION ( 'NONE',  ( -0.000000000000000000, -1.000000000000000000, -0.000000000000000000 ) ) ;
#3253 = VERTEX_POINT ( 'NONE', #3557 ) ;
#3254 = CARTESIAN_POINT ( 'NONE',  ( 1.379999999999999893, 2.419158929571552985, 0.2709282273872845592 ) ) ;
#3255 = FACE_OUTER_BOUND ( 'NONE', #1348, .T. ) ;
#3256 = DIRECTION ( 'NONE',  ( 1.000000000000000000, -0.000000000000000000, 0.000000000000000000 ) ) ;
#3257 = VECTOR ( 'NONE', #46, 1000.000000000000000 ) ;
#3258 = CARTESIAN_POINT ( 'NONE',  ( 1.379999999999999893, 2.486422737122230053, -0.4626929670486266133 ) ) ;
#3259 = EDGE_CURVE ( 'NONE', #4907, #2860, #4862, .T. ) ;
#3260 = EDGE_CURVE ( 'NONE', #3134, #3020, #3171, .T. ) ;
#3261 = CARTESIAN_POINT ( 'NONE',  ( 2.879999999999999893, -0.2359217314837389889, 2.240650367563920220 ) ) ;
#3262 = ORIENTED_EDGE ( 'NONE', *, *, #5132, .T. ) ;
#3263 = ORIENTED_EDGE ( 'NONE', *, *, #3832, .T. ) ;
#3264 = LINE ( 'NONE', #4975, #1999 ) ;
#3265 = DIRECTION ( 'NONE',  ( -1.000000000000000000, -0.000000000000000000, -0.000000000000000000 ) ) ;
#3266 = CARTESIAN_POINT ( 'NONE',  ( 1.379999999999999893, 2.125255814197700044, -0.3400507035844300141 ) ) ;
#3267 = EDGE_CURVE ( 'NONE', #2577, #1029, #2271, .T. ) ;
#3268 = EDGE_CURVE ( 'NONE', #4567, #3886, #3994, .T. ) ;
#3269 = DIRECTION ( 'NONE',  ( 0.000000000000000000, -0.8660254037844391517, -0.4999999999999990563 ) ) ;
#3270 = ORIENTED_EDGE ( 'NONE', *, *, #2097, .F. ) ;
#3271 = SURFACE_STYLE_FILL_AREA ( #3211 ) ;
#3272 = LINE ( 'NONE', #4459, #5005 ) ;
#3273 = FACE_OUTER_BOUND ( 'NONE', #2403, .T. ) ;
#3274 = DIRECTION ( 'NONE',  ( 0.000000000000000000, -0.2696926424169330816, 0.9629464567805274822 ) ) ;
#3275 = ORIENTED_EDGE ( 'NONE', *, *, #979, .F. ) ;
#3276 = CARTESIAN_POINT ( 'NONE',  ( 5.684372754975244920E-11, 6.961348887198754101E-27, 1.327764720081561961E-32 ) ) ;
#3277 = ORIENTED_EDGE ( 'NONE', *, *, #4408, .T. ) ;
#3278 = LINE ( 'NONE', #5053, #2334 ) ;
#3279 = ORIENTED_EDGE ( 'NONE', *, *, #4596, .F. ) ;
#3280 = CARTESIAN_POINT ( 'NONE',  ( 1.394334220106409949, 2.280059657658919825, 0.01740461005320610016 ) ) ;
#3281 = EDGE_LOOP ( 'NONE', ( #2407, #3061, #2454, #1848 ) ) ;
#3282 = DIRECTION ( 'NONE',  ( 0.000000000000000000, 0.9313974768889488054, -0.3640037637784808711 ) ) ;
#3283 = CARTESIAN_POINT ( 'NONE',  ( 2.860950000000000326, -0.2359217314837389889, 2.240650367563920220 ) ) ;
#3284 = DIRECTION ( 'NONE',  ( -2.220446049250310123E-16, 0.000000000000000000, 1.000000000000000000 ) ) ;
#3285 = PLANE ( 'NONE',  #1103 ) ;
#3286 = ORIENTED_EDGE ( 'NONE', *, *, #3695, .T. ) ;
#3287 = ORIENTED_EDGE ( 'NONE', *, *, #2325, .T. ) ;
#3288 = ADVANCED_FACE ( 'NONE', ( #3194 ), #4883, .T. ) ;
#3289 = EDGE_LOOP ( 'NONE', ( #3691, #3169, #3988, #3956 ) ) ;
#3290 = LINE ( 'NONE', #1159, #1449 ) ;
#3291 = DIRECTION ( 'NONE',  ( 0.000000000000000000, 1.000000000000000000, 0.000000000000000000 ) ) ;
#3292 = EDGE_CURVE ( 'NONE', #299, #576, #270, .T. ) ;
#3293 = DIRECTION ( 'NONE',  ( 0.000000000000000000, -0.5000000000000003331, -0.8660254037844383745 ) ) ;
#3294 = VERTEX_POINT ( 'NONE', #4418 ) ;
#3295 = EDGE_CURVE ( 'NONE', #4401, #725, #585, .T. ) ;
#3296 = ADVANCED_FACE ( 'NONE', ( #3538 ), #4908, .F. ) ;
#3297 = DIRECTION ( 'NONE',  ( 1.365923996832131609E-16, 0.000000000000000000, -1.000000000000000000 ) ) ;
#3298 = CARTESIAN_POINT ( 'NONE',  ( 1.379999999999999893, 2.125255814197700044, -0.3948934297115659908 ) ) ;
#3299 = DIRECTION ( 'NONE',  ( -0.000000000000000000, 0.3803437133060052489, 0.9248452085341629658 ) ) ;
#3300 = DIRECTION ( 'NONE',  ( 1.000000000000000000, -1.181924418571100069E-45, 1.836970198721029934E-16 ) ) ;
#3301 = EDGE_LOOP ( 'NONE', ( #1327, #552, #4670, #1209 ) ) ;
#3302 = CARTESIAN_POINT ( 'NONE',  ( 2.880000000000000338, -1.543091786165730062, -1.254286625618750151 ) ) ;
#3303 = ORIENTED_EDGE ( 'NONE', *, *, #3501, .T. ) ;
#3304 = LINE ( 'NONE', #3249, #1907 ) ;
#3305 = EDGE_LOOP ( 'NONE', ( #1962, #1651, #1601, #5353 ) ) ;
#3306 = LINE ( 'NONE', #300, #1525 ) ;
#3307 = ORIENTED_EDGE ( 'NONE', *, *, #4004, .T. ) ;
#3308 = CARTESIAN_POINT ( 'NONE',  ( 2.879999999999999893, -0.2359217314837389889, 2.517800735127829981 ) ) ;
#3309 = CARTESIAN_POINT ( 'NONE',  ( 1.379999999999999893, 2.483238627135259780, -0.4875612958555031740 ) ) ;
#3310 = CARTESIAN_POINT ( 'NONE',  ( 1.394334220106409949, 2.409391591991040027, 0.1445703570428451545 ) ) ;
#3311 = DIRECTION ( 'NONE',  ( 0.000000000000000000, 1.000000000000000000, 0.000000000000000000 ) ) ;
#3312 = CLOSED_SHELL ( 'NONE', ( #2267, #1454, #1888, #2123, #3000, #1827, #1393, #3971, #3103, #4826, #5215, #4134, #4945, #4073, #3168, #1792, #804, #3901, #5473, #4377, #3330, #2535, #870, #4243, #2750, #237, #3907, #4343, #708, #1220, #4583, #294, #1381, #3499, #4537 ) ) ;
#3313 = DIRECTION ( 'NONE',  ( -1.000000000000000000, 0.000000000000000000, -2.220446049250310123E-16 ) ) ;
#3314 = VERTEX_POINT ( 'NONE', #987 ) ;
#3315 = ORIENTED_EDGE ( 'NONE', *, *, #2222, .F. ) ;
#3316 =( LENGTH_UNIT ( ) NAMED_UNIT ( * ) SI_UNIT ( .MILLI., .METRE. ) );
#3317 = CARTESIAN_POINT ( 'NONE',  ( 1.379999999999999893, 2.471054640734399843, -0.4415490844353929800 ) ) ;
#3318 = CARTESIAN_POINT ( 'NONE',  ( 2.860950000000000326, -2.023130304122821244, -1.531436993182670570 ) ) ;
#3319 = PLANE ( 'NONE',  #2635 ) ;
#3320 = VECTOR ( 'NONE', #5442, 1000.000000000000000 ) ;
#3321 = ADVANCED_FACE ( 'NONE', ( #2766 ), #165, .T. ) ;
#3322 = ORIENTED_EDGE ( 'NONE', *, *, #2921, .T. ) ;
#3323 = LINE ( 'NONE', #2507, #4918 ) ;
#3324 = ORIENTED_EDGE ( 'NONE', *, *, #445, .T. ) ;
#3325 = VECTOR ( 'NONE', #1350, 1000.000000000000114 ) ;
#3326 = CARTESIAN_POINT ( 'NONE',  ( 1.379999999999999893, 2.324343390079090188, -0.05453024012881569488 ) ) ;
#3327 = DIRECTION ( 'NONE',  ( 1.000000000000000000, 0.000000000000000000, -0.000000000000000000 ) ) ;
#3328 = FACE_OUTER_BOUND ( 'NONE', #5164, .T. ) ;
#3329 = AXIS2_PLACEMENT_3D ( 'NONE', #3337, #2070, #4589 ) ;
#3330 = ADVANCED_FACE ( 'NONE', ( #1461 ), #2720, .F. ) ;
#3331 = EDGE_CURVE ( 'NONE', #4778, #2269, #4500, .T. ) ;
#3332 = EDGE_LOOP ( 'NONE', ( #3341, #3547, #3891, #3970 ) ) ;
#3333 = CARTESIAN_POINT ( 'NONE',  ( 1.379999999999999893, 1.737768876015119979, -0.1974467148557829954 ) ) ;
#3334 = ORIENTED_EDGE ( 'NONE', *, *, #5454, .T. ) ;
#3335 = VECTOR ( 'NONE', #1867, 1000.000000000000000 ) ;
#3336 = AXIS2_PLACEMENT_3D ( 'NONE', #1693, #1402, #1787 ) ;
#3337 = CARTESIAN_POINT ( 'NONE',  ( 1.379999999999999893, 2.033886628395409790, 0.3948905628675439816 ) ) ;
#3338 = EDGE_CURVE ( 'NONE', #820, #2313, #3791, .T. ) ;
#3339 = VECTOR ( 'NONE', #2306, 1000.000000000000000 ) ;
#3340 = AXIS2_PLACEMENT_3D ( 'NONE', #4734, #3843, #3546 ) ;
#3341 = ORIENTED_EDGE ( 'NONE', *, *, #1181, .T. ) ;
#3342 = ORIENTED_EDGE ( 'NONE', *, *, #3587, .F. ) ;
#3343 = CARTESIAN_POINT ( 'NONE',  ( 1.394334220106409949, 2.314344245309440051, 0.2847395351442170153 ) ) ;
#3344 = SURFACE_STYLE_FILL_AREA ( #3726 ) ;
#3345 = CIRCLE ( 'NONE', #936, 2.637500000000000178 ) ;
#3346 = AXIS2_PLACEMENT_3D ( 'NONE', #5118, #1307, #504 ) ;
#3347 = DIRECTION ( 'NONE',  ( 0.000000000000000000, -6.993530863780510092E-16, -1.000000000000000000 ) ) ;
#3348 = VERTEX_POINT ( 'NONE', #245 ) ;
#3349 = CARTESIAN_POINT ( 'NONE',  ( 0.3184615384839162289, 0.000000000000000000, 2.099999999991553068 ) ) ;
#3350 = AXIS2_PLACEMENT_3D ( 'NONE', #2731, #200, #3596 ) ;
#3351 = ORIENTED_EDGE ( 'NONE', *, *, #2503, .T. ) ;
#3352 = DIRECTION ( 'NONE',  ( -1.000000000000000000, 0.000000000000000000, -0.000000000000000000 ) ) ;
#3353 = CARTESIAN_POINT ( 'NONE',  ( 1.379999999999999893, 2.217642729627554044, 0.2694351750210008389 ) ) ;
#3354 = FACE_OUTER_BOUND ( 'NONE', #1096, .T. ) ;
#3355 = CARTESIAN_POINT ( 'NONE',  ( 1.379999999999999893, 2.125255814197700044, 0.03026883183795530188 ) ) ;
#3356 = ORIENTED_EDGE ( 'NONE', *, *, #1477, .T. ) ;
#3357 = CARTESIAN_POINT ( 'NONE',  ( 2.860950000000000326, 2.050436751333109875, -0.9298401041124180200 ) ) ;
#3358 = ORIENTED_EDGE ( 'NONE', *, *, #3669, .F. ) ;
#3359 = LINE ( 'NONE', #3740, #3609 ) ;
#3360 = DIRECTION ( 'NONE',  ( 0.000000000000000000, 0.004876496258991010191, -0.9999881098214298270 ) ) ;
#3361 = EDGE_CURVE ( 'NONE', #451, #718, #5218, .T. ) ;
#3362 = PLANE ( 'NONE',  #2253 ) ;
#3363 = ORIENTED_EDGE ( 'NONE', *, *, #2706, .T. ) ;
#3364 = ADVANCED_FACE ( 'NONE', ( #2295 ), #3613, .F. ) ;
#3365 = FACE_OUTER_BOUND ( 'NONE', #760, .T. ) ;
#3366 = VERTEX_POINT ( 'NONE', #1019 ) ;
#3367 = EDGE_CURVE ( 'NONE', #1029, #3348, #1513, .T. ) ;
#3368 = CARTESIAN_POINT ( 'NONE',  ( 1.394334220106409949, 2.483238627135259780, -0.4477264981797819954 ) ) ;
#3369 = ORIENTED_EDGE ( 'NONE', *, *, #32, .F. ) ;
#3370 = VERTEX_POINT ( 'NONE', #631 ) ;
#3371 = DIRECTION ( 'NONE',  ( -1.000000000000000000, -0.000000000000000000, -0.000000000000000000 ) ) ;
#3372 = DIRECTION ( 'NONE',  ( 0.000000000000000000, 1.000000000000000000, 0.000000000000000000 ) ) ;
#3373 = DIRECTION ( 'NONE',  ( -1.000000000000000000, -0.000000000000000000, -0.000000000000000000 ) ) ;
#3374 = EDGE_CURVE ( 'NONE', #4160, #2654, #3693, .T. ) ;
#3375 = EDGE_CURVE ( 'NONE', #4651, #5299, #3438, .T. ) ;
#3376 = CARTESIAN_POINT ( 'NONE',  ( 1.379999999999999893, 1.975537752030239957, -0.3268890226827220191 ) ) ;
#3377 = CARTESIAN_POINT ( 'NONE',  ( 0.2704999999999999072, 3.312669591693642255E-17, 1.656334795846788772E-17 ) ) ;
#3378 = VERTEX_POINT ( 'NONE', #2404 ) ;
#3379 = FACE_OUTER_BOUND ( 'NONE', #1748, .T. ) ;
#3380 = VERTEX_POINT ( 'NONE', #824 ) ;
#3381 = CARTESIAN_POINT ( 'NONE',  ( 1.379999999999999893, 2.314467519602350087, 0.2871582914449730128 ) ) ;
#3382 = CARTESIAN_POINT ( 'NONE',  ( 2.880000000000000338, 1.886350574324890061, -1.316829575592920021 ) ) ;
#3383 =( NAMED_UNIT ( * ) PLANE_ANGLE_UNIT ( ) SI_UNIT ( $, .RADIAN. ) );
#3384 = ORIENTED_EDGE ( 'NONE', *, *, #1594, .F. ) ;
#3385 = DIRECTION ( 'NONE',  ( 0.000000000000000000, 0.001895896748272089902, -0.9999982027861450407 ) ) ;
#3386 = CARTESIAN_POINT ( 'NONE',  ( 5.684391124677232367E-11, -1.499999999964529485, 1.327764720042919514E-32 ) ) ;
#3387 = ORIENTED_EDGE ( 'NONE', *, *, #5052, .F. ) ;
#3388 = DIRECTION ( 'NONE',  ( 1.000000000000000000, 0.000000000000000000, 0.000000000000000000 ) ) ;
#3389 = DIRECTION ( 'NONE',  ( 1.224646799192045629E-16, -1.000000000000000000, 0.000000000000000000 ) ) ;
#3390 = CARTESIAN_POINT ( 'NONE',  ( 1.379999999999999893, 2.485296480058409863, -0.4439227243227280018 ) ) ;
#3391 = EDGE_LOOP ( 'NONE', ( #2663, #293, #4017, #2516 ) ) ;
#3392 = CARTESIAN_POINT ( 'NONE',  ( 1.379999999999999893, 2.323393438462619809, -0.07459528143377229525 ) ) ;
#3393 = VERTEX_POINT ( 'NONE', #4136 ) ;
#3394 = LINE ( 'NONE', #2634, #1180 ) ;
#3395 = EDGE_CURVE ( 'NONE', #163, #4345, #4641, .T. ) ;
#3396 = VERTEX_POINT ( 'NONE', #332 ) ;
#3397 = EDGE_LOOP ( 'NONE', ( #1009, #2479, #4361, #4832 ) ) ;
#3398 = LINE ( 'NONE', #3, #3425 ) ;
#3399 = DIRECTION ( 'NONE',  ( -0.000000000000000000, -0.000000000000000000, 1.000000000000000000 ) ) ;
#3400 = CARTESIAN_POINT ( 'NONE',  ( 2.860950000000000326, 1.936365843133838194, -1.024632836696543148 ) ) ;
#3401 = EDGE_CURVE ( 'NONE', #3111, #3568, #3278, .T. ) ;
#3402 = ORIENTED_EDGE ( 'NONE', *, *, #2716, .F. ) ;
#3404 = ADVANCED_FACE ( 'NONE', ( #5471 ), #5382, .F. ) ;
#3403 = LINE ( 'NONE', #3870, #4904 ) ;
#3405 = ORIENTED_EDGE ( 'NONE', *, *, #797, .T. ) ;
#3406 = DIRECTION ( 'NONE',  ( 0.000000000000000000, 0.2406903406730340478, 0.9706019575019921852 ) ) ;
#3407 = CARTESIAN_POINT ( 'NONE',  ( 2.689500000144564140, 3.888253587082558937E-16, -3.174999999828286512 ) ) ;
#3408 = VECTOR ( 'NONE', #3688, 1000.000000000000000 ) ;
#3409 = APPLICATION_PROTOCOL_DEFINITION ( 'draft international standard', 'automotive_design', 1998, #2824 ) ;
#3410 = VECTOR ( 'NONE', #4798, 1000.000000000000000 ) ;
#3411 = VERTEX_POINT ( 'NONE', #1149 ) ;
#3412 = CARTESIAN_POINT ( 'NONE',  ( 2.879999999999999893, 2.025379290920747977, -1.076024774737813550 ) ) ;
#3413 = EDGE_LOOP ( 'NONE', ( #3342, #3405, #3351, #668 ) ) ;
#3414 = CARTESIAN_POINT ( 'NONE',  ( 2.879999999999999893, 1.590464268306925666, -1.172235079669537772 ) ) ;
#3415 = VECTOR ( 'NONE', #4339, 1000.000000000000000 ) ;
#3416 = DIRECTION ( 'NONE',  ( 1.224646799192045875E-16, -1.000000000000000000, 0.000000000000000000 ) ) ;
#3417 = VECTOR ( 'NONE', #2396, 1000.000000000000114 ) ;
#3418 = FACE_OUTER_BOUND ( 'NONE', #1861, .T. ) ;
#3419 = ORIENTED_EDGE ( 'NONE', *, *, #2263, .T. ) ;
#3420 = LINE ( 'NONE', #23, #3941 ) ;
#3421 = ORIENTED_EDGE ( 'NONE', *, *, #4310, .T. ) ;
#3422 = VECTOR ( 'NONE', #3133, 1000.000000000000000 ) ;
#3423 = ORIENTED_EDGE ( 'NONE', *, *, #2947, .F. ) ;
#3424 = PLANE ( 'NONE',  #4909 ) ;
#3425 = VECTOR ( 'NONE', #2208, 1000.000000000000000 ) ;
#3426 = FACE_OUTER_BOUND ( 'NONE', #595, .T. ) ;
#3427 = LINE ( 'NONE', #4306, #419 ) ;
#3428 = ORIENTED_CLOSED_SHELL ( 'NONE', *, #905, .F. );
#3429 = VECTOR ( 'NONE', #1050, 1000.000000000000000 ) ;
#3430 = AXIS2_PLACEMENT_3D ( 'NONE', #3148, #1028, #5276 ) ;
#3431 = LINE ( 'NONE', #1775, #1433 ) ;
#3432 = ORIENTED_EDGE ( 'NONE', *, *, #4467, .F. ) ;
#3433 = VERTEX_POINT ( 'NONE', #4218 ) ;
#3434 = DIRECTION ( 'NONE',  ( -1.000000000000000000, 0.000000000000000000, -0.000000000000000000 ) ) ;
#3435 = EDGE_CURVE ( 'NONE', #1728, #4041, #4964, .T. ) ;
#3436 =( NAMED_UNIT ( * ) SI_UNIT ( $, .STERADIAN. ) SOLID_ANGLE_UNIT ( ) );
#3437 = VECTOR ( 'NONE', #2606, 1000.000000000000114 ) ;
#3438 = CIRCLE ( 'NONE', #1463, 0.03077947504423012015 ) ;
#3439 = PLANE ( 'NONE',  #3340 ) ;
#3440 = ADVANCED_FACE ( 'NONE', ( #5350 ), #383, .F. ) ;
#3441 = VECTOR ( 'NONE', #177, 1000.000000000000114 ) ;
#3442 = VERTEX_POINT ( 'NONE', #359 ) ;
#3443 = LINE ( 'NONE', #2565, #2894 ) ;
#3444 = ORIENTED_EDGE ( 'NONE', *, *, #1627, .F. ) ;
#3445 = CARTESIAN_POINT ( 'NONE',  ( 1.379999999999999893, 2.463272841927400147, -0.4569093234568684658 ) ) ;
#3446 = FACE_OUTER_BOUND ( 'NONE', #3125, .T. ) ;
#3447 = VECTOR ( 'NONE', #5009, 1000.000000000000000 ) ;
#3448 = EDGE_CURVE ( 'NONE', #5322, #4153, #3304, .T. ) ;
#3449 = EDGE_CURVE ( 'NONE', #4605, #1201, #2922, .T. ) ;
#3450 = CARTESIAN_POINT ( 'NONE',  ( 1.379999999999999893, 1.777399554396529968, 0.1634373442313070135 ) ) ;
#3451 = CARTESIAN_POINT ( 'NONE',  ( 1.394334220106409949, 2.237535760291230691, -0.2852079774572931492 ) ) ;
#3452 = DIRECTION ( 'NONE',  ( 0.000000000000000000, 0.3116117993304640121, -0.9502094961207400159 ) ) ;
#3453 = ORIENTED_EDGE ( 'NONE', *, *, #3130, .F. ) ;
#3454 = ORIENTED_EDGE ( 'NONE', *, *, #1394, .F. ) ;
#3455 = CARTESIAN_POINT ( 'NONE',  ( 1.394334220106409949, 2.422424264911790193, -0.05453024012881569488 ) ) ;
#3456 = LINE ( 'NONE', #28, #2350 ) ;
#3457 = DIRECTION ( 'NONE',  ( -1.000000000000000000, 0.000000000000000000, -0.000000000000000000 ) ) ;
#3458 = CARTESIAN_POINT ( 'NONE',  ( 1.379999999999999893, 2.478836439541399983, -0.4436910978699800667 ) ) ;
#3459 = EDGE_LOOP ( 'NONE', ( #2467, #3469, #3221, #4457 ) ) ;
#3460 = DIRECTION ( 'NONE',  ( 0.000000000000000000, 1.000000000000000000, 0.000000000000000000 ) ) ;
#3461 = ORIENTED_EDGE ( 'NONE', *, *, #693, .T. ) ;
#3462 = LINE ( 'NONE', #2992, #1819 ) ;
#3463 = DIRECTION ( 'NONE',  ( 0.000000000000000000, -0.001706393916685540251, -0.9999985441088407034 ) ) ;
#3464 = ADVANCED_FACE ( 'NONE', ( #2829 ), #4523, .F. ) ;
#3465 = VERTEX_POINT ( 'NONE', #5438 ) ;
#3466 = EDGE_CURVE ( 'NONE', #2021, #752, #5026, .T. ) ;
#3467 = CARTESIAN_POINT ( 'NONE',  ( 1.379999999999999893, 2.471364892680290026, -0.4643037271512213682 ) ) ;
#3468 = CARTESIAN_POINT ( 'NONE',  ( 1.379999999999999893, 2.215529865583869107, 0.2812557462895539095 ) ) ;
#3469 = ORIENTED_EDGE ( 'NONE', *, *, #3894, .F. ) ;
#3470 = CARTESIAN_POINT ( 'NONE',  ( 2.879999999999999893, -0.03601191218881470008, 2.417505155565149888 ) ) ;
#3471 = DIRECTION ( 'NONE',  ( 0.000000000000000000, -0.9707037360529232606, -0.2402795388977111146 ) ) ;
#3472 = CARTESIAN_POINT ( 'NONE',  ( 5.684372754975244920E-11, 6.961348887198754101E-27, 1.327764720081561961E-32 ) ) ;
#3473 = EDGE_CURVE ( 'NONE', #2974, #1239, #1630, .T. ) ;
#3474 = ADVANCED_FACE ( 'NONE', ( #4615 ), #2043, .F. ) ;
#3475 = CARTESIAN_POINT ( 'NONE',  ( 1.379999999999999893, 1.579261356762811763, -2.466559942404522587E-15 ) ) ;
#3476 = ORIENTED_EDGE ( 'NONE', *, *, #3927, .T. ) ;
#3477 = CARTESIAN_POINT ( 'NONE',  ( 1.394334220106409949, 2.495373293259610215, -0.4531261570461360133 ) ) ;
#3478 = ORIENTED_EDGE ( 'NONE', *, *, #1241, .T. ) ;
#3479 = ORIENTED_EDGE ( 'NONE', *, *, #1544, .T. ) ;
#3480 = CARTESIAN_POINT ( 'NONE',  ( 1.394334220106409949, 2.496588361724100480, -0.4418366081774720011 ) ) ;
#3481 = DIRECTION ( 'NONE',  ( -1.807003620816442506E-16, 0.000000000000000000, 1.000000000000000000 ) ) ;
#3482 = DIRECTION ( 'NONE',  ( 0.000000000000000000, 1.000000000000000000, 0.000000000000000000 ) ) ;
#3483 = ORIENTED_EDGE ( 'NONE', *, *, #413, .F. ) ;
#3484 = CARTESIAN_POINT ( 'NONE',  ( 2.860950000000000326, 1.590464268306928552, -1.172235079669540214 ) ) ;
#3485 = FACE_OUTER_BOUND ( 'NONE', #3289, .T. ) ;
#3486 = DIRECTION ( 'NONE',  ( 0.000000000000000000, 0.5611319948292355919, -0.8277263342306820926 ) ) ;
#3487 = VERTEX_POINT ( 'NONE', #1600 ) ;
#3488 = ORIENTED_EDGE ( 'NONE', *, *, #1923, .F. ) ;
#3489 = DIRECTION ( 'NONE',  ( 0.000000000000000000, -0.7693267868930240283, -0.6388554570236179009 ) ) ;
#3490 = LINE ( 'NONE', #229, #1458 ) ;
#3491 = DIRECTION ( 'NONE',  ( 0.000000000000000000, -0.8660254037844384856, 0.5000000000000004441 ) ) ;
#3492 = LINE ( 'NONE', #1785, #1267 ) ;
#3493 = ADVANCED_FACE ( 'NONE', ( #4994 ), #772, .F. ) ;
#3494 = VECTOR ( 'NONE', #2526, 1000.000000000000114 ) ;
#3495 = CARTESIAN_POINT ( 'NONE',  ( 0.2704999999999997407, 1.229500000000000037, 1.754153458893442804E-16 ) ) ;
#3496 = CARTESIAN_POINT ( 'NONE',  ( 2.879999999999999893, -1.808402244772929990, -1.256417057499370049 ) ) ;
#3497 = ORIENTED_EDGE ( 'NONE', *, *, #415, .F. ) ;
#3498 = AXIS2_PLACEMENT_3D ( 'NONE', #1225, #5147, #2957 ) ;
#3499 = ADVANCED_FACE ( 'NONE', ( #4187, #3781 ), #1662, .T. ) ;
#3500 = LINE ( 'NONE', #4748, #208 ) ;
#3501 = EDGE_CURVE ( 'NONE', #4542, #1989, #3806, .T. ) ;
#3502 = VECTOR ( 'NONE', #2642, 1000.000000000000000 ) ;
#3503 = ORIENTED_EDGE ( 'NONE', *, *, #2263, .F. ) ;
#3504 = VERTEX_POINT ( 'NONE', #2919 ) ;
#3505 = DIRECTION ( 'NONE',  ( 1.000000000000000000, 0.000000000000000000, 0.000000000000000000 ) ) ;
#3506 = VECTOR ( 'NONE', #3058, 1000.000000000000114 ) ;
#3507 = DIRECTION ( 'NONE',  ( 0.000000000000000000, -0.000000000000000000, -1.000000000000000000 ) ) ;
#3508 = EDGE_CURVE ( 'NONE', #5153, #4650, #1712, .T. ) ;
#3509 = LINE ( 'NONE', #532, #1522 ) ;
#3510 = VECTOR ( 'NONE', #3711, 1000.000000000000000 ) ;
#3511 = AXIS2_PLACEMENT_3D ( 'NONE', #3543, #4446, #635 ) ;
#3512 = VERTEX_POINT ( 'NONE', #2550 ) ;
#3513 = CARTESIAN_POINT ( 'NONE',  ( 0.3184615384615380185, 1.390431438779066917E-40, 2.099999999993661159 ) ) ;
#3514 = CARTESIAN_POINT ( 'NONE',  ( 1.379999999999999893, 1.579261356762810875, -3.361102989716944658E-16 ) ) ;
#3515 = DIRECTION ( 'NONE',  ( 2.048885995248197414E-16, 0.000000000000000000, -1.000000000000000000 ) ) ;
#3516 = VECTOR ( 'NONE', #1324, 1000.000000000000000 ) ;
#3517 = VECTOR ( 'NONE', #4042, 1000.000000000000000 ) ;
#3518 = EDGE_LOOP ( 'NONE', ( #1140, #2276, #3069, #89 ) ) ;
#3519 = VECTOR ( 'NONE', #3153, 1000.000000000000114 ) ;
#3520 = ORIENTED_EDGE ( 'NONE', *, *, #882, .F. ) ;
#3521 = VECTOR ( 'NONE', #2024, 1000.000000000000000 ) ;
#3522 = DIRECTION ( 'NONE',  ( 0.000000000000000000, 0.9759635946335279977, 0.2179336182189489934 ) ) ;
#3523 = CARTESIAN_POINT ( 'NONE',  ( 2.860950000000000326, 1.882174645852090045, -0.9933455343582220376 ) ) ;
#3524 = DIRECTION ( 'NONE',  ( 1.000000000000000000, 0.000000000000000000, 0.000000000000000000 ) ) ;
#3525 = AXIS2_PLACEMENT_3D ( 'NONE', #715, #5417, #5389 ) ;
#3526 = VECTOR ( 'NONE', #1489, 1000.000000000000000 ) ;
#3527 = CARTESIAN_POINT ( 'NONE',  ( 1.379999999999999893, 2.125066602492299062, -0.1854790744889391330 ) ) ;
#3528 = AXIS2_PLACEMENT_3D ( 'NONE', #2969, #2010, #3297 ) ;
#3529 = CARTESIAN_POINT ( 'NONE',  ( 1.379999999999999893, 2.472865152089830154, -0.4640019752586510560 ) ) ;
#3530 = EDGE_LOOP ( 'NONE', ( #1486, #4713, #3696, #5460 ) ) ;
#3531 = ADVANCED_FACE ( 'NONE', ( #3365 ), #4245, .T. ) ;
#3532 = FACE_OUTER_BOUND ( 'NONE', #5183, .T. ) ;
#3533 = ADVANCED_FACE ( 'NONE', ( #3418, #5077 ), #4613, .T. ) ;
#3534 = UNCERTAINTY_MEASURE_WITH_UNIT (LENGTH_MEASURE( 1.000000000000000082E-05 ), #4598, 'distance_accuracy_value', 'NONE');
#3535 = ORIENTED_EDGE ( 'NONE', *, *, #478, .T. ) ;
#3536 = VERTEX_POINT ( 'NONE', #2887 ) ;
#3537 = ADVANCED_FACE ( 'NONE', ( #5050 ), #1684, .F. ) ;
#3538 = FACE_OUTER_BOUND ( 'NONE', #4250, .T. ) ;
#3539 = CARTESIAN_POINT ( 'NONE',  ( 0.1592307692307686207, 2.571758278209441957E-16, 2.100000000000000089 ) ) ;
#3540 = ORIENTED_EDGE ( 'NONE', *, *, #4596, .T. ) ;
#3541 = CARTESIAN_POINT ( 'NONE',  ( 1.379999999999999893, 2.466494824628960192, -0.2095089610753289866 ) ) ;
#3542 = ADVANCED_FACE ( 'NONE', ( #5494 ), #2068, .F. ) ;
#3543 = CARTESIAN_POINT ( 'NONE',  ( 2.879999999999999893, -1.841708557294490234, -1.198728831999249955 ) ) ;
#3544 = EDGE_CURVE ( 'NONE', #1597, #5470, #3719, .T. ) ;
#3545 = PLANE ( 'NONE',  #4584 ) ;
#3546 = DIRECTION ( 'NONE',  ( 0.000000000000000000, 0.3882672511708761265, 0.9215468201172481999 ) ) ;
#3547 = ORIENTED_EDGE ( 'NONE', *, *, #4546, .F. ) ;
#3548 = ORIENTED_EDGE ( 'NONE', *, *, #1142, .F. ) ;
#3549 = LINE ( 'NONE', #1445, #3519 ) ;
#3550 = FACE_OUTER_BOUND ( 'NONE', #3305, .T. ) ;
#3551 = CARTESIAN_POINT ( 'NONE',  ( -1.928818708657080112E-16, 0.000000000000000000, 1.050000000000000044 ) ) ;
#3552 = DIRECTION ( 'NONE',  ( 0.000000000000000000, 0.8022045974955979153, 0.5970492305973819080 ) ) ;
#3553 = DIRECTION ( 'NONE',  ( 0.000000000000000000, 0.000000000000000000, -1.000000000000000000 ) ) ;
#3554 = CARTESIAN_POINT ( 'NONE',  ( 1.379999999999999893, 2.488303373917479799, -0.4538380365110040726 ) ) ;
#3555 = ORIENTED_EDGE ( 'NONE', *, *, #1213, .T. ) ;
#3556 = ORIENTED_EDGE ( 'NONE', *, *, #4698, .T. ) ;
#3557 = CARTESIAN_POINT ( 'NONE',  ( 1.379999999999999893, 2.495373293259611103, -0.4531261570461361243 ) ) ;
#3558 = EDGE_CURVE ( 'NONE', #3815, #2844, #3777, .T. ) ;
#3559 = CARTESIAN_POINT ( 'NONE',  ( 2.880000000000000338, -1.608496896752710015, -1.141001651007440332 ) ) ;
#3560 = ORIENTED_EDGE ( 'NONE', *, *, #697, .F. ) ;
#3561 = ORIENTED_EDGE ( 'NONE', *, *, #1068, .T. ) ;
#3562 = CARTESIAN_POINT ( 'NONE',  ( 1.379999999999999893, 2.468829751780030168, -0.4649157309896749801 ) ) ;
#3563 = CARTESIAN_POINT ( 'NONE',  ( 1.394334220106409949, 1.975537752030239957, -0.3268890226827220191 ) ) ;
#3564 = LINE ( 'NONE', #3177, #4402 ) ;
#3565 = EDGE_CURVE ( 'NONE', #1585, #3778, #2461, .T. ) ;
#3566 = EDGE_CURVE ( 'NONE', #4417, #1087, #1265, .T. ) ;
#3567 = ORIENTED_EDGE ( 'NONE', *, *, #5312, .F. ) ;
#3568 = VERTEX_POINT ( 'NONE', #1598 ) ;
#3569 = CARTESIAN_POINT ( 'NONE',  ( 1.379999999999999893, 2.125255814197700044, 0.2850196258050960441 ) ) ;
#3570 = PLANE ( 'NONE',  #2995 ) ;
#3571 = EDGE_CURVE ( 'NONE', #2844, #3651, #3005, .T. ) ;
#3572 = FACE_OUTER_BOUND ( 'NONE', #3744, .T. ) ;
#3573 = DIRECTION ( 'NONE',  ( -1.000000000000000000, 0.000000000000000000, -0.000000000000000000 ) ) ;
#3574 = ORIENTED_EDGE ( 'NONE', *, *, #1589, .F. ) ;
#3575 = DIRECTION ( 'NONE',  ( -0.7071067811865473507, -0.7071067811865477948, -4.329780281037981646E-17 ) ) ;
#3576 = CLOSED_SHELL ( 'NONE', ( #1035, #3364, #946, #3296, #1722, #3217, #5326, #3188, #3404, #847, #444, #937, #3537, #1686 ) ) ;
#3577 = CARTESIAN_POINT ( 'NONE',  ( 1.379999999999999893, 2.320155338140579726, 0.2698706486278344419 ) ) ;
#3578 = AXIS2_PLACEMENT_3D ( 'NONE', #4406, #599, #4374 ) ;
#3579 = ORIENTED_EDGE ( 'NONE', *, *, #805, .T. ) ;
#3580 = ORIENTED_EDGE ( 'NONE', *, *, #3866, .T. ) ;
#3581 = DIRECTION ( 'NONE',  ( -1.000000000000000000, 0.000000000000000000, -0.000000000000000000 ) ) ;
#3582 = VERTEX_POINT ( 'NONE', #795 ) ;
#3583 = DIRECTION ( 'NONE',  ( -0.000000000000000000, -1.000000000000000000, -0.000000000000000000 ) ) ;
#3584 = CARTESIAN_POINT ( 'NONE',  ( 2.879999999999999893, -1.992290211929010235, -0.9379137554844739766 ) ) ;
#3585 = AXIS2_PLACEMENT_3D ( 'NONE', #2101, #2210, #2184 ) ;
#3586 = LINE ( 'NONE', #4448, #4227 ) ;
#3587 = EDGE_CURVE ( 'NONE', #1661, #2303, #4132, .T. ) ;
#3588 = LINE ( 'NONE', #2726, #4040 ) ;
#3589 = AXIS2_PLACEMENT_3D ( 'NONE', #3472, #4294, #3416 ) ;
#3590 = EDGE_LOOP ( 'NONE', ( #3091, #3275, #954, #2965 ) ) ;
#3591 = EDGE_CURVE ( 'NONE', #4575, #5151, #1660, .T. ) ;
#3592 = DIRECTION ( 'NONE',  ( 0.000000000000000000, 0.4999999999999990563, -0.8660254037844391517 ) ) ;
#3593 = VECTOR ( 'NONE', #2734, 1000.000000000000000 ) ;
#3594 = EDGE_CURVE ( 'NONE', #5332, #4723, #330, .T. ) ;
#3595 = CONICAL_SURFACE ( 'NONE', #4398, 1.500000000021372903, 0.7853981632923773271 ) ;
#3596 = DIRECTION ( 'NONE',  ( 0.000000000000000000, 0.8164082640122259926, -0.5774751479090191042 ) ) ;
#3597 = VECTOR ( 'NONE', #1886, 1000.000000000000000 ) ;
#3598 = CIRCLE ( 'NONE', #5021, 3.174999999999999822 ) ;
#3599 = ORIENTED_EDGE ( 'NONE', *, *, #2429, .T. ) ;
#3600 = DIRECTION ( 'NONE',  ( 0.000000000000000000, -1.000000000000000000, 6.993530863780510092E-16 ) ) ;
#3601 = LINE ( 'NONE', #624, #1730 ) ;
#3602 = ORIENTED_EDGE ( 'NONE', *, *, #2881, .F. ) ;
#3603 = ADVANCED_FACE ( 'NONE', ( #5435 ), #1628, .F. ) ;
#3604 = EDGE_CURVE ( 'NONE', #5470, #5121, #4327, .T. ) ;
#3605 = CARTESIAN_POINT ( 'NONE',  ( 2.880000000000000338, -1.848407460854859963, -1.067178545096660214 ) ) ;
#3606 = DIRECTION ( 'NONE',  ( -0.000000000000000000, -1.000000000000000000, -0.000000000000000000 ) ) ;
#3607 = VECTOR ( 'NONE', #4805, 1000.000000000000114 ) ;
#3608 = FACE_OUTER_BOUND ( 'NONE', #3332, .T. ) ;
#3609 = VECTOR ( 'NONE', #1620, 1000.000000000000000 ) ;
#3610 = ORIENTED_EDGE ( 'NONE', *, *, #4588, .T. ) ;
#3611 = CARTESIAN_POINT ( 'NONE',  ( 1.379999999999999893, 2.467563243836560005, -0.4555210470667500622 ) ) ;
#3612 = ORIENTED_EDGE ( 'NONE', *, *, #3763, .T. ) ;
#3613 = PLANE ( 'NONE',  #4495 ) ;
#3614 = ORIENTED_EDGE ( 'NONE', *, *, #257, .T. ) ;
#3615 = LINE ( 'NONE', #2297, #292 ) ;
#3616 = DIRECTION ( 'NONE',  ( 0.000000000000000000, -0.5000000000000004441, -0.8660254037844384856 ) ) ;
#3617 = FACE_OUTER_BOUND ( 'NONE', #3664, .T. ) ;
#3618 = LINE ( 'NONE', #1496, #2707 ) ;
#3619 = ORIENTED_EDGE ( 'NONE', *, *, #1394, .T. ) ;
#3620 = ORIENTED_EDGE ( 'NONE', *, *, #1113, .F. ) ;
#3621 = DIRECTION ( 'NONE',  ( 0.000000000000000000, 0.000000000000000000, -1.000000000000000000 ) ) ;
#3622 = LINE ( 'NONE', #255, #2797 ) ;
#3623 = DIRECTION ( 'NONE',  ( -1.453110634943285726E-16, 0.000000000000000000, 1.000000000000000000 ) ) ;
#3624 = EDGE_CURVE ( 'NONE', #386, #2175, #1536, .T. ) ;
#3625 = VERTEX_POINT ( 'NONE', #1347 ) ;
#3626 = DIRECTION ( 'NONE',  ( 0.000000000000000000, 0.5178324593896018735, -0.8554820535829588124 ) ) ;
#3627 = LINE ( 'NONE', #1566, #3235 ) ;
#3628 = ORIENTED_EDGE ( 'NONE', *, *, #3875, .F. ) ;
#3629 = LINE ( 'NONE', #4492, #943 ) ;
#3630 = LINE ( 'NONE', #703, #393 ) ;
#3631 = CARTESIAN_POINT ( 'NONE',  ( 2.879999999999999893, -2.192195559949232209, -1.053329161976396255 ) ) ;
#3632 = DIRECTION ( 'NONE',  ( 0.000000000000000000, -0.000000000000000000, 1.000000000000000000 ) ) ;
#3633 = ADVANCED_FACE ( 'NONE', ( #546 ), #1426, .T. ) ;
#3634 = EDGE_CURVE ( 'NONE', #4521, #3878, #1817, .T. ) ;
#3635 = EDGE_LOOP ( 'NONE', ( #4703, #2698 ) ) ;
#3636 = EDGE_LOOP ( 'NONE', ( #4380, #5039, #2414, #2081 ) ) ;
#3637 = DIRECTION ( 'NONE',  ( 0.000000000000000000, 6.993530863780510092E-16, 1.000000000000000000 ) ) ;
#3638 = EDGE_LOOP ( 'NONE', ( #2697, #2437, #1301, #520 ) ) ;
#3639 = CARTESIAN_POINT ( 'NONE',  ( 1.379999999999999893, 2.237352282273871396, -0.1849315072808768445 ) ) ;
#3640 = DIRECTION ( 'NONE',  ( 0.000000000000000000, 0.8785436295979137666, -0.4776621095428478792 ) ) ;
#3641 = DIRECTION ( 'NONE',  ( 0.000000000000000000, 0.8660254037844383745, -0.5000000000000003331 ) ) ;
#3642 = CARTESIAN_POINT ( 'NONE',  ( 1.394334220106409949, 2.483238627135259780, -0.4078917005040608168 ) ) ;
#3643 = DIRECTION ( 'NONE',  ( -1.000000000000000000, 1.271019015260609939E-45, -1.836970198721029934E-16 ) ) ;
#3644 = ORIENTED_EDGE ( 'NONE', *, *, #100, .T. ) ;
#3645 = ORIENTED_EDGE ( 'NONE', *, *, #580, .F. ) ;
#3646 = DIRECTION ( 'NONE',  ( 1.000000000000000000, -0.000000000000000000, 0.000000000000000000 ) ) ;
#3647 = PLANE ( 'NONE',  #136 ) ;
#3648 = CARTESIAN_POINT ( 'NONE',  ( 1.379999999999999893, 2.440789267712128119, 0.1548669140296861091 ) ) ;
#3649 = DIRECTION ( 'NONE',  ( 0.000000000000000000, -0.6655541655963047587, -0.7463495512542407395 ) ) ;
#3650 = LINE ( 'NONE', #4456, #3072 ) ;
#3651 = VERTEX_POINT ( 'NONE', #4800 ) ;
#3652 = LINE ( 'NONE', #1117, #1468 ) ;
#3653 = DIRECTION ( 'NONE',  ( 0.000000000000000000, 0.4823990456389170567, -0.8759515744415681260 ) ) ;
#3654 = ADVANCED_FACE ( 'NONE', ( #4296 ), #2653, .F. ) ;
#3655 = LINE ( 'NONE', #5343, #1542 ) ;
#3656 = CARTESIAN_POINT ( 'NONE',  ( 1.394334220106409949, 2.472865152089823049, -0.4640019752586517221 ) ) ;
#3657 = ORIENTED_EDGE ( 'NONE', *, *, #4340, .F. ) ;
#3658 = LINE ( 'NONE', #4938, #729 ) ;
#3659 = EDGE_CURVE ( 'NONE', #88, #602, #932, .T. ) ;
#3660 = VERTEX_POINT ( 'NONE', #4352 ) ;
#3661 = ADVANCED_FACE ( 'NONE', ( #1745 ), #2595, .F. ) ;
#3662 = DIRECTION ( 'NONE',  ( 0.000000000000000000, 0.4999999999999867328, 0.8660254037844462571 ) ) ;
#3663 = VECTOR ( 'NONE', #2205, 1000.000000000000114 ) ;
#3664 = EDGE_LOOP ( 'NONE', ( #2678, #3423, #4533, #1361 ) ) ;
#3665 = LINE ( 'NONE', #1549, #30 ) ;
#3666 = DIRECTION ( 'NONE',  ( 0.000000000000000000, 0.4999999999999990563, -0.8660254037844391517 ) ) ;
#3667 = CARTESIAN_POINT ( 'NONE',  ( 1.394334220106409949, 2.320155338140578838, 0.2698706486278339423 ) ) ;
#3668 = CARTESIAN_POINT ( 'NONE',  ( 2.879999999999999893, 2.133761685484229620, -1.138599379414460655 ) ) ;
#3669 = EDGE_CURVE ( 'NONE', #4586, #5055, #1842, .T. ) ;
#3670 = VECTOR ( 'NONE', #113, 1000.000000000000000 ) ;
#3671 = ADVANCED_FACE ( 'NONE', ( #127 ), #4744, .T. ) ;
#3672 = DIRECTION ( 'NONE',  ( 0.000000000000000000, -6.993530863780510092E-16, -1.000000000000000000 ) ) ;
#3673 = AXIS2_PLACEMENT_3D ( 'NONE', #704, #1119, #730 ) ;
#3674 = VERTEX_POINT ( 'NONE', #5212 ) ;
#3675 = ORIENTED_EDGE ( 'NONE', *, *, #2291, .F. ) ;
#3676 = CARTESIAN_POINT ( 'NONE',  ( 2.860950000000000326, -1.543091786165730506, -1.254286625618751483 ) ) ;
#3677 = CARTESIAN_POINT ( 'NONE',  ( 1.394334220106409949, 2.483238627135259780, -0.4169470231355518752 ) ) ;
#3678 = VECTOR ( 'NONE', #3800, 1000.000000000000114 ) ;
#3679 = VECTOR ( 'NONE', #490, 999.9999999999998863 ) ;
#3680 = DIRECTION ( 'NONE',  ( -1.000000000000000000, -1.224646799147350002E-16, -6.123233995736769734E-17 ) ) ;
#3681 = DIRECTION ( 'NONE',  ( 0.000000000000000000, 0.000000000000000000, -1.000000000000000000 ) ) ;
#3682 = ORIENTED_EDGE ( 'NONE', *, *, #3295, .T. ) ;
#3683 = DIRECTION ( 'NONE',  ( 0.000000000000000000, -0.000000000000000000, -1.000000000000000000 ) ) ;
#3684 = CARTESIAN_POINT ( 'NONE',  ( 1.379999999999999893, 2.497213554801629876, -0.4633155959537190727 ) ) ;
#3685 = DIRECTION ( 'NONE',  ( 0.000000000000000000, -0.000000000000000000, 1.000000000000000000 ) ) ;
#3686 = PRESENTATION_LAYER_ASSIGNMENT (  '', '', ( #4673 ) ) ;
#3687 = VECTOR ( 'NONE', #5476, 1000.000000000000000 ) ;
#3688 = DIRECTION ( 'NONE',  ( 1.000000000000000000, 0.000000000000000000, 1.836970198721029934E-16 ) ) ;
#3689 = ORIENTED_EDGE ( 'NONE', *, *, #3742, .F. ) ;
#3690 = VECTOR ( 'NONE', #3011, 1000.000000000000000 ) ;
#3691 = ORIENTED_EDGE ( 'NONE', *, *, #4922, .T. ) ;
#3692 = AXIS2_PLACEMENT_3D ( 'NONE', #1047, #2751, #4396 ) ;
#3693 = LINE ( 'NONE', #4101, #3165 ) ;
#3694 = EDGE_CURVE ( 'NONE', #5121, #1676, #1403, .T. ) ;
#3695 = EDGE_CURVE ( 'NONE', #3020, #1574, #2571, .T. ) ;
#3696 = ORIENTED_EDGE ( 'NONE', *, *, #771, .F. ) ;
#3697 = CARTESIAN_POINT ( 'NONE',  ( 1.379999999999999893, 2.500674538437823280, -0.4614095828226437157 ) ) ;
#3698 = ORIENTED_EDGE ( 'NONE', *, *, #2031, .T. ) ;
#3699 = DIRECTION ( 'NONE',  ( 1.000000000000000000, -0.000000000000000000, 0.000000000000000000 ) ) ;
#3700 = CARTESIAN_POINT ( 'NONE',  ( 1.379999999999999893, 2.471483893426650091, -0.4542524141099569257 ) ) ;
#3701 =( LENGTH_UNIT ( ) NAMED_UNIT ( * ) SI_UNIT ( .MILLI., .METRE. ) );
#3702 = DIRECTION ( 'NONE',  ( -1.365923996857095113E-16, -4.803929764025229338E-14, 1.000000000000000000 ) ) ;
#3703 = LINE ( 'NONE', #1641, #466 ) ;
#3704 = EDGE_CURVE ( 'NONE', #884, #5007, #2209, .T. ) ;
#3705 = ORIENTED_EDGE ( 'NONE', *, *, #3704, .F. ) ;
#3706 = EDGE_CURVE ( 'NONE', #5207, #3674, #3053, .T. ) ;
#3707 = VERTEX_POINT ( 'NONE', #3451 ) ;
#3708 = CARTESIAN_POINT ( 'NONE',  ( 2.860950000000000326, -0.06106376598114730825, 2.273457506809879902 ) ) ;
#3709 = DIRECTION ( 'NONE',  ( 1.000000000000000000, 0.000000000000000000, 0.000000000000000000 ) ) ;
#3710 = ORIENTED_EDGE ( 'NONE', *, *, #542, .T. ) ;
#3711 = DIRECTION ( 'NONE',  ( 1.000000000000000000, 0.000000000000000000, -0.000000000000000000 ) ) ;
#3712 = ORIENTED_EDGE ( 'NONE', *, *, #4951, .F. ) ;
#3713 = DIRECTION ( 'NONE',  ( 1.000000000000000000, -0.000000000000000000, 0.000000000000000000 ) ) ;
#3714 = CARTESIAN_POINT ( 'NONE',  ( 0.3184615384615384071, -2.023853355068819730E-46, 5.850043555926978911E-17 ) ) ;
#3715 = LINE ( 'NONE', #1595, #2696 ) ;
#3716 = LINE ( 'NONE', #3539, #823 ) ;
#3717 = ORIENTED_EDGE ( 'NONE', *, *, #3742, .T. ) ;
#3718 = PLANE ( 'NONE',  #1880 ) ;
#3719 = LINE ( 'NONE', #2515, #1373 ) ;
#3720 = VERTEX_POINT ( 'NONE', #4718 ) ;
#3721 = DIRECTION ( 'NONE',  ( -2.055359568692899253E-16, 0.000000000000000000, 1.000000000000000000 ) ) ;
#3722 = ORIENTED_EDGE ( 'NONE', *, *, #1066, .T. ) ;
#3723 = PLANE ( 'NONE',  #4287 ) ;
#3724 = ORIENTED_EDGE ( 'NONE', *, *, #161, .F. ) ;
#3725 = CARTESIAN_POINT ( 'NONE',  ( 2.880000000000000338, 1.797337126537980057, -1.265437637551659833 ) ) ;
#3726 = FILL_AREA_STYLE ('',( #714 ) ) ;
#3727 = CARTESIAN_POINT ( 'NONE',  ( 1.394334220106409949, 2.324442703374399954, 0.1250508761551379910 ) ) ;
#3728 = CARTESIAN_POINT ( 'NONE',  ( 1.394334220106409949, 2.422424264911790193, -0.01856281503780480083 ) ) ;
#3729 = EDGE_CURVE ( 'NONE', #990, #1335, #2260, .T. ) ;
#3730 = CARTESIAN_POINT ( 'NONE',  ( 1.379999999999999893, 2.523629592551108747, 0.2969646181041721289 ) ) ;
#3731 = ORIENTED_EDGE ( 'NONE', *, *, #4310, .F. ) ;
#3732 = ORIENTED_EDGE ( 'NONE', *, *, #2853, .F. ) ;
#3733 = CARTESIAN_POINT ( 'NONE',  ( 1.379999999999999893, 2.220902331279750008, 0.2589129974096889830 ) ) ;
#3734 = CARTESIAN_POINT ( 'NONE',  ( 1.394334220106409949, 2.421942635116209885, 0.2887058138476609748 ) ) ;
#3735 = ADVANCED_FACE ( 'NONE', ( #2631 ), #3905, .F. ) ;
#3736 = EDGE_CURVE ( 'NONE', #3393, #4323, #1894, .T. ) ;
#3737 = ORIENTED_EDGE ( 'NONE', *, *, #1546, .F. ) ;
#3738 = FACE_OUTER_BOUND ( 'NONE', #4273, .T. ) ;
#3739 = ORIENTED_EDGE ( 'NONE', *, *, #169, .F. ) ;
#3740 = CARTESIAN_POINT ( 'NONE',  ( 1.379999999999999893, 2.416638973676840330, 0.2657177383786051283 ) ) ;
#3741 = CARTESIAN_POINT ( 'NONE',  ( 2.880000000000000338, 2.025379290920750197, -1.076024774737809997 ) ) ;
#3742 = EDGE_CURVE ( 'NONE', #299, #18, #3627, .T. ) ;
#3743 = LINE ( 'NONE', #2882, #134 ) ;
#3744 = EDGE_LOOP ( 'NONE', ( #3178, #2119, #4338, #853 ) ) ;
#3745 = DIRECTION ( 'NONE',  ( 0.000000000000000000, -0.4999999999999990563, 0.8660254037844391517 ) ) ;
#3746 = ORIENTED_EDGE ( 'NONE', *, *, #4176, .T. ) ;
#3747 = CARTESIAN_POINT ( 'NONE',  ( 0.6900000000000002798, 0.000000000000000000, -1.532107773982713935E-16 ) ) ;
#3748 = EDGE_LOOP ( 'NONE', ( #907, #3126 ) ) ;
#3749 = ORIENTED_EDGE ( 'NONE', *, *, #5058, .F. ) ;
#3750 = CARTESIAN_POINT ( 'NONE',  ( 1.379999999999999893, 2.521531062727529804, -0.2852079774572947035 ) ) ;
#3751 = DIRECTION ( 'NONE',  ( -1.453110634943285726E-16, 0.000000000000000000, 1.000000000000000000 ) ) ;
#3752 = FILL_AREA_STYLE ('',( #1099 ) ) ;
#3753 = PRESENTATION_STYLE_ASSIGNMENT (( #4170 ) ) ;
#3754 = VECTOR ( 'NONE', #2080, 1000.000000000000114 ) ;
#3755 = CARTESIAN_POINT ( 'NONE',  ( 1.394334220106409949, 2.523629592551108747, 0.2969646181041721289 ) ) ;
#3756 = ORIENTED_EDGE ( 'NONE', *, *, #4141, .F. ) ;
#3757 = VERTEX_POINT ( 'NONE', #3238 ) ;
#3758 = EDGE_CURVE ( 'NONE', #458, #9, #5314, .T. ) ;
#3759 = FACE_OUTER_BOUND ( 'NONE', #2019, .T. ) ;
#3760 = VECTOR ( 'NONE', #3471, 999.9999999999998863 ) ;
#3761 = CARTESIAN_POINT ( 'NONE',  ( 1.379999999999999893, 2.488303373917479799, -0.4538380365110040726 ) ) ;
#3762 = AXIS2_PLACEMENT_3D ( 'NONE', #3541, #2242, #4444 ) ;
#3763 = EDGE_CURVE ( 'NONE', #2560, #2572, #1974, .T. ) ;
#3764 = ORIENTED_EDGE ( 'NONE', *, *, #2298, .T. ) ;
#3765 = EDGE_CURVE ( 'NONE', #3512, #2328, #2309, .T. ) ;
#3766 = DIRECTION ( 'NONE',  ( -0.9955922219346864388, 1.148567736460569959E-17, -0.09378767308742660957 ) ) ;
#3767 = EDGE_LOOP ( 'NONE', ( #5238, #1934, #2, #4422 ) ) ;
#3768 = VECTOR ( 'NONE', #4049, 1000.000000000000000 ) ;
#3769 = CARTESIAN_POINT ( 'NONE',  ( 1.394334220106409949, 2.324343390079090188, 0.03026883183795530188 ) ) ;
#3770 = CARTESIAN_POINT ( 'NONE',  ( 2.879999999999999893, 1.827983448570348779, -0.9620582320198983739 ) ) ;
#3771 = FACE_OUTER_BOUND ( 'NONE', #501, .T. ) ;
#3772 = AXIS2_PLACEMENT_3D ( 'NONE', #4163, #5027, #1214 ) ;
#3773 = VECTOR ( 'NONE', #2039, 1000.000000000000000 ) ;
#3774 = EDGE_CURVE ( 'NONE', #1133, #5153, #235, .T. ) ;
#3775 = VERTEX_POINT ( 'NONE', #4490 ) ;
#3776 = EDGE_CURVE ( 'NONE', #1989, #2918, #5291, .T. ) ;
#3777 = LINE ( 'NONE', #1300, #2794 ) ;
#3778 = VERTEX_POINT ( 'NONE', #1925 ) ;
#3779 = VECTOR ( 'NONE', #647, 1000.000000000000000 ) ;
#3780 = VECTOR ( 'NONE', #2089, 1000.000000000000000 ) ;
#3781 = FACE_BOUND ( 'NONE', #566, .T. ) ;
#3782 = VECTOR ( 'NONE', #2959, 1000.000000000000000 ) ;
#3783 = AXIS2_PLACEMENT_3D ( 'NONE', #173, #716, #831 ) ;
#3784 = ORIENTED_EDGE ( 'NONE', *, *, #738, .T. ) ;
#3785 = ORIENTED_EDGE ( 'NONE', *, *, #1950, .T. ) ;
#3786 = CARTESIAN_POINT ( 'NONE',  ( 1.379999999999999893, 2.493745533050390151, -0.4541504134702140094 ) ) ;
#3787 = CARTESIAN_POINT ( 'NONE',  ( 1.379999999999999893, 2.472612739810004179, -0.4539502272926195792 ) ) ;
#3788 = LINE ( 'NONE', #1604, #758 ) ;
#3789 = DIRECTION ( 'NONE',  ( 0.000000000000000000, 0.2406903406730340478, 0.9706019575019921852 ) ) ;
#3790 = VECTOR ( 'NONE', #1637, 1000.000000000000000 ) ;
#3791 = CIRCLE ( 'NONE', #2902, 0.03077947504423012015 ) ;
#3792 = LINE ( 'NONE', #2027, #4993 ) ;
#3793 = ORIENTED_EDGE ( 'NONE', *, *, #3121, .F. ) ;
#3794 = AXIS2_PLACEMENT_3D ( 'NONE', #2143, #5234, #3023 ) ;
#3795 = ORIENTED_EDGE ( 'NONE', *, *, #3758, .T. ) ;
#3796 = CARTESIAN_POINT ( 'NONE',  ( 2.860950000000000326, -2.008307592793150853, -1.371832463991288886 ) ) ;
#3797 = CARTESIAN_POINT ( 'NONE',  ( 1.394334220106409949, 2.371827334779967877, 0.1404019658358959255 ) ) ;
#3798 = ORIENTED_EDGE ( 'NONE', *, *, #698, .T. ) ;
#3799 = FACE_OUTER_BOUND ( 'NONE', #4838, .T. ) ;
#3800 = DIRECTION ( 'NONE',  ( 0.000000000000000000, -0.8660254037844383745, 0.5000000000000003331 ) ) ;
#3801 = ORIENTED_EDGE ( 'NONE', *, *, #5058, .T. ) ;
#3802 = CARTESIAN_POINT ( 'NONE',  ( 1.379999999999999893, 2.497005303495487993, -0.4483746272448093650 ) ) ;
#3803 = DIRECTION ( 'NONE',  ( 0.000000000000000000, -0.8660254037844091757, 0.5000000000000510703 ) ) ;
#3804 = EDGE_CURVE ( 'NONE', #3778, #3975, #2368, .T. ) ;
#3805 = VERTEX_POINT ( 'NONE', #284 ) ;
#3806 = LINE ( 'NONE', #3302, #1370 ) ;
#3807 = CARTESIAN_POINT ( 'NONE',  ( 1.394334220106409949, 2.125066602492299950, -0.1854790744889389942 ) ) ;
#3808 = ADVANCED_FACE ( 'NONE', ( #3209 ), #4089, .F. ) ;
#3809 = ADVANCED_FACE ( 'NONE', ( #4873, #4011 ), #4855, .F. ) ;
#3810 = VERTEX_POINT ( 'NONE', #4067 ) ;
#3811 = EDGE_LOOP ( 'NONE', ( #3074, #1304, #41, #961 ) ) ;
#3812 = CARTESIAN_POINT ( 'NONE',  ( 1.379999999999999893, 2.418816341711010232, 0.2702983817558100021 ) ) ;
#3813 = DIRECTION ( 'NONE',  ( 1.000000000000000000, 0.000000000000000000, 1.836970198721029934E-16 ) ) ;
#3814 = DIRECTION ( 'NONE',  ( -0.000000000000000000, 0.9223447048632886780, 0.3863680181001692415 ) ) ;
#3815 = VERTEX_POINT ( 'NONE', #679 ) ;
#3816 = ORIENTED_EDGE ( 'NONE', *, *, #5349, .F. ) ;
#3817 = FILL_AREA_STYLE_COLOUR ( '', #1545 ) ;
#3818 = PRODUCT_CONTEXT ( 'NONE', #4986, 'mechanical' ) ;
#3819 = ORIENTED_EDGE ( 'NONE', *, *, #1060, .F. ) ;
#3820 = CARTESIAN_POINT ( 'NONE',  ( 1.379999999999999893, 2.314467519602350087, 0.2871582914449730128 ) ) ;
#3821 = EDGE_LOOP ( 'NONE', ( #2505, #1318 ) ) ;
#3822 = CARTESIAN_POINT ( 'NONE',  ( 1.379999999999999893, 2.125255814197700044, 0.1250508761551379910 ) ) ;
#3823 = CARTESIAN_POINT ( 'NONE',  ( 1.379999999999999893, 2.485296480058409863, -0.4417785858748130012 ) ) ;
#3824 = DIRECTION ( 'NONE',  ( 0.000000000000000000, 0.8554820535829044115, 0.5178324593896916905 ) ) ;
#3825 = DIRECTION ( 'NONE',  ( -1.000000000000000000, 0.000000000000000000, -0.000000000000000000 ) ) ;
#3826 = VERTEX_POINT ( 'NONE', #4434 ) ;
#3827 = CARTESIAN_POINT ( 'NONE',  ( 1.379999999999999893, 2.466484790674879246, 0.1704206895827512225 ) ) ;
#3828 = EDGE_CURVE ( 'NONE', #18, #3938, #3184, .T. ) ;
#3829 = VERTEX_POINT ( 'NONE', #259 ) ;
#3830 = ORIENTED_EDGE ( 'NONE', *, *, #5097, .F. ) ;
#3831 = FACE_OUTER_BOUND ( 'NONE', #798, .T. ) ;
#3832 = EDGE_CURVE ( 'NONE', #5449, #3512, #1052, .T. ) ;
#3833 = CARTESIAN_POINT ( 'NONE',  ( 2.034749999999999837, 0.000000000000000000, 3.737775111847609920E-16 ) ) ;
#3834 = DIRECTION ( 'NONE',  ( 0.000000000000000000, -0.4606709861125510841, -0.8875709788823031854 ) ) ;
#3835 = CARTESIAN_POINT ( 'NONE',  ( 1.394334220106409949, 2.309420209805410629, -0.3948934297115659908 ) ) ;
#3836 = VERTEX_POINT ( 'NONE', #179 ) ;
#3837 = CARTESIAN_POINT ( 'NONE',  ( 1.379999999999999893, 2.523239701764210974, 0.2897166630495663919 ) ) ;
#3838 = ORIENTED_EDGE ( 'NONE', *, *, #2370, .T. ) ;
#3839 = EDGE_CURVE ( 'NONE', #2654, #655, #3601, .T. ) ;
#3840 = EDGE_CURVE ( 'NONE', #4153, #1728, #3650, .T. ) ;
#3841 =( NAMED_UNIT ( * ) PLANE_ANGLE_UNIT ( ) SI_UNIT ( $, .RADIAN. ) );
#3842 = VECTOR ( 'NONE', #3067, 1000.000000000000000 ) ;
#3843 = DIRECTION ( 'NONE',  ( 0.000000000000000000, 0.9215468201172481999, -0.3882672511708761265 ) ) ;
#3844 = CIRCLE ( 'NONE', #2870, 1.229500000022198725 ) ;
#3845 = ORIENTED_EDGE ( 'NONE', *, *, #3374, .F. ) ;
#3846 = CARTESIAN_POINT ( 'NONE',  ( 1.379999999999999893, 1.737768876015119979, 0.1974452814337719908 ) ) ;
#3847 = CYLINDRICAL_SURFACE ( 'NONE', #665, 0.03077947504423012015 ) ;
#3848 = EDGE_LOOP ( 'NONE', ( #2690, #4148, #1884, #1085 ) ) ;
#3849 = DIRECTION ( 'NONE',  ( 0.000000000000000000, -0.7772448707080702457, 0.6291982286672420654 ) ) ;
#3850 = LINE ( 'NONE', #875, #25 ) ;
#3851 = CARTESIAN_POINT ( 'NONE',  ( 2.689500000144562364, 2.130059397837953191E-45, 3.174999999828287400 ) ) ;
#3852 = VECTOR ( 'NONE', #4436, 1000.000000000000000 ) ;
#3853 = DIRECTION ( 'NONE',  ( 0.000000000000000000, 0.5500539575626220978, 0.8351291180228941347 ) ) ;
#3854 = VERTEX_POINT ( 'NONE', #1531 ) ;
#3855 = DIRECTION ( 'NONE',  ( 0.000000000000000000, 0.5000000000000222045, -0.8660254037844258290 ) ) ;
#3856 = AXIS2_PLACEMENT_3D ( 'NONE', #379, #2485, #2457 ) ;
#3857 = ORIENTED_EDGE ( 'NONE', *, *, #5430, .T. ) ;
#3858 = AXIS2_PLACEMENT_3D ( 'NONE', #724, #2876, #1590 ) ;
#3859 = ORIENTED_EDGE ( 'NONE', *, *, #3121, .T. ) ;
#3860 = CARTESIAN_POINT ( 'NONE',  ( 2.879999999999999893, -2.038937518893189971, -1.120614449139720081 ) ) ;
#3861 = CONICAL_SURFACE ( 'NONE', #4035, 3.174999999828286956, 0.7853981633974495002 ) ;
#3862 = DIRECTION ( 'NONE',  ( 1.000000000000000000, 0.000000000000000000, 0.000000000000000000 ) ) ;
#3863 = PLANE ( 'NONE',  #4316 ) ;
#3864 = EDGE_CURVE ( 'NONE', #967, #58, #2819, .T. ) ;
#3865 = VECTOR ( 'NONE', #176, 1000.000000000000000 ) ;
#3866 = EDGE_CURVE ( 'NONE', #4905, #5121, #5261, .T. ) ;
#3867 = AXIS2_PLACEMENT_3D ( 'NONE', #5041, #786, #2477 ) ;
#3868 = CARTESIAN_POINT ( 'NONE',  ( 1.379999999999999893, 2.485296480058409863, -0.4439227243227280018 ) ) ;
#3869 = VERTEX_POINT ( 'NONE', #3386 ) ;
#3870 = CARTESIAN_POINT ( 'NONE',  ( 1.379999999999999893, 2.523434647157660304, 0.2933406405768689829 ) ) ;
#3871 = DIRECTION ( 'NONE',  ( -0.7071067811865465735, 8.659560562355637903E-17, -0.7071067811865484609 ) ) ;
#3872 = VECTOR ( 'NONE', #3373, 1000.000000000000000 ) ;
#3873 = VECTOR ( 'NONE', #1061, 1000.000000000000000 ) ;
#3874 = DIRECTION ( 'NONE',  ( 0.000000000000000000, 1.000000000000000000, 0.000000000000000000 ) ) ;
#3875 = EDGE_CURVE ( 'NONE', #4012, #3370, #816, .T. ) ;
#3876 = EDGE_CURVE ( 'NONE', #1087, #2249, #2913, .T. ) ;
#3877 = VECTOR ( 'NONE', #3388, 1000.000000000000000 ) ;
#3878 = VERTEX_POINT ( 'NONE', #2847 ) ;
#3879 = DIRECTION ( 'NONE',  ( 0.000000000000000000, -0.9514311915324651370, -0.3078614749836580122 ) ) ;
#3880 = VERTEX_POINT ( 'NONE', #4634 ) ;
#3881 = CARTESIAN_POINT ( 'NONE',  ( 1.394334220106409949, 2.273044490338839818, 0.1765801039624750046 ) ) ;
#3882 = CARTESIAN_POINT ( 'NONE',  ( 1.379999999999999893, 2.411458586530381254, -0.2347371884626187621 ) ) ;
#3883 = CARTESIAN_POINT ( 'NONE',  ( 1.394334220106409949, 2.125255814197700044, 0.2959619118670420157 ) ) ;
#3884 = CARTESIAN_POINT ( 'NONE',  ( 1.379999999999999893, 2.219308366003919897, 0.03026883183795530188 ) ) ;
#3885 = CARTESIAN_POINT ( 'NONE',  ( 1.379999999999999893, 2.425090429851580076, 0.1497186355362639942 ) ) ;
#3886 = VERTEX_POINT ( 'NONE', #4124 ) ;
#3887 = ORIENTED_EDGE ( 'NONE', *, *, #3361, .T. ) ;
#3888 = CARTESIAN_POINT ( 'NONE',  ( 1.379999999999999893, 2.478836439541399983, -0.4415490844353929800 ) ) ;
#3889 = DIRECTION ( 'NONE',  ( 1.807003620809173892E-16, 0.000000000000000000, -1.000000000000000000 ) ) ;
#3890 = CARTESIAN_POINT ( 'NONE',  ( 1.379999999999999893, 2.249684011831420083, 0.01740461005320610016 ) ) ;
#3891 = ORIENTED_EDGE ( 'NONE', *, *, #2539, .F. ) ;
#3892 = PLANE ( 'NONE',  #649 ) ;
#3893 = PRESENTATION_STYLE_ASSIGNMENT (( #950 ) ) ;
#3894 = EDGE_CURVE ( 'NONE', #782, #2249, #407, .T. ) ;
#3895 = CARTESIAN_POINT ( 'NONE',  ( 1.379999999999999893, 2.483238627135259780, -0.4078917005040608168 ) ) ;
#3896 = ORIENTED_EDGE ( 'NONE', *, *, #344, .T. ) ;
#3897 = VERTEX_POINT ( 'NONE', #789 ) ;
#3898 = CARTESIAN_POINT ( 'NONE',  ( 1.379999999999999893, 2.216586297605710243, 0.2753454606552779849 ) ) ;
#3899 = PLANE ( 'NONE',  #4843 ) ;
#3900 = ORIENTED_EDGE ( 'NONE', *, *, #5221, .T. ) ;
#3901 = ADVANCED_FACE ( 'NONE', ( #1258 ), #4541, .F. ) ;
#3902 = CARTESIAN_POINT ( 'NONE',  ( 2.879999999999999893, 0.06360232754342419470, 2.517800735127837974 ) ) ;
#3903 = DIRECTION ( 'NONE',  ( -1.000000000000000000, -0.000000000000000000, -0.000000000000000000 ) ) ;
#3904 = DIRECTION ( 'NONE',  ( 0.000000000000000000, 0.000000000000000000, -1.000000000000000000 ) ) ;
#3905 = PLANE ( 'NONE',  #5456 ) ;
#3906 = ORIENTED_EDGE ( 'NONE', *, *, #579, .F. ) ;
#3907 = ADVANCED_FACE ( 'NONE', ( #4179 ), #374, .T. ) ;
#3908 = DIRECTION ( 'NONE',  ( 0.000000000000000000, 0.9720757995435206356, 0.2346670832090119174 ) ) ;
#3909 = CARTESIAN_POINT ( 'NONE',  ( 1.379999999999999893, 2.493745533050390151, -0.4541504134702140094 ) ) ;
#3910 = ORIENTED_EDGE ( 'NONE', *, *, #797, .F. ) ;
#3911 = EDGE_LOOP ( 'NONE', ( #1279, #3560, #2338, #4195 ) ) ;
#3912 = CARTESIAN_POINT ( 'NONE',  ( 2.879999999999999893, 0.06360232754342419470, 2.345481331187520002 ) ) ;
#3913 = PLANE ( 'NONE',  #5186 ) ;
#3914 = CARTESIAN_POINT ( 'NONE',  ( 1.379999999999999893, 1.777399554396529968, -0.1634445113413610096 ) ) ;
#3915 = ORIENTED_EDGE ( 'NONE', *, *, #536, .T. ) ;
#3916 = VERTEX_POINT ( 'NONE', #1232 ) ;
#3917 = DIRECTION ( 'NONE',  ( 0.000000000000000000, 0.000000000000000000, -1.000000000000000000 ) ) ;
#3918 = DIRECTION ( 'NONE',  ( -1.000000000000000000, 0.000000000000000000, -0.000000000000000000 ) ) ;
#3919 = DIRECTION ( 'NONE',  ( 1.000000000000000000, 0.000000000000000000, 1.836970198721029934E-16 ) ) ;
#3920 = EDGE_CURVE ( 'NONE', #4778, #1825, #3323, .T. ) ;
#3921 = EDGE_LOOP ( 'NONE', ( #5102, #3144, #3104, #1632 ) ) ;
#3922 = EDGE_LOOP ( 'NONE', ( #2905, #3731, #2739, #2671 ) ) ;
#3923 = VECTOR ( 'NONE', #3814, 1000.000000000000227 ) ;
#3924 = FACE_OUTER_BOUND ( 'NONE', #5348, .T. ) ;
#3925 = FACE_OUTER_BOUND ( 'NONE', #260, .T. ) ;
#3926 = CARTESIAN_POINT ( 'NONE',  ( 1.394334220106409949, 2.473154153902429986, -0.4538592866442829887 ) ) ;
#3927 = EDGE_CURVE ( 'NONE', #162, #3775, #132, .T. ) ;
#3928 = AXIS2_PLACEMENT_3D ( 'NONE', #4292, #5104, #1293 ) ;
#3929 = EDGE_CURVE ( 'NONE', #5267, #4515, #2008, .T. ) ;
#3930 = CARTESIAN_POINT ( 'NONE',  ( 1.379999999999999893, 2.347502163259589825, 0.1424318347451689892 ) ) ;
#3931 = CARTESIAN_POINT ( 'NONE',  ( 1.379999999999999893, 2.473740657580949964, -0.4638064740324783219 ) ) ;
#3932 = VECTOR ( 'NONE', #1063, 1000.000000000000000 ) ;
#3933 = LINE ( 'NONE', #5239, #4025 ) ;
#3934 = DIRECTION ( 'NONE',  ( 0.000000000000000000, 0.000000000000000000, -1.000000000000000000 ) ) ;
#3935 = EDGE_CURVE ( 'NONE', #224, #734, #1678, .T. ) ;
#3936 = VECTOR ( 'NONE', #5409, 1000.000000000000114 ) ;
#3937 = EDGE_CURVE ( 'NONE', #5455, #4738, #1166, .T. ) ;
#3938 = VERTEX_POINT ( 'NONE', #2453 ) ;
#3939 = ORIENTED_EDGE ( 'NONE', *, *, #3828, .F. ) ;
#3940 = PRESENTATION_STYLE_ASSIGNMENT (( #3093 ) ) ;
#3941 = VECTOR ( 'NONE', #3855, 1000.000000000000227 ) ;
#3942 = DIRECTION ( 'NONE',  ( 0.000000000000000000, 0.8660254037844383745, -0.5000000000000003331 ) ) ;
#3943 = PLANE ( 'NONE',  #1711 ) ;
#3944 = AXIS2_PLACEMENT_3D ( 'NONE', #2967, #4203, #2481 ) ;
#3945 = VECTOR ( 'NONE', #275, 1000.000000000000000 ) ;
#3946 = ORIENTED_EDGE ( 'NONE', *, *, #4666, .T. ) ;
#3947 = ORIENTED_EDGE ( 'NONE', *, *, #264, .T. ) ;
#3948 = CARTESIAN_POINT ( 'NONE',  ( 1.379999999999999893, 2.411676466675999553, 0.2596360154718566071 ) ) ;
#3949 = DIRECTION ( 'NONE',  ( 0.000000000000000000, 1.000000000000000000, -6.993530863780510092E-16 ) ) ;
#3950 = LINE ( 'NONE', #3201, #1906 ) ;
#3951 = DIRECTION ( 'NONE',  ( -1.000000000000000000, -0.000000000000000000, -0.000000000000000000 ) ) ;
#3952 = VECTOR ( 'NONE', #1703, 1000.000000000000114 ) ;
#3953 = VECTOR ( 'NONE', #5232, 1000.000000000000000 ) ;
#3954 = ORIENTED_EDGE ( 'NONE', *, *, #5430, .F. ) ;
#3955 = CIRCLE ( 'NONE', #1020, 2.064999999989299617 ) ;
#3956 = ORIENTED_EDGE ( 'NONE', *, *, #3160, .F. ) ;
#3957 = CONICAL_SURFACE ( 'NONE', #3867, 3.174999999828286956, 0.7853981633974495002 ) ;
#3958 = DIRECTION ( 'NONE',  ( 0.000000000000000000, 0.9999982027861449296, 0.001895896748276195776 ) ) ;
#3959 = DIRECTION ( 'NONE',  ( 0.000000000000000000, 6.993530863780510092E-16, 1.000000000000000000 ) ) ;
#3960 = DIRECTION ( 'NONE',  ( -0.000000000000000000, -1.000000000000000000, 0.000000000000000000 ) ) ;
#3961 = AXIS2_PLACEMENT_3D ( 'NONE', #1002, #98, #4324 ) ;
#3962 = CARTESIAN_POINT ( 'NONE',  ( 1.379999999999999893, 2.472865152089830154, -0.4640019752586501678 ) ) ;
#3963 = CARTESIAN_POINT ( 'NONE',  ( 2.860950000000000326, -1.940436768592779915, -1.120311690692489925 ) ) ;
#3964 = ORIENTED_EDGE ( 'NONE', *, *, #4270, .T. ) ;
#3965 = PLANE ( 'NONE',  #2156 ) ;
#3966 = EDGE_CURVE ( 'NONE', #1303, #2105, #4155, .T. ) ;
#3967 = PLANE ( 'NONE',  #5180 ) ;
#3968 =( GEOMETRIC_REPRESENTATION_CONTEXT ( 3 ) GLOBAL_UNCERTAINTY_ASSIGNED_CONTEXT ( ( #628 ) ) GLOBAL_UNIT_ASSIGNED_CONTEXT ( ( #347, #3383, #4604 ) ) REPRESENTATION_CONTEXT ( 'NONE', 'WORKASPACE' ) );
#3969 = EDGE_LOOP ( 'NONE', ( #2924, #1398, #3992, #3483 ) ) ;
#3970 = ORIENTED_EDGE ( 'NONE', *, *, #3025, .T. ) ;
#3971 = ADVANCED_FACE ( 'NONE', ( #3738 ), #2938, .F. ) ;
#3972 = EDGE_CURVE ( 'NONE', #1472, #1800, #1652, .T. ) ;
#3973 = CARTESIAN_POINT ( 'NONE',  ( 1.394334220106409949, 2.235388494119289859, 0.2243451655698679992 ) ) ;
#3974 = CARTESIAN_POINT ( 'NONE',  ( 1.394334220106409949, 2.486652238561649852, -0.4525014031277149185 ) ) ;
#3975 = VERTEX_POINT ( 'NONE', #4607 ) ;
#3976 = VERTEX_POINT ( 'NONE', #5044 ) ;
#3977 = DIRECTION ( 'NONE',  ( 0.000000000000000000, -0.001706393916727129163, -0.9999985441088405924 ) ) ;
#3978 = CARTESIAN_POINT ( 'NONE',  ( 1.394334220106409949, 2.411676466675999553, 0.2596360154718562185 ) ) ;
#3979 = CARTESIAN_POINT ( 'NONE',  ( 1.394334220106409949, 2.494238536142481255, -0.4649539812295786501 ) ) ;
#3980 = ADVANCED_FACE ( 'NONE', ( #2090 ), #5488, .F. ) ;
#3981 = CARTESIAN_POINT ( 'NONE',  ( 1.379999999999999893, 2.502887340387290216, -0.4560289252521289027 ) ) ;
#3982 = ORIENTED_EDGE ( 'NONE', *, *, #4588, .F. ) ;
#3983 = ORIENTED_EDGE ( 'NONE', *, *, #2781, .T. ) ;
#3984 = DIRECTION ( 'NONE',  ( 0.000000000000000000, -0.8660254037844391517, -0.4999999999999990563 ) ) ;
#3985 = PLANE ( 'NONE',  #421 ) ;
#3986 = CARTESIAN_POINT ( 'NONE',  ( 1.379999999999999893, 2.523629592551110079, 0.3459275904858580275 ) ) ;
#3987 = DIRECTION ( 'NONE',  ( 0.000000000000000000, 0.000000000000000000, -1.000000000000000000 ) ) ;
#3988 = ORIENTED_EDGE ( 'NONE', *, *, #5466, .F. ) ;
#3989 = CARTESIAN_POINT ( 'NONE',  ( 1.394334220106409949, 2.513397826239150312, 0.2400852859843179976 ) ) ;
#3990 = CARTESIAN_POINT ( 'NONE',  ( 1.394334220106409949, 2.483238627135259780, -0.4477264981797819954 ) ) ;
#3991 = EDGE_CURVE ( 'NONE', #1591, #3720, #2118, .T. ) ;
#3992 = ORIENTED_EDGE ( 'NONE', *, *, #4819, .T. ) ;
#3993 = ORIENTED_EDGE ( 'NONE', *, *, #5496, .T. ) ;
#3994 = LINE ( 'NONE', #658, #3607 ) ;
#3995 = EDGE_CURVE ( 'NONE', #4804, #4549, #1706, .T. ) ;
#3996 = VERTEX_POINT ( 'NONE', #3412 ) ;
#3997 = ORIENTED_EDGE ( 'NONE', *, *, #4319, .T. ) ;
#3998 = DIRECTION ( 'NONE',  ( -2.466431482431479202E-16, 0.000000000000000000, 1.000000000000000000 ) ) ;
#3999 = PLANE ( 'NONE',  #4750 ) ;
#4000 = CARTESIAN_POINT ( 'NONE',  ( 1.379999999999999893, 2.417556363763650129, 0.2676931372514700369 ) ) ;
#4001 = DIRECTION ( 'NONE',  ( 0.000000000000000000, 0.9998156855907736063, 0.01919882409554029765 ) ) ;
#4002 = EDGE_CURVE ( 'NONE', #1689, #1854, #4737, .T. ) ;
#4003 = ORIENTED_EDGE ( 'NONE', *, *, #1207, .T. ) ;
#4004 = EDGE_CURVE ( 'NONE', #5455, #967, #4372, .T. ) ;
#4005 = VERTEX_POINT ( 'NONE', #1809 ) ;
#4006 = CARTESIAN_POINT ( 'NONE',  ( 1.394334220106409949, 2.418473753850459929, 0.2696685361243350010 ) ) ;
#4007 = DIRECTION ( 'NONE',  ( 1.000000000000000000, 0.000000000000000000, 0.000000000000000000 ) ) ;
#4008 = DIRECTION ( 'NONE',  ( 0.000000000000000000, -0.000000000000000000, -1.000000000000000000 ) ) ;
#4009 = ORIENTED_EDGE ( 'NONE', *, *, #572, .T. ) ;
#4010 = DIRECTION ( 'NONE',  ( 0.000000000000000000, 1.000000000000000000, 0.000000000000000000 ) ) ;
#4011 = FACE_BOUND ( 'NONE', #4571, .T. ) ;
#4012 = VERTEX_POINT ( 'NONE', #2141 ) ;
#4013 = AXIS2_PLACEMENT_3D ( 'NONE', #4835, #1022, #1981 ) ;
#4014 = CARTESIAN_POINT ( 'NONE',  ( 1.379999999999999893, 2.229775213525620359, 0.2363679926841220080 ) ) ;
#4015 =( GEOMETRIC_REPRESENTATION_CONTEXT ( 3 ) GLOBAL_UNCERTAINTY_ASSIGNED_CONTEXT ( ( #2738 ) ) GLOBAL_UNIT_ASSIGNED_CONTEXT ( ( #4182, #2916, #2093 ) ) REPRESENTATION_CONTEXT ( 'NONE', 'WORKASPACE' ) );
#4016 = ORIENTED_EDGE ( 'NONE', *, *, #4751, .F. ) ;
#4017 = ORIENTED_EDGE ( 'NONE', *, *, #62, .T. ) ;
#4018 = DIRECTION ( 'NONE',  ( 0.000000000000000000, -0.000000000000000000, 1.000000000000000000 ) ) ;
#4019 = VECTOR ( 'NONE', #362, 1000.000000000000000 ) ;
#4020 = EDGE_LOOP ( 'NONE', ( #1801, #5328, #1734, #26 ) ) ;
#4021 = CARTESIAN_POINT ( 'NONE',  ( 1.394334220106409949, 2.237352282273870507, -0.1849315072808750127 ) ) ;
#4022 = EDGE_LOOP ( 'NONE', ( #3698, #3947, #774, #5384, #4941, #3143 ) ) ;
#4023 = FACE_OUTER_BOUND ( 'NONE', #4438, .T. ) ;
#4024 = DIRECTION ( 'NONE',  ( 0.000000000000000000, 0.4999999999999990563, -0.8660254037844391517 ) ) ;
#4025 = VECTOR ( 'NONE', #2289, 1000.000000000000000 ) ;
#4026 = CARTESIAN_POINT ( 'NONE',  ( 1.379999999999999893, 2.478836439541401759, -0.4472441201543355116 ) ) ;
#4027 = DIRECTION ( 'NONE',  ( -1.000000000000000000, -0.000000000000000000, -0.000000000000000000 ) ) ;
#4028 = ADVANCED_FACE ( 'NONE', ( #3106 ), #4712, .F. ) ;
#4029 = AXIS2_PLACEMENT_3D ( 'NONE', #4681, #4278, #3481 ) ;
#4030 = VECTOR ( 'NONE', #1344, 1000.000000000000000 ) ;
#4031 = EDGE_LOOP ( 'NONE', ( #2003, #3334, #2782, #2838 ) ) ;
#4032 = EDGE_LOOP ( 'NONE', ( #3060, #3939, #3689, #4661 ) ) ;
#4033 = DIRECTION ( 'NONE',  ( 0.000000000000000000, 0.9822529701818383252, 0.1875609302838850967 ) ) ;
#4034 = VECTOR ( 'NONE', #3573, 1000.000000000000000 ) ;
#4035 = AXIS2_PLACEMENT_3D ( 'NONE', #2846, #4540, #1114 ) ;
#4036 = DIRECTION ( 'NONE',  ( 0.000000000000000000, 0.1547000690826050295, 0.9879614813472421542 ) ) ;
#4037 = EDGE_CURVE ( 'NONE', #5323, #5241, #1399, .T. ) ;
#4038 = ADVANCED_FACE ( 'NONE', ( #485 ), #3847, .T. ) ;
#4039 = VECTOR ( 'NONE', #1395, 1000.000000000000000 ) ;
#4040 = VECTOR ( 'NONE', #2386, 1000.000000000000000 ) ;
#4041 = VERTEX_POINT ( 'NONE', #1738 ) ;
#4042 = DIRECTION ( 'NONE',  ( 0.000000000000000000, -0.000000000000000000, -1.000000000000000000 ) ) ;
#4043 = DIRECTION ( 'NONE',  ( 0.000000000000000000, -0.1547000690823294167, -0.9879614813472853418 ) ) ;
#4044 = VERTEX_POINT ( 'NONE', #2649 ) ;
#4045 =( LENGTH_UNIT ( ) NAMED_UNIT ( * ) SI_UNIT ( .MILLI., .METRE. ) );
#4046 = DIRECTION ( 'NONE',  ( 0.000000000000000000, -0.3269487519478661008, -0.9450420697512532664 ) ) ;
#4047 = VECTOR ( 'NONE', #4275, 1000.000000000000000 ) ;
#4048 = VECTOR ( 'NONE', #60, 1000.000000000000000 ) ;
#4049 = DIRECTION ( 'NONE',  ( 1.000000000000000000, -0.000000000000000000, 0.000000000000000000 ) ) ;
#4050 =( GEOMETRIC_REPRESENTATION_CONTEXT ( 3 ) GLOBAL_UNCERTAINTY_ASSIGNED_CONTEXT ( ( #355 ) ) GLOBAL_UNIT_ASSIGNED_CONTEXT ( ( #4045, #239, #4069 ) ) REPRESENTATION_CONTEXT ( 'NONE', 'WORKASPACE' ) );
#4051 = ORIENTED_EDGE ( 'NONE', *, *, #2892, .F. ) ;
#4052 = DIRECTION ( 'NONE',  ( 0.000000000000000000, -0.3078614749836580677, 0.9514311915324652480 ) ) ;
#4053 = ORIENTED_EDGE ( 'NONE', *, *, #5400, .F. ) ;
#4054 = DIRECTION ( 'NONE',  ( 0.000000000000000000, 0.000000000000000000, -1.000000000000000000 ) ) ;
#4055 = LINE ( 'NONE', #3308, #4111 ) ;
#4056 = FACE_OUTER_BOUND ( 'NONE', #2473, .T. ) ;
#4057 = FACE_OUTER_BOUND ( 'NONE', #433, .T. ) ;
#4058 = CARTESIAN_POINT ( 'NONE',  ( 0.000000000000000000, 2.023853355068814674E-46, 7.824090399073145653E-32 ) ) ;
#4059 = ORIENTED_EDGE ( 'NONE', *, *, #4277, .F. ) ;
#4060 = ORIENTED_EDGE ( 'NONE', *, *, #2999, .T. ) ;
#4061 = FACE_OUTER_BOUND ( 'NONE', #1237, .T. ) ;
#4062 = LINE ( 'NONE', #1919, #411 ) ;
#4063 = LINE ( 'NONE', #2390, #4501 ) ;
#4064 = EDGE_CURVE ( 'NONE', #5413, #2380, #3443, .T. ) ;
#4065 = EDGE_CURVE ( 'NONE', #4345, #4601, #2202, .T. ) ;
#4066 = FACE_OUTER_BOUND ( 'NONE', #2353, .T. ) ;
#4067 = CARTESIAN_POINT ( 'NONE',  ( 1.394334220106409949, 2.513397826239148980, 0.2400852859843186637 ) ) ;
#4068 = ORIENTED_EDGE ( 'NONE', *, *, #3331, .T. ) ;
#4069 =( NAMED_UNIT ( * ) SI_UNIT ( $, .STERADIAN. ) SOLID_ANGLE_UNIT ( ) );
#4070 = PLANE ( 'NONE',  #1631 ) ;
#4071 = CARTESIAN_POINT ( 'NONE',  ( 2.860950000000000326, 2.180479398287840098, -1.258900367563920097 ) ) ;
#4072 = DIRECTION ( 'NONE',  ( 0.000000000000000000, 0.8660254037844383745, -0.5000000000000003331 ) ) ;
#4073 = ADVANCED_FACE ( 'NONE', ( #1369 ), #4262, .F. ) ;
#4074 = VERTEX_POINT ( 'NONE', #1340 ) ;
#4075 = VERTEX_POINT ( 'NONE', #923 ) ;
#4076 = CARTESIAN_POINT ( 'NONE',  ( 2.879999999999999893, 0.03232682635326870890, 2.345481331187520002 ) ) ;
#4077 = VERTEX_POINT ( 'NONE', #541 ) ;
#4078 = EDGE_LOOP ( 'NONE', ( #2161, #827, #4921, #711 ) ) ;
#4079 = DIRECTION ( 'NONE',  ( 0.000000000000000000, 0.9502094961207526724, 0.3116117993304255429 ) ) ;
#4080 = PLANE ( 'NONE',  #4669 ) ;
#4081 = DIRECTION ( 'NONE',  ( 0.000000000000000000, 0.8660254037844383745, -0.5000000000000003331 ) ) ;
#4082 = FACE_OUTER_BOUND ( 'NONE', #3397, .T. ) ;
#4083 = EDGE_LOOP ( 'NONE', ( #5229, #4051, #167, #1328 ) ) ;
#4084 = ORIENTED_EDGE ( 'NONE', *, *, #4476, .T. ) ;
#4085 =( NAMED_UNIT ( * ) SI_UNIT ( $, .STERADIAN. ) SOLID_ANGLE_UNIT ( ) );
#4086 = LINE ( 'NONE', #5285, #2435 ) ;
#4087 = CARTESIAN_POINT ( 'NONE',  ( 2.879999999999999893, 1.827983448570349223, -0.9620582320198997062 ) ) ;
#4088 = LINE ( 'NONE', #2818, #2433 ) ;
#4089 = PLANE ( 'NONE',  #5106 ) ;
#4090 = ORIENTED_EDGE ( 'NONE', *, *, #3435, .F. ) ;
#4091 = FACE_OUTER_BOUND ( 'NONE', #1457, .T. ) ;
#4093 = ADVANCED_FACE ( 'NONE', ( #3924 ), #3021, .F. ) ;
#4092 = LINE ( 'NONE', #5375, #1448 ) ;
#4094 = PLANE ( 'NONE',  #3856 ) ;
#4095 = EDGE_CURVE ( 'NONE', #3775, #4515, #457, .T. ) ;
#4096 = FACE_OUTER_BOUND ( 'NONE', #180, .T. ) ;
#4097 = ORIENTED_EDGE ( 'NONE', *, *, #4990, .F. ) ;
#4098 = CARTESIAN_POINT ( 'NONE',  ( 1.394334220106409949, 2.385763063567630127, 0.2488730229627550139 ) ) ;
#4099 = ORIENTED_EDGE ( 'NONE', *, *, #1351, .T. ) ;
#4100 = AXIS2_PLACEMENT_3D ( 'NONE', #2866, #3313, #5062 ) ;
#4101 = CARTESIAN_POINT ( 'NONE',  ( 1.394334220106409949, 2.520332721926629826, 0.2680507760431249942 ) ) ;
#4102 = EDGE_CURVE ( 'NONE', #576, #5413, #43, .T. ) ;
#4103 = EDGE_CURVE ( 'NONE', #196, #3504, #519, .T. ) ;
#4104 = VECTOR ( 'NONE', #4625, 1000.000000000000000 ) ;
#4105 = ORIENTED_EDGE ( 'NONE', *, *, #304, .T. ) ;
#4106 = FACE_OUTER_BOUND ( 'NONE', #5217, .T. ) ;
#4107 = ORIENTED_EDGE ( 'NONE', *, *, #4974, .T. ) ;
#4108 = LINE ( 'NONE', #2899, #2874 ) ;
#4109 = DIRECTION ( 'NONE',  ( -0.000000000000000000, -1.000000000000000000, -0.000000000000000000 ) ) ;
#4110 = CARTESIAN_POINT ( 'NONE',  ( 2.879999999999999893, 0.03232682635326868809, 2.273457506809883455 ) ) ;
#4111 = VECTOR ( 'NONE', #2806, 1000.000000000000000 ) ;
#4112 = CARTESIAN_POINT ( 'NONE',  ( 1.379999999999999893, 2.503303842999569984, -0.4528350302202049926 ) ) ;
#4113 = CARTESIAN_POINT ( 'NONE',  ( 1.394334220106409949, 2.314590793895269893, 0.2895770477457290104 ) ) ;
#4114 = AXIS2_PLACEMENT_3D ( 'NONE', #4518, #353, #4126 ) ;
#4115 = ORIENTED_EDGE ( 'NONE', *, *, #4819, .F. ) ;
#4116 = VERTEX_POINT ( 'NONE', #1760 ) ;
#4117 = CYLINDRICAL_SURFACE ( 'NONE', #5269, 1.229500000000000037 ) ;
#4118 = LINE ( 'NONE', #3317, #582 ) ;
#4119 = LINE ( 'NONE', #5398, #1831 ) ;
#4120 = VECTOR ( 'NONE', #2569, 1000.000000000000000 ) ;
#4121 = AXIS2_PLACEMENT_3D ( 'NONE', #4671, #821, #4991 ) ;
#4122 = AXIS2_PLACEMENT_3D ( 'NONE', #1450, #3626, #1945 ) ;
#4123 = DIRECTION ( 'NONE',  ( 0.000000000000000000, -6.993530863780510092E-16, -1.000000000000000000 ) ) ;
#4124 = CARTESIAN_POINT ( 'NONE',  ( 1.394334220106409949, 2.503720345611850195, -0.4496411351882769747 ) ) ;
#4125 = EDGE_LOOP ( 'NONE', ( #2521, #3118, #183, #4320 ) ) ;
#4126 = DIRECTION ( 'NONE',  ( 0.000000000000000000, 0.000000000000000000, -1.000000000000000000 ) ) ;
#4127 = FACE_OUTER_BOUND ( 'NONE', #1194, .T. ) ;
#4128 = AXIS2_PLACEMENT_3D ( 'NONE', #4654, #1675, #5008 ) ;
#4129 = LINE ( 'NONE', #2458, #2960 ) ;
#4130 = ORIENTED_EDGE ( 'NONE', *, *, #5138, .T. ) ;
#4131 = DIRECTION ( 'NONE',  ( 1.000000000000000000, -1.271019015260609939E-45, 1.836970198721029934E-16 ) ) ;
#4132 = LINE ( 'NONE', #5469, #5271 ) ;
#4133 = VERTEX_POINT ( 'NONE', #3468 ) ;
#4134 = ADVANCED_FACE ( 'NONE', ( #3045 ), #3899, .F. ) ;
#4135 = VECTOR ( 'NONE', #5194, 1000.000000000000000 ) ;
#4136 = CARTESIAN_POINT ( 'NONE',  ( 2.860950000000000326, -1.857789974495761998, -0.7092133743812460978 ) ) ;
#4137 = MECHANICAL_DESIGN_GEOMETRIC_PRESENTATION_REPRESENTATION (  '', ( #1027 ), #4050 ) ;
#4138 = ORIENTED_EDGE ( 'NONE', *, *, #1984, .T. ) ;
#4139 = ORIENTED_EDGE ( 'NONE', *, *, #4065, .F. ) ;
#4140 = LINE ( 'NONE', #3750, #3320 ) ;
#4141 = EDGE_CURVE ( 'NONE', #2923, #175, #4773, .T. ) ;
#4142 = LINE ( 'NONE', #3309, #3945 ) ;
#4143 = EDGE_CURVE ( 'NONE', #4166, #2577, #3490, .T. ) ;
#4144 = LINE ( 'NONE', #339, #1382 ) ;
#4145 = LINE ( 'NONE', #3728, #4848 ) ;
#4146 = ORIENTED_EDGE ( 'NONE', *, *, #3659, .F. ) ;
#4147 = ORIENTED_EDGE ( 'NONE', *, *, #1476, .T. ) ;
#4148 = ORIENTED_EDGE ( 'NONE', *, *, #3695, .F. ) ;
#4149 = EDGE_CURVE ( 'NONE', #4847, #4524, #5310, .T. ) ;
#4150 = DIRECTION ( 'NONE',  ( 0.000000000000000000, 0.7772448707074823826, -0.6291982286679683734 ) ) ;
#4151 = LINE ( 'NONE', #4630, #756 ) ;
#4152 = LINE ( 'NONE', #4536, #5478 ) ;
#4153 = VERTEX_POINT ( 'NONE', #2730 ) ;
#4154 = CARTESIAN_POINT ( 'NONE',  ( 2.879999999999999893, -1.989949340249499876, -1.205464463520850016 ) ) ;
#4155 = LINE ( 'NONE', #350, #840 ) ;
#4156 = ORIENTED_EDGE ( 'NONE', *, *, #1520, .F. ) ;
#4157 = DIRECTION ( 'NONE',  ( -1.000000000000000000, 0.000000000000000000, -0.000000000000000000 ) ) ;
#4158 = DIRECTION ( 'NONE',  ( 0.000000000000000000, 0.8759515744415680150, 0.4823990456389170012 ) ) ;
#4159 = FACE_OUTER_BOUND ( 'NONE', #983, .T. ) ;
#4160 = VERTEX_POINT ( 'NONE', #1030 ) ;
#4161 = CARTESIAN_POINT ( 'NONE',  ( 2.860950000000000326, -1.575794341459219927, -1.197644138313100015 ) ) ;
#4162 = ORIENTED_EDGE ( 'NONE', *, *, #838, .T. ) ;
#4163 = CARTESIAN_POINT ( 'NONE',  ( 1.379999999999999893, 1.737768876015119979, 0.1974452814337719908 ) ) ;
#4164 = EDGE_CURVE ( 'NONE', #3370, #1029, #695, .T. ) ;
#4165 = ORIENTED_EDGE ( 'NONE', *, *, #1484, .T. ) ;
#4166 = VERTEX_POINT ( 'NONE', #4452 ) ;
#4167 = CARTESIAN_POINT ( 'NONE',  ( 1.394334220106409949, 2.409391591991040471, 0.1445703570428450158 ) ) ;
#4168 =( NAMED_UNIT ( * ) SI_UNIT ( $, .STERADIAN. ) SOLID_ANGLE_UNIT ( ) );
#4169 = CARTESIAN_POINT ( 'NONE',  ( 1.379999999999999893, 2.125255814197700044, -0.2852079774572949811 ) ) ;
#4170 = SURFACE_STYLE_USAGE ( .BOTH. , #4563 ) ;
#4171 = EDGE_CURVE ( 'NONE', #4116, #1926, #1499, .T. ) ;
#4172 = DIRECTION ( 'NONE',  ( 0.000000000000000000, 0.9998027306933637837, 0.01986201646593380513 ) ) ;
#4173 = ORIENTED_EDGE ( 'NONE', *, *, #3361, .F. ) ;
#4174 = ORIENTED_EDGE ( 'NONE', *, *, #4511, .F. ) ;
#4175 = DIRECTION ( 'NONE',  ( 0.000000000000000000, -0.6291982286679683734, -0.7772448707074823826 ) ) ;
#4176 = EDGE_CURVE ( 'NONE', #4272, #236, #3127, .T. ) ;
#4177 = ADVANCED_FACE ( 'NONE', ( #5233 ), #4924, .F. ) ;
#4178 = ORIENTED_EDGE ( 'NONE', *, *, #69, .F. ) ;
#4179 = FACE_OUTER_BOUND ( 'NONE', #1226, .T. ) ;
#4180 = EDGE_LOOP ( 'NONE', ( #583, #3488, #4016, #2798 ) ) ;
#4181 = FACE_BOUND ( 'NONE', #428, .T. ) ;
#4182 =( LENGTH_UNIT ( ) NAMED_UNIT ( * ) SI_UNIT ( .MILLI., .METRE. ) );
#4183 = DIRECTION ( 'NONE',  ( 0.000000000000000000, -0.1167030593493130208, 0.9931668520135531475 ) ) ;
#4184 = ORIENTED_EDGE ( 'NONE', *, *, #4276, .F. ) ;
#4185 = DIRECTION ( 'NONE',  ( 0.000000000000000000, -0.000000000000000000, 1.000000000000000000 ) ) ;
#4186 = ORIENTED_EDGE ( 'NONE', *, *, #4102, .T. ) ;
#4187 = FACE_OUTER_BOUND ( 'NONE', #1584, .T. ) ;
#4188 = ORIENTED_EDGE ( 'NONE', *, *, #77, .T. ) ;
#4189 = ORIENTED_EDGE ( 'NONE', *, *, #3065, .T. ) ;
#4190 = CARTESIAN_POINT ( 'NONE',  ( 2.034749999999999392, 3.888253587292846081E-16, 3.175000000000000266 ) ) ;
#4191 = CARTESIAN_POINT ( 'NONE',  ( 1.379999999999999893, 2.466494824628960192, -0.2599725829599560112 ) ) ;
#4192 = LINE ( 'NONE', #340, #3521 ) ;
#4193 = VECTOR ( 'NONE', #1752, 1000.000000000000000 ) ;
#4194 = DIRECTION ( 'NONE',  ( 0.000000000000000000, -0.8682403210875734301, -0.4961438751388024815 ) ) ;
#4195 = ORIENTED_EDGE ( 'NONE', *, *, #2715, .T. ) ;
#4196 = ORIENTED_EDGE ( 'NONE', *, *, #4765, .T. ) ;
#4197 = VECTOR ( 'NONE', #247, 1000.000000000000000 ) ;
#4198 = CARTESIAN_POINT ( 'NONE',  ( 1.379999999999999893, 2.521531062727529804, -0.1842807336880430136 ) ) ;
#4199 = EDGE_CURVE ( 'NONE', #3886, #1239, #3622, .T. ) ;
#4200 = DIRECTION ( 'NONE',  ( -0.000000000000000000, 0.000000000000000000, 1.000000000000000000 ) ) ;
#4201 = AXIS2_PLACEMENT_3D ( 'NONE', #4880, #4131, #5347 ) ;
#4202 = ORIENTED_EDGE ( 'NONE', *, *, #2742, .F. ) ;
#4203 = DIRECTION ( 'NONE',  ( -1.000000000000000000, 1.271019015260609939E-45, -1.836970198721029934E-16 ) ) ;
#4204 = ORIENTED_EDGE ( 'NONE', *, *, #3706, .T. ) ;
#4205 = EDGE_CURVE ( 'NONE', #5115, #3134, #5254, .T. ) ;
#4206 = VECTOR ( 'NONE', #1405, 1000.000000000000114 ) ;
#4207 = EDGE_CURVE ( 'NONE', #5006, #4679, #3205, .T. ) ;
#4208 = DIRECTION ( 'NONE',  ( 1.000000000000000000, 0.000000000000000000, 0.000000000000000000 ) ) ;
#4209 = FILL_AREA_STYLE_COLOUR ( '', #1798 ) ;
#4210 = DIRECTION ( 'NONE',  ( 0.000000000000000000, 0.9901489287481952672, 0.1400182091686690000 ) ) ;
#4211 = AXIS2_PLACEMENT_3D ( 'NONE', #3496, #5136, #493 ) ;
#4212 = VECTOR ( 'NONE', #4109, 1000.000000000000000 ) ;
#4213 = ORIENTED_EDGE ( 'NONE', *, *, #900, .F. ) ;
#4214 = DIRECTION ( 'NONE',  ( 0.000000000000000000, 0.5483224662305556940, -0.8362669866895625637 ) ) ;
#4215 = ORIENTED_EDGE ( 'NONE', *, *, #2817, .F. ) ;
#4216 = AXIS2_PLACEMENT_3D ( 'NONE', #919, #2165, #4233 ) ;
#4217 = AXIS2_PLACEMENT_3D ( 'NONE', #4489, #3649, #677 ) ;
#4218 = CARTESIAN_POINT ( 'NONE',  ( 2.860949999999999882, -0.2359217314837389334, 2.517800735127829981 ) ) ;
#4219 = CIRCLE ( 'NONE', #4128, 1.500000000078216322 ) ;
#4220 = COLOUR_RGB ( '',1.000000000000000000, 0.5019607843137254832, 0.2509803921568627416 ) ;
#4221 = ORIENTED_EDGE ( 'NONE', *, *, #2199, .T. ) ;
#4222 = VERTEX_POINT ( 'NONE', #2700 ) ;
#4223 = DIRECTION ( 'NONE',  ( 0.000000000000000000, 0.5325788032461983290, -0.8463804217565805699 ) ) ;
#4224 = CARTESIAN_POINT ( 'NONE',  ( 1.394334220106409949, 2.215529865583869107, 0.2812557462895539095 ) ) ;
#4225 = DIRECTION ( 'NONE',  ( 0.000000000000000000, -0.8277263342304171934, -0.5611319948296261684 ) ) ;
#4226 = DIRECTION ( 'NONE',  ( 0.000000000000000000, 0.9916040896878426381, -0.1293109790943719750 ) ) ;
#4227 = VECTOR ( 'NONE', #2356, 1000.000000000000114 ) ;
#4228 = AXIS2_PLACEMENT_3D ( 'NONE', #710, #1240, #2517 ) ;
#4229 = LINE ( 'NONE', #5393, #1163 ) ;
#4230 = EDGE_LOOP ( 'NONE', ( #2116, #939, #528, #5422 ) ) ;
#4231 = VECTOR ( 'NONE', #1136, 1000.000000000000000 ) ;
#4232 = ORIENTED_EDGE ( 'NONE', *, *, #3473, .T. ) ;
#4233 = DIRECTION ( 'NONE',  ( 0.000000000000000000, -0.000000000000000000, 1.000000000000000000 ) ) ;
#4234 = ORIENTED_CLOSED_SHELL ( 'NONE', *, #4460, .F. );
#4235 = ORIENTED_EDGE ( 'NONE', *, *, #2811, .T. ) ;
#4236 = DIRECTION ( 'NONE',  ( 0.000000000000000000, 0.4999999999999575895, -0.8660254037844631325 ) ) ;
#4237 = DIRECTION ( 'NONE',  ( 0.000000000000000000, 0.000000000000000000, -1.000000000000000000 ) ) ;
#4238 = VERTEX_POINT ( 'NONE', #4894 ) ;
#4239 = CARTESIAN_POINT ( 'NONE',  ( 1.380000000000000115, 2.496594058078413170, -0.4418346858932192256 ) ) ;
#4240 = PLANE ( 'NONE',  #3928 ) ;
#4241 = CARTESIAN_POINT ( 'NONE',  ( 2.880000000000000338, 2.133761685484230064, -1.138599379414459989 ) ) ;
#4242 = EDGE_CURVE ( 'NONE', #158, #2923, #1074, .T. ) ;
#4243 = ADVANCED_FACE ( 'NONE', ( #1109 ), #4404, .F. ) ;
#4244 = ORIENTED_EDGE ( 'NONE', *, *, #5020, .F. ) ;
#4245 = PLANE ( 'NONE',  #4121 ) ;
#4246 = EDGE_LOOP ( 'NONE', ( #809, #4635 ) ) ;
#4247 = CARTESIAN_POINT ( 'NONE',  ( 1.379999999999999893, 2.502417623772015265, -0.4328851709106701917 ) ) ;
#4248 = ADVANCED_FACE ( 'NONE', ( #2329 ), #3647, .T. ) ;
#4249 = EDGE_CURVE ( 'NONE', #267, #3674, #2364, .T. ) ;
#4250 = EDGE_LOOP ( 'NONE', ( #2009, #3170, #4801, #3644 ) ) ;
#4251 = ORIENTED_EDGE ( 'NONE', *, *, #3804, .F. ) ;
#4252 = DIRECTION ( 'NONE',  ( 0.000000000000000000, -0.9999670694423009598, 0.008115419334602271689 ) ) ;
#4253 = CARTESIAN_POINT ( 'NONE',  ( 1.379999999999999893, 1.777399554396529968, -0.1634445113413610096 ) ) ;
#4254 = DIRECTION ( 'NONE',  ( 0.000000000000000000, -0.1167030593493130208, 0.9931668520135531475 ) ) ;
#4255 = FACE_OUTER_BOUND ( 'NONE', #4032, .T. ) ;
#4256 = ORIENTED_EDGE ( 'NONE', *, *, #469, .F. ) ;
#4257 = CARTESIAN_POINT ( 'NONE',  ( 1.394334220106409949, 2.125066602492299062, -0.1854790744889391330 ) ) ;
#4258 = ORIENTED_EDGE ( 'NONE', *, *, #4149, .T. ) ;
#4259 = CARTESIAN_POINT ( 'NONE',  ( 1.379999999999999893, 2.471054640734399843, -0.4415490844353929800 ) ) ;
#4260 = CARTESIAN_POINT ( 'NONE',  ( 1.379999999999999893, 2.411458586530380810, -0.2347371884626151817 ) ) ;
#4261 = ORIENTED_EDGE ( 'NONE', *, *, #4176, .F. ) ;
#4262 = PLANE ( 'NONE',  #3243 ) ;
#4263 = ORIENTED_EDGE ( 'NONE', *, *, #187, .F. ) ;
#4264 = LINE ( 'NONE', #5461, #3877 ) ;
#4265 = DIRECTION ( 'NONE',  ( -1.000000000000000000, -1.224646799149973211E-16, -6.123233995539503971E-17 ) ) ;
#4266 = PLANE ( 'NONE',  #4386 ) ;
#4267 = EDGE_CURVE ( 'NONE', #1442, #2657, #4062, .T. ) ;
#4268 = DIRECTION ( 'NONE',  ( 0.000000000000000000, 0.000000000000000000, -1.000000000000000000 ) ) ;
#4269 = ORIENTED_EDGE ( 'NONE', *, *, #2503, .F. ) ;
#4270 = EDGE_CURVE ( 'NONE', #3016, #2685, #4086, .T. ) ;
#4271 = CARTESIAN_POINT ( 'NONE',  ( 1.379999999999999893, 1.975537752030241290, -0.3268890226827205203 ) ) ;
#4272 = VERTEX_POINT ( 'NONE', #2283 ) ;
#4273 = EDGE_LOOP ( 'NONE', ( #1717, #1683, #4526, #3031 ) ) ;
#4274 = DIRECTION ( 'NONE',  ( 0.000000000000000000, -0.7463495512540777588, 0.6655541655964875014 ) ) ;
#4275 = DIRECTION ( 'NONE',  ( -1.000000000000000000, 0.000000000000000000, -0.000000000000000000 ) ) ;
#4276 = EDGE_CURVE ( 'NONE', #5153, #2194, #3549, .T. ) ;
#4277 = EDGE_CURVE ( 'NONE', #2875, #4905, #5334, .T. ) ;
#4278 = DIRECTION ( 'NONE',  ( -1.000000000000000000, 6.213327282967790716E-30, -1.807003620816442506E-16 ) ) ;
#4279 = DIRECTION ( 'NONE',  ( -1.000000000000000000, 0.000000000000000000, 0.000000000000000000 ) ) ;
#4280 = EDGE_LOOP ( 'NONE', ( #3900, #1871, #1137, #3239 ) ) ;
#4281 = CARTESIAN_POINT ( 'NONE',  ( 1.379999999999999893, 2.280059657658919825, -0.05286747059647189939 ) ) ;
#4282 = ORIENTED_EDGE ( 'NONE', *, *, #1132, .T. ) ;
#4283 = LINE ( 'NONE', #477, #1716 ) ;
#4284 = CARTESIAN_POINT ( 'NONE',  ( 1.379999999999999893, 2.362123067768130191, 0.1402156209745166748 ) ) ;
#4285 = VECTOR ( 'NONE', #473, 1000.000000000000000 ) ;
#4286 = FACE_OUTER_BOUND ( 'NONE', #4879, .T. ) ;
#4287 = AXIS2_PLACEMENT_3D ( 'NONE', #217, #5414, #272 ) ;
#4288 = EDGE_LOOP ( 'NONE', ( #4105, #1653, #2497, #4795 ) ) ;
#4289 = DIRECTION ( 'NONE',  ( 0.000000000000000000, -0.000000000000000000, -1.000000000000000000 ) ) ;
#4290 = EDGE_LOOP ( 'NONE', ( #321, #2051, #2292, #4084 ) ) ;
#4291 = CARTESIAN_POINT ( 'NONE',  ( 2.879999999999999893, 0.03232682635326870890, 2.417505155565152997 ) ) ;
#4292 = CARTESIAN_POINT ( 'NONE',  ( 1.379999999999999893, 2.393289962545510186, 0.2511517339330719967 ) ) ;
#4293 = VECTOR ( 'NONE', #744, 1000.000000000000000 ) ;
#4294 = DIRECTION ( 'NONE',  ( 1.000000000000000000, 1.224646799149973211E-16, 6.123233995539503971E-17 ) ) ;
#4295 = VECTOR ( 'NONE', #626, 1000.000000000000000 ) ;
#4296 = FACE_OUTER_BOUND ( 'NONE', #3638, .T. ) ;
#4297 = ORIENTED_EDGE ( 'NONE', *, *, #4858, .F. ) ;
#4298 = DIRECTION ( 'NONE',  ( 0.000000000000000000, 0.8759515744415680150, 0.4823990456389170012 ) ) ;
#4299 = AXIS2_PLACEMENT_3D ( 'NONE', #3004, #48, #4210 ) ;
#4300 = EDGE_CURVE ( 'NONE', #3836, #5123, #4849, .T. ) ;
#4301 = EDGE_LOOP ( 'NONE', ( #596, #3248, #2072 ) ) ;
#4302 = AXIS2_PLACEMENT_3D ( 'NONE', #5208, #2174, #5129 ) ;
#4303 = ORIENTED_EDGE ( 'NONE', *, *, #1286, .T. ) ;
#4304 = VECTOR ( 'NONE', #3372, 1000.000000000000000 ) ;
#4305 = DIRECTION ( 'NONE',  ( -1.000000000000000000, -0.000000000000000000, -0.000000000000000000 ) ) ;
#4306 = CARTESIAN_POINT ( 'NONE',  ( 1.379999999999999893, 2.125255814197700044, -0.3400507035844300141 ) ) ;
#4307 = VECTOR ( 'NONE', #754, 1000.000000000000000 ) ;
#4308 = VECTOR ( 'NONE', #5171, 1000.000000000000000 ) ;
#4309 = DIRECTION ( 'NONE',  ( 0.000000000000000000, 0.7714105483942439445, -0.6363377765197441027 ) ) ;
#4310 = EDGE_CURVE ( 'NONE', #1726, #629, #4118, .T. ) ;
#4311 = VERTEX_POINT ( 'NONE', #2054 ) ;
#4313 = ADVANCED_FACE ( 'NONE', ( #2476 ), #5423, .F. ) ;
#4312 = LINE ( 'NONE', #4281, #1170 ) ;
#4314 = EDGE_LOOP ( 'NONE', ( #5159, #216, #4684, #2344 ) ) ;
#4315 = DIRECTION ( 'NONE',  ( 0.000000000000000000, -0.9555589467387262115, -0.2948001005894950732 ) ) ;
#4316 = AXIS2_PLACEMENT_3D ( 'NONE', #29, #1387, #5165 ) ;
#4317 = PLANE ( 'NONE',  #5278 ) ;
#4318 = VECTOR ( 'NONE', #4774, 1000.000000000000000 ) ;
#4319 = EDGE_CURVE ( 'NONE', #2772, #655, #370, .T. ) ;
#4320 = ORIENTED_EDGE ( 'NONE', *, *, #1617, .T. ) ;
#4321 = DIRECTION ( 'NONE',  ( -1.000000000000000000, -0.000000000000000000, -0.000000000000000000 ) ) ;
#4322 = DIRECTION ( 'NONE',  ( 0.000000000000000000, 0.2346670832091080905, -0.9720757995434973209 ) ) ;
#4323 = VERTEX_POINT ( 'NONE', #4949 ) ;
#4324 = DIRECTION ( 'NONE',  ( 0.000000000000000000, 0.8022045974955979153, 0.5970492305973819080 ) ) ;
#4325 = LINE ( 'NONE', #522, #3760 ) ;
#4326 = DIRECTION ( 'NONE',  ( -1.000000000000000000, -1.445602896626741512E-16, -0.000000000000000000 ) ) ;
#4327 = LINE ( 'NONE', #3110, #1810 ) ;
#4328 = ORIENTED_EDGE ( 'NONE', *, *, #2391, .F. ) ;
#4329 = LINE ( 'NONE', #159, #2693 ) ;
#4330 = CARTESIAN_POINT ( 'NONE',  ( 1.379999999999999893, 2.497005303495490214, -0.4455356094386520027 ) ) ;
#4331 = ORIENTED_EDGE ( 'NONE', *, *, #1692, .F. ) ;
#4332 = ORIENTED_EDGE ( 'NONE', *, *, #4727, .T. ) ;
#4333 = DIRECTION ( 'NONE',  ( 1.224646799192045629E-16, -1.000000000000000000, 0.000000000000000000 ) ) ;
#4334 = DIRECTION ( 'NONE',  ( 1.000000000000000000, 0.000000000000000000, 0.000000000000000000 ) ) ;
#4335 = ORIENTED_CLOSED_SHELL ( 'NONE', *, #722, .F. );
#4336 = CARTESIAN_POINT ( 'NONE',  ( 1.379999999999999893, 2.489954509273308414, -0.4551746698942939484 ) ) ;
#4337 = ORIENTED_EDGE ( 'NONE', *, *, #2103, .F. ) ;
#4338 = ORIENTED_EDGE ( 'NONE', *, *, #296, .T. ) ;
#4339 = DIRECTION ( 'NONE',  ( -1.000000000000000000, 0.000000000000000000, -0.000000000000000000 ) ) ;
#4340 = EDGE_CURVE ( 'NONE', #2753, #3829, #4219, .T. ) ;
#4341 = CARTESIAN_POINT ( 'NONE',  ( 1.394334220106409949, 2.521531062727529804, -0.2346925392432749891 ) ) ;
#4342 = LINE ( 'NONE', #1758, #4760 ) ;
#4343 = ADVANCED_FACE ( 'NONE', ( #720 ), #1195, .T. ) ;
#4344 = VERTEX_POINT ( 'NONE', #5451 ) ;
#4345 = VERTEX_POINT ( 'NONE', #3353 ) ;
#4346 = DIRECTION ( 'NONE',  ( 0.000000000000000000, -1.000000000000000000, 0.000000000000000000 ) ) ;
#4347 = DIRECTION ( 'NONE',  ( 1.000000000000000000, -0.000000000000000000, -0.000000000000000000 ) ) ;
#4348 = CARTESIAN_POINT ( 'NONE',  ( 1.379999999999999893, 2.503720345611850195, -0.4485786285242949756 ) ) ;
#4349 = EDGE_CURVE ( 'NONE', #684, #1753, #1134, .T. ) ;
#4350 = EDGE_CURVE ( 'NONE', #2269, #894, #2841, .T. ) ;
#4351 = FACE_BOUND ( 'NONE', #807, .T. ) ;
#4352 = CARTESIAN_POINT ( 'NONE',  ( 1.394334220106409949, 2.474178410326505428, -0.4637087234193915108 ) ) ;
#4353 = VERTEX_POINT ( 'NONE', #1227 ) ;
#4354 = CARTESIAN_POINT ( 'NONE',  ( 2.879999999999999893, -1.575794341459219927, -1.197644138313100015 ) ) ;
#4355 = LINE ( 'NONE', #1056, #3852 ) ;
#4356 = ORIENTED_EDGE ( 'NONE', *, *, #5466, .T. ) ;
#4357 = ORIENTED_EDGE ( 'NONE', *, *, #34, .T. ) ;
#4358 = PLANE ( 'NONE',  #5112 ) ;
#4359 = CARTESIAN_POINT ( 'NONE',  ( 1.379999999999999893, 2.466294610879769866, -0.4655277348281282590 ) ) ;
#4360 = CARTESIAN_POINT ( 'NONE',  ( 1.379999999999999893, 2.476682154858580009, 0.1804060506510780093 ) ) ;
#4361 = ORIENTED_EDGE ( 'NONE', *, *, #4064, .F. ) ;
#4362 = ORIENTED_EDGE ( 'NONE', *, *, #4171, .T. ) ;
#4363 = CARTESIAN_POINT ( 'NONE',  ( 2.879999999999999893, 1.752788928699440030, -1.092298960887060133 ) ) ;
#4364 = CARTESIAN_POINT ( 'NONE',  ( 2.879999999999999893, -0.03601191218881479722, 2.273457506809879902 ) ) ;
#4365 = DIRECTION ( 'NONE',  ( 0.000000000000000000, 0.1759558990890549290, -0.9843980503717804087 ) ) ;
#4366 = DIRECTION ( 'NONE',  ( 0.000000000000000000, 0.8875709788823030744, -0.4606709861125510286 ) ) ;
#4367 = ORIENTED_EDGE ( 'NONE', *, *, #1959, .F. ) ;
#4368 = ORIENTED_EDGE ( 'NONE', *, *, #838, .F. ) ;
#4369 = ADVANCED_FACE ( 'NONE', ( #837, #5365 ), #1587, .T. ) ;
#4370 = AXIS2_PLACEMENT_3D ( 'NONE', #1360, #4279, #5089 ) ;
#4371 = DIRECTION ( 'NONE',  ( -1.000000000000000000, 0.000000000000000000, -0.000000000000000000 ) ) ;
#4372 = LINE ( 'NONE', #5152, #491 ) ;
#4373 = DIRECTION ( 'NONE',  ( 0.000000000000000000, 0.7144949460126249763, 0.6996406021111239992 ) ) ;
#4374 = DIRECTION ( 'NONE',  ( 0.000000000000000000, 0.000000000000000000, 1.000000000000000000 ) ) ;
#4375 = AXIS2_PLACEMENT_3D ( 'NONE', #2144, #4265, #3389 ) ;
#4376 = EDGE_CURVE ( 'NONE', #915, #1619, #4629, .T. ) ;
#4377 = ADVANCED_FACE ( 'NONE', ( #4976 ), #5485, .F. ) ;
#4378 = CARTESIAN_POINT ( 'NONE',  ( 1.379999999999999893, 2.483238627135259780, -0.4169470231355518752 ) ) ;
#4379 = CARTESIAN_POINT ( 'NONE',  ( 1.379999999999999893, 2.346987564757769817, 0.2517815795645469978 ) ) ;
#4380 = ORIENTED_EDGE ( 'NONE', *, *, #1091, .T. ) ;
#4381 = VECTOR ( 'NONE', #2991, 1000.000000000000000 ) ;
#4382 = CARTESIAN_POINT ( 'NONE',  ( 2.879999999999999893, 2.025379290920749309, -1.076024774737809553 ) ) ;
#4383 = CIRCLE ( 'NONE', #570, 2.637500000000000178 ) ;
#4384 = ORIENTED_EDGE ( 'NONE', *, *, #4447, .F. ) ;
#4385 = ORIENTED_EDGE ( 'NONE', *, *, #1930, .F. ) ;
#4386 = AXIS2_PLACEMENT_3D ( 'NONE', #851, #461, #3024 ) ;
#4387 = CARTESIAN_POINT ( 'NONE',  ( 1.394334220106409949, 2.280059657658919825, -0.01773143027163289961 ) ) ;
#4388 = FACE_OUTER_BOUND ( 'NONE', #3811, .T. ) ;
#4389 = AXIS2_PLACEMENT_3D ( 'NONE', #3333, #1211, #1238 ) ;
#4390 = CIRCLE ( 'NONE', #1093, 1.500000000078216322 ) ;
#4391 = ORIENTED_EDGE ( 'NONE', *, *, #3367, .T. ) ;
#4392 = ORIENTED_EDGE ( 'NONE', *, *, #2840, .F. ) ;
#4393 = DIRECTION ( 'NONE',  ( -1.000000000000000000, 0.000000000000000000, -2.220446049250310123E-16 ) ) ;
#4394 = CARTESIAN_POINT ( 'NONE',  ( 2.879999999999999893, -2.192195559949231320, -1.053329161976394257 ) ) ;
#4395 = LINE ( 'NONE', #4811, #1554 ) ;
#4396 = DIRECTION ( 'NONE',  ( 0.000000000000000000, 0.8660254037844383745, -0.5000000000000003331 ) ) ;
#4397 = VECTOR ( 'NONE', #2532, 1000.000000000000000 ) ;
#4398 = AXIS2_PLACEMENT_3D ( 'NONE', #4560, #3224, #2047 ) ;
#4399 = VERTEX_POINT ( 'NONE', #396 ) ;
#4400 = AXIS2_PLACEMENT_3D ( 'NONE', #4841, #2666, #2301 ) ;
#4401 = VERTEX_POINT ( 'NONE', #3796 ) ;
#4402 = VECTOR ( 'NONE', #4001, 999.9999999999998863 ) ;
#4403 = LINE ( 'NONE', #4006, #852 ) ;
#4404 = PLANE ( 'NONE',  #314 ) ;
#4405 = FACE_OUTER_BOUND ( 'NONE', #4939, .T. ) ;
#4406 = CARTESIAN_POINT ( 'NONE',  ( 2.879999999999999893, 0.03232682635326870890, 2.345481331187520002 ) ) ;
#4407 = PRESENTATION_LAYER_ASSIGNMENT (  '', '', ( #1027 ) ) ;
#4408 = EDGE_CURVE ( 'NONE', #367, #3660, #346, .T. ) ;
#4409 = CARTESIAN_POINT ( 'NONE',  ( 2.879999999999999893, -2.131491219644148227, -1.343750381945042260 ) ) ;
#4410 = CARTESIAN_POINT ( 'NONE',  ( 2.880000000000000338, -2.023130304122819911, -1.531436993182669903 ) ) ;
#4411 = ORIENTED_EDGE ( 'NONE', *, *, #4626, .F. ) ;
#4413 = EDGE_CURVE ( 'NONE', #3854, #3396, #5397, .T. ) ;
#4412 = CARTESIAN_POINT ( 'NONE',  ( 1.394334220106409949, 2.496811927282640120, -0.4437718483764430122 ) ) ;
#4414 = FACE_OUTER_BOUND ( 'NONE', #152, .T. ) ;
#4415 = EDGE_CURVE ( 'NONE', #4549, #4575, #2501, .T. ) ;
#4416 = ORIENTED_EDGE ( 'NONE', *, *, #1625, .F. ) ;
#4417 = VERTEX_POINT ( 'NONE', #3676 ) ;
#4418 = CARTESIAN_POINT ( 'NONE',  ( 1.394334220106409949, 2.314344245309438719, 0.2847395351442170708 ) ) ;
#4419 = EDGE_CURVE ( 'NONE', #4601, #2844, #4535, .T. ) ;
#4420 = EDGE_CURVE ( 'NONE', #4690, #2753, #1160, .T. ) ;
#4421 = CARTESIAN_POINT ( 'NONE',  ( 2.879999999999999893, 1.634029338567730028, -1.197387384711880109 ) ) ;
#4422 = ORIENTED_EDGE ( 'NONE', *, *, #1004, .F. ) ;
#4423 = ORIENTED_EDGE ( 'NONE', *, *, #3694, .F. ) ;
#4424 = PLANE ( 'NONE',  #3762 ) ;
#4425 = LINE ( 'NONE', #1857, #2884 ) ;
#4426 = CARTESIAN_POINT ( 'NONE',  ( 1.379999999999999893, 2.347502163259589825, 0.1424318347451689892 ) ) ;
#4427 = CARTESIAN_POINT ( 'NONE',  ( 1.394334220106409949, 2.485296480058409863, -0.4417785858748130012 ) ) ;
#4428 = ORIENTED_EDGE ( 'NONE', *, *, #77, .F. ) ;
#4429 = ORIENTED_EDGE ( 'NONE', *, *, #1958, .T. ) ;
#4430 = PLANE ( 'NONE',  #3077 ) ;
#4431 = DIRECTION ( 'NONE',  ( -1.000000000000000000, -0.000000000000000000, 0.000000000000000000 ) ) ;
#4432 = CARTESIAN_POINT ( 'NONE',  ( 2.880000000004656613, -1.871312958448925014E-30, 4.727121471771254947E-16 ) ) ;
#4433 = ORIENTED_EDGE ( 'NONE', *, *, #952, .F. ) ;
#4434 = CARTESIAN_POINT ( 'NONE',  ( 1.379999999999999893, 2.477361680291798152, -0.4515068968902261060 ) ) ;
#4435 = ORIENTED_EDGE ( 'NONE', *, *, #542, .F. ) ;
#4436 = DIRECTION ( 'NONE',  ( -1.000000000000000000, 0.000000000000000000, -2.220446049250310123E-16 ) ) ;
#4437 = EDGE_CURVE ( 'NONE', #820, #4651, #2450, .T. ) ;
#4438 = EDGE_LOOP ( 'NONE', ( #211, #5364, #511, #3724, #4146, #4592, #446, #4617, #4156, #5198, #2491, #4870 ) ) ;
#4439 = ORIENTED_EDGE ( 'NONE', *, *, #3571, .F. ) ;
#4440 = EDGE_CURVE ( 'NONE', #4549, #4627, #13, .T. ) ;
#4441 = DIRECTION ( 'NONE',  ( 0.000000000000000000, 1.000000000000000000, 0.000000000000000000 ) ) ;
#4442 = ORIENTED_EDGE ( 'NONE', *, *, #1101, .T. ) ;
#4443 = EDGE_LOOP ( 'NONE', ( #1270, #4439, #4786, #5031 ) ) ;
#4444 = DIRECTION ( 'NONE',  ( 0.000000000000000000, 0.9090442707885078022, 0.4166995485317808168 ) ) ;
#4445 = EDGE_CURVE ( 'NONE', #1789, #3916, #892, .T. ) ;
#4446 = DIRECTION ( 'NONE',  ( 0.000000000000000000, 0.7205143255214381259, -0.6934400527214931165 ) ) ;
#4447 = EDGE_CURVE ( 'NONE', #3878, #684, #91, .T. ) ;
#4448 = CARTESIAN_POINT ( 'NONE',  ( 1.394334220106409949, 2.320155338140580170, 0.2698706486278349970 ) ) ;
#4449 = CARTESIAN_POINT ( 'NONE',  ( 0.3184615384839166174, 0.000000000000000000, 0.000000000000000000 ) ) ;
#4450 = VERTEX_POINT ( 'NONE', #2114 ) ;
#4451 = ORIENTED_EDGE ( 'NONE', *, *, #5131, .T. ) ;
#4452 = CARTESIAN_POINT ( 'NONE',  ( 1.394334220106409949, 2.422424264911790193, 0.01740461005320609669 ) ) ;
#4453 = DIRECTION ( 'NONE',  ( 0.000000000000000000, 0.4999999999999990563, -0.8660254037844391517 ) ) ;
#4454 = ORIENTED_EDGE ( 'NONE', *, *, #4554, .F. ) ;
#4455 = CARTESIAN_POINT ( 'NONE',  ( 2.860950000000000326, -0.1043506507308979980, 2.269970088014220178 ) ) ;
#4456 = CARTESIAN_POINT ( 'NONE',  ( 2.879999999999999893, 1.983372645742414120, -1.399080837148776846 ) ) ;
#4457 = ORIENTED_EDGE ( 'NONE', *, *, #2399, .F. ) ;
#4458 = PLANE ( 'NONE',  #593 ) ;
#4459 = CARTESIAN_POINT ( 'NONE',  ( 1.034999999999999254, 0.000000000000000000, 2.637500000000000178 ) ) ;
#4460 = CLOSED_SHELL ( 'NONE', ( #2679, #3474, #3542, #3654, #3603, #3493, #3531, #3671, #225, #365 ) ) ;
#4461 = PLANE ( 'NONE',  #3234 ) ;
#4462 = VECTOR ( 'NONE', #1515, 999.9999999999998863 ) ;
#4463 = ORIENTED_EDGE ( 'NONE', *, *, #5221, .F. ) ;
#4464 = ORIENTED_EDGE ( 'NONE', *, *, #230, .T. ) ;
#4465 = CARTESIAN_POINT ( 'NONE',  ( 1.379999999999999893, 2.478099059916599955, -0.4493755085222809753 ) ) ;
#4466 = CIRCLE ( 'NONE', #2066, 0.03077947504423012015 ) ;
#4467 = EDGE_CURVE ( 'NONE', #2741, #4575, #2218, .T. ) ;
#4468 = ORIENTED_EDGE ( 'NONE', *, *, #5383, .T. ) ;
#4469 = FACE_OUTER_BOUND ( 'NONE', #375, .T. ) ;
#4470 = ORIENTED_EDGE ( 'NONE', *, *, #3096, .T. ) ;
#4471 = LINE ( 'NONE', #5329, #997 ) ;
#4472 = DIRECTION ( 'NONE',  ( 0.000000000000000000, -0.7714105483942425012, 0.6363377765197458791 ) ) ;
#4473 = AXIS2_PLACEMENT_3D ( 'NONE', #2311, #1011, #1822 ) ;
#4474 = DIRECTION ( 'NONE',  ( 0.000000000000000000, 0.9069667683935137559, -0.4212021854523388953 ) ) ;
#4475 = PLANE ( 'NONE',  #1018 ) ;
#4476 = EDGE_CURVE ( 'NONE', #4608, #2722, #4687, .T. ) ;
#4477 = VECTOR ( 'NONE', #22, 1000.000000000000000 ) ;
#4478 = EDGE_CURVE ( 'NONE', #4166, #3348, #5094, .T. ) ;
#4479 = STYLED_ITEM ( 'NONE', ( #1610 ), #2026 ) ;
#4480 = ORIENTED_EDGE ( 'NONE', *, *, #4350, .F. ) ;
#4481 = VERTEX_POINT ( 'NONE', #67 ) ;
#4482 = CARTESIAN_POINT ( 'NONE',  ( 1.379999999999999893, 2.502369077289272603, 0.2139087065947897770 ) ) ;
#4483 = VECTOR ( 'NONE', #2975, 1000.000000000000000 ) ;
#4484 = VECTOR ( 'NONE', #4236, 1000.000000000000114 ) ;
#4485 = DIRECTION ( 'NONE',  ( -1.000000000000000000, -0.000000000000000000, -0.000000000000000000 ) ) ;
#4486 = EDGE_CURVE ( 'NONE', #1230, #576, #1312, .T. ) ;
#4487 = VECTOR ( 'NONE', #2617, 1000.000000000000000 ) ;
#4488 = VECTOR ( 'NONE', #221, 1000.000000000000114 ) ;
#4489 = CARTESIAN_POINT ( 'NONE',  ( 1.379999999999999893, 2.328143799005879977, 0.2627469712615509989 ) ) ;
#4490 = CARTESIAN_POINT ( 'NONE',  ( 3.857637417314163675E-16, 2.023853355068814674E-46, -2.100000000000000089 ) ) ;
#4491 = ORIENTED_EDGE ( 'NONE', *, *, #1733, .T. ) ;
#4492 = CARTESIAN_POINT ( 'NONE',  ( 1.379999999999999893, 1.499999999999999112, -1.219727444046192488E-15 ) ) ;
#4493 = CARTESIAN_POINT ( 'NONE',  ( 2.879999999999999893, -1.725772238865662001, -0.9378747999927830037 ) ) ;
#4494 = AXIS2_PLACEMENT_3D ( 'NONE', #3912, #941, #829 ) ;
#4495 = AXIS2_PLACEMENT_3D ( 'NONE', #3140, #4441, #5300 ) ;
#4496 = CARTESIAN_POINT ( 'NONE',  ( 2.880000000004657057, 3.771605979619044770E-16, -2.984499999968192707 ) ) ;
#4497 = AXIS2_PLACEMENT_3D ( 'NONE', #4432, #1051, #3623 ) ;
#4498 = ORIENTED_EDGE ( 'NONE', *, *, #1762, .T. ) ;
#4499 = EDGE_LOOP ( 'NONE', ( #4532, #3039, #1404, #80 ) ) ;
#4500 = LINE ( 'NONE', #1040, #3526 ) ;
#4501 = VECTOR ( 'NONE', #3233, 1000.000000000000000 ) ;
#4502 = ORIENTED_EDGE ( 'NONE', *, *, #1210, .F. ) ;
#4503 = LINE ( 'NONE', #248, #1441 ) ;
#4504 = CARTESIAN_POINT ( 'NONE',  ( 1.379999999999999893, 2.474178410326508981, -0.4637087234193907337 ) ) ;
#4505 = FACE_OUTER_BOUND ( 'NONE', #2475, .T. ) ;
#4506 = DIRECTION ( 'NONE',  ( -1.000000000000000000, 6.213327282967790716E-30, -1.807003620816442506E-16 ) ) ;
#4507 = EDGE_LOOP ( 'NONE', ( #3857, #753, #859, #1291 ) ) ;
#4508 = EDGE_CURVE ( 'NONE', #3253, #1597, #114, .T. ) ;
#4509 = ORIENTED_EDGE ( 'NONE', *, *, #5230, .F. ) ;
#4510 = DIRECTION ( 'NONE',  ( -1.000000000000000000, 0.000000000000000000, -0.000000000000000000 ) ) ;
#4511 = EDGE_CURVE ( 'NONE', #4679, #4116, #1804, .T. ) ;
#4512 = DIRECTION ( 'NONE',  ( 0.000000000000000000, 0.9502094961207400159, 0.3116117993304640121 ) ) ;
#4513 = DIRECTION ( 'NONE',  ( -1.000000000000000000, -0.000000000000000000, -0.000000000000000000 ) ) ;
#4514 = CARTESIAN_POINT ( 'NONE',  ( 2.879999999999999893, -1.763491390772189890E-16, 1.963500000000000023 ) ) ;
#4515 = VERTEX_POINT ( 'NONE', #3101 ) ;
#4516 = EDGE_CURVE ( 'NONE', #641, #2327, #3462, .T. ) ;
#4517 = ADVANCED_FACE ( 'NONE', ( #3485 ), #481, .F. ) ;
#4518 = CARTESIAN_POINT ( 'NONE',  ( 1.379999999999999893, 2.483238627135259780, -0.4477264981797819954 ) ) ;
#4519 = CARTESIAN_POINT ( 'NONE',  ( 2.879999999999999893, 0.03232682635326872972, 2.417505155565151220 ) ) ;
#4520 = DIRECTION ( 'NONE',  ( 1.000000000000000000, -0.000000000000000000, 0.000000000000000000 ) ) ;
#4521 = VERTEX_POINT ( 'NONE', #3514 ) ;
#4522 = VERTEX_POINT ( 'NONE', #1337 ) ;
#4523 = CYLINDRICAL_SURFACE ( 'NONE', #4587, 0.03983479767572119939 ) ;
#4524 = VERTEX_POINT ( 'NONE', #4284 ) ;
#4525 = LINE ( 'NONE', #712, #1529 ) ;
#4526 = ORIENTED_EDGE ( 'NONE', *, *, #2169, .F. ) ;
#4527 = CARTESIAN_POINT ( 'NONE',  ( 1.394334220106409949, 2.478836439541399983, -0.4415490844353929800 ) ) ;
#4528 = DIRECTION ( 'NONE',  ( -0.000000000000000000, 0.008115419334602271689, 0.9999670694423009598 ) ) ;
#4529 = DIRECTION ( 'NONE',  ( 0.000000000000000000, 0.9998027306933637837, 0.01986201646593380513 ) ) ;
#4530 = FACE_OUTER_BOUND ( 'NONE', #4314, .T. ) ;
#4531 = LINE ( 'NONE', #2413, #642 ) ;
#4532 = ORIENTED_EDGE ( 'NONE', *, *, #970, .T. ) ;
#4533 = ORIENTED_EDGE ( 'NONE', *, *, #404, .F. ) ;
#4534 = SURFACE_STYLE_USAGE ( .BOTH. , #4628 ) ;
#4535 = LINE ( 'NONE', #1562, #4397 ) ;
#4536 = CARTESIAN_POINT ( 'NONE',  ( 1.394334220106409949, 2.300047294175299850, 0.1574800423550820061 ) ) ;
#4537 = ADVANCED_FACE ( 'NONE', ( #868 ), #1778, .F. ) ;
#4538 = ORIENTED_EDGE ( 'NONE', *, *, #1104, .F. ) ;
#4539 = BREP_WITH_VOIDS ( 'NONE', #988, ( #1377, #4647, #3428, #4234, #2667, #4335 ) );
#4540 = DIRECTION ( 'NONE',  ( -1.000000000000000000, 9.823165143429150141E-30, -2.048885995359006980E-16 ) ) ;
#4541 = PLANE ( 'NONE',  #3858 ) ;
#4542 = VERTEX_POINT ( 'NONE', #1026 ) ;
#4543 = DIRECTION ( 'NONE',  ( 0.000000000000000000, -1.000000000000000000, 0.000000000000000000 ) ) ;
#4544 = LINE ( 'NONE', #2011, #125 ) ;
#4545 = DIRECTION ( 'NONE',  ( 1.000000000000000000, -0.000000000000000000, 2.220446049250310123E-16 ) ) ;
#4546 = EDGE_CURVE ( 'NONE', #3805, #2911, #4395, .T. ) ;
#4547 = EDGE_CURVE ( 'NONE', #4719, #430, #971, .T. ) ;
#4548 = DIRECTION ( 'NONE',  ( 1.000000000000000000, -0.000000000000000000, 0.000000000000000000 ) ) ;
#4549 = VERTEX_POINT ( 'NONE', #994 ) ;
#4550 = FACE_OUTER_BOUND ( 'NONE', #4083, .T. ) ;
#4551 = ORIENTED_EDGE ( 'NONE', *, *, #2840, .T. ) ;
#4552 = VECTOR ( 'NONE', #31, 1000.000000000000000 ) ;
#4553 = CARTESIAN_POINT ( 'NONE',  ( 1.379999999999999893, 2.483238627135259780, -0.4477264981797819954 ) ) ;
#4554 = EDGE_CURVE ( 'NONE', #4044, #1233, #5280, .T. ) ;
#4555 = VECTOR ( 'NONE', #3960, 1000.000000000000000 ) ;
#4556 = VERTEX_POINT ( 'NONE', #3642 ) ;
#4557 = CARTESIAN_POINT ( 'NONE',  ( 1.379999999999999893, 2.406246664099689792, 0.2565332301876219745 ) ) ;
#4558 = EDGE_LOOP ( 'NONE', ( #343, #1435, #4480, #5213 ) ) ;
#4559 = LINE ( 'NONE', #775, #4293 ) ;
#4560 = CARTESIAN_POINT ( 'NONE',  ( 2.880000000061500032, 3.526982781619695783E-16, 2.168404344971008868E-16 ) ) ;
#4561 = DIRECTION ( 'NONE',  ( 0.000000000000000000, 1.000000000000000000, -0.000000000000000000 ) ) ;
#4562 = VECTOR ( 'NONE', #3666, 1000.000000000000114 ) ;
#4563 = SURFACE_SIDE_STYLE ('',( #5003 ) ) ;
#4564 = CARTESIAN_POINT ( 'NONE',  ( 1.394334220106409949, 2.125255814197700044, -0.2852079774572949811 ) ) ;
#4565 = VECTOR ( 'NONE', #287, 1000.000000000000000 ) ;
#4566 = ORIENTED_EDGE ( 'NONE', *, *, #1664, .F. ) ;
#4567 = VERTEX_POINT ( 'NONE', #3147 ) ;
#4568 = DIRECTION ( 'NONE',  ( 1.000000000000000000, -0.000000000000000000, 0.000000000000000000 ) ) ;
#4569 = CARTESIAN_POINT ( 'NONE',  ( 1.379999999999999893, 2.357842869644359407, 0.2479398652338261899 ) ) ;
#4570 = VECTOR ( 'NONE', #191, 1000.000000000000000 ) ;
#4571 = EDGE_LOOP ( 'NONE', ( #5163, #3567 ) ) ;
#4572 = VECTOR ( 'NONE', #5176, 1000.000000000000000 ) ;
#4573 = PLANE ( 'NONE',  #5457 ) ;
#4574 = DIRECTION ( 'NONE',  ( 0.000000000000000000, -0.9629464567805123831, -0.2696926424169870939 ) ) ;
#4575 = VERTEX_POINT ( 'NONE', #3176 ) ;
#4576 = CARTESIAN_POINT ( 'NONE',  ( 1.394334220106409949, 2.273044490338839818, 0.1765801039624754765 ) ) ;
#4577 = LINE ( 'NONE', #3241, #2518 ) ;
#4578 = PLANE ( 'NONE',  #657 ) ;
#4579 = VECTOR ( 'NONE', #120, 1000.000000000000000 ) ;
#4580 = VECTOR ( 'NONE', #2587, 1000.000000000000000 ) ;
#4581 = DIRECTION ( 'NONE',  ( -1.365923996857095113E-16, -9.511275388435894331E-14, 1.000000000000000000 ) ) ;
#4582 = ORIENTED_EDGE ( 'NONE', *, *, #2032, .T. ) ;
#4583 = ADVANCED_FACE ( 'NONE', ( #2725 ), #2749, .T. ) ;
#4584 = AXIS2_PLACEMENT_3D ( 'NONE', #5305, #1495, #5226 ) ;
#4585 = CARTESIAN_POINT ( 'NONE',  ( 1.379999999999999893, 2.092235504760569853, -1.433422010926209900E-06 ) ) ;
#4586 = VERTEX_POINT ( 'NONE', #3979 ) ;
#4587 = AXIS2_PLACEMENT_3D ( 'NONE', #4553, #737, #2434 ) ;
#4588 = EDGE_CURVE ( 'NONE', #602, #1376, #1879, .T. ) ;
#4589 = DIRECTION ( 'NONE',  ( 1.000000000000000000, 0.000000000000000000, 0.000000000000000000 ) ) ;
#4590 = VECTOR ( 'NONE', #73, 1000.000000000000000 ) ;
#4591 = ORIENTED_EDGE ( 'NONE', *, *, #3401, .F. ) ;
#4592 = ORIENTED_EDGE ( 'NONE', *, *, #95, .F. ) ;
#4593 = DIRECTION ( 'NONE',  ( 0.000000000000000000, 0.9999982027861449296, 0.001895896748272089686 ) ) ;
#4594 =( LENGTH_UNIT ( ) NAMED_UNIT ( * ) SI_UNIT ( .MILLI., .METRE. ) );
#4595 = CARTESIAN_POINT ( 'NONE',  ( 1.379999999999999893, 1.975537752030240402, -0.3948934297115654357 ) ) ;
#4596 = EDGE_CURVE ( 'NONE', #1038, #4524, #250, .T. ) ;
#4597 = ADVANCED_FACE ( 'NONE', ( #614 ), #172, .T. ) ;
#4598 =( LENGTH_UNIT ( ) NAMED_UNIT ( * ) SI_UNIT ( .MILLI., .METRE. ) );
#4599 = LINE ( 'NONE', #392, #3754 ) ;
#4600 = EDGE_LOOP ( 'NONE', ( #2044, #4263, #1885, #3614 ) ) ;
#4601 = VERTEX_POINT ( 'NONE', #1046 ) ;
#4602 = CARTESIAN_POINT ( 'NONE',  ( 2.879999999999999893, -2.229467576931529305, -1.174050353182780615 ) ) ;
#4603 = CARTESIAN_POINT ( 'NONE',  ( 1.379999999999999893, 2.521786211845419956, 0.2788837195463449992 ) ) ;
#4604 =( NAMED_UNIT ( * ) SI_UNIT ( $, .STERADIAN. ) SOLID_ANGLE_UNIT ( ) );
#4605 = VERTEX_POINT ( 'NONE', #2775 ) ;
#4606 = DIRECTION ( 'NONE',  ( -1.000000000000000000, -0.000000000000000000, 0.000000000000000000 ) ) ;
#4607 = CARTESIAN_POINT ( 'NONE',  ( 1.379999999999999893, 2.416638973676840330, 0.2657177383786051839 ) ) ;
#4608 = VERTEX_POINT ( 'NONE', #663 ) ;
#4609 = DIRECTION ( 'NONE',  ( -0.000000000000000000, -1.000000000000000000, -0.000000000000000000 ) ) ;
#4610 = LINE ( 'NONE', #850, #2683 ) ;
#4611 = DIRECTION ( 'NONE',  ( -2.466431482431479202E-16, 0.000000000000000000, 1.000000000000000000 ) ) ;
#4612 = ORIENTED_EDGE ( 'NONE', *, *, #5256, .F. ) ;
#4613 = PLANE ( 'NONE',  #659 ) ;
#4614 = ORIENTED_EDGE ( 'NONE', *, *, #3972, .T. ) ;
#4615 = FACE_OUTER_BOUND ( 'NONE', #3848, .T. ) ;
#4616 = ADVANCED_FACE ( 'NONE', ( #561 ), #1834, .F. ) ;
#4617 = ORIENTED_EDGE ( 'NONE', *, *, #784, .F. ) ;
#4618 = ORIENTED_EDGE ( 'NONE', *, *, #4419, .T. ) ;
#4619 = CARTESIAN_POINT ( 'NONE',  ( 1.379999999999999893, 2.368266714505740111, 0.2891414307966950203 ) ) ;
#4620 = DIRECTION ( 'NONE',  ( -1.000000000000000000, 0.000000000000000000, -0.000000000000000000 ) ) ;
#4621 = FACE_OUTER_BOUND ( 'NONE', #4246, .T. ) ;
#4622 = CARTESIAN_POINT ( 'NONE',  ( 1.394334220106409949, 2.411676466675999997, 0.2596360154718559965 ) ) ;
#4623 = EDGE_CURVE ( 'NONE', #734, #1414, #1858, .T. ) ;
#4624 = EDGE_LOOP ( 'NONE', ( #5434, #3432, #3906, #743 ) ) ;
#4626 = EDGE_CURVE ( 'NONE', #2216, #3294, #3586, .T. ) ;
#4625 = DIRECTION ( 'NONE',  ( -0.000000000000000000, -1.000000000000000000, -0.000000000000000000 ) ) ;
#4627 = VERTEX_POINT ( 'NONE', #636 ) ;
#4628 = SURFACE_SIDE_STYLE ('',( #5484 ) ) ;
#4629 = LINE ( 'NONE', #2417, #843 ) ;
#4630 = CARTESIAN_POINT ( 'NONE',  ( 1.379999999999999893, 2.336132259871181560, 0.2556232938952689993 ) ) ;
#4631 = DIRECTION ( 'NONE',  ( 0.000000000000000000, 0.9313974768889589084, -0.3640037637784551694 ) ) ;
#4632 = ORIENTED_EDGE ( 'NONE', *, *, #5132, .F. ) ;
#4633 = CARTESIAN_POINT ( 'NONE',  ( 2.879999999999999893, -1.848407460854858630, -1.067178545096661768 ) ) ;
#4634 = CARTESIAN_POINT ( 'NONE',  ( 1.379999999999999893, 2.419158929571548544, 0.2709282273872771762 ) ) ;
#4635 = ORIENTED_EDGE ( 'NONE', *, *, #3466, .F. ) ;
#4636 = DIRECTION ( 'NONE',  ( -0.000000000000000000, -0.000000000000000000, 1.000000000000000000 ) ) ;
#4637 = DIRECTION ( 'NONE',  ( 0.000000000000000000, 0.4999999999999990563, -0.8660254037844391517 ) ) ;
#4638 = ORIENTED_EDGE ( 'NONE', *, *, #4413, .F. ) ;
#4639 = DIRECTION ( 'NONE',  ( -1.000000000000000000, -0.000000000000000000, -0.000000000000000000 ) ) ;
#4640 = ORIENTED_EDGE ( 'NONE', *, *, #1352, .F. ) ;
#4641 = LINE ( 'NONE', #2463, #2802 ) ;
#4642 = VECTOR ( 'NONE', #2400, 1000.000000000000114 ) ;
#4643 = EDGE_LOOP ( 'NONE', ( #3612, #4053, #2662, #5173 ) ) ;
#4644 = ORIENTED_EDGE ( 'NONE', *, *, #706, .T. ) ;
#4645 = CARTESIAN_POINT ( 'NONE',  ( 2.879999999999999893, -0.2359217314837399881, 1.492250000000000076 ) ) ;
#4646 = FACE_OUTER_BOUND ( 'NONE', #358, .T. ) ;
#4647 = ORIENTED_CLOSED_SHELL ( 'NONE', *, #3576, .F. );
#4648 = MECHANICAL_DESIGN_GEOMETRIC_PRESENTATION_REPRESENTATION (  '', ( #2064 ), #4015 ) ;
#4649 = DIRECTION ( 'NONE',  ( 1.322735468668773261E-16, -1.000000000000000000, 0.000000000000000000 ) ) ;
#4650 = VERTEX_POINT ( 'NONE', #4026 ) ;
#4651 = VERTEX_POINT ( 'NONE', #220 ) ;
#4652 = DIRECTION ( 'NONE',  ( 0.000000000000000000, -0.9987037590039327117, 0.05089991897257587633 ) ) ;
#4653 = VECTOR ( 'NONE', #5224, 1000.000000000000000 ) ;
#4654 = CARTESIAN_POINT ( 'NONE',  ( 2.880000000118343451, 3.526982781701868958E-16, 2.168404344971008868E-16 ) ) ;
#4655 = DIRECTION ( 'NONE',  ( 0.000000000000000000, -0.9571008663759659196, -0.2897549509195235240 ) ) ;
#4656 = ADVANCED_FACE ( 'NONE', ( #4057 ), #1912, .F. ) ;
#4657 = VECTOR ( 'NONE', #949, 1000.000000000000000 ) ;
#4658 = ORIENTED_EDGE ( 'NONE', *, *, #539, .F. ) ;
#4659 = CARTESIAN_POINT ( 'NONE',  ( 1.394334220106409949, 2.374112209465140566, 0.01740461005320610016 ) ) ;
#4660 = CARTESIAN_POINT ( 'NONE',  ( 1.379999999999999893, 2.483238627135259780, -0.4477264981797819954 ) ) ;
#4661 = ORIENTED_EDGE ( 'NONE', *, *, #728, .F. ) ;
#4662 = VECTOR ( 'NONE', #4878, 1000.000000000000000 ) ;
#4663 = DIRECTION ( 'NONE',  ( 0.000000000000000000, 1.000000000000000000, 0.000000000000000000 ) ) ;
#4664 = DIRECTION ( 'NONE',  ( 0.000000000000000000, -0.5000000000000003331, -0.8660254037844383745 ) ) ;
#4665 = ADVANCED_FACE ( 'NONE', ( #3617 ), #3545, .F. ) ;
#4666 = EDGE_CURVE ( 'NONE', #356, #3111, #3950, .T. ) ;
#4667 = LINE ( 'NONE', #3883, #4030 ) ;
#4668 = AXIS2_PLACEMENT_3D ( 'NONE', #3963, #1788, #3553 ) ;
#4669 = AXIS2_PLACEMENT_3D ( 'NONE', #338, #4528, #5034 ) ;
#4670 = ORIENTED_EDGE ( 'NONE', *, *, #2673, .F. ) ;
#4671 = CARTESIAN_POINT ( 'NONE',  ( 1.379999999999999893, 1.975537752030239957, -7.167110053465229776E-06 ) ) ;
#4672 = EDGE_LOOP ( 'NONE', ( #1311, #5043, #5408, #2955 ) ) ;
#4673 = STYLED_ITEM ( 'NONE', ( #3893 ), #4539 ) ;
#4674 = VECTOR ( 'NONE', #4321, 1000.000000000000000 ) ;
#4675 = CARTESIAN_POINT ( 'NONE',  ( 2.609500000062325853, 3.195715822451348633E-16, 1.597857911225674070E-16 ) ) ;
#4676 = AXIS2_PLACEMENT_3D ( 'NONE', #5035, #2808, #3284 ) ;
#4677 =( GEOMETRIC_REPRESENTATION_CONTEXT ( 3 ) GLOBAL_UNCERTAINTY_ASSIGNED_CONTEXT ( ( #3534 ) ) GLOBAL_UNIT_ASSIGNED_CONTEXT ( ( #4598, #748, #1129 ) ) REPRESENTATION_CONTEXT ( 'NONE', 'WORKASPACE' ) );
#4678 = ORIENTED_EDGE ( 'NONE', *, *, #4974, .F. ) ;
#4679 = VERTEX_POINT ( 'NONE', #4889 ) ;
#4680 = LINE ( 'NONE', #4704, #4927 ) ;
#4681 = CARTESIAN_POINT ( 'NONE',  ( 0.3184615384839166174, 0.000000000000000000, 0.000000000000000000 ) ) ;
#4682 = VECTOR ( 'NONE', #1292, 1000.000000000000000 ) ;
#4683 = CARTESIAN_POINT ( 'NONE',  ( 2.879999999999999893, -0.1701361911073190070, 1.963500000000000023 ) ) ;
#4684 = ORIENTED_EDGE ( 'NONE', *, *, #973, .F. ) ;
#4685 = ORIENTED_EDGE ( 'NONE', *, *, #194, .T. ) ;
#4686 = LINE ( 'NONE', #1700, #123 ) ;
#4687 = LINE ( 'NONE', #1756, #934 ) ;
#4688 = PLANE ( 'NONE',  #5110 ) ;
#4689 = EDGE_CURVE ( 'NONE', #890, #82, #3788, .T. ) ;
#4690 = VERTEX_POINT ( 'NONE', #4969 ) ;
#4691 = EDGE_CURVE ( 'NONE', #2911, #2741, #2410, .T. ) ;
#4692 = DIRECTION ( 'NONE',  ( 0.000000000000000000, 0.9223447048632901213, 0.3863680181001660774 ) ) ;
#4693 = ORIENTED_EDGE ( 'NONE', *, *, #3991, .F. ) ;
#4694 = DIRECTION ( 'NONE',  ( 0.000000000000000000, 0.000000000000000000, -1.000000000000000000 ) ) ;
#4695 = FACE_OUTER_BOUND ( 'NONE', #2958, .T. ) ;
#4696 = LINE ( 'NONE', #3390, #1892 ) ;
#4697 = ADVANCED_FACE ( 'NONE', ( #4621, #1154 ), #1580, .T. ) ;
#4698 = EDGE_CURVE ( 'NONE', #2722, #5332, #779, .T. ) ;
#4699 = DIRECTION ( 'NONE',  ( 1.000000000000000000, 0.000000000000000000, 0.000000000000000000 ) ) ;
#4700 = ORIENTED_EDGE ( 'NONE', *, *, #4419, .F. ) ;
#4701 = DIRECTION ( 'NONE',  ( -1.000000000000000000, -0.000000000000000000, 0.000000000000000000 ) ) ;
#4702 = EDGE_LOOP ( 'NONE', ( #4258, #3279, #2134, #5395 ) ) ;
#4703 = ORIENTED_EDGE ( 'NONE', *, *, #627, .T. ) ;
#4704 = CARTESIAN_POINT ( 'NONE',  ( 1.379999999999999893, 1.737768876015119979, -0.1974467148557829954 ) ) ;
#4705 = CARTESIAN_POINT ( 'NONE',  ( 1.394334220106409949, 2.503095591693429878, -0.4386548162827070274 ) ) ;
#4706 = FACE_OUTER_BOUND ( 'NONE', #3969, .T. ) ;
#4707 = EDGE_LOOP ( 'NONE', ( #2001, #271, #1252, #4186, #790, #2728 ) ) ;
#4708 = EDGE_LOOP ( 'NONE', ( #3117, #1672, #4965, #4807 ) ) ;
#4709 = CARTESIAN_POINT ( 'NONE',  ( 1.379999999999999893, 2.516865274082889847, 0.2540680310137209963 ) ) ;
#4710 = DIRECTION ( 'NONE',  ( 1.000000000000000000, -0.000000000000000000, 0.000000000000000000 ) ) ;
#4711 = ORIENTED_EDGE ( 'NONE', *, *, #2291, .T. ) ;
#4712 = PLANE ( 'NONE',  #4302 ) ;
#4713 = ORIENTED_EDGE ( 'NONE', *, *, #4270, .F. ) ;
#4714 = LINE ( 'NONE', #3881, #149 ) ;
#4715 = CARTESIAN_POINT ( 'NONE',  ( 1.379999999999999893, 2.483238627135259780, -0.4875612958555031740 ) ) ;
#4716 = CARTESIAN_POINT ( 'NONE',  ( 2.880000000000000338, -2.229467576931530193, -1.174050353182779727 ) ) ;
#4717 = EDGE_CURVE ( 'NONE', #5267, #896, #3955, .T. ) ;
#4718 = CARTESIAN_POINT ( 'NONE',  ( 1.379999999999999893, 2.314344245309438719, 0.2847395351442170708 ) ) ;
#4719 = VERTEX_POINT ( 'NONE', #3310 ) ;
#4720 = CARTESIAN_POINT ( 'NONE',  ( 1.394334220106409949, 2.477361680291799928, -0.4515068968902279933 ) ) ;
#4721 = ADVANCED_FACE ( 'NONE', ( #4505 ), #5001, .F. ) ;
#4722 = EDGE_CURVE ( 'NONE', #1414, #4075, #2076, .T. ) ;
#4723 = VERTEX_POINT ( 'NONE', #4595 ) ;
#4724 = ORIENTED_EDGE ( 'NONE', *, *, #3367, .F. ) ;
#4725 = DIRECTION ( 'NONE',  ( 0.000000000000000000, 0.7714105483942439445, -0.6363377765197441027 ) ) ;
#4726 = FACE_OUTER_BOUND ( 'NONE', #3301, .T. ) ;
#4727 = EDGE_CURVE ( 'NONE', #2361, #4074, #2835, .T. ) ;
#4728 = FACE_OUTER_BOUND ( 'NONE', #1616, .T. ) ;
#4729 = ORIENTED_EDGE ( 'NONE', *, *, #4065, .T. ) ;
#4730 = LINE ( 'NONE', #2528, #1622 ) ;
#4731 = ORIENTED_EDGE ( 'NONE', *, *, #2362, .T. ) ;
#4732 = DIRECTION ( 'NONE',  ( 0.000000000000000000, 0.7714242457508467821, 0.6363211713181772256 ) ) ;
#4733 = AXIS2_PLACEMENT_3D ( 'NONE', #3914, #111, #4309 ) ;
#4734 = CARTESIAN_POINT ( 'NONE',  ( 1.379999999999999893, 2.507883451764210125, 0.2269969962895539983 ) ) ;
#4735 = CIRCLE ( 'NONE', #3578, 0.07202382437763305001 ) ;
#4736 = ORIENTED_EDGE ( 'NONE', *, *, #698, .F. ) ;
#4737 = LINE ( 'NONE', #1290, #749 ) ;
#4738 = VERTEX_POINT ( 'NONE', #747 ) ;
#4739 = CARTESIAN_POINT ( 'NONE',  ( 0.2704999999999999072, 3.312669591693642255E-17, 1.656334795846788772E-17 ) ) ;
#4740 = DIRECTION ( 'NONE',  ( -1.000000000000000000, -0.000000000000000000, -0.000000000000000000 ) ) ;
#4741 = VECTOR ( 'NONE', #4274, 1000.000000000000114 ) ;
#4742 = VECTOR ( 'NONE', #1715, 1000.000000000000000 ) ;
#4743 = DIRECTION ( 'NONE',  ( 0.000000000000000000, -0.8971293181887312063, -0.4417680233405560930 ) ) ;
#4744 = PLANE ( 'NONE',  #5189 ) ;
#4745 = ORIENTED_EDGE ( 'NONE', *, *, #140, .T. ) ;
#4746 = EDGE_CURVE ( 'NONE', #5323, #4344, #4144, .T. ) ;
#4747 = CARTESIAN_POINT ( 'NONE',  ( 1.394334220106409949, 2.466294610879769866, -0.4655277348281280370 ) ) ;
#4748 = CARTESIAN_POINT ( 'NONE',  ( 1.394334220106409949, 2.497213554801629876, -0.4633155959537190727 ) ) ;
#4749 = AXIS2_PLACEMENT_3D ( 'NONE', #2214, #1751, #4334 ) ;
#4750 = AXIS2_PLACEMENT_3D ( 'NONE', #4364, #2748, #3949 ) ;
#4751 = EDGE_CURVE ( 'NONE', #5322, #4041, #689, .T. ) ;
#4752 = ORIENTED_EDGE ( 'NONE', *, *, #5257, .F. ) ;
#4753 = VECTOR ( 'NONE', #2146, 1000.000000000000000 ) ;
#4754 = ORIENTED_EDGE ( 'NONE', *, *, #1135, .F. ) ;
#4755 = EDGE_CURVE ( 'NONE', #2685, #1368, #1996, .T. ) ;
#4756 = VECTOR ( 'NONE', #3680, 1000.000000000000000 ) ;
#4757 = LINE ( 'NONE', #1481, #2533 ) ;
#4758 = DIRECTION ( 'NONE',  ( 0.000000000000000000, 0.000000000000000000, -1.000000000000000000 ) ) ;
#4759 = AXIS2_PLACEMENT_3D ( 'NONE', #313, #2934, #280 ) ;
#4760 = VECTOR ( 'NONE', #3463, 1000.000000000000000 ) ;
#4761 = CARTESIAN_POINT ( 'NONE',  ( 1.379999999999999893, 2.323393438462619809, -0.3948934297115659908 ) ) ;
#4762 = ORIENTED_EDGE ( 'NONE', *, *, #1418, .F. ) ;
#4763 = CARTESIAN_POINT ( 'NONE',  ( 1.379999999999999893, 2.125161208345000219, -0.1300371779613559986 ) ) ;
#4764 = EDGE_CURVE ( 'NONE', #88, #4222, #1219, .T. ) ;
#4765 = EDGE_CURVE ( 'NONE', #1947, #1421, #142, .T. ) ;
#4766 = CARTESIAN_POINT ( 'NONE',  ( 1.379999999999999893, 2.481543631422490570, -0.4324412773117429776 ) ) ;
#4767 = AXIS2_PLACEMENT_3D ( 'NONE', #4465, #1905, #2314 ) ;
#4768 = CARTESIAN_POINT ( 'NONE',  ( 2.880000000118343451, -1.500000000078216100, 4.005374543787826484E-16 ) ) ;
#4769 = VECTOR ( 'NONE', #5341, 999.9999999999998863 ) ;
#4770 = ORIENTED_EDGE ( 'NONE', *, *, #2273, .F. ) ;
#4771 = EDGE_LOOP ( 'NONE', ( #2624, #4139, #4948, #361 ) ) ;
#4772 = CARTESIAN_POINT ( 'NONE',  ( 2.879999999999999893, -0.1043506507308979980, 2.417505155565149888 ) ) ;
#4773 = LINE ( 'NONE', #955, #3075 ) ;
#4774 = DIRECTION ( 'NONE',  ( 1.000000000000000000, -0.000000000000000000, -0.000000000000000000 ) ) ;
#4775 = LINE ( 'NONE', #4348, #562 ) ;
#4776 = VECTOR ( 'NONE', #3709, 1000.000000000000000 ) ;
#4777 = CARTESIAN_POINT ( 'NONE',  ( 2.860950000000000326, 0.03232682635326870890, 2.273457506809883455 ) ) ;
#4778 = VERTEX_POINT ( 'NONE', #4110 ) ;
#4779 = LINE ( 'NONE', #4247, #3506 ) ;
#4780 = ORIENTED_EDGE ( 'NONE', *, *, #4437, .F. ) ;
#4781 = VERTEX_POINT ( 'NONE', #2927 ) ;
#4782 = CARTESIAN_POINT ( 'NONE',  ( 1.379999999999999893, 2.472115022385060090, -0.4641528512049359900 ) ) ;
#4783 = LINE ( 'NONE', #139, #1650 ) ;
#4784 = ADVANCED_FACE ( 'NONE', ( #5359 ), #498, .F. ) ;
#4785 = LINE ( 'NONE', #3458, #4552 ) ;
#4786 = ORIENTED_EDGE ( 'NONE', *, *, #3558, .F. ) ;
#4787 = ORIENTED_EDGE ( 'NONE', *, *, #4859, .T. ) ;
#4788 = LINE ( 'NONE', #968, #733 ) ;
#4789 = CARTESIAN_POINT ( 'NONE',  ( 1.394334220106409949, 2.483238627135259780, -0.4875612958555031740 ) ) ;
#4790 = CARTESIAN_POINT ( 'NONE',  ( 1.379999999999999893, 2.483080091157349845, -0.4574356840752449860 ) ) ;
#4791 = DIRECTION ( 'NONE',  ( -1.000000000000000000, -0.000000000000000000, -0.000000000000000000 ) ) ;
#4792 = EDGE_CURVE ( 'NONE', #4005, #151, #530, .T. ) ;
#4793 = ADVANCED_FACE ( 'NONE', ( #3426 ), #2155, .T. ) ;
#4794 = ORIENTED_EDGE ( 'NONE', *, *, #1860, .T. ) ;
#4795 = ORIENTED_EDGE ( 'NONE', *, *, #4276, .T. ) ;
#4796 = DIRECTION ( 'NONE',  ( -0.000000000000000000, 1.000000000000000000, -6.993530863780510092E-16 ) ) ;
#4797 = LINE ( 'NONE', #4820, #1559 ) ;
#4798 = DIRECTION ( 'NONE',  ( 0.000000000000000000, -0.9427057099413179708, 0.3336254553298289016 ) ) ;
#4799 = DIRECTION ( 'NONE',  ( 1.000000000000000000, -0.000000000000000000, 0.000000000000000000 ) ) ;
#4800 = CARTESIAN_POINT ( 'NONE',  ( 1.379999999999999893, 2.251583295995521095, 0.1996458709045084712 ) ) ;
#4801 = ORIENTED_EDGE ( 'NONE', *, *, #1181, .F. ) ;
#4802 = PLANE ( 'NONE',  #2071 ) ;
#4803 = ORIENTED_EDGE ( 'NONE', *, *, #1594, .T. ) ;
#4804 = VERTEX_POINT ( 'NONE', #2952 ) ;
#4805 = DIRECTION ( 'NONE',  ( 0.000000000000000000, 0.1293109790941128490, 0.9916040896878763888 ) ) ;
#4806 = CARTESIAN_POINT ( 'NONE',  ( 2.689500000030875970, 1.125783008324049081E-46, 4.940531349516930562E-16 ) ) ;
#4807 = ORIENTED_EDGE ( 'NONE', *, *, #666, .F. ) ;
#4808 = ORIENTED_EDGE ( 'NONE', *, *, #2646, .F. ) ;
#4809 = DIRECTION ( 'NONE',  ( 0.000000000000000000, -0.9999985441088407034, 0.001706393916727129379 ) ) ;
#4810 = CARTESIAN_POINT ( 'NONE',  ( 2.879999999999999893, 2.079570488202489909, -1.107312077076139989 ) ) ;
#4811 = CARTESIAN_POINT ( 'NONE',  ( 1.379999999999999893, 2.521531062727529804, -0.3400507035844300141 ) ) ;
#4812 = ADVANCED_FACE ( 'NONE', ( #2129 ), #4, .F. ) ;
#4813 = PLANE ( 'NONE',  #4844 ) ;
#4814 = EDGE_LOOP ( 'NONE', ( #5045, #2914, #2602, #1607 ) ) ;
#4815 = EDGE_CURVE ( 'NONE', #752, #2021, #3345, .T. ) ;
#4816 = ORIENTED_EDGE ( 'NONE', *, *, #5066, .F. ) ;
#4817 = VECTOR ( 'NONE', #3274, 1000.000000000000000 ) ;
#4818 = CARTESIAN_POINT ( 'NONE',  ( 1.394334220106409949, 2.497005303495490214, -0.4482944105905189991 ) ) ;
#4819 = EDGE_CURVE ( 'NONE', #151, #2875, #1719, .T. ) ;
#4820 = CARTESIAN_POINT ( 'NONE',  ( 1.379999999999999893, 2.125255814197702264, -0.07459528143377228138 ) ) ;
#4821 = FACE_OUTER_BOUND ( 'NONE', #2376, .T. ) ;
#4822 = AXIS2_PLACEMENT_3D ( 'NONE', #377, #3360, #1235 ) ;
#4823 = LINE ( 'NONE', #102, #5013 ) ;
#4824 = CARTESIAN_POINT ( 'NONE',  ( 1.379999999999999893, 1.777399554396529968, 0.1634373442313070135 ) ) ;
#4825 = ORIENTED_EDGE ( 'NONE', *, *, #1210, .T. ) ;
#4826 = ADVANCED_FACE ( 'NONE', ( #59 ), #1306, .F. ) ;
#4827 = VECTOR ( 'NONE', #559, 1000.000000000000000 ) ;
#4828 = EDGE_CURVE ( 'NONE', #4238, #4723, #4680, .T. ) ;
#4829 = DIRECTION ( 'NONE',  ( 0.000000000000000000, -0.5000000000000086597, -0.8660254037844336006 ) ) ;
#4830 = AXIS2_PLACEMENT_3D ( 'NONE', #2656, #420, #1687 ) ;
#4831 = ORIENTED_EDGE ( 'NONE', *, *, #776, .F. ) ;
#4832 = ORIENTED_EDGE ( 'NONE', *, *, #4102, .F. ) ;
#4833 = VECTOR ( 'NONE', #3803, 1000.000000000000114 ) ;
#4834 = CARTESIAN_POINT ( 'NONE',  ( 1.379999999999999893, 2.483238627135259780, -0.4477264981797819954 ) ) ;
#4835 = CARTESIAN_POINT ( 'NONE',  ( 1.379999999999999893, 2.497005303495490214, -0.4475883723134639891 ) ) ;
#4836 = VECTOR ( 'NONE', #17, 1000.000000000000114 ) ;
#4837 = VECTOR ( 'NONE', #4743, 1000.000000000000114 ) ;
#4838 = EDGE_LOOP ( 'NONE', ( #2428, #3231, #15, #51 ) ) ;
#4839 = VERTEX_POINT ( 'NONE', #3034 ) ;
#4840 = LINE ( 'NONE', #2691, #4653 ) ;
#4841 = CARTESIAN_POINT ( 'NONE',  ( 1.379999999999999893, 2.496189298377549992, -0.4507503921454730222 ) ) ;
#4842 = DIRECTION ( 'NONE',  ( 0.000000000000000000, -1.000000000000000000, 0.000000000000000000 ) ) ;
#4843 = AXIS2_PLACEMENT_3D ( 'NONE', #96, #1783, #3522 ) ;
#4844 = AXIS2_PLACEMENT_3D ( 'NONE', #996, #4842, #1859 ) ;
#4845 = ORIENTED_EDGE ( 'NONE', *, *, #3026, .F. ) ;
#4846 = AXIS2_PLACEMENT_3D ( 'NONE', #276, #1965, #4529 ) ;
#4847 = VERTEX_POINT ( 'NONE', #886 ) ;
#4848 = VECTOR ( 'NONE', #5418, 1000.000000000000000 ) ;
#4849 = LINE ( 'NONE', #3180, #222 ) ;
#4850 = DIRECTION ( 'NONE',  ( 1.000000000000000000, -0.000000000000000000, 0.000000000000000000 ) ) ;
#4851 = EDGE_CURVE ( 'NONE', #9, #5207, #1694, .T. ) ;
#4852 = AXIS2_PLACEMENT_3D ( 'NONE', #1533, #3505, #3240 ) ;
#4853 = EDGE_CURVE ( 'NONE', #4077, #799, #1750, .T. ) ;
#4854 = FACE_OUTER_BOUND ( 'NONE', #2499, .T. ) ;
#4855 = PLANE ( 'NONE',  #2431 ) ;
#4856 = ORIENTED_EDGE ( 'NONE', *, *, #3196, .F. ) ;
#4857 = CARTESIAN_POINT ( 'NONE',  ( 1.379999999999999893, 2.377886409619149877, 0.2473798272542700183 ) ) ;
#4858 = EDGE_CURVE ( 'NONE', #4323, #3836, #470, .T. ) ;
#4859 = EDGE_CURVE ( 'NONE', #4521, #1504, #2555, .T. ) ;
#4860 = ORIENTED_EDGE ( 'NONE', *, *, #1112, .T. ) ;
#4861 = ORIENTED_EDGE ( 'NONE', *, *, #4420, .F. ) ;
#4862 = LINE ( 'NONE', #1410, #5283 ) ;
#4863 = ORIENTED_EDGE ( 'NONE', *, *, #4037, .F. ) ;
#4864 = ORIENTED_EDGE ( 'NONE', *, *, #3729, .T. ) ;
#4865 = CARTESIAN_POINT ( 'NONE',  ( 1.379999999999999893, 2.125255814197700044, -0.05453024012881569488 ) ) ;
#4866 = PLANE ( 'NONE',  #4919 ) ;
#4867 = CARTESIAN_POINT ( 'NONE',  ( 2.860950000000000326, 1.841843850431440055, -1.291133606572290038 ) ) ;
#4868 = CARTESIAN_POINT ( 'NONE',  ( 1.394334220106409949, 2.125255814197700044, 0.2850196258050963216 ) ) ;
#4869 = ORIENTED_EDGE ( 'NONE', *, *, #2159, .F. ) ;
#4870 = ORIENTED_EDGE ( 'NONE', *, *, #4440, .F. ) ;
#4871 = DIRECTION ( 'NONE',  ( -0.000000000000000000, -1.000000000000000000, -0.000000000000000000 ) ) ;
#4872 = DIRECTION ( 'NONE',  ( 0.000000000000000000, 1.000000000000000000, 0.000000000000000000 ) ) ;
#4873 = FACE_OUTER_BOUND ( 'NONE', #3821, .T. ) ;
#4874 = ORIENTED_EDGE ( 'NONE', *, *, #5493, .T. ) ;
#4875 = DIRECTION ( 'NONE',  ( 0.000000000000000000, 0.9427057099412794461, -0.3336254553299377590 ) ) ;
#4876 = DIRECTION ( 'NONE',  ( 0.000000000000000000, -0.7152859658357410000, -0.6988318732559579693 ) ) ;
#4877 = EDGE_CURVE ( 'NONE', #2388, #4133, #3456, .T. ) ;
#4878 = DIRECTION ( 'NONE',  ( 0.000000000000000000, 0.7772448707074823826, -0.6291982286679683734 ) ) ;
#4879 = EDGE_LOOP ( 'NONE', ( #974, #2293, #203, #128 ) ) ;
#4880 = CARTESIAN_POINT ( 'NONE',  ( 0.1592307692307690092, 0.000000000000000000, 2.925021777963490072E-17 ) ) ;
#4881 = ORIENTED_EDGE ( 'NONE', *, *, #40, .T. ) ;
#4882 = EDGE_CURVE ( 'NONE', #4401, #782, #5143, .T. ) ;
#4883 = CYLINDRICAL_SURFACE ( 'NONE', #318, 0.07202382437763305001 ) ;
#4884 = EDGE_LOOP ( 'NONE', ( #2949, #3006, #4362, #2990 ) ) ;
#4885 = CARTESIAN_POINT ( 'NONE',  ( 1.394334220106409949, 2.503720345611850640, -0.4439715996292685207 ) ) ;
#4886 = VERTEX_POINT ( 'NONE', #503 ) ;
#4887 = LINE ( 'NONE', #1635, #2600 ) ;
#4888 = DIRECTION ( 'NONE',  ( 0.000000000000000000, 0.05371555010096464022, 0.9985562776715946054 ) ) ;
#4889 = CARTESIAN_POINT ( 'NONE',  ( 1.379999999999999893, 2.502365463612908680, -0.4324412773117429776 ) ) ;
#4890 = EDGE_CURVE ( 'NONE', #1133, #629, #2189, .T. ) ;
#4891 = PLANE ( 'NONE',  #3692 ) ;
#4892 = VERTEX_POINT ( 'NONE', #1773 ) ;
#4893 = ORIENTED_EDGE ( 'NONE', *, *, #4764, .F. ) ;
#4894 = CARTESIAN_POINT ( 'NONE',  ( 1.379999999999999893, 1.499999999999999334, 3.417124279225596220E-17 ) ) ;
#4895 = LINE ( 'NONE', #1075, #858 ) ;
#4896 = DIRECTION ( 'NONE',  ( -0.000000000000000000, -0.000000000000000000, 1.000000000000000000 ) ) ;
#4897 = CARTESIAN_POINT ( 'NONE',  ( 2.860950000000000326, -2.097809233474310364, -0.8477885581632039758 ) ) ;
#4898 = ORIENTED_EDGE ( 'NONE', *, *, #2616, .F. ) ;
#4899 = DIRECTION ( 'NONE',  ( 1.763647291558364266E-16, -1.000000000000000000, 0.000000000000000000 ) ) ;
#4900 = CARTESIAN_POINT ( 'NONE',  ( 1.379999999999999893, 2.482780464278099952, -0.4324412773117429776 ) ) ;
#4901 = CARTESIAN_POINT ( 'NONE',  ( 1.379999999999999893, 2.475529918803089924, -0.4526374039807050664 ) ) ;
#4902 = VECTOR ( 'NONE', #3013, 1000.000000000000114 ) ;
#4903 = DIRECTION ( 'NONE',  ( -0.000000000000000000, 0.000000000000000000, 1.000000000000000000 ) ) ;
#4904 = VECTOR ( 'NONE', #5482, 1000.000000000000114 ) ;
#4905 = VERTEX_POINT ( 'NONE', #3480 ) ;
#4906 = CARTESIAN_POINT ( 'NONE',  ( 1.379999999999999893, 2.189010124964999804, -0.2087363466115940147 ) ) ;
#4907 = VERTEX_POINT ( 'NONE', #3062 ) ;
#4908 = PLANE ( 'NONE',  #2351 ) ;
#4909 = AXIS2_PLACEMENT_3D ( 'NONE', #3860, #387, #1244 ) ;
#4910 = EDGE_CURVE ( 'NONE', #1825, #1689, #4757, .T. ) ;
#4911 = ADVANCED_FACE ( 'NONE', ( #2791 ), #4358, .F. ) ;
#4912 = ORIENTED_EDGE ( 'NONE', *, *, #2256, .T. ) ;
#4913 = CARTESIAN_POINT ( 'NONE',  ( 1.379999999999999893, 2.503720345611850640, -0.4439715996292709632 ) ) ;
#4914 = DIRECTION ( 'NONE',  ( 1.000000000000000000, -9.823165143429150141E-30, 2.048885995359006980E-16 ) ) ;
#4915 = VECTOR ( 'NONE', #3187, 1000.000000000000114 ) ;
#4916 = DIRECTION ( 'NONE',  ( 0.000000000000000000, -0.9843980503717804087, -0.1759558990890549290 ) ) ;
#4917 = PLANE ( 'NONE',  #3430 ) ;
#4918 = VECTOR ( 'NONE', #2540, 1000.000000000000000 ) ;
#4919 = AXIS2_PLACEMENT_3D ( 'NONE', #3175, #613, #2299 ) ;
#4920 = ADVANCED_FACE ( 'NONE', ( #4932 ), #5374, .T. ) ;
#4921 = ORIENTED_EDGE ( 'NONE', *, *, #342, .F. ) ;
#4922 = EDGE_CURVE ( 'NONE', #4074, #1498, #2849, .T. ) ;
#4923 = ORIENTED_EDGE ( 'NONE', *, *, #1162, .T. ) ;
#4924 = PLANE ( 'NONE',  #3157 ) ;
#4925 = VECTOR ( 'NONE', #810, 1000.000000000000000 ) ;
#4926 = DIRECTION ( 'NONE',  ( 0.000000000000000000, 0.000000000000000000, -1.000000000000000000 ) ) ;
#4927 = VECTOR ( 'NONE', #2108, 1000.000000000000114 ) ;
#4928 = MECHANICAL_DESIGN_GEOMETRIC_PRESENTATION_REPRESENTATION (  '', ( #1821 ), #4677 ) ;
#4929 = CARTESIAN_POINT ( 'NONE',  ( 1.379999999999999893, 2.328143799005879977, 0.2627469712615509989 ) ) ;
#4930 = CARTESIAN_POINT ( 'NONE',  ( 1.394334220106409949, 2.483238627135259780, -0.4477264981797819954 ) ) ;
#4931 = VERTEX_POINT ( 'NONE', #726 ) ;
#4932 = FACE_OUTER_BOUND ( 'NONE', #4031, .T. ) ;
#4933 = DIRECTION ( 'NONE',  ( 1.807003620809173892E-16, 0.000000000000000000, -1.000000000000000000 ) ) ;
#4934 = CARTESIAN_POINT ( 'NONE',  ( 1.380000000000000560, 0.000000000000000000, 4.814824860968089633E-32 ) ) ;
#4935 = DIRECTION ( 'NONE',  ( 0.000000000000000000, 0.000000000000000000, -1.000000000000000000 ) ) ;
#4936 = AXIS2_PLACEMENT_3D ( 'NONE', #3769, #3713, #4694 ) ;
#4937 = EDGE_LOOP ( 'NONE', ( #5063, #5426, #4963, #1670 ) ) ;
#4938 = CARTESIAN_POINT ( 'NONE',  ( 1.394334220106409949, 2.237352282273870063, -0.1849315072808740135 ) ) ;
#4939 = EDGE_LOOP ( 'NONE', ( #1157, #1713, #1184, #4538 ) ) ;
#4940 = DIRECTION ( 'NONE',  ( -1.000000000000000000, -0.000000000000000000, -0.000000000000000000 ) ) ;
#4941 = ORIENTED_EDGE ( 'NONE', *, *, #2371, .T. ) ;
#4942 = VERTEX_POINT ( 'NONE', #5316 ) ;
#4943 = LINE ( 'NONE', #1517, #1175 ) ;
#4944 = FACE_OUTER_BOUND ( 'NONE', #3767, .T. ) ;
#4945 = ADVANCED_FACE ( 'NONE', ( #1568 ), #4458, .F. ) ;
#4946 = DIRECTION ( 'NONE',  ( 0.000000000000000000, -1.000000000000000000, 6.993530863780510092E-16 ) ) ;
#4947 = ORIENTED_EDGE ( 'NONE', *, *, #334, .T. ) ;
#4948 = ORIENTED_EDGE ( 'NONE', *, *, #3395, .F. ) ;
#4949 = CARTESIAN_POINT ( 'NONE',  ( 2.860950000000000326, -2.337828492452857176, -0.9863637419451616317 ) ) ;
#4950 = CARTESIAN_POINT ( 'NONE',  ( 1.394334220106409949, 1.975537752030240402, -0.3948934297115654357 ) ) ;
#4951 = EDGE_CURVE ( 'NONE', #2722, #4238, #3629, .T. ) ;
#4952 = EDGE_CURVE ( 'NONE', #4723, #3134, #3652, .T. ) ;
#4953 = LINE ( 'NONE', #4929, #930 ) ;
#4954 = CARTESIAN_POINT ( 'NONE',  ( 1.394334220106409949, 2.411458586530379922, -0.2347371884626159866 ) ) ;
#4955 = ORIENTED_EDGE ( 'NONE', *, *, #2207, .F. ) ;
#4956 = FACE_OUTER_BOUND ( 'NONE', #3413, .T. ) ;
#4957 = FACE_OUTER_BOUND ( 'NONE', #645, .T. ) ;
#4958 = ADVANCED_FACE ( 'NONE', ( #4956 ), #2236, .F. ) ;
#4959 = CARTESIAN_POINT ( 'NONE',  ( 1.379999999999999893, 2.491505769002719806, -0.4649539812295779839 ) ) ;
#4960 = CARTESIAN_POINT ( 'NONE',  ( 2.860949999999999882, -0.1043506507308990111, 1.963500000000000023 ) ) ;
#4961 = ORIENTED_EDGE ( 'NONE', *, *, #3190, .T. ) ;
#4962 = FACE_OUTER_BOUND ( 'NONE', #5174, .T. ) ;
#4963 = ORIENTED_EDGE ( 'NONE', *, *, #4478, .F. ) ;
#4964 = LINE ( 'NONE', #297, #1200 ) ;
#4965 = ORIENTED_EDGE ( 'NONE', *, *, #1385, .F. ) ;
#4966 = LINE ( 'NONE', #3697, #1714 ) ;
#4967 = ORIENTED_EDGE ( 'NONE', *, *, #5161, .T. ) ;
#4968 = SURFACE_STYLE_USAGE ( .BOTH. , #1994 ) ;
#4969 = CARTESIAN_POINT ( 'NONE',  ( 2.609500000062325853, -1.229500000022198503, 8.817456953922465811E-17 ) ) ;
#4970 = CARTESIAN_POINT ( 'NONE',  ( 1.394334220106409949, 2.489954509273309746, -0.4551746698942926161 ) ) ;
#4971 = LINE ( 'NONE', #717, #1873 ) ;
#4972 = ORIENTED_EDGE ( 'NONE', *, *, #3260, .F. ) ;
#4973 = ORIENTED_EDGE ( 'NONE', *, *, #4751, .T. ) ;
#4974 = EDGE_CURVE ( 'NONE', #2763, #1182, #2659, .T. ) ;
#4975 = CARTESIAN_POINT ( 'NONE',  ( 1.379999999999999893, 2.520332721926629826, 0.2680507760431249942 ) ) ;
#4976 = FACE_OUTER_BOUND ( 'NONE', #4125, .T. ) ;
#4977 = EDGE_CURVE ( 'NONE', #2572, #2042, #1054, .T. ) ;
#4978 = ORIENTED_EDGE ( 'NONE', *, *, #4478, .T. ) ;
#4979 = ADVANCED_FACE ( 'NONE', ( #4091 ), #1948, .T. ) ;
#4980 = CARTESIAN_POINT ( 'NONE',  ( 1.379999999999999893, 2.478836439541399983, -0.4436910978699800667 ) ) ;
#4981 = DIRECTION ( 'NONE',  ( 0.000000000000000000, 0.8660254037844290487, 0.5000000000000168754 ) ) ;
#4982 = VERTEX_POINT ( 'NONE', #2821 ) ;
#4983 = DIRECTION ( 'NONE',  ( 0.000000000000000000, 0.9571008663759948965, 0.2897549509194279338 ) ) ;
#4984 = DIRECTION ( 'NONE',  ( 1.000000000000000000, 0.000000000000000000, 0.000000000000000000 ) ) ;
#4985 = LINE ( 'NONE', #2065, #5362 ) ;
#4986 = APPLICATION_CONTEXT ( 'automotive_design' ) ;
#4987 = CARTESIAN_POINT ( 'NONE',  ( 1.394334220106409949, 2.502369077289272159, 0.2139087065947896382 ) ) ;
#4988 = EDGE_CURVE ( 'NONE', #2361, #1501, #2395, .T. ) ;
#4989 = ORIENTED_EDGE ( 'NONE', *, *, #1251, .T. ) ;
#4990 = EDGE_CURVE ( 'NONE', #1498, #1501, #2062, .T. ) ;
#4991 = DIRECTION ( 'NONE',  ( 0.000000000000000000, -0.000000000000000000, 1.000000000000000000 ) ) ;
#4992 = ORIENTED_EDGE ( 'NONE', *, *, #2570, .F. ) ;
#4993 = VECTOR ( 'NONE', #5480, 1000.000000000000000 ) ;
#4994 = FACE_OUTER_BOUND ( 'NONE', #4290, .T. ) ;
#4995 = CIRCLE ( 'NONE', #2598, 1.499999999964529485 ) ;
#4996 = VERTEX_POINT ( 'NONE', #764 ) ;
#4997 = PLANE ( 'NONE',  #5258 ) ;
#4998 = ORIENTED_EDGE ( 'NONE', *, *, #3160, .T. ) ;
#4999 = CARTESIAN_POINT ( 'NONE',  ( 1.379999999999999893, 2.189101863973680118, -0.2588745816998039850 ) ) ;
#5000 = CARTESIAN_POINT ( 'NONE',  ( 2.879999999999999893, -1.608496896752708238, -1.141001651007444329 ) ) ;
#5001 = PLANE ( 'NONE',  #4846 ) ;
#5002 = VECTOR ( 'NONE', #1963, 1000.000000000000114 ) ;
#5003 = SURFACE_STYLE_FILL_AREA ( #2049 ) ;
#5004 = CARTESIAN_POINT ( 'NONE',  ( 1.379999999999999893, 2.466294610879769422, -0.4655277348281265382 ) ) ;
#5005 = VECTOR ( 'NONE', #1482, 1000.000000000000000 ) ;
#5006 = VERTEX_POINT ( 'NONE', #2915 ) ;
#5007 = VERTEX_POINT ( 'NONE', #3001 ) ;
#5008 = DIRECTION ( 'NONE',  ( -2.891205793143918626E-16, 1.000000000000000000, 0.000000000000000000 ) ) ;
#5009 = DIRECTION ( 'NONE',  ( 1.000000000000000000, 0.000000000000000000, -0.000000000000000000 ) ) ;
#5010 = AXIS2_PLACEMENT_3D ( 'NONE', #4810, #3616, #993 ) ;
#5011 = ORIENTED_EDGE ( 'NONE', *, *, #1882, .F. ) ;
#5012 = VECTOR ( 'NONE', #4268, 1000.000000000000000 ) ;
#5013 = VECTOR ( 'NONE', #4799, 1000.000000000000000 ) ;
#5014 = DIRECTION ( 'NONE',  ( 0.000000000000000000, -0.000000000000000000, -1.000000000000000000 ) ) ;
#5015 = DIRECTION ( 'NONE',  ( -1.000000000000000000, 0.000000000000000000, -0.000000000000000000 ) ) ;
#5016 = ORIENTED_EDGE ( 'NONE', *, *, #5150, .T. ) ;
#5017 = CARTESIAN_POINT ( 'NONE',  ( 1.379999999999999893, 2.494238536142481255, -0.4649539812295786501 ) ) ;
#5018 = CARTESIAN_POINT ( 'NONE',  ( 1.394334220106409949, 2.125255814197700488, -0.07459528143377229525 ) ) ;
#5019 = VECTOR ( 'NONE', #4732, 1000.000000000000114 ) ;
#5020 = EDGE_CURVE ( 'NONE', #1597, #236, #5073, .T. ) ;
#5021 = AXIS2_PLACEMENT_3D ( 'NONE', #2219, #3919, #3515 ) ;
#5022 = ORIENTED_EDGE ( 'NONE', *, *, #5157, .F. ) ;
#5023 = COLOUR_RGB ( '',1.000000000000000000, 0.5019607843137254832, 0.2509803921568627416 ) ;
#5024 = CARTESIAN_POINT ( 'NONE',  ( 1.379999999999999893, 2.478836439541402648, -0.4472441201543358447 ) ) ;
#5025 = ORIENTED_EDGE ( 'NONE', *, *, #1251, .F. ) ;
#5026 = CIRCLE ( 'NONE', #212, 2.637500000000000178 ) ;
#5027 = DIRECTION ( 'NONE',  ( 0.000000000000000000, -0.6388554570236179009, 0.7693267868930240283 ) ) ;
#5028 = ADVANCED_FACE ( 'NONE', ( #874 ), #5103, .F. ) ;
#5029 = EDGE_CURVE ( 'NONE', #4886, #4608, #1168, .T. ) ;
#5030 = VECTOR ( 'NONE', #2591, 1000.000000000000000 ) ;
#5031 = ORIENTED_EDGE ( 'NONE', *, *, #3225, .T. ) ;
#5032 = VERTEX_POINT ( 'NONE', #1680 ) ;
#5033 = DIRECTION ( 'NONE',  ( 0.000000000000000000, 0.05089991897246796265, 0.9987037590039381518 ) ) ;
#5034 = DIRECTION ( 'NONE',  ( 0.000000000000000000, -0.9999670694423009598, 0.008115419334602271689 ) ) ;
#5035 = CARTESIAN_POINT ( 'NONE',  ( 0.6899999999999999467, 0.000000000000000000, -1.532107773982720098E-16 ) ) ;
#5036 = CARTESIAN_POINT ( 'NONE',  ( 2.880000000000000338, 2.290456010311659796, -1.068415287894380228 ) ) ;
#5037 = ORIENTED_EDGE ( 'NONE', *, *, #3587, .T. ) ;
#5038 = DIRECTION ( 'NONE',  ( 1.836970198721029934E-16, 0.000000000000000000, -1.000000000000000000 ) ) ;
#5039 = ORIENTED_EDGE ( 'NONE', *, *, #2371, .F. ) ;
#5040 = DIRECTION ( 'NONE',  ( -0.000000000000000000, -1.000000000000000000, -0.000000000000000000 ) ) ;
#5041 = CARTESIAN_POINT ( 'NONE',  ( 2.689500000144563252, 2.130059397837953191E-45, 4.336808689942017243E-16 ) ) ;
#5042 = PRODUCT ( 'CLS-M3-2', 'CLS-M3-2', '', ( #3818 ) ) ;
#5043 = ORIENTED_EDGE ( 'NONE', *, *, #3591, .F. ) ;
#5044 = CARTESIAN_POINT ( 'NONE',  ( 1.394334220106409949, 2.440789267712129007, 0.1548669140296848046 ) ) ;
#5045 = ORIENTED_EDGE ( 'NONE', *, *, #4508, .T. ) ;
#5046 = DIRECTION ( 'NONE',  ( 0.000000000000000000, 0.000000000000000000, -1.000000000000000000 ) ) ;
#5047 = FILL_AREA_STYLE ('',( #4209 ) ) ;
#5048 = DIRECTION ( 'NONE',  ( 0.000000000000000000, 0.5500539575626220978, 0.8351291180228941347 ) ) ;
#5049 = ORIENTED_EDGE ( 'NONE', *, *, #2500, .F. ) ;
#5050 = FACE_OUTER_BOUND ( 'NONE', #368, .T. ) ;
#5051 = ORIENTED_EDGE ( 'NONE', *, *, #2953, .T. ) ;
#5052 = EDGE_CURVE ( 'NONE', #915, #196, #5404, .T. ) ;
#5053 = CARTESIAN_POINT ( 'NONE',  ( 2.880000000000000338, 1.590464268306930107, -1.172235079669540214 ) ) ;
#5054 = ADVANCED_FACE ( 'NONE', ( #2455 ), #376, .F. ) ;
#5055 = VERTEX_POINT ( 'NONE', #5017 ) ;
#5056 = ORIENTED_EDGE ( 'NONE', *, *, #4546, .T. ) ;
#5057 = LINE ( 'NONE', #4619, #1363 ) ;
#5058 = EDGE_CURVE ( 'NONE', #4907, #622, #4264, .T. ) ;
#5059 = CARTESIAN_POINT ( 'NONE',  ( 1.379999999999999893, 2.366492138056570216, 0.2474031920330440337 ) ) ;
#5060 = CARTESIAN_POINT ( 'NONE',  ( 1.379999999999999893, 2.484843852219559945, -0.4603639524411780037 ) ) ;
#5061 = LINE ( 'NONE', #3376, #938 ) ;
#5062 = DIRECTION ( 'NONE',  ( -2.466431482431479202E-16, 0.000000000000000000, 1.000000000000000000 ) ) ;
#5063 = ORIENTED_EDGE ( 'NONE', *, *, #130, .T. ) ;
#5064 = EDGE_LOOP ( 'NONE', ( #1315, #2828, #3151, #2281 ) ) ;
#5065 = LINE ( 'NONE', #917, #2238 ) ;
#5066 = EDGE_CURVE ( 'NONE', #83, #3366, #352, .T. ) ;
#5067 = DIRECTION ( 'NONE',  ( 0.000000000000000000, -0.8660254037844766772, 0.4999999999999341638 ) ) ;
#5068 = DIRECTION ( 'NONE',  ( 0.000000000000000000, 0.000000000000000000, 1.000000000000000000 ) ) ;
#5069 = EDGE_LOOP ( 'NONE', ( #2658, #2636, #5025, #736 ) ) ;
#5070 = DIRECTION ( 'NONE',  ( 0.000000000000000000, 0.9999982027861449296, 0.001895896748272089686 ) ) ;
#5071 = CARTESIAN_POINT ( 'NONE',  ( 2.879999999999999893, -1.608496896752711791, -1.141001651007441220 ) ) ;
#5072 = EDGE_LOOP ( 'NONE', ( #2200, #2317, #826, #4864, #3838, #3798, #360, #5447, #4391, #2069, #3619, #2710 ) ) ;
#5073 = LINE ( 'NONE', #3802, #2448 ) ;
#5074 = CARTESIAN_POINT ( 'NONE',  ( 1.394334220106409949, 2.224161932931949970, 0.2483908197983760169 ) ) ;
#5075 = LINE ( 'NONE', #1262, #1725 ) ;
#5076 = ORIENTED_EDGE ( 'NONE', *, *, #1588, .T. ) ;
#5077 = FACE_BOUND ( 'NONE', #1975, .T. ) ;
#5078 = ORIENTED_EDGE ( 'NONE', *, *, #469, .T. ) ;
#5079 = DIRECTION ( 'NONE',  ( 0.000000000000000000, 0.8660254037844391517, 0.4999999999999990563 ) ) ;
#5080 = VECTOR ( 'NONE', #366, 1000.000000000000000 ) ;
#5081 = VERTEX_POINT ( 'NONE', #4576 ) ;
#5082 = ORIENTED_EDGE ( 'NONE', *, *, #3736, .F. ) ;
#5083 = CARTESIAN_POINT ( 'NONE',  ( 1.379999999999999893, 2.503720345611850640, -0.4496411351882769747 ) ) ;
#5084 = DIRECTION ( 'NONE',  ( -1.836970198721029934E-16, -0.000000000000000000, 1.000000000000000000 ) ) ;
#5085 = CARTESIAN_POINT ( 'NONE',  ( 1.379999999999999893, 2.486879519042286546, 0.1903914117194082933 ) ) ;
#5086 = FACE_OUTER_BOUND ( 'NONE', #137, .T. ) ;
#5087 = ADVANCED_FACE ( 'NONE', ( #791 ), #2037, .T. ) ;
#5088 = EDGE_CURVE ( 'NONE', #2763, #1585, #2509, .T. ) ;
#5089 = DIRECTION ( 'NONE',  ( 0.000000000000000000, 0.000000000000000000, 1.000000000000000000 ) ) ;
#5090 = VERTEX_POINT ( 'NONE', #2092 ) ;
#5091 = ORIENTED_EDGE ( 'NONE', *, *, #1221, .F. ) ;
#5092 = CARTESIAN_POINT ( 'NONE',  ( 2.879999999999999893, -1.675109521795827838, -1.025625200007211912 ) ) ;
#5093 = VECTOR ( 'NONE', #891, 1000.000000000000000 ) ;
#5094 = LINE ( 'NONE', #431, #4039 ) ;
#5095 = FACE_BOUND ( 'NONE', #5386, .T. ) ;
#5096 = FACE_OUTER_BOUND ( 'NONE', #4230, .T. ) ;
#5097 = EDGE_CURVE ( 'NONE', #3975, #1303, #3359, .T. ) ;
#5098 = VECTOR ( 'NONE', #2851, 1000.000000000000114 ) ;
#5099 = EDGE_CURVE ( 'NONE', #998, #990, #818, .T. ) ;
#5100 = ORIENTED_EDGE ( 'NONE', *, *, #910, .T. ) ;
#5101 = CARTESIAN_POINT ( 'NONE',  ( 1.379999999999999893, 2.125255814197700044, 0.03526031801316129727 ) ) ;
#5102 = ORIENTED_EDGE ( 'NONE', *, *, #3508, .T. ) ;
#5103 = PLANE ( 'NONE',  #2357 ) ;
#5104 = DIRECTION ( 'NONE',  ( 0.000000000000000000, 0.2897549509194279338, -0.9571008663759948965 ) ) ;
#5105 = CARTESIAN_POINT ( 'NONE',  ( 1.379999999999999893, 0.000000000000000000, 2.637500000000000178 ) ) ;
#5106 = AXIS2_PLACEMENT_3D ( 'NONE', #5372, #2393, #1078 ) ;
#5107 = AXIS2_PLACEMENT_3D ( 'NONE', #3812, #2286, #2676 ) ;
#5108 = DIRECTION ( 'NONE',  ( 0.000000000000000000, -0.000000000000000000, 1.000000000000000000 ) ) ;
#5109 = MECHANICAL_DESIGN_GEOMETRIC_PRESENTATION_REPRESENTATION (  '', ( #4673 ), #416 ) ;
#5110 = AXIS2_PLACEMENT_3D ( 'NONE', #869, #1612, #2562 ) ;
#5111 = CARTESIAN_POINT ( 'NONE',  ( 1.394334220106409949, 2.481543631422490570, -0.4649539812295779839 ) ) ;
#5112 = AXIS2_PLACEMENT_3D ( 'NONE', #3186, #4543, #3683 ) ;
#5113 = AXIS2_PLACEMENT_3D ( 'NONE', #4058, #3643, #1881 ) ;
#5114 = EDGE_LOOP ( 'NONE', ( #3954, #4693, #5091, #2057, #382, #385, #4251, #1480, #1431, #2452, #2033, #1718, #3705, #2976 ) ) ;
#5115 = VERTEX_POINT ( 'NONE', #1204 ) ;
#5116 = CARTESIAN_POINT ( 'NONE',  ( 2.879999999999999893, 2.290456010311659352, -1.068415287894378896 ) ) ;
#5117 = DIRECTION ( 'NONE',  ( 1.000000000000000000, -0.000000000000000000, 2.220446049250310123E-16 ) ) ;
#5118 = CARTESIAN_POINT ( 'NONE',  ( 1.379999999999999893, 2.464945227416509788, -0.4660929883733659906 ) ) ;
#5119 = VECTOR ( 'NONE', #281, 1000.000000000000000 ) ;
#5120 = CARTESIAN_POINT ( 'NONE',  ( 1.394334220106409949, 2.485296480058409863, -0.4476606227666150573 ) ) ;
#5121 = VERTEX_POINT ( 'NONE', #4239 ) ;
#5122 = VECTOR ( 'NONE', #721, 999.9999999999998863 ) ;
#5123 = VERTEX_POINT ( 'NONE', #2483 ) ;
#5124 = CARTESIAN_POINT ( 'NONE',  ( 2.860950000000000326, -1.792384863908790482, -0.8224983489925526969 ) ) ;
#5125 = CARTESIAN_POINT ( 'NONE',  ( 1.394334220106409949, 1.579261356762809987, -2.755454425699892609E-16 ) ) ;
#5126 = ADVANCED_FACE ( 'NONE', ( #849, #4181 ), #1654, .F. ) ;
#5127 = CARTESIAN_POINT ( 'NONE',  ( 1.379999999999999893, 2.314590793895269893, 0.2895770477457288994 ) ) ;
#5128 = ORIENTED_EDGE ( 'NONE', *, *, #4349, .T. ) ;
#5129 = DIRECTION ( 'NONE',  ( 0.000000000000000000, 0.5000000000000003331, 0.8660254037844383745 ) ) ;
#5130 = ORIENTED_EDGE ( 'NONE', *, *, #2061, .F. ) ;
#5131 = EDGE_CURVE ( 'NONE', #890, #3111, #2940, .T. ) ;
#5132 = EDGE_CURVE ( 'NONE', #2998, #253, #5490, .T. ) ;
#5133 = CARTESIAN_POINT ( 'NONE',  ( 1.379999999999999893, 2.521531062727529804, -0.07459528143377230913 ) ) ;
#5134 = SURFACE_SIDE_STYLE ('',( #2941 ) ) ;
#5135 = DIRECTION ( 'NONE',  ( 1.000000000000000000, -0.000000000000000000, 0.000000000000000000 ) ) ;
#5136 = DIRECTION ( 'NONE',  ( 0.000000000000000000, -0.4999999999999990563, 0.8660254037844391517 ) ) ;
#5137 = ORIENTED_EDGE ( 'NONE', *, *, #5052, .T. ) ;
#5138 = EDGE_CURVE ( 'NONE', #82, #1843, #1740, .T. ) ;
#5139 = DIRECTION ( 'NONE',  ( 0.000000000000000000, 0.9502094961207400159, 0.3116117993304640121 ) ) ;
#5140 = VERTEX_POINT ( 'NONE', #2650 ) ;
#5141 = ORIENTED_EDGE ( 'NONE', *, *, #32, .T. ) ;
#5142 = FACE_OUTER_BOUND ( 'NONE', #1164, .T. ) ;
#5143 = LINE ( 'NONE', #1330, #669 ) ;
#5144 = DIRECTION ( 'NONE',  ( 0.000000000000000000, 0.9911185236273123422, -0.1329814728554950531 ) ) ;
#5145 = DIRECTION ( 'NONE',  ( 0.000000000000000000, -1.000000000000000000, 0.000000000000000000 ) ) ;
#5146 = ORIENTED_EDGE ( 'NONE', *, *, #2362, .F. ) ;
#5147 = DIRECTION ( 'NONE',  ( 0.000000000000000000, 0.000000000000000000, -1.000000000000000000 ) ) ;
#5148 = FILL_AREA_STYLE ('',( #3817 ) ) ;
#5149 = CARTESIAN_POINT ( 'NONE',  ( 1.379999999999999893, 2.490921390337530017, -0.4417785858748130012 ) ) ;
#5150 = EDGE_CURVE ( 'NONE', #3504, #4942, #488, .T. ) ;
#5151 = VERTEX_POINT ( 'NONE', #5133 ) ;
#5152 = CARTESIAN_POINT ( 'NONE',  ( 1.394334220106409949, 2.371827334780169938, 0.1404019658359000056 ) ) ;
#5153 = VERTEX_POINT ( 'NONE', #2176 ) ;
#5154 = LINE ( 'NONE', #3523, #676 ) ;
#5155 = DIRECTION ( 'NONE',  ( -0.000000000000000000, 0.8022045974955979153, 0.5970492305973817970 ) ) ;
#5156 = CARTESIAN_POINT ( 'NONE',  ( 1.379999999999999893, 2.523629592551110079, -0.05453024012881569488 ) ) ;
#5157 = EDGE_CURVE ( 'NONE', #1836, #4311, #4797, .T. ) ;
#5158 = CARTESIAN_POINT ( 'NONE',  ( 1.379999999999999893, 2.490921390337530017, -0.4417785858748130012 ) ) ;
#5159 = ORIENTED_EDGE ( 'NONE', *, *, #4199, .T. ) ;
#5160 = CARTESIAN_POINT ( 'NONE',  ( 1.379999999999999893, 2.400816861523380474, 0.2534304449033874529 ) ) ;
#5161 = EDGE_CURVE ( 'NONE', #1843, #224, #5154, .T. ) ;
#5162 = EDGE_CURVE ( 'NONE', #4481, #999, #3128, .T. ) ;
#5163 = ORIENTED_EDGE ( 'NONE', *, *, #3375, .F. ) ;
#5164 = EDGE_LOOP ( 'NONE', ( #940, #3384, #4502, #906 ) ) ;
#5165 = DIRECTION ( 'NONE',  ( 0.000000000000000000, -0.000000000000000000, -1.000000000000000000 ) ) ;
#5166 = PLANE ( 'NONE',  #4733 ) ;
#5167 = ORIENTED_EDGE ( 'NONE', *, *, #4349, .F. ) ;
#5168 = ORIENTED_EDGE ( 'NONE', *, *, #5429, .T. ) ;
#5169 = FACE_OUTER_BOUND ( 'NONE', #351, .T. ) ;
#5170 = DIRECTION ( 'NONE',  ( 0.000000000000000000, 0.2948001005894950177, -0.9555589467387261005 ) ) ;
#5171 = DIRECTION ( 'NONE',  ( 1.000000000000000000, 0.000000000000000000, 0.000000000000000000 ) ) ;
#5172 = VECTOR ( 'NONE', #1621, 1000.000000000000114 ) ;
#5173 = ORIENTED_EDGE ( 'NONE', *, *, #1443, .F. ) ;
#5174 = EDGE_LOOP ( 'NONE', ( #5016, #991, #1123, #3037 ) ) ;
#5175 = LINE ( 'NONE', #1782, #3244 ) ;
#5176 = DIRECTION ( 'NONE',  ( 0.000000000000000000, 0.9090442707885167950, 0.4166995485317615544 ) ) ;
#5177 = PLANE ( 'NONE',  #5205 ) ;
#5178 = CARTESIAN_POINT ( 'NONE',  ( 2.860949999999999882, -0.1043506507308984699, 2.173161927247199809 ) ) ;
#5179 = VECTOR ( 'NONE', #5033, 1000.000000000000114 ) ;
#5180 = AXIS2_PLACEMENT_3D ( 'NONE', #4857, #5320, #1508 ) ;
#5181 = DIRECTION ( 'NONE',  ( -1.000000000000000000, 0.000000000000000000, -0.000000000000000000 ) ) ;
#5182 = DIRECTION ( 'NONE',  ( -0.000000000000000000, -1.000000000000000000, 0.000000000000000000 ) ) ;
#5183 = EDGE_LOOP ( 'NONE', ( #3717, #1452, #3204, #1309 ) ) ;
#5184 = ADVANCED_FACE ( 'NONE', ( #3550 ), #5177, .T. ) ;
#5185 = DIRECTION ( 'NONE',  ( 1.000000000000000000, 1.224646799147350002E-16, 6.123233995736769734E-17 ) ) ;
#5186 = AXIS2_PLACEMENT_3D ( 'NONE', #887, #4758, #1797 ) ;
#5187 = AXIS2_PLACEMENT_3D ( 'NONE', #2320, #1494, #3641 ) ;
#5188 = ORIENTED_EDGE ( 'NONE', *, *, #1172, .T. ) ;
#5189 = AXIS2_PLACEMENT_3D ( 'NONE', #4824, #2182, #982 ) ;
#5190 = ORIENTED_EDGE ( 'NONE', *, *, #371, .T. ) ;
#5191 = VECTOR ( 'NONE', #5084, 1000.000000000000000 ) ;
#5192 = EDGE_CURVE ( 'NONE', #4116, #1726, #5209, .T. ) ;
#5193 = EDGE_CURVE ( 'NONE', #1148, #463, #2181, .T. ) ;
#5194 = DIRECTION ( 'NONE',  ( -0.000000000000000000, -1.000000000000000000, -0.000000000000000000 ) ) ;
#5195 = VECTOR ( 'NONE', #1645, 1000.000000000000114 ) ;
#5196 = AXIS2_PLACEMENT_3D ( 'NONE', #1155, #364, #3702 ) ;
#5197 = DIRECTION ( 'NONE',  ( 0.000000000000000000, 0.000000000000000000, -1.000000000000000000 ) ) ;
#5198 = ORIENTED_EDGE ( 'NONE', *, *, #2781, .F. ) ;
#5199 = ORIENTED_EDGE ( 'NONE', *, *, #4554, .T. ) ;
#5200 = CARTESIAN_POINT ( 'NONE',  ( 1.034999999999999920, 0.000000000000000000, -7.660538869913579537E-17 ) ) ;
#5201 = CARTESIAN_POINT ( 'NONE',  ( 1.379999999999999893, 2.483238627135259780, -0.4785059732240121155 ) ) ;
#5202 = AXIS2_PLACEMENT_3D ( 'NONE', #5060, #4225, #426 ) ;
#5203 = VECTOR ( 'NONE', #2379, 1000.000000000000000 ) ;
#5204 = LINE ( 'NONE', #3102, #2622 ) ;
#5205 = AXIS2_PLACEMENT_3D ( 'NONE', #3470, #3959, #543 ) ;
#5206 = ORIENTED_EDGE ( 'NONE', *, *, #1512, .F. ) ;
#5207 = VERTEX_POINT ( 'NONE', #1423 ) ;
#5208 = CARTESIAN_POINT ( 'NONE',  ( 2.879999999999999893, 2.180479398287840098, -1.258900367563920097 ) ) ;
#5209 = LINE ( 'NONE', #1371, #3257 ) ;
#5210 = CARTESIAN_POINT ( 'NONE',  ( 1.379999999999999893, 2.323393438462619809, -0.07459528143377229525 ) ) ;
#5211 = LINE ( 'NONE', #4409, #215 ) ;
#5212 = CARTESIAN_POINT ( 'NONE',  ( 1.379999999999999893, 2.502369077289272159, 0.2139087065947896382 ) ) ;
#5213 = ORIENTED_EDGE ( 'NONE', *, *, #3331, .F. ) ;
#5214 = CARTESIAN_POINT ( 'NONE',  ( 1.379999999999999893, 2.463272841927400147, -0.4415490844353929800 ) ) ;
#5215 = ADVANCED_FACE ( 'NONE', ( #977 ), #1812, .F. ) ;
#5216 = ORIENTED_EDGE ( 'NONE', *, *, #3544, .F. ) ;
#5217 = EDGE_LOOP ( 'NONE', ( #4468, #2514, #3098, #2261 ) ) ;
#5218 = LINE ( 'NONE', #4387, #1383 ) ;
#5219 = EDGE_CURVE ( 'NONE', #5081, #1203, #4714, .T. ) ;
#5220 = LINE ( 'NONE', #1412, #3408 ) ;
#5221 = EDGE_CURVE ( 'NONE', #922, #2303, #5376, .T. ) ;
#5222 = ORIENTED_EDGE ( 'NONE', *, *, #4755, .T. ) ;
#5223 = ORIENTED_EDGE ( 'NONE', *, *, #505, .T. ) ;
#5224 = DIRECTION ( 'NONE',  ( 1.000000000000000000, -0.000000000000000000, 0.000000000000000000 ) ) ;
#5225 = CARTESIAN_POINT ( 'NONE',  ( 1.379999999999999893, 2.280059657658919825, 0.01740461005320610016 ) ) ;
#5226 = DIRECTION ( 'NONE',  ( 0.000000000000000000, -0.8660254037844383745, 0.5000000000000003331 ) ) ;
#5227 = LINE ( 'NONE', #1417, #2895 ) ;
#5228 = EDGE_CURVE ( 'NONE', #3411, #1854, #2674, .T. ) ;
#5229 = ORIENTED_EDGE ( 'NONE', *, *, #333, .F. ) ;
#5230 = EDGE_CURVE ( 'NONE', #1926, #4522, #3047, .T. ) ;
#5231 = ORIENTED_EDGE ( 'NONE', *, *, #1701, .F. ) ;
#5232 = DIRECTION ( 'NONE',  ( 1.000000000000000000, 0.000000000000000000, -0.000000000000000000 ) ) ;
#5233 = FACE_OUTER_BOUND ( 'NONE', #2907, .T. ) ;
#5234 = DIRECTION ( 'NONE',  ( 1.000000000000000000, 0.000000000000000000, 0.000000000000000000 ) ) ;
#5235 = LINE ( 'NONE', #3882, #2511 ) ;
#5236 = CARTESIAN_POINT ( 'NONE',  ( 1.394334220106409949, 2.125255814197700044, 0.1250508761551379910 ) ) ;
#5237 = CARTESIAN_POINT ( 'NONE',  ( 1.394334220106409949, 2.125255814197700044, -0.2346925392432749891 ) ) ;
#5238 = ORIENTED_EDGE ( 'NONE', *, *, #3804, .T. ) ;
#5239 = CARTESIAN_POINT ( 'NONE',  ( 1.379999999999999893, 2.486652238561649852, -0.4525014031277148630 ) ) ;
#5240 = CARTESIAN_POINT ( 'NONE',  ( 2.879999999999999449, -0.1043506507308979842, 2.417505155565149888 ) ) ;
#5241 = VERTEX_POINT ( 'NONE', #927 ) ;
#5242 = ORIENTED_EDGE ( 'NONE', *, *, #4413, .T. ) ;
#5243 = DIRECTION ( 'NONE',  ( -0.000000000000000000, 0.000000000000000000, 1.000000000000000000 ) ) ;
#5244 = LINE ( 'NONE', #2885, #1353 ) ;
#5245 = ORIENTED_EDGE ( 'NONE', *, *, #3267, .F. ) ;
#5246 = DIRECTION ( 'NONE',  ( 1.000000000000000000, -0.000000000000000000, 0.000000000000000000 ) ) ;
#5247 = LINE ( 'NONE', #745, #4212 ) ;
#5248 = ADVANCED_FACE ( 'NONE', ( #1784 ), #1764, .F. ) ;
#5249 = DIRECTION ( 'NONE',  ( 0.000000000000000000, -0.000000000000000000, 1.000000000000000000 ) ) ;
#5250 = FACE_OUTER_BOUND ( 'NONE', #4937, .T. ) ;
#5251 = ADVANCED_FACE ( 'NONE', ( #3925 ), #956, .F. ) ;
#5252 = ORIENTED_EDGE ( 'NONE', *, *, #4004, .F. ) ;
#5253 = AXIS2_PLACEMENT_3D ( 'NONE', #3261, #4946, #3347 ) ;
#5254 = LINE ( 'NONE', #643, #1016 ) ;
#5255 = DIRECTION ( 'NONE',  ( 0.000000000000000000, -1.000000000000000000, 0.000000000000000000 ) ) ;
#5256 = EDGE_CURVE ( 'NONE', #5441, #5081, #568, .T. ) ;
#5257 = EDGE_CURVE ( 'NONE', #1414, #3854, #1839, .T. ) ;
#5258 = AXIS2_PLACEMENT_3D ( 'NONE', #1183, #2406, #5302 ) ;
#5259 = B_SPLINE_CURVE_WITH_KNOTS ( 'NONE', 3,
 ( #3787, #1186, #1551, #3700 ),
 .UNSPECIFIED., .F., .F.,
 ( 4, 4 ),
 ( 0.000000000000000000, 1.000000000000000000 ),
 .UNSPECIFIED. ) ;
#5260 = LINE ( 'NONE', #2336, #2986 ) ;
#5261 = LINE ( 'NONE', #3162, #3779 ) ;
#5262 = ORIENTED_EDGE ( 'NONE', *, *, #3057, .F. ) ;
#5263 = VECTOR ( 'NONE', #12, 1000.000000000000000 ) ;
#5264 = LINE ( 'NONE', #1844, #483 ) ;
#5265 = CARTESIAN_POINT ( 'NONE',  ( 1.379999999999999893, 2.521531062727529804, -0.3400507035844300141 ) ) ;
#5266 = AXIS2_PLACEMENT_3D ( 'NONE', #4900, #1055, #262 ) ;
#5267 = VERTEX_POINT ( 'NONE', #673 ) ;
#5268 = ORIENTED_EDGE ( 'NONE', *, *, #133, .F. ) ;
#5269 = AXIS2_PLACEMENT_3D ( 'NONE', #2908, #5396, #312 ) ;
#5270 = DIRECTION ( 'NONE',  ( -1.000000000000000000, 0.000000000000000000, 0.000000000000000000 ) ) ;
#5271 = VECTOR ( 'NONE', #417, 1000.000000000000000 ) ;
#5272 = VECTOR ( 'NONE', #4371, 1000.000000000000000 ) ;
#5273 = ORIENTED_EDGE ( 'NONE', *, *, #4249, .F. ) ;
#5274 = LINE ( 'NONE', #1392, #564 ) ;
#5275 = LINE ( 'NONE', #2774, #400 ) ;
#5276 = DIRECTION ( 'NONE',  ( 0.000000000000000000, -0.000000000000000000, -1.000000000000000000 ) ) ;
#5277 = AXIS2_PLACEMENT_3D ( 'NONE', #2083, #4568, #2006 ) ;
#5278 = AXIS2_PLACEMENT_3D ( 'NONE', #3071, #3874, #1396 ) ;
#5279 = ORIENTED_EDGE ( 'NONE', *, *, #2616, .T. ) ;
#5280 = CIRCLE ( 'NONE', #2627, 3.174999999999999822 ) ;
#5281 = EDGE_LOOP ( 'NONE', ( #5381, #4097, #1167, #3138 ) ) ;
#5282 = ADVANCED_FACE ( 'NONE', ( #2366 ), #3570, .F. ) ;
#5283 = VECTOR ( 'NONE', #2686, 1000.000000000000000 ) ;
#5284 = DIRECTION ( 'NONE',  ( 0.000000000000000000, -0.4212021854520781594, -0.9069667683936347702 ) ) ;
#5285 = CARTESIAN_POINT ( 'NONE',  ( 2.880000000000000338, -1.792384863908790260, -0.8224983489925519198 ) ) ;
#5286 = FACE_OUTER_BOUND ( 'NONE', #44, .T. ) ;
#5287 = VECTOR ( 'NONE', #3849, 1000.000000000000114 ) ;
#5288 = ADVANCED_FACE ( 'NONE', ( #1528 ), #1031, .F. ) ;
#5289 = EDGE_CURVE ( 'NONE', #1789, #2466, #2002, .T. ) ;
#5290 = DIRECTION ( 'NONE',  ( 0.000000000000000000, 0.8660254037844391517, 0.4999999999999990563 ) ) ;
#5291 = LINE ( 'NONE', #4410, #2252 ) ;
#5292 = ORIENTED_EDGE ( 'NONE', *, *, #1589, .T. ) ;
#5293 = DIRECTION ( 'NONE',  ( 0.000000000000000000, -0.3336254553299377590, -0.9427057099412794461 ) ) ;
#5294 = CARTESIAN_POINT ( 'NONE',  ( 1.379999999999999893, 2.472612739810004179, -0.4539502272926195792 ) ) ;
#5295 = CARTESIAN_POINT ( 'NONE',  ( 2.879999999999999893, -0.1043506507308990111, 2.068330963623600027 ) ) ;
#5296 = EDGE_CURVE ( 'NONE', #1071, #684, #2784, .T. ) ;
#5297 = EDGE_LOOP ( 'NONE', ( #1039, #1384 ) ) ;
#5298 = LINE ( 'NONE', #2827, #202 ) ;
#5299 = VERTEX_POINT ( 'NONE', #3677 ) ;
#5300 = DIRECTION ( 'NONE',  ( 0.000000000000000000, -0.000000000000000000, 1.000000000000000000 ) ) ;
#5301 = EDGE_LOOP ( 'NONE', ( #2735, #3548, #4392, #5168 ) ) ;
#5302 = DIRECTION ( 'NONE',  ( 0.000000000000000000, 0.9313974768889488054, -0.3640037637784808711 ) ) ;
#5303 = CARTESIAN_POINT ( 'NONE',  ( 1.379999999999999893, 2.219308366003919897, -0.05453024012881569488 ) ) ;
#5304 = CARTESIAN_POINT ( 'NONE',  ( 5.684332701229808410E-11, 1.499999999964529707, 1.836970198677591308E-16 ) ) ;
#5305 = CARTESIAN_POINT ( 'NONE',  ( 2.879999999999999893, 2.050436751333109875, -0.9298401041124180200 ) ) ;
#5306 = LINE ( 'NONE', #3258, #2436 ) ;
#5307 = EDGE_LOOP ( 'NONE', ( #174, #3032, #145, #4762 ) ) ;
#5308 = ORIENTED_EDGE ( 'NONE', *, *, #288, .T. ) ;
#5309 = CARTESIAN_POINT ( 'NONE',  ( 1.394334220106409949, 2.523239701764210974, 0.2897166630495663919 ) ) ;
#5310 = LINE ( 'NONE', #1474, #52 ) ;
#5311 = DIRECTION ( 'NONE',  ( 0.000000000000000000, -0.4999999999999990563, 0.8660254037844391517 ) ) ;
#5312 = EDGE_CURVE ( 'NONE', #5299, #4651, #2094, .T. ) ;
#5313 = ORIENTED_EDGE ( 'NONE', *, *, #970, .F. ) ;
#5314 = LINE ( 'NONE', #1008, #2619 ) ;
#5315 = ORIENTED_EDGE ( 'NONE', *, *, #6, .F. ) ;
#5316 = CARTESIAN_POINT ( 'NONE',  ( 1.379999999999999671, 2.463351944705038044, -0.4568993438552190756 ) ) ;
#5318 = ADVANCED_FACE ( 'NONE', ( #4405 ), #1972, .F. ) ;
#5317 = DIRECTION ( 'NONE',  ( -0.000000000000000000, 0.9940433422475590808, 0.1089854748730410133 ) ) ;
#5319 = LINE ( 'NONE', #4901, #223 ) ;
#5320 = DIRECTION ( 'NONE',  ( 0.000000000000000000, 0.1838112450280069698, -0.9829615588624277533 ) ) ;
#5321 = ADVANCED_FACE ( 'NONE', ( #5286 ), #3985, .T. ) ;
#5322 = VERTEX_POINT ( 'NONE', #598 ) ;
#5323 = VERTEX_POINT ( 'NONE', #1563 ) ;
#5324 = DIRECTION ( 'NONE',  ( 1.000000000000000000, -0.000000000000000000, 0.000000000000000000 ) ) ;
#5325 = EDGE_CURVE ( 'NONE', #3880, #4353, #1475, .T. ) ;
#5326 = ADVANCED_FACE ( 'NONE', ( #1865 ), #2815, .F. ) ;
#5327 = ORIENTED_EDGE ( 'NONE', *, *, #1358, .T. ) ;
#5328 = ORIENTED_EDGE ( 'NONE', *, *, #5391, .F. ) ;
#5329 = CARTESIAN_POINT ( 'NONE',  ( 2.880000000000000338, 2.070502786264019957, -1.449385447233459967 ) ) ;
#5330 = DIRECTION ( 'NONE',  ( 2.048885995248197414E-16, 0.000000000000000000, -1.000000000000000000 ) ) ;
#5331 = CARTESIAN_POINT ( 'NONE',  ( 1.379999999999999893, 2.243485895057410140, 0.2119955182371880131 ) ) ;
#5332 = VERTEX_POINT ( 'NONE', #4950 ) ;
#5333 = ORIENTED_EDGE ( 'NONE', *, *, #5400, .T. ) ;
#5334 = LINE ( 'NONE', #1527, #3339 ) ;
#5335 = DIRECTION ( 'NONE',  ( 0.000000000000000000, 0.9879614813472422652, -0.1547000690826050573 ) ) ;
#5336 = AXIS2_PLACEMENT_3D ( 'NONE', #4806, #3300, #4581 ) ;
#5337 = ORIENTED_EDGE ( 'NONE', *, *, #3776, .T. ) ;
#5338 = CARTESIAN_POINT ( 'NONE',  ( 1.379999999999999893, 2.237352282273870507, -0.1849315072808750127 ) ) ;
#5339 = DIRECTION ( 'NONE',  ( 1.000000000000000000, 0.000000000000000000, 0.000000000000000000 ) ) ;
#5340 = ORIENTED_EDGE ( 'NONE', *, *, #4171, .F. ) ;
#5341 = DIRECTION ( 'NONE',  ( 0.000000000000000000, -0.9628491381317998421, -0.2700398807562511272 ) ) ;
#5342 = LINE ( 'NONE', #1144, #2331 ) ;
#5343 = CARTESIAN_POINT ( 'NONE',  ( 1.379999999999999893, 2.523629592551110079, 0.3459275904858580275 ) ) ;
#5344 = CARTESIAN_POINT ( 'NONE',  ( 1.394334220106409949, 2.486652238561649852, -0.4525014031277149740 ) ) ;
#5345 = AXIS2_PLACEMENT_3D ( 'NONE', #4363, #1910, #1044 ) ;
#5346 = VERTEX_POINT ( 'NONE', #696 ) ;
#5347 = DIRECTION ( 'NONE',  ( 1.807003620809173892E-16, 0.000000000000000000, -1.000000000000000000 ) ) ;
#5348 = EDGE_LOOP ( 'NONE', ( #35, #2310, #119, #3207 ) ) ;
#5349 = EDGE_CURVE ( 'NONE', #3976, #233, #1943, .T. ) ;
#5350 = FACE_OUTER_BOUND ( 'NONE', #3590, .T. ) ;
#5351 = VECTOR ( 'NONE', #4829, 1000.000000000000227 ) ;
#5352 = ORIENTED_EDGE ( 'NONE', *, *, #674, .T. ) ;
#5353 = ORIENTED_EDGE ( 'NONE', *, *, #2615, .T. ) ;
#5354 = LINE ( 'NONE', #2022, #2419 ) ;
#5355 = EDGE_CURVE ( 'NONE', #5332, #5115, #3181, .T. ) ;
#5356 = LINE ( 'NONE', #2023, #1815 ) ;
#5357 = VECTOR ( 'NONE', #497, 1000.000000000000000 ) ;
#5358 = EDGE_CURVE ( 'NONE', #725, #1471, #644, .T. ) ;
#5359 = FACE_OUTER_BOUND ( 'NONE', #1497, .T. ) ;
#5360 = CARTESIAN_POINT ( 'NONE',  ( 2.880000000000000338, 1.810417492354559954, -0.7912649203304588097 ) ) ;
#5361 = VECTOR ( 'NONE', #4043, 1000.000000000000227 ) ;
#5362 = VECTOR ( 'NONE', #1145, 1000.000000000000000 ) ;
#5363 = ORIENTED_EDGE ( 'NONE', *, *, #776, .T. ) ;
#5364 = ORIENTED_EDGE ( 'NONE', *, *, #100, .F. ) ;
#5365 = FACE_BOUND ( 'NONE', #5114, .T. ) ;
#5366 = VECTOR ( 'NONE', #5040, 1000.000000000000000 ) ;
#5367 = VECTOR ( 'NONE', #3600, 1000.000000000000000 ) ;
#5368 = DIRECTION ( 'NONE',  ( 0.000000000000000000, -0.8660254037844391517, -0.4999999999999990563 ) ) ;
#5369 = VECTOR ( 'NONE', #1467, 1000.000000000000000 ) ;
#5370 = VECTOR ( 'NONE', #1674, 1000.000000000000000 ) ;
#5371 = FACE_OUTER_BOUND ( 'NONE', #5064, .T. ) ;
#5372 = CARTESIAN_POINT ( 'NONE',  ( 2.879999999999999893, -1.958983899407449991, -0.9956019809845889634 ) ) ;
#5373 = ORIENTED_EDGE ( 'NONE', *, *, #571, .F. ) ;
#5374 = PLANE ( 'NONE',  #317 ) ;
#5375 = CARTESIAN_POINT ( 'NONE',  ( 1.394334220106409949, 2.501986334736229889, -0.4582198139932640024 ) ) ;
#5376 = CIRCLE ( 'NONE', #1206, 1.229500000000000037 ) ;
#5377 = LINE ( 'NONE', #4959, #3773 ) ;
#5378 = CARTESIAN_POINT ( 'NONE',  ( 1.379999999999999893, 1.892261543406390079, -1.201324054218069958E-06 ) ) ;
#5379 = VECTOR ( 'NONE', #4872, 1000.000000000000000 ) ;
#5380 = ORIENTED_EDGE ( 'NONE', *, *, #230, .F. ) ;
#5381 = ORIENTED_EDGE ( 'NONE', *, *, #4988, .T. ) ;
#5382 = PLANE ( 'NONE',  #4228 ) ;
#5383 = EDGE_CURVE ( 'NONE', #1849, #1038, #231, .T. ) ;
#5384 = ORIENTED_EDGE ( 'NONE', *, *, #3828, .T. ) ;
#5385 = DIRECTION ( 'NONE',  ( -1.000000000000000000, 0.000000000000000000, 0.000000000000000000 ) ) ;
#5386 = EDGE_LOOP ( 'NONE', ( #4384, #4869, #5167 ) ) ;
#5387 = LINE ( 'NONE', #1153, #4019 ) ;
#5388 = PLANE ( 'NONE',  #2795 ) ;
#5389 = DIRECTION ( 'NONE',  ( -2.466431482431479202E-16, 0.000000000000000000, 1.000000000000000000 ) ) ;
#5390 = CARTESIAN_POINT ( 'NONE',  ( 1.394334220106409949, 2.521531062727529804, -0.2346925392432749891 ) ) ;
#5391 = EDGE_CURVE ( 'NONE', #430, #233, #4895, .T. ) ;
#5392 = EDGE_CURVE ( 'NONE', #4522, #1726, #4063, .T. ) ;
#5393 = CARTESIAN_POINT ( 'NONE',  ( 1.379999999999999893, 2.422424264911790193, -0.05453024012881570182 ) ) ;
#5394 = VERTEX_POINT ( 'NONE', #4087 ) ;
#5395 = ORIENTED_EDGE ( 'NONE', *, *, #6, .T. ) ;
#5396 = DIRECTION ( 'NONE',  ( -1.000000000000000000, -1.224646799147350002E-16, -6.123233995736769734E-17 ) ) ;
#5397 = LINE ( 'NONE', #3382, #1196 ) ;
#5398 = CARTESIAN_POINT ( 'NONE',  ( 1.379999999999999893, 2.523629592551110079, -0.05453024012881570182 ) ) ;
#5399 = ADVANCED_FACE ( 'NONE', ( #5096 ), #2478, .F. ) ;
#5400 = EDGE_CURVE ( 'NONE', #2918, #2572, #2085, .T. ) ;
#5401 = LINE ( 'NONE', #1165, #584 ) ;
#5402 = DIRECTION ( 'NONE',  ( 0.000000000000000000, 0.2696926424169870939, -0.9629464567805123831 ) ) ;
#5403 = ORIENTED_EDGE ( 'NONE', *, *, #3929, .F. ) ;
#5404 = LINE ( 'NONE', #2879, #3084 ) ;
#5405 = PLANE ( 'NONE',  #739 ) ;
#5406 = PLANE ( 'NONE',  #1976 ) ;
#5407 = DIRECTION ( 'NONE',  ( 0.000000000000000000, -1.000000000000000000, -0.000000000000000000 ) ) ;
#5408 = ORIENTED_EDGE ( 'NONE', *, *, #4415, .F. ) ;
#5409 = DIRECTION ( 'NONE',  ( 0.000000000000000000, 0.8660254037844383745, -0.5000000000000003331 ) ) ;
#5410 = CARTESIAN_POINT ( 'NONE',  ( 1.379999999999999893, 2.481543631422490570, -0.4482944105905189991 ) ) ;
#5411 = EDGE_LOOP ( 'NONE', ( #4856, #4845, #2888, #3092, #107, #2956, #209, #1288, #500, #1043, #763, #2112, #4863, #1064, #2945, #3387, #4435, #867, #4184, #1634, #2770, #4509, #112 ) ) ;
#5412 = CARTESIAN_POINT ( 'NONE',  ( 1.379999999999999893, 2.503303842999569984, -0.4528350302202049926 ) ) ;
#5413 = VERTEX_POINT ( 'NONE', #2502 ) ;
#5414 = DIRECTION ( 'NONE',  ( 0.000000000000000000, 0.000000000000000000, -1.000000000000000000 ) ) ;
#5415 = ORIENTED_EDGE ( 'NONE', *, *, #2947, .T. ) ;
#5416 = CARTESIAN_POINT ( 'NONE',  ( 1.394334220106409949, 2.385763063567630127, 0.2488730229627550694 ) ) ;
#5417 = DIRECTION ( 'NONE',  ( 1.000000000000000000, -0.000000000000000000, 2.220446049250310123E-16 ) ) ;
#5418 = DIRECTION ( 'NONE',  ( -0.000000000000000000, 0.000000000000000000, 1.000000000000000000 ) ) ;
#5419 = CARTESIAN_POINT ( 'NONE',  ( 1.379999999999999893, 2.513397826239148980, 0.2400852859843186637 ) ) ;
#5420 = ORIENTED_EDGE ( 'NONE', *, *, #1295, .T. ) ;
#5421 = EDGE_CURVE ( 'NONE', #1203, #1849, #4152, .T. ) ;
#5422 = ORIENTED_EDGE ( 'NONE', *, *, #731, .T. ) ;
#5423 = PLANE ( 'NONE',  #1102 ) ;
#5424 = EDGE_CURVE ( 'NONE', #1501, #998, #14, .T. ) ;
#5425 = DIRECTION ( 'NONE',  ( -1.000000000000000000, -0.000000000000000000, 0.000000000000000000 ) ) ;
#5426 = ORIENTED_EDGE ( 'NONE', *, *, #1314, .F. ) ;
#5427 = CARTESIAN_POINT ( 'NONE',  ( 1.379999999999999893, 2.491505769002719806, -0.4649539812295779839 ) ) ;
#5428 = ORIENTED_EDGE ( 'NONE', *, *, #1000, .T. ) ;
#5429 = EDGE_CURVE ( 'NONE', #4996, #3707, #398, .T. ) ;
#5430 = EDGE_CURVE ( 'NONE', #3720, #1690, #1613, .T. ) ;
#5431 = DIRECTION ( 'NONE',  ( -0.000000000000000000, -1.000000000000000000, -0.000000000000000000 ) ) ;
#5432 = DIRECTION ( 'NONE',  ( 0.000000000000000000, -0.5000000000000215383, -0.8660254037844262731 ) ) ;
#5433 = DIRECTION ( 'NONE',  ( 0.000000000000000000, 0.8351291180228941347, -0.5500539575626220978 ) ) ;
#5434 = ORIENTED_EDGE ( 'NONE', *, *, #4415, .T. ) ;
#5435 = FACE_OUTER_BOUND ( 'NONE', #2752, .T. ) ;
#5436 = EDGE_LOOP ( 'NONE', ( #3535, #1121, #93, #3830 ) ) ;
#5437 = VECTOR ( 'NONE', #1174, 1000.000000000000227 ) ;
#5438 = CARTESIAN_POINT ( 'NONE',  ( 2.860950000000000326, -2.192195559949232209, -1.053329161976396255 ) ) ;
#5439 = VECTOR ( 'NONE', #1741, 1000.000000000000227 ) ;
#5440 = ORIENTED_EDGE ( 'NONE', *, *, #4828, .T. ) ;
#5441 = VERTEX_POINT ( 'NONE', #2961 ) ;
#5442 = DIRECTION ( 'NONE',  ( -1.000000000000000000, -0.000000000000000000, -0.000000000000000000 ) ) ;
#5443 = LINE ( 'NONE', #4190, #1900 ) ;
#5444 = SURFACE_SIDE_STYLE ('',( #2385 ) ) ;
#5445 = CARTESIAN_POINT ( 'NONE',  ( 1.394334220106409949, 2.309420209805410629, -0.2852079774572949811 ) ) ;
#5446 = VECTOR ( 'NONE', #2126, 999.9999999999998863 ) ;
#5447 = ORIENTED_EDGE ( 'NONE', *, *, #4164, .T. ) ;
#5448 = CARTESIAN_POINT ( 'NONE',  ( 1.394334220106409949, 2.521531062727529804, -0.2852079774572948700 ) ) ;
#5449 = VERTEX_POINT ( 'NONE', #3734 ) ;
#5450 = PLANE ( 'NONE',  #5187 ) ;
#5451 = CARTESIAN_POINT ( 'NONE',  ( 1.379999999999999893, 2.463272841927400147, -0.4667935467042370612 ) ) ;
#5452 = VECTOR ( 'NONE', #796, 1000.000000000000000 ) ;
#5453 = VECTOR ( 'NONE', #1710, 1000.000000000000227 ) ;
#5454 = EDGE_CURVE ( 'NONE', #5007, #2164, #757, .T. ) ;
#5455 = VERTEX_POINT ( 'NONE', #3797 ) ;
#5456 = AXIS2_PLACEMENT_3D ( 'NONE', #103, #3085, #1479 ) ;
#5457 = AXIS2_PLACEMENT_3D ( 'NONE', #16, #2420, #4123 ) ;
#5458 = DIRECTION ( 'NONE',  ( 0.000000000000000000, 0.6811833507215883099, -0.7321128619958193751 ) ) ;
#5459 = DIRECTION ( 'NONE',  ( -1.000000000000000000, 0.000000000000000000, -0.000000000000000000 ) ) ;
#5460 = ORIENTED_EDGE ( 'NONE', *, *, #1658, .F. ) ;
#5461 = CARTESIAN_POINT ( 'NONE',  ( 1.379999999999999893, 2.375141406468780580, 0.2468665188322598514 ) ) ;
#5462 = LINE ( 'NONE', #3770, #2322 ) ;
#5463 = CARTESIAN_POINT ( 'NONE',  ( 1.379999999999999893, 2.502887340387287107, -0.4560289252521323444 ) ) ;
#5464 = VECTOR ( 'NONE', #3871, 1000.000000000000000 ) ;
#5465 = AXIS2_PLACEMENT_3D ( 'NONE', #5331, #1521, #3228 ) ;
#5466 = EDGE_CURVE ( 'NONE', #4839, #1960, #4119, .T. ) ;
#5467 = ORIENTED_EDGE ( 'NONE', *, *, #3864, .F. ) ;
#5468 = VECTOR ( 'NONE', #3122, 1000.000000000000114 ) ;
#5469 = CARTESIAN_POINT ( 'NONE',  ( 1.439999999999999725, 1.229500000000000259, 2.387448934937765153E-16 ) ) ;
#5470 = VERTEX_POINT ( 'NONE', #1161 ) ;
#5471 = FACE_OUTER_BOUND ( 'NONE', #5301, .T. ) ;
#5472 = AXIS2_PLACEMENT_3D ( 'NONE', #1708, #2542, #5046 ) ;
#5473 = ADVANCED_FACE ( 'NONE', ( #2842 ), #3319, .F. ) ;
#5474 = ORIENTED_EDGE ( 'NONE', *, *, #4267, .T. ) ;
#5475 = ORIENTED_EDGE ( 'NONE', *, *, #69, .T. ) ;
#5476 = DIRECTION ( 'NONE',  ( 0.7071067812608438086, 0.7071067811122512259, 0.000000000000000000 ) ) ;
#5477 = DIRECTION ( 'NONE',  ( 1.000000000000000000, -6.213327282967790716E-30, 1.807003620816442506E-16 ) ) ;
#5478 = VECTOR ( 'NONE', #4631, 1000.000000000000000 ) ;
#5479 = CARTESIAN_POINT ( 'NONE',  ( 1.394334220106409949, 2.362123067768130191, 0.1402156209745170079 ) ) ;
#5480 = DIRECTION ( 'NONE',  ( 0.000000000000000000, 0.8875709788825885127, -0.4606709861120012461 ) ) ;
#5481 = ORIENTED_EDGE ( 'NONE', *, *, #4516, .T. ) ;
#5482 = DIRECTION ( 'NONE',  ( 0.000000000000000000, 0.05371555010020771792, 0.9985562776716352396 ) ) ;
#5483 = ORIENTED_EDGE ( 'NONE', *, *, #1141, .T. ) ;
#5484 = SURFACE_STYLE_FILL_AREA ( #369 ) ;
#5485 = PLANE ( 'NONE',  #4759 ) ;
#5486 = ORIENTED_EDGE ( 'NONE', *, *, #607, .T. ) ;
#5487 = PLANE ( 'NONE',  #138 ) ;
#5488 = CYLINDRICAL_SURFACE ( 'NONE', #3154, 0.03983479767572119939 ) ;
#5489 = ORIENTED_EDGE ( 'NONE', *, *, #4300, .T. ) ;
#5490 = LINE ( 'NONE', #3107, #5287 ) ;
#5491 = CARTESIAN_POINT ( 'NONE',  ( 1.394334220106409949, 2.463272841927400147, -0.4324412773117429776 ) ) ;
#5492 = ORIENTED_EDGE ( 'NONE', *, *, #1453, .T. ) ;
#5493 = EDGE_CURVE ( 'NONE', #394, #1182, #1648, .T. ) ;
#5494 = FACE_OUTER_BOUND ( 'NONE', #2553, .T. ) ;
#5495 = ORIENTED_EDGE ( 'NONE', *, *, #1419, .T. ) ;
#5496 = EDGE_CURVE ( 'NONE', #3393, #5123, #839, .T. ) ;
#5497 = LINE ( 'NONE', #2573, #3325 ) ;
ENDSEC;
END-ISO-10303-21;
