ISO-10303-21;
HEADER;
FILE_DESCRIPTION (( 'STEP AP214' ),
    '1' );
FILE_NAME ('CLS-M3-1.step',
    '2026-02-27T00:30:40',
    ( '' ),
    ( '' ),
    'SwSTEP 2.0',
    'SolidWorks 2023',
    '' );
FILE_SCHEMA (( 'AUTOMOTIVE_DESIGN' ));
ENDSEC;

DATA;
#1 = CARTESIAN_POINT ( 'NONE',  ( 0.9843342201064919639, 1.892261543406353885, -0.3948934297113709802 ) ) ;
#2 = LINE ( 'NONE', #2127, #1884 ) ;
#3 = CARTESIAN_POINT ( 'NONE',  ( 0.9700000000000541522, 2.523629592551229983, 0.3459275904864889117 ) ) ;
#4 = DIRECTION ( 'NONE',  ( 6.845769268624693726E-16, -5.551115123125739315E-16, -1.000000000000000000 ) ) ;
#5 = AXIS2_PLACEMENT_3D ( 'NONE', #4408, #618, #1933 ) ;
#6 =( NAMED_UNIT ( * ) SI_UNIT ( $, .STERADIAN. ) SOLID_ANGLE_UNIT ( ) );
#7 = EDGE_LOOP ( 'NONE', ( #2970, #714, #3319, #5421 ) ) ;
#8 = DIRECTION ( 'NONE',  ( 6.437999502871166137E-16, 0.4999999999999577560, -0.8660254037844629105 ) ) ;
#9 = VECTOR ( 'NONE', #2465, 1000.000000000000000 ) ;
#10 = VERTEX_POINT ( 'NONE', #3760 ) ;
#11 = EDGE_CURVE ( 'NONE', #4166, #1694, #2544, .T. ) ;
#12 = CARTESIAN_POINT ( 'NONE',  ( 0.9699999999999986411, 2.377886409619334174, 0.2473798272546595678 ) ) ;
#13 = LINE ( 'NONE', #133, #2008 ) ;
#14 = EDGE_LOOP ( 'NONE', ( #2770, #413, #3636, #5169 ) ) ;
#15 = VECTOR ( 'NONE', #3752, 1000.000000000000000 ) ;
#16 = CARTESIAN_POINT ( 'NONE',  ( 0.9699999999999986411, 2.219308366003869271, 0.03026883183765427532 ) ) ;
#17 = ORIENTED_EDGE ( 'NONE', *, *, #990, .F. ) ;
#18 = ADVANCED_FACE ( 'NONE', ( #1149 ), #2842, .F. ) ;
#19 = ORIENTED_EDGE ( 'NONE', *, *, #4869, .F. ) ;
#20 = CARTESIAN_POINT ( 'NONE',  ( 0.9699999999999986411, 2.473336351479572759, -0.4538286831452240100 ) ) ;
#21 = VECTOR ( 'NONE', #356, 1000.000000000000000 ) ;
#22 = DIRECTION ( 'NONE',  ( 1.000000000000000000, 2.000187765493029413E-16, 6.845769268624692740E-16 ) ) ;
#23 = PLANE ( 'NONE',  #4901 ) ;
#24 = DIRECTION ( 'NONE',  ( 4.593161372622970225E-16, -0.6388582020700594999, -0.7693245073750160090 ) ) ;
#25 = PRESENTATION_LAYER_ASSIGNMENT (  '', '', ( #1723 ) ) ;
#26 = EDGE_LOOP ( 'NONE', ( #1191, #3235, #5460, #2728 ) ) ;
#27 = EDGE_LOOP ( 'NONE', ( #1835, #1216, #2483, #2941 ) ) ;
#28 = EDGE_CURVE ( 'NONE', #5151, #4436, #3880, .T. ) ;
#29 = ORIENTED_EDGE ( 'NONE', *, *, #311, .F. ) ;
#30 = CARTESIAN_POINT ( 'NONE',  ( 0.9843342201064364527, 2.362123067768146178, 0.1402156209749927385 ) ) ;
#31 = CARTESIAN_POINT ( 'NONE',  ( 0.9700000000000541522, 2.516865274082874748, 0.2540680310140347453 ) ) ;
#32 = VECTOR ( 'NONE', #3173, 1000.000000000000114 ) ;
#33 = PLANE ( 'NONE',  #2849 ) ;
#34 = CARTESIAN_POINT ( 'NONE',  ( 0.9699999999999986411, 2.523629592551174028, 0.03026883183757100859 ) ) ;
#35 = CARTESIAN_POINT ( 'NONE',  ( 0.9699999999999986411, 2.398268237188666774, 0.01740461005361737534 ) ) ;
#36 = VECTOR ( 'NONE', #2252, 1000.000000000000114 ) ;
#37 = ADVANCED_FACE ( 'NONE', ( #3103 ), #4743, .T. ) ;
#38 =( NAMED_UNIT ( * ) PLANE_ANGLE_UNIT ( ) SI_UNIT ( $, .RADIAN. ) );
#39 =( LENGTH_UNIT ( ) NAMED_UNIT ( * ) SI_UNIT ( .MILLI., .METRE. ) );
#40 = AXIS2_PLACEMENT_3D ( 'NONE', #4906, #3677, #4569 ) ;
#41 = ORIENTED_EDGE ( 'NONE', *, *, #1669, .T. ) ;
#42 = DIRECTION ( 'NONE',  ( -1.068786975720299338E-15, 1.443289932012702714E-15, 1.000000000000000000 ) ) ;
#43 = EDGE_LOOP ( 'NONE', ( #5046, #1493, #3120, #3801 ) ) ;
#44 = VECTOR ( 'NONE', #118, 1000.000000000000000 ) ;
#45 = LINE ( 'NONE', #3772, #1644 ) ;
#46 = DIRECTION ( 'NONE',  ( 0.000000000000000000, 5.505339963068690462E-16, 1.000000000000000000 ) ) ;
#47 = VERTEX_POINT ( 'NONE', #4799 ) ;
#48 = AXIS2_PLACEMENT_3D ( 'NONE', #4942, #3214, #5392 ) ;
#49 = CARTESIAN_POINT ( 'NONE',  ( 0.9843342201064364527, 2.513397826239216482, 0.2400852859844870846 ) ) ;
#50 = ORIENTED_EDGE ( 'NONE', *, *, #842, .T. ) ;
#51 = ORIENTED_EDGE ( 'NONE', *, *, #1141, .T. ) ;
#52 = PLANE ( 'NONE',  #149 ) ;
#53 = AXIS2_PLACEMENT_3D ( 'NONE', #5189, #958, #2652 ) ;
#54 = DIRECTION ( 'NONE',  ( 7.870191347401749298E-16, 0.1875609302838795178, -0.9822529701818395464 ) ) ;
#55 = EDGE_CURVE ( 'NONE', #880, #1345, #4686, .T. ) ;
#56 = DIRECTION ( 'NONE',  ( -1.000000000000000000, -2.000187765493021278E-16, 7.400880780937300593E-16 ) ) ;
#57 = CARTESIAN_POINT ( 'NONE',  ( 0.9843342201064919639, 1.975537752030132044, 0.3948905628679624802 ) ) ;
#58 = VERTEX_POINT ( 'NONE', #3518 ) ;
#59 = ORIENTED_EDGE ( 'NONE', *, *, #2579, .T. ) ;
#60 = ORIENTED_EDGE ( 'NONE', *, *, #2342, .T. ) ;
#61 = DIRECTION ( 'NONE',  ( 3.380457028803539450E-16, -0.7714242457508521111, -0.6363211713181708973 ) ) ;
#62 = DIRECTION ( 'NONE',  ( -3.947144821217413832E-16, 0.7144949460126306384, 0.6996406021111182261 ) ) ;
#63 = EDGE_CURVE ( 'NONE', #4736, #5251, #2597, .T. ) ;
#64 = DIRECTION ( 'NONE',  ( -6.845769268624692740E-16, 5.551115123125739315E-16, 1.000000000000000000 ) ) ;
#65 = CARTESIAN_POINT ( 'NONE',  ( 2.470000000000110774, 1.677594408828753103, -1.222539689753984860 ) ) ;
#66 = LINE ( 'NONE', #4803, #916 ) ;
#67 = CARTESIAN_POINT ( 'NONE',  ( 0.9843342201064364527, 2.483238627135203380, -0.4169470231356793843 ) ) ;
#68 = CARTESIAN_POINT ( 'NONE',  ( 0.9843342201064364527, 2.375141406468883609, 0.2468665188329194349 ) ) ;
#69 = EDGE_CURVE ( 'NONE', #2133, #577, #542, .T. ) ;
#70 = VERTEX_POINT ( 'NONE', #120 ) ;
#71 = FACE_OUTER_BOUND ( 'NONE', #7, .T. ) ;
#72 = VERTEX_POINT ( 'NONE', #517 ) ;
#73 = CARTESIAN_POINT ( 'NONE',  ( 0.9699999999999986411, 2.463272841927127921, -0.4369951808727984277 ) ) ;
#74 = CARTESIAN_POINT ( 'NONE',  ( 2.450949999999840756, -0.06106376598072338346, 2.417505155565546904 ) ) ;
#75 = VERTEX_POINT ( 'NONE', #985 ) ;
#76 = CARTESIAN_POINT ( 'NONE',  ( 0.9699999999999986411, 2.468829751779949788, -0.4649157309895568524 ) ) ;
#77 = ORIENTED_EDGE ( 'NONE', *, *, #1326, .F. ) ;
#78 = VERTEX_POINT ( 'NONE', #2155 ) ;
#79 = FACE_OUTER_BOUND ( 'NONE', #4392, .T. ) ;
#80 = CARTESIAN_POINT ( 'NONE',  ( 0.9843342201064364527, 2.486879519042556552, 0.1903914117196842115 ) ) ;
#81 = DIRECTION ( 'NONE',  ( 1.000000000000000000, 1.722632009336720063E-16, -7.400880780937477100E-16 ) ) ;
#82 = LINE ( 'NONE', #2670, #2860 ) ;
#83 = ORIENTED_EDGE ( 'NONE', *, *, #2164, .T. ) ;
#84 = ORIENTED_EDGE ( 'NONE', *, *, #69, .F. ) ;
#85 = ORIENTED_EDGE ( 'NONE', *, *, #3836, .F. ) ;
#86 = LINE ( 'NONE', #1795, #1660 ) ;
#87 = EDGE_CURVE ( 'NONE', #5052, #138, #2, .T. ) ;
#88 = LINE ( 'NONE', #2678, #44 ) ;
#89 = CARTESIAN_POINT ( 'NONE',  ( 2.470000000000027729, 0.06360232754365480190, 2.173161927247618586 ) ) ;
#90 = LINE ( 'NONE', #1799, #1714 ) ;
#91 = CARTESIAN_POINT ( 'NONE',  ( 0.9699999999999986411, 2.494238536142306728, -0.4649539812289077423 ) ) ;
#92 = EDGE_CURVE ( 'NONE', #3952, #416, #3126, .T. ) ;
#93 = DIRECTION ( 'NONE',  ( 6.845769268624692740E-16, -5.551115123125739315E-16, -1.000000000000000000 ) ) ;
#94 = AXIS2_PLACEMENT_3D ( 'NONE', #3791, #5495, #2430 ) ;
#95 = FACE_BOUND ( 'NONE', #938, .T. ) ;
#96 = ORIENTED_EDGE ( 'NONE', *, *, #2618, .F. ) ;
#97 = DIRECTION ( 'NONE',  ( 5.933816903822598884E-16, 0.7463495512542417387, -0.6655541655963036485 ) ) ;
#98 = VERTEX_POINT ( 'NONE', #3934 ) ;
#99 = AXIS2_PLACEMENT_3D ( 'NONE', #1797, #871, #4266 ) ;
#100 = EDGE_CURVE ( 'NONE', #5483, #4896, #3406, .T. ) ;
#101 = EDGE_CURVE ( 'NONE', #1336, #3958, #3437, .T. ) ;
#102 = PLANE ( 'NONE',  #1102 ) ;
#103 = PLANE ( 'NONE',  #2192 ) ;
#104 = ORIENTED_EDGE ( 'NONE', *, *, #5475, .T. ) ;
#105 = AXIS2_PLACEMENT_3D ( 'NONE', #5080, #2049, #4632 ) ;
#106 = DIRECTION ( 'NONE',  ( -1.000000000000000000, -2.000187765493021278E-16, 7.400880780937300593E-16 ) ) ;
#107 = ORIENTED_EDGE ( 'NONE', *, *, #5503, .F. ) ;
#108 = ADVANCED_FACE ( 'NONE', ( #5224 ), #3017, .F. ) ;
#109 = CARTESIAN_POINT ( 'NONE',  ( 2.470000000000027729, 0.03232682635359584999, 2.273457506810267148 ) ) ;
#110 = VECTOR ( 'NONE', #653, 999.9999999999998863 ) ;
#111 = FACE_OUTER_BOUND ( 'NONE', #4365, .T. ) ;
#112 = LINE ( 'NONE', #5214, #1280 ) ;
#113 = VERTEX_POINT ( 'NONE', #487 ) ;
#114 = VERTEX_POINT ( 'NONE', #453 ) ;
#115 = AXIS2_PLACEMENT_3D ( 'NONE', #5108, #2025, #4162 ) ;
#116 = ORIENTED_EDGE ( 'NONE', *, *, #267, .F. ) ;
#117 = PLANE ( 'NONE',  #1570 ) ;
#118 = DIRECTION ( 'NONE',  ( -1.445076253180192051E-16, -1.000000000000000000, 2.553512956637819811E-15 ) ) ;
#119 = VECTOR ( 'NONE', #1156, 1000.000000000000000 ) ;
#120 = CARTESIAN_POINT ( 'NONE',  ( 0.9699999999999986411, 2.503720345612054032, -0.4439715996293197575 ) ) ;
#121 = DIRECTION ( 'NONE',  ( 4.113308104467484694E-16, -0.6291982286679697056, -0.7772448707074812724 ) ) ;
#122 = LINE ( 'NONE', #1325, #3665 ) ;
#123 = AXIS2_PLACEMENT_3D ( 'NONE', #2619, #1675, #4677 ) ;
#124 = VECTOR ( 'NONE', #4679, 1000.000000000000227 ) ;
#125 = PLANE ( 'NONE',  #1741 ) ;
#126 = CARTESIAN_POINT ( 'NONE',  ( 0.9843342201063809416, 2.237535760291314624, -0.2852079774566251835 ) ) ;
#127 = ORIENTED_EDGE ( 'NONE', *, *, #4519, .F. ) ;
#128 = LINE ( 'NONE', #1358, #280 ) ;
#129 = ADVANCED_FACE ( 'NONE', ( #3847 ), #33, .F. ) ;
#130 = VECTOR ( 'NONE', #1601, 1000.000000000000000 ) ;
#131 = AXIS2_PLACEMENT_3D ( 'NONE', #1831, #4778, #2245 ) ;
#132 = CARTESIAN_POINT ( 'NONE',  ( 2.450949999999840756, 0.03232682635370687230, 2.345481331187900143 ) ) ;
#133 = CARTESIAN_POINT ( 'NONE',  ( 0.9700000000000541522, 2.368266714505629089, 0.2891414307972656195 ) ) ;
#134 = EDGE_LOOP ( 'NONE', ( #4997, #5014, #810, #3823 ) ) ;
#135 = EDGE_CURVE ( 'NONE', #431, #4048, #1323, .T. ) ;
#136 = LINE ( 'NONE', #3609, #3938 ) ;
#137 = VECTOR ( 'NONE', #774, 1000.000000000000114 ) ;
#138 = VERTEX_POINT ( 'NONE', #2187 ) ;
#139 = DIRECTION ( 'NONE',  ( 6.845769268624692740E-16, -5.551115123125739315E-16, -1.000000000000000000 ) ) ;
#140 = AXIS2_PLACEMENT_3D ( 'NONE', #4717, #374, #4691 ) ;
#141 = EDGE_CURVE ( 'NONE', #3419, #5243, #3489, .T. ) ;
#142 = LINE ( 'NONE', #1848, #3856 ) ;
#143 = ORIENTED_EDGE ( 'NONE', *, *, #4168, .F. ) ;
#144 = VECTOR ( 'NONE', #5219, 1000.000000000000114 ) ;
#145 = ORIENTED_EDGE ( 'NONE', *, *, #2060, .T. ) ;
#146 = CARTESIAN_POINT ( 'NONE',  ( 0.1119230769230927791, -5.551115123125782702E-14, 0.000000000000000000 ) ) ;
#147 = CARTESIAN_POINT ( 'NONE',  ( 0.9843342201064364527, 2.483238627135203380, -0.4785059732241398467 ) ) ;
#148 = FACE_BOUND ( 'NONE', #4145, .T. ) ;
#149 = AXIS2_PLACEMENT_3D ( 'NONE', #5508, #5153, #1224 ) ;
#150 = CARTESIAN_POINT ( 'NONE',  ( 0.9843342201064364527, 2.473521781208132264, -0.4638553493384323101 ) ) ;
#151 = CARTESIAN_POINT ( 'NONE',  ( 2.469999999999888729, 0.06360232754346051287, 2.517800735127605272 ) ) ;
#152 = CARTESIAN_POINT ( 'NONE',  ( 0.9699999999999986411, 2.237352282273868731, -0.1849315072806612115 ) ) ;
#153 = FACE_OUTER_BOUND ( 'NONE', #3362, .T. ) ;
#154 = FACE_OUTER_BOUND ( 'NONE', #1233, .T. ) ;
#155 = ORIENTED_EDGE ( 'NONE', *, *, #4923, .T. ) ;
#156 = PLANE ( 'NONE',  #4625 ) ;
#157 = EDGE_CURVE ( 'NONE', #1130, #385, #3907, .T. ) ;
#158 = DIRECTION ( 'NONE',  ( -1.000000000000000000, -2.000187765493021278E-16, 7.400880780937300593E-16 ) ) ;
#159 = DIRECTION ( 'NONE',  ( 5.882887990558551382E-16, 0.4999999999999998890, -0.8660254037844387076 ) ) ;
#160 = ORIENTED_EDGE ( 'NONE', *, *, #5242, .F. ) ;
#161 = CARTESIAN_POINT ( 'NONE',  ( 2.450950000000007289, 1.983372645742748075, -1.399080837149180301 ) ) ;
#162 = ORIENTED_EDGE ( 'NONE', *, *, #4753, .F. ) ;
#163 = CARTESIAN_POINT ( 'NONE',  ( 2.469999999999861195, -0.2359217314835682089, 2.240650367564128942 ) ) ;
#164 = EDGE_CURVE ( 'NONE', #2924, #4087, #1381, .T. ) ;
#165 = CARTESIAN_POINT ( 'NONE',  ( 0.9700000000000541522, 1.975537752030215310, -7.167110113726060661E-06 ) ) ;
#166 = DIRECTION ( 'NONE',  ( -6.845769268624692740E-16, 5.551115123125739315E-16, 1.000000000000000000 ) ) ;
#167 = VERTEX_POINT ( 'NONE', #960 ) ;
#168 = ORIENTED_EDGE ( 'NONE', *, *, #2399, .F. ) ;
#169 = PLANE ( 'NONE',  #2897 ) ;
#170 = EDGE_CURVE ( 'NONE', #5360, #621, #2782, .T. ) ;
#171 = CARTESIAN_POINT ( 'NONE',  ( 2.450950000000007289, -0.1043506507306113384, 2.068330963623861596 ) ) ;
#172 = EDGE_CURVE ( 'NONE', #621, #275, #3990, .T. ) ;
#173 = LINE ( 'NONE', #1410, #4046 ) ;
#174 = CARTESIAN_POINT ( 'NONE',  ( 0.9699999999999986411, 2.466494824628989946, -0.2095089610752998155 ) ) ;
#175 = DIRECTION ( 'NONE',  ( -5.450653880985233058E-16, 0.1293109790943751669, 0.9916040896878420829 ) ) ;
#176 = CARTESIAN_POINT ( 'NONE',  ( 0.9699999999999986411, 2.324343390078947635, 0.1250508761554830484 ) ) ;
#177 = CARTESIAN_POINT ( 'NONE',  ( 0.9843342201064364527, 2.332881258751279496, 0.1446480485160217544 ) ) ;
#178 = VERTEX_POINT ( 'NONE', #1063 ) ;
#179 = CARTESIAN_POINT ( 'NONE',  ( 2.470000000000027729, -1.958983899407018558, -0.9956019809842647783 ) ) ;
#180 = LINE ( 'NONE', #3163, #4309 ) ;
#181 = CARTESIAN_POINT ( 'NONE',  ( 0.9843342201064364527, 2.374112209465095713, 0.01740461005333981959 ) ) ;
#182 = ORIENTED_EDGE ( 'NONE', *, *, #2809, .T. ) ;
#183 = CARTESIAN_POINT ( 'NONE',  ( 0.9699999999999986411, 2.471054640734354990, -0.4415490844347086385 ) ) ;
#184 = AXIS2_PLACEMENT_3D ( 'NONE', #4878, #2315, #3125 ) ;
#185 = DIRECTION ( 'NONE',  ( 6.845769268624692740E-16, -5.551115123125739315E-16, -1.000000000000000000 ) ) ;
#186 = ADVANCED_FACE ( 'NONE', ( #4431 ), #1903, .F. ) ;
#187 = ORIENTED_EDGE ( 'NONE', *, *, #3916, .T. ) ;
#188 = DIRECTION ( 'NONE',  ( -1.000000000000000000, -2.000187765493021278E-16, 7.400880780937300593E-16 ) ) ;
#189 = DIRECTION ( 'NONE',  ( -6.845769268624692740E-16, 5.551115123125739315E-16, 1.000000000000000000 ) ) ;
#190 = AXIS2_PLACEMENT_3D ( 'NONE', #1268, #1238, #3738 ) ;
#191 = LINE ( 'NONE', #1926, #1730 ) ;
#192 = ADVANCED_FACE ( 'NONE', ( #1088 ), #673, .F. ) ;
#193 = VERTEX_POINT ( 'NONE', #5298 ) ;
#194 = VECTOR ( 'NONE', #5231, 1000.000000000000000 ) ;
#195 = ORIENTED_EDGE ( 'NONE', *, *, #2628, .F. ) ;
#196 = DIRECTION ( 'NONE',  ( -1.000000000000000000, -2.000187765493021278E-16, 7.400880780937300593E-16 ) ) ;
#197 = LINE ( 'NONE', #1409, #5449 ) ;
#198 = DIRECTION ( 'NONE',  ( 1.000000000000000000, 2.000187765493021278E-16, -7.400880780937300593E-16 ) ) ;
#199 = CARTESIAN_POINT ( 'NONE',  ( 0.9699999999999986411, 2.496811927282488242, -0.4437718483764896416 ) ) ;
#200 = EDGE_CURVE ( 'NONE', #4748, #3165, #2707, .T. ) ;
#201 = VECTOR ( 'NONE', #1192, 1000.000000000000000 ) ;
#202 = CARTESIAN_POINT ( 'NONE',  ( 0.9699999999999986411, 2.464945227416581730, -0.4660929883733150314 ) ) ;
#203 = ORIENTED_EDGE ( 'NONE', *, *, #2096, .F. ) ;
#204 = VECTOR ( 'NONE', #521, 1000.000000000000227 ) ;
#205 = DIRECTION ( 'NONE',  ( 1.000000000000000000, 2.000187765493021278E-16, -7.400880780937300593E-16 ) ) ;
#206 = ORIENTED_EDGE ( 'NONE', *, *, #3718, .F. ) ;
#207 = PLANE ( 'NONE',  #285 ) ;
#208 = EDGE_CURVE ( 'NONE', #2998, #4238, #5322, .T. ) ;
#209 = VECTOR ( 'NONE', #2757, 1000.000000000000000 ) ;
#210 = LINE ( 'NONE', #3087, #1193 ) ;
#211 = DIRECTION ( 'NONE',  ( -1.000000000000000000, -2.000187765493021278E-16, 7.400880780937300593E-16 ) ) ;
#212 = VECTOR ( 'NONE', #5321, 1000.000000000000000 ) ;
#213 = VERTEX_POINT ( 'NONE', #1117 ) ;
#214 = VECTOR ( 'NONE', #619, 1000.000000000000114 ) ;
#215 = DIRECTION ( 'NONE',  ( -1.000000000000000000, -2.000187765493021278E-16, 7.400880780937300593E-16 ) ) ;
#216 = DIRECTION ( 'NONE',  ( 6.845769268624692740E-16, -5.551115123125739315E-16, -1.000000000000000000 ) ) ;
#217 = ORIENTED_EDGE ( 'NONE', *, *, #552, .F. ) ;
#218 = AXIS2_PLACEMENT_3D ( 'NONE', #4100, #1520, #3682 ) ;
#219 = DIRECTION ( 'NONE',  ( 1.000000000000000000, 2.000187765493021278E-16, -7.400880780937300593E-16 ) ) ;
#220 = AXIS2_PLACEMENT_3D ( 'NONE', #2789, #5410, #3238 ) ;
#221 = FACE_OUTER_BOUND ( 'NONE', #844, .T. ) ;
#222 = EDGE_LOOP ( 'NONE', ( #4972, #5494, #5068, #1162 ) ) ;
#223 = EDGE_LOOP ( 'NONE', ( #4186, #3026, #3512, #3537 ) ) ;
#224 = CARTESIAN_POINT ( 'NONE',  ( 0.9699999999999986411, 2.521531062727372152, -0.1294380075608364544 ) ) ;
#225 = AXIS2_PLACEMENT_3D ( 'NONE', #31, #1742, #3434 ) ;
#226 = EDGE_CURVE ( 'NONE', #2141, #4241, #4066, .T. ) ;
#227 = DIRECTION ( 'NONE',  ( -7.054589166432185917E-16, 5.551115123125740301E-16, 1.000000000000000000 ) ) ;
#228 = CARTESIAN_POINT ( 'NONE',  ( 0.9699999999999986411, 2.483238627135203380, -0.4169470231356791623 ) ) ;
#229 = VECTOR ( 'NONE', #263, 1000.000000000000000 ) ;
#230 = LINE ( 'NONE', #2837, #3317 ) ;
#231 = ORIENTED_EDGE ( 'NONE', *, *, #3624, .F. ) ;
#232 = VECTOR ( 'NONE', #5425, 1000.000000000000114 ) ;
#233 = EDGE_CURVE ( 'NONE', #1815, #1466, #1876, .T. ) ;
#234 = CARTESIAN_POINT ( 'NONE',  ( 0.9700000000000541522, 2.229775213525436506, 0.2363679926843664791 ) ) ;
#235 = ORIENTED_EDGE ( 'NONE', *, *, #1516, .T. ) ;
#236 = CARTESIAN_POINT ( 'NONE',  ( 2.470000000000110774, 1.677594408828753103, -1.222539689753984860 ) ) ;
#237 = VECTOR ( 'NONE', #2975, 1000.000000000000000 ) ;
#238 = ADVANCED_FACE ( 'NONE', ( #4827 ), #596, .T. ) ;
#239 = CARTESIAN_POINT ( 'NONE',  ( 0.9843342201064364527, 2.224161932931761676, 0.2483908197990214450 ) ) ;
#240 = ADVANCED_FACE ( 'NONE', ( #252 ), #1955, .F. ) ;
#241 = DIRECTION ( 'NONE',  ( 7.579809933602500181E-16, 0.2948001005894973492, -0.9555589467387254343 ) ) ;
#242 = ORIENTED_EDGE ( 'NONE', *, *, #2987, .F. ) ;
#243 = CARTESIAN_POINT ( 'NONE',  ( 0.9699999999999986411, 2.377886409619334174, 0.2473798272546595678 ) ) ;
#244 = FACE_OUTER_BOUND ( 'NONE', #43, .T. ) ;
#245 = ORIENTED_EDGE ( 'NONE', *, *, #976, .F. ) ;
#246 = DIRECTION ( 'NONE',  ( -1.445076253180178246E-16, -1.000000000000000000, 5.551115123125738329E-16 ) ) ;
#247 = CARTESIAN_POINT ( 'NONE',  ( 0.9700000000000541522, 1.975537752030354088, -0.3948934297118011916 ) ) ;
#248 = ORIENTED_EDGE ( 'NONE', *, *, #1502, .T. ) ;
#249 = ORIENTED_EDGE ( 'NONE', *, *, #3982, .F. ) ;
#250 = LINE ( 'NONE', #4063, #3167 ) ;
#251 = SURFACE_SIDE_STYLE ('',( #3177 ) ) ;
#252 = FACE_OUTER_BOUND ( 'NONE', #2437, .T. ) ;
#253 = LINE ( 'NONE', #1904, #3841 ) ;
#254 = DIRECTION ( 'NONE',  ( -1.068786975720299338E-15, 5.551115123125700858E-16, 1.000000000000000000 ) ) ;
#255 = ORIENTED_EDGE ( 'NONE', *, *, #4887, .F. ) ;
#256 = EDGE_CURVE ( 'NONE', #5037, #1018, #3640, .T. ) ;
#257 = EDGE_LOOP ( 'NONE', ( #3370, #1361, #1810, #1642 ) ) ;
#258 = DIRECTION ( 'NONE',  ( -4.619824724853993812E-16, -0.8660254037844352659, 0.5000000000000058842 ) ) ;
#259 = ORIENTED_EDGE ( 'NONE', *, *, #100, .F. ) ;
#260 = DIRECTION ( 'NONE',  ( 6.845769268624692740E-16, -5.551115123125739315E-16, -1.000000000000000000 ) ) ;
#261 = ADVANCED_FACE ( 'NONE', ( #5346 ), #1538, .F. ) ;
#262 = CARTESIAN_POINT ( 'NONE',  ( 0.9699999999999986411, 2.503720345612054032, -0.4439715996293197575 ) ) ;
#263 = DIRECTION ( 'NONE',  ( -1.445076253180192051E-16, -1.000000000000000000, 2.553512956637819811E-15 ) ) ;
#264 = ORIENTED_EDGE ( 'NONE', *, *, #3624, .T. ) ;
#265 = FACE_OUTER_BOUND ( 'NONE', #1311, .T. ) ;
#266 = CARTESIAN_POINT ( 'NONE',  ( 0.9700000000000541522, 1.975537752030215310, -7.167110113726060661E-06 ) ) ;
#267 = EDGE_CURVE ( 'NONE', #1785, #1652, #643, .T. ) ;
#268 = EDGE_CURVE ( 'NONE', #2507, #2495, #1705, .T. ) ;
#269 = VERTEX_POINT ( 'NONE', #4928 ) ;
#270 = CARTESIAN_POINT ( 'NONE',  ( 2.450950000000007289, -1.725772238865469488, -0.9378747999924663681 ) ) ;
#271 =( NAMED_UNIT ( * ) SI_UNIT ( $, .STERADIAN. ) SOLID_ANGLE_UNIT ( ) );
#272 = DIRECTION ( 'NONE',  ( -5.729747238077516883E-18, -1.000000000000000000, 3.497202527569202082E-15 ) ) ;
#273 = EDGE_CURVE ( 'NONE', #606, #4256, #4011, .T. ) ;
#274 = ORIENTED_EDGE ( 'NONE', *, *, #1371, .F. ) ;
#275 = VERTEX_POINT ( 'NONE', #4854 ) ;
#276 = LINE ( 'NONE', #4530, #2013 ) ;
#277 = VECTOR ( 'NONE', #5487, 1000.000000000000000 ) ;
#278 = DIRECTION ( 'NONE',  ( -7.400880780937299607E-16, -5.551115123125742273E-16, -1.000000000000000000 ) ) ;
#279 = PLANE ( 'NONE',  #2763 ) ;
#280 = VECTOR ( 'NONE', #3854, 999.9999999999998863 ) ;
#281 = CARTESIAN_POINT ( 'NONE',  ( 0.9699999999999986411, 2.324343390079142146, -0.05286747059574103957 ) ) ;
#282 = DIRECTION ( 'NONE',  ( 5.271287065735031647E-16, 0.3863680181001609149, -0.9223447048632922307 ) ) ;
#283 = EDGE_LOOP ( 'NONE', ( #1859, #1952, #235, #3755 ) ) ;
#284 = EDGE_LOOP ( 'NONE', ( #353, #3829, #967, #861 ) ) ;
#285 = AXIS2_PLACEMENT_3D ( 'NONE', #4862, #5389, #1883 ) ;
#286 = LINE ( 'NONE', #3207, #3864 ) ;
#287 = PRODUCT_DEFINITION ( 'UNKNOWN', '', #5227, #4707 ) ;
#288 = ORIENTED_EDGE ( 'NONE', *, *, #1120, .T. ) ;
#289 = CARTESIAN_POINT ( 'NONE',  ( 0.9699999999999986411, 2.092235504760592057, -1.433421534247081297E-06 ) ) ;
#290 = AXIS2_PLACEMENT_3D ( 'NONE', #3030, #4727, #912 ) ;
#291 = LINE ( 'NONE', #262, #3241 ) ;
#292 = CARTESIAN_POINT ( 'NONE',  ( 2.450949999999840756, -0.1043506507302505160, 2.417505155565546904 ) ) ;
#293 = EDGE_CURVE ( 'NONE', #4710, #1243, #1855, .T. ) ;
#294 = ORIENTED_EDGE ( 'NONE', *, *, #3400, .T. ) ;
#295 = CARTESIAN_POINT ( 'NONE',  ( 2.199500000017451384, -1.387778780781445676E-13, 2.220446049250313081E-13 ) ) ;
#296 = COLOUR_RGB ( '',1.000000000000000000, 0.5019607843137254832, 0.2509803921568627416 ) ;
#297 = FACE_OUTER_BOUND ( 'NONE', #2183, .T. ) ;
#298 = ORIENTED_EDGE ( 'NONE', *, *, #3696, .T. ) ;
#299 = VECTOR ( 'NONE', #5009, 1000.000000000000000 ) ;
#300 = DIRECTION ( 'NONE',  ( 6.845769268624693726E-16, -5.551115123125739315E-16, -1.000000000000000000 ) ) ;
#301 = VECTOR ( 'NONE', #2783, 1000.000000000000227 ) ;
#302 = CARTESIAN_POINT ( 'NONE',  ( 0.9700000000000541522, 2.347502163259545860, 0.1424318347458125578 ) ) ;
#303 = EDGE_CURVE ( 'NONE', #4599, #3346, #3592, .T. ) ;
#304 = DIRECTION ( 'NONE',  ( -1.017177444479665533E-15, 5.551115123125739315E-16, 1.000000000000000000 ) ) ;
#305 = AXIS2_PLACEMENT_3D ( 'NONE', #4463, #4991, #2433 ) ;
#306 = ORIENTED_EDGE ( 'NONE', *, *, #1975, .F. ) ;
#307 = ORIENTED_EDGE ( 'NONE', *, *, #5475, .F. ) ;
#308 = CARTESIAN_POINT ( 'NONE',  ( 0.9700000000000541522, 2.414157720176640431, 0.2626768769259379965 ) ) ;
#309 = PLANE ( 'NONE',  #1099 ) ;
#310 = AXIS2_PLACEMENT_3D ( 'NONE', #5167, #4413, #4747 ) ;
#311 = EDGE_CURVE ( 'NONE', #2114, #2983, #5011, .T. ) ;
#312 = LINE ( 'NONE', #339, #2938 ) ;
#313 = CARTESIAN_POINT ( 'NONE',  ( 0.9700000000000541522, 2.215529865583987235, 0.2851907763934818929 ) ) ;
#314 = ORIENTED_EDGE ( 'NONE', *, *, #765, .F. ) ;
#315 = EDGE_LOOP ( 'NONE', ( #4881, #2160, #1247, #2499 ) ) ;
#316 = AXIS2_PLACEMENT_3D ( 'NONE', #2292, #983, #3562 ) ;
#317 = VERTEX_POINT ( 'NONE', #1568 ) ;
#318 = CARTESIAN_POINT ( 'NONE',  ( 0.9699999999999986411, 2.502887340387338622, -0.4560289252513310965 ) ) ;
#319 = VECTOR ( 'NONE', #1473, 1000.000000000000000 ) ;
#320 = VERTEX_POINT ( 'NONE', #4532 ) ;
#321 = CARTESIAN_POINT ( 'NONE',  ( 0.9700000000000541522, 2.243485895057573121, 0.2119955182379174019 ) ) ;
#322 = CIRCLE ( 'NONE', #4859, 0.1723194039403193323 ) ;
#323 = DIRECTION ( 'NONE',  ( -1.000000000000000000, -2.000187765493021278E-16, 7.400880780937300593E-16 ) ) ;
#324 = CARTESIAN_POINT ( 'NONE',  ( 2.470000000000027729, 1.983372645743053386, -1.399080837149263568 ) ) ;
#325 = EDGE_LOOP ( 'NONE', ( #4170, #1125, #1739, #2289 ) ) ;
#326 = LINE ( 'NONE', #5285, #3211 ) ;
#327 = PLANE ( 'NONE',  #5279 ) ;
#328 = ORIENTED_EDGE ( 'NONE', *, *, #1516, .F. ) ;
#329 = EDGE_CURVE ( 'NONE', #3627, #2527, #4173, .T. ) ;
#330 = CARTESIAN_POINT ( 'NONE',  ( 0.1119230769230927791, -5.551115123125782702E-14, 0.000000000000000000 ) ) ;
#331 = CARTESIAN_POINT ( 'NONE',  ( 0.9700000000000541522, 1.777399554396486003, 0.1634373442320619096 ) ) ;
#332 = ORIENTED_EDGE ( 'NONE', *, *, #1151, .F. ) ;
#333 = CARTESIAN_POINT ( 'NONE',  ( 0.9700000000000541522, 2.520332721926727082, 0.2680507760427636166 ) ) ;
#334 = ORIENTED_EDGE ( 'NONE', *, *, #2377, .T. ) ;
#335 = EDGE_CURVE ( 'NONE', #3737, #2536, #5458, .T. ) ;
#336 = ORIENTED_EDGE ( 'NONE', *, *, #4277, .T. ) ;
#337 = CARTESIAN_POINT ( 'NONE',  ( 2.450950000000007289, 1.955864932623119223, -1.196427175165007295 ) ) ;
#338 = CARTESIAN_POINT ( 'NONE',  ( 0.9699999999999986411, 2.181209442382980868, -0.1852052908850321256 ) ) ;
#339 = CARTESIAN_POINT ( 'NONE',  ( 0.9699999999999986411, 2.286545892256880208, 0.1670300731590745880 ) ) ;
#340 = DIRECTION ( 'NONE',  ( -1.000000000000000000, -2.000187765493021278E-16, 7.400880780937300593E-16 ) ) ;
#341 = ORIENTED_EDGE ( 'NONE', *, *, #3288, .F. ) ;
#342 = ADVANCED_FACE ( 'NONE', ( #4563 ), #3260, .F. ) ;
#343 = ORIENTED_EDGE ( 'NONE', *, *, #5377, .F. ) ;
#344 = EDGE_CURVE ( 'NONE', #193, #4985, #5042, .T. ) ;
#345 = DIRECTION ( 'NONE',  ( -1.000000000000000000, -2.000187765493021278E-16, 7.400880780937300593E-16 ) ) ;
#346 = VERTEX_POINT ( 'NONE', #1227 ) ;
#347 = LINE ( 'NONE', #2043, #2249 ) ;
#348 = LINE ( 'NONE', #1549, #3326 ) ;
#349 = DIRECTION ( 'NONE',  ( -2.481675346006243732E-16, 0.8022045974956019121, 0.5970492305973765790 ) ) ;
#350 = VERTEX_POINT ( 'NONE', #782 ) ;
#351 = LINE ( 'NONE', #2573, #998 ) ;
#352 = LINE ( 'NONE', #3247, #1458 ) ;
#353 = ORIENTED_EDGE ( 'NONE', *, *, #5260, .T. ) ;
#354 = FACE_OUTER_BOUND ( 'NONE', #505, .T. ) ;
#355 = ORIENTED_EDGE ( 'NONE', *, *, #3883, .F. ) ;
#356 = DIRECTION ( 'NONE',  ( 4.645108056928865902E-16, -0.6322109769216863739, -0.7747962833285449991 ) ) ;
#357 = VERTEX_POINT ( 'NONE', #1200 ) ;
#358 = ORIENTED_EDGE ( 'NONE', *, *, #1691, .F. ) ;
#359 = CARTESIAN_POINT ( 'NONE',  ( 2.279499999986056569, -1.387778780781445676E-13, 2.220446049250313081E-13 ) ) ;
#360 = CARTESIAN_POINT ( 'NONE',  ( 0.9700000000000541522, 2.314467519602486867, 0.2871582914452386337 ) ) ;
#361 = ADVANCED_FACE ( 'NONE', ( #804, #3725 ), #2454, .T. ) ;
#362 = CARTESIAN_POINT ( 'NONE',  ( 0.9843342201064919639, 1.499999999999973577, 3.053113317719180486E-13 ) ) ;
#363 = CARTESIAN_POINT ( 'NONE',  ( 0.9699999999999986411, 2.181209442382980868, -0.1852052908850321256 ) ) ;
#364 = ORIENTED_EDGE ( 'NONE', *, *, #1895, .F. ) ;
#365 = ORIENTED_EDGE ( 'NONE', *, *, #375, .F. ) ;
#366 = AXIS2_PLACEMENT_3D ( 'NONE', #3964, #3617, #1459 ) ;
#367 = VERTEX_POINT ( 'NONE', #4957 ) ;
#368 = LINE ( 'NONE', #870, #4320 ) ;
#369 = EDGE_CURVE ( 'NONE', #2168, #178, #456, .T. ) ;
#370 = VERTEX_POINT ( 'NONE', #362 ) ;
#371 = DIRECTION ( 'NONE',  ( 5.445130630951742416E-17, -0.9552156769289564808, -0.2959104772547865303 ) ) ;
#372 = VECTOR ( 'NONE', #5049, 1000.000000000000000 ) ;
#373 = DIRECTION ( 'NONE',  ( -6.742552325790029459E-16, 0.05371555010020874488, 0.9985562776716353506 ) ) ;
#374 = DIRECTION ( 'NONE',  ( 5.291915657678352384E-16, -0.3336254553299362602, -0.9427057099412800012 ) ) ;
#375 = EDGE_CURVE ( 'NONE', #4058, #1972, #2092, .T. ) ;
#376 = ORIENTED_EDGE ( 'NONE', *, *, #918, .T. ) ;
#377 = DIRECTION ( 'NONE',  ( 1.000000000000000000, 3.110410790118177818E-16, -7.400880780937398214E-16 ) ) ;
#378 = AXIS2_PLACEMENT_3D ( 'NONE', #4758, #1367, #3862 ) ;
#379 = ORIENTED_EDGE ( 'NONE', *, *, #990, .T. ) ;
#380 = DIRECTION ( 'NONE',  ( 3.329159345957563508E-17, 0.9829615588624288636, 0.1838112450280011134 ) ) ;
#381 = DIRECTION ( 'NONE',  ( -1.068786975720299338E-15, 5.551115123125700858E-16, 1.000000000000000000 ) ) ;
#382 = AXIS2_PLACEMENT_3D ( 'NONE', #35, #933, #2633 ) ;
#383 = ORIENTED_EDGE ( 'NONE', *, *, #799, .F. ) ;
#384 = CARTESIAN_POINT ( 'NONE',  ( 2.450950000000035267, 1.936365843134141285, -1.024632836696667937 ) ) ;
#385 = VERTEX_POINT ( 'NONE', #1982 ) ;
#386 = VECTOR ( 'NONE', #3808, 999.9999999999998863 ) ;
#387 = ORIENTED_EDGE ( 'NONE', *, *, #3970, .T. ) ;
#388 = DIRECTION ( 'NONE',  ( -1.000000000000000000, -1.722632009336720063E-16, 7.400880780937477100E-16 ) ) ;
#389 = CARTESIAN_POINT ( 'NONE',  ( 2.450950000000007289, -2.131491219643871560, -1.343750381945146843 ) ) ;
#390 = CIRCLE ( 'NONE', #1284, 0.03077947504423033526 ) ;
#391 = DIRECTION ( 'NONE',  ( -5.729747238077516883E-18, -1.000000000000000000, 3.497202527569202082E-15 ) ) ;
#392 = LINE ( 'NONE', #2093, #3323 ) ;
#393 = ORIENTED_EDGE ( 'NONE', *, *, #2551, .F. ) ;
#394 = ORIENTED_EDGE ( 'NONE', *, *, #5165, .F. ) ;
#395 = ORIENTED_EDGE ( 'NONE', *, *, #2844, .F. ) ;
#396 = CARTESIAN_POINT ( 'NONE',  ( 0.9699999999999986411, 2.374112209465178758, -0.05286747059585206188 ) ) ;
#397 = EDGE_CURVE ( 'NONE', #4402, #1477, #312, .T. ) ;
#398 = AXIS2_PLACEMENT_3D ( 'NONE', #1715, #1211, #2905 ) ;
#399 = CARTESIAN_POINT ( 'NONE',  ( 0.9843342201064364527, 2.374112209465040202, -0.01773143027168633257 ) ) ;
#400 = ORIENTED_EDGE ( 'NONE', *, *, #2349, .T. ) ;
#401 = LINE ( 'NONE', #2461, #816 ) ;
#402 = AXIS2_PLACEMENT_3D ( 'NONE', #2443, #4141, #4723 ) ;
#403 = EDGE_CURVE ( 'NONE', #4621, #5243, #2895, .T. ) ;
#404 = COLOUR_RGB ( '',1.000000000000000000, 0.5019607843137254832, 0.2509803921568627416 ) ;
#405 = CARTESIAN_POINT ( 'NONE',  ( 2.450950000000035267, 1.634029338568265821, -1.197387384711520841 ) ) ;
#406 = CARTESIAN_POINT ( 'NONE',  ( 2.470000000073468982, 1.942890293094023946E-13, 3.608224830031758756E-13 ) ) ;
#407 = VERTEX_POINT ( 'NONE', #3283 ) ;
#408 = LINE ( 'NONE', #2108, #9 ) ;
#409 = ORIENTED_EDGE ( 'NONE', *, *, #1941, .T. ) ;
#410 = EDGE_CURVE ( 'NONE', #532, #1254, #3368, .T. ) ;
#411 = DIRECTION ( 'NONE',  ( 6.845769268624692740E-16, -5.551115123125739315E-16, -1.000000000000000000 ) ) ;
#412 = DIRECTION ( 'NONE',  ( -6.845769268624692740E-16, 5.551115123125739315E-16, 1.000000000000000000 ) ) ;
#413 = ORIENTED_EDGE ( 'NONE', *, *, #746, .F. ) ;
#414 = LINE ( 'NONE', #2612, #3222 ) ;
#415 = VERTEX_POINT ( 'NONE', #1592 ) ;
#416 = VERTEX_POINT ( 'NONE', #1618 ) ;
#417 = CARTESIAN_POINT ( 'NONE',  ( 0.9843342201064364527, 2.483238627135203380, -0.4875612958556310161 ) ) ;
#418 = CARTESIAN_POINT ( 'NONE',  ( 0.9843342201063809416, 2.463272841927294010, -0.4667935467041195441 ) ) ;
#419 = DIRECTION ( 'NONE',  ( -1.000000000000000000, -2.000187765493021278E-16, 7.400880780937300593E-16 ) ) ;
#420 = CARTESIAN_POINT ( 'NONE',  ( 0.9700000000000236211, -1.373137714644201424E-13, 2.637500000000270184 ) ) ;
#421 = ORIENTED_EDGE ( 'NONE', *, *, #28, .F. ) ;
#422 = ORIENTED_EDGE ( 'NONE', *, *, #1057, .T. ) ;
#423 = ORIENTED_EDGE ( 'NONE', *, *, #4154, .F. ) ;
#424 = DIRECTION ( 'NONE',  ( -6.724135084613156604E-17, -0.9999670694423009598, 0.008115419334605227658 ) ) ;
#425 = DIRECTION ( 'NONE',  ( 6.845769268624692740E-16, -5.551115123125739315E-16, -1.000000000000000000 ) ) ;
#426 = CARTESIAN_POINT ( 'NONE',  ( 0.1119230769230948053, -5.504485756091526254E-14, -2.100000000000019629 ) ) ;
#427 = CARTESIAN_POINT ( 'NONE',  ( 2.470000000000055707, 2.025379290920920283, -1.076024774737380341 ) ) ;
#428 = EDGE_CURVE ( 'NONE', #2527, #367, #723, .T. ) ;
#429 = CARTESIAN_POINT ( 'NONE',  ( 2.469999999999972218, -0.1043506507305280717, 1.963500000000506507 ) ) ;
#430 = PLANE ( 'NONE',  #5211 ) ;
#431 = VERTEX_POINT ( 'NONE', #4980 ) ;
#432 = DIRECTION ( 'NONE',  ( 6.845769268624692740E-16, -5.551115123125739315E-16, -1.000000000000000000 ) ) ;
#433 = EDGE_CURVE ( 'NONE', #2042, #5158, #2390, .T. ) ;
#434 = ORIENTED_EDGE ( 'NONE', *, *, #3117, .F. ) ;
#435 = DIRECTION ( 'NONE',  ( 4.619824724853955355E-16, 0.8660254037844390407, -0.4999999999999991673 ) ) ;
#436 = FACE_OUTER_BOUND ( 'NONE', #3349, .T. ) ;
#437 = ORIENTED_EDGE ( 'NONE', *, *, #5357, .T. ) ;
#438 = ADVANCED_FACE ( 'NONE', ( #4090 ), #279, .T. ) ;
#439 = ADVANCED_FACE ( 'NONE', ( #2478 ), #1889, .F. ) ;
#440 = DIRECTION ( 'NONE',  ( -6.995041010479867029E-16, 0.3248433367098593205, 0.9457678396917528207 ) ) ;
#441 = ORIENTED_EDGE ( 'NONE', *, *, #1400, .T. ) ;
#442 = ORIENTED_EDGE ( 'NONE', *, *, #5375, .F. ) ;
#443 = PLANE ( 'NONE',  #1757 ) ;
#444 = DIRECTION ( 'NONE',  ( -9.680376540120748537E-16, -2.220446049250292373E-16, 1.000000000000000000 ) ) ;
#445 = EDGE_CURVE ( 'NONE', #1911, #1919, #3870, .T. ) ;
#446 = SURFACE_STYLE_FILL_AREA ( #4234 ) ;
#447 = FACE_OUTER_BOUND ( 'NONE', #3148, .T. ) ;
#448 = VERTEX_POINT ( 'NONE', #5129 ) ;
#449 = ORIENTED_EDGE ( 'NONE', *, *, #4182, .T. ) ;
#450 = ORIENTED_EDGE ( 'NONE', *, *, #2887, .T. ) ;
#451 = LINE ( 'NONE', #5134, #764 ) ;
#452 = LINE ( 'NONE', #1206, #2632 ) ;
#453 = CARTESIAN_POINT ( 'NONE',  ( 0.9699999999999986411, 2.485296480058379665, -0.4476606227659940540 ) ) ;
#454 = PLANE ( 'NONE',  #5074 ) ;
#455 = FACE_OUTER_BOUND ( 'NONE', #2817, .T. ) ;
#456 = CIRCLE ( 'NONE', #809, 1.499999999964547026 ) ;
#457 = CARTESIAN_POINT ( 'NONE',  ( 1.234999999999986109, -1.387778780781445676E-13, 2.636779683484746784E-13 ) ) ;
#458 = ORIENTED_EDGE ( 'NONE', *, *, #1591, .T. ) ;
#459 = CARTESIAN_POINT ( 'NONE',  ( 0.9699999999999986411, 2.472612739809865179, -0.4539502272925405313 ) ) ;
#460 = VECTOR ( 'NONE', #2327, 1000.000000000000000 ) ;
#461 = ORIENTED_EDGE ( 'NONE', *, *, #4381, .F. ) ;
#462 = EDGE_CURVE ( 'NONE', #5350, #4176, #3577, .T. ) ;
#463 = DIRECTION ( 'NONE',  ( 0.7071067812608412551, 6.205533535216594616E-16, 0.7071067811122536684 ) ) ;
#464 = DIRECTION ( 'NONE',  ( 1.431041851435017208E-16, 0.9999982027861449296, 0.001895896748269591033 ) ) ;
#465 = ORIENTED_EDGE ( 'NONE', *, *, #3631, .T. ) ;
#466 = AXIS2_PLACEMENT_3D ( 'NONE', #1956, #1434, #3991 ) ;
#467 = CARTESIAN_POINT ( 'NONE',  ( 2.470000000000055707, 1.590464268307195672, -1.172235079669542435 ) ) ;
#468 = ORIENTED_EDGE ( 'NONE', *, *, #4772, .F. ) ;
#469 = VERTEX_POINT ( 'NONE', #1251 ) ;
#470 = CARTESIAN_POINT ( 'NONE',  ( 0.9843342201064364527, 2.502369077289262833, 0.2139087065950867617 ) ) ;
#471 = ADVANCED_FACE ( 'NONE', ( #5155, #4288 ), #5512, .T. ) ;
#472 = VECTOR ( 'NONE', #3476, 1000.000000000000000 ) ;
#473 = FACE_OUTER_BOUND ( 'NONE', #2877, .T. ) ;
#474 = CARTESIAN_POINT ( 'NONE',  ( 0.9700000000000541522, 2.411676466675976904, 0.2596360154718535540 ) ) ;
#475 = LINE ( 'NONE', #2179, #4121 ) ;
#476 = VECTOR ( 'NONE', #2273, 1000.000000000000114 ) ;
#477 = UNCERTAINTY_MEASURE_WITH_UNIT (LENGTH_MEASURE( 1.000000000000000082E-05 ), #39, 'distance_accuracy_value', 'NONE');
#478 = ORIENTED_EDGE ( 'NONE', *, *, #3534, .F. ) ;
#479 = EDGE_LOOP ( 'NONE', ( #4151, #1555, #19, #4028 ) ) ;
#480 = ORIENTED_EDGE ( 'NONE', *, *, #2371, .F. ) ;
#481 = DIRECTION ( 'NONE',  ( 1.000000000000000000, 2.000187765493021278E-16, -7.400880780937300593E-16 ) ) ;
#482 = EDGE_CURVE ( 'NONE', #320, #3744, #4764, .T. ) ;
#483 = EDGE_CURVE ( 'NONE', #5215, #2913, #2946, .T. ) ;
#484 = VECTOR ( 'NONE', #4872, 999.9999999999998863 ) ;
#485 = CARTESIAN_POINT ( 'NONE',  ( 0.9700000000000541522, 2.476682154858606211, 0.1804060506515742235 ) ) ;
#486 = AXIS2_PLACEMENT_3D ( 'NONE', #5348, #3179, #1983 ) ;
#487 = CARTESIAN_POINT ( 'NONE',  ( 2.470000000130311069, -1.400939140903011491E-13, -2.984499999910989132 ) ) ;
#488 = CARTESIAN_POINT ( 'NONE',  ( 0.4850000000000120881, -2.231857109454822163E-13, -2.637499999999819877 ) ) ;
#489 = DIRECTION ( 'NONE',  ( -5.634365361779183014E-16, 0.3803437133059898723, 0.9248452085341691831 ) ) ;
#490 = CIRCLE ( 'NONE', #2705, 0.07202382437763348022 ) ;
#491 = DIRECTION ( 'NONE',  ( -1.000000000000000000, -2.000187765493021278E-16, 7.400880780937300593E-16 ) ) ;
#492 = DIRECTION ( 'NONE',  ( 1.000000000000000000, 2.000187765493021278E-16, -7.400880780937300593E-16 ) ) ;
#493 = VECTOR ( 'NONE', #491, 1000.000000000000000 ) ;
#494 = ORIENTED_EDGE ( 'NONE', *, *, #2918, .T. ) ;
#495 = CARTESIAN_POINT ( 'NONE',  ( 0.9843342201064364527, 2.477361680291723101, -0.4515068968898167112 ) ) ;
#496 = ORIENTED_EDGE ( 'NONE', *, *, #4344, .F. ) ;
#497 = VECTOR ( 'NONE', #2706, 1000.000000000000000 ) ;
#498 = DIRECTION ( 'NONE',  ( 6.845769268624692740E-16, -5.551115123125739315E-16, -1.000000000000000000 ) ) ;
#499 = FACE_BOUND ( 'NONE', #1049, .T. ) ;
#500 = ORIENTED_EDGE ( 'NONE', *, *, #806, .F. ) ;
#501 = VECTOR ( 'NONE', #3529, 1000.000000000000000 ) ;
#502 = CARTESIAN_POINT ( 'NONE',  ( 0.9699999999999986411, 2.496189298377360366, -0.4507503921453992479 ) ) ;
#503 = EDGE_CURVE ( 'NONE', #3062, #1146, #724, .T. ) ;
#504 = ORIENTED_EDGE ( 'NONE', *, *, #1833, .T. ) ;
#505 = EDGE_LOOP ( 'NONE', ( #2448, #5443, #3257, #206 ) ) ;
#506 = LINE ( 'NONE', #3896, #4945 ) ;
#507 = AXIS2_PLACEMENT_3D ( 'NONE', #2617, #2119, #2558 ) ;
#508 = DIRECTION ( 'NONE',  ( -1.445076253180192051E-16, -1.000000000000000000, 2.553512956637819811E-15 ) ) ;
#509 = DIRECTION ( 'NONE',  ( 1.000000000000000000, 2.000187765493029413E-16, 6.845769268624692740E-16 ) ) ;
#510 = CARTESIAN_POINT ( 'NONE',  ( 0.9699999999999986411, 2.125255814197979376, -0.07459528143360927288 ) ) ;
#511 = EDGE_CURVE ( 'NONE', #2102, #3866, #5222, .T. ) ;
#512 = ORIENTED_EDGE ( 'NONE', *, *, #3131, .F. ) ;
#513 = EDGE_LOOP ( 'NONE', ( #4609, #449, #4511, #1688, #4666, #1850, #2440, #1289, #3769, #5311, #5504, #3984 ) ) ;
#514 = VERTEX_POINT ( 'NONE', #2587 ) ;
#515 = PLANE ( 'NONE',  #2105 ) ;
#516 = DIRECTION ( 'NONE',  ( 5.660447941780802497E-16, 0.6996406021111182261, -0.7144949460126306384 ) ) ;
#517 = CARTESIAN_POINT ( 'NONE',  ( 2.450949999999951778, -1.675109521795836720, -1.025625200007360238 ) ) ;
#518 = CARTESIAN_POINT ( 'NONE',  ( 0.9699999999999986411, 2.478836439541471037, -0.4415490844356245725 ) ) ;
#519 = EDGE_CURVE ( 'NONE', #2224, #3587, #1765, .T. ) ;
#520 = EDGE_CURVE ( 'NONE', #75, #5360, #2178, .T. ) ;
#521 = DIRECTION ( 'NONE',  ( -3.947144821217413339E-16, 0.7144949460126306384, 0.6996406021111182261 ) ) ;
#522 = BREP_WITH_VOIDS ( 'NONE', #3646, ( #1275, #4410, #1106, #3647, #2428, #1931 ) );
#523 = DIRECTION ( 'NONE',  ( 2.257209894334906016E-16, 0.9887062354961986266, -0.1498665402647817169 ) ) ;
#524 = CARTESIAN_POINT ( 'NONE',  ( 5.689893001203927270E-11, 0.000000000000000000, 0.000000000000000000 ) ) ;
#525 = ORIENTED_EDGE ( 'NONE', *, *, #3653, .F. ) ;
#526 = CARTESIAN_POINT ( 'NONE',  ( 0.9699999999999986411, 2.463272841927294010, -0.4667935467041195441 ) ) ;
#527 = ORIENTED_EDGE ( 'NONE', *, *, #664, .F. ) ;
#528 = DIRECTION ( 'NONE',  ( 0.000000000000000000, 0.000000000000000000, -1.000000000000000000 ) ) ;
#529 = LINE ( 'NONE', #1722, #2189 ) ;
#530 = ORIENTED_EDGE ( 'NONE', *, *, #4591, .T. ) ;
#531 = DIRECTION ( 'NONE',  ( -1.000000000000000000, -1.722632009336712421E-16, 4.625323219374409242E-16 ) ) ;
#532 = VERTEX_POINT ( 'NONE', #4345 ) ;
#533 = LINE ( 'NONE', #109, #3089 ) ;
#534 = DIRECTION ( 'NONE',  ( 5.093471763814038141E-16, 0.7772448707074812724, -0.6291982286679697056 ) ) ;
#535 = LINE ( 'NONE', #2231, #124 ) ;
#536 = ORIENTED_EDGE ( 'NONE', *, *, #611, .F. ) ;
#537 = ORIENTED_EDGE ( 'NONE', *, *, #3150, .T. ) ;
#538 = ORIENTED_EDGE ( 'NONE', *, *, #4130, .F. ) ;
#539 = LINE ( 'NONE', #224, #1753 ) ;
#540 = ADVANCED_FACE ( 'NONE', ( #1285 ), #3899, .F. ) ;
#541 = CARTESIAN_POINT ( 'NONE',  ( 2.450950000000007289, 0.03232682635340156097, 2.273457506810558471 ) ) ;
#542 = LINE ( 'NONE', #2239, #2496 ) ;
#543 = DIRECTION ( 'NONE',  ( 6.845769268624692740E-16, -5.551115123125739315E-16, -1.000000000000000000 ) ) ;
#544 = CARTESIAN_POINT ( 'NONE',  ( 0.9699999999999986411, 2.125255814197451798, 0.1250508761559410154 ) ) ;
#545 = ADVANCED_FACE ( 'NONE', ( #4259 ), #23, .F. ) ;
#546 = FACE_OUTER_BOUND ( 'NONE', #2838, .T. ) ;
#547 = CIRCLE ( 'NONE', #3933, 3.175000000000029576 ) ;
#548 =( NAMED_UNIT ( * ) PLANE_ANGLE_UNIT ( ) SI_UNIT ( $, .RADIAN. ) );
#549 = ORIENTED_EDGE ( 'NONE', *, *, #3170, .F. ) ;
#550 = DIRECTION ( 'NONE',  ( -6.693404831851110114E-17, 0.9502094961207417922, 0.3116117993304584055 ) ) ;
#551 = VECTOR ( 'NONE', #896, 1000.000000000000000 ) ;
#552 = EDGE_CURVE ( 'NONE', #2786, #3941, #3835, .T. ) ;
#553 = CARTESIAN_POINT ( 'NONE',  ( 0.9700000000000541522, 2.513397826239216482, 0.2400852859844870846 ) ) ;
#554 = PLANE ( 'NONE',  #5474 ) ;
#555 = ORIENTED_EDGE ( 'NONE', *, *, #3635, .T. ) ;
#556 = AXIS2_PLACEMENT_3D ( 'NONE', #2491, #377, #2999 ) ;
#557 = CARTESIAN_POINT ( 'NONE',  ( 2.469999999999861195, -0.03601191218871591104, 2.273457506810801387 ) ) ;
#558 = ORIENTED_EDGE ( 'NONE', *, *, #2258, .T. ) ;
#559 = LINE ( 'NONE', #1478, #2804 ) ;
#560 = VECTOR ( 'NONE', #543, 1000.000000000000000 ) ;
#561 = DIRECTION ( 'NONE',  ( -5.968927584394130551E-16, -0.7714105483942449437, 0.6363377765197429925 ) ) ;
#562 = LINE ( 'NONE', #3397, #3573 ) ;
#563 = ORIENTED_EDGE ( 'NONE', *, *, #2082, .T. ) ;
#564 = VECTOR ( 'NONE', #4194, 1000.000000000000000 ) ;
#565 = ORIENTED_EDGE ( 'NONE', *, *, #3170, .T. ) ;
#566 = CARTESIAN_POINT ( 'NONE',  ( 2.450950000000035267, 1.810417492354471358, -0.7912649203304505940 ) ) ;
#567 =( NAMED_UNIT ( * ) PLANE_ANGLE_UNIT ( ) SI_UNIT ( $, .RADIAN. ) );
#568 = CARTESIAN_POINT ( 'NONE',  ( 0.9700000000000541522, 2.314344245309407633, 0.2847395351445458633 ) ) ;
#569 = DIRECTION ( 'NONE',  ( 3.458811576222608189E-17, 0.9759635946335289969, 0.2179336182189449134 ) ) ;
#570 = CARTESIAN_POINT ( 'NONE',  ( 0.9699999999999986411, 2.485296480058268642, -0.4439227243228788256 ) ) ;
#571 = CARTESIAN_POINT ( 'NONE',  ( 2.199500000017452273, 1.951866988704952867E-13, 1.229499999965577350 ) ) ;
#572 = EDGE_CURVE ( 'NONE', #4694, #2778, #1580, .T. ) ;
#573 = CIRCLE ( 'NONE', #4305, 1.229499999965364854 ) ;
#574 = VECTOR ( 'NONE', #4894, 999.9999999999998863 ) ;
#575 =( LENGTH_UNIT ( ) NAMED_UNIT ( * ) SI_UNIT ( .MILLI., .METRE. ) );
#576 = FILL_AREA_STYLE ('',( #4779 ) ) ;
#577 = VERTEX_POINT ( 'NONE', #3608 ) ;
#578 = DIRECTION ( 'NONE',  ( 1.000000000000000000, 1.722632009336724254E-16, -4.070211707061878303E-16 ) ) ;
#579 = VECTOR ( 'NONE', #1241, 1000.000000000000114 ) ;
#580 = EDGE_CURVE ( 'NONE', #2495, #658, #2058, .T. ) ;
#581 = VECTOR ( 'NONE', #2074, 1000.000000000000000 ) ;
#582 = LINE ( 'NONE', #1471, #4750 ) ;
#583 = LINE ( 'NONE', #2794, #3080 ) ;
#584 = ORIENTED_EDGE ( 'NONE', *, *, #4606, .F. ) ;
#585 = CARTESIAN_POINT ( 'NONE',  ( 2.470000000000055707, 1.827983448570907887, -0.9620582320193360459 ) ) ;
#586 = ADVANCED_FACE ( 'NONE', ( #265 ), #2380, .F. ) ;
#587 = ORIENTED_EDGE ( 'NONE', *, *, #687, .T. ) ;
#588 = DIRECTION ( 'NONE',  ( 7.591233103568600577E-16, 0.2696926424169874825, -0.9629464567805122721 ) ) ;
#589 = AXIS2_PLACEMENT_3D ( 'NONE', #406, #5496, #5111 ) ;
#590 = CARTESIAN_POINT ( 'NONE',  ( 0.9843342201064364527, 2.521531062727400130, -0.2852079774567778392 ) ) ;
#591 = ORIENTED_EDGE ( 'NONE', *, *, #3970, .F. ) ;
#592 = ORIENTED_EDGE ( 'NONE', *, *, #4787, .F. ) ;
#593 = CARTESIAN_POINT ( 'NONE',  ( 2.470000000000027729, 2.498001805406602216E-13, 1.492250000000305832 ) ) ;
#594 = CARTESIAN_POINT ( 'NONE',  ( 0.9699999999999986411, 2.422424264911820835, -0.05453024012871954262 ) ) ;
#595 = DIRECTION ( 'NONE',  ( 1.445076253180192051E-16, 1.000000000000000000, -2.553512956637819811E-15 ) ) ;
#596 = PLANE ( 'NONE',  #1442 ) ;
#597 = LINE ( 'NONE', #1089, #301 ) ;
#598 = LINE ( 'NONE', #2295, #2167 ) ;
#599 = LINE ( 'NONE', #1385, #2972 ) ;
#600 = EDGE_CURVE ( 'NONE', #658, #2890, #3393, .T. ) ;
#601 = ORIENTED_EDGE ( 'NONE', *, *, #2282, .T. ) ;
#602 = CARTESIAN_POINT ( 'NONE',  ( 0.9700000000000263967, -1.387778780781445676E-13, 2.498001805406602216E-13 ) ) ;
#603 = DIRECTION ( 'NONE',  ( 1.167520497023887139E-16, 1.000000000000000000, -2.886579864025370323E-15 ) ) ;
#604 = CARTESIAN_POINT ( 'NONE',  ( 0.9843342201064364527, 2.409391591991022707, 0.1445703570425588280 ) ) ;
#605 = EDGE_CURVE ( 'NONE', #3587, #2111, #4442, .T. ) ;
#606 = VERTEX_POINT ( 'NONE', #2024 ) ;
#607 = DIRECTION ( 'NONE',  ( 6.845769268624693726E-16, -5.551115123125739315E-16, -1.000000000000000000 ) ) ;
#608 = CARTESIAN_POINT ( 'NONE',  ( 0.9843342201063809416, 2.463272841927182988, -0.4620023377169268919 ) ) ;
#609 = EDGE_LOOP ( 'NONE', ( #1137, #274, #2530, #1632, #5133, #969, #5098, #4326, #1395 ) ) ;
#610 = LINE ( 'NONE', #4471, #1819 ) ;
#611 = EDGE_CURVE ( 'NONE', #948, #866, #2848, .T. ) ;
#612 = LINE ( 'NONE', #1869, #574 ) ;
#613 = ORIENTED_EDGE ( 'NONE', *, *, #2723, .F. ) ;
#614 = ORIENTED_EDGE ( 'NONE', *, *, #433, .T. ) ;
#615 = CARTESIAN_POINT ( 'NONE',  ( 2.470000000000055707, 2.133761685484680815, -1.138599379414545476 ) ) ;
#616 = CARTESIAN_POINT ( 'NONE',  ( 2.470000000000027729, -2.192195559948734385, -1.053329161976146455 ) ) ;
#617 = EDGE_CURVE ( 'NONE', #72, #3347, #1131, .T. ) ;
#618 = DIRECTION ( 'NONE',  ( 4.665017388252629213E-16, -0.4606709861125486971, -0.8875709788823044066 ) ) ;
#619 = DIRECTION ( 'NONE',  ( 5.290098081985867463E-16, 0.7693245073750122343, -0.6388582020700638298 ) ) ;
#620 = DIRECTION ( 'NONE',  ( -2.208597309011063731E-16, 0.8660254037844428154, 0.4999999999999927280 ) ) ;
#621 = VERTEX_POINT ( 'NONE', #2796 ) ;
#622 = DIRECTION ( 'NONE',  ( 2.513793830718206907E-17, -0.9659317819998000099, -0.2587968170644511789 ) ) ;
#623 = ORIENTED_EDGE ( 'NONE', *, *, #1747, .F. ) ;
#624 = LINE ( 'NONE', #5355, #4731 ) ;
#625 = DIRECTION ( 'NONE',  ( 1.000000000000000000, 2.000187765493029413E-16, 6.845769268624692740E-16 ) ) ;
#626 = CARTESIAN_POINT ( 'NONE',  ( 0.9699999999999986411, 2.463272841927294010, -0.4667935467041195441 ) ) ;
#627 = ORIENTED_EDGE ( 'NONE', *, *, #2503, .F. ) ;
#628 = CARTESIAN_POINT ( 'NONE',  ( 2.469999999999805684, -0.1043506507306668496, 2.345481331188059571 ) ) ;
#629 = VECTOR ( 'NONE', #64, 1000.000000000000000 ) ;
#630 = DIRECTION ( 'NONE',  ( 5.367945506227407623E-16, 0.8164082640122218848, -0.5774751479090248774 ) ) ;
#631 = ORIENTED_EDGE ( 'NONE', *, *, #3086, .T. ) ;
#632 = ADVANCED_FACE ( 'NONE', ( #2438 ), #4913, .T. ) ;
#633 = DIRECTION ( 'NONE',  ( 0.000000000000000000, 0.000000000000000000, 1.000000000000000000 ) ) ;
#634 = DIRECTION ( 'NONE',  ( -5.815000796663748403E-17, -0.9822529701818841774, -0.1875609302836455661 ) ) ;
#635 = VECTOR ( 'NONE', #56, 1000.000000000000000 ) ;
#636 = LINE ( 'NONE', #3223, #2263 ) ;
#637 = EDGE_LOOP ( 'NONE', ( #1720, #5186, #3805, #5099 ) ) ;
#638 = VECTOR ( 'NONE', #4489, 1000.000000000000000 ) ;
#639 = EDGE_CURVE ( 'NONE', #2111, #3363, #326, .T. ) ;
#640 = ORIENTED_EDGE ( 'NONE', *, *, #3802, .T. ) ;
#641 = FACE_BOUND ( 'NONE', #2606, .T. ) ;
#642 = PLANE ( 'NONE',  #3322 ) ;
#643 = LINE ( 'NONE', #4378, #3480 ) ;
#644 = CARTESIAN_POINT ( 'NONE',  ( 0.9843342201064364527, 2.385763063567691855, 0.2488730229634472657 ) ) ;
#645 = VECTOR ( 'NONE', #3277, 1000.000000000000000 ) ;
#646 = CARTESIAN_POINT ( 'NONE',  ( 0.9700000000000541522, 2.393289962545313898, 0.2511517339338631416 ) ) ;
#647 = EDGE_CURVE ( 'NONE', #1652, #5416, #1945, .T. ) ;
#648 = ORIENTED_EDGE ( 'NONE', *, *, #5140, .F. ) ;
#649 = ADVANCED_FACE ( 'NONE', ( #1499 ), #2403, .F. ) ;
#650 = CONICAL_SURFACE ( 'NONE', #2072, 1.499999999964541475, 0.7853981632923773271 ) ;
#651 = CARTESIAN_POINT ( 'NONE',  ( 0.9843342201064364527, 1.975537752030215310, 0.3268746884625972626 ) ) ;
#652 = VERTEX_POINT ( 'NONE', #2768 ) ;
#653 = DIRECTION ( 'NONE',  ( -4.754204940159365997E-16, -0.7463495512540802013, 0.6655541655964849479 ) ) ;
#654 = VECTOR ( 'NONE', #1874, 1000.000000000000000 ) ;
#655 = DIRECTION ( 'NONE',  ( 6.602080491817028384E-16, 0.4230480959309589339, -0.9061072279422508480 ) ) ;
#656 = CARTESIAN_POINT ( 'NONE',  ( 0.9843342201064364527, 2.463368113483577204, -0.4569185739850128991 ) ) ;
#657 = VECTOR ( 'NONE', #1334, 1000.000000000000000 ) ;
#658 = VERTEX_POINT ( 'NONE', #4466 ) ;
#659 = LINE ( 'NONE', #5333, #5436 ) ;
#660 = DIRECTION ( 'NONE',  ( 6.103146274315999479E-16, -0.5000000000000116573, -0.8660254037844319353 ) ) ;
#661 = EDGE_LOOP ( 'NONE', ( #3994, #1787, #3506, #2590 ) ) ;
#662 = VECTOR ( 'NONE', #1960, 1000.000000000000000 ) ;
#663 = DIRECTION ( 'NONE',  ( 1.445076253180178246E-16, 1.000000000000000000, -5.551115123125738329E-16 ) ) ;
#664 = EDGE_CURVE ( 'NONE', #4414, #880, #659, .T. ) ;
#665 = AXIS2_PLACEMENT_3D ( 'NONE', #1796, #3487, #1380 ) ;
#666 = CARTESIAN_POINT ( 'NONE',  ( 0.9843342201064364527, 2.215529865583626190, 0.2812557462896769778 ) ) ;
#667 = EDGE_LOOP ( 'NONE', ( #4123, #1923, #5016, #355 ) ) ;
#668 = ORIENTED_EDGE ( 'NONE', *, *, #2785, .T. ) ;
#669 = CARTESIAN_POINT ( 'NONE',  ( 0.9700000000000541522, 2.416638973676554780, 0.2657177383791342606 ) ) ;
#670 = AXIS2_PLACEMENT_3D ( 'NONE', #4240, #2901, #3348 ) ;
#671 = FACE_OUTER_BOUND ( 'NONE', #1645, .T. ) ;
#672 = EDGE_CURVE ( 'NONE', #3787, #4261, #4944, .T. ) ;
#673 = CYLINDRICAL_SURFACE ( 'NONE', #184, 0.03983479767572151858 ) ;
#674 = FACE_OUTER_BOUND ( 'NONE', #637, .T. ) ;
#675 = VECTOR ( 'NONE', #1444, 1000.000000000000000 ) ;
#676 = CARTESIAN_POINT ( 'NONE',  ( 0.7275000000000475531, -2.220446049250313081E-13, 2.498001805406602216E-13 ) ) ;
#677 = ORIENTED_EDGE ( 'NONE', *, *, #3898, .T. ) ;
#678 = ORIENTED_EDGE ( 'NONE', *, *, #55, .F. ) ;
#679 = VECTOR ( 'NONE', #3904, 1000.000000000000000 ) ;
#680 = CARTESIAN_POINT ( 'NONE',  ( 0.9700000000000541522, 2.215529865583987235, 0.2851907763934818929 ) ) ;
#681 = EDGE_CURVE ( 'NONE', #5483, #532, #4055, .T. ) ;
#682 = ORIENTED_EDGE ( 'NONE', *, *, #2742, .T. ) ;
#683 = ADVANCED_FACE ( 'NONE', ( #689 ), #4079, .F. ) ;
#684 = CARTESIAN_POINT ( 'NONE',  ( 0.9699999999999986411, 2.496593388863571406, -0.4417785858749218031 ) ) ;
#685 = CARTESIAN_POINT ( 'NONE',  ( 2.469999999999972218, -1.543091786165323720, -1.254286625618925122 ) ) ;
#686 = DIRECTION ( 'NONE',  ( 1.000000000000000000, 2.000187765493021278E-16, -7.400880780937300593E-16 ) ) ;
#687 = EDGE_CURVE ( 'NONE', #2353, #4196, #3412, .T. ) ;
#688 = ORIENTED_EDGE ( 'NONE', *, *, #3661, .T. ) ;
#689 = FACE_OUTER_BOUND ( 'NONE', #661, .T. ) ;
#690 = LINE ( 'NONE', #3714, #3753 ) ;
#691 = ORIENTED_EDGE ( 'NONE', *, *, #1814, .T. ) ;
#692 = CARTESIAN_POINT ( 'NONE',  ( 0.9843342201064364527, 2.092235504760731057, -1.201323651667252079E-06 ) ) ;
#693 = SURFACE_STYLE_USAGE ( .BOTH. , #5001 ) ;
#694 = CARTESIAN_POINT ( 'NONE',  ( 5.689893001203927270E-11, 0.000000000000000000, 0.000000000000000000 ) ) ;
#695 = ORIENTED_EDGE ( 'NONE', *, *, #1436, .T. ) ;
#696 = EDGE_LOOP ( 'NONE', ( #2040, #2851, #2232, #1673 ) ) ;
#697 = DIRECTION ( 'NONE',  ( -9.561467977657224227E-16, 5.551115123125740301E-16, 1.000000000000000000 ) ) ;
#698 = CARTESIAN_POINT ( 'NONE',  ( 2.450950000000090334, 1.886350574325429408, -1.316829575592079582 ) ) ;
#699 = CARTESIAN_POINT ( 'NONE',  ( 0.9843342201064364527, 2.523629592551174028, 0.2959619118675926863 ) ) ;
#700 = PLANE ( 'NONE',  #4550 ) ;
#701 = LINE ( 'NONE', #3180, #1183 ) ;
#702 = ORIENTED_EDGE ( 'NONE', *, *, #273, .T. ) ;
#703 = ORIENTED_EDGE ( 'NONE', *, *, #848, .F. ) ;
#704 = EDGE_CURVE ( 'NONE', #4680, #3861, #3298, .T. ) ;
#705 = DIRECTION ( 'NONE',  ( 4.619824724853993812E-16, 0.8660254037844352659, -0.5000000000000058842 ) ) ;
#706 = ORIENTED_EDGE ( 'NONE', *, *, #5303, .F. ) ;
#707 = DIRECTION ( 'NONE',  ( -6.845769268624692740E-16, 5.551115123125739315E-16, 1.000000000000000000 ) ) ;
#708 = EDGE_CURVE ( 'NONE', #3901, #3451, #408, .T. ) ;
#709 = CARTESIAN_POINT ( 'NONE',  ( 2.450950000000090334, 1.797337126538123275, -1.265437637552019323 ) ) ;
#710 = FILL_AREA_STYLE ('',( #4520 ) ) ;
#711 = ORIENTED_EDGE ( 'NONE', *, *, #1177, .T. ) ;
#712 = DIRECTION ( 'NONE',  ( 6.845769268624744016E-16, -9.436895709313777345E-16, -1.000000000000000000 ) ) ;
#713 = CARTESIAN_POINT ( 'NONE',  ( 0.9699999999999986411, 2.471054640734354990, -0.4415490844347086385 ) ) ;
#714 = ORIENTED_EDGE ( 'NONE', *, *, #1861, .F. ) ;
#715 = EDGE_CURVE ( 'NONE', #1376, #1044, #1802, .T. ) ;
#716 = CARTESIAN_POINT ( 'NONE',  ( 0.9843342201063809416, 2.497005303495586581, -0.4483746272443411840 ) ) ;
#717 = DIRECTION ( 'NONE',  ( -5.678280449645382924E-16, 0.4778152549999977738, 0.8784603474769291376 ) ) ;
#718 = DIRECTION ( 'NONE',  ( 9.621326830187600855E-16, 2.220446049250292373E-16, -1.000000000000000000 ) ) ;
#719 = ORIENTED_EDGE ( 'NONE', *, *, #850, .T. ) ;
#720 = ORIENTED_EDGE ( 'NONE', *, *, #708, .T. ) ;
#721 = FACE_OUTER_BOUND ( 'NONE', #3458, .T. ) ;
#722 = LINE ( 'NONE', #338, #3413 ) ;
#723 = LINE ( 'NONE', #4593, #4816 ) ;
#724 = CIRCLE ( 'NONE', #1354, 0.03983479767572151858 ) ;
#725 = DIRECTION ( 'NONE',  ( 1.000000000000000000, 2.000187765493021278E-16, -7.400880780937300593E-16 ) ) ;
#726 = LINE ( 'NONE', #176, #3313 ) ;
#727 = ORIENTED_EDGE ( 'NONE', *, *, #1736, .T. ) ;
#728 = ORIENTED_EDGE ( 'NONE', *, *, #4223, .F. ) ;
#729 = CARTESIAN_POINT ( 'NONE',  ( 0.9843342201063809416, 2.502365463612904684, -0.4324412773111796504 ) ) ;
#730 = AXIS2_PLACEMENT_3D ( 'NONE', #4150, #4617, #1569 ) ;
#731 = VERTEX_POINT ( 'NONE', #4187 ) ;
#732 = CARTESIAN_POINT ( 'NONE',  ( 0.9700000000000541522, 1.975537752030187555, -0.3268890226826859369 ) ) ;
#733 = ADVANCED_FACE ( 'NONE', ( #4161 ), #5499, .T. ) ;
#734 = VECTOR ( 'NONE', #947, 1000.000000000000000 ) ;
#735 = CARTESIAN_POINT ( 'NONE',  ( 2.469999999999972218, -1.792384863908286219, -0.8224983489919512891 ) ) ;
#736 = LINE ( 'NONE', #767, #3431 ) ;
#737 = ORIENTED_EDGE ( 'NONE', *, *, #293, .T. ) ;
#738 = EDGE_CURVE ( 'NONE', #5052, #1621, #351, .T. ) ;
#739 = VECTOR ( 'NONE', #4092, 1000.000000000000114 ) ;
#740 = DIRECTION ( 'NONE',  ( 1.445076253180178246E-16, 1.000000000000000000, -5.551115123125738329E-16 ) ) ;
#741 = ORIENTED_EDGE ( 'NONE', *, *, #672, .F. ) ;
#742 = VECTOR ( 'NONE', #3668, 999.9999999999998863 ) ;
#743 = CARTESIAN_POINT ( 'NONE',  ( 2.470000000000027729, 2.058567165613784056, -1.268840108281543699 ) ) ;
#744 = VECTOR ( 'NONE', #4401, 1000.000000000000000 ) ;
#745 = DIRECTION ( 'NONE',  ( 8.390639450747329848E-16, 0.4961438751388700941, -0.8682403210875346833 ) ) ;
#746 = EDGE_CURVE ( 'NONE', #1477, #4680, #1689, .T. ) ;
#747 = EDGE_CURVE ( 'NONE', #577, #2642, #4815, .T. ) ;
#748 = LINE ( 'NONE', #3776, #3139 ) ;
#749 = VECTOR ( 'NONE', #3890, 1000.000000000000114 ) ;
#750 = ORIENTED_EDGE ( 'NONE', *, *, #1326, .T. ) ;
#751 = ORIENTED_EDGE ( 'NONE', *, *, #2082, .F. ) ;
#752 = CARTESIAN_POINT ( 'NONE',  ( 0.9700000000000541522, 2.411676466675976904, 0.2596360154718535540 ) ) ;
#753 = CARTESIAN_POINT ( 'NONE',  ( 0.9843342201064364527, 2.411676466676087927, 0.2596360154718119206 ) ) ;
#754 = VECTOR ( 'NONE', #3707, 1000.000000000000000 ) ;
#755 = DIRECTION ( 'NONE',  ( 5.882887990558551382E-16, 0.4999999999999998890, -0.8660254037844387076 ) ) ;
#756 = CARTESIAN_POINT ( 'NONE',  ( 2.470000000000027729, 2.070502786264333039, -1.449385447233317414 ) ) ;
#757 = VERTEX_POINT ( 'NONE', #4604 ) ;
#758 = COLOUR_RGB ( '',1.000000000000000000, 0.5019607843137254832, 0.2509803921568627416 ) ;
#759 = ORIENTED_EDGE ( 'NONE', *, *, #3882, .T. ) ;
#760 = CARTESIAN_POINT ( 'NONE',  ( 0.9843342201063809416, 2.492117772841445422, -0.4551746698942260583 ) ) ;
#761 = AXIS2_PLACEMENT_3D ( 'NONE', #792, #1550, #241 ) ;
#762 = ORIENTED_EDGE ( 'NONE', *, *, #4270, .F. ) ;
#763 = CARTESIAN_POINT ( 'NONE',  ( 0.9700000000000541522, 2.385763063567691855, 0.2488730229634472657 ) ) ;
#764 = VECTOR ( 'NONE', #3015, 999.9999999999998863 ) ;
#765 = EDGE_CURVE ( 'NONE', #2052, #2148, #5444, .T. ) ;
#766 = PLANE ( 'NONE',  #218 ) ;
#767 = CARTESIAN_POINT ( 'NONE',  ( 0.9699999999999986411, 2.500674538437719363, -0.4614095828219255679 ) ) ;
#768 = ORIENTED_EDGE ( 'NONE', *, *, #3093, .T. ) ;
#769 = LINE ( 'NONE', #5473, #2322 ) ;
#770 = CARTESIAN_POINT ( 'NONE',  ( 0.9843342201064364527, 2.125255814197951842, -0.2852079774575411175 ) ) ;
#771 = ORIENTED_EDGE ( 'NONE', *, *, #1087, .F. ) ;
#772 = EDGE_CURVE ( 'NONE', #2831, #3708, #4693, .T. ) ;
#773 = FACE_OUTER_BOUND ( 'NONE', #4206, .T. ) ;
#774 = DIRECTION ( 'NONE',  ( 3.380457028803539450E-16, -0.7714242457508521111, -0.6363211713181707863 ) ) ;
#775 = ORIENTED_EDGE ( 'NONE', *, *, #462, .T. ) ;
#776 = DIRECTION ( 'NONE',  ( 1.000000000000000000, 1.722632009336724254E-16, -4.070211707061878303E-16 ) ) ;
#777 = ORIENTED_EDGE ( 'NONE', *, *, #3718, .T. ) ;
#778 = EDGE_LOOP ( 'NONE', ( #2211, #4782, #1503, #1406, #5318, #2486, #3842, #1939, #2651, #5472, #3731, #2227, #3664, #3138, #59, #3297, #4189, #910, #5029, #1491, #1866, #4384, #913 ) ) ;
#779 = DIRECTION ( 'NONE',  ( -2.481675346006243732E-16, 0.8022045974956019121, 0.5970492305973765790 ) ) ;
#780 = ADVANCED_FACE ( 'NONE', ( #2548 ), #820, .T. ) ;
#781 = CARTESIAN_POINT ( 'NONE',  ( 0.9843342201064364527, 2.357842869644382944, 0.2479398652344699805 ) ) ;
#782 = CARTESIAN_POINT ( 'NONE',  ( 0.9843342201064919639, 2.521531062727594197, -0.07459528143333171712 ) ) ;
#783 = CARTESIAN_POINT ( 'NONE',  ( 0.9700000000000541522, 2.421942635116247633, 0.2887058138483639125 ) ) ;
#784 = ORIENTED_EDGE ( 'NONE', *, *, #2312, .F. ) ;
#785 = ORIENTED_EDGE ( 'NONE', *, *, #293, .F. ) ;
#786 = ORIENTED_EDGE ( 'NONE', *, *, #4017, .F. ) ;
#787 = EDGE_CURVE ( 'NONE', #1243, #3737, #3713, .T. ) ;
#788 = DIRECTION ( 'NONE',  ( -4.502256333528836914E-16, 0.7144949460127318908, 0.6996406021110148643 ) ) ;
#789 = ORIENTED_EDGE ( 'NONE', *, *, #482, .F. ) ;
#790 = CARTESIAN_POINT ( 'NONE',  ( 2.279499999986059677, -1.401515317710317873E-13, -3.175000000055463456 ) ) ;
#791 = CARTESIAN_POINT ( 'NONE',  ( 0.9700000000000541522, 2.523629592550951983, 0.2969646181048418709 ) ) ;
#792 = CARTESIAN_POINT ( 'NONE',  ( 0.9699999999999986411, 2.483080091157330305, -0.4574356840751914177 ) ) ;
#793 = ORIENTED_EDGE ( 'NONE', *, *, #715, .T. ) ;
#794 = DIRECTION ( 'NONE',  ( 1.445076253180192051E-16, 1.000000000000000000, -2.553512956637819811E-15 ) ) ;
#795 = ORIENTED_EDGE ( 'NONE', *, *, #2801, .F. ) ;
#796 = PLANE ( 'NONE',  #2177 ) ;
#797 = ORIENTED_EDGE ( 'NONE', *, *, #4112, .T. ) ;
#798 = CARTESIAN_POINT ( 'NONE',  ( 0.2705000000000068461, -1.229500000000014692, 4.299810507646385227E-15 ) ) ;
#799 = EDGE_CURVE ( 'NONE', #2098, #2050, #4725, .T. ) ;
#800 = ORIENTED_EDGE ( 'NONE', *, *, #2918, .F. ) ;
#801 = ORIENTED_EDGE ( 'NONE', *, *, #5242, .T. ) ;
#802 = DIRECTION ( 'NONE',  ( 1.000000000000000000, 2.000187765493021278E-16, -7.400880780937300593E-16 ) ) ;
#803 = DIRECTION ( 'NONE',  ( -6.647611627454597566E-16, -0.5251986009926824517, 0.8509796880744741054 ) ) ;
#804 = FACE_OUTER_BOUND ( 'NONE', #3209, .T. ) ;
#805 = CARTESIAN_POINT ( 'NONE',  ( 0.9700000000000541522, 2.494624298165937226, 0.2021500591578295758 ) ) ;
#806 = EDGE_CURVE ( 'NONE', #47, #78, #2078, .T. ) ;
#807 = VERTEX_POINT ( 'NONE', #2134 ) ;
#808 = ORIENTED_EDGE ( 'NONE', *, *, #4956, .T. ) ;
#809 = AXIS2_PLACEMENT_3D ( 'NONE', #1142, #2810, #391 ) ;
#810 = ORIENTED_EDGE ( 'NONE', *, *, #1879, .F. ) ;
#811 = DIRECTION ( 'NONE',  ( 1.224515677766954392E-16, 0.9901489287481997081, 0.1400182091686376640 ) ) ;
#812 = VECTOR ( 'NONE', #2534, 1000.000000000000000 ) ;
#813 = ORIENTED_EDGE ( 'NONE', *, *, #335, .F. ) ;
#814 = FACE_OUTER_BOUND ( 'NONE', #2330, .T. ) ;
#815 = EDGE_CURVE ( 'NONE', #2301, #4529, #769, .T. ) ;
#816 = VECTOR ( 'NONE', #3376, 999.9999999999998863 ) ;
#817 = DIRECTION ( 'NONE',  ( 2.176243101192543091E-16, -0.8682403210875766497, -0.4961438751387966528 ) ) ;
#818 =( NAMED_UNIT ( * ) PLANE_ANGLE_UNIT ( ) SI_UNIT ( $, .RADIAN. ) );
#819 = ORIENTED_EDGE ( 'NONE', *, *, #4039, .T. ) ;
#820 = PLANE ( 'NONE',  #105 ) ;
#821 = AXIS2_PLACEMENT_3D ( 'NONE', #1971, #4497, #3273 ) ;
#822 = ORIENTED_EDGE ( 'NONE', *, *, #4612, .T. ) ;
#823 = FACE_OUTER_BOUND ( 'NONE', #315, .T. ) ;
#824 = FACE_OUTER_BOUND ( 'NONE', #3097, .T. ) ;
#825 = AXIS2_PLACEMENT_3D ( 'NONE', #3686, #5395, #5164 ) ;
#826 = VERTEX_POINT ( 'NONE', #5114 ) ;
#827 = CARTESIAN_POINT ( 'NONE',  ( 0.4850000000260469291, 7.399341843961924634E-16, -2.064999999980776213 ) ) ;
#828 = ORIENTED_EDGE ( 'NONE', *, *, #4663, .F. ) ;
#829 = VECTOR ( 'NONE', #5258, 1000.000000000000000 ) ;
#830 = EDGE_LOOP ( 'NONE', ( #1214, #893, #5019, #3477 ) ) ;
#831 = AXIS2_PLACEMENT_3D ( 'NONE', #2535, #1143, #725 ) ;
#832 = CARTESIAN_POINT ( 'NONE',  ( 0.9843342201064364527, 2.125255814197618776, 0.2850196258058629306 ) ) ;
#833 = CARTESIAN_POINT ( 'NONE',  ( 2.469999999999888729, 5.273559366969493567E-13, 2.517800735128208789 ) ) ;
#834 = EDGE_CURVE ( 'NONE', #4767, #4034, #1663, .T. ) ;
#835 = CONICAL_SURFACE ( 'NONE', #305, 3.175000000055685501, 0.7853981633974495002 ) ;
#836 = CARTESIAN_POINT ( 'NONE',  ( 0.9699999999999986411, 2.483238627135203380, -0.4477264981799095045 ) ) ;
#837 = FACE_OUTER_BOUND ( 'NONE', #223, .T. ) ;
#838 = ORIENTED_EDGE ( 'NONE', *, *, #4787, .T. ) ;
#839 = VERTEX_POINT ( 'NONE', #2878 ) ;
#840 = VERTEX_POINT ( 'NONE', #3355 ) ;
#841 = CARTESIAN_POINT ( 'NONE',  ( 2.470000000000027729, 2.070502786264333039, -1.449385447233317414 ) ) ;
#842 = EDGE_CURVE ( 'NONE', #5382, #2224, #5053, .T. ) ;
#843 = DIRECTION ( 'NONE',  ( 1.445076253180192051E-16, 1.000000000000000000, -2.553512956637819811E-15 ) ) ;
#844 = EDGE_LOOP ( 'NONE', ( #5181, #195, #3023, #1792 ) ) ;
#845 = CARTESIAN_POINT ( 'NONE',  ( 2.450949999999951778, -1.825087419202175987, -0.7658558616864541424 ) ) ;
#846 = AXIS2_PLACEMENT_3D ( 'NONE', #1159, #4949, #2828 ) ;
#847 = CONICAL_SURFACE ( 'NONE', #1391, 1.499999999964541475, 0.7853981632923773271 ) ;
#848 = EDGE_CURVE ( 'NONE', #4282, #1610, #3650, .T. ) ;
#849 = LINE ( 'NONE', #900, #3766 ) ;
#850 = EDGE_CURVE ( 'NONE', #2966, #957, #4336, .T. ) ;
#851 = CARTESIAN_POINT ( 'NONE',  ( 0.9699999999999986411, 2.521531062727372152, -0.1842807336882024138 ) ) ;
#852 = VERTEX_POINT ( 'NONE', #495 ) ;
#853 = DIRECTION ( 'NONE',  ( 1.000000000000000000, 2.000187765493021278E-16, -7.400880780937300593E-16 ) ) ;
#854 = ORIENTED_EDGE ( 'NONE', *, *, #2044, .T. ) ;
#855 = ADVANCED_FACE ( 'NONE', ( #2276 ), #4359, .F. ) ;
#856 = DIRECTION ( 'NONE',  ( 6.845769268624693726E-16, -5.551115123125739315E-16, -1.000000000000000000 ) ) ;
#857 = CARTESIAN_POINT ( 'NONE',  ( 0.9843342201064364527, 2.125066602492426071, -0.1854790744887646614 ) ) ;
#858 = ORIENTED_EDGE ( 'NONE', *, *, #1670, .F. ) ;
#859 = LINE ( 'NONE', #502, #3749 ) ;
#860 = ORIENTED_EDGE ( 'NONE', *, *, #4542, .F. ) ;
#861 = ORIENTED_EDGE ( 'NONE', *, *, #2272, .T. ) ;
#862 = DIRECTION ( 'NONE',  ( -1.000000000000000000, -2.000187765493021278E-16, 7.400880780937300593E-16 ) ) ;
#863 = CARTESIAN_POINT ( 'NONE',  ( 0.9699999999999986411, 2.237352282273868731, -0.1849315072806612115 ) ) ;
#864 = DIRECTION ( 'NONE',  ( 7.092527854639317895E-16, 0.5611319948292396997, -0.8277263342306792060 ) ) ;
#865 = DIRECTION ( 'NONE',  ( -2.208597309011112295E-16, 0.8660254037844387076, 0.4999999999999998890 ) ) ;
#866 = VERTEX_POINT ( 'NONE', #4834 ) ;
#867 = ORIENTED_EDGE ( 'NONE', *, *, #1563, .T. ) ;
#868 = VERTEX_POINT ( 'NONE', #5199 ) ;
#869 = DIRECTION ( 'NONE',  ( -1.000000000000000000, -2.000187765493021278E-16, 7.400880780937300593E-16 ) ) ;
#870 = CARTESIAN_POINT ( 'NONE',  ( 0.9843342201064364527, 2.381236316858021063, 0.1405888840665114881 ) ) ;
#871 = DIRECTION ( 'NONE',  ( -6.100319300594403953E-16, -0.6388554570236131269, 0.7693267868930279141 ) ) ;
#872 = CARTESIAN_POINT ( 'NONE',  ( 2.450950000000062801, -1.848407460854489814, -1.067178545096830744 ) ) ;
#873 = FACE_OUTER_BOUND ( 'NONE', #1906, .T. ) ;
#874 = EDGE_CURVE ( 'NONE', #1961, #1222, #128, .T. ) ;
#875 = FACE_OUTER_BOUND ( 'NONE', #1751, .T. ) ;
#876 = DIRECTION ( 'NONE',  ( -5.995848866729787176E-16, 0.1329814728554983283, 0.9911185236273117871 ) ) ;
#877 = ORIENTED_EDGE ( 'NONE', *, *, #4771, .F. ) ;
#878 = CARTESIAN_POINT ( 'NONE',  ( 0.9700000000000541522, 2.347502163259545860, 0.1424318347458125578 ) ) ;
#879 = EDGE_CURVE ( 'NONE', #1305, #4874, #2223, .T. ) ;
#880 = VERTEX_POINT ( 'NONE', #1752 ) ;
#881 = CARTESIAN_POINT ( 'NONE',  ( 0.9700000000000541522, 2.507883451764309157, 0.2269969962893081394 ) ) ;
#882 = CARTESIAN_POINT ( 'NONE',  ( 2.469999999999805684, 0.06360232754379357978, 2.345481331187913909 ) ) ;
#883 = ORIENTED_EDGE ( 'NONE', *, *, #2045, .T. ) ;
#884 = FACE_OUTER_BOUND ( 'NONE', #3391, .T. ) ;
#885 = EDGE_CURVE ( 'NONE', #652, #3451, #3444, .T. ) ;
#886 = VERTEX_POINT ( 'NONE', #1836 ) ;
#887 = ORIENTED_EDGE ( 'NONE', *, *, #5055, .T. ) ;
#888 = DIRECTION ( 'NONE',  ( -6.748494113855085721E-16, 0.05089991897246938513, 0.9987037590039381518 ) ) ;
#889 = LINE ( 'NONE', #2532, #1991 ) ;
#890 = DIRECTION ( 'NONE',  ( -6.993111015183585649E-16, -0.5000000000000119904, 0.8660254037844317132 ) ) ;
#891 = VERTEX_POINT ( 'NONE', #3972 ) ;
#892 = VERTEX_POINT ( 'NONE', #526 ) ;
#893 = ORIENTED_EDGE ( 'NONE', *, *, #1813, .F. ) ;
#894 = LINE ( 'NONE', #30, #4329 ) ;
#895 = CARTESIAN_POINT ( 'NONE',  ( 2.470000000000055707, 1.866851484836312691, -1.145035237124516936 ) ) ;
#896 = DIRECTION ( 'NONE',  ( 1.000000000000000000, 2.000187765493021278E-16, -7.400880780937300593E-16 ) ) ;
#897 = DIRECTION ( 'NONE',  ( -6.845769268624692740E-16, 5.551115123125739315E-16, 1.000000000000000000 ) ) ;
#898 = DIRECTION ( 'NONE',  ( 5.678280449645382924E-16, -0.4778152549999977738, -0.8784603474769291376 ) ) ;
#899 = AXIS2_PLACEMENT_3D ( 'NONE', #1633, #4220, #1718 ) ;
#900 = CARTESIAN_POINT ( 'NONE',  ( 0.9700000000000541522, 2.466484790674877914, 0.1704206895832005575 ) ) ;
#901 = FACE_OUTER_BOUND ( 'NONE', #479, .T. ) ;
#902 = ADVANCED_FACE ( 'NONE', ( #71 ), #156, .F. ) ;
#903 = EDGE_LOOP ( 'NONE', ( #4152, #4588, #2934, #3648 ) ) ;
#904 = DIRECTION ( 'NONE',  ( 3.339447371134777734E-16, 0.9457678396917528207, -0.3248433367098592650 ) ) ;
#905 = VECTOR ( 'NONE', #3110, 1000.000000000000000 ) ;
#906 = ORIENTED_EDGE ( 'NONE', *, *, #4576, .F. ) ;
#907 = CARTESIAN_POINT ( 'NONE',  ( 0.9843342201064364527, 2.398268237188555752, 0.01740461005340920853 ) ) ;
#908 = DIRECTION ( 'NONE',  ( 1.131409647180080362E-16, 0.9999881098214298270, 0.004876496258989318835 ) ) ;
#909 = ADVANCED_FACE ( 'NONE', ( #3526 ), #3548, .T. ) ;
#910 = ORIENTED_EDGE ( 'NONE', *, *, #5237, .T. ) ;
#911 = VECTOR ( 'NONE', #2169, 1000.000000000000000 ) ;
#912 = DIRECTION ( 'NONE',  ( -5.634365361779184000E-16, 0.3803437133059899278, 0.9248452085341691831 ) ) ;
#913 = ORIENTED_EDGE ( 'NONE', *, *, #1087, .T. ) ;
#914 = VERTEX_POINT ( 'NONE', #5252 ) ;
#915 = DIRECTION ( 'NONE',  ( -6.845769268624692740E-16, 5.551115123125739315E-16, 1.000000000000000000 ) ) ;
#916 = VECTOR ( 'NONE', #1748, 1000.000000000000000 ) ;
#917 = PLANE ( 'NONE',  #123 ) ;
#918 = EDGE_CURVE ( 'NONE', #3721, #2922, #1417, .T. ) ;
#919 = EDGE_CURVE ( 'NONE', #114, #75, #3942, .T. ) ;
#920 =( LENGTH_UNIT ( ) NAMED_UNIT ( * ) SI_UNIT ( .MILLI., .METRE. ) );
#921 = LINE ( 'NONE', #5094, #1820 ) ;
#922 = VECTOR ( 'NONE', #2827, 1000.000000000000000 ) ;
#923 = UNCERTAINTY_MEASURE_WITH_UNIT (LENGTH_MEASURE( 1.000000000000000082E-05 ), #1415, 'distance_accuracy_value', 'NONE');
#924 = ORIENTED_EDGE ( 'NONE', *, *, #2657, .F. ) ;
#925 = ORIENTED_EDGE ( 'NONE', *, *, #4517, .T. ) ;
#926 = ORIENTED_EDGE ( 'NONE', *, *, #2182, .T. ) ;
#927 = CARTESIAN_POINT ( 'NONE',  ( 0.9700000000000541522, 1.777399554396486003, 0.1634373442320619096 ) ) ;
#928 = VECTOR ( 'NONE', #4762, 1000.000000000000000 ) ;
#929 = DIRECTION ( 'NONE',  ( 1.000000000000000000, 1.722632009336712421E-16, -4.625323219374409242E-16 ) ) ;
#930 = AXIS2_PLACEMENT_3D ( 'NONE', #4235, #2479, #2863 ) ;
#931 = CARTESIAN_POINT ( 'NONE',  ( 1.624750000000008132, -1.387778780781445676E-13, 1.387778780781445676E-13 ) ) ;
#932 = PLANE ( 'NONE',  #5352 ) ;
#933 = DIRECTION ( 'NONE',  ( -7.400880780937299607E-16, -5.551115123125742273E-16, -1.000000000000000000 ) ) ;
#934 = VECTOR ( 'NONE', #2793, 1000.000000000000000 ) ;
#935 = CARTESIAN_POINT ( 'NONE',  ( 2.469999999999972218, -1.675109521795753453, -1.025625200007374005 ) ) ;
#936 = SURFACE_STYLE_FILL_AREA ( #576 ) ;
#937 = AXIS2_PLACEMENT_3D ( 'NONE', #2736, #1465, #1414 ) ;
#938 = EDGE_LOOP ( 'NONE', ( #4291, #2671 ) ) ;
#939 = CARTESIAN_POINT ( 'NONE',  ( 0.9699999999999986411, 2.496189298377360366, -0.4507503921453992479 ) ) ;
#940 = ORIENTED_EDGE ( 'NONE', *, *, #2349, .F. ) ;
#941 = EDGE_CURVE ( 'NONE', #1339, #1899, #4749, .T. ) ;
#942 = AXIS2_PLACEMENT_3D ( 'NONE', #1009, #3963, #2269 ) ;
#943 = CARTESIAN_POINT ( 'NONE',  ( 0.9700000000000541522, 1.975537752030354088, -0.3948934297118011916 ) ) ;
#944 = LINE ( 'NONE', #2640, #2538 ) ;
#945 = ORIENTED_EDGE ( 'NONE', *, *, #1941, .F. ) ;
#946 = VECTOR ( 'NONE', #2553, 1000.000000000000000 ) ;
#947 = DIRECTION ( 'NONE',  ( -6.221421824593029792E-18, 0.9720757995434984311, 0.2346670832091035108 ) ) ;
#948 = VERTEX_POINT ( 'NONE', #3024 ) ;
#949 = ADVANCED_FACE ( 'NONE', ( #1019 ), #2714, .T. ) ;
#950 = APPLICATION_PROTOCOL_DEFINITION ( 'draft international standard', 'automotive_design', 1998, #3377 ) ;
#951 = CARTESIAN_POINT ( 'NONE',  ( 2.450950000000007289, -0.02037416159333949039, 2.173161927247598157 ) ) ;
#952 = CARTESIAN_POINT ( 'NONE',  ( 0.9699999999999986411, 2.472865152089859464, -0.4640019752579910284 ) ) ;
#953 = DIRECTION ( 'NONE',  ( -1.000000000000000000, -2.000187765493021278E-16, 7.400880780937300593E-16 ) ) ;
#954 = ORIENTED_EDGE ( 'NONE', *, *, #4935, .F. ) ;
#955 = EDGE_LOOP ( 'NONE', ( #822, #627, #307, #3389 ) ) ;
#956 = EDGE_CURVE ( 'NONE', #1785, #5490, #2604, .T. ) ;
#957 = VERTEX_POINT ( 'NONE', #4304 ) ;
#958 = DIRECTION ( 'NONE',  ( 5.679358808856674180E-16, 0.7205143255214324638, -0.6934400527214990007 ) ) ;
#959 = CARTESIAN_POINT ( 'NONE',  ( 0.9843342201064364527, 2.362123067768146178, 0.1402156209749927385 ) ) ;
#960 = CARTESIAN_POINT ( 'NONE',  ( 0.9843342201064364527, 2.125255814197729798, -0.07459528143372029518 ) ) ;
#961 = CARTESIAN_POINT ( 'NONE',  ( 0.9699999999999986411, 2.503303842999543782, -0.4528350302195616184 ) ) ;
#962 = CARTESIAN_POINT ( 'NONE',  ( 0.9700000000000541522, 2.414157720176640431, 0.2626768769259379965 ) ) ;
#963 = ADVANCED_FACE ( 'NONE', ( #4807 ), #2687, .T. ) ;
#964 = CARTESIAN_POINT ( 'NONE',  ( 0.9843342201064919639, 2.523629592551285050, 0.03526031801355522521 ) ) ;
#965 = PLANE ( 'NONE',  #1483 ) ;
#966 = ADVANCED_BREP_SHAPE_REPRESENTATION ( 'CLS-M3-1', ( #522, #3973 ), #4499 ) ;
#967 = ORIENTED_EDGE ( 'NONE', *, *, #5468, .F. ) ;
#968 = DIRECTION ( 'NONE',  ( -6.151416554694809738E-16, 0.3882672511710619223, 0.9215468201171700402 ) ) ;
#969 = ORIENTED_EDGE ( 'NONE', *, *, #2164, .F. ) ;
#970 = PLANE ( 'NONE',  #3591 ) ;
#971 = LINE ( 'NONE', #3997, #2097 ) ;
#972 = EDGE_LOOP ( 'NONE', ( #819, #940, #1613, #3712 ) ) ;
#973 = PLANE ( 'NONE',  #3405 ) ;
#974 = ORIENTED_EDGE ( 'NONE', *, *, #3353, .F. ) ;
#975 = CARTESIAN_POINT ( 'NONE',  ( 0.9699999999999986411, 2.523629592551285050, 0.03526031801355522521 ) ) ;
#976 = EDGE_CURVE ( 'NONE', #2224, #1517, #1804, .T. ) ;
#977 = CARTESIAN_POINT ( 'NONE',  ( 2.469999999999972218, -1.675109521795753453, -1.025625200007374005 ) ) ;
#978 = ORIENTED_EDGE ( 'NONE', *, *, #5027, .T. ) ;
#979 = ORIENTED_EDGE ( 'NONE', *, *, #445, .T. ) ;
#980 = ORIENTED_EDGE ( 'NONE', *, *, #157, .T. ) ;
#981 = CARTESIAN_POINT ( 'NONE',  ( 0.9699999999999986411, 2.466494824628933991, -0.2599725829592336446 ) ) ;
#982 = SURFACE_STYLE_USAGE ( .BOTH. , #251 ) ;
#983 = DIRECTION ( 'NONE',  ( 6.612880984808103771E-16, 0.4166995485317765424, -0.9090442707885098006 ) ) ;
#984 = EDGE_CURVE ( 'NONE', #2361, #1305, #547, .T. ) ;
#985 = CARTESIAN_POINT ( 'NONE',  ( 0.9699999999999986411, 2.486652238561370964, -0.4525014031271090698 ) ) ;
#986 = CARTESIAN_POINT ( 'NONE',  ( 2.470000000000027729, -1.725772238865302954, -0.9378747999921333012 ) ) ;
#987 = CARTESIAN_POINT ( 'NONE',  ( 0.9843342201064364527, 2.332881258751279496, 0.1446480485160217544 ) ) ;
#988 = CARTESIAN_POINT ( 'NONE',  ( 2.450950000000007289, 2.180479398288054149, -1.258900367563611677 ) ) ;
#989 = DIRECTION ( 'NONE',  ( -9.621326830187598882E-16, -2.220446049250292373E-16, 1.000000000000000000 ) ) ;
#990 = EDGE_CURVE ( 'NONE', #4891, #4874, #1978, .T. ) ;
#991 = ORIENTED_EDGE ( 'NONE', *, *, #2287, .F. ) ;
#992 = EDGE_CURVE ( 'NONE', #3225, #350, #1069, .T. ) ;
#993 = DIRECTION ( 'NONE',  ( 2.976118894602368875E-16, -0.8509796880744739944, -0.5251986009926823407 ) ) ;
#994 = VECTOR ( 'NONE', #5428, 1000.000000000000000 ) ;
#995 = CARTESIAN_POINT ( 'NONE',  ( 0.9699999999999986411, 2.490779014444583161, -0.4649539812294212204 ) ) ;
#996 = CARTESIAN_POINT ( 'NONE',  ( 0.9843342201064364527, 2.521531062727372152, -0.3948934297109130132 ) ) ;
#997 = ORIENTED_EDGE ( 'NONE', *, *, #1392, .F. ) ;
#998 = VECTOR ( 'NONE', #4665, 999.9999999999998863 ) ;
#999 = DIRECTION ( 'NONE',  ( -6.710827157943493112E-17, -0.9843980503717804087, -0.1759558990890549290 ) ) ;
#1000 = VERTEX_POINT ( 'NONE', #1150 ) ;
#1001 = VECTOR ( 'NONE', #3544, 1000.000000000000000 ) ;
#1002 = DIRECTION ( 'NONE',  ( -6.742552325790028473E-16, 0.05371555010020873794, 0.9985562776716352396 ) ) ;
#1003 = CARTESIAN_POINT ( 'NONE',  ( 0.9843342201064364527, 2.471483893426551504, -0.4542524141098319701 ) ) ;
#1004 = ORIENTED_EDGE ( 'NONE', *, *, #55, .T. ) ;
#1005 = VECTOR ( 'NONE', #3191, 999.9999999999998863 ) ;
#1006 = EDGE_LOOP ( 'NONE', ( #4833, #3092, #4699, #4883 ) ) ;
#1007 = CARTESIAN_POINT ( 'NONE',  ( 0.9699999999999986411, 2.473026928731441920, -0.05453024012889995387 ) ) ;
#1008 = EDGE_CURVE ( 'NONE', #2536, #4465, #2374, .T. ) ;
#1009 = CARTESIAN_POINT ( 'NONE',  ( 0.9700000000000541522, 2.331064604498556125, 0.2959619118668987969 ) ) ;
#1010 = AXIS2_PLACEMENT_3D ( 'NONE', #1184, #2466, #1713 ) ;
#1011 = DIRECTION ( 'NONE',  ( -6.481010078943531797E-16, -0.2696926424169340808, 0.9629464567805271491 ) ) ;
#1012 = PLANE ( 'NONE',  #2873 ) ;
#1013 = CARTESIAN_POINT ( 'NONE',  ( 2.199500000017450940, 1.229499999965216528, 2.595287281642485474E-13 ) ) ;
#1014 = EDGE_CURVE ( 'NONE', #1668, #1552, #2348, .T. ) ;
#1015 = VECTOR ( 'NONE', #5337, 1000.000000000000114 ) ;
#1016 = VECTOR ( 'NONE', #3900, 1000.000000000000000 ) ;
#1017 = SURFACE_STYLE_FILL_AREA ( #3081 ) ;
#1018 = VERTEX_POINT ( 'NONE', #4939 ) ;
#1019 = FACE_OUTER_BOUND ( 'NONE', #2738, .T. ) ;
#1020 = AXIS2_PLACEMENT_3D ( 'NONE', #3528, #3500, #1047 ) ;
#1021 = EDGE_CURVE ( 'NONE', #3347, #807, #624, .T. ) ;
#1022 = DIRECTION ( 'NONE',  ( 6.845769268624693726E-16, -5.551115123125739315E-16, -1.000000000000000000 ) ) ;
#1023 = FACE_OUTER_BOUND ( 'NONE', #4769, .T. ) ;
#1024 = ORIENTED_EDGE ( 'NONE', *, *, #4002, .T. ) ;
#1025 = LINE ( 'NONE', #3114, #2255 ) ;
#1026 = CIRCLE ( 'NONE', #5116, 2.637500000000020606 ) ;
#1027 = VERTEX_POINT ( 'NONE', #2297 ) ;
#1028 = ADVANCED_FACE ( 'NONE', ( #1576 ), #4097, .F. ) ;
#1029 = DIRECTION ( 'NONE',  ( 4.992923249690979017E-16, -0.5000000000000059952, -0.8660254037844352659 ) ) ;
#1030 = CARTESIAN_POINT ( 'NONE',  ( 2.470000000000027729, 2.070502786264333039, -1.449385447233317414 ) ) ;
#1031 = VECTOR ( 'NONE', #2906, 1000.000000000000114 ) ;
#1032 = B_SPLINE_CURVE_WITH_KNOTS ( 'NONE', 3,
 ( #3834, #20, #3008, #1054 ),
 .UNSPECIFIED., .F., .F.,
 ( 4, 4 ),
 ( 0.000000000000000000, 0.9976201257363475072 ),
 .UNSPECIFIED. ) ;
#1033 = CARTESIAN_POINT ( 'NONE',  ( 0.9700000000000541522, 2.314590793894927501, 0.2895770477463893711 ) ) ;
#1034 = ORIENTED_EDGE ( 'NONE', *, *, #172, .F. ) ;
#1035 = AXIS2_PLACEMENT_3D ( 'NONE', #927, #2625, #61 ) ;
#1036 = ORIENTED_EDGE ( 'NONE', *, *, #3329, .T. ) ;
#1037 = CARTESIAN_POINT ( 'NONE',  ( 0.9843342201064364527, 2.235388494119194824, 0.2243451655704054026 ) ) ;
#1038 = CARTESIAN_POINT ( 'NONE',  ( 2.450950000000035267, 1.752788928699816617, -1.092298960886806114 ) ) ;
#1039 = PLANE ( 'NONE',  #3158 ) ;
#1040 = CARTESIAN_POINT ( 'NONE',  ( 0.9699999999999986411, 2.463272841927099943, -0.4324412773113461839 ) ) ;
#1041 = DIRECTION ( 'NONE',  ( -1.000000000000000000, -2.000187765493021278E-16, 7.400880780937300593E-16 ) ) ;
#1042 = CYLINDRICAL_SURFACE ( 'NONE', #4467, 2.637500000000020606 ) ;
#1043 = PLANE ( 'NONE',  #937 ) ;
#1044 = VERTEX_POINT ( 'NONE', #3649 ) ;
#1045 = CARTESIAN_POINT ( 'NONE',  ( 2.470000000000027729, -0.1701361911069509958, 1.963499999999882117 ) ) ;
#1046 = EDGE_CURVE ( 'NONE', #2758, #2148, #3623, .T. ) ;
#1047 = DIRECTION ( 'NONE',  ( -9.713191375867612216E-16, -2.220446049250337733E-16, 1.000000000000000000 ) ) ;
#1048 = DIRECTION ( 'NONE',  ( 4.992923249691015501E-16, -0.4999999999999992228, -0.8660254037844391517 ) ) ;
#1049 = EDGE_LOOP ( 'NONE', ( #786, #434, #5500 ) ) ;
#1050 = DIRECTION ( 'NONE',  ( 0.000000000000000000, 0.000000000000000000, -1.000000000000000000 ) ) ;
#1051 = EDGE_CURVE ( 'NONE', #269, #2019, #2843, .T. ) ;
#1052 = DIRECTION ( 'NONE',  ( 6.478296851166012099E-16, 0.1759558990890549290, -0.9843980503717804087 ) ) ;
#1053 = ORIENTED_EDGE ( 'NONE', *, *, #3293, .F. ) ;
#1054 = CARTESIAN_POINT ( 'NONE',  ( 0.9699999999999986411, 2.472612739809865179, -0.4539502272925405313 ) ) ;
#1055 = CARTESIAN_POINT ( 'NONE',  ( 0.9699999999999986411, 2.521531062727539130, -0.07459528143340110606 ) ) ;
#1056 = EDGE_CURVE ( 'NONE', #3386, #1972, #5328, .T. ) ;
#1057 = EDGE_CURVE ( 'NONE', #78, #3304, #3267, .T. ) ;
#1058 = DIRECTION ( 'NONE',  ( 1.167520497023887139E-16, 1.000000000000000000, -2.886579864025370717E-15 ) ) ;
#1059 = ORIENTED_EDGE ( 'NONE', *, *, #3820, .T. ) ;
#1060 = ORIENTED_EDGE ( 'NONE', *, *, #3557, .F. ) ;
#1061 = DIRECTION ( 'NONE',  ( -8.106457405266427972E-16, -0.1167030593493125074, 0.9931668520135530365 ) ) ;
#1062 = DIRECTION ( 'NONE',  ( 6.478296851166037737E-16, 0.1759558990894249941, -0.9843980503717142394 ) ) ;
#1063 = CARTESIAN_POINT ( 'NONE',  ( 5.689846345042076538E-11, 1.499999999964547692, -5.062106771362057811E-15 ) ) ;
#1064 = CARTESIAN_POINT ( 'NONE',  ( 2.470000000000055707, 1.841843850431706953, -1.291133606571764902 ) ) ;
#1065 = CARTESIAN_POINT ( 'NONE',  ( 0.9699999999999986411, 2.471483893426634992, -0.4542524141098597257 ) ) ;
#1066 = ORIENTED_EDGE ( 'NONE', *, *, #3315, .T. ) ;
#1067 = DIRECTION ( 'NONE',  ( 6.845769268624692740E-16, -5.551115123125739315E-16, -1.000000000000000000 ) ) ;
#1068 = ORIENTED_EDGE ( 'NONE', *, *, #329, .F. ) ;
#1069 = LINE ( 'NONE', #4050, #638 ) ;
#1070 = ADVANCED_FACE ( 'NONE', ( #2791 ), #207, .F. ) ;
#1071 = DIRECTION ( 'NONE',  ( 6.845769268624692740E-16, -5.551115123125739315E-16, -1.000000000000000000 ) ) ;
#1072 = CARTESIAN_POINT ( 'NONE',  ( 0.9843342201064364527, 2.521531062727539130, -0.1842807336881469027 ) ) ;
#1073 = ORIENTED_EDGE ( 'NONE', *, *, #5128, .T. ) ;
#1074 = DIRECTION ( 'NONE',  ( -1.000000000000000000, -2.000187765493021278E-16, 7.400880780937300593E-16 ) ) ;
#1075 = VECTOR ( 'NONE', #569, 1000.000000000000000 ) ;
#1076 = DIRECTION ( 'NONE',  ( -0.7071067811865441310, 2.707146371418424745E-16, 0.7071067811865507924 ) ) ;
#1077 = EDGE_LOOP ( 'NONE', ( #442, #1841, #2475, #3875, #3399, #2795, #5157, #3430, #3224, #5073, #328, #2649, #4127, #1346 ) ) ;
#1078 = ADVANCED_FACE ( 'NONE', ( #1518 ), #1962, .F. ) ;
#1079 = CARTESIAN_POINT ( 'NONE',  ( 0.9843342201064364527, 2.235388494119194824, 0.2243451655704054026 ) ) ;
#1080 = AXIS2_PLACEMENT_3D ( 'NONE', #3217, #215, #1050 ) ;
#1081 = LINE ( 'NONE', #247, #1908 ) ;
#1082 = ORIENTED_EDGE ( 'NONE', *, *, #503, .T. ) ;
#1083 = VECTOR ( 'NONE', #5466, 1000.000000000000000 ) ;
#1084 = EDGE_LOOP ( 'NONE', ( #3833, #450, #2603, #5257 ) ) ;
#1085 = DIRECTION ( 'NONE',  ( -5.788261997329872229E-16, 0.5500539575626259836, 0.8351291180228915811 ) ) ;
#1086 = EDGE_CURVE ( 'NONE', #1122, #2746, #3995, .T. ) ;
#1087 = EDGE_CURVE ( 'NONE', #1345, #70, #1467, .T. ) ;
#1088 = FACE_OUTER_BOUND ( 'NONE', #1338, .T. ) ;
#1089 = CARTESIAN_POINT ( 'NONE',  ( 0.9699999999999986411, 2.493745533049956720, -0.4541504134703971962 ) ) ;
#1090 = VECTOR ( 'NONE', #1076, 1000.000000000000000 ) ;
#1091 = DIRECTION ( 'NONE',  ( -1.000000000000000000, -1.722632009336712421E-16, 4.625323219374409242E-16 ) ) ;
#1092 = EDGE_LOOP ( 'NONE', ( #537, #504, #2039, #288 ) ) ;
#1093 = ORIENTED_EDGE ( 'NONE', *, *, #1086, .F. ) ;
#1094 = EDGE_CURVE ( 'NONE', #1222, #2141, #5307, .T. ) ;
#1095 = VECTOR ( 'NONE', #1932, 1000.000000000000000 ) ;
#1096 = LINE ( 'NONE', #4538, #4572 ) ;
#1097 = ORIENTED_EDGE ( 'NONE', *, *, #1699, .T. ) ;
#1098 = CARTESIAN_POINT ( 'NONE',  ( 2.279499999986056569, -1.387778780781445676E-13, 2.220446049250313081E-13 ) ) ;
#1099 = AXIS2_PLACEMENT_3D ( 'NONE', #3723, #2010, #4561 ) ;
#1100 = DIRECTION ( 'NONE',  ( 4.793297072451616343E-16, 0.8660254037844387076, -0.5000000000000001110 ) ) ;
#1101 = CARTESIAN_POINT ( 'NONE',  ( 2.470000000000027729, 2.290456010312191815, -1.068415287893975663 ) ) ;
#1102 = AXIS2_PLACEMENT_3D ( 'NONE', #4809, #4360, #2279 ) ;
#1103 = EDGE_LOOP ( 'NONE', ( #1997, #3675, #5086, #1170 ) ) ;
#1104 = DIRECTION ( 'NONE',  ( 1.000000000000000000, 3.110410790118177818E-16, -7.400880780937398214E-16 ) ) ;
#1105 = FACE_OUTER_BOUND ( 'NONE', #1205, .T. ) ;
#1106 = ORIENTED_CLOSED_SHELL ( 'NONE', *, #4274, .F. );
#1107 = ORIENTED_EDGE ( 'NONE', *, *, #4627, .T. ) ;
#1108 = AXIS2_PLACEMENT_3D ( 'NONE', #3440, #3378, #5077 ) ;
#1109 = CARTESIAN_POINT ( 'NONE',  ( 0.9843342201064364527, 2.422424264911820835, -0.05453024012871954262 ) ) ;
#1110 = CARTESIAN_POINT ( 'NONE',  ( 2.450949999999840756, -0.2359217314835682089, 2.240650367564128942 ) ) ;
#1111 = EDGE_CURVE ( 'NONE', #852, #652, #1494, .T. ) ;
#1112 = ORIENTED_EDGE ( 'NONE', *, *, #919, .T. ) ;
#1113 = ORIENTED_EDGE ( 'NONE', *, *, #2550, .F. ) ;
#1114 = DIRECTION ( 'NONE',  ( -1.000000000000000000, -2.000187765493021278E-16, 7.400880780937300593E-16 ) ) ;
#1115 = AXIS2_PLACEMENT_3D ( 'NONE', #3794, #4269, #3852 ) ;
#1116 = DIRECTION ( 'NONE',  ( 1.000000000000000000, 2.000187765493029413E-16, 6.845769268624692740E-16 ) ) ;
#1117 = CARTESIAN_POINT ( 'NONE',  ( 0.9700000000000541522, 2.125255814197562820, 0.2850196258058906862 ) ) ;
#1118 = DIRECTION ( 'NONE',  ( 4.619824724853956341E-16, 0.8660254037844391517, -0.4999999999999992228 ) ) ;
#1119 = VECTOR ( 'NONE', #2476, 1000.000000000000000 ) ;
#1120 = EDGE_CURVE ( 'NONE', #4337, #2194, #2762, .T. ) ;
#1121 = CARTESIAN_POINT ( 'NONE',  ( 0.9843342201064919639, 2.421942635116219655, 0.2887058138483500347 ) ) ;
#1122 = VERTEX_POINT ( 'NONE', #1658 ) ;
#1123 = ORIENTED_EDGE ( 'NONE', *, *, #1046, .T. ) ;
#1124 = LINE ( 'NONE', #680, #1649 ) ;
#1125 = ORIENTED_EDGE ( 'NONE', *, *, #1283, .F. ) ;
#1126 = DIRECTION ( 'NONE',  ( 4.619824724853955355E-16, 0.8660254037844390407, -0.4999999999999991673 ) ) ;
#1127 = ADVANCED_FACE ( 'NONE', ( #4128 ), #4212, .F. ) ;
#1128 = LINE ( 'NONE', #4544, #5017 ) ;
#1129 = DIRECTION ( 'NONE',  ( 0.000000000000000000, 0.000000000000000000, -1.000000000000000000 ) ) ;
#1130 = VERTEX_POINT ( 'NONE', #1712 ) ;
#1131 = LINE ( 'NONE', #4522, #3568 ) ;
#1132 = CARTESIAN_POINT ( 'NONE',  ( 0.9699999999999986411, 2.125161208344938935, -0.1300371779613812562 ) ) ;
#1133 = ORIENTED_EDGE ( 'NONE', *, *, #4517, .F. ) ;
#1134 = PLANE ( 'NONE',  #5200 ) ;
#1135 = CARTESIAN_POINT ( 'NONE',  ( 0.9700000000000541522, 2.273044490338632428, 0.1765801039627645785 ) ) ;
#1136 = CARTESIAN_POINT ( 'NONE',  ( 0.000000000000000000, 0.000000000000000000, 0.000000000000000000 ) ) ;
#1137 = ORIENTED_EDGE ( 'NONE', *, *, #919, .F. ) ;
#1138 = ORIENTED_EDGE ( 'NONE', *, *, #1392, .T. ) ;
#1139 = LINE ( 'NONE', #2007, #4940 ) ;
#1140 = CARTESIAN_POINT ( 'NONE',  ( 0.9699999999999986411, 2.092235504760592057, -1.433421534247081297E-06 ) ) ;
#1141 = EDGE_CURVE ( 'NONE', #4587, #2042, #2957, .T. ) ;
#1142 = CARTESIAN_POINT ( 'NONE',  ( 5.689893001203927270E-11, 0.000000000000000000, 0.000000000000000000 ) ) ;
#1143 = DIRECTION ( 'NONE',  ( 7.400880780937299607E-16, 5.551115123125742273E-16, 1.000000000000000000 ) ) ;
#1144 = CARTESIAN_POINT ( 'NONE',  ( 0.7275000000000503286, -2.231857109454806259E-13, -2.637499999999770584 ) ) ;
#1145 = EDGE_LOOP ( 'NONE', ( #2775, #5209, #527, #2826, #5149, #974, #3484, #3070, #160, #4597, #358, #3703, #1927, #4651, #4144, #1864, #3096, #2562, #2212, #3475, #813, #2135, #3613 ) ) ;
#1146 = VERTEX_POINT ( 'NONE', #5438 ) ;
#1147 = ADVANCED_FACE ( 'NONE', ( #1295, #4157 ), #4242, .T. ) ;
#1148 = CARTESIAN_POINT ( 'NONE',  ( 2.470000000000055707, 1.700440880331027804, -0.9817499999997536531 ) ) ;
#1149 = FACE_OUTER_BOUND ( 'NONE', #2575, .T. ) ;
#1150 = CARTESIAN_POINT ( 'NONE',  ( 0.9700000000000541522, 2.235388494119278313, 0.2243451655705858139 ) ) ;
#1151 = EDGE_CURVE ( 'NONE', #1999, #2615, #2071, .T. ) ;
#1152 = CARTESIAN_POINT ( 'NONE',  ( 0.9843342201064364527, 2.300047294175100454, 0.1574800423556066420 ) ) ;
#1153 = LINE ( 'NONE', #3296, #2893 ) ;
#1154 = EDGE_LOOP ( 'NONE', ( #5123, #4278, #1498, #3813 ) ) ;
#1155 = DIRECTION ( 'NONE',  ( -6.768688488035121845E-16, 0.2406903406730367956, 0.9706019575019914081 ) ) ;
#1156 = DIRECTION ( 'NONE',  ( 1.445076253180192051E-16, 1.000000000000000000, -2.553512956637819811E-15 ) ) ;
#1157 = ORIENTED_EDGE ( 'NONE', *, *, #2987, .T. ) ;
#1158 = CARTESIAN_POINT ( 'NONE',  ( 0.9700000000000541522, 2.381236316858021063, 0.1405888840665947548 ) ) ;
#1159 = CARTESIAN_POINT ( 'NONE',  ( 5.689893001203927270E-11, 0.000000000000000000, 0.000000000000000000 ) ) ;
#1160 = DIRECTION ( 'NONE',  ( -0.7071067811865432429, -0.7071067811865517916, 2.996216921122330716E-15 ) ) ;
#1161 = ORIENTED_EDGE ( 'NONE', *, *, #4168, .T. ) ;
#1162 = ORIENTED_EDGE ( 'NONE', *, *, #3882, .F. ) ;
#1163 = LINE ( 'NONE', #4560, #1119 ) ;
#1164 = AXIS2_PLACEMENT_3D ( 'NONE', #3817, #3462, #4297 ) ;
#1165 = PLANE ( 'NONE',  #1728 ) ;
#1166 = CARTESIAN_POINT ( 'NONE',  ( 2.450950000000062801, -2.283648034692081552, -1.080207047563674916 ) ) ;
#1167 = VECTOR ( 'NONE', #5361, 1000.000000000000000 ) ;
#1168 = DIRECTION ( 'NONE',  ( -1.000000000000000000, -2.000187765493021278E-16, 7.400880780937300593E-16 ) ) ;
#1169 = ORIENTED_EDGE ( 'NONE', *, *, #1691, .T. ) ;
#1170 = ORIENTED_EDGE ( 'NONE', *, *, #1969, .T. ) ;
#1171 = EDGE_CURVE ( 'NONE', #448, #4587, #3732, .T. ) ;
#1172 = ORIENTED_EDGE ( 'NONE', *, *, #5441, .T. ) ;
#1173 = CARTESIAN_POINT ( 'NONE',  ( 0.9843342201064919639, 2.092235504760592057, 0.3948905628676016577 ) ) ;
#1174 = VECTOR ( 'NONE', #5513, 1000.000000000000114 ) ;
#1175 = ORIENTED_EDGE ( 'NONE', *, *, #2298, .T. ) ;
#1176 = DIRECTION ( 'NONE',  ( 2.208597309011063978E-16, -0.8660254037844428154, -0.4999999999999927280 ) ) ;
#1177 = EDGE_CURVE ( 'NONE', #113, #4891, #4659, .T. ) ;
#1178 = VECTOR ( 'NONE', #106, 1000.000000000000000 ) ;
#1179 = LINE ( 'NONE', #4132, #3953 ) ;
#1180 = CARTESIAN_POINT ( 'NONE',  ( 0.9699999999999986411, 2.481543631422583829, -0.4324412773119151732 ) ) ;
#1181 = EDGE_LOOP ( 'NONE', ( #1388, #3576, #2686, #1977 ) ) ;
#1182 = CARTESIAN_POINT ( 'NONE',  ( 0.9843342201063809416, 2.463272841927349965, -0.4482944105900776854 ) ) ;
#1183 = VECTOR ( 'NONE', #1878, 1000.000000000000114 ) ;
#1184 = CARTESIAN_POINT ( 'NONE',  ( 0.9699999999999431299, 2.181395787244327700, -0.2852079774574439730 ) ) ;
#1185 = EDGE_CURVE ( 'NONE', #1000, #138, #2487, .T. ) ;
#1186 = VERTEX_POINT ( 'NONE', #2020 ) ;
#1187 = AXIS2_PLACEMENT_3D ( 'NONE', #3897, #54, #4645 ) ;
#1188 = LINE ( 'NONE', #5367, #4660 ) ;
#1189 = VECTOR ( 'NONE', #1774, 1000.000000000000000 ) ;
#1190 = CARTESIAN_POINT ( 'NONE',  ( 0.9700000000000541522, 2.395313954424410419, 0.1425796205553053753 ) ) ;
#1191 = ORIENTED_EDGE ( 'NONE', *, *, #3540, .F. ) ;
#1192 = DIRECTION ( 'NONE',  ( -1.445076253180192051E-16, -1.000000000000000000, 2.553512956637819811E-15 ) ) ;
#1193 = VECTOR ( 'NONE', #3604, 1000.000000000000000 ) ;
#1194 = EDGE_CURVE ( 'NONE', #852, #3901, #2545, .T. ) ;
#1195 = ORIENTED_EDGE ( 'NONE', *, *, #2017, .F. ) ;
#1196 = ORIENTED_EDGE ( 'NONE', *, *, #1598, .T. ) ;
#1197 = DIRECTION ( 'NONE',  ( 0.000000000000000000, 5.645018411551103535E-16, 1.000000000000000000 ) ) ;
#1198 = PLANE ( 'NONE',  #2521 ) ;
#1199 = VECTOR ( 'NONE', #5305, 1000.000000000000114 ) ;
#1200 = CARTESIAN_POINT ( 'NONE',  ( 0.9699999999999986411, 2.463272841927377499, -0.4415490844348612942 ) ) ;
#1201 = LINE ( 'NONE', #4594, #5103 ) ;
#1202 = EDGE_LOOP ( 'NONE', ( #3013, #1277, #2379, #116 ) ) ;
#1203 = ORIENTED_EDGE ( 'NONE', *, *, #5128, .F. ) ;
#1204 = AXIS2_PLACEMENT_3D ( 'NONE', #5161, #929, #2214 ) ;
#1205 = EDGE_LOOP ( 'NONE', ( #4871, #2900, #3705, #4611 ) ) ;
#1206 = CARTESIAN_POINT ( 'NONE',  ( 0.9700000000000541522, 2.220902331279694941, 0.2589129974102100107 ) ) ;
#1207 = AXIS2_PLACEMENT_3D ( 'NONE', #1236, #4245, #1750 ) ;
#1208 = ORIENTED_EDGE ( 'NONE', *, *, #2145, .T. ) ;
#1209 = FACE_OUTER_BOUND ( 'NONE', #1181, .T. ) ;
#1210 = VECTOR ( 'NONE', #2953, 1000.000000000000000 ) ;
#1211 = DIRECTION ( 'NONE',  ( 1.000000000000000000, 2.000187765493029413E-16, 6.845769268624692740E-16 ) ) ;
#1212 = FACE_OUTER_BOUND ( 'NONE', #1103, .T. ) ;
#1213 = EDGE_CURVE ( 'NONE', #3744, #4261, #1685, .T. ) ;
#1214 = ORIENTED_EDGE ( 'NONE', *, *, #3631, .F. ) ;
#1215 = DIRECTION ( 'NONE',  ( 3.882069932406776759E-16, 0.9313974768889483613, -0.3640037637784817592 ) ) ;
#1216 = ORIENTED_EDGE ( 'NONE', *, *, #4112, .F. ) ;
#1217 = CARTESIAN_POINT ( 'NONE',  ( 0.9699999999999986411, 2.422424264911737790, 0.03026883183826489798 ) ) ;
#1218 = DIRECTION ( 'NONE',  ( 7.014062513729522323E-16, 0.1400182091686649755, -0.9901489287481959334 ) ) ;
#1219 = EDGE_CURVE ( 'NONE', #2830, #2966, #4181, .T. ) ;
#1220 = ORIENTED_EDGE ( 'NONE', *, *, #1258, .F. ) ;
#1221 = DIRECTION ( 'NONE',  ( 1.000000000000000000, 1.722632009336720063E-16, -7.400880780937477100E-16 ) ) ;
#1222 = VERTEX_POINT ( 'NONE', #2128 ) ;
#1223 = ORIENTED_EDGE ( 'NONE', *, *, #3315, .F. ) ;
#1224 = DIRECTION ( 'NONE',  ( 5.320708281056154538E-16, -0.3269487519478700421, -0.9450420697512519341 ) ) ;
#1225 = DIRECTION ( 'NONE',  ( -1.000000000000000000, -2.000187765493021278E-16, 7.400880780937300593E-16 ) ) ;
#1226 = ADVANCED_FACE ( 'NONE', ( #1209 ), #3709, .F. ) ;
#1227 = CARTESIAN_POINT ( 'NONE',  ( 0.9843342201064364527, 2.314344245309463144, 0.2847395351444903522 ) ) ;
#1228 = DIRECTION ( 'NONE',  ( -4.992923249690979017E-16, 0.5000000000000058842, 0.8660254037844352659 ) ) ;
#1229 = EDGE_LOOP ( 'NONE', ( #5067, #2088, #84, #677 ) ) ;
#1230 = ORIENTED_EDGE ( 'NONE', *, *, #1151, .T. ) ;
#1231 = ORIENTED_EDGE ( 'NONE', *, *, #941, .F. ) ;
#1232 = FACE_OUTER_BOUND ( 'NONE', #1439, .T. ) ;
#1233 = EDGE_LOOP ( 'NONE', ( #563, #2325, #1288, #4255 ) ) ;
#1234 = DIRECTION ( 'NONE',  ( -1.000000000000000000, -2.000187765493021278E-16, 7.400880780937300593E-16 ) ) ;
#1235 = CARTESIAN_POINT ( 'NONE',  ( 0.9699999999999986411, 2.523434647157873911, 0.2933406405774274806 ) ) ;
#1236 = CARTESIAN_POINT ( 'NONE',  ( 0.9699999999999986411, 2.323393438462745486, -0.07459528143413662882 ) ) ;
#1237 = EDGE_LOOP ( 'NONE', ( #249, #162, #3039, #801 ) ) ;
#1238 = DIRECTION ( 'NONE',  ( 1.000000000000000000, 1.722632009336712421E-16, -4.625323219374409242E-16 ) ) ;
#1239 = EDGE_LOOP ( 'NONE', ( #1870, #3429, #5314, #4204 ) ) ;
#1240 = EDGE_CURVE ( 'NONE', #3206, #4025, #5412, .T. ) ;
#1241 = DIRECTION ( 'NONE',  ( -3.882700225065793387E-16, 0.5000000000000092149, 0.8660254037844332675 ) ) ;
#1242 = LINE ( 'NONE', #3474, #4932 ) ;
#1243 = VERTEX_POINT ( 'NONE', #4571 ) ;
#1244 = DIRECTION ( 'NONE',  ( -1.000000000000000000, -2.000187765493021278E-16, 7.400880780937300593E-16 ) ) ;
#1245 = EDGE_LOOP ( 'NONE', ( #4503, #4811 ) ) ;
#1246 = ADVANCED_FACE ( 'NONE', ( #814 ), #3291, .F. ) ;
#1247 = ORIENTED_EDGE ( 'NONE', *, *, #4453, .F. ) ;
#1248 = LINE ( 'NONE', #4675, #3695 ) ;
#1249 = CARTESIAN_POINT ( 'NONE',  ( 2.469999999999888729, 0.06360232754346051287, 2.517800735127605272 ) ) ;
#1250 = VECTOR ( 'NONE', #2631, 1000.000000000000000 ) ;
#1251 = CARTESIAN_POINT ( 'NONE',  ( 2.469999999999861195, -0.1043506507306668496, 2.273457506810690365 ) ) ;
#1252 = FACE_OUTER_BOUND ( 'NONE', #14, .T. ) ;
#1253 = ORIENTED_EDGE ( 'NONE', *, *, #2329, .F. ) ;
#1254 = VERTEX_POINT ( 'NONE', #763 ) ;
#1255 = VECTOR ( 'NONE', #1411, 1000.000000000000000 ) ;
#1256 = EDGE_CURVE ( 'NONE', #4271, #5234, #401, .T. ) ;
#1257 = ORIENTED_EDGE ( 'NONE', *, *, #4584, .F. ) ;
#1258 = EDGE_CURVE ( 'NONE', #2898, #4922, #347, .T. ) ;
#1259 = DIRECTION ( 'NONE',  ( -1.000000000000000000, -2.000187765493021278E-16, 7.400880780937300593E-16 ) ) ;
#1260 = CARTESIAN_POINT ( 'NONE',  ( 0.9699999999999986411, 2.492117772841445422, -0.4551746698942260583 ) ) ;
#1261 = AXIS2_PLACEMENT_3D ( 'NONE', #4415, #578, #42 ) ;
#1262 = ORIENTED_EDGE ( 'NONE', *, *, #3162, .F. ) ;
#1263 = CARTESIAN_POINT ( 'NONE',  ( 0.9699999999999986411, 2.125255814197451798, 0.1250508761559410154 ) ) ;
#1264 = ADVANCED_FACE ( 'NONE', ( #5020 ), #932, .T. ) ;
#1265 = VECTOR ( 'NONE', #4781, 1000.000000000000000 ) ;
#1266 = CARTESIAN_POINT ( 'NONE',  ( 2.470000000000027729, -0.2359217314835682089, 1.492250000000493237 ) ) ;
#1267 = ORIENTED_EDGE ( 'NONE', *, *, #92, .F. ) ;
#1268 = CARTESIAN_POINT ( 'NONE',  ( 1.624750000000008132, -1.387778780781445676E-13, 1.387778780781445676E-13 ) ) ;
#1269 = AXIS2_PLACEMENT_3D ( 'NONE', #4640, #531, #3420 ) ;
#1270 = ORIENTED_EDGE ( 'NONE', *, *, #63, .T. ) ;
#1271 = LINE ( 'NONE', #4607, #657 ) ;
#1272 = DIRECTION ( 'NONE',  ( 1.000000000000000000, 2.000187765493021278E-16, -7.400880780937300593E-16 ) ) ;
#1273 = VECTOR ( 'NONE', #4829, 1000.000000000000000 ) ;
#1274 = ORIENTED_EDGE ( 'NONE', *, *, #5440, .F. ) ;
#1275 = ORIENTED_CLOSED_SHELL ( 'NONE', *, #2150, .F. );
#1276 = DIRECTION ( 'NONE',  ( 6.036596741689403522E-16, 0.6811833507215914185, -0.7321128619958164885 ) ) ;
#1277 = ORIENTED_EDGE ( 'NONE', *, *, #2306, .F. ) ;
#1278 = AXIS2_PLACEMENT_3D ( 'NONE', #975, #4845, #3582 ) ;
#1279 = ORIENTED_EDGE ( 'NONE', *, *, #4200, .F. ) ;
#1280 = VECTOR ( 'NONE', #2588, 1000.000000000000000 ) ;
#1281 = DIRECTION ( 'NONE',  ( -1.000000000000000000, -2.000187765493021278E-16, 7.400880780937300593E-16 ) ) ;
#1282 = CARTESIAN_POINT ( 'NONE',  ( 0.9843342201064364527, 2.309420209805401747, -0.07459528143308191694 ) ) ;
#1283 = EDGE_CURVE ( 'NONE', #1318, #3278, #5248, .T. ) ;
#1284 = AXIS2_PLACEMENT_3D ( 'NONE', #5232, #158, #528 ) ;
#1285 = FACE_OUTER_BOUND ( 'NONE', #3398, .T. ) ;
#1286 = DIRECTION ( 'NONE',  ( 7.301626448894610956E-16, 0.2959104772545312345, -0.9552156769290354177 ) ) ;
#1287 = VERTEX_POINT ( 'NONE', #3935 ) ;
#1288 = ORIENTED_EDGE ( 'NONE', *, *, #369, .F. ) ;
#1289 = ORIENTED_EDGE ( 'NONE', *, *, #141, .T. ) ;
#1290 = DIRECTION ( 'NONE',  ( -1.000000000000000000, -1.722632009336720063E-16, 7.400880780937477100E-16 ) ) ;
#1291 = VECTOR ( 'NONE', #622, 999.9999999999998863 ) ;
#1292 = LINE ( 'NONE', #5493, #3681 ) ;
#1293 = EDGE_CURVE ( 'NONE', #826, #407, #3848, .T. ) ;
#1294 = DIRECTION ( 'NONE',  ( -1.000000000000000000, -2.000187765493021278E-16, 7.400880780937300593E-16 ) ) ;
#1295 = FACE_OUTER_BOUND ( 'NONE', #3256, .T. ) ;
#1296 = AXIS2_PLACEMENT_3D ( 'NONE', #485, #516, #62 ) ;
#1297 = PLANE ( 'NONE',  #4742 ) ;
#1298 = MECHANICAL_DESIGN_GEOMETRIC_PRESENTATION_REPRESENTATION (  '', ( #4671 ), #3879 ) ;
#1299 = CARTESIAN_POINT ( 'NONE',  ( 0.9699999999999986411, 2.472865152089859464, -0.4640019752579910284 ) ) ;
#1300 = PLANE ( 'NONE',  #1115 ) ;
#1301 = ADVANCED_FACE ( 'NONE', ( #4331 ), #2991, .T. ) ;
#1302 = ORIENTED_EDGE ( 'NONE', *, *, #2191, .F. ) ;
#1303 = DIRECTION ( 'NONE',  ( -8.106457405266428958E-16, -0.1167030593493125351, 0.9931668520135531475 ) ) ;
#1304 = VECTOR ( 'NONE', #388, 1000.000000000000000 ) ;
#1305 = VERTEX_POINT ( 'NONE', #2598 ) ;
#1306 = LINE ( 'NONE', #4275, #4754 ) ;
#1307 = DIRECTION ( 'NONE',  ( 6.845769268624693726E-16, -5.551115123125739315E-16, -1.000000000000000000 ) ) ;
#1308 = EDGE_LOOP ( 'NONE', ( #5489, #2026, #3666, #3998 ) ) ;
#1309 = LINE ( 'NONE', #2228, #911 ) ;
#1310 = VERTEX_POINT ( 'NONE', #3519 ) ;
#1311 = EDGE_LOOP ( 'NONE', ( #1230, #4624, #5351, #706 ) ) ;
#1312 = CARTESIAN_POINT ( 'NONE',  ( 0.9699999999999986411, 2.237535760291203601, -0.2852079774565696724 ) ) ;
#1313 = CARTESIAN_POINT ( 'NONE',  ( 2.470000000000055707, 1.590464268307195672, -1.172235079669542435 ) ) ;
#1314 = CARTESIAN_POINT ( 'NONE',  ( 0.9843342201063809416, 2.483264967316822780, -0.4580349378334735988 ) ) ;
#1315 = CARTESIAN_POINT ( 'NONE',  ( 2.470000000000055707, 2.050436751333539753, -0.9298401041122894561 ) ) ;
#1316 = UNCERTAINTY_MEASURE_WITH_UNIT (LENGTH_MEASURE( 1.000000000000000082E-05 ), #2338, 'distance_accuracy_value', 'NONE');
#1317 = ORIENTED_EDGE ( 'NONE', *, *, #2444, .T. ) ;
#1318 = VERTEX_POINT ( 'NONE', #518 ) ;
#1319 = ORIENTED_EDGE ( 'NONE', *, *, #1912, .F. ) ;
#1320 = DIRECTION ( 'NONE',  ( -3.593773247311037665E-16, 0.8463804217565837895, 0.5325788032461932220 ) ) ;
#1321 = EDGE_CURVE ( 'NONE', #3708, #4427, #2217, .T. ) ;
#1322 = CARTESIAN_POINT ( 'NONE',  ( 0.9843342201064364527, 2.486422737122351290, -0.4626929670481366719 ) ) ;
#1323 = LINE ( 'NONE', #4713, #551 ) ;
#1324 = CARTESIAN_POINT ( 'NONE',  ( 0.9700000000000541522, 2.523629592551229983, 0.3459275904864889117 ) ) ;
#1325 = CARTESIAN_POINT ( 'NONE',  ( 2.470000000000027729, -1.725772238865302954, -0.9378747999921333012 ) ) ;
#1326 = EDGE_CURVE ( 'NONE', #2650, #2296, #5225, .T. ) ;
#1327 = CARTESIAN_POINT ( 'NONE',  ( 0.9700000000000541522, 2.262313893167195111, 0.1881129874340137231 ) ) ;
#1328 = FACE_OUTER_BOUND ( 'NONE', #3513, .T. ) ;
#1329 = VERTEX_POINT ( 'NONE', #3463 ) ;
#1330 = CARTESIAN_POINT ( 'NONE',  ( 2.450950000000035267, 1.841843850431540419, -1.291133606572028469 ) ) ;
#1331 = ORIENTED_EDGE ( 'NONE', *, *, #3426, .F. ) ;
#1332 = EDGE_CURVE ( 'NONE', #4658, #2370, #4800, .T. ) ;
#1333 = EDGE_CURVE ( 'NONE', #1655, #1345, #4687, .T. ) ;
#1334 = DIRECTION ( 'NONE',  ( 1.000000000000000000, 2.000187765493021278E-16, -7.400880780937300593E-16 ) ) ;
#1335 = CARTESIAN_POINT ( 'NONE',  ( 0.9843342201064364527, 1.892261543406409396, -1.201323915345220428E-06 ) ) ;
#1336 = VERTEX_POINT ( 'NONE', #986 ) ;
#1337 = CARTESIAN_POINT ( 'NONE',  ( 0.9700000000000541522, 1.975537752030187555, -0.3268890226826859369 ) ) ;
#1338 = EDGE_LOOP ( 'NONE', ( #4494, #4449, #3274, #3530 ) ) ;
#1339 = VERTEX_POINT ( 'NONE', #872 ) ;
#1340 = CARTESIAN_POINT ( 'NONE',  ( 2.450950000000007289, -0.1043506507305280717, 1.963500000000506507 ) ) ;
#1341 = LINE ( 'NONE', #1313, #2781 ) ;
#1342 = SURFACE_STYLE_USAGE ( .BOTH. , #4705 ) ;
#1343 = LINE ( 'NONE', #3455, #3232 ) ;
#1344 = EDGE_LOOP ( 'NONE', ( #2593, #5176, #1821, #4044 ) ) ;
#1345 = VERTEX_POINT ( 'NONE', #3908 ) ;
#1346 = ORIENTED_EDGE ( 'NONE', *, *, #4893, .F. ) ;
#1347 = LINE ( 'NONE', #5070, #4774 ) ;
#1348 = LINE ( 'NONE', #1854, #497 ) ;
#1349 = DIRECTION ( 'NONE',  ( -5.882887990558551382E-16, -0.4999999999999998890, 0.8660254037844387076 ) ) ;
#1350 = CLOSED_SHELL ( 'NONE', ( #4357, #2207, #586, #3156, #5179, #2574, #2546, #3025, #261, #4592, #4536, #3255, #2958, #3590 ) ) ;
#1351 = FACE_OUTER_BOUND ( 'NONE', #972, .T. ) ;
#1352 = PRODUCT_RELATED_PRODUCT_CATEGORY ( 'part', '', ( #4927 ) ) ;
#1353 = CARTESIAN_POINT ( 'NONE',  ( 0.9843342201064364527, 2.411458586530551784, -0.2347371884625498728 ) ) ;
#1354 = AXIS2_PLACEMENT_3D ( 'NONE', #836, #2302, #2560 ) ;
#1355 = SURFACE_STYLE_USAGE ( .BOTH. , #1880 ) ;
#1356 = CARTESIAN_POINT ( 'NONE',  ( 0.9700000000000541522, 2.521786211845261860, 0.2788837195466659091 ) ) ;
#1357 = ORIENTED_EDGE ( 'NONE', *, *, #5071, .T. ) ;
#1358 = CARTESIAN_POINT ( 'NONE',  ( 0.9843342201064364527, 2.521531062727400130, -0.2852079774567778392 ) ) ;
#1359 = EDGE_CURVE ( 'NONE', #3279, #3720, #1856, .T. ) ;
#1360 = AXIS2_PLACEMENT_3D ( 'NONE', #5075, #371, #2103 ) ;
#1361 = ORIENTED_EDGE ( 'NONE', *, *, #1847, .T. ) ;
#1362 = DIRECTION ( 'NONE',  ( 1.724048793547732958E-16, -0.8971293181887333157, -0.4417680233405519852 ) ) ;
#1363 = DIRECTION ( 'NONE',  ( 1.000000000000000000, 1.722632009336712421E-16, -4.625323219374409242E-16 ) ) ;
#1364 = ORIENTED_EDGE ( 'NONE', *, *, #2001, .T. ) ;
#1365 = EDGE_CURVE ( 'NONE', #1287, #47, #2681, .T. ) ;
#1366 = VECTOR ( 'NONE', #5178, 1000.000000000000114 ) ;
#1367 = DIRECTION ( 'NONE',  ( 4.992923249691015501E-16, -0.4999999999999992228, -0.8660254037844391517 ) ) ;
#1368 = ORIENTED_EDGE ( 'NONE', *, *, #2145, .F. ) ;
#1369 = AXIS2_PLACEMENT_3D ( 'NONE', #202, #282, #4857 ) ;
#1370 = CARTESIAN_POINT ( 'NONE',  ( 0.9699999999999986411, 2.523629592551035472, -0.05453024012808116439 ) ) ;
#1371 = EDGE_CURVE ( 'NONE', #3198, #114, #4379, .T. ) ;
#1372 = CARTESIAN_POINT ( 'NONE',  ( 0.9699999999999986411, 2.472365065619993807, -0.4641025592230662578 ) ) ;
#1373 = LINE ( 'NONE', #2647, #4210 ) ;
#1374 = VECTOR ( 'NONE', #1431, 1000.000000000000000 ) ;
#1375 = VERTEX_POINT ( 'NONE', #4298 ) ;
#1376 = VERTEX_POINT ( 'NONE', #488 ) ;
#1377 = EDGE_LOOP ( 'NONE', ( #4566, #1680, #2985, #5069 ) ) ;
#1378 = DIRECTION ( 'NONE',  ( 7.397930517278999036E-16, -0.001706393916686081919, -0.9999985441088407034 ) ) ;
#1379 = AXIS2_PLACEMENT_3D ( 'NONE', #743, #4919, #2002 ) ;
#1380 = DIRECTION ( 'NONE',  ( 6.845769268624693726E-16, -5.551115123125739315E-16, -1.000000000000000000 ) ) ;
#1381 = LINE ( 'NONE', #3076, #2404 ) ;
#1382 = CARTESIAN_POINT ( 'NONE',  ( 2.470000000000027729, -2.008307592792912821, -1.371832463991251583 ) ) ;
#1383 = CARTESIAN_POINT ( 'NONE',  ( 0.9700000000000541522, 2.476682154858606211, 0.1804060506515742235 ) ) ;
#1384 = VECTOR ( 'NONE', #205, 1000.000000000000000 ) ;
#1385 = CARTESIAN_POINT ( 'NONE',  ( 0.9699999999999986411, 2.490494262658515812, -0.4551746698937819691 ) ) ;
#1386 =( NAMED_UNIT ( * ) SI_UNIT ( $, .STERADIAN. ) SOLID_ANGLE_UNIT ( ) );
#1387 = VECTOR ( 'NONE', #5072, 1000.000000000000227 ) ;
#1388 = ORIENTED_EDGE ( 'NONE', *, *, #2287, .T. ) ;
#1389 = CARTESIAN_POINT ( 'NONE',  ( 1.624750000000005024, -1.390940443400522585E-13, 3.175000000000168132 ) ) ;
#1390 = ORIENTED_EDGE ( 'NONE', *, *, #170, .F. ) ;
#1391 = AXIS2_PLACEMENT_3D ( 'NONE', #2821, #2961, #4185 ) ;
#1392 = EDGE_CURVE ( 'NONE', #839, #3033, #2188, .T. ) ;
#1393 = CARTESIAN_POINT ( 'NONE',  ( 0.9700000000000541522, 2.453637029193628472, 0.1626438018062364987 ) ) ;
#1394 = CARTESIAN_POINT ( 'NONE',  ( 0.9700000000000541522, 2.125255814197646309, -0.3948934297112599578 ) ) ;
#1395 = ORIENTED_EDGE ( 'NONE', *, *, #2996, .F. ) ;
#1396 = VECTOR ( 'NONE', #1631, 1000.000000000000114 ) ;
#1397 = CARTESIAN_POINT ( 'NONE',  ( 0.9699999999999986411, 2.125255814197590798, 0.03526031801394380327 ) ) ;
#1398 = EDGE_LOOP ( 'NONE', ( #2363, #1097, #5437, #2668 ) ) ;
#1399 = VECTOR ( 'NONE', #4036, 1000.000000000000000 ) ;
#1400 = EDGE_CURVE ( 'NONE', #3306, #2831, #90, .T. ) ;
#1401 = DIRECTION ( 'NONE',  ( 1.000000000000000000, 2.000187765493021278E-16, -7.400880780937300593E-16 ) ) ;
#1402 = CARTESIAN_POINT ( 'NONE',  ( 0.9843342201064919639, 2.400816861523324963, 0.2534304449036267615 ) ) ;
#1403 = AXIS2_PLACEMENT_3D ( 'NONE', #1698, #2917, #4614 ) ;
#1404 = ORIENTED_EDGE ( 'NONE', *, *, #806, .T. ) ;
#1405 = ORIENTED_EDGE ( 'NONE', *, *, #1585, .F. ) ;
#1406 = ORIENTED_EDGE ( 'NONE', *, *, #2468, .T. ) ;
#1407 = LINE ( 'NONE', #981, #4491 ) ;
#1408 = EDGE_CURVE ( 'NONE', #868, #2539, #3965, .T. ) ;
#1409 = CARTESIAN_POINT ( 'NONE',  ( 0.9699999999999986411, 2.486422737122351290, -0.4626929670481366719 ) ) ;
#1410 = CARTESIAN_POINT ( 'NONE',  ( 0.9699999999999986411, 2.478836439541276526, -0.4472441201542332045 ) ) ;
#1411 = DIRECTION ( 'NONE',  ( 1.000000000000000000, 2.000187765493021278E-16, -7.400880780937300593E-16 ) ) ;
#1412 = DIRECTION ( 'NONE',  ( -1.445076253180192051E-16, -1.000000000000000000, 2.553512956637819811E-15 ) ) ;
#1413 = CARTESIAN_POINT ( 'NONE',  ( 0.9843342201064364527, 2.478836439541415082, -0.4415490844356800837 ) ) ;
#1414 = DIRECTION ( 'NONE',  ( -2.616347117162466861E-16, 0.8759515744415719007, 0.4823990456389102288 ) ) ;
#1415 =( LENGTH_UNIT ( ) NAMED_UNIT ( * ) SI_UNIT ( .MILLI., .METRE. ) );
#1416 = ORIENTED_EDGE ( 'NONE', *, *, #519, .T. ) ;
#1417 = LINE ( 'NONE', #1330, #2933 ) ;
#1418 = DIRECTION ( 'NONE',  ( 0.000000000000000000, 5.645018411551103535E-16, 1.000000000000000000 ) ) ;
#1419 = DIRECTION ( 'NONE',  ( -7.045293848761032260E-16, 0.1547000690826087488, 0.9879614813472417101 ) ) ;
#1420 = VERTEX_POINT ( 'NONE', #4354 ) ;
#1421 = CARTESIAN_POINT ( 'NONE',  ( 0.9700000000000541522, 1.737768876015038932, 0.1974452814341859375 ) ) ;
#1422 = ADVANCED_FACE ( 'NONE', ( #1351 ), #454, .F. ) ;
#1423 = ORIENTED_EDGE ( 'NONE', *, *, #2037, .F. ) ;
#1424 = APPLICATION_PROTOCOL_DEFINITION ( 'draft international standard', 'automotive_design', 1998, #5166 ) ;
#1425 = CARTESIAN_POINT ( 'NONE',  ( 0.4850000000260459299, -1.392364001873105284E-13, 2.064999999981155909 ) ) ;
#1426 = CARTESIAN_POINT ( 'NONE',  ( 0.9699999999999986411, 2.463351944705066465, -0.4568993438546498087 ) ) ;
#1427 = EDGE_CURVE ( 'NONE', #1534, #2758, #3881, .T. ) ;
#1428 = ORIENTED_EDGE ( 'NONE', *, *, #2579, .F. ) ;
#1429 = VERTEX_POINT ( 'NONE', #5270 ) ;
#1430 = FACE_BOUND ( 'NONE', #1737, .T. ) ;
#1431 = DIRECTION ( 'NONE',  ( 1.000000000000000000, 2.000187765493021278E-16, -7.400880780937300593E-16 ) ) ;
#1432 = CARTESIAN_POINT ( 'NONE',  ( 0.9700000000000541522, 2.224161932931678631, 0.2483908197990492006 ) ) ;
#1433 = DIRECTION ( 'NONE',  ( -2.073106433702512030E-16, 0.9090442707885098006, 0.4166995485317765424 ) ) ;
#1434 = DIRECTION ( 'NONE',  ( 7.043350619216897427E-16, 0.2346670832091035386, -0.9720757995434984311 ) ) ;
#1435 = EDGE_CURVE ( 'NONE', #5490, #3419, #4879, .T. ) ;
#1436 = EDGE_CURVE ( 'NONE', #658, #2050, #253, .T. ) ;
#1437 = CARTESIAN_POINT ( 'NONE',  ( 0.9699999999999986411, 2.422424264911876790, -0.01856281503725965010 ) ) ;
#1438 = PLANE ( 'NONE',  #310 ) ;
#1439 = EDGE_LOOP ( 'NONE', ( #3959, #4866, #4638, #2523 ) ) ;
#1440 = CARTESIAN_POINT ( 'NONE',  ( 0.9699999999999986411, 2.485974359310056059, -0.4500810129468568732 ) ) ;
#1441 = ADVANCED_FACE ( 'NONE', ( #3641 ), #1012, .F. ) ;
#1442 = AXIS2_PLACEMENT_3D ( 'NONE', #2755, #4480, #2340 ) ;
#1443 = DIRECTION ( 'NONE',  ( -5.882887990558569132E-16, -0.4999999999999927280, 0.8660254037844428154 ) ) ;
#1444 = DIRECTION ( 'NONE',  ( -1.000000000000000000, -2.000187765493021278E-16, 7.400880780937300593E-16 ) ) ;
#1445 = ORIENTED_EDGE ( 'NONE', *, *, #5055, .F. ) ;
#1446 = AXIS2_PLACEMENT_3D ( 'NONE', #1968, #4970, #3246 ) ;
#1447 = CARTESIAN_POINT ( 'NONE',  ( 0.9699999999999986411, 2.483264967316822780, -0.4580349378334735988 ) ) ;
#1448 = ORIENTED_EDGE ( 'NONE', *, *, #580, .T. ) ;
#1449 = CARTESIAN_POINT ( 'NONE',  ( 0.2238461539150214119, 7.234694981581544350E-16, -2.099999999984425436 ) ) ;
#1450 = VECTOR ( 'NONE', #1041, 1000.000000000000000 ) ;
#1451 = LINE ( 'NONE', #2288, #3309 ) ;
#1452 = ORIENTED_EDGE ( 'NONE', *, *, #2871, .T. ) ;
#1453 = VECTOR ( 'NONE', #185, 1000.000000000000000 ) ;
#1454 = ORIENTED_EDGE ( 'NONE', *, *, #5407, .T. ) ;
#1455 = DIRECTION ( 'NONE',  ( 1.000000000000000000, 2.000187765493021278E-16, -7.400880780937300593E-16 ) ) ;
#1456 = EDGE_CURVE ( 'NONE', #4748, #2019, #3565, .T. ) ;
#1457 = DIRECTION ( 'NONE',  ( -4.619824724853993812E-16, -0.8660254037844352659, 0.5000000000000058842 ) ) ;
#1458 = VECTOR ( 'NONE', #1581, 1000.000000000000000 ) ;
#1459 = DIRECTION ( 'NONE',  ( -1.000000000000000000, -2.000187765493021278E-16, 7.400880780937300593E-16 ) ) ;
#1460 = DIRECTION ( 'NONE',  ( 6.687960947605179555E-16, 0.5970492305973766900, -0.8022045974956019121 ) ) ;
#1461 = CARTESIAN_POINT ( 'NONE',  ( 0.2238461538461855582, 0.000000000000000000, 4.163336342344337027E-14 ) ) ;
#1462 = VECTOR ( 'NONE', #561, 999.9999999999998863 ) ;
#1463 = AXIS2_PLACEMENT_3D ( 'NONE', #4260, #24, #3011 ) ;
#1464 = ADVANCED_FACE ( 'NONE', ( #1488 ), #3233, .F. ) ;
#1465 = DIRECTION ( 'NONE',  ( 7.591364965763771829E-16, 0.4823990456389102288, -0.8759515744415719007 ) ) ;
#1466 = VERTEX_POINT ( 'NONE', #644 ) ;
#1467 = LINE ( 'NONE', #3160, #2674 ) ;
#1468 = VECTOR ( 'NONE', #3659, 1000.000000000000114 ) ;
#1469 = VECTOR ( 'NONE', #4987, 1000.000000000000114 ) ;
#1470 = ADVANCED_FACE ( 'NONE', ( #5299 ), #700, .F. ) ;
#1471 = CARTESIAN_POINT ( 'NONE',  ( 0.9699999999999986411, 2.490779014444583161, -0.4649539812294212204 ) ) ;
#1472 = EDGE_CURVE ( 'NONE', #3278, #652, #1877, .T. ) ;
#1473 = DIRECTION ( 'NONE',  ( -1.000000000000000000, -2.000187765493021278E-16, 7.400880780937300593E-16 ) ) ;
#1474 = ORIENTED_EDGE ( 'NONE', *, *, #1895, .T. ) ;
#1475 = DIRECTION ( 'NONE',  ( 1.000000000000000000, 2.000187765493021278E-16, -7.400880780937300593E-16 ) ) ;
#1476 = PRESENTATION_LAYER_ASSIGNMENT (  '', '', ( #3078 ) ) ;
#1477 = VERTEX_POINT ( 'NONE', #3154 ) ;
#1478 = CARTESIAN_POINT ( 'NONE',  ( 2.470000000000055707, 1.886350574325429408, -1.316829575592329160 ) ) ;
#1479 = PLANE ( 'NONE',  #4562 ) ;
#1480 = VECTOR ( 'NONE', #2930, 1000.000000000000114 ) ;
#1481 = DIRECTION ( 'NONE',  ( -1.172565486536605705E-16, 0.9628491381317996201, 0.2700398807562516823 ) ) ;
#1482 = ORIENTED_EDGE ( 'NONE', *, *, #3337, .F. ) ;
#1483 = AXIS2_PLACEMENT_3D ( 'NONE', #5229, #4805, #989 ) ;
#1484 = ORIENTED_EDGE ( 'NONE', *, *, #3937, .T. ) ;
#1485 = DIRECTION ( 'NONE',  ( 9.615840696448729589E-16, 2.220446049250282512E-16, -1.000000000000000000 ) ) ;
#1486 = CARTESIAN_POINT ( 'NONE',  ( 0.9699999999999986411, 2.521531062727233596, -0.2852079774567084502 ) ) ;
#1487 = CARTESIAN_POINT ( 'NONE',  ( 0.9843342201064364527, 2.486652238561426476, -0.4525014031271507031 ) ) ;
#1488 = FACE_OUTER_BOUND ( 'NONE', #1614, .T. ) ;
#1489 = PLANE ( 'NONE',  #1369 ) ;
#1490 = ADVANCED_FACE ( 'NONE', ( #4481 ), #2316, .F. ) ;
#1491 = ORIENTED_EDGE ( 'NONE', *, *, #428, .T. ) ;
#1492 = CARTESIAN_POINT ( 'NONE',  ( 0.9700000000000541522, 2.215529865583654168, 0.2832232613420165857 ) ) ;
#1493 = ORIENTED_EDGE ( 'NONE', *, *, #1806, .F. ) ;
#1494 = LINE ( 'NONE', #3184, #5439 ) ;
#1495 = EDGE_CURVE ( 'NONE', #4160, #3941, #1539, .T. ) ;
#1496 = LINE ( 'NONE', #1577, #4844 ) ;
#1497 = CARTESIAN_POINT ( 'NONE',  ( 0.9700000000000541522, 2.314344245309407633, 0.2847395351445458633 ) ) ;
#1498 = ORIENTED_EDGE ( 'NONE', *, *, #3185, .F. ) ;
#1499 = FACE_OUTER_BOUND ( 'NONE', #2915, .T. ) ;
#1500 = CARTESIAN_POINT ( 'NONE',  ( 2.279499999986053460, -1.370153990265212334E-13, 3.175000000055907545 ) ) ;
#1501 = EDGE_CURVE ( 'NONE', #2635, #2750, #4456, .T. ) ;
#1502 = EDGE_CURVE ( 'NONE', #370, #415, #1511, .T. ) ;
#1503 = ORIENTED_EDGE ( 'NONE', *, *, #3402, .T. ) ;
#1504 = LINE ( 'NONE', #4140, #922 ) ;
#1505 = DIRECTION ( 'NONE',  ( 1.000000000000000000, 2.000187765493021278E-16, -7.400880780937300593E-16 ) ) ;
#1506 = ORIENTED_EDGE ( 'NONE', *, *, #1293, .F. ) ;
#1507 = ORIENTED_EDGE ( 'NONE', *, *, #617, .T. ) ;
#1508 = CARTESIAN_POINT ( 'NONE',  ( 0.9843342201064364527, 2.314590793895038523, 0.2895770477463338599 ) ) ;
#1509 = CARTESIAN_POINT ( 'NONE',  ( 2.470000000000055707, 1.634029338568238066, -1.197387384711673386 ) ) ;
#1510 = DIRECTION ( 'NONE',  ( -4.446352377255995586E-16, -0.8660254037844619113, 0.4999999999999597544 ) ) ;
#1511 = LINE ( 'NONE', #2733, #214 ) ;
#1512 = CARTESIAN_POINT ( 'NONE',  ( 2.450950000000035267, 2.079570488202703515, -1.107312077076247459 ) ) ;
#1513 = ORIENTED_EDGE ( 'NONE', *, *, #4817, .F. ) ;
#1514 = ORIENTED_EDGE ( 'NONE', *, *, #3262, .T. ) ;
#1515 = LINE ( 'NONE', #318, #662 ) ;
#1516 = EDGE_CURVE ( 'NONE', #4718, #2950, #4509, .T. ) ;
#1517 = VERTEX_POINT ( 'NONE', #4013 ) ;
#1518 = FACE_OUTER_BOUND ( 'NONE', #1653, .T. ) ;
#1519 = VECTOR ( 'NONE', #897, 1000.000000000000000 ) ;
#1520 = DIRECTION ( 'NONE',  ( 5.679160623960453748E-16, -0.4776621095428466579, -0.8785436295979145438 ) ) ;
#1521 = LINE ( 'NONE', #1101, #4937 ) ;
#1522 = EDGE_CURVE ( 'NONE', #2890, #3952, #2341, .T. ) ;
#1523 = ORIENTED_EDGE ( 'NONE', *, *, #410, .T. ) ;
#1524 = DIRECTION ( 'NONE',  ( 6.945799702660596533E-16, 0.5178324593895957673, -0.8554820535829625872 ) ) ;
#1525 = VECTOR ( 'NONE', #4963, 1000.000000000000000 ) ;
#1526 = DIRECTION ( 'NONE',  ( 1.000000000000000000, 2.000187765493029413E-16, 6.845769268624692740E-16 ) ) ;
#1527 = EDGE_LOOP ( 'NONE', ( #4737, #1357, #3620, #2122, #2766, #2973 ) ) ;
#1528 = DIRECTION ( 'NONE',  ( 6.845769268624692740E-16, -5.551115123125739315E-16, -1.000000000000000000 ) ) ;
#1529 = VECTOR ( 'NONE', #3768, 1000.000000000000000 ) ;
#1530 = EDGE_CURVE ( 'NONE', #4116, #2065, #597, .T. ) ;
#1531 = LINE ( 'NONE', #1110, #744 ) ;
#1532 = ORIENTED_EDGE ( 'NONE', *, *, #4453, .T. ) ;
#1533 = VECTOR ( 'NONE', #2928, 1000.000000000000000 ) ;
#1534 = VERTEX_POINT ( 'NONE', #4409 ) ;
#1535 = CARTESIAN_POINT ( 'NONE',  ( 0.9699999999999986411, 2.463272841927182988, -0.4620023377169546475 ) ) ;
#1536 = DIRECTION ( 'NONE',  ( 1.445076253180178246E-16, 1.000000000000000000, -5.551115123125738329E-16 ) ) ;
#1537 = ADVANCED_FACE ( 'NONE', ( #674 ), #2368, .F. ) ;
#1538 = PLANE ( 'NONE',  #366 ) ;
#1539 = LINE ( 'NONE', #228, #3585 ) ;
#1540 = VECTOR ( 'NONE', #2745, 1000.000000000000000 ) ;
#1541 = DIRECTION ( 'NONE',  ( 5.882887990558569132E-16, 0.4999999999999927280, -0.8660254037844428154 ) ) ;
#1542 = ORIENTED_EDGE ( 'NONE', *, *, #1435, .F. ) ;
#1543 = VECTOR ( 'NONE', #1905, 1000.000000000000114 ) ;
#1544 = PLANE ( 'NONE',  #220 ) ;
#1545 = ORIENTED_EDGE ( 'NONE', *, *, #4513, .T. ) ;
#1546 = DIRECTION ( 'NONE',  ( -8.153087361344654632E-16, -0.2402795388977053970, 0.9707037360529247039 ) ) ;
#1547 = AXIS2_PLACEMENT_3D ( 'NONE', #330, #4083, #2853 ) ;
#1548 = AXIS2_PLACEMENT_3D ( 'NONE', #1950, #1505, #3196 ) ;
#1549 = CARTESIAN_POINT ( 'NONE',  ( 2.470000000000055707, 1.810417492354610136, -0.7912649203304089607 ) ) ;
#1550 = DIRECTION ( 'NONE',  ( 8.132597263676724836E-17, -0.9555589467387254343, -0.2948001005894973492 ) ) ;
#1551 = AXIS2_PLACEMENT_3D ( 'NONE', #2820, #5358, #2376 ) ;
#1552 = VERTEX_POINT ( 'NONE', #3127 ) ;
#1553 = DIRECTION ( 'NONE',  ( -5.450653880985942047E-16, 0.1293109790941140702, 0.9916040896878762778 ) ) ;
#1554 = DIRECTION ( 'NONE',  ( 0.000000000000000000, 0.000000000000000000, -1.000000000000000000 ) ) ;
#1555 = ORIENTED_EDGE ( 'NONE', *, *, #5197, .F. ) ;
#1556 = EDGE_CURVE ( 'NONE', #47, #2746, #4828, .T. ) ;
#1557 = MECHANICAL_DESIGN_GEOMETRIC_PRESENTATION_REPRESENTATION (  '', ( #3956 ), #5467 ) ;
#1558 = DIRECTION ( 'NONE',  ( -5.454296380062759763E-16, 0.4167973664234312370, 0.9089994253807270885 ) ) ;
#1559 = DIRECTION ( 'NONE',  ( -1.066020076567996685E-16, 0.8682403210875346833, 0.4961438751388700941 ) ) ;
#1560 = VECTOR ( 'NONE', #345, 1000.000000000000000 ) ;
#1561 = CARTESIAN_POINT ( 'NONE',  ( 0.9700000000000541522, 2.033886628395681129, -0.3948934297112322023 ) ) ;
#1562 = EDGE_LOOP ( 'NONE', ( #2666, #1738, #3040, #1319 ) ) ;
#1563 = EDGE_CURVE ( 'NONE', #4238, #3442, #2012, .T. ) ;
#1564 = VERTEX_POINT ( 'NONE', #2455 ) ;
#1565 = LINE ( 'NONE', #5040, #2101 ) ;
#1566 = VECTOR ( 'NONE', #3912, 1000.000000000000000 ) ;
#1567 = CARTESIAN_POINT ( 'NONE',  ( 0.9699999999999986411, 2.502365463612932217, -0.4324412773112490394 ) ) ;
#1568 = CARTESIAN_POINT ( 'NONE',  ( 0.9843342201064919639, 1.975537752030132044, 0.3948905628679624802 ) ) ;
#1569 = DIRECTION ( 'NONE',  ( -5.882887990558551382E-16, -0.4999999999999998890, 0.8660254037844387076 ) ) ;
#1570 = AXIS2_PLACEMENT_3D ( 'NONE', #593, #4822, #4796 ) ;
#1571 = LINE ( 'NONE', #1121, #1543 ) ;
#1572 = EDGE_CURVE ( 'NONE', #3985, #4337, #2948, .T. ) ;
#1573 = EDGE_LOOP ( 'NONE', ( #631, #5514, #3034, #1967 ) ) ;
#1574 = DIRECTION ( 'NONE',  ( -5.882887990558569132E-16, -0.4999999999999927280, 0.8660254037844428154 ) ) ;
#1575 = ORIENTED_EDGE ( 'NONE', *, *, #410, .F. ) ;
#1576 = FACE_OUTER_BOUND ( 'NONE', #3147, .T. ) ;
#1577 = CARTESIAN_POINT ( 'NONE',  ( 0.9843342201064364527, 2.486422737122351290, -0.4626929670481366719 ) ) ;
#1578 = CARTESIAN_POINT ( 'NONE',  ( 0.9843342201063809416, 2.503720345612054032, -0.4439715996293197575 ) ) ;
#1579 = ORIENTED_EDGE ( 'NONE', *, *, #101, .T. ) ;
#1580 = LINE ( 'NONE', #3685, #5347 ) ;
#1581 = DIRECTION ( 'NONE',  ( 1.000000000000000000, 2.000187765493021278E-16, -7.400880780937300593E-16 ) ) ;
#1582 = ORIENTED_EDGE ( 'NONE', *, *, #2607, .F. ) ;
#1583 = LINE ( 'NONE', #692, #1996 ) ;
#1584 = PLANE ( 'NONE',  #402 ) ;
#1585 = EDGE_CURVE ( 'NONE', #1375, #2786, #1201, .T. ) ;
#1586 = CARTESIAN_POINT ( 'NONE',  ( 0.2705000000000068461, 0.000000000000000000, 0.000000000000000000 ) ) ;
#1587 = ORIENTED_EDGE ( 'NONE', *, *, #2009, .F. ) ;
#1588 = ORIENTED_EDGE ( 'NONE', *, *, #1057, .F. ) ;
#1589 = LINE ( 'NONE', #4146, #3692 ) ;
#1590 = DIRECTION ( 'NONE',  ( 1.131409647180080362E-16, 0.9999881098214298270, 0.004876496258989318835 ) ) ;
#1591 = EDGE_CURVE ( 'NONE', #320, #868, #5429, .T. ) ;
#1592 = CARTESIAN_POINT ( 'NONE',  ( 0.9843342201064919639, 1.975537752030298577, -0.3948934297111073022 ) ) ;
#1593 = CARTESIAN_POINT ( 'NONE',  ( 0.9843342201064364527, 2.273044490338632428, 0.1765801039627645785 ) ) ;
#1594 = EDGE_LOOP ( 'NONE', ( #5325, #168, #5230, #1767 ) ) ;
#1595 = ORIENTED_EDGE ( 'NONE', *, *, #3465, .T. ) ;
#1596 = ORIENTED_EDGE ( 'NONE', *, *, #403, .F. ) ;
#1597 = CARTESIAN_POINT ( 'NONE',  ( 2.469999999999972218, -0.1043506507305280717, 1.963500000000506507 ) ) ;
#1598 = EDGE_CURVE ( 'NONE', #2123, #757, #4981, .T. ) ;
#1599 = ORIENTED_EDGE ( 'NONE', *, *, #2737, .F. ) ;
#1600 = DIRECTION ( 'NONE',  ( -0.9911384352235825812, -2.002315273615767751E-16, 0.1328329861990159011 ) ) ;
#1601 = DIRECTION ( 'NONE',  ( 1.000000000000000000, 1.722632009336720063E-16, -7.400880780937477100E-16 ) ) ;
#1602 = LINE ( 'NONE', #1180, #229 ) ;
#1603 = ADVANCED_FACE ( 'NONE', ( #1252 ), #1620, .F. ) ;
#1604 = ORIENTED_EDGE ( 'NONE', *, *, #483, .T. ) ;
#1605 = CARTESIAN_POINT ( 'NONE',  ( 0.9843342201064364527, 2.503095591693316191, -0.4386548162825520958 ) ) ;
#1606 = DIRECTION ( 'NONE',  ( -6.845769268624693726E-16, 5.551115123125739315E-16, 1.000000000000000000 ) ) ;
#1607 = EDGE_LOOP ( 'NONE', ( #3514, #5393, #2310, #4912 ) ) ;
#1608 = LINE ( 'NONE', #1217, #4119 ) ;
#1609 = SURFACE_STYLE_FILL_AREA ( #4165 ) ;
#1610 = VERTEX_POINT ( 'NONE', #420 ) ;
#1611 = VECTOR ( 'NONE', #4900, 1000.000000000000000 ) ;
#1612 = LINE ( 'NONE', #4113, #5187 ) ;
#1613 = ORIENTED_EDGE ( 'NONE', *, *, #1501, .T. ) ;
#1614 = EDGE_LOOP ( 'NONE', ( #1004, #5090, #1891, #2790 ) ) ;
#1615 = DIRECTION ( 'NONE',  ( 1.445076253180192051E-16, 1.000000000000000000, -2.553512956637819811E-15 ) ) ;
#1616 = VECTOR ( 'NONE', #432, 1000.000000000000000 ) ;
#1617 = DIRECTION ( 'NONE',  ( -4.524142337153980128E-16, 0.3803437133060071362, 0.9248452085341621887 ) ) ;
#1618 = CARTESIAN_POINT ( 'NONE',  ( 2.470000000073470314, 1.953053935977692267E-13, 1.500000000021747715 ) ) ;
#1619 = VECTOR ( 'NONE', #3469, 999.9999999999998863 ) ;
#1620 = PLANE ( 'NONE',  #930 ) ;
#1621 = VERTEX_POINT ( 'NONE', #1593 ) ;
#1622 = ORIENTED_EDGE ( 'NONE', *, *, #4817, .T. ) ;
#1623 = EDGE_CURVE ( 'NONE', #1972, #2414, #2121, .T. ) ;
#1624 = LINE ( 'NONE', #4655, #1387 ) ;
#1625 = VECTOR ( 'NONE', #3388, 1000.000000000000000 ) ;
#1626 = ORIENTED_EDGE ( 'NONE', *, *, #572, .F. ) ;
#1627 = DIRECTION ( 'NONE',  ( 0.000000000000000000, 0.000000000000000000, -1.000000000000000000 ) ) ;
#1628 = ADVANCED_FACE ( 'NONE', ( #4648 ), #3312, .F. ) ;
#1629 =( GEOMETRIC_REPRESENTATION_CONTEXT ( 3 ) GLOBAL_UNCERTAINTY_ASSIGNED_CONTEXT ( ( #1316 ) ) GLOBAL_UNIT_ASSIGNED_CONTEXT ( ( #2338, #567, #4375 ) ) REPRESENTATION_CONTEXT ( 'NONE', 'WORKASPACE' ) );
#1630 = CARTESIAN_POINT ( 'NONE',  ( 2.450950000000035267, 1.866851484836312691, -1.145035237124516936 ) ) ;
#1631 = DIRECTION ( 'NONE',  ( 7.397930517279139059E-16, -0.001706393916729271329, -0.9999985441088405924 ) ) ;
#1632 = ORIENTED_EDGE ( 'NONE', *, *, #1556, .F. ) ;
#1633 = CARTESIAN_POINT ( 'NONE',  ( 2.469999999999972218, -0.02037416159328397924, 2.173161927247514669 ) ) ;
#1634 = VECTOR ( 'NONE', #534, 1000.000000000000114 ) ;
#1635 = ORIENTED_EDGE ( 'NONE', *, *, #4556, .F. ) ;
#1636 = ADVANCED_FACE ( 'NONE', ( #3343 ), #2036, .F. ) ;
#1637 = EDGE_CURVE ( 'NONE', #1146, #4701, #5380, .T. ) ;
#1638 = VECTOR ( 'NONE', #498, 1000.000000000000000 ) ;
#1639 = LINE ( 'NONE', #2469, #4396 ) ;
#1640 = VECTOR ( 'NONE', #1678, 1000.000000000000114 ) ;
#1641 = FACE_OUTER_BOUND ( 'NONE', #3688, .T. ) ;
#1642 = ORIENTED_EDGE ( 'NONE', *, *, #1833, .F. ) ;
#1643 = CARTESIAN_POINT ( 'NONE',  ( 0.9843342201064364527, 2.416638973676554780, 0.2657177383791342606 ) ) ;
#1644 = VECTOR ( 'NONE', #2935, 1000.000000000000000 ) ;
#1645 = EDGE_LOOP ( 'NONE', ( #979, #5044, #4848, #3903 ) ) ;
#1646 = EDGE_LOOP ( 'NONE', ( #3169, #711, #379, #1253 ) ) ;
#1647 = LINE ( 'NONE', #3308, #3968 ) ;
#1648 = CARTESIAN_POINT ( 'NONE',  ( 0.9700000000000541522, 2.507883451764309157, 0.2269969962893081394 ) ) ;
#1649 = VECTOR ( 'NONE', #2815, 1000.000000000000000 ) ;
#1650 = CARTESIAN_POINT ( 'NONE',  ( 0.9843342201064364527, 2.481543631422305829, -0.4415490844352637501 ) ) ;
#1651 = LINE ( 'NONE', #756, #4656 ) ;
#1652 = VERTEX_POINT ( 'NONE', #5459 ) ;
#1653 = EDGE_LOOP ( 'NONE', ( #978, #85, #4177, #3887 ) ) ;
#1654 = AXIS2_PLACEMENT_3D ( 'NONE', #895, #1457, #2595 ) ;
#1655 = VERTEX_POINT ( 'NONE', #5406 ) ;
#1656 = FACE_OUTER_BOUND ( 'NONE', #2899, .T. ) ;
#1657 = ORIENTED_EDGE ( 'NONE', *, *, #4352, .F. ) ;
#1658 = CARTESIAN_POINT ( 'NONE',  ( 0.9843342201064364527, 2.496588361724144889, -0.4418366081777036491 ) ) ;
#1659 = EDGE_CURVE ( 'NONE', #4985, #4196, #1651, .T. ) ;
#1660 = VECTOR ( 'NONE', #481, 1000.000000000000000 ) ;
#1661 = DIRECTION ( 'NONE',  ( -1.445076253180192051E-16, -1.000000000000000000, 2.553512956637819811E-15 ) ) ;
#1662 = VERTEX_POINT ( 'NONE', #3726 ) ;
#1663 = LINE ( 'NONE', #1605, #4633 ) ;
#1664 = ADVANCED_FACE ( 'NONE', ( #837 ), #2921, .F. ) ;
#1665 = ORIENTED_EDGE ( 'NONE', *, *, #4771, .T. ) ;
#1666 = LINE ( 'NONE', #3027, #579 ) ;
#1667 = CYLINDRICAL_SURFACE ( 'NONE', #5383, 0.1723194039403193323 ) ;
#1668 = VERTEX_POINT ( 'NONE', #3369 ) ;
#1669 = EDGE_CURVE ( 'NONE', #4271, #731, #392, .T. ) ;
#1670 = EDGE_CURVE ( 'NONE', #3159, #2301, #3261, .T. ) ;
#1671 = CARTESIAN_POINT ( 'NONE',  ( 0.9699999999999986411, 2.471364892679961400, -0.4643037271511718522 ) ) ;
#1672 = ORIENTED_EDGE ( 'NONE', *, *, #815, .F. ) ;
#1673 = ORIENTED_EDGE ( 'NONE', *, *, #4870, .F. ) ;
#1674 = PLANE ( 'NONE',  #507 ) ;
#1675 = DIRECTION ( 'NONE',  ( -1.445076253180178246E-16, -1.000000000000000000, 5.551115123125738329E-16 ) ) ;
#1676 = ADVANCED_FACE ( 'NONE', ( #5488 ), #4958, .T. ) ;
#1677 = CARTESIAN_POINT ( 'NONE',  ( 0.9700000000000541522, 2.409391591991022707, 0.1445703570425588280 ) ) ;
#1678 = DIRECTION ( 'NONE',  ( -5.788261997329873215E-16, 0.5500539575626259836, 0.8351291180228915811 ) ) ;
#1679 = ORIENTED_EDGE ( 'NONE', *, *, #4761, .F. ) ;
#1680 = ORIENTED_EDGE ( 'NONE', *, *, #5237, .F. ) ;
#1681 = VERTEX_POINT ( 'NONE', #2421 ) ;
#1682 = LINE ( 'NONE', #2184, #2720 ) ;
#1683 = PLANE ( 'NONE',  #225 ) ;
#1684 = VERTEX_POINT ( 'NONE', #313 ) ;
#1685 = LINE ( 'NONE', #5105, #3920 ) ;
#1686 = DIRECTION ( 'NONE',  ( 0.000000000000000000, -1.000000000000000000, 3.497202527569185121E-15 ) ) ;
#1687 = CARTESIAN_POINT ( 'NONE',  ( 0.9699999999999986411, 2.237535760291203601, -0.2852079774565696724 ) ) ;
#1688 = ORIENTED_EDGE ( 'NONE', *, *, #2171, .T. ) ;
#1689 = LINE ( 'NONE', #4994, #2944 ) ;
#1690 = ORIENTED_EDGE ( 'NONE', *, *, #1747, .T. ) ;
#1691 = EDGE_CURVE ( 'NONE', #5234, #606, #82, .T. ) ;
#1692 = DIRECTION ( 'NONE',  ( -5.596305042383073577E-16, 0.3882672511708799568, 0.9215468201172465346 ) ) ;
#1693 = DIRECTION ( 'NONE',  ( -1.000000000000000000, -2.000187765493021278E-16, 7.400880780937300593E-16 ) ) ;
#1694 = VERTEX_POINT ( 'NONE', #3428 ) ;
#1695 = CARTESIAN_POINT ( 'NONE',  ( 5.689939657365778001E-11, -1.499999999964546804, 5.245803791229815487E-15 ) ) ;
#1696 = ORIENTED_EDGE ( 'NONE', *, *, #1185, .F. ) ;
#1697 = VERTEX_POINT ( 'NONE', #4369 ) ;
#1698 = CARTESIAN_POINT ( 'NONE',  ( 2.470000000000027729, -1.992290211928787746, -0.9379137554843958169 ) ) ;
#1699 = EDGE_CURVE ( 'NONE', #1897, #4524, #562, .T. ) ;
#1700 = CARTESIAN_POINT ( 'NONE',  ( 0.2238461539150193857, 0.000000000000000000, 4.163336342344337027E-14 ) ) ;
#1701 = CARTESIAN_POINT ( 'NONE',  ( 2.469999999999972218, -1.543091786165323720, -1.254286625618925122 ) ) ;
#1702 = DIRECTION ( 'NONE',  ( -4.619824724853956341E-16, -0.8660254037844391517, 0.4999999999999992228 ) ) ;
#1703 = ORIENTED_EDGE ( 'NONE', *, *, #3383, .T. ) ;
#1704 = ORIENTED_EDGE ( 'NONE', *, *, #2110, .T. ) ;
#1705 = CIRCLE ( 'NONE', #4539, 1.229499999965364854 ) ;
#1706 = ORIENTED_EDGE ( 'NONE', *, *, #4270, .T. ) ;
#1707 = PLANE ( 'NONE',  #2800 ) ;
#1708 = EDGE_CURVE ( 'NONE', #3958, #826, #4791, .T. ) ;
#1709 = CARTESIAN_POINT ( 'NONE',  ( 0.9843342201064364527, 2.466484790674988936, 0.1704206895829646351 ) ) ;
#1710 =( GEOMETRIC_REPRESENTATION_CONTEXT ( 3 ) GLOBAL_UNCERTAINTY_ASSIGNED_CONTEXT ( ( #3873 ) ) GLOBAL_UNIT_ASSIGNED_CONTEXT ( ( #920, #2208, #3427 ) ) REPRESENTATION_CONTEXT ( 'NONE', 'WORKASPACE' ) );
#1711 = DIRECTION ( 'NONE',  ( -1.000000000000000000, -2.000187765493021278E-16, 7.400880780937300593E-16 ) ) ;
#1712 = CARTESIAN_POINT ( 'NONE',  ( 2.450950000000007289, 0.06360232754365480190, 2.173161927247618586 ) ) ;
#1713 = DIRECTION ( 'NONE',  ( 1.000000000000000000, 2.000187765493021278E-16, -7.400880780937300593E-16 ) ) ;
#1714 = VECTOR ( 'NONE', #3077, 1000.000000000000000 ) ;
#1715 = CARTESIAN_POINT ( 'NONE',  ( 0.9843342201063809416, 2.481543631422500340, -0.4482944105907438193 ) ) ;
#1716 = CARTESIAN_POINT ( 'NONE',  ( 2.279499999986057901, -1.390940443400589985E-13, 3.175000000055883120 ) ) ;
#1717 = ORIENTED_EDGE ( 'NONE', *, *, #2689, .F. ) ;
#1718 = DIRECTION ( 'NONE',  ( 1.167520497023887139E-16, 1.000000000000000000, -2.886579864025370717E-15 ) ) ;
#1719 = VECTOR ( 'NONE', #630, 999.9999999999998863 ) ;
#1720 = ORIENTED_EDGE ( 'NONE', *, *, #2067, .T. ) ;
#1721 = LINE ( 'NONE', #4224, #2081 ) ;
#1722 = CARTESIAN_POINT ( 'NONE',  ( 2.469999999999944684, -0.2359217314834016754, 2.517800735128076894 ) ) ;
#1723 = STYLED_ITEM ( 'NONE', ( #3200 ), #2754 ) ;
#1724 = ORIENTED_EDGE ( 'NONE', *, *, #4935, .T. ) ;
#1725 = DIRECTION ( 'NONE',  ( 6.845769268624693726E-16, -5.551115123125739315E-16, -1.000000000000000000 ) ) ;
#1726 = EDGE_CURVE ( 'NONE', #370, #58, #3811, .T. ) ;
#1727 = ORIENTED_EDGE ( 'NONE', *, *, #5497, .T. ) ;
#1728 = AXIS2_PLACEMENT_3D ( 'NONE', #4089, #278, #4118 ) ;
#1729 = ORIENTED_EDGE ( 'NONE', *, *, #87, .F. ) ;
#1730 = VECTOR ( 'NONE', #2308, 1000.000000000000000 ) ;
#1731 = LINE ( 'NONE', #1312, #237 ) ;
#1732 = LINE ( 'NONE', #3424, #2614 ) ;
#1733 = VECTOR ( 'NONE', #4338, 1000.000000000000000 ) ;
#1734 = PRESENTATION_STYLE_ASSIGNMENT (( #1342 ) ) ;
#1735 = CARTESIAN_POINT ( 'NONE',  ( 2.470000000000027729, -2.229467576931182471, -1.174050353182798379 ) ) ;
#1736 = EDGE_CURVE ( 'NONE', #317, #370, #5156, .T. ) ;
#1737 = EDGE_LOOP ( 'NONE', ( #1066, #2557, #400, #2582, #155, #2743 ) ) ;
#1738 = ORIENTED_EDGE ( 'NONE', *, *, #4923, .F. ) ;
#1739 = ORIENTED_EDGE ( 'NONE', *, *, #4214, .F. ) ;
#1740 = FACE_OUTER_BOUND ( 'NONE', #257, .T. ) ;
#1741 = AXIS2_PLACEMENT_3D ( 'NONE', #3523, #705, #5386 ) ;
#1742 = DIRECTION ( 'NONE',  ( 3.314532638683736039E-16, 0.9706019575019914081, -0.2406903406730367678 ) ) ;
#1743 = CARTESIAN_POINT ( 'NONE',  ( 2.469999999999972218, -1.575794341458991443, -1.197644138312858875 ) ) ;
#1744 = CARTESIAN_POINT ( 'NONE',  ( 2.470000000000027729, -0.1043506507307778719, 2.068330963623847385 ) ) ;
#1745 = VECTOR ( 'NONE', #595, 1000.000000000000000 ) ;
#1746 = ADVANCED_FACE ( 'NONE', ( #1766 ), #1818, .F. ) ;
#1747 = EDGE_CURVE ( 'NONE', #269, #3165, #1373, .T. ) ;
#1748 = DIRECTION ( 'NONE',  ( -1.445076253180192051E-16, -1.000000000000000000, 2.553512956637819811E-15 ) ) ;
#1749 = DIRECTION ( 'NONE',  ( -1.000000000000000000, -3.110410790118177818E-16, 7.400880780937398214E-16 ) ) ;
#1750 = DIRECTION ( 'NONE',  ( 1.000000000000000000, 2.000187765493021278E-16, -7.400880780937300593E-16 ) ) ;
#1751 = EDGE_LOOP ( 'NONE', ( #2197, #5465, #1729, #5409 ) ) ;
#1752 = CARTESIAN_POINT ( 'NONE',  ( 0.9843342201064364527, 2.503720345611720965, -0.4496411351883611296 ) ) ;
#1753 = VECTOR ( 'NONE', #1930, 1000.000000000000000 ) ;
#1754 = ORIENTED_EDGE ( 'NONE', *, *, #3770, .T. ) ;
#1755 = CARTESIAN_POINT ( 'NONE',  ( 0.9700000000000541522, 2.406246664099720434, 0.2565332301880385302 ) ) ;
#1756 = CARTESIAN_POINT ( 'NONE',  ( 2.470000000000055707, 1.797337126538345320, -1.265437637551755756 ) ) ;
#1757 = AXIS2_PLACEMENT_3D ( 'NONE', #4283, #3867, #2583 ) ;
#1758 = EDGE_LOOP ( 'NONE', ( #2397, #2931, #741, #5097 ) ) ;
#1759 = FACE_OUTER_BOUND ( 'NONE', #4340, .T. ) ;
#1760 = ORIENTED_EDGE ( 'NONE', *, *, #5212, .T. ) ;
#1761 = VERTEX_POINT ( 'NONE', #510 ) ;
#1762 = LINE ( 'NONE', #4231, #2109 ) ;
#1763 = DIRECTION ( 'NONE',  ( -1.000000000000000000, -2.000187765493021278E-16, 7.400880780937300593E-16 ) ) ;
#1764 = EDGE_CURVE ( 'NONE', #4524, #5360, #921, .T. ) ;
#1765 = LINE ( 'NONE', #3481, #812 ) ;
#1766 = FACE_OUTER_BOUND ( 'NONE', #2038, .T. ) ;
#1767 = ORIENTED_EDGE ( 'NONE', *, *, #552, .T. ) ;
#1768 = ORIENTED_EDGE ( 'NONE', *, *, #4075, .T. ) ;
#1769 = ORIENTED_EDGE ( 'NONE', *, *, #4584, .T. ) ;
#1770 = LINE ( 'NONE', #5160, #3084 ) ;
#1771 = ADVANCED_FACE ( 'NONE', ( #4321 ), #3511, .F. ) ;
#1772 = LINE ( 'NONE', #3075, #2356 ) ;
#1773 = CARTESIAN_POINT ( 'NONE',  ( 0.9699999999999986411, 2.503720345611720965, -0.4496411351883611296 ) ) ;
#1774 = DIRECTION ( 'NONE',  ( 1.000000000000000000, 2.000187765493021278E-16, -7.400880780937300593E-16 ) ) ;
#1775 = CARTESIAN_POINT ( 'NONE',  ( 0.9700000000000541522, 2.320155338140645007, 0.2698706486283231065 ) ) ;
#1776 = EDGE_CURVE ( 'NONE', #1989, #3930, #3838, .T. ) ;
#1777 = FACE_OUTER_BOUND ( 'NONE', #3806, .T. ) ;
#1778 = DIRECTION ( 'NONE',  ( 1.445076253180178246E-16, 1.000000000000000000, -5.551115123125738329E-16 ) ) ;
#1779 = ORIENTED_EDGE ( 'NONE', *, *, #2030, .T. ) ;
#1780 = DIRECTION ( 'NONE',  ( 7.133670101290322422E-16, 0.5483224662305562491, -0.8362669866895622306 ) ) ;
#1781 = ORIENTED_EDGE ( 'NONE', *, *, #375, .T. ) ;
#1782 = EDGE_CURVE ( 'NONE', #3014, #757, #535, .T. ) ;
#1783 = LINE ( 'NONE', #1755, #2436 ) ;
#1784 = CARTESIAN_POINT ( 'NONE',  ( 0.9699999999999986411, 2.422424264911626768, 0.01740461005388105331 ) ) ;
#1785 = VERTEX_POINT ( 'NONE', #2147 ) ;
#1786 = DIRECTION ( 'NONE',  ( -1.167520497023887139E-16, -1.000000000000000000, 2.886579864025370717E-15 ) ) ;
#1787 = ORIENTED_EDGE ( 'NONE', *, *, #3553, .F. ) ;
#1788 = PLANE ( 'NONE',  #1403 ) ;
#1789 = FACE_OUTER_BOUND ( 'NONE', #4086, .T. ) ;
#1790 = CARTESIAN_POINT ( 'NONE',  ( 0.9699999999999986411, 2.471364892679961400, -0.4643037271511718522 ) ) ;
#1791 = FACE_OUTER_BOUND ( 'NONE', #1594, .T. ) ;
#1792 = ORIENTED_EDGE ( 'NONE', *, *, #5510, .F. ) ;
#1793 = ORIENTED_EDGE ( 'NONE', *, *, #4622, .T. ) ;
#1794 = ORIENTED_EDGE ( 'NONE', *, *, #4962, .F. ) ;
#1795 = CARTESIAN_POINT ( 'NONE',  ( 2.470000000000027729, -0.2359217314832628976, 1.963500000000416357 ) ) ;
#1796 = CARTESIAN_POINT ( 'NONE',  ( 0.9699999999999986411, 2.324343390079197658, 0.03026883183826489798 ) ) ;
#1797 = CARTESIAN_POINT ( 'NONE',  ( 0.9700000000000541522, 1.737768876015038932, 0.1974452814341859375 ) ) ;
#1798 = VECTOR ( 'NONE', #2862, 1000.000000000000000 ) ;
#1799 = CARTESIAN_POINT ( 'NONE',  ( 0.9699999999999986411, 2.422424264911820835, -0.05453024012871954262 ) ) ;
#1800 = LINE ( 'NONE', #5139, #2259 ) ;
#1801 = ADVANCED_FACE ( 'NONE', ( #447 ), #2561, .F. ) ;
#1802 = CIRCLE ( 'NONE', #1888, 2.637500000000020606 ) ;
#1803 = ORIENTED_EDGE ( 'NONE', *, *, #3367, .F. ) ;
#1804 = LINE ( 'NONE', #2739, #3303 ) ;
#1805 = VECTOR ( 'NONE', #1176, 1000.000000000000114 ) ;
#1806 = EDGE_CURVE ( 'NONE', #1697, #3159, #2209, .T. ) ;
#1807 = ORIENTED_EDGE ( 'NONE', *, *, #3566, .T. ) ;
#1808 = LINE ( 'NONE', #4389, #1733 ) ;
#1809 = CARTESIAN_POINT ( 'NONE',  ( 0.9699999999999986411, 2.189010124965001580, -0.2087363466107827747 ) ) ;
#1810 = ORIENTED_EDGE ( 'NONE', *, *, #4017, .T. ) ;
#1811 = VECTOR ( 'NONE', #660, 999.9999999999998863 ) ;
#1812 = CARTESIAN_POINT ( 'NONE',  ( 0.9843342201064364527, 2.523239701764157239, 0.2897166630500269680 ) ) ;
#1813 = EDGE_CURVE ( 'NONE', #469, #1564, #1343, .T. ) ;
#1814 = EDGE_CURVE ( 'NONE', #5158, #1697, #112, .T. ) ;
#1815 = VERTEX_POINT ( 'NONE', #1402 ) ;
#1816 = DIRECTION ( 'NONE',  ( 6.845769268624744016E-16, -9.436895709313777345E-16, -1.000000000000000000 ) ) ;
#1817 = LINE ( 'NONE', #4029, #1462 ) ;
#1818 = PLANE ( 'NONE',  #1894 ) ;
#1819 = VECTOR ( 'NONE', #1401, 1000.000000000000000 ) ;
#1820 = VECTOR ( 'NONE', #2621, 1000.000000000000114 ) ;
#1821 = ORIENTED_EDGE ( 'NONE', *, *, #4473, .F. ) ;
#1822 = ORIENTED_EDGE ( 'NONE', *, *, #715, .F. ) ;
#1823 = ORIENTED_EDGE ( 'NONE', *, *, #92, .T. ) ;
#1824 = LINE ( 'NONE', #3515, #144 ) ;
#1825 = VECTOR ( 'NONE', #4910, 1000.000000000000114 ) ;
#1826 = LINE ( 'NONE', #4712, #3335 ) ;
#1827 = DIRECTION ( 'NONE',  ( 6.437999502871085279E-16, 0.5000000000000245359, -0.8660254037844243857 ) ) ;
#1828 = DIRECTION ( 'NONE',  ( 5.093471763814038141E-16, 0.7772448707074812724, -0.6291982286679697056 ) ) ;
#1829 = LINE ( 'NONE', #3521, #2696 ) ;
#1830 = VECTOR ( 'NONE', #2400, 1000.000000000000000 ) ;
#1831 = CARTESIAN_POINT ( 'NONE',  ( 1.234999999999986109, -1.387778780781445676E-13, 2.636779683484746784E-13 ) ) ;
#1832 = PRESENTATION_STYLE_ASSIGNMENT (( #3969 ) ) ;
#1833 = EDGE_CURVE ( 'NONE', #3554, #3985, #475, .T. ) ;
#1834 = VECTOR ( 'NONE', #5502, 1000.000000000000000 ) ;
#1835 = ORIENTED_EDGE ( 'NONE', *, *, #941, .T. ) ;
#1836 = CARTESIAN_POINT ( 'NONE',  ( 0.9699999999999986411, 2.502365463612932217, -0.4324412773112490394 ) ) ;
#1837 = AXIS2_PLACEMENT_3D ( 'NONE', #2463, #4159, #4967 ) ;
#1838 = DIRECTION ( 'NONE',  ( -1.000000000000000000, -2.000187765493021278E-16, 7.400880780937300593E-16 ) ) ;
#1839 = DIRECTION ( 'NONE',  ( 6.439929498164031749E-16, -0.3248433367106058345, -0.9457678396914963592 ) ) ;
#1840 = EDGE_CURVE ( 'NONE', #213, #1684, #3871, .T. ) ;
#1841 = ORIENTED_EDGE ( 'NONE', *, *, #4049, .F. ) ;
#1842 = AXIS2_PLACEMENT_3D ( 'NONE', #3258, #2417, #5343 ) ;
#1843 = EDGE_LOOP ( 'NONE', ( #854, #858, #3547, #4370 ) ) ;
#1844 =( LENGTH_UNIT ( ) NAMED_UNIT ( * ) SI_UNIT ( .MILLI., .METRE. ) );
#1845 = CARTESIAN_POINT ( 'NONE',  ( 0.9699999999999986411, 2.485296480058463153, -0.4417785858740752580 ) ) ;
#1846 = ADVANCED_FACE ( 'NONE', ( #1791 ), #5317, .T. ) ;
#1847 = EDGE_CURVE ( 'NONE', #2702, #891, #636, .T. ) ;
#1848 = CARTESIAN_POINT ( 'NONE',  ( 0.9843342201064364527, 2.327085933561928499, -0.05286747059674024030 ) ) ;
#1849 = EDGE_LOOP ( 'NONE', ( #2386, #4943, #5419, #591 ) ) ;
#1850 = ORIENTED_EDGE ( 'NONE', *, *, #2306, .T. ) ;
#1851 = DIRECTION ( 'NONE',  ( 7.688781613602364267E-16, 0.5483224662306819264, -0.8362669866894797410 ) ) ;
#1852 = CARTESIAN_POINT ( 'NONE',  ( 0.9700000000000541522, 2.215529865583654168, 0.2832232613420165857 ) ) ;
#1853 = ADVANCED_FACE ( 'NONE', ( #221 ), #4426, .T. ) ;
#1854 = CARTESIAN_POINT ( 'NONE',  ( 1.234999999999986109, 1.229499999999875914, 2.595287281647834582E-13 ) ) ;
#1855 = LINE ( 'NONE', #1040, #3037 ) ;
#1856 = LINE ( 'NONE', #1324, #1519 ) ;
#1857 = DIRECTION ( 'NONE',  ( -3.977977038742048129E-16, -0.8660254037844781205, 0.4999999999999313327 ) ) ;
#1858 = CARTESIAN_POINT ( 'NONE',  ( 0.9843342201063809416, 2.472047021958523327, -0.4541015381633595194 ) ) ;
#1859 = ORIENTED_EDGE ( 'NONE', *, *, #256, .T. ) ;
#1860 = CARTESIAN_POINT ( 'NONE',  ( 0.9700000000000541522, 2.425090429851589846, 0.1497186355366719734 ) ) ;
#1861 = EDGE_CURVE ( 'NONE', #3346, #1420, #612, .T. ) ;
#1862 = CARTESIAN_POINT ( 'NONE',  ( 2.470000000130309292, 1.959457596178500736E-13, 2.984499999911733426 ) ) ;
#1863 = LINE ( 'NONE', #3975, #5387 ) ;
#1864 = ORIENTED_EDGE ( 'NONE', *, *, #3898, .F. ) ;
#1865 = DIRECTION ( 'NONE',  ( 2.208597309011112295E-16, -0.8660254037844387076, -0.4999999999999998890 ) ) ;
#1866 = ORIENTED_EDGE ( 'NONE', *, *, #2977, .T. ) ;
#1867 = EDGE_CURVE ( 'NONE', #4178, #213, #2802, .T. ) ;
#1868 = CARTESIAN_POINT ( 'NONE',  ( 0.9700000000000541522, 2.332881258751001496, 0.1446480485159939988 ) ) ;
#1869 = CARTESIAN_POINT ( 'NONE',  ( 0.9700000000000541522, 2.425090429851589846, 0.1497186355366719734 ) ) ;
#1870 = ORIENTED_EDGE ( 'NONE', *, *, #303, .T. ) ;
#1871 = ADVANCED_FACE ( 'NONE', ( #4502 ), #3144, .F. ) ;
#1872 = VERTEX_POINT ( 'NONE', #1426 ) ;
#1873 = FACE_BOUND ( 'NONE', #3551, .T. ) ;
#1874 = DIRECTION ( 'NONE',  ( -6.845769268624743030E-16, 9.436895709313777345E-16, 1.000000000000000000 ) ) ;
#1875 = PLANE ( 'NONE',  #316 ) ;
#1876 = LINE ( 'NONE', #3201, #3564 ) ;
#1877 = LINE ( 'NONE', #2756, #2700 ) ;
#1878 = DIRECTION ( 'NONE',  ( 4.319943844331593561E-16, 0.8785436295978994448, -0.4776621095428742469 ) ) ;
#1879 = EDGE_CURVE ( 'NONE', #3737, #357, #191, .T. ) ;
#1880 = SURFACE_SIDE_STYLE ('',( #1017 ) ) ;
#1881 = CLOSED_SHELL ( 'NONE', ( #1246, #5107, #4015, #192, #1846, #3950 ) ) ;
#1882 = EDGE_LOOP ( 'NONE', ( #2881, #3183, #4205, #4020 ) ) ;
#1883 = DIRECTION ( 'NONE',  ( 4.619824724853956341E-16, 0.8660254037844391517, -0.4999999999999992228 ) ) ;
#1884 = VECTOR ( 'NONE', #1294, 1000.000000000000000 ) ;
#1885 = CARTESIAN_POINT ( 'NONE',  ( 2.470000000000027729, 2.180479398288165171, -1.258900367563681177 ) ) ;
#1886 = DIRECTION ( 'NONE',  ( 6.845769268624693726E-16, -5.551115123125739315E-16, -1.000000000000000000 ) ) ;
#1887 = ORIENTED_EDGE ( 'NONE', *, *, #1867, .T. ) ;
#1888 = AXIS2_PLACEMENT_3D ( 'NONE', #3796, #5417, #3328 ) ;
#1889 = PLANE ( 'NONE',  #3041 ) ;
#1890 = CARTESIAN_POINT ( 'NONE',  ( 2.470000000000027729, -0.1043506507305835829, 1.492250000000514110 ) ) ;
#1891 = ORIENTED_EDGE ( 'NONE', *, *, #4002, .F. ) ;
#1892 =( NAMED_UNIT ( * ) SI_UNIT ( $, .STERADIAN. ) SOLID_ANGLE_UNIT ( ) );
#1893 = DIRECTION ( 'NONE',  ( 2.117687389415051237E-16, 0.9985562776716353506, -0.05371555010020874488 ) ) ;
#1894 = AXIS2_PLACEMENT_3D ( 'NONE', #1315, #4289, #1702 ) ;
#1895 = EDGE_CURVE ( 'NONE', #4138, #1336, #2360, .T. ) ;
#1896 = DIRECTION ( 'NONE',  ( 7.313555267573670662E-16, 0.2700398807562516823, -0.9628491381317996201 ) ) ;
#1897 = VERTEX_POINT ( 'NONE', #4921 ) ;
#1898 = CIRCLE ( 'NONE', #2422, 0.03983479767572151858 ) ;
#1899 = VERTEX_POINT ( 'NONE', #2749 ) ;
#1900 = CYLINDRICAL_SURFACE ( 'NONE', #1928, 0.03077947504423033526 ) ;
#1901 = EDGE_CURVE ( 'NONE', #415, #3610, #1081, .T. ) ;
#1902 = VECTOR ( 'NONE', #4959, 1000.000000000000000 ) ;
#1903 = PLANE ( 'NONE',  #5 ) ;
#1904 = CARTESIAN_POINT ( 'NONE',  ( 1.234999999999986109, -1.229500000000153470, 2.679777788561210478E-13 ) ) ;
#1905 = DIRECTION ( 'NONE',  ( 8.155516873386966815E-16, -0.1547000690823326641, -0.9879614813472847867 ) ) ;
#1906 = EDGE_LOOP ( 'NONE', ( #2048, #1093, #3401, #500 ) ) ;
#1907 = VECTOR ( 'NONE', #2059, 1000.000000000000000 ) ;
#1908 = VECTOR ( 'NONE', #4847, 1000.000000000000000 ) ;
#1909 = DIRECTION ( 'NONE',  ( -3.935568541116142372E-16, 0.7714242457508507789, 0.6363211713181723406 ) ) ;
#1910 = ADVANCED_FACE ( 'NONE', ( #2774 ), #3634, .T. ) ;
#1911 = VERTEX_POINT ( 'NONE', #666 ) ;
#1912 = EDGE_CURVE ( 'NONE', #2014, #1027, #1531, .T. ) ;
#1913 = DIRECTION ( 'NONE',  ( -6.845769268624692740E-16, 5.551115123125739315E-16, 1.000000000000000000 ) ) ;
#1914 = VECTOR ( 'NONE', #3945, 1000.000000000000000 ) ;
#1915 = UNCERTAINTY_MEASURE_WITH_UNIT (LENGTH_MEASURE( 1.000000000000000082E-05 ), #3252, 'distance_accuracy_value', 'NONE');
#1916 = AXIS2_PLACEMENT_3D ( 'NONE', #457, #1749, #1686 ) ;
#1917 = PLANE ( 'NONE',  #3507 ) ;
#1918 = CARTESIAN_POINT ( 'NONE',  ( 0.9843342201064364527, 2.503720345612137077, -0.4482944105899250298 ) ) ;
#1919 = VERTEX_POINT ( 'NONE', #3957 ) ;
#1920 = CARTESIAN_POINT ( 'NONE',  ( 0.9700000000000541522, 2.516865274082874748, 0.2540680310140347453 ) ) ;
#1921 = FACE_OUTER_BOUND ( 'NONE', #4448, .T. ) ;
#1922 = VECTOR ( 'NONE', #788, 1000.000000000000114 ) ;
#1923 = ORIENTED_EDGE ( 'NONE', *, *, #1948, .F. ) ;
#1924 = LINE ( 'NONE', #5210, #5101 ) ;
#1925 = VECTOR ( 'NONE', #4838, 999.9999999999998863 ) ;
#1926 = CARTESIAN_POINT ( 'NONE',  ( 0.9699999999999986411, 2.463272841927377499, -0.4415490844348612942 ) ) ;
#1927 = ORIENTED_EDGE ( 'NONE', *, *, #5205, .F. ) ;
#1928 = AXIS2_PLACEMENT_3D ( 'NONE', #4350, #2752, #2236 ) ;
#1929 = ORIENTED_EDGE ( 'NONE', *, *, #2334, .F. ) ;
#1930 = DIRECTION ( 'NONE',  ( -6.845769268624692740E-16, 5.551115123125739315E-16, 1.000000000000000000 ) ) ;
#1931 = ORIENTED_CLOSED_SHELL ( 'NONE', *, #1881, .F. );
#1932 = DIRECTION ( 'NONE',  ( 1.000000000000000000, 2.000187765493021278E-16, -7.400880780937300593E-16 ) ) ;
#1933 = DIRECTION ( 'NONE',  ( 3.758717262572422033E-16, 0.8875709788823042956, -0.4606709861125486416 ) ) ;
#1934 = CARTESIAN_POINT ( 'NONE',  ( 0.9699999999999986411, 2.503303842999543782, -0.4528350302195616184 ) ) ;
#1935 = DIRECTION ( 'NONE',  ( -1.445076253180192051E-16, -1.000000000000000000, 2.553512956637819811E-15 ) ) ;
#1936 = ORIENTED_EDGE ( 'NONE', *, *, #1806, .T. ) ;
#1937 = EDGE_CURVE ( 'NONE', #3334, #1785, #142, .T. ) ;
#1938 = DIRECTION ( 'NONE',  ( 4.992923249690979017E-16, -0.5000000000000058842, -0.8660254037844352659 ) ) ;
#1939 = ORIENTED_EDGE ( 'NONE', *, *, #5482, .T. ) ;
#1940 = DIRECTION ( 'NONE',  ( -4.489966181392269624E-17, -0.9707037360529247039, -0.2402795388977053970 ) ) ;
#1941 = EDGE_CURVE ( 'NONE', #5145, #5131, #3536, .T. ) ;
#1942 = SURFACE_STYLE_FILL_AREA ( #4052 ) ;
#1943 = PLANE ( 'NONE',  #48 ) ;
#1944 = ORIENTED_EDGE ( 'NONE', *, *, #1659, .T. ) ;
#1945 = LINE ( 'NONE', #2744, #460 ) ;
#1946 = FACE_OUTER_BOUND ( 'NONE', #696, .T. ) ;
#1947 = ORIENTED_EDGE ( 'NONE', *, *, #4733, .T. ) ;
#1948 = EDGE_CURVE ( 'NONE', #3206, #2234, #5284, .T. ) ;
#1949 = CARTESIAN_POINT ( 'NONE',  ( 0.9700000000000541522, 2.523629592550951983, 0.2969646181048418709 ) ) ;
#1950 = CARTESIAN_POINT ( 'NONE',  ( 0.9699999999999986411, 2.483238627135203380, -0.4477264981799095045 ) ) ;
#1951 = VERTEX_POINT ( 'NONE', #1003 ) ;
#1952 = ORIENTED_EDGE ( 'NONE', *, *, #4870, .T. ) ;
#1953 = DIRECTION ( 'NONE',  ( 1.000000000000000000, 1.722632009336712421E-16, -4.625323219374409242E-16 ) ) ;
#1954 = CARTESIAN_POINT ( 'NONE',  ( 2.470000000016625563, 1.942890293094023946E-13, 3.608224830031758756E-13 ) ) ;
#1955 = PLANE ( 'NONE',  #3925 ) ;
#1956 = CARTESIAN_POINT ( 'NONE',  ( 0.9699999999999986411, 2.468829751779949788, -0.4649157309895568524 ) ) ;
#1957 = DIRECTION ( 'NONE',  ( 7.582530560698107458E-16, 0.2897549509194221051, -0.9571008663759966728 ) ) ;
#1958 = ORIENTED_EDGE ( 'NONE', *, *, #3321, .F. ) ;
#1959 = ORIENTED_EDGE ( 'NONE', *, *, #1436, .F. ) ;
#1960 = DIRECTION ( 'NONE',  ( -1.000000000000000000, -2.000187765493021278E-16, 7.400880780937300593E-16 ) ) ;
#1961 = VERTEX_POINT ( 'NONE', #590 ) ;
#1962 = PLANE ( 'NONE',  #4018 ) ;
#1963 = EDGE_CURVE ( 'NONE', #4988, #1911, #1451, .T. ) ;
#1964 = VECTOR ( 'NONE', #5193, 1000.000000000000000 ) ;
#1965 = CYLINDRICAL_SURFACE ( 'NONE', #1916, 1.229500000000014692 ) ;
#1966 = LINE ( 'NONE', #324, #1031 ) ;
#1967 = ORIENTED_EDGE ( 'NONE', *, *, #4715, .F. ) ;
#1968 = CARTESIAN_POINT ( 'NONE',  ( 2.199500000017451384, -1.387778780781445676E-13, 2.220446049250313081E-13 ) ) ;
#1969 = EDGE_CURVE ( 'NONE', #4595, #1961, #4031, .T. ) ;
#1970 = VECTOR ( 'NONE', #2420, 1000.000000000000000 ) ;
#1971 = CARTESIAN_POINT ( 'NONE',  ( 0.000000000000000000, 0.000000000000000000, 0.000000000000000000 ) ) ;
#1972 = VERTEX_POINT ( 'NONE', #5261 ) ;
#1973 = LINE ( 'NONE', #3332, #1468 ) ;
#1974 = VECTOR ( 'NONE', #4385, 999.9999999999998863 ) ;
#1975 = EDGE_CURVE ( 'NONE', #3596, #113, #4382, .T. ) ;
#1976 = DIRECTION ( 'NONE',  ( -6.829619984040905016E-16, -3.991251773527424510E-14, 1.000000000000000000 ) ) ;
#1977 = ORIENTED_EDGE ( 'NONE', *, *, #311, .T. ) ;
#1978 = CIRCLE ( 'NONE', #4459, 3.175000000055671734 ) ;
#1979 = ORIENTED_EDGE ( 'NONE', *, *, #4147, .F. ) ;
#1980 = FACE_OUTER_BOUND ( 'NONE', #2318, .T. ) ;
#1981 = CARTESIAN_POINT ( 'NONE',  ( 0.9699999999999986411, 2.219308366003841293, -0.05453024012809504217 ) ) ;
#1982 = CARTESIAN_POINT ( 'NONE',  ( 2.470000000000027729, 0.06360232754365480190, 2.173161927247618586 ) ) ;
#1983 = DIRECTION ( 'NONE',  ( 6.394802481825513173E-17, -0.9514311915324672464, -0.3078614749836516840 ) ) ;
#1984 = VECTOR ( 'NONE', #1276, 1000.000000000000000 ) ;
#1985 = DIRECTION ( 'NONE',  ( 1.000000000000000000, 2.000187765493021278E-16, -7.400880780937300593E-16 ) ) ;
#1986 = ORIENTED_EDGE ( 'NONE', *, *, #1427, .T. ) ;
#1987 = AXIS2_PLACEMENT_3D ( 'NONE', #4483, #1541, #620 ) ;
#1988 = LINE ( 'NONE', #4126, #5202 ) ;
#1989 = VERTEX_POINT ( 'NONE', #2446 ) ;
#1990 = DIRECTION ( 'NONE',  ( 1.167520497023887139E-16, 1.000000000000000000, -2.886579864025370717E-15 ) ) ;
#1991 = VECTOR ( 'NONE', #5509, 1000.000000000000000 ) ;
#1992 = VECTOR ( 'NONE', #4902, 999.9999999999998863 ) ;
#1993 = EDGE_CURVE ( 'NONE', #4211, #4524, #5399, .T. ) ;
#1994 = SURFACE_SIDE_STYLE ('',( #1942 ) ) ;
#1995 = CARTESIAN_POINT ( 'NONE',  ( 2.020478634339414875E-15, 4.662936703425657667E-16, -2.100000000000019629 ) ) ;
#1996 = VECTOR ( 'NONE', #3741, 1000.000000000000000 ) ;
#1997 = ORIENTED_EDGE ( 'NONE', *, *, #2132, .T. ) ;
#1998 = PLANE ( 'NONE',  #2867 ) ;
#1999 = VERTEX_POINT ( 'NONE', #2939 ) ;
#2000 = CIRCLE ( 'NONE', #2711, 2.100000000000019629 ) ;
#2001 = EDGE_CURVE ( 'NONE', #4658, #1668, #2004, .T. ) ;
#2002 = DIRECTION ( 'NONE',  ( 4.992923249690979017E-16, -0.5000000000000058842, -0.8660254037844352659 ) ) ;
#2003 = AXIS2_PLACEMENT_3D ( 'NONE', #1190, #1218, #2731 ) ;
#2004 = LINE ( 'NONE', #5370, #2332 ) ;
#2005 = EDGE_LOOP ( 'NONE', ( #5373, #3632, #1279, #525 ) ) ;
#2006 = ORIENTED_EDGE ( 'NONE', *, *, #2541, .F. ) ;
#2007 = CARTESIAN_POINT ( 'NONE',  ( 2.450950000000035267, 2.050436751333373220, -0.9298401041124421118 ) ) ;
#2008 = VECTOR ( 'NONE', #4886, 1000.000000000000000 ) ;
#2009 = EDGE_CURVE ( 'NONE', #3720, #4178, #2497, .T. ) ;
#2010 = DIRECTION ( 'NONE',  ( 7.433635759651520505E-16, 0.01986201646593062364, -0.9998027306933638947 ) ) ;
#2011 = DIRECTION ( 'NONE',  ( 3.837226142412815427E-16, -0.8277263342304166382, -0.5611319948296271676 ) ) ;
#2012 = LINE ( 'NONE', #805, #1640 ) ;
#2013 = VECTOR ( 'NONE', #779, 999.9999999999998863 ) ;
#2014 = VERTEX_POINT ( 'NONE', #2412 ) ;
#2015 = ORIENTED_EDGE ( 'NONE', *, *, #3441, .T. ) ;
#2016 = EDGE_LOOP ( 'NONE', ( #3570, #393, #4916, #4081 ) ) ;
#2017 = EDGE_CURVE ( 'NONE', #178, #2168, #4296, .T. ) ;
#2018 = FACE_OUTER_BOUND ( 'NONE', #4904, .T. ) ;
#2019 = VERTEX_POINT ( 'NONE', #384 ) ;
#2020 = CARTESIAN_POINT ( 'NONE',  ( 0.9700000000000541522, 2.466484790674877914, 0.1704206895832005575 ) ) ;
#2021 = FACE_OUTER_BOUND ( 'NONE', #3600, .T. ) ;
#2022 = CARTESIAN_POINT ( 'NONE',  ( 0.9699999999999986411, 2.463272841927099943, -0.4324412773113461839 ) ) ;
#2023 = ORIENTED_EDGE ( 'NONE', *, *, #4049, .T. ) ;
#2024 = CARTESIAN_POINT ( 'NONE',  ( 0.9843342201064364527, 2.472865152089914531, -0.4640019752579355172 ) ) ;
#2025 = DIRECTION ( 'NONE',  ( 4.492251543829650196E-16, -0.5774751479090173278, -0.8164082640122273249 ) ) ;
#2026 = ORIENTED_EDGE ( 'NONE', *, *, #226, .F. ) ;
#2027 = CARTESIAN_POINT ( 'NONE',  ( 0.9699999999999986411, 2.219308366003591715, -0.01856281503796741728 ) ) ;
#2028 = ORIENTED_EDGE ( 'NONE', *, *, #3976, .T. ) ;
#2029 = CARTESIAN_POINT ( 'NONE',  ( 0.9843342201064364527, 2.483238627135203380, -0.4477264981799095045 ) ) ;
#2030 = EDGE_CURVE ( 'NONE', #4701, #5364, #1898, .T. ) ;
#2031 = ORIENTED_EDGE ( 'NONE', *, *, #135, .T. ) ;
#2032 = ORIENTED_EDGE ( 'NONE', *, *, #4695, .F. ) ;
#2033 = DIRECTION ( 'NONE',  ( 1.445076253180192051E-16, 1.000000000000000000, -2.553512956637819811E-15 ) ) ;
#2034 = CARTESIAN_POINT ( 'NONE',  ( 0.9699999999999986411, 2.485296480058379665, -0.4476606227659940540 ) ) ;
#2035 = CARTESIAN_POINT ( 'NONE',  ( 2.470000000000027729, 2.290456010312191815, -1.068415287893975663 ) ) ;
#2036 = PLANE ( 'NONE',  #3135 ) ;
#2037 = EDGE_CURVE ( 'NONE', #2702, #2194, #1612, .T. ) ;
#2038 = EDGE_LOOP ( 'NONE', ( #1622, #3777, #421, #2937 ) ) ;
#2039 = ORIENTED_EDGE ( 'NONE', *, *, #1572, .T. ) ;
#2040 = ORIENTED_EDGE ( 'NONE', *, *, #4425, .T. ) ;
#2041 = PLANE ( 'NONE',  #4131 ) ;
#2042 = VERTEX_POINT ( 'NONE', #3693 ) ;
#2043 = CARTESIAN_POINT ( 'NONE',  ( 0.9699999999999986411, 2.189101863973724527, -0.2588745816993337501 ) ) ;
#2044 = EDGE_CURVE ( 'NONE', #4587, #2301, #3305, .T. ) ;
#2045 = EDGE_CURVE ( 'NONE', #2950, #2913, #3745, .T. ) ;
#2046 = DIRECTION ( 'NONE',  ( -1.068786975720299338E-15, 5.551115123125700858E-16, 1.000000000000000000 ) ) ;
#2047 = FACE_OUTER_BOUND ( 'NONE', #2066, .T. ) ;
#2048 = ORIENTED_EDGE ( 'NONE', *, *, #1556, .T. ) ;
#2049 = DIRECTION ( 'NONE',  ( 1.000000000000000000, 1.722632009336709216E-16, 9.621326830187598882E-16 ) ) ;
#2050 = VERTEX_POINT ( 'NONE', #798 ) ;
#2051 = CARTESIAN_POINT ( 'NONE',  ( 0.9843342201064364527, 2.374112209465151224, -0.05286747059592145082 ) ) ;
#2052 = VERTEX_POINT ( 'NONE', #5036 ) ;
#2053 = CLOSED_SHELL ( 'NONE', ( #2394, #4863, #4308, #3248, #4726, #649, #2994, #2474, #3689, #3436, #1636, #2452, #4830, #3605 ) ) ;
#2054 = CARTESIAN_POINT ( 'NONE',  ( 0.9699999999999986411, 2.219308366003869271, 0.01740461005332594180 ) ) ;
#2055 = EDGE_LOOP ( 'NONE', ( #2056, #1364, #5115, #5507 ) ) ;
#2056 = ORIENTED_EDGE ( 'NONE', *, *, #2776, .T. ) ;
#2057 = CARTESIAN_POINT ( 'NONE',  ( 0.9843342201064364527, 2.471364892679961400, -0.4643037271511718522 ) ) ;
#2058 = CIRCLE ( 'NONE', #1446, 1.229499999965364854 ) ;
#2059 = DIRECTION ( 'NONE',  ( 1.297740014824709051E-16, 0.9998027306933638947, 0.01986201646593062364 ) ) ;
#2060 = EDGE_CURVE ( 'NONE', #113, #3596, #2605, .T. ) ;
#2061 = CARTESIAN_POINT ( 'NONE',  ( 0.9699999999999986411, 2.491505769002783310, -0.4649539812291714203 ) ) ;
#2062 = VECTOR ( 'NONE', #1126, 1000.000000000000114 ) ;
#2063 = DIRECTION ( 'NONE',  ( 1.131409647180080362E-16, 0.9999881098214298270, 0.004876496258989318835 ) ) ;
#2064 = ORIENTED_EDGE ( 'NONE', *, *, #1670, .T. ) ;
#2065 = VERTEX_POINT ( 'NONE', #4143 ) ;
#2066 = EDGE_LOOP ( 'NONE', ( #4078, #5327, #3448, #4444 ) ) ;
#2067 = EDGE_CURVE ( 'NONE', #5234, #2102, #2914, .T. ) ;
#2068 = DIRECTION ( 'NONE',  ( -1.445076253180192051E-16, -1.000000000000000000, 2.553512956637819811E-15 ) ) ;
#2069 = CIRCLE ( 'NONE', #4554, 1.229500000000014692 ) ;
#2070 = ORIENTED_EDGE ( 'NONE', *, *, #4899, .F. ) ;
#2071 = LINE ( 'NONE', #1263, #5182 ) ;
#2072 = AXIS2_PLACEMENT_3D ( 'NONE', #1954, #3151, #4065 ) ;
#2073 = EDGE_CURVE ( 'NONE', #4874, #4891, #4644, .T. ) ;
#2074 = DIRECTION ( 'NONE',  ( -1.445076253180192051E-16, -1.000000000000000000, 2.553512956637819811E-15 ) ) ;
#2075 = EDGE_CURVE ( 'NONE', #5198, #1815, #748, .T. ) ;
#2076 = SURFACE_SIDE_STYLE ('',( #2401 ) ) ;
#2077 = VERTEX_POINT ( 'NONE', #2054 ) ;
#2078 = LINE ( 'NONE', #3824, #1529 ) ;
#2079 = CONICAL_SURFACE ( 'NONE', #2964, 2.099999999984467181, 0.1332267516750969827 ) ;
#2080 = ORIENTED_EDGE ( 'NONE', *, *, #4622, .F. ) ;
#2081 = VECTOR ( 'NONE', #435, 1000.000000000000114 ) ;
#2082 = EDGE_CURVE ( 'NONE', #2050, #2098, #2069, .T. ) ;
#2083 = CARTESIAN_POINT ( 'NONE',  ( 0.9699999999999986411, 2.473698157314324853, -0.4537679110707681929 ) ) ;
#2084 = LINE ( 'NONE', #2470, #3425 ) ;
#2085 = ORIENTED_EDGE ( 'NONE', *, *, #2627, .T. ) ;
#2086 = DIRECTION ( 'NONE',  ( 1.000000000000000000, 1.722632009336712421E-16, -4.625323219374409242E-16 ) ) ;
#2087 = VECTOR ( 'NONE', #523, 1000.000000000000000 ) ;
#2088 = ORIENTED_EDGE ( 'NONE', *, *, #747, .F. ) ;
#2089 = ORIENTED_EDGE ( 'NONE', *, *, #2818, .F. ) ;
#2090 = DIRECTION ( 'NONE',  ( -1.000000000000000000, -2.000187765493021278E-16, 7.400880780937300593E-16 ) ) ;
#2091 = DIRECTION ( 'NONE',  ( 2.976118894602369861E-16, -0.8509796880744741054, -0.5251986009926824517 ) ) ;
#2092 = LINE ( 'NONE', #3782, #277 ) ;
#2093 = CARTESIAN_POINT ( 'NONE',  ( 0.9699999999999986411, 2.466294610879687710, -0.4655277348273173521 ) ) ;
#2094 = EDGE_LOOP ( 'NONE', ( #3411, #3450, #4372, #5372 ) ) ;
#2095 = ORIENTED_EDGE ( 'NONE', *, *, #815, .T. ) ;
#2096 = EDGE_CURVE ( 'NONE', #3610, #3386, #4167, .T. ) ;
#2097 = VECTOR ( 'NONE', #4418, 1000.000000000000114 ) ;
#2098 = VERTEX_POINT ( 'NONE', #3254 ) ;
#2099 = CARTESIAN_POINT ( 'NONE',  ( 0.9700000000000541522, 2.416638973676554780, 0.2657177383791342606 ) ) ;
#2100 = LINE ( 'NONE', #399, #3599 ) ;
#2101 = VECTOR ( 'NONE', #2033, 1000.000000000000000 ) ;
#2102 = VERTEX_POINT ( 'NONE', #4951 ) ;
#2103 = DIRECTION ( 'NONE',  ( 6.468959180425695233E-16, 0.2959104772547865303, -0.9552156769289564808 ) ) ;
#2104 = EDGE_CURVE ( 'NONE', #4736, #3919, #2162, .T. ) ;
#2105 = AXIS2_PLACEMENT_3D ( 'NONE', #3877, #2540, #2986 ) ;
#2106 = FACE_OUTER_BOUND ( 'NONE', #4461, .T. ) ;
#2107 = ORIENTED_EDGE ( 'NONE', *, *, #1937, .T. ) ;
#2108 = CARTESIAN_POINT ( 'NONE',  ( 0.9699999999999986411, 2.473698157314324853, -0.4537679110707681929 ) ) ;
#2109 = VECTOR ( 'NONE', #3364, 1000.000000000000114 ) ;
#2110 = EDGE_CURVE ( 'NONE', #2050, #2168, #5004, .T. ) ;
#2111 = VERTEX_POINT ( 'NONE', #333 ) ;
#2112 = CARTESIAN_POINT ( 'NONE',  ( 0.9699999999999986411, 2.374112209465178758, -0.05286747059585206188 ) ) ;
#2113 = CARTESIAN_POINT ( 'NONE',  ( 2.469999999999861195, -0.03601191218843835529, 2.417505155565887076 ) ) ;
#2114 = VERTEX_POINT ( 'NONE', #2856 ) ;
#2115 = DIRECTION ( 'NONE',  ( -5.632329301163381972E-16, 0.05371555010096586841, 0.9985562776715946054 ) ) ;
#2116 = EDGE_CURVE ( 'NONE', #731, #2102, #4555, .T. ) ;
#2117 = ORIENTED_EDGE ( 'NONE', *, *, #2569, .T. ) ;
#2118 = ORIENTED_EDGE ( 'NONE', *, *, #984, .F. ) ;
#2119 = DIRECTION ( 'NONE',  ( 6.169770673138280913E-16, -0.06192929298398618110, -0.9980805391703134744 ) ) ;
#2120 = LINE ( 'NONE', #3453, #386 ) ;
#2121 = LINE ( 'NONE', #3701, #4033 ) ;
#2122 = ORIENTED_EDGE ( 'NONE', *, *, #3020, .T. ) ;
#2123 = VERTEX_POINT ( 'NONE', #4253 ) ;
#2124 = VERTEX_POINT ( 'NONE', #4700 ) ;
#2125 = FACE_OUTER_BOUND ( 'NONE', #5061, .T. ) ;
#2126 = CARTESIAN_POINT ( 'NONE',  ( 2.469999999999972218, -1.675109521795753453, -1.025625200007374005 ) ) ;
#2127 = CARTESIAN_POINT ( 'NONE',  ( 0.9700000000000541522, 2.251583295995729372, 0.1996458709049714342 ) ) ;
#2128 = CARTESIAN_POINT ( 'NONE',  ( 0.9843342201064364527, 2.411458586530551784, -0.2347371884625498728 ) ) ;
#2129 = CARTESIAN_POINT ( 'NONE',  ( 0.9699999999999986411, 2.483238627135203380, -0.4477264981799095045 ) ) ;
#2130 = LINE ( 'NONE', #4184, #4129 ) ;
#2131 = PLANE ( 'NONE',  #5300 ) ;
#2132 = EDGE_CURVE ( 'NONE', #1961, #2798, #3005, .T. ) ;
#2133 = VERTEX_POINT ( 'NONE', #3831 ) ;
#2134 = CARTESIAN_POINT ( 'NONE',  ( 2.450950000000007289, -2.192195559948734385, -1.053329161976146455 ) ) ;
#2135 = ORIENTED_EDGE ( 'NONE', *, *, #787, .F. ) ;
#2136 = LINE ( 'NONE', #907, #4474 ) ;
#2137 = PLANE ( 'NONE',  #2533 ) ;
#2138 = ADVANCED_FACE ( 'NONE', ( #1759 ), #2202, .F. ) ;
#2139 = ORIENTED_EDGE ( 'NONE', *, *, #3471, .F. ) ;
#2140 = LINE ( 'NONE', #2971, #1366 ) ;
#2141 = VERTEX_POINT ( 'NONE', #5505 ) ;
#2142 = VERTEX_POINT ( 'NONE', #5207 ) ;
#2143 = CARTESIAN_POINT ( 'NONE',  ( 0.9700000000000541522, 2.375141406468856076, 0.2468665188329749460 ) ) ;
#2144 = CARTESIAN_POINT ( 'NONE',  ( 0.9843342201064364527, 2.482780464277939636, -0.4324412773114988395 ) ) ;
#2145 = EDGE_CURVE ( 'NONE', #2124, #2114, #5087, .T. ) ;
#2146 = ADVANCED_FACE ( 'NONE', ( #884 ), #3804, .F. ) ;
#2147 = CARTESIAN_POINT ( 'NONE',  ( 0.9843342201064364527, 2.280059657658817240, -0.05286747059607410648 ) ) ;
#2148 = VERTEX_POINT ( 'NONE', #467 ) ;
#2149 = ORIENTED_EDGE ( 'NONE', *, *, #1408, .T. ) ;
#2150 = CLOSED_SHELL ( 'NONE', ( #3872, #4438, #5180, #4139, #1464, #2237, #3910, #4917, #186, #342, #1470, #18, #240, #1537, #2677, #5268, #1490, #3366, #4801, #2940, #5400, #4216, #439, #5329, #1676, #3268, #3190, #1301, #1264, #4968, #949, #3706, #2482, #2949, #4808 ) ) ;
#2151 = EDGE_LOOP ( 'NONE', ( #4739, #264, #1317, #4107 ) ) ;
#2152 = CARTESIAN_POINT ( 'NONE',  ( 0.9699999999999986411, 2.493745533049956720, -0.4541504134703971962 ) ) ;
#2153 = CARTESIAN_POINT ( 'NONE',  ( 2.470000000000027729, -2.192195559948734385, -1.053329161976146455 ) ) ;
#2154 = STYLED_ITEM ( 'NONE', ( #1734 ), #522 ) ;
#2155 = CARTESIAN_POINT ( 'NONE',  ( 0.9843342201064364527, 2.497005303495281048, -0.4455356094380108489 ) ) ;
#2156 = CARTESIAN_POINT ( 'NONE',  ( 0.9699999999999986411, 2.478836439541054482, -0.4436910978696390062 ) ) ;
#2157 = DIRECTION ( 'NONE',  ( 9.057823736341609922E-17, 0.9940433422475589698, 0.1089854748730416656 ) ) ;
#2158 = VECTOR ( 'NONE', #1168, 1000.000000000000000 ) ;
#2159 = LINE ( 'NONE', #1235, #2350 ) ;
#2160 = ORIENTED_EDGE ( 'NONE', *, *, #1867, .F. ) ;
#2161 = CARTESIAN_POINT ( 'NONE',  ( 2.470000000000055707, 2.025379290920920283, -1.076024774737380341 ) ) ;
#2162 = CIRCLE ( 'NONE', #3662, 2.100000000000019629 ) ;
#2163 = ORIENTED_EDGE ( 'NONE', *, *, #3402, .F. ) ;
#2164 = EDGE_CURVE ( 'NONE', #2065, #1287, #859, .T. ) ;
#2165 = DIRECTION ( 'NONE',  ( 7.825778283652462915E-16, 0.5000000000000034417, -0.8660254037844367092 ) ) ;
#2166 = CARTESIAN_POINT ( 'NONE',  ( 0.9843342201064364527, 2.478836439541304060, -0.4472441201540527933 ) ) ;
#2167 = VECTOR ( 'NONE', #4299, 1000.000000000000000 ) ;
#2168 = VERTEX_POINT ( 'NONE', #1695 ) ;
#2169 = DIRECTION ( 'NONE',  ( 1.000000000000000000, 2.000187765493021278E-16, -7.400880780937300593E-16 ) ) ;
#2170 = ORIENTED_EDGE ( 'NONE', *, *, #4388, .T. ) ;
#2171 = EDGE_CURVE ( 'NONE', #4785, #2077, #5150, .T. ) ;
#2172 = VECTOR ( 'NONE', #5376, 1000.000000000000114 ) ;
#2173 = ORIENTED_EDGE ( 'NONE', *, *, #1219, .F. ) ;
#2174 = VECTOR ( 'NONE', #3556, 1000.000000000000000 ) ;
#2175 = LINE ( 'NONE', #5062, #4142 ) ;
#2176 = LINE ( 'NONE', #951, #3145 ) ;
#2177 = AXIS2_PLACEMENT_3D ( 'NONE', #12, #4190, #380 ) ;
#2178 = LINE ( 'NONE', #4678, #5177 ) ;
#2179 = CARTESIAN_POINT ( 'NONE',  ( 0.9700000000000541522, 1.975537752030187555, 0.3268746884626805294 ) ) ;
#2180 = ORIENTED_EDGE ( 'NONE', *, *, #4899, .T. ) ;
#2181 = ORIENTED_EDGE ( 'NONE', *, *, #2715, .F. ) ;
#2182 = EDGE_CURVE ( 'NONE', #138, #4402, #3061, .T. ) ;
#2183 = EDGE_LOOP ( 'NONE', ( #3538, #29, #1368, #2951, #245, #2839, #1302, #2564, #536, #584, #3892, #592, #1445, #5293, #3728, #4631, #3499, #648, #3927, #2304, #4788, #3614, #3767, #1262 ) ) ;
#2184 = CARTESIAN_POINT ( 'NONE',  ( 0.9699999999999986411, 2.422424264911626768, 0.01740461005388105331 ) ) ;
#2185 = COLOUR_RGB ( '',1.000000000000000000, 0.5019607843137254832, 0.2509803921568627416 ) ;
#2186 = PLANE ( 'NONE',  #942 ) ;
#2187 = CARTESIAN_POINT ( 'NONE',  ( 0.9700000000000541522, 2.251583295995729372, 0.1996458709049714342 ) ) ;
#2188 = LINE ( 'NONE', #151, #4103 ) ;
#2189 = VECTOR ( 'NONE', #1272, 1000.000000000000000 ) ;
#2190 = PLANE ( 'NONE',  #4115 ) ;
#2191 = EDGE_CURVE ( 'NONE', #2998, #5382, #2140, .T. ) ;
#2192 = AXIS2_PLACEMENT_3D ( 'NONE', #2300, #1048, #2741 ) ;
#2193 = LINE ( 'NONE', #791, #4043 ) ;
#2194 = VERTEX_POINT ( 'NONE', #1337 ) ;
#2195 = CARTESIAN_POINT ( 'NONE',  ( 0.9700000000000541522, 2.328143799005921721, 0.2627469712620095210 ) ) ;
#2196 = VECTOR ( 'NONE', #2388, 1000.000000000000000 ) ;
#2197 = ORIENTED_EDGE ( 'NONE', *, *, #5468, .T. ) ;
#2198 = CARTESIAN_POINT ( 'NONE',  ( 2.469999999999972218, -1.608496896752464878, -1.141001651006931628 ) ) ;
#2199 = DIRECTION ( 'NONE',  ( -1.068786975720299338E-15, 5.551115123125700858E-16, 1.000000000000000000 ) ) ;
#2200 = VECTOR ( 'NONE', #4730, 1000.000000000000000 ) ;
#2201 = EDGE_LOOP ( 'NONE', ( #217, #478 ) ) ;
#2202 = PLANE ( 'NONE',  #378 ) ;
#2203 = ORIENTED_EDGE ( 'NONE', *, *, #483, .F. ) ;
#2204 = VERTEX_POINT ( 'NONE', #3505 ) ;
#2205 = FACE_OUTER_BOUND ( 'NONE', #4641, .T. ) ;
#2206 = CARTESIAN_POINT ( 'NONE',  ( 0.9699999999999986411, 2.488303373917672090, -0.4538380365110561421 ) ) ;
#2207 = ADVANCED_FACE ( 'NONE', ( #4672 ), #2580, .F. ) ;
#2208 =( NAMED_UNIT ( * ) PLANE_ANGLE_UNIT ( ) SI_UNIT ( $, .RADIAN. ) );
#2209 = LINE ( 'NONE', #1735, #4306 ) ;
#2210 = ORIENTED_EDGE ( 'NONE', *, *, #3465, .F. ) ;
#2211 = ORIENTED_EDGE ( 'NONE', *, *, #3194, .T. ) ;
#2212 = ORIENTED_EDGE ( 'NONE', *, *, #3976, .F. ) ;
#2213 = CARTESIAN_POINT ( 'NONE',  ( 0.9843342201064364527, 2.215529865584015212, 0.2851907763935096485 ) ) ;
#2214 = DIRECTION ( 'NONE',  ( 9.561467977824831532E-16, 2.220446049250319490E-16, -1.000000000000000000 ) ) ;
#2215 = ADVANCED_FACE ( 'NONE', ( #4341 ), #3492, .T. ) ;
#2216 = CARTESIAN_POINT ( 'NONE',  ( 0.9699999999999986411, 2.374112209464956713, 0.03026883183825102019 ) ) ;
#2217 = LINE ( 'NONE', #34, #1250 ) ;
#2218 = DIRECTION ( 'NONE',  ( -1.445076253180178246E-16, -1.000000000000000000, 5.551115123125738329E-16 ) ) ;
#2219 = CARTESIAN_POINT ( 'NONE',  ( 0.9843342201064919639, 1.892261543406631441, 0.3948905628682192193 ) ) ;
#2220 = EDGE_CURVE ( 'NONE', #2447, #10, #5122, .T. ) ;
#2221 = ORIENTED_EDGE ( 'NONE', *, *, #4451, .F. ) ;
#2222 = EDGE_CURVE ( 'NONE', #2638, #1552, #1309, .T. ) ;
#2223 = LINE ( 'NONE', #1389, #1265 ) ;
#2224 = VERTEX_POINT ( 'NONE', #49 ) ;
#2225 = CARTESIAN_POINT ( 'NONE',  ( 2.469999999999972218, 2.775557561562891351E-14, 2.173161927247813097 ) ) ;
#2226 = LINE ( 'NONE', #4698, #3242 ) ;
#2227 = ORIENTED_EDGE ( 'NONE', *, *, #3288, .T. ) ;
#2228 = CARTESIAN_POINT ( 'NONE',  ( 0.9700000000000541522, 2.320155338140645007, 0.2698706486283231065 ) ) ;
#2229 = ORIENTED_EDGE ( 'NONE', *, *, #4893, .T. ) ;
#2230 = DIRECTION ( 'NONE',  ( -4.880033246250719980E-16, -0.8660254037844102859, 0.5000000000000491829 ) ) ;
#2231 = CARTESIAN_POINT ( 'NONE',  ( 0.9700000000000541522, 2.420550782343683593, 0.2798170206179256825 ) ) ;
#2232 = ORIENTED_EDGE ( 'NONE', *, *, #2511, .T. ) ;
#2233 = ORIENTED_EDGE ( 'NONE', *, *, #1530, .T. ) ;
#2234 = VERTEX_POINT ( 'NONE', #827 ) ;
#2235 = VECTOR ( 'NONE', #2655, 1000.000000000000000 ) ;
#2236 = DIRECTION ( 'NONE',  ( 0.000000000000000000, 0.000000000000000000, -1.000000000000000000 ) ) ;
#2237 = ADVANCED_FACE ( 'NONE', ( #2528 ), #4228, .F. ) ;
#2238 = LINE ( 'NONE', #1432, #5469 ) ;
#2239 = CARTESIAN_POINT ( 'NONE',  ( 0.9699999999999986411, 2.472610150490411662, -0.4539506622169009464 ) ) ;
#2240 = VECTOR ( 'NONE', #1433, 1000.000000000000114 ) ;
#2241 = DIRECTION ( 'NONE',  ( -2.763708821323848338E-16, 0.8660254037844328234, 0.5000000000000103251 ) ) ;
#2242 = PLANE ( 'NONE',  #382 ) ;
#2243 = EDGE_CURVE ( 'NONE', #2370, #4888, #414, .T. ) ;
#2244 = VECTOR ( 'NONE', #968, 999.9999999999998863 ) ;
#2245 = DIRECTION ( 'NONE',  ( 0.000000000000000000, -1.000000000000000000, 3.497202527569185121E-15 ) ) ;
#2246 = SURFACE_SIDE_STYLE ('',( #936 ) ) ;
#2247 = EDGE_LOOP ( 'NONE', ( #1416, #3928, #2814, #50 ) ) ;
#2248 = DIRECTION ( 'NONE',  ( 2.617488922459230047E-16, -0.8362669866895622306, -0.5483224662305562491 ) ) ;
#2249 = VECTOR ( 'NONE', #3320, 1000.000000000000114 ) ;
#2250 = EDGE_CURVE ( 'NONE', #5243, #4515, #3168, .T. ) ;
#2251 = EDGE_CURVE ( 'NONE', #2613, #469, #4890, .T. ) ;
#2252 = DIRECTION ( 'NONE',  ( -2.208597309011063978E-16, 0.8660254037844428154, 0.4999999999999927280 ) ) ;
#2253 = CARTESIAN_POINT ( 'NONE',  ( 0.9700000000000541522, 2.502369077289151811, 0.2139087065949202282 ) ) ;
#2254 = ORIENTED_EDGE ( 'NONE', *, *, #3757, .F. ) ;
#2255 = VECTOR ( 'NONE', #5256, 1000.000000000000000 ) ;
#2256 = LINE ( 'NONE', #4868, #1719 ) ;
#2257 = ORIENTED_EDGE ( 'NONE', *, *, #2407, .T. ) ;
#2258 = EDGE_CURVE ( 'NONE', #1339, #2924, #4842, .T. ) ;
#2259 = VECTOR ( 'NONE', #489, 1000.000000000000114 ) ;
#2260 = CARTESIAN_POINT ( 'NONE',  ( 0.9843342201064364527, 2.125066602492426071, -0.1854790744887646614 ) ) ;
#2261 = CARTESIAN_POINT ( 'NONE',  ( 2.470000000000027729, -2.038937518892725009, -1.120614449139356594 ) ) ;
#2262 = VECTOR ( 'NONE', #1617, 999.9999999999998863 ) ;
#2263 = VECTOR ( 'NONE', #5291, 1000.000000000000000 ) ;
#2264 = ORIENTED_EDGE ( 'NONE', *, *, #1258, .T. ) ;
#2265 = ORIENTED_EDGE ( 'NONE', *, *, #1171, .F. ) ;
#2266 = CARTESIAN_POINT ( 'NONE',  ( 0.9700000000000541522, 2.385763063567691855, 0.2488730229634472657 ) ) ;
#2267 = LINE ( 'NONE', #4430, #5191 ) ;
#2268 = CIRCLE ( 'NONE', #3676, 2.637500000000020606 ) ;
#2269 = DIRECTION ( 'NONE',  ( 6.845769268624693726E-16, -5.551115123125739315E-16, -1.000000000000000000 ) ) ;
#2270 = DIRECTION ( 'NONE',  ( -1.000000000000000000, -1.722632009336720063E-16, 7.400880780937477100E-16 ) ) ;
#2271 = CARTESIAN_POINT ( 'NONE',  ( 0.9843342201064364527, 2.172282090100758012, -0.05453024012860852032 ) ) ;
#2272 = EDGE_CURVE ( 'NONE', #1621, #3637, #2256, .T. ) ;
#2273 = DIRECTION ( 'NONE',  ( -9.628834090771747916E-17, 0.9090442707885191265, 0.4166995485317561143 ) ) ;
#2274 = STYLED_ITEM ( 'NONE', ( #4383 ), #3943 ) ;
#2275 = EDGE_LOOP ( 'NONE', ( #4221, #387, #2907, #2974, #2416, #4476, #2107, #4577, #3586, #777, #750, #4794 ) ) ;
#2276 = FACE_OUTER_BOUND ( 'NONE', #3421, .T. ) ;
#2277 = ADVANCED_FACE ( 'NONE', ( #1946 ), #973, .T. ) ;
#2278 = VECTOR ( 'NONE', #492, 1000.000000000000000 ) ;
#2279 = DIRECTION ( 'NONE',  ( 5.882887990558551382E-16, 0.4999999999999998890, -0.8660254037844387076 ) ) ;
#2280 = LINE ( 'NONE', #4810, #2797 ) ;
#2281 = ORIENTED_EDGE ( 'NONE', *, *, #4147, .T. ) ;
#2282 = EDGE_CURVE ( 'NONE', #4681, #3071, #5235, .T. ) ;
#2283 = LINE ( 'NONE', #2303, #2600 ) ;
#2284 = ORIENTED_EDGE ( 'NONE', *, *, #1472, .F. ) ;
#2285 = DIRECTION ( 'NONE',  ( 1.000000000000000000, 2.000187765493021278E-16, -7.400880780937300593E-16 ) ) ;
#2286 = PLANE ( 'NONE',  #1278 ) ;
#2287 = EDGE_CURVE ( 'NONE', #2983, #3720, #136, .T. ) ;
#2288 = CARTESIAN_POINT ( 'NONE',  ( 0.9843342201064919639, 2.215529865583626190, 0.2959619118673012528 ) ) ;
#2289 = ORIENTED_EDGE ( 'NONE', *, *, #1008, .T. ) ;
#2290 = ORIENTED_EDGE ( 'NONE', *, *, #5277, .T. ) ;
#2291 = DIRECTION ( 'NONE',  ( -1.000000000000000000, -2.000187765493021278E-16, 7.400880780937300593E-16 ) ) ;
#2292 = CARTESIAN_POINT ( 'NONE',  ( 0.9699999999999986411, 2.466494824628989946, -0.2095089610752998155 ) ) ;
#2293 = DIRECTION ( 'NONE',  ( 7.872806842835568418E-16, 0.1971841888170626778, -0.9803664598916861372 ) ) ;
#2294 = CARTESIAN_POINT ( 'NONE',  ( 2.470000000000055707, 1.936365843134446596, -1.024632836696709459 ) ) ;
#2295 = CARTESIAN_POINT ( 'NONE',  ( 2.469999999999861195, -0.1043506507306668496, 2.273457506810690365 ) ) ;
#2296 = VERTEX_POINT ( 'NONE', #2667 ) ;
#2297 = CARTESIAN_POINT ( 'NONE',  ( 2.450950000000007289, -0.2359217314832906531, 1.963500000000471868 ) ) ;
#2298 = EDGE_CURVE ( 'NONE', #2414, #58, #5335, .T. ) ;
#2299 = LINE ( 'NONE', #2225, #1914 ) ;
#2300 = CARTESIAN_POINT ( 'NONE',  ( 2.470000000000055707, 1.882174645852108252, -0.9933455343580643859 ) ) ;
#2301 = VERTEX_POINT ( 'NONE', #4027 ) ;
#2302 = DIRECTION ( 'NONE',  ( 1.000000000000000000, 2.000187765493021278E-16, -7.400880780937300593E-16 ) ) ;
#2303 = CARTESIAN_POINT ( 'NONE',  ( 0.9699999999999986411, 2.280059657658872752, 0.03026883183794570886 ) ) ;
#2304 = ORIENTED_EDGE ( 'NONE', *, *, #1776, .F. ) ;
#2305 = LINE ( 'NONE', #3923, #3439 ) ;
#2306 = EDGE_CURVE ( 'NONE', #5416, #5490, #2283, .T. ) ;
#2307 = LINE ( 'NONE', #4446, #4839 ) ;
#2308 = DIRECTION ( 'NONE',  ( -1.000000000000000000, -2.000187765493021278E-16, 7.400880780937300593E-16 ) ) ;
#2309 = ORIENTED_EDGE ( 'NONE', *, *, #5339, .T. ) ;
#2310 = ORIENTED_EDGE ( 'NONE', *, *, #4999, .F. ) ;
#2311 = FACE_OUTER_BOUND ( 'NONE', #1573, .T. ) ;
#2312 = EDGE_CURVE ( 'NONE', #4585, #4211, #1025, .T. ) ;
#2313 = CARTESIAN_POINT ( 'NONE',  ( 0.9699999999999986411, 2.472865152089859464, -0.4640019752579910284 ) ) ;
#2314 = ADVANCED_FACE ( 'NONE', ( #1921 ), #4812, .F. ) ;
#2315 = DIRECTION ( 'NONE',  ( 1.000000000000000000, 2.000187765493021278E-16, -7.400880780937300593E-16 ) ) ;
#2316 = PLANE ( 'NONE',  #486 ) ;
#2317 = CARTESIAN_POINT ( 'NONE',  ( 0.9700000000000541522, 2.366492138056563999, 0.2474031920336461354 ) ) ;
#2318 = EDGE_LOOP ( 'NONE', ( #640, #4061, #231, #2031 ) ) ;
#2319 = LINE ( 'NONE', #1597, #1384 ) ;
#2320 = EDGE_LOOP ( 'NONE', ( #3470, #2509, #883, #2203 ) ) ;
#2321 = DIRECTION ( 'NONE',  ( 1.000000000000000000, 1.722632009336712421E-16, -4.625323219374409242E-16 ) ) ;
#2322 = VECTOR ( 'NONE', #8, 1000.000000000000114 ) ;
#2323 = DIRECTION ( 'NONE',  ( 6.845769268624693726E-16, -5.551115123125739315E-16, -1.000000000000000000 ) ) ;
#2324 = LINE ( 'NONE', #1918, #501 ) ;
#2325 = ORIENTED_EDGE ( 'NONE', *, *, #4064, .T. ) ;
#2326 = VECTOR ( 'NONE', #3679, 1000.000000000000000 ) ;
#2327 = DIRECTION ( 'NONE',  ( -1.000000000000000000, -2.000187765493021278E-16, 7.400880780937300593E-16 ) ) ;
#2328 = DIRECTION ( 'NONE',  ( 3.402826124941148042E-16, -0.7693267868930279141, -0.6388554570236132379 ) ) ;
#2329 = EDGE_CURVE ( 'NONE', #3596, #4874, #2694, .T. ) ;
#2330 = EDGE_LOOP ( 'NONE', ( #1274, #4484, #2467, #1717 ) ) ;
#2331 = PLANE ( 'NONE',  #3230 ) ;
#2332 = VECTOR ( 'NONE', #1221, 1000.000000000000000 ) ;
#2333 = DIRECTION ( 'NONE',  ( 6.845769268624692740E-16, -5.551115123125739315E-16, -1.000000000000000000 ) ) ;
#2334 = EDGE_CURVE ( 'NONE', #4529, #4138, #4000, .T. ) ;
#2335 = ORIENTED_EDGE ( 'NONE', *, *, #2618, .T. ) ;
#2336 = VERTEX_POINT ( 'NONE', #4394 ) ;
#2337 = CARTESIAN_POINT ( 'NONE',  ( 0.9843342201064364527, 2.496811927282544197, -0.4437718483763369859 ) ) ;
#2338 =( LENGTH_UNIT ( ) NAMED_UNIT ( * ) SI_UNIT ( .MILLI., .METRE. ) );
#2339 = VECTOR ( 'NONE', #3394, 1000.000000000000000 ) ;
#2340 = DIRECTION ( 'NONE',  ( -5.986776558089818140E-16, 0.4212021854523420039, 0.9069667683935123126 ) ) ;
#2341 = LINE ( 'NONE', #4432, #1992 ) ;
#2342 = EDGE_CURVE ( 'NONE', #3165, #2758, #4468, .T. ) ;
#2343 = CARTESIAN_POINT ( 'NONE',  ( 0.9699999999999986411, 2.483238627135203380, -0.4875612958556310161 ) ) ;
#2344 = ORIENTED_EDGE ( 'NONE', *, *, #1365, .T. ) ;
#2345 = AXIS2_PLACEMENT_3D ( 'NONE', #3549, #1443, #3136 ) ;
#2346 = FACE_OUTER_BOUND ( 'NONE', #2622, .T. ) ;
#2347 = ORIENTED_EDGE ( 'NONE', *, *, #2096, .T. ) ;
#2348 = LINE ( 'NONE', #4462, #110 ) ;
#2349 = EDGE_CURVE ( 'NONE', #2635, #3839, #2355, .T. ) ;
#2350 = VECTOR ( 'NONE', #373, 999.9999999999998863 ) ;
#2351 = DIRECTION ( 'NONE',  ( 1.000000000000000000, 1.722632009336724254E-16, -4.070211707061878303E-16 ) ) ;
#2352 = LINE ( 'NONE', #5233, #1925 ) ;
#2353 = VERTEX_POINT ( 'NONE', #161 ) ;
#2354 = CARTESIAN_POINT ( 'NONE',  ( 2.470000000000027729, -2.023130304122794598, -1.531436993182339057 ) ) ;
#2355 = LINE ( 'NONE', #1890, #1540 ) ;
#2356 = VECTOR ( 'NONE', #3461, 1000.000000000000000 ) ;
#2357 = ORIENTED_EDGE ( 'NONE', *, *, #3905, .T. ) ;
#2358 = DIRECTION ( 'NONE',  ( -1.000000000000000000, -1.722632009336720063E-16, 7.400880780937477100E-16 ) ) ;
#2359 = AXIS2_PLACEMENT_3D ( 'NONE', #4756, #4225, #464 ) ;
#2360 = LINE ( 'NONE', #4060, #32 ) ;
#2361 = VERTEX_POINT ( 'NONE', #4057 ) ;
#2362 = AXIS2_PLACEMENT_3D ( 'NONE', #146, #2729, #1485 ) ;
#2363 = ORIENTED_EDGE ( 'NONE', *, *, #2996, .T. ) ;
#2364 = DIRECTION ( 'NONE',  ( 6.478296851166013085E-16, 0.1759558990890549290, -0.9843980503717804087 ) ) ;
#2365 = LINE ( 'NONE', #3101, #1374 ) ;
#2366 = ADVANCED_FACE ( 'NONE', ( #244 ), #5286, .F. ) ;
#2367 = DIRECTION ( 'NONE',  ( 1.328376527327713652E-16, -0.9571008663759672519, -0.2897549509195191941 ) ) ;
#2368 = PLANE ( 'NONE',  #466 ) ;
#2369 = FACE_OUTER_BOUND ( 'NONE', #3360, .T. ) ;
#2370 = VERTEX_POINT ( 'NONE', #4364 ) ;
#2371 = EDGE_CURVE ( 'NONE', #5350, #4694, #4443, .T. ) ;
#2372 = DIRECTION ( 'NONE',  ( 1.000000000000000000, 2.000187765493021278E-16, -7.400880780937300593E-16 ) ) ;
#2373 = ORIENTED_EDGE ( 'NONE', *, *, #4956, .F. ) ;
#2374 = LINE ( 'NONE', #4965, #3642 ) ;
#2375 = ADVANCED_FACE ( 'NONE', ( #2381 ), #2439, .F. ) ;
#2376 = DIRECTION ( 'NONE',  ( -6.845769268624693726E-16, 5.551115123125739315E-16, 1.000000000000000000 ) ) ;
#2377 = EDGE_CURVE ( 'NONE', #3919, #4736, #2955, .T. ) ;
#2378 = DIRECTION ( 'NONE',  ( 1.000000000000000000, 2.000187765493021278E-16, -7.400880780937300593E-16 ) ) ;
#2379 = ORIENTED_EDGE ( 'NONE', *, *, #647, .F. ) ;
#2380 = PLANE ( 'NONE',  #4820 ) ;
#2381 = FACE_OUTER_BOUND ( 'NONE', #284, .T. ) ;
#2382 = ORIENTED_EDGE ( 'NONE', *, *, #3185, .T. ) ;
#2383 = CARTESIAN_POINT ( 'NONE',  ( 0.9700000000000541522, 2.409391591991022707, 0.1445703570425588280 ) ) ;
#2384 = DIRECTION ( 'NONE',  ( 7.059132076888118667E-16, -0.1498665402647731681, -0.9887062354961999588 ) ) ;
#2385 = CARTESIAN_POINT ( 'NONE',  ( 2.279499999986056569, -1.387778780781445676E-13, 2.220446049250313081E-13 ) ) ;
#2386 = ORIENTED_EDGE ( 'NONE', *, *, #2453, .T. ) ;
#2387 = ORIENTED_EDGE ( 'NONE', *, *, #1219, .T. ) ;
#2388 = DIRECTION ( 'NONE',  ( 1.000000000000000000, 2.000187765493021278E-16, -7.400880780937300593E-16 ) ) ;
#2389 = CARTESIAN_POINT ( 'NONE',  ( 0.9843342201064364527, 2.416638973676554780, 0.2657177383791342606 ) ) ;
#2390 = LINE ( 'NONE', #1166, #4279 ) ;
#2391 = DIRECTION ( 'NONE',  ( 4.992923249691015501E-16, -0.4999999999999992228, -0.8660254037844391517 ) ) ;
#2392 = DIRECTION ( 'NONE',  ( -1.050820771170668073E-16, 0.9571008663759965618, 0.2897549509194220496 ) ) ;
#2393 = ORIENTED_EDGE ( 'NONE', *, *, #3106, .F. ) ;
#2394 = ADVANCED_FACE ( 'NONE', ( #455 ), #1297, .F. ) ;
#2395 = ORIENTED_EDGE ( 'NONE', *, *, #4720, .T. ) ;
#2396 = DIRECTION ( 'NONE',  ( 1.570039207843900325E-16, -0.9061072279422076603, -0.4230480959310515821 ) ) ;
#2397 = ORIENTED_EDGE ( 'NONE', *, *, #164, .T. ) ;
#2398 = DIRECTION ( 'NONE',  ( 9.561467977824831532E-16, 2.220446049250319490E-16, -1.000000000000000000 ) ) ;
#2399 = EDGE_CURVE ( 'NONE', #1375, #4160, #2960, .T. ) ;
#2400 = DIRECTION ( 'NONE',  ( 1.000000000000000000, 2.000187765493021278E-16, -7.400880780937300593E-16 ) ) ;
#2401 = SURFACE_STYLE_FILL_AREA ( #710 ) ;
#2402 = ORIENTED_EDGE ( 'NONE', *, *, #4425, .F. ) ;
#2403 = PLANE ( 'NONE',  #4284 ) ;
#2404 = VECTOR ( 'NONE', #4775, 1000.000000000000000 ) ;
#2405 = CARTESIAN_POINT ( 'NONE',  ( 0.9699999999999986411, 2.496811927282488242, -0.4437718483764896416 ) ) ;
#2406 = EDGE_CURVE ( 'NONE', #5276, #5461, #4523, .T. ) ;
#2407 = EDGE_CURVE ( 'NONE', #3198, #275, #352, .T. ) ;
#2408 = ORIENTED_EDGE ( 'NONE', *, *, #5503, .T. ) ;
#2409 = LINE ( 'NONE', #1158, #4746 ) ;
#2410 = VECTOR ( 'NONE', #4495, 1000.000000000000000 ) ;
#2411 = CARTESIAN_POINT ( 'NONE',  ( 0.9699999999999986411, 2.523629592551174028, 0.1250508761553026371 ) ) ;
#2412 = CARTESIAN_POINT ( 'NONE',  ( 2.450949999999924245, -0.2359217314835959645, 2.517800735127875722 ) ) ;
#2413 = EDGE_CURVE ( 'NONE', #4681, #1872, #5418, .T. ) ;
#2414 = VERTEX_POINT ( 'NONE', #2850 ) ;
#2415 = VECTOR ( 'NONE', #4989, 1000.000000000000114 ) ;
#2416 = ORIENTED_EDGE ( 'NONE', *, *, #3390, .T. ) ;
#2417 = DIRECTION ( 'NONE',  ( -1.445076253180178246E-16, -1.000000000000000000, 5.551115123125738329E-16 ) ) ;
#2418 = VECTOR ( 'NONE', #3593, 1000.000000000000000 ) ;
#2419 = FACE_OUTER_BOUND ( 'NONE', #4752, .T. ) ;
#2420 = DIRECTION ( 'NONE',  ( -6.845769268624692740E-16, 5.551115123125739315E-16, 1.000000000000000000 ) ) ;
#2421 = CARTESIAN_POINT ( 'NONE',  ( 0.9700000000000541522, 2.381236316858021063, 0.1405888840665947548 ) ) ;
#2422 = AXIS2_PLACEMENT_3D ( 'NONE', #2029, #1244, #5059 ) ;
#2423 = EDGE_LOOP ( 'NONE', ( #2382, #96, #107, #3082 ) ) ;
#2424 = ORIENTED_EDGE ( 'NONE', *, *, #1736, .F. ) ;
#2425 = ORIENTED_EDGE ( 'NONE', *, *, #344, .T. ) ;
#2426 = MECHANICAL_DESIGN_GEOMETRIC_PRESENTATION_REPRESENTATION (  '', ( #1723 ), #1629 ) ;
#2427 = DIRECTION ( 'NONE',  ( 6.879636247973199190E-16, 0.4230480959310515821, -0.9061072279422076603 ) ) ;
#2428 = ORIENTED_CLOSED_SHELL ( 'NONE', *, #1350, .F. );
#2429 = ORIENTED_EDGE ( 'NONE', *, *, #2628, .T. ) ;
#2430 = DIRECTION ( 'NONE',  ( -1.073154985481276528E-15, 5.551115123125739315E-16, 1.000000000000000000 ) ) ;
#2431 = AXIS2_PLACEMENT_3D ( 'NONE', #3036, #3781, #5486 ) ;
#2432 = AXIS2_PLACEMENT_3D ( 'NONE', #2261, #1896, #1481 ) ;
#2433 = DIRECTION ( 'NONE',  ( -9.561467977657224227E-16, 5.551115123125740301E-16, 1.000000000000000000 ) ) ;
#2434 = CARTESIAN_POINT ( 'NONE',  ( 0.9699999999999986411, 2.483238627135203380, -0.4477264981799095045 ) ) ;
#2435 = ADVANCED_FACE ( 'NONE', ( #4946 ), #3819, .T. ) ;
#2436 = VECTOR ( 'NONE', #5174, 1000.000000000000114 ) ;
#2437 = EDGE_LOOP ( 'NONE', ( #182, #3756, #4163, #1169 ) ) ;
#2438 = FACE_OUTER_BOUND ( 'NONE', #2623, .T. ) ;
#2439 = PLANE ( 'NONE',  #115 ) ;
#2440 = ORIENTED_EDGE ( 'NONE', *, *, #1435, .T. ) ;
#2441 = AXIS2_PLACEMENT_3D ( 'NONE', #1148, #258, #1938 ) ;
#2442 = CARTESIAN_POINT ( 'NONE',  ( 0.9700000000000541522, 2.523239701764268261, 0.2897166630501657458 ) ) ;
#2443 = CARTESIAN_POINT ( 'NONE',  ( 0.9699999999999986411, 2.482780464277939636, -0.4324412773114849617 ) ) ;
#2444 = EDGE_CURVE ( 'NONE', #4249, #1429, #3218, .T. ) ;
#2445 = VECTOR ( 'NONE', #425, 1000.000000000000000 ) ;
#2446 = CARTESIAN_POINT ( 'NONE',  ( 0.9843342201064364527, 2.217642729627267162, 0.2694351750214263319 ) ) ;
#2447 = VERTEX_POINT ( 'NONE', #770 ) ;
#2448 = ORIENTED_EDGE ( 'NONE', *, *, #3557, .T. ) ;
#2449 = CARTESIAN_POINT ( 'NONE',  ( 2.450950000000062801, 2.070502786264361017, -1.449385447233358937 ) ) ;
#2450 = MECHANICAL_DESIGN_GEOMETRIC_PRESENTATION_REPRESENTATION (  '', ( #3775 ), #4856 ) ;
#2451 = CARTESIAN_POINT ( 'NONE',  ( 2.470000000000055707, 2.025379290920920283, -1.076024774737380341 ) ) ;
#2452 = ADVANCED_FACE ( 'NONE', ( #1105 ), #327, .F. ) ;
#2453 = EDGE_CURVE ( 'NONE', #5143, #4427, #690, .T. ) ;
#2454 = PLANE ( 'NONE',  #3387 ) ;
#2455 = CARTESIAN_POINT ( 'NONE',  ( 2.469999999999805684, -0.1043506507302505160, 2.417505155565644159 ) ) ;
#2456 = VECTOR ( 'NONE', #5008, 999.9999999999998863 ) ;
#2457 = ORIENTED_EDGE ( 'NONE', *, *, #787, .T. ) ;
#2458 = ORIENTED_EDGE ( 'NONE', *, *, #2710, .T. ) ;
#2459 = CARTESIAN_POINT ( 'NONE',  ( 0.9699999999999986411, 2.478836439541471037, -0.4415490844356245725 ) ) ;
#2460 = ORIENTED_EDGE ( 'NONE', *, *, #4761, .T. ) ;
#2461 = CARTESIAN_POINT ( 'NONE',  ( 0.9843342201064364527, 2.466294610879687710, -0.4655277348273173521 ) ) ;
#2462 = LINE ( 'NONE', #4574, #934 ) ;
#2463 = CARTESIAN_POINT ( 'NONE',  ( 0.9699999999999986411, 2.473154153902451746, -0.4538592866440843698 ) ) ;
#2464 = EDGE_LOOP ( 'NONE', ( #4362, #3902, #1513, #5033 ) ) ;
#2465 = DIRECTION ( 'NONE',  ( -1.000000000000000000, -1.722632009336720063E-16, 7.400880780937477100E-16 ) ) ;
#2466 = DIRECTION ( 'NONE',  ( 7.400880780937299607E-16, 5.551115123125742273E-16, 1.000000000000000000 ) ) ;
#2467 = ORIENTED_EDGE ( 'NONE', *, *, #5441, .F. ) ;
#2468 = EDGE_CURVE ( 'NONE', #357, #1318, #4688, .T. ) ;
#2469 = CARTESIAN_POINT ( 'NONE',  ( 0.9843342201064364527, 2.467563243836651488, -0.4555210470666981593 ) ) ;
#2470 = CARTESIAN_POINT ( 'NONE',  ( 0.9843342201064364527, 2.520332721926532571, 0.2680507760427636166 ) ) ;
#2471 = EDGE_LOOP ( 'NONE', ( #2927, #306, #4485, #5433 ) ) ;
#2472 = DIRECTION ( 'NONE',  ( 1.000000000000000000, 3.110410790118177818E-16, -7.400880780937398214E-16 ) ) ;
#2473 = ORIENTED_EDGE ( 'NONE', *, *, #2298, .F. ) ;
#2474 = ADVANCED_FACE ( 'NONE', ( #3300 ), #4080, .F. ) ;
#2475 = ORIENTED_EDGE ( 'NONE', *, *, #1014, .F. ) ;
#2476 = DIRECTION ( 'NONE',  ( -1.000000000000000000, -2.000187765493021278E-16, 7.400880780937300593E-16 ) ) ;
#2477 = DIRECTION ( 'NONE',  ( 1.000000000000000000, 2.000187765493021278E-16, -7.400880780937300593E-16 ) ) ;
#2478 = FACE_OUTER_BOUND ( 'NONE', #134, .T. ) ;
#2479 = DIRECTION ( 'NONE',  ( 4.600782614179524222E-16, -0.3640037637784818148, -0.9313974768889484723 ) ) ;
#2480 = ORIENTED_EDGE ( 'NONE', *, *, #1623, .F. ) ;
#2481 = ORIENTED_EDGE ( 'NONE', *, *, #2879, .F. ) ;
#2482 = ADVANCED_FACE ( 'NONE', ( #873 ), #1998, .T. ) ;
#2483 = ORIENTED_EDGE ( 'NONE', *, *, #164, .F. ) ;
#2484 = ADVANCED_FACE ( 'NONE', ( #297, #2880 ), #4579, .F. ) ;
#2485 = LINE ( 'NONE', #2459, #1560 ) ;
#2486 = ORIENTED_EDGE ( 'NONE', *, *, #1472, .T. ) ;
#2487 = LINE ( 'NONE', #321, #2415 ) ;
#2488 = CARTESIAN_POINT ( 'NONE',  ( 0.9700000000000541522, 2.362123067768035156, 0.1402156209755617278 ) ) ;
#2489 = DIRECTION ( 'NONE',  ( 2.136401008211029947E-16, 0.9911185236273118981, -0.1329814728554983561 ) ) ;
#2490 = EDGE_LOOP ( 'NONE', ( #691, #2373, #1231, #3895 ) ) ;
#2491 = CARTESIAN_POINT ( 'NONE',  ( 0.2705000000000068461, 0.000000000000000000, 0.000000000000000000 ) ) ;
#2492 = EDGE_LOOP ( 'NONE', ( #720, #4169, #4670, #5306 ) ) ;
#2493 = FACE_OUTER_BOUND ( 'NONE', #3219, .T. ) ;
#2494 = PLANE ( 'NONE',  #4763 ) ;
#2495 = VERTEX_POINT ( 'NONE', #571 ) ;
#2496 = VECTOR ( 'NONE', #5162, 1000.000000000000000 ) ;
#2497 = LINE ( 'NONE', #3361, #3049 ) ;
#2498 = VERTEX_POINT ( 'NONE', #3464 ) ;
#2499 = ORIENTED_EDGE ( 'NONE', *, *, #3162, .T. ) ;
#2500 = DIRECTION ( 'NONE',  ( 0.000000000000000000, 0.000000000000000000, -1.000000000000000000 ) ) ;
#2501 = VECTOR ( 'NONE', #1155, 1000.000000000000114 ) ;
#2502 = FACE_OUTER_BOUND ( 'NONE', #2247, .T. ) ;
#2503 = EDGE_CURVE ( 'NONE', #4922, #2336, #66, .T. ) ;
#2504 = DIRECTION ( 'NONE',  ( 1.445076253180192051E-16, 1.000000000000000000, -2.553512956637819811E-15 ) ) ;
#2505 = VECTOR ( 'NONE', #1600, 1000.000000000000114 ) ;
#2506 = CARTESIAN_POINT ( 'NONE',  ( 0.9843342201064364527, 1.975537752030048777, -1.201323485133798386E-06 ) ) ;
#2507 = VERTEX_POINT ( 'NONE', #1013 ) ;
#2508 = ORIENTED_EDGE ( 'NONE', *, *, #3597, .T. ) ;
#2509 = ORIENTED_EDGE ( 'NONE', *, *, #5220, .T. ) ;
#2510 = DIRECTION ( 'NONE',  ( -1.000000000000000000, -1.722632009336724254E-16, 4.070211707061878303E-16 ) ) ;
#2511 = EDGE_CURVE ( 'NONE', #2572, #4718, #4380, .T. ) ;
#2512 = VECTOR ( 'NONE', #3657, 1000.000000000000000 ) ;
#2513 = ORIENTED_EDGE ( 'NONE', *, *, #200, .T. ) ;
#2514 = CARTESIAN_POINT ( 'NONE',  ( 0.9699999999999986411, 2.483238627135203380, -0.4477264981799095045 ) ) ;
#2515 = AXIS2_PLACEMENT_3D ( 'NONE', #1852, #2753, #2780 ) ;
#2516 = DIRECTION ( 'NONE',  ( 6.036596741689403522E-16, 0.6811833507215914185, -0.7321128619958164885 ) ) ;
#2517 = FACE_OUTER_BOUND ( 'NONE', #4521, .T. ) ;
#2518 = EDGE_CURVE ( 'NONE', #1222, #4674, #3105, .T. ) ;
#2519 = ORIENTED_EDGE ( 'NONE', *, *, #3194, .F. ) ;
#2520 = CARTESIAN_POINT ( 'NONE',  ( 0.9843342201064364527, 2.502369077289262833, 0.2139087065950867617 ) ) ;
#2521 = AXIS2_PLACEMENT_3D ( 'NONE', #4926, #1116, #4506 ) ;
#2522 = VECTOR ( 'NONE', #3673, 1000.000000000000000 ) ;
#2523 = ORIENTED_EDGE ( 'NONE', *, *, #976, .T. ) ;
#2524 = VECTOR ( 'NONE', #2165, 1000.000000000000000 ) ;
#2525 = DIRECTION ( 'NONE',  ( -7.594557642088578986E-16, -0.2587968170644511234, 0.9659317819997998988 ) ) ;
#2526 = PLANE ( 'NONE',  #2359 ) ;
#2527 = VERTEX_POINT ( 'NONE', #91 ) ;
#2528 = FACE_OUTER_BOUND ( 'NONE', #3181, .T. ) ;
#2529 = ORIENTED_EDGE ( 'NONE', *, *, #403, .T. ) ;
#2530 = ORIENTED_EDGE ( 'NONE', *, *, #3510, .F. ) ;
#2531 = FACE_OUTER_BOUND ( 'NONE', #5342, .T. ) ;
#2532 = CARTESIAN_POINT ( 'NONE',  ( 0.9700000000000541522, 2.362123067768035156, 0.1402156209755617278 ) ) ;
#2533 = AXIS2_PLACEMENT_3D ( 'NONE', #2113, #5175, #5085 ) ;
#2534 = DIRECTION ( 'NONE',  ( -1.000000000000000000, -2.000187765493021278E-16, 7.400880780937300593E-16 ) ) ;
#2535 = CARTESIAN_POINT ( 'NONE',  ( 0.9699999999999986411, 2.490921390337408337, -0.4417785858742279137 ) ) ;
#2536 = VERTEX_POINT ( 'NONE', #1413 ) ;
#2537 = EDGE_LOOP ( 'NONE', ( #3971, #3644, #3000, #3559 ) ) ;
#2538 = VECTOR ( 'NONE', #412, 1000.000000000000000 ) ;
#2539 = VERTEX_POINT ( 'NONE', #4745 ) ;
#2540 = DIRECTION ( 'NONE',  ( -5.803686921052500001E-16, -0.6988318732559525293, 0.7152859658357463291 ) ) ;
#2541 = EDGE_CURVE ( 'NONE', #1336, #3347, #122, .T. ) ;
#2542 = CARTESIAN_POINT ( 'NONE',  ( 0.9700000000000541522, 2.125255814197646309, -0.3948934297112599578 ) ) ;
#2543 = VECTOR ( 'NONE', #1378, 1000.000000000000114 ) ;
#2544 = LINE ( 'NONE', #3266, #1525 ) ;
#2545 = LINE ( 'NONE', #3407, #3488 ) ;
#2546 = ADVANCED_FACE ( 'NONE', ( #2709 ), #2242, .F. ) ;
#2547 = ORIENTED_EDGE ( 'NONE', *, *, #992, .T. ) ;
#2548 = FACE_OUTER_BOUND ( 'NONE', #830, .T. ) ;
#2549 = EDGE_LOOP ( 'NONE', ( #1423, #461, #2902 ) ) ;
#2550 = EDGE_CURVE ( 'NONE', #2642, #1872, #4716, .T. ) ;
#2551 = EDGE_CURVE ( 'NONE', #1186, #4238, #4412, .T. ) ;
#2552 = LINE ( 'NONE', #4250, #2788 ) ;
#2553 = DIRECTION ( 'NONE',  ( -1.000000000000000000, -2.000187765493021278E-16, 7.400880780937300593E-16 ) ) ;
#2554 = ORIENTED_EDGE ( 'NONE', *, *, #984, .T. ) ;
#2555 = CARTESIAN_POINT ( 'NONE',  ( 0.9699999999999986411, 2.521531062727233596, -0.2852079774567084502 ) ) ;
#2556 = ORIENTED_EDGE ( 'NONE', *, *, #4105, .T. ) ;
#2557 = ORIENTED_EDGE ( 'NONE', *, *, #3553, .T. ) ;
#2558 = DIRECTION ( 'NONE',  ( 1.344989530423940433E-16, 0.9980805391703134744, -0.06192929298398618110 ) ) ;
#2559 = FACE_OUTER_BOUND ( 'NONE', #667, .T. ) ;
#2560 = DIRECTION ( 'NONE',  ( 0.000000000000000000, 0.000000000000000000, -1.000000000000000000 ) ) ;
#2561 = PLANE ( 'NONE',  #1463 ) ;
#2562 = ORIENTED_EDGE ( 'NONE', *, *, #1194, .F. ) ;
#2563 = VERTEX_POINT ( 'NONE', #987 ) ;
#2564 = ORIENTED_EDGE ( 'NONE', *, *, #4175, .F. ) ;
#2565 = DIRECTION ( 'NONE',  ( 3.604514176250175531E-16, 0.9313974768889592415, -0.3640037637784540592 ) ) ;
#2566 = CARTESIAN_POINT ( 'NONE',  ( 0.9843342201064919639, 2.331064604498389592, 0.3948905628680041136 ) ) ;
#2567 = CARTESIAN_POINT ( 'NONE',  ( 2.470000000000027729, -1.725772238865302954, -0.9378747999921333012 ) ) ;
#2568 = CARTESIAN_POINT ( 'NONE',  ( 2.450950000000062801, -1.808402244772827627, -1.256417057498612877 ) ) ;
#2569 = EDGE_CURVE ( 'NONE', #5461, #4414, #1800, .T. ) ;
#2570 = CARTESIAN_POINT ( 'NONE',  ( 0.9699999999999986411, 2.463272841927127921, -0.4569093234565585471 ) ) ;
#2571 = LINE ( 'NONE', #851, #3966 ) ;
#2572 = VERTEX_POINT ( 'NONE', #3936 ) ;
#2573 = CARTESIAN_POINT ( 'NONE',  ( 0.9843342201064364527, 2.251583295995729372, 0.1996458709049714342 ) ) ;
#2574 = ADVANCED_FACE ( 'NONE', ( #4777 ), #2190, .F. ) ;
#2575 = EDGE_LOOP ( 'NONE', ( #682, #1428, #3287, #702 ) ) ;
#2576 = CARTESIAN_POINT ( 'NONE',  ( 0.9699999999999986411, 2.472047021958523327, -0.4541015381633595194 ) ) ;
#2577 = DIRECTION ( 'NONE',  ( -1.000000000000000000, -2.000187765493021278E-16, 7.400880780937300593E-16 ) ) ;
#2578 = EDGE_LOOP ( 'NONE', ( #4907, #3132, #2023, #828 ) ) ;
#2579 = EDGE_CURVE ( 'NONE', #3866, #1310, #5121, .T. ) ;
#2580 = PLANE ( 'NONE',  #2864 ) ;
#2581 = ORIENTED_EDGE ( 'NONE', *, *, #879, .T. ) ;
#2582 = ORIENTED_EDGE ( 'NONE', *, *, #3836, .T. ) ;
#2583 = DIRECTION ( 'NONE',  ( 6.845769268624693726E-16, -5.551115123125739315E-16, -1.000000000000000000 ) ) ;
#2584 = LINE ( 'NONE', #2945, #5282 ) ;
#2585 = AXIS2_PLACEMENT_3D ( 'NONE', #931, #2630, #4330 ) ;
#2586 = EDGE_CURVE ( 'NONE', #5215, #5037, #3545, .T. ) ;
#2587 = CARTESIAN_POINT ( 'NONE',  ( 0.9843342201064364527, 2.380631412769562694, 0.2478931356767605232 ) ) ;
#2588 = DIRECTION ( 'NONE',  ( 1.000000000000000000, 1.722632009336720063E-16, -7.400880780937477100E-16 ) ) ;
#2589 = UNCERTAINTY_MEASURE_WITH_UNIT (LENGTH_MEASURE( 1.000000000000000082E-05 ), #575, 'distance_accuracy_value', 'NONE');
#2590 = ORIENTED_EDGE ( 'NONE', *, *, #3020, .F. ) ;
#2591 = EDGE_LOOP ( 'NONE', ( #3874, #2460 ) ) ;
#2592 = VECTOR ( 'NONE', #4578, 1000.000000000000114 ) ;
#2593 = ORIENTED_EDGE ( 'NONE', *, *, #482, .T. ) ;
#2594 = FACE_OUTER_BOUND ( 'NONE', #4488, .T. ) ;
#2595 = DIRECTION ( 'NONE',  ( 4.992923249690979017E-16, -0.5000000000000058842, -0.8660254037844352659 ) ) ;
#2596 = AXIS2_PLACEMENT_3D ( 'NONE', #628, #4135, #712 ) ;
#2597 = LINE ( 'NONE', #426, #3292 ) ;
#2598 = CARTESIAN_POINT ( 'NONE',  ( 0.9700000000000279510, -1.390940443400534449E-13, 3.175000000000250289 ) ) ;
#2599 = CARTESIAN_POINT ( 'NONE',  ( 2.470000000000027729, 0.03232682635359584999, 2.273457506810267148 ) ) ;
#2600 = VECTOR ( 'NONE', #216, 1000.000000000000000 ) ;
#2601 = DIRECTION ( 'NONE',  ( 4.992923249690979017E-16, -0.5000000000000059952, -0.8660254037844352659 ) ) ;
#2602 = CARTESIAN_POINT ( 'NONE',  ( 0.9699999999999986411, 2.521531062727372152, -0.1294380075608364544 ) ) ;
#2603 = ORIENTED_EDGE ( 'NONE', *, *, #172, .T. ) ;
#2604 = LINE ( 'NONE', #3914, #905 ) ;
#2605 = CIRCLE ( 'NONE', #3578, 2.984499999911372825 ) ;
#2606 = EDGE_LOOP ( 'NONE', ( #3790, #1474, #1579, #4195, #5039, #4976, #4757, #2395, #797, #808, #1936, #2064, #2095 ) ) ;
#2607 = EDGE_CURVE ( 'NONE', #1329, #3055, #2658, .T. ) ;
#2608 = CARTESIAN_POINT ( 'NONE',  ( 0.9843342201064364527, 2.375141406468883609, 0.2468665188329194349 ) ) ;
#2609 = PLANE ( 'NONE',  #4667 ) ;
#2610 = VECTOR ( 'NONE', #898, 999.9999999999998863 ) ;
#2611 = ORIENTED_EDGE ( 'NONE', *, *, #4964, .F. ) ;
#2612 = CARTESIAN_POINT ( 'NONE',  ( 0.9700000000000541522, 2.357842869644438899, 0.2479398652346503917 ) ) ;
#2613 = VERTEX_POINT ( 'NONE', #2599 ) ;
#2614 = VECTOR ( 'NONE', #5154, 1000.000000000000000 ) ;
#2615 = VERTEX_POINT ( 'NONE', #544 ) ;
#2616 = VECTOR ( 'NONE', #2811, 1000.000000000000000 ) ;
#2617 = CARTESIAN_POINT ( 'NONE',  ( 0.9700000000000541522, 2.366492138056563999, 0.2474031920336461354 ) ) ;
#2618 = EDGE_CURVE ( 'NONE', #957, #4458, #1829, .T. ) ;
#2619 = CARTESIAN_POINT ( 'NONE',  ( 0.9699999999999986411, 2.125255814197590798, -0.3400507035846989101 ) ) ;
#2620 = DIRECTION ( 'NONE',  ( -7.400880780937299607E-16, -5.551115123125742273E-16, -1.000000000000000000 ) ) ;
#2621 = DIRECTION ( 'NONE',  ( -5.926139032278367624E-16, -0.7772448707080705788, 0.6291982286672416214 ) ) ;
#2622 = EDGE_LOOP ( 'NONE', ( #4652, #1506, #4947, #3356 ) ) ;
#2623 = EDGE_LOOP ( 'NONE', ( #5113, #5384, #2221, #2429 ) ) ;
#2624 = ORIENTED_EDGE ( 'NONE', *, *, #1056, .F. ) ;
#2625 = DIRECTION ( 'NONE',  ( -6.389032458023217278E-16, -0.6363211713181708973, 0.7714242457508521111 ) ) ;
#2626 = VECTOR ( 'NONE', #817, 1000.000000000000114 ) ;
#2627 = EDGE_CURVE ( 'NONE', #213, #2727, #5249, .T. ) ;
#2628 = EDGE_CURVE ( 'NONE', #1429, #469, #598, .T. ) ;
#2629 = PLANE ( 'NONE',  #665 ) ;
#2630 = DIRECTION ( 'NONE',  ( 1.000000000000000000, 1.722632009336712421E-16, -4.625323219374409242E-16 ) ) ;
#2631 = DIRECTION ( 'NONE',  ( -6.845769268624692740E-16, 5.551115123125739315E-16, 1.000000000000000000 ) ) ;
#2632 = VECTOR ( 'NONE', #5102, 999.9999999999998863 ) ;
#2633 = DIRECTION ( 'NONE',  ( -1.000000000000000000, -2.000187765493021278E-16, 7.400880780937300593E-16 ) ) ;
#2634 = VECTOR ( 'NONE', #4101, 1000.000000000000114 ) ;
#2635 = VERTEX_POINT ( 'NONE', #3884 ) ;
#2636 = DIRECTION ( 'NONE',  ( -2.097103295180202106E-16, -0.9987037590039326007, 0.05089991897257698655 ) ) ;
#2637 = VECTOR ( 'NONE', #2675, 1000.000000000000000 ) ;
#2638 = VERTEX_POINT ( 'NONE', #1775 ) ;
#2639 = FACE_OUTER_BOUND ( 'NONE', #1758, .T. ) ;
#2640 = CARTESIAN_POINT ( 'NONE',  ( 0.9843342201064364527, 2.422424264911876790, -0.01856281503725965010 ) ) ;
#2641 = AXIS2_PLACEMENT_3D ( 'NONE', #4197, #2090, #3779 ) ;
#2642 = VERTEX_POINT ( 'NONE', #1065 ) ;
#2643 = CARTESIAN_POINT ( 'NONE',  ( 2.469999999999833662, -0.08615970197001221464, 2.517800735127910361 ) ) ;
#2644 = EDGE_CURVE ( 'NONE', #2123, #2572, #1571, .T. ) ;
#2645 = VERTEX_POINT ( 'NONE', #4433 ) ;
#2646 = DIRECTION ( 'NONE',  ( -6.103146274316183875E-16, 0.4999999999999989453, 0.8660254037844393737 ) ) ;
#2647 = CARTESIAN_POINT ( 'NONE',  ( 2.470000000000055707, 1.827983448570907887, -0.9620582320193360459 ) ) ;
#2648 = EDGE_CURVE ( 'NONE', #3913, #2296, #3594, .T. ) ;
#2649 = ORIENTED_EDGE ( 'NONE', *, *, #2511, .F. ) ;
#2650 = VERTEX_POINT ( 'NONE', #5349 ) ;
#2651 = ORIENTED_EDGE ( 'NONE', *, *, #747, .T. ) ;
#2652 = DIRECTION ( 'NONE',  ( -3.582787080455031950E-16, 0.6934400527214990007, 0.7205143255214324638 ) ) ;
#2653 = FACE_OUTER_BOUND ( 'NONE', #1308, .T. ) ;
#2654 = DIRECTION ( 'NONE',  ( 7.598409637072199363E-16, 0.2179336182189449134, -0.9759635946335289969 ) ) ;
#2655 = DIRECTION ( 'NONE',  ( 3.815501495555647197E-16, 0.9427057099412800012, -0.3336254553299362602 ) ) ;
#2656 = EDGE_CURVE ( 'NONE', #4025, #5251, #4386, .T. ) ;
#2657 = EDGE_CURVE ( 'NONE', #2830, #4153, #3155, .T. ) ;
#2658 = LINE ( 'NONE', #152, #5362 ) ;
#2659 = DIRECTION ( 'NONE',  ( 6.430931305686265125E-16, -0.3269487519467025871, -0.9450420697516558333 ) ) ;
#2660 = LINE ( 'NONE', #2219, #5217 ) ;
#2661 = ORIENTED_EDGE ( 'NONE', *, *, #4183, .F. ) ;
#2662 = DIRECTION ( 'NONE',  ( 6.181400876936336067E-16, 0.3116117993304584610, -0.9502094961207419033 ) ) ;
#2663 = ADVANCED_FACE ( 'NONE', ( #3234 ), #2734, .F. ) ;
#2664 = DIRECTION ( 'NONE',  ( 1.000000000000000000, 2.000187765493029413E-16, 6.845769268624692740E-16 ) ) ;
#2665 = LINE ( 'NONE', #2253, #319 ) ;
#2666 = ORIENTED_EDGE ( 'NONE', *, *, #4445, .T. ) ;
#2667 = CARTESIAN_POINT ( 'NONE',  ( 0.9843342201064364527, 2.125255814197646309, -0.05453024012823382005 ) ) ;
#2668 = ORIENTED_EDGE ( 'NONE', *, *, #520, .F. ) ;
#2669 = DIRECTION ( 'NONE',  ( 7.400880780937299607E-16, 5.551115123125742273E-16, 1.000000000000000000 ) ) ;
#2670 = CARTESIAN_POINT ( 'NONE',  ( 0.9843342201064364527, 2.472115022385063199, -0.4641528512045745014 ) ) ;
#2671 = ORIENTED_EDGE ( 'NONE', *, *, #2017, .T. ) ;
#2672 = ORIENTED_EDGE ( 'NONE', *, *, #28, .T. ) ;
#2673 = ORIENTED_EDGE ( 'NONE', *, *, #2910, .T. ) ;
#2674 = VECTOR ( 'NONE', #1913, 1000.000000000000000 ) ;
#2675 = DIRECTION ( 'NONE',  ( 7.544538134627805428E-16, 0.1089854748730416656, -0.9940433422475589698 ) ) ;
#2676 = DIRECTION ( 'NONE',  ( 4.619824724853956341E-16, 0.8660254037844391517, -0.4999999999999992228 ) ) ;
#2677 = ADVANCED_FACE ( 'NONE', ( #2369 ), #1489, .F. ) ;
#2678 = CARTESIAN_POINT ( 'NONE',  ( 0.9699999999999986411, 2.323393438462745486, -0.07459528143413662882 ) ) ;
#2679 = CARTESIAN_POINT ( 'NONE',  ( 2.470000000000055707, 1.810417492354610136, -0.7912649203304089607 ) ) ;
#2680 = VECTOR ( 'NONE', #5192, 1000.000000000000000 ) ;
#2681 = LINE ( 'NONE', #3047, #1964 ) ;
#2682 = CARTESIAN_POINT ( 'NONE',  ( 0.9699999999999986411, 2.473740657580960178, -0.4638064740327032531 ) ) ;
#2683 = VECTOR ( 'NONE', #3628, 1000.000000000000114 ) ;
#2684 = ADVANCED_FACE ( 'NONE', ( #4042 ), #1042, .T. ) ;
#2685 = CARTESIAN_POINT ( 'NONE',  ( 0.9700000000000541522, 2.395313954424410419, 0.1425796205553053753 ) ) ;
#2686 = ORIENTED_EDGE ( 'NONE', *, *, #3803, .F. ) ;
#2687 = PLANE ( 'NONE',  #3742 ) ;
#2688 = AXIS2_PLACEMENT_3D ( 'NONE', #3490, #121, #1828 ) ;
#2689 = EDGE_CURVE ( 'NONE', #3062, #5364, #4930, .T. ) ;
#2690 = FACE_OUTER_BOUND ( 'NONE', #1843, .T. ) ;
#2691 = LINE ( 'NONE', #1497, #4227 ) ;
#2692 = ORIENTED_EDGE ( 'NONE', *, *, #5334, .T. ) ;
#2693 = VECTOR ( 'NONE', #3091, 1000.000000000000000 ) ;
#2694 = LINE ( 'NONE', #1500, #1090 ) ;
#2695 = EDGE_LOOP ( 'NONE', ( #5216, #4428, #2547, #2719 ) ) ;
#2696 = VECTOR ( 'NONE', #1857, 1000.000000000000114 ) ;
#2697 = CARTESIAN_POINT ( 'NONE',  ( 0.9700000000000541522, 2.033886628395292995, 0.3948905628681290136 ) ) ;
#2698 = CARTESIAN_POINT ( 'NONE',  ( 0.9700000000000541522, 2.125255814197729798, 0.3399550943366663747 ) ) ;
#2699 = AXIS2_PLACEMENT_3D ( 'NONE', #2697, #2669, #219 ) ;
#2700 = VECTOR ( 'NONE', #4929, 1000.000000000000000 ) ;
#2701 = ORIENTED_EDGE ( 'NONE', *, *, #5497, .F. ) ;
#2702 = VERTEX_POINT ( 'NONE', #2812 ) ;
#2703 = DIRECTION ( 'NONE',  ( -7.400880780937299607E-16, -5.551115123125742273E-16, -1.000000000000000000 ) ) ;
#2704 = DIRECTION ( 'NONE',  ( 5.933816903822598884E-16, 0.7463495512542417387, -0.6655541655963035375 ) ) ;
#2705 = AXIS2_PLACEMENT_3D ( 'NONE', #132, #1838, #1418 ) ;
#2706 = DIRECTION ( 'NONE',  ( -1.000000000000000000, -3.110410790118177818E-16, 7.400880780937398214E-16 ) ) ;
#2707 = LINE ( 'NONE', #2732, #5259 ) ;
#2708 = DIRECTION ( 'NONE',  ( 1.445076253180192051E-16, 1.000000000000000000, -2.553512956637819811E-15 ) ) ;
#2709 = FACE_OUTER_BOUND ( 'NONE', #5045, .T. ) ;
#2710 = EDGE_CURVE ( 'NONE', #2370, #5483, #4510, .T. ) ;
#2711 = AXIS2_PLACEMENT_3D ( 'NONE', #4629, #4215, #3793 ) ;
#2712 = VECTOR ( 'NONE', #2510, 1000.000000000000000 ) ;
#2713 = ORIENTED_EDGE ( 'NONE', *, *, #2852, .T. ) ;
#2714 = PLANE ( 'NONE',  #4377 ) ;
#2715 = EDGE_CURVE ( 'NONE', #5302, #4924, #701, .T. ) ;
#2716 = AXIS2_PLACEMENT_3D ( 'NONE', #5057, #5148, #3891 ) ;
#2717 = CARTESIAN_POINT ( 'NONE',  ( 2.469999999999861195, -0.03601191218843835529, 2.417505155565887076 ) ) ;
#2718 = CARTESIAN_POINT ( 'NONE',  ( 0.9843342201063809416, 2.495373293259689262, -0.4531261570458744448 ) ) ;
#2719 = ORIENTED_EDGE ( 'NONE', *, *, #3058, .T. ) ;
#2720 = VECTOR ( 'NONE', #1259, 1000.000000000000000 ) ;
#2721 = DIRECTION ( 'NONE',  ( 1.445076253180192051E-16, 1.000000000000000000, -2.553512956637819811E-15 ) ) ;
#2722 = ADVANCED_FACE ( 'NONE', ( #5324 ), #4880, .T. ) ;
#2723 = EDGE_CURVE ( 'NONE', #1287, #3304, #3674, .T. ) ;
#2724 = EDGE_LOOP ( 'NONE', ( #925, #3099 ) ) ;
#2725 = FACE_OUTER_BOUND ( 'NONE', #3006, .T. ) ;
#2726 = CARTESIAN_POINT ( 'NONE',  ( 2.470000000130312401, 1.942890293094023946E-13, 3.608224830031758756E-13 ) ) ;
#2727 = VERTEX_POINT ( 'NONE', #4014 ) ;
#2728 = ORIENTED_EDGE ( 'NONE', *, *, #1240, .F. ) ;
#2729 = DIRECTION ( 'NONE',  ( 1.000000000000000000, 1.722632009336712421E-16, -4.625323219374409242E-16 ) ) ;
#2730 = LINE ( 'NONE', #616, #1095 ) ;
#2731 = DIRECTION ( 'NONE',  ( 9.469599216104743275E-17, 0.9901489287481959334, 0.1400182091686649755 ) ) ;
#2732 = CARTESIAN_POINT ( 'NONE',  ( 2.470000000000055707, 1.936365843134446596, -1.024632836696709459 ) ) ;
#2733 = CARTESIAN_POINT ( 'NONE',  ( 0.9843342201064919639, 1.499999999999973577, 3.053113317719180486E-13 ) ) ;
#2734 = PLANE ( 'NONE',  #1987 ) ;
#2735 = ORIENTED_EDGE ( 'NONE', *, *, #2723, .T. ) ;
#2736 = CARTESIAN_POINT ( 'NONE',  ( 0.9699999999999986411, 2.497213554801619217, -0.4633155959534451807 ) ) ;
#2737 = EDGE_CURVE ( 'NONE', #4282, #1376, #3643, .T. ) ;
#2738 = EDGE_LOOP ( 'NONE', ( #83, #2735, #5424, #2089 ) ) ;
#2739 = CARTESIAN_POINT ( 'NONE',  ( 0.9843342201064364527, 2.513397826239216482, 0.2400852859844870846 ) ) ;
#2740 = DIRECTION ( 'NONE',  ( -1.172565486536605458E-16, 0.9628491381317997311, 0.2700398807562517378 ) ) ;
#2741 = DIRECTION ( 'NONE',  ( 4.619824724853956341E-16, 0.8660254037844391517, -0.4999999999999992228 ) ) ;
#2742 = EDGE_CURVE ( 'NONE', #4256, #1310, #230, .T. ) ;
#2743 = ORIENTED_EDGE ( 'NONE', *, *, #3066, .T. ) ;
#2744 = CARTESIAN_POINT ( 'NONE',  ( 0.9699999999999986411, 2.280059657658956240, 0.01740461005313165277 ) ) ;
#2745 = DIRECTION ( 'NONE',  ( 9.621326830187598882E-16, 2.220446049250292373E-16, -1.000000000000000000 ) ) ;
#2746 = VERTEX_POINT ( 'NONE', #4534 ) ;
#2747 = DIRECTION ( 'NONE',  ( 1.000000000000000000, 2.000187765493021278E-16, -7.400880780937300593E-16 ) ) ;
#2748 = EDGE_CURVE ( 'NONE', #4427, #2615, #726, .T. ) ;
#2749 = CARTESIAN_POINT ( 'NONE',  ( 2.470000000000027729, -1.848407460854545326, -1.067178545096761244 ) ) ;
#2750 = VERTEX_POINT ( 'NONE', #3567 ) ;
#2751 = ORIENTED_EDGE ( 'NONE', *, *, #1522, .T. ) ;
#2752 = DIRECTION ( 'NONE',  ( 1.000000000000000000, 2.000187765493021278E-16, -7.400880780937300593E-16 ) ) ;
#2753 = DIRECTION ( 'NONE',  ( -1.445076253180178246E-16, -1.000000000000000000, 5.551115123125738329E-16 ) ) ;
#2754 = ADVANCED_FACE ( 'NONE', ( #5272 ), #650, .F. ) ;
#2755 = CARTESIAN_POINT ( 'NONE',  ( 0.9700000000000541522, 2.417556363763257110, 0.2676931372518620567 ) ) ;
#2756 = CARTESIAN_POINT ( 'NONE',  ( 0.9699999999999986411, 2.478099059916527569, -0.4493755085220041412 ) ) ;
#2757 = DIRECTION ( 'NONE',  ( -1.000000000000000000, -1.722632009336724254E-16, 4.070211707061878303E-16 ) ) ;
#2758 = VERTEX_POINT ( 'NONE', #3639 ) ;
#2759 = CARTESIAN_POINT ( 'NONE',  ( 2.470000000000027729, -2.131491219643871560, -1.343750381945146843 ) ) ;
#2760 = VECTOR ( 'NONE', #3178, 1000.000000000000114 ) ;
#2761 = ORIENTED_EDGE ( 'NONE', *, *, #3534, .T. ) ;
#2762 = LINE ( 'NONE', #732, #3045 ) ;
#2763 = AXIS2_PLACEMENT_3D ( 'NONE', #3671, #5379, #3311 ) ;
#2764 = FILL_AREA_STYLE_COLOUR ( '', #2185 ) ;
#2765 = CARTESIAN_POINT ( 'NONE',  ( 0.9700000000000541522, 2.332881258751001496, 0.1446480485159939988 ) ) ;
#2766 = ORIENTED_EDGE ( 'NONE', *, *, #5165, .T. ) ;
#2767 = VECTOR ( 'NONE', #707, 1000.000000000000000 ) ;
#2768 = CARTESIAN_POINT ( 'NONE',  ( 0.9699999999999986411, 2.477361680291723101, -0.4515068968898167112 ) ) ;
#2769 = CARTESIAN_POINT ( 'NONE',  ( 2.469999999999972218, -1.792384863908286219, -0.8224983489919512891 ) ) ;
#2770 = ORIENTED_EDGE ( 'NONE', *, *, #3195, .T. ) ;
#2771 = EDGE_CURVE ( 'NONE', #4176, #2778, #197, .T. ) ;
#2772 = DIRECTION ( 'NONE',  ( -7.054589166432185917E-16, 5.551115123125740301E-16, 1.000000000000000000 ) ) ;
#2773 = AXIS2_PLACEMENT_3D ( 'NONE', #3118, #4818, #3583 ) ;
#2774 = FACE_OUTER_BOUND ( 'NONE', #2578, .T. ) ;
#2775 = ORIENTED_EDGE ( 'NONE', *, *, #834, .F. ) ;
#2776 = EDGE_CURVE ( 'NONE', #2638, #4658, #2267, .T. ) ;
#2777 = VECTOR ( 'NONE', #1062, 1000.000000000000114 ) ;
#2778 = VERTEX_POINT ( 'NONE', #5297 ) ;
#2779 = LINE ( 'NONE', #4477, #3344 ) ;
#2780 = DIRECTION ( 'NONE',  ( 6.845769268624693726E-16, -5.551115123125739315E-16, -1.000000000000000000 ) ) ;
#2781 = VECTOR ( 'NONE', #2646, 999.9999999999998863 ) ;
#2782 = LINE ( 'NONE', #1487, #4010 ) ;
#2783 = DIRECTION ( 'NONE',  ( -3.593773247311037172E-16, 0.8463804217565837895, 0.5325788032461932220 ) ) ;
#2784 = DIRECTION ( 'NONE',  ( 9.680376540049056858E-16, 2.220446049250292373E-16, -1.000000000000000000 ) ) ;
#2785 = EDGE_CURVE ( 'NONE', #1911, #1989, #4037, .T. ) ;
#2786 = VERTEX_POINT ( 'NONE', #147 ) ;
#2787 = EDGE_CURVE ( 'NONE', #1694, #2798, #4406, .T. ) ;
#2788 = VECTOR ( 'NONE', #3574, 1000.000000000000000 ) ;
#2789 = CARTESIAN_POINT ( 'NONE',  ( 2.450950000000035267, 1.941001255865520969, -1.119387942413827108 ) ) ;
#2790 = ORIENTED_EDGE ( 'NONE', *, *, #664, .T. ) ;
#2791 = FACE_OUTER_BOUND ( 'NONE', #4596, .T. ) ;
#2792 = VECTOR ( 'NONE', #717, 999.9999999999998863 ) ;
#2793 = DIRECTION ( 'NONE',  ( 6.845769268624692740E-16, -5.551115123125739315E-16, -1.000000000000000000 ) ) ;
#2794 = CARTESIAN_POINT ( 'NONE',  ( 0.9843342201064364527, 2.125255814197618776, 0.03526031801388829212 ) ) ;
#2795 = ORIENTED_EDGE ( 'NONE', *, *, #3359, .F. ) ;
#2796 = CARTESIAN_POINT ( 'NONE',  ( 0.9843342201064364527, 2.485296480058435620, -0.4476606227656887427 ) ) ;
#2797 = VECTOR ( 'NONE', #4390, 1000.000000000000000 ) ;
#2798 = VERTEX_POINT ( 'NONE', #1486 ) ;
#2799 = DIRECTION ( 'NONE',  ( -1.000000000000000000, -2.000187765493021278E-16, 7.400880780937300593E-16 ) ) ;
#2800 = AXIS2_PLACEMENT_3D ( 'NONE', #2152, #4770, #1320 ) ;
#2801 = EDGE_CURVE ( 'NONE', #807, #4138, #2730, .T. ) ;
#2802 = LINE ( 'NONE', #2698, #3672 ) ;
#2803 = ORIENTED_EDGE ( 'NONE', *, *, #2243, .F. ) ;
#2804 = VECTOR ( 'NONE', #2285, 1000.000000000000000 ) ;
#2805 = ORIENTED_EDGE ( 'NONE', *, *, #2776, .F. ) ;
#2806 = CARTESIAN_POINT ( 'NONE',  ( 0.9843342201063809416, 2.494238536142306728, -0.4649539812289077423 ) ) ;
#2807 = DIRECTION ( 'NONE',  ( -5.596305042383074563E-16, 0.3882672511708800123, 0.9215468201172465346 ) ) ;
#2808 = VECTOR ( 'NONE', #5091, 1000.000000000000000 ) ;
#2809 = EDGE_CURVE ( 'NONE', #606, #3866, #3962, .T. ) ;
#2810 = DIRECTION ( 'NONE',  ( 1.000000000000000000, 3.110410790118177818E-16, -7.400880780937398214E-16 ) ) ;
#2811 = DIRECTION ( 'NONE',  ( -1.000000000000000000, -2.000187765493021278E-16, 7.400880780937300593E-16 ) ) ;
#2812 = CARTESIAN_POINT ( 'NONE',  ( 0.9700000000000541522, 1.579261356762756696, -8.326672684688674053E-14 ) ) ;
#2813 = EDGE_LOOP ( 'NONE', ( #1781, #2624, #5025, #4322 ) ) ;
#2814 = ORIENTED_EDGE ( 'NONE', *, *, #4639, .F. ) ;
#2815 = DIRECTION ( 'NONE',  ( -1.000000000000000000, -2.000187765493021278E-16, 7.400880780937300593E-16 ) ) ;
#2816 = ADVANCED_FACE ( 'NONE', ( #671 ), #3616, .F. ) ;
#2817 = EDGE_LOOP ( 'NONE', ( #4349, #3271, #4290, #4193, #4780, #538, #2181, #343, #4673, #1794, #3354, #4342 ) ) ;
#2818 = EDGE_CURVE ( 'NONE', #2065, #4585, #2365, .T. ) ;
#2819 = CARTESIAN_POINT ( 'NONE',  ( 0.9843342201064364527, 2.497005303495308581, -0.4482944105899250298 ) ) ;
#2820 = CARTESIAN_POINT ( 'NONE',  ( 0.9699999999999986411, 2.497005303495281048, -0.4475883723130680281 ) ) ;
#2821 = CARTESIAN_POINT ( 'NONE',  ( 2.470000000016625563, 1.942890293094023946E-13, 3.608224830031758756E-13 ) ) ;
#2822 = EDGE_CURVE ( 'NONE', #2124, #3363, #3122, .T. ) ;
#2823 = ORIENTED_EDGE ( 'NONE', *, *, #3541, .T. ) ;
#2824 = DIRECTION ( 'NONE',  ( -7.054589166432185917E-16, 5.551115123125740301E-16, 1.000000000000000000 ) ) ;
#2825 = DIRECTION ( 'NONE',  ( -1.457702563158423527E-16, -0.9999985441088407034, 0.001706393916729271546 ) ) ;
#2826 = ORIENTED_EDGE ( 'NONE', *, *, #2569, .F. ) ;
#2827 = DIRECTION ( 'NONE',  ( 1.000000000000000000, 2.000187765493021278E-16, -7.400880780937300593E-16 ) ) ;
#2828 = DIRECTION ( 'NONE',  ( -5.729747238077516113E-18, -1.000000000000000000, 3.497202527569202082E-15 ) ) ;
#2829 = DIRECTION ( 'NONE',  ( -1.445076253180192051E-16, -1.000000000000000000, 2.553512956637819811E-15 ) ) ;
#2830 = VERTEX_POINT ( 'NONE', #4823 ) ;
#2831 = VERTEX_POINT ( 'NONE', #594 ) ;
#2832 = PLANE ( 'NONE',  #4232 ) ;
#2833 = ADVANCED_FACE ( 'NONE', ( #4452 ), #642, .F. ) ;
#2834 = LINE ( 'NONE', #1981, #3670 ) ;
#2835 = DIRECTION ( 'NONE',  ( 4.916917402473335227E-16, 0.8164082640122272139, -0.5774751479090174389 ) ) ;
#2836 = DIRECTION ( 'NONE',  ( 7.409193191692587076E-16, 0.004876496258989318835, -0.9999881098214298270 ) ) ;
#2837 = CARTESIAN_POINT ( 'NONE',  ( 0.9699999999999986411, 2.474178410326627109, -0.4637087234186793028 ) ) ;
#2838 = EDGE_LOOP ( 'NONE', ( #1665, #3375, #2032, #2952 ) ) ;
#2839 = ORIENTED_EDGE ( 'NONE', *, *, #842, .F. ) ;
#2840 = EDGE_CURVE ( 'NONE', #5401, #2750, #3987, .T. ) ;
#2841 = CARTESIAN_POINT ( 'NONE',  ( 0.9843342201064919639, 2.320155338140478030, 0.2698706486286006623 ) ) ;
#2842 = PLANE ( 'NONE',  #4984 ) ;
#2843 = LINE ( 'NONE', #4074, #2062 ) ;
#2844 = EDGE_CURVE ( 'NONE', #1534, #269, #3561, .T. ) ;
#2845 = CARTESIAN_POINT ( 'NONE',  ( 2.450950000000007289, -1.841708557294291504, -1.198728831998729927 ) ) ;
#2846 = LINE ( 'NONE', #5442, #1396 ) ;
#2847 = ORIENTED_EDGE ( 'NONE', *, *, #3229, .T. ) ;
#2848 = LINE ( 'NONE', #3166, #1167 ) ;
#2849 = AXIS2_PLACEMENT_3D ( 'NONE', #1743, #5137, #1349 ) ;
#2850 = CARTESIAN_POINT ( 'NONE',  ( 0.9700000000000541522, 1.975537752029993266, 0.3948905628680179913 ) ) ;
#2851 = ORIENTED_EDGE ( 'NONE', *, *, #4007, .T. ) ;
#2852 = EDGE_CURVE ( 'NONE', #5145, #4226, #4979, .T. ) ;
#2853 = DIRECTION ( 'NONE',  ( 9.615840696448729589E-16, 2.220446049250282512E-16, -1.000000000000000000 ) ) ;
#2854 = AXIS2_PLACEMENT_3D ( 'NONE', #295, #1104, #2824 ) ;
#2855 = FACE_OUTER_BOUND ( 'NONE', #5185, .T. ) ;
#2856 = CARTESIAN_POINT ( 'NONE',  ( 0.9843342201064919639, 2.523629592550979961, 0.2969646181048141154 ) ) ;
#2857 = VERTEX_POINT ( 'NONE', #4590 ) ;
#2858 = ORIENTED_EDGE ( 'NONE', *, *, #3353, .T. ) ;
#2859 = FACE_OUTER_BOUND ( 'NONE', #2320, .T. ) ;
#2860 = VECTOR ( 'NONE', #3482, 1000.000000000000114 ) ;
#2861 = FACE_OUTER_BOUND ( 'NONE', #4236, .T. ) ;
#2862 = DIRECTION ( 'NONE',  ( 1.445076253180192051E-16, 1.000000000000000000, -2.553512956637819811E-15 ) ) ;
#2863 = DIRECTION ( 'NONE',  ( 3.882069932406777745E-16, 0.9313974768889484723, -0.3640037637784818148 ) ) ;
#2864 = AXIS2_PLACEMENT_3D ( 'NONE', #1397, #3921, #1725 ) ;
#2865 = ORIENTED_EDGE ( 'NONE', *, *, #4684, .F. ) ;
#2866 = ORIENTED_EDGE ( 'NONE', *, *, #5440, .T. ) ;
#2867 = AXIS2_PLACEMENT_3D ( 'NONE', #2405, #2157, #4106 ) ;
#2868 = CARTESIAN_POINT ( 'NONE',  ( 0.9700000000000541522, 2.366975201274018836, 0.1403087934058744324 ) ) ;
#2869 = ORIENTED_EDGE ( 'NONE', *, *, #2852, .F. ) ;
#2870 = CARTESIAN_POINT ( 'NONE',  ( 0.2238461539150173596, -4.662936703391124295E-16, 2.099999999984508925 ) ) ;
#2871 = EDGE_CURVE ( 'NONE', #4888, #1668, #2894, .T. ) ;
#2872 = VECTOR ( 'NONE', #2747, 1000.000000000000000 ) ;
#2873 = AXIS2_PLACEMENT_3D ( 'NONE', #1064, #2391, #1118 ) ;
#2874 = DIRECTION ( 'NONE',  ( 1.000000000000000000, 1.722632009336720063E-16, -7.400880780937477100E-16 ) ) ;
#2875 = CARTESIAN_POINT ( 'NONE',  ( 0.9699999999999986411, 2.482609094366761138, -0.4574340979242447203 ) ) ;
#2876 = AXIS2_PLACEMENT_3D ( 'NONE', #1885, #4864, #3917 ) ;
#2877 = EDGE_LOOP ( 'NONE', ( #1523, #1073, #2847, #4348 ) ) ;
#2878 = CARTESIAN_POINT ( 'NONE',  ( 2.450949999999868290, 0.06360232754354377960, 2.517800735127667444 ) ) ;
#2879 = EDGE_CURVE ( 'NONE', #4441, #3055, #722, .T. ) ;
#2880 = FACE_BOUND ( 'NONE', #1077, .T. ) ;
#2881 = ORIENTED_EDGE ( 'NONE', *, *, #1094, .T. ) ;
#2882 = CIRCLE ( 'NONE', #1108, 0.07202382437763348022 ) ;
#2883 = DIRECTION ( 'NONE',  ( -4.095427613025172715E-16, -0.9089994253807270885, 0.4167973664234312370 ) ) ;
#2884 = FACE_OUTER_BOUND ( 'NONE', #5236, .T. ) ;
#2885 = ORIENTED_EDGE ( 'NONE', *, *, #2607, .T. ) ;
#2886 = VECTOR ( 'NONE', #4825, 1000.000000000000000 ) ;
#2887 = EDGE_CURVE ( 'NONE', #114, #621, #4955, .T. ) ;
#2888 = ADVANCED_FACE ( 'NONE', ( #2502 ), #3310, .F. ) ;
#2889 = DIRECTION ( 'NONE',  ( 6.038316523433158462E-16, 0.7714105483942460539, -0.6363377765197416602 ) ) ;
#2890 = VERTEX_POINT ( 'NONE', #3341 ) ;
#2891 = ORIENTED_EDGE ( 'NONE', *, *, #1776, .T. ) ;
#2892 = FACE_OUTER_BOUND ( 'NONE', #2471, .T. ) ;
#2893 = VECTOR ( 'NONE', #5024, 1000.000000000000000 ) ;
#2894 = LINE ( 'NONE', #781, #2172 ) ;
#2895 = LINE ( 'NONE', #3700, #5076 ) ;
#2896 = DIRECTION ( 'NONE',  ( -5.882887990558551382E-16, -0.4999999999999998890, 0.8660254037844387076 ) ) ;
#2897 = AXIS2_PLACEMENT_3D ( 'NONE', #4897, #3199, #196 ) ;
#2898 = VERTEX_POINT ( 'NONE', #5041 ) ;
#2899 = EDGE_LOOP ( 'NONE', ( #1754, #771, #678, #1107 ) ) ;
#2900 = ORIENTED_EDGE ( 'NONE', *, *, #4802, .F. ) ;
#2901 = DIRECTION ( 'NONE',  ( 1.445076253180178246E-16, 1.000000000000000000, -5.551115123125738329E-16 ) ) ;
#2902 = ORIENTED_EDGE ( 'NONE', *, *, #3150, .F. ) ;
#2903 = DIRECTION ( 'NONE',  ( 1.000000000000000000, 2.000187765493021278E-16, -7.400880780937300593E-16 ) ) ;
#2904 = EDGE_CURVE ( 'NONE', #2650, #4785, #2834, .T. ) ;
#2905 = DIRECTION ( 'NONE',  ( 6.845769268624693726E-16, -5.551115123125739315E-16, -1.000000000000000000 ) ) ;
#2906 = DIRECTION ( 'NONE',  ( -4.992923249690985919E-16, 0.4999999999999898415, 0.8660254037844444808 ) ) ;
#2907 = ORIENTED_EDGE ( 'NONE', *, *, #4715, .T. ) ;
#2908 = CARTESIAN_POINT ( 'NONE',  ( 0.9699999999999986411, 2.472234731469206803, -0.4540512461818004830 ) ) ;
#2909 = EDGE_LOOP ( 'NONE', ( #1595, #468, #3607, #2701 ) ) ;
#2910 = EDGE_CURVE ( 'NONE', #4034, #886, #4172, .T. ) ;
#2911 = FACE_OUTER_BOUND ( 'NONE', #1882, .T. ) ;
#2912 = FACE_OUTER_BOUND ( 'NONE', #4729, .T. ) ;
#2913 = VERTEX_POINT ( 'NONE', #753 ) ;
#2914 = LINE ( 'NONE', #1671, #564 ) ;
#2915 = EDGE_LOOP ( 'NONE', ( #2309, #3301, #2865, #2290 ) ) ;
#2916 = ORIENTED_EDGE ( 'NONE', *, *, #5250, .F. ) ;
#2917 = DIRECTION ( 'NONE',  ( 5.882887990558569132E-16, 0.4999999999999927280, -0.8660254037844428154 ) ) ;
#2918 = EDGE_CURVE ( 'NONE', #2857, #1681, #3259, .T. ) ;
#2919 = PLANE ( 'NONE',  #5453 ) ;
#2920 = DIRECTION ( 'NONE',  ( -1.000000000000000000, -1.445076253180489600E-16, -1.073154985481277909E-15 ) ) ;
#2921 = PLANE ( 'NONE',  #730 ) ;
#2922 = VERTEX_POINT ( 'NONE', #698 ) ;
#2923 = EDGE_LOOP ( 'NONE', ( #5454, #3702, #332, #3007 ) ) ;
#2924 = VERTEX_POINT ( 'NONE', #389 ) ;
#2925 = ADVANCED_FACE ( 'NONE', ( #4199 ), #2919, .F. ) ;
#2926 = CARTESIAN_POINT ( 'NONE',  ( 0.9699999999999986411, 2.324343390078947635, -0.05453024012842810908 ) ) ;
#2927 = ORIENTED_EDGE ( 'NONE', *, *, #1177, .F. ) ;
#2928 = DIRECTION ( 'NONE',  ( -0.7071067811865439090, -4.277359865764932165E-16, -0.7071067811865512365 ) ) ;
#2929 = LINE ( 'NONE', #405, #5463 ) ;
#2930 = DIRECTION ( 'NONE',  ( 6.879636247973200176E-16, 0.4230480959310515821, -0.9061072279422076603 ) ) ;
#2931 = ORIENTED_EDGE ( 'NONE', *, *, #4720, .F. ) ;
#2932 = CARTESIAN_POINT ( 'NONE',  ( 0.9699999999999986411, 2.471859312447933110, -0.4541518301459911977 ) ) ;
#2933 = VECTOR ( 'NONE', #3053, 1000.000000000000114 ) ;
#2934 = ORIENTED_EDGE ( 'NONE', *, *, #4482, .T. ) ;
#2935 = DIRECTION ( 'NONE',  ( 1.000000000000000000, 2.000187765493021278E-16, -7.400880780937300593E-16 ) ) ;
#2936 = LINE ( 'NONE', #74, #4580 ) ;
#2937 = ORIENTED_EDGE ( 'NONE', *, *, #5334, .F. ) ;
#2938 = VECTOR ( 'NONE', #2835, 999.9999999999998863 ) ;
#2939 = CARTESIAN_POINT ( 'NONE',  ( 0.9843342201064364527, 2.125255814197507753, 0.1250508761559548931 ) ) ;
#2940 = ADVANCED_FACE ( 'NONE', ( #4531 ), #5456, .F. ) ;
#2941 = ORIENTED_EDGE ( 'NONE', *, *, #2258, .F. ) ;
#2942 = ORIENTED_EDGE ( 'NONE', *, *, #3572, .F. ) ;
#2943 = CARTESIAN_POINT ( 'NONE',  ( 0.9843342201063809416, 2.500674538437719363, -0.4614095828219255679 ) ) ;
#2944 = VECTOR ( 'NONE', #1215, 1000.000000000000114 ) ;
#2945 = CARTESIAN_POINT ( 'NONE',  ( 2.470000000000027729, -2.008307592792912821, -1.371832463991251583 ) ) ;
#2946 = LINE ( 'NONE', #474, #4371 ) ;
#2947 = VECTOR ( 'NONE', #5278, 1000.000000000000000 ) ;
#2948 = LINE ( 'NONE', #2506, #4841 ) ;
#2949 = ADVANCED_FACE ( 'NONE', ( #3228, #3281 ), #1198, .T. ) ;
#2950 = VERTEX_POINT ( 'NONE', #2389 ) ;
#2951 = ORIENTED_EDGE ( 'NONE', *, *, #4388, .F. ) ;
#2952 = ORIENTED_EDGE ( 'NONE', *, *, #2406, .T. ) ;
#2953 = DIRECTION ( 'NONE',  ( 1.167520497023887139E-16, 1.000000000000000000, -2.886579864025370323E-15 ) ) ;
#2954 = LINE ( 'NONE', #1, #5296 ) ;
#2955 = CIRCLE ( 'NONE', #821, 2.100000000000019629 ) ;
#2956 = ORIENTED_EDGE ( 'NONE', *, *, #704, .T. ) ;
#2957 = LINE ( 'NONE', #3350, #1805 ) ;
#2958 = ADVANCED_FACE ( 'NONE', ( #2419 ), #1165, .F. ) ;
#2959 = ADVANCED_FACE ( 'NONE', ( #2861 ), #309, .F. ) ;
#2960 = CIRCLE ( 'NONE', #3054, 0.03077947504423033526 ) ;
#2961 = DIRECTION ( 'NONE',  ( 1.000000000000000000, 2.000187765493021278E-16, -7.400880780937300593E-16 ) ) ;
#2962 = ORIENTED_EDGE ( 'NONE', *, *, #1993, .T. ) ;
#2963 = DIRECTION ( 'NONE',  ( 1.000000000000000000, 2.000187765493021278E-16, -7.400880780937300593E-16 ) ) ;
#2964 = AXIS2_PLACEMENT_3D ( 'NONE', #1700, #4258, #444 ) ;
#2965 = AXIS2_PLACEMENT_3D ( 'NONE', #4873, #5240, #1058 ) ;
#2966 = VERTEX_POINT ( 'NONE', #2451 ) ;
#2967 = CIRCLE ( 'NONE', #1020, 2.064999999980975609 ) ;
#2968 = CARTESIAN_POINT ( 'NONE',  ( 0.9699999999999986411, 2.189010124965001580, -0.2087363466107827747 ) ) ;
#2969 = DIRECTION ( 'NONE',  ( 1.000000000000000000, 1.722632009336720063E-16, -7.400880780937477100E-16 ) ) ;
#2970 = ORIENTED_EDGE ( 'NONE', *, *, #4999, .T. ) ;
#2971 = CARTESIAN_POINT ( 'NONE',  ( 0.9843342201064364527, 2.486879519042556552, 0.1903914117196842115 ) ) ;
#2972 = VECTOR ( 'NONE', #3993, 1000.000000000000000 ) ;
#2973 = ORIENTED_EDGE ( 'NONE', *, *, #4344, .T. ) ;
#2974 = ORIENTED_EDGE ( 'NONE', *, *, #4556, .T. ) ;
#2975 = DIRECTION ( 'NONE',  ( -1.000000000000000000, -2.000187765493021278E-16, 7.400880780937300593E-16 ) ) ;
#2976 = PLANE ( 'NONE',  #3584 ) ;
#2977 = EDGE_CURVE ( 'NONE', #367, #1655, #4148, .T. ) ;
#2978 = VECTOR ( 'NONE', #1363, 1000.000000000000000 ) ;
#2979 = DIRECTION ( 'NONE',  ( 1.302670539013764741E-16, 0.9998156855907736063, 0.01919882409553617594 ) ) ;
#2980 = CARTESIAN_POINT ( 'NONE',  ( 2.469999999999972218, -1.825087419202175987, -0.7658558616864541424 ) ) ;
#2981 = UNCERTAINTY_MEASURE_WITH_UNIT (LENGTH_MEASURE( 1.000000000000000082E-05 ), #1844, 'distance_accuracy_value', 'NONE');
#2982 = ORIENTED_EDGE ( 'NONE', *, *, #639, .F. ) ;
#2983 = VERTEX_POINT ( 'NONE', #3365 ) ;
#2984 = VECTOR ( 'NONE', #1839, 999.9999999999998863 ) ;
#2985 = ORIENTED_EDGE ( 'NONE', *, *, #2771, .F. ) ;
#2986 = DIRECTION ( 'NONE',  ( 4.494908391621278370E-16, -0.7152859658357462180, -0.6988318732559524182 ) ) ;
#2987 = EDGE_CURVE ( 'NONE', #2148, #4436, #1341, .T. ) ;
#2988 = CARTESIAN_POINT ( 'NONE',  ( 0.9699999999999986411, 2.483238627135203380, -0.4169470231356793843 ) ) ;
#2989 = AXIS2_PLACEMENT_3D ( 'NONE', #308, #4505, #5374 ) ;
#2990 = DIRECTION ( 'NONE',  ( 1.000000000000000000, 2.000187765493021278E-16, -7.400880780937300593E-16 ) ) ;
#2991 = PLANE ( 'NONE',  #2688 ) ;
#2992 = DIRECTION ( 'NONE',  ( 7.397930517279140045E-16, -0.001706393916729271329, -0.9999985441088405924 ) ) ;
#2993 = AXIS2_PLACEMENT_3D ( 'NONE', #163, #4003, #1816 ) ;
#2994 = ADVANCED_FACE ( 'NONE', ( #4732 ), #917, .F. ) ;
#2995 = DIRECTION ( 'NONE',  ( -1.000000000000000000, -2.000187765493021278E-16, 7.400880780937300593E-16 ) ) ;
#2996 = EDGE_CURVE ( 'NONE', #75, #1897, #3064, .T. ) ;
#2997 =( NAMED_UNIT ( * ) SI_UNIT ( $, .STERADIAN. ) SOLID_ANGLE_UNIT ( ) );
#2998 = VERTEX_POINT ( 'NONE', #80 ) ;
#2999 = DIRECTION ( 'NONE',  ( 0.000000000000000000, -1.000000000000000000, 3.497202527569202082E-15 ) ) ;
#3000 = ORIENTED_EDGE ( 'NONE', *, *, #2656, .T. ) ;
#3001 = EDGE_CURVE ( 'NONE', #4034, #1243, #4319, .T. ) ;
#3002 = LINE ( 'NONE', #5477, #3063 ) ;
#3003 = CARTESIAN_POINT ( 'NONE',  ( 0.9699999999999986411, 2.125066602492426071, -0.1854790744887646614 ) ) ;
#3004 = ORIENTED_EDGE ( 'NONE', *, *, #4657, .T. ) ;
#3005 = LINE ( 'NONE', #2555, #1178 ) ;
#3006 = EDGE_LOOP ( 'NONE', ( #2254, #2480, #365, #1724 ) ) ;
#3007 = ORIENTED_EDGE ( 'NONE', *, *, #4696, .F. ) ;
#3008 = CARTESIAN_POINT ( 'NONE',  ( 0.9699999999999986411, 2.472974545644746058, -0.4538894552190421705 ) ) ;
#3009 = DIRECTION ( 'NONE',  ( 1.167520497023887139E-16, 1.000000000000000000, -2.886579864025370323E-15 ) ) ;
#3010 = CARTESIAN_POINT ( 'NONE',  ( 0.9700000000000541522, 1.892261543406409396, -1.201323915345220428E-06 ) ) ;
#3011 = DIRECTION ( 'NONE',  ( 5.914598533337641276E-16, 0.7693245073750160090, -0.6388582020700594999 ) ) ;
#3012 = ORIENTED_EDGE ( 'NONE', *, *, #4082, .T. ) ;
#3013 = ORIENTED_EDGE ( 'NONE', *, *, #956, .T. ) ;
#3014 = VERTEX_POINT ( 'NONE', #4343 ) ;
#3015 = DIRECTION ( 'NONE',  ( 3.398982180676707530E-17, -0.9628491381318011744, -0.2700398807562464087 ) ) ;
#3016 = DIRECTION ( 'NONE',  ( 1.000000000000000000, 2.000187765493021278E-16, -7.400880780937300593E-16 ) ) ;
#3017 = PLANE ( 'NONE',  #99 ) ;
#3018 = DIRECTION ( 'NONE',  ( 1.167520497023873827E-16, 1.000000000000000000, -9.436895709313777345E-16 ) ) ;
#3019 = CARTESIAN_POINT ( 'NONE',  ( 0.9700000000000541522, 2.125255814197562820, 0.2850196258058906862 ) ) ;
#3020 = EDGE_CURVE ( 'NONE', #2750, #1130, #2176, .T. ) ;
#3021 = CARTESIAN_POINT ( 'NONE',  ( 2.470000000000027729, 4.996003610813204432E-13, 1.963499999999889001 ) ) ;
#3022 = PLANE ( 'NONE',  #140 ) ;
#3023 = ORIENTED_EDGE ( 'NONE', *, *, #2444, .F. ) ;
#3024 = CARTESIAN_POINT ( 'NONE',  ( 0.9843342201064364527, 2.440789267712101029, 0.1548669140300634739 ) ) ;
#3025 = ADVANCED_FACE ( 'NONE', ( #1789 ), #3837, .F. ) ;
#3026 = ORIENTED_EDGE ( 'NONE', *, *, #101, .F. ) ;
#3027 = CARTESIAN_POINT ( 'NONE',  ( 2.470000000000055707, 1.797337126538345320, -1.265437637551755756 ) ) ;
#3028 = FACE_OUTER_BOUND ( 'NONE', #3979, .T. ) ;
#3029 = ORIENTED_EDGE ( 'NONE', *, *, #4887, .T. ) ;
#3030 = CARTESIAN_POINT ( 'NONE',  ( 0.9699999999999986411, 2.501986334736056250, -0.4582198139926330072 ) ) ;
#3031 = ADVANCED_FACE ( 'NONE', ( #4704 ), #2976, .T. ) ;
#3032 = EDGE_CURVE ( 'NONE', #4263, #3861, #889, .T. ) ;
#3033 = VERTEX_POINT ( 'NONE', #1249 ) ;
#3034 = ORIENTED_EDGE ( 'NONE', *, *, #1400, .F. ) ;
#3035 = LINE ( 'NONE', #832, #2200 ) ;
#3036 = CARTESIAN_POINT ( 'NONE',  ( 0.9699999999999986411, 2.374112209465067735, -0.01773143027149204354 ) ) ;
#3037 = VECTOR ( 'NONE', #198, 1000.000000000000000 ) ;
#3038 = DIRECTION ( 'NONE',  ( 1.000000000000000000, 2.000187765493021278E-16, -7.400880780937300593E-16 ) ) ;
#3039 = ORIENTED_EDGE ( 'NONE', *, *, #2742, .F. ) ;
#3040 = ORIENTED_EDGE ( 'NONE', *, *, #5027, .F. ) ;
#3041 = AXIS2_PLACEMENT_3D ( 'NONE', #183, #2620, #419 ) ;
#3042 = ORIENTED_EDGE ( 'NONE', *, *, #2904, .T. ) ;
#3043 = LINE ( 'NONE', #4740, #679 ) ;
#3044 = CARTESIAN_POINT ( 'NONE',  ( 0.9699999999999986411, 2.521531062727372152, -0.1842807336882024138 ) ) ;
#3045 = VECTOR ( 'NONE', #1234, 1000.000000000000000 ) ;
#3046 = DIRECTION ( 'NONE',  ( 3.458811576222608189E-17, 0.9759635946335289969, 0.2179336182189449134 ) ) ;
#3047 = CARTESIAN_POINT ( 'NONE',  ( 0.9699999999999986411, 2.497005303495281048, -0.4475883723130680281 ) ) ;
#3048 = DIRECTION ( 'NONE',  ( -1.000000000000000000, -2.000187765493021278E-16, 7.400880780937300593E-16 ) ) ;
#3049 = VECTOR ( 'NONE', #2829, 1000.000000000000000 ) ;
#3050 = DIRECTION ( 'NONE',  ( -6.845769268624693726E-16, 5.551115123125739315E-16, 1.000000000000000000 ) ) ;
#3051 = EDGE_CURVE ( 'NONE', #2539, #826, #2584, .T. ) ;
#3052 = ORIENTED_EDGE ( 'NONE', *, *, #2586, .F. ) ;
#3053 = DIRECTION ( 'NONE',  ( 4.619824724853955355E-16, 0.8660254037844390407, -0.4999999999999991673 ) ) ;
#3054 = AXIS2_PLACEMENT_3D ( 'NONE', #2129, #4971, #1554 ) ;
#3055 = VERTEX_POINT ( 'NONE', #863 ) ;
#3056 = CARTESIAN_POINT ( 'NONE',  ( 0.9699999999999986411, 2.309420209805124191, -0.2346925392426868484 ) ) ;
#3057 = CARTESIAN_POINT ( 'NONE',  ( 0.9700000000000263967, -1.387778780781445676E-13, 2.498001805406602216E-13 ) ) ;
#3058 = EDGE_CURVE ( 'NONE', #350, #167, #3479, .T. ) ;
#3059 = VECTOR ( 'NONE', #4367, 1000.000000000000000 ) ;
#3060 = ORIENTED_EDGE ( 'NONE', *, *, #4445, .F. ) ;
#3061 = LINE ( 'NONE', #3449, #1984 ) ;
#3062 = VERTEX_POINT ( 'NONE', #4233 ) ;
#3063 = VECTOR ( 'NONE', #411, 1000.000000000000000 ) ;
#3064 = LINE ( 'NONE', #2206, #1634 ) ;
#3065 = ADVANCED_FACE ( 'NONE', ( #473 ), #3868, .T. ) ;
#3066 = EDGE_CURVE ( 'NONE', #4303, #3033, #5127, .T. ) ;
#3067 = AXIS2_PLACEMENT_3D ( 'NONE', #3598, #1574, #4045 ) ;
#3068 = CARTESIAN_POINT ( 'NONE',  ( 0.9700000000000541522, 2.215529865583709679, 0.2812557462897880001 ) ) ;
#3069 = CARTESIAN_POINT ( 'NONE',  ( 0.9843342201064919639, 2.217642729627683273, 0.2694351750214957208 ) ) ;
#3070 = ORIENTED_EDGE ( 'NONE', *, *, #462, .F. ) ;
#3071 = VERTEX_POINT ( 'NONE', #418 ) ;
#3072 = ORIENTED_EDGE ( 'NONE', *, *, #5375, .T. ) ;
#3073 = CARTESIAN_POINT ( 'NONE',  ( 0.9843342201064364527, 2.300047294175100454, 0.1574800423556066420 ) ) ;
#3074 = VECTOR ( 'NONE', #3374, 1000.000000000000000 ) ;
#3075 = CARTESIAN_POINT ( 'NONE',  ( 2.450949999999868290, -0.08615970196992894792, 2.517800735127965872 ) ) ;
#3076 = CARTESIAN_POINT ( 'NONE',  ( 2.470000000000027729, -2.131491219643871560, -1.343750381945146843 ) ) ;
#3077 = DIRECTION ( 'NONE',  ( -1.000000000000000000, -2.000187765493021278E-16, 7.400880780937300593E-16 ) ) ;
#3078 = STYLED_ITEM ( 'NONE', ( #4084 ), #4424 ) ;
#3079 = CARTESIAN_POINT ( 'NONE',  ( 0.9699999999999986411, 2.463431047482644853, -0.4568581317406228415 ) ) ;
#3080 = VECTOR ( 'NONE', #4133, 1000.000000000000000 ) ;
#3081 = FILL_AREA_STYLE ('',( #4832 ) ) ;
#3082 = ORIENTED_EDGE ( 'NONE', *, *, #918, .F. ) ;
#3083 = CARTESIAN_POINT ( 'NONE',  ( 0.9699999999999986411, 2.475529918803315077, -0.4526374039800218352 ) ) ;
#3084 = VECTOR ( 'NONE', #4327, 1000.000000000000114 ) ;
#3085 = ORIENTED_EDGE ( 'NONE', *, *, #746, .T. ) ;
#3086 = EDGE_CURVE ( 'NONE', #2204, #3708, #5183, .T. ) ;
#3087 = CARTESIAN_POINT ( 'NONE',  ( 0.9843342201064364527, 2.473154153902395791, -0.4538592866441121254 ) ) ;
#3088 = DIRECTION ( 'NONE',  ( -1.000000000000000000, -2.000187765493021278E-16, 7.400880780937300593E-16 ) ) ;
#3089 = VECTOR ( 'NONE', #188, 1000.000000000000000 ) ;
#3090 = EDGE_LOOP ( 'NONE', ( #5048, #4114, #789, #4230 ) ) ;
#3091 = DIRECTION ( 'NONE',  ( -1.167520497023887139E-16, -1.000000000000000000, 2.886579864025370323E-15 ) ) ;
#3092 = ORIENTED_EDGE ( 'NONE', *, *, #1120, .F. ) ;
#3093 = EDGE_CURVE ( 'NONE', #5151, #2052, #2120, .T. ) ;
#3094 =( NAMED_UNIT ( * ) PLANE_ANGLE_UNIT ( ) SI_UNIT ( $, .RADIAN. ) );
#3095 = CARTESIAN_POINT ( 'NONE',  ( 2.470000000000055707, 1.827983448570907887, -0.9620582320193360459 ) ) ;
#3096 = ORIENTED_EDGE ( 'NONE', *, *, #3603, .F. ) ;
#3097 = EDGE_LOOP ( 'NONE', ( #3746, #5411, #2085, #1454 ) ) ;
#3098 = ADVANCED_FACE ( 'NONE', ( #2559 ), #2079, .T. ) ;
#3099 = ORIENTED_EDGE ( 'NONE', *, *, #848, .T. ) ;
#3100 = CARTESIAN_POINT ( 'NONE',  ( 2.450949999999840756, 0.06360232754379357978, 2.345481331187865059 ) ) ;
#3101 = CARTESIAN_POINT ( 'NONE',  ( 0.9699999999999986411, 2.495373293259495195, -0.4531261570465683342 ) ) ;
#3102 = CARTESIAN_POINT ( 'NONE',  ( 0.9700000000000541522, 2.486879519042251019, 0.1903914117200589118 ) ) ;
#3103 = FACE_OUTER_BOUND ( 'NONE', #903, .T. ) ;
#3104 = DIRECTION ( 'NONE',  ( -5.450653880985232072E-16, 0.1293109790943751392, 0.9916040896878420829 ) ) ;
#3105 = LINE ( 'NONE', #1353, #476 ) ;
#3106 = EDGE_CURVE ( 'NONE', #1951, #2642, #1732, .T. ) ;
#3107 = LINE ( 'NONE', #177, #2087 ) ;
#3108 = DIRECTION ( 'NONE',  ( -1.445076253180192051E-16, -1.000000000000000000, 2.553512956637819811E-15 ) ) ;
#3109 = ORIENTED_EDGE ( 'NONE', *, *, #2220, .T. ) ;
#3110 = DIRECTION ( 'NONE',  ( -1.000000000000000000, -2.000187765493021278E-16, 7.400880780937300593E-16 ) ) ;
#3111 = LINE ( 'NONE', #5203, #36 ) ;
#3112 = CARTESIAN_POINT ( 'NONE',  ( 0.9699999999999986411, 2.482971839966680250, -0.4576594937241856842 ) ) ;
#3113 = VERTEX_POINT ( 'NONE', #1079 ) ;
#3114 = CARTESIAN_POINT ( 'NONE',  ( 0.9843342201063809416, 2.495373293259689262, -0.4531261570458744448 ) ) ;
#3115 = ORIENTED_EDGE ( 'NONE', *, *, #2879, .T. ) ;
#3116 = CARTESIAN_POINT ( 'NONE',  ( 0.9699999999999986411, 2.371827334780224561, 0.1404019658357985589 ) ) ;
#3117 = EDGE_CURVE ( 'NONE', #4337, #891, #1817, .T. ) ;
#3118 = CARTESIAN_POINT ( 'NONE',  ( 0.4850000000260479283, -1.387778780781445676E-13, 1.804112415015879378E-13 ) ) ;
#3119 = ORIENTED_EDGE ( 'NONE', *, *, #2737, .T. ) ;
#3120 = ORIENTED_EDGE ( 'NONE', *, *, #1814, .F. ) ;
#3121 = CARTESIAN_POINT ( 'NONE',  ( 2.450950000000007289, -2.229467576931126516, -1.174050353182798379 ) ) ;
#3122 = LINE ( 'NONE', #4852, #212 ) ;
#3123 = CARTESIAN_POINT ( 'NONE',  ( 0.9843342201063809416, 2.490921390337408337, -0.4417785858742834249 ) ) ;
#3124 = ADVANCED_FACE ( 'NONE', ( #2725 ), #3980, .F. ) ;
#3125 = DIRECTION ( 'NONE',  ( 0.000000000000000000, 0.000000000000000000, -1.000000000000000000 ) ) ;
#3126 = CIRCLE ( 'NONE', #1164, 1.500000000021384894 ) ;
#3127 = CARTESIAN_POINT ( 'NONE',  ( 0.9843342201064919639, 2.320155338140478030, 0.2698706486286006623 ) ) ;
#3128 = CARTESIAN_POINT ( 'NONE',  ( 0.9699999999999986411, 2.473302904835399829, -0.4639042246457896201 ) ) ;
#3129 = COLOUR_RGB ( '',0.5098039215686274161, 0.5098039215686274161, 0.5882352941176470784 ) ;
#3130 = DIRECTION ( 'NONE',  ( -4.992923249690979017E-16, 0.5000000000000059952, 0.8660254037844352659 ) ) ;
#3131 = EDGE_CURVE ( 'NONE', #2890, #2507, #573, .T. ) ;
#3132 = ORIENTED_EDGE ( 'NONE', *, *, #2222, .T. ) ;
#3133 = EDGE_CURVE ( 'NONE', #5172, #2966, #1924, .T. ) ;
#3134 = CARTESIAN_POINT ( 'NONE',  ( 2.470000000000027729, -1.848407460854545326, -1.067178545096761244 ) ) ;
#3135 = AXIS2_PLACEMENT_3D ( 'NONE', #363, #2836, #2063 ) ;
#3136 = DIRECTION ( 'NONE',  ( 2.208597309011063731E-16, -0.8660254037844428154, -0.4999999999999927280 ) ) ;
#3137 = CARTESIAN_POINT ( 'NONE',  ( 0.9699999999999986411, 2.280059657659233352, -0.01773143027100632096 ) ) ;
#3138 = ORIENTED_EDGE ( 'NONE', *, *, #511, .T. ) ;
#3139 = VECTOR ( 'NONE', #5422, 1000.000000000000000 ) ;
#3140 = CARTESIAN_POINT ( 'NONE',  ( 0.9699999999999986411, 2.324343390078947635, 0.01740461005365900871 ) ) ;
#3141 = VERTEX_POINT ( 'NONE', #2260 ) ;
#3142 = AXIS2_PLACEMENT_3D ( 'NONE', #266, #740, #1606 ) ;
#3143 = LINE ( 'NONE', #1030, #2872 ) ;
#3144 = PLANE ( 'NONE',  #2432 ) ;
#3145 = VECTOR ( 'NONE', #3009, 1000.000000000000000 ) ;
#3146 = AXIS2_PLACEMENT_3D ( 'NONE', #4005, #4472, #5340 ) ;
#3147 = EDGE_LOOP ( 'NONE', ( #2006, #364, #795, #3432 ) ) ;
#3148 = EDGE_LOOP ( 'NONE', ( #3948, #1257, #5332, #248 ) ) ;
#3149 = DIRECTION ( 'NONE',  ( 2.920440685628434312E-17, 0.9931668520135530365, 0.1167030593493125074 ) ) ;
#3150 = EDGE_CURVE ( 'NONE', #2194, #3554, #3535, .T. ) ;
#3151 = DIRECTION ( 'NONE',  ( 1.000000000000000000, 2.000187765493021278E-16, -7.400880780937300593E-16 ) ) ;
#3152 = FACE_OUTER_BOUND ( 'NONE', #1239, .T. ) ;
#3153 = CARTESIAN_POINT ( 'NONE',  ( 2.199500000017451384, -1.387778780781445676E-13, 2.220446049250313081E-13 ) ) ;
#3154 = CARTESIAN_POINT ( 'NONE',  ( 0.9700000000000541522, 2.300047294175100454, 0.1574800423556066420 ) ) ;
#3155 = LINE ( 'NONE', #1512, #4558 ) ;
#3156 = ADVANCED_FACE ( 'NONE', ( #3611 ), #2286, .F. ) ;
#3157 = CARTESIAN_POINT ( 'NONE',  ( 2.470000000073467650, 1.934563620409330223E-13, -1.500000000021022073 ) ) ;
#3158 = AXIS2_PLACEMENT_3D ( 'NONE', #302, #2384, #4553 ) ;
#3159 = VERTEX_POINT ( 'NONE', #4399 ) ;
#3160 = CARTESIAN_POINT ( 'NONE',  ( 0.9699999999999986411, 2.503720345611776033, -0.4485786285236964543 ) ) ;
#3161 = CIRCLE ( 'NONE', #5028, 0.03077947504423033526 ) ;
#3162 = EDGE_CURVE ( 'NONE', #2498, #2727, #3955, .T. ) ;
#3163 = CARTESIAN_POINT ( 'NONE',  ( 2.450950000000007289, -2.038937518892808498, -1.120614449139356594 ) ) ;
#3164 = DIRECTION ( 'NONE',  ( -1.445076253180178246E-16, -1.000000000000000000, 5.551115123125738329E-16 ) ) ;
#3165 = VERTEX_POINT ( 'NONE', #3095 ) ;
#3166 = CARTESIAN_POINT ( 'NONE',  ( 0.9843342201064364527, 2.440789267712101029, 0.1548669140300634739 ) ) ;
#3167 = VECTOR ( 'NONE', #1953, 1000.000000000000000 ) ;
#3168 = LINE ( 'NONE', #3140, #5092 ) ;
#3169 = ORIENTED_EDGE ( 'NONE', *, *, #2060, .F. ) ;
#3170 = EDGE_CURVE ( 'NONE', #1662, #2857, #4423, .T. ) ;
#3171 = PLANE ( 'NONE',  #2993 ) ;
#3172 = CARTESIAN_POINT ( 'NONE',  ( 0.9699999999999986411, 2.523434647157873911, 0.2933406405774274806 ) ) ;
#3173 = DIRECTION ( 'NONE',  ( -3.836706503297411459E-17, 0.9707037360529219283, 0.2402795388977162216 ) ) ;
#3174 = EDGE_LOOP ( 'NONE', ( #104, #1220, #5452, #5003 ) ) ;
#3175 = EDGE_LOOP ( 'NONE', ( #2149, #4721, #1507, #4613, #4551, #5484, #51, #614, #2823, #558, #530, #1807, #458 ) ) ;
#3176 = DIRECTION ( 'NONE',  ( 0.000000000000000000, 1.451836795974971827E-12, 1.000000000000000000 ) ) ;
#3177 = SURFACE_STYLE_FILL_AREA ( #4903 ) ;
#3178 = DIRECTION ( 'NONE',  ( -5.986776558089818140E-16, 0.4212021854523419484, 0.9069667683935123126 ) ) ;
#3179 = DIRECTION ( 'NONE',  ( -7.016649338732739582E-16, -0.3078614749836516840, 0.9514311915324672464 ) ) ;
#3180 = CARTESIAN_POINT ( 'NONE',  ( 0.9843342201064364527, 2.140667967656273429, -0.2325411859420839500 ) ) ;
#3181 = EDGE_LOOP ( 'NONE', ( #1024, #3622, #877, #2117 ) ) ;
#3182 = CARTESIAN_POINT ( 'NONE',  ( 0.9700000000000541522, 2.419158929571618710, 0.2709282273876956193 ) ) ;
#3183 = ORIENTED_EDGE ( 'NONE', *, *, #5212, .F. ) ;
#3184 = CARTESIAN_POINT ( 'NONE',  ( 0.9699999999999986411, 2.477361680291723101, -0.4515068968898167112 ) ) ;
#3185 = EDGE_CURVE ( 'NONE', #3721, #4458, #610, .T. ) ;
#3186 = LINE ( 'NONE', #3269, #4759 ) ;
#3187 = DIRECTION ( 'NONE',  ( 1.000000000000000000, 2.000187765493021278E-16, -7.400880780937300593E-16 ) ) ;
#3188 = ORIENTED_EDGE ( 'NONE', *, *, #3390, .F. ) ;
#3189 = CARTESIAN_POINT ( 'NONE',  ( 0.9699999999999986411, 2.323393438462634464, -0.3948934297111766911 ) ) ;
#3190 = ADVANCED_FACE ( 'NONE', ( #111 ), #2331, .T. ) ;
#3191 = DIRECTION ( 'NONE',  ( 2.208597309011155190E-16, -0.8660254037844345998, -0.5000000000000069944 ) ) ;
#3192 = ORIENTED_EDGE ( 'NONE', *, *, #3724, .T. ) ;
#3193 = FACE_OUTER_BOUND ( 'NONE', #5402, .T. ) ;
#3194 = EDGE_CURVE ( 'NONE', #70, #886, #3924, .T. ) ;
#3195 = EDGE_CURVE ( 'NONE', #2563, #4680, #4814, .T. ) ;
#3196 = DIRECTION ( 'NONE',  ( 0.000000000000000000, 0.000000000000000000, -1.000000000000000000 ) ) ;
#3197 = ORIENTED_EDGE ( 'NONE', *, *, #3757, .T. ) ;
#3198 = VERTEX_POINT ( 'NONE', #1845 ) ;
#3199 = DIRECTION ( 'NONE',  ( -7.400880780937299607E-16, -5.551115123125742273E-16, -1.000000000000000000 ) ) ;
#3200 = PRESENTATION_STYLE_ASSIGNMENT (( #982 ) ) ;
#3201 = CARTESIAN_POINT ( 'NONE',  ( 0.9843342201064919639, 2.400816861523324963, 0.2534304449036267615 ) ) ;
#3202 = CARTESIAN_POINT ( 'NONE',  ( 0.9843342201064364527, 2.418473753850569619, 0.2696685361248257751 ) ) ;
#3203 = VECTOR ( 'NONE', #3240, 1000.000000000000227 ) ;
#3204 = FILL_AREA_STYLE_COLOUR ( '', #296 ) ;
#3205 = ORIENTED_EDGE ( 'NONE', *, *, #4612, .F. ) ;
#3206 = VERTEX_POINT ( 'NONE', #1425 ) ;
#3207 = CARTESIAN_POINT ( 'NONE',  ( 0.9843342201064364527, 1.579261356762895474, 8.326672684688674053E-14 ) ) ;
#3208 = VECTOR ( 'NONE', #4120, 1000.000000000000000 ) ;
#3209 = EDGE_LOOP ( 'NONE', ( #2118, #1657 ) ) ;
#3210 = DIRECTION ( 'NONE',  ( -4.548242438785187417E-16, 0.2406903406729422046, 0.9706019575020148338 ) ) ;
#3211 = VECTOR ( 'NONE', #4867, 1000.000000000000000 ) ;
#3212 = ADVANCED_FACE ( 'NONE', ( #3193 ), #1479, .F. ) ;
#3213 = LINE ( 'NONE', #2845, #1825 ) ;
#3214 = DIRECTION ( 'NONE',  ( 1.445076253180178246E-16, 1.000000000000000000, -5.551115123125738329E-16 ) ) ;
#3215 = EDGE_LOOP ( 'NONE', ( #5423, #143, #4434, #2891 ) ) ;
#3216 = VECTOR ( 'NONE', #993, 1000.000000000000227 ) ;
#3217 = CARTESIAN_POINT ( 'NONE',  ( 0.9843342201064364527, 2.483238627135203380, -0.4477264981799095045 ) ) ;
#3218 = LINE ( 'NONE', #4136, #5096 ) ;
#3219 = EDGE_LOOP ( 'NONE', ( #437, #2080, #1582, #5491 ) ) ;
#3220 = EDGE_CURVE ( 'NONE', #2234, #5251, #4004, .T. ) ;
#3221 = PLANE ( 'NONE',  #1379 ) ;
#3222 = VECTOR ( 'NONE', #4313, 1000.000000000000000 ) ;
#3223 = CARTESIAN_POINT ( 'NONE',  ( 0.9700000000000541522, 1.579261356762756696, -8.326672684688674053E-14 ) ) ;
#3224 = ORIENTED_EDGE ( 'NONE', *, *, #3792, .F. ) ;
#3225 = VERTEX_POINT ( 'NONE', #1055 ) ;
#3226 = CYLINDRICAL_SURFACE ( 'NONE', #3435, 0.07202382437763348022 ) ;
#3227 = EDGE_CURVE ( 'NONE', #5336, #4985, #3143, .T. ) ;
#3228 = FACE_OUTER_BOUND ( 'NONE', #778, .T. ) ;
#3229 = EDGE_CURVE ( 'NONE', #1466, #514, #2307, .T. ) ;
#3230 = AXIS2_PLACEMENT_3D ( 'NONE', #5316, #5239, #588 ) ;
#3231 = DIRECTION ( 'NONE',  ( 1.000000000000000000, 3.110410790118177818E-16, -7.400880780937398214E-16 ) ) ;
#3232 = VECTOR ( 'NONE', #3926, 1000.000000000000000 ) ;
#3233 = PLANE ( 'NONE',  #4393 ) ;
#3234 = FACE_OUTER_BOUND ( 'NONE', #3090, .T. ) ;
#3235 = ORIENTED_EDGE ( 'NONE', *, *, #3220, .T. ) ;
#3236 = ORIENTED_EDGE ( 'NONE', *, *, #1111, .T. ) ;
#3237 = EDGE_CURVE ( 'NONE', #4724, #1564, #1504, .T. ) ;
#3238 = DIRECTION ( 'NONE',  ( 6.845769268624693726E-16, -5.551115123125739315E-16, -1.000000000000000000 ) ) ;
#3239 = ORIENTED_EDGE ( 'NONE', *, *, #1726, .T. ) ;
#3240 = DIRECTION ( 'NONE',  ( -4.220838325379444537E-16, -0.8660254037844209440, 0.5000000000000306422 ) ) ;
#3241 = VECTOR ( 'NONE', #5330, 1000.000000000000000 ) ;
#3242 = VECTOR ( 'NONE', #2969, 1000.000000000000000 ) ;
#3243 = PRESENTATION_STYLE_ASSIGNMENT (( #3651 ) ) ;
#3244 = FACE_OUTER_BOUND ( 'NONE', #3250, .T. ) ;
#3245 = ORIENTED_EDGE ( 'NONE', *, *, #5315, .F. ) ;
#3246 = DIRECTION ( 'NONE',  ( -7.054589166432185917E-16, 5.551115123125740301E-16, 1.000000000000000000 ) ) ;
#3247 = CARTESIAN_POINT ( 'NONE',  ( 0.9699999999999986411, 2.485296480058463153, -0.4417785858740752580 ) ) ;
#3248 = ADVANCED_FACE ( 'NONE', ( #2911 ), #5420, .F. ) ;
#3249 = VECTOR ( 'NONE', #5415, 1000.000000000000000 ) ;
#3250 = EDGE_LOOP ( 'NONE', ( #3865, #294, #1267, #4559, #4819 ) ) ;
#3251 = PLANE ( 'NONE',  #4391 ) ;
#3252 =( LENGTH_UNIT ( ) NAMED_UNIT ( * ) SI_UNIT ( .MILLI., .METRE. ) );
#3253 = AXIS2_PLACEMENT_3D ( 'NONE', #4450, #4009, #1085 ) ;
#3254 = CARTESIAN_POINT ( 'NONE',  ( 0.2705000000000064575, 1.229500000000000037, -4.705770390075646902E-15 ) ) ;
#3255 = ADVANCED_FACE ( 'NONE', ( #354 ), #3251, .F. ) ;
#3256 = EDGE_LOOP ( 'NONE', ( #3345, #1822 ) ) ;
#3257 = ORIENTED_EDGE ( 'NONE', *, *, #2904, .F. ) ;
#3258 = CARTESIAN_POINT ( 'NONE',  ( 0.9699999999999986411, 2.463272841927127921, -0.4369951808727984277 ) ) ;
#3259 = LINE ( 'NONE', #5404, #1907 ) ;
#3260 = PLANE ( 'NONE',  #4898 ) ;
#3261 = LINE ( 'NONE', #5013, #5271 ) ;
#3262 = EDGE_CURVE ( 'NONE', #2645, #1681, #2409, .T. ) ;
#3263 = DIRECTION ( 'NONE',  ( 1.000000000000000000, 2.000187765493021278E-16, -7.400880780937300593E-16 ) ) ;
#3264 = ORIENTED_EDGE ( 'NONE', *, *, #605, .T. ) ;
#3265 = PLANE ( 'NONE',  #3595 ) ;
#3266 = CARTESIAN_POINT ( 'NONE',  ( 0.9699999999999986411, 2.323393438462634464, -0.3948934297111766911 ) ) ;
#3267 = LINE ( 'NONE', #2819, #3655 ) ;
#3268 = ADVANCED_FACE ( 'NONE', ( #3716 ), #4059, .T. ) ;
#3269 = CARTESIAN_POINT ( 'NONE',  ( 0.9699999999999986411, 2.125255814197590798, -0.3400507035846989101 ) ) ;
#3270 = CARTESIAN_POINT ( 'NONE',  ( 0.9699999999999986411, 2.219308366003841293, -0.05453024012809504217 ) ) ;
#3271 = ORIENTED_EDGE ( 'NONE', *, *, #874, .F. ) ;
#3272 = CARTESIAN_POINT ( 'NONE',  ( 0.9700000000000541522, 2.453637029193628472, 0.1626438018062364987 ) ) ;
#3273 = DIRECTION ( 'NONE',  ( 9.621326830187598882E-16, 1.110223024625154765E-15, -1.000000000000000000 ) ) ;
#3274 = ORIENTED_EDGE ( 'NONE', *, *, #2689, .T. ) ;
#3275 = LINE ( 'NONE', #5447, #4038 ) ;
#3276 =( NAMED_UNIT ( * ) PLANE_ANGLE_UNIT ( ) SI_UNIT ( $, .RADIAN. ) );
#3277 = DIRECTION ( 'NONE',  ( 1.445076253180192051E-16, 1.000000000000000000, -2.553512956637819811E-15 ) ) ;
#3278 = VERTEX_POINT ( 'NONE', #4525 ) ;
#3279 = VERTEX_POINT ( 'NONE', #1949 ) ;
#3280 = CARTESIAN_POINT ( 'NONE',  ( 0.9699999999999986411, 2.488600875783203215, -0.4638234741388275184 ) ) ;
#3281 = FACE_BOUND ( 'NONE', #609, .T. ) ;
#3282 = ADVANCED_FACE ( 'NONE', ( #773 ), #5030, .T. ) ;
#3283 = CARTESIAN_POINT ( 'NONE',  ( 2.469999999999972218, -1.608496896752464878, -1.141001651006931628 ) ) ;
#3284 = DIRECTION ( 'NONE',  ( 6.845769268624692740E-16, -5.551115123125739315E-16, -1.000000000000000000 ) ) ;
#3285 = ORIENTED_EDGE ( 'NONE', *, *, #1764, .F. ) ;
#3286 = ORIENTED_EDGE ( 'NONE', *, *, #2104, .F. ) ;
#3287 = ORIENTED_EDGE ( 'NONE', *, *, #2809, .F. ) ;
#3288 = EDGE_CURVE ( 'NONE', #892, #731, #3633, .T. ) ;
#3289 = FACE_BOUND ( 'NONE', #2591, .T. ) ;
#3290 = ORIENTED_EDGE ( 'NONE', *, *, #1332, .F. ) ;
#3291 = CYLINDRICAL_SURFACE ( 'NONE', #4636, 0.03983479767572151858 ) ;
#3292 = VECTOR ( 'NONE', #4353, 1000.000000000000000 ) ;
#3293 = EDGE_CURVE ( 'NONE', #4515, #2831, #1608, .T. ) ;
#3294 = LINE ( 'NONE', #735, #130 ) ;
#3295 = ADVANCED_FACE ( 'NONE', ( #3302 ), #3221, .F. ) ;
#3296 = CARTESIAN_POINT ( 'NONE',  ( 0.9843342201064364527, 2.473026928731552943, -0.05453024012896934281 ) ) ;
#3297 = ORIENTED_EDGE ( 'NONE', *, *, #4753, .T. ) ;
#3298 = LINE ( 'NONE', #878, #2592 ) ;
#3299 = VECTOR ( 'NONE', #853, 1000.000000000000000 ) ;
#3300 = FACE_OUTER_BOUND ( 'NONE', #955, .T. ) ;
#3301 = ORIENTED_EDGE ( 'NONE', *, *, #11, .F. ) ;
#3302 = FACE_OUTER_BOUND ( 'NONE', #2909, .T. ) ;
#3303 = VECTOR ( 'NONE', #3210, 1000.000000000000114 ) ;
#3304 = VERTEX_POINT ( 'NONE', #716 ) ;
#3305 = LINE ( 'NONE', #5451, #4110 ) ;
#3306 = VERTEX_POINT ( 'NONE', #1109 ) ;
#3307 = ORIENTED_EDGE ( 'NONE', *, *, #1659, .F. ) ;
#3308 = CARTESIAN_POINT ( 'NONE',  ( 0.9843342201063809416, 2.309420209805429280, -0.3948934297114264913 ) ) ;
#3309 = VECTOR ( 'NONE', #2333, 1000.000000000000000 ) ;
#3310 = PLANE ( 'NONE',  #4918 ) ;
#3311 = DIRECTION ( 'NONE',  ( 6.038316523433158462E-16, 0.7714105483942460539, -0.6363377765197415492 ) ) ;
#3312 = PLANE ( 'NONE',  #4564 ) ;
#3313 = VECTOR ( 'NONE', #1935, 1000.000000000000000 ) ;
#3314 = EDGE_LOOP ( 'NONE', ( #4567, #409, #2229, #1196 ) ) ;
#3315 = EDGE_CURVE ( 'NONE', #3033, #385, #3416, .T. ) ;
#3316 = ORIENTED_EDGE ( 'NONE', *, *, #2503, .T. ) ;
#3317 = VECTOR ( 'NONE', #4457, 1000.000000000000000 ) ;
#3318 = DIRECTION ( 'NONE',  ( -1.445076253180178246E-16, -1.000000000000000000, 5.551115123125738329E-16 ) ) ;
#3319 = ORIENTED_EDGE ( 'NONE', *, *, #303, .F. ) ;
#3320 = DIRECTION ( 'NONE',  ( 4.701583009046196778E-16, 0.8785436295979144328, -0.4776621095428466024 ) ) ;
#3321 = EDGE_CURVE ( 'NONE', #807, #448, #1188, .T. ) ;
#3322 = AXIS2_PLACEMENT_3D ( 'NONE', #1509, #4797, #2676 ) ;
#3323 = VECTOR ( 'NONE', #340, 1000.000000000000000 ) ;
#3324 = DIRECTION ( 'NONE',  ( 4.890418742754255516E-16, -0.7321128619958164885, -0.6811833507215914185 ) ) ;
#3325 = CARTESIAN_POINT ( 'NONE',  ( 0.9843342201064364527, 2.483238627135203380, -0.4078917005041883259 ) ) ;
#3326 = VECTOR ( 'NONE', #1100, 999.9999999999998863 ) ;
#3327 = EDGE_LOOP ( 'NONE', ( #2554, #2581, #17, #5319 ) ) ;
#3328 = DIRECTION ( 'NONE',  ( -1.068786975720299338E-15, 1.443289932012702714E-15, 1.000000000000000000 ) ) ;
#3329 = EDGE_CURVE ( 'NONE', #1951, #4681, #1639, .T. ) ;
#3330 = ORIENTED_EDGE ( 'NONE', *, *, #1051, .F. ) ;
#3331 = VECTOR ( 'NONE', #1067, 1000.000000000000000 ) ;
#3332 = CARTESIAN_POINT ( 'NONE',  ( 0.9843342201064364527, 2.380631412769562694, 0.2478931356767605232 ) ) ;
#3333 = DIRECTION ( 'NONE',  ( -5.995848866729697443E-16, 0.1329814728554886971, 0.9911185236273131194 ) ) ;
#3334 = VERTEX_POINT ( 'NONE', #2051 ) ;
#3335 = VECTOR ( 'NONE', #3517, 1000.000000000000000 ) ;
#3336 = CARTESIAN_POINT ( 'NONE',  ( 0.9843342201064364527, 2.481543631422555851, -0.4551746698938236024 ) ) ;
#3337 = EDGE_CURVE ( 'NONE', #3485, #4058, #1583, .T. ) ;
#3338 = ORIENTED_EDGE ( 'NONE', *, *, #3032, .T. ) ;
#3339 = ORIENTED_EDGE ( 'NONE', *, *, #256, .F. ) ;
#3340 = CARTESIAN_POINT ( 'NONE',  ( 0.9843342201064364527, 2.140667967656273429, -0.2325411859420839500 ) ) ;
#3341 = CARTESIAN_POINT ( 'NONE',  ( 2.199500000017450496, 1.935043883257741599E-13, -1.229499999965133261 ) ) ;
#3342 = CARTESIAN_POINT ( 'NONE',  ( 0.9699999999999986411, 2.484843852219587035, -0.4603639524410063633 ) ) ;
#3343 = FACE_OUTER_BOUND ( 'NONE', #3654, .T. ) ;
#3344 = VECTOR ( 'NONE', #2364, 1000.000000000000114 ) ;
#3345 = ORIENTED_EDGE ( 'NONE', *, *, #3724, .F. ) ;
#3346 = VERTEX_POINT ( 'NONE', #2383 ) ;
#3347 = VERTEX_POINT ( 'NONE', #270 ) ;
#3348 = DIRECTION ( 'NONE',  ( -6.845769268624693726E-16, 5.551115123125739315E-16, 1.000000000000000000 ) ) ;
#3349 = EDGE_LOOP ( 'NONE', ( #4281, #4982, #1060, #3889 ) ) ;
#3350 = CARTESIAN_POINT ( 'NONE',  ( 2.450950000000007289, -2.097809233474079438, -0.8477885581625321798 ) ) ;
#3351 = PLANE ( 'NONE',  #398 ) ;
#3352 = CARTESIAN_POINT ( 'NONE',  ( 0.9843342201064364527, 2.314590793895038523, 0.2895770477463338599 ) ) ;
#3353 = EDGE_CURVE ( 'NONE', #4795, #5276, #3275, .T. ) ;
#3354 = ORIENTED_EDGE ( 'NONE', *, *, #3058, .F. ) ;
#3355 = CARTESIAN_POINT ( 'NONE',  ( 2.470000000000027729, -0.2359217314832628976, 1.963500000000416357 ) ) ;
#3356 = ORIENTED_EDGE ( 'NONE', *, *, #1408, .F. ) ;
#3357 = CARTESIAN_POINT ( 'NONE',  ( 0.9700000000000541522, 2.502369077289151811, 0.2139087065949202282 ) ) ;
#3358 = LINE ( 'NONE', #857, #4405 ) ;
#3359 = EDGE_CURVE ( 'NONE', #514, #4896, #1973, .T. ) ;
#3360 = EDGE_LOOP ( 'NONE', ( #41, #341, #4983, #4419 ) ) ;
#3361 = CARTESIAN_POINT ( 'NONE',  ( 0.9700000000000541522, 2.324442703374090868, 0.3948905628676988022 ) ) ;
#3362 = EDGE_LOOP ( 'NONE', ( #1172, #1779 ) ) ;
#3363 = VERTEX_POINT ( 'NONE', #2442 ) ;
#3364 = DIRECTION ( 'NONE',  ( 2.834271818172938556E-16, -0.8971293181887268764, -0.4417680233405649748 ) ) ;
#3365 = CARTESIAN_POINT ( 'NONE',  ( 0.9843342201064919639, 2.523629592551118961, 0.3948905628682677915 ) ) ;
#3366 = ADVANCED_FACE ( 'NONE', ( #4948 ), #1134, .F. ) ;
#3367 = EDGE_CURVE ( 'NONE', #2353, #5336, #1721, .T. ) ;
#3368 = LINE ( 'NONE', #5065, #994 ) ;
#3369 = CARTESIAN_POINT ( 'NONE',  ( 0.9843342201064364527, 2.336132259871254391, 0.2556232938958347134 ) ) ;
#3370 = ORIENTED_EDGE ( 'NONE', *, *, #4381, .T. ) ;
#3371 = ORIENTED_EDGE ( 'NONE', *, *, #3472, .T. ) ;
#3372 = ORIENTED_EDGE ( 'NONE', *, *, #4064, .F. ) ;
#3373 = CARTESIAN_POINT ( 'NONE',  ( 2.450950000000007289, -0.1701361911069509958, 1.963499999999882117 ) ) ;
#3374 = DIRECTION ( 'NONE',  ( -1.445076253180192051E-16, -1.000000000000000000, 2.553512956637819811E-15 ) ) ;
#3375 = ORIENTED_EDGE ( 'NONE', *, *, #428, .F. ) ;
#3376 = DIRECTION ( 'NONE',  ( -6.221421824520457671E-18, 0.9720757995435219678, 0.2346670832090060055 ) ) ;
#3377 = APPLICATION_CONTEXT ( 'automotive_design' ) ;
#3378 = DIRECTION ( 'NONE',  ( -1.000000000000000000, -2.000187765493021278E-16, 7.400880780937300593E-16 ) ) ;
#3379 = LINE ( 'NONE', #1266, #1566 ) ;
#3380 = ORIENTED_EDGE ( 'NONE', *, *, #3408, .T. ) ;
#3381 = CARTESIAN_POINT ( 'NONE',  ( 0.9699999999999986411, 2.324343390078947635, -0.05453024012842810908 ) ) ;
#3382 = ORIENTED_EDGE ( 'NONE', *, *, #226, .T. ) ;
#3383 = EDGE_CURVE ( 'NONE', #1254, #5198, #3417, .T. ) ;
#3384 = CARTESIAN_POINT ( 'NONE',  ( 0.9700000000000541522, 2.125255814197729798, 0.3399550943366663747 ) ) ;
#3385 = CARTESIAN_POINT ( 'NONE',  ( 2.450949999999840756, -0.1043506507309166498, 2.269970088014890308 ) ) ;
#3386 = VERTEX_POINT ( 'NONE', #4310 ) ;
#3387 = AXIS2_PLACEMENT_3D ( 'NONE', #3751, #2920, #4616 ) ;
#3388 = DIRECTION ( 'NONE',  ( -6.845769268624692740E-16, 5.551115123125739315E-16, 1.000000000000000000 ) ) ;
#3389 = ORIENTED_EDGE ( 'NONE', *, *, #4130, .T. ) ;
#3390 = EDGE_CURVE ( 'NONE', #914, #4621, #2136, .T. ) ;
#3391 = EDGE_LOOP ( 'NONE', ( #1138, #4634, #3060, #496 ) ) ;
#3392 = CARTESIAN_POINT ( 'NONE',  ( 0.9700000000000541522, 2.273044490338632428, 0.1765801039627645785 ) ) ;
#3393 = CIRCLE ( 'NONE', #2854, 1.229499999965364854 ) ;
#3394 = DIRECTION ( 'NONE',  ( 1.445076253180192051E-16, 1.000000000000000000, -2.553512956637819811E-15 ) ) ;
#3395 = CARTESIAN_POINT ( 'NONE',  ( 0.9699999999999986411, 2.471864979150146802, -0.4642031431872565839 ) ) ;
#3396 = VECTOR ( 'NONE', #1412, 1000.000000000000000 ) ;
#3397 = CARTESIAN_POINT ( 'NONE',  ( 0.9699999999999986411, 2.489954509273251126, -0.4551746698936293134 ) ) ;
#3398 = EDGE_LOOP ( 'NONE', ( #565, #3786, #4570, #887 ) ) ;
#3399 = ORIENTED_EDGE ( 'NONE', *, *, #3408, .F. ) ;
#3400 = EDGE_CURVE ( 'NONE', #2495, #416, #1306, .T. ) ;
#3401 = ORIENTED_EDGE ( 'NONE', *, *, #5171, .T. ) ;
#3402 = EDGE_CURVE ( 'NONE', #4710, #357, #3827, .T. ) ;
#3403 = PLANE ( 'NONE',  #5304 ) ;
#3404 = CARTESIAN_POINT ( 'NONE',  ( 0.9700000000000541522, 2.125255814197562820, 0.3948905628682330970 ) ) ;
#3405 = AXIS2_PLACEMENT_3D ( 'NONE', #3978, #3949, #4421 ) ;
#3406 = LINE ( 'NONE', #5104, #5173 ) ;
#3407 = CARTESIAN_POINT ( 'NONE',  ( 0.9843342201064364527, 2.477361680291723101, -0.4515068968898167112 ) ) ;
#3408 = EDGE_CURVE ( 'NONE', #4896, #4888, #3799, .T. ) ;
#3409 = DIRECTION ( 'NONE',  ( 4.619824724853955355E-16, 0.8660254037844390407, -0.4999999999999991673 ) ) ;
#3410 = LINE ( 'NONE', #5471, #1480 ) ;
#3411 = ORIENTED_EDGE ( 'NONE', *, *, #1782, .T. ) ;
#3412 = LINE ( 'NONE', #5026, #3929 ) ;
#3413 = VECTOR ( 'NONE', #1590, 1000.000000000000114 ) ;
#3414 = AXIS2_PLACEMENT_3D ( 'NONE', #2980, #865, #5130 ) ;
#3415 = ORIENTED_EDGE ( 'NONE', *, *, #3426, .T. ) ;
#3416 = CIRCLE ( 'NONE', #4125, 0.1723194039403193323 ) ;
#3417 = LINE ( 'NONE', #3859, #749 ) ;
#3418 = CARTESIAN_POINT ( 'NONE',  ( 1.624750000000011241, -1.380728864575075780E-13, -3.174999999999890576 ) ) ;
#3419 = VERTEX_POINT ( 'NONE', #2112 ) ;
#3420 = DIRECTION ( 'NONE',  ( -9.680376540120748537E-16, -2.220446049250292373E-16, 1.000000000000000000 ) ) ;
#3421 = EDGE_LOOP ( 'NONE', ( #4895, #1696, #4934, #3684 ) ) ;
#3422 = EDGE_LOOP ( 'NONE', ( #3382, #4335, #5262, #5287, #3115, #1793, #2264, #3316, #5498, #4070, #4073, #1760 ) ) ;
#3423 = LINE ( 'NONE', #3478, #1304 ) ;
#3424 = CARTESIAN_POINT ( 'NONE',  ( 0.9699999999999986411, 2.471483893426634992, -0.4542524141098597257 ) ) ;
#3425 = VECTOR ( 'NONE', #3333, 1000.000000000000114 ) ;
#3426 = EDGE_CURVE ( 'NONE', #5198, #5215, #1783, .T. ) ;
#3427 =( NAMED_UNIT ( * ) SI_UNIT ( $, .STERADIAN. ) SOLID_ANGLE_UNIT ( ) );
#3428 = CARTESIAN_POINT ( 'NONE',  ( 0.9699999999999986411, 2.521531062727372152, -0.3948934297109130132 ) ) ;
#3429 = ORIENTED_EDGE ( 'NONE', *, *, #3905, .F. ) ;
#3430 = ORIENTED_EDGE ( 'NONE', *, *, #233, .F. ) ;
#3431 = VECTOR ( 'NONE', #5331, 1000.000000000000000 ) ;
#3432 = ORIENTED_EDGE ( 'NONE', *, *, #1021, .F. ) ;
#3433 = PLANE ( 'NONE',  #1035 ) ;
#3434 = DIRECTION ( 'NONE',  ( -6.768688488035121845E-16, 0.2406903406730367678, 0.9706019575019914081 ) ) ;
#3435 = AXIS2_PLACEMENT_3D ( 'NONE', #5455, #1114, #1197 ) ;
#3436 = ADVANCED_FACE ( 'NONE', ( #2493 ), #3446, .F. ) ;
#3437 = LINE ( 'NONE', #2567, #4628 ) ;
#3438 = CARTESIAN_POINT ( 'NONE',  ( 0.9699999999999986411, 2.490494262658515812, -0.4551746698937819691 ) ) ;
#3439 = VECTOR ( 'NONE', #1029, 999.9999999999998863 ) ;
#3440 = CARTESIAN_POINT ( 'NONE',  ( 2.469999999999805684, 0.03232682635370687230, 2.345481331187900143 ) ) ;
#3441 = EDGE_CURVE ( 'NONE', #532, #514, #1271, .T. ) ;
#3442 = VERTEX_POINT ( 'NONE', #3357 ) ;
#3443 = ADVANCED_FACE ( 'NONE', ( #5147 ), #796, .T. ) ;
#3444 = LINE ( 'NONE', #3083, #3216 ) ;
#3445 = ORIENTED_EDGE ( 'NONE', *, *, #3133, .T. ) ;
#3446 = PLANE ( 'NONE',  #4568 ) ;
#3447 = CARTESIAN_POINT ( 'NONE',  ( 0.9700000000000541522, 2.520332721926727082, 0.2680507760427636166 ) ) ;
#3448 = ORIENTED_EDGE ( 'NONE', *, *, #708, .F. ) ;
#3449 = CARTESIAN_POINT ( 'NONE',  ( 0.9700000000000541522, 2.262313893167195111, 0.1881129874340137231 ) ) ;
#3450 = ORIENTED_EDGE ( 'NONE', *, *, #1598, .F. ) ;
#3451 = VERTEX_POINT ( 'NONE', #2083 ) ;
#3452 = CARTESIAN_POINT ( 'NONE',  ( 0.9700000000000541522, 2.224161932931678631, 0.2483908197990492006 ) ) ;
#3453 = CARTESIAN_POINT ( 'NONE',  ( 2.450950000000035267, 1.700440880331000049, -0.9817499999996703863 ) ) ;
#3454 = DIRECTION ( 'NONE',  ( 1.000000000000000000, 2.000187765493021278E-16, -7.400880780937300593E-16 ) ) ;
#3455 = CARTESIAN_POINT ( 'NONE',  ( 2.469999999999805684, -0.1043506507306668496, 2.345481331188059571 ) ) ;
#3456 = ORIENTED_EDGE ( 'NONE', *, *, #2104, .T. ) ;
#3457 = ORIENTED_EDGE ( 'NONE', *, *, #1056, .T. ) ;
#3458 = EDGE_LOOP ( 'NONE', ( #4682, #2163, #737, #2457 ) ) ;
#3459 = LINE ( 'NONE', #4294, #2543 ) ;
#3460 = EDGE_CURVE ( 'NONE', #407, #3744, #5501, .T. ) ;
#3461 = DIRECTION ( 'NONE',  ( -1.167520497023887139E-16, -1.000000000000000000, 2.886579864025370323E-15 ) ) ;
#3462 = DIRECTION ( 'NONE',  ( -1.000000000000000000, -2.000187765493021278E-16, 7.400880780937300593E-16 ) ) ;
#3463 = CARTESIAN_POINT ( 'NONE',  ( 0.9843342201064364527, 2.237352282273952220, -0.1849315072807306004 ) ) ;
#3464 = CARTESIAN_POINT ( 'NONE',  ( 0.9843342201065474750, 2.125255814197673843, 0.3948905628681984026 ) ) ;
#3465 = EDGE_CURVE ( 'NONE', #4153, #5172, #45, .T. ) ;
#3466 = LINE ( 'NONE', #2685, #3509 ) ;
#3467 = LINE ( 'NONE', #3352, #4768 ) ;
#3468 = EDGE_LOOP ( 'NONE', ( #1679, #3832, #2761, #1405 ) ) ;
#3469 = DIRECTION ( 'NONE',  ( 7.591233103568601563E-16, 0.2696926424169874825, -0.9629464567805123831 ) ) ;
#3470 = ORIENTED_EDGE ( 'NONE', *, *, #2586, .T. ) ;
#3471 = EDGE_CURVE ( 'NONE', #1872, #892, #3002, .T. ) ;
#3472 = EDGE_CURVE ( 'NONE', #4458, #4748, #1666, .T. ) ;
#3473 = DIRECTION ( 'NONE',  ( -7.400550866706241219E-16, -0.4417680233405519852, 0.8971293181887333157 ) ) ;
#3474 = CARTESIAN_POINT ( 'NONE',  ( 0.9700000000000541522, 2.125255814197562820, 0.3948905628682330970 ) ) ;
#3475 = ORIENTED_EDGE ( 'NONE', *, *, #1008, .F. ) ;
#3476 = DIRECTION ( 'NONE',  ( 6.845769268624692740E-16, -5.551115123125739315E-16, -1.000000000000000000 ) ) ;
#3477 = ORIENTED_EDGE ( 'NONE', *, *, #3802, .F. ) ;
#3478 = CARTESIAN_POINT ( 'NONE',  ( 0.9699999999999986411, 2.140667967656273429, -0.2325411859420839500 ) ) ;
#3479 = LINE ( 'NONE', #1282, #4654 ) ;
#3480 = VECTOR ( 'NONE', #5247, 1000.000000000000000 ) ;
#3481 = CARTESIAN_POINT ( 'NONE',  ( 0.9700000000000541522, 2.513397826239216482, 0.2400852859844870846 ) ) ;
#3482 = DIRECTION ( 'NONE',  ( 7.845854836809278763E-17, 0.9803664598916860262, 0.1971841888170626222 ) ) ;
#3483 = ORIENTED_EDGE ( 'NONE', *, *, #2075, .F. ) ;
#3484 = ORIENTED_EDGE ( 'NONE', *, *, #3736, .F. ) ;
#3485 = VERTEX_POINT ( 'NONE', #4635 ) ;
#3486 = PLANE ( 'NONE',  #53 ) ;
#3487 = DIRECTION ( 'NONE',  ( 1.000000000000000000, 2.000187765493029413E-16, 6.845769268624692740E-16 ) ) ;
#3488 = VECTOR ( 'NONE', #3761, 1000.000000000000114 ) ;
#3489 = LINE ( 'NONE', #2216, #629 ) ;
#3490 = CARTESIAN_POINT ( 'NONE',  ( 0.9699999999999986411, 2.488303373917672090, -0.4538380365110561421 ) ) ;
#3491 = CARTESIAN_POINT ( 'NONE',  ( 0.9699999999999986411, 2.474178410326627109, -0.4637087234186793028 ) ) ;
#3492 = CONICAL_SURFACE ( 'NONE', #1269, 2.099999999984467181, 0.1332267516750969827 ) ;
#3493 = LINE ( 'NONE', #5196, #5112 ) ;
#3494 = DIRECTION ( 'NONE',  ( -5.729747238077516113E-18, -1.000000000000000000, 3.497202527569202082E-15 ) ) ;
#3495 = ORIENTED_EDGE ( 'NONE', *, *, #2710, .F. ) ;
#3496 = CARTESIAN_POINT ( 'NONE',  ( 0.9700000000000541522, 2.243485895057573121, 0.2119955182379174019 ) ) ;
#3497 = EDGE_CURVE ( 'NONE', #3442, #3587, #4697, .T. ) ;
#3498 = VECTOR ( 'NONE', #5266, 1000.000000000000000 ) ;
#3499 = ORIENTED_EDGE ( 'NONE', *, *, #738, .F. ) ;
#3500 = DIRECTION ( 'NONE',  ( 1.000000000000000000, 1.722632009336712421E-16, -4.625323219374409242E-16 ) ) ;
#3501 = LINE ( 'NONE', #1809, #5120 ) ;
#3502 = VECTOR ( 'NONE', #189, 1000.000000000000000 ) ;
#3503 = ORIENTED_EDGE ( 'NONE', *, *, #2822, .F. ) ;
#3504 = ADVANCED_FACE ( 'NONE', ( #823 ), #4722, .F. ) ;
#3505 = CARTESIAN_POINT ( 'NONE',  ( 0.9843342201064919639, 2.523629592551035472, -0.05453024012808116439 ) ) ;
#3506 = ORIENTED_EDGE ( 'NONE', *, *, #157, .F. ) ;
#3507 = AXIS2_PLACEMENT_3D ( 'NONE', #4439, #625, #2323 ) ;
#3508 = DIRECTION ( 'NONE',  ( -6.996234380641198462E-16, -0.1167030593493187662, 0.9931668520135523703 ) ) ;
#3509 = VECTOR ( 'NONE', #4860, 1000.000000000000114 ) ;
#3510 = EDGE_CURVE ( 'NONE', #2746, #3198, #2552, .T. ) ;
#3511 = PLANE ( 'NONE',  #3414 ) ;
#3512 = ORIENTED_EDGE ( 'NONE', *, *, #2541, .T. ) ;
#3513 = EDGE_LOOP ( 'NONE', ( #3922, #4347, #1452, #4273 ) ) ;
#3514 = ORIENTED_EDGE ( 'NONE', *, *, #3797, .T. ) ;
#3515 = CARTESIAN_POINT ( 'NONE',  ( 0.9843342201064364527, 2.464945227416554197, -0.4660929883733982981 ) ) ;
#3516 = VECTOR ( 'NONE', #4623, 1000.000000000000000 ) ;
#3517 = DIRECTION ( 'NONE',  ( -1.000000000000000000, -2.000187765493021278E-16, 7.400880780937300593E-16 ) ) ;
#3518 = CARTESIAN_POINT ( 'NONE',  ( 0.9700000000000541522, 1.499999999999973577, 3.053113317719180486E-13 ) ) ;
#3519 = CARTESIAN_POINT ( 'NONE',  ( 0.9699999999999986411, 2.474178410326627109, -0.4637087234186793028 ) ) ;
#3520 = PRESENTATION_LAYER_ASSIGNMENT (  '', '', ( #3775 ) ) ;
#3521 = CARTESIAN_POINT ( 'NONE',  ( 2.470000000000055707, 1.886350574325429408, -1.316829575592329160 ) ) ;
#3522 = AXIS2_PLACEMENT_3D ( 'NONE', #1007, #2703, #2291 ) ;
#3523 = CARTESIAN_POINT ( 'NONE',  ( 2.470000000000055707, 1.752788928699733351, -1.092298960886806114 ) ) ;
#3524 = FACE_OUTER_BOUND ( 'NONE', #5188, .T. ) ;
#3525 = EDGE_LOOP ( 'NONE', ( #441, #1053, #3774, #1635 ) ) ;
#3526 = FACE_OUTER_BOUND ( 'NONE', #5054, .T. ) ;
#3527 = ADVANCED_FACE ( 'NONE', ( #4755 ), #3996, .F. ) ;
#3528 = CARTESIAN_POINT ( 'NONE',  ( 0.4850000000260479283, -1.387778780781445676E-13, 1.804112415015879378E-13 ) ) ;
#3529 = DIRECTION ( 'NONE',  ( -6.845769268624692740E-16, 5.551115123125739315E-16, 1.000000000000000000 ) ) ;
#3530 = ORIENTED_EDGE ( 'NONE', *, *, #2030, .F. ) ;
#3531 = DIRECTION ( 'NONE',  ( 4.494908391621278370E-16, -0.7152859658357463291, -0.6988318732559525293 ) ) ;
#3532 = ORIENTED_EDGE ( 'NONE', *, *, #1456, .T. ) ;
#3533 = CARTESIAN_POINT ( 'NONE',  ( 0.000000000000000000, 0.000000000000000000, 0.000000000000000000 ) ) ;
#3534 = EDGE_CURVE ( 'NONE', #3941, #2786, #390, .T. ) ;
#3535 = LINE ( 'NONE', #165, #3502 ) ;
#3536 = LINE ( 'NONE', #1033, #2174 ) ;
#3537 = ORIENTED_EDGE ( 'NONE', *, *, #617, .F. ) ;
#3538 = ORIENTED_EDGE ( 'NONE', *, *, #4105, .F. ) ;
#3539 = FACE_OUTER_BOUND ( 'NONE', #5408, .T. ) ;
#3540 = EDGE_CURVE ( 'NONE', #2234, #3206, #2967, .T. ) ;
#3541 = EDGE_CURVE ( 'NONE', #5158, #1339, #180, .T. ) ;
#3542 = CARTESIAN_POINT ( 'NONE',  ( 0.9843342201064364527, 2.466294610879687710, -0.4655277348273173521 ) ) ;
#3543 = CARTESIAN_POINT ( 'NONE',  ( 0.9843342201063809416, 2.485296480058518664, -0.4482944105909103527 ) ) ;
#3544 = DIRECTION ( 'NONE',  ( 6.845769268624692740E-16, -5.551115123125739315E-16, -1.000000000000000000 ) ) ;
#3545 = LINE ( 'NONE', #962, #3944 ) ;
#3546 = FACE_BOUND ( 'NONE', #2201, .T. ) ;
#3547 = ORIENTED_EDGE ( 'NONE', *, *, #3704, .F. ) ;
#3548 = PLANE ( 'NONE',  #5338 ) ;
#3549 = CARTESIAN_POINT ( 'NONE',  ( 2.470000000000027729, -2.097809233474079438, -0.8477885581625460576 ) ) ;
#3550 = FACE_OUTER_BOUND ( 'NONE', #1202, .T. ) ;
#3551 = EDGE_LOOP ( 'NONE', ( #2335, #3371, #2513, #60, #1123, #1157, #298, #2425, #1944, #3977, #3445, #719 ) ) ;
#3552 = DIRECTION ( 'NONE',  ( 5.882887990558551382E-16, 0.4999999999999998890, -0.8660254037844387076 ) ) ;
#3553 = EDGE_CURVE ( 'NONE', #385, #2635, #2299, .T. ) ;
#3554 = VERTEX_POINT ( 'NONE', #5280 ) ;
#3555 = DIRECTION ( 'NONE',  ( 1.000000000000000000, 3.110410790118177818E-16, -7.400880780937398214E-16 ) ) ;
#3556 = DIRECTION ( 'NONE',  ( 1.000000000000000000, 2.000187765493021278E-16, -7.400880780937300593E-16 ) ) ;
#3557 = EDGE_CURVE ( 'NONE', #4102, #2077, #1808, .T. ) ;
#3558 = ORIENTED_EDGE ( 'NONE', *, *, #3661, .F. ) ;
#3559 = ORIENTED_EDGE ( 'NONE', *, *, #63, .F. ) ;
#3560 = FACE_OUTER_BOUND ( 'NONE', #5206, .T. ) ;
#3561 = LINE ( 'NONE', #1038, #742 ) ;
#3562 = DIRECTION ( 'NONE',  ( -2.073106433702512277E-16, 0.9090442707885098006, 0.4166995485317765424 ) ) ;
#3563 = CARTESIAN_POINT ( 'NONE',  ( 0.9700000000000541522, 2.486879519042251019, 0.1903914117200589118 ) ) ;
#3564 = VECTOR ( 'NONE', #2367, 999.9999999999998863 ) ;
#3565 = LINE ( 'NONE', #2294, #2616 ) ;
#3566 = EDGE_CURVE ( 'NONE', #3787, #320, #3111, .T. ) ;
#3567 = CARTESIAN_POINT ( 'NONE',  ( 2.450950000000007289, -0.1043506507306113384, 2.173161927247376113 ) ) ;
#3568 = VECTOR ( 'NONE', #4547, 1000.000000000000000 ) ;
#3569 = LINE ( 'NONE', #988, #4218 ) ;
#3570 = ORIENTED_EDGE ( 'NONE', *, *, #208, .T. ) ;
#3571 = DIRECTION ( 'NONE',  ( 1.000000000000000000, 1.722632009336712421E-16, -4.625323219374409242E-16 ) ) ;
#3572 = EDGE_CURVE ( 'NONE', #4795, #3627, #582, .T. ) ;
#3573 = VECTOR ( 'NONE', #4765, 1000.000000000000000 ) ;
#3574 = DIRECTION ( 'NONE',  ( -1.445076253180192051E-16, -1.000000000000000000, 2.553512956637819811E-15 ) ) ;
#3575 = DIRECTION ( 'NONE',  ( 1.724048793547733205E-16, -0.8971293181887333157, -0.4417680233405519297 ) ) ;
#3576 = ORIENTED_EDGE ( 'NONE', *, *, #1359, .F. ) ;
#3577 = LINE ( 'NONE', #1314, #4099 ) ;
#3578 = AXIS2_PLACEMENT_3D ( 'NONE', #4610, #4085, #3719 ) ;
#3579 = CARTESIAN_POINT ( 'NONE',  ( 2.450950000000007289, -1.989949340249319576, -1.205464463520850016 ) ) ;
#3580 = EDGE_LOOP ( 'NONE', ( #3415, #1604, #4312, #3483 ) ) ;
#3581 = AXIS2_PLACEMENT_3D ( 'NONE', #1461, #1091, #2784 ) ;
#3582 = DIRECTION ( 'NONE',  ( -6.845769268624693726E-16, 5.551115123125739315E-16, 1.000000000000000000 ) ) ;
#3583 = DIRECTION ( 'NONE',  ( -9.713191375867612216E-16, -2.220446049250337733E-16, 1.000000000000000000 ) ) ;
#3584 = AXIS2_PLACEMENT_3D ( 'NONE', #5093, #22, #5064 ) ;
#3585 = VECTOR ( 'NONE', #4855, 1000.000000000000000 ) ;
#3586 = ORIENTED_EDGE ( 'NONE', *, *, #3844, .T. ) ;
#3587 = VERTEX_POINT ( 'NONE', #553 ) ;
#3588 = LINE ( 'NONE', #2266, #1399 ) ;
#3589 = DIRECTION ( 'NONE',  ( -1.000000000000000000, -1.722632009336720063E-16, 7.400880780937477100E-16 ) ) ;
#3590 = ADVANCED_FACE ( 'NONE', ( #4783 ), #1917, .F. ) ;
#3591 = AXIS2_PLACEMENT_3D ( 'NONE', #3056, #2664, #1022 ) ;
#3592 = LINE ( 'NONE', #1677, #3733 ) ;
#3593 = DIRECTION ( 'NONE',  ( -7.544538134627805428E-16, -0.1089854748730416656, 0.9940433422475589698 ) ) ;
#3594 = LINE ( 'NONE', #3992, #4203 ) ;
#3595 = AXIS2_PLACEMENT_3D ( 'NONE', #234, #2396, #2427 ) ;
#3596 = VERTEX_POINT ( 'NONE', #1862 ) ;
#3597 = EDGE_CURVE ( 'NONE', #1420, #1186, #4023, .T. ) ;
#3598 = CARTESIAN_POINT ( 'NONE',  ( 2.470000000000027729, -1.808402244772827627, -1.256417057498612877 ) ) ;
#3599 = VECTOR ( 'NONE', #5047, 1000.000000000000000 ) ;
#3600 = EDGE_LOOP ( 'NONE', ( #2344, #1404, #422, #613 ) ) ;
#3601 = DIRECTION ( 'NONE',  ( -6.829619984040905016E-16, -7.899236820207974901E-14, 1.000000000000000000 ) ) ;
#3602 = AXIS2_PLACEMENT_3D ( 'NONE', #4464, #4865, #1419 ) ;
#3603 = EDGE_CURVE ( 'NONE', #3901, #2133, #210, .T. ) ;
#3604 = DIRECTION ( 'NONE',  ( -7.504465202493400556E-17, -0.9861849009696147528, -0.1656482450844289633 ) ) ;
#3605 = ADVANCED_FACE ( 'NONE', ( #5309 ), #970, .T. ) ;
#3606 = CARTESIAN_POINT ( 'NONE',  ( 0.9700000000000541522, 2.336132259871254391, 0.2556232938958347134 ) ) ;
#3607 = ORIENTED_EDGE ( 'NONE', *, *, #687, .F. ) ;
#3608 = CARTESIAN_POINT ( 'NONE',  ( 0.9699999999999986411, 2.472612739809865179, -0.4539502272925405313 ) ) ;
#3609 = CARTESIAN_POINT ( 'NONE',  ( 0.9700000000000541522, 2.523629592551063006, 0.3948905628681914637 ) ) ;
#3610 = VERTEX_POINT ( 'NONE', #943 ) ;
#3611 = FACE_OUTER_BOUND ( 'NONE', #1849, .T. ) ;
#3612 = DIRECTION ( 'NONE',  ( 6.845769268624692740E-16, -5.551115123125739315E-16, -1.000000000000000000 ) ) ;
#3613 = ORIENTED_EDGE ( 'NONE', *, *, #3001, .F. ) ;
#3614 = ORIENTED_EDGE ( 'NONE', *, *, #1963, .F. ) ;
#3615 = CARTESIAN_POINT ( 'NONE',  ( 0.9700000000000541522, 2.400816861523547008, 0.2534304449035990059 ) ) ;
#3616 = PLANE ( 'NONE',  #2515 ) ;
#3617 = DIRECTION ( 'NONE',  ( -7.400880780937299607E-16, -5.551115123125742273E-16, -1.000000000000000000 ) ) ;
#3618 = DIRECTION ( 'NONE',  ( -2.481675346006243732E-16, 0.8022045974956018011, 0.5970492305973765790 ) ) ;
#3619 = ADVANCED_FACE ( 'NONE', ( #2639 ), #102, .F. ) ;
#3620 = ORIENTED_EDGE ( 'NONE', *, *, #2840, .T. ) ;
#3621 = FACE_OUTER_BOUND ( 'NONE', #4581, .T. ) ;
#3622 = ORIENTED_EDGE ( 'NONE', *, *, #2977, .F. ) ;
#3623 = LINE ( 'NONE', #236, #3203 ) ;
#3624 = EDGE_CURVE ( 'NONE', #431, #4249, #490, .T. ) ;
#3625 = FACE_OUTER_BOUND ( 'NONE', #3174, .T. ) ;
#3626 = DIRECTION ( 'NONE',  ( -1.000000000000000000, -2.000187765493021278E-16, 7.400880780937300593E-16 ) ) ;
#3627 = VERTEX_POINT ( 'NONE', #995 ) ;
#3628 = DIRECTION ( 'NONE',  ( 3.329159345957562891E-17, 0.9829615588624287525, 0.1838112450280010857 ) ) ;
#3629 = DIRECTION ( 'NONE',  ( -1.000000000000000000, -2.000187765493021278E-16, 7.400880780937300593E-16 ) ) ;
#3630 = ADVANCED_FACE ( 'NONE', ( #2690 ), #3974, .F. ) ;
#3631 = EDGE_CURVE ( 'NONE', #1564, #4048, #4837, .T. ) ;
#3632 = ORIENTED_EDGE ( 'NONE', *, *, #1708, .F. ) ;
#3633 = LINE ( 'NONE', #5397, #1015 ) ;
#3634 = PLANE ( 'NONE',  #3146 ) ;
#3635 = EDGE_CURVE ( 'NONE', #3485, #3386, #1128, .T. ) ;
#3636 = ORIENTED_EDGE ( 'NONE', *, *, #5260, .F. ) ;
#3637 = VERTEX_POINT ( 'NONE', #1152 ) ;
#3638 = PLANE ( 'NONE',  #1842 ) ;
#3639 = CARTESIAN_POINT ( 'NONE',  ( 2.470000000000110774, 1.677594408828753103, -1.222539689753984860 ) ) ;
#3640 = LINE ( 'NONE', #4454, #2760 ) ;
#3641 = FACE_OUTER_BOUND ( 'NONE', #2423, .T. ) ;
#3642 = VECTOR ( 'NONE', #260, 1000.000000000000000 ) ;
#3643 = LINE ( 'NONE', #1144, #209 ) ;
#3644 = ORIENTED_EDGE ( 'NONE', *, *, #5315, .T. ) ;
#3645 = CARTESIAN_POINT ( 'NONE',  ( 0.2238461538461865297, -4.662936703530177793E-16, 2.099999999993733546 ) ) ;
#3646 = CLOSED_SHELL ( 'NONE', ( #3669, #4824, #733, #3771, #4933, #4387, #5135, #2215, #3098, #3282, #1147, #780, #4950, #2684, #1853, #632, #4469, #5275, #4424, #361, #5385, #3031, #4071, #3943, #37, #1422, #1078, #5511, #2146, #4507, #683, #1664, #5035, #4030, #129, #2663, #3619, #4998, #1871, #2366, #3630, #1771, #5434, #1028, #4620, #3981, #2833, #3988, #1746, #3527, #1070, #3295, #2138, #1628, #1441, #4316, #2754, #5213, #5146 ) ) ;
#3647 = ORIENTED_CLOSED_SHELL ( 'NONE', *, #5432, .F. );
#3648 = ORIENTED_EDGE ( 'NONE', *, *, #2073, .F. ) ;
#3649 = CARTESIAN_POINT ( 'NONE',  ( 0.4850000000000103673, -1.373137714644201424E-13, 2.637500000000200906 ) ) ;
#3650 = CIRCLE ( 'NONE', #1261, 2.637500000000020606 ) ;
#3651 = SURFACE_STYLE_USAGE ( .BOTH. , #1994 ) ;
#3652 = LINE ( 'NONE', #3683, #4137 ) ;
#3653 = EDGE_CURVE ( 'NONE', #2539, #72, #3213, .T. ) ;
#3654 = EDGE_LOOP ( 'NONE', ( #2885, #2481, #4062, #1545 ) ) ;
#3655 = VECTOR ( 'NONE', #4516, 1000.000000000000000 ) ;
#3656 = DIRECTION ( 'NONE',  ( 7.400880780937299607E-16, 5.551115123125742273E-16, 1.000000000000000000 ) ) ;
#3657 = DIRECTION ( 'NONE',  ( -1.000000000000000000, -2.000187765493021278E-16, 7.400880780937300593E-16 ) ) ;
#3658 = ORIENTED_EDGE ( 'NONE', *, *, #170, .T. ) ;
#3659 = DIRECTION ( 'NONE',  ( 2.221955777182279408E-17, -0.9829615588623963340, -0.1838112450281748356 ) ) ;
#3660 = PLANE ( 'NONE',  #2003 ) ;
#3661 = EDGE_CURVE ( 'NONE', #448, #4529, #3294, .T. ) ;
#3662 = AXIS2_PLACEMENT_3D ( 'NONE', #1136, #4527, #718 ) ;
#3663 = DIRECTION ( 'NONE',  ( 0.000000000000000000, -1.000000000000000000, 3.497202527569202082E-15 ) ) ;
#3664 = ORIENTED_EDGE ( 'NONE', *, *, #2116, .T. ) ;
#3665 = VECTOR ( 'NONE', #3048, 1000.000000000000000 ) ;
#3666 = ORIENTED_EDGE ( 'NONE', *, *, #1094, .F. ) ;
#3667 = DIRECTION ( 'NONE',  ( -4.095427613025173208E-16, -0.9089994253807270885, 0.4167973664234312370 ) ) ;
#3668 = DIRECTION ( 'NONE',  ( -4.992923249690979017E-16, 0.5000000000000059952, 0.8660254037844352659 ) ) ;
#3669 = ADVANCED_FACE ( 'NONE', ( #3734 ), #835, .T. ) ;
#3670 = VECTOR ( 'NONE', #1225, 1000.000000000000000 ) ;
#3671 = CARTESIAN_POINT ( 'NONE',  ( 0.9700000000000541522, 1.777399554396624781, -0.1634445113407462236 ) ) ;
#3672 = VECTOR ( 'NONE', #3612, 1000.000000000000000 ) ;
#3673 = DIRECTION ( 'NONE',  ( 5.431665045778600655E-16, -0.4212021854520828779, -0.9069667683936326608 ) ) ;
#3674 = LINE ( 'NONE', #5381, #1902 ) ;
#3675 = ORIENTED_EDGE ( 'NONE', *, *, #2787, .F. ) ;
#3676 = AXIS2_PLACEMENT_3D ( 'NONE', #4158, #2351, #2046 ) ;
#3677 = DIRECTION ( 'NONE',  ( 1.000000000000000000, 2.000187765493029413E-16, 6.845769268624692740E-16 ) ) ;
#3678 = ORIENTED_EDGE ( 'NONE', *, *, #2844, .T. ) ;
#3679 = DIRECTION ( 'NONE',  ( -1.000000000000000000, -2.000187765493021278E-16, 7.400880780937300593E-16 ) ) ;
#3680 = PRESENTATION_LAYER_ASSIGNMENT (  '', '', ( #2274 ) ) ;
#3681 = VECTOR ( 'NONE', #2068, 1000.000000000000000 ) ;
#3682 = DIRECTION ( 'NONE',  ( 4.701583009046197764E-16, 0.8785436295979144328, -0.4776621095428466024 ) ) ;
#3683 = CARTESIAN_POINT ( 'NONE',  ( 0.9699999999999986411, 2.492117772841445422, -0.4551746698942260583 ) ) ;
#3684 = ORIENTED_EDGE ( 'NONE', *, *, #5140, .T. ) ;
#3685 = CARTESIAN_POINT ( 'NONE',  ( 0.9699999999999986411, 2.484843852219587035, -0.4603639524410063633 ) ) ;
#3686 = CARTESIAN_POINT ( 'NONE',  ( 0.9843342201064364527, 2.331064604498611637, 0.2959619118668155302 ) ) ;
#3687 = PRESENTATION_LAYER_ASSIGNMENT (  '', '', ( #4671 ) ) ;
#3688 = EDGE_LOOP ( 'NONE', ( #1532, #1587, #991, #2556 ) ) ;
#3689 = ADVANCED_FACE ( 'NONE', ( #3625 ), #766, .F. ) ;
#3690 = CARTESIAN_POINT ( 'NONE',  ( 0.9699999999999986411, 2.466494824628933991, -0.2599725829592336446 ) ) ;
#3691 = CARTESIAN_POINT ( 'NONE',  ( 0.9700000000000541522, 2.324442703374090868, 0.3948905628676988022 ) ) ;
#3692 = VECTOR ( 'NONE', #862, 1000.000000000000000 ) ;
#3693 = CARTESIAN_POINT ( 'NONE',  ( 2.450950000000007289, -2.337828492452564966, -0.9863637419448012533 ) ) ;
#3694 = ORIENTED_EDGE ( 'NONE', *, *, #2009, .T. ) ;
#3695 = VECTOR ( 'NONE', #915, 1000.000000000000000 ) ;
#3696 = EDGE_CURVE ( 'NONE', #4436, #193, #348, .T. ) ;
#3697 = ORIENTED_EDGE ( 'NONE', *, *, #5063, .T. ) ;
#3698 = DIRECTION ( 'NONE',  ( -4.619824724853955355E-16, -0.8660254037844390407, 0.4999999999999991673 ) ) ;
#3699 = DIRECTION ( 'NONE',  ( 6.193382601542251071E-16, -0.05089991897257697961, -0.9987037590039324897 ) ) ;
#3700 = CARTESIAN_POINT ( 'NONE',  ( 0.9699999999999986411, 2.374112209464901646, 0.01740461005357574198 ) ) ;
#3701 = CARTESIAN_POINT ( 'NONE',  ( 0.9700000000000541522, 2.033886628395292995, 0.3948905628681290136 ) ) ;
#3702 = ORIENTED_EDGE ( 'NONE', *, *, #4182, .F. ) ;
#3703 = ORIENTED_EDGE ( 'NONE', *, *, #1256, .F. ) ;
#3704 = EDGE_CURVE ( 'NONE', #2042, #3159, #1179, .T. ) ;
#3705 = ORIENTED_EDGE ( 'NONE', *, *, #5427, .F. ) ;
#3706 = ADVANCED_FACE ( 'NONE', ( #2021 ), #4885, .T. ) ;
#3707 = DIRECTION ( 'NONE',  ( 1.000000000000000000, 2.000187765493021278E-16, -7.400880780937300593E-16 ) ) ;
#3708 = VERTEX_POINT ( 'NONE', #4518 ) ;
#3709 = PLANE ( 'NONE',  #4905 ) ;
#3710 = CARTESIAN_POINT ( 'NONE',  ( 0.9843342201063809416, 2.463272841927377499, -0.4415490844348612942 ) ) ;
#3711 = CARTESIAN_POINT ( 'NONE',  ( 0.9843342201064364527, 2.490779014444583161, -0.4649539812294212204 ) ) ;
#3712 = ORIENTED_EDGE ( 'NONE', *, *, #2840, .F. ) ;
#3713 = LINE ( 'NONE', #1182, #1616 ) ;
#3714 = CARTESIAN_POINT ( 'NONE',  ( 0.9699999999999986411, 2.523629592551174028, 0.1250508761553026371 ) ) ;
#3715 = ORIENTED_EDGE ( 'NONE', *, *, #3803, .T. ) ;
#3716 = FACE_OUTER_BOUND ( 'NONE', #1084, .T. ) ;
#3717 = ORIENTED_EDGE ( 'NONE', *, *, #3883, .T. ) ;
#3718 = EDGE_CURVE ( 'NONE', #4102, #2650, #2462, .T. ) ;
#3719 = DIRECTION ( 'NONE',  ( -1.017177444479665533E-15, 1.443289932012700544E-15, 1.000000000000000000 ) ) ;
#3720 = VERTEX_POINT ( 'NONE', #4941 ) ;
#3721 = VERTEX_POINT ( 'NONE', #709 ) ;
#3722 = DIRECTION ( 'NONE',  ( -1.000000000000000000, -1.722632009336724254E-16, 4.070211707061878303E-16 ) ) ;
#3723 = CARTESIAN_POINT ( 'NONE',  ( 0.9700000000000541522, 2.376531825819094834, 0.1404954249514256404 ) ) ;
#3724 = EDGE_CURVE ( 'NONE', #1044, #1376, #2268, .T. ) ;
#3725 = FACE_BOUND ( 'NONE', #2724, .T. ) ;
#3726 = CARTESIAN_POINT ( 'NONE',  ( 0.9843342201064364527, 2.371827334780196583, 0.1404019658359789702 ) ) ;
#3727 = ORIENTED_EDGE ( 'NONE', *, *, #2648, .T. ) ;
#3728 = ORIENTED_EDGE ( 'NONE', *, *, #5034, .F. ) ;
#3729 = CARTESIAN_POINT ( 'NONE',  ( 0.9699999999999986411, 2.478836439541054482, -0.4436910978696390062 ) ) ;
#3730 = EDGE_CURVE ( 'NONE', #3930, #3113, #5391, .T. ) ;
#3731 = ORIENTED_EDGE ( 'NONE', *, *, #3471, .T. ) ;
#3732 = LINE ( 'NONE', #845, #372 ) ;
#3733 = VECTOR ( 'NONE', #4149, 1000.000000000000000 ) ;
#3734 = FACE_OUTER_BOUND ( 'NONE', #1646, .T. ) ;
#3735 = CARTESIAN_POINT ( 'NONE',  ( 0.9843342201064364527, 2.418473753850236552, 0.2696685361246731194 ) ) ;
#3736 = EDGE_CURVE ( 'NONE', #4176, #4795, #1496, .T. ) ;
#3737 = VERTEX_POINT ( 'NONE', #3710 ) ;
#3738 = DIRECTION ( 'NONE',  ( 9.561467977824831532E-16, 2.220446049250319490E-16, -1.000000000000000000 ) ) ;
#3739 = PRESENTATION_LAYER_ASSIGNMENT (  '', '', ( #2154 ) ) ;
#3740 = ORIENTED_EDGE ( 'NONE', *, *, #600, .T. ) ;
#3741 = DIRECTION ( 'NONE',  ( -6.845769268624692740E-16, 5.551115123125739315E-16, 1.000000000000000000 ) ) ;
#3742 = AXIS2_PLACEMENT_3D ( 'NONE', #2195, #3888, #97 ) ;
#3743 = LINE ( 'NONE', #4526, #2792 ) ;
#3744 = VERTEX_POINT ( 'NONE', #685 ) ;
#3745 = LINE ( 'NONE', #1643, #21 ) ;
#3746 = ORIENTED_EDGE ( 'NONE', *, *, #4098, .T. ) ;
#3747 = ORIENTED_EDGE ( 'NONE', *, *, #268, .T. ) ;
#3748 = LINE ( 'NONE', #337, #2456 ) ;
#3749 = VECTOR ( 'NONE', #440, 999.9999999999998863 ) ;
#3750 = DIRECTION ( 'NONE',  ( -6.845769268624693726E-16, 5.551115123125739315E-16, 1.000000000000000000 ) ) ;
#3751 = CARTESIAN_POINT ( 'NONE',  ( 0.9700000000000263967, -1.387778780781445676E-13, 1.587500000001032419 ) ) ;
#3752 = DIRECTION ( 'NONE',  ( 1.000000000000000000, 2.000187765493021278E-16, -7.400880780937300593E-16 ) ) ;
#3753 = VECTOR ( 'NONE', #4268, 1000.000000000000000 ) ;
#3754 = ORIENTED_EDGE ( 'NONE', *, *, #3770, .F. ) ;
#3755 = ORIENTED_EDGE ( 'NONE', *, *, #5220, .F. ) ;
#3756 = ORIENTED_EDGE ( 'NONE', *, *, #511, .F. ) ;
#3757 = EDGE_CURVE ( 'NONE', #2414, #317, #5414, .T. ) ;
#3758 = AXIS2_PLACEMENT_3D ( 'NONE', #3690, #1558, #2883 ) ;
#3759 = LINE ( 'NONE', #2926, #3516 ) ;
#3760 = CARTESIAN_POINT ( 'NONE',  ( 0.9843342201063809416, 2.125255814197646309, -0.3948934297112599578 ) ) ;
#3761 = DIRECTION ( 'NONE',  ( 2.976118894601008090E-16, -0.8509796880745748027, -0.5251986009925190269 ) ) ;
#3762 = AXIS2_PLACEMENT_3D ( 'NONE', #3384, #5083, #856 ) ;
#3763 = EDGE_CURVE ( 'NONE', #2336, #4166, #3186, .T. ) ;
#3764 = LINE ( 'NONE', #3021, #581 ) ;
#3765 = FACE_OUTER_BOUND ( 'NONE', #2695, .T. ) ;
#3766 = VECTOR ( 'NONE', #5050, 1000.000000000000000 ) ;
#3767 = ORIENTED_EDGE ( 'NONE', *, *, #5407, .F. ) ;
#3768 = DIRECTION ( 'NONE',  ( 1.000000000000000000, 2.000187765493021278E-16, -7.400880780937300593E-16 ) ) ;
#3769 = ORIENTED_EDGE ( 'NONE', *, *, #2250, .T. ) ;
#3770 = EDGE_CURVE ( 'NONE', #4767, #70, #291, .T. ) ;
#3771 = ADVANCED_FACE ( 'NONE', ( #4966 ), #1965, .F. ) ;
#3772 = CARTESIAN_POINT ( 'NONE',  ( 2.470000000000055707, 2.133761685484680815, -1.138599379414545476 ) ) ;
#3773 = FACE_OUTER_BOUND ( 'NONE', #4875, .T. ) ;
#3774 = ORIENTED_EDGE ( 'NONE', *, *, #5063, .F. ) ;
#3775 = STYLED_ITEM ( 'NONE', ( #5078 ), #4824 ) ;
#3776 = CARTESIAN_POINT ( 'NONE',  ( 0.9700000000000541522, 2.400816861523547008, 0.2534304449035990059 ) ) ;
#3777 = ORIENTED_EDGE ( 'NONE', *, *, #3696, .F. ) ;
#3778 = ORIENTED_EDGE ( 'NONE', *, *, #3237, .T. ) ;
#3779 = DIRECTION ( 'NONE',  ( 0.000000000000000000, 0.000000000000000000, -1.000000000000000000 ) ) ;
#3780 = VECTOR ( 'NONE', #349, 999.9999999999998863 ) ;
#3781 = DIRECTION ( 'NONE',  ( 1.445076253180178246E-16, 1.000000000000000000, -5.551115123125738329E-16 ) ) ;
#3782 = CARTESIAN_POINT ( 'NONE',  ( 0.9700000000000541522, 2.092235504760536990, 0.3948905628675530854 ) ) ;
#3783 = DIRECTION ( 'NONE',  ( -2.208597309011006539E-16, 0.8660254037844450359, 0.4999999999999889533 ) ) ;
#3784 = VECTOR ( 'NONE', #2565, 1000.000000000000000 ) ;
#3785 = ORIENTED_EDGE ( 'NONE', *, *, #445, .F. ) ;
#3786 = ORIENTED_EDGE ( 'NONE', *, *, #4075, .F. ) ;
#3787 = VERTEX_POINT ( 'NONE', #4661 ) ;
#3788 = CARTESIAN_POINT ( 'NONE',  ( 0.9843342201064364527, 2.251583295995729372, 0.1996458709049714342 ) ) ;
#3789 = CARTESIAN_POINT ( 'NONE',  ( 2.470000000000027729, 1.983372645743053386, -1.399080837149263568 ) ) ;
#3790 = ORIENTED_EDGE ( 'NONE', *, *, #2334, .T. ) ;
#3791 = CARTESIAN_POINT ( 'NONE',  ( 0.4850000000000131983, -1.387778780781445676E-13, 1.804112415015879378E-13 ) ) ;
#3792 = EDGE_CURVE ( 'NONE', #2913, #1815, #4690, .T. ) ;
#3793 = DIRECTION ( 'NONE',  ( 9.680376540049056858E-16, 2.220446049250292373E-16, -1.000000000000000000 ) ) ;
#3794 = CARTESIAN_POINT ( 'NONE',  ( 0.9699999999999986411, 2.491505769002783310, -0.4649539812291714203 ) ) ;
#3795 = ORIENTED_EDGE ( 'NONE', *, *, #4287, .F. ) ;
#3796 = CARTESIAN_POINT ( 'NONE',  ( 0.4850000000000131983, -1.387778780781445676E-13, 1.804112415015879378E-13 ) ) ;
#3797 = EDGE_CURVE ( 'NONE', #866, #1186, #849, .T. ) ;
#3798 = EDGE_LOOP ( 'NONE', ( #2672, #242, #314, #4054 ) ) ;
#3799 = LINE ( 'NONE', #2608, #5457 ) ;
#3800 = LINE ( 'NONE', #3385, #1834 ) ;
#3801 = ORIENTED_EDGE ( 'NONE', *, *, #433, .F. ) ;
#3802 = EDGE_CURVE ( 'NONE', #4048, #2613, #2882, .T. ) ;
#3803 = EDGE_CURVE ( 'NONE', #2114, #3279, #2193, .T. ) ;
#3804 = PLANE ( 'NONE',  #3846 ) ;
#3805 = ORIENTED_EDGE ( 'NONE', *, *, #1669, .F. ) ;
#3806 = EDGE_LOOP ( 'NONE', ( #762, #3747, #1448, #695, #383 ) ) ;
#3807 = FACE_OUTER_BOUND ( 'NONE', #1527, .T. ) ;
#3808 = DIRECTION ( 'NONE',  ( 4.992923249690979017E-16, -0.5000000000000059952, -0.8660254037844352659 ) ) ;
#3809 = EDGE_CURVE ( 'NONE', #3363, #3279, #2159, .T. ) ;
#3810 = CARTESIAN_POINT ( 'NONE',  ( 0.9700000000000541522, 2.366975201274018836, 0.1403087934058744324 ) ) ;
#3811 = LINE ( 'NONE', #4346, #5368 ) ;
#3812 = ORIENTED_EDGE ( 'NONE', *, *, #3497, .T. ) ;
#3813 = ORIENTED_EDGE ( 'NONE', *, *, #3820, .F. ) ;
#3814 = ORIENTED_EDGE ( 'NONE', *, *, #4663, .T. ) ;
#3815 = LINE ( 'NONE', #3073, #3784 ) ;
#3816 = LINE ( 'NONE', #1709, #1922 ) ;
#3817 = CARTESIAN_POINT ( 'NONE',  ( 2.470000000073468982, 1.942890293094023946E-13, 3.608224830031758756E-13 ) ) ;
#3818 = DIRECTION ( 'NONE',  ( 1.445076253180178246E-16, 1.000000000000000000, -5.551115123125738329E-16 ) ) ;
#3819 = PLANE ( 'NONE',  #3142 ) ;
#3820 = EDGE_CURVE ( 'NONE', #2019, #3721, #4244, .T. ) ;
#3821 = FACE_BOUND ( 'NONE', #5292, .T. ) ;
#3822 = DIRECTION ( 'NONE',  ( -1.000000000000000000, -2.000187765493021278E-16, 7.400880780937300593E-16 ) ) ;
#3823 = ORIENTED_EDGE ( 'NONE', *, *, #335, .T. ) ;
#3824 = CARTESIAN_POINT ( 'NONE',  ( 0.9699999999999986411, 2.497005303495281048, -0.4455356094380108489 ) ) ;
#3825 = EDGE_LOOP ( 'NONE', ( #4008, #145 ) ) ;
#3826 = ADVANCED_FACE ( 'NONE', ( #875 ), #5141, .F. ) ;
#3827 = LINE ( 'NONE', #73, #1638 ) ;
#3828 = PLANE ( 'NONE',  #2716 ) ;
#3829 = ORIENTED_EDGE ( 'NONE', *, *, #397, .F. ) ;
#3830 = VECTOR ( 'NONE', #2270, 1000.000000000000000 ) ;
#3831 = CARTESIAN_POINT ( 'NONE',  ( 0.9843342201064364527, 2.472610150490550662, -0.4539506622168176797 ) ) ;
#3832 = ORIENTED_EDGE ( 'NONE', *, *, #1495, .T. ) ;
#3833 = ORIENTED_EDGE ( 'NONE', *, *, #1371, .T. ) ;
#3834 = CARTESIAN_POINT ( 'NONE',  ( 0.9699999999999986411, 2.473698157314324853, -0.4537679110707681929 ) ) ;
#3835 = CIRCLE ( 'NONE', #1080, 0.03077947504423033526 ) ;
#3836 = EDGE_CURVE ( 'NONE', #3839, #840, #3764, .T. ) ;
#3837 = PLANE ( 'NONE',  #2431 ) ;
#3838 = LINE ( 'NONE', #3069, #4920 ) ;
#3839 = VERTEX_POINT ( 'NONE', #429 ) ;
#3840 = ORIENTED_EDGE ( 'NONE', *, *, #2822, .T. ) ;
#3841 = VECTOR ( 'NONE', #4091, 1000.000000000000000 ) ;
#3842 = ORIENTED_EDGE ( 'NONE', *, *, #885, .T. ) ;
#3843 = FACE_OUTER_BOUND ( 'NONE', #2005, .T. ) ;
#3844 = EDGE_CURVE ( 'NONE', #1652, #4102, #2130, .T. ) ;
#3845 = LINE ( 'NONE', #2126, #5022 ) ;
#3846 = AXIS2_PLACEMENT_3D ( 'NONE', #2643, #3893, #1786 ) ;
#3847 = FACE_OUTER_BOUND ( 'NONE', #1344, .T. ) ;
#3848 = LINE ( 'NONE', #1382, #5084 ) ;
#3849 = DIRECTION ( 'NONE',  ( -2.616347117162467354E-16, 0.8759515744415719007, 0.4823990456389102843 ) ) ;
#3850 = VECTOR ( 'NONE', #4332, 1000.000000000000114 ) ;
#3851 =( LENGTH_UNIT ( ) NAMED_UNIT ( * ) SI_UNIT ( .MILLI., .METRE. ) );
#3852 = DIRECTION ( 'NONE',  ( -1.000000000000000000, -2.000187765493021278E-16, 7.400880780937300593E-16 ) ) ;
#3853 = ORIENTED_EDGE ( 'NONE', *, *, #3510, .T. ) ;
#3854 = DIRECTION ( 'NONE',  ( -4.442372308220363543E-16, -0.9089994253807364144, 0.4167973664234109199 ) ) ;
#3855 = VECTOR ( 'NONE', #2477, 1000.000000000000000 ) ;
#3856 = VECTOR ( 'NONE', #4447, 1000.000000000000000 ) ;
#3857 = ORIENTED_EDGE ( 'NONE', *, *, #3863, .T. ) ;
#3858 = VECTOR ( 'NONE', #1692, 1000.000000000000114 ) ;
#3859 = CARTESIAN_POINT ( 'NONE',  ( 0.9700000000000541522, 2.393289962545313898, 0.2511517339338631416 ) ) ;
#3860 = DIRECTION ( 'NONE',  ( 1.000000000000000000, 1.722632009336724254E-16, -4.070211707061878303E-16 ) ) ;
#3861 = VERTEX_POINT ( 'NONE', #2488 ) ;
#3862 = DIRECTION ( 'NONE',  ( 4.619824724853956341E-16, 0.8660254037844391517, -0.4999999999999992228 ) ) ;
#3863 = EDGE_CURVE ( 'NONE', #1989, #98, #5470, .T. ) ;
#3864 = VECTOR ( 'NONE', #1909, 1000.000000000000114 ) ;
#3865 = ORIENTED_EDGE ( 'NONE', *, *, #580, .F. ) ;
#3866 = VERTEX_POINT ( 'NONE', #1299 ) ;
#3867 = DIRECTION ( 'NONE',  ( 1.000000000000000000, 2.000187765493029413E-16, 6.845769268624692740E-16 ) ) ;
#3868 = PLANE ( 'NONE',  #1187 ) ;
#3869 = MECHANICAL_DESIGN_GEOMETRIC_PRESENTATION_REPRESENTATION (  '', ( #3078 ), #4573 ) ;
#3870 = LINE ( 'NONE', #3068, #635 ) ;
#3871 = LINE ( 'NONE', #4735, #1016 ) ;
#3872 = ADVANCED_FACE ( 'NONE', ( #5023, #3821 ), #3351, .F. ) ;
#3873 = UNCERTAINTY_MEASURE_WITH_UNIT (LENGTH_MEASURE( 1.000000000000000082E-05 ), #920, 'distance_accuracy_value', 'NONE');
#3874 = ORIENTED_EDGE ( 'NONE', *, *, #2399, .T. ) ;
#3875 = ORIENTED_EDGE ( 'NONE', *, *, #2871, .F. ) ;
#3876 = ORIENTED_EDGE ( 'NONE', *, *, #3763, .F. ) ;
#3877 = CARTESIAN_POINT ( 'NONE',  ( 2.470000000000027729, -1.989949340249208554, -1.205464463520919516 ) ) ;
#3878 = FACE_OUTER_BOUND ( 'NONE', #2016, .T. ) ;
#3879 =( GEOMETRIC_REPRESENTATION_CONTEXT ( 3 ) GLOBAL_UNCERTAINTY_ASSIGNED_CONTEXT ( ( #923 ) ) GLOBAL_UNIT_ASSIGNED_CONTEXT ( ( #1415, #548, #1386 ) ) REPRESENTATION_CONTEXT ( 'NONE', 'WORKASPACE' ) );
#3880 = LINE ( 'NONE', #2679, #1255 ) ;
#3881 = LINE ( 'NONE', #65, #1189 ) ;
#3882 = EDGE_CURVE ( 'NONE', #2052, #1534, #2929, .T. ) ;
#3883 = EDGE_CURVE ( 'NONE', #5251, #4025, #2000, .T. ) ;
#3884 = CARTESIAN_POINT ( 'NONE',  ( 2.469999999999972218, -0.1043506507305280717, 2.173161927247216241 ) ) ;
#3885 = CARTESIAN_POINT ( 'NONE',  ( 0.9843342201064364527, 2.224161932931761676, 0.2483908197990214450 ) ) ;
#3886 = CARTESIAN_POINT ( 'NONE',  ( 2.279499999986055236, -1.380728864574964708E-13, -3.175000000055438143 ) ) ;
#3887 = ORIENTED_EDGE ( 'NONE', *, *, #5071, .F. ) ;
#3888 = DIRECTION ( 'NONE',  ( 5.487362164760627942E-16, -0.6655541655963036485, -0.7463495512542417387 ) ) ;
#3889 = ORIENTED_EDGE ( 'NONE', *, *, #3844, .F. ) ;
#3890 = DIRECTION ( 'NONE',  ( -1.050820771170668073E-16, 0.9571008663759965618, 0.2897549509194219941 ) ) ;
#3891 = DIRECTION ( 'NONE',  ( -1.000000000000000000, -2.000187765493021278E-16, 7.400880780937300593E-16 ) ) ;
#3892 = ORIENTED_EDGE ( 'NONE', *, *, #4111, .F. ) ;
#3893 = DIRECTION ( 'NONE',  ( -6.845769268624742044E-16, 2.886579864025370717E-15, 1.000000000000000000 ) ) ;
#3894 = ORIENTED_EDGE ( 'NONE', *, *, #1359, .T. ) ;
#3895 = ORIENTED_EDGE ( 'NONE', *, *, #3541, .F. ) ;
#3896 = CARTESIAN_POINT ( 'NONE',  ( 0.9699999999999986411, 2.125255814197979376, -0.07459528143360927288 ) ) ;
#3897 = CARTESIAN_POINT ( 'NONE',  ( 0.9700000000000541522, 2.383197238168627052, 0.2483830793201247111 ) ) ;
#3898 = EDGE_CURVE ( 'NONE', #2133, #1951, #5110, .T. ) ;
#3899 = PLANE ( 'NONE',  #5263 ) ;
#3900 = DIRECTION ( 'NONE',  ( 1.431041851435017208E-16, 0.9999982027861449296, 0.001895896748269591033 ) ) ;
#3901 = VERTEX_POINT ( 'NONE', #5228 ) ;
#3902 = ORIENTED_EDGE ( 'NONE', *, *, #344, .F. ) ;
#3903 = ORIENTED_EDGE ( 'NONE', *, *, #1963, .T. ) ;
#3904 = DIRECTION ( 'NONE',  ( -1.000000000000000000, -2.000187765493021278E-16, 7.400880780937300593E-16 ) ) ;
#3905 = EDGE_CURVE ( 'NONE', #1681, #3346, #3466, .T. ) ;
#3906 = FACE_OUTER_BOUND ( 'NONE', #513, .T. ) ;
#3907 = LINE ( 'NONE', #89, #2680 ) ;
#3908 = CARTESIAN_POINT ( 'NONE',  ( 0.9699999999999986411, 2.503720345611720965, -0.4496411351883611296 ) ) ;
#3909 = CARTESIAN_POINT ( 'NONE',  ( 0.9699999999999986411, 2.472865152089859464, -0.4640019752579910284 ) ) ;
#3910 = ADVANCED_FACE ( 'NONE', ( #546 ), #1043, .F. ) ;
#3911 = LINE ( 'NONE', #964, #4479 ) ;
#3912 = DIRECTION ( 'NONE',  ( -9.621326830187598882E-16, -2.220446049250292373E-16, 1.000000000000000000 ) ) ;
#3913 = VERTEX_POINT ( 'NONE', #4334 ) ;
#3914 = CARTESIAN_POINT ( 'NONE',  ( 0.9699999999999986411, 2.280059657658761729, -0.05286747059607410648 ) ) ;
#3915 = EDGE_LOOP ( 'NONE', ( #1599, #1133, #2281, #3192 ) ) ;
#3916 = EDGE_CURVE ( 'NONE', #5336, #2142, #3569, .T. ) ;
#3917 = DIRECTION ( 'NONE',  ( -4.992923249690979017E-16, 0.5000000000000058842, 0.8660254037844352659 ) ) ;
#3918 = DIRECTION ( 'NONE',  ( 1.000000000000000000, 2.000187765493029413E-16, 6.845769268624692740E-16 ) ) ;
#3919 = VERTEX_POINT ( 'NONE', #4435 ) ;
#3920 = VECTOR ( 'NONE', #4541, 1000.000000000000000 ) ;
#3921 = DIRECTION ( 'NONE',  ( -1.445076253180178246E-16, -1.000000000000000000, 5.551115123125738329E-16 ) ) ;
#3922 = ORIENTED_EDGE ( 'NONE', *, *, #1332, .T. ) ;
#3923 = CARTESIAN_POINT ( 'NONE',  ( 2.450950000000007289, 2.058567165613673033, -1.268840108281585444 ) ) ;
#3924 = LINE ( 'NONE', #4790, #4032 ) ;
#3925 = AXIS2_PLACEMENT_3D ( 'NONE', #4040, #2293, #5269 ) ;
#3926 = DIRECTION ( 'NONE',  ( -6.845769268624743030E-16, 9.436895709313777345E-16, 1.000000000000000000 ) ) ;
#3927 = ORIENTED_EDGE ( 'NONE', *, *, #3730, .F. ) ;
#3928 = ORIENTED_EDGE ( 'NONE', *, *, #3497, .F. ) ;
#3929 = VECTOR ( 'NONE', #2963, 1000.000000000000000 ) ;
#3930 = VERTEX_POINT ( 'NONE', #3885 ) ;
#3931 = LINE ( 'NONE', #2337, #2637 ) ;
#3932 = CARTESIAN_POINT ( 'NONE',  ( 2.470000000000027729, -2.023130304122683576, -1.531436993182061501 ) ) ;
#3933 = AXIS2_PLACEMENT_3D ( 'NONE', #602, #3571, #2398 ) ;
#3934 = CARTESIAN_POINT ( 'NONE',  ( 0.9700000000000541522, 2.217642729627267162, 0.2694351750214263319 ) ) ;
#3935 = CARTESIAN_POINT ( 'NONE',  ( 0.9699999999999986411, 2.497005303495503092, -0.4483746272442995506 ) ) ;
#3936 = CARTESIAN_POINT ( 'NONE',  ( 0.9843342201064364527, 2.419158929571618710, 0.2709282273876956193 ) ) ;
#3937 = EDGE_CURVE ( 'NONE', #2563, #4263, #3107, .T. ) ;
#3938 = VECTOR ( 'NONE', #3629, 1000.000000000000000 ) ;
#3939 = CYLINDRICAL_SURFACE ( 'NONE', #131, 1.229500000000014692 ) ;
#3940 = DIRECTION ( 'NONE',  ( -1.000000000000000000, -3.110410790118177818E-16, 7.400880780937398214E-16 ) ) ;
#3941 = VERTEX_POINT ( 'NONE', #67 ) ;
#3942 = LINE ( 'NONE', #1440, #1619 ) ;
#3943 = ADVANCED_FACE ( 'NONE', ( #1777 ), #3939, .F. ) ;
#3944 = VECTOR ( 'NONE', #3967, 999.9999999999998863 ) ;
#3945 = DIRECTION ( 'NONE',  ( -1.445076253180192051E-16, -1.000000000000000000, 2.553512956637819811E-15 ) ) ;
#3946 = LINE ( 'NONE', #1394, #4051 ) ;
#3947 = AXIS2_PLACEMENT_3D ( 'NONE', #4552, #246, #300 ) ;
#3948 = ORIENTED_EDGE ( 'NONE', *, *, #1901, .T. ) ;
#3949 = DIRECTION ( 'NONE',  ( 4.459711669232670599E-16, 0.8784603474769291376, -0.4778152549999977738 ) ) ;
#3950 = ADVANCED_FACE ( 'NONE', ( #153, #3546 ), #1438, .F. ) ;
#3951 = EDGE_CURVE ( 'NONE', #1897, #4116, #599, .T. ) ;
#3952 = VERTEX_POINT ( 'NONE', #3157 ) ;
#3953 = VECTOR ( 'NONE', #2874, 1000.000000000000000 ) ;
#3954 = SHAPE_DEFINITION_REPRESENTATION ( #4398, #966 ) ;
#3955 = LINE ( 'NONE', #5289, #4208 ) ;
#3956 = STYLED_ITEM ( 'NONE', ( #3243 ), #3771 ) ;
#3957 = CARTESIAN_POINT ( 'NONE',  ( 0.9700000000000541522, 2.215529865583709679, 0.2812557462897880001 ) ) ;
#3958 = VERTEX_POINT ( 'NONE', #935 ) ;
#3959 = ORIENTED_EDGE ( 'NONE', *, *, #4519, .T. ) ;
#3960 = CYLINDRICAL_SURFACE ( 'NONE', #2362, 2.100000000000019629 ) ;
#3961 = AXIS2_PLACEMENT_3D ( 'NONE', #5369, #745, #1559 ) ;
#3962 = LINE ( 'NONE', #2313, #4914 ) ;
#3963 = DIRECTION ( 'NONE',  ( 1.000000000000000000, 2.000187765493029413E-16, 6.845769268624692740E-16 ) ) ;
#3964 = CARTESIAN_POINT ( 'NONE',  ( 0.9699999999999986411, 2.327085933562039521, -0.05286747059678187366 ) ) ;
#3965 = LINE ( 'NONE', #2568, #4826 ) ;
#3966 = VECTOR ( 'NONE', #3822, 1000.000000000000000 ) ;
#3967 = DIRECTION ( 'NONE',  ( -4.645108056928707144E-16, 0.6322109769216978092, 0.7747962833285357842 ) ) ;
#3968 = VECTOR ( 'NONE', #1615, 1000.000000000000000 ) ;
#3969 = SURFACE_STYLE_USAGE ( .BOTH. , #2246 ) ;
#3970 = EDGE_CURVE ( 'NONE', #5143, #2204, #3911, .T. ) ;
#3971 = ORIENTED_EDGE ( 'NONE', *, *, #2377, .F. ) ;
#3972 = CARTESIAN_POINT ( 'NONE',  ( 0.9843342201064364527, 1.579261356762895474, 8.326672684688674053E-14 ) ) ;
#3973 = AXIS2_PLACEMENT_3D ( 'NONE', #3533, #633, #5288 ) ;
#3974 = PLANE ( 'NONE',  #2345 ) ;
#3975 = CARTESIAN_POINT ( 'NONE',  ( 2.450950000000062801, -2.077310761883333079, -1.437593687563285094 ) ) ;
#3976 = EDGE_CURVE ( 'NONE', #4465, #852, #3493, .T. ) ;
#3977 = ORIENTED_EDGE ( 'NONE', *, *, #4772, .T. ) ;
#3978 = CARTESIAN_POINT ( 'NONE',  ( 0.9700000000000541522, 2.418816341710844142, 0.2702983817565729474 ) ) ;
#3979 = EDGE_LOOP ( 'NONE', ( #980, #1223, #997, #394 ) ) ;
#3980 = PLANE ( 'NONE',  #2699 ) ;
#3981 = ADVANCED_FACE ( 'NONE', ( #4356 ), #125, .F. ) ;
#3982 = EDGE_CURVE ( 'NONE', #4694, #5350, #1988, .T. ) ;
#3983 = CARTESIAN_POINT ( 'NONE',  ( 0.9843342201064364527, 2.521531062727455641, -0.2346925392427562373 ) ) ;
#3984 = ORIENTED_EDGE ( 'NONE', *, *, #1321, .T. ) ;
#3985 = VERTEX_POINT ( 'NONE', #651 ) ;
#3986 = PLANE ( 'NONE',  #4496 ) ;
#3987 = LINE ( 'NONE', #171, #654 ) ;
#3988 = ADVANCED_FACE ( 'NONE', ( #4514 ), #4072, .F. ) ;
#3989 = FACE_OUTER_BOUND ( 'NONE', #1154, .T. ) ;
#3990 = LINE ( 'NONE', #3543, #1611 ) ;
#3991 = DIRECTION ( 'NONE',  ( -6.221421824593029792E-18, 0.9720757995434984311, 0.2346670832091035386 ) ) ;
#3992 = CARTESIAN_POINT ( 'NONE',  ( 0.9699999999999986411, 2.125255814197590798, -0.05453024012817830890 ) ) ;
#3993 = DIRECTION ( 'NONE',  ( 1.445076253180192051E-16, 1.000000000000000000, -2.553512956637819811E-15 ) ) ;
#3994 = ORIENTED_EDGE ( 'NONE', *, *, #1501, .F. ) ;
#3995 = LINE ( 'NONE', #684, #2947 ) ;
#3996 = PLANE ( 'NONE',  #2876 ) ;
#3997 = CARTESIAN_POINT ( 'NONE',  ( 0.9700000000000541522, 1.737768876015094444, -0.1974467148554287510 ) ) ;
#3998 = ORIENTED_EDGE ( 'NONE', *, *, #2518, .T. ) ;
#3999 = DIRECTION ( 'NONE',  ( 6.877477688584548560E-16, 0.01919882409553617594, -0.9998156855907736063 ) ) ;
#4000 = LINE ( 'NONE', #2769, #1005 ) ;
#4001 = EDGE_LOOP ( 'NONE', ( #1823, #2180 ) ) ;
#4002 = EDGE_CURVE ( 'NONE', #4414, #1655, #1515, .T. ) ;
#4003 = DIRECTION ( 'NONE',  ( -1.167520497023873827E-16, -1.000000000000000000, 9.436895709313777345E-16 ) ) ;
#4004 = LINE ( 'NONE', #1449, #484 ) ;
#4005 = CARTESIAN_POINT ( 'NONE',  ( 0.9700000000000541522, 2.317249791725151109, 0.2773050918867953074 ) ) ;
#4006 = EDGE_LOOP ( 'NONE', ( #2408, #5060, #2173, #2916 ) ) ;
#4007 = EDGE_CURVE ( 'NONE', #3014, #2572, #4460, .T. ) ;
#4008 = ORIENTED_EDGE ( 'NONE', *, *, #1975, .T. ) ;
#4009 = DIRECTION ( 'NONE',  ( 4.433975358533277689E-16, 0.8351291180228916922, -0.5500539575626260946 ) ) ;
#4010 = VECTOR ( 'NONE', #1011, 1000.000000000000114 ) ;
#4011 = LINE ( 'NONE', #150, #1075 ) ;
#4012 = VECTOR ( 'NONE', #794, 1000.000000000000000 ) ;
#4013 = CARTESIAN_POINT ( 'NONE',  ( 0.9843342201064364527, 2.520332721926532571, 0.2680507760427636166 ) ) ;
#4014 = CARTESIAN_POINT ( 'NONE',  ( 0.9843342201064364527, 2.125255814197618776, 0.2850196258058629306 ) ) ;
#4015 = ADVANCED_FACE ( 'NONE', ( #4882, #3289 ), #4961, .T. ) ;
#4016 = ORIENTED_EDGE ( 'NONE', *, *, #1840, .T. ) ;
#4017 = EDGE_CURVE ( 'NONE', #891, #3985, #286, .T. ) ;
#4018 = AXIS2_PLACEMENT_3D ( 'NONE', #1045, #4437, #1990 ) ;
#4019 = DIRECTION ( 'NONE',  ( -0.7071067811865435759, 0.7071067811865515695, -1.862978718107982974E-15 ) ) ;
#4020 = ORIENTED_EDGE ( 'NONE', *, *, #874, .T. ) ;
#4021 = DIRECTION ( 'NONE',  ( -4.489966181392269624E-17, -0.9707037360529247039, -0.2402795388977053692 ) ) ;
#4022 = AXIS2_PLACEMENT_3D ( 'NONE', #5313, #999, #1052 ) ;
#4023 = LINE ( 'NONE', #1393, #5371 ) ;
#4024 = CARTESIAN_POINT ( 'NONE',  ( 2.450950000000007289, -1.857789974495593910, -0.7092133743810680180 ) ) ;
#4025 = VERTEX_POINT ( 'NONE', #3645 ) ;
#4026 = DIRECTION ( 'NONE',  ( 6.814972098481682766E-16, 0.5611319948296270566, -0.8277263342304165272 ) ) ;
#4027 = CARTESIAN_POINT ( 'NONE',  ( 2.470000000000027729, -1.857789974495566154, -0.7092133743810125068 ) ) ;
#4028 = ORIENTED_EDGE ( 'NONE', *, *, #5413, .T. ) ;
#4029 = CARTESIAN_POINT ( 'NONE',  ( 0.9843342201064919639, 1.975537752030132044, -0.3268890226827969592 ) ) ;
#4030 = ADVANCED_FACE ( 'NONE', ( #2346 ), #4095, .F. ) ;
#4031 = LINE ( 'NONE', #3983, #4831 ) ;
#4032 = VECTOR ( 'NONE', #3508, 1000.000000000000000 ) ;
#4033 = VECTOR ( 'NONE', #4533, 1000.000000000000000 ) ;
#4034 = VERTEX_POINT ( 'NONE', #729 ) ;
#4035 = ORIENTED_EDGE ( 'NONE', *, *, #4792, .F. ) ;
#4036 = DIRECTION ( 'NONE',  ( 1.000000000000000000, 1.722632009336720063E-16, -7.400880780937477100E-16 ) ) ;
#4037 = LINE ( 'NONE', #5245, #2777 ) ;
#4038 = VECTOR ( 'NONE', #4973, 1000.000000000000000 ) ;
#4039 = EDGE_CURVE ( 'NONE', #5401, #3839, #2319, .T. ) ;
#4040 = CARTESIAN_POINT ( 'NONE',  ( 0.9699999999999986411, 2.472115022385090732, -0.4641528512045606236 ) ) ;
#4041 = CARTESIAN_POINT ( 'NONE',  ( 0.9699999999999986411, 2.478158560289850598, -0.4607464548394973880 ) ) ;
#4042 = FACE_OUTER_BOUND ( 'NONE', #3915, .T. ) ;
#4043 = VECTOR ( 'NONE', #2995, 1000.000000000000000 ) ;
#4044 = ORIENTED_EDGE ( 'NONE', *, *, #1591, .F. ) ;
#4045 = DIRECTION ( 'NONE',  ( 2.208597309011063731E-16, -0.8660254037844428154, -0.4999999999999927280 ) ) ;
#4046 = VECTOR ( 'NONE', #4328, 1000.000000000000000 ) ;
#4047 = ADVANCED_FACE ( 'NONE', ( #3621 ), #3265, .F. ) ;
#4048 = VERTEX_POINT ( 'NONE', #5326 ) ;
#4049 = EDGE_CURVE ( 'NONE', #1552, #346, #5353, .T. ) ;
#4050 = CARTESIAN_POINT ( 'NONE',  ( 0.9699999999999986411, 2.521531062727539130, -0.07459528143340110606 ) ) ;
#4051 = VECTOR ( 'NONE', #3088, 1000.000000000000000 ) ;
#4052 = FILL_AREA_STYLE ('',( #2764 ) ) ;
#4053 = FACE_OUTER_BOUND ( 'NONE', #1245, .T. ) ;
#4054 = ORIENTED_EDGE ( 'NONE', *, *, #3093, .F. ) ;
#4055 = LINE ( 'NONE', #243, #2683 ) ;
#4056 = AXIS2_PLACEMENT_3D ( 'NONE', #524, #3940, #3494 ) ;
#4057 = CARTESIAN_POINT ( 'NONE',  ( 0.9700000000000293943, -1.380728864575075780E-13, -3.174999999999779554 ) ) ;
#4058 = VERTEX_POINT ( 'NONE', #1173 ) ;
#4059 = PLANE ( 'NONE',  #3947 ) ;
#4060 = CARTESIAN_POINT ( 'NONE',  ( 2.470000000000027729, -2.192195559948734385, -1.053329161976146455 ) ) ;
#4061 = ORIENTED_EDGE ( 'NONE', *, *, #5510, .T. ) ;
#4062 = ORIENTED_EDGE ( 'NONE', *, *, #4986, .F. ) ;
#4063 = CARTESIAN_POINT ( 'NONE',  ( 0.1119230769230907530, -5.572026907377945022E-14, 2.100000000000019629 ) ) ;
#4064 = EDGE_CURVE ( 'NONE', #2098, #178, #1096, .T. ) ;
#4065 = DIRECTION ( 'NONE',  ( 5.782411586726047512E-16, -5.551115123125739315E-16, -1.000000000000000000 ) ) ;
#4066 = LINE ( 'NONE', #174, #2240 ) ;
#4067 = DIRECTION ( 'NONE',  ( 1.832516816959995352E-16, 0.9916040896878421940, -0.1293109790943751947 ) ) ;
#4068 = DIRECTION ( 'NONE',  ( -1.000000000000000000, -1.722632009336724254E-16, 4.070211707061878303E-16 ) ) ;
#4069 = EDGE_LOOP ( 'NONE', ( #3853, #2257, #336, #5506 ) ) ;
#4070 = ORIENTED_EDGE ( 'NONE', *, *, #11, .T. ) ;
#4071 = ADVANCED_FACE ( 'NONE', ( #2018 ), #1544, .T. ) ;
#4072 = PLANE ( 'NONE',  #2441 ) ;
#4073 = ORIENTED_EDGE ( 'NONE', *, *, #2787, .T. ) ;
#4074 = CARTESIAN_POINT ( 'NONE',  ( 2.450950000000090334, 1.882174645852108252, -0.9933455343580643859 ) ) ;
#4075 = EDGE_CURVE ( 'NONE', #3861, #2857, #4486, .T. ) ;
#4076 = CARTESIAN_POINT ( 'NONE',  ( 0.9700000000000541522, 1.975537752029993266, 0.3948905628680179913 ) ) ;
#4077 = CARTESIAN_POINT ( 'NONE',  ( 0.9843342201064364527, 2.371827334780168606, 0.1404019658359234590 ) ) ;
#4078 = ORIENTED_EDGE ( 'NONE', *, *, #69, .T. ) ;
#4079 = PLANE ( 'NONE',  #899 ) ;
#4080 = PLANE ( 'NONE',  #1010 ) ;
#4081 = ORIENTED_EDGE ( 'NONE', *, *, #4175, .T. ) ;
#4082 = EDGE_CURVE ( 'NONE', #1684, #1919, #4936, .T. ) ;
#4083 = DIRECTION ( 'NONE',  ( 1.000000000000000000, 1.722632009336712421E-16, -4.625323219374409242E-16 ) ) ;
#4084 = PRESENTATION_STYLE_ASSIGNMENT (( #693 ) ) ;
#4085 = DIRECTION ( 'NONE',  ( 1.000000000000000000, 1.722632009336724254E-16, -4.070211707061878303E-16 ) ) ;
#4086 = EDGE_LOOP ( 'NONE', ( #2529, #4180, #4650, #2661 ) ) ;
#4087 = VERTEX_POINT ( 'NONE', #2759 ) ;
#4088 = LINE ( 'NONE', #3280, #232 ) ;
#4089 = CARTESIAN_POINT ( 'NONE',  ( 0.9699999999999986411, 2.172282090100813079, -0.05453024012856688696 ) ) ;
#4090 = FACE_OUTER_BOUND ( 'NONE', #1006, .T. ) ;
#4091 = DIRECTION ( 'NONE',  ( -1.000000000000000000, -3.110410790118177818E-16, 7.400880780937398214E-16 ) ) ;
#4092 = DIRECTION ( 'NONE',  ( 1.344989530423940680E-16, 0.9980805391703133633, -0.06192929298398618804 ) ) ;
#4093 = ORIENTED_EDGE ( 'NONE', *, *, #4254, .F. ) ;
#4094 = EDGE_LOOP ( 'NONE', ( #4219, #1626, #480, #775 ) ) ;
#4095 = PLANE ( 'NONE',  #3067 ) ;
#4096 = EDGE_LOOP ( 'NONE', ( #5119, #1947, #2962, #4535 ) ) ;
#4097 = PLANE ( 'NONE',  #4191 ) ;
#4098 = EDGE_CURVE ( 'NONE', #4988, #1684, #1124, .T. ) ;
#4099 = VECTOR ( 'NONE', #864, 1000.000000000000000 ) ;
#4100 = CARTESIAN_POINT ( 'NONE',  ( 0.9699999999999986411, 2.189101863973724527, -0.2588745816993337501 ) ) ;
#4101 = DIRECTION ( 'NONE',  ( 1.020184258668090813E-16, 0.9998027306933630065, 0.01986201646597140699 ) ) ;
#4102 = VERTEX_POINT ( 'NONE', #5435 ) ;
#4103 = VECTOR ( 'NONE', #5163, 1000.000000000000000 ) ;
#4104 = DIRECTION ( 'NONE',  ( -1.803624015214571671E-16, 0.8554820535829624761, 0.5178324593895956562 ) ) ;
#4105 = EDGE_CURVE ( 'NONE', #2983, #2498, #5464, .T. ) ;
#4106 = DIRECTION ( 'NONE',  ( -7.544538134627805428E-16, -0.1089854748730416517, 0.9940433422475588587 ) ) ;
#4107 = ORIENTED_EDGE ( 'NONE', *, *, #4451, .T. ) ;
#4108 = DIRECTION ( 'NONE',  ( 0.000000000000000000, 5.505339963068690462E-16, 1.000000000000000000 ) ) ;
#4109 = CYLINDRICAL_SURFACE ( 'NONE', #4851, 2.637500000000020606 ) ;
#4110 = VECTOR ( 'NONE', #5481, 1000.000000000000000 ) ;
#4111 = EDGE_CURVE ( 'NONE', #2645, #4599, #368, .T. ) ;
#4112 = EDGE_CURVE ( 'NONE', #4087, #1899, #1624, .T. ) ;
#4113 = CARTESIAN_POINT ( 'NONE',  ( 0.9700000000000541522, 1.777399554396624781, -0.1634445113407462236 ) ) ;
#4114 = ORIENTED_EDGE ( 'NONE', *, *, #1213, .F. ) ;
#4115 = AXIS2_PLACEMENT_3D ( 'NONE', #1437, #2218, #5194 ) ;
#4116 = VERTEX_POINT ( 'NONE', #1260 ) ;
#4117 = CARTESIAN_POINT ( 'NONE',  ( 0.9699999999999986411, 2.374112209464901646, 0.01740461005357574198 ) ) ;
#4118 = DIRECTION ( 'NONE',  ( -1.000000000000000000, -2.000187765493021278E-16, 7.400880780937300593E-16 ) ) ;
#4119 = VECTOR ( 'NONE', #1528, 1000.000000000000000 ) ;
#4120 = DIRECTION ( 'NONE',  ( 6.658257786628596484E-16, -0.5000000000000158762, -0.8660254037844294928 ) ) ;
#4121 = VECTOR ( 'NONE', #3038, 1000.000000000000000 ) ;
#4122 = CARTESIAN_POINT ( 'NONE',  ( 2.470000000000027729, 1.955864932623258001, -1.196427175165035273 ) ) ;
#4123 = ORIENTED_EDGE ( 'NONE', *, *, #3220, .F. ) ;
#4124 = EDGE_LOOP ( 'NONE', ( #3694, #1887, #4016, #3012, #4475, #1161, #3029, #4840, #926, #4952, #3085, #2956, #1768, #494, #2357, #4403, #2508, #5201, #867, #3812, #3264, #5396, #4156, #3894 ) ) ;
#4125 = AXIS2_PLACEMENT_3D ( 'NONE', #5000, #2799, #4108 ) ;
#4126 = CARTESIAN_POINT ( 'NONE',  ( 0.9699999999999986411, 2.482991741358548055, -0.4571493088654787762 ) ) ;
#4127 = ORIENTED_EDGE ( 'NONE', *, *, #2644, .F. ) ;
#4128 = FACE_OUTER_BOUND ( 'NONE', #3215, .T. ) ;
#4129 = VECTOR ( 'NONE', #1661, 1000.000000000000000 ) ;
#4130 = EDGE_CURVE ( 'NONE', #4924, #2447, #1292, .T. ) ;
#4131 = AXIS2_PLACEMENT_3D ( 'NONE', #3729, #3318, #5018 ) ;
#4132 = CARTESIAN_POINT ( 'NONE',  ( 2.470000000000027729, -2.337828492452703522, -0.9863637419449261534 ) ) ;
#4133 = DIRECTION ( 'NONE',  ( -6.845769268624692740E-16, 5.551115123125739315E-16, 1.000000000000000000 ) ) ;
#4134 = ORIENTED_EDGE ( 'NONE', *, *, #2910, .F. ) ;
#4135 = DIRECTION ( 'NONE',  ( -1.167520497023873827E-16, -1.000000000000000000, 9.436895709313777345E-16 ) ) ;
#4136 = CARTESIAN_POINT ( 'NONE',  ( 2.450949999999840756, -0.06106376598083440577, 2.273457506809878126 ) ) ;
#4137 = VECTOR ( 'NONE', #2378, 1000.000000000000000 ) ;
#4138 = VERTEX_POINT ( 'NONE', #2153 ) ;
#4139 = ADVANCED_FACE ( 'NONE', ( #1656 ), #4265, .F. ) ;
#4140 = CARTESIAN_POINT ( 'NONE',  ( 2.469999999999805684, -0.1043506507302505160, 2.417505155565644159 ) ) ;
#4141 = DIRECTION ( 'NONE',  ( 7.400880780937299607E-16, 5.551115123125742273E-16, 1.000000000000000000 ) ) ;
#4142 = VECTOR ( 'NONE', #888, 999.9999999999998863 ) ;
#4143 = CARTESIAN_POINT ( 'NONE',  ( 0.9699999999999986411, 2.495373293259495195, -0.4531261570465683342 ) ) ;
#4144 = ORIENTED_EDGE ( 'NONE', *, *, #3329, .F. ) ;
#4145 = EDGE_LOOP ( 'NONE', ( #2611, #2869, #906, #4702, #2402, #3339, #3052, #1331, #5255, #1575, #4262, #3495, #3290, #2805 ) ) ;
#4146 = CARTESIAN_POINT ( 'NONE',  ( 0.9699999999999986411, 2.521531062727372152, -0.3948934297109130132 ) ) ;
#4147 = EDGE_CURVE ( 'NONE', #1610, #1044, #5136, .T. ) ;
#4148 = LINE ( 'NONE', #5426, #2262 ) ;
#4149 = DIRECTION ( 'NONE',  ( -1.000000000000000000, -2.000187765493021278E-16, 7.400880780937300593E-16 ) ) ;
#4150 = CARTESIAN_POINT ( 'NONE',  ( 2.469999999999972218, -1.700440880330583715, -0.9817499999996426308 ) ) ;
#4151 = ORIENTED_EDGE ( 'NONE', *, *, #992, .F. ) ;
#4152 = ORIENTED_EDGE ( 'NONE', *, *, #879, .F. ) ;
#4153 = VERTEX_POINT ( 'NONE', #4209 ) ;
#4154 = EDGE_CURVE ( 'NONE', #415, #3485, #2954, .T. ) ;
#4155 = CARTESIAN_POINT ( 'NONE',  ( 0.7275000000000447775, -2.205804983113068829E-13, 2.637500000000270184 ) ) ;
#4156 = ORIENTED_EDGE ( 'NONE', *, *, #3809, .T. ) ;
#4157 = FACE_BOUND ( 'NONE', #5159, .T. ) ;
#4158 = CARTESIAN_POINT ( 'NONE',  ( 0.4850000000000131983, -1.387778780781445676E-13, 1.804112415015879378E-13 ) ) ;
#4159 = DIRECTION ( 'NONE',  ( -7.306432093153147741E-16, -0.1656482450844289911, 0.9861849009696148638 ) ) ;
#4160 = VERTEX_POINT ( 'NONE', #2988 ) ;
#4161 = FACE_OUTER_BOUND ( 'NONE', #3327, .T. ) ;
#4162 = DIRECTION ( 'NONE',  ( 4.916917402473335227E-16, 0.8164082640122273249, -0.5774751479090173278 ) ) ;
#4163 = ORIENTED_EDGE ( 'NONE', *, *, #2067, .F. ) ;
#4164 = DIRECTION ( 'NONE',  ( 6.394802481825513173E-17, -0.9514311915324672464, -0.3078614749836516840 ) ) ;
#4165 = FILL_AREA_STYLE ('',( #4608 ) ) ;
#4166 = VERTEX_POINT ( 'NONE', #2542 ) ;
#4167 = LINE ( 'NONE', #1561, #645 ) ;
#4168 = EDGE_CURVE ( 'NONE', #98, #5388, #452, .T. ) ;
#4169 = ORIENTED_EDGE ( 'NONE', *, *, #885, .F. ) ;
#4170 = ORIENTED_EDGE ( 'NONE', *, *, #4287, .T. ) ;
#4171 = FACE_OUTER_BOUND ( 'NONE', #5516, .T. ) ;
#4172 = LINE ( 'NONE', #1567, #299 ) ;
#4173 = LINE ( 'NONE', #2061, #5344 ) ;
#4174 = DIRECTION ( 'NONE',  ( 4.619824724853993812E-16, 0.8660254037844352659, -0.5000000000000058842 ) ) ;
#4175 = EDGE_CURVE ( 'NONE', #866, #2998, #3816, .T. ) ;
#4176 = VERTEX_POINT ( 'NONE', #1322 ) ;
#4177 = ORIENTED_EDGE ( 'NONE', *, *, #4039, .F. ) ;
#4178 = VERTEX_POINT ( 'NONE', #3404 ) ;
#4179 = FACE_OUTER_BOUND ( 'NONE', #325, .T. ) ;
#4180 = ORIENTED_EDGE ( 'NONE', *, *, #141, .F. ) ;
#4181 = LINE ( 'NONE', #427, #1083 ) ;
#4182 = EDGE_CURVE ( 'NONE', #2615, #3913, #4685, .T. ) ;
#4183 = EDGE_CURVE ( 'NONE', #4621, #3334, #2100, .T. ) ;
#4184 = CARTESIAN_POINT ( 'NONE',  ( 0.9843342201064364527, 2.249684011831426744, 0.01740461005364513092 ) ) ;
#4185 = DIRECTION ( 'NONE',  ( 5.782411586726047512E-16, -5.551115123125739315E-16, -1.000000000000000000 ) ) ;
#4186 = ORIENTED_EDGE ( 'NONE', *, *, #4200, .T. ) ;
#4187 = CARTESIAN_POINT ( 'NONE',  ( 0.9699999999999986411, 2.466294610879687710, -0.4655277348273173521 ) ) ;
#4188 = AXIS2_PLACEMENT_3D ( 'NONE', #3010, #509, #607 ) ;
#4189 = ORIENTED_EDGE ( 'NONE', *, *, #572, .T. ) ;
#4190 = DIRECTION ( 'NONE',  ( 6.758753175277436510E-16, 0.1838112450280011134, -0.9829615588624288636 ) ) ;
#4191 = AXIS2_PLACEMENT_3D ( 'NONE', #179, #1546, #1940 ) ;
#4192 = DIRECTION ( 'NONE',  ( 1.000000000000000000, 2.000187765493021278E-16, -7.400880780937300593E-16 ) ) ;
#4193 = ORIENTED_EDGE ( 'NONE', *, *, #5277, .F. ) ;
#4194 = DIRECTION ( 'NONE',  ( -1.000000000000000000, -2.000187765493021278E-16, 7.400880780937300593E-16 ) ) ;
#4195 = ORIENTED_EDGE ( 'NONE', *, *, #1708, .T. ) ;
#4196 = VERTEX_POINT ( 'NONE', #3789 ) ;
#4197 = CARTESIAN_POINT ( 'NONE',  ( 0.9843342201064364527, 2.483238627135203380, -0.4477264981799095045 ) ) ;
#4198 = AXIS2_PLACEMENT_3D ( 'NONE', #694, #4586, #272 ) ;
#4199 = FACE_OUTER_BOUND ( 'NONE', #2813, .T. ) ;
#4200 = EDGE_CURVE ( 'NONE', #72, #3958, #3845, .T. ) ;
#4201 = DIRECTION ( 'NONE',  ( 6.814972098481683752E-16, 0.5611319948296271676, -0.8277263342304166382 ) ) ;
#4202 = DIRECTION ( 'NONE',  ( 1.000000000000000000, 2.000187765493021278E-16, -7.400880780937300593E-16 ) ) ;
#4203 = VECTOR ( 'NONE', #1985, 1000.000000000000000 ) ;
#4204 = ORIENTED_EDGE ( 'NONE', *, *, #4111, .T. ) ;
#4205 = ORIENTED_EDGE ( 'NONE', *, *, #2132, .F. ) ;
#4206 = EDGE_LOOP ( 'NONE', ( #3245, #3286, #1270, #3717 ) ) ;
#4207 = ADVANCED_FACE ( 'NONE', ( #1232 ), #1683, .F. ) ;
#4208 = VECTOR ( 'NONE', #139, 1000.000000000000000 ) ;
#4209 = CARTESIAN_POINT ( 'NONE',  ( 2.450950000000035267, 2.133761685484652837, -1.138599379414545476 ) ) ;
#4210 = VECTOR ( 'NONE', #5184, 1000.000000000000000 ) ;
#4211 = VERTEX_POINT ( 'NONE', #760 ) ;
#4212 = PLANE ( 'NONE',  #1360 ) ;
#4213 = VECTOR ( 'NONE', #603, 1000.000000000000000 ) ;
#4214 = EDGE_CURVE ( 'NONE', #2536, #1318, #2485, .T. ) ;
#4215 = DIRECTION ( 'NONE',  ( -1.000000000000000000, -1.722632009336712421E-16, 4.625323219374409242E-16 ) ) ;
#4216 = ADVANCED_FACE ( 'NONE', ( #4179 ), #2041, .F. ) ;
#4217 = CARTESIAN_POINT ( 'NONE',  ( 0.9843342201064364527, 2.357842869644382944, 0.2479398652344699805 ) ) ;
#4218 = VECTOR ( 'NONE', #3130, 999.9999999999998863 ) ;
#4219 = ORIENTED_EDGE ( 'NONE', *, *, #2771, .T. ) ;
#4220 = DIRECTION ( 'NONE',  ( 6.845769268624742044E-16, -2.886579864025370717E-15, -1.000000000000000000 ) ) ;
#4221 = ORIENTED_EDGE ( 'NONE', *, *, #5303, .T. ) ;
#4222 = CIRCLE ( 'NONE', #1204, 3.175000000000029576 ) ;
#4223 = EDGE_CURVE ( 'NONE', #3913, #4785, #3759, .T. ) ;
#4224 = CARTESIAN_POINT ( 'NONE',  ( 2.450950000000007289, 2.026937716003401668, -1.424233142190769907 ) ) ;
#4225 = DIRECTION ( 'NONE',  ( 7.404133412396956277E-16, 0.001895896748269591250, -0.9999982027861450407 ) ) ;
#4226 = VERTEX_POINT ( 'NONE', #568 ) ;
#4227 = VECTOR ( 'NONE', #3187, 1000.000000000000000 ) ;
#4228 = PLANE ( 'NONE',  #290 ) ;
#4229 = ORIENTED_EDGE ( 'NONE', *, *, #2075, .T. ) ;
#4230 = ORIENTED_EDGE ( 'NONE', *, *, #3566, .F. ) ;
#4231 = CARTESIAN_POINT ( 'NONE',  ( 0.9843342201064364527, 2.237352282273952220, -0.1849315072807306004 ) ) ;
#4232 = AXIS2_PLACEMENT_3D ( 'NONE', #1535, #4954, #5403 ) ;
#4233 = CARTESIAN_POINT ( 'NONE',  ( 0.9699999999999986411, 2.483238627135203380, -0.4875612958556310161 ) ) ;
#4234 = FILL_AREA_STYLE ('',( #4734 ) ) ;
#4235 = CARTESIAN_POINT ( 'NONE',  ( 0.9700000000000541522, 2.316464276462898653, 0.1510640454359946094 ) ) ;
#4236 = EDGE_LOOP ( 'NONE', ( #1514, #800, #549, #838 ) ) ;
#4237 = ORIENTED_EDGE ( 'NONE', *, *, #1502, .F. ) ;
#4238 = VERTEX_POINT ( 'NONE', #3102 ) ;
#4239 = DIRECTION ( 'NONE',  ( -6.831545672378266472E-16, 0.008115419334605227658, 0.9999670694423009598 ) ) ;
#4240 = CARTESIAN_POINT ( 'NONE',  ( 0.9699999999999986411, 2.503720345611776033, -0.4485786285236964543 ) ) ;
#4241 = VERTEX_POINT ( 'NONE', #3044 ) ;
#4242 = PLANE ( 'NONE',  #94 ) ;
#4243 = EDGE_CURVE ( 'NONE', #3113, #1000, #1826, .T. ) ;
#4244 = LINE ( 'NONE', #1630, #4846 ) ;
#4245 = DIRECTION ( 'NONE',  ( 7.400880780937299607E-16, 5.551115123125742273E-16, 1.000000000000000000 ) ) ;
#4246 = ORIENTED_EDGE ( 'NONE', *, *, #3001, .T. ) ;
#4247 = CARTESIAN_POINT ( 'NONE',  ( 0.9699999999999986411, 2.471483893426634992, -0.4542524141098597257 ) ) ;
#4248 = ADVANCED_FACE ( 'NONE', ( #5246, #148 ), #2186, .T. ) ;
#4249 = VERTEX_POINT ( 'NONE', #541 ) ;
#4250 = CARTESIAN_POINT ( 'NONE',  ( 0.9699999999999986411, 2.490921390337408337, -0.4417785858742279137 ) ) ;
#4251 = CARTESIAN_POINT ( 'NONE',  ( 0.9843342201064364527, 2.489954509273251126, -0.4551746698936293134 ) ) ;
#4252 = EDGE_LOOP ( 'NONE', ( #1482, #423, #4237, #2424, #954 ) ) ;
#4253 = CARTESIAN_POINT ( 'NONE',  ( 0.9843342201064919639, 2.421942635116219655, 0.2887058138483500347 ) ) ;
#4254 = EDGE_CURVE ( 'NONE', #3930, #5388, #2238, .T. ) ;
#4255 = ORIENTED_EDGE ( 'NONE', *, *, #2110, .F. ) ;
#4256 = VERTEX_POINT ( 'NONE', #5267 ) ;
#4257 = FACE_BOUND ( 'NONE', #2151, .T. ) ;
#4258 = DIRECTION ( 'NONE',  ( -1.000000000000000000, -1.722632009336712421E-16, 4.625323219374409242E-16 ) ) ;
#4259 = FACE_OUTER_BOUND ( 'NONE', #1607, .T. ) ;
#4260 = CARTESIAN_POINT ( 'NONE',  ( 0.9700000000000541522, 1.737768876015094444, -0.1974467148554287510 ) ) ;
#4261 = VERTEX_POINT ( 'NONE', #3932 ) ;
#4262 = ORIENTED_EDGE ( 'NONE', *, *, #681, .F. ) ;
#4263 = VERTEX_POINT ( 'NONE', #959 ) ;
#4264 = CARTESIAN_POINT ( 'NONE',  ( 0.9700000000000541522, 2.368266714505629089, 0.2891414307972656195 ) ) ;
#4265 = PLANE ( 'NONE',  #670 ) ;
#4266 = DIRECTION ( 'NONE',  ( 3.402826124941147549E-16, -0.7693267868930279141, -0.6388554570236131269 ) ) ;
#4267 = DIRECTION ( 'NONE',  ( -7.400880780937299607E-16, -5.551115123125742273E-16, -1.000000000000000000 ) ) ;
#4268 = DIRECTION ( 'NONE',  ( -1.000000000000000000, -2.000187765493021278E-16, 7.400880780937300593E-16 ) ) ;
#4269 = DIRECTION ( 'NONE',  ( -7.400880780937299607E-16, -5.551115123125742273E-16, -1.000000000000000000 ) ) ;
#4270 = EDGE_CURVE ( 'NONE', #2507, #2098, #1348, .T. ) ;
#4271 = VERTEX_POINT ( 'NONE', #3542 ) ;
#4272 = CARTESIAN_POINT ( 'NONE',  ( 2.470000000000055707, 1.590464268307195672, -1.172235079669542435 ) ) ;
#4273 = ORIENTED_EDGE ( 'NONE', *, *, #2001, .F. ) ;
#4274 = CLOSED_SHELL ( 'NONE', ( #2484, #3504, #4374, #1226, #3212, #4858, #4207, #2888, #5095, #4325, #545, #902, #4416, #2959, #540, #4397, #1603, #2375, #3826, #855, #4047, #1127, #2314, #2816, #4549, #5088, #909, #1910, #963, #4836, #5365, #3443, #3065, #2722, #4420, #5295, #238, #2277, #4646, #4248 ) ) ;
#4275 = CARTESIAN_POINT ( 'NONE',  ( 2.470000000016624675, 1.953053935977193202E-13, 1.499999999964902297 ) ) ;
#4276 = LINE ( 'NONE', #3447, #946 ) ;
#4277 = EDGE_CURVE ( 'NONE', #275, #1122, #4351, .T. ) ;
#4278 = ORIENTED_EDGE ( 'NONE', *, *, #3472, .F. ) ;
#4279 = VECTOR ( 'NONE', #755, 1000.000000000000000 ) ;
#4280 = CARTESIAN_POINT ( 'NONE',  ( 0.9843342201064364527, 2.125255814197868354, -0.2346925392432419599 ) ) ;
#4281 = ORIENTED_EDGE ( 'NONE', *, *, #647, .T. ) ;
#4282 = VERTEX_POINT ( 'NONE', #4407 ) ;
#4283 = CARTESIAN_POINT ( 'NONE',  ( 2.450949999999840756, -0.06106376598072338346, 2.269970088014078513 ) ) ;
#4284 = AXIS2_PLACEMENT_3D ( 'NONE', #3189, #4889, #1074 ) ;
#4285 = DIRECTION ( 'NONE',  ( 1.000000000000000000, 1.722632009336720063E-16, -7.400880780937477100E-16 ) ) ;
#4286 = EDGE_CURVE ( 'NONE', #2077, #5416, #4741, .T. ) ;
#4287 = EDGE_CURVE ( 'NONE', #4465, #3278, #173, .T. ) ;
#4288 = FACE_BOUND ( 'NONE', #2549, .T. ) ;
#4289 = DIRECTION ( 'NONE',  ( -4.992923249691015501E-16, 0.4999999999999992228, 0.8660254037844391517 ) ) ;
#4290 = ORIENTED_EDGE ( 'NONE', *, *, #1969, .F. ) ;
#4291 = ORIENTED_EDGE ( 'NONE', *, *, #369, .T. ) ;
#4292 = VECTOR ( 'NONE', #4706, 1000.000000000000000 ) ;
#4293 = EDGE_LOOP ( 'NONE', ( #1986, #5431, #623, #395 ) ) ;
#4294 = CARTESIAN_POINT ( 'NONE',  ( 0.9843342201064364527, 2.125255814197729798, -0.07459528143372029518 ) ) ;
#4295 = PLANE ( 'NONE',  #1296 ) ;
#4296 = CIRCLE ( 'NONE', #4198, 1.499999999964547026 ) ;
#4297 = DIRECTION ( 'NONE',  ( 5.782411586506919702E-16, -5.551115123125739315E-16, -1.000000000000000000 ) ) ;
#4298 = CARTESIAN_POINT ( 'NONE',  ( 0.9699999999999986411, 2.483238627135203380, -0.4785059732241398467 ) ) ;
#4299 = DIRECTION ( 'NONE',  ( 1.000000000000000000, 2.000187765493021278E-16, -7.400880780937300593E-16 ) ) ;
#4300 = AXIS2_PLACEMENT_3D ( 'NONE', #646, #1957, #2392 ) ;
#4301 = CARTESIAN_POINT ( 'NONE',  ( 0.9700000000000541522, 2.217642729627267162, 0.2694351750214263319 ) ) ;
#4302 = CARTESIAN_POINT ( 'NONE',  ( 0.9700000000000541522, 2.418473753850569619, 0.2696685361248257751 ) ) ;
#4303 = VERTEX_POINT ( 'NONE', #4798 ) ;
#4304 = CARTESIAN_POINT ( 'NONE',  ( 2.470000000000055707, 1.886350574325429408, -1.316829575592329160 ) ) ;
#4305 = AXIS2_PLACEMENT_3D ( 'NONE', #4892, #3555, #2772 ) ;
#4306 = VECTOR ( 'NONE', #890, 1000.000000000000114 ) ;
#4307 = ORIENTED_EDGE ( 'NONE', *, *, #1623, .T. ) ;
#4308 = ADVANCED_FACE ( 'NONE', ( #2653 ), #1875, .F. ) ;
#4309 = VECTOR ( 'NONE', #2740, 999.9999999999998863 ) ;
#4310 = CARTESIAN_POINT ( 'NONE',  ( 0.9700000000000541522, 2.092235504760342479, -0.3948934297108852576 ) ) ;
#4311 = FACE_OUTER_BOUND ( 'NONE', #4546, .T. ) ;
#4312 = ORIENTED_EDGE ( 'NONE', *, *, #3792, .T. ) ;
#4313 = DIRECTION ( 'NONE',  ( 1.000000000000000000, 2.000187765493021278E-16, -7.400880780937300593E-16 ) ) ;
#4314 = COLOUR_RGB ( '',1.000000000000000000, 0.5019607843137254832, 0.2509803921568627416 ) ;
#4315 = ORIENTED_EDGE ( 'NONE', *, *, #3359, .T. ) ;
#4316 = ADVANCED_FACE ( 'NONE', ( #3989 ), #5190, .F. ) ;
#4317 = ORIENTED_EDGE ( 'NONE', *, *, #2887, .F. ) ;
#4318 = CARTESIAN_POINT ( 'NONE',  ( 0.9699999999999986411, 2.280059657658956240, 0.01740461005313165277 ) ) ;
#4319 = LINE ( 'NONE', #2144, #928 ) ;
#4320 = VECTOR ( 'NONE', #811, 1000.000000000000227 ) ;
#4321 = FACE_OUTER_BOUND ( 'NONE', #4793, .T. ) ;
#4322 = ORIENTED_EDGE ( 'NONE', *, *, #3337, .T. ) ;
#4323 = ORIENTED_EDGE ( 'NONE', *, *, #2044, .F. ) ;
#4324 = VECTOR ( 'NONE', #211, 1000.000000000000000 ) ;
#4325 = ADVANCED_FACE ( 'NONE', ( #3878 ), #4295, .F. ) ;
#4326 = ORIENTED_EDGE ( 'NONE', *, *, #3951, .F. ) ;
#4327 = DIRECTION ( 'NONE',  ( 6.965087437276567780E-16, 0.3640099799935137548, -0.9313950474772353383 ) ) ;
#4328 = DIRECTION ( 'NONE',  ( -1.000000000000000000, -1.722632009336720063E-16, 7.400880780937477100E-16 ) ) ;
#4329 = VECTOR ( 'NONE', #5492, 1000.000000000000114 ) ;
#4330 = DIRECTION ( 'NONE',  ( 9.561467977824831532E-16, 2.220446049250319490E-16, -1.000000000000000000 ) ) ;
#4331 = FACE_OUTER_BOUND ( 'NONE', #1398, .T. ) ;
#4332 = DIRECTION ( 'NONE',  ( 3.619244920263574002E-17, -0.9514311915324674684, -0.3078614749836507958 ) ) ;
#4333 = EDGE_CURVE ( 'NONE', #3225, #1761, #88, .T. ) ;
#4334 = CARTESIAN_POINT ( 'NONE',  ( 0.9699999999999986411, 2.125255814197590798, -0.05453024012817830890 ) ) ;
#4335 = ORIENTED_EDGE ( 'NONE', *, *, #5197, .T. ) ;
#4336 = LINE ( 'NONE', #2161, #1974 ) ;
#4337 = VERTEX_POINT ( 'NONE', #4376 ) ;
#4338 = DIRECTION ( 'NONE',  ( -1.000000000000000000, -2.000187765493021278E-16, 7.400880780937300593E-16 ) ) ;
#4339 = CARTESIAN_POINT ( 'NONE',  ( 2.469999999999972218, -1.792384863908286219, -0.8224983489919512891 ) ) ;
#4340 = EDGE_LOOP ( 'NONE', ( #2387, #5218, #2210, #924 ) ) ;
#4341 = FACE_OUTER_BOUND ( 'NONE', #26, .T. ) ;
#4342 = ORIENTED_EDGE ( 'NONE', *, *, #5413, .F. ) ;
#4343 = CARTESIAN_POINT ( 'NONE',  ( 0.9699999999999986411, 2.419158929571701755, 0.2709282273878760305 ) ) ;
#4344 = EDGE_CURVE ( 'NONE', #839, #2014, #1772, .T. ) ;
#4345 = CARTESIAN_POINT ( 'NONE',  ( 0.9700000000000541522, 2.380631412769535160, 0.2478931356766911343 ) ) ;
#4346 = CARTESIAN_POINT ( 'NONE',  ( 0.9700000000000541522, 1.499999999999973577, 3.053113317719180486E-13 ) ) ;
#4347 = ORIENTED_EDGE ( 'NONE', *, *, #2243, .T. ) ;
#4348 = ORIENTED_EDGE ( 'NONE', *, *, #3441, .F. ) ;
#4349 = ORIENTED_EDGE ( 'NONE', *, *, #2518, .F. ) ;
#4350 = CARTESIAN_POINT ( 'NONE',  ( 0.9699999999999986411, 2.483238627135203380, -0.4477264981799095045 ) ) ;
#4351 = LINE ( 'NONE', #3123, #2886 ) ;
#4352 = EDGE_CURVE ( 'NONE', #1305, #2361, #4222, .T. ) ;
#4353 = DIRECTION ( 'NONE',  ( 1.000000000000000000, 1.722632009336712421E-16, -4.625323219374409242E-16 ) ) ;
#4354 = CARTESIAN_POINT ( 'NONE',  ( 0.9700000000000541522, 2.440789267712156985, 0.1548669140297720404 ) ) ;
#4355 = DIRECTION ( 'NONE',  ( -1.000000000000000000, -2.000187765493021278E-16, 7.400880780937300593E-16 ) ) ;
#4356 = FACE_OUTER_BOUND ( 'NONE', #4293, .T. ) ;
#4357 = ADVANCED_FACE ( 'NONE', ( #3906 ), #2629, .T. ) ;
#4358 = ORIENTED_EDGE ( 'NONE', *, *, #1937, .F. ) ;
#4359 = PLANE ( 'NONE',  #5081 ) ;
#4360 = DIRECTION ( 'NONE',  ( 2.208597309011112295E-16, -0.8660254037844387076, -0.4999999999999998890 ) ) ;
#4361 = CARTESIAN_POINT ( 'NONE',  ( 0.9843342201063809416, 2.497005303495586581, -0.4483746272443411840 ) ) ;
#4362 = ORIENTED_EDGE ( 'NONE', *, *, #3227, .T. ) ;
#4363 = VECTOR ( 'NONE', #3104, 1000.000000000000227 ) ;
#4364 = CARTESIAN_POINT ( 'NONE',  ( 0.9700000000000541522, 2.357842869644438899, 0.2479398652346503917 ) ) ;
#4365 = EDGE_LOOP ( 'NONE', ( #1112, #4766, #3658, #4317 ) ) ;
#4366 = CARTESIAN_POINT ( 'NONE',  ( 0.9699999999999986411, 2.280059657658761729, -0.05286747059607410648 ) ) ;
#4367 = DIRECTION ( 'NONE',  ( -1.000000000000000000, -1.722632009336720063E-16, 7.400880780937477100E-16 ) ) ;
#4368 = VECTOR ( 'NONE', #1711, 1000.000000000000000 ) ;
#4369 = CARTESIAN_POINT ( 'NONE',  ( 2.470000000000027729, -2.229467576931182471, -1.174050353182798379 ) ) ;
#4370 = ORIENTED_EDGE ( 'NONE', *, *, #1141, .F. ) ;
#4371 = VECTOR ( 'NONE', #4647, 1000.000000000000000 ) ;
#4372 = ORIENTED_EDGE ( 'NONE', *, *, #2644, .T. ) ;
#4373 = CARTESIAN_POINT ( 'NONE',  ( 0.9700000000000541522, 2.314590793894927501, 0.2895770477463893711 ) ) ;
#4374 = ADVANCED_FACE ( 'NONE', ( #1641 ), #2494, .F. ) ;
#4375 =( NAMED_UNIT ( * ) SI_UNIT ( $, .STERADIAN. ) SOLID_ANGLE_UNIT ( ) );
#4376 = CARTESIAN_POINT ( 'NONE',  ( 0.9843342201064919639, 1.975537752030132044, -0.3268890226827969592 ) ) ;
#4377 = AXIS2_PLACEMENT_3D ( 'NONE', #939, #904, #4719 ) ;
#4378 = CARTESIAN_POINT ( 'NONE',  ( 0.9843342201064364527, 2.280059657659233352, -0.01773143027100632096 ) ) ;
#4379 = LINE ( 'NONE', #570, #1001 ) ;
#4380 = LINE ( 'NONE', #5226, #2610 ) ;
#4381 = EDGE_CURVE ( 'NONE', #3554, #2702, #5031, .T. ) ;
#4382 = CIRCLE ( 'NONE', #5445, 2.984499999911372825 ) ;
#4383 = PRESENTATION_STYLE_ASSIGNMENT (( #1355 ) ) ;
#4384 = ORIENTED_EDGE ( 'NONE', *, *, #1333, .T. ) ;
#4385 = DIRECTION ( 'NONE',  ( 3.882700225065658788E-16, -0.5000000000000253131, -0.8660254037844240527 ) ) ;
#4386 = CIRCLE ( 'NONE', #3581, 2.100000000000019629 ) ;
#4387 = ADVANCED_FACE ( 'NONE', ( #2912 ), #4109, .T. ) ;
#4388 = EDGE_CURVE ( 'NONE', #1517, #2124, #2084, .T. ) ;
#4389 = CARTESIAN_POINT ( 'NONE',  ( 0.9699999999999986411, 2.219308366003869271, 0.01740461005332594180 ) ) ;
#4390 = DIRECTION ( 'NONE',  ( -1.000000000000000000, -2.000187765493021278E-16, 7.400880780937300593E-16 ) ) ;
#4391 = AXIS2_PLACEMENT_3D ( 'NONE', #2027, #663, #4582 ) ;
#4392 = EDGE_LOOP ( 'NONE', ( #5480, #1929, #3558, #1958 ) ) ;
#4393 = AXIS2_PLACEMENT_3D ( 'NONE', #1934, #4067, #175 ) ;
#4394 = CARTESIAN_POINT ( 'NONE',  ( 0.9699999999999986411, 2.125255814197951842, -0.2852079774575411175 ) ) ;
#4395 = ORIENTED_EDGE ( 'NONE', *, *, #2413, .T. ) ;
#4396 = VECTOR ( 'NONE', #4164, 1000.000000000000114 ) ;
#4397 = ADVANCED_FACE ( 'NONE', ( #3773 ), #1039, .F. ) ;
#4398 = PRODUCT_DEFINITION_SHAPE ( 'NONE', 'NONE',  #287 ) ;
#4399 = CARTESIAN_POINT ( 'NONE',  ( 2.470000000000027729, -2.337828492452703522, -0.9863637419449261534 ) ) ;
#4400 =( GEOMETRIC_REPRESENTATION_CONTEXT ( 3 ) GLOBAL_UNCERTAINTY_ASSIGNED_CONTEXT ( ( #2589 ) ) GLOBAL_UNIT_ASSIGNED_CONTEXT ( ( #575, #4804, #5274 ) ) REPRESENTATION_CONTEXT ( 'NONE', 'WORKASPACE' ) );
#4401 = DIRECTION ( 'NONE',  ( 6.845769268624743030E-16, -9.436895709313777345E-16, -1.000000000000000000 ) ) ;
#4402 = VERTEX_POINT ( 'NONE', #1135 ) ;
#4403 = ORIENTED_EDGE ( 'NONE', *, *, #1861, .T. ) ;
#4404 = FACE_OUTER_BOUND ( 'NONE', #3468, .T. ) ;
#4405 = VECTOR ( 'NONE', #908, 1000.000000000000114 ) ;
#4406 = LINE ( 'NONE', #4478, #3498 ) ;
#4407 = CARTESIAN_POINT ( 'NONE',  ( 0.9700000000000252864, -2.231857109454799949E-13, -2.637499999999750155 ) ) ;
#4408 = CARTESIAN_POINT ( 'NONE',  ( 0.9699999999999986411, 2.488600875783203215, -0.4638234741388275184 ) ) ;
#4409 = CARTESIAN_POINT ( 'NONE',  ( 2.450950000000090334, 1.677594408828753103, -1.222539689753984860 ) ) ;
#4410 = ORIENTED_CLOSED_SHELL ( 'NONE', *, #2053, .F. );
#4411 = COLOUR_RGB ( '',1.000000000000000000, 0.5019607843137254832, 0.2509803921568627416 ) ;
#4412 = LINE ( 'NONE', #1383, #204 ) ;
#4413 = DIRECTION ( 'NONE',  ( 1.000000000000000000, 2.000187765493029413E-16, 6.845769268624692740E-16 ) ) ;
#4414 = VERTEX_POINT ( 'NONE', #5478 ) ;
#4415 = CARTESIAN_POINT ( 'NONE',  ( 0.9700000000000263967, -1.387778780781445676E-13, 2.498001805406602216E-13 ) ) ;
#4416 = ADVANCED_FACE ( 'NONE', ( #3152 ), #3660, .F. ) ;
#4417 = DIRECTION ( 'NONE',  ( -1.803624015214571918E-16, 0.8554820535829624761, 0.5178324593895956562 ) ) ;
#4418 = DIRECTION ( 'NONE',  ( 5.914598533337641276E-16, 0.7693245073750160090, -0.6388582020700594999 ) ) ;
#4419 = ORIENTED_EDGE ( 'NONE', *, *, #5205, .T. ) ;
#4420 = ADVANCED_FACE ( 'NONE', ( #4501 ), #4583, .T. ) ;
#4421 = DIRECTION ( 'NONE',  ( -5.678280449645381938E-16, 0.4778152549999977738, 0.8784603474769291376 ) ) ;
#4422 = ORIENTED_EDGE ( 'NONE', *, *, #5250, .T. ) ;
#4423 = LINE ( 'NONE', #3116, #3059 ) ;
#4424 = ADVANCED_FACE ( 'NONE', ( #2884 ), #5208, .F. ) ;
#4425 = EDGE_CURVE ( 'NONE', #1018, #3014, #3743, .T. ) ;
#4426 = PLANE ( 'NONE',  #2965 ) ;
#4427 = VERTEX_POINT ( 'NONE', #2411 ) ;
#4428 = ORIENTED_EDGE ( 'NONE', *, *, #4333, .F. ) ;
#4429 = FACE_OUTER_BOUND ( 'NONE', #3825, .T. ) ;
#4430 = CARTESIAN_POINT ( 'NONE',  ( 0.9700000000000541522, 2.328143799005921721, 0.2627469712620095210 ) ) ;
#4431 = FACE_OUTER_BOUND ( 'NONE', #1377, .T. ) ;
#4432 = CARTESIAN_POINT ( 'NONE',  ( 2.470000000016626451, 1.934563620409532171E-13, -1.499999999964180653 ) ) ;
#4433 = CARTESIAN_POINT ( 'NONE',  ( 0.9843342201064364527, 2.381236316858021063, 0.1405888840665114881 ) ) ;
#4434 = ORIENTED_EDGE ( 'NONE', *, *, #3863, .F. ) ;
#4435 = CARTESIAN_POINT ( 'NONE',  ( 9.713178760686323601E-16, -5.572026907377893273E-14, 2.100000000000000089 ) ) ;
#4436 = VERTEX_POINT ( 'NONE', #5398 ) ;
#4437 = DIRECTION ( 'NONE',  ( 6.845769268624742044E-16, -2.886579864025370717E-15, -1.000000000000000000 ) ) ;
#4438 = ADVANCED_FACE ( 'NONE', ( #2855 ), #1584, .F. ) ;
#4439 = CARTESIAN_POINT ( 'NONE',  ( 0.9843342201064364527, 2.324343390079225635, 0.03026883183819550904 ) ) ;
#4440 = LINE ( 'NONE', #626, #4324 ) ;
#4441 = VERTEX_POINT ( 'NONE', #3003 ) ;
#4442 = LINE ( 'NONE', #1920, #2501 ) ;
#4443 = LINE ( 'NONE', #1447, #2512 ) ;
#4444 = ORIENTED_EDGE ( 'NONE', *, *, #3603, .T. ) ;
#4445 = EDGE_CURVE ( 'NONE', #2014, #4303, #529, .T. ) ;
#4446 = CARTESIAN_POINT ( 'NONE',  ( 0.9843342201064364527, 2.385763063567691855, 0.2488730229634472657 ) ) ;
#4447 = DIRECTION ( 'NONE',  ( -1.445076253180192051E-16, -1.000000000000000000, 2.553512956637819811E-15 ) ) ;
#4448 = EDGE_LOOP ( 'NONE', ( #3857, #4642, #3785, #668 ) ) ;
#4449 = ORIENTED_EDGE ( 'NONE', *, *, #503, .F. ) ;
#4450 = CARTESIAN_POINT ( 'NONE',  ( 0.9700000000000541522, 2.494624298165937226, 0.2021500591578295758 ) ) ;
#4451 = EDGE_CURVE ( 'NONE', #1429, #4724, #3800, .T. ) ;
#4452 = FACE_OUTER_BOUND ( 'NONE', #222, .T. ) ;
#4453 = EDGE_CURVE ( 'NONE', #2498, #4178, #1242, .T. ) ;
#4454 = CARTESIAN_POINT ( 'NONE',  ( 0.9700000000000541522, 2.417556363763257110, 0.2676931372518620567 ) ) ;
#4455 = MECHANICAL_DESIGN_GEOMETRIC_PRESENTATION_REPRESENTATION (  '', ( #2154 ), #1710 ) ;
#4456 = LINE ( 'NONE', #5323, #1450 ) ;
#4457 = DIRECTION ( 'NONE',  ( -1.000000000000000000, -2.000187765493021278E-16, 7.400880780937300593E-16 ) ) ;
#4458 = VERTEX_POINT ( 'NONE', #1756 ) ;
#4459 = AXIS2_PLACEMENT_3D ( 'NONE', #1098, #2321, #3601 ) ;
#4460 = LINE ( 'NONE', #3182, #754 ) ;
#4461 = EDGE_LOOP ( 'NONE', ( #5354, #1068, #2942, #2858 ) ) ;
#4462 = CARTESIAN_POINT ( 'NONE',  ( 0.9843342201064364527, 2.336132259871254391, 0.2556232938958347134 ) ) ;
#4463 = CARTESIAN_POINT ( 'NONE',  ( 2.279499999986056569, -1.387778780781445676E-13, 2.220446049250313081E-13 ) ) ;
#4464 = CARTESIAN_POINT ( 'NONE',  ( 0.9700000000000541522, 2.420550782343683593, 0.2798170206179256825 ) ) ;
#4465 = VERTEX_POINT ( 'NONE', #2166 ) ;
#4466 = CARTESIAN_POINT ( 'NONE',  ( 2.199500000017451828, -1.229499999965494084, 2.679777788554669874E-13 ) ) ;
#4467 = AXIS2_PLACEMENT_3D ( 'NONE', #676, #4068, #254 ) ;
#4468 = LINE ( 'NONE', #585, #1811 ) ;
#4469 = ADVANCED_FACE ( 'NONE', ( #4311 ), #2137, .T. ) ;
#4470 = EDGE_LOOP ( 'NONE', ( #3740, #5005, #1706, #751, #1959 ) ) ;
#4471 = CARTESIAN_POINT ( 'NONE',  ( 2.470000000000055707, 1.797337126538345320, -1.265437637551755756 ) ) ;
#4472 = DIRECTION ( 'NONE',  ( 1.644655055194374034E-16, -0.9313950474772354493, -0.3640099799935138103 ) ) ;
#4473 = EDGE_CURVE ( 'NONE', #868, #407, #2226, .T. ) ;
#4474 = VECTOR ( 'NONE', #5056, 1000.000000000000000 ) ;
#4475 = ORIENTED_EDGE ( 'NONE', *, *, #5308, .T. ) ;
#4476 = ORIENTED_EDGE ( 'NONE', *, *, #4183, .T. ) ;
#4477 = CARTESIAN_POINT ( 'NONE',  ( 0.9700000000000541522, 2.216586297605488198, 0.2753454606553157324 ) ) ;
#4478 = CARTESIAN_POINT ( 'NONE',  ( 0.9699999999999986411, 2.521531062727455641, -0.3400507035838801206 ) ) ;
#4479 = VECTOR ( 'NONE', #93, 1000.000000000000000 ) ;
#4480 = DIRECTION ( 'NONE',  ( 4.193914572568617596E-16, 0.9069667683935123126, -0.4212021854523420039 ) ) ;
#4481 = FACE_OUTER_BOUND ( 'NONE', #4953, .T. ) ;
#4482 = EDGE_CURVE ( 'NONE', #2361, #4891, #4669, .T. ) ;
#4483 = CARTESIAN_POINT ( 'NONE',  ( 2.470000000000027729, -1.783111045144086804, -1.392861809400222750 ) ) ;
#4484 = ORIENTED_EDGE ( 'NONE', *, *, #1637, .T. ) ;
#4485 = ORIENTED_EDGE ( 'NONE', *, *, #2329, .T. ) ;
#4486 = LINE ( 'NONE', #2868, #1199 ) ;
#4487 = CIRCLE ( 'NONE', #589, 1.500000000021384894 ) ;
#4488 = EDGE_LOOP ( 'NONE', ( #2233, #5015, #4708, #5476 ) ) ;
#4489 = DIRECTION ( 'NONE',  ( 1.000000000000000000, 2.000187765493021278E-16, -7.400880780937300593E-16 ) ) ;
#4490 = ADVANCED_FACE ( 'NONE', ( #5118, #499 ), #2609, .F. ) ;
#4491 = VECTOR ( 'NONE', #3667, 1000.000000000000000 ) ;
#4492 = DIRECTION ( 'NONE',  ( 4.764856878635322159E-16, 0.8875709788825882907, -0.4606709861120014682 ) ) ;
#4493 = LINE ( 'NONE', #4545, #3249 ) ;
#4494 = ORIENTED_EDGE ( 'NONE', *, *, #1637, .F. ) ;
#4495 = DIRECTION ( 'NONE',  ( 1.000000000000000000, 1.722632009336720063E-16, -7.400880780937477100E-16 ) ) ;
#4496 = AXIS2_PLACEMENT_3D ( 'NONE', #5265, #3149, #1061 ) ;
#4497 = DIRECTION ( 'NONE',  ( -1.000000000000000000, -1.722632009336712421E-16, 4.625323219374409242E-16 ) ) ;
#4498 = ORIENTED_EDGE ( 'NONE', *, *, #3809, .F. ) ;
#4499 =( GEOMETRIC_REPRESENTATION_CONTEXT ( 3 ) GLOBAL_UNCERTAINTY_ASSIGNED_CONTEXT ( ( #2981 ) ) GLOBAL_UNIT_ASSIGNED_CONTEXT ( ( #1844, #3094, #1892 ) ) REPRESENTATION_CONTEXT ( 'NONE', 'WORKASPACE' ) );
#4500 = DIRECTION ( 'NONE',  ( -2.208597309011063978E-16, 0.8660254037844428154, 0.4999999999999927280 ) ) ;
#4501 = FACE_OUTER_BOUND ( 'NONE', #3580, .T. ) ;
#4502 = FACE_OUTER_BOUND ( 'NONE', #2490, .T. ) ;
#4503 = ORIENTED_EDGE ( 'NONE', *, *, #2371, .T. ) ;
#4504 = ORIENTED_EDGE ( 'NONE', *, *, #1563, .F. ) ;
#4505 = DIRECTION ( 'NONE',  ( 5.666662251778667218E-16, 0.7747962833285356732, -0.6322109769216976982 ) ) ;
#4506 = DIRECTION ( 'NONE',  ( 6.845769268624693726E-16, -5.551115123125739315E-16, -1.000000000000000000 ) ) ;
#4507 = ADVANCED_FACE ( 'NONE', ( #3028 ), #1667, .F. ) ;
#4508 = DIRECTION ( 'NONE',  ( -1.506124092537379592E-16, 0.8759515744415703464, 0.4823990456389129489 ) ) ;
#4509 = LINE ( 'NONE', #3202, #2522 ) ;
#4510 = LINE ( 'NONE', #2317, #739 ) ;
#4511 = ORIENTED_EDGE ( 'NONE', *, *, #4223, .T. ) ;
#4512 = ORIENTED_EDGE ( 'NONE', *, *, #4639, .T. ) ;
#4513 = EDGE_CURVE ( 'NONE', #3141, #1329, #3358, .T. ) ;
#4514 = FACE_OUTER_BOUND ( 'NONE', #3798, .T. ) ;
#4515 = VERTEX_POINT ( 'NONE', #1784 ) ;
#4516 = DIRECTION ( 'NONE',  ( 6.845769268624692740E-16, -5.551115123125739315E-16, -1.000000000000000000 ) ) ;
#4517 = EDGE_CURVE ( 'NONE', #1610, #4282, #1026, .T. ) ;
#4518 = CARTESIAN_POINT ( 'NONE',  ( 0.9699999999999986411, 2.523629592551035472, -0.05453024012808116439 ) ) ;
#4519 = EDGE_CURVE ( 'NONE', #1517, #2111, #4276, .T. ) ;
#4520 = FILL_AREA_STYLE_COLOUR ( '', #404 ) ;
#4521 = EDGE_LOOP ( 'NONE', ( #3840, #2982, #127, #2170 ) ) ;
#4522 = CARTESIAN_POINT ( 'NONE',  ( 2.450949999999951778, -1.700440880330444937, -0.9817499999996981419 ) ) ;
#4523 = LINE ( 'NONE', #4995, #4649 ) ;
#4524 = VERTEX_POINT ( 'NONE', #4251 ) ;
#4525 = CARTESIAN_POINT ( 'NONE',  ( 0.9699999999999986411, 2.478836439541276526, -0.4472441201542332045 ) ) ;
#4526 = CARTESIAN_POINT ( 'NONE',  ( 0.9700000000000541522, 2.418816341710844142, 0.2702983817565729474 ) ) ;
#4527 = DIRECTION ( 'NONE',  ( -1.000000000000000000, -1.722632009336712421E-16, 4.625323219374409242E-16 ) ) ;
#4528 = ORIENTED_EDGE ( 'NONE', *, *, #956, .F. ) ;
#4529 = VERTEX_POINT ( 'NONE', #4339 ) ;
#4530 = CARTESIAN_POINT ( 'NONE',  ( 0.9843342201063809416, 2.478158560289822621, -0.4607464548393724879 ) ) ;
#4531 = FACE_OUTER_BOUND ( 'NONE', #2492, .T. ) ;
#4532 = CARTESIAN_POINT ( 'NONE',  ( 2.450950000000007289, -1.543091786165323720, -1.254286625618925122 ) ) ;
#4533 = DIRECTION ( 'NONE',  ( -1.445076253180192051E-16, -1.000000000000000000, 2.553512956637819811E-15 ) ) ;
#4534 = CARTESIAN_POINT ( 'NONE',  ( 0.9699999999999986411, 2.496594058078394074, -0.4418346858929278476 ) ) ;
#4535 = ORIENTED_EDGE ( 'NONE', *, *, #1699, .F. ) ;
#4536 = ADVANCED_FACE ( 'NONE', ( #436 ), #3828, .F. ) ;
#4537 = ORIENTED_EDGE ( 'NONE', *, *, #3367, .T. ) ;
#4538 = CARTESIAN_POINT ( 'NONE',  ( 5.689893860666012860E-11, 1.499999999964547248, -5.062106771362056233E-15 ) ) ;
#4539 = AXIS2_PLACEMENT_3D ( 'NONE', #3153, #3231, #227 ) ;
#4540 = CARTESIAN_POINT ( 'NONE',  ( 0.9699999999999986411, 2.473521781208271264, -0.4638553493382935322 ) ) ;
#4541 = DIRECTION ( 'NONE',  ( 1.653485796698553254E-16, -0.8660254037844369313, -0.5000000000000029976 ) ) ;
#4542 = EDGE_CURVE ( 'NONE', #4724, #431, #2936, .T. ) ;
#4543 = VECTOR ( 'NONE', #81, 1000.000000000000000 ) ;
#4544 = CARTESIAN_POINT ( 'NONE',  ( 0.9700000000000541522, 2.092235504760342479, -0.3948934297108852576 ) ) ;
#4545 = CARTESIAN_POINT ( 'NONE',  ( 2.470000000000027729, -2.023130304122683576, -1.531436993182061501 ) ) ;
#4546 = EDGE_LOOP ( 'NONE', ( #465, #5283, #860, #3778 ) ) ;
#4547 = DIRECTION ( 'NONE',  ( -5.882887990558551382E-16, -0.4999999999999998890, 0.8660254037844387076 ) ) ;
#4548 = DIRECTION ( 'NONE',  ( -1.000000000000000000, -2.000187765493021278E-16, 7.400880780937300593E-16 ) ) ;
#4549 = ADVANCED_FACE ( 'NONE', ( #824 ), #2526, .F. ) ;
#4550 = AXIS2_PLACEMENT_3D ( 'NONE', #4041, #1460, #3618 ) ;
#4551 = ORIENTED_EDGE ( 'NONE', *, *, #3321, .T. ) ;
#4552 = CARTESIAN_POINT ( 'NONE',  ( 0.9699999999999986411, 2.485296480058268642, -0.4439227243228788256 ) ) ;
#4553 = DIRECTION ( 'NONE',  ( 2.534765650491129577E-16, 0.9887062354961999588, -0.1498665402647731681 ) ) ;
#4554 = AXIS2_PLACEMENT_3D ( 'NONE', #1586, #2472, #3663 ) ;
#4555 = LINE ( 'NONE', #76, #734 ) ;
#4556 = EDGE_CURVE ( 'NONE', #3306, #914, #944, .T. ) ;
#4557 = ORIENTED_EDGE ( 'NONE', *, *, #799, .T. ) ;
#4558 = VECTOR ( 'NONE', #5301, 1000.000000000000114 ) ;
#4559 = ORIENTED_EDGE ( 'NONE', *, *, #1522, .F. ) ;
#4560 = CARTESIAN_POINT ( 'NONE',  ( 0.9700000000000541522, 2.300047294175100454, 0.1574800423556066420 ) ) ;
#4561 = DIRECTION ( 'NONE',  ( 1.297740014824709051E-16, 0.9998027306933638947, 0.01986201646593062364 ) ) ;
#4562 = AXIS2_PLACEMENT_3D ( 'NONE', #3172, #1893, #1002 ) ;
#4563 = FACE_OUTER_BOUND ( 'NONE', #4094, .T. ) ;
#4564 = AXIS2_PLACEMENT_3D ( 'NONE', #4122, #4174, #1228 ) ;
#4565 = CARTESIAN_POINT ( 'NONE',  ( 0.9699999999999986411, 2.483238627135203380, -0.4078917005041879928 ) ) ;
#4566 = ORIENTED_EDGE ( 'NONE', *, *, #3572, .T. ) ;
#4567 = ORIENTED_EDGE ( 'NONE', *, *, #4576, .T. ) ;
#4568 = AXIS2_PLACEMENT_3D ( 'NONE', #2968, #3473, #1362 ) ;
#4569 = DIRECTION ( 'NONE',  ( 6.845769268624693726E-16, -5.551115123125739315E-16, -1.000000000000000000 ) ) ;
#4570 = ORIENTED_EDGE ( 'NONE', *, *, #3032, .F. ) ;
#4571 = CARTESIAN_POINT ( 'NONE',  ( 0.9843342201063809416, 2.463272841927349965, -0.4324412773112212838 ) ) ;
#4572 = VECTOR ( 'NONE', #4019, 999.9999999999998863 ) ;
#4573 =( GEOMETRIC_REPRESENTATION_CONTEXT ( 3 ) GLOBAL_UNCERTAINTY_ASSIGNED_CONTEXT ( ( #1915 ) ) GLOBAL_UNIT_ASSIGNED_CONTEXT ( ( #3252, #3276, #271 ) ) REPRESENTATION_CONTEXT ( 'NONE', 'WORKASPACE' ) );
#4574 = CARTESIAN_POINT ( 'NONE',  ( 0.9843342201064364527, 2.219308366003591715, -0.01856281503796741728 ) ) ;
#4575 = LINE ( 'NONE', #4077, #2634 ) ;
#4576 = EDGE_CURVE ( 'NONE', #757, #5145, #13, .T. ) ;
#4577 = ORIENTED_EDGE ( 'NONE', *, *, #267, .T. ) ;
#4578 = DIRECTION ( 'NONE',  ( 2.534765650491129084E-16, 0.9887062354961998478, -0.1498665402647731404 ) ) ;
#4579 = PLANE ( 'NONE',  #825 ) ;
#4580 = VECTOR ( 'NONE', #4637, 1000.000000000000000 ) ;
#4581 = EDGE_LOOP ( 'NONE', ( #4993, #255, #4093, #5462 ) ) ;
#4582 = DIRECTION ( 'NONE',  ( -6.845769268624693726E-16, 5.551115123125739315E-16, 1.000000000000000000 ) ) ;
#4583 = PLANE ( 'NONE',  #3961 ) ;
#4584 = EDGE_CURVE ( 'NONE', #58, #3610, #971, .T. ) ;
#4585 = VERTEX_POINT ( 'NONE', #2718 ) ;
#4586 = DIRECTION ( 'NONE',  ( 1.000000000000000000, 3.110410790118177818E-16, -7.400880780937398214E-16 ) ) ;
#4587 = VERTEX_POINT ( 'NONE', #4024 ) ;
#4588 = ORIENTED_EDGE ( 'NONE', *, *, #4352, .T. ) ;
#4589 = CARTESIAN_POINT ( 'NONE',  ( 0.2238461538461845868, 7.234694981494745985E-16, -2.099999999993651389 ) ) ;
#4590 = CARTESIAN_POINT ( 'NONE',  ( 0.9700000000000541522, 2.371827334780057583, 0.1404019658359650924 ) ) ;
#4591 = EDGE_CURVE ( 'NONE', #2924, #3787, #1863, .T. ) ;
#4592 = ADVANCED_FACE ( 'NONE', ( #3550 ), #554, .F. ) ;
#4593 = CARTESIAN_POINT ( 'NONE',  ( 0.9699999999999986411, 2.500800196453600854, -0.4613403811579708247 ) ) ;
#4594 = CARTESIAN_POINT ( 'NONE',  ( 0.9699999999999986411, 2.483238627135203380, -0.4785059732241398467 ) ) ;
#4595 = VERTEX_POINT ( 'NONE', #996 ) ;
#4596 = EDGE_LOOP ( 'NONE', ( #587, #3307, #5079, #1803 ) ) ;
#4597 = ORIENTED_EDGE ( 'NONE', *, *, #273, .F. ) ;
#4598 = CARTESIAN_POINT ( 'NONE',  ( 0.9699999999999986411, 2.125255814197451798, 0.03026883183820938683 ) ) ;
#4599 = VERTEX_POINT ( 'NONE', #604 ) ;
#4600 = DIRECTION ( 'NONE',  ( -1.000000000000000000, -2.000187765493021278E-16, 7.400880780937300593E-16 ) ) ;
#4601 = CARTESIAN_POINT ( 'NONE',  ( 0.9843342201064919639, 2.411676466676032859, 0.2596360154726445879 ) ) ;
#4602 = PLANE ( 'NONE',  #761 ) ;
#4603 = ORIENTED_EDGE ( 'NONE', *, *, #834, .T. ) ;
#4604 = CARTESIAN_POINT ( 'NONE',  ( 0.9700000000000541522, 2.421942635116247633, 0.2887058138483639125 ) ) ;
#4605 = ORIENTED_EDGE ( 'NONE', *, *, #3195, .F. ) ;
#4606 = EDGE_CURVE ( 'NONE', #4599, #948, #2352, .T. ) ;
#4607 = CARTESIAN_POINT ( 'NONE',  ( 0.9700000000000541522, 2.380631412769535160, 0.2478931356766911343 ) ) ;
#4608 = FILL_AREA_STYLE_COLOUR ( '', #758 ) ;
#4609 = ORIENTED_EDGE ( 'NONE', *, *, #2748, .T. ) ;
#4610 = CARTESIAN_POINT ( 'NONE',  ( 2.470000000130312401, 1.942890293094023946E-13, 3.608224830031758756E-13 ) ) ;
#4611 = ORIENTED_EDGE ( 'NONE', *, *, #4962, .T. ) ;
#4612 = EDGE_CURVE ( 'NONE', #2447, #2336, #5204, .T. ) ;
#4613 = ORIENTED_EDGE ( 'NONE', *, *, #1021, .T. ) ;
#4614 = DIRECTION ( 'NONE',  ( -2.208597309011063731E-16, 0.8660254037844428154, 0.4999999999999927280 ) ) ;
#4615 = CARTESIAN_POINT ( 'NONE',  ( 0.9699999999999986411, 2.475529918803315077, -0.4526374039800218352 ) ) ;
#4616 = DIRECTION ( 'NONE',  ( -1.073154985481277909E-15, 5.551115123125739315E-16, 1.000000000000000000 ) ) ;
#4617 = DIRECTION ( 'NONE',  ( -2.208597309011112295E-16, 0.8660254037844387076, 0.4999999999999998890 ) ) ;
#4618 = ORIENTED_EDGE ( 'NONE', *, *, #1051, .T. ) ;
#4619 = ORIENTED_EDGE ( 'NONE', *, *, #5171, .F. ) ;
#4620 = ADVANCED_FACE ( 'NONE', ( #1023 ), #103, .F. ) ;
#4621 = VERTEX_POINT ( 'NONE', #181 ) ;
#4622 = EDGE_CURVE ( 'NONE', #3055, #2898, #3501, .T. ) ;
#4623 = DIRECTION ( 'NONE',  ( 1.445076253180192051E-16, 1.000000000000000000, -2.553512956637819811E-15 ) ) ;
#4624 = ORIENTED_EDGE ( 'NONE', *, *, #2748, .F. ) ;
#4625 = AXIS2_PLACEMENT_3D ( 'NONE', #1860, #2662, #550 ) ;
#4626 = DIRECTION ( 'NONE',  ( -6.845769268624693726E-16, 5.551115123125739315E-16, 1.000000000000000000 ) ) ;
#4627 = EDGE_CURVE ( 'NONE', #880, #4767, #2324, .T. ) ;
#4628 = VECTOR ( 'NONE', #1827, 1000.000000000000227 ) ;
#4629 = CARTESIAN_POINT ( 'NONE',  ( 0.2238461538461855582, 0.000000000000000000, 4.163336342344337027E-14 ) ) ;
#4630 = LINE ( 'NONE', #4302, #2278 ) ;
#4631 = ORIENTED_EDGE ( 'NONE', *, *, #2272, .F. ) ;
#4632 = DIRECTION ( 'NONE',  ( 9.621326830187598882E-16, 2.220446049250292373E-16, -1.000000000000000000 ) ) ;
#4633 = VECTOR ( 'NONE', #1303, 999.9999999999998863 ) ;
#4634 = ORIENTED_EDGE ( 'NONE', *, *, #3066, .F. ) ;
#4635 = CARTESIAN_POINT ( 'NONE',  ( 0.9843342201064919639, 2.092235504760481035, -0.3948934297112738356 ) ) ;
#4636 = AXIS2_PLACEMENT_3D ( 'NONE', #2514, #2903, #1627 ) ;
#4637 = DIRECTION ( 'NONE',  ( 1.445076253180192051E-16, 1.000000000000000000, -2.553512956637819811E-15 ) ) ;
#4638 = ORIENTED_EDGE ( 'NONE', *, *, #519, .F. ) ;
#4639 = EDGE_CURVE ( 'NONE', #5382, #3442, #2665, .T. ) ;
#4640 = CARTESIAN_POINT ( 'NONE',  ( 0.2238461539150193857, 0.000000000000000000, 4.163336342344337027E-14 ) ) ;
#4641 = EDGE_LOOP ( 'NONE', ( #3236, #2284, #3795, #2028 ) ) ;
#4642 = ORIENTED_EDGE ( 'NONE', *, *, #5308, .F. ) ;
#4643 = LINE ( 'NONE', #3392, #2808 ) ;
#4644 = CIRCLE ( 'NONE', #5356, 3.175000000055671734 ) ;
#4645 = DIRECTION ( 'NONE',  ( 3.039443235083193347E-17, 0.9822529701818395464, 0.1875609302838795178 ) ) ;
#4646 = ADVANCED_FACE ( 'NONE', ( #5310 ), #5281, .T. ) ;
#4647 = DIRECTION ( 'NONE',  ( 1.000000000000000000, 2.000187765493021278E-16, -7.400880780937300593E-16 ) ) ;
#4648 = FACE_OUTER_BOUND ( 'NONE', #4006, .T. ) ;
#4649 = VECTOR ( 'NONE', #3849, 999.9999999999998863 ) ;
#4650 = ORIENTED_EDGE ( 'NONE', *, *, #4990, .F. ) ;
#4651 = ORIENTED_EDGE ( 'NONE', *, *, #2282, .F. ) ;
#4652 = ORIENTED_EDGE ( 'NONE', *, *, #4473, .T. ) ;
#4653 = FACE_OUTER_BOUND ( 'NONE', #3314, .T. ) ;
#4654 = VECTOR ( 'NONE', #508, 1000.000000000000000 ) ;
#4655 = CARTESIAN_POINT ( 'NONE',  ( 2.470000000000027729, -2.131491219643871560, -1.343750381945146843 ) ) ;
#4656 = VECTOR ( 'NONE', #5043, 1000.000000000000227 ) ;
#4657 = EDGE_CURVE ( 'NONE', #3071, #892, #4440, .T. ) ;
#4658 = VERTEX_POINT ( 'NONE', #3606 ) ;
#4659 = LINE ( 'NONE', #790, #1533 ) ;
#4660 = VECTOR ( 'NONE', #4500, 1000.000000000000114 ) ;
#4661 = CARTESIAN_POINT ( 'NONE',  ( 2.450950000000007289, -2.023130304122683576, -1.531436993182061501 ) ) ;
#4662 = AXIS2_PLACEMENT_3D ( 'NONE', #1327, #3324, #2516 ) ;
#4663 = EDGE_CURVE ( 'NONE', #4226, #346, #2691, .T. ) ;
#4664 = ORIENTED_EDGE ( 'NONE', *, *, #4277, .F. ) ;
#4665 = DIRECTION ( 'NONE',  ( 6.869264010158477017E-16, 0.6811833507215662165, -0.7321128619958399142 ) ) ;
#4666 = ORIENTED_EDGE ( 'NONE', *, *, #4286, .T. ) ;
#4667 = AXIS2_PLACEMENT_3D ( 'NONE', #1335, #3918, #1307 ) ;
#4668 = DIRECTION ( 'NONE',  ( -1.622545286580093736E-16, -0.9980805391703141405, 0.06192929298397301802 ) ) ;
#4669 = LINE ( 'NONE', #3418, #2978 ) ;
#4670 = ORIENTED_EDGE ( 'NONE', *, *, #1111, .F. ) ;
#4671 = STYLED_ITEM ( 'NONE', ( #1832 ), #4933 ) ;
#4672 = FACE_OUTER_BOUND ( 'NONE', #2923, .T. ) ;
#4673 = ORIENTED_EDGE ( 'NONE', *, *, #4513, .F. ) ;
#4674 = VERTEX_POINT ( 'NONE', #1072 ) ;
#4675 = CARTESIAN_POINT ( 'NONE',  ( 0.9843342201064364527, 2.521531062727455641, -0.2346925392427562373 ) ) ;
#4676 = CONICAL_SURFACE ( 'NONE', #4056, 1.499999999964547248, 0.7853981633974483900 ) ;
#4677 = DIRECTION ( 'NONE',  ( 6.845769268624693726E-16, -5.551115123125739315E-16, -1.000000000000000000 ) ) ;
#4678 = CARTESIAN_POINT ( 'NONE',  ( 0.9699999999999986411, 2.486652238561370964, -0.4525014031271090698 ) ) ;
#4679 = DIRECTION ( 'NONE',  ( -7.045293848761031274E-16, 0.1547000690826086933, 0.9879614813472415991 ) ) ;
#4680 = VERTEX_POINT ( 'NONE', #2765 ) ;
#4681 = VERTEX_POINT ( 'NONE', #656 ) ;
#4682 = ORIENTED_EDGE ( 'NONE', *, *, #1879, .T. ) ;
#4683 = LINE ( 'NONE', #3373, #1210 ) ;
#4684 = EDGE_CURVE ( 'NONE', #10, #4166, #3946, .T. ) ;
#4685 = LINE ( 'NONE', #4598, #2445 ) ;
#4686 = LINE ( 'NONE', #1773, #4368 ) ;
#4687 = LINE ( 'NONE', #961, #4363 ) ;
#4688 = LINE ( 'NONE', #713, #119 ) ;
#4689 = EDGE_CURVE ( 'NONE', #3304, #4585, #4784, .T. ) ;
#4690 = LINE ( 'NONE', #4601, #2626 ) ;
#4691 = DIRECTION ( 'NONE',  ( 3.815501495555647690E-16, 0.9427057099412800012, -0.3336254553299362602 ) ) ;
#4692 = ORIENTED_EDGE ( 'NONE', *, *, #268, .F. ) ;
#4693 = LINE ( 'NONE', #3381, #4012 ) ;
#4694 = VERTEX_POINT ( 'NONE', #3112 ) ;
#4695 = EDGE_CURVE ( 'NONE', #5276, #2527, #2280, .T. ) ;
#4696 = EDGE_CURVE ( 'NONE', #2296, #1999, #583, .T. ) ;
#4697 = LINE ( 'NONE', #881, #3858 ) ;
#4698 = CARTESIAN_POINT ( 'NONE',  ( 2.469999999999972218, -1.608496896752464878, -1.141001651006931628 ) ) ;
#4699 = ORIENTED_EDGE ( 'NONE', *, *, #3117, .T. ) ;
#4700 = CARTESIAN_POINT ( 'NONE',  ( 0.9843342201064364527, 2.523239701764157239, 0.2897166630500269680 ) ) ;
#4701 = VERTEX_POINT ( 'NONE', #3325 ) ;
#4702 = ORIENTED_EDGE ( 'NONE', *, *, #1782, .F. ) ;
#4703 = CARTESIAN_POINT ( 'NONE',  ( 0.9699999999999986411, 2.483238627135203380, -0.4477264981799095045 ) ) ;
#4704 = FACE_OUTER_BOUND ( 'NONE', #3175, .T. ) ;
#4705 = SURFACE_SIDE_STYLE ('',( #446 ) ) ;
#4706 = DIRECTION ( 'NONE',  ( 3.957937637253830343E-16, -0.7693267868930248055, -0.6388554570236169017 ) ) ;
#4707 = PRODUCT_DEFINITION_CONTEXT ( 'detailed design', #5166, 'design' ) ;
#4708 = ORIENTED_EDGE ( 'NONE', *, *, #2312, .T. ) ;
#4709 = EDGE_LOOP ( 'NONE', ( #4960, #1542, #4528, #4358 ) ) ;
#4710 = VERTEX_POINT ( 'NONE', #2022 ) ;
#4711 = LINE ( 'NONE', #396, #5032 ) ;
#4712 = CARTESIAN_POINT ( 'NONE',  ( 0.9700000000000541522, 2.235388494119278313, 0.2243451655705858139 ) ) ;
#4713 = CARTESIAN_POINT ( 'NONE',  ( 2.469999999999805684, 0.03232682635356809442, 2.417505155565317754 ) ) ;
#4714 = DIRECTION ( 'NONE',  ( -6.845769268624744016E-16, 9.436895709313777345E-16, 1.000000000000000000 ) ) ;
#4715 = EDGE_CURVE ( 'NONE', #2204, #3306, #1153, .T. ) ;
#4716 = LINE ( 'NONE', #3079, #3850 ) ;
#4717 = CARTESIAN_POINT ( 'NONE',  ( 0.9700000000000541522, 2.346987564757957223, 0.2517815795645694799 ) ) ;
#4718 = VERTEX_POINT ( 'NONE', #3735 ) ;
#4719 = DIRECTION ( 'NONE',  ( -6.995041010479867029E-16, 0.3248433367098592650, 0.9457678396917528207 ) ) ;
#4720 = EDGE_CURVE ( 'NONE', #4261, #4087, #4493, .T. ) ;
#4721 = ORIENTED_EDGE ( 'NONE', *, *, #3653, .T. ) ;
#4722 = PLANE ( 'NONE',  #3762 ) ;
#4723 = DIRECTION ( 'NONE',  ( 1.000000000000000000, 2.000187765493021278E-16, -7.400880780937300593E-16 ) ) ;
#4724 = VERTEX_POINT ( 'NONE', #292 ) ;
#4725 = CIRCLE ( 'NONE', #556, 1.229500000000014692 ) ;
#4726 = ADVANCED_FACE ( 'NONE', ( #1212 ), #1943, .F. ) ;
#4727 = DIRECTION ( 'NONE',  ( 3.714157047468351224E-16, 0.9248452085341691831, -0.3803437133059899278 ) ) ;
#4728 = ORIENTED_EDGE ( 'NONE', *, *, #3400, .F. ) ;
#4729 = EDGE_LOOP ( 'NONE', ( #703, #3119, #793, #1979 ) ) ;
#4730 = DIRECTION ( 'NONE',  ( 1.431041851435087466E-16, 0.9999982027861449296, 0.001895896748272975912 ) ) ;
#4731 = VECTOR ( 'NONE', #4021, 1000.000000000000114 ) ;
#4732 = FACE_OUTER_BOUND ( 'NONE', #4969, .T. ) ;
#4733 = EDGE_CURVE ( 'NONE', #4116, #4211, #3652, .T. ) ;
#4734 = FILL_AREA_STYLE_COLOUR ( '', #3129 ) ;
#4735 = CARTESIAN_POINT ( 'NONE',  ( 0.9700000000000541522, 2.170392839890566972, 0.2851052010992560781 ) ) ;
#4736 = VERTEX_POINT ( 'NONE', #1995 ) ;
#4737 = ORIENTED_EDGE ( 'NONE', *, *, #1912, .T. ) ;
#4738 = VECTOR ( 'NONE', #1160, 999.9999999999997726 ) ;
#4739 = ORIENTED_EDGE ( 'NONE', *, *, #4542, .T. ) ;
#4740 = CARTESIAN_POINT ( 'NONE',  ( 0.9700000000000541522, 2.440789267712156985, 0.1548669140297720404 ) ) ;
#4741 = LINE ( 'NONE', #5221, #1745 ) ;
#4742 = AXIS2_PLACEMENT_3D ( 'NONE', #5363, #1526, #4 ) ;
#4743 = CYLINDRICAL_SURFACE ( 'NONE', #2585, 3.175000000000029576 ) ;
#4744 = DIRECTION ( 'NONE',  ( -1.000000000000000000, -2.000187765493021278E-16, 7.400880780937300593E-16 ) ) ;
#4745 = CARTESIAN_POINT ( 'NONE',  ( 2.450950000000007289, -2.008307592792912821, -1.371832463991251583 ) ) ;
#4746 = VECTOR ( 'NONE', #2358, 1000.000000000000000 ) ;
#4747 = DIRECTION ( 'NONE',  ( 6.845769268624693726E-16, -5.551115123125739315E-16, -1.000000000000000000 ) ) ;
#4748 = VERTEX_POINT ( 'NONE', #4992 ) ;
#4749 = LINE ( 'NONE', #3134, #194 ) ;
#4750 = VECTOR ( 'NONE', #5253, 1000.000000000000000 ) ;
#4751 = VECTOR ( 'NONE', #2896, 1000.000000000000000 ) ;
#4752 = EDGE_LOOP ( 'NONE', ( #3042, #728, #3727, #77 ) ) ;
#4753 = EDGE_CURVE ( 'NONE', #1310, #4694, #5359, .T. ) ;
#4754 = VECTOR ( 'NONE', #463, 1000.000000000000114 ) ;
#4755 = FACE_OUTER_BOUND ( 'NONE', #2464, .T. ) ;
#4756 = CARTESIAN_POINT ( 'NONE',  ( 0.9700000000000541522, 2.170392839890566972, 0.2851052010992560781 ) ) ;
#4757 = ORIENTED_EDGE ( 'NONE', *, *, #1213, .T. ) ;
#4758 = CARTESIAN_POINT ( 'NONE',  ( 2.470000000000055707, 2.079570488202536538, -1.107312077075886414 ) ) ;
#4759 = VECTOR ( 'NONE', #1071, 1000.000000000000000 ) ;
#4760 = ORIENTED_EDGE ( 'NONE', *, *, #681, .T. ) ;
#4761 = EDGE_CURVE ( 'NONE', #4160, #1375, #3161, .T. ) ;
#4762 = DIRECTION ( 'NONE',  ( -1.445076253180192051E-16, -1.000000000000000000, 2.553512956637819811E-15 ) ) ;
#4763 = AXIS2_PLACEMENT_3D ( 'NONE', #3691, #4853, #4192 ) ;
#4764 = LINE ( 'NONE', #1701, #4543 ) ;
#4765 = DIRECTION ( 'NONE',  ( 1.000000000000000000, 2.000187765493021278E-16, -7.400880780937300593E-16 ) ) ;
#4766 = ORIENTED_EDGE ( 'NONE', *, *, #520, .T. ) ;
#4767 = VERTEX_POINT ( 'NONE', #1578 ) ;
#4768 = VECTOR ( 'NONE', #5051, 1000.000000000000000 ) ;
#4769 = EDGE_LOOP ( 'NONE', ( #1690, #4806, #3532, #3330 ) ) ;
#4770 = DIRECTION ( 'NONE',  ( 7.458953646862285020E-16, 0.5325788032461932220, -0.8463804217565837895 ) ) ;
#4771 = EDGE_CURVE ( 'NONE', #5461, #367, #736, .T. ) ;
#4772 = EDGE_CURVE ( 'NONE', #4196, #5172, #1966, .T. ) ;
#4773 = DIRECTION ( 'NONE',  ( -1.000000000000000000, -2.000187765493021278E-16, 7.400880780937300593E-16 ) ) ;
#4774 = VECTOR ( 'NONE', #1290, 1000.000000000000000 ) ;
#4775 = DIRECTION ( 'NONE',  ( 1.000000000000000000, 1.722632009336720063E-16, -7.400880780937477100E-16 ) ) ;
#4776 = DIRECTION ( 'NONE',  ( 2.208597309011063978E-16, -0.8660254037844428154, -0.4999999999999927280 ) ) ;
#4777 = FACE_OUTER_BOUND ( 'NONE', #3525, .T. ) ;
#4778 = DIRECTION ( 'NONE',  ( -1.000000000000000000, -3.110410790118177818E-16, 7.400880780937398214E-16 ) ) ;
#4779 = FILL_AREA_STYLE_COLOUR ( '', #4411 ) ;
#4780 = ORIENTED_EDGE ( 'NONE', *, *, #2220, .F. ) ;
#4781 = DIRECTION ( 'NONE',  ( 1.000000000000000000, 1.722632009336712421E-16, -4.625323219374409242E-16 ) ) ;
#4782 = ORIENTED_EDGE ( 'NONE', *, *, #4792, .T. ) ;
#4783 = FACE_OUTER_BOUND ( 'NONE', #2275, .T. ) ;
#4784 = LINE ( 'NONE', #4361, #2984 ) ;
#4785 = VERTEX_POINT ( 'NONE', #3270 ) ;
#4786 = CARTESIAN_POINT ( 'NONE',  ( 2.470000000000027729, -2.283648034691970530, -1.080207047563647160 ) ) ;
#4787 = EDGE_CURVE ( 'NONE', #1662, #2645, #4575, .T. ) ;
#4788 = ORIENTED_EDGE ( 'NONE', *, *, #2785, .F. ) ;
#4789 = PRODUCT_CONTEXT ( 'NONE', #3377, 'mechanical' ) ;
#4790 = CARTESIAN_POINT ( 'NONE',  ( 0.9699999999999986411, 2.502417623771957533, -0.4328851709106545931 ) ) ;
#4791 = LINE ( 'NONE', #977, #1174 ) ;
#4792 = EDGE_CURVE ( 'NONE', #886, #4710, #1602, .T. ) ;
#4793 = EDGE_LOOP ( 'NONE', ( #688, #1672, #4323, #2265 ) ) ;
#4794 = ORIENTED_EDGE ( 'NONE', *, *, #4696, .T. ) ;
#4795 = VERTEX_POINT ( 'NONE', #3711 ) ;
#4796 = DIRECTION ( 'NONE',  ( 9.621326830187598882E-16, 2.220446049250292373E-16, -1.000000000000000000 ) ) ;
#4797 = DIRECTION ( 'NONE',  ( 4.992923249691015501E-16, -0.4999999999999992228, -0.8660254037844391517 ) ) ;
#4798 = CARTESIAN_POINT ( 'NONE',  ( 2.469999999999944684, -0.2359217314834016754, 2.517800735128076894 ) ) ;
#4799 = CARTESIAN_POINT ( 'NONE',  ( 0.9699999999999986411, 2.497005303495281048, -0.4455356094380108489 ) ) ;
#4800 = LINE ( 'NONE', #5138, #2235 ) ;
#4801 = ADVANCED_FACE ( 'NONE', ( #2047 ), #4911, .F. ) ;
#4802 = EDGE_CURVE ( 'NONE', #1761, #4441, #2846, .T. ) ;
#4803 = CARTESIAN_POINT ( 'NONE',  ( 0.9699999999999431299, 2.181395787244327700, -0.2852079774574439730 ) ) ;
#4804 =( NAMED_UNIT ( * ) PLANE_ANGLE_UNIT ( ) SI_UNIT ( $, .RADIAN. ) );
#4805 = DIRECTION ( 'NONE',  ( -1.000000000000000000, -1.722632009336709216E-16, -9.621326830187598882E-16 ) ) ;
#4806 = ORIENTED_EDGE ( 'NONE', *, *, #200, .F. ) ;
#4807 = FACE_OUTER_BOUND ( 'NONE', #2055, .T. ) ;
#4808 = ADVANCED_FACE ( 'NONE', ( #4053 ), #4602, .F. ) ;
#4809 = CARTESIAN_POINT ( 'NONE',  ( 2.470000000000027729, -2.077310761883277568, -1.437593687563382128 ) ) ;
#4810 = CARTESIAN_POINT ( 'NONE',  ( 0.9699999999999986411, 2.494238536142306728, -0.4649539812289077423 ) ) ;
#4811 = ORIENTED_EDGE ( 'NONE', *, *, #3982, .T. ) ;
#4812 = PLANE ( 'NONE',  #4022 ) ;
#4813 = ORIENTED_EDGE ( 'NONE', *, *, #2413, .F. ) ;
#4814 = LINE ( 'NONE', #1868, #829 ) ;
#4815 = B_SPLINE_CURVE_WITH_KNOTS ( 'NONE', 3,
 ( #459, #2908, #2932, #4247 ),
 .UNSPECIFIED., .F., .F.,
 ( 4, 4 ),
 ( 0.000000000000000000, 1.000000000000000000 ),
 .UNSPECIFIED. ) ;
#4816 = VECTOR ( 'NONE', #4508, 1000.000000000000114 ) ;
#4817 = EDGE_CURVE ( 'NONE', #2142, #193, #1521, .T. ) ;
#4818 = DIRECTION ( 'NONE',  ( 1.000000000000000000, 1.722632009336712421E-16, -4.625323219374409242E-16 ) ) ;
#4819 = ORIENTED_EDGE ( 'NONE', *, *, #600, .F. ) ;
#4820 = AXIS2_PLACEMENT_3D ( 'NONE', #5312, #3656, #1475 ) ;
#4821 = EDGE_LOOP ( 'NONE', ( #3457, #4307, #1175, #1769, #2347 ) ) ;
#4822 = DIRECTION ( 'NONE',  ( 1.000000000000000000, 1.722632009336709216E-16, 9.621326830187598882E-16 ) ) ;
#4823 = CARTESIAN_POINT ( 'NONE',  ( 2.450950000000035267, 2.025379290921086373, -1.076024774737269318 ) ) ;
#4824 = ADVANCED_FACE ( 'NONE', ( #3244 ), #847, .F. ) ;
#4825 = DIRECTION ( 'NONE',  ( 1.445076253180192051E-16, 1.000000000000000000, -2.553512956637819811E-15 ) ) ;
#4826 = VECTOR ( 'NONE', #4776, 1000.000000000000114 ) ;
#4827 = FACE_OUTER_BOUND ( 'NONE', #283, .T. ) ;
#4828 = LINE ( 'NONE', #199, #2418 ) ;
#4829 = DIRECTION ( 'NONE',  ( 1.000000000000000000, 2.000187765493021278E-16, -7.400880780937300593E-16 ) ) ;
#4830 = ADVANCED_FACE ( 'NONE', ( #3765 ), #5142, .F. ) ;
#4831 = VECTOR ( 'NONE', #166, 1000.000000000000000 ) ;
#4832 = FILL_AREA_STYLE_COLOUR ( '', #4314 ) ;
#4833 = ORIENTED_EDGE ( 'NONE', *, *, #2037, .T. ) ;
#4834 = CARTESIAN_POINT ( 'NONE',  ( 0.9843342201064364527, 2.466484790674988936, 0.1704206895829646351 ) ) ;
#4835 = VECTOR ( 'NONE', #4548, 1000.000000000000000 ) ;
#4836 = ADVANCED_FACE ( 'NONE', ( #1328 ), #3022, .T. ) ;
#4837 = LINE ( 'NONE', #2717, #4213 ) ;
#4838 = DIRECTION ( 'NONE',  ( -1.142289708722712923E-17, 0.9502094961207547819, 0.3116117993304191036 ) ) ;
#4839 = VECTOR ( 'NONE', #634, 1000.000000000000114 ) ;
#4840 = ORIENTED_EDGE ( 'NONE', *, *, #1185, .T. ) ;
#4841 = VECTOR ( 'NONE', #3284, 1000.000000000000000 ) ;
#4842 = LINE ( 'NONE', #3579, #5002 ) ;
#4843 = ORIENTED_EDGE ( 'NONE', *, *, #1901, .F. ) ;
#4844 = VECTOR ( 'NONE', #4492, 1000.000000000000227 ) ;
#4845 = DIRECTION ( 'NONE',  ( 1.445076253180178246E-16, 1.000000000000000000, -5.551115123125738329E-16 ) ) ;
#4846 = VECTOR ( 'NONE', #2601, 999.9999999999998863 ) ;
#4847 = DIRECTION ( 'NONE',  ( -1.000000000000000000, -2.000187765493021278E-16, 7.400880780937300593E-16 ) ) ;
#4848 = ORIENTED_EDGE ( 'NONE', *, *, #4098, .F. ) ;
#4849 = ORIENTED_EDGE ( 'NONE', *, *, #2250, .F. ) ;
#4850 = FACE_OUTER_BOUND ( 'NONE', #2537, .T. ) ;
#4851 = AXIS2_PLACEMENT_3D ( 'NONE', #5448, #4974, #381 ) ;
#4852 = CARTESIAN_POINT ( 'NONE',  ( 0.9700000000000541522, 2.523239701764268261, 0.2897166630501657458 ) ) ;
#4853 = DIRECTION ( 'NONE',  ( 7.400880780937299607E-16, 5.551115123125742273E-16, 1.000000000000000000 ) ) ;
#4854 = CARTESIAN_POINT ( 'NONE',  ( 0.9843342201064364527, 2.485296480058463153, -0.4417785858740752580 ) ) ;
#4855 = DIRECTION ( 'NONE',  ( 1.000000000000000000, 2.000187765493021278E-16, -7.400880780937300593E-16 ) ) ;
#4856 =( GEOMETRIC_REPRESENTATION_CONTEXT ( 3 ) GLOBAL_UNCERTAINTY_ASSIGNED_CONTEXT ( ( #477 ) ) GLOBAL_UNIT_ASSIGNED_CONTEXT ( ( #39, #818, #2997 ) ) REPRESENTATION_CONTEXT ( 'NONE', 'WORKASPACE' ) );
#4857 = DIRECTION ( 'NONE',  ( -1.270603127286871089E-16, 0.9223447048632922307, 0.3863680181001609149 ) ) ;
#4858 = ADVANCED_FACE ( 'NONE', ( #2517 ), #430, .F. ) ;
#4859 = AXIS2_PLACEMENT_3D ( 'NONE', #3100, #1455, #3176 ) ;
#4860 = DIRECTION ( 'NONE',  ( 9.469599216104743275E-17, 0.9901489287481959334, 0.1400182091686650032 ) ) ;
#4861 = EDGE_LOOP ( 'NONE', ( #3239, #2473, #3197, #727 ) ) ;
#4862 = CARTESIAN_POINT ( 'NONE',  ( 2.470000000000027729, 2.026937716003429646, -1.424233142190645118 ) ) ;
#4863 = ADVANCED_FACE ( 'NONE', ( #901 ), #2131, .F. ) ;
#4864 = DIRECTION ( 'NONE',  ( 4.619824724853993812E-16, 0.8660254037844352659, -0.5000000000000058842 ) ) ;
#4865 = DIRECTION ( 'NONE',  ( 2.430477205608910899E-16, 0.9879614813472417101, -0.1547000690826087488 ) ) ;
#4866 = ORIENTED_EDGE ( 'NONE', *, *, #605, .F. ) ;
#4867 = DIRECTION ( 'NONE',  ( -5.995848866729787176E-16, 0.1329814728554983561, 0.9911185236273118981 ) ) ;
#4868 = CARTESIAN_POINT ( 'NONE',  ( 0.9843342201064364527, 2.273044490338632428, 0.1765801039627645785 ) ) ;
#4869 = EDGE_CURVE ( 'NONE', #4674, #4241, #2571, .T. ) ;
#4870 = EDGE_CURVE ( 'NONE', #1018, #4718, #4630, .T. ) ;
#4871 = ORIENTED_EDGE ( 'NONE', *, *, #4986, .T. ) ;
#4872 = DIRECTION ( 'NONE',  ( -0.9911384352235829143, -1.249744823414514259E-16, -0.1328329861990150129 ) ) ;
#4873 = CARTESIAN_POINT ( 'NONE',  ( 2.469999999999861195, -0.03601191218871591104, 2.273457506810801387 ) ) ;
#4874 = VERTEX_POINT ( 'NONE', #1716 ) ;
#4875 = EDGE_LOOP ( 'NONE', ( #3338, #4938, #4605, #1484 ) ) ;
#4876 = PLANE ( 'NONE',  #3522 ) ;
#4877 = DIRECTION ( 'NONE',  ( -1.000000000000000000, -2.000187765493021278E-16, 7.400880780937300593E-16 ) ) ;
#4878 = CARTESIAN_POINT ( 'NONE',  ( 0.9699999999999986411, 2.483238627135203380, -0.4477264981799095045 ) ) ;
#4879 = LINE ( 'NONE', #281, #5012 ) ;
#4880 = PLANE ( 'NONE',  #4300 ) ;
#4881 = ORIENTED_EDGE ( 'NONE', *, *, #2627, .F. ) ;
#4882 = FACE_OUTER_BOUND ( 'NONE', #5341, .T. ) ;
#4883 = ORIENTED_EDGE ( 'NONE', *, *, #1847, .F. ) ;
#4884 = DIRECTION ( 'NONE',  ( -1.000000000000000000, -1.722632009336720063E-16, 7.400880780937477100E-16 ) ) ;
#4885 = PLANE ( 'NONE',  #1551 ) ;
#4886 = DIRECTION ( 'NONE',  ( -6.724135084613157836E-17, -0.9999670694423009598, 0.008115419334605227658 ) ) ;
#4887 = EDGE_CURVE ( 'NONE', #5388, #1000, #3410, .T. ) ;
#4888 = VERTEX_POINT ( 'NONE', #4217 ) ;
#4889 = DIRECTION ( 'NONE',  ( -7.400880780937299607E-16, -5.551115123125742273E-16, -1.000000000000000000 ) ) ;
#4890 = LINE ( 'NONE', #557, #2693 ) ;
#4891 = VERTEX_POINT ( 'NONE', #3886 ) ;
#4892 = CARTESIAN_POINT ( 'NONE',  ( 2.199500000017451384, -1.387778780781445676E-13, 2.220446049250313081E-13 ) ) ;
#4893 = EDGE_CURVE ( 'NONE', #5131, #2123, #3467, .T. ) ;
#4894 = DIRECTION ( 'NONE',  ( -6.693404831851108881E-17, 0.9502094961207419033, 0.3116117993304583500 ) ) ;
#4895 = ORIENTED_EDGE ( 'NONE', *, *, #87, .T. ) ;
#4896 = VERTEX_POINT ( 'NONE', #68 ) ;
#4897 = CARTESIAN_POINT ( 'NONE',  ( 0.9700000000000541522, 2.033886628395681129, -0.3948934297112322023 ) ) ;
#4898 = AXIS2_PLACEMENT_3D ( 'NONE', #3342, #2011, #4201 ) ;
#4899 = EDGE_CURVE ( 'NONE', #416, #3952, #4487, .T. ) ;
#4900 = DIRECTION ( 'NONE',  ( -6.845769268624692740E-16, 5.551115123125739315E-16, 1.000000000000000000 ) ) ;
#4901 = AXIS2_PLACEMENT_3D ( 'NONE', #3272, #1524, #4104 ) ;
#4902 = DIRECTION ( 'NONE',  ( 0.7071067812608411440, -2.510884813521907485E-16, -0.7071067811122538904 ) ) ;
#4903 = FILL_AREA_STYLE ('',( #3204 ) ) ;
#4904 = EDGE_LOOP ( 'NONE', ( #759, #3678, #4618, #1059, #376, #4422, #5124, #1727, #4537, #187, #2692, #768 ) ) ;
#4905 = AXIS2_PLACEMENT_3D ( 'NONE', #3, #3818, #4626 ) ;
#4906 = CARTESIAN_POINT ( 'NONE',  ( 0.9699999999999986411, 2.483238627135203380, -0.4477264981799095045 ) ) ;
#4907 = ORIENTED_EDGE ( 'NONE', *, *, #4964, .T. ) ;
#4908 = CARTESIAN_POINT ( 'NONE',  ( 0.9699999999999986411, 2.411458586530551784, -0.2347371884625498728 ) ) ;
#4909 = AXIS2_PLACEMENT_3D ( 'NONE', #4786, #1865, #3552 ) ;
#4910 = DIRECTION ( 'NONE',  ( -3.582787080455031950E-16, 0.6934400527214990007, 0.7205143255214324638 ) ) ;
#4911 = PLANE ( 'NONE',  #1837 ) ;
#4912 = ORIENTED_EDGE ( 'NONE', *, *, #611, .T. ) ;
#4913 = PLANE ( 'NONE',  #2596 ) ;
#4914 = VECTOR ( 'NONE', #4877, 1000.000000000000000 ) ;
#4915 = DIRECTION ( 'NONE',  ( -1.445076253180192051E-16, -1.000000000000000000, 2.553512956637819811E-15 ) ) ;
#4916 = ORIENTED_EDGE ( 'NONE', *, *, #3797, .F. ) ;
#4917 = ADVANCED_FACE ( 'NONE', ( #2106 ), #1300, .F. ) ;
#4918 = AXIS2_PLACEMENT_3D ( 'NONE', #1648, #5345, #2807 ) ;
#4919 = DIRECTION ( 'NONE',  ( -4.619824724853993812E-16, -0.8660254037844352659, 0.5000000000000058842 ) ) ;
#4920 = VECTOR ( 'NONE', #1286, 1000.000000000000114 ) ;
#4921 = CARTESIAN_POINT ( 'NONE',  ( 0.9699999999999986411, 2.489954509273251126, -0.4551746698936293134 ) ) ;
#4922 = VERTEX_POINT ( 'NONE', #1687 ) ;
#4923 = EDGE_CURVE ( 'NONE', #840, #4303, #3379, .T. ) ;
#4924 = VERTEX_POINT ( 'NONE', #126 ) ;
#4925 = PLANE ( 'NONE',  #2989 ) ;
#4926 = CARTESIAN_POINT ( 'NONE',  ( 0.9699999999999986411, 2.481543631422500340, -0.4482944105907438193 ) ) ;
#4927 = PRODUCT ( 'CLS-M3-1', 'CLS-M3-1', '', ( #4789 ) ) ;
#4928 = CARTESIAN_POINT ( 'NONE',  ( 2.450950000000035267, 1.827983448570463798, -0.9620582320191140013 ) ) ;
#4929 = DIRECTION ( 'NONE',  ( 5.320708281056154538E-16, -0.3269487519478700421, -0.9450420697512519341 ) ) ;
#4930 = LINE ( 'NONE', #2343, #5006 ) ;
#4931 = ORIENTED_EDGE ( 'NONE', *, *, #100, .T. ) ;
#4932 = VECTOR ( 'NONE', #1693, 1000.000000000000000 ) ;
#4933 = ADVANCED_FACE ( 'NONE', ( #154 ), #4676, .F. ) ;
#4934 = ORIENTED_EDGE ( 'NONE', *, *, #4243, .F. ) ;
#4935 = EDGE_CURVE ( 'NONE', #4058, #317, #2660, .T. ) ;
#4936 = LINE ( 'NONE', #1492, #3331 ) ;
#4937 = VECTOR ( 'NONE', #686, 1000.000000000000000 ) ;
#4938 = ORIENTED_EDGE ( 'NONE', *, *, #704, .F. ) ;
#4939 = CARTESIAN_POINT ( 'NONE',  ( 0.9700000000000541522, 2.418473753850569619, 0.2696685361248257751 ) ) ;
#4940 = VECTOR ( 'NONE', #3698, 1000.000000000000114 ) ;
#4941 = CARTESIAN_POINT ( 'NONE',  ( 0.9700000000000541522, 2.523629592551063006, 0.3948905628681914637 ) ) ;
#4942 = CARTESIAN_POINT ( 'NONE',  ( 0.9699999999999986411, 2.521531062727455641, -0.3400507035838801206 ) ) ;
#4943 = ORIENTED_EDGE ( 'NONE', *, *, #1321, .F. ) ;
#4944 = LINE ( 'NONE', #2354, #2410 ) ;
#4945 = VECTOR ( 'NONE', #1281, 1000.000000000000000 ) ;
#4946 = FACE_OUTER_BOUND ( 'NONE', #1092, .T. ) ;
#4947 = ORIENTED_EDGE ( 'NONE', *, *, #3051, .F. ) ;
#4948 = FACE_OUTER_BOUND ( 'NONE', #1229, .T. ) ;
#4949 = DIRECTION ( 'NONE',  ( -1.000000000000000000, -3.110410790118177818E-16, 7.400880780937398214E-16 ) ) ;
#4950 = ADVANCED_FACE ( 'NONE', ( #3524, #95 ), #965, .T. ) ;
#4951 = CARTESIAN_POINT ( 'NONE',  ( 0.9699999999999986411, 2.471364892679961400, -0.4643037271511718522 ) ) ;
#4952 = ORIENTED_EDGE ( 'NONE', *, *, #397, .T. ) ;
#4953 = EDGE_LOOP ( 'NONE', ( #4395, #1113, #2393, #1036 ) ) ;
#4954 = DIRECTION ( 'NONE',  ( -1.445076253180178246E-16, -1.000000000000000000, 5.551115123125738329E-16 ) ) ;
#4955 = LINE ( 'NONE', #2034, #3855 ) ;
#4956 = EDGE_CURVE ( 'NONE', #1899, #1697, #451, .T. ) ;
#4957 = CARTESIAN_POINT ( 'NONE',  ( 0.9699999999999986411, 2.500674538437719363, -0.4614095828219255679 ) ) ;
#4958 = PLANE ( 'NONE',  #831 ) ;
#4959 = DIRECTION ( 'NONE',  ( 1.000000000000000000, 2.000187765493021278E-16, -7.400880780937300593E-16 ) ) ;
#4960 = ORIENTED_EDGE ( 'NONE', *, *, #4990, .T. ) ;
#4961 = PLANE ( 'NONE',  #40 ) ;
#4962 = EDGE_CURVE ( 'NONE', #167, #3141, #3459, .T. ) ;
#4963 = DIRECTION ( 'NONE',  ( 1.445076253180192051E-16, 1.000000000000000000, -2.553512956637819811E-15 ) ) ;
#4964 = EDGE_CURVE ( 'NONE', #4226, #2638, #1770, .T. ) ;
#4965 = CARTESIAN_POINT ( 'NONE',  ( 0.9843342201064364527, 2.478836439541471037, -0.4482944105899944187 ) ) ;
#4966 = FACE_OUTER_BOUND ( 'NONE', #4470, .T. ) ;
#4967 = DIRECTION ( 'NONE',  ( -7.504465202493400556E-17, -0.9861849009696147528, -0.1656482450844289633 ) ) ;
#4968 = ADVANCED_FACE ( 'NONE', ( #2594 ), #1707, .T. ) ;
#4969 = EDGE_LOOP ( 'NONE', ( #5264, #3876, #3205, #3109 ) ) ;
#4970 = DIRECTION ( 'NONE',  ( 1.000000000000000000, 3.110410790118177818E-16, -7.400880780937398214E-16 ) ) ;
#4971 = DIRECTION ( 'NONE',  ( -1.000000000000000000, -2.000187765493021278E-16, 7.400880780937300593E-16 ) ) ;
#4972 = ORIENTED_EDGE ( 'NONE', *, *, #765, .T. ) ;
#4973 = DIRECTION ( 'NONE',  ( 1.445076253180192051E-16, 1.000000000000000000, -2.553512956637819811E-15 ) ) ;
#4974 = DIRECTION ( 'NONE',  ( -1.000000000000000000, -1.722632009336724254E-16, 4.070211707061878303E-16 ) ) ;
#4975 = CARTESIAN_POINT ( 'NONE',  ( 5.689892141741841679E-11, -1.499999999964547248, 5.245803791229817854E-15 ) ) ;
#4976 = ORIENTED_EDGE ( 'NONE', *, *, #3460, .T. ) ;
#4977 = ORIENTED_EDGE ( 'NONE', *, *, #208, .F. ) ;
#4978 = LINE ( 'NONE', #669, #2196 ) ;
#4979 = LINE ( 'NONE', #360, #5195 ) ;
#4980 = CARTESIAN_POINT ( 'NONE',  ( 2.450949999999840756, 0.03232682635359584999, 2.417505155565331965 ) ) ;
#4981 = LINE ( 'NONE', #783, #2158 ) ;
#4982 = ORIENTED_EDGE ( 'NONE', *, *, #4286, .F. ) ;
#4983 = ORIENTED_EDGE ( 'NONE', *, *, #4657, .F. ) ;
#4984 = AXIS2_PLACEMENT_3D ( 'NONE', #4540, #2654, #3046 ) ;
#4985 = VERTEX_POINT ( 'NONE', #841 ) ;
#4986 = EDGE_CURVE ( 'NONE', #3141, #4441, #1347, .T. ) ;
#4987 = DIRECTION ( 'NONE',  ( -8.352866218058003595E-16, -0.3640099799935267999, 0.9313950474772303423 ) ) ;
#4988 = VERTEX_POINT ( 'NONE', #2213 ) ;
#4989 = DIRECTION ( 'NONE',  ( 7.133670101290322422E-16, 0.5483224662305562491, -0.8362669866895622306 ) ) ;
#4990 = EDGE_CURVE ( 'NONE', #3334, #3419, #4711, .T. ) ;
#4991 = DIRECTION ( 'NONE',  ( -1.000000000000000000, -1.722632009336724254E-16, 4.070211707061878303E-16 ) ) ;
#4992 = CARTESIAN_POINT ( 'NONE',  ( 2.470000000000055707, 1.936365843134446596, -1.024632836696709459 ) ) ;
#4993 = ORIENTED_EDGE ( 'NONE', *, *, #4243, .T. ) ;
#4994 = CARTESIAN_POINT ( 'NONE',  ( 0.9700000000000541522, 2.316464276462898653, 0.1510640454359946094 ) ) ;
#4995 = CARTESIAN_POINT ( 'NONE',  ( 0.9843342201063809416, 2.497213554801675173, -0.4633155959534729362 ) ) ;
#4996 = VECTOR ( 'NONE', #2328, 1000.000000000000000 ) ;
#4997 = ORIENTED_EDGE ( 'NONE', *, *, #4214, .T. ) ;
#4998 = ADVANCED_FACE ( 'NONE', ( #5100 ), #515, .F. ) ;
#4999 = EDGE_CURVE ( 'NONE', #948, #1420, #3043, .T. ) ;
#5000 = CARTESIAN_POINT ( 'NONE',  ( 2.469999999999805684, 0.06360232754379357978, 2.345481331187913909 ) ) ;
#5001 = SURFACE_SIDE_STYLE ('',( #1609 ) ) ;
#5002 = VECTOR ( 'NONE', #3531, 999.9999999999998863 ) ;
#5003 = ORIENTED_EDGE ( 'NONE', *, *, #2715, .T. ) ;
#5004 = LINE ( 'NONE', #4975, #4738 ) ;
#5005 = ORIENTED_EDGE ( 'NONE', *, *, #3131, .T. ) ;
#5006 = VECTOR ( 'NONE', #3263, 1000.000000000000000 ) ;
#5007 = EDGE_LOOP ( 'NONE', ( #4760, #2015, #4315, #259 ) ) ;
#5008 = DIRECTION ( 'NONE',  ( -4.992923249690979017E-16, 0.5000000000000059952, 0.8660254037844352659 ) ) ;
#5009 = DIRECTION ( 'NONE',  ( -1.000000000000000000, -2.000187765493021278E-16, 7.400880780937300593E-16 ) ) ;
#5010 = AXIS2_PLACEMENT_3D ( 'NONE', #4615, #803, #2091 ) ;
#5011 = LINE ( 'NONE', #699, #1970 ) ;
#5012 = VECTOR ( 'NONE', #2708, 1000.000000000000000 ) ;
#5013 = CARTESIAN_POINT ( 'NONE',  ( 2.470000000000027729, -2.337828492452703522, -0.9863637419449261534 ) ) ;
#5014 = ORIENTED_EDGE ( 'NONE', *, *, #2468, .F. ) ;
#5015 = ORIENTED_EDGE ( 'NONE', *, *, #2818, .T. ) ;
#5016 = ORIENTED_EDGE ( 'NONE', *, *, #1240, .T. ) ;
#5017 = VECTOR ( 'NONE', #323, 1000.000000000000000 ) ;
#5018 = DIRECTION ( 'NONE',  ( 6.845769268624693726E-16, -5.551115123125739315E-16, -1.000000000000000000 ) ) ;
#5019 = ORIENTED_EDGE ( 'NONE', *, *, #2251, .F. ) ;
#5020 = FACE_OUTER_BOUND ( 'NONE', #4096, .T. ) ;
#5021 = ADVANCED_FACE ( 'NONE', ( #1740 ), #3433, .T. ) ;
#5022 = VECTOR ( 'NONE', #3016, 1000.000000000000000 ) ;
#5023 = FACE_OUTER_BOUND ( 'NONE', #1145, .T. ) ;
#5024 = DIRECTION ( 'NONE',  ( -1.445076253180192051E-16, -1.000000000000000000, 2.553512956637819811E-15 ) ) ;
#5025 = ORIENTED_EDGE ( 'NONE', *, *, #3635, .F. ) ;
#5026 = CARTESIAN_POINT ( 'NONE',  ( 2.470000000000027729, 1.983372645743053386, -1.399080837149263568 ) ) ;
#5027 = EDGE_CURVE ( 'NONE', #1027, #840, #86, .T. ) ;
#5028 = AXIS2_PLACEMENT_3D ( 'NONE', #2434, #3626, #1129 ) ;
#5029 = ORIENTED_EDGE ( 'NONE', *, *, #329, .T. ) ;
#5030 = CYLINDRICAL_SURFACE ( 'NONE', #1547, 2.100000000000019629 ) ;
#5031 = LINE ( 'NONE', #331, #137 ) ;
#5032 = VECTOR ( 'NONE', #869, 1000.000000000000000 ) ;
#5033 = ORIENTED_EDGE ( 'NONE', *, *, #3916, .F. ) ;
#5034 = EDGE_CURVE ( 'NONE', #3637, #2563, #3815, .T. ) ;
#5035 = ADVANCED_FACE ( 'NONE', ( #3843 ), #3486, .F. ) ;
#5036 = CARTESIAN_POINT ( 'NONE',  ( 2.450950000000035267, 1.590464268307251183, -1.172235079669514679 ) ) ;
#5037 = VERTEX_POINT ( 'NONE', #2099 ) ;
#5038 = CIRCLE ( 'NONE', #2641, 0.03983479767572151858 ) ;
#5039 = ORIENTED_EDGE ( 'NONE', *, *, #1293, .T. ) ;
#5040 = CARTESIAN_POINT ( 'NONE',  ( 0.9843342201064364527, 2.324442703374368868, 0.1250508761556634596 ) ) ;
#5041 = CARTESIAN_POINT ( 'NONE',  ( 0.9699999999999986411, 2.140667967656273429, -0.2325411859420839500 ) ) ;
#5042 = LINE ( 'NONE', #2035, #3208 ) ;
#5043 = DIRECTION ( 'NONE',  ( -5.140241767647238086E-16, -0.8660254037844209440, 0.5000000000000306422 ) ) ;
#5044 = ORIENTED_EDGE ( 'NONE', *, *, #4082, .F. ) ;
#5045 = EDGE_LOOP ( 'NONE', ( #3697, #4849, #1596, #3188 ) ) ;
#5046 = ORIENTED_EDGE ( 'NONE', *, *, #3704, .T. ) ;
#5047 = DIRECTION ( 'NONE',  ( 6.845769268624692740E-16, -5.551115123125739315E-16, -1.000000000000000000 ) ) ;
#5048 = ORIENTED_EDGE ( 'NONE', *, *, #672, .T. ) ;
#5049 = DIRECTION ( 'NONE',  ( -5.882887990558551382E-16, -0.4999999999999998890, 0.8660254037844387076 ) ) ;
#5050 = DIRECTION ( 'NONE',  ( -1.000000000000000000, -2.000187765493021278E-16, 7.400880780937300593E-16 ) ) ;
#5051 = DIRECTION ( 'NONE',  ( 1.505080776930061409E-16, 0.9999670694423009598, -0.008115419334607694435 ) ) ;
#5052 = VERTEX_POINT ( 'NONE', #3788 ) ;
#5053 = LINE ( 'NONE', #2520, #2244 ) ;
#5054 = EDGE_LOOP ( 'NONE', ( #2713, #3814, #3072, #945 ) ) ;
#5055 = EDGE_CURVE ( 'NONE', #4263, #1662, #894, .T. ) ;
#5056 = DIRECTION ( 'NONE',  ( -1.445076253180192051E-16, -1.000000000000000000, 2.553512956637819811E-15 ) ) ;
#5057 = CARTESIAN_POINT ( 'NONE',  ( 0.9699999999999986411, 2.249684011831370789, 0.01740461005372839765 ) ) ;
#5058 = EDGE_LOOP ( 'NONE', ( #1703, #4229, #5450, #1203 ) ) ;
#5059 = DIRECTION ( 'NONE',  ( 0.000000000000000000, 0.000000000000000000, -1.000000000000000000 ) ) ;
#5060 = ORIENTED_EDGE ( 'NONE', *, *, #850, .F. ) ;
#5061 = EDGE_LOOP ( 'NONE', ( #4512, #4504, #4977, #5132 ) ) ;
#5062 = CARTESIAN_POINT ( 'NONE',  ( 0.9843342201064364527, 2.314344245309463144, 0.2847395351444903522 ) ) ;
#5063 = EDGE_CURVE ( 'NONE', #914, #4515, #1682, .T. ) ;
#5064 = DIRECTION ( 'NONE',  ( 6.845769268624693726E-16, -5.551115123125739315E-16, -1.000000000000000000 ) ) ;
#5065 = CARTESIAN_POINT ( 'NONE',  ( 0.9700000000000541522, 2.383197238168627052, 0.2483830793201247111 ) ) ;
#5066 = CARTESIAN_POINT ( 'NONE',  ( 2.450950000000007289, -1.575794341459019199, -1.197644138312789597 ) ) ;
#5067 = ORIENTED_EDGE ( 'NONE', *, *, #3106, .T. ) ;
#5068 = ORIENTED_EDGE ( 'NONE', *, *, #1427, .F. ) ;
#5069 = ORIENTED_EDGE ( 'NONE', *, *, #3736, .T. ) ;
#5070 = CARTESIAN_POINT ( 'NONE',  ( 0.9699999999999986411, 2.125066602492426071, -0.1854790744887646614 ) ) ;
#5071 = EDGE_CURVE ( 'NONE', #1027, #5401, #4683, .T. ) ;
#5072 = DIRECTION ( 'NONE',  ( -3.939796879308687280E-16, 0.7152859658357441086, 0.6988318732559546387 ) ) ;
#5073 = ORIENTED_EDGE ( 'NONE', *, *, #2045, .F. ) ;
#5074 = AXIS2_PLACEMENT_3D ( 'NONE', #1744, #3018, #4714 ) ;
#5075 = CARTESIAN_POINT ( 'NONE',  ( 0.9700000000000541522, 2.220902331279694941, 0.2589129974102100107 ) ) ;
#5076 = VECTOR ( 'NONE', #5405, 1000.000000000000000 ) ;
#5077 = DIRECTION ( 'NONE',  ( 0.000000000000000000, 5.645018411551103535E-16, 1.000000000000000000 ) ) ;
#5078 = PRESENTATION_STYLE_ASSIGNMENT (( #5168 ) ) ;
#5079 = ORIENTED_EDGE ( 'NONE', *, *, #3227, .F. ) ;
#5080 = CARTESIAN_POINT ( 'NONE',  ( 2.470000000000027729, 2.498001805406602216E-13, 1.492250000000305832 ) ) ;
#5081 = AXIS2_PLACEMENT_3D ( 'NONE', #3496, #2248, #1780 ) ;
#5082 = ORIENTED_EDGE ( 'NONE', *, *, #4154, .T. ) ;
#5083 = DIRECTION ( 'NONE',  ( -1.445076253180178246E-16, -1.000000000000000000, 5.551115123125738329E-16 ) ) ;
#5084 = VECTOR ( 'NONE', #2241, 999.9999999999998863 ) ;
#5085 = DIRECTION ( 'NONE',  ( -1.167520497023887139E-16, -1.000000000000000000, 2.886579864025370717E-15 ) ) ;
#5086 = ORIENTED_EDGE ( 'NONE', *, *, #5339, .F. ) ;
#5087 = LINE ( 'NONE', #1812, #5273 ) ;
#5088 = ADVANCED_FACE ( 'NONE', ( #4653 ), #3403, .T. ) ;
#5089 = ORIENTED_EDGE ( 'NONE', *, *, #4689, .F. ) ;
#5090 = ORIENTED_EDGE ( 'NONE', *, *, #1333, .F. ) ;
#5091 = DIRECTION ( 'NONE',  ( -1.000000000000000000, -1.722632009336720063E-16, 7.400880780937477100E-16 ) ) ;
#5092 = VECTOR ( 'NONE', #2721, 1000.000000000000000 ) ;
#5093 = CARTESIAN_POINT ( 'NONE',  ( 2.450950000000007289, -1.940436768592790351, -1.120311690692626927 ) ) ;
#5094 = CARTESIAN_POINT ( 'NONE',  ( 0.9843342201064364527, 2.489954509273251126, -0.4551746698936293134 ) ) ;
#5095 = ADVANCED_FACE ( 'NONE', ( #2125 ), #5517, .F. ) ;
#5096 = VECTOR ( 'NONE', #4915, 1000.000000000000000 ) ;
#5097 = ORIENTED_EDGE ( 'NONE', *, *, #4591, .F. ) ;
#5098 = ORIENTED_EDGE ( 'NONE', *, *, #1530, .F. ) ;
#5099 = ORIENTED_EDGE ( 'NONE', *, *, #1256, .T. ) ;
#5100 = FACE_OUTER_BOUND ( 'NONE', #27, .T. ) ;
#5101 = VECTOR ( 'NONE', #2230, 999.9999999999998863 ) ;
#5102 = DIRECTION ( 'NONE',  ( 6.468959180425696219E-16, 0.2959104772547865303, -0.9552156769289564808 ) ) ;
#5103 = VECTOR ( 'NONE', #4202, 1000.000000000000000 ) ;
#5104 = CARTESIAN_POINT ( 'NONE',  ( 0.9700000000000541522, 2.375141406468856076, 0.2468665188329749460 ) ) ;
#5105 = CARTESIAN_POINT ( 'NONE',  ( 2.469999999999972218, -1.543091786165323720, -1.254286625618925122 ) ) ;
#5106 = ADVANCED_FACE ( 'NONE', ( #3539 ), #169, .F. ) ;
#5107 = ADVANCED_FACE ( 'NONE', ( #4404 ), #1900, .T. ) ;
#5108 = CARTESIAN_POINT ( 'NONE',  ( 0.9699999999999986411, 2.286545892256880208, 0.1670300731590745880 ) ) ;
#5109 = VECTOR ( 'NONE', #655, 1000.000000000000114 ) ;
#5110 = LINE ( 'NONE', #1858, #1291 ) ;
#5111 = DIRECTION ( 'NONE',  ( 5.782411586506919702E-16, -5.551115123125739315E-16, -1.000000000000000000 ) ) ;
#5112 = VECTOR ( 'NONE', #2659, 1000.000000000000114 ) ;
#5113 = ORIENTED_EDGE ( 'NONE', *, *, #1813, .T. ) ;
#5114 = CARTESIAN_POINT ( 'NONE',  ( 2.470000000000027729, -2.008307592792912821, -1.371832463991251583 ) ) ;
#5115 = ORIENTED_EDGE ( 'NONE', *, *, #1014, .T. ) ;
#5116 = AXIS2_PLACEMENT_3D ( 'NONE', #3057, #3860, #2199 ) ;
#5117 = DIRECTION ( 'NONE',  ( 2.513793830718206599E-17, -0.9659317819997998988, -0.2587968170644511234 ) ) ;
#5118 = FACE_OUTER_BOUND ( 'NONE', #4252, .T. ) ;
#5119 = ORIENTED_EDGE ( 'NONE', *, *, #3951, .T. ) ;
#5120 = VECTOR ( 'NONE', #3575, 1000.000000000000114 ) ;
#5121 = B_SPLINE_CURVE_WITH_KNOTS ( 'NONE', 3,
 ( #3909, #3128, #2682, #3491 ),
 .UNSPECIFIED., .F., .F.,
 ( 4, 4 ),
 ( 0.000000000000000000, 1.000000000000000000 ),
 .UNSPECIFIED. ) ;
#5122 = LINE ( 'NONE', #4280, #472 ) ;
#5123 = ORIENTED_EDGE ( 'NONE', *, *, #1456, .F. ) ;
#5124 = ORIENTED_EDGE ( 'NONE', *, *, #2657, .T. ) ;
#5125 = CARTESIAN_POINT ( 'NONE',  ( 0.9843342201064364527, 2.486652238561426476, -0.4525014031271507031 ) ) ;
#5126 = CONICAL_SURFACE ( 'NONE', #5390, 3.175000000055685501, 0.7853981633974495002 ) ;
#5127 = LINE ( 'NONE', #833, #2339 ) ;
#5128 = EDGE_CURVE ( 'NONE', #1254, #1466, #3588, .T. ) ;
#5129 = CARTESIAN_POINT ( 'NONE',  ( 2.450949999999951778, -1.792384863908286219, -0.8224983489919512891 ) ) ;
#5130 = DIRECTION ( 'NONE',  ( -5.882887990558551382E-16, -0.4999999999999998890, 0.8660254037844387076 ) ) ;
#5131 = VERTEX_POINT ( 'NONE', #1508 ) ;
#5132 = ORIENTED_EDGE ( 'NONE', *, *, #2191, .T. ) ;
#5133 = ORIENTED_EDGE ( 'NONE', *, *, #1365, .F. ) ;
#5134 = CARTESIAN_POINT ( 'NONE',  ( 2.470000000000027729, -1.848407460854545326, -1.067178545096761244 ) ) ;
#5135 = ADVANCED_FACE ( 'NONE', ( #4850 ), #3960, .T. ) ;
#5136 = LINE ( 'NONE', #4155, #2712 ) ;
#5137 = DIRECTION ( 'NONE',  ( -2.208597309011112295E-16, 0.8660254037844387076, 0.4999999999999998890 ) ) ;
#5138 = CARTESIAN_POINT ( 'NONE',  ( 0.9700000000000541522, 2.346987564757957223, 0.2517815795645694799 ) ) ;
#5139 = CARTESIAN_POINT ( 'NONE',  ( 0.9843342201064364527, 2.501986334736194806, -0.4582198139926468849 ) ) ;
#5140 = EDGE_CURVE ( 'NONE', #3113, #5052, #5320, .T. ) ;
#5141 = PLANE ( 'NONE',  #4662 ) ;
#5142 = PLANE ( 'NONE',  #1207 ) ;
#5143 = VERTEX_POINT ( 'NONE', #5294 ) ;
#5144 = DIRECTION ( 'NONE',  ( 6.193382601542251071E-16, -0.05089991897257698655, -0.9987037590039326007 ) ) ;
#5145 = VERTEX_POINT ( 'NONE', #4373 ) ;
#5146 = ADVANCED_FACE ( 'NONE', ( #4429, #5244, #1873, #641, #1430 ), #117, .T. ) ;
#5147 = FACE_OUTER_BOUND ( 'NONE', #5007, .T. ) ;
#5148 = DIRECTION ( 'NONE',  ( -7.400880780937299607E-16, -5.551115123125742273E-16, -1.000000000000000000 ) ) ;
#5149 = ORIENTED_EDGE ( 'NONE', *, *, #2406, .F. ) ;
#5150 = LINE ( 'NONE', #16, #1625 ) ;
#5151 = VERTEX_POINT ( 'NONE', #566 ) ;
#5152 = ORIENTED_EDGE ( 'NONE', *, *, #1993, .F. ) ;
#5153 = DIRECTION ( 'NONE',  ( -3.770112698009147343E-16, -0.9450420697512519341, 0.3269487519478700421 ) ) ;
#5154 = DIRECTION ( 'NONE',  ( -1.000000000000000000, -2.000187765493021278E-16, 7.400880780937300593E-16 ) ) ;
#5155 = FACE_OUTER_BOUND ( 'NONE', #4821, .T. ) ;
#5156 = LINE ( 'NONE', #57, #4292 ) ;
#5157 = ORIENTED_EDGE ( 'NONE', *, *, #3229, .F. ) ;
#5158 = VERTEX_POINT ( 'NONE', #3121 ) ;
#5159 = EDGE_LOOP ( 'NONE', ( #5515, #5446 ) ) ;
#5160 = CARTESIAN_POINT ( 'NONE',  ( 0.9700000000000541522, 2.317249791725151109, 0.2773050918867953074 ) ) ;
#5161 = CARTESIAN_POINT ( 'NONE',  ( 0.9700000000000263967, -1.387778780781445676E-13, 2.498001805406602216E-13 ) ) ;
#5162 = DIRECTION ( 'NONE',  ( -1.000000000000000000, -2.000187765493021278E-16, 7.400880780937300593E-16 ) ) ;
#5163 = DIRECTION ( 'NONE',  ( 1.000000000000000000, 2.000187765493021278E-16, -7.400880780937300593E-16 ) ) ;
#5164 = DIRECTION ( 'NONE',  ( 6.845769268624693726E-16, -5.551115123125739315E-16, -1.000000000000000000 ) ) ;
#5165 = EDGE_CURVE ( 'NONE', #1130, #839, #322, .T. ) ;
#5166 = APPLICATION_CONTEXT ( 'automotive_design' ) ;
#5167 = CARTESIAN_POINT ( 'NONE',  ( 0.9843342201064364527, 2.483238627135203380, -0.4477264981799095045 ) ) ;
#5168 = SURFACE_STYLE_USAGE ( .BOTH. , #2076 ) ;
#5169 = ORIENTED_EDGE ( 'NONE', *, *, #5034, .T. ) ;
#5170 = CARTESIAN_POINT ( 'NONE',  ( 0.9700000000000541522, 2.314467519602486867, 0.2871582914452386337 ) ) ;
#5171 = EDGE_CURVE ( 'NONE', #1122, #78, #3931, .T. ) ;
#5172 = VERTEX_POINT ( 'NONE', #615 ) ;
#5173 = VECTOR ( 'NONE', #2990, 1000.000000000000000 ) ;
#5174 = DIRECTION ( 'NONE',  ( -1.066020076567996562E-16, 0.8682403210875346833, 0.4961438751388700941 ) ) ;
#5175 = DIRECTION ( 'NONE',  ( -6.845769268624742044E-16, 2.886579864025370717E-15, 1.000000000000000000 ) ) ;
#5176 = ORIENTED_EDGE ( 'NONE', *, *, #3460, .F. ) ;
#5177 = VECTOR ( 'NONE', #3454, 1000.000000000000000 ) ;
#5178 = DIRECTION ( 'NONE',  ( -4.122927460393691967E-16, 0.5500539575623862865, 0.8351291180230495659 ) ) ;
#5179 = ADVANCED_FACE ( 'NONE', ( #2311 ), #4876, .F. ) ;
#5180 = ADVANCED_FACE ( 'NONE', ( #3560 ), #3986, .F. ) ;
#5181 = ORIENTED_EDGE ( 'NONE', *, *, #2251, .T. ) ;
#5182 = VECTOR ( 'NONE', #4600, 1000.000000000000000 ) ;
#5183 = LINE ( 'NONE', #1370, #5366 ) ;
#5184 = DIRECTION ( 'NONE',  ( 1.000000000000000000, 2.000187765493021278E-16, -7.400880780937300593E-16 ) ) ;
#5185 = EDGE_LOOP ( 'NONE', ( #785, #4035, #4134, #4246 ) ) ;
#5186 = ORIENTED_EDGE ( 'NONE', *, *, #2116, .F. ) ;
#5187 = VECTOR ( 'NONE', #2889, 1000.000000000000000 ) ;
#5188 = EDGE_LOOP ( 'NONE', ( #3456, #334 ) ) ;
#5189 = CARTESIAN_POINT ( 'NONE',  ( 2.470000000000027729, -1.841708557294235993, -1.198728831998729927 ) ) ;
#5190 = PLANE ( 'NONE',  #1654 ) ;
#5191 = VECTOR ( 'NONE', #2704, 1000.000000000000114 ) ;
#5192 = DIRECTION ( 'NONE',  ( 1.000000000000000000, 2.000187765493021278E-16, -7.400880780937300593E-16 ) ) ;
#5193 = DIRECTION ( 'NONE',  ( -6.845769268624692740E-16, 5.551115123125739315E-16, 1.000000000000000000 ) ) ;
#5194 = DIRECTION ( 'NONE',  ( 6.845769268624693726E-16, -5.551115123125739315E-16, -1.000000000000000000 ) ) ;
#5195 = VECTOR ( 'NONE', #3699, 1000.000000000000227 ) ;
#5196 = CARTESIAN_POINT ( 'NONE',  ( 0.9843342201064364527, 2.478836439541304060, -0.4472441201540527933 ) ) ;
#5197 = EDGE_CURVE ( 'NONE', #4241, #3225, #539, .T. ) ;
#5198 = VERTEX_POINT ( 'NONE', #3615 ) ;
#5199 = CARTESIAN_POINT ( 'NONE',  ( 2.450949999999951778, -1.608496896752464878, -1.141001651006931628 ) ) ;
#5200 = AXIS2_PLACEMENT_3D ( 'NONE', #2576, #2525, #5117 ) ;
#5201 = ORIENTED_EDGE ( 'NONE', *, *, #2551, .T. ) ;
#5202 = VECTOR ( 'NONE', #2372, 1000.000000000000000 ) ;
#5203 = CARTESIAN_POINT ( 'NONE',  ( 2.450950000000007289, -1.783111045144086804, -1.392861809400194772 ) ) ;
#5204 = LINE ( 'NONE', #5254, #675 ) ;
#5205 = EDGE_CURVE ( 'NONE', #3071, #4271, #1824, .T. ) ;
#5206 = EDGE_LOOP ( 'NONE', ( #2673, #2519, #3754, #4603 ) ) ;
#5207 = CARTESIAN_POINT ( 'NONE',  ( 2.450950000000007289, 2.290456010312053259, -1.068415287893961896 ) ) ;
#5208 = CONICAL_SURFACE ( 'NONE', #846, 1.499999999964547248, 0.7853981633974483900 ) ;
#5209 = ORIENTED_EDGE ( 'NONE', *, *, #4627, .F. ) ;
#5210 = CARTESIAN_POINT ( 'NONE',  ( 2.470000000000055707, 2.133761685484680815, -1.138599379414545476 ) ) ;
#5211 = AXIS2_PLACEMENT_3D ( 'NONE', #1356, #2489, #876 ) ;
#5212 = EDGE_CURVE ( 'NONE', #2798, #2141, #1407, .T. ) ;
#5213 = ADVANCED_FACE ( 'NONE', ( #2892 ), #5126, .T. ) ;
#5214 = CARTESIAN_POINT ( 'NONE',  ( 2.470000000000027729, -2.229467576931182471, -1.174050353182798379 ) ) ;
#5215 = VERTEX_POINT ( 'NONE', #752 ) ;
#5216 = ORIENTED_EDGE ( 'NONE', *, *, #5427, .T. ) ;
#5217 = VECTOR ( 'NONE', #3108, 1000.000000000000000 ) ;
#5218 = ORIENTED_EDGE ( 'NONE', *, *, #3133, .F. ) ;
#5219 = DIRECTION ( 'NONE',  ( -1.270603127286871336E-16, 0.9223447048632922307, 0.3863680181001609149 ) ) ;
#5220 = EDGE_CURVE ( 'NONE', #5037, #2950, #4978, .T. ) ;
#5221 = CARTESIAN_POINT ( 'NONE',  ( 0.9699999999999986411, 2.324343390078947635, 0.01740461005365900871 ) ) ;
#5222 = B_SPLINE_CURVE_WITH_KNOTS ( 'NONE', 3,
 ( #1790, #3395, #1372, #952 ),
 .UNSPECIFIED., .F., .F.,
 ( 4, 4 ),
 ( 0.000000000000000000, 1.000000000000000000 ),
 .UNSPECIFIED. ) ;
#5223 = AXIS2_PLACEMENT_3D ( 'NONE', #4703, #802, #2500 ) ;
#5224 = FACE_OUTER_BOUND ( 'NONE', #4861, .T. ) ;
#5225 = LINE ( 'NONE', #2271, #3396 ) ;
#5226 = CARTESIAN_POINT ( 'NONE',  ( 0.9843342201064364527, 2.418816341711011120, 0.2702983817564619251 ) ) ;
#5227 = PRODUCT_DEFINITION_FORMATION_WITH_SPECIFIED_SOURCE ( 'ANY', '', #4927, .NOT_KNOWN. ) ;
#5228 = CARTESIAN_POINT ( 'NONE',  ( 0.9843342201064364527, 2.473698157314324853, -0.4537679110708514596 ) ) ;
#5229 = CARTESIAN_POINT ( 'NONE',  ( 0.000000000000000000, 4.163336342344337027E-13, 1.050000000000488098 ) ) ;
#5230 = ORIENTED_EDGE ( 'NONE', *, *, #1585, .T. ) ;
#5231 = DIRECTION ( 'NONE',  ( 1.000000000000000000, 2.000187765493021278E-16, -7.400880780937300593E-16 ) ) ;
#5232 = CARTESIAN_POINT ( 'NONE',  ( 0.9843342201064364527, 2.483238627135203380, -0.4477264981799095045 ) ) ;
#5233 = CARTESIAN_POINT ( 'NONE',  ( 0.9843342201064364527, 2.409391591991022707, 0.1445703570425588280 ) ) ;
#5234 = VERTEX_POINT ( 'NONE', #2057 ) ;
#5235 = LINE ( 'NONE', #608, #1453 ) ;
#5236 = EDGE_LOOP ( 'NONE', ( #3372, #4557, #1704, #1195 ) ) ;
#5237 = EDGE_CURVE ( 'NONE', #2778, #3627, #4088, .T. ) ;
#5238 = FACE_OUTER_BOUND ( 'NONE', #1562, .T. ) ;
#5239 = DIRECTION ( 'NONE',  ( 6.147164604532359450E-17, -0.9629464567805122721, -0.2696926424169874825 ) ) ;
#5240 = DIRECTION ( 'NONE',  ( 6.845769268624742044E-16, -2.886579864025370717E-15, -1.000000000000000000 ) ) ;
#5241 = EDGE_LOOP ( 'NONE', ( #4728, #4692, #512, #2751, #2070 ) ) ;
#5242 = EDGE_CURVE ( 'NONE', #4256, #5350, #276, .T. ) ;
#5243 = VERTEX_POINT ( 'NONE', #4117 ) ;
#5244 = FACE_BOUND ( 'NONE', #4001, .T. ) ;
#5245 = CARTESIAN_POINT ( 'NONE',  ( 0.9843342201064364527, 2.215529865583626190, 0.2812557462896769778 ) ) ;
#5246 = FACE_OUTER_BOUND ( 'NONE', #4124, .T. ) ;
#5247 = DIRECTION ( 'NONE',  ( -6.845769268624692740E-16, 5.551115123125739315E-16, 1.000000000000000000 ) ) ;
#5248 = LINE ( 'NONE', #2156, #560 ) ;
#5249 = LINE ( 'NONE', #3019, #1273 ) ;
#5250 = EDGE_CURVE ( 'NONE', #2922, #2830, #3748, .T. ) ;
#5251 = VERTEX_POINT ( 'NONE', #4589 ) ;
#5252 = CARTESIAN_POINT ( 'NONE',  ( 0.9843342201064364527, 2.422424264911654745, 0.01740461005371451986 ) ) ;
#5253 = DIRECTION ( 'NONE',  ( -1.000000000000000000, -2.000187765493021278E-16, 7.400880780937300593E-16 ) ) ;
#5254 = CARTESIAN_POINT ( 'NONE',  ( 0.9699999999999986411, 2.125255814197951842, -0.2852079774575411175 ) ) ;
#5255 = ORIENTED_EDGE ( 'NONE', *, *, #3383, .F. ) ;
#5256 = DIRECTION ( 'NONE',  ( 2.483550222685513318E-16, -0.8463804217566113230, -0.5325788032461493682 ) ) ;
#5257 = ORIENTED_EDGE ( 'NONE', *, *, #2407, .F. ) ;
#5258 = DIRECTION ( 'NONE',  ( -1.000000000000000000, -1.722632009336720063E-16, 7.400880780937477100E-16 ) ) ;
#5259 = VECTOR ( 'NONE', #1510, 999.9999999999998863 ) ;
#5260 = EDGE_CURVE ( 'NONE', #3637, #1477, #1163, .T. ) ;
#5261 = CARTESIAN_POINT ( 'NONE',  ( 0.9700000000000541522, 2.092235504760536990, 0.3948905628675530854 ) ) ;
#5262 = ORIENTED_EDGE ( 'NONE', *, *, #4333, .T. ) ;
#5263 = AXIS2_PLACEMENT_3D ( 'NONE', #3810, #3999, #2979 ) ;
#5264 = ORIENTED_EDGE ( 'NONE', *, *, #4684, .T. ) ;
#5265 = CARTESIAN_POINT ( 'NONE',  ( 0.9699999999999986411, 2.503095591693260680, -0.4386548162824549513 ) ) ;
#5266 = DIRECTION ( 'NONE',  ( -6.845769268624692740E-16, 5.551115123125739315E-16, 1.000000000000000000 ) ) ;
#5267 = CARTESIAN_POINT ( 'NONE',  ( 0.9843342201063809416, 2.474178410326627109, -0.4637087234186793028 ) ) ;
#5268 = ADVANCED_FACE ( 'NONE', ( #4171 ), #2832, .F. ) ;
#5269 = DIRECTION ( 'NONE',  ( 7.845854836809279995E-17, 0.9803664598916860262, 0.1971841888170626500 ) ) ;
#5270 = CARTESIAN_POINT ( 'NONE',  ( 2.450949999999840756, -0.1043506507306113384, 2.273457506810704132 ) ) ;
#5271 = VECTOR ( 'NONE', #3783, 1000.000000000000227 ) ;
#5272 = FACE_OUTER_BOUND ( 'NONE', #5241, .T. ) ;
#5273 = VECTOR ( 'NONE', #2115, 1000.000000000000114 ) ;
#5274 =( NAMED_UNIT ( * ) SI_UNIT ( $, .STERADIAN. ) SOLID_ANGLE_UNIT ( ) );
#5275 = ADVANCED_FACE ( 'NONE', ( #1980 ), #3226, .T. ) ;
#5276 = VERTEX_POINT ( 'NONE', #2806 ) ;
#5277 = EDGE_CURVE ( 'NONE', #10, #4595, #1647, .T. ) ;
#5278 = DIRECTION ( 'NONE',  ( -1.000000000000000000, -2.000187765493021278E-16, 7.400880780937300593E-16 ) ) ;
#5279 = AXIS2_PLACEMENT_3D ( 'NONE', #1132, #2825, #2992 ) ;
#5280 = CARTESIAN_POINT ( 'NONE',  ( 0.9700000000000541522, 1.975537752030187555, 0.3268746884626805294 ) ) ;
#5281 = PLANE ( 'NONE',  #3602 ) ;
#5282 = VECTOR ( 'NONE', #4285, 1000.000000000000000 ) ;
#5283 = ORIENTED_EDGE ( 'NONE', *, *, #135, .F. ) ;
#5284 = CIRCLE ( 'NONE', #2773, 2.064999999980975609 ) ;
#5285 = CARTESIAN_POINT ( 'NONE',  ( 0.9700000000000541522, 2.521786211845261860, 0.2788837195466659091 ) ) ;
#5286 = PLANE ( 'NONE',  #4909 ) ;
#5287 = ORIENTED_EDGE ( 'NONE', *, *, #4802, .T. ) ;
#5288 = DIRECTION ( 'NONE',  ( 1.000000000000000000, 0.000000000000000000, 0.000000000000000000 ) ) ;
#5289 = CARTESIAN_POINT ( 'NONE',  ( 0.9843342201064364527, 2.125255814197757331, 0.2959619118675094196 ) ) ;
#5290 = PRESENTATION_LAYER_ASSIGNMENT (  '', '', ( #3956 ) ) ;
#5291 = DIRECTION ( 'NONE',  ( 1.000000000000000000, 2.000187765493021278E-16, -7.400880780937300593E-16 ) ) ;
#5292 = EDGE_LOOP ( 'NONE', ( #1034, #1390, #3285, #5152, #784, #5089, #1588, #4619, #4664 ) ) ;
#5293 = ORIENTED_EDGE ( 'NONE', *, *, #3937, .F. ) ;
#5294 = CARTESIAN_POINT ( 'NONE',  ( 0.9843342201064364527, 2.523629592551174028, 0.1250508761553026371 ) ) ;
#5295 = ADVANCED_FACE ( 'NONE', ( #2859 ), #4925, .T. ) ;
#5296 = VECTOR ( 'NONE', #843, 1000.000000000000000 ) ;
#5297 = CARTESIAN_POINT ( 'NONE',  ( 0.9699999999999986411, 2.486422737122351290, -0.4626929670481366719 ) ) ;
#5298 = CARTESIAN_POINT ( 'NONE',  ( 2.470000000000027729, 2.290456010312191815, -1.068415287893975663 ) ) ;
#5299 = FACE_OUTER_BOUND ( 'NONE', #1237, .T. ) ;
#5300 = AXIS2_PLACEMENT_3D ( 'NONE', #2602, #1778, #3050 ) ;
#5301 = DIRECTION ( 'NONE',  ( 4.619824724853955355E-16, 0.8660254037844390407, -0.4999999999999991673 ) ) ;
#5302 = VERTEX_POINT ( 'NONE', #3340 ) ;
#5303 = EDGE_CURVE ( 'NONE', #1999, #5143, #1565, .T. ) ;
#5304 = AXIS2_PLACEMENT_3D ( 'NONE', #4264, #4239, #424 ) ;
#5305 = DIRECTION ( 'NONE',  ( 1.302670539013764741E-16, 0.9998156855907736063, 0.01919882409553617594 ) ) ;
#5306 = ORIENTED_EDGE ( 'NONE', *, *, #1194, .T. ) ;
#5307 = LINE ( 'NONE', #4908, #2326 ) ;
#5308 = EDGE_CURVE ( 'NONE', #1919, #98, #2779, .T. ) ;
#5309 = FACE_OUTER_BOUND ( 'NONE', #3422, .T. ) ;
#5310 = FACE_OUTER_BOUND ( 'NONE', #2094, .T. ) ;
#5311 = ORIENTED_EDGE ( 'NONE', *, *, #3293, .T. ) ;
#5312 = CARTESIAN_POINT ( 'NONE',  ( 0.9699999999999986411, 2.324442703374285379, 0.1250508761555940707 ) ) ;
#5313 = CARTESIAN_POINT ( 'NONE',  ( 0.9700000000000541522, 2.216586297605488198, 0.2753454606553157324 ) ) ;
#5314 = ORIENTED_EDGE ( 'NONE', *, *, #3262, .F. ) ;
#5315 = EDGE_CURVE ( 'NONE', #3919, #4025, #250, .T. ) ;
#5316 = CARTESIAN_POINT ( 'NONE',  ( 0.9699999999999986411, 2.485974359310056059, -0.4500810129468568732 ) ) ;
#5317 = CYLINDRICAL_SURFACE ( 'NONE', #1548, 0.03077947504423033526 ) ;
#5318 = ORIENTED_EDGE ( 'NONE', *, *, #1283, .T. ) ;
#5319 = ORIENTED_EDGE ( 'NONE', *, *, #4482, .F. ) ;
#5320 = LINE ( 'NONE', #1037, #5479 ) ;
#5321 = DIRECTION ( 'NONE',  ( -1.000000000000000000, -2.000187765493021278E-16, 7.400880780937300593E-16 ) ) ;
#5322 = LINE ( 'NONE', #3563, #3830 ) ;
#5323 = CARTESIAN_POINT ( 'NONE',  ( 2.469999999999972218, -0.1043506507305280717, 2.173161927247216241 ) ) ;
#5324 = FACE_OUTER_BOUND ( 'NONE', #5058, .T. ) ;
#5325 = ORIENTED_EDGE ( 'NONE', *, *, #1495, .F. ) ;
#5326 = CARTESIAN_POINT ( 'NONE',  ( 2.469999999999805684, 0.03232682635356809442, 2.417505155565317754 ) ) ;
#5327 = ORIENTED_EDGE ( 'NONE', *, *, #5482, .F. ) ;
#5328 = LINE ( 'NONE', #289, #2767 ) ;
#5329 = ADVANCED_FACE ( 'NONE', ( #721 ), #3638, .F. ) ;
#5330 = DIRECTION ( 'NONE',  ( -1.000000000000000000, -2.000187765493021278E-16, 7.400880780937300593E-16 ) ) ;
#5331 = DIRECTION ( 'NONE',  ( -1.000000000000000000, -2.000187765493021278E-16, 7.400880780937300593E-16 ) ) ;
#5332 = ORIENTED_EDGE ( 'NONE', *, *, #1726, .F. ) ;
#5333 = CARTESIAN_POINT ( 'NONE',  ( 0.9843342201064364527, 2.502887340387283110, -0.4560289252513033409 ) ) ;
#5334 = EDGE_CURVE ( 'NONE', #2142, #5151, #1139, .T. ) ;
#5335 = LINE ( 'NONE', #1421, #4996 ) ;
#5336 = VERTEX_POINT ( 'NONE', #2449 ) ;
#5337 = DIRECTION ( 'NONE',  ( -2.380826151912095669E-16, 0.9223447048632910095, 0.3863680181001638569 ) ) ;
#5338 = AXIS2_PLACEMENT_3D ( 'NONE', #5170, #2636, #5144 ) ;
#5339 = EDGE_CURVE ( 'NONE', #4595, #1694, #1589, .T. ) ;
#5340 = DIRECTION ( 'NONE',  ( 6.965087437276568767E-16, 0.3640099799935138103, -0.9313950474772354493 ) ) ;
#5341 = EDGE_LOOP ( 'NONE', ( #1082, #2866 ) ) ;
#5342 = EDGE_LOOP ( 'NONE', ( #2458, #4931, #3380, #2803 ) ) ;
#5343 = DIRECTION ( 'NONE',  ( 6.845769268624693726E-16, -5.551115123125739315E-16, -1.000000000000000000 ) ) ;
#5344 = VECTOR ( 'NONE', #2504, 1000.000000000000000 ) ;
#5345 = DIRECTION ( 'NONE',  ( 4.530394626533123162E-16, 0.9215468201172465346, -0.3882672511708800123 ) ) ;
#5346 = FACE_OUTER_BOUND ( 'NONE', #4709, .T. ) ;
#5347 = VECTOR ( 'NONE', #4026, 1000.000000000000000 ) ;
#5348 = CARTESIAN_POINT ( 'NONE',  ( 0.9699999999999986411, 2.467563243836567999, -0.4555210470664761147 ) ) ;
#5349 = CARTESIAN_POINT ( 'NONE',  ( 0.9843342201064364527, 2.219308366003841293, -0.05453024012809504217 ) ) ;
#5350 = VERTEX_POINT ( 'NONE', #5485 ) ;
#5351 = ORIENTED_EDGE ( 'NONE', *, *, #2453, .F. ) ;
#5352 = AXIS2_PLACEMENT_3D ( 'NONE', #3438, #4267, #4744 ) ;
#5353 = LINE ( 'NONE', #2841, #1469 ) ;
#5354 = ORIENTED_EDGE ( 'NONE', *, *, #4695, .T. ) ;
#5355 = CARTESIAN_POINT ( 'NONE',  ( 2.450950000000007289, -1.958983899406990803, -0.9956019809840982449 ) ) ;
#5356 = AXIS2_PLACEMENT_3D ( 'NONE', #2385, #2086, #1976 ) ;
#5357 = EDGE_CURVE ( 'NONE', #5302, #2898, #3423, .T. ) ;
#5358 = DIRECTION ( 'NONE',  ( 1.445076253180178246E-16, 1.000000000000000000, -5.551115123125738329E-16 ) ) ;
#5359 = LINE ( 'NONE', #2875, #3780 ) ;
#5360 = VERTEX_POINT ( 'NONE', #5125 ) ;
#5361 = DIRECTION ( 'NONE',  ( -2.913847039840516826E-16, 0.8554820535829087413, 0.5178324593896845851 ) ) ;
#5362 = VECTOR ( 'NONE', #4355, 1000.000000000000000 ) ;
#5363 = CARTESIAN_POINT ( 'NONE',  ( 0.9843342201064364527, 2.309420209805207236, -0.2346925392427978707 ) ) ;
#5364 = VERTEX_POINT ( 'NONE', #417 ) ;
#5365 = ADVANCED_FACE ( 'NONE', ( #2531 ), #1674, .T. ) ;
#5366 = VECTOR ( 'NONE', #1763, 1000.000000000000000 ) ;
#5367 = CARTESIAN_POINT ( 'NONE',  ( 2.450950000000007289, -1.992290211928704480, -0.9379137554844513280 ) ) ;
#5368 = VECTOR ( 'NONE', #953, 1000.000000000000000 ) ;
#5369 = CARTESIAN_POINT ( 'NONE',  ( 0.9700000000000541522, 2.406246664099720434, 0.2565332301880385302 ) ) ;
#5370 = CARTESIAN_POINT ( 'NONE',  ( 0.9700000000000541522, 2.336132259871254391, 0.2556232938958347134 ) ) ;
#5371 = VECTOR ( 'NONE', #4417, 1000.000000000000000 ) ;
#5372 = ORIENTED_EDGE ( 'NONE', *, *, #4007, .F. ) ;
#5373 = ORIENTED_EDGE ( 'NONE', *, *, #3051, .T. ) ;
#5374 = DIRECTION ( 'NONE',  ( -4.645108056928707144E-16, 0.6322109769216976982, 0.7747962833285356732 ) ) ;
#5375 = EDGE_CURVE ( 'NONE', #346, #5131, #2175, .T. ) ;
#5376 = DIRECTION ( 'NONE',  ( -2.844056349007911444E-16, -0.9427057099413181929, 0.3336254553298281800 ) ) ;
#5377 = EDGE_CURVE ( 'NONE', #1329, #5302, #1762, .T. ) ;
#5378 = MECHANICAL_DESIGN_GEOMETRIC_PRESENTATION_REPRESENTATION (  '', ( #2274 ), #4400 ) ;
#5379 = DIRECTION ( 'NONE',  ( 4.612941679240482221E-16, -0.6363377765197415492, -0.7714105483942460539 ) ) ;
#5380 = LINE ( 'NONE', #4565, #15 ) ;
#5381 = CARTESIAN_POINT ( 'NONE',  ( 0.9699999999999986411, 2.497005303495586581, -0.4483746272441330172 ) ) ;
#5382 = VERTEX_POINT ( 'NONE', #470 ) ;
#5383 = AXIS2_PLACEMENT_3D ( 'NONE', #882, #2577, #46 ) ;
#5384 = ORIENTED_EDGE ( 'NONE', *, *, #3237, .F. ) ;
#5385 = ADVANCED_FACE ( 'NONE', ( #3807, #4257 ), #443, .T. ) ;
#5386 = DIRECTION ( 'NONE',  ( -4.992923249690979017E-16, 0.5000000000000058842, 0.8660254037844352659 ) ) ;
#5387 = VECTOR ( 'NONE', #159, 1000.000000000000000 ) ;
#5388 = VERTEX_POINT ( 'NONE', #3452 ) ;
#5389 = DIRECTION ( 'NONE',  ( 4.992923249691015501E-16, -0.4999999999999992228, -0.8660254037844391517 ) ) ;
#5390 = AXIS2_PLACEMENT_3D ( 'NONE', #359, #3722, #697 ) ;
#5391 = LINE ( 'NONE', #239, #5109 ) ;
#5392 = DIRECTION ( 'NONE',  ( -6.845769268624693726E-16, 5.551115123125739315E-16, 1.000000000000000000 ) ) ;
#5393 = ORIENTED_EDGE ( 'NONE', *, *, #3597, .F. ) ;
#5394 = CIRCLE ( 'NONE', #5223, 0.03983479767572151858 ) ;
#5395 = DIRECTION ( 'NONE',  ( 1.000000000000000000, 2.000187765493029413E-16, 6.845769268624692740E-16 ) ) ;
#5396 = ORIENTED_EDGE ( 'NONE', *, *, #639, .T. ) ;
#5397 = CARTESIAN_POINT ( 'NONE',  ( 0.9699999999999986411, 2.466294610879687710, -0.4655277348273173521 ) ) ;
#5398 = CARTESIAN_POINT ( 'NONE',  ( 2.470000000000055707, 1.810417492354610136, -0.7912649203304089607 ) ) ;
#5399 = LINE ( 'NONE', #3336, #201 ) ;
#5400 = ADVANCED_FACE ( 'NONE', ( #2205 ), #52, .F. ) ;
#5401 = VERTEX_POINT ( 'NONE', #1340 ) ;
#5402 = EDGE_LOOP ( 'NONE', ( #3715, #4498, #3503, #1208 ) ) ;
#5403 = DIRECTION ( 'NONE',  ( 6.845769268624693726E-16, -5.551115123125739315E-16, -1.000000000000000000 ) ) ;
#5404 = CARTESIAN_POINT ( 'NONE',  ( 0.9700000000000541522, 2.376531825819094834, 0.1404954249514256404 ) ) ;
#5405 = DIRECTION ( 'NONE',  ( -1.000000000000000000, -2.000187765493021278E-16, 7.400880780937300593E-16 ) ) ;
#5406 = CARTESIAN_POINT ( 'NONE',  ( 0.9699999999999986411, 2.502887340387116577, -0.4560289252518168190 ) ) ;
#5407 = EDGE_CURVE ( 'NONE', #2727, #4988, #3035, .T. ) ;
#5408 = EDGE_LOOP ( 'NONE', ( #555, #203, #4843, #5082 ) ) ;
#5409 = ORIENTED_EDGE ( 'NONE', *, *, #738, .T. ) ;
#5410 = DIRECTION ( 'NONE',  ( 1.000000000000000000, 2.000187765493029413E-16, 6.845769268624692740E-16 ) ) ;
#5411 = ORIENTED_EDGE ( 'NONE', *, *, #1840, .F. ) ;
#5412 = LINE ( 'NONE', #2870, #2505 ) ;
#5413 = EDGE_CURVE ( 'NONE', #4674, #350, #1248, .T. ) ;
#5414 = LINE ( 'NONE', #4076, #1830 ) ;
#5415 = DIRECTION ( 'NONE',  ( -6.715555259027492743E-16, -0.4999999999999877320, 0.8660254037844457020 ) ) ;
#5416 = VERTEX_POINT ( 'NONE', #4318 ) ;
#5417 = DIRECTION ( 'NONE',  ( 1.000000000000000000, 1.722632009336724254E-16, -4.070211707061878303E-16 ) ) ;
#5418 = LINE ( 'NONE', #2570, #4835 ) ;
#5419 = ORIENTED_EDGE ( 'NONE', *, *, #3086, .F. ) ;
#5420 = PLANE ( 'NONE',  #3758 ) ;
#5421 = ORIENTED_EDGE ( 'NONE', *, *, #4606, .T. ) ;
#5422 = DIRECTION ( 'NONE',  ( 1.000000000000000000, 2.000187765493021278E-16, -7.400880780937300593E-16 ) ) ;
#5423 = ORIENTED_EDGE ( 'NONE', *, *, #4254, .T. ) ;
#5424 = ORIENTED_EDGE ( 'NONE', *, *, #4689, .T. ) ;
#5425 = DIRECTION ( 'NONE',  ( 3.758717262572422033E-16, 0.8875709788823042956, -0.4606709861125486416 ) ) ;
#5426 = CARTESIAN_POINT ( 'NONE',  ( 0.9699999999999986411, 2.502887340387338622, -0.4560289252513310965 ) ) ;
#5427 = EDGE_CURVE ( 'NONE', #167, #1761, #506, .T. ) ;
#5428 = DIRECTION ( 'NONE',  ( 3.039443235083192730E-17, 0.9822529701818394354, 0.1875609302838794901 ) ) ;
#5429 = LINE ( 'NONE', #5066, #4751 ) ;
#5430 = UNCERTAINTY_MEASURE_WITH_UNIT (LENGTH_MEASURE( 1.000000000000000082E-05 ), #3851, 'distance_accuracy_value', 'NONE');
#5431 = ORIENTED_EDGE ( 'NONE', *, *, #2342, .F. ) ;
#5432 = CLOSED_SHELL ( 'NONE', ( #4490, #3124, #2925, #5106, #1801, #108, #2435, #5021, #438, #471 ) ) ;
#5433 = ORIENTED_EDGE ( 'NONE', *, *, #2073, .T. ) ;
#5434 = ADVANCED_FACE ( 'NONE', ( #79 ), #1788, .F. ) ;
#5435 = CARTESIAN_POINT ( 'NONE',  ( 0.9843342201064364527, 2.219308366004063338, 0.01740461005328430844 ) ) ;
#5436 = VECTOR ( 'NONE', #1553, 999.9999999999998863 ) ;
#5437 = ORIENTED_EDGE ( 'NONE', *, *, #1764, .T. ) ;
#5438 = CARTESIAN_POINT ( 'NONE',  ( 0.9699999999999986411, 2.483238627135203380, -0.4078917005041883259 ) ) ;
#5439 = VECTOR ( 'NONE', #4884, 1000.000000000000000 ) ;
#5440 = EDGE_CURVE ( 'NONE', #1146, #3062, #5394, .T. ) ;
#5441 = EDGE_CURVE ( 'NONE', #5364, #4701, #5038, .T. ) ;
#5442 = CARTESIAN_POINT ( 'NONE',  ( 0.9699999999999986411, 2.125161208344938935, -0.1300371779613812562 ) ) ;
#5443 = ORIENTED_EDGE ( 'NONE', *, *, #2171, .F. ) ;
#5444 = LINE ( 'NONE', #4272, #3299 ) ;
#5445 = AXIS2_PLACEMENT_3D ( 'NONE', #2726, #776, #304 ) ;
#5446 = ORIENTED_EDGE ( 'NONE', *, *, #3540, .T. ) ;
#5447 = CARTESIAN_POINT ( 'NONE',  ( 0.9843342201063809416, 2.481543631422416851, -0.4649539812289771312 ) ) ;
#5448 = CARTESIAN_POINT ( 'NONE',  ( 0.7275000000000475531, -2.220446049250313081E-13, 2.498001805406602216E-13 ) ) ;
#5449 = VECTOR ( 'NONE', #3589, 1000.000000000000000 ) ;
#5450 = ORIENTED_EDGE ( 'NONE', *, *, #233, .T. ) ;
#5451 = CARTESIAN_POINT ( 'NONE',  ( 2.470000000000027729, -1.857789974495566154, -0.7092133743810125068 ) ) ;
#5452 = ORIENTED_EDGE ( 'NONE', *, *, #5357, .F. ) ;
#5453 = AXIS2_PLACEMENT_3D ( 'NONE', #1140, #1536, #3750 ) ;
#5454 = ORIENTED_EDGE ( 'NONE', *, *, #2648, .F. ) ;
#5455 = CARTESIAN_POINT ( 'NONE',  ( 2.469999999999805684, 0.03232682635370687230, 2.345481331187900143 ) ) ;
#5456 = PLANE ( 'NONE',  #5010 ) ;
#5457 = VECTOR ( 'NONE', #4668, 1000.000000000000114 ) ;
#5458 = LINE ( 'NONE', #1650, #1798 ) ;
#5459 = CARTESIAN_POINT ( 'NONE',  ( 0.9843342201064364527, 2.280059657658761729, 0.01740461005320104171 ) ) ;
#5460 = ORIENTED_EDGE ( 'NONE', *, *, #2656, .F. ) ;
#5461 = VERTEX_POINT ( 'NONE', #2943 ) ;
#5462 = ORIENTED_EDGE ( 'NONE', *, *, #3730, .T. ) ;
#5463 = VECTOR ( 'NONE', #3409, 1000.000000000000114 ) ;
#5464 = LINE ( 'NONE', #2566, #3074 ) ;
#5465 = ORIENTED_EDGE ( 'NONE', *, *, #2182, .F. ) ;
#5466 = DIRECTION ( 'NONE',  ( 1.000000000000000000, 2.000187765493021278E-16, -7.400880780937300593E-16 ) ) ;
#5467 =( GEOMETRIC_REPRESENTATION_CONTEXT ( 3 ) GLOBAL_UNCERTAINTY_ASSIGNED_CONTEXT ( ( #5430 ) ) GLOBAL_UNIT_ASSIGNED_CONTEXT ( ( #3851, #38, #6 ) ) REPRESENTATION_CONTEXT ( 'NONE', 'WORKASPACE' ) );
#5468 = EDGE_CURVE ( 'NONE', #1621, #4402, #4643, .T. ) ;
#5469 = VECTOR ( 'NONE', #4773, 1000.000000000000000 ) ;
#5470 = LINE ( 'NONE', #4301, #493 ) ;
#5471 = CARTESIAN_POINT ( 'NONE',  ( 0.9700000000000541522, 2.229775213525436506, 0.2363679926843664791 ) ) ;
#5472 = ORIENTED_EDGE ( 'NONE', *, *, #2550, .T. ) ;
#5473 = CARTESIAN_POINT ( 'NONE',  ( 2.470000000000027729, -1.857789974495566154, -0.7092133743810125068 ) ) ;
#5474 = AXIS2_PLACEMENT_3D ( 'NONE', #3137, #3164, #1886 ) ;
#5475 = EDGE_CURVE ( 'NONE', #4924, #4922, #1731, .T. ) ;
#5476 = ORIENTED_EDGE ( 'NONE', *, *, #4733, .F. ) ;
#5477 = CARTESIAN_POINT ( 'NONE',  ( 0.9699999999999986411, 2.463272841927349965, -0.4482944105900776854 ) ) ;
#5478 = CARTESIAN_POINT ( 'NONE',  ( 0.9843342201064364527, 2.502887340387116577, -0.4560289252518168190 ) ) ;
#5479 = VECTOR ( 'NONE', #1851, 1000.000000000000114 ) ;
#5480 = ORIENTED_EDGE ( 'NONE', *, *, #2801, .T. ) ;
#5481 = DIRECTION ( 'NONE',  ( 1.000000000000000000, 1.722632009336720063E-16, -7.400880780937477100E-16 ) ) ;
#5482 = EDGE_CURVE ( 'NONE', #3451, #577, #1032, .T. ) ;
#5483 = VERTEX_POINT ( 'NONE', #2143 ) ;
#5484 = ORIENTED_EDGE ( 'NONE', *, *, #1171, .T. ) ;
#5485 = CARTESIAN_POINT ( 'NONE',  ( 0.9843342201064364527, 2.482952093663476134, -0.4576429775273588296 ) ) ;
#5486 = DIRECTION ( 'NONE',  ( -6.845769268624693726E-16, 5.551115123125739315E-16, 1.000000000000000000 ) ) ;
#5487 = DIRECTION ( 'NONE',  ( -1.000000000000000000, -2.000187765493021278E-16, 7.400880780937300593E-16 ) ) ;
#5488 = FACE_OUTER_BOUND ( 'NONE', #4069, .T. ) ;
#5489 = ORIENTED_EDGE ( 'NONE', *, *, #4869, .T. ) ;
#5490 = VERTEX_POINT ( 'NONE', #4366 ) ;
#5491 = ORIENTED_EDGE ( 'NONE', *, *, #5377, .T. ) ;
#5492 = DIRECTION ( 'NONE',  ( 1.302670539014002879E-16, 0.9998156855907742724, 0.01919882409550123167 ) ) ;
#5493 = CARTESIAN_POINT ( 'NONE',  ( 0.9843342201063809416, 2.309420209805263191, -0.2852079774568611059 ) ) ;
#5494 = ORIENTED_EDGE ( 'NONE', *, *, #1046, .F. ) ;
#5495 = DIRECTION ( 'NONE',  ( -1.000000000000000000, -1.722632009336732389E-16, -1.073154985481276528E-15 ) ) ;
#5496 = DIRECTION ( 'NONE',  ( -1.000000000000000000, -2.000187765493021278E-16, 7.400880780937300593E-16 ) ) ;
#5497 = EDGE_CURVE ( 'NONE', #4153, #2353, #2305, .T. ) ;
#5498 = ORIENTED_EDGE ( 'NONE', *, *, #3763, .T. ) ;
#5499 = CYLINDRICAL_SURFACE ( 'NONE', #190, 3.175000000000029576 ) ;
#5500 = ORIENTED_EDGE ( 'NONE', *, *, #1572, .F. ) ;
#5501 = LINE ( 'NONE', #2198, #2524 ) ;
#5502 = DIRECTION ( 'NONE',  ( -6.845769268624692740E-16, 5.551115123125739315E-16, 1.000000000000000000 ) ) ;
#5503 = EDGE_CURVE ( 'NONE', #2922, #957, #559, .T. ) ;
#5504 = ORIENTED_EDGE ( 'NONE', *, *, #772, .T. ) ;
#5505 = CARTESIAN_POINT ( 'NONE',  ( 0.9699999999999986411, 2.411458586530551784, -0.2347371884625498728 ) ) ;
#5506 = ORIENTED_EDGE ( 'NONE', *, *, #1086, .T. ) ;
#5507 = ORIENTED_EDGE ( 'NONE', *, *, #2222, .F. ) ;
#5508 = CARTESIAN_POINT ( 'NONE',  ( 0.9699999999999986411, 2.478099059916527569, -0.4493755085220041412 ) ) ;
#5509 = DIRECTION ( 'NONE',  ( -1.000000000000000000, -2.000187765493021278E-16, 7.400880780937300593E-16 ) ) ;
#5510 = EDGE_CURVE ( 'NONE', #2613, #4249, #533, .T. ) ;
#5511 = ADVANCED_FACE ( 'NONE', ( #5238 ), #3171, .F. ) ;
#5512 = PLANE ( 'NONE',  #4188 ) ;
#5513 = DIRECTION ( 'NONE',  ( 4.137898592767665440E-16, -0.6934400527214893417, -0.7205143255214416786 ) ) ;
#5514 = ORIENTED_EDGE ( 'NONE', *, *, #772, .F. ) ;
#5515 = ORIENTED_EDGE ( 'NONE', *, *, #1948, .T. ) ;
#5516 = EDGE_LOOP ( 'NONE', ( #3004, #2139, #4813, #601 ) ) ;
#5517 = PLANE ( 'NONE',  #3253 ) ;
ENDSEC;
END-ISO-10303-21;
